record_id,label,classifier,querier,balancer,feature_extractor,training_set,time,note,tags,user_id
3019,1,,,,,,1782231848.1290786,,,
4079,0,,,,,,1782231848.1290786,,,
4868,0,svm,max,balanced,cached_mxbai,2,1782231848.1750247,,,
8411,1,svm,max,balanced,cached_mxbai,3,1782231848.2228215,,,
5950,1,svm,max,balanced,cached_mxbai,4,1782231848.2705777,,,
3702,1,svm,max,balanced,cached_mxbai,5,1782231848.319036,,,
6283,1,svm,max,balanced,cached_mxbai,6,1782231848.3665588,,,
1960,0,svm,max,balanced,cached_mxbai,7,1782231848.4139674,,,
6097,1,svm,max,balanced,cached_mxbai,8,1782231848.461791,,,
882,0,svm,max,balanced,cached_mxbai,9,1782231848.5088894,,,
6484,1,svm,max,balanced,cached_mxbai,10,1782231848.5599186,,,
5481,0,svm,max,balanced,cached_mxbai,11,1782231848.6074984,,,
10176,1,svm,max,balanced,cached_mxbai,12,1782231848.6547403,,,
9772,1,svm,max,balanced,cached_mxbai,13,1782231848.7040846,,,
1141,1,svm,max,balanced,cached_mxbai,14,1782231848.752181,,,
7339,1,svm,max,balanced,cached_mxbai,15,1782231848.800249,,,
10423,1,svm,max,balanced,cached_mxbai,16,1782231848.8477874,,,
5913,1,svm,max,balanced,cached_mxbai,17,1782231848.895706,,,
4393,1,svm,max,balanced,cached_mxbai,18,1782231848.943546,,,
5970,0,svm,max,balanced,cached_mxbai,19,1782231848.9913182,,,
1230,0,svm,max,balanced,cached_mxbai,20,1782231849.0399115,,,
7547,1,svm,max,balanced,cached_mxbai,21,1782231849.088245,,,
7548,1,svm,max,balanced,cached_mxbai,22,1782231849.137307,,,
3247,0,svm,max,balanced,cached_mxbai,23,1782231849.1854925,,,
9344,1,svm,max,balanced,cached_mxbai,24,1782231849.2341275,,,
6050,0,svm,max,balanced,cached_mxbai,25,1782231849.2824583,,,
10220,1,svm,max,balanced,cached_mxbai,26,1782231849.3304162,,,
5976,0,svm,max,balanced,cached_mxbai,27,1782231849.3783848,,,
5656,1,svm,max,balanced,cached_mxbai,28,1782231849.4263008,,,
9004,1,svm,max,balanced,cached_mxbai,29,1782231849.4749882,,,
1802,1,svm,max,balanced,cached_mxbai,30,1782231849.5245383,,,
6767,0,svm,max,balanced,cached_mxbai,31,1782231849.5760913,,,
10026,0,svm,max,balanced,cached_mxbai,32,1782231849.6256022,,,
6481,0,svm,max,balanced,cached_mxbai,33,1782231849.6772943,,,
9026,0,svm,max,balanced,cached_mxbai,34,1782231849.7294507,,,
8434,1,svm,max,balanced,cached_mxbai,35,1782231849.779823,,,
3820,1,svm,max,balanced,cached_mxbai,36,1782231849.8295324,,,
8412,1,svm,max,balanced,cached_mxbai,37,1782231849.8792608,,,
1833,1,svm,max,balanced,cached_mxbai,38,1782231849.9276662,,,
7373,1,svm,max,balanced,cached_mxbai,39,1782231849.9763217,,,
7598,0,svm,max,balanced,cached_mxbai,40,1782231850.0258644,,,
10015,1,svm,max,balanced,cached_mxbai,41,1782231850.0743554,,,
8843,0,svm,max,balanced,cached_mxbai,42,1782231850.1242218,,,
9498,1,svm,max,balanced,cached_mxbai,43,1782231850.1726978,,,
8719,1,svm,max,balanced,cached_mxbai,44,1782231850.221402,,,
8718,0,svm,max,balanced,cached_mxbai,45,1782231850.270187,,,
6197,0,svm,max,balanced,cached_mxbai,46,1782231850.321267,,,
7479,0,svm,max,balanced,cached_mxbai,47,1782231850.3701856,,,
6904,1,svm,max,balanced,cached_mxbai,48,1782231850.418815,,,
6902,1,svm,max,balanced,cached_mxbai,49,1782231850.4683175,,,
6637,1,svm,max,balanced,cached_mxbai,50,1782231850.5169432,,,
4083,0,svm,max,balanced,cached_mxbai,51,1782231850.5663896,,,
8378,0,svm,max,balanced,cached_mxbai,52,1782231850.6160965,,,
8594,1,svm,max,balanced,cached_mxbai,53,1782231850.6650183,,,
9740,0,svm,max,balanced,cached_mxbai,54,1782231850.7163162,,,
7026,0,svm,max,balanced,cached_mxbai,55,1782231850.767157,,,
9380,0,svm,max,balanced,cached_mxbai,56,1782231850.817684,,,
9589,0,svm,max,balanced,cached_mxbai,57,1782231850.8677187,,,
10029,0,svm,max,balanced,cached_mxbai,58,1782231850.9170284,,,
1621,1,svm,max,balanced,cached_mxbai,59,1782231850.9665306,,,
7352,1,svm,max,balanced,cached_mxbai,60,1782231851.0164473,,,
1245,0,svm,max,balanced,cached_mxbai,61,1782231851.066202,,,
2011,0,svm,max,balanced,cached_mxbai,62,1782231851.1166298,,,
5115,0,svm,max,balanced,cached_mxbai,63,1782231851.165924,,,
10454,0,svm,max,balanced,cached_mxbai,64,1782231851.216018,,,
5353,1,svm,max,balanced,cached_mxbai,65,1782231851.2664182,,,
3931,1,svm,max,balanced,cached_mxbai,66,1782231851.3161016,,,
5301,1,svm,max,balanced,cached_mxbai,67,1782231851.366311,,,
9959,1,svm,max,balanced,cached_mxbai,68,1782231851.41647,,,
8537,1,svm,max,balanced,cached_mxbai,69,1782231851.4667456,,,
5297,0,svm,max,balanced,cached_mxbai,70,1782231851.518116,,,
5302,1,svm,max,balanced,cached_mxbai,71,1782231851.5683248,,,
8535,1,svm,max,balanced,cached_mxbai,72,1782231851.6181858,,,
5298,1,svm,max,balanced,cached_mxbai,73,1782231851.6683009,,,
831,1,svm,max,balanced,cached_mxbai,74,1782231851.7199926,,,
5333,0,svm,max,balanced,cached_mxbai,75,1782231851.771087,,,
10053,0,svm,max,balanced,cached_mxbai,76,1782231851.8221993,,,
982,0,svm,max,balanced,cached_mxbai,77,1782231851.8722606,,,
1674,0,svm,max,balanced,cached_mxbai,78,1782231851.9227407,,,
839,0,svm,max,balanced,cached_mxbai,79,1782231851.9725869,,,
9685,1,svm,max,balanced,cached_mxbai,80,1782231852.0235314,,,
6376,0,svm,max,balanced,cached_mxbai,81,1782231852.075434,,,
7928,0,svm,max,balanced,cached_mxbai,82,1782231852.126338,,,
3590,0,svm,max,balanced,cached_mxbai,83,1782231852.1769743,,,
3692,0,svm,max,balanced,cached_mxbai,84,1782231852.227718,,,
9142,0,svm,max,balanced,cached_mxbai,85,1782231852.2782435,,,
5647,1,svm,max,balanced,cached_mxbai,86,1782231852.3311636,,,
9720,0,svm,max,balanced,cached_mxbai,87,1782231852.382763,,,
7368,0,svm,max,balanced,cached_mxbai,88,1782231852.434085,,,
989,0,svm,max,balanced,cached_mxbai,89,1782231852.4862232,,,
8163,1,svm,max,balanced,cached_mxbai,90,1782231852.5399542,,,
5739,1,svm,max,balanced,cached_mxbai,91,1782231852.595795,,,
6673,1,svm,max,balanced,cached_mxbai,92,1782231852.6466916,,,
6053,1,svm,max,balanced,cached_mxbai,93,1782231852.6987824,,,
8649,1,svm,max,balanced,cached_mxbai,94,1782231852.751814,,,
7863,1,svm,max,balanced,cached_mxbai,95,1782231852.803715,,,
8094,1,svm,max,balanced,cached_mxbai,96,1782231852.8556201,,,
1747,1,svm,max,balanced,cached_mxbai,97,1782231852.9066312,,,
1748,0,svm,max,balanced,cached_mxbai,98,1782231852.9578288,,,
9658,0,svm,max,balanced,cached_mxbai,99,1782231853.009614,,,
10456,0,svm,max,balanced,cached_mxbai,100,1782231853.0618553,,,
5081,0,svm,max,balanced,cached_mxbai,101,1782231853.113511,,,
5646,1,svm,max,balanced,cached_mxbai,102,1782231853.166244,,,
2294,0,svm,max,balanced,cached_mxbai,103,1782231853.2191787,,,
10447,1,svm,max,balanced,cached_mxbai,104,1782231853.2728467,,,
8775,0,svm,max,balanced,cached_mxbai,105,1782231853.3279443,,,
7655,1,svm,max,balanced,cached_mxbai,106,1782231853.381611,,,
9686,1,svm,max,balanced,cached_mxbai,107,1782231853.4360073,,,
7153,1,svm,max,balanced,cached_mxbai,108,1782231853.4891517,,,
5082,0,svm,max,balanced,cached_mxbai,109,1782231853.5423589,,,
10035,0,svm,max,balanced,cached_mxbai,110,1782231853.5957224,,,
6174,0,svm,max,balanced,cached_mxbai,111,1782231853.6514463,,,
3190,0,svm,max,balanced,cached_mxbai,112,1782231853.7052472,,,
4452,0,svm,max,balanced,cached_mxbai,113,1782231853.7605379,,,
10523,1,svm,max,balanced,cached_mxbai,114,1782231853.8141766,,,
5369,1,svm,max,balanced,cached_mxbai,115,1782231853.8676488,,,
8314,1,svm,max,balanced,cached_mxbai,116,1782231853.921362,,,
7904,1,svm,max,balanced,cached_mxbai,117,1782231853.974522,,,
6419,1,svm,max,balanced,cached_mxbai,118,1782231854.0288372,,,
1159,1,svm,max,balanced,cached_mxbai,119,1782231854.0833285,,,
6884,0,svm,max,balanced,cached_mxbai,120,1782231854.136224,,,
9787,1,svm,max,balanced,cached_mxbai,121,1782231854.1891828,,,
9527,1,svm,max,balanced,cached_mxbai,122,1782231854.2419171,,,
2751,0,svm,max,balanced,cached_mxbai,123,1782231854.295539,,,
7914,1,svm,max,balanced,cached_mxbai,124,1782231854.349047,,,
9891,0,svm,max,balanced,cached_mxbai,125,1782231854.4030738,,,
1428,0,svm,max,balanced,cached_mxbai,126,1782231854.4563637,,,
7413,1,svm,max,balanced,cached_mxbai,127,1782231854.5119631,,,
7333,1,svm,max,balanced,cached_mxbai,128,1782231854.5664575,,,
7412,0,svm,max,balanced,cached_mxbai,129,1782231854.6212165,,,
10147,1,svm,max,balanced,cached_mxbai,130,1782231854.6749854,,,
1728,1,svm,max,balanced,cached_mxbai,131,1782231854.7310755,,,
7877,1,svm,max,balanced,cached_mxbai,132,1782231854.7851708,,,
8503,1,svm,max,balanced,cached_mxbai,133,1782231854.8403618,,,
5670,0,svm,max,balanced,cached_mxbai,134,1782231854.894186,,,
8656,0,svm,max,balanced,cached_mxbai,135,1782231854.9478972,,,
9077,0,svm,max,balanced,cached_mxbai,136,1782231855.0017285,,,
1311,0,svm,max,balanced,cached_mxbai,137,1782231855.0674064,,,
10512,1,svm,max,balanced,cached_mxbai,138,1782231855.1236882,,,
5972,0,svm,max,balanced,cached_mxbai,139,1782231855.177654,,,
5749,1,svm,max,balanced,cached_mxbai,140,1782231855.2381573,,,
5750,0,svm,max,balanced,cached_mxbai,141,1782231855.3160758,,,
4456,0,svm,max,balanced,cached_mxbai,142,1782231855.38722,,,
6627,0,svm,max,balanced,cached_mxbai,143,1782231855.441566,,,
8552,0,svm,max,balanced,cached_mxbai,144,1782231855.4969623,,,
4455,0,svm,max,balanced,cached_mxbai,145,1782231855.5517387,,,
3451,1,svm,max,balanced,cached_mxbai,146,1782231855.6066773,,,
6628,0,svm,max,balanced,cached_mxbai,147,1782231855.6613579,,,
649,0,svm,max,balanced,cached_mxbai,148,1782231855.7162905,,,
521,0,svm,max,balanced,cached_mxbai,149,1782231855.7728522,,,
8087,1,svm,max,balanced,cached_mxbai,150,1782231855.828302,,,
8807,0,svm,max,balanced,cached_mxbai,151,1782231855.884261,,,
1028,0,svm,max,balanced,cached_mxbai,152,1782231855.9407167,,,
4558,0,svm,max,balanced,cached_mxbai,153,1782231855.9969885,,,
4547,0,svm,max,balanced,cached_mxbai,154,1782231856.0524755,,,
4591,0,svm,max,balanced,cached_mxbai,155,1782231856.107672,,,
8306,1,svm,max,balanced,cached_mxbai,156,1782231856.1619039,,,
8620,0,svm,max,balanced,cached_mxbai,157,1782231856.2173188,,,
7179,0,svm,max,balanced,cached_mxbai,158,1782231856.273282,,,
9360,0,svm,max,balanced,cached_mxbai,159,1782231856.3289056,,,
9170,1,svm,max,balanced,cached_mxbai,160,1782231856.3852937,,,
4534,0,svm,max,balanced,cached_mxbai,161,1782231856.440757,,,
9107,0,svm,max,balanced,cached_mxbai,162,1782231856.4978364,,,
1002,1,svm,max,balanced,cached_mxbai,163,1782231856.5535529,,,
5715,0,svm,max,balanced,cached_mxbai,164,1782231856.6095843,,,
8401,0,svm,max,balanced,cached_mxbai,165,1782231856.6656702,,,
1675,1,svm,max,balanced,cached_mxbai,166,1782231856.7216003,,,
4457,0,svm,max,balanced,cached_mxbai,167,1782231856.7788258,,,
1272,0,svm,max,balanced,cached_mxbai,168,1782231856.8349228,,,
10324,0,svm,max,balanced,cached_mxbai,169,1782231856.8911302,,,
3077,0,svm,max,balanced,cached_mxbai,170,1782231856.9471216,,,
8505,0,svm,max,balanced,cached_mxbai,171,1782231857.002842,,,
6111,0,svm,max,balanced,cached_mxbai,172,1782231857.058641,,,
1488,0,svm,max,balanced,cached_mxbai,173,1782231857.1156542,,,
7340,0,svm,max,balanced,cached_mxbai,174,1782231857.1711614,,,
8295,0,svm,max,balanced,cached_mxbai,175,1782231857.2268896,,,
8460,0,svm,max,balanced,cached_mxbai,176,1782231857.28371,,,
1726,1,svm,max,balanced,cached_mxbai,177,1782231857.3407357,,,
9750,1,svm,max,balanced,cached_mxbai,178,1782231857.3979616,,,
4549,0,svm,max,balanced,cached_mxbai,179,1782231857.454131,,,
9525,0,svm,max,balanced,cached_mxbai,180,1782231857.5136166,,,
7878,0,svm,max,balanced,cached_mxbai,181,1782231857.5707152,,,
8247,1,svm,max,balanced,cached_mxbai,182,1782231857.6269543,,,
9325,1,svm,max,balanced,cached_mxbai,183,1782231857.6852098,,,
1676,0,svm,max,balanced,cached_mxbai,184,1782231857.7417243,,,
4950,0,svm,max,balanced,cached_mxbai,185,1782231857.8003259,,,
5888,1,svm,max,balanced,cached_mxbai,186,1782231857.857101,,,
7724,1,svm,max,balanced,cached_mxbai,187,1782231857.915231,,,
6617,0,svm,max,balanced,cached_mxbai,188,1782231857.9727604,,,
9462,0,svm,max,balanced,cached_mxbai,189,1782231858.0304403,,,
4508,0,svm,max,balanced,cached_mxbai,190,1782231858.0866902,,,
5299,0,svm,max,balanced,cached_mxbai,191,1782231858.1435356,,,
657,0,svm,max,balanced,cached_mxbai,192,1782231858.1991677,,,
6479,0,svm,max,balanced,cached_mxbai,193,1782231858.2543213,,,
9346,1,svm,max,balanced,cached_mxbai,194,1782231858.3098075,,,
4283,0,svm,max,balanced,cached_mxbai,195,1782231858.3669066,,,
10062,0,svm,max,balanced,cached_mxbai,196,1782231858.4239018,,,
3509,0,svm,max,balanced,cached_mxbai,197,1782231858.4804301,,,
6257,0,svm,max,balanced,cached_mxbai,198,1782231858.5394537,,,
5724,1,svm,max,balanced,cached_mxbai,199,1782231858.5965388,,,
4345,0,svm,max,balanced,cached_mxbai,200,1782231858.6537104,,,
8442,0,svm,max,balanced,cached_mxbai,201,1782231858.7111871,,,
10037,0,svm,max,balanced,cached_mxbai,202,1782231858.7686567,,,
8730,0,svm,max,balanced,cached_mxbai,203,1782231858.8251987,,,
1786,0,svm,max,balanced,cached_mxbai,204,1782231858.8827152,,,
3021,0,svm,max,balanced,cached_mxbai,205,1782231858.9405425,,,
4464,1,svm,max,balanced,cached_mxbai,206,1782231858.9983876,,,
9835,0,svm,max,balanced,cached_mxbai,207,1782231859.0563016,,,
5714,1,svm,max,balanced,cached_mxbai,208,1782231859.113231,,,
6268,0,svm,max,balanced,cached_mxbai,209,1782231859.170815,,,
6783,0,svm,max,balanced,cached_mxbai,210,1782231859.2270331,,,
8801,0,svm,max,balanced,cached_mxbai,211,1782231859.2837522,,,
7561,0,svm,max,balanced,cached_mxbai,212,1782231859.340521,,,
5059,0,svm,max,balanced,cached_mxbai,213,1782231859.3991385,,,
8926,0,svm,max,balanced,cached_mxbai,214,1782231859.4576015,,,
4448,0,svm,max,balanced,cached_mxbai,215,1782231859.5172858,,,
6520,0,svm,max,balanced,cached_mxbai,216,1782231859.576039,,,
6632,1,svm,max,balanced,cached_mxbai,217,1782231859.6348433,,,
6630,0,svm,max,balanced,cached_mxbai,218,1782231859.692756,,,
1649,0,svm,max,balanced,cached_mxbai,219,1782231859.750639,,,
4460,0,svm,max,balanced,cached_mxbai,220,1782231859.8101118,,,
681,0,svm,max,balanced,cached_mxbai,221,1782231859.8684404,,,
5296,0,svm,max,balanced,cached_mxbai,222,1782231859.9261065,,,
5782,0,svm,max,balanced,cached_mxbai,223,1782231859.9850857,,,
1645,1,svm,max,balanced,cached_mxbai,224,1782231860.044172,,,
4468,0,svm,max,balanced,cached_mxbai,225,1782231860.102024,,,
10051,0,svm,max,balanced,cached_mxbai,226,1782231860.1598759,,,
9944,0,svm,max,balanced,cached_mxbai,227,1782231860.2179034,,,
845,0,svm,max,balanced,cached_mxbai,228,1782231860.2752962,,,
8047,1,svm,max,balanced,cached_mxbai,229,1782231860.33293,,,
7754,0,svm,max,balanced,cached_mxbai,230,1782231860.3911126,,,
8815,1,svm,max,balanced,cached_mxbai,231,1782231860.4486663,,,
6098,0,svm,max,balanced,cached_mxbai,232,1782231860.5087748,,,
6227,0,svm,max,balanced,cached_mxbai,233,1782231860.5685802,,,
4326,0,svm,max,balanced,cached_mxbai,234,1782231860.6292872,,,
5565,0,svm,max,balanced,cached_mxbai,235,1782231860.6892815,,,
543,0,svm,max,balanced,cached_mxbai,236,1782231860.7504683,,,
3489,0,svm,max,balanced,cached_mxbai,237,1782231860.8116515,,,
5986,1,svm,max,balanced,cached_mxbai,238,1782231860.8710754,,,
5985,0,svm,max,balanced,cached_mxbai,239,1782231860.9308796,,,
8596,0,svm,max,balanced,cached_mxbai,240,1782231860.991018,,,
5305,0,svm,max,balanced,cached_mxbai,241,1782231861.0526795,,,
1110,0,svm,max,balanced,cached_mxbai,242,1782231861.1127667,,,
3135,0,svm,max,balanced,cached_mxbai,243,1782231861.1720657,,,
5085,0,svm,max,balanced,cached_mxbai,244,1782231861.233296,,,
10563,1,svm,max,balanced,cached_mxbai,245,1782231861.2929194,,,
4718,0,svm,max,balanced,cached_mxbai,246,1782231861.3528664,,,
4751,0,svm,max,balanced,cached_mxbai,247,1782231861.414744,,,
10028,1,svm,max,balanced,cached_mxbai,248,1782231861.474476,,,
9027,0,svm,max,balanced,cached_mxbai,249,1782231861.5360107,,,
6480,0,svm,max,balanced,cached_mxbai,250,1782231861.596308,,,
4450,0,svm,max,balanced,cached_mxbai,251,1782231861.6555414,,,
3464,0,svm,max,balanced,cached_mxbai,252,1782231861.7164795,,,
4786,0,svm,max,balanced,cached_mxbai,253,1782231861.776117,,,
6508,0,svm,max,balanced,cached_mxbai,254,1782231861.8357923,,,
5322,0,svm,max,balanced,cached_mxbai,255,1782231861.8951373,,,
5865,0,svm,max,balanced,cached_mxbai,256,1782231861.9554794,,,
4423,0,svm,max,balanced,cached_mxbai,257,1782231862.0152433,,,
6665,0,svm,max,balanced,cached_mxbai,258,1782231862.0761395,,,
7278,0,svm,max,balanced,cached_mxbai,259,1782231862.136646,,,
5141,0,svm,max,balanced,cached_mxbai,260,1782231862.1969895,,,
4752,0,svm,max,balanced,cached_mxbai,261,1782231862.257812,,,
5492,0,svm,max,balanced,cached_mxbai,262,1782231862.31821,,,
1271,0,svm,max,balanced,cached_mxbai,263,1782231862.3780587,,,
4666,0,svm,max,balanced,cached_mxbai,264,1782231862.439184,,,
4425,0,svm,max,balanced,cached_mxbai,265,1782231862.5000758,,,
7942,0,svm,max,balanced,cached_mxbai,266,1782231862.563859,,,
1554,0,svm,max,balanced,cached_mxbai,267,1782231862.6246903,,,
5948,0,svm,max,balanced,cached_mxbai,268,1782231862.6862857,,,
8787,0,svm,max,balanced,cached_mxbai,269,1782231862.7461271,,,
2681,0,svm,max,balanced,cached_mxbai,270,1782231862.8074884,,,
4592,0,svm,max,balanced,cached_mxbai,271,1782231862.868791,,,
7176,0,svm,max,balanced,cached_mxbai,272,1782231862.9300723,,,
5624,0,svm,max,balanced,cached_mxbai,273,1782231862.9928074,,,
5071,0,svm,max,balanced,cached_mxbai,274,1782231863.0536225,,,
5606,0,svm,max,balanced,cached_mxbai,275,1782231863.1156962,,,
4504,0,svm,max,balanced,cached_mxbai,276,1782231863.1760201,,,
9758,0,svm,max,balanced,cached_mxbai,277,1782231863.2379694,,,
6158,0,svm,max,balanced,cached_mxbai,278,1782231863.2988331,,,
7851,0,svm,max,balanced,cached_mxbai,279,1782231863.3650436,,,
9168,0,svm,max,balanced,cached_mxbai,280,1782231863.4327078,,,
7711,0,svm,max,balanced,cached_mxbai,281,1782231863.5012002,,,
1729,0,svm,max,balanced,cached_mxbai,282,1782231863.5702708,,,
1552,0,svm,max,balanced,cached_mxbai,283,1782231863.632075,,,
6716,0,svm,max,balanced,cached_mxbai,284,1782231863.6946957,,,
9989,1,svm,max,balanced,cached_mxbai,285,1782231863.7570882,,,
3908,0,svm,max,balanced,cached_mxbai,286,1782231863.8195076,,,
4971,0,svm,max,balanced,cached_mxbai,287,1782231863.8813837,,,
4210,0,svm,max,balanced,cached_mxbai,288,1782231863.9425914,,,
4529,0,svm,max,balanced,cached_mxbai,289,1782231864.0039723,,,
6874,0,svm,max,balanced,cached_mxbai,290,1782231864.065585,,,
6624,0,svm,max,balanced,cached_mxbai,291,1782231864.1270742,,,
10101,0,svm,max,balanced,cached_mxbai,292,1782231864.1887743,,,
3372,0,svm,max,balanced,cached_mxbai,293,1782231864.2507606,,,
9468,0,svm,max,balanced,cached_mxbai,294,1782231864.3127737,,,
10502,0,svm,max,balanced,cached_mxbai,295,1782231864.3750615,,,
5560,0,svm,max,balanced,cached_mxbai,296,1782231864.4377542,,,
1424,0,svm,max,balanced,cached_mxbai,297,1782231864.4999,,,
7172,0,svm,max,balanced,cached_mxbai,298,1782231864.5643668,,,
4748,0,svm,max,balanced,cached_mxbai,299,1782231864.626639,,,
1232,0,svm,max,balanced,cached_mxbai,300,1782231864.6890507,,,
8561,0,svm,max,balanced,cached_mxbai,301,1782231864.7539606,,,
1081,0,svm,max,balanced,cached_mxbai,302,1782231864.8189518,,,
4986,0,svm,max,balanced,cached_mxbai,303,1782231864.8814502,,,
8366,0,svm,max,balanced,cached_mxbai,304,1782231864.9432468,,,
7288,0,svm,max,balanced,cached_mxbai,305,1782231865.0061824,,,
7200,0,svm,max,balanced,cached_mxbai,306,1782231865.0950336,,,
7905,0,svm,max,balanced,cached_mxbai,307,1782231865.159292,,,
5293,0,svm,max,balanced,cached_mxbai,308,1782231865.2281191,,,
9892,0,svm,max,balanced,cached_mxbai,309,1782231865.332609,,,
4413,0,svm,max,balanced,cached_mxbai,310,1782231865.3966796,,,
589,0,svm,max,balanced,cached_mxbai,311,1782231865.458599,,,
6018,0,svm,max,balanced,cached_mxbai,312,1782231865.5362747,,,
5368,1,svm,max,balanced,cached_mxbai,313,1782231865.600221,,,
2958,0,svm,max,balanced,cached_mxbai,314,1782231865.6646304,,,
1819,0,svm,max,balanced,cached_mxbai,315,1782231865.7279134,,,
9774,0,svm,max,balanced,cached_mxbai,316,1782231865.7919586,,,
8691,0,svm,max,balanced,cached_mxbai,317,1782231865.856337,,,
6633,0,svm,max,balanced,cached_mxbai,318,1782231865.919439,,,
1491,0,svm,max,balanced,cached_mxbai,319,1782231865.9822633,,,
4461,0,svm,max,balanced,cached_mxbai,320,1782231866.047234,,,
1038,0,svm,max,balanced,cached_mxbai,321,1782231866.110976,,,
1005,0,svm,max,balanced,cached_mxbai,322,1782231866.1755044,,,
2800,0,svm,max,balanced,cached_mxbai,323,1782231866.2383993,,,
5209,0,svm,max,balanced,cached_mxbai,324,1782231866.301135,,,
8651,0,svm,max,balanced,cached_mxbai,325,1782231866.3647103,,,
7012,0,svm,max,balanced,cached_mxbai,326,1782231866.4280488,,,
4338,0,svm,max,balanced,cached_mxbai,327,1782231866.4913454,,,
9025,0,svm,max,balanced,cached_mxbai,328,1782231866.5568185,,,
4466,0,svm,max,balanced,cached_mxbai,329,1782231866.6211412,,,
6921,0,svm,max,balanced,cached_mxbai,330,1782231866.6863046,,,
3176,0,svm,max,balanced,cached_mxbai,331,1782231866.7500236,,,
4887,0,svm,max,balanced,cached_mxbai,332,1782231866.8161297,,,
5561,0,svm,max,balanced,cached_mxbai,333,1782231866.8824546,,,
5306,0,svm,max,balanced,cached_mxbai,334,1782231866.9480715,,,
6496,0,svm,max,balanced,cached_mxbai,335,1782231867.0128713,,,
4973,0,svm,max,balanced,cached_mxbai,336,1782231867.0783033,,,
4406,0,svm,max,balanced,cached_mxbai,337,1782231867.1442974,,,
8971,0,svm,max,balanced,cached_mxbai,338,1782231867.208502,,,
4293,0,svm,max,balanced,cached_mxbai,339,1782231867.2736278,,,
1083,0,svm,max,balanced,cached_mxbai,340,1782231867.339028,,,
4465,0,svm,max,balanced,cached_mxbai,341,1782231867.404439,,,
7790,0,svm,max,balanced,cached_mxbai,342,1782231867.4687905,,,
4436,0,svm,max,balanced,cached_mxbai,343,1782231867.535323,,,
4643,0,svm,max,balanced,cached_mxbai,344,1782231867.6003897,,,
2489,0,svm,max,balanced,cached_mxbai,345,1782231867.6669557,,,
3221,0,svm,max,balanced,cached_mxbai,346,1782231867.7336984,,,
4055,0,svm,max,balanced,cached_mxbai,347,1782231867.8003504,,,
8532,0,svm,max,balanced,cached_mxbai,348,1782231867.8655586,,,
8145,0,svm,max,balanced,cached_mxbai,349,1782231867.931581,,,
8643,0,svm,max,balanced,cached_mxbai,350,1782231867.997042,,,
220,0,svm,max,balanced,cached_mxbai,351,1782231868.063236,,,
4548,0,svm,max,balanced,cached_mxbai,352,1782231868.1291485,,,
4077,0,svm,max,balanced,cached_mxbai,353,1782231868.1955595,,,
3102,0,svm,max,balanced,cached_mxbai,354,1782231868.2610288,,,
1906,0,svm,max,balanced,cached_mxbai,355,1782231868.3262732,,,
1047,1,svm,max,balanced,cached_mxbai,356,1782231868.3922558,,,
725,0,svm,max,balanced,cached_mxbai,357,1782231868.458935,,,
7184,0,svm,max,balanced,cached_mxbai,358,1782231868.5283904,,,
4467,0,svm,max,balanced,cached_mxbai,359,1782231868.5959918,,,
6448,0,svm,max,balanced,cached_mxbai,360,1782231868.6627564,,,
8334,0,svm,max,balanced,cached_mxbai,361,1782231868.7312095,,,
8117,0,svm,max,balanced,cached_mxbai,362,1782231868.7995608,,,
7686,0,svm,max,balanced,cached_mxbai,363,1782231868.8672013,,,
10590,0,svm,max,balanced,cached_mxbai,364,1782231868.9345686,,,
8806,1,svm,max,balanced,cached_mxbai,365,1782231869.0027714,,,
5792,0,svm,max,balanced,cached_mxbai,366,1782231869.0707672,,,
3768,0,svm,max,balanced,cached_mxbai,367,1782231869.139463,,,
5210,0,svm,max,balanced,cached_mxbai,368,1782231869.2063105,,,
9684,0,svm,max,balanced,cached_mxbai,369,1782231869.2740333,,,
6926,0,svm,max,balanced,cached_mxbai,370,1782231869.3405735,,,
1817,0,svm,max,balanced,cached_mxbai,371,1782231869.4081666,,,
7299,0,svm,max,balanced,cached_mxbai,372,1782231869.4746327,,,
1489,0,svm,max,balanced,cached_mxbai,373,1782231869.5441363,,,
10209,0,svm,max,balanced,cached_mxbai,374,1782231869.6113422,,,
6781,1,svm,max,balanced,cached_mxbai,375,1782231869.6800203,,,
6782,0,svm,max,balanced,cached_mxbai,376,1782231869.7485776,,,
5967,1,svm,max,balanced,cached_mxbai,377,1782231869.817982,,,
9805,0,svm,max,balanced,cached_mxbai,378,1782231869.8881297,,,
9770,1,svm,max,balanced,cached_mxbai,379,1782231869.9559917,,,
8188,0,svm,max,balanced,cached_mxbai,380,1782231870.0249364,,,
7147,0,svm,max,balanced,cached_mxbai,381,1782231870.0930624,,,
7215,0,svm,max,balanced,cached_mxbai,382,1782231870.1607423,,,
1001,0,svm,max,balanced,cached_mxbai,383,1782231870.228033,,,
9430,0,svm,max,balanced,cached_mxbai,384,1782231870.2960334,,,
5257,0,svm,max,balanced,cached_mxbai,385,1782231870.3646386,,,
1145,0,svm,max,balanced,cached_mxbai,386,1782231870.4316843,,,
9255,0,svm,max,balanced,cached_mxbai,387,1782231870.4991567,,,
3433,0,svm,max,balanced,cached_mxbai,388,1782231870.5684092,,,
4965,0,svm,max,balanced,cached_mxbai,389,1782231870.6365507,,,
3459,0,svm,max,balanced,cached_mxbai,390,1782231870.7051811,,,
10052,0,svm,max,balanced,cached_mxbai,391,1782231870.7728422,,,
3145,1,svm,max,balanced,cached_mxbai,392,1782231870.843967,,,
3718,0,svm,max,balanced,cached_mxbai,393,1782231870.9121816,,,
3891,0,svm,max,balanced,cached_mxbai,394,1782231870.9798095,,,
4036,0,svm,max,balanced,cached_mxbai,395,1782231871.0480702,,,
10016,1,svm,max,balanced,cached_mxbai,396,1782231871.1175008,,,
6519,0,svm,max,balanced,cached_mxbai,397,1782231871.186764,,,
3804,0,svm,max,balanced,cached_mxbai,398,1782231871.255955,,,
4743,0,svm,max,balanced,cached_mxbai,399,1782231871.325871,,,
4064,0,svm,max,balanced,cached_mxbai,400,1782231871.394237,,,
3343,0,svm,max,balanced,cached_mxbai,401,1782231871.4630687,,,
7435,0,svm,max,balanced,cached_mxbai,402,1782231871.531129,,,
7017,0,svm,max,balanced,cached_mxbai,403,1782231871.60017,,,
8465,0,svm,max,balanced,cached_mxbai,404,1782231871.668892,,,
6258,1,svm,max,balanced,cached_mxbai,405,1782231871.7389793,,,
1228,0,svm,max,balanced,cached_mxbai,406,1782231871.8091311,,,
8485,0,svm,max,balanced,cached_mxbai,407,1782231871.8794847,,,
1061,0,svm,max,balanced,cached_mxbai,408,1782231871.948479,,,
1004,0,svm,max,balanced,cached_mxbai,409,1782231872.0187643,,,
4885,0,svm,max,balanced,cached_mxbai,410,1782231872.0899076,,,
4738,0,svm,max,balanced,cached_mxbai,411,1782231872.1604462,,,
4451,0,svm,max,balanced,cached_mxbai,412,1782231872.2312472,,,
10146,0,svm,max,balanced,cached_mxbai,413,1782231872.3009446,,,
5586,0,svm,max,balanced,cached_mxbai,414,1782231872.3725996,,,
4029,0,svm,max,balanced,cached_mxbai,415,1782231872.443105,,,
6779,1,svm,max,balanced,cached_mxbai,416,1782231872.5144126,,,
99,0,svm,max,balanced,cached_mxbai,417,1782231872.5872931,,,
3389,0,svm,max,balanced,cached_mxbai,418,1782231872.6584575,,,
6640,0,svm,max,balanced,cached_mxbai,419,1782231872.730259,,,
3963,0,svm,max,balanced,cached_mxbai,420,1782231872.8024461,,,
4628,0,svm,max,balanced,cached_mxbai,421,1782231872.873704,,,
3568,0,svm,max,balanced,cached_mxbai,422,1782231872.945806,,,
958,0,svm,max,balanced,cached_mxbai,423,1782231873.017232,,,
8887,0,svm,max,balanced,cached_mxbai,424,1782231873.0885003,,,
3027,0,svm,max,balanced,cached_mxbai,425,1782231873.159777,,,
7678,0,svm,max,balanced,cached_mxbai,426,1782231873.2313488,,,
5769,0,svm,max,balanced,cached_mxbai,427,1782231873.3026495,,,
6464,0,svm,max,balanced,cached_mxbai,428,1782231873.3727298,,,
5563,0,svm,max,balanced,cached_mxbai,429,1782231873.448915,,,
5176,0,svm,max,balanced,cached_mxbai,430,1782231873.526937,,,
8395,0,svm,max,balanced,cached_mxbai,431,1782231873.5991743,,,
1191,0,svm,max,balanced,cached_mxbai,432,1782231873.6705687,,,
558,0,svm,max,balanced,cached_mxbai,433,1782231873.7421823,,,
3576,0,svm,max,balanced,cached_mxbai,434,1782231873.813146,,,
1708,0,svm,max,balanced,cached_mxbai,435,1782231873.886001,,,
4785,0,svm,max,balanced,cached_mxbai,436,1782231873.9582393,,,
7784,0,svm,max,balanced,cached_mxbai,437,1782231874.0300713,,,
9204,0,svm,max,balanced,cached_mxbai,438,1782231874.1020894,,,
7943,0,svm,max,balanced,cached_mxbai,439,1782231874.1730454,,,
9552,0,svm,max,balanced,cached_mxbai,440,1782231874.2440712,,,
4353,0,svm,max,balanced,cached_mxbai,441,1782231874.3148463,,,
4308,0,svm,max,balanced,cached_mxbai,442,1782231874.3877563,,,
2705,0,svm,max,balanced,cached_mxbai,443,1782231874.4615102,,,
4778,0,svm,max,balanced,cached_mxbai,444,1782231874.5352132,,,
3961,0,svm,max,balanced,cached_mxbai,445,1782231874.6076553,,,
8714,0,svm,max,balanced,cached_mxbai,446,1782231874.6801581,,,
5975,0,svm,max,balanced,cached_mxbai,447,1782231874.7528844,,,
9702,0,svm,max,balanced,cached_mxbai,448,1782231874.8274813,,,
4688,0,svm,max,balanced,cached_mxbai,449,1782231874.9007967,,,
8375,0,svm,max,balanced,cached_mxbai,450,1782231874.9733317,,,
10215,0,svm,max,balanced,cached_mxbai,451,1782231875.0514166,,,
4531,0,svm,max,balanced,cached_mxbai,452,1782231875.1253529,,,
6916,0,svm,max,balanced,cached_mxbai,453,1782231875.1979344,,,
7140,0,svm,max,balanced,cached_mxbai,454,1782231875.3076348,,,
1599,0,svm,max,balanced,cached_mxbai,455,1782231875.3931217,,,
5414,0,svm,max,balanced,cached_mxbai,456,1782231875.46607,,,
6377,0,svm,max,balanced,cached_mxbai,457,1782231875.5406663,,,
3144,0,svm,max,balanced,cached_mxbai,458,1782231875.6171355,,,
4881,0,svm,max,balanced,cached_mxbai,459,1782231875.6903775,,,
8015,0,svm,max,balanced,cached_mxbai,460,1782231875.7664685,,,
3679,0,svm,max,balanced,cached_mxbai,461,1782231875.840772,,,
3726,0,svm,max,balanced,cached_mxbai,462,1782231875.9150057,,,
4557,0,svm,max,balanced,cached_mxbai,463,1782231875.9895515,,,
3919,0,svm,max,balanced,cached_mxbai,464,1782231876.0640075,,,
6891,0,svm,max,balanced,cached_mxbai,465,1782231876.139408,,,
4829,0,svm,max,balanced,cached_mxbai,466,1782231876.2143288,,,
5521,0,svm,max,balanced,cached_mxbai,467,1782231876.2876334,,,
7421,0,svm,max,balanced,cached_mxbai,468,1782231876.362027,,,
5193,0,svm,max,balanced,cached_mxbai,469,1782231876.4378846,,,
4396,0,svm,max,balanced,cached_mxbai,470,1782231876.5116742,,,
6881,1,svm,max,balanced,cached_mxbai,471,1782231876.5901697,,,
3243,0,svm,max,balanced,cached_mxbai,472,1782231876.665688,,,
8422,1,svm,max,balanced,cached_mxbai,473,1782231876.7416482,,,
7896,0,svm,max,balanced,cached_mxbai,474,1782231876.8167386,,,
3775,0,svm,max,balanced,cached_mxbai,475,1782231876.8921142,,,
7392,0,svm,max,balanced,cached_mxbai,476,1782231876.9684103,,,
6738,0,svm,max,balanced,cached_mxbai,477,1782231877.0448291,,,
4487,0,svm,max,balanced,cached_mxbai,478,1782231877.1210735,,,
8991,0,svm,max,balanced,cached_mxbai,479,1782231877.19662,,,
3630,0,svm,max,balanced,cached_mxbai,480,1782231877.2717638,,,
5633,0,svm,max,balanced,cached_mxbai,481,1782231877.3475144,,,
7104,0,svm,max,balanced,cached_mxbai,482,1782231877.4233067,,,
4805,0,svm,max,balanced,cached_mxbai,483,1782231877.4990742,,,
6100,0,svm,max,balanced,cached_mxbai,484,1782231877.5753808,,,
74,0,svm,max,balanced,cached_mxbai,485,1782231877.651145,,,
838,0,svm,max,balanced,cached_mxbai,486,1782231877.728163,,,
10591,0,svm,max,balanced,cached_mxbai,487,1782231877.8056479,,,
9600,0,svm,max,balanced,cached_mxbai,488,1782231877.880898,,,
4567,0,svm,max,balanced,cached_mxbai,489,1782231877.957332,,,
5941,0,svm,max,balanced,cached_mxbai,490,1782231878.0323384,,,
1520,0,svm,max,balanced,cached_mxbai,491,1782231878.1083014,,,
4720,0,svm,max,balanced,cached_mxbai,492,1782231878.1842184,,,
3672,0,svm,max,balanced,cached_mxbai,493,1782231878.2616775,,,
832,0,svm,max,balanced,cached_mxbai,494,1782231878.3361807,,,
183,0,svm,max,balanced,cached_mxbai,495,1782231878.4124873,,,
4661,0,svm,max,balanced,cached_mxbai,496,1782231878.4884849,,,
5092,0,svm,max,balanced,cached_mxbai,497,1782231878.5657456,,,
4597,0,svm,max,balanced,cached_mxbai,498,1782231878.641767,,,
3065,0,svm,max,balanced,cached_mxbai,499,1782231878.7192094,,,
3974,0,svm,max,balanced,cached_mxbai,500,1782231878.797459,,,
9830,0,svm,max,balanced,cached_mxbai,501,1782231878.8746076,,,
9960,0,svm,max,balanced,cached_mxbai,502,1782231878.950542,,,
662,0,svm,max,balanced,cached_mxbai,503,1782231879.027519,,,
4779,0,svm,max,balanced,cached_mxbai,504,1782231879.1041968,,,
3926,0,svm,max,balanced,cached_mxbai,505,1782231879.182172,,,
4471,0,svm,max,balanced,cached_mxbai,506,1782231879.2588298,,,
7080,1,svm,max,balanced,cached_mxbai,507,1782231879.336208,,,
675,0,svm,max,balanced,cached_mxbai,508,1782231879.4135427,,,
6518,0,svm,max,balanced,cached_mxbai,509,1782231879.4911296,,,
4154,0,svm,max,balanced,cached_mxbai,510,1782231879.5712094,,,
3150,0,svm,max,balanced,cached_mxbai,511,1782231879.6486936,,,
4116,0,svm,max,balanced,cached_mxbai,512,1782231879.7266376,,,
1403,0,svm,max,balanced,cached_mxbai,513,1782231879.8051093,,,
8595,0,svm,max,balanced,cached_mxbai,514,1782231879.88472,,,
7305,0,svm,max,balanced,cached_mxbai,515,1782231879.9630177,,,
6133,0,svm,max,balanced,cached_mxbai,516,1782231880.0431242,,,
3032,0,svm,max,balanced,cached_mxbai,517,1782231880.1206205,,,
4449,0,svm,max,balanced,cached_mxbai,518,1782231880.1995595,,,
2625,0,svm,max,balanced,cached_mxbai,519,1782231880.2782261,,,
2076,0,svm,max,balanced,cached_mxbai,520,1782231880.355812,,,
6490,0,svm,max,balanced,cached_mxbai,521,1782231880.4351456,,,
9022,0,svm,max,balanced,cached_mxbai,522,1782231880.5127373,,,
4072,0,svm,max,balanced,cached_mxbai,523,1782231880.5924215,,,
4626,0,svm,max,balanced,cached_mxbai,524,1782231880.6703362,,,
3787,0,svm,max,balanced,cached_mxbai,525,1782231880.7496202,,,
8556,0,svm,max,balanced,cached_mxbai,526,1782231880.8301632,,,
5008,0,svm,max,balanced,cached_mxbai,527,1782231880.9080276,,,
6889,0,svm,max,balanced,cached_mxbai,528,1782231880.9872112,,,
1810,0,svm,max,balanced,cached_mxbai,529,1782231881.067595,,,
559,0,svm,max,balanced,cached_mxbai,530,1782231881.1462448,,,
4669,0,svm,max,balanced,cached_mxbai,531,1782231881.2250674,,,
143,0,svm,max,balanced,cached_mxbai,532,1782231881.3047247,,,
9461,1,svm,max,balanced,cached_mxbai,533,1782231881.382742,,,
114,0,svm,max,balanced,cached_mxbai,534,1782231881.4615057,,,
5857,0,svm,max,balanced,cached_mxbai,535,1782231881.539471,,,
4390,0,svm,max,balanced,cached_mxbai,536,1782231881.6206477,,,
5556,0,svm,max,balanced,cached_mxbai,537,1782231881.70192,,,
5767,0,svm,max,balanced,cached_mxbai,538,1782231881.7820618,,,
5102,0,svm,max,balanced,cached_mxbai,539,1782231881.8628232,,,
9517,0,svm,max,balanced,cached_mxbai,540,1782231881.9429576,,,
6618,0,svm,max,balanced,cached_mxbai,541,1782231882.0258796,,,
4511,0,svm,max,balanced,cached_mxbai,542,1782231882.1087923,,,
3224,0,svm,max,balanced,cached_mxbai,543,1782231882.187518,,,
3415,0,svm,max,balanced,cached_mxbai,544,1782231882.2686038,,,
4746,0,svm,max,balanced,cached_mxbai,545,1782231882.349436,,,
1391,0,svm,max,balanced,cached_mxbai,546,1782231882.4284225,,,
6420,0,svm,max,balanced,cached_mxbai,547,1782231882.5089724,,,
8377,0,svm,max,balanced,cached_mxbai,548,1782231882.5931582,,,
9743,0,svm,max,balanced,cached_mxbai,549,1782231882.6769435,,,
9124,0,svm,max,balanced,cached_mxbai,550,1782231882.7625198,,,
7534,0,svm,max,balanced,cached_mxbai,551,1782231882.8442936,,,
4947,0,svm,max,balanced,cached_mxbai,552,1782231882.9269335,,,
8605,0,svm,max,balanced,cached_mxbai,553,1782231883.0106115,,,
4616,0,svm,max,balanced,cached_mxbai,554,1782231883.0946202,,,
4787,0,svm,max,balanced,cached_mxbai,555,1782231883.1810699,,,
5172,0,svm,max,balanced,cached_mxbai,556,1782231883.2645812,,,
3668,0,svm,max,balanced,cached_mxbai,557,1782231883.3471403,,,
4721,0,svm,max,balanced,cached_mxbai,558,1782231883.429618,,,
6255,0,svm,max,balanced,cached_mxbai,559,1782231883.512058,,,
1389,0,svm,max,balanced,cached_mxbai,560,1782231883.5993876,,,
10452,0,svm,max,balanced,cached_mxbai,561,1782231883.680724,,,
4520,0,svm,max,balanced,cached_mxbai,562,1782231883.7643225,,,
667,0,svm,max,balanced,cached_mxbai,563,1782231883.8459468,,,
5179,0,svm,max,balanced,cached_mxbai,564,1782231883.9297247,,,
10227,0,svm,max,balanced,cached_mxbai,565,1782231884.0144236,,,
4494,0,svm,max,balanced,cached_mxbai,566,1782231884.1013525,,,
10424,0,svm,max,balanced,cached_mxbai,567,1782231884.1855845,,,
7453,1,svm,max,balanced,cached_mxbai,568,1782231884.269364,,,
3929,0,svm,max,balanced,cached_mxbai,569,1782231884.3528457,,,
3296,0,svm,max,balanced,cached_mxbai,570,1782231884.434904,,,
3435,0,svm,max,balanced,cached_mxbai,571,1782231884.5181692,,,
10273,0,svm,max,balanced,cached_mxbai,572,1782231884.602639,,,
6732,0,svm,max,balanced,cached_mxbai,573,1782231884.687106,,,
9907,0,svm,max,balanced,cached_mxbai,574,1782231884.7722306,,,
10532,0,svm,max,balanced,cached_mxbai,575,1782231884.8573205,,,
1033,0,svm,max,balanced,cached_mxbai,576,1782231884.9410746,,,
4770,0,svm,max,balanced,cached_mxbai,577,1782231885.0442727,,,
3618,0,svm,max,balanced,cached_mxbai,578,1782231885.1311395,,,
1867,0,svm,max,balanced,cached_mxbai,579,1782231885.221144,,,
4100,0,svm,max,balanced,cached_mxbai,580,1782231885.3286576,,,
8326,0,svm,max,balanced,cached_mxbai,581,1782231885.4137886,,,
10522,0,svm,max,balanced,cached_mxbai,582,1782231885.4994123,,,
4976,0,svm,max,balanced,cached_mxbai,583,1782231885.5966718,,,
5083,0,svm,max,balanced,cached_mxbai,584,1782231885.6819234,,,
7148,0,svm,max,balanced,cached_mxbai,585,1782231885.765798,,,
5780,0,svm,max,balanced,cached_mxbai,586,1782231885.8516698,,,
4698,0,svm,max,balanced,cached_mxbai,587,1782231885.938779,,,
9476,0,svm,max,balanced,cached_mxbai,588,1782231886.0275083,,,
2901,0,svm,max,balanced,cached_mxbai,589,1782231886.1140451,,,
1682,0,svm,max,balanced,cached_mxbai,590,1782231886.199012,,,
6074,0,svm,max,balanced,cached_mxbai,591,1782231886.283605,,,
5056,0,svm,max,balanced,cached_mxbai,592,1782231886.3687603,,,
3806,0,svm,max,balanced,cached_mxbai,593,1782231886.4529564,,,
8077,0,svm,max,balanced,cached_mxbai,594,1782231886.5404313,,,
5049,0,svm,max,balanced,cached_mxbai,595,1782231886.6307027,,,
745,0,svm,max,balanced,cached_mxbai,596,1782231886.7225776,,,
6725,0,svm,max,balanced,cached_mxbai,597,1782231886.8118193,,,
4505,0,svm,max,balanced,cached_mxbai,598,1782231886.8976755,,,
4373,0,svm,max,balanced,cached_mxbai,599,1782231886.9817371,,,
4707,0,svm,max,balanced,cached_mxbai,600,1782231887.0696545,,,
699,0,svm,max,balanced,cached_mxbai,601,1782231887.1577904,,,
3627,0,svm,max,balanced,cached_mxbai,602,1782231887.2470589,,,
6130,0,svm,max,balanced,cached_mxbai,603,1782231887.3349512,,,
3101,0,svm,max,balanced,cached_mxbai,604,1782231887.4217083,,,
1820,0,svm,max,balanced,cached_mxbai,605,1782231887.507524,,,
4506,0,svm,max,balanced,cached_mxbai,606,1782231887.5944242,,,
6428,0,svm,max,balanced,cached_mxbai,607,1782231887.6825223,,,
7666,0,svm,max,balanced,cached_mxbai,608,1782231887.7679453,,,
430,0,svm,max,balanced,cached_mxbai,609,1782231887.8552592,,,
5019,0,svm,max,balanced,cached_mxbai,610,1782231887.9423964,,,
7549,0,svm,max,balanced,cached_mxbai,611,1782231888.030287,,,
3623,0,svm,max,balanced,cached_mxbai,612,1782231888.1218753,,,
8471,0,svm,max,balanced,cached_mxbai,613,1782231888.2095983,,,
5168,0,svm,max,balanced,cached_mxbai,614,1782231888.2983963,,,
5321,0,svm,max,balanced,cached_mxbai,615,1782231888.3875122,,,
4499,0,svm,max,balanced,cached_mxbai,616,1782231888.4746537,,,
3416,0,svm,max,balanced,cached_mxbai,617,1782231888.5627582,,,
532,0,svm,max,balanced,cached_mxbai,618,1782231888.6543105,,,
5457,0,svm,max,balanced,cached_mxbai,619,1782231888.7543983,,,
5218,0,svm,max,balanced,cached_mxbai,620,1782231888.844927,,,
4625,0,svm,max,balanced,cached_mxbai,621,1782231888.9329505,,,
9829,0,svm,max,balanced,cached_mxbai,622,1782231889.0215828,,,
9182,0,svm,max,balanced,cached_mxbai,623,1782231889.1176891,,,
7460,0,svm,max,balanced,cached_mxbai,624,1782231889.2072968,,,
4686,0,svm,max,balanced,cached_mxbai,625,1782231889.2963102,,,
1051,0,svm,max,balanced,cached_mxbai,626,1782231889.3870518,,,
9908,0,svm,max,balanced,cached_mxbai,627,1782231889.4754424,,,
4538,0,svm,max,balanced,cached_mxbai,628,1782231889.5645897,,,
3455,0,svm,max,balanced,cached_mxbai,629,1782231889.655017,,,
8168,0,svm,max,balanced,cached_mxbai,630,1782231889.743092,,,
4552,0,svm,max,balanced,cached_mxbai,631,1782231889.8331473,,,
7011,0,svm,max,balanced,cached_mxbai,632,1782231889.921483,,,
5451,0,svm,max,balanced,cached_mxbai,633,1782231890.0138123,,,
7662,0,svm,max,balanced,cached_mxbai,634,1782231890.1045961,,,
4350,0,svm,max,balanced,cached_mxbai,635,1782231890.1968024,,,
3761,0,svm,max,balanced,cached_mxbai,636,1782231890.286911,,,
4427,0,svm,max,balanced,cached_mxbai,637,1782231890.3768091,,,
7596,0,svm,max,balanced,cached_mxbai,638,1782231890.4677083,,,
8257,0,svm,max,balanced,cached_mxbai,639,1782231890.5565586,,,
6530,0,svm,max,balanced,cached_mxbai,640,1782231890.6472912,,,
4797,0,svm,max,balanced,cached_mxbai,641,1782231890.7376032,,,
6778,0,svm,max,balanced,cached_mxbai,642,1782231890.8287568,,,
4565,0,svm,max,balanced,cached_mxbai,643,1782231890.9185157,,,
9625,0,svm,max,balanced,cached_mxbai,644,1782231891.0085046,,,
8225,0,svm,max,balanced,cached_mxbai,645,1782231891.0995843,,,
4289,0,svm,max,balanced,cached_mxbai,646,1782231891.1894712,,,
9806,0,svm,max,balanced,cached_mxbai,647,1782231891.2795832,,,
1879,0,svm,max,balanced,cached_mxbai,648,1782231891.3692715,,,
9249,0,svm,max,balanced,cached_mxbai,649,1782231891.4592052,,,
6192,0,svm,max,balanced,cached_mxbai,650,1782231891.5489247,,,
8655,0,svm,max,balanced,cached_mxbai,651,1782231891.644074,,,
4088,0,svm,max,balanced,cached_mxbai,652,1782231891.7347102,,,
6400,0,svm,max,balanced,cached_mxbai,653,1782231891.8271432,,,
1213,0,svm,max,balanced,cached_mxbai,654,1782231891.9189334,,,
4134,0,svm,max,balanced,cached_mxbai,655,1782231892.0090077,,,
5137,0,svm,max,balanced,cached_mxbai,656,1782231892.0998952,,,
7121,0,svm,max,balanced,cached_mxbai,657,1782231892.1904256,,,
5061,0,svm,max,balanced,cached_mxbai,658,1782231892.2807438,,,
9678,0,svm,max,balanced,cached_mxbai,659,1782231892.3715937,,,
59,0,svm,max,balanced,cached_mxbai,660,1782231892.4619963,,,
7317,1,svm,max,balanced,cached_mxbai,661,1782231892.5543604,,,
4793,0,svm,max,balanced,cached_mxbai,662,1782231892.647144,,,
4941,0,svm,max,balanced,cached_mxbai,663,1782231892.7380943,,,
3106,0,svm,max,balanced,cached_mxbai,664,1782231892.8291147,,,
4599,0,svm,max,balanced,cached_mxbai,665,1782231892.9202793,,,
4659,0,svm,max,balanced,cached_mxbai,666,1782231893.0185964,,,
10317,0,svm,max,balanced,cached_mxbai,667,1782231893.1110473,,,
9813,0,svm,max,balanced,cached_mxbai,668,1782231893.2017152,,,
4723,0,svm,max,balanced,cached_mxbai,669,1782231893.2942524,,,
5773,0,svm,max,balanced,cached_mxbai,670,1782231893.3853152,,,
9564,0,svm,max,balanced,cached_mxbai,671,1782231893.4769914,,,
4788,0,svm,max,balanced,cached_mxbai,672,1782231893.5710678,,,
545,0,svm,max,balanced,cached_mxbai,673,1782231893.6647732,,,
3778,0,svm,max,balanced,cached_mxbai,674,1782231893.7564886,,,
842,1,svm,max,balanced,cached_mxbai,675,1782231893.8492022,,,
4930,0,svm,max,balanced,cached_mxbai,676,1782231893.9452014,,,
4792,0,svm,max,balanced,cached_mxbai,677,1782231894.0367744,,,
8884,0,svm,max,balanced,cached_mxbai,678,1782231894.1313848,,,
4527,0,svm,max,balanced,cached_mxbai,679,1782231894.2234745,,,
5403,0,svm,max,balanced,cached_mxbai,680,1782231894.3150718,,,
5028,0,svm,max,balanced,cached_mxbai,681,1782231894.4065754,,,
1883,0,svm,max,balanced,cached_mxbai,682,1782231894.5007792,,,
4677,0,svm,max,balanced,cached_mxbai,683,1782231894.594693,,,
5313,0,svm,max,balanced,cached_mxbai,684,1782231894.6913745,,,
3273,0,svm,max,balanced,cached_mxbai,685,1782231894.7858157,,,
2408,0,svm,max,balanced,cached_mxbai,686,1782231894.8783808,,,
676,0,svm,max,balanced,cached_mxbai,687,1782231894.9734297,,,
1233,0,svm,max,balanced,cached_mxbai,688,1782231895.072954,,,
1734,0,svm,max,balanced,cached_mxbai,689,1782231895.1670325,,,
8888,0,svm,max,balanced,cached_mxbai,690,1782231895.2795472,,,
4875,0,svm,max,balanced,cached_mxbai,691,1782231895.3948934,,,
516,0,svm,max,balanced,cached_mxbai,692,1782231895.4869778,,,
7741,0,svm,max,balanced,cached_mxbai,693,1782231895.579614,,,
6528,0,svm,max,balanced,cached_mxbai,694,1782231895.6752722,,,
4109,0,svm,max,balanced,cached_mxbai,695,1782231895.7685878,,,
5338,0,svm,max,balanced,cached_mxbai,696,1782231895.864664,,,
4554,0,svm,max,balanced,cached_mxbai,697,1782231895.9609134,,,
5219,0,svm,max,balanced,cached_mxbai,698,1782231896.0582576,,,
4391,0,svm,max,balanced,cached_mxbai,699,1782231896.1526527,,,
3852,0,svm,max,balanced,cached_mxbai,700,1782231896.248406,,,
4711,0,svm,max,balanced,cached_mxbai,701,1782231896.3439152,,,
5307,0,svm,max,balanced,cached_mxbai,702,1782231896.43936,,,
7864,0,svm,max,balanced,cached_mxbai,703,1782231896.5344942,,,
5394,0,svm,max,balanced,cached_mxbai,704,1782231896.633535,,,
2758,0,svm,max,balanced,cached_mxbai,705,1782231896.7293148,,,
4153,0,svm,max,balanced,cached_mxbai,706,1782231896.8254,,,
8692,0,svm,max,balanced,cached_mxbai,707,1782231896.9208195,,,
4637,0,svm,max,balanced,cached_mxbai,708,1782231897.0165606,,,
1350,0,svm,max,balanced,cached_mxbai,709,1782231897.1202898,,,
7226,0,svm,max,balanced,cached_mxbai,710,1782231897.2187412,,,
1360,0,svm,max,balanced,cached_mxbai,711,1782231897.3157177,,,
1472,0,svm,max,balanced,cached_mxbai,712,1782231897.412984,,,
4952,0,svm,max,balanced,cached_mxbai,713,1782231897.5101888,,,
5232,0,svm,max,balanced,cached_mxbai,714,1782231897.6056163,,,
1901,0,svm,max,balanced,cached_mxbai,715,1782231897.7049224,,,
4541,0,svm,max,balanced,cached_mxbai,716,1782231897.8012521,,,
4342,0,svm,max,balanced,cached_mxbai,717,1782231897.8970397,,,
8972,0,svm,max,balanced,cached_mxbai,718,1782231897.9956243,,,
2110,0,svm,max,balanced,cached_mxbai,719,1782231898.092555,,,
5323,0,svm,max,balanced,cached_mxbai,720,1782231898.1929526,,,
3600,0,svm,max,balanced,cached_mxbai,721,1782231898.2893543,,,
4683,0,svm,max,balanced,cached_mxbai,722,1782231898.387077,,,
702,0,svm,max,balanced,cached_mxbai,723,1782231898.485636,,,
3869,0,svm,max,balanced,cached_mxbai,724,1782231898.5817857,,,
4569,0,svm,max,balanced,cached_mxbai,725,1782231898.6831033,,,
6146,0,svm,max,balanced,cached_mxbai,726,1782231898.7799416,,,
1049,0,svm,max,balanced,cached_mxbai,727,1782231898.8769689,,,
1777,0,svm,max,balanced,cached_mxbai,728,1782231898.975631,,,
3747,0,svm,max,balanced,cached_mxbai,729,1782231899.0742667,,,
4692,0,svm,max,balanced,cached_mxbai,730,1782231899.1725535,,,
4593,0,svm,max,balanced,cached_mxbai,731,1782231899.2713094,,,
613,0,svm,max,balanced,cached_mxbai,732,1782231899.3692582,,,
5207,0,svm,max,balanced,cached_mxbai,733,1782231899.4665942,,,
4532,0,svm,max,balanced,cached_mxbai,734,1782231899.564168,,,
9779,0,svm,max,balanced,cached_mxbai,735,1782231899.6627898,,,
9528,0,svm,max,balanced,cached_mxbai,736,1782231899.7628045,,,
1550,0,svm,max,balanced,cached_mxbai,737,1782231899.8615646,,,
8800,0,svm,max,balanced,cached_mxbai,738,1782231899.962115,,,
4458,0,svm,max,balanced,cached_mxbai,739,1782231900.0597534,,,
5766,0,svm,max,balanced,cached_mxbai,740,1782231900.1581378,,,
8780,0,svm,max,balanced,cached_mxbai,741,1782231900.257664,,,
6761,0,svm,max,balanced,cached_mxbai,742,1782231900.357415,,,
10389,0,svm,max,balanced,cached_mxbai,743,1782231900.4555542,,,
5584,0,svm,max,balanced,cached_mxbai,744,1782231900.5541914,,,
4927,0,svm,max,balanced,cached_mxbai,745,1782231900.6530159,,,
7270,0,svm,max,balanced,cached_mxbai,746,1782231900.7506623,,,
3827,0,svm,max,balanced,cached_mxbai,747,1782231900.8508177,,,
2100,0,svm,max,balanced,cached_mxbai,748,1782231900.9480917,,,
5208,0,svm,max,balanced,cached_mxbai,749,1782231901.0462995,,,
3888,0,svm,max,balanced,cached_mxbai,750,1782231901.1461644,,,
5227,0,svm,max,balanced,cached_mxbai,751,1782231901.2439063,,,
1547,0,svm,max,balanced,cached_mxbai,752,1782231901.343987,,,
4496,0,svm,max,balanced,cached_mxbai,753,1782231901.443492,,,
3479,0,svm,max,balanced,cached_mxbai,754,1782231901.5413742,,,
666,0,svm,max,balanced,cached_mxbai,755,1782231901.641963,,,
3088,0,svm,max,balanced,cached_mxbai,756,1782231901.7424989,,,
3666,0,svm,max,balanced,cached_mxbai,757,1782231901.843369,,,
5276,0,svm,max,balanced,cached_mxbai,758,1782231901.9438436,,,
3687,0,svm,max,balanced,cached_mxbai,759,1782231902.0429072,,,
4902,0,svm,max,balanced,cached_mxbai,760,1782231902.1541274,,,
9531,0,svm,max,balanced,cached_mxbai,761,1782231902.2622695,,,
8120,0,svm,max,balanced,cached_mxbai,762,1782231902.3710413,,,
8044,0,svm,max,balanced,cached_mxbai,763,1782231902.473904,,,
2191,0,svm,max,balanced,cached_mxbai,764,1782231902.5766647,,,
9969,0,svm,max,balanced,cached_mxbai,765,1782231902.6780932,,,
4473,0,svm,max,balanced,cached_mxbai,766,1782231902.777313,,,
9323,0,svm,max,balanced,cached_mxbai,767,1782231902.8785257,,,
4420,0,svm,max,balanced,cached_mxbai,768,1782231902.97907,,,
10033,0,svm,max,balanced,cached_mxbai,769,1782231903.0795462,,,
5242,0,svm,max,balanced,cached_mxbai,770,1782231903.1821477,,,
7064,0,svm,max,balanced,cached_mxbai,771,1782231903.2835975,,,
10241,0,svm,max,balanced,cached_mxbai,772,1782231903.3862104,,,
4611,0,svm,max,balanced,cached_mxbai,773,1782231903.487183,,,
3982,0,svm,max,balanced,cached_mxbai,774,1782231903.5882542,,,
6912,0,svm,max,balanced,cached_mxbai,775,1782231903.6916957,,,
6914,0,svm,max,balanced,cached_mxbai,776,1782231903.7925708,,,
4706,0,svm,max,balanced,cached_mxbai,777,1782231903.8915431,,,
10549,0,svm,max,balanced,cached_mxbai,778,1782231903.9922476,,,
8261,0,svm,max,balanced,cached_mxbai,779,1782231904.0925229,,,
5651,0,svm,max,balanced,cached_mxbai,780,1782231904.1979823,,,
3252,0,svm,max,balanced,cached_mxbai,781,1782231904.3010728,,,
3614,0,svm,max,balanced,cached_mxbai,782,1782231904.4028986,,,
2762,0,svm,max,balanced,cached_mxbai,783,1782231904.5057511,,,
6483,0,svm,max,balanced,cached_mxbai,784,1782231904.6081514,,,
5564,0,svm,max,balanced,cached_mxbai,785,1782231904.7136147,,,
760,0,svm,max,balanced,cached_mxbai,786,1782231904.8167477,,,
5160,0,svm,max,balanced,cached_mxbai,787,1782231904.9182985,,,
10232,0,svm,max,balanced,cached_mxbai,788,1782231905.0260994,,,
50,0,svm,max,balanced,cached_mxbai,789,1782231905.1400254,,,
5383,0,svm,max,balanced,cached_mxbai,790,1782231905.2506921,,,
7616,0,svm,max,balanced,cached_mxbai,791,1782231905.370757,,,
8118,0,svm,max,balanced,cached_mxbai,792,1782231905.4754813,,,
3347,0,svm,max,balanced,cached_mxbai,793,1782231905.577548,,,
2240,0,svm,max,balanced,cached_mxbai,794,1782231905.6808407,,,
8999,0,svm,max,balanced,cached_mxbai,795,1782231905.7857177,,,
6039,0,svm,max,balanced,cached_mxbai,796,1782231905.8911223,,,
8531,0,svm,max,balanced,cached_mxbai,797,1782231905.9941363,,,
5072,0,svm,max,balanced,cached_mxbai,798,1782231906.0992804,,,
32,0,svm,max,balanced,cached_mxbai,799,1782231906.2038531,,,
4528,0,svm,max,balanced,cached_mxbai,800,1782231906.3069313,,,
4670,0,svm,max,balanced,cached_mxbai,801,1782231906.4104893,,,
9538,0,svm,max,balanced,cached_mxbai,802,1782231906.5185735,,,
134,0,svm,max,balanced,cached_mxbai,803,1782231906.621339,,,
9041,0,svm,max,balanced,cached_mxbai,804,1782231906.7283213,,,
5074,0,svm,max,balanced,cached_mxbai,805,1782231906.831533,,,
4570,0,svm,max,balanced,cached_mxbai,806,1782231906.9344947,,,
8055,0,svm,max,balanced,cached_mxbai,807,1782231907.0375202,,,
663,0,svm,max,balanced,cached_mxbai,808,1782231907.142129,,,
4209,0,svm,max,balanced,cached_mxbai,809,1782231907.2507105,,,
6831,0,svm,max,balanced,cached_mxbai,810,1782231907.3556905,,,
4964,0,svm,max,balanced,cached_mxbai,811,1782231907.462319,,,
4058,0,svm,max,balanced,cached_mxbai,812,1782231907.5687475,,,
7483,0,svm,max,balanced,cached_mxbai,813,1782231907.6749444,,,
896,0,svm,max,balanced,cached_mxbai,814,1782231907.7816103,,,
4867,0,svm,max,balanced,cached_mxbai,815,1782231907.887973,,,
4612,0,svm,max,balanced,cached_mxbai,816,1782231907.9941442,,,
10110,0,svm,max,balanced,cached_mxbai,817,1782231908.0982678,,,
1198,0,svm,max,balanced,cached_mxbai,818,1782231908.2051337,,,
4889,0,svm,max,balanced,cached_mxbai,819,1782231908.312224,,,
6417,0,svm,max,balanced,cached_mxbai,820,1782231908.419918,,,
4662,0,svm,max,balanced,cached_mxbai,821,1782231908.5264263,,,
3194,0,svm,max,balanced,cached_mxbai,822,1782231908.631371,,,
698,0,svm,max,balanced,cached_mxbai,823,1782231908.739582,,,
4573,0,svm,max,balanced,cached_mxbai,824,1782231908.8469567,,,
5017,0,svm,max,balanced,cached_mxbai,825,1782231908.9526002,,,
9069,0,svm,max,balanced,cached_mxbai,826,1782231909.06103,,,
2113,0,svm,max,balanced,cached_mxbai,827,1782231909.1682608,,,
3923,0,svm,max,balanced,cached_mxbai,828,1782231909.2738888,,,
4476,0,svm,max,balanced,cached_mxbai,829,1782231909.380994,,,
4299,0,svm,max,balanced,cached_mxbai,830,1782231909.4884949,,,
7016,0,svm,max,balanced,cached_mxbai,831,1782231909.5960932,,,
3912,0,svm,max,balanced,cached_mxbai,832,1782231909.7041278,,,
8255,0,svm,max,balanced,cached_mxbai,833,1782231909.8113215,,,
4709,0,svm,max,balanced,cached_mxbai,834,1782231909.919054,,,
8982,0,svm,max,balanced,cached_mxbai,835,1782231910.0242572,,,
8467,0,svm,max,balanced,cached_mxbai,836,1782231910.133275,,,
3894,0,svm,max,balanced,cached_mxbai,837,1782231910.2429821,,,
4619,0,svm,max,balanced,cached_mxbai,838,1782231910.351678,,,
4834,0,svm,max,balanced,cached_mxbai,839,1782231910.4578729,,,
7264,0,svm,max,balanced,cached_mxbai,840,1782231910.5658474,,,
8602,0,svm,max,balanced,cached_mxbai,841,1782231910.6739633,,,
5330,0,svm,max,balanced,cached_mxbai,842,1782231910.7835398,,,
9131,0,svm,max,balanced,cached_mxbai,843,1782231910.8966382,,,
9836,0,svm,max,balanced,cached_mxbai,844,1782231911.0048692,,,
10291,0,svm,max,balanced,cached_mxbai,845,1782231911.1138556,,,
4582,0,svm,max,balanced,cached_mxbai,846,1782231911.2229915,,,
6340,0,svm,max,balanced,cached_mxbai,847,1782231911.332643,,,
4988,0,svm,max,balanced,cached_mxbai,848,1782231911.4441226,,,
2279,0,svm,max,balanced,cached_mxbai,849,1782231911.553073,,,
5096,0,svm,max,balanced,cached_mxbai,850,1782231911.6609614,,,
4633,0,svm,max,balanced,cached_mxbai,851,1782231911.770873,,,
3639,0,svm,max,balanced,cached_mxbai,852,1782231911.8810925,,,
86,0,svm,max,balanced,cached_mxbai,853,1782231911.9892497,,,
5591,0,svm,max,balanced,cached_mxbai,854,1782231912.0995162,,,
4598,0,svm,max,balanced,cached_mxbai,855,1782231912.2095628,,,
3097,0,svm,max,balanced,cached_mxbai,856,1782231912.3191166,,,
4636,0,svm,max,balanced,cached_mxbai,857,1782231912.4292207,,,
5125,0,svm,max,balanced,cached_mxbai,858,1782231912.5384862,,,
591,0,svm,max,balanced,cached_mxbai,859,1782231912.6503613,,,
4657,0,svm,max,balanced,cached_mxbai,860,1782231912.7634923,,,
10337,0,svm,max,balanced,cached_mxbai,861,1782231912.8735874,,,
9122,0,svm,max,balanced,cached_mxbai,862,1782231912.9850504,,,
4176,0,svm,max,balanced,cached_mxbai,863,1782231913.0957184,,,
7269,0,svm,max,balanced,cached_mxbai,864,1782231913.2058482,,,
1070,0,svm,max,balanced,cached_mxbai,865,1782231913.3185694,,,
4994,0,svm,max,balanced,cached_mxbai,866,1782231913.428879,,,
3934,0,svm,max,balanced,cached_mxbai,867,1782231913.539958,,,
4453,0,svm,max,balanced,cached_mxbai,868,1782231913.6517408,,,
7217,0,svm,max,balanced,cached_mxbai,869,1782231913.762166,,,
7182,0,svm,max,balanced,cached_mxbai,870,1782231913.8715136,,,
402,0,svm,max,balanced,cached_mxbai,871,1782231913.9829054,,,
7009,0,svm,max,balanced,cached_mxbai,872,1782231914.1002173,,,
4510,0,svm,max,balanced,cached_mxbai,873,1782231914.215007,,,
4445,0,svm,max,balanced,cached_mxbai,874,1782231914.3301883,,,
3661,0,svm,max,balanced,cached_mxbai,875,1782231914.4449675,,,
9725,0,svm,max,balanced,cached_mxbai,876,1782231914.5595794,,,
6718,0,svm,max,balanced,cached_mxbai,877,1782231914.6731718,,,
3742,0,svm,max,balanced,cached_mxbai,878,1782231914.7891579,,,
9749,0,svm,max,balanced,cached_mxbai,879,1782231914.9043736,,,
3945,0,svm,max,balanced,cached_mxbai,880,1782231915.0279672,,,
2559,0,svm,max,balanced,cached_mxbai,881,1782231915.145853,,,
3409,0,svm,max,balanced,cached_mxbai,882,1782231915.2739682,,,
8179,0,svm,max,balanced,cached_mxbai,883,1782231915.407031,,,
10057,0,svm,max,balanced,cached_mxbai,884,1782231915.5210357,,,
5013,0,svm,max,balanced,cached_mxbai,885,1782231915.6368866,,,
9945,0,svm,max,balanced,cached_mxbai,886,1782231915.759145,,,
4515,0,svm,max,balanced,cached_mxbai,887,1782231915.8816867,,,
3209,0,svm,max,balanced,cached_mxbai,888,1782231916.0034485,,,
3458,0,svm,max,balanced,cached_mxbai,889,1782231916.1209233,,,
7597,0,svm,max,balanced,cached_mxbai,890,1782231916.239028,,,
8696,0,svm,max,balanced,cached_mxbai,891,1782231916.3565385,,,
5329,0,svm,max,balanced,cached_mxbai,892,1782231916.4759061,,,
5145,0,svm,max,balanced,cached_mxbai,893,1782231916.5912101,,,
9293,0,svm,max,balanced,cached_mxbai,894,1782231916.7074573,,,
10136,1,svm,max,balanced,cached_mxbai,895,1782231916.8231368,,,
9199,0,svm,max,balanced,cached_mxbai,896,1782231916.9399095,,,
8995,0,svm,max,balanced,cached_mxbai,897,1782231917.0538118,,,
5199,0,svm,max,balanced,cached_mxbai,898,1782231917.1692982,,,
2832,0,svm,max,balanced,cached_mxbai,899,1782231917.2856672,,,
1721,1,svm,max,balanced,cached_mxbai,900,1782231917.40269,,,
4495,0,svm,max,balanced,cached_mxbai,901,1782231917.5184233,,,
5272,0,svm,max,balanced,cached_mxbai,902,1782231917.6337106,,,
10435,1,svm,max,balanced,cached_mxbai,903,1782231917.7492526,,,
4222,0,svm,max,balanced,cached_mxbai,904,1782231917.8601735,,,
9132,0,svm,max,balanced,cached_mxbai,905,1782231917.976646,,,
6830,0,svm,max,balanced,cached_mxbai,906,1782231918.093743,,,
907,0,svm,max,balanced,cached_mxbai,907,1782231918.2104928,,,
4435,0,svm,max,balanced,cached_mxbai,908,1782231918.3248997,,,
1561,0,svm,max,balanced,cached_mxbai,909,1782231918.4417636,,,
4722,0,svm,max,balanced,cached_mxbai,910,1782231918.5573933,,,
7767,0,svm,max,balanced,cached_mxbai,911,1782231918.6757991,,,
8315,0,svm,max,balanced,cached_mxbai,912,1782231918.7969477,,,
1312,0,svm,max,balanced,cached_mxbai,913,1782231918.9145834,,,
7168,0,svm,max,balanced,cached_mxbai,914,1782231919.032453,,,
6444,0,svm,max,balanced,cached_mxbai,915,1782231919.1534295,,,
3538,0,svm,max,balanced,cached_mxbai,916,1782231919.2708826,,,
4559,0,svm,max,balanced,cached_mxbai,917,1782231919.3909867,,,
7595,0,svm,max,balanced,cached_mxbai,918,1782231919.5076737,,,
4586,0,svm,max,balanced,cached_mxbai,919,1782231919.629366,,,
3502,0,svm,max,balanced,cached_mxbai,920,1782231919.7474194,,,
4933,0,svm,max,balanced,cached_mxbai,921,1782231919.864467,,,
9747,0,svm,max,balanced,cached_mxbai,922,1782231919.9818068,,,
5426,0,svm,max,balanced,cached_mxbai,923,1782231920.0960827,,,
6398,0,svm,max,balanced,cached_mxbai,924,1782231920.2129226,,,
4862,0,svm,max,balanced,cached_mxbai,925,1782231920.3296905,,,
3523,0,svm,max,balanced,cached_mxbai,926,1782231920.4458308,,,
10290,0,svm,max,balanced,cached_mxbai,927,1782231920.5628934,,,
6553,0,svm,max,balanced,cached_mxbai,928,1782231920.6802866,,,
1385,0,svm,max,balanced,cached_mxbai,929,1782231920.7996278,,,
5016,0,svm,max,balanced,cached_mxbai,930,1782231920.9160223,,,
4648,0,svm,max,balanced,cached_mxbai,931,1782231921.0347528,,,
5410,0,svm,max,balanced,cached_mxbai,932,1782231921.1528127,,,
7434,0,svm,max,balanced,cached_mxbai,933,1782231921.2749712,,,
4086,0,svm,max,balanced,cached_mxbai,934,1782231921.396186,,,
6238,0,svm,max,balanced,cached_mxbai,935,1782231921.5156813,,,
4139,0,svm,max,balanced,cached_mxbai,936,1782231921.6344936,,,
5185,0,svm,max,balanced,cached_mxbai,937,1782231921.7538364,,,
10177,0,svm,max,balanced,cached_mxbai,938,1782231921.872216,,,
10225,0,svm,max,balanced,cached_mxbai,939,1782231922.0056238,,,
3494,0,svm,max,balanced,cached_mxbai,940,1782231922.1389232,,,
4642,0,svm,max,balanced,cached_mxbai,941,1782231922.2649508,,,
6629,0,svm,max,balanced,cached_mxbai,942,1782231922.3870904,,,
2330,0,svm,max,balanced,cached_mxbai,943,1782231922.5055878,,,
3914,0,svm,max,balanced,cached_mxbai,944,1782231922.6264944,,,
8063,0,svm,max,balanced,cached_mxbai,945,1782231922.7451415,,,
5039,0,svm,max,balanced,cached_mxbai,946,1782231922.8642294,,,
3099,0,svm,max,balanced,cached_mxbai,947,1782231922.9824562,,,
5111,0,svm,max,balanced,cached_mxbai,948,1782231923.1028008,,,
8428,0,svm,max,balanced,cached_mxbai,949,1782231923.22216,,,
1585,0,svm,max,balanced,cached_mxbai,950,1782231923.3447473,,,
4836,0,svm,max,balanced,cached_mxbai,951,1782231923.4665344,,,
677,0,svm,max,balanced,cached_mxbai,952,1782231923.5858252,,,
1003,0,svm,max,balanced,cached_mxbai,953,1782231923.7070749,,,
5365,0,svm,max,balanced,cached_mxbai,954,1782231923.8328567,,,
3185,0,svm,max,balanced,cached_mxbai,955,1782231923.9525745,,,
3558,0,svm,max,balanced,cached_mxbai,956,1782231924.0715773,,,
4703,0,svm,max,balanced,cached_mxbai,957,1782231924.18833,,,
10169,0,svm,max,balanced,cached_mxbai,958,1782231924.3069756,,,
4136,0,svm,max,balanced,cached_mxbai,959,1782231924.4281344,,,
4588,0,svm,max,balanced,cached_mxbai,960,1782231924.5474646,,,
3569,0,svm,max,balanced,cached_mxbai,961,1782231924.6696708,,,
25,0,svm,max,balanced,cached_mxbai,962,1782231924.792649,,,
6634,0,svm,max,balanced,cached_mxbai,963,1782231924.9120967,,,
4680,0,svm,max,balanced,cached_mxbai,964,1782231925.0399756,,,
6646,0,svm,max,balanced,cached_mxbai,965,1782231925.1659904,,,
3748,0,svm,max,balanced,cached_mxbai,966,1782231925.3132026,,,
1911,0,svm,max,balanced,cached_mxbai,967,1782231925.4457173,,,
3994,0,svm,max,balanced,cached_mxbai,968,1782231925.5694962,,,
3080,0,svm,max,balanced,cached_mxbai,969,1782231925.6925962,,,
4744,0,svm,max,balanced,cached_mxbai,970,1782231925.8192616,,,
8092,0,svm,max,balanced,cached_mxbai,971,1782231925.9414172,,,
4424,0,svm,max,balanced,cached_mxbai,972,1782231926.0649252,,,
9763,0,svm,max,balanced,cached_mxbai,973,1782231926.1860778,,,
6013,0,svm,max,balanced,cached_mxbai,974,1782231926.3104765,,,
4729,0,svm,max,balanced,cached_mxbai,975,1782231926.4353204,,,
3960,0,svm,max,balanced,cached_mxbai,976,1782231926.5592656,,,
3873,0,svm,max,balanced,cached_mxbai,977,1782231926.6799426,,,
9996,0,svm,max,balanced,cached_mxbai,978,1782231926.8047109,,,
9213,0,svm,max,balanced,cached_mxbai,979,1782231926.926551,,,
5134,0,svm,max,balanced,cached_mxbai,980,1782231927.047668,,,
4951,0,svm,max,balanced,cached_mxbai,981,1782231927.1741753,,,
8993,0,svm,max,balanced,cached_mxbai,982,1782231927.2990298,,,
5996,0,svm,max,balanced,cached_mxbai,983,1782231927.424605,,,
4813,0,svm,max,balanced,cached_mxbai,984,1782231927.5464122,,,
3187,0,svm,max,balanced,cached_mxbai,985,1782231927.671534,,,
5449,0,svm,max,balanced,cached_mxbai,986,1782231927.7979703,,,
10112,0,svm,max,balanced,cached_mxbai,987,1782231927.9220557,,,
6842,0,svm,max,balanced,cached_mxbai,988,1782231928.0472476,,,
5077,0,svm,max,balanced,cached_mxbai,989,1782231928.1733902,,,
4635,0,svm,max,balanced,cached_mxbai,990,1782231928.2995064,,,
10484,0,svm,max,balanced,cached_mxbai,991,1782231928.424242,,,
1149,0,svm,max,balanced,cached_mxbai,992,1782231928.5478292,,,
1008,0,svm,max,balanced,cached_mxbai,993,1782231928.6726983,,,
955,0,svm,max,balanced,cached_mxbai,994,1782231928.7983015,,,
3767,0,svm,max,balanced,cached_mxbai,995,1782231928.9224231,,,
4104,0,svm,max,balanced,cached_mxbai,996,1782231929.047206,,,
8563,0,svm,max,balanced,cached_mxbai,997,1782231929.1734238,,,
6607,0,svm,max,balanced,cached_mxbai,998,1782231929.3021872,,,
6438,0,svm,max,balanced,cached_mxbai,999,1782231929.428534,,,
6499,0,svm,max,balanced,cached_mxbai,1000,1782231929.5567868,,,
4905,0,svm,max,balanced,cached_mxbai,1001,1782231929.6827304,,,
3836,0,svm,max,balanced,cached_mxbai,1002,1782231929.8119538,,,
6631,0,svm,max,balanced,cached_mxbai,1003,1782231929.9398441,,,
7262,0,svm,max,balanced,cached_mxbai,1004,1782231930.0680296,,,
387,0,svm,max,balanced,cached_mxbai,1005,1782231930.19472,,,
3197,0,svm,max,balanced,cached_mxbai,1006,1782231930.3178186,,,
4162,0,svm,max,balanced,cached_mxbai,1007,1782231930.443792,,,
8839,0,svm,max,balanced,cached_mxbai,1008,1782231930.571036,,,
4434,0,svm,max,balanced,cached_mxbai,1009,1782231930.6990335,,,
10122,0,svm,max,balanced,cached_mxbai,1010,1782231930.8316727,,,
2259,0,svm,max,balanced,cached_mxbai,1011,1782231930.9569108,,,
4705,0,svm,max,balanced,cached_mxbai,1012,1782231931.0862622,,,
4166,0,svm,max,balanced,cached_mxbai,1013,1782231931.213993,,,
5244,0,svm,max,balanced,cached_mxbai,1014,1782231931.3432386,,,
8153,0,svm,max,balanced,cached_mxbai,1015,1782231931.4742236,,,
6411,0,svm,max,balanced,cached_mxbai,1016,1782231931.6047306,,,
4513,0,svm,max,balanced,cached_mxbai,1017,1782231931.7346206,,,
8909,0,svm,max,balanced,cached_mxbai,1018,1782231931.8658412,,,
4410,0,svm,max,balanced,cached_mxbai,1019,1782231931.9932592,,,
8598,0,svm,max,balanced,cached_mxbai,1020,1782231932.1239843,,,
5078,0,svm,max,balanced,cached_mxbai,1021,1782231932.254132,,,
4217,0,svm,max,balanced,cached_mxbai,1022,1782231932.381007,,,
5154,0,svm,max,balanced,cached_mxbai,1023,1782231932.508995,,,
4912,0,svm,max,balanced,cached_mxbai,1024,1782231932.623681,,,
6326,0,svm,max,balanced,cached_mxbai,1025,1782231932.7372046,,,
6991,0,svm,max,balanced,cached_mxbai,1026,1782231932.848506,,,
8049,0,svm,max,balanced,cached_mxbai,1027,1782231932.9616127,,,
2428,0,svm,max,balanced,cached_mxbai,1028,1782231933.0771153,,,
5238,0,svm,max,balanced,cached_mxbai,1029,1782231933.1936693,,,
10000,0,svm,max,balanced,cached_mxbai,1030,1782231933.3114696,,,
2258,0,svm,max,balanced,cached_mxbai,1031,1782231933.426985,,,
7002,0,svm,max,balanced,cached_mxbai,1032,1782231933.5493202,,,
6136,0,svm,max,balanced,cached_mxbai,1033,1782231933.6810489,,,
4886,0,svm,max,balanced,cached_mxbai,1034,1782231933.8004143,,,
6798,0,svm,max,balanced,cached_mxbai,1035,1782231933.9223008,,,
7490,0,svm,max,balanced,cached_mxbai,1036,1782231934.0544202,,,
1840,0,svm,max,balanced,cached_mxbai,1037,1782231934.1768844,,,
4522,0,svm,max,balanced,cached_mxbai,1038,1782231934.3098092,,,
4121,0,svm,max,balanced,cached_mxbai,1039,1782231934.43462,,,
828,0,svm,max,balanced,cached_mxbai,1040,1782231934.551869,,,
9429,0,svm,max,balanced,cached_mxbai,1041,1782231934.666418,,,
7577,0,svm,max,balanced,cached_mxbai,1042,1782231934.7815752,,,
4507,0,svm,max,balanced,cached_mxbai,1043,1782231934.8950999,,,
620,0,svm,max,balanced,cached_mxbai,1044,1782231935.0085113,,,
6743,0,svm,max,balanced,cached_mxbai,1045,1782231935.1275086,,,
4564,0,svm,max,balanced,cached_mxbai,1046,1782231935.24978,,,
9957,0,svm,max,balanced,cached_mxbai,1047,1782231935.381802,,,
23,0,svm,max,balanced,cached_mxbai,1048,1782231935.496699,,,
4985,0,svm,max,balanced,cached_mxbai,1049,1782231935.6115832,,,
7207,0,svm,max,balanced,cached_mxbai,1050,1782231935.7259822,,,
7390,0,svm,max,balanced,cached_mxbai,1051,1782231935.8416302,,,
2429,0,svm,max,balanced,cached_mxbai,1052,1782231935.9557278,,,
5968,0,svm,max,balanced,cached_mxbai,1053,1782231936.0702598,,,
8486,0,svm,max,balanced,cached_mxbai,1054,1782231936.1848752,,,
4568,0,svm,max,balanced,cached_mxbai,1055,1782231936.3038352,,,
4364,0,svm,max,balanced,cached_mxbai,1056,1782231936.4187014,,,
72,0,svm,max,balanced,cached_mxbai,1057,1782231936.5336938,,,
3543,0,svm,max,balanced,cached_mxbai,1058,1782231936.6478357,,,
5398,0,svm,max,balanced,cached_mxbai,1059,1782231936.7631233,,,
4773,0,svm,max,balanced,cached_mxbai,1060,1782231936.8789124,,,
9759,0,svm,max,balanced,cached_mxbai,1061,1782231936.994736,,,
1048,0,svm,max,balanced,cached_mxbai,1062,1782231937.1098616,,,
6150,0,svm,max,balanced,cached_mxbai,1063,1782231937.2258575,,,
5088,0,svm,max,balanced,cached_mxbai,1064,1782231937.3481994,,,
10493,0,svm,max,balanced,cached_mxbai,1065,1782231937.4641476,,,
3583,0,svm,max,balanced,cached_mxbai,1066,1782231937.580889,,,
4484,0,svm,max,balanced,cached_mxbai,1067,1782231937.695205,,,
4112,0,svm,max,balanced,cached_mxbai,1068,1782231937.8113146,,,
4910,0,svm,max,balanced,cached_mxbai,1069,1782231937.9268794,,,
3677,0,svm,max,balanced,cached_mxbai,1070,1782231938.0419936,,,
7108,0,svm,max,balanced,cached_mxbai,1071,1782231938.1572113,,,
10031,0,svm,max,balanced,cached_mxbai,1072,1782231938.2740817,,,
4631,0,svm,max,balanced,cached_mxbai,1073,1782231938.3923297,,,
5093,0,svm,max,balanced,cached_mxbai,1074,1782231938.5077853,,,
6121,0,svm,max,balanced,cached_mxbai,1075,1782231938.6242,,,
7702,0,svm,max,balanced,cached_mxbai,1076,1782231938.7405345,,,
3147,0,svm,max,balanced,cached_mxbai,1077,1782231938.856531,,,
5034,0,svm,max,balanced,cached_mxbai,1078,1782231938.97223,,,
6421,0,svm,max,balanced,cached_mxbai,1079,1782231939.0878575,,,
2745,0,svm,max,balanced,cached_mxbai,1080,1782231939.2037477,,,
6120,0,svm,max,balanced,cached_mxbai,1081,1782231939.32293,,,
4295,0,svm,max,balanced,cached_mxbai,1082,1782231939.4385056,,,
4587,0,svm,max,balanced,cached_mxbai,1083,1782231939.555548,,,
1461,0,svm,max,balanced,cached_mxbai,1084,1782231939.6706233,,,
8530,0,svm,max,balanced,cached_mxbai,1085,1782231939.7863953,,,
4026,0,svm,max,balanced,cached_mxbai,1086,1782231939.9015057,,,
4673,0,svm,max,balanced,cached_mxbai,1087,1782231940.016323,,,
2803,0,svm,max,balanced,cached_mxbai,1088,1782231940.1323318,,,
5468,0,svm,max,balanced,cached_mxbai,1089,1782231940.2483907,,,
6147,0,svm,max,balanced,cached_mxbai,1090,1782231940.3694744,,,
3515,0,svm,max,balanced,cached_mxbai,1091,1782231940.486607,,,
6485,0,svm,max,balanced,cached_mxbai,1092,1782231940.6047919,,,
4574,0,svm,max,balanced,cached_mxbai,1093,1782231940.7228837,,,
9394,0,svm,max,balanced,cached_mxbai,1094,1782231940.839361,,,
1082,0,svm,max,balanced,cached_mxbai,1095,1782231940.9569037,,,
4523,0,svm,max,balanced,cached_mxbai,1096,1782231941.073667,,,
4442,0,svm,max,balanced,cached_mxbai,1097,1782231941.1901488,,,
3969,0,svm,max,balanced,cached_mxbai,1098,1782231941.3058212,,,
4514,0,svm,max,balanced,cached_mxbai,1099,1782231941.4256577,,,
7351,1,svm,max,balanced,cached_mxbai,1100,1782231941.542377,,,
9683,0,svm,max,balanced,cached_mxbai,1101,1782231941.6592236,,,
4962,0,svm,max,balanced,cached_mxbai,1102,1782231941.7764554,,,
9028,0,svm,max,balanced,cached_mxbai,1103,1782231941.892851,,,
5131,0,svm,max,balanced,cached_mxbai,1104,1782231942.0078912,,,
5116,0,svm,max,balanced,cached_mxbai,1105,1782231942.124646,,,
4131,0,svm,max,balanced,cached_mxbai,1106,1782231942.2425463,,,
4053,0,svm,max,balanced,cached_mxbai,1107,1782231942.3633316,,,
5516,0,svm,max,balanced,cached_mxbai,1108,1782231942.4788957,,,
6249,0,svm,max,balanced,cached_mxbai,1109,1782231942.5996904,,,
5237,0,svm,max,balanced,cached_mxbai,1110,1782231942.7173924,,,
7804,0,svm,max,balanced,cached_mxbai,1111,1782231942.8363853,,,
7948,0,svm,max,balanced,cached_mxbai,1112,1782231942.952761,,,
37,0,svm,max,balanced,cached_mxbai,1113,1782231943.0709252,,,
5165,0,svm,max,balanced,cached_mxbai,1114,1782231943.1903198,,,
5870,0,svm,max,balanced,cached_mxbai,1115,1782231943.310464,,,
6609,0,svm,max,balanced,cached_mxbai,1116,1782231943.4336271,,,
4595,0,svm,max,balanced,cached_mxbai,1117,1782231943.551747,,,
2264,0,svm,max,balanced,cached_mxbai,1118,1782231943.6717827,,,
3954,0,svm,max,balanced,cached_mxbai,1119,1782231943.7938,,,
2053,0,svm,max,balanced,cached_mxbai,1120,1782231943.9124258,,,
2306,0,svm,max,balanced,cached_mxbai,1121,1782231944.0298383,,,
3081,0,svm,max,balanced,cached_mxbai,1122,1782231944.1499796,,,
5112,0,svm,max,balanced,cached_mxbai,1123,1782231944.2724123,,,
8126,0,svm,max,balanced,cached_mxbai,1124,1782231944.3941483,,,
4870,0,svm,max,balanced,cached_mxbai,1125,1782231944.5109699,,,
4415,0,svm,max,balanced,cached_mxbai,1126,1782231944.631783,,,
421,0,svm,max,balanced,cached_mxbai,1127,1782231944.7541537,,,
1492,0,svm,max,balanced,cached_mxbai,1128,1782231944.8778443,,,
9382,0,svm,max,balanced,cached_mxbai,1129,1782231944.997518,,,
10308,0,svm,max,balanced,cached_mxbai,1130,1782231945.1227741,,,
5425,0,svm,max,balanced,cached_mxbai,1131,1782231945.2544456,,,
10166,0,svm,max,balanced,cached_mxbai,1132,1782231945.415472,,,
6414,0,svm,max,balanced,cached_mxbai,1133,1782231945.5368032,,,
4895,0,svm,max,balanced,cached_mxbai,1134,1782231945.6584675,,,
3280,0,svm,max,balanced,cached_mxbai,1135,1782231945.777114,,,
2627,0,svm,max,balanced,cached_mxbai,1136,1782231945.899027,,,
4710,0,svm,max,balanced,cached_mxbai,1137,1782231946.0193217,,,
5581,0,svm,max,balanced,cached_mxbai,1138,1782231946.1403,,,
8597,0,svm,max,balanced,cached_mxbai,1139,1782231946.2621408,,,
2943,0,svm,max,balanced,cached_mxbai,1140,1782231946.3882115,,,
413,0,svm,max,balanced,cached_mxbai,1141,1782231946.5094585,,,
4684,0,svm,max,balanced,cached_mxbai,1142,1782231946.632545,,,
3657,0,svm,max,balanced,cached_mxbai,1143,1782231946.7557783,,,
3720,0,svm,max,balanced,cached_mxbai,1144,1782231946.8788238,,,
6126,0,svm,max,balanced,cached_mxbai,1145,1782231946.9992456,,,
8036,0,svm,max,balanced,cached_mxbai,1146,1782231947.1229184,,,
4480,0,svm,max,balanced,cached_mxbai,1147,1782231947.2481387,,,
3586,0,svm,max,balanced,cached_mxbai,1148,1782231947.3714573,,,
6601,0,svm,max,balanced,cached_mxbai,1149,1782231947.4968498,,,
6936,0,svm,max,balanced,cached_mxbai,1150,1782231947.6197102,,,
1287,0,svm,max,balanced,cached_mxbai,1151,1782231947.7440946,,,
4602,0,svm,max,balanced,cached_mxbai,1152,1782231947.868218,,,
9876,0,svm,max,balanced,cached_mxbai,1153,1782231947.9836142,,,
130,0,svm,max,balanced,cached_mxbai,1154,1782231948.1007352,,,
6298,0,svm,max,balanced,cached_mxbai,1155,1782231948.2155776,,,
2235,0,svm,max,balanced,cached_mxbai,1156,1782231948.3335207,,,
4812,0,svm,max,balanced,cached_mxbai,1157,1782231948.454139,,,
131,0,svm,max,balanced,cached_mxbai,1158,1782231948.5714726,,,
3886,0,svm,max,balanced,cached_mxbai,1159,1782231948.6899989,,,
571,0,svm,max,balanced,cached_mxbai,1160,1782231948.8182132,,,
4961,0,svm,max,balanced,cached_mxbai,1161,1782231948.9380457,,,
7001,0,svm,max,balanced,cached_mxbai,1162,1782231949.0554976,,,
3170,0,svm,max,balanced,cached_mxbai,1163,1782231949.1757472,,,
7468,0,svm,max,balanced,cached_mxbai,1164,1782231949.2984982,,,
10531,0,svm,max,balanced,cached_mxbai,1165,1782231949.420571,,,
6458,0,svm,max,balanced,cached_mxbai,1166,1782231949.5366073,,,
9411,0,svm,max,balanced,cached_mxbai,1167,1782231949.6533017,,,
3757,0,svm,max,balanced,cached_mxbai,1168,1782231949.77114,,,
2216,0,svm,max,balanced,cached_mxbai,1169,1782231949.8897126,,,
7500,0,svm,max,balanced,cached_mxbai,1170,1782231950.0056572,,,
7771,0,svm,max,balanced,cached_mxbai,1171,1782231950.1231608,,,
8355,0,svm,max,balanced,cached_mxbai,1172,1782231950.2411928,,,
3423,0,svm,max,balanced,cached_mxbai,1173,1782231950.3572311,,,
4459,0,svm,max,balanced,cached_mxbai,1174,1782231950.4779272,,,
3981,0,svm,max,balanced,cached_mxbai,1175,1782231950.593595,,,
3475,0,svm,max,balanced,cached_mxbai,1176,1782231950.7092535,,,
2770,0,svm,max,balanced,cached_mxbai,1177,1782231950.8271875,,,
9370,0,svm,max,balanced,cached_mxbai,1178,1782231950.9433036,,,
4928,0,svm,max,balanced,cached_mxbai,1179,1782231951.0607808,,,
3644,0,svm,max,balanced,cached_mxbai,1180,1782231951.18108,,,
6643,1,svm,max,balanced,cached_mxbai,1181,1782231951.2982638,,,
6278,0,svm,max,balanced,cached_mxbai,1182,1782231951.4210823,,,
6644,1,svm,max,balanced,cached_mxbai,1183,1782231951.5418143,,,
9128,1,svm,max,balanced,cached_mxbai,1184,1782231951.660176,,,
8116,1,svm,max,balanced,cached_mxbai,1185,1782231951.7788577,,,
7102,0,svm,max,balanced,cached_mxbai,1186,1782231951.9024508,,,
3098,0,svm,max,balanced,cached_mxbai,1187,1782231952.0266404,,,
5058,0,svm,max,balanced,cached_mxbai,1188,1782231952.1468246,,,
10230,0,svm,max,balanced,cached_mxbai,1189,1782231952.2683706,,,
10390,0,svm,max,balanced,cached_mxbai,1190,1782231952.3904245,,,
4712,0,svm,max,balanced,cached_mxbai,1191,1782231952.5104432,,,
7464,0,svm,max,balanced,cached_mxbai,1192,1782231952.6366434,,,
8586,0,svm,max,balanced,cached_mxbai,1193,1782231952.7603498,,,
7910,0,svm,max,balanced,cached_mxbai,1194,1782231952.8800683,,,
4687,0,svm,max,balanced,cached_mxbai,1195,1782231952.9999666,,,
4936,0,svm,max,balanced,cached_mxbai,1196,1782231953.118009,,,
2341,0,svm,max,balanced,cached_mxbai,1197,1782231953.2374976,,,
4362,0,svm,max,balanced,cached_mxbai,1198,1782231953.3569324,,,
6838,0,svm,max,balanced,cached_mxbai,1199,1782231953.4776583,,,
4815,0,svm,max,balanced,cached_mxbai,1200,1782231953.5957415,,,
7996,0,svm,max,balanced,cached_mxbai,1201,1782231953.715051,,,
918,0,svm,max,balanced,cached_mxbai,1202,1782231953.8367934,,,
4977,0,svm,max,balanced,cached_mxbai,1203,1782231953.9580238,,,
7087,0,svm,max,balanced,cached_mxbai,1204,1782231954.0759897,,,
6545,0,svm,max,balanced,cached_mxbai,1205,1782231954.1949399,,,
849,0,svm,max,balanced,cached_mxbai,1206,1782231954.317283,,,
1694,0,svm,max,balanced,cached_mxbai,1207,1782231954.4407833,,,
4932,0,svm,max,balanced,cached_mxbai,1208,1782231954.5589359,,,
4481,0,svm,max,balanced,cached_mxbai,1209,1782231954.6802588,,,
10508,0,svm,max,balanced,cached_mxbai,1210,1782231954.800615,,,
7088,0,svm,max,balanced,cached_mxbai,1211,1782231954.922638,,,
7478,0,svm,max,balanced,cached_mxbai,1212,1782231955.0575097,,,
5089,0,svm,max,balanced,cached_mxbai,1213,1782231955.176962,,,
3669,0,svm,max,balanced,cached_mxbai,1214,1782231955.335802,,,
7327,0,svm,max,balanced,cached_mxbai,1215,1782231955.4576225,,,
4736,0,svm,max,balanced,cached_mxbai,1216,1782231955.5767152,,,
4839,0,svm,max,balanced,cached_mxbai,1217,1782231955.6978734,,,
26,0,svm,max,balanced,cached_mxbai,1218,1782231955.8172941,,,
4389,0,svm,max,balanced,cached_mxbai,1219,1782231955.9378786,,,
5095,0,svm,max,balanced,cached_mxbai,1220,1782231956.057221,,,
8100,0,svm,max,balanced,cached_mxbai,1221,1782231956.1765213,,,
859,0,svm,max,balanced,cached_mxbai,1222,1782231956.2958963,,,
1724,0,svm,max,balanced,cached_mxbai,1223,1782231956.4137,,,
8709,0,svm,max,balanced,cached_mxbai,1224,1782231956.5365026,,,
7661,0,svm,max,balanced,cached_mxbai,1225,1782231956.6567376,,,
7335,0,svm,max,balanced,cached_mxbai,1226,1782231956.7774534,,,
6432,0,svm,max,balanced,cached_mxbai,1227,1782231956.9075668,,,
4781,0,svm,max,balanced,cached_mxbai,1228,1782231957.0341554,,,
4789,0,svm,max,balanced,cached_mxbai,1229,1782231957.170919,,,
6727,0,svm,max,balanced,cached_mxbai,1230,1782231957.2996883,,,
6602,0,svm,max,balanced,cached_mxbai,1231,1782231957.4267743,,,
4790,0,svm,max,balanced,cached_mxbai,1232,1782231957.5584538,,,
9664,0,svm,max,balanced,cached_mxbai,1233,1782231957.6869457,,,
4974,0,svm,max,balanced,cached_mxbai,1234,1782231957.8122613,,,
3588,0,svm,max,balanced,cached_mxbai,1235,1782231957.9395535,,,
7066,0,svm,max,balanced,cached_mxbai,1236,1782231958.0673256,,,
3291,0,svm,max,balanced,cached_mxbai,1237,1782231958.1956527,,,
1445,1,svm,max,balanced,cached_mxbai,1238,1782231958.323486,,,
3500,0,svm,max,balanced,cached_mxbai,1239,1782231958.450277,,,
9240,0,svm,max,balanced,cached_mxbai,1240,1782231958.5817099,,,
3115,0,svm,max,balanced,cached_mxbai,1241,1782231958.7098603,,,
3486,0,svm,max,balanced,cached_mxbai,1242,1782231958.8400533,,,
1161,0,svm,max,balanced,cached_mxbai,1243,1782231958.9658153,,,
3519,0,svm,max,balanced,cached_mxbai,1244,1782231959.095814,,,
1536,0,svm,max,balanced,cached_mxbai,1245,1782231959.2301123,,,
2352,0,svm,max,balanced,cached_mxbai,1246,1782231959.3616412,,,
2161,0,svm,max,balanced,cached_mxbai,1247,1782231959.493488,,,
9009,0,svm,max,balanced,cached_mxbai,1248,1782231959.620325,,,
4845,0,svm,max,balanced,cached_mxbai,1249,1782231959.7519708,,,
3242,0,svm,max,balanced,cached_mxbai,1250,1782231959.8808198,,,
1746,0,svm,max,balanced,cached_mxbai,1251,1782231960.0060399,,,
7259,0,svm,max,balanced,cached_mxbai,1252,1782231960.1335688,,,
3756,0,svm,max,balanced,cached_mxbai,1253,1782231960.2594633,,,
5022,0,svm,max,balanced,cached_mxbai,1254,1782231960.386163,,,
4811,0,svm,max,balanced,cached_mxbai,1255,1782231960.518124,,,
5387,0,svm,max,balanced,cached_mxbai,1256,1782231960.644546,,,
5000,0,svm,max,balanced,cached_mxbai,1257,1782231960.7734926,,,
9912,0,svm,max,balanced,cached_mxbai,1258,1782231960.9022052,,,
3987,0,svm,max,balanced,cached_mxbai,1259,1782231961.0289466,,,
3957,0,svm,max,balanced,cached_mxbai,1260,1782231961.1590269,,,
2447,0,svm,max,balanced,cached_mxbai,1261,1782231961.2911751,,,
8507,0,svm,max,balanced,cached_mxbai,1262,1782231961.4185445,,,
3605,0,svm,max,balanced,cached_mxbai,1263,1782231961.5504146,,,
5001,0,svm,max,balanced,cached_mxbai,1264,1782231961.6789672,,,
8911,0,svm,max,balanced,cached_mxbai,1265,1782231961.812214,,,
6907,0,svm,max,balanced,cached_mxbai,1266,1782231961.9431133,,,
5221,0,svm,max,balanced,cached_mxbai,1267,1782231962.071086,,,
9180,0,svm,max,balanced,cached_mxbai,1268,1782231962.1993155,,,
4403,0,svm,max,balanced,cached_mxbai,1269,1782231962.3292053,,,
6574,0,svm,max,balanced,cached_mxbai,1270,1782231962.4560256,,,
6322,0,svm,max,balanced,cached_mxbai,1271,1782231962.5902603,,,
3345,0,svm,max,balanced,cached_mxbai,1272,1782231962.7199047,,,
6355,0,svm,max,balanced,cached_mxbai,1273,1782231962.851615,,,
4646,0,svm,max,balanced,cached_mxbai,1274,1782231962.9793994,,,
3431,0,svm,max,balanced,cached_mxbai,1275,1782231963.1079628,,,
8544,0,svm,max,balanced,cached_mxbai,1276,1782231963.237958,,,
3564,0,svm,max,balanced,cached_mxbai,1277,1782231963.36748,,,
6358,0,svm,max,balanced,cached_mxbai,1278,1782231963.4964688,,,
6670,0,svm,max,balanced,cached_mxbai,1279,1782231963.6296976,,,
7961,0,svm,max,balanced,cached_mxbai,1280,1782231963.760046,,,
1968,0,svm,max,balanced,cached_mxbai,1281,1782231963.8919432,,,
7171,0,svm,max,balanced,cached_mxbai,1282,1782231964.0195706,,,
4653,0,svm,max,balanced,cached_mxbai,1283,1782231964.1492784,,,
4215,0,svm,max,balanced,cached_mxbai,1284,1782231964.2783897,,,
9083,0,svm,max,balanced,cached_mxbai,1285,1782231964.4138145,,,
8560,0,svm,max,balanced,cached_mxbai,1286,1782231964.5585842,,,
4892,0,svm,max,balanced,cached_mxbai,1287,1782231964.6922967,,,
8410,0,svm,max,balanced,cached_mxbai,1288,1782231964.8239806,,,
5992,0,svm,max,balanced,cached_mxbai,1289,1782231964.9548564,,,
4818,0,svm,max,balanced,cached_mxbai,1290,1782231965.0907884,,,
4351,0,svm,max,balanced,cached_mxbai,1291,1782231965.2307618,,,
9834,0,svm,max,balanced,cached_mxbai,1292,1782231965.381831,,,
8848,0,svm,max,balanced,cached_mxbai,1293,1782231965.5118246,,,
3984,0,svm,max,balanced,cached_mxbai,1294,1782231965.6435344,,,
3052,0,svm,max,balanced,cached_mxbai,1295,1782231965.7753608,,,
6137,0,svm,max,balanced,cached_mxbai,1296,1782231965.9062855,,,
7232,0,svm,max,balanced,cached_mxbai,1297,1782231966.037002,,,
5186,0,svm,max,balanced,cached_mxbai,1298,1782231966.1675737,,,
4198,0,svm,max,balanced,cached_mxbai,1299,1782231966.298847,,,
47,0,svm,max,balanced,cached_mxbai,1300,1782231966.431428,,,
4655,0,svm,max,balanced,cached_mxbai,1301,1782231966.5632925,,,
4416,0,svm,max,balanced,cached_mxbai,1302,1782231966.695432,,,
10399,0,svm,max,balanced,cached_mxbai,1303,1782231966.8269634,,,
4231,0,svm,max,balanced,cached_mxbai,1304,1782231966.956672,,,
4412,0,svm,max,balanced,cached_mxbai,1305,1782231967.0876677,,,
9272,0,svm,max,balanced,cached_mxbai,1306,1782231967.2200446,,,
4926,0,svm,max,balanced,cached_mxbai,1307,1782231967.351423,,,
3188,0,svm,max,balanced,cached_mxbai,1308,1782231967.4823194,,,
6945,0,svm,max,balanced,cached_mxbai,1309,1782231967.6153386,,,
7169,0,svm,max,balanced,cached_mxbai,1310,1782231967.7476966,,,
9604,0,svm,max,balanced,cached_mxbai,1311,1782231967.8810058,,,
4417,0,svm,max,balanced,cached_mxbai,1312,1782231968.0118515,,,
9108,0,svm,max,balanced,cached_mxbai,1313,1782231968.1436973,,,
1156,0,svm,max,balanced,cached_mxbai,1314,1782231968.2753088,,,
4011,0,svm,max,balanced,cached_mxbai,1315,1782231968.4061737,,,
7527,0,svm,max,balanced,cached_mxbai,1316,1782231968.5369399,,,
3033,0,svm,max,balanced,cached_mxbai,1317,1782231968.66858,,,
4291,0,svm,max,balanced,cached_mxbai,1318,1782231968.8000648,,,
7744,0,svm,max,balanced,cached_mxbai,1319,1782231968.9320018,,,
9797,0,svm,max,balanced,cached_mxbai,1320,1782231969.0628564,,,
4958,0,svm,max,balanced,cached_mxbai,1321,1782231969.1925526,,,
3350,0,svm,max,balanced,cached_mxbai,1322,1782231969.3226202,,,
9290,0,svm,max,balanced,cached_mxbai,1323,1782231969.4560099,,,
4419,0,svm,max,balanced,cached_mxbai,1324,1782231969.5916886,,,
1852,0,svm,max,balanced,cached_mxbai,1325,1782231969.7240472,,,
3952,0,svm,max,balanced,cached_mxbai,1326,1782231969.8577971,,,
4772,0,svm,max,balanced,cached_mxbai,1327,1782231969.9893472,,,
10058,0,svm,max,balanced,cached_mxbai,1328,1782231970.121768,,,
8282,0,svm,max,balanced,cached_mxbai,1329,1782231970.2532542,,,
4846,0,svm,max,balanced,cached_mxbai,1330,1782231970.3859472,,,
3693,0,svm,max,balanced,cached_mxbai,1331,1782231970.5206378,,,
9160,0,svm,max,balanced,cached_mxbai,1332,1782231970.6571398,,,
5575,0,svm,max,balanced,cached_mxbai,1333,1782231970.7919652,,,
6482,0,svm,max,balanced,cached_mxbai,1334,1782231970.9249008,,,
9449,0,svm,max,balanced,cached_mxbai,1335,1782231971.05651,,,
4537,0,svm,max,balanced,cached_mxbai,1336,1782231971.1877773,,,
3061,0,svm,max,balanced,cached_mxbai,1337,1782231971.3226984,,,
7632,0,svm,max,balanced,cached_mxbai,1338,1782231971.455657,,,
5235,0,svm,max,balanced,cached_mxbai,1339,1782231971.5913892,,,
7079,0,svm,max,balanced,cached_mxbai,1340,1782231971.725108,,,
10326,0,svm,max,balanced,cached_mxbai,1341,1782231971.860295,,,
10060,0,svm,max,balanced,cached_mxbai,1342,1782231971.9924266,,,
4098,0,svm,max,balanced,cached_mxbai,1343,1782231972.1256456,,,
8812,0,svm,max,balanced,cached_mxbai,1344,1782231972.2588391,,,
5511,0,svm,max,balanced,cached_mxbai,1345,1782231972.3931735,,,
4469,0,svm,max,balanced,cached_mxbai,1346,1782231972.5262423,,,
7691,0,svm,max,balanced,cached_mxbai,1347,1782231972.6636565,,,
6748,0,svm,max,balanced,cached_mxbai,1348,1782231972.7998421,,,
6338,0,svm,max,balanced,cached_mxbai,1349,1782231972.9363387,,,
8050,0,svm,max,balanced,cached_mxbai,1350,1782231973.0693004,,,
5018,0,svm,max,balanced,cached_mxbai,1351,1782231973.2017725,,,
4700,0,svm,max,balanced,cached_mxbai,1352,1782231973.335656,,,
4148,0,svm,max,balanced,cached_mxbai,1353,1782231973.483819,,,
7149,0,svm,max,balanced,cached_mxbai,1354,1782231973.635,,,
4865,0,svm,max,balanced,cached_mxbai,1355,1782231973.7835767,,,
3282,0,svm,max,balanced,cached_mxbai,1356,1782231973.9209363,,,
8679,0,svm,max,balanced,cached_mxbai,1357,1782231974.0565183,,,
5939,0,svm,max,balanced,cached_mxbai,1358,1782231974.1911826,,,
4575,0,svm,max,balanced,cached_mxbai,1359,1782231974.3282695,,,
2965,0,svm,max,balanced,cached_mxbai,1360,1782231974.461728,,,
4111,0,svm,max,balanced,cached_mxbai,1361,1782231974.6026103,,,
8473,0,svm,max,balanced,cached_mxbai,1362,1782231974.7397304,,,
4893,0,svm,max,balanced,cached_mxbai,1363,1782231974.8765996,,,
5552,0,svm,max,balanced,cached_mxbai,1364,1782231975.0103695,,,
3440,0,svm,max,balanced,cached_mxbai,1365,1782231975.1507428,,,
1262,0,svm,max,balanced,cached_mxbai,1366,1782231975.3155513,,,
6005,0,svm,max,balanced,cached_mxbai,1367,1782231975.4550307,,,
570,0,svm,max,balanced,cached_mxbai,1368,1782231975.5883253,,,
5902,0,svm,max,balanced,cached_mxbai,1369,1782231975.7244306,,,
4012,0,svm,max,balanced,cached_mxbai,1370,1782231975.8607588,,,
9209,0,svm,max,balanced,cached_mxbai,1371,1782231975.998498,,,
5014,0,svm,max,balanced,cached_mxbai,1372,1782231976.1346867,,,
9623,0,svm,max,balanced,cached_mxbai,1373,1782231976.2703161,,,
4331,0,svm,max,balanced,cached_mxbai,1374,1782231976.407518,,,
4411,0,svm,max,balanced,cached_mxbai,1375,1782231976.544275,,,
4668,0,svm,max,balanced,cached_mxbai,1376,1782231976.6790848,,,
1078,0,svm,max,balanced,cached_mxbai,1377,1782231976.813843,,,
5161,0,svm,max,balanced,cached_mxbai,1378,1782231976.9524746,,,
2066,0,svm,max,balanced,cached_mxbai,1379,1782231977.0905495,,,
9773,0,svm,max,balanced,cached_mxbai,1380,1782231977.2273164,,,
5212,0,svm,max,balanced,cached_mxbai,1381,1782231977.3639379,,,
3146,0,svm,max,balanced,cached_mxbai,1382,1782231977.503532,,,
10088,0,svm,max,balanced,cached_mxbai,1383,1782231977.6424558,,,
4853,0,svm,max,balanced,cached_mxbai,1384,1782231977.77779,,,
3236,0,svm,max,balanced,cached_mxbai,1385,1782231977.9199514,,,
4319,0,svm,max,balanced,cached_mxbai,1386,1782231978.0584385,,,
4882,0,svm,max,balanced,cached_mxbai,1387,1782231978.1984007,,,
8158,0,svm,max,balanced,cached_mxbai,1388,1782231978.3348677,,,
6285,0,svm,max,balanced,cached_mxbai,1389,1782231978.470565,,,
4530,0,svm,max,balanced,cached_mxbai,1390,1782231978.607965,,,
3434,0,svm,max,balanced,cached_mxbai,1391,1782231978.7462707,,,
5839,1,svm,max,balanced,cached_mxbai,1392,1782231978.8860586,,,
7743,0,svm,max,balanced,cached_mxbai,1393,1782231979.0260015,,,
3634,0,svm,max,balanced,cached_mxbai,1394,1782231979.166847,,,
7712,0,svm,max,balanced,cached_mxbai,1395,1782231979.3058488,,,
2254,0,svm,max,balanced,cached_mxbai,1396,1782231979.444603,,,
5024,0,svm,max,balanced,cached_mxbai,1397,1782231979.5839477,,,
5956,0,svm,max,balanced,cached_mxbai,1398,1782231979.7247636,,,
4261,0,svm,max,balanced,cached_mxbai,1399,1782231979.863487,,,
4799,0,svm,max,balanced,cached_mxbai,1400,1782231980.002634,,,
8038,0,svm,max,balanced,cached_mxbai,1401,1782231980.141787,,,
4632,0,svm,max,balanced,cached_mxbai,1402,1782231980.2802303,,,
3506,0,svm,max,balanced,cached_mxbai,1403,1782231980.4176118,,,
4652,0,svm,max,balanced,cached_mxbai,1404,1782231980.5535915,,,
8889,0,svm,max,balanced,cached_mxbai,1405,1782231980.6913602,,,
273,0,svm,max,balanced,cached_mxbai,1406,1782231980.83061,,,
4804,0,svm,max,balanced,cached_mxbai,1407,1782231980.972445,,,
3044,0,svm,max,balanced,cached_mxbai,1408,1782231981.1123185,,,
3507,0,svm,max,balanced,cached_mxbai,1409,1782231981.2556114,,,
1234,0,svm,max,balanced,cached_mxbai,1410,1782231981.398782,,,
9171,0,svm,max,balanced,cached_mxbai,1411,1782231981.5390935,,,
4970,0,svm,max,balanced,cached_mxbai,1412,1782231981.6868062,,,
5106,0,svm,max,balanced,cached_mxbai,1413,1782231981.8315377,,,
9897,0,svm,max,balanced,cached_mxbai,1414,1782231981.9776304,,,
2039,0,svm,max,balanced,cached_mxbai,1415,1782231982.1176794,,,
5036,0,svm,max,balanced,cached_mxbai,1416,1782231982.2559443,,,
7728,0,svm,max,balanced,cached_mxbai,1417,1782231982.3949637,,,
3763,0,svm,max,balanced,cached_mxbai,1418,1782231982.5352805,,,
8497,0,svm,max,balanced,cached_mxbai,1419,1782231982.6766477,,,
5108,0,svm,max,balanced,cached_mxbai,1420,1782231982.8162646,,,
4664,0,svm,max,balanced,cached_mxbai,1421,1782231982.9624557,,,
759,0,svm,max,balanced,cached_mxbai,1422,1782231983.1008708,,,
3988,0,svm,max,balanced,cached_mxbai,1423,1782231983.2392232,,,
4463,0,svm,max,balanced,cached_mxbai,1424,1782231983.378575,,,
8918,0,svm,max,balanced,cached_mxbai,1425,1782231983.5182939,,,
4142,0,svm,max,balanced,cached_mxbai,1426,1782231983.6565135,,,
10492,0,svm,max,balanced,cached_mxbai,1427,1782231983.7958562,,,
4629,0,svm,max,balanced,cached_mxbai,1428,1782231983.9371173,,,
5245,0,svm,max,balanced,cached_mxbai,1429,1782231984.0785367,,,
4106,0,svm,max,balanced,cached_mxbai,1430,1782231984.2193234,,,
5063,0,svm,max,balanced,cached_mxbai,1431,1782231984.3620548,,,
6771,0,svm,max,balanced,cached_mxbai,1432,1782231984.5019476,,,
5086,0,svm,max,balanced,cached_mxbai,1433,1782231984.642757,,,
8547,0,svm,max,balanced,cached_mxbai,1434,1782231984.7839563,,,
4708,0,svm,max,balanced,cached_mxbai,1435,1782231984.9281151,,,
8928,0,svm,max,balanced,cached_mxbai,1436,1782231985.0878563,,,
6162,0,svm,max,balanced,cached_mxbai,1437,1782231985.2344625,,,
2583,0,svm,max,balanced,cached_mxbai,1438,1782231985.4047873,,,
4991,0,svm,max,balanced,cached_mxbai,1439,1782231985.5512483,,,
8228,0,svm,max,balanced,cached_mxbai,1440,1782231985.698666,,,
4733,0,svm,max,balanced,cached_mxbai,1441,1782231985.8438137,,,
4966,0,svm,max,balanced,cached_mxbai,1442,1782231985.9928327,,,
4336,0,svm,max,balanced,cached_mxbai,1443,1782231986.1408634,,,
5159,0,svm,max,balanced,cached_mxbai,1444,1782231986.2871943,,,
1646,0,svm,max,balanced,cached_mxbai,1445,1782231986.4352963,,,
3024,0,svm,max,balanced,cached_mxbai,1446,1782231986.579523,,,
4615,0,svm,max,balanced,cached_mxbai,1447,1782231986.7254207,,,
2831,0,svm,max,balanced,cached_mxbai,1448,1782231986.8691993,,,
692,0,svm,max,balanced,cached_mxbai,1449,1782231987.0146484,,,
9410,0,svm,max,balanced,cached_mxbai,1450,1782231987.159816,,,
9864,0,svm,max,balanced,cached_mxbai,1451,1782231987.3073037,,,
4676,0,svm,max,balanced,cached_mxbai,1452,1782231987.456349,,,
3905,0,svm,max,balanced,cached_mxbai,1453,1782231987.6025264,,,
3562,0,svm,max,balanced,cached_mxbai,1454,1782231987.7552564,,,
5153,0,svm,max,balanced,cached_mxbai,1455,1782231987.9036226,,,
4045,0,svm,max,balanced,cached_mxbai,1456,1782231988.0528026,,,
4489,0,svm,max,balanced,cached_mxbai,1457,1782231988.197848,,,
6461,0,svm,max,balanced,cached_mxbai,1458,1782231988.343721,,,
9371,0,svm,max,balanced,cached_mxbai,1459,1782231988.4901087,,,
3130,0,svm,max,balanced,cached_mxbai,1460,1782231988.6323113,,,
9176,0,svm,max,balanced,cached_mxbai,1461,1782231988.7818704,,,
5010,0,svm,max,balanced,cached_mxbai,1462,1782231988.9285214,,,
6196,0,svm,max,balanced,cached_mxbai,1463,1782231989.0787625,,,
8463,0,svm,max,balanced,cached_mxbai,1464,1782231989.2259715,,,
5487,0,svm,max,balanced,cached_mxbai,1465,1782231989.3719387,,,
3805,0,svm,max,balanced,cached_mxbai,1466,1782231989.5169268,,,
4600,0,svm,max,balanced,cached_mxbai,1467,1782231989.6608562,,,
5672,0,svm,max,balanced,cached_mxbai,1468,1782231989.809417,,,
10065,0,svm,max,balanced,cached_mxbai,1469,1782231989.9600217,,,
8759,0,svm,max,balanced,cached_mxbai,1470,1782231990.1064532,,,
5984,0,svm,max,balanced,cached_mxbai,1471,1782231990.2501962,,,
7897,0,svm,max,balanced,cached_mxbai,1472,1782231990.3940232,,,
4654,0,svm,max,balanced,cached_mxbai,1473,1782231990.5383143,,,
5643,0,svm,max,balanced,cached_mxbai,1474,1782231990.6847897,,,
8885,0,svm,max,balanced,cached_mxbai,1475,1782231990.8337073,,,
4975,0,svm,max,balanced,cached_mxbai,1476,1782231990.9781368,,,
4553,0,svm,max,balanced,cached_mxbai,1477,1782231991.1253402,,,
5151,0,svm,max,balanced,cached_mxbai,1478,1782231991.2709541,,,
10239,0,svm,max,balanced,cached_mxbai,1479,1782231991.4147003,,,
10242,0,svm,max,balanced,cached_mxbai,1480,1782231991.5599883,,,
1613,0,svm,max,balanced,cached_mxbai,1481,1782231991.7060032,,,
4539,0,svm,max,balanced,cached_mxbai,1482,1782231991.857397,,,
10551,0,svm,max,balanced,cached_mxbai,1483,1782231992.0029407,,,
6569,0,svm,max,balanced,cached_mxbai,1484,1782231992.1503236,,,
4284,0,svm,max,balanced,cached_mxbai,1485,1782231992.297066,,,
4996,0,svm,max,balanced,cached_mxbai,1486,1782231992.442799,,,
8580,0,svm,max,balanced,cached_mxbai,1487,1782231992.5935512,,,
4764,0,svm,max,balanced,cached_mxbai,1488,1782231992.7447484,,,
3640,0,svm,max,balanced,cached_mxbai,1489,1782231992.9115355,,,
4014,0,svm,max,balanced,cached_mxbai,1490,1782231993.0607715,,,
10451,0,svm,max,balanced,cached_mxbai,1491,1782231993.2296407,,,
3932,0,svm,max,balanced,cached_mxbai,1492,1782231993.3764815,,,
8046,0,svm,max,balanced,cached_mxbai,1493,1782231993.5408947,,,
8123,0,svm,max,balanced,cached_mxbai,1494,1782231993.6906195,,,
4863,0,svm,max,balanced,cached_mxbai,1495,1782231993.8536913,,,
8797,0,svm,max,balanced,cached_mxbai,1496,1782231994.0009363,,,
6975,0,svm,max,balanced,cached_mxbai,1497,1782231994.1470346,,,
7477,0,svm,max,balanced,cached_mxbai,1498,1782231994.3095193,,,
10081,0,svm,max,balanced,cached_mxbai,1499,1782231994.459836,,,
3460,0,svm,max,balanced,cached_mxbai,1500,1782231994.611508,,,
2873,0,svm,max,balanced,cached_mxbai,1501,1782231994.7593856,,,
6671,0,svm,max,balanced,cached_mxbai,1502,1782231994.905177,,,
4562,0,svm,max,balanced,cached_mxbai,1503,1782231995.0577755,,,
3991,0,svm,max,balanced,cached_mxbai,1504,1782231995.202872,,,
6122,0,svm,max,balanced,cached_mxbai,1505,1782231995.3907466,,,
796,0,svm,max,balanced,cached_mxbai,1506,1782231995.5380425,,,
4488,0,svm,max,balanced,cached_mxbai,1507,1782231995.681193,,,
5220,0,svm,max,balanced,cached_mxbai,1508,1782231995.8299656,,,
6319,0,svm,max,balanced,cached_mxbai,1509,1782231995.972989,,,
8828,0,svm,max,balanced,cached_mxbai,1510,1782231996.1186438,,,
8629,0,svm,max,balanced,cached_mxbai,1511,1782231996.2629302,,,
4322,0,svm,max,balanced,cached_mxbai,1512,1782231996.4071867,,,
3629,0,svm,max,balanced,cached_mxbai,1513,1782231996.566447,,,
10133,0,svm,max,balanced,cached_mxbai,1514,1782231996.7257009,,,
4207,0,svm,max,balanced,cached_mxbai,1515,1782231996.8890438,,,
3844,0,svm,max,balanced,cached_mxbai,1516,1782231997.0488548,,,
113,0,svm,max,balanced,cached_mxbai,1517,1782231997.20727,,,
4725,0,svm,max,balanced,cached_mxbai,1518,1782231997.3675604,,,
5396,0,svm,max,balanced,cached_mxbai,1519,1782231997.5282323,,,
5138,0,svm,max,balanced,cached_mxbai,1520,1782231997.689336,,,
4827,0,svm,max,balanced,cached_mxbai,1521,1782231997.8496807,,,
3109,0,svm,max,balanced,cached_mxbai,1522,1782231998.0111814,,,
9947,0,svm,max,balanced,cached_mxbai,1523,1782231998.1725187,,,
4372,0,svm,max,balanced,cached_mxbai,1524,1782231998.335613,,,
7933,0,svm,max,balanced,cached_mxbai,1525,1782231998.4957147,,,
1476,0,svm,max,balanced,cached_mxbai,1526,1782231998.656886,,,
3938,0,svm,max,balanced,cached_mxbai,1527,1782231998.8172157,,,
4957,0,svm,max,balanced,cached_mxbai,1528,1782231998.9763315,,,
7873,0,svm,max,balanced,cached_mxbai,1529,1782231999.138863,,,
8272,0,svm,max,balanced,cached_mxbai,1530,1782231999.2989757,,,
5969,0,svm,max,balanced,cached_mxbai,1531,1782231999.4585507,,,
160,0,svm,max,balanced,cached_mxbai,1532,1782231999.6193144,,,
2562,0,svm,max,balanced,cached_mxbai,1533,1782231999.7810507,,,
9137,0,svm,max,balanced,cached_mxbai,1534,1782231999.9427168,,,
4490,0,svm,max,balanced,cached_mxbai,1535,1782232000.1048567,,,
4982,0,svm,max,balanced,cached_mxbai,1536,1782232000.267907,,,
10545,0,svm,max,balanced,cached_mxbai,1537,1782232000.429646,,,
3752,0,svm,max,balanced,cached_mxbai,1538,1782232000.591309,,,
4675,0,svm,max,balanced,cached_mxbai,1539,1782232000.7520983,,,
8004,0,svm,max,balanced,cached_mxbai,1540,1782232000.9147727,,,
4138,0,svm,max,balanced,cached_mxbai,1541,1782232001.0767944,,,
4454,0,svm,max,balanced,cached_mxbai,1542,1782232001.2396607,,,
5110,0,svm,max,balanced,cached_mxbai,1543,1782232001.40056,,,
3399,0,svm,max,balanced,cached_mxbai,1544,1782232001.5614932,,,
7231,0,svm,max,balanced,cached_mxbai,1545,1782232001.7236633,,,
9798,0,svm,max,balanced,cached_mxbai,1546,1782232001.8872645,,,
7714,0,svm,max,balanced,cached_mxbai,1547,1782232002.0510778,,,
4486,0,svm,max,balanced,cached_mxbai,1548,1782232002.2171924,,,
3801,0,svm,max,balanced,cached_mxbai,1549,1782232002.3782609,,,
1222,0,svm,max,balanced,cached_mxbai,1550,1782232002.5437546,,,
7879,0,svm,max,balanced,cached_mxbai,1551,1782232002.7075932,,,
4634,0,svm,max,balanced,cached_mxbai,1552,1782232002.872327,,,
9582,0,svm,max,balanced,cached_mxbai,1553,1782232003.0342624,,,
5496,0,svm,max,balanced,cached_mxbai,1554,1782232003.2048924,,,
1912,0,svm,max,balanced,cached_mxbai,1555,1782232003.3726435,,,
6949,0,svm,max,balanced,cached_mxbai,1556,1782232003.534234,,,
5198,0,svm,max,balanced,cached_mxbai,1557,1782232003.7020736,,,
1261,0,svm,max,balanced,cached_mxbai,1558,1782232003.8650224,,,
173,0,svm,max,balanced,cached_mxbai,1559,1782232004.0353148,,,
6235,0,svm,max,balanced,cached_mxbai,1560,1782232004.2067075,,,
6151,0,svm,max,balanced,cached_mxbai,1561,1782232004.3776414,,,
9219,0,svm,max,balanced,cached_mxbai,1562,1782232004.548464,,,
4968,0,svm,max,balanced,cached_mxbai,1563,1782232004.7189326,,,
5608,0,svm,max,balanced,cached_mxbai,1564,1782232004.890114,,,
6138,0,svm,max,balanced,cached_mxbai,1565,1782232005.0661643,,,
4826,0,svm,max,balanced,cached_mxbai,1566,1782232005.246709,,,
4501,0,svm,max,balanced,cached_mxbai,1567,1782232005.4380746,,,
5223,0,svm,max,balanced,cached_mxbai,1568,1782232005.6108747,,,
3654,0,svm,max,balanced,cached_mxbai,1569,1782232005.7825625,,,
5325,0,svm,max,balanced,cached_mxbai,1570,1782232005.957439,,,
2433,0,svm,max,balanced,cached_mxbai,1571,1782232006.1307137,,,
4397,0,svm,max,balanced,cached_mxbai,1572,1782232006.3048756,,,
3656,0,svm,max,balanced,cached_mxbai,1573,1782232006.4748454,,,
709,0,svm,max,balanced,cached_mxbai,1574,1782232006.6452324,,,
8303,0,svm,max,balanced,cached_mxbai,1575,1782232006.8173795,,,
57,0,svm,max,balanced,cached_mxbai,1576,1782232006.9877965,,,
3385,0,svm,max,balanced,cached_mxbai,1577,1782232007.1591356,,,
4278,0,svm,max,balanced,cached_mxbai,1578,1782232007.3297987,,,
4021,0,svm,max,balanced,cached_mxbai,1579,1782232007.5009408,,,
9433,0,svm,max,balanced,cached_mxbai,1580,1782232007.6666281,,,
1039,0,svm,max,balanced,cached_mxbai,1581,1782232007.8377728,,,
9547,0,svm,max,balanced,cached_mxbai,1582,1782232008.0093095,,,
4241,0,svm,max,balanced,cached_mxbai,1583,1782232008.1776903,,,
4622,0,svm,max,balanced,cached_mxbai,1584,1782232008.3490734,,,
9878,0,svm,max,balanced,cached_mxbai,1585,1782232008.5201654,,,
1321,0,svm,max,balanced,cached_mxbai,1586,1782232008.6915536,,,
6270,0,svm,max,balanced,cached_mxbai,1587,1782232008.8651195,,,
4757,0,svm,max,balanced,cached_mxbai,1588,1782232009.0383115,,,
3783,0,svm,max,balanced,cached_mxbai,1589,1782232009.2129765,,,
5805,0,svm,max,balanced,cached_mxbai,1590,1782232009.388254,,,
9442,0,svm,max,balanced,cached_mxbai,1591,1782232009.5608413,,,
2541,0,svm,max,balanced,cached_mxbai,1592,1782232009.7296283,,,
4699,0,svm,max,balanced,cached_mxbai,1593,1782232009.9020572,,,
4847,0,svm,max,balanced,cached_mxbai,1594,1782232010.0745568,,,
8660,0,svm,max,balanced,cached_mxbai,1595,1782232010.2455308,,,
10206,0,svm,max,balanced,cached_mxbai,1596,1782232010.4158673,,,
1031,0,svm,max,balanced,cached_mxbai,1597,1782232010.5872386,,,
4498,0,svm,max,balanced,cached_mxbai,1598,1782232010.7575617,,,
3556,0,svm,max,balanced,cached_mxbai,1599,1782232010.9293287,,,
443,0,svm,max,balanced,cached_mxbai,1600,1782232011.1041174,,,
9496,0,svm,max,balanced,cached_mxbai,1601,1782232011.2765925,,,
8847,0,svm,max,balanced,cached_mxbai,1602,1782232011.4488602,,,
3165,0,svm,max,balanced,cached_mxbai,1603,1782232011.6203933,,,
4497,0,svm,max,balanced,cached_mxbai,1604,1782232011.79008,,,
3609,0,svm,max,balanced,cached_mxbai,1605,1782232011.9589374,,,
4069,0,svm,max,balanced,cached_mxbai,1606,1782232012.1289294,,,
4763,0,svm,max,balanced,cached_mxbai,1607,1782232012.300824,,,
9911,0,svm,max,balanced,cached_mxbai,1608,1782232012.4702647,,,
4246,0,svm,max,balanced,cached_mxbai,1609,1782232012.6429129,,,
6056,0,svm,max,balanced,cached_mxbai,1610,1782232012.8118963,,,
3689,0,svm,max,balanced,cached_mxbai,1611,1782232012.981798,,,
3083,0,svm,max,balanced,cached_mxbai,1612,1782232013.1528196,,,
5128,0,svm,max,balanced,cached_mxbai,1613,1782232013.3095057,,,
3554,0,svm,max,balanced,cached_mxbai,1614,1782232013.4651308,,,
10521,0,svm,max,balanced,cached_mxbai,1615,1782232013.621858,,,
4750,0,svm,max,balanced,cached_mxbai,1616,1782232013.7780879,,,
5621,0,svm,max,balanced,cached_mxbai,1617,1782232013.9348872,,,
1416,0,svm,max,balanced,cached_mxbai,1618,1782232014.0902886,,,
3183,0,svm,max,balanced,cached_mxbai,1619,1782232014.2472045,,,
1796,0,svm,max,balanced,cached_mxbai,1620,1782232014.4051466,,,
4392,0,svm,max,balanced,cached_mxbai,1621,1782232014.5612917,,,
9624,0,svm,max,balanced,cached_mxbai,1622,1782232014.723646,,,
1278,0,svm,max,balanced,cached_mxbai,1623,1782232014.8829768,,,
4483,0,svm,max,balanced,cached_mxbai,1624,1782232015.049952,,,
2782,0,svm,max,balanced,cached_mxbai,1625,1782232015.2077634,,,
6069,0,svm,max,balanced,cached_mxbai,1626,1782232015.4010525,,,
3788,0,svm,max,balanced,cached_mxbai,1627,1782232015.5584555,,,
1241,0,svm,max,balanced,cached_mxbai,1628,1782232015.7144778,,,
4517,0,svm,max,balanced,cached_mxbai,1629,1782232015.8710449,,,
7768,0,svm,max,balanced,cached_mxbai,1630,1782232016.026703,,,
7265,0,svm,max,balanced,cached_mxbai,1631,1782232016.1843853,,,
6003,0,svm,max,balanced,cached_mxbai,1632,1782232016.341298,,,
4693,0,svm,max,balanced,cached_mxbai,1633,1782232016.4976134,,,
5066,0,svm,max,balanced,cached_mxbai,1634,1782232016.6545558,,,
8404,0,svm,max,balanced,cached_mxbai,1635,1782232016.8104079,,,
3840,0,svm,max,balanced,cached_mxbai,1636,1782232016.9677482,,,
6815,0,svm,max,balanced,cached_mxbai,1637,1782232017.1287785,,,
5823,0,svm,max,balanced,cached_mxbai,1638,1782232017.287625,,,
5155,0,svm,max,balanced,cached_mxbai,1639,1782232017.446462,,,
3909,0,svm,max,balanced,cached_mxbai,1640,1782232017.605296,,,
1855,0,svm,max,balanced,cached_mxbai,1641,1782232017.7631333,,,
9115,0,svm,max,balanced,cached_mxbai,1642,1782232017.920585,,,
4323,0,svm,max,balanced,cached_mxbai,1643,1782232018.0805266,,,
4091,0,svm,max,balanced,cached_mxbai,1644,1782232018.2379024,,,
8479,0,svm,max,balanced,cached_mxbai,1645,1782232018.3985329,,,
4896,0,svm,max,balanced,cached_mxbai,1646,1782232018.5553946,,,
6585,0,svm,max,balanced,cached_mxbai,1647,1782232018.7135153,,,
604,0,svm,max,balanced,cached_mxbai,1648,1782232018.8711143,,,
1498,0,svm,max,balanced,cached_mxbai,1649,1782232019.0289674,,,
5226,0,svm,max,balanced,cached_mxbai,1650,1782232019.1878793,,,
8301,0,svm,max,balanced,cached_mxbai,1651,1782232019.3495972,,,
5100,0,svm,max,balanced,cached_mxbai,1652,1782232019.5082324,,,
5292,0,svm,max,balanced,cached_mxbai,1653,1782232019.665787,,,
4521,0,svm,max,balanced,cached_mxbai,1654,1782232019.8232365,,,
8658,0,svm,max,balanced,cached_mxbai,1655,1782232019.9812124,,,
4245,0,svm,max,balanced,cached_mxbai,1656,1782232020.1397784,,,
5952,0,svm,max,balanced,cached_mxbai,1657,1782232020.2980578,,,
4766,0,svm,max,balanced,cached_mxbai,1658,1782232020.4552402,,,
2187,0,svm,max,balanced,cached_mxbai,1659,1782232020.6138647,,,
6324,0,svm,max,balanced,cached_mxbai,1660,1782232020.771489,,,
8907,0,svm,max,balanced,cached_mxbai,1661,1782232020.930831,,,
4305,0,svm,max,balanced,cached_mxbai,1662,1782232021.0898705,,,
4090,0,svm,max,balanced,cached_mxbai,1663,1782232021.2482634,,,
7355,0,svm,max,balanced,cached_mxbai,1664,1782232021.4091163,,,
10153,0,svm,max,balanced,cached_mxbai,1665,1782232021.568937,,,
6537,0,svm,max,balanced,cached_mxbai,1666,1782232021.7273884,,,
4257,0,svm,max,balanced,cached_mxbai,1667,1782232021.8859386,,,
4122,0,svm,max,balanced,cached_mxbai,1668,1782232022.0436685,,,
7959,0,svm,max,balanced,cached_mxbai,1669,1782232022.2017648,,,
7706,0,svm,max,balanced,cached_mxbai,1670,1782232022.3621845,,,
981,0,svm,max,balanced,cached_mxbai,1671,1782232022.5197742,,,
2856,0,svm,max,balanced,cached_mxbai,1672,1782232022.6821048,,,
4219,0,svm,max,balanced,cached_mxbai,1673,1782232022.8523908,,,
9948,0,svm,max,balanced,cached_mxbai,1674,1782232023.0102506,,,
4601,0,svm,max,balanced,cached_mxbai,1675,1782232023.1701627,,,
6328,0,svm,max,balanced,cached_mxbai,1676,1782232023.3288693,,,
8636,0,svm,max,balanced,cached_mxbai,1677,1782232023.486758,,,
9714,0,svm,max,balanced,cached_mxbai,1678,1782232023.6460164,,,
4438,0,svm,max,balanced,cached_mxbai,1679,1782232023.8051717,,,
178,0,svm,max,balanced,cached_mxbai,1680,1782232023.9652746,,,
8218,0,svm,max,balanced,cached_mxbai,1681,1782232024.126455,,,
8694,0,svm,max,balanced,cached_mxbai,1682,1782232024.28671,,,
2670,0,svm,max,balanced,cached_mxbai,1683,1782232024.4514704,,,
7871,0,svm,max,balanced,cached_mxbai,1684,1782232024.626591,,,
4606,0,svm,max,balanced,cached_mxbai,1685,1782232024.795042,,,
769,0,svm,max,balanced,cached_mxbai,1686,1782232024.966904,,,
4400,0,svm,max,balanced,cached_mxbai,1687,1782232025.1398954,,,
6548,0,svm,max,balanced,cached_mxbai,1688,1782232025.3504457,,,
10108,0,svm,max,balanced,cached_mxbai,1689,1782232025.5174277,,,
9098,0,svm,max,balanced,cached_mxbai,1690,1782232025.6767557,,,
7546,0,svm,max,balanced,cached_mxbai,1691,1782232025.8375905,,,
4571,0,svm,max,balanced,cached_mxbai,1692,1782232026.0010269,,,
3832,0,svm,max,balanced,cached_mxbai,1693,1782232026.16231,,,
639,0,svm,max,balanced,cached_mxbai,1694,1782232026.33656,,,
5781,0,svm,max,balanced,cached_mxbai,1695,1782232026.5090284,,,
3404,0,svm,max,balanced,cached_mxbai,1696,1782232026.6850097,,,
5777,0,svm,max,balanced,cached_mxbai,1697,1782232026.8463159,,,
2781,0,svm,max,balanced,cached_mxbai,1698,1782232027.019926,,,
4851,0,svm,max,balanced,cached_mxbai,1699,1782232027.193387,,,
594,0,svm,max,balanced,cached_mxbai,1700,1782232027.3582444,,,
817,0,svm,max,balanced,cached_mxbai,1701,1782232027.5212915,,,
9031,0,svm,max,balanced,cached_mxbai,1702,1782232027.681229,,,
4749,0,svm,max,balanced,cached_mxbai,1703,1782232027.8541088,,,
3428,0,svm,max,balanced,cached_mxbai,1704,1782232028.0275998,,,
3293,0,svm,max,balanced,cached_mxbai,1705,1782232028.199615,,,
3889,0,svm,max,balanced,cached_mxbai,1706,1782232028.3733191,,,
10271,0,svm,max,balanced,cached_mxbai,1707,1782232028.5334997,,,
4649,0,svm,max,balanced,cached_mxbai,1708,1782232028.692968,,,
3446,0,svm,max,balanced,cached_mxbai,1709,1782232028.8658817,,,
5079,0,svm,max,balanced,cached_mxbai,1710,1782232029.0281339,,,
3552,0,svm,max,balanced,cached_mxbai,1711,1782232029.2040617,,,
4502,0,svm,max,balanced,cached_mxbai,1712,1782232029.3792384,,,
5723,0,svm,max,balanced,cached_mxbai,1713,1782232029.5535426,,,
4542,0,svm,max,balanced,cached_mxbai,1714,1782232029.729955,,,
6233,0,svm,max,balanced,cached_mxbai,1715,1782232029.890826,,,
6323,0,svm,max,balanced,cached_mxbai,1716,1782232030.0643206,,,
5667,0,svm,max,balanced,cached_mxbai,1717,1782232030.2395625,,,
8693,0,svm,max,balanced,cached_mxbai,1718,1782232030.4163144,,,
2431,0,svm,max,balanced,cached_mxbai,1719,1782232030.5792918,,,
4719,0,svm,max,balanced,cached_mxbai,1720,1782232030.7438447,,,
3248,0,svm,max,balanced,cached_mxbai,1721,1782232030.917618,,,
997,0,svm,max,balanced,cached_mxbai,1722,1782232031.0923324,,,
3330,0,svm,max,balanced,cached_mxbai,1723,1782232031.268092,,,
4808,0,svm,max,balanced,cached_mxbai,1724,1782232031.4439626,,,
8798,0,svm,max,balanced,cached_mxbai,1725,1782232031.6170523,,,
4313,0,svm,max,balanced,cached_mxbai,1726,1782232031.791708,,,
5240,0,svm,max,balanced,cached_mxbai,1727,1782232031.9659765,,,
3577,0,svm,max,balanced,cached_mxbai,1728,1782232032.142574,,,
4809,0,svm,max,balanced,cached_mxbai,1729,1782232032.3197024,,,
5352,0,svm,max,balanced,cached_mxbai,1730,1782232032.497581,,,
5167,0,svm,max,balanced,cached_mxbai,1731,1782232032.6747394,,,
6699,0,svm,max,balanced,cached_mxbai,1732,1782232032.8511662,,,
6042,0,svm,max,balanced,cached_mxbai,1733,1782232033.0268545,,,
4042,0,svm,max,balanced,cached_mxbai,1734,1782232033.2011003,,,
7947,0,svm,max,balanced,cached_mxbai,1735,1782232033.377039,,,
4334,0,svm,max,balanced,cached_mxbai,1736,1782232033.555738,,,
5052,0,svm,max,balanced,cached_mxbai,1737,1782232033.7309325,,,
3200,0,svm,max,balanced,cached_mxbai,1738,1782232033.905712,,,
10309,0,svm,max,balanced,cached_mxbai,1739,1782232034.0818655,,,
5099,0,svm,max,balanced,cached_mxbai,1740,1782232034.2588723,,,
81,0,svm,max,balanced,cached_mxbai,1741,1782232034.4376218,,,
9407,0,svm,max,balanced,cached_mxbai,1742,1782232034.6144009,,,
5188,0,svm,max,balanced,cached_mxbai,1743,1782232034.7893603,,,
4920,0,svm,max,balanced,cached_mxbai,1744,1782232034.9638774,,,
427,0,svm,max,balanced,cached_mxbai,1745,1782232035.1442335,,,
8952,0,svm,max,balanced,cached_mxbai,1746,1782232035.3466003,,,
577,0,svm,max,balanced,cached_mxbai,1747,1782232035.524781,,,
6212,0,svm,max,balanced,cached_mxbai,1748,1782232035.7002075,,,
5038,0,svm,max,balanced,cached_mxbai,1749,1782232035.8760183,,,
195,0,svm,max,balanced,cached_mxbai,1750,1782232036.0515735,,,
6167,0,svm,max,balanced,cached_mxbai,1751,1782232036.2316003,,,
4784,0,svm,max,balanced,cached_mxbai,1752,1782232036.408718,,,
4309,0,svm,max,balanced,cached_mxbai,1753,1782232036.5842128,,,
5069,0,svm,max,balanced,cached_mxbai,1754,1782232036.7597632,,,
9768,0,svm,max,balanced,cached_mxbai,1755,1782232036.9349427,,,
3797,0,svm,max,balanced,cached_mxbai,1756,1782232037.112723,,,
4943,0,svm,max,balanced,cached_mxbai,1757,1782232037.2881355,,,
7055,0,svm,max,balanced,cached_mxbai,1758,1782232037.4680977,,,
1704,0,svm,max,balanced,cached_mxbai,1759,1782232037.6448162,,,
4990,0,svm,max,balanced,cached_mxbai,1760,1782232037.8221002,,,
5076,0,svm,max,balanced,cached_mxbai,1761,1782232037.999191,,,
4551,0,svm,max,balanced,cached_mxbai,1762,1782232038.1767607,,,
3664,0,svm,max,balanced,cached_mxbai,1763,1782232038.3528807,,,
3533,0,svm,max,balanced,cached_mxbai,1764,1782232038.532083,,,
7137,0,svm,max,balanced,cached_mxbai,1765,1782232038.7081478,,,
10046,0,svm,max,balanced,cached_mxbai,1766,1782232038.8851328,,,
5103,0,svm,max,balanced,cached_mxbai,1767,1782232039.061368,,,
7216,0,svm,max,balanced,cached_mxbai,1768,1782232039.2382967,,,
3047,0,svm,max,balanced,cached_mxbai,1769,1782232039.414953,,,
9254,0,svm,max,balanced,cached_mxbai,1770,1782232039.5911396,,,
5009,0,svm,max,balanced,cached_mxbai,1771,1782232039.7679334,,,
3504,0,svm,max,balanced,cached_mxbai,1772,1782232039.9463844,,,
4566,0,svm,max,balanced,cached_mxbai,1773,1782232040.1253064,,,
9291,0,svm,max,balanced,cached_mxbai,1774,1782232040.3008754,,,
787,0,svm,max,balanced,cached_mxbai,1775,1782232040.4825928,,,
1427,0,svm,max,balanced,cached_mxbai,1776,1782232040.6627507,,,
9520,0,svm,max,balanced,cached_mxbai,1777,1782232040.8407815,,,
6642,0,svm,max,balanced,cached_mxbai,1778,1782232041.0207918,,,
1255,0,svm,max,balanced,cached_mxbai,1779,1782232041.2001314,,,
4035,0,svm,max,balanced,cached_mxbai,1780,1782232041.3799,,,
8829,0,svm,max,balanced,cached_mxbai,1781,1782232041.562283,,,
5519,0,svm,max,balanced,cached_mxbai,1782,1782232041.741856,,,
5027,0,svm,max,balanced,cached_mxbai,1783,1782232041.9212592,,,
5896,0,svm,max,balanced,cached_mxbai,1784,1782232042.1038039,,,
10381,0,svm,max,balanced,cached_mxbai,1785,1782232042.2858894,,,
7279,0,svm,max,balanced,cached_mxbai,1786,1782232042.4662466,,,
4701,0,svm,max,balanced,cached_mxbai,1787,1782232042.650247,,,
9628,0,svm,max,balanced,cached_mxbai,1788,1782232042.8281007,,,
8536,0,svm,max,balanced,cached_mxbai,1789,1782232043.005527,,,
5213,0,svm,max,balanced,cached_mxbai,1790,1782232043.1895902,,,
5234,0,svm,max,balanced,cached_mxbai,1791,1782232043.3707445,,,
3445,0,svm,max,balanced,cached_mxbai,1792,1782232043.5544212,,,
6816,0,svm,max,balanced,cached_mxbai,1793,1782232043.734428,,,
6293,0,svm,max,balanced,cached_mxbai,1794,1782232043.9163656,,,
4716,0,svm,max,balanced,cached_mxbai,1795,1782232044.09569,,,
7681,0,svm,max,balanced,cached_mxbai,1796,1782232044.2789028,,,
10158,0,svm,max,balanced,cached_mxbai,1797,1782232044.459707,,,
10036,0,svm,max,balanced,cached_mxbai,1798,1782232044.638973,,,
3924,0,svm,max,balanced,cached_mxbai,1799,1782232044.8165479,,,
1999,0,svm,max,balanced,cached_mxbai,1800,1782232044.9941397,,,
4801,0,svm,max,balanced,cached_mxbai,1801,1782232045.1872413,,,
3331,0,svm,max,balanced,cached_mxbai,1802,1782232045.388004,,,
5346,0,svm,max,balanced,cached_mxbai,1803,1782232045.5890217,,,
4343,0,svm,max,balanced,cached_mxbai,1804,1782232045.7756846,,,
5452,0,svm,max,balanced,cached_mxbai,1805,1782232045.953938,,,
7203,0,svm,max,balanced,cached_mxbai,1806,1782232046.1389763,,,
5080,0,svm,max,balanced,cached_mxbai,1807,1782232046.3199136,,,
4180,0,svm,max,balanced,cached_mxbai,1808,1782232046.5096478,,,
5881,0,svm,max,balanced,cached_mxbai,1809,1782232046.6995814,,,
7438,0,svm,max,balanced,cached_mxbai,1810,1782232046.8907108,,,
9437,0,svm,max,balanced,cached_mxbai,1811,1782232047.0787728,,,
4959,0,svm,max,balanced,cached_mxbai,1812,1782232047.2702684,,,
5650,0,svm,max,balanced,cached_mxbai,1813,1782232047.460071,,,
4627,0,svm,max,balanced,cached_mxbai,1814,1782232047.6479578,,,
27,0,svm,max,balanced,cached_mxbai,1815,1782232047.8469465,,,
3811,0,svm,max,balanced,cached_mxbai,1816,1782232048.037782,,,
3171,0,svm,max,balanced,cached_mxbai,1817,1782232048.2320135,,,
10410,0,svm,max,balanced,cached_mxbai,1818,1782232048.4214733,,,
2137,0,svm,max,balanced,cached_mxbai,1819,1782232048.6107683,,,
4097,0,svm,max,balanced,cached_mxbai,1820,1782232048.7988024,,,
3231,0,svm,max,balanced,cached_mxbai,1821,1782232048.9904103,,,
8373,0,svm,max,balanced,cached_mxbai,1822,1782232049.1816063,,,
10115,0,svm,max,balanced,cached_mxbai,1823,1782232049.3716016,,,
9849,0,svm,max,balanced,cached_mxbai,1824,1782232049.5615757,,,
4482,0,svm,max,balanced,cached_mxbai,1825,1782232049.750585,,,
6357,0,svm,max,balanced,cached_mxbai,1826,1782232049.9411874,,,
5799,0,svm,max,balanced,cached_mxbai,1827,1782232050.130926,,,
10235,0,svm,max,balanced,cached_mxbai,1828,1782232050.3206415,,,
52,0,svm,max,balanced,cached_mxbai,1829,1782232050.510526,,,
5139,0,svm,max,balanced,cached_mxbai,1830,1782232050.703578,,,
4759,0,svm,max,balanced,cached_mxbai,1831,1782232050.8935452,,,
92,0,svm,max,balanced,cached_mxbai,1832,1782232051.0826342,,,
4682,0,svm,max,balanced,cached_mxbai,1833,1782232051.2723384,,,
8483,0,svm,max,balanced,cached_mxbai,1834,1782232051.4568906,,,
3921,0,svm,max,balanced,cached_mxbai,1835,1782232051.6457424,,,
3729,0,svm,max,balanced,cached_mxbai,1836,1782232051.831179,,,
4954,0,svm,max,balanced,cached_mxbai,1837,1782232052.0171082,,,
7257,0,svm,max,balanced,cached_mxbai,1838,1782232052.2057223,,,
7155,0,svm,max,balanced,cached_mxbai,1839,1782232052.3922956,,,
8430,0,svm,max,balanced,cached_mxbai,1840,1782232052.584096,,,
2021,0,svm,max,balanced,cached_mxbai,1841,1782232052.7756495,,,
1032,0,svm,max,balanced,cached_mxbai,1842,1782232052.9631262,,,
7199,0,svm,max,balanced,cached_mxbai,1843,1782232053.1481721,,,
8979,0,svm,max,balanced,cached_mxbai,1844,1782232053.3356018,,,
8619,0,svm,max,balanced,cached_mxbai,1845,1782232053.520829,,,
9113,0,svm,max,balanced,cached_mxbai,1846,1782232053.7077634,,,
4737,0,svm,max,balanced,cached_mxbai,1847,1782232053.893323,,,
1143,0,svm,max,balanced,cached_mxbai,1848,1782232054.0755024,,,
8191,0,svm,max,balanced,cached_mxbai,1849,1782232054.2580614,,,
3724,0,svm,max,balanced,cached_mxbai,1850,1782232054.439518,,,
5045,0,svm,max,balanced,cached_mxbai,1851,1782232054.6239245,,,
7058,0,svm,max,balanced,cached_mxbai,1852,1782232054.8095329,,,
1641,0,svm,max,balanced,cached_mxbai,1853,1782232054.9920287,,,
5084,0,svm,max,balanced,cached_mxbai,1854,1782232055.176688,,,
4741,0,svm,max,balanced,cached_mxbai,1855,1782232055.384581,,,
3809,0,svm,max,balanced,cached_mxbai,1856,1782232055.5872102,,,
10034,0,svm,max,balanced,cached_mxbai,1857,1782232055.7712574,,,
229,0,svm,max,balanced,cached_mxbai,1858,1782232055.9540577,,,
1863,0,svm,max,balanced,cached_mxbai,1859,1782232056.1377187,,,
7050,0,svm,max,balanced,cached_mxbai,1860,1782232056.3255224,,,
9299,0,svm,max,balanced,cached_mxbai,1861,1782232056.5092378,,,
7683,0,svm,max,balanced,cached_mxbai,1862,1782232056.6944265,,,
4987,0,svm,max,balanced,cached_mxbai,1863,1782232056.8766458,,,
7178,0,svm,max,balanced,cached_mxbai,1864,1782232057.0611606,,,
4394,0,svm,max,balanced,cached_mxbai,1865,1782232057.247036,,,
7418,0,svm,max,balanced,cached_mxbai,1866,1782232057.4318435,,,
6822,0,svm,max,balanced,cached_mxbai,1867,1782232057.6179242,,,
7717,0,svm,max,balanced,cached_mxbai,1868,1782232057.8022285,,,
4608,0,svm,max,balanced,cached_mxbai,1869,1782232057.9865918,,,
7233,0,svm,max,balanced,cached_mxbai,1870,1782232058.1729908,,,
7000,0,svm,max,balanced,cached_mxbai,1871,1782232058.3615866,,,
7363,0,svm,max,balanced,cached_mxbai,1872,1782232058.5483294,,,
1131,0,svm,max,balanced,cached_mxbai,1873,1782232058.7406812,,,
3400,0,svm,max,balanced,cached_mxbai,1874,1782232058.9280488,,,
8996,0,svm,max,balanced,cached_mxbai,1875,1782232059.1126485,,,
80,0,svm,max,balanced,cached_mxbai,1876,1782232059.298188,,,
4689,0,svm,max,balanced,cached_mxbai,1877,1782232059.4819353,,,
5862,0,svm,max,balanced,cached_mxbai,1878,1782232059.6686952,,,
78,0,svm,max,balanced,cached_mxbai,1879,1782232059.8532815,,,
3152,0,svm,max,balanced,cached_mxbai,1880,1782232060.0376847,,,
4963,0,svm,max,balanced,cached_mxbai,1881,1782232060.2216127,,,
7318,0,svm,max,balanced,cached_mxbai,1882,1782232060.4062338,,,
5759,0,svm,max,balanced,cached_mxbai,1883,1782232060.589709,,,
124,0,svm,max,balanced,cached_mxbai,1884,1782232060.7738717,,,
3211,0,svm,max,balanced,cached_mxbai,1885,1782232060.9577255,,,
6431,0,svm,max,balanced,cached_mxbai,1886,1782232061.141028,,,
4745,0,svm,max,balanced,cached_mxbai,1887,1782232061.329234,,,
3776,0,svm,max,balanced,cached_mxbai,1888,1782232061.515572,,,
7697,0,svm,max,balanced,cached_mxbai,1889,1782232061.7016125,,,
5592,0,svm,max,balanced,cached_mxbai,1890,1782232061.8911717,,,
6060,0,svm,max,balanced,cached_mxbai,1891,1782232062.0813577,,,
1370,0,svm,max,balanced,cached_mxbai,1892,1782232062.2727275,,,
806,0,svm,max,balanced,cached_mxbai,1893,1782232062.4649057,,,
5119,0,svm,max,balanced,cached_mxbai,1894,1782232062.6615243,,,
6153,0,svm,max,balanced,cached_mxbai,1895,1782232062.8539054,,,
2319,0,svm,max,balanced,cached_mxbai,1896,1782232063.044382,,,
5043,0,svm,max,balanced,cached_mxbai,1897,1782232063.2356021,,,
3709,0,svm,max,balanced,cached_mxbai,1898,1782232063.4266539,,,
7077,0,svm,max,balanced,cached_mxbai,1899,1782232063.6165724,,,
10446,0,svm,max,balanced,cached_mxbai,1900,1782232063.812094,,,
10422,0,svm,max,balanced,cached_mxbai,1901,1782232064.0082915,,,
8210,0,svm,max,balanced,cached_mxbai,1902,1782232064.2044263,,,
4493,0,svm,max,balanced,cached_mxbai,1903,1782232064.4016201,,,
2773,0,svm,max,balanced,cached_mxbai,1904,1782232064.5971203,,,
5231,0,svm,max,balanced,cached_mxbai,1905,1782232064.795642,,,
3602,0,svm,max,balanced,cached_mxbai,1906,1782232064.9929817,,,
9369,0,svm,max,balanced,cached_mxbai,1907,1782232065.1923287,,,
5087,0,svm,max,balanced,cached_mxbai,1908,1782232065.4174669,,,
4617,0,svm,max,balanced,cached_mxbai,1909,1782232065.6149955,,,
1084,0,svm,max,balanced,cached_mxbai,1910,1782232065.815182,,,
1502,0,svm,max,balanced,cached_mxbai,1911,1782232066.013276,,,
2473,0,svm,max,balanced,cached_mxbai,1912,1782232066.2114282,,,
4660,0,svm,max,balanced,cached_mxbai,1913,1782232066.4078233,,,
5129,0,svm,max,balanced,cached_mxbai,1914,1782232066.602195,,,
7091,0,svm,max,balanced,cached_mxbai,1915,1782232066.801791,,,
3753,0,svm,max,balanced,cached_mxbai,1916,1782232066.9979668,,,
10252,0,svm,max,balanced,cached_mxbai,1917,1782232067.1972191,,,
4175,0,svm,max,balanced,cached_mxbai,1918,1782232067.4012938,,,
3998,0,svm,max,balanced,cached_mxbai,1919,1782232067.6004453,,,
6216,0,svm,max,balanced,cached_mxbai,1920,1782232067.8009508,,,
809,0,svm,max,balanced,cached_mxbai,1921,1782232067.9987264,,,
8105,0,svm,max,balanced,cached_mxbai,1922,1782232068.1977315,,,
1566,0,svm,max,balanced,cached_mxbai,1923,1782232068.3962338,,,
5842,0,svm,max,balanced,cached_mxbai,1924,1782232068.5960236,,,
3549,0,svm,max,balanced,cached_mxbai,1925,1782232068.7980163,,,
2819,0,svm,max,balanced,cached_mxbai,1926,1782232069.0001817,,,
422,0,svm,max,balanced,cached_mxbai,1927,1782232069.2062993,,,
1808,0,svm,max,balanced,cached_mxbai,1928,1782232069.4087796,,,
4437,0,svm,max,balanced,cached_mxbai,1929,1782232069.607317,,,
9704,0,svm,max,balanced,cached_mxbai,1930,1782232069.8074465,,,
7891,0,svm,max,balanced,cached_mxbai,1931,1782232070.004451,,,
6390,0,svm,max,balanced,cached_mxbai,1932,1782232070.202816,,,
8367,0,svm,max,balanced,cached_mxbai,1933,1782232070.4070492,,,
6616,0,svm,max,balanced,cached_mxbai,1934,1782232070.6064951,,,
5136,0,svm,max,balanced,cached_mxbai,1935,1782232070.8114088,,,
7950,0,svm,max,balanced,cached_mxbai,1936,1782232071.012663,,,
8024,0,svm,max,balanced,cached_mxbai,1937,1782232071.2123287,,,
4843,0,svm,max,balanced,cached_mxbai,1938,1782232071.415813,,,
8610,0,svm,max,balanced,cached_mxbai,1939,1782232071.6158013,,,
5310,0,svm,max,balanced,cached_mxbai,1940,1782232071.8187153,,,
10120,0,svm,max,balanced,cached_mxbai,1941,1782232072.0225904,,,
4477,0,svm,max,balanced,cached_mxbai,1942,1782232072.2233386,,,
1490,0,svm,max,balanced,cached_mxbai,1943,1782232072.425828,,,
7369,0,svm,max,balanced,cached_mxbai,1944,1782232072.6404703,,,
9572,0,svm,max,balanced,cached_mxbai,1945,1782232072.8393946,,,
9603,0,svm,max,balanced,cached_mxbai,1946,1782232073.0343711,,,
10557,0,svm,max,balanced,cached_mxbai,1947,1782232073.2282772,,,
242,0,svm,max,balanced,cached_mxbai,1948,1782232073.4380128,,,
1040,0,svm,max,balanced,cached_mxbai,1949,1782232073.647681,,,
3364,0,svm,max,balanced,cached_mxbai,1950,1782232073.864691,,,
4211,0,svm,max,balanced,cached_mxbai,1951,1782232074.0638762,,,
4344,0,svm,max,balanced,cached_mxbai,1952,1782232074.2605383,,,
3412,0,svm,max,balanced,cached_mxbai,1953,1782232074.455665,,,
6478,0,svm,max,balanced,cached_mxbai,1954,1782232074.651217,,,
4150,0,svm,max,balanced,cached_mxbai,1955,1782232074.849663,,,
8088,1,svm,max,balanced,cached_mxbai,1956,1782232075.0482233,,,
6045,0,svm,max,balanced,cached_mxbai,1957,1782232075.2511,,,
9457,0,svm,max,balanced,cached_mxbai,1958,1782232075.466983,,,
4325,0,svm,max,balanced,cached_mxbai,1959,1782232075.6671894,,,
6284,0,svm,max,balanced,cached_mxbai,1960,1782232075.8713565,,,
5205,0,svm,max,balanced,cached_mxbai,1961,1782232076.0684273,,,
8717,0,svm,max,balanced,cached_mxbai,1962,1782232076.2644641,,,
1439,0,svm,max,balanced,cached_mxbai,1963,1782232076.4603395,,,
3495,0,svm,max,balanced,cached_mxbai,1964,1782232076.6572063,,,
9804,0,svm,max,balanced,cached_mxbai,1965,1782232076.8544178,,,
4576,0,svm,max,balanced,cached_mxbai,1966,1782232077.0519674,,,
66,0,svm,max,balanced,cached_mxbai,1967,1782232077.2595186,,,
3705,0,svm,max,balanced,cached_mxbai,1968,1782232077.459784,,,
8770,0,svm,max,balanced,cached_mxbai,1969,1782232077.6591866,,,
5042,0,svm,max,balanced,cached_mxbai,1970,1782232077.865076,,,
4806,0,svm,max,balanced,cached_mxbai,1971,1782232078.066266,,,
3233,0,svm,max,balanced,cached_mxbai,1972,1782232078.266152,,,
3285,0,svm,max,balanced,cached_mxbai,1973,1782232078.4675124,,,
1022,0,svm,max,balanced,cached_mxbai,1974,1782232078.6704912,,,
1594,0,svm,max,balanced,cached_mxbai,1975,1782232078.8759995,,,
4123,0,svm,max,balanced,cached_mxbai,1976,1782232079.0764,,,
5562,0,svm,max,balanced,cached_mxbai,1977,1782232079.2788332,,,
4269,0,svm,max,balanced,cached_mxbai,1978,1782232079.483469,,,
3606,0,svm,max,balanced,cached_mxbai,1979,1782232079.6860921,,,
1093,0,svm,max,balanced,cached_mxbai,1980,1782232079.8905308,,,
1926,0,svm,max,balanced,cached_mxbai,1981,1782232080.091808,,,
8194,0,svm,max,balanced,cached_mxbai,1982,1782232080.2936587,,,
9321,0,svm,max,balanced,cached_mxbai,1983,1782232080.4973404,,,
7312,0,svm,max,balanced,cached_mxbai,1984,1782232080.703837,,,
9277,0,svm,max,balanced,cached_mxbai,1985,1782232080.9435084,,,
3346,0,svm,max,balanced,cached_mxbai,1986,1782232081.1526976,,,
4550,0,svm,max,balanced,cached_mxbai,1987,1782232081.3604233,,,
1486,0,svm,max,balanced,cached_mxbai,1988,1782232081.5634983,,,
8335,0,svm,max,balanced,cached_mxbai,1989,1782232081.7698412,,,
6989,0,svm,max,balanced,cached_mxbai,1990,1782232081.9978924,,,
5255,0,svm,max,balanced,cached_mxbai,1991,1782232082.203183,,,
95,0,svm,max,balanced,cached_mxbai,1992,1782232082.4118905,,,
1761,0,svm,max,balanced,cached_mxbai,1993,1782232082.6471496,,,
10006,0,svm,max,balanced,cached_mxbai,1994,1782232082.8553486,,,
6353,0,svm,max,balanced,cached_mxbai,1995,1782232083.0573256,,,
5734,0,svm,max,balanced,cached_mxbai,1996,1782232083.263394,,,
3264,0,svm,max,balanced,cached_mxbai,1997,1782232083.4705138,,,
3496,0,svm,max,balanced,cached_mxbai,1998,1782232083.6781392,,,
1006,0,svm,max,balanced,cached_mxbai,1999,1782232083.8845873,,,
6185,0,svm,max,balanced,cached_mxbai,2000,1782232084.0893648,,,
8554,0,svm,max,balanced,cached_mxbai,2001,1782232084.2950008,,,
4186,0,svm,max,balanced,cached_mxbai,2002,1782232084.4994733,,,
7374,0,svm,max,balanced,cached_mxbai,2003,1782232084.7099495,,,
672,0,svm,max,balanced,cached_mxbai,2004,1782232084.920066,,,
4810,0,svm,max,balanced,cached_mxbai,2005,1782232085.1287973,,,
365,0,svm,max,balanced,cached_mxbai,2006,1782232085.3567624,,,
8337,0,svm,max,balanced,cached_mxbai,2007,1782232085.5636263,,,
4855,0,svm,max,balanced,cached_mxbai,2008,1782232085.7695584,,,
6462,0,svm,max,balanced,cached_mxbai,2009,1782232085.9746525,,,
2892,0,svm,max,balanced,cached_mxbai,2010,1782232086.1808627,,,
9473,0,svm,max,balanced,cached_mxbai,2011,1782232086.3847399,,,
8761,0,svm,max,balanced,cached_mxbai,2012,1782232086.5919094,,,
2373,0,svm,max,balanced,cached_mxbai,2013,1782232086.7975872,,,
9877,0,svm,max,balanced,cached_mxbai,2014,1782232087.0031981,,,
5007,0,svm,max,balanced,cached_mxbai,2015,1782232087.2130282,,,
1546,0,svm,max,balanced,cached_mxbai,2016,1782232087.4207346,,,
2040,0,svm,max,balanced,cached_mxbai,2017,1782232087.6293862,,,
4852,0,svm,max,balanced,cached_mxbai,2018,1782232087.8379858,,,
5971,0,svm,max,balanced,cached_mxbai,2019,1782232088.044691,,,
4857,0,svm,max,balanced,cached_mxbai,2020,1782232088.2519965,,,
9733,0,svm,max,balanced,cached_mxbai,2021,1782232088.4628887,,,
38,0,svm,max,balanced,cached_mxbai,2022,1782232088.668161,,,
3274,0,svm,max,balanced,cached_mxbai,2023,1782232088.8659594,,,
7099,0,svm,max,balanced,cached_mxbai,2024,1782232089.069598,,,
6976,0,svm,max,balanced,cached_mxbai,2025,1782232089.269801,,,
2184,0,svm,max,balanced,cached_mxbai,2026,1782232089.4732292,,,
2293,0,svm,max,balanced,cached_mxbai,2027,1782232089.6758075,,,
3245,0,svm,max,balanced,cached_mxbai,2028,1782232089.8787324,,,
3700,0,svm,max,balanced,cached_mxbai,2029,1782232090.0834494,,,
4731,0,svm,max,balanced,cached_mxbai,2030,1782232090.2906342,,,
8388,0,svm,max,balanced,cached_mxbai,2031,1782232090.495786,,,
6359,0,svm,max,balanced,cached_mxbai,2032,1782232090.6977327,,,
3683,0,svm,max,balanced,cached_mxbai,2033,1782232090.9031203,,,
4581,0,svm,max,balanced,cached_mxbai,2034,1782232091.1076472,,,
4525,0,svm,max,balanced,cached_mxbai,2035,1782232091.3130028,,,
7276,0,svm,max,balanced,cached_mxbai,2036,1782232091.5194452,,,
9144,0,svm,max,balanced,cached_mxbai,2037,1782232091.7227492,,,
5462,0,svm,max,balanced,cached_mxbai,2038,1782232091.9285789,,,
4929,0,svm,max,balanced,cached_mxbai,2039,1782232092.1323807,,,
6424,0,svm,max,balanced,cached_mxbai,2040,1782232092.3352392,,,
4082,0,svm,max,balanced,cached_mxbai,2041,1782232092.542225,,,
1896,0,svm,max,balanced,cached_mxbai,2042,1782232092.7460525,,,
5068,0,svm,max,balanced,cached_mxbai,2043,1782232092.949762,,,
8504,0,svm,max,balanced,cached_mxbai,2044,1782232093.1533208,,,
8322,0,svm,max,balanced,cached_mxbai,2045,1782232093.3580372,,,
3867,0,svm,max,balanced,cached_mxbai,2046,1782232093.567998,,,
6899,0,svm,max,balanced,cached_mxbai,2047,1782232093.7762654,,,
4183,0,svm,max,balanced,cached_mxbai,2048,1782232094.0195353,,,
3232,0,svm,max,balanced,cached_mxbai,2049,1782232094.2561114,,,
6286,0,svm,max,balanced,cached_mxbai,2050,1782232094.495189,,,
4596,0,svm,max,balanced,cached_mxbai,2051,1782232094.7395542,,,
8111,0,svm,max,balanced,cached_mxbai,2052,1782232094.9830678,,,
3419,0,svm,max,balanced,cached_mxbai,2053,1782232095.2291005,,,
10403,0,svm,max,balanced,cached_mxbai,2054,1782232095.489678,,,
8583,0,svm,max,balanced,cached_mxbai,2055,1782232095.727655,,,
4329,0,svm,max,balanced,cached_mxbai,2056,1782232095.9671504,,,
3054,0,svm,max,balanced,cached_mxbai,2057,1782232096.2035315,,,
4730,0,svm,max,balanced,cached_mxbai,2058,1782232096.4440598,,,
7061,0,svm,max,balanced,cached_mxbai,2059,1782232096.6850104,,,
4407,0,svm,max,balanced,cached_mxbai,2060,1782232096.9205573,,,
826,0,svm,max,balanced,cached_mxbai,2061,1782232097.155935,,,
8082,0,svm,max,balanced,cached_mxbai,2062,1782232097.3930812,,,
5696,0,svm,max,balanced,cached_mxbai,2063,1782232097.6326761,,,
5178,0,svm,max,balanced,cached_mxbai,2064,1782232097.8688478,,,
3210,0,svm,max,balanced,cached_mxbai,2065,1782232098.1078403,,,
7446,0,svm,max,balanced,cached_mxbai,2066,1782232098.3443468,,,
5005,0,svm,max,balanced,cached_mxbai,2067,1782232098.5816607,,,
5104,0,svm,max,balanced,cached_mxbai,2068,1782232098.8186095,,,
8283,0,svm,max,balanced,cached_mxbai,2069,1782232099.0558445,,,
4755,0,svm,max,balanced,cached_mxbai,2070,1782232099.2921307,,,
64,0,svm,max,balanced,cached_mxbai,2071,1782232099.5291424,,,
7304,0,svm,max,balanced,cached_mxbai,2072,1782232099.766123,,,
417,0,svm,max,balanced,cached_mxbai,2073,1782232099.9987152,,,
5463,0,svm,max,balanced,cached_mxbai,2074,1782232100.236237,,,
2121,0,svm,max,balanced,cached_mxbai,2075,1782232100.4735453,,,
4286,0,svm,max,balanced,cached_mxbai,2076,1782232100.7105324,,,
3622,0,svm,max,balanced,cached_mxbai,2077,1782232100.9478421,,,
3213,0,svm,max,balanced,cached_mxbai,2078,1782232101.1828759,,,
1073,0,svm,max,balanced,cached_mxbai,2079,1782232101.421875,,,
3993,0,svm,max,balanced,cached_mxbai,2080,1782232101.660658,,,
121,0,svm,max,balanced,cached_mxbai,2081,1782232101.8988936,,,
6765,0,svm,max,balanced,cached_mxbai,2082,1782232102.1395469,,,
5466,0,svm,max,balanced,cached_mxbai,2083,1782232102.3781335,,,
5114,0,svm,max,balanced,cached_mxbai,2084,1782232102.6232014,,,
1914,0,svm,max,balanced,cached_mxbai,2085,1782232102.8614857,,,
4823,0,svm,max,balanced,cached_mxbai,2086,1782232103.1013215,,,
9611,0,svm,max,balanced,cached_mxbai,2087,1782232103.3403332,,,
5295,0,svm,max,balanced,cached_mxbai,2088,1782232103.581641,,,
3403,0,svm,max,balanced,cached_mxbai,2089,1782232103.8212383,,,
2421,0,svm,max,balanced,cached_mxbai,2090,1782232104.0615368,,,
4282,0,svm,max,balanced,cached_mxbai,2091,1782232104.3026605,,,
7130,0,svm,max,balanced,cached_mxbai,2092,1782232104.5430858,,,
7951,0,svm,max,balanced,cached_mxbai,2093,1782232104.7823486,,,
8370,0,svm,max,balanced,cached_mxbai,2094,1782232105.0218751,,,
1351,0,svm,max,balanced,cached_mxbai,2095,1782232105.2780228,,,
919,0,svm,max,balanced,cached_mxbai,2096,1782232105.5227711,,,
2948,0,svm,max,balanced,cached_mxbai,2097,1782232105.7605586,,,
9472,0,svm,max,balanced,cached_mxbai,2098,1782232106.0012608,,,
4876,0,svm,max,balanced,cached_mxbai,2099,1782232106.2457619,,,
10491,0,svm,max,balanced,cached_mxbai,2100,1782232106.4864006,,,
9559,0,svm,max,balanced,cached_mxbai,2101,1782232106.727595,,,
9741,0,svm,max,balanced,cached_mxbai,2102,1782232106.9675007,,,
5003,0,svm,max,balanced,cached_mxbai,2103,1782232107.2108634,,,
4022,0,svm,max,balanced,cached_mxbai,2104,1782232107.453472,,,
3497,0,svm,max,balanced,cached_mxbai,2105,1782232107.6961026,,,
6546,0,svm,max,balanced,cached_mxbai,2106,1782232107.9367843,,,
4276,0,svm,max,balanced,cached_mxbai,2107,1782232108.1791961,,,
4251,0,svm,max,balanced,cached_mxbai,2108,1782232108.4187438,,,
3062,0,svm,max,balanced,cached_mxbai,2109,1782232108.6584296,,,
8263,0,svm,max,balanced,cached_mxbai,2110,1782232108.8977869,,,
3764,0,svm,max,balanced,cached_mxbai,2111,1782232109.1409862,,,
4370,0,svm,max,balanced,cached_mxbai,2112,1782232109.3852851,,,
8462,0,svm,max,balanced,cached_mxbai,2113,1782232109.6252909,,,
4747,0,svm,max,balanced,cached_mxbai,2114,1782232109.8657818,,,
4242,0,svm,max,balanced,cached_mxbai,2115,1782232110.1068974,,,
4861,0,svm,max,balanced,cached_mxbai,2116,1782232110.3489106,,,
2690,0,svm,max,balanced,cached_mxbai,2117,1782232110.5915792,,,
244,0,svm,max,balanced,cached_mxbai,2118,1782232110.8331356,,,
3710,0,svm,max,balanced,cached_mxbai,2119,1782232111.0739136,,,
9089,0,svm,max,balanced,cached_mxbai,2120,1782232111.3182542,,,
1604,0,svm,max,balanced,cached_mxbai,2121,1782232111.5632234,,,
4132,0,svm,max,balanced,cached_mxbai,2122,1782232111.8058734,,,
8833,0,svm,max,balanced,cached_mxbai,2123,1782232112.0470824,,,
10210,0,svm,max,balanced,cached_mxbai,2124,1782232112.2920468,,,
5163,0,svm,max,balanced,cached_mxbai,2125,1782232112.5374897,,,
7733,0,svm,max,balanced,cached_mxbai,2126,1782232112.7855997,,,
5549,0,svm,max,balanced,cached_mxbai,2127,1782232113.0297685,,,
3604,0,svm,max,balanced,cached_mxbai,2128,1782232113.2733903,,,
5044,0,svm,max,balanced,cached_mxbai,2129,1782232113.5199842,,,
2702,0,svm,max,balanced,cached_mxbai,2130,1782232113.7691646,,,
3704,0,svm,max,balanced,cached_mxbai,2131,1782232114.023774,,,
5203,0,svm,max,balanced,cached_mxbai,2132,1782232114.27094,,,
3637,0,svm,max,balanced,cached_mxbai,2133,1782232114.5162892,,,
4348,0,svm,max,balanced,cached_mxbai,2134,1782232114.7654984,,,
5048,0,svm,max,balanced,cached_mxbai,2135,1782232115.011301,,,
4335,0,svm,max,balanced,cached_mxbai,2136,1782232115.26777,,,
6105,0,svm,max,balanced,cached_mxbai,2137,1782232115.517534,,,
1178,0,svm,max,balanced,cached_mxbai,2138,1782232115.785334,,,
6310,0,svm,max,balanced,cached_mxbai,2139,1782232116.066384,,,
669,0,svm,max,balanced,cached_mxbai,2140,1782232116.325315,,,
2544,0,svm,max,balanced,cached_mxbai,2141,1782232116.571667,,,
9856,0,svm,max,balanced,cached_mxbai,2142,1782232116.8243997,,,
4462,0,svm,max,balanced,cached_mxbai,2143,1782232117.0697162,,,
5140,0,svm,max,balanced,cached_mxbai,2144,1782232117.3145163,,,
7552,0,svm,max,balanced,cached_mxbai,2145,1782232117.5618446,,,
8488,0,svm,max,balanced,cached_mxbai,2146,1782232117.810871,,,
7186,0,svm,max,balanced,cached_mxbai,2147,1782232118.0545743,,,
3570,0,svm,max,balanced,cached_mxbai,2148,1782232118.3015451,,,
951,0,svm,max,balanced,cached_mxbai,2149,1782232118.5473776,,,
4917,0,svm,max,balanced,cached_mxbai,2150,1782232118.7984986,,,
5277,0,svm,max,balanced,cached_mxbai,2151,1782232119.0467577,,,
6654,0,svm,max,balanced,cached_mxbai,2152,1782232119.2961664,,,
7550,0,svm,max,balanced,cached_mxbai,2153,1782232119.5433095,,,
8832,1,svm,max,balanced,cached_mxbai,2154,1782232119.7924829,,,
7776,0,svm,max,balanced,cached_mxbai,2155,1782232120.0383422,,,
6988,0,svm,max,balanced,cached_mxbai,2156,1782232120.288622,,,
288,0,svm,max,balanced,cached_mxbai,2157,1782232120.536653,,,
8920,0,svm,max,balanced,cached_mxbai,2158,1782232120.786841,,,
7258,0,svm,max,balanced,cached_mxbai,2159,1782232121.0336692,,,
8190,0,svm,max,balanced,cached_mxbai,2160,1782232121.2831736,,,
9292,0,svm,max,balanced,cached_mxbai,2161,1782232121.5381093,,,
4585,0,svm,max,balanced,cached_mxbai,2162,1782232121.794777,,,
3673,0,svm,max,balanced,cached_mxbai,2163,1782232122.0487983,,,
4979,0,svm,max,balanced,cached_mxbai,2164,1782232122.3008988,,,
1606,0,svm,max,balanced,cached_mxbai,2165,1782232122.5545704,,,
7127,0,svm,max,balanced,cached_mxbai,2166,1782232122.807968,,,
3430,0,svm,max,balanced,cached_mxbai,2167,1782232123.059106,,,
4212,0,svm,max,balanced,cached_mxbai,2168,1782232123.315584,,,
4775,0,svm,max,balanced,cached_mxbai,2169,1782232123.5722113,,,
3842,0,svm,max,balanced,cached_mxbai,2170,1782232123.8288789,,,
3108,0,svm,max,balanced,cached_mxbai,2171,1782232124.080391,,,
1446,0,svm,max,balanced,cached_mxbai,2172,1782232124.335207,,,
10281,0,svm,max,balanced,cached_mxbai,2173,1782232124.6032786,,,
6276,0,svm,max,balanced,cached_mxbai,2174,1782232124.8661158,,,
9602,0,svm,max,balanced,cached_mxbai,2175,1782232125.12818,,,
5097,0,svm,max,balanced,cached_mxbai,2176,1782232125.42055,,,
4877,0,svm,max,balanced,cached_mxbai,2177,1782232125.6790783,,,
222,0,svm,max,balanced,cached_mxbai,2178,1782232125.9396896,,,
10119,0,svm,max,balanced,cached_mxbai,2179,1782232126.1821852,,,
1465,0,svm,max,balanced,cached_mxbai,2180,1782232126.4301205,,,
3980,0,svm,max,balanced,cached_mxbai,2181,1782232126.6766744,,,
9011,0,svm,max,balanced,cached_mxbai,2182,1782232126.9262617,,,
3947,0,svm,max,balanced,cached_mxbai,2183,1782232127.1736293,,,
4115,0,svm,max,balanced,cached_mxbai,2184,1782232127.4221056,,,
653,0,svm,max,balanced,cached_mxbai,2185,1782232127.6685486,,,
9195,0,svm,max,balanced,cached_mxbai,2186,1782232127.919924,,,
267,0,svm,max,balanced,cached_mxbai,2187,1782232128.1680434,,,
3551,0,svm,max,balanced,cached_mxbai,2188,1782232128.4192424,,,
5033,0,svm,max,balanced,cached_mxbai,2189,1782232128.6694891,,,
1253,0,svm,max,balanced,cached_mxbai,2190,1782232128.9221377,,,
8073,0,svm,max,balanced,cached_mxbai,2191,1782232129.1693466,,,
8831,0,svm,max,balanced,cached_mxbai,2192,1782232129.42731,,,
7917,0,svm,max,balanced,cached_mxbai,2193,1782232129.6818798,,,
3715,0,svm,max,balanced,cached_mxbai,2194,1782232129.9338503,,,
2557,0,svm,max,balanced,cached_mxbai,2195,1782232130.2139611,,,
4444,0,svm,max,balanced,cached_mxbai,2196,1782232130.4656801,,,
4844,0,svm,max,balanced,cached_mxbai,2197,1782232130.7161775,,,
8265,0,svm,max,balanced,cached_mxbai,2198,1782232130.9692707,,,
9206,0,svm,max,balanced,cached_mxbai,2199,1782232131.2202692,,,
8816,0,svm,max,balanced,cached_mxbai,2200,1782232131.4728742,,,
8555,0,svm,max,balanced,cached_mxbai,2201,1782232131.7214417,,,
7230,0,svm,max,balanced,cached_mxbai,2202,1782232131.9751668,,,
3272,0,svm,max,balanced,cached_mxbai,2203,1782232132.223974,,,
4825,0,svm,max,balanced,cached_mxbai,2204,1782232132.4785287,,,
9688,0,svm,max,balanced,cached_mxbai,2205,1782232132.735896,,,
7048,0,svm,max,balanced,cached_mxbai,2206,1782232132.9896052,,,
4094,0,svm,max,balanced,cached_mxbai,2207,1782232133.2402475,,,
7560,0,svm,max,balanced,cached_mxbai,2208,1782232133.4929967,,,
3745,0,svm,max,balanced,cached_mxbai,2209,1782232133.7438538,,,
7101,0,svm,max,balanced,cached_mxbai,2210,1782232133.9943528,,,
8436,0,svm,max,balanced,cached_mxbai,2211,1782232134.2450042,,,
45,0,svm,max,balanced,cached_mxbai,2212,1782232134.5061424,,,
7507,0,svm,max,balanced,cached_mxbai,2213,1782232134.7879078,,,
10129,0,svm,max,balanced,cached_mxbai,2214,1782232135.0475664,,,
5041,0,svm,max,balanced,cached_mxbai,2215,1782232135.3121233,,,
5595,0,svm,max,balanced,cached_mxbai,2216,1782232135.563615,,,
1429,0,svm,max,balanced,cached_mxbai,2217,1782232135.8148417,,,
5444,0,svm,max,balanced,cached_mxbai,2218,1782232136.0615246,,,
5157,0,svm,max,balanced,cached_mxbai,2219,1782232136.3063655,,,
4814,0,svm,max,balanced,cached_mxbai,2220,1782232136.578548,,,
6531,0,svm,max,balanced,cached_mxbai,2221,1782232136.827787,,,
2461,0,svm,max,balanced,cached_mxbai,2222,1782232137.0785983,,,
448,0,svm,max,balanced,cached_mxbai,2223,1782232137.3352523,,,
4935,0,svm,max,balanced,cached_mxbai,2224,1782232137.59241,,,
747,0,svm,max,balanced,cached_mxbai,2225,1782232137.847198,,,
4880,0,svm,max,balanced,cached_mxbai,2226,1782232138.0955806,,,
3887,0,svm,max,balanced,cached_mxbai,2227,1782232138.3415112,,,
7495,0,svm,max,balanced,cached_mxbai,2228,1782232138.5928721,,,
4604,0,svm,max,balanced,cached_mxbai,2229,1782232138.8459687,,,
4287,0,svm,max,balanced,cached_mxbai,2230,1782232139.0961425,,,
1086,0,svm,max,balanced,cached_mxbai,2231,1782232139.3470063,,,
4774,0,svm,max,balanced,cached_mxbai,2232,1782232139.6060307,,,
3949,0,svm,max,balanced,cached_mxbai,2233,1782232139.879474,,,
8680,0,svm,max,balanced,cached_mxbai,2234,1782232140.142683,,,
8657,0,svm,max,balanced,cached_mxbai,2235,1782232140.3987272,,,
5712,0,svm,max,balanced,cached_mxbai,2236,1782232140.656997,,,
7324,0,svm,max,balanced,cached_mxbai,2237,1782232140.9138641,,,
6170,0,svm,max,balanced,cached_mxbai,2238,1782232141.1711228,,,
665,0,svm,max,balanced,cached_mxbai,2239,1782232141.430025,,,
4931,0,svm,max,balanced,cached_mxbai,2240,1782232141.6854293,,,
6230,0,svm,max,balanced,cached_mxbai,2241,1782232141.9436502,,,
5142,0,svm,max,balanced,cached_mxbai,2242,1782232142.2011328,,,
8031,0,svm,max,balanced,cached_mxbai,2243,1782232142.4606977,,,
7609,0,svm,max,balanced,cached_mxbai,2244,1782232142.7235782,,,
5354,0,svm,max,balanced,cached_mxbai,2245,1782232142.9809165,,,
5037,0,svm,max,balanced,cached_mxbai,2246,1782232143.238154,,,
3514,0,svm,max,balanced,cached_mxbai,2247,1782232143.4951239,,,
3626,0,svm,max,balanced,cached_mxbai,2248,1782232143.7528539,,,
4909,0,svm,max,balanced,cached_mxbai,2249,1782232144.0107212,,,
4366,0,svm,max,balanced,cached_mxbai,2250,1782232144.2666974,,,
7773,0,svm,max,balanced,cached_mxbai,2251,1782232144.5249164,,,
1739,0,svm,max,balanced,cached_mxbai,2252,1782232144.784177,,,
6425,0,svm,max,balanced,cached_mxbai,2253,1782232145.0437567,,,
5248,0,svm,max,balanced,cached_mxbai,2254,1782232145.3168232,,,
4,0,svm,max,balanced,cached_mxbai,2255,1782232145.574806,,,
10386,0,svm,max,balanced,cached_mxbai,2256,1782232145.8316891,,,
1315,0,svm,max,balanced,cached_mxbai,2257,1782232146.0886376,,,
7931,0,svm,max,balanced,cached_mxbai,2258,1782232146.3489752,,,
3855,0,svm,max,balanced,cached_mxbai,2259,1782232146.6242628,,,
9659,0,svm,max,balanced,cached_mxbai,2260,1782232146.9024029,,,
3825,0,svm,max,balanced,cached_mxbai,2261,1782232147.170166,,,
1930,0,svm,max,balanced,cached_mxbai,2262,1782232147.4392612,,,
3607,0,svm,max,balanced,cached_mxbai,2263,1782232147.7035363,,,
10192,0,svm,max,balanced,cached_mxbai,2264,1782232147.968499,,,
4726,0,svm,max,balanced,cached_mxbai,2265,1782232148.2355933,,,
1226,0,svm,max,balanced,cached_mxbai,2266,1782232148.5023167,,,
8732,0,svm,max,balanced,cached_mxbai,2267,1782232148.765963,,,
3913,0,svm,max,balanced,cached_mxbai,2268,1782232149.0337155,,,
8220,0,svm,max,balanced,cached_mxbai,2269,1782232149.3011642,,,
5035,0,svm,max,balanced,cached_mxbai,2270,1782232149.5704212,,,
4129,0,svm,max,balanced,cached_mxbai,2271,1782232149.84167,,,
1500,0,svm,max,balanced,cached_mxbai,2272,1782232150.1090736,,,
1671,0,svm,max,balanced,cached_mxbai,2273,1782232150.3753316,,,
3665,0,svm,max,balanced,cached_mxbai,2274,1782232150.6433184,,,
4903,0,svm,max,balanced,cached_mxbai,2275,1782232150.9091887,,,
4184,0,svm,max,balanced,cached_mxbai,2276,1782232151.175882,,,
5126,0,svm,max,balanced,cached_mxbai,2277,1782232151.440088,,,
2436,0,svm,max,balanced,cached_mxbai,2278,1782232151.707424,,,
3148,0,svm,max,balanced,cached_mxbai,2279,1782232151.97454,,,
4395,0,svm,max,balanced,cached_mxbai,2280,1782232152.2410638,,,
6706,0,svm,max,balanced,cached_mxbai,2281,1782232152.5125499,,,
723,0,svm,max,balanced,cached_mxbai,2282,1782232152.7799456,,,
4332,0,svm,max,balanced,cached_mxbai,2283,1782232153.0467663,,,
4314,0,svm,max,balanced,cached_mxbai,2284,1782232153.3124213,,,
5747,0,svm,max,balanced,cached_mxbai,2285,1782232153.5814354,,,
4584,0,svm,max,balanced,cached_mxbai,2286,1782232153.8480484,,,
6426,0,svm,max,balanced,cached_mxbai,2287,1782232154.1177218,,,
10497,0,svm,max,balanced,cached_mxbai,2288,1782232154.3924735,,,
9303,0,svm,max,balanced,cached_mxbai,2289,1782232154.6746151,,,
10349,1,svm,max,balanced,cached_mxbai,2290,1782232154.9500833,,,
5851,0,svm,max,balanced,cached_mxbai,2291,1782232155.226802,,,
177,0,svm,max,balanced,cached_mxbai,2292,1782232155.5025733,,,
5685,0,svm,max,balanced,cached_mxbai,2293,1782232155.7696211,,,
3717,0,svm,max,balanced,cached_mxbai,2294,1782232156.0595515,,,
9789,0,svm,max,balanced,cached_mxbai,2295,1782232156.3509822,,,
7716,0,svm,max,balanced,cached_mxbai,2296,1782232156.6160243,,,
170,0,svm,max,balanced,cached_mxbai,2297,1782232156.9043374,,,
1108,0,svm,max,balanced,cached_mxbai,2298,1782232157.1677089,,,
5793,0,svm,max,balanced,cached_mxbai,2299,1782232157.4304385,,,
9899,0,svm,max,balanced,cached_mxbai,2300,1782232157.6971104,,,
3816,0,svm,max,balanced,cached_mxbai,2301,1782232157.961572,,,
3856,0,svm,max,balanced,cached_mxbai,2302,1782232158.226224,,,
1934,0,svm,max,balanced,cached_mxbai,2303,1782232158.4907496,,,
7074,0,svm,max,balanced,cached_mxbai,2304,1782232158.7572439,,,
6063,0,svm,max,balanced,cached_mxbai,2305,1782232159.0214696,,,
3220,0,svm,max,balanced,cached_mxbai,2306,1782232159.2838695,,,
8627,0,svm,max,balanced,cached_mxbai,2307,1782232159.5505822,,,
4007,0,svm,max,balanced,cached_mxbai,2308,1782232159.8168669,,,
9788,0,svm,max,balanced,cached_mxbai,2309,1782232160.0822365,,,
464,0,svm,max,balanced,cached_mxbai,2310,1782232160.3451872,,,
169,0,svm,max,balanced,cached_mxbai,2311,1782232160.6136057,,,
10066,0,svm,max,balanced,cached_mxbai,2312,1782232160.8778443,,,
1060,0,svm,max,balanced,cached_mxbai,2313,1782232161.1445262,,,
9188,0,svm,max,balanced,cached_mxbai,2314,1782232161.4079242,,,
3156,0,svm,max,balanced,cached_mxbai,2315,1782232161.6767929,,,
4324,0,svm,max,balanced,cached_mxbai,2316,1782232161.9523249,,,
10432,0,svm,max,balanced,cached_mxbai,2317,1782232162.2277987,,,
862,0,svm,max,balanced,cached_mxbai,2318,1782232162.501485,,,
109,0,svm,max,balanced,cached_mxbai,2319,1782232162.7798002,,,
4796,0,svm,max,balanced,cached_mxbai,2320,1782232163.0530603,,,
5190,0,svm,max,balanced,cached_mxbai,2321,1782232163.3258898,,,
4621,0,svm,max,balanced,cached_mxbai,2322,1782232163.6015396,,,
3865,0,svm,max,balanced,cached_mxbai,2323,1782232163.8854206,,,
3794,0,svm,max,balanced,cached_mxbai,2324,1782232164.1790745,,,
2,0,svm,max,balanced,cached_mxbai,2325,1782232164.4520574,,,
191,0,svm,max,balanced,cached_mxbai,2326,1782232164.7267513,,,
10064,0,svm,max,balanced,cached_mxbai,2327,1782232164.9988556,,,
5991,0,svm,max,balanced,cached_mxbai,2328,1782232165.2940962,,,
4610,0,svm,max,balanced,cached_mxbai,2329,1782232165.56561,,,
10325,0,svm,max,balanced,cached_mxbai,2330,1782232165.8384817,,,
5935,0,svm,max,balanced,cached_mxbai,2331,1782232166.1136339,,,
3734,0,svm,max,balanced,cached_mxbai,2332,1782232166.3865373,,,
4545,0,svm,max,balanced,cached_mxbai,2333,1782232166.663238,,,
3712,0,svm,max,balanced,cached_mxbai,2334,1782232166.9364467,,,
1306,0,svm,max,balanced,cached_mxbai,2335,1782232167.2107313,,,
915,0,svm,max,balanced,cached_mxbai,2336,1782232167.4853325,,,
5164,0,svm,max,balanced,cached_mxbai,2337,1782232167.7651188,,,
3881,0,svm,max,balanced,cached_mxbai,2338,1782232168.0384328,,,
254,0,svm,max,balanced,cached_mxbai,2339,1782232168.3122573,,,
10534,0,svm,max,balanced,cached_mxbai,2340,1782232168.584642,,,
5026,0,svm,max,balanced,cached_mxbai,2341,1782232168.86219,,,
5228,0,svm,max,balanced,cached_mxbai,2342,1782232169.1390984,,,
4949,0,svm,max,balanced,cached_mxbai,2343,1782232169.415224,,,
4327,0,svm,max,balanced,cached_mxbai,2344,1782232169.6925542,,,
8737,0,svm,max,balanced,cached_mxbai,2345,1782232169.9721136,,,
6925,0,svm,max,balanced,cached_mxbai,2346,1782232170.246859,,,
4671,0,svm,max,balanced,cached_mxbai,2347,1782232170.5200794,,,
3,0,svm,max,balanced,cached_mxbai,2348,1782232170.796889,,,
3698,0,svm,max,balanced,cached_mxbai,2349,1782232171.0702598,,,
7164,0,svm,max,balanced,cached_mxbai,2350,1782232171.3523242,,,
6385,0,svm,max,balanced,cached_mxbai,2351,1782232171.6354675,,,
4983,0,svm,max,balanced,cached_mxbai,2352,1782232171.9171305,,,
3528,0,svm,max,balanced,cached_mxbai,2353,1782232172.1934233,,,
752,0,svm,max,balanced,cached_mxbai,2354,1782232172.472119,,,
3663,0,svm,max,balanced,cached_mxbai,2355,1782232172.7492032,,,
5122,0,svm,max,balanced,cached_mxbai,2356,1782232173.0219355,,,
4795,0,svm,max,balanced,cached_mxbai,2357,1782232173.290112,,,
4266,0,svm,max,balanced,cached_mxbai,2358,1782232173.56121,,,
9622,0,svm,max,balanced,cached_mxbai,2359,1782232173.8356144,,,
5224,0,svm,max,balanced,cached_mxbai,2360,1782232174.1065047,,,
1809,0,svm,max,balanced,cached_mxbai,2361,1782232174.3758574,,,
3456,0,svm,max,balanced,cached_mxbai,2362,1782232174.646998,,,
703,0,svm,max,balanced,cached_mxbai,2363,1782232174.9213138,,,
10360,0,svm,max,balanced,cached_mxbai,2364,1782232175.1959114,,,
4866,0,svm,max,balanced,cached_mxbai,2365,1782232175.485238,,,
7059,0,svm,max,balanced,cached_mxbai,2366,1782232175.7592804,,,
33,0,svm,max,balanced,cached_mxbai,2367,1782232176.0291255,,,
8642,0,svm,max,balanced,cached_mxbai,2368,1782232176.3047228,,,
3367,0,svm,max,balanced,cached_mxbai,2369,1782232176.5738397,,,
10402,0,svm,max,balanced,cached_mxbai,2370,1782232176.8433475,,,
2346,0,svm,max,balanced,cached_mxbai,2371,1782232177.1171792,,,
3351,0,svm,max,balanced,cached_mxbai,2372,1782232177.3875182,,,
9530,0,svm,max,balanced,cached_mxbai,2373,1782232177.6635222,,,
5117,0,svm,max,balanced,cached_mxbai,2374,1782232177.9364436,,,
9341,0,svm,max,balanced,cached_mxbai,2375,1782232178.2069824,,,
4156,0,svm,max,balanced,cached_mxbai,2376,1782232178.4769998,,,
4769,0,svm,max,balanced,cached_mxbai,2377,1782232178.751108,,,
5135,0,svm,max,balanced,cached_mxbai,2378,1782232179.0236182,,,
5094,0,svm,max,balanced,cached_mxbai,2379,1782232179.296674,,,
10536,0,svm,max,balanced,cached_mxbai,2380,1782232179.5716472,,,
2769,0,svm,max,balanced,cached_mxbai,2381,1782232179.8557436,,,
5166,0,svm,max,balanced,cached_mxbai,2382,1782232180.1343517,,,
3703,0,svm,max,balanced,cached_mxbai,2383,1782232180.4091365,,,
4694,0,svm,max,balanced,cached_mxbai,2384,1782232180.683604,,,
6555,0,svm,max,balanced,cached_mxbai,2385,1782232180.95769,,,
5015,0,svm,max,balanced,cached_mxbai,2386,1782232181.2301226,,,
10096,0,svm,max,balanced,cached_mxbai,2387,1782232181.5008566,,,
3662,0,svm,max,balanced,cached_mxbai,2388,1782232181.7758439,,,
8144,0,svm,max,balanced,cached_mxbai,2389,1782232182.046589,,,
5539,0,svm,max,balanced,cached_mxbai,2390,1782232182.3188565,,,
2673,0,svm,max,balanced,cached_mxbai,2391,1782232182.5955377,,,
7709,0,svm,max,balanced,cached_mxbai,2392,1782232182.874827,,,
8033,0,svm,max,balanced,cached_mxbai,2393,1782232183.1483934,,,
7349,0,svm,max,balanced,cached_mxbai,2394,1782232183.423261,,,
7805,0,svm,max,balanced,cached_mxbai,2395,1782232183.697145,,,
4972,0,svm,max,balanced,cached_mxbai,2396,1782232183.973627,,,
4052,0,svm,max,balanced,cached_mxbai,2397,1782232184.2467515,,,
8309,0,svm,max,balanced,cached_mxbai,2398,1782232184.5202234,,,
115,0,svm,max,balanced,cached_mxbai,2399,1782232184.7965627,,,
3581,0,svm,max,balanced,cached_mxbai,2400,1782232185.0746949,,,
3215,0,svm,max,balanced,cached_mxbai,2401,1782232185.3688023,,,
4614,0,svm,max,balanced,cached_mxbai,2402,1782232185.6461415,,,
9106,0,svm,max,balanced,cached_mxbai,2403,1782232185.925812,,,
4300,0,svm,max,balanced,cached_mxbai,2404,1782232186.1998627,,,
10002,0,svm,max,balanced,cached_mxbai,2405,1782232186.4755483,,,
7570,0,svm,max,balanced,cached_mxbai,2406,1782232186.7556171,,,
3674,0,svm,max,balanced,cached_mxbai,2407,1782232187.0328639,,,
6896,0,svm,max,balanced,cached_mxbai,2408,1782232187.3092253,,,
1197,0,svm,max,balanced,cached_mxbai,2409,1782232187.5862923,,,
7766,0,svm,max,balanced,cached_mxbai,2410,1782232187.864086,,,
3163,0,svm,max,balanced,cached_mxbai,2411,1782232188.1394272,,,
5864,0,svm,max,balanced,cached_mxbai,2412,1782232188.4142914,,,
4518,0,svm,max,balanced,cached_mxbai,2413,1782232188.690109,,,
9505,0,svm,max,balanced,cached_mxbai,2414,1782232188.9714763,,,
5459,0,svm,max,balanced,cached_mxbai,2415,1782232189.251521,,,
4288,0,svm,max,balanced,cached_mxbai,2416,1782232189.533286,,,
3642,0,svm,max,balanced,cached_mxbai,2417,1782232189.8136647,,,
3406,0,svm,max,balanced,cached_mxbai,2418,1782232190.0898094,,,
388,0,svm,max,balanced,cached_mxbai,2419,1782232190.3661308,,,
8871,0,svm,max,balanced,cached_mxbai,2420,1782232190.6445026,,,
3730,0,svm,max,balanced,cached_mxbai,2421,1782232190.9243228,,,
4859,0,svm,max,balanced,cached_mxbai,2422,1782232191.2027285,,,
1590,0,svm,max,balanced,cached_mxbai,2423,1782232191.4815178,,,
6835,0,svm,max,balanced,cached_mxbai,2424,1782232191.7597923,,,
4428,0,svm,max,balanced,cached_mxbai,2425,1782232192.036076,,,
561,0,svm,max,balanced,cached_mxbai,2426,1782232192.3115053,,,
4028,0,svm,max,balanced,cached_mxbai,2427,1782232192.5925257,,,
10445,0,svm,max,balanced,cached_mxbai,2428,1782232192.872829,,,
5121,0,svm,max,balanced,cached_mxbai,2429,1782232193.150916,,,
4206,0,svm,max,balanced,cached_mxbai,2430,1782232193.4287996,,,
5057,0,svm,max,balanced,cached_mxbai,2431,1782232193.7078056,,,
5124,0,svm,max,balanced,cached_mxbai,2432,1782232193.987335,,,
7307,0,svm,max,balanced,cached_mxbai,2433,1782232194.26605,,,
9335,0,svm,max,balanced,cached_mxbai,2434,1782232194.5451367,,,
2868,0,svm,max,balanced,cached_mxbai,2435,1782232194.8253698,,,
5428,0,svm,max,balanced,cached_mxbai,2436,1782232195.1122477,,,
73,0,svm,max,balanced,cached_mxbai,2437,1782232195.448579,,,
4878,0,svm,max,balanced,cached_mxbai,2438,1782232195.7704644,,,
7041,0,svm,max,balanced,cached_mxbai,2439,1782232196.0873077,,,
10125,0,svm,max,balanced,cached_mxbai,2440,1782232196.4055698,,,
4672,0,svm,max,balanced,cached_mxbai,2441,1782232196.7220325,,,
3467,0,svm,max,balanced,cached_mxbai,2442,1782232197.0390267,,,
394,0,svm,max,balanced,cached_mxbai,2443,1782232197.3637679,,,
1107,0,svm,max,balanced,cached_mxbai,2444,1782232197.678225,,,
6759,0,svm,max,balanced,cached_mxbai,2445,1782232197.995213,,,
4945,0,svm,max,balanced,cached_mxbai,2446,1782232198.3100836,,,
1323,0,svm,max,balanced,cached_mxbai,2447,1782232198.6253343,,,
8476,0,svm,max,balanced,cached_mxbai,2448,1782232198.941862,,,
4898,0,svm,max,balanced,cached_mxbai,2449,1782232199.2588599,,,
8950,0,svm,max,balanced,cached_mxbai,2450,1782232199.576447,,,
5392,0,svm,max,balanced,cached_mxbai,2451,1782232199.8978205,,,
3405,0,svm,max,balanced,cached_mxbai,2452,1782232200.2160187,,,
4651,0,svm,max,balanced,cached_mxbai,2453,1782232200.532908,,,
8060,0,svm,max,balanced,cached_mxbai,2454,1782232200.8526387,,,
6240,0,svm,max,balanced,cached_mxbai,2455,1782232201.17201,,,
513,0,svm,max,balanced,cached_mxbai,2456,1782232201.4905646,,,
3937,0,svm,max,balanced,cached_mxbai,2457,1782232201.8097363,,,
5433,0,svm,max,balanced,cached_mxbai,2458,1782232202.1291313,,,
4218,0,svm,max,balanced,cached_mxbai,2459,1782232202.446129,,,
10080,0,svm,max,balanced,cached_mxbai,2460,1782232202.7700372,,,
6473,0,svm,max,balanced,cached_mxbai,2461,1782232203.0880706,,,
905,0,svm,max,balanced,cached_mxbai,2462,1782232203.4081185,,,
4925,0,svm,max,balanced,cached_mxbai,2463,1782232203.732428,,,
10464,0,svm,max,balanced,cached_mxbai,2464,1782232204.0525146,,,
9046,0,svm,max,balanced,cached_mxbai,2465,1782232204.375037,,,
4997,0,svm,max,balanced,cached_mxbai,2466,1782232204.695237,,,
1400,0,svm,max,balanced,cached_mxbai,2467,1782232205.0190306,,,
3560,0,svm,max,balanced,cached_mxbai,2468,1782232205.3606057,,,
4924,0,svm,max,balanced,cached_mxbai,2469,1782232205.6807818,,,
6178,0,svm,max,balanced,cached_mxbai,2470,1782232205.9994216,,,
4238,0,svm,max,balanced,cached_mxbai,2471,1782232206.3205762,,,
3585,0,svm,max,balanced,cached_mxbai,2472,1782232206.644743,,,
1058,0,svm,max,balanced,cached_mxbai,2473,1782232206.9676974,,,
5215,0,svm,max,balanced,cached_mxbai,2474,1782232207.292266,,,
8891,0,svm,max,balanced,cached_mxbai,2475,1782232207.61693,,,
2439,0,svm,max,balanced,cached_mxbai,2476,1782232207.9391434,,,
104,0,svm,max,balanced,cached_mxbai,2477,1782232208.2621038,,,
3203,0,svm,max,balanced,cached_mxbai,2478,1782232208.5845954,,,
4696,0,svm,max,balanced,cached_mxbai,2479,1782232208.906975,,,
5787,0,svm,max,balanced,cached_mxbai,2480,1782232209.2285585,,,
8005,0,svm,max,balanced,cached_mxbai,2481,1782232209.552901,,,
7007,0,svm,max,balanced,cached_mxbai,2482,1782232209.876698,,,
1011,0,svm,max,balanced,cached_mxbai,2483,1782232210.201251,,,
7715,0,svm,max,balanced,cached_mxbai,2484,1782232210.5247998,,,
3542,0,svm,max,balanced,cached_mxbai,2485,1782232210.8521698,,,
1183,0,svm,max,balanced,cached_mxbai,2486,1782232211.1760294,,,
6433,0,svm,max,balanced,cached_mxbai,2487,1782232211.4982364,,,
4768,0,svm,max,balanced,cached_mxbai,2488,1782232211.8220825,,,
3503,0,svm,max,balanced,cached_mxbai,2489,1782232212.1462333,,,
6225,0,svm,max,balanced,cached_mxbai,2490,1782232212.4736342,,,
5800,0,svm,max,balanced,cached_mxbai,2491,1782232212.8028033,,,
9748,0,svm,max,balanced,cached_mxbai,2492,1782232213.1370475,,,
4999,0,svm,max,balanced,cached_mxbai,2493,1782232213.4606392,,,
9389,0,svm,max,balanced,cached_mxbai,2494,1782232213.7857232,,,
3951,0,svm,max,balanced,cached_mxbai,2495,1782232214.1117797,,,
2535,0,svm,max,balanced,cached_mxbai,2496,1782232214.4352245,,,
3658,0,svm,max,balanced,cached_mxbai,2497,1782232214.7598486,,,
8325,0,svm,max,balanced,cached_mxbai,2498,1782232215.0957866,,,
8351,0,svm,max,balanced,cached_mxbai,2499,1782232215.4469159,,,
4888,0,svm,max,balanced,cached_mxbai,2500,1782232215.7764344,,,
2799,0,svm,max,balanced,cached_mxbai,2501,1782232216.0698817,,,
1731,0,svm,max,balanced,cached_mxbai,2502,1782232216.3619368,,,
4402,0,svm,max,balanced,cached_mxbai,2503,1782232216.6501954,,,
5233,0,svm,max,balanced,cached_mxbai,2504,1782232216.941616,,,
5427,0,svm,max,balanced,cached_mxbai,2505,1782232217.2323902,,,
9593,0,svm,max,balanced,cached_mxbai,2506,1782232217.5286355,,,
7271,0,svm,max,balanced,cached_mxbai,2507,1782232217.8190649,,,
6773,0,svm,max,balanced,cached_mxbai,2508,1782232218.1067462,,,
4841,0,svm,max,balanced,cached_mxbai,2509,1782232218.3948395,,,
868,0,svm,max,balanced,cached_mxbai,2510,1782232218.6841457,,,
3733,0,svm,max,balanced,cached_mxbai,2511,1782232218.9741485,,,
3379,0,svm,max,balanced,cached_mxbai,2512,1782232219.2643383,,,
1937,0,svm,max,balanced,cached_mxbai,2513,1782232219.555553,,,
4367,0,svm,max,balanced,cached_mxbai,2514,1782232219.8489623,,,
5382,0,svm,max,balanced,cached_mxbai,2515,1782232220.1390016,,,
4500,0,svm,max,balanced,cached_mxbai,2516,1782232220.4300814,,,
3772,0,svm,max,balanced,cached_mxbai,2517,1782232220.7218735,,,
299,0,svm,max,balanced,cached_mxbai,2518,1782232221.0155346,,,
9950,0,svm,max,balanced,cached_mxbai,2519,1782232221.30896,,,
5260,0,svm,max,balanced,cached_mxbai,2520,1782232221.599575,,,
8579,0,svm,max,balanced,cached_mxbai,2521,1782232221.8891785,,,
6579,0,svm,max,balanced,cached_mxbai,2522,1782232222.180937,,,
8949,0,svm,max,balanced,cached_mxbai,2523,1782232222.4752862,,,
9795,0,svm,max,balanced,cached_mxbai,2524,1782232222.7688339,,,
3584,0,svm,max,balanced,cached_mxbai,2525,1782232223.0607975,,,
7350,0,svm,max,balanced,cached_mxbai,2526,1782232223.3537018,,,
9554,0,svm,max,balanced,cached_mxbai,2527,1782232223.646483,,,
4921,0,svm,max,balanced,cached_mxbai,2528,1782232223.9380302,,,
1539,0,svm,max,balanced,cached_mxbai,2529,1782232224.2673187,,,
9014,0,svm,max,balanced,cached_mxbai,2530,1782232224.5655568,,,
835,0,svm,max,balanced,cached_mxbai,2531,1782232224.8665206,,,
9319,0,svm,max,balanced,cached_mxbai,2532,1782232225.18403,,,
10190,0,svm,max,balanced,cached_mxbai,2533,1782232225.5194898,,,
5827,0,svm,max,balanced,cached_mxbai,2534,1782232225.8209379,,,
8612,0,svm,max,balanced,cached_mxbai,2535,1782232226.120469,,,
3879,0,svm,max,balanced,cached_mxbai,2536,1782232226.421128,,,
5170,0,svm,max,balanced,cached_mxbai,2537,1782232226.7195306,,,
4944,0,svm,max,balanced,cached_mxbai,2538,1782232227.0170445,,,
3110,0,svm,max,balanced,cached_mxbai,2539,1782232227.3151603,,,
10070,0,svm,max,balanced,cached_mxbai,2540,1782232227.633446,,,
7578,0,svm,max,balanced,cached_mxbai,2541,1782232227.9385474,,,
3651,0,svm,max,balanced,cached_mxbai,2542,1782232228.2395356,,,
4913,0,svm,max,balanced,cached_mxbai,2543,1782232228.5380986,,,
4194,0,svm,max,balanced,cached_mxbai,2544,1782232228.8438897,,,
4803,0,svm,max,balanced,cached_mxbai,2545,1782232229.1433034,,,
8039,0,svm,max,balanced,cached_mxbai,2546,1782232229.4446325,,,
10130,0,svm,max,balanced,cached_mxbai,2547,1782232229.7456691,,,
7518,0,svm,max,balanced,cached_mxbai,2548,1782232230.0473166,,,
7667,0,svm,max,balanced,cached_mxbai,2549,1782232230.3491652,,,
9735,0,svm,max,balanced,cached_mxbai,2550,1782232230.651093,,,
7107,0,svm,max,balanced,cached_mxbai,2551,1782232230.9538155,,,
65,0,svm,max,balanced,cached_mxbai,2552,1782232231.2555377,,,
3122,0,svm,max,balanced,cached_mxbai,2553,1782232231.559172,,,
4516,0,svm,max,balanced,cached_mxbai,2554,1782232231.8616881,,,
5794,0,svm,max,balanced,cached_mxbai,2555,1782232232.1630316,,,
4213,0,svm,max,balanced,cached_mxbai,2556,1782232232.4661202,,,
4208,0,svm,max,balanced,cached_mxbai,2557,1782232232.7735507,,,
5741,0,svm,max,balanced,cached_mxbai,2558,1782232233.0762188,,,
5585,0,svm,max,balanced,cached_mxbai,2559,1782232233.3777337,,,
10543,0,svm,max,balanced,cached_mxbai,2560,1782232233.6742153,,,
1281,0,svm,max,balanced,cached_mxbai,2561,1782232233.9716215,,,
8424,0,svm,max,balanced,cached_mxbai,2562,1782232234.2692072,,,
4630,0,svm,max,balanced,cached_mxbai,2563,1782232234.5658524,,,
7455,0,svm,max,balanced,cached_mxbai,2564,1782232234.8659217,,,
3208,0,svm,max,balanced,cached_mxbai,2565,1782232235.1668348,,,
10546,0,svm,max,balanced,cached_mxbai,2566,1782232235.483583,,,
3883,0,svm,max,balanced,cached_mxbai,2567,1782232235.7807868,,,
28,0,svm,max,balanced,cached_mxbai,2568,1782232236.0819519,,,
10085,0,svm,max,balanced,cached_mxbai,2569,1782232236.376926,,,
3442,0,svm,max,balanced,cached_mxbai,2570,1782232236.671567,,,
818,0,svm,max,balanced,cached_mxbai,2571,1782232236.9690893,,,
9977,0,svm,max,balanced,cached_mxbai,2572,1782232237.26414,,,
4172,0,svm,max,balanced,cached_mxbai,2573,1782232237.5759425,,,
9354,0,svm,max,balanced,cached_mxbai,2574,1782232237.8825872,,,
8699,0,svm,max,balanced,cached_mxbai,2575,1782232238.1860642,,,
4992,0,svm,max,balanced,cached_mxbai,2576,1782232238.4912798,,,
4073,0,svm,max,balanced,cached_mxbai,2577,1782232238.7875125,,,
9197,0,svm,max,balanced,cached_mxbai,2578,1782232239.0837033,,,
1866,0,svm,max,balanced,cached_mxbai,2579,1782232239.3876011,,,
3828,0,svm,max,balanced,cached_mxbai,2580,1782232239.691672,,,
54,0,svm,max,balanced,cached_mxbai,2581,1782232239.9987714,,,
523,0,svm,max,balanced,cached_mxbai,2582,1782232240.303318,,,
9931,0,svm,max,balanced,cached_mxbai,2583,1782232240.6080394,,,
1715,0,svm,max,balanced,cached_mxbai,2584,1782232240.9152412,,,
795,0,svm,max,balanced,cached_mxbai,2585,1782232241.2223332,,,
4609,0,svm,max,balanced,cached_mxbai,2586,1782232241.527983,,,
3131,0,svm,max,balanced,cached_mxbai,2587,1782232241.8343282,,,
3814,0,svm,max,balanced,cached_mxbai,2588,1782232242.138443,,,
7338,0,svm,max,balanced,cached_mxbai,2589,1782232242.4447541,,,
3648,0,svm,max,balanced,cached_mxbai,2590,1782232242.7539406,,,
1324,0,svm,max,balanced,cached_mxbai,2591,1782232243.0630543,,,
424,0,svm,max,balanced,cached_mxbai,2592,1782232243.3698506,,,
4900,0,svm,max,balanced,cached_mxbai,2593,1782232243.6775885,,,
8054,0,svm,max,balanced,cached_mxbai,2594,1782232243.9879785,,,
9283,0,svm,max,balanced,cached_mxbai,2595,1782232244.2943144,,,
3833,0,svm,max,balanced,cached_mxbai,2596,1782232244.6024697,,,
1758,0,svm,max,balanced,cached_mxbai,2597,1782232244.9149017,,,
5187,0,svm,max,balanced,cached_mxbai,2598,1782232245.231287,,,
4337,0,svm,max,balanced,cached_mxbai,2599,1782232245.5882967,,,
4492,0,svm,max,balanced,cached_mxbai,2600,1782232245.9423513,,,
1376,0,svm,max,balanced,cached_mxbai,2601,1782232246.284451,,,
1069,0,svm,max,balanced,cached_mxbai,2602,1782232246.6263163,,,
6404,0,svm,max,balanced,cached_mxbai,2603,1782232246.9722564,,,
758,0,svm,max,balanced,cached_mxbai,2604,1782232247.3123353,,,
4019,0,svm,max,balanced,cached_mxbai,2605,1782232247.6539881,,,
1635,0,svm,max,balanced,cached_mxbai,2606,1782232247.9969907,,,
289,0,svm,max,balanced,cached_mxbai,2607,1782232248.335836,,,
10358,0,svm,max,balanced,cached_mxbai,2608,1782232248.6814775,,,
4989,0,svm,max,balanced,cached_mxbai,2609,1782232249.0324461,,,
6061,0,svm,max,balanced,cached_mxbai,2610,1782232249.3776042,,,
6593,0,svm,max,balanced,cached_mxbai,2611,1782232249.71947,,,
4879,0,svm,max,balanced,cached_mxbai,2612,1782232250.0302138,,,
3927,0,svm,max,balanced,cached_mxbai,2613,1782232250.3389015,,,
1670,0,svm,max,balanced,cached_mxbai,2614,1782232250.648763,,,
4470,0,svm,max,balanced,cached_mxbai,2615,1782232250.9599862,,,
3714,0,svm,max,balanced,cached_mxbai,2616,1782232251.2710023,,,
6486,0,svm,max,balanced,cached_mxbai,2617,1782232251.6149344,,,
9909,0,svm,max,balanced,cached_mxbai,2618,1782232251.9640832,,,
3708,0,svm,max,balanced,cached_mxbai,2619,1782232252.3105392,,,
4916,0,svm,max,balanced,cached_mxbai,2620,1782232252.6317682,,,
9056,0,svm,max,balanced,cached_mxbai,2621,1782232252.9772255,,,
4485,0,svm,max,balanced,cached_mxbai,2622,1782232253.3222964,,,
10295,0,svm,max,balanced,cached_mxbai,2623,1782232253.6687071,,,
8180,0,svm,max,balanced,cached_mxbai,2624,1782232254.0089643,,,
3617,0,svm,max,balanced,cached_mxbai,2625,1782232254.3549175,,,
1787,0,svm,max,balanced,cached_mxbai,2626,1782232254.697701,,,
5613,0,svm,max,balanced,cached_mxbai,2627,1782232255.0454955,,,
8654,0,svm,max,balanced,cached_mxbai,2628,1782232255.412618,,,
9869,0,svm,max,balanced,cached_mxbai,2629,1782232255.7639964,,,
10506,0,svm,max,balanced,cached_mxbai,2630,1782232256.1103115,,,
7970,0,svm,max,balanced,cached_mxbai,2631,1782232256.4582434,,,
3535,0,svm,max,balanced,cached_mxbai,2632,1782232256.7993965,,,
4981,0,svm,max,balanced,cached_mxbai,2633,1782232257.1470816,,,
1891,0,svm,max,balanced,cached_mxbai,2634,1782232257.490437,,,
2586,0,svm,max,balanced,cached_mxbai,2635,1782232257.835019,,,
7424,0,svm,max,balanced,cached_mxbai,2636,1782232258.1768968,,,
688,0,svm,max,balanced,cached_mxbai,2637,1782232258.5192456,,,
1548,0,svm,max,balanced,cached_mxbai,2638,1782232258.861493,,,
4018,0,svm,max,balanced,cached_mxbai,2639,1782232259.2066147,,,
10218,0,svm,max,balanced,cached_mxbai,2640,1782232259.5512445,,,
5152,0,svm,max,balanced,cached_mxbai,2641,1782232259.8985076,,,
2129,0,svm,max,balanced,cached_mxbai,2642,1782232260.2418902,,,
3388,0,svm,max,balanced,cached_mxbai,2643,1782232260.5870528,,,
8782,0,svm,max,balanced,cached_mxbai,2644,1782232260.9323332,,,
5439,0,svm,max,balanced,cached_mxbai,2645,1782232261.2777374,,,
4105,0,svm,max,balanced,cached_mxbai,2646,1782232261.6241045,,,
3490,0,svm,max,balanced,cached_mxbai,2647,1782232261.9750316,,,
566,0,svm,max,balanced,cached_mxbai,2648,1782232262.3230777,,,
9660,0,svm,max,balanced,cached_mxbai,2649,1782232262.6753044,,,
4613,0,svm,max,balanced,cached_mxbai,2650,1782232263.0204728,,,
10594,1,svm,max,balanced,cached_mxbai,2651,1782232263.3689754,,,
4232,0,svm,max,balanced,cached_mxbai,2652,1782232263.7232687,,,
7285,0,svm,max,balanced,cached_mxbai,2653,1782232264.0767643,,,
10433,0,svm,max,balanced,cached_mxbai,2654,1782232264.4268155,,,
406,0,svm,max,balanced,cached_mxbai,2655,1782232264.7792628,,,
1714,0,svm,max,balanced,cached_mxbai,2656,1782232265.1427448,,,
4034,0,svm,max,balanced,cached_mxbai,2657,1782232265.519381,,,
4294,0,svm,max,balanced,cached_mxbai,2658,1782232265.8682673,,,
8193,0,svm,max,balanced,cached_mxbai,2659,1782232266.22312,,,
4143,0,svm,max,balanced,cached_mxbai,2660,1782232266.5701592,,,
4200,0,svm,max,balanced,cached_mxbai,2661,1782232266.9252794,,,
224,0,svm,max,balanced,cached_mxbai,2662,1782232267.2796104,,,
10370,0,svm,max,balanced,cached_mxbai,2663,1782232267.6350672,,,
4404,0,svm,max,balanced,cached_mxbai,2664,1782232267.9927833,,,
9117,0,svm,max,balanced,cached_mxbai,2665,1782232268.3492713,,,
75,0,svm,max,balanced,cached_mxbai,2666,1782232268.7068973,,,
8615,0,svm,max,balanced,cached_mxbai,2667,1782232269.0672674,,,
200,0,svm,max,balanced,cached_mxbai,2668,1782232269.419959,,,
10587,0,svm,max,balanced,cached_mxbai,2669,1782232269.776309,,,
7341,0,svm,max,balanced,cached_mxbai,2670,1782232270.1315215,,,
1592,0,svm,max,balanced,cached_mxbai,2671,1782232270.442185,,,
3321,0,svm,max,balanced,cached_mxbai,2672,1782232270.756804,,,
4062,0,svm,max,balanced,cached_mxbai,2673,1782232271.0720415,,,
2256,0,svm,max,balanced,cached_mxbai,2674,1782232271.386942,,,
3417,0,svm,max,balanced,cached_mxbai,2675,1782232271.704649,,,
5758,0,svm,max,balanced,cached_mxbai,2676,1782232272.0226266,,,
9822,0,svm,max,balanced,cached_mxbai,2677,1782232272.3393066,,,
9055,0,svm,max,balanced,cached_mxbai,2678,1782232272.6624722,,,
3686,0,svm,max,balanced,cached_mxbai,2679,1782232272.980952,,,
10216,0,svm,max,balanced,cached_mxbai,2680,1782232273.299162,,,
6334,0,svm,max,balanced,cached_mxbai,2681,1782232273.6172168,,,
6489,0,svm,max,balanced,cached_mxbai,2682,1782232273.9367864,,,
5175,0,svm,max,balanced,cached_mxbai,2683,1782232274.254596,,,
6774,0,svm,max,balanced,cached_mxbai,2684,1782232274.5708582,,,
7511,0,svm,max,balanced,cached_mxbai,2685,1782232274.888011,,,
4421,0,svm,max,balanced,cached_mxbai,2686,1782232275.2121484,,,
10387,0,svm,max,balanced,cached_mxbai,2687,1782232275.5600839,,,
445,0,svm,max,balanced,cached_mxbai,2688,1782232275.879574,,,
9143,0,svm,max,balanced,cached_mxbai,2689,1782232276.1974826,,,
9386,0,svm,max,balanced,cached_mxbai,2690,1782232276.5171149,,,
9048,0,svm,max,balanced,cached_mxbai,2691,1782232276.8350174,,,
648,0,svm,max,balanced,cached_mxbai,2692,1782232277.1549652,,,
4234,0,svm,max,balanced,cached_mxbai,2693,1782232277.472158,,,
4158,0,svm,max,balanced,cached_mxbai,2694,1782232277.7961085,,,
4409,0,svm,max,balanced,cached_mxbai,2695,1782232278.1187706,,,
4820,0,svm,max,balanced,cached_mxbai,2696,1782232278.438588,,,
1875,0,svm,max,balanced,cached_mxbai,2697,1782232278.795951,,,
9109,0,svm,max,balanced,cached_mxbai,2698,1782232279.1229737,,,
3246,0,svm,max,balanced,cached_mxbai,2699,1782232279.475796,,,
7590,0,svm,max,balanced,cached_mxbai,2700,1782232279.829477,,,
6443,0,svm,max,balanced,cached_mxbai,2701,1782232280.1832316,,,
7248,0,svm,max,balanced,cached_mxbai,2702,1782232280.502918,,,
7499,0,svm,max,balanced,cached_mxbai,2703,1782232280.859604,,,
1574,0,svm,max,balanced,cached_mxbai,2704,1782232281.181463,,,
6363,0,svm,max,balanced,cached_mxbai,2705,1782232281.5336676,,,
4159,0,svm,max,balanced,cached_mxbai,2706,1782232281.8888772,,,
3249,0,svm,max,balanced,cached_mxbai,2707,1782232282.2122695,,,
10004,0,svm,max,balanced,cached_mxbai,2708,1782232282.5330086,,,
10516,0,svm,max,balanced,cached_mxbai,2709,1782232282.8556921,,,
5920,0,svm,max,balanced,cached_mxbai,2710,1782232283.1773372,,,
9105,0,svm,max,balanced,cached_mxbai,2711,1782232283.4966376,,,
4690,0,svm,max,balanced,cached_mxbai,2712,1782232283.853772,,,
4078,0,svm,max,balanced,cached_mxbai,2713,1782232284.215534,,,
615,0,svm,max,balanced,cached_mxbai,2714,1782232284.5698805,,,
4842,0,svm,max,balanced,cached_mxbai,2715,1782232284.9238899,,,
4118,0,svm,max,balanced,cached_mxbai,2716,1782232285.3175662,,,
512,0,svm,max,balanced,cached_mxbai,2717,1782232285.675295,,,
5196,0,svm,max,balanced,cached_mxbai,2718,1782232286.0336556,,,
4187,0,svm,max,balanced,cached_mxbai,2719,1782232286.3916342,,,
3845,0,svm,max,balanced,cached_mxbai,2720,1782232286.749846,,,
1148,0,svm,max,balanced,cached_mxbai,2721,1782232287.1086333,,,
6509,0,svm,max,balanced,cached_mxbai,2722,1782232287.4631686,,,
4762,0,svm,max,balanced,cached_mxbai,2723,1782232287.8237796,,,
10364,0,svm,max,balanced,cached_mxbai,2724,1782232288.1793938,,,
5249,0,svm,max,balanced,cached_mxbai,2725,1782232288.5333135,,,
10282,0,svm,max,balanced,cached_mxbai,2726,1782232288.8900905,,,
4346,0,svm,max,balanced,cached_mxbai,2727,1782232289.2474215,,,
334,0,svm,max,balanced,cached_mxbai,2728,1782232289.601279,,,
3565,0,svm,max,balanced,cached_mxbai,2729,1782232289.9608495,,,
4713,0,svm,max,balanced,cached_mxbai,2730,1782232290.321835,,,
922,0,svm,max,balanced,cached_mxbai,2731,1782232290.6787732,,,
3537,0,svm,max,balanced,cached_mxbai,2732,1782232291.0391777,,,
1527,0,svm,max,balanced,cached_mxbai,2733,1782232291.4008276,,,
3784,0,svm,max,balanced,cached_mxbai,2734,1782232291.762802,,,
4303,0,svm,max,balanced,cached_mxbai,2735,1782232292.127165,,,
4057,0,svm,max,balanced,cached_mxbai,2736,1782232292.4889894,,,
1609,0,svm,max,balanced,cached_mxbai,2737,1782232292.8536365,,,
8762,0,svm,max,balanced,cached_mxbai,2738,1782232293.215311,,,
4160,0,svm,max,balanced,cached_mxbai,2739,1782232293.576689,,,
8012,0,svm,max,balanced,cached_mxbai,2740,1782232293.9405239,,,
1789,0,svm,max,balanced,cached_mxbai,2741,1782232294.301228,,,
1274,0,svm,max,balanced,cached_mxbai,2742,1782232294.6618404,,,
2417,0,svm,max,balanced,cached_mxbai,2743,1782232295.027219,,,
1310,0,svm,max,balanced,cached_mxbai,2744,1782232295.4070468,,,
9791,0,svm,max,balanced,cached_mxbai,2745,1782232295.7688153,,,
1481,0,svm,max,balanced,cached_mxbai,2746,1782232296.1298728,,,
1100,0,svm,max,balanced,cached_mxbai,2747,1782232296.4880552,,,
3202,0,svm,max,balanced,cached_mxbai,2748,1782232296.849669,,,
5978,0,svm,max,balanced,cached_mxbai,2749,1782232297.2086399,,,
5271,0,svm,max,balanced,cached_mxbai,2750,1782232297.5757823,,,
3839,0,svm,max,balanced,cached_mxbai,2751,1782232297.9573746,,,
4535,0,svm,max,balanced,cached_mxbai,2752,1782232298.335971,,,
8805,0,svm,max,balanced,cached_mxbai,2753,1782232298.711919,,,
9823,0,svm,max,balanced,cached_mxbai,2754,1782232299.0755587,,,
4578,0,svm,max,balanced,cached_mxbai,2755,1782232299.4376972,,,
4216,0,svm,max,balanced,cached_mxbai,2756,1782232299.799385,,,
3822,0,svm,max,balanced,cached_mxbai,2757,1782232300.1640794,,,
1711,0,svm,max,balanced,cached_mxbai,2758,1782232300.5282457,,,
6557,0,svm,max,balanced,cached_mxbai,2759,1782232300.9001632,,,
3513,0,svm,max,balanced,cached_mxbai,2760,1782232301.2657745,,,
785,0,svm,max,balanced,cached_mxbai,2761,1782232301.626156,,,
7038,0,svm,max,balanced,cached_mxbai,2762,1782232301.989376,,,
4724,0,svm,max,balanced,cached_mxbai,2763,1782232302.3548958,,,
5180,0,svm,max,balanced,cached_mxbai,2764,1782232302.7240489,,,
5914,0,svm,max,balanced,cached_mxbai,2765,1782232303.092581,,,
1595,0,svm,max,balanced,cached_mxbai,2766,1782232303.4537945,,,
10466,0,svm,max,balanced,cached_mxbai,2767,1782232303.8138938,,,
10233,0,svm,max,balanced,cached_mxbai,2768,1782232304.1789942,,,
9574,0,svm,max,balanced,cached_mxbai,2769,1782232304.5416508,,,
5194,0,svm,max,balanced,cached_mxbai,2770,1782232304.917147,,,
3579,0,svm,max,balanced,cached_mxbai,2771,1782232305.3059402,,,
1361,0,svm,max,balanced,cached_mxbai,2772,1782232305.67685,,,
3457,0,svm,max,balanced,cached_mxbai,2773,1782232306.0466003,,,
9314,0,svm,max,balanced,cached_mxbai,2774,1782232306.4105475,,,
701,0,svm,max,balanced,cached_mxbai,2775,1782232306.7721703,,,
8248,0,svm,max,balanced,cached_mxbai,2776,1782232307.1375544,,,
9949,0,svm,max,balanced,cached_mxbai,2777,1782232307.5031245,,,
4133,0,svm,max,balanced,cached_mxbai,2778,1782232307.8856418,,,
207,0,svm,max,balanced,cached_mxbai,2779,1782232308.2530289,,,
5949,0,svm,max,balanced,cached_mxbai,2780,1782232308.623124,,,
7191,0,svm,max,balanced,cached_mxbai,2781,1782232308.9872713,,,
5497,0,svm,max,balanced,cached_mxbai,2782,1782232309.3565311,,,
120,0,svm,max,balanced,cached_mxbai,2783,1782232309.7261505,,,
9649,0,svm,max,balanced,cached_mxbai,2784,1782232310.0929043,,,
9391,0,svm,max,balanced,cached_mxbai,2785,1782232310.4586177,,,
8085,0,svm,max,balanced,cached_mxbai,2786,1782232310.8216422,,,
734,0,svm,max,balanced,cached_mxbai,2787,1782232311.1918697,,,
1375,0,svm,max,balanced,cached_mxbai,2788,1782232311.5607102,,,
9879,0,svm,max,balanced,cached_mxbai,2789,1782232311.93871,,,
6717,0,svm,max,balanced,cached_mxbai,2790,1782232312.3152459,,,
7827,0,svm,max,balanced,cached_mxbai,2791,1782232312.687327,,,
5803,0,svm,max,balanced,cached_mxbai,2792,1782232313.0560925,,,
1632,0,svm,max,balanced,cached_mxbai,2793,1782232313.4247801,,,
6445,0,svm,max,balanced,cached_mxbai,2794,1782232313.7948043,,,
5183,0,svm,max,balanced,cached_mxbai,2795,1782232314.1655624,,,
5818,0,svm,max,balanced,cached_mxbai,2796,1782232314.532662,,,
2951,0,svm,max,balanced,cached_mxbai,2797,1782232314.8986967,,,
3312,0,svm,max,balanced,cached_mxbai,2798,1782232315.2894866,,,
10472,0,svm,max,balanced,cached_mxbai,2799,1782232315.6615558,,,
389,0,svm,max,balanced,cached_mxbai,2800,1782232316.0327616,,,
1720,0,svm,max,balanced,cached_mxbai,2801,1782232316.4016228,,,
4431,0,svm,max,balanced,cached_mxbai,2802,1782232316.771333,,,
9327,0,svm,max,balanced,cached_mxbai,2803,1782232317.1494837,,,
3091,0,svm,max,balanced,cached_mxbai,2804,1782232317.524705,,,
7052,0,svm,max,balanced,cached_mxbai,2805,1782232317.8954823,,,
5619,0,svm,max,balanced,cached_mxbai,2806,1782232318.2667465,,,
3384,0,svm,max,balanced,cached_mxbai,2807,1782232318.6559038,,,
7273,0,svm,max,balanced,cached_mxbai,2808,1782232319.026144,,,
3897,0,svm,max,balanced,cached_mxbai,2809,1782232319.3968673,,,
4524,0,svm,max,balanced,cached_mxbai,2810,1782232319.7661688,,,
6973,0,svm,max,balanced,cached_mxbai,2811,1782232320.1403873,,,
3268,0,svm,max,balanced,cached_mxbai,2812,1782232320.5079515,,,
5893,0,svm,max,balanced,cached_mxbai,2813,1782232320.8775945,,,
3725,0,svm,max,balanced,cached_mxbai,2814,1782232321.2510343,,,
4472,0,svm,max,balanced,cached_mxbai,2815,1782232321.6196089,,,
7376,0,svm,max,balanced,cached_mxbai,2816,1782232321.9994674,,,
4908,0,svm,max,balanced,cached_mxbai,2817,1782232322.3785594,,,
4317,0,svm,max,balanced,cached_mxbai,2818,1782232322.762585,,,
7617,0,svm,max,balanced,cached_mxbai,2819,1782232323.1532714,,,
685,0,svm,max,balanced,cached_mxbai,2820,1782232323.5205224,,,
6356,0,svm,max,balanced,cached_mxbai,2821,1782232323.8899226,,,
4349,0,svm,max,balanced,cached_mxbai,2822,1782232324.2628481,,,
5146,0,svm,max,balanced,cached_mxbai,2823,1782232324.6315455,,,
3358,0,svm,max,balanced,cached_mxbai,2824,1782232325.0169928,,,
2034,0,svm,max,balanced,cached_mxbai,2825,1782232325.4150286,,,
4065,0,svm,max,balanced,cached_mxbai,2826,1782232325.7984688,,,
5236,0,svm,max,balanced,cached_mxbai,2827,1782232326.180424,,,
5062,0,svm,max,balanced,cached_mxbai,2828,1782232326.5584068,,,
6928,0,svm,max,balanced,cached_mxbai,2829,1782232326.9347978,,,
3505,0,svm,max,balanced,cached_mxbai,2830,1782232327.3154786,,,
3916,0,svm,max,balanced,cached_mxbai,2831,1782232327.6977215,,,
5748,0,svm,max,balanced,cached_mxbai,2832,1782232328.081765,,,
3079,0,svm,max,balanced,cached_mxbai,2833,1782232328.467072,,,
4418,0,svm,max,balanced,cached_mxbai,2834,1782232328.8508928,,,
7277,0,svm,max,balanced,cached_mxbai,2835,1782232329.2395253,,,
3996,0,svm,max,balanced,cached_mxbai,2836,1782232329.6197636,,,
1365,0,svm,max,balanced,cached_mxbai,2837,1782232330.0010965,,,
9771,0,svm,max,balanced,cached_mxbai,2838,1782232330.382613,,,
1627,0,svm,max,balanced,cached_mxbai,2839,1782232330.757985,,,
3349,0,svm,max,balanced,cached_mxbai,2840,1782232331.139104,,,
9141,0,svm,max,balanced,cached_mxbai,2841,1782232331.5094824,,,
1260,0,svm,max,balanced,cached_mxbai,2842,1782232331.888431,,,
3976,0,svm,max,balanced,cached_mxbai,2843,1782232332.260691,,,
690,0,svm,max,balanced,cached_mxbai,2844,1782232332.6373203,,,
5291,0,svm,max,balanced,cached_mxbai,2845,1782232333.017841,,,
1200,0,svm,max,balanced,cached_mxbai,2846,1782232333.4009655,,,
1458,0,svm,max,balanced,cached_mxbai,2847,1782232333.7814786,,,
3134,0,svm,max,balanced,cached_mxbai,2848,1782232334.1657012,,,
6291,0,svm,max,balanced,cached_mxbai,2849,1782232334.5369031,,,
6780,0,svm,max,balanced,cached_mxbai,2850,1782232334.9111543,,,
4182,0,svm,max,balanced,cached_mxbai,2851,1782232335.3073223,,,
5050,0,svm,max,balanced,cached_mxbai,2852,1782232335.6798012,,,
9873,0,svm,max,balanced,cached_mxbai,2853,1782232336.0516963,,,
3228,0,svm,max,balanced,cached_mxbai,2854,1782232336.4269972,,,
4824,0,svm,max,balanced,cached_mxbai,2855,1782232336.8002114,,,
3999,0,svm,max,balanced,cached_mxbai,2856,1782232337.1766517,,,
8057,0,svm,max,balanced,cached_mxbai,2857,1782232337.5508327,,,
4872,0,svm,max,balanced,cached_mxbai,2858,1782232337.9266844,,,
3968,0,svm,max,balanced,cached_mxbai,2859,1782232338.3030064,,,
5810,0,svm,max,balanced,cached_mxbai,2860,1782232338.6802568,,,
7163,0,svm,max,balanced,cached_mxbai,2861,1782232339.0588856,,,
9153,0,svm,max,balanced,cached_mxbai,2862,1782232339.4362662,,,
1435,0,svm,max,balanced,cached_mxbai,2863,1782232339.8107653,,,
616,0,svm,max,balanced,cached_mxbai,2864,1782232340.1904306,,,
3295,0,svm,max,balanced,cached_mxbai,2865,1782232340.5710883,,,
245,0,svm,max,balanced,cached_mxbai,2866,1782232340.949998,,,
550,0,svm,max,balanced,cached_mxbai,2867,1782232341.3336384,,,
4760,0,svm,max,balanced,cached_mxbai,2868,1782232341.7095034,,,
9712,0,svm,max,balanced,cached_mxbai,2869,1782232342.0854924,,,
5432,0,svm,max,balanced,cached_mxbai,2870,1782232342.4629605,,,
9526,0,svm,max,balanced,cached_mxbai,2871,1782232342.8426204,,,
979,0,svm,max,balanced,cached_mxbai,2872,1782232343.2203517,,,
10485,0,svm,max,balanced,cached_mxbai,2873,1782232343.607121,,,
5408,0,svm,max,balanced,cached_mxbai,2874,1782232343.9942894,,,
9366,0,svm,max,balanced,cached_mxbai,2875,1782232344.3730426,,,
5054,0,svm,max,balanced,cached_mxbai,2876,1782232344.7503877,,,
10183,0,svm,max,balanced,cached_mxbai,2877,1782232345.1484916,,,
4339,0,svm,max,balanced,cached_mxbai,2878,1782232345.5533097,,,
5266,0,svm,max,balanced,cached_mxbai,2879,1782232345.9313152,,,
8546,0,svm,max,balanced,cached_mxbai,2880,1782232346.3146837,,,
2082,0,svm,max,balanced,cached_mxbai,2881,1782232346.6955724,,,
4095,0,svm,max,balanced,cached_mxbai,2882,1782232347.0760903,,,
8779,0,svm,max,balanced,cached_mxbai,2883,1782232347.4584858,,,
8174,0,svm,max,balanced,cached_mxbai,2884,1782232347.8386273,,,
9825,0,svm,max,balanced,cached_mxbai,2885,1782232348.2210207,,,
4274,0,svm,max,balanced,cached_mxbai,2886,1782232348.600902,,,
9592,0,svm,max,balanced,cached_mxbai,2887,1782232348.9798229,,,
7870,0,svm,max,balanced,cached_mxbai,2888,1782232349.3629673,,,
3755,0,svm,max,balanced,cached_mxbai,2889,1782232349.741265,,,
1886,0,svm,max,balanced,cached_mxbai,2890,1782232350.127076,,,
6287,0,svm,max,balanced,cached_mxbai,2891,1782232350.5115116,,,
4113,0,svm,max,balanced,cached_mxbai,2892,1782232350.8927083,,,
85,0,svm,max,balanced,cached_mxbai,2893,1782232351.2764997,,,
8025,0,svm,max,balanced,cached_mxbai,2894,1782232351.659448,,,
1101,0,svm,max,balanced,cached_mxbai,2895,1782232352.0458205,,,
2743,0,svm,max,balanced,cached_mxbai,2896,1782232352.4307487,,,
4443,0,svm,max,balanced,cached_mxbai,2897,1782232352.8179681,,,
3348,0,svm,max,balanced,cached_mxbai,2898,1782232353.1989605,,,
1121,0,svm,max,balanced,cached_mxbai,2899,1782232353.5801532,,,
1510,0,svm,max,balanced,cached_mxbai,2900,1782232353.9599693,,,
9925,0,svm,max,balanced,cached_mxbai,2901,1782232354.3480113,,,
1700,0,svm,max,balanced,cached_mxbai,2902,1782232354.7332172,,,
4942,0,svm,max,balanced,cached_mxbai,2903,1782232355.128732,,,
4250,0,svm,max,balanced,cached_mxbai,2904,1782232355.537874,,,
9003,0,svm,max,balanced,cached_mxbai,2905,1782232355.9220903,,,
3795,0,svm,max,balanced,cached_mxbai,2906,1782232356.3069322,,,
9790,0,svm,max,balanced,cached_mxbai,2907,1782232356.6894295,,,
8109,0,svm,max,balanced,cached_mxbai,2908,1782232357.072473,,,
4544,0,svm,max,balanced,cached_mxbai,2909,1782232357.4595015,,,
151,0,svm,max,balanced,cached_mxbai,2910,1782232357.8458824,,,
7991,0,svm,max,balanced,cached_mxbai,2911,1782232358.2307718,,,
5811,0,svm,max,balanced,cached_mxbai,2912,1782232358.612985,,,
4640,0,svm,max,balanced,cached_mxbai,2913,1782232358.9961011,,,
3466,0,svm,max,balanced,cached_mxbai,2914,1782232359.3826764,,,
6041,0,svm,max,balanced,cached_mxbai,2915,1782232359.7681293,,,
5514,0,svm,max,balanced,cached_mxbai,2916,1782232360.1536052,,,
5784,0,svm,max,balanced,cached_mxbai,2917,1782232360.5391834,,,
1983,0,svm,max,balanced,cached_mxbai,2918,1782232360.930617,,,
5144,0,svm,max,balanced,cached_mxbai,2919,1782232361.321311,,,
8475,0,svm,max,balanced,cached_mxbai,2920,1782232361.7089329,,,
2667,0,svm,max,balanced,cached_mxbai,2921,1782232362.0995827,,,
4607,0,svm,max,balanced,cached_mxbai,2922,1782232362.4911764,,,
7476,0,svm,max,balanced,cached_mxbai,2923,1782232362.8804874,,,
5127,0,svm,max,balanced,cached_mxbai,2924,1782232363.2696185,,,
1085,0,svm,max,balanced,cached_mxbai,2925,1782232363.6571648,,,
5640,0,svm,max,balanced,cached_mxbai,2926,1782232364.0454564,,,
10198,0,svm,max,balanced,cached_mxbai,2927,1782232364.4347057,,,
5182,0,svm,max,balanced,cached_mxbai,2928,1782232364.8223553,,,
4695,0,svm,max,balanced,cached_mxbai,2929,1782232365.2218287,,,
3525,0,svm,max,balanced,cached_mxbai,2930,1782232365.6418018,,,
650,0,svm,max,balanced,cached_mxbai,2931,1782232366.0338724,,,
155,0,svm,max,balanced,cached_mxbai,2932,1782232366.425306,,,
87,0,svm,max,balanced,cached_mxbai,2933,1782232366.817493,,,
1686,0,svm,max,balanced,cached_mxbai,2934,1782232367.2082384,,,
4039,0,svm,max,balanced,cached_mxbai,2935,1782232367.5997758,,,
8562,0,svm,max,balanced,cached_mxbai,2936,1782232367.9925191,,,
4560,0,svm,max,balanced,cached_mxbai,2937,1782232368.3821988,,,
5951,0,svm,max,balanced,cached_mxbai,2938,1782232368.774318,,,
1661,0,svm,max,balanced,cached_mxbai,2939,1782232369.165586,,,
9610,0,svm,max,balanced,cached_mxbai,2940,1782232369.5623865,,,
931,0,svm,max,balanced,cached_mxbai,2941,1782232369.9596632,,,
1482,0,svm,max,balanced,cached_mxbai,2942,1782232370.3522708,,,
4002,0,svm,max,balanced,cached_mxbai,2943,1782232370.7407472,,,
7763,0,svm,max,balanced,cached_mxbai,2944,1782232371.129515,,,
3946,0,svm,max,balanced,cached_mxbai,2945,1782232371.5219114,,,
7287,0,svm,max,balanced,cached_mxbai,2946,1782232371.9106064,,,
5545,0,svm,max,balanced,cached_mxbai,2947,1782232372.300817,,,
3992,0,svm,max,balanced,cached_mxbai,2948,1782232372.6965601,,,
9318,0,svm,max,balanced,cached_mxbai,2949,1782232373.0864816,,,
2072,0,svm,max,balanced,cached_mxbai,2950,1782232373.4768207,,,
3599,0,svm,max,balanced,cached_mxbai,2951,1782232373.863472,,,
4678,0,svm,max,balanced,cached_mxbai,2952,1782232374.2548025,,,
1422,0,svm,max,balanced,cached_mxbai,2953,1782232374.6428573,,,
7159,0,svm,max,balanced,cached_mxbai,2954,1782232375.0328512,,,
3465,0,svm,max,balanced,cached_mxbai,2955,1782232375.4394,,,
6236,0,svm,max,balanced,cached_mxbai,2956,1782232375.8298633,,,
5241,0,svm,max,balanced,cached_mxbai,2957,1782232376.2196405,,,
3167,0,svm,max,balanced,cached_mxbai,2958,1782232376.613392,,,
1196,0,svm,max,balanced,cached_mxbai,2959,1782232377.0035691,,,
2910,0,svm,max,balanced,cached_mxbai,2960,1782232377.4076583,,,
3812,0,svm,max,balanced,cached_mxbai,2961,1782232377.7986007,,,
7437,0,svm,max,balanced,cached_mxbai,2962,1782232378.2058558,,,
8648,0,svm,max,balanced,cached_mxbai,2963,1782232378.6013255,,,
1924,0,svm,max,balanced,cached_mxbai,2964,1782232378.992396,,,
5579,0,svm,max,balanced,cached_mxbai,2965,1782232379.388614,,,
3365,0,svm,max,balanced,cached_mxbai,2966,1782232379.7802048,,,
5247,0,svm,max,balanced,cached_mxbai,2967,1782232380.1749997,,,
9777,0,svm,max,balanced,cached_mxbai,2968,1782232380.5711172,,,
10467,0,svm,max,balanced,cached_mxbai,2969,1782232380.961906,,,
8152,0,svm,max,balanced,cached_mxbai,2970,1782232381.359833,,,
3411,0,svm,max,balanced,cached_mxbai,2971,1782232381.7523901,,,
5370,0,svm,max,balanced,cached_mxbai,2972,1782232382.1440818,,,
203,0,svm,max,balanced,cached_mxbai,2973,1782232382.5388699,,,
3180,0,svm,max,balanced,cached_mxbai,2974,1782232382.9311867,,,
7937,0,svm,max,balanced,cached_mxbai,2975,1782232383.3235638,,,
9587,0,svm,max,balanced,cached_mxbai,2976,1782232383.7168124,,,
7429,0,svm,max,balanced,cached_mxbai,2977,1782232384.1097503,,,
423,1,svm,max,balanced,cached_mxbai,2978,1782232384.5038607,,,
7346,0,svm,max,balanced,cached_mxbai,2979,1782232384.887095,,,
7815,0,svm,max,balanced,cached_mxbai,2980,1782232385.2884033,,,
8269,0,svm,max,balanced,cached_mxbai,2981,1782232385.674766,,,
2378,0,svm,max,balanced,cached_mxbai,2982,1782232386.0549102,,,
6714,0,svm,max,balanced,cached_mxbai,2983,1782232386.4402328,,,
1740,0,svm,max,balanced,cached_mxbai,2984,1782232386.8213837,,,
42,0,svm,max,balanced,cached_mxbai,2985,1782232387.2070312,,,
5343,0,svm,max,balanced,cached_mxbai,2986,1782232387.591799,,,
8040,0,svm,max,balanced,cached_mxbai,2987,1782232387.9812644,,,
5637,0,svm,max,balanced,cached_mxbai,2988,1782232388.3679006,,,
2791,0,svm,max,balanced,cached_mxbai,2989,1782232388.780683,,,
8477,0,svm,max,balanced,cached_mxbai,2990,1782232389.1903012,,,
1044,0,svm,max,balanced,cached_mxbai,2991,1782232389.6142128,,,
6440,0,svm,max,balanced,cached_mxbai,2992,1782232390.000302,,,
7865,0,svm,max,balanced,cached_mxbai,2993,1782232390.3910089,,,
4357,0,svm,max,balanced,cached_mxbai,2994,1782232390.7778194,,,
10345,0,svm,max,balanced,cached_mxbai,2995,1782232391.167327,,,
1404,0,svm,max,balanced,cached_mxbai,2996,1782232391.5576692,,,
4081,0,svm,max,balanced,cached_mxbai,2997,1782232391.9458435,,,
5828,0,svm,max,balanced,cached_mxbai,2998,1782232392.3336015,,,
6371,0,svm,max,balanced,cached_mxbai,2999,1782232392.7258315,,,
8936,0,svm,max,balanced,cached_mxbai,3000,1782232393.1128078,,,
5490,0,svm,max,balanced,cached_mxbai,3001,1782232393.5043006,,,
5752,0,svm,max,balanced,cached_mxbai,3002,1782232393.8969681,,,
3366,0,svm,max,balanced,cached_mxbai,3003,1782232394.2929738,,,
1544,0,svm,max,balanced,cached_mxbai,3004,1782232394.6824489,,,
3727,0,svm,max,balanced,cached_mxbai,3005,1782232395.077376,,,
7670,0,svm,max,balanced,cached_mxbai,3006,1782232395.486868,,,
5350,0,svm,max,balanced,cached_mxbai,3007,1782232395.8799393,,,
1463,0,svm,max,balanced,cached_mxbai,3008,1782232396.267752,,,
6695,0,svm,max,balanced,cached_mxbai,3009,1782232396.6607237,,,
5923,0,svm,max,balanced,cached_mxbai,3010,1782232397.0509107,,,
8617,0,svm,max,balanced,cached_mxbai,3011,1782232397.4422734,,,
6442,0,svm,max,balanced,cached_mxbai,3012,1782232397.8327851,,,
712,0,svm,max,balanced,cached_mxbai,3013,1782232398.2219207,,,
3601,0,svm,max,balanced,cached_mxbai,3014,1782232398.6102946,,,
4938,0,svm,max,balanced,cached_mxbai,3015,1782232399.0121994,,,
732,0,svm,max,balanced,cached_mxbai,3016,1782232399.420313,,,
2531,0,svm,max,balanced,cached_mxbai,3017,1782232399.8204522,,,
4235,0,svm,max,balanced,cached_mxbai,3018,1782232400.2200348,,,
9002,0,svm,max,balanced,cached_mxbai,3019,1782232400.6239052,,,
9821,0,svm,max,balanced,cached_mxbai,3020,1782232401.022424,,,
3758,0,svm,max,balanced,cached_mxbai,3021,1782232401.4291406,,,
3481,0,svm,max,balanced,cached_mxbai,3022,1782232401.829167,,,
6086,0,svm,max,balanced,cached_mxbai,3023,1782232402.231124,,,
454,0,svm,max,balanced,cached_mxbai,3024,1782232402.6382062,,,
3861,0,svm,max,balanced,cached_mxbai,3025,1782232403.0399308,,,
8284,0,svm,max,balanced,cached_mxbai,3026,1782232403.4415026,,,
1677,0,svm,max,balanced,cached_mxbai,3027,1782232403.8468854,,,
2500,0,svm,max,balanced,cached_mxbai,3028,1782232404.2618809,,,
4145,0,svm,max,balanced,cached_mxbai,3029,1782232404.666588,,,
8098,0,svm,max,balanced,cached_mxbai,3030,1782232405.078739,,,
3610,0,svm,max,balanced,cached_mxbai,3031,1782232405.5006347,,,
175,0,svm,max,balanced,cached_mxbai,3032,1782232405.9050052,,,
10376,0,svm,max,balanced,cached_mxbai,3033,1782232406.309622,,,
237,0,svm,max,balanced,cached_mxbai,3034,1782232406.714789,,,
2507,0,svm,max,balanced,cached_mxbai,3035,1782232407.1206412,,,
3046,0,svm,max,balanced,cached_mxbai,3036,1782232407.5253444,,,
4023,0,svm,max,balanced,cached_mxbai,3037,1782232407.9279761,,,
10585,0,svm,max,balanced,cached_mxbai,3038,1782232408.329335,,,
3826,0,svm,max,balanced,cached_mxbai,3039,1782232408.7295184,,,
1988,0,svm,max,balanced,cached_mxbai,3040,1782232409.1234448,,,
9241,0,svm,max,balanced,cached_mxbai,3041,1782232409.5304186,,,
4356,0,svm,max,balanced,cached_mxbai,3042,1782232409.926291,,,
3970,0,svm,max,balanced,cached_mxbai,3043,1782232410.3221598,,,
2818,0,svm,max,balanced,cached_mxbai,3044,1782232410.7151365,,,
179,0,svm,max,balanced,cached_mxbai,3045,1782232411.1178484,,,
2978,0,svm,max,balanced,cached_mxbai,3046,1782232411.5165007,,,
3103,0,svm,max,balanced,cached_mxbai,3047,1782232411.9093997,,,
5921,0,svm,max,balanced,cached_mxbai,3048,1782232412.3071063,,,
446,0,svm,max,balanced,cached_mxbai,3049,1782232412.7055774,,,
943,0,svm,max,balanced,cached_mxbai,3050,1782232413.1034393,,,
3575,0,svm,max,balanced,cached_mxbai,3051,1782232413.5008204,,,
4089,0,svm,max,balanced,cached_mxbai,3052,1782232413.8992624,,,
3421,0,svm,max,balanced,cached_mxbai,3053,1782232414.2962441,,,
1736,0,svm,max,balanced,cached_mxbai,3054,1782232414.6904304,,,
5907,0,svm,max,balanced,cached_mxbai,3055,1782232415.0883675,,,
897,0,svm,max,balanced,cached_mxbai,3056,1782232415.5031502,,,
6979,0,svm,max,balanced,cached_mxbai,3057,1782232415.8950315,,,
6009,0,svm,max,balanced,cached_mxbai,3058,1782232416.2933328,,,
4110,0,svm,max,balanced,cached_mxbai,3059,1782232416.6938627,,,
9358,0,svm,max,balanced,cached_mxbai,3060,1782232417.0899067,,,
9886,0,svm,max,balanced,cached_mxbai,3061,1782232417.483914,,,
150,0,svm,max,balanced,cached_mxbai,3062,1782232417.8800542,,,
9687,0,svm,max,balanced,cached_mxbai,3063,1782232418.2726626,,,
5479,0,svm,max,balanced,cached_mxbai,3064,1782232418.6680357,,,
4658,0,svm,max,balanced,cached_mxbai,3065,1782232419.0605423,,,
9541,0,svm,max,balanced,cached_mxbai,3066,1782232419.4663198,,,
8814,0,svm,max,balanced,cached_mxbai,3067,1782232419.8727758,,,
5098,0,svm,max,balanced,cached_mxbai,3068,1782232420.2743144,,,
1765,0,svm,max,balanced,cached_mxbai,3069,1782232420.6807911,,,
8645,0,svm,max,balanced,cached_mxbai,3070,1782232421.08438,,,
7275,0,svm,max,balanced,cached_mxbai,3071,1782232421.4833062,,,
4125,0,svm,max,balanced,cached_mxbai,3072,1782232421.8811474,,,
2487,0,svm,max,balanced,cached_mxbai,3073,1782232422.2778187,,,
1046,0,svm,max,balanced,cached_mxbai,3074,1782232422.6822348,,,
9656,0,svm,max,balanced,cached_mxbai,3075,1782232423.0784006,,,
6382,0,svm,max,balanced,cached_mxbai,3076,1782232423.479345,,,
6052,0,svm,max,balanced,cached_mxbai,3077,1782232423.8775291,,,
1861,0,svm,max,balanced,cached_mxbai,3078,1782232424.2772365,,,
5843,0,svm,max,balanced,cached_mxbai,3079,1782232424.6770828,,,
10453,0,svm,max,balanced,cached_mxbai,3080,1782232425.086927,,,
7913,0,svm,max,balanced,cached_mxbai,3081,1782232425.5118544,,,
3738,0,svm,max,balanced,cached_mxbai,3082,1782232425.9145114,,,
4478,0,svm,max,balanced,cached_mxbai,3083,1782232426.3119001,,,
10222,0,svm,max,balanced,cached_mxbai,3084,1782232426.716258,,,
8931,0,svm,max,balanced,cached_mxbai,3085,1782232427.1199822,,,
5206,0,svm,max,balanced,cached_mxbai,3086,1782232427.5200007,,,
3868,0,svm,max,balanced,cached_mxbai,3087,1782232427.9221888,,,
3760,0,svm,max,balanced,cached_mxbai,3088,1782232428.3226657,,,
1545,0,svm,max,balanced,cached_mxbai,3089,1782232428.7213778,,,
428,0,svm,max,balanced,cached_mxbai,3090,1782232429.1237586,,,
6650,0,svm,max,balanced,cached_mxbai,3091,1782232429.5299022,,,
8288,0,svm,max,balanced,cached_mxbai,3092,1782232429.9366198,,,
1763,0,svm,max,balanced,cached_mxbai,3093,1782232430.3352578,,,
5384,0,svm,max,balanced,cached_mxbai,3094,1782232430.7391338,,,
4580,0,svm,max,balanced,cached_mxbai,3095,1782232431.1401951,,,
7322,0,svm,max,balanced,cached_mxbai,3096,1782232431.5453131,,,
9890,0,svm,max,balanced,cached_mxbai,3097,1782232431.9467661,,,
5075,0,svm,max,balanced,cached_mxbai,3098,1782232432.350676,,,
7156,0,svm,max,balanced,cached_mxbai,3099,1782232432.7543461,,,
3853,0,svm,max,balanced,cached_mxbai,3100,1782232433.15923,,,
2276,0,svm,max,balanced,cached_mxbai,3101,1782232433.5632594,,,
3546,0,svm,max,balanced,cached_mxbai,3102,1782232433.9640458,,,
4368,0,svm,max,balanced,cached_mxbai,3103,1782232434.364446,,,
4993,0,svm,max,balanced,cached_mxbai,3104,1782232434.762737,,,
1672,0,svm,max,balanced,cached_mxbai,3105,1782232435.177869,,,
9306,0,svm,max,balanced,cached_mxbai,3106,1782232435.6066375,,,
5149,0,svm,max,balanced,cached_mxbai,3107,1782232436.0119424,,,
9049,0,svm,max,balanced,cached_mxbai,3108,1782232436.4180815,,,
5688,0,svm,max,balanced,cached_mxbai,3109,1782232436.8218904,,,
2646,0,svm,max,balanced,cached_mxbai,3110,1782232437.2297282,,,
9903,0,svm,max,balanced,cached_mxbai,3111,1782232437.635326,,,
9103,0,svm,max,balanced,cached_mxbai,3112,1782232438.0385063,,,
2587,0,svm,max,balanced,cached_mxbai,3113,1782232438.4416842,,,
4758,0,svm,max,balanced,cached_mxbai,3114,1782232438.8494406,,,
7677,0,svm,max,balanced,cached_mxbai,3115,1782232439.2546082,,,
4980,0,svm,max,balanced,cached_mxbai,3116,1782232439.6579113,,,
3746,0,svm,max,balanced,cached_mxbai,3117,1782232440.0588624,,,
1508,0,svm,max,balanced,cached_mxbai,3118,1782232440.4664526,,,
9463,0,svm,max,balanced,cached_mxbai,3119,1782232440.8750353,,,
4819,0,svm,max,balanced,cached_mxbai,3120,1782232441.2848544,,,
31,0,svm,max,balanced,cached_mxbai,3121,1782232441.6925445,,,
3128,0,svm,max,balanced,cached_mxbai,3122,1782232442.097497,,,
1551,0,svm,max,balanced,cached_mxbai,3123,1782232442.504804,,,
4385,0,svm,max,balanced,cached_mxbai,3124,1782232442.9128332,,,
8482,0,svm,max,balanced,cached_mxbai,3125,1782232443.319866,,,
4579,0,svm,max,balanced,cached_mxbai,3126,1782232443.7251554,,,
2321,0,svm,max,balanced,cached_mxbai,3127,1782232444.1450841,,,
4408,0,svm,max,balanced,cached_mxbai,3128,1782232444.5580535,,,
7731,0,svm,max,balanced,cached_mxbai,3129,1782232444.9664752,,,
7698,0,svm,max,balanced,cached_mxbai,3130,1782232445.4316614,,,
2379,0,svm,max,balanced,cached_mxbai,3131,1782232445.8412402,,,
555,0,svm,max,balanced,cached_mxbai,3132,1782232446.2472484,,,
3739,0,svm,max,balanced,cached_mxbai,3133,1782232446.6595023,,,
1940,0,svm,max,balanced,cached_mxbai,3134,1782232447.0761487,,,
3310,0,svm,max,balanced,cached_mxbai,3135,1782232447.4913404,,,
3990,0,svm,max,balanced,cached_mxbai,3136,1782232447.9017236,,,
7692,0,svm,max,balanced,cached_mxbai,3137,1782232448.309637,,,
10061,0,svm,max,balanced,cached_mxbai,3138,1782232448.7156959,,,
4776,0,svm,max,balanced,cached_mxbai,3139,1782232449.1246078,,,
89,0,svm,max,balanced,cached_mxbai,3140,1782232449.5344474,,,
4254,0,svm,max,balanced,cached_mxbai,3141,1782232449.9403071,,,
5431,0,svm,max,balanced,cached_mxbai,3142,1782232450.3565474,,,
6313,0,svm,max,balanced,cached_mxbai,3143,1782232450.7758439,,,
9983,0,svm,max,balanced,cached_mxbai,3144,1782232451.1833708,,,
40,0,svm,max,balanced,cached_mxbai,3145,1782232451.5923088,,,
3621,0,svm,max,balanced,cached_mxbai,3146,1782232451.9991872,,,
6144,0,svm,max,balanced,cached_mxbai,3147,1782232452.4146862,,,
8856,0,svm,max,balanced,cached_mxbai,3148,1782232452.8270903,,,
8943,0,svm,max,balanced,cached_mxbai,3149,1782232453.237155,,,
5730,0,svm,max,balanced,cached_mxbai,3150,1782232453.6458797,,,
8409,0,svm,max,balanced,cached_mxbai,3151,1782232454.053328,,,
1800,0,svm,max,balanced,cached_mxbai,3152,1782232454.4654922,,,
3051,0,svm,max,balanced,cached_mxbai,3153,1782232454.8765864,,,
6855,0,svm,max,balanced,cached_mxbai,3154,1782232455.3100994,,,
8859,0,svm,max,balanced,cached_mxbai,3155,1782232455.722163,,,
879,0,svm,max,balanced,cached_mxbai,3156,1782232456.1305907,,,
7615,0,svm,max,balanced,cached_mxbai,3157,1782232456.5432928,,,
343,0,svm,max,balanced,cached_mxbai,3158,1782232456.9536781,,,
5889,0,svm,max,balanced,cached_mxbai,3159,1782232457.3610861,,,
4848,0,svm,max,balanced,cached_mxbai,3160,1782232457.770188,,,
7533,0,svm,max,balanced,cached_mxbai,3161,1782232458.1786346,,,
6715,0,svm,max,balanced,cached_mxbai,3162,1782232458.5888379,,,
4556,0,svm,max,balanced,cached_mxbai,3163,1782232458.9982524,,,
3522,0,svm,max,balanced,cached_mxbai,3164,1782232459.4097877,,,
605,0,svm,max,balanced,cached_mxbai,3165,1782232459.823578,,,
5849,0,svm,max,balanced,cached_mxbai,3166,1782232460.2321231,,,
8173,0,svm,max,balanced,cached_mxbai,3167,1782232460.6447492,,,
2567,0,svm,max,balanced,cached_mxbai,3168,1782232461.0560207,,,
6939,0,svm,max,balanced,cached_mxbai,3169,1782232461.4691718,,,
5109,0,svm,max,balanced,cached_mxbai,3170,1782232461.8817506,,,
2766,0,svm,max,balanced,cached_mxbai,3171,1782232462.2912858,,,
10269,0,svm,max,balanced,cached_mxbai,3172,1782232462.7084682,,,
7650,0,svm,max,balanced,cached_mxbai,3173,1782232463.121303,,,
1757,0,svm,max,balanced,cached_mxbai,3174,1782232463.5335057,,,
6474,0,svm,max,balanced,cached_mxbai,3175,1782232463.9455774,,,
7671,0,svm,max,balanced,cached_mxbai,3176,1782232464.358145,,,
5390,0,svm,max,balanced,cached_mxbai,3177,1782232464.774107,,,
128,0,svm,max,balanced,cached_mxbai,3178,1782232465.194858,,,
4401,0,svm,max,balanced,cached_mxbai,3179,1782232465.6271236,,,
3751,0,svm,max,balanced,cached_mxbai,3180,1782232466.04195,,,
5004,0,svm,max,balanced,cached_mxbai,3181,1782232466.455512,,,
1399,0,svm,max,balanced,cached_mxbai,3182,1782232466.8682907,,,
10032,0,svm,max,balanced,cached_mxbai,3183,1782232467.2825608,,,
894,0,svm,max,balanced,cached_mxbai,3184,1782232467.699593,,,
4340,0,svm,max,balanced,cached_mxbai,3185,1782232468.1127138,,,
9668,0,svm,max,balanced,cached_mxbai,3186,1782232468.5285525,,,
4583,0,svm,max,balanced,cached_mxbai,3187,1782232468.946134,,,
6081,0,svm,max,balanced,cached_mxbai,3188,1782232469.3657584,,,
2332,0,svm,max,balanced,cached_mxbai,3189,1782232469.7803295,,,
3567,0,svm,max,balanced,cached_mxbai,3190,1782232470.201584,,,
949,0,svm,max,balanced,cached_mxbai,3191,1782232470.619963,,,
6666,0,svm,max,balanced,cached_mxbai,3192,1782232471.0362315,,,
82,0,svm,max,balanced,cached_mxbai,3193,1782232471.4517727,,,
1187,0,svm,max,balanced,cached_mxbai,3194,1782232471.8685212,,,
7757,0,svm,max,balanced,cached_mxbai,3195,1782232472.2837842,,,
8090,0,svm,max,balanced,cached_mxbai,3196,1782232472.7038405,,,
1273,0,svm,max,balanced,cached_mxbai,3197,1782232473.1198807,,,
4794,0,svm,max,balanced,cached_mxbai,3198,1782232473.5336466,,,
10163,0,svm,max,balanced,cached_mxbai,3199,1782232473.9509947,,,
1137,0,svm,max,balanced,cached_mxbai,3200,1782232474.367631,,,
8181,0,svm,max,balanced,cached_mxbai,3201,1782232474.7875016,,,
9546,0,svm,max,balanced,cached_mxbai,3202,1782232475.2081816,,,
8287,0,svm,max,balanced,cached_mxbai,3203,1782232475.6457512,,,
6689,0,svm,max,balanced,cached_mxbai,3204,1782232476.0615203,,,
4904,0,svm,max,balanced,cached_mxbai,3205,1782232476.479837,,,
6698,0,svm,max,balanced,cached_mxbai,3206,1782232476.8983197,,,
7326,0,svm,max,balanced,cached_mxbai,3207,1782232477.3184278,,,
3636,0,svm,max,balanced,cached_mxbai,3208,1782232477.7326841,,,
1007,0,svm,max,balanced,cached_mxbai,3209,1782232478.1477315,,,
4639,0,svm,max,balanced,cached_mxbai,3210,1782232478.5589476,,,
7608,0,svm,max,balanced,cached_mxbai,3211,1782232478.978077,,,
8161,0,svm,max,balanced,cached_mxbai,3212,1782232479.399063,,,
5261,0,svm,max,balanced,cached_mxbai,3213,1782232479.8412383,,,
2197,0,svm,max,balanced,cached_mxbai,3214,1782232480.2854664,,,
638,0,svm,max,balanced,cached_mxbai,3215,1782232480.716316,,,
8414,0,svm,max,balanced,cached_mxbai,3216,1782232481.1339436,,,
416,0,svm,max,balanced,cached_mxbai,3217,1782232481.5524805,,,
4178,0,svm,max,balanced,cached_mxbai,3218,1782232481.9712255,,,
7532,0,svm,max,balanced,cached_mxbai,3219,1782232482.3886924,,,
673,0,svm,max,balanced,cached_mxbai,3220,1782232482.8082244,,,
4084,0,svm,max,balanced,cached_mxbai,3221,1782232483.222665,,,
337,0,svm,max,balanced,cached_mxbai,3222,1782232483.6407785,,,
9858,0,svm,max,balanced,cached_mxbai,3223,1782232484.0559237,,,
7419,0,svm,max,balanced,cached_mxbai,3224,1782232484.4722636,,,
4802,0,svm,max,balanced,cached_mxbai,3225,1782232484.8990989,,,
5540,0,svm,max,balanced,cached_mxbai,3226,1782232485.33952,,,
1503,0,svm,max,balanced,cached_mxbai,3227,1782232485.7684052,,,
100,0,svm,max,balanced,cached_mxbai,3228,1782232486.1909056,,,
5073,0,svm,max,balanced,cached_mxbai,3229,1782232486.6114962,,,
7674,0,svm,max,balanced,cached_mxbai,3230,1782232487.0353131,,,
8264,0,svm,max,balanced,cached_mxbai,3231,1782232487.454945,,,
7449,0,svm,max,balanced,cached_mxbai,3232,1782232487.8805063,,,
3258,0,svm,max,balanced,cached_mxbai,3233,1782232488.3073363,,,
5101,0,svm,max,balanced,cached_mxbai,3234,1782232488.732915,,,
4780,0,svm,max,balanced,cached_mxbai,3235,1782232489.1565433,,,
956,0,svm,max,balanced,cached_mxbai,3236,1782232489.5802305,,,
3149,0,svm,max,balanced,cached_mxbai,3237,1782232490.00602,,,
8565,0,svm,max,balanced,cached_mxbai,3238,1782232490.4293394,,,
9700,0,svm,max,balanced,cached_mxbai,3239,1782232490.8527186,,,
162,0,svm,max,balanced,cached_mxbai,3240,1782232491.2762222,,,
6737,0,svm,max,balanced,cached_mxbai,3241,1782232491.7016,,,
7696,0,svm,max,balanced,cached_mxbai,3242,1782232492.1264,,,
8207,0,svm,max,balanced,cached_mxbai,3243,1782232492.551636,,,
3437,0,svm,max,balanced,cached_mxbai,3244,1782232492.9806154,,,
7782,0,svm,max,balanced,cached_mxbai,3245,1782232493.406768,,,
4835,0,svm,max,balanced,cached_mxbai,3246,1782232493.832216,,,
3719,0,svm,max,balanced,cached_mxbai,3247,1782232494.2573023,,,
1618,0,svm,max,balanced,cached_mxbai,3248,1782232494.6840463,,,
3105,0,svm,max,balanced,cached_mxbai,3249,1782232495.1098068,,,
6373,0,svm,max,balanced,cached_mxbai,3250,1782232495.5540423,,,
6218,0,svm,max,balanced,cached_mxbai,3251,1782232495.977034,,,
3896,0,svm,max,balanced,cached_mxbai,3252,1782232496.4010055,,,
4833,0,svm,max,balanced,cached_mxbai,3253,1782232496.8265007,,,
7788,0,svm,max,balanced,cached_mxbai,3254,1782232497.2539718,,,
8051,0,svm,max,balanced,cached_mxbai,3255,1782232497.6767042,,,
8715,0,svm,max,balanced,cached_mxbai,3256,1782232498.1005352,,,
7783,0,svm,max,balanced,cached_mxbai,3257,1782232498.5220714,,,
4432,0,svm,max,balanced,cached_mxbai,3258,1782232498.952326,,,
6586,0,svm,max,balanced,cached_mxbai,3259,1782232499.3805394,,,
7807,0,svm,max,balanced,cached_mxbai,3260,1782232499.808505,,,
5993,0,svm,max,balanced,cached_mxbai,3261,1782232500.2339735,,,
3287,0,svm,max,balanced,cached_mxbai,3262,1782232500.6709456,,,
4321,0,svm,max,balanced,cached_mxbai,3263,1782232501.0937507,,,
522,0,svm,max,balanced,cached_mxbai,3264,1782232501.5172198,,,
5892,0,svm,max,balanced,cached_mxbai,3265,1782232501.9423726,,,
7386,0,svm,max,balanced,cached_mxbai,3266,1782232502.3714576,,,
4897,0,svm,max,balanced,cached_mxbai,3267,1782232502.7972355,,,
9898,0,svm,max,balanced,cached_mxbai,3268,1782232503.2203462,,,
3681,0,svm,max,balanced,cached_mxbai,3269,1782232503.642546,,,
4623,0,svm,max,balanced,cached_mxbai,3270,1782232504.0689883,,,
6252,0,svm,max,balanced,cached_mxbai,3271,1782232504.4920347,,,
4405,0,svm,max,balanced,cached_mxbai,3272,1782232504.9189634,,,
3706,0,svm,max,balanced,cached_mxbai,3273,1782232505.363432,,,
1331,0,svm,max,balanced,cached_mxbai,3274,1782232505.789696,,,
2855,0,svm,max,balanced,cached_mxbai,3275,1782232506.2152975,,,
4656,0,svm,max,balanced,cached_mxbai,3276,1782232506.6428766,,,
6578,0,svm,max,balanced,cached_mxbai,3277,1782232507.069031,,,
6927,0,svm,max,balanced,cached_mxbai,3278,1782232507.4946363,,,
198,0,svm,max,balanced,cached_mxbai,3279,1782232507.9210813,,,
6348,0,svm,max,balanced,cached_mxbai,3280,1782232508.347607,,,
8203,0,svm,max,balanced,cached_mxbai,3281,1782232508.7760653,,,
9555,0,svm,max,balanced,cached_mxbai,3282,1782232509.2047355,,,
2250,0,svm,max,balanced,cached_mxbai,3283,1782232509.631967,,,
9140,0,svm,max,balanced,cached_mxbai,3284,1782232510.0711946,,,
2872,0,svm,max,balanced,cached_mxbai,3285,1782232510.513562,,,
4998,0,svm,max,balanced,cached_mxbai,3286,1782232510.9685142,,,
2569,0,svm,max,balanced,cached_mxbai,3287,1782232511.4064934,,,
2700,0,svm,max,balanced,cached_mxbai,3288,1782232511.8468266,,,
7053,0,svm,max,balanced,cached_mxbai,3289,1782232512.2900352,,,
3453,0,svm,max,balanced,cached_mxbai,3290,1782232512.7303896,,,
7234,0,svm,max,balanced,cached_mxbai,3291,1782232513.1736233,,,
1091,0,svm,max,balanced,cached_mxbai,3292,1782232513.6163635,,,
1515,0,svm,max,balanced,cached_mxbai,3293,1782232514.0599551,,,
618,0,svm,max,balanced,cached_mxbai,3294,1782232514.4983454,,,
6405,0,svm,max,balanced,cached_mxbai,3295,1782232514.9425561,,,
9863,0,svm,max,balanced,cached_mxbai,3296,1782232515.4077523,,,
9721,0,svm,max,balanced,cached_mxbai,3297,1782232515.8514688,,,
4146,0,svm,max,balanced,cached_mxbai,3298,1782232516.2915924,,,
3113,0,svm,max,balanced,cached_mxbai,3299,1782232516.727616,,,
936,0,svm,max,balanced,cached_mxbai,3300,1782232517.1672006,,,
112,0,svm,max,balanced,cached_mxbai,3301,1782232517.6055198,,,
797,0,svm,max,balanced,cached_mxbai,3302,1782232518.0491116,,,
7015,0,svm,max,balanced,cached_mxbai,3303,1782232518.4877498,,,
8818,0,svm,max,balanced,cached_mxbai,3304,1782232518.9318647,,,
4756,0,svm,max,balanced,cached_mxbai,3305,1782232519.3708918,,,
10199,0,svm,max,balanced,cached_mxbai,3306,1782232519.8122377,,,
3473,0,svm,max,balanced,cached_mxbai,3307,1782232520.2512422,,,
3275,0,svm,max,balanced,cached_mxbai,3308,1782232520.692231,,,
4603,0,svm,max,balanced,cached_mxbai,3309,1782232521.1378295,,,
2203,0,svm,max,balanced,cached_mxbai,3310,1782232521.5794861,,,
4940,0,svm,max,balanced,cached_mxbai,3311,1782232522.0208364,,,
3985,0,svm,max,balanced,cached_mxbai,3312,1782232522.4615753,,,
7886,0,svm,max,balanced,cached_mxbai,3313,1782232522.9050603,,,
3589,0,svm,max,balanced,cached_mxbai,3314,1782232523.3460069,,,
354,0,svm,max,balanced,cached_mxbai,3315,1782232523.7902524,,,
5123,0,svm,max,balanced,cached_mxbai,3316,1782232524.2446368,,,
7472,0,svm,max,balanced,cached_mxbai,3317,1782232524.6839864,,,
601,0,svm,max,balanced,cached_mxbai,3318,1782232525.139173,,,
230,0,svm,max,balanced,cached_mxbai,3319,1782232525.6064231,,,
830,0,svm,max,balanced,cached_mxbai,3320,1782232526.057673,,,
4864,0,svm,max,balanced,cached_mxbai,3321,1782232526.5028572,,,
630,0,svm,max,balanced,cached_mxbai,3322,1782232526.949874,,,
3910,0,svm,max,balanced,cached_mxbai,3323,1782232527.3916404,,,
5118,0,svm,max,balanced,cached_mxbai,3324,1782232527.8362668,,,
4387,0,svm,max,balanced,cached_mxbai,3325,1782232528.278369,,,
5105,0,svm,max,balanced,cached_mxbai,3326,1782232528.72395,,,
3773,0,svm,max,balanced,cached_mxbai,3327,1782232529.169088,,,
5420,0,svm,max,balanced,cached_mxbai,3328,1782232529.6153026,,,
2414,0,svm,max,balanced,cached_mxbai,3329,1782232530.0625691,,,
5878,0,svm,max,balanced,cached_mxbai,3330,1782232530.509267,,,
7042,0,svm,max,balanced,cached_mxbai,3331,1782232530.9539745,,,
4777,0,svm,max,balanced,cached_mxbai,3332,1782232531.399547,,,
2270,0,svm,max,balanced,cached_mxbai,3333,1782232531.845256,,,
6221,0,svm,max,balanced,cached_mxbai,3334,1782232532.2932086,,,
4005,0,svm,max,balanced,cached_mxbai,3335,1782232532.7400093,,,
6262,0,svm,max,balanced,cached_mxbai,3336,1782232533.1903956,,,
1340,0,svm,max,balanced,cached_mxbai,3337,1782232533.6352842,,,
2460,0,svm,max,balanced,cached_mxbai,3338,1782232534.0872655,,,
1195,0,svm,max,balanced,cached_mxbai,3339,1782232534.5337715,,,
4074,0,svm,max,balanced,cached_mxbai,3340,1782232534.9832602,,,
8576,0,svm,max,balanced,cached_mxbai,3341,1782232535.4442651,,,
4850,0,svm,max,balanced,cached_mxbai,3342,1782232535.894379,,,
9179,0,svm,max,balanced,cached_mxbai,3343,1782232536.3421023,,,
4263,0,svm,max,balanced,cached_mxbai,3344,1782232536.7894444,,,
3325,0,svm,max,balanced,cached_mxbai,3345,1782232537.237146,,,
4934,0,svm,max,balanced,cached_mxbai,3346,1782232537.6845875,,,
9053,0,svm,max,balanced,cached_mxbai,3347,1782232538.1333253,,,
6554,0,svm,max,balanced,cached_mxbai,3348,1782232538.5825512,,,
8568,0,svm,max,balanced,cached_mxbai,3349,1782232539.0325282,,,
10260,0,svm,max,balanced,cached_mxbai,3350,1782232539.4832578,,,
9427,0,svm,max,balanced,cached_mxbai,3351,1782232539.9314282,,,
7316,0,svm,max,balanced,cached_mxbai,3352,1782232540.3820775,,,
1140,0,svm,max,balanced,cached_mxbai,3353,1782232540.8306172,,,
7436,0,svm,max,balanced,cached_mxbai,3354,1782232541.2788432,,,
1673,0,svm,max,balanced,cached_mxbai,3355,1782232541.7241104,,,
4220,0,svm,max,balanced,cached_mxbai,3356,1782232542.17444,,,
8327,0,svm,max,balanced,cached_mxbai,3357,1782232542.6239986,,,
4641,0,svm,max,balanced,cached_mxbai,3358,1782232543.0839734,,,
8947,0,svm,max,balanced,cached_mxbai,3359,1782232543.5363815,,,
6814,0,svm,max,balanced,cached_mxbai,3360,1782232543.9874363,,,
794,0,svm,max,balanced,cached_mxbai,3361,1782232544.4362469,,,
4922,0,svm,max,balanced,cached_mxbai,3362,1782232544.889934,,,
8785,0,svm,max,balanced,cached_mxbai,3363,1782232545.3606753,,,
3975,0,svm,max,balanced,cached_mxbai,3364,1782232545.8116298,,,
270,0,svm,max,balanced,cached_mxbai,3365,1782232546.2641983,,,
3964,0,svm,max,balanced,cached_mxbai,3366,1782232546.7150927,,,
2917,0,svm,max,balanced,cached_mxbai,3367,1782232547.1671386,,,
5806,0,svm,max,balanced,cached_mxbai,3368,1782232547.6192927,,,
5770,0,svm,max,balanced,cached_mxbai,3369,1782232548.071448,,,
7892,0,svm,max,balanced,cached_mxbai,3370,1782232548.5225906,,,
4171,0,svm,max,balanced,cached_mxbai,3371,1782232548.972506,,,
3678,0,svm,max,balanced,cached_mxbai,3372,1782232549.4231143,,,
10126,0,svm,max,balanced,cached_mxbai,3373,1782232549.877493,,,
8773,0,svm,max,balanced,cached_mxbai,3374,1782232550.3308392,,,
5906,0,svm,max,balanced,cached_mxbai,3375,1782232550.7798703,,,
7621,0,svm,max,balanced,cached_mxbai,3376,1782232551.2321296,,,
7123,0,svm,max,balanced,cached_mxbai,3377,1782232551.680765,,,
6057,0,svm,max,balanced,cached_mxbai,3378,1782232552.1335628,,,
4512,0,svm,max,balanced,cached_mxbai,3379,1782232552.5852466,,,
754,0,svm,max,balanced,cached_mxbai,3380,1782232553.036671,,,
3765,0,svm,max,balanced,cached_mxbai,3381,1782232553.4894388,,,
4071,0,svm,max,balanced,cached_mxbai,3382,1782232553.9422154,,,
167,0,svm,max,balanced,cached_mxbai,3383,1782232554.3925145,,,
225,0,svm,max,balanced,cached_mxbai,3384,1782232554.8441224,,,
4594,0,svm,max,balanced,cached_mxbai,3385,1782232555.3140557,,,
9626,0,svm,max,balanced,cached_mxbai,3386,1782232555.767257,,,
3860,0,svm,max,balanced,cached_mxbai,3387,1782232556.2208676,,,
1701,0,svm,max,balanced,cached_mxbai,3388,1782232556.6753013,,,
9163,0,svm,max,balanced,cached_mxbai,3389,1782232557.1352754,,,
9523,0,svm,max,balanced,cached_mxbai,3390,1782232557.587259,,,
4883,0,svm,max,balanced,cached_mxbai,3391,1782232558.0390244,,,
7883,0,svm,max,balanced,cached_mxbai,3392,1782232558.490485,,,
4384,0,svm,max,balanced,cached_mxbai,3393,1782232558.9467368,,,
5546,0,svm,max,balanced,cached_mxbai,3394,1782232559.400967,,,
659,0,svm,max,balanced,cached_mxbai,3395,1782232559.8555777,,,
4509,0,svm,max,balanced,cached_mxbai,3396,1782232560.3115253,,,
6756,0,svm,max,balanced,cached_mxbai,3397,1782232560.7645252,,,
6584,0,svm,max,balanced,cached_mxbai,3398,1782232561.2179847,,,
5191,0,svm,max,balanced,cached_mxbai,3399,1782232561.6676426,,,
3545,0,svm,max,balanced,cached_mxbai,3400,1782232562.1255612,,,
2028,0,svm,max,balanced,cached_mxbai,3401,1782232562.580114,,,
8611,0,svm,max,balanced,cached_mxbai,3402,1782232563.0371487,,,
4739,0,svm,max,balanced,cached_mxbai,3403,1782232563.494751,,,
1207,0,svm,max,balanced,cached_mxbai,3404,1782232563.9477868,,,
7936,0,svm,max,balanced,cached_mxbai,3405,1782232564.400127,,,
3948,0,svm,max,balanced,cached_mxbai,3406,1782232564.854278,,,
2551,0,svm,max,balanced,cached_mxbai,3407,1782232565.328662,,,
8728,0,svm,max,balanced,cached_mxbai,3408,1782232565.7829416,,,
6290,0,svm,max,balanced,cached_mxbai,3409,1782232566.239211,,,
4891,0,svm,max,balanced,cached_mxbai,3410,1782232566.6916893,,,
5133,0,svm,max,balanced,cached_mxbai,3411,1782232567.152916,,,
10584,0,svm,max,balanced,cached_mxbai,3412,1782232567.6115546,,,
7221,0,svm,max,balanced,cached_mxbai,3413,1782232568.0684228,,,
7224,0,svm,max,balanced,cached_mxbai,3414,1782232568.526859,,,
5158,0,svm,max,balanced,cached_mxbai,3415,1782232568.9823775,,,
9373,0,svm,max,balanced,cached_mxbai,3416,1782232569.440045,,,
1144,0,svm,max,balanced,cached_mxbai,3417,1782232569.8942468,,,
10020,0,svm,max,balanced,cached_mxbai,3418,1782232570.3505359,,,
6728,0,svm,max,balanced,cached_mxbai,3419,1782232570.8159933,,,
6772,0,svm,max,balanced,cached_mxbai,3420,1782232571.2961147,,,
5192,0,svm,max,balanced,cached_mxbai,3421,1782232571.768901,,,
3518,0,svm,max,balanced,cached_mxbai,3422,1782232572.2289498,,,
671,0,svm,max,balanced,cached_mxbai,3423,1782232572.6914647,,,
9426,0,svm,max,balanced,cached_mxbai,3424,1782232573.15125,,,
8406,0,svm,max,balanced,cached_mxbai,3425,1782232573.6103015,,,
4572,0,svm,max,balanced,cached_mxbai,3426,1782232574.0703237,,,
3172,0,svm,max,balanced,cached_mxbai,3427,1782232574.5245163,,,
6206,0,svm,max,balanced,cached_mxbai,3428,1782232574.982095,,,
10366,0,svm,max,balanced,cached_mxbai,3429,1782232575.467047,,,
4199,0,svm,max,balanced,cached_mxbai,3430,1782232575.926609,,,
4433,0,svm,max,balanced,cached_mxbai,3431,1782232576.3969727,,,
36,0,svm,max,balanced,cached_mxbai,3432,1782232576.8558087,,,
3450,0,svm,max,balanced,cached_mxbai,3433,1782232577.3133864,,,
3824,0,svm,max,balanced,cached_mxbai,3434,1782232577.7739248,,,
1801,0,svm,max,balanced,cached_mxbai,3435,1782232578.2891567,,,
3766,0,svm,max,balanced,cached_mxbai,3436,1782232578.7466786,,,
3086,0,svm,max,balanced,cached_mxbai,3437,1782232579.2081366,,,
411,0,svm,max,balanced,cached_mxbai,3438,1782232579.6670265,,,
4590,0,svm,max,balanced,cached_mxbai,3439,1782232580.1277308,,,
7581,0,svm,max,balanced,cached_mxbai,3440,1782232580.5884876,,,
8130,0,svm,max,balanced,cached_mxbai,3441,1782232581.0477612,,,
9734,0,svm,max,balanced,cached_mxbai,3442,1782232581.5096257,,,
4009,0,svm,max,balanced,cached_mxbai,3443,1782232581.967267,,,
878,0,svm,max,balanced,cached_mxbai,3444,1782232582.4318893,,,
2372,0,svm,max,balanced,cached_mxbai,3445,1782232582.9545574,,,
3060,0,svm,max,balanced,cached_mxbai,3446,1782232583.4136887,,,
5162,0,svm,max,balanced,cached_mxbai,3447,1782232583.8752713,,,
4174,0,svm,max,balanced,cached_mxbai,3448,1782232584.3353126,,,
9336,0,svm,max,balanced,cached_mxbai,3449,1782232584.796838,,,
10314,0,svm,max,balanced,cached_mxbai,3450,1782232585.2730603,,,
4832,0,svm,max,balanced,cached_mxbai,3451,1782232585.7327154,,,
6662,0,svm,max,balanced,cached_mxbai,3452,1782232586.197912,,,
3815,0,svm,max,balanced,cached_mxbai,3453,1782232586.661769,,,
3884,0,svm,max,balanced,cached_mxbai,3454,1782232587.1219332,,,
7004,0,svm,max,balanced,cached_mxbai,3455,1782232587.5819001,,,
772,0,svm,max,balanced,cached_mxbai,3456,1782232588.0479124,,,
4691,0,svm,max,balanced,cached_mxbai,3457,1782232588.5087438,,,
10284,0,svm,max,balanced,cached_mxbai,3458,1782232588.9675066,,,
5882,0,svm,max,balanced,cached_mxbai,3459,1782232589.4290571,,,
3907,0,svm,max,balanced,cached_mxbai,3460,1782232589.9498155,,,
1132,0,svm,max,balanced,cached_mxbai,3461,1782232590.4133217,,,
7645,0,svm,max,balanced,cached_mxbai,3462,1782232590.9386957,,,
1477,0,svm,max,balanced,cached_mxbai,3463,1782232591.4028835,,,
4704,0,svm,max,balanced,cached_mxbai,3464,1782232591.8806078,,,
1612,0,svm,max,balanced,cached_mxbai,3465,1782232592.3453004,,,
4439,0,svm,max,balanced,cached_mxbai,3466,1782232592.8127928,,,
6944,0,svm,max,balanced,cached_mxbai,3467,1782232593.278927,,,
7606,0,svm,max,balanced,cached_mxbai,3468,1782232593.7434127,,,
10089,0,svm,max,balanced,cached_mxbai,3469,1782232594.208641,,,
3263,0,svm,max,balanced,cached_mxbai,3470,1782232594.6726418,,,
5659,0,svm,max,balanced,cached_mxbai,3471,1782232595.1397688,,,
2344,0,svm,max,balanced,cached_mxbai,3472,1782232595.62784,,,
2215,0,svm,max,balanced,cached_mxbai,3473,1782232596.0942771,,,
4248,0,svm,max,balanced,cached_mxbai,3474,1782232596.5577781,,,
3875,0,svm,max,balanced,cached_mxbai,3475,1782232597.020726,,,
7657,0,svm,max,balanced,cached_mxbai,3476,1782232597.4883804,,,
6868,0,svm,max,balanced,cached_mxbai,3477,1782232597.953742,,,
7729,0,svm,max,balanced,cached_mxbai,3478,1782232598.4178343,,,
3499,0,svm,max,balanced,cached_mxbai,3479,1782232598.8840375,,,
651,0,svm,max,balanced,cached_mxbai,3480,1782232599.3485582,,,
9469,0,svm,max,balanced,cached_mxbai,3481,1782232599.8138626,,,
2351,0,svm,max,balanced,cached_mxbai,3482,1782232600.2768412,,,
4430,0,svm,max,balanced,cached_mxbai,3483,1782232600.742163,,,
1495,0,svm,max,balanced,cached_mxbai,3484,1782232601.209243,,,
441,0,svm,max,balanced,cached_mxbai,3485,1782232601.6864896,,,
3900,0,svm,max,balanced,cached_mxbai,3486,1782232602.160519,,,
4347,0,svm,max,balanced,cached_mxbai,3487,1782232602.6278844,,,
1478,0,svm,max,balanced,cached_mxbai,3488,1782232603.0966494,,,
374,0,svm,max,balanced,cached_mxbai,3489,1782232603.5655112,,,
4170,0,svm,max,balanced,cached_mxbai,3490,1782232604.0325186,,,
7529,0,svm,max,balanced,cached_mxbai,3491,1782232604.5013115,,,
8157,0,svm,max,balanced,cached_mxbai,3492,1782232604.9678855,,,
108,0,svm,max,balanced,cached_mxbai,3493,1782232605.4566503,,,
9375,0,svm,max,balanced,cached_mxbai,3494,1782232605.9377093,,,
3410,0,svm,max,balanced,cached_mxbai,3495,1782232606.409663,,,
3219,0,svm,max,balanced,cached_mxbai,3496,1782232606.8948503,,,
3573,0,svm,max,balanced,cached_mxbai,3497,1782232607.3693922,,,
2415,0,svm,max,balanced,cached_mxbai,3498,1782232607.846349,,,
5065,0,svm,max,balanced,cached_mxbai,3499,1782232608.3209045,,,
6610,0,svm,max,balanced,cached_mxbai,3500,1782232608.7958534,,,
1359,0,svm,max,balanced,cached_mxbai,3501,1782232609.2785454,,,
5607,0,svm,max,balanced,cached_mxbai,3502,1782232609.7539897,,,
1624,0,svm,max,balanced,cached_mxbai,3503,1782232610.2280326,,,
674,0,svm,max,balanced,cached_mxbai,3504,1782232610.7017848,,,
4027,0,svm,max,balanced,cached_mxbai,3505,1782232611.1823928,,,
8641,0,svm,max,balanced,cached_mxbai,3506,1782232611.6578524,,,
9331,0,svm,max,balanced,cached_mxbai,3507,1782232612.1397414,,,
3978,0,svm,max,balanced,cached_mxbai,3508,1782232612.6151664,,,
4906,0,svm,max,balanced,cached_mxbai,3509,1782232613.0958982,,,
6567,0,svm,max,balanced,cached_mxbai,3510,1782232613.5714786,,,
1783,0,svm,max,balanced,cached_mxbai,3511,1782232614.0487163,,,
9458,0,svm,max,balanced,cached_mxbai,3512,1782232614.522122,,,
6571,0,svm,max,balanced,cached_mxbai,3513,1782232614.9938028,,,
1913,0,svm,max,balanced,cached_mxbai,3514,1782232615.4810736,,,
4060,0,svm,max,balanced,cached_mxbai,3515,1782232615.9552407,,,
3214,0,svm,max,balanced,cached_mxbai,3516,1782232616.4308035,,,
1332,0,svm,max,balanced,cached_mxbai,3517,1782232616.906654,,,
2949,0,svm,max,balanced,cached_mxbai,3518,1782232617.3946133,,,
8466,0,svm,max,balanced,cached_mxbai,3519,1782232617.8712528,,,
4644,0,svm,max,balanced,cached_mxbai,3520,1782232618.3466654,,,
3596,0,svm,max,balanced,cached_mxbai,3521,1782232618.822031,,,
5829,0,svm,max,balanced,cached_mxbai,3522,1782232619.2967393,,,
7746,0,svm,max,balanced,cached_mxbai,3523,1782232619.7694604,,,
6247,0,svm,max,balanced,cached_mxbai,3524,1782232620.2412956,,,
10434,0,svm,max,balanced,cached_mxbai,3525,1782232620.7205007,,,
4849,0,svm,max,balanced,cached_mxbai,3526,1782232621.1916342,,,
5195,0,svm,max,balanced,cached_mxbai,3527,1782232621.6682665,,,
1268,0,svm,max,balanced,cached_mxbai,3528,1782232622.1428964,,,
6082,0,svm,max,balanced,cached_mxbai,3529,1782232622.6166933,,,
5641,0,svm,max,balanced,cached_mxbai,3530,1782232623.103238,,,
10468,0,svm,max,balanced,cached_mxbai,3531,1782232623.577977,,,
5006,0,svm,max,balanced,cached_mxbai,3532,1782232624.051257,,,
9619,0,svm,max,balanced,cached_mxbai,3533,1782232624.525404,,,
3276,0,svm,max,balanced,cached_mxbai,3534,1782232624.999288,,,
2130,0,svm,max,balanced,cached_mxbai,3535,1782232625.49364,,,
6998,0,svm,max,balanced,cached_mxbai,3536,1782232625.9657261,,,
6294,0,svm,max,balanced,cached_mxbai,3537,1782232626.4421546,,,
6142,0,svm,max,balanced,cached_mxbai,3538,1782232626.9163954,,,
763,0,svm,max,balanced,cached_mxbai,3539,1782232627.3935394,,,
4312,0,svm,max,balanced,cached_mxbai,3540,1782232627.867368,,,
7494,0,svm,max,balanced,cached_mxbai,3541,1782232628.3449388,,,
7700,0,svm,max,balanced,cached_mxbai,3542,1782232628.8206341,,,
5980,0,svm,max,balanced,cached_mxbai,3543,1782232629.2959332,,,
4140,0,svm,max,balanced,cached_mxbai,3544,1782232629.7725234,,,
2789,0,svm,max,balanced,cached_mxbai,3545,1782232630.248384,,,
2438,0,svm,max,balanced,cached_mxbai,3546,1782232630.720541,,,
300,0,svm,max,balanced,cached_mxbai,3547,1782232631.1978436,,,
2229,0,svm,max,balanced,cached_mxbai,3548,1782232631.6736145,,,
7037,0,svm,max,balanced,cached_mxbai,3549,1782232632.1506882,,,
2496,0,svm,max,balanced,cached_mxbai,3550,1782232632.626958,,,
4239,0,svm,max,balanced,cached_mxbai,3551,1782232633.103481,,,
7325,0,svm,max,balanced,cached_mxbai,3552,1782232633.578371,,,
7008,0,svm,max,balanced,cached_mxbai,3553,1782232634.055637,,,
10331,0,svm,max,balanced,cached_mxbai,3554,1782232634.528026,,,
5796,0,svm,max,balanced,cached_mxbai,3555,1782232635.0075722,,,
7509,0,svm,max,balanced,cached_mxbai,3556,1782232635.5072467,,,
3356,0,svm,max,balanced,cached_mxbai,3557,1782232635.9868197,,,
2801,0,svm,max,balanced,cached_mxbai,3558,1782232636.460138,,,
6731,0,svm,max,balanced,cached_mxbai,3559,1782232636.938052,,,
2211,0,svm,max,balanced,cached_mxbai,3560,1782232637.4153206,,,
8000,0,svm,max,balanced,cached_mxbai,3561,1782232637.8918948,,,
7124,0,svm,max,balanced,cached_mxbai,3562,1782232638.3708193,,,
2445,0,svm,max,balanced,cached_mxbai,3563,1782232638.8478851,,,
9939,0,svm,max,balanced,cached_mxbai,3564,1782232639.3264735,,,
3979,0,svm,max,balanced,cached_mxbai,3565,1782232639.8085234,,,
1301,0,svm,max,balanced,cached_mxbai,3566,1782232640.2866437,,,
4665,0,svm,max,balanced,cached_mxbai,3567,1782232640.7647998,,,
4858,0,svm,max,balanced,cached_mxbai,3568,1782232641.2479186,,,
991,0,svm,max,balanced,cached_mxbai,3569,1782232641.7280035,,,
1395,0,svm,max,balanced,cached_mxbai,3570,1782232642.2176795,,,
4899,0,svm,max,balanced,cached_mxbai,3571,1782232642.704197,,,
1780,0,svm,max,balanced,cached_mxbai,3572,1782232643.1877599,,,
3304,0,svm,max,balanced,cached_mxbai,3573,1782232643.664944,,,
9729,0,svm,max,balanced,cached_mxbai,3574,1782232644.1458812,,,
8585,0,svm,max,balanced,cached_mxbai,3575,1782232644.6246269,,,
10371,0,svm,max,balanced,cached_mxbai,3576,1782232645.113648,,,
3620,0,svm,max,balanced,cached_mxbai,3577,1782232645.6058455,,,
4059,0,svm,max,balanced,cached_mxbai,3578,1782232646.0918355,,,
9223,0,svm,max,balanced,cached_mxbai,3579,1782232646.5746796,,,
4685,0,svm,max,balanced,cached_mxbai,3580,1782232647.0570686,,,
6742,0,svm,max,balanced,cached_mxbai,3581,1782232647.5378172,,,
718,0,svm,max,balanced,cached_mxbai,3582,1782232648.0237536,,,
10017,0,svm,max,balanced,cached_mxbai,3583,1782232648.5042026,,,
6368,0,svm,max,balanced,cached_mxbai,3584,1782232648.983371,,,
3613,0,svm,max,balanced,cached_mxbai,3585,1782232649.4649482,,,
3189,0,svm,max,balanced,cached_mxbai,3586,1782232649.9463766,,,
3303,0,svm,max,balanced,cached_mxbai,3587,1782232650.4277425,,,
6495,0,svm,max,balanced,cached_mxbai,3588,1782232650.90581,,,
9072,0,svm,max,balanced,cached_mxbai,3589,1782232651.391583,,,
5885,0,svm,max,balanced,cached_mxbai,3590,1782232651.8718565,,,
1868,0,svm,max,balanced,cached_mxbai,3591,1782232652.3491268,,,
6498,0,svm,max,balanced,cached_mxbai,3592,1782232652.83143,,,
5156,0,svm,max,balanced,cached_mxbai,3593,1782232653.3135295,,,
3659,0,svm,max,balanced,cached_mxbai,3594,1782232653.7951682,,,
4681,0,svm,max,balanced,cached_mxbai,3595,1782232654.2792158,,,
1256,0,svm,max,balanced,cached_mxbai,3596,1782232654.7564776,,,
5654,0,svm,max,balanced,cached_mxbai,3597,1782232655.2519171,,,
8357,0,svm,max,balanced,cached_mxbai,3598,1782232655.7445138,,,
1295,0,svm,max,balanced,cached_mxbai,3599,1782232656.2267337,,,
7208,0,svm,max,balanced,cached_mxbai,3600,1782232656.7077012,,,
935,0,svm,max,balanced,cached_mxbai,3601,1782232657.1917293,,,
2805,0,svm,max,balanced,cached_mxbai,3602,1782232657.6742797,,,
1065,0,svm,max,balanced,cached_mxbai,3603,1782232658.1595209,,,
4024,0,svm,max,balanced,cached_mxbai,3604,1782232658.6428616,,,
4605,0,svm,max,balanced,cached_mxbai,3605,1782232659.130466,,,
7218,0,svm,max,balanced,cached_mxbai,3606,1782232659.6151707,,,
1881,0,svm,max,balanced,cached_mxbai,3607,1782232660.100138,,,
3269,0,svm,max,balanced,cached_mxbai,3608,1782232660.5858562,,,
3859,0,svm,max,balanced,cached_mxbai,3609,1782232661.0707533,,,
7138,0,svm,max,balanced,cached_mxbai,3610,1782232661.551478,,,
7528,0,svm,max,balanced,cached_mxbai,3611,1782232662.0569282,,,
9784,0,svm,max,balanced,cached_mxbai,3612,1782232662.5815032,,,
6890,0,svm,max,balanced,cached_mxbai,3613,1782232663.0878031,,,
1265,0,svm,max,balanced,cached_mxbai,3614,1782232663.5703065,,,
3817,0,svm,max,balanced,cached_mxbai,3615,1782232664.051034,,,
4117,0,svm,max,balanced,cached_mxbai,3616,1782232664.5311224,,,
49,0,svm,max,balanced,cached_mxbai,3617,1782232665.015802,,,
4271,0,svm,max,balanced,cached_mxbai,3618,1782232665.514501,,,
5528,0,svm,max,balanced,cached_mxbai,3619,1782232666.0007012,,,
10256,0,svm,max,balanced,cached_mxbai,3620,1782232666.4852953,,,
5855,0,svm,max,balanced,cached_mxbai,3621,1782232666.9713485,,,
3721,0,svm,max,balanced,cached_mxbai,3622,1782232667.4525166,,,
8184,0,svm,max,balanced,cached_mxbai,3623,1782232667.9307911,,,
2553,0,svm,max,balanced,cached_mxbai,3624,1782232668.415295,,,
980,0,svm,max,balanced,cached_mxbai,3625,1782232668.8945057,,,
8883,0,svm,max,balanced,cached_mxbai,3626,1782232669.378207,,,
3443,0,svm,max,balanced,cached_mxbai,3627,1782232669.8643289,,,
5434,0,svm,max,balanced,cached_mxbai,3628,1782232670.352539,,,
56,0,svm,max,balanced,cached_mxbai,3629,1782232670.8366244,,,
10010,0,svm,max,balanced,cached_mxbai,3630,1782232671.3217638,,,
2677,0,svm,max,balanced,cached_mxbai,3631,1782232671.8042688,,,
3337,0,svm,max,balanced,cached_mxbai,3632,1782232672.2922015,,,
9330,0,svm,max,balanced,cached_mxbai,3633,1782232672.7801104,,,
8374,0,svm,max,balanced,cached_mxbai,3634,1782232673.2673032,,,
4067,0,svm,max,balanced,cached_mxbai,3635,1782232673.7548537,,,
1180,0,svm,max,balanced,cached_mxbai,3636,1782232674.2480536,,,
6341,0,svm,max,balanced,cached_mxbai,3637,1782232674.7403572,,,
4075,0,svm,max,balanced,cached_mxbai,3638,1782232675.2466066,,,
4901,0,svm,max,balanced,cached_mxbai,3639,1782232675.7589405,,,
3807,0,svm,max,balanced,cached_mxbai,3640,1782232676.2447243,,,
10541,0,svm,max,balanced,cached_mxbai,3641,1782232676.7309265,,,
2464,0,svm,max,balanced,cached_mxbai,3642,1782232677.2261083,,,
8258,0,svm,max,balanced,cached_mxbai,3643,1782232677.7105896,,,
3207,0,svm,max,balanced,cached_mxbai,3644,1782232678.201146,,,
8783,0,svm,max,balanced,cached_mxbai,3645,1782232678.6870582,,,
3520,0,svm,max,balanced,cached_mxbai,3646,1782232679.1770656,,,
10332,0,svm,max,balanced,cached_mxbai,3647,1782232679.6606145,,,
6709,0,svm,max,balanced,cached_mxbai,3648,1782232680.1500628,,,
8702,0,svm,max,balanced,cached_mxbai,3649,1782232680.6403475,,,
3397,0,svm,max,balanced,cached_mxbai,3650,1782232681.1293063,,,
8399,0,svm,max,balanced,cached_mxbai,3651,1782232681.6154962,,,
1308,0,svm,max,balanced,cached_mxbai,3652,1782232682.1025212,,,
924,0,svm,max,balanced,cached_mxbai,3653,1782232682.5937283,,,
6253,0,svm,max,balanced,cached_mxbai,3654,1782232683.0863385,,,
1034,0,svm,max,balanced,cached_mxbai,3655,1782232683.5786257,,,
7755,0,svm,max,balanced,cached_mxbai,3656,1782232684.0664663,,,
8129,0,svm,max,balanced,cached_mxbai,3657,1782232684.5558076,,,
2055,0,svm,max,balanced,cached_mxbai,3658,1782232685.044227,,,
9166,0,svm,max,balanced,cached_mxbai,3659,1782232685.549698,,,
4196,0,svm,max,balanced,cached_mxbai,3660,1782232686.0380816,,,
4822,0,svm,max,balanced,cached_mxbai,3661,1782232686.5293367,,,
156,0,svm,max,balanced,cached_mxbai,3662,1782232687.020242,,,
8963,0,svm,max,balanced,cached_mxbai,3663,1782232687.5130095,,,
7938,0,svm,max,balanced,cached_mxbai,3664,1782232688.00089,,,
2566,0,svm,max,balanced,cached_mxbai,3665,1782232688.4896512,,,
2515,0,svm,max,balanced,cached_mxbai,3666,1782232688.9767466,,,
1749,0,svm,max,balanced,cached_mxbai,3667,1782232689.4682171,,,
7297,0,svm,max,balanced,cached_mxbai,3668,1782232689.9560368,,,
5554,0,svm,max,balanced,cached_mxbai,3669,1782232690.4436734,,,
10069,0,svm,max,balanced,cached_mxbai,3670,1782232690.9321353,,,
5070,0,svm,max,balanced,cached_mxbai,3671,1782232691.4203627,,,
3368,0,svm,max,balanced,cached_mxbai,3672,1782232691.9111223,,,
10544,0,svm,max,balanced,cached_mxbai,3673,1782232692.4036326,,,
3069,0,svm,max,balanced,cached_mxbai,3674,1782232692.9138024,,,
5246,0,svm,max,balanced,cached_mxbai,3675,1782232693.4027345,,,
8763,0,svm,max,balanced,cached_mxbai,3676,1782232693.89051,,,
7999,0,svm,max,balanced,cached_mxbai,3677,1782232694.384064,,,
7261,0,svm,max,balanced,cached_mxbai,3678,1782232694.8879833,,,
4727,0,svm,max,balanced,cached_mxbai,3679,1782232695.4128335,,,
2693,0,svm,max,balanced,cached_mxbai,3680,1782232695.9174993,,,
395,0,svm,max,balanced,cached_mxbai,3681,1782232696.421875,,,
3652,0,svm,max,balanced,cached_mxbai,3682,1782232696.923046,,,
6452,0,svm,max,balanced,cached_mxbai,3683,1782232697.4346716,,,
5032,0,svm,max,balanced,cached_mxbai,3684,1782232697.9447074,,,
609,0,svm,max,balanced,cached_mxbai,3685,1782232698.447045,,,
163,0,svm,max,balanced,cached_mxbai,3686,1782232698.9497302,,,
7444,0,svm,max,balanced,cached_mxbai,3687,1782232699.4555886,,,
1798,0,svm,max,balanced,cached_mxbai,3688,1782232699.9642344,,,
9298,0,svm,max,balanced,cached_mxbai,3689,1782232700.4714506,,,
1979,0,svm,max,balanced,cached_mxbai,3690,1782232700.976571,,,
8548,0,svm,max,balanced,cached_mxbai,3691,1782232701.48387,,,
2793,0,svm,max,balanced,cached_mxbai,3692,1782232701.9892154,,,
7512,0,svm,max,balanced,cached_mxbai,3693,1782232702.4968152,,,
140,0,svm,max,balanced,cached_mxbai,3694,1782232703.0056005,,,
7818,0,svm,max,balanced,cached_mxbai,3695,1782232703.515676,,,
3511,0,svm,max,balanced,cached_mxbai,3696,1782232704.0225685,,,
1889,0,svm,max,balanced,cached_mxbai,3697,1782232704.530501,,,
8603,0,svm,max,balanced,cached_mxbai,3698,1782232705.041595,,,
168,0,svm,max,balanced,cached_mxbai,3699,1782232705.5627804,,,
8974,0,svm,max,balanced,cached_mxbai,3700,1782232706.069254,,,
4995,0,svm,max,balanced,cached_mxbai,3701,1782232706.5811481,,,
4714,0,svm,max,balanced,cached_mxbai,3702,1782232707.0899694,,,
4249,0,svm,max,balanced,cached_mxbai,3703,1782232707.5983245,,,
3116,0,svm,max,balanced,cached_mxbai,3704,1782232708.1141458,,,
9300,0,svm,max,balanced,cached_mxbai,3705,1782232708.6259248,,,
9900,0,svm,max,balanced,cached_mxbai,3706,1782232709.1344516,,,
10469,0,svm,max,balanced,cached_mxbai,3707,1782232709.644754,,,
9362,0,svm,max,balanced,cached_mxbai,3708,1782232710.1547313,,,
5523,0,svm,max,balanced,cached_mxbai,3709,1782232710.6646712,,,
6938,0,svm,max,balanced,cached_mxbai,3710,1782232711.1735272,,,
2301,0,svm,max,balanced,cached_mxbai,3711,1782232711.6838481,,,
2922,0,svm,max,balanced,cached_mxbai,3712,1782232712.191375,,,
8328,0,svm,max,balanced,cached_mxbai,3713,1782232712.7039165,,,
3944,0,svm,max,balanced,cached_mxbai,3714,1782232713.215118,,,
581,0,svm,max,balanced,cached_mxbai,3715,1782232713.7254245,,,
8028,0,svm,max,balanced,cached_mxbai,3716,1782232714.2364614,,,
1998,0,svm,max,balanced,cached_mxbai,3717,1782232714.747502,,,
9175,0,svm,max,balanced,cached_mxbai,3718,1782232715.2747805,,,
456,0,svm,max,balanced,cached_mxbai,3719,1782232715.8049474,,,
5030,0,svm,max,balanced,cached_mxbai,3720,1782232716.3253243,,,
5582,0,svm,max,balanced,cached_mxbai,3721,1782232716.8412542,,,
6214,0,svm,max,balanced,cached_mxbai,3722,1782232717.3560941,,,
1363,0,svm,max,balanced,cached_mxbai,3723,1782232717.8671691,,,
764,0,svm,max,balanced,cached_mxbai,3724,1782232718.3828194,,,
5768,0,svm,max,balanced,cached_mxbai,3725,1782232718.8951373,,,
6600,0,svm,max,balanced,cached_mxbai,3726,1782232719.4090784,,,
4233,0,svm,max,balanced,cached_mxbai,3727,1782232719.9276066,,,
7908,0,svm,max,balanced,cached_mxbai,3728,1782232720.4460337,,,
5189,0,svm,max,balanced,cached_mxbai,3729,1782232720.9634826,,,
5553,0,svm,max,balanced,cached_mxbai,3730,1782232721.474091,,,
7073,0,svm,max,balanced,cached_mxbai,3731,1782232721.9877503,,,
8464,0,svm,max,balanced,cached_mxbai,3732,1782232722.4984844,,,
10353,0,svm,max,balanced,cached_mxbai,3733,1782232723.0102353,,,
4169,0,svm,max,balanced,cached_mxbai,3734,1782232723.522562,,,
5489,0,svm,max,balanced,cached_mxbai,3735,1782232724.0360308,,,
3463,0,svm,max,balanced,cached_mxbai,3736,1782232724.5480013,,,
7525,0,svm,max,balanced,cached_mxbai,3737,1782232725.0637045,,,
7918,0,svm,max,balanced,cached_mxbai,3738,1782232725.5921926,,,
3911,0,svm,max,balanced,cached_mxbai,3739,1782232726.1015034,,,
4446,0,svm,max,balanced,cached_mxbai,3740,1782232726.6120307,,,
1567,0,svm,max,balanced,cached_mxbai,3741,1782232727.1257222,,,
7198,0,svm,max,balanced,cached_mxbai,3742,1782232727.6389873,,,
8104,0,svm,max,balanced,cached_mxbai,3743,1782232728.1498055,,,
6978,0,svm,max,balanced,cached_mxbai,3744,1782232728.663297,,,
8008,0,svm,max,balanced,cached_mxbai,3745,1782232729.1762052,,,
9644,0,svm,max,balanced,cached_mxbai,3746,1782232729.6946747,,,
126,0,svm,max,balanced,cached_mxbai,3747,1782232730.210902,,,
1907,0,svm,max,balanced,cached_mxbai,3748,1782232730.7274575,,,
875,0,svm,max,balanced,cached_mxbai,3749,1782232731.2440438,,,
7965,0,svm,max,balanced,cached_mxbai,3750,1782232731.7583237,,,
2780,0,svm,max,balanced,cached_mxbai,3751,1782232732.2699828,,,
3244,0,svm,max,balanced,cached_mxbai,3752,1782232732.7840726,,,
5222,0,svm,max,balanced,cached_mxbai,3753,1782232733.2965775,,,
6470,0,svm,max,balanced,cached_mxbai,3754,1782232733.812594,,,
9419,0,svm,max,balanced,cached_mxbai,3755,1782232734.328095,,,
5648,0,svm,max,balanced,cached_mxbai,3756,1782232734.8409522,,,
2337,0,svm,max,balanced,cached_mxbai,3757,1782232735.3738005,,,
2300,0,svm,max,balanced,cached_mxbai,3758,1782232735.8870447,,,
5171,0,svm,max,balanced,cached_mxbai,3759,1782232736.3981943,,,
5064,0,svm,max,balanced,cached_mxbai,3760,1782232736.908669,,,
196,0,svm,max,balanced,cached_mxbai,3761,1782232737.4260492,,,
4939,0,svm,max,balanced,cached_mxbai,3762,1782232737.939891,,,
2353,0,svm,max,balanced,cached_mxbai,3763,1782232738.4606946,,,
186,0,svm,max,balanced,cached_mxbai,3764,1782232738.976666,,,
9497,0,svm,max,balanced,cached_mxbai,3765,1782232739.494122,,,
10102,0,svm,max,balanced,cached_mxbai,3766,1782232740.0079324,,,
7222,0,svm,max,balanced,cached_mxbai,3767,1782232740.5237393,,,
7941,0,svm,max,balanced,cached_mxbai,3768,1782232741.0411506,,,
7298,0,svm,max,balanced,cached_mxbai,3769,1782232741.567054,,,
7193,0,svm,max,balanced,cached_mxbai,3770,1782232742.0876648,,,
3429,0,svm,max,balanced,cached_mxbai,3771,1782232742.6085172,,,
1282,0,svm,max,balanced,cached_mxbai,3772,1782232743.131271,,,
6583,0,svm,max,balanced,cached_mxbai,3773,1782232743.6492813,,,
9234,0,svm,max,balanced,cached_mxbai,3774,1782232744.164595,,,
4969,0,svm,max,balanced,cached_mxbai,3775,1782232744.6837568,,,
6083,0,svm,max,balanced,cached_mxbai,3776,1782232745.2035892,,,
10562,0,svm,max,balanced,cached_mxbai,3777,1782232745.7504952,,,
148,0,svm,max,balanced,cached_mxbai,3778,1782232746.26836,,,
2122,0,svm,max,balanced,cached_mxbai,3779,1782232746.7898922,,,
5453,0,svm,max,balanced,cached_mxbai,3780,1782232747.308332,,,
8112,0,svm,max,balanced,cached_mxbai,3781,1782232747.828137,,,
4765,0,svm,max,balanced,cached_mxbai,3782,1782232748.3457634,,,
1648,0,svm,max,balanced,cached_mxbai,3783,1782232748.8660648,,,
5945,0,svm,max,balanced,cached_mxbai,3784,1782232749.385822,,,
7323,0,svm,max,balanced,cached_mxbai,3785,1782232749.9058242,,,
721,0,svm,max,balanced,cached_mxbai,3786,1782232750.427694,,,
8502,0,svm,max,balanced,cached_mxbai,3787,1782232750.9490879,,,
4270,0,svm,max,balanced,cached_mxbai,3788,1782232751.468727,,,
2582,0,svm,max,balanced,cached_mxbai,3789,1782232751.9910324,,,
6403,0,svm,max,balanced,cached_mxbai,3790,1782232752.519485,,,
930,0,svm,max,balanced,cached_mxbai,3791,1782232753.0451012,,,
7688,0,svm,max,balanced,cached_mxbai,3792,1782232753.5661585,,,
7439,0,svm,max,balanced,cached_mxbai,3793,1782232754.0863733,,,
3892,0,svm,max,balanced,cached_mxbai,3794,1782232754.6077683,,,
7566,0,svm,max,balanced,cached_mxbai,3795,1782232755.1406817,,,
4056,0,svm,max,balanced,cached_mxbai,3796,1782232755.7089047,,,
165,0,svm,max,balanced,cached_mxbai,3797,1782232756.2547374,,,
3476,0,svm,max,balanced,cached_mxbai,3798,1782232756.7787764,,,
1903,0,svm,max,balanced,cached_mxbai,3799,1782232757.304692,,,
306,0,svm,max,balanced,cached_mxbai,3800,1782232757.8285518,,,
5150,0,svm,max,balanced,cached_mxbai,3801,1782232758.3545835,,,
6652,0,svm,max,balanced,cached_mxbai,3802,1782232758.8814306,,,
10286,0,svm,max,balanced,cached_mxbai,3803,1782232759.4057941,,,
8238,0,svm,max,balanced,cached_mxbai,3804,1782232759.9345944,,,
2440,0,svm,max,balanced,cached_mxbai,3805,1782232760.45962,,,
8509,0,svm,max,balanced,cached_mxbai,3806,1782232760.9919708,,,
4197,0,svm,max,balanced,cached_mxbai,3807,1782232761.5183651,,,
8393,0,svm,max,balanced,cached_mxbai,3808,1782232762.0442786,,,
3675,0,svm,max,balanced,cached_mxbai,3809,1782232762.5673444,,,
4376,0,svm,max,balanced,cached_mxbai,3810,1782232763.097931,,,
3529,0,svm,max,balanced,cached_mxbai,3811,1782232763.6303186,,,
1803,0,svm,max,balanced,cached_mxbai,3812,1782232764.1594443,,,
4735,0,svm,max,balanced,cached_mxbai,3813,1782232764.6856847,,,
3595,0,svm,max,balanced,cached_mxbai,3814,1782232765.2152362,,,
2984,0,svm,max,balanced,cached_mxbai,3815,1782232765.7636595,,,
3876,0,svm,max,balanced,cached_mxbai,3816,1782232766.2892263,,,
932,0,svm,max,balanced,cached_mxbai,3817,1782232766.813537,,,
1343,0,svm,max,balanced,cached_mxbai,3818,1782232767.3379076,,,
3313,0,svm,max,balanced,cached_mxbai,3819,1782232767.8672655,,,
3676,0,svm,max,balanced,cached_mxbai,3820,1782232768.3972678,,,
4536,0,svm,max,balanced,cached_mxbai,3821,1782232768.92777,,,
1336,0,svm,max,balanced,cached_mxbai,3822,1782232769.4558308,,,
7899,0,svm,max,balanced,cached_mxbai,3823,1782232769.9812145,,,
5147,0,svm,max,balanced,cached_mxbai,3824,1782232770.5057878,,,
9264,0,svm,max,balanced,cached_mxbai,3825,1782232771.0230405,,,
1543,0,svm,max,balanced,cached_mxbai,3826,1782232771.5365334,,,
2687,0,svm,max,balanced,cached_mxbai,3827,1782232772.0643797,,,
83,0,svm,max,balanced,cached_mxbai,3828,1782232772.5905464,,,
661,0,svm,max,balanced,cached_mxbai,3829,1782232773.1048465,,,
3480,0,svm,max,balanced,cached_mxbai,3830,1782232773.628114,,,
6828,0,svm,max,balanced,cached_mxbai,3831,1782232774.145597,,,
1702,0,svm,max,balanced,cached_mxbai,3832,1782232774.6614947,,,
7745,0,svm,max,balanced,cached_mxbai,3833,1782232775.184303,,,
248,0,svm,max,balanced,cached_mxbai,3834,1782232775.7392085,,,
7093,0,svm,max,balanced,cached_mxbai,3835,1782232776.2501893,,,
3635,0,svm,max,balanced,cached_mxbai,3836,1782232776.759573,,,
729,0,svm,max,balanced,cached_mxbai,3837,1782232777.275993,,,
3329,0,svm,max,balanced,cached_mxbai,3838,1782232777.7908661,,,
7922,0,svm,max,balanced,cached_mxbai,3839,1782232778.3040283,,,
10498,0,svm,max,balanced,cached_mxbai,3840,1782232778.8146465,,,
7665,0,svm,max,balanced,cached_mxbai,3841,1782232779.3264136,,,
3483,0,svm,max,balanced,cached_mxbai,3842,1782232779.8398113,,,
985,0,svm,max,balanced,cached_mxbai,3843,1782232780.3507895,,,
10094,0,svm,max,balanced,cached_mxbai,3844,1782232780.863593,,,
9286,0,svm,max,balanced,cached_mxbai,3845,1782232781.3727913,,,
9540,0,svm,max,balanced,cached_mxbai,3846,1782232781.8895628,,,
268,0,svm,max,balanced,cached_mxbai,3847,1782232782.4074402,,,
8529,0,svm,max,balanced,cached_mxbai,3848,1782232782.927767,,,
298,0,svm,max,balanced,cached_mxbai,3849,1782232783.4426763,,,
691,0,svm,max,balanced,cached_mxbai,3850,1782232783.9652753,,,
3240,0,svm,max,balanced,cached_mxbai,3851,1782232784.478187,,,
6152,0,svm,max,balanced,cached_mxbai,3852,1782232784.993198,,,
588,0,svm,max,balanced,cached_mxbai,3853,1782232785.5304775,,,
8254,0,svm,max,balanced,cached_mxbai,3854,1782232786.0423322,,,
9071,0,svm,max,balanced,cached_mxbai,3855,1782232786.559222,,,
2605,0,svm,max,balanced,cached_mxbai,3856,1782232787.0795662,,,
3063,0,svm,max,balanced,cached_mxbai,3857,1782232787.5920835,,,
3391,0,svm,max,balanced,cached_mxbai,3858,1782232788.1071913,,,
4108,0,svm,max,balanced,cached_mxbai,3859,1782232788.6288197,,,
5374,0,svm,max,balanced,cached_mxbai,3860,1782232789.1500413,,,
7397,0,svm,max,balanced,cached_mxbai,3861,1782232789.6696045,,,
6500,0,svm,max,balanced,cached_mxbai,3862,1782232790.186538,,,
5379,0,svm,max,balanced,cached_mxbai,3863,1782232790.7032511,,,
1985,0,svm,max,balanced,cached_mxbai,3864,1782232791.2242215,,,
2916,0,svm,max,balanced,cached_mxbai,3865,1782232791.7434607,,,
3871,0,svm,max,balanced,cached_mxbai,3866,1782232792.2589827,,,
9484,0,svm,max,balanced,cached_mxbai,3867,1782232792.7784162,,,
5832,0,svm,max,balanced,cached_mxbai,3868,1782232793.2950444,,,
1209,0,svm,max,balanced,cached_mxbai,3869,1782232793.81364,,,
6775,0,svm,max,balanced,cached_mxbai,3870,1782232794.3288028,,,
8899,0,svm,max,balanced,cached_mxbai,3871,1782232794.8491106,,,
6090,0,svm,max,balanced,cached_mxbai,3872,1782232795.3812494,,,
1257,0,svm,max,balanced,cached_mxbai,3873,1782232795.8995488,,,
9378,0,svm,max,balanced,cached_mxbai,3874,1782232796.4169831,,,
7503,0,svm,max,balanced,cached_mxbai,3875,1782232796.932321,,,
9013,0,svm,max,balanced,cached_mxbai,3876,1782232797.4529119,,,
6037,0,svm,max,balanced,cached_mxbai,3877,1782232797.9695358,,,
5816,0,svm,max,balanced,cached_mxbai,3878,1782232798.4875941,,,
8664,0,svm,max,balanced,cached_mxbai,3879,1782232799.0067906,,,
6386,0,svm,max,balanced,cached_mxbai,3880,1782232799.527915,,,
1890,0,svm,max,balanced,cached_mxbai,3881,1782232800.0436525,,,
3655,0,svm,max,balanced,cached_mxbai,3882,1782232800.5573041,,,
5230,0,svm,max,balanced,cached_mxbai,3883,1782232801.0713081,,,
6409,0,svm,max,balanced,cached_mxbai,3884,1782232801.5851066,,,
4821,0,svm,max,balanced,cached_mxbai,3885,1782232802.098063,,,
10318,0,svm,max,balanced,cached_mxbai,3886,1782232802.6161842,,,
3205,0,svm,max,balanced,cached_mxbai,3887,1782232803.1378288,,,
3020,0,svm,max,balanced,cached_mxbai,3888,1782232803.6552553,,,
6476,0,svm,max,balanced,cached_mxbai,3889,1782232804.169801,,,
7402,0,svm,max,balanced,cached_mxbai,3890,1782232804.6960847,,,
4361,0,svm,max,balanced,cached_mxbai,3891,1782232805.2318633,,,
7824,0,svm,max,balanced,cached_mxbai,3892,1782232805.7750006,,,
4918,0,svm,max,balanced,cached_mxbai,3893,1782232806.295773,,,
320,0,svm,max,balanced,cached_mxbai,3894,1782232806.817819,,,
4041,0,svm,max,balanced,cached_mxbai,3895,1782232807.3374674,,,
2858,0,svm,max,balanced,cached_mxbai,3896,1782232807.9362261,,,
7443,0,svm,max,balanced,cached_mxbai,3897,1782232808.5339694,,,
4237,0,svm,max,balanced,cached_mxbai,3898,1782232809.1318257,,,
942,0,svm,max,balanced,cached_mxbai,3899,1782232809.7337697,,,
8206,0,svm,max,balanced,cached_mxbai,3900,1782232810.3304706,,,
1831,0,svm,max,balanced,cached_mxbai,3901,1782232810.930517,,,
8905,0,svm,max,balanced,cached_mxbai,3902,1782232811.5299256,,,
7161,0,svm,max,balanced,cached_mxbai,3903,1782232812.1274133,,,
10392,0,svm,max,balanced,cached_mxbai,3904,1782232812.7325175,,,
3591,0,svm,max,balanced,cached_mxbai,3905,1782232813.2538996,,,
1089,0,svm,max,balanced,cached_mxbai,3906,1782232813.7773285,,,
154,0,svm,max,balanced,cached_mxbai,3907,1782232814.2976158,,,
10208,0,svm,max,balanced,cached_mxbai,3908,1782232814.826143,,,
2454,0,svm,max,balanced,cached_mxbai,3909,1782232815.367047,,,
9097,0,svm,max,balanced,cached_mxbai,3910,1782232815.8904214,,,
2079,0,svm,max,balanced,cached_mxbai,3911,1782232816.408921,,,
4919,0,svm,max,balanced,cached_mxbai,3912,1782232816.9304378,,,
1179,0,svm,max,balanced,cached_mxbai,3913,1782232817.4581435,,,
3667,0,svm,max,balanced,cached_mxbai,3914,1782232817.9828305,,,
5342,0,svm,max,balanced,cached_mxbai,3915,1782232818.504749,,,
8457,0,svm,max,balanced,cached_mxbai,3916,1782232819.027041,,,
9385,0,svm,max,balanced,cached_mxbai,3917,1782232819.548606,,,
8449,0,svm,max,balanced,cached_mxbai,3918,1782232820.071842,,,
4195,0,svm,max,balanced,cached_mxbai,3919,1782232820.5936882,,,
4618,0,svm,max,balanced,cached_mxbai,3920,1782232821.1155868,,,
3688,0,svm,max,balanced,cached_mxbai,3921,1782232821.639235,,,
5484,0,svm,max,balanced,cached_mxbai,3922,1782232822.163551,,,
549,0,svm,max,balanced,cached_mxbai,3923,1782232822.7716138,,,
93,0,svm,max,balanced,cached_mxbai,3924,1782232823.3738708,,,
3723,0,svm,max,balanced,cached_mxbai,3925,1782232823.9754293,,,
4128,0,svm,max,balanced,cached_mxbai,3926,1782232824.5819495,,,
9630,0,svm,max,balanced,cached_mxbai,3927,1782232825.1928542,,,
3386,0,svm,max,balanced,cached_mxbai,3928,1782232825.8226614,,,
9317,0,svm,max,balanced,cached_mxbai,3929,1782232826.4221125,,,
6163,0,svm,max,balanced,cached_mxbai,3930,1782232827.029013,,,
9470,0,svm,max,balanced,cached_mxbai,3931,1782232827.633575,,,
1973,0,svm,max,balanced,cached_mxbai,3932,1782232828.2407217,,,
8167,0,svm,max,balanced,cached_mxbai,3933,1782232828.8434336,,,
5120,0,svm,max,balanced,cached_mxbai,3934,1782232829.448596,,,
5181,0,svm,max,balanced,cached_mxbai,3935,1782232830.0556648,,,
1990,0,svm,max,balanced,cached_mxbai,3936,1782232830.6625714,,,
3582,0,svm,max,balanced,cached_mxbai,3937,1782232831.2658603,,,
4155,0,svm,max,balanced,cached_mxbai,3938,1782232831.876902,,,
3090,0,svm,max,balanced,cached_mxbai,3939,1782232832.4758623,,,
7381,0,svm,max,balanced,cached_mxbai,3940,1782232833.090704,,,
6776,0,svm,max,balanced,cached_mxbai,3941,1782232833.7000484,,,
5922,0,svm,max,balanced,cached_mxbai,3942,1782232834.2343383,,,
6908,0,svm,max,balanced,cached_mxbai,3943,1782232834.763038,,,
8026,0,svm,max,balanced,cached_mxbai,3944,1782232835.3131692,,,
8653,0,svm,max,balanced,cached_mxbai,3945,1782232835.85309,,,
1254,0,svm,max,balanced,cached_mxbai,3946,1782232836.3841238,,,
10086,0,svm,max,balanced,cached_mxbai,3947,1782232836.9158459,,,
322,0,svm,max,balanced,cached_mxbai,3948,1782232837.4466128,,,
8400,0,svm,max,balanced,cached_mxbai,3949,1782232837.9834623,,,
9342,0,svm,max,balanced,cached_mxbai,3950,1782232838.5192075,,,
7337,0,svm,max,balanced,cached_mxbai,3951,1782232839.0500443,,,
5938,0,svm,max,balanced,cached_mxbai,3952,1782232839.5798771,,,
8227,0,svm,max,balanced,cached_mxbai,3953,1782232840.1069565,,,
8976,0,svm,max,balanced,cached_mxbai,3954,1782232840.6376157,,,
4767,0,svm,max,balanced,cached_mxbai,3955,1782232841.1606562,,,
3680,0,svm,max,balanced,cached_mxbai,3956,1782232841.6863327,,,
5464,0,svm,max,balanced,cached_mxbai,3957,1782232842.2147777,,,
1307,0,svm,max,balanced,cached_mxbai,3958,1782232842.745597,,,
6439,0,svm,max,balanced,cached_mxbai,3959,1782232843.2750003,,,
3935,0,svm,max,balanced,cached_mxbai,3960,1782232843.8144593,,,
4740,0,svm,max,balanced,cached_mxbai,3961,1782232844.3646233,,,
10510,0,svm,max,balanced,cached_mxbai,3962,1782232845.0132368,,,
4191,0,svm,max,balanced,cached_mxbai,3963,1782232845.558261,,,
3785,0,svm,max,balanced,cached_mxbai,3964,1782232846.0862052,,,
4259,0,svm,max,balanced,cached_mxbai,3965,1782232846.6104262,,,
6450,0,svm,max,balanced,cached_mxbai,3966,1782232847.1408534,,,
4399,0,svm,max,balanced,cached_mxbai,3967,1782232847.6672823,,,
408,0,svm,max,balanced,cached_mxbai,3968,1782232848.1988735,,,
9080,0,svm,max,balanced,cached_mxbai,3969,1782232848.7314558,,,
3818,0,svm,max,balanced,cached_mxbai,3970,1782232849.26805,,,
4015,0,svm,max,balanced,cached_mxbai,3971,1782232849.7931783,,,
4292,0,svm,max,balanced,cached_mxbai,3972,1782232850.3787425,,,
4258,0,svm,max,balanced,cached_mxbai,3973,1782232850.961587,,,
10462,0,svm,max,balanced,cached_mxbai,3974,1782232851.4808407,,,
3813,0,svm,max,balanced,cached_mxbai,3975,1782232852.0703042,,,
7693,0,svm,max,balanced,cached_mxbai,3976,1782232852.5942614,,,
8559,0,svm,max,balanced,cached_mxbai,3977,1782232853.1196115,,,
8285,0,svm,max,balanced,cached_mxbai,3978,1782232853.710455,,,
2024,0,svm,max,balanced,cached_mxbai,3979,1782232854.299046,,,
9165,0,svm,max,balanced,cached_mxbai,3980,1782232854.8944285,,,
2650,0,svm,max,balanced,cached_mxbai,3981,1782232855.4999974,,,
4381,0,svm,max,balanced,cached_mxbai,3982,1782232856.0967925,,,
4386,0,svm,max,balanced,cached_mxbai,3983,1782232856.6864219,,,
9532,0,svm,max,balanced,cached_mxbai,3984,1782232857.2238142,,,
5450,0,svm,max,balanced,cached_mxbai,3985,1782232857.7491071,,,
6493,0,svm,max,balanced,cached_mxbai,3986,1782232858.2744794,,,
3478,0,svm,max,balanced,cached_mxbai,3987,1782232858.8044984,,,
5055,0,svm,max,balanced,cached_mxbai,3988,1782232859.330779,,,
110,0,svm,max,balanced,cached_mxbai,3989,1782232859.8581614,,,
5594,0,svm,max,balanced,cached_mxbai,3990,1782232860.3837724,,,
2908,0,svm,max,balanced,cached_mxbai,3991,1782232860.9187331,,,
5877,0,svm,max,balanced,cached_mxbai,3992,1782232861.4469776,,,
194,0,svm,max,balanced,cached_mxbai,3993,1782232861.9791343,,,
8356,0,svm,max,balanced,cached_mxbai,3994,1782232862.509548,,,
6790,0,svm,max,balanced,cached_mxbai,3995,1782232863.044796,,,
8527,0,svm,max,balanced,cached_mxbai,3996,1782232863.5731585,,,
4107,0,svm,max,balanced,cached_mxbai,3997,1782232864.1083329,,,
1596,0,svm,max,balanced,cached_mxbai,3998,1782232864.6342783,,,
687,0,svm,max,balanced,cached_mxbai,3999,1782232865.1787758,,,
824,0,svm,max,balanced,cached_mxbai,4000,1782232865.7287037,,,
1887,0,svm,max,balanced,cached_mxbai,4001,1782232866.258893,,,
7388,0,svm,max,balanced,cached_mxbai,4002,1782232866.7909987,,,
6686,0,svm,max,balanced,cached_mxbai,4003,1782232867.3187275,,,
1041,0,svm,max,balanced,cached_mxbai,4004,1782232867.8495789,,,
9000,0,svm,max,balanced,cached_mxbai,4005,1782232868.378092,,,
540,0,svm,max,balanced,cached_mxbai,4006,1782232868.9138496,,,
2336,0,svm,max,balanced,cached_mxbai,4007,1782232869.4302983,,,
1658,0,svm,max,balanced,cached_mxbai,4008,1782232869.966105,,,
9575,0,svm,max,balanced,cached_mxbai,4009,1782232870.4946826,,,
8753,0,svm,max,balanced,cached_mxbai,4010,1782232871.038995,,,
3771,0,svm,max,balanced,cached_mxbai,4011,1782232871.5745215,,,
5775,0,svm,max,balanced,cached_mxbai,4012,1782232872.113677,,,
6127,0,svm,max,balanced,cached_mxbai,4013,1782232872.6333733,,,
1859,0,svm,max,balanced,cached_mxbai,4014,1782232873.155005,,,
9637,0,svm,max,balanced,cached_mxbai,4015,1782232873.6776626,,,
6416,0,svm,max,balanced,cached_mxbai,4016,1782232874.2180114,,,
7143,0,svm,max,balanced,cached_mxbai,4017,1782232874.7479708,,,
3369,0,svm,max,balanced,cached_mxbai,4018,1782232875.306636,,,
7320,0,svm,max,balanced,cached_mxbai,4019,1782232875.8378346,,,
9648,0,svm,max,balanced,cached_mxbai,4020,1782232876.3754191,,,
4441,0,svm,max,balanced,cached_mxbai,4021,1782232876.893376,,,
3338,0,svm,max,balanced,cached_mxbai,4022,1782232877.4282832,,,
1313,0,svm,max,balanced,cached_mxbai,4023,1782232877.9646,,,
9494,0,svm,max,balanced,cached_mxbai,4024,1782232878.497744,,,
7516,0,svm,max,balanced,cached_mxbai,4025,1782232879.0212882,,,
9082,0,svm,max,balanced,cached_mxbai,4026,1782232879.5423856,,,
3966,0,svm,max,balanced,cached_mxbai,4027,1782232880.0664213,,,
3395,0,svm,max,balanced,cached_mxbai,4028,1782232880.6006126,,,
4561,0,svm,max,balanced,cached_mxbai,4029,1782232881.1208951,,,
133,0,svm,max,balanced,cached_mxbai,4030,1782232881.6553311,,,
2209,0,svm,max,balanced,cached_mxbai,4031,1782232882.1901898,,,
2585,0,svm,max,balanced,cached_mxbai,4032,1782232882.7307227,,,
103,0,svm,max,balanced,cached_mxbai,4033,1782232883.2678626,,,
5988,0,svm,max,balanced,cached_mxbai,4034,1782232883.8049185,,,
4173,0,svm,max,balanced,cached_mxbai,4035,1782232884.3430247,,,
4013,0,svm,max,balanced,cached_mxbai,4036,1782232884.879233,,,
7426,0,svm,max,balanced,cached_mxbai,4037,1782232885.4394178,,,
67,0,svm,max,balanced,cached_mxbai,4038,1782232885.9770749,,,
5012,0,svm,max,balanced,cached_mxbai,4039,1782232886.513049,,,
9127,0,svm,max,balanced,cached_mxbai,4040,1782232887.05107,,,
9333,0,svm,max,balanced,cached_mxbai,4041,1782232887.5869925,,,
8045,0,svm,max,balanced,cached_mxbai,4042,1782232888.1257548,,,
4577,0,svm,max,balanced,cached_mxbai,4043,1782232888.6586363,,,
172,0,svm,max,balanced,cached_mxbai,4044,1782232889.1980507,,,
7057,0,svm,max,balanced,cached_mxbai,4045,1782232889.7331965,,,
6012,0,svm,max,balanced,cached_mxbai,4046,1782232890.2735693,,,
378,0,svm,max,balanced,cached_mxbai,4047,1782232890.8095682,,,
2305,0,svm,max,balanced,cached_mxbai,4048,1782232891.3479826,,,
8340,0,svm,max,balanced,cached_mxbai,4049,1782232891.8852391,,,
4043,0,svm,max,balanced,cached_mxbai,4050,1782232892.4243956,,,
4048,0,svm,max,balanced,cached_mxbai,4051,1782232892.9691138,,,
1406,0,svm,max,balanced,cached_mxbai,4052,1782232893.508566,,,
2658,0,svm,max,balanced,cached_mxbai,4053,1782232894.0462277,,,
1904,0,svm,max,balanced,cached_mxbai,4054,1782232894.5827146,,,
8637,0,svm,max,balanced,cached_mxbai,4055,1782232895.1273756,,,
6184,0,svm,max,balanced,cached_mxbai,4056,1782232895.6864133,,,
9383,0,svm,max,balanced,cached_mxbai,4057,1782232896.2309375,,,
3407,0,svm,max,balanced,cached_mxbai,4058,1782232896.767978,,,
9627,0,svm,max,balanced,cached_mxbai,4059,1782232897.3083665,,,
10589,0,svm,max,balanced,cached_mxbai,4060,1782232897.8468783,,,
6342,0,svm,max,balanced,cached_mxbai,4061,1782232898.389398,,,
2548,0,svm,max,balanced,cached_mxbai,4062,1782232898.9300587,,,
821,0,svm,max,balanced,cached_mxbai,4063,1782232899.4735148,,,
7315,0,svm,max,balanced,cached_mxbai,4064,1782232900.0162864,,,
5735,0,svm,max,balanced,cached_mxbai,4065,1782232900.5579934,,,
8323,0,svm,max,balanced,cached_mxbai,4066,1782232901.0980573,,,
3508,0,svm,max,balanced,cached_mxbai,4067,1782232901.637545,,,
4503,0,svm,max,balanced,cached_mxbai,4068,1782232902.1776378,,,
8765,0,svm,max,balanced,cached_mxbai,4069,1782232902.7193,,,
3139,0,svm,max,balanced,cached_mxbai,4070,1782232903.2585583,,,
4697,0,svm,max,balanced,cached_mxbai,4071,1782232903.797648,,,
8674,0,svm,max,balanced,cached_mxbai,4072,1782232904.354842,,,
5708,0,svm,max,balanced,cached_mxbai,4073,1782232904.9065716,,,
4010,0,svm,max,balanced,cached_mxbai,4074,1782232905.4722776,,,
252,0,svm,max,balanced,cached_mxbai,4075,1782232906.0170736,,,
8927,0,svm,max,balanced,cached_mxbai,4076,1782232906.5601902,,,
633,0,svm,max,balanced,cached_mxbai,4077,1782232907.106483,,,
3154,0,svm,max,balanced,cached_mxbai,4078,1782232907.6505408,,,
3660,0,svm,max,balanced,cached_mxbai,4079,1782232908.1929266,,,
7522,0,svm,max,balanced,cached_mxbai,4080,1782232908.7341263,,,
4563,0,svm,max,balanced,cached_mxbai,4081,1782232909.2788837,,,
2047,0,svm,max,balanced,cached_mxbai,4082,1782232909.8226404,,,
9655,0,svm,max,balanced,cached_mxbai,4083,1782232910.3700073,,,
4063,0,svm,max,balanced,cached_mxbai,4084,1782232910.917393,,,
9904,0,svm,max,balanced,cached_mxbai,4085,1782232911.4654374,,,
9399,0,svm,max,balanced,cached_mxbai,4086,1782232911.99956,,,
3071,0,svm,max,balanced,cached_mxbai,4087,1782232912.5275931,,,
5107,0,svm,max,balanced,cached_mxbai,4088,1782232913.053473,,,
3118,0,svm,max,balanced,cached_mxbai,4089,1782232913.58304,,,
4033,0,svm,max,balanced,cached_mxbai,4090,1782232914.1093094,,,
439,0,svm,max,balanced,cached_mxbai,4091,1782232914.6389196,,,
8663,0,svm,max,balanced,cached_mxbai,4092,1782232915.1729457,,,
6360,0,svm,max,balanced,cached_mxbai,4093,1782232915.7349765,,,
4093,0,svm,max,balanced,cached_mxbai,4094,1782232916.2716901,,,
6303,0,svm,max,balanced,cached_mxbai,4095,1782232916.889629,,,
9368,0,svm,max,balanced,cached_mxbai,4096,1782232917.4445298,,,
4647,0,svm,max,balanced,cached_mxbai,4097,1782232917.9869015,,,
3530,0,svm,max,balanced,cached_mxbai,4098,1782232918.516913,,,
5655,0,svm,max,balanced,cached_mxbai,4099,1782232919.0466537,,,
3271,0,svm,max,balanced,cached_mxbai,4100,1782232919.5769684,,,
5385,0,svm,max,balanced,cached_mxbai,4101,1782232920.1081386,,,
7835,0,svm,max,balanced,cached_mxbai,4102,1782232920.6365223,,,
10592,0,svm,max,balanced,cached_mxbai,4103,1782232921.1709683,,,
6620,0,svm,max,balanced,cached_mxbai,4104,1782232921.704758,,,
10275,0,svm,max,balanced,cached_mxbai,4105,1782232922.241263,,,
8614,0,svm,max,balanced,cached_mxbai,4106,1782232922.7787755,,,
5197,0,svm,max,balanced,cached_mxbai,4107,1782232923.3269176,,,
3498,0,svm,max,balanced,cached_mxbai,4108,1782232923.8618398,,,
9583,0,svm,max,balanced,cached_mxbai,4109,1782232924.3978183,,,
3055,0,svm,max,balanced,cached_mxbai,4110,1782232924.9315608,,,
7025,0,svm,max,balanced,cached_mxbai,4111,1782232925.4829583,,,
1390,0,svm,max,balanced,cached_mxbai,4112,1782232926.0192554,,,
6997,0,svm,max,balanced,cached_mxbai,4113,1782232926.550667,,,
1744,0,svm,max,balanced,cached_mxbai,4114,1782232927.0842495,,,
7542,0,svm,max,balanced,cached_mxbai,4115,1782232927.6156027,,,
7183,0,svm,max,balanced,cached_mxbai,4116,1782232928.1509311,,,
684,0,svm,max,balanced,cached_mxbai,4117,1782232928.6837356,,,
3598,0,svm,max,balanced,cached_mxbai,4118,1782232929.2178826,,,
8487,0,svm,max,balanced,cached_mxbai,4119,1782232929.752089,,,
239,0,svm,max,balanced,cached_mxbai,4120,1782232930.2859745,,,
8313,0,svm,max,balanced,cached_mxbai,4121,1782232930.820642,,,
5911,0,svm,max,balanced,cached_mxbai,4122,1782232931.3535087,,,
9500,0,svm,max,balanced,cached_mxbai,4123,1782232931.8866715,,,
1718,0,svm,max,balanced,cached_mxbai,4124,1782232932.4213502,,,
9302,0,svm,max,balanced,cached_mxbai,4125,1782232932.9610102,,,
1309,0,svm,max,balanced,cached_mxbai,4126,1782232933.4958618,,,
1054,0,svm,max,balanced,cached_mxbai,4127,1782232934.0325944,,,
7742,0,svm,max,balanced,cached_mxbai,4128,1782232934.566941,,,
1436,0,svm,max,balanced,cached_mxbai,4129,1782232935.1165411,,,
5626,0,svm,max,balanced,cached_mxbai,4130,1782232935.6732273,,,
2160,0,svm,max,balanced,cached_mxbai,4131,1782232936.2098317,,,
8869,0,svm,max,balanced,cached_mxbai,4132,1782232936.746462,,,
6852,0,svm,max,balanced,cached_mxbai,4133,1782232937.2920544,,,
6856,0,svm,max,balanced,cached_mxbai,4134,1782232937.8284385,,,
1876,0,svm,max,balanced,cached_mxbai,4135,1782232938.3653276,,,
7314,0,svm,max,balanced,cached_mxbai,4136,1782232938.9045403,,,
3851,0,svm,max,balanced,cached_mxbai,4137,1782232939.4407825,,,
6302,0,svm,max,balanced,cached_mxbai,4138,1782232939.97888,,,
5243,0,svm,max,balanced,cached_mxbai,4139,1782232940.5150445,,,
4907,0,svm,max,balanced,cached_mxbai,4140,1782232941.057796,,,
2218,0,svm,max,balanced,cached_mxbai,4141,1782232941.5926704,,,
4911,0,svm,max,balanced,cached_mxbai,4142,1782232942.1347408,,,
147,0,svm,max,balanced,cached_mxbai,4143,1782232942.6744783,,,
920,0,svm,max,balanced,cached_mxbai,4144,1782232943.214239,,,
7223,0,svm,max,balanced,cached_mxbai,4145,1782232943.7516391,,,
3066,0,svm,max,balanced,cached_mxbai,4146,1782232944.2912793,,,
5411,0,svm,max,balanced,cached_mxbai,4147,1782232944.8270495,,,
301,0,svm,max,balanced,cached_mxbai,4148,1782232945.3842604,,,
3863,0,svm,max,balanced,cached_mxbai,4149,1782232945.926871,,,
8549,0,svm,max,balanced,cached_mxbai,4150,1782232946.4658084,,,
2063,0,svm,max,balanced,cached_mxbai,4151,1782232947.0111372,,,
3880,0,svm,max,balanced,cached_mxbai,4152,1782232947.5495443,,,
4388,0,svm,max,balanced,cached_mxbai,4153,1782232948.0921574,,,
9227,0,svm,max,balanced,cached_mxbai,4154,1782232948.629174,,,
4838,0,svm,max,balanced,cached_mxbai,4155,1782232949.1749618,,,
3823,0,svm,max,balanced,cached_mxbai,4156,1782232949.7151532,,,
5113,0,svm,max,balanced,cached_mxbai,4157,1782232950.2598472,,,
9932,0,svm,max,balanced,cached_mxbai,4158,1782232950.801779,,,
9598,0,svm,max,balanced,cached_mxbai,4159,1782232951.3426235,,,
3898,0,svm,max,balanced,cached_mxbai,4160,1782232951.884805,,,
7599,0,svm,max,balanced,cached_mxbai,4161,1782232952.4265323,,,
6948,0,svm,max,balanced,cached_mxbai,4162,1782232952.9702165,,,
988,0,svm,max,balanced,cached_mxbai,4163,1782232953.5092914,,,
1130,0,svm,max,balanced,cached_mxbai,4164,1782232954.0548966,,,
3439,0,svm,max,balanced,cached_mxbai,4165,1782232954.596732,,,
983,0,svm,max,balanced,cached_mxbai,4166,1782232955.1514382,,,
7791,0,svm,max,balanced,cached_mxbai,4167,1782232955.7111127,,,
6079,0,svm,max,balanced,cached_mxbai,4168,1782232956.2714725,,,
5130,0,svm,max,balanced,cached_mxbai,4169,1782232956.8136828,,,
6243,0,svm,max,balanced,cached_mxbai,4170,1782232957.3498623,,,
8703,0,svm,max,balanced,cached_mxbai,4171,1782232957.885372,,,
3319,0,svm,max,balanced,cached_mxbai,4172,1782232958.422267,,,
4272,0,svm,max,balanced,cached_mxbai,4173,1782232958.959159,,,
1540,0,svm,max,balanced,cached_mxbai,4174,1782232959.4976661,,,
8571,0,svm,max,balanced,cached_mxbai,4175,1782232960.0357282,,,
8195,0,svm,max,balanced,cached_mxbai,4176,1782232960.5751228,,,
4948,0,svm,max,balanced,cached_mxbai,4177,1782232961.1222975,,,
7624,0,svm,max,balanced,cached_mxbai,4178,1782232961.6599333,,,
3790,0,svm,max,balanced,cached_mxbai,4179,1782232962.1970518,,,
6157,0,svm,max,balanced,cached_mxbai,4180,1782232962.739744,,,
867,0,svm,max,balanced,cached_mxbai,4181,1782232963.2819576,,,
3193,0,svm,max,balanced,cached_mxbai,4182,1782232963.8264678,,,
8222,0,svm,max,balanced,cached_mxbai,4183,1782232964.3700514,,,
9987,0,svm,max,balanced,cached_mxbai,4184,1782232964.9236228,,,
9400,0,svm,max,balanced,cached_mxbai,4185,1782232965.492379,,,
7501,0,svm,max,balanced,cached_mxbai,4186,1782232966.0522654,,,
1710,0,svm,max,balanced,cached_mxbai,4187,1782232966.6030805,,,
1535,0,svm,max,balanced,cached_mxbai,4188,1782232967.1473875,,,
3559,0,svm,max,balanced,cached_mxbai,4189,1782232967.6911345,,,
5919,0,svm,max,balanced,cached_mxbai,4190,1782232968.236497,,,
9722,0,svm,max,balanced,cached_mxbai,4191,1782232968.7812994,,,
9895,0,svm,max,balanced,cached_mxbai,4192,1782232969.3333793,,,
9471,0,svm,max,balanced,cached_mxbai,4193,1782232969.8761969,,,
2994,0,svm,max,balanced,cached_mxbai,4194,1782232970.4353497,,,
393,0,svm,max,balanced,cached_mxbai,4195,1782232970.9842587,,,
7543,0,svm,max,balanced,cached_mxbai,4196,1782232971.5351307,,,
4715,0,svm,max,balanced,cached_mxbai,4197,1782232972.089196,,,
5764,0,svm,max,balanced,cached_mxbai,4198,1782232972.6379678,,,
9694,0,svm,max,balanced,cached_mxbai,4199,1782232973.186757,,,
3769,0,svm,max,balanced,cached_mxbai,4200,1782232973.7331312,,,
3906,0,svm,max,balanced,cached_mxbai,4201,1782232974.2780004,,,
8857,0,svm,max,balanced,cached_mxbai,4202,1782232974.8244803,,,
7785,0,svm,max,balanced,cached_mxbai,4203,1782232975.4565492,,,
5642,0,svm,max,balanced,cached_mxbai,4204,1782232976.0732381,,,
8341,0,svm,max,balanced,cached_mxbai,4205,1782232976.6946383,,,
70,0,svm,max,balanced,cached_mxbai,4206,1782232977.319446,,,
192,0,svm,max,balanced,cached_mxbai,4207,1782232977.9355123,,,
6898,0,svm,max,balanced,cached_mxbai,4208,1782232978.5489264,,,
10552,0,svm,max,balanced,cached_mxbai,4209,1782232979.1623106,,,
9982,0,svm,max,balanced,cached_mxbai,4210,1782232979.7062905,,,
7613,0,svm,max,balanced,cached_mxbai,4211,1782232980.2490518,,,
2767,0,svm,max,balanced,cached_mxbai,4212,1782232980.7937856,,,
4479,0,svm,max,balanced,cached_mxbai,4213,1782232981.3625805,,,
5173,0,svm,max,balanced,cached_mxbai,4214,1782232981.9787254,,,
2902,0,svm,max,balanced,cached_mxbai,4215,1782232982.5990427,,,
2763,0,svm,max,balanced,cached_mxbai,4216,1782232983.2197087,,,
69,0,svm,max,balanced,cached_mxbai,4217,1782232983.839529,,,
10262,0,svm,max,balanced,cached_mxbai,4218,1782232984.385325,,,
8538,0,svm,max,balanced,cached_mxbai,4219,1782232984.9341109,,,
3779,0,svm,max,balanced,cached_mxbai,4220,1782232985.5050516,,,
4149,0,svm,max,balanced,cached_mxbai,4221,1782232986.0592325,,,
6472,0,svm,max,balanced,cached_mxbai,4222,1782232986.6074839,,,
1636,0,svm,max,balanced,cached_mxbai,4223,1782232987.1589787,,,
122,0,svm,max,balanced,cached_mxbai,4224,1782232987.7061129,,,
5927,0,svm,max,balanced,cached_mxbai,4225,1782232988.2584326,,,
10548,0,svm,max,balanced,cached_mxbai,4226,1782232988.8048382,,,
7620,0,svm,max,balanced,cached_mxbai,4227,1782232989.3568704,,,
7934,0,svm,max,balanced,cached_mxbai,4228,1782232989.904444,,,
5217,0,svm,max,balanced,cached_mxbai,4229,1782232990.4541094,,,
4076,0,svm,max,balanced,cached_mxbai,4230,1782232990.9997647,,,
1579,0,svm,max,balanced,cached_mxbai,4231,1782232991.548164,,,
1617,0,svm,max,balanced,cached_mxbai,4232,1782232992.094579,,,
1828,0,svm,max,balanced,cached_mxbai,4233,1782232992.641222,,,
9639,0,svm,max,balanced,cached_mxbai,4234,1782232993.187798,,,
1598,0,svm,max,balanced,cached_mxbai,4235,1782232993.732561,,,
7280,0,svm,max,balanced,cached_mxbai,4236,1782232994.2769725,,,
602,0,svm,max,balanced,cached_mxbai,4237,1782232994.8259668,,,
3324,0,svm,max,balanced,cached_mxbai,4238,1782232995.3940573,,,
9680,0,svm,max,balanced,cached_mxbai,4239,1782232995.9431376,,,
3014,0,svm,max,balanced,cached_mxbai,4240,1782232996.4920406,,,
435,0,svm,max,balanced,cached_mxbai,4241,1782232997.039961,,,
3469,0,svm,max,balanced,cached_mxbai,4242,1782232997.5864315,,,
8632,0,svm,max,balanced,cached_mxbai,4243,1782232998.136052,,,
5772,0,svm,max,balanced,cached_mxbai,4244,1782232998.6818187,,,
9662,0,svm,max,balanced,cached_mxbai,4245,1782232999.2280083,,,
5474,0,svm,max,balanced,cached_mxbai,4246,1782232999.776726,,,
4984,0,svm,max,balanced,cached_mxbai,4247,1782233000.3280325,,,
668,0,svm,max,balanced,cached_mxbai,4248,1782233000.8780644,,,
3454,0,svm,max,balanced,cached_mxbai,4249,1782233001.43164,,,
2744,0,svm,max,balanced,cached_mxbai,4250,1782233001.9869723,,,
414,0,svm,max,balanced,cached_mxbai,4251,1782233002.6087298,,,
5300,0,svm,max,balanced,cached_mxbai,4252,1782233003.2380025,,,
7558,0,svm,max,balanced,cached_mxbai,4253,1782233003.857606,,,
2608,0,svm,max,balanced,cached_mxbai,4254,1782233004.4732401,,,
5040,0,svm,max,balanced,cached_mxbai,4255,1782233005.0958273,,,
3837,0,svm,max,balanced,cached_mxbai,4256,1782233005.7330077,,,
10265,0,svm,max,balanced,cached_mxbai,4257,1782233006.3551188,,,
4085,0,svm,max,balanced,cached_mxbai,4258,1782233007.014273,,,
6217,0,svm,max,balanced,cached_mxbai,4259,1782233007.6336896,,,
3299,0,svm,max,balanced,cached_mxbai,4260,1782233008.2420456,,,
1201,0,svm,max,balanced,cached_mxbai,4261,1782233008.8499372,,,
2644,0,svm,max,balanced,cached_mxbai,4262,1782233009.4577625,,,
3882,0,svm,max,balanced,cached_mxbai,4263,1782233010.067914,,,
3915,0,svm,max,balanced,cached_mxbai,4264,1782233010.6763039,,,
8589,0,svm,max,balanced,cached_mxbai,4265,1782233011.2822993,,,
1521,0,svm,max,balanced,cached_mxbai,4266,1782233011.8873549,,,
8204,0,svm,max,balanced,cached_mxbai,4267,1782233012.4932883,,,
7954,0,svm,max,balanced,cached_mxbai,4268,1782233013.0971713,,,
3858,0,svm,max,balanced,cached_mxbai,4269,1782233013.7061768,,,
8425,0,svm,max,balanced,cached_mxbai,4270,1782233014.3126142,,,
1475,0,svm,max,balanced,cached_mxbai,4271,1782233014.9174542,,,
1074,0,svm,max,balanced,cached_mxbai,4272,1782233015.5434544,,,
2313,0,svm,max,balanced,cached_mxbai,4273,1782233016.1622794,,,
3749,0,svm,max,balanced,cached_mxbai,4274,1782233016.7733064,,,
6332,0,svm,max,balanced,cached_mxbai,4275,1782233017.37962,,,
8350,0,svm,max,balanced,cached_mxbai,4276,1782233017.9875062,,,
7513,0,svm,max,balanced,cached_mxbai,4277,1782233018.5991056,,,
4798,0,svm,max,balanced,cached_mxbai,4278,1782233019.209301,,,
525,0,svm,max,balanced,cached_mxbai,4279,1782233019.8208122,,,
3631,0,svm,max,balanced,cached_mxbai,4280,1782233020.4349554,,,
280,0,svm,max,balanced,cached_mxbai,4281,1782233021.050736,,,
776,0,svm,max,balanced,cached_mxbai,4282,1782233021.673087,,,
102,0,svm,max,balanced,cached_mxbai,4283,1782233022.288813,,,
4650,0,svm,max,balanced,cached_mxbai,4284,1782233022.899941,,,
7450,0,svm,max,balanced,cached_mxbai,4285,1782233023.5119812,,,
8672,0,svm,max,balanced,cached_mxbai,4286,1782233024.124258,,,
6023,0,svm,max,balanced,cached_mxbai,4287,1782233024.7323997,,,
9444,0,svm,max,balanced,cached_mxbai,4288,1782233025.3660715,,,
1204,0,svm,max,balanced,cached_mxbai,4289,1782233025.982676,,,
10072,0,svm,max,balanced,cached_mxbai,4290,1782233026.642951,,,
3311,0,svm,max,balanced,cached_mxbai,4291,1782233027.2924745,,,
1630,0,svm,max,balanced,cached_mxbai,4292,1782233027.913561,,,
3854,0,svm,max,balanced,cached_mxbai,4293,1782233028.5378914,,,
1955,0,svm,max,balanced,cached_mxbai,4294,1782233029.1486976,,,
5930,0,svm,max,balanced,cached_mxbai,4295,1782233029.7680204,,,
3711,0,svm,max,balanced,cached_mxbai,4296,1782233030.3789618,,,
1206,0,svm,max,balanced,cached_mxbai,4297,1782233031.0114155,,,
6592,0,svm,max,balanced,cached_mxbai,4298,1782233031.6255343,,,
1553,0,svm,max,balanced,cached_mxbai,4299,1782233032.2713253,,,
2934,0,svm,max,balanced,cached_mxbai,4300,1782233032.866209,,,
145,0,svm,max,balanced,cached_mxbai,4301,1782233033.4707363,,,
2146,0,svm,max,balanced,cached_mxbai,4302,1782233034.0849354,,,
4040,0,svm,max,balanced,cached_mxbai,4303,1782233034.7007957,,,
1994,0,svm,max,balanced,cached_mxbai,4304,1782233035.3440177,,,
1997,0,svm,max,balanced,cached_mxbai,4305,1782233036.009292,,,
5477,0,svm,max,balanced,cached_mxbai,4306,1782233036.6813507,,,
2411,0,svm,max,balanced,cached_mxbai,4307,1782233037.3245535,,,
1152,0,svm,max,balanced,cached_mxbai,4308,1782233037.9745727,,,
10347,0,svm,max,balanced,cached_mxbai,4309,1782233038.6285894,,,
3068,0,svm,max,balanced,cached_mxbai,4310,1782233039.2760146,,,
2968,0,svm,max,balanced,cached_mxbai,4311,1782233039.9242966,,,
5498,0,svm,max,balanced,cached_mxbai,4312,1782233040.573155,,,
1208,0,svm,max,balanced,cached_mxbai,4313,1782233041.223727,,,
5541,0,svm,max,balanced,cached_mxbai,4314,1782233041.87251,,,
4831,0,svm,max,balanced,cached_mxbai,4315,1782233042.5207872,,,
4298,0,svm,max,balanced,cached_mxbai,4316,1782233043.1689453,,,
9036,0,svm,max,balanced,cached_mxbai,4317,1782233043.7265964,,,
4050,0,svm,max,balanced,cached_mxbai,4318,1782233044.3710346,,,
1871,0,svm,max,balanced,cached_mxbai,4319,1782233044.9282086,,,
3315,0,svm,max,balanced,cached_mxbai,4320,1782233045.51334,,,
9958,0,svm,max,balanced,cached_mxbai,4321,1782233046.1665695,,,
1512,0,svm,max,balanced,cached_mxbai,4322,1782233046.829718,,,
5837,0,svm,max,balanced,cached_mxbai,4323,1782233047.471667,,,
3438,0,svm,max,balanced,cached_mxbai,4324,1782233048.110801,,,
9807,0,svm,max,balanced,cached_mxbai,4325,1782233048.7559013,,,
9597,0,svm,max,balanced,cached_mxbai,4326,1782233049.3938696,,,
1967,0,svm,max,balanced,cached_mxbai,4327,1782233050.0308256,,,
4054,0,svm,max,balanced,cached_mxbai,4328,1782233050.6671126,,,
4240,0,svm,max,balanced,cached_mxbai,4329,1782233051.306141,,,
9367,0,svm,max,balanced,cached_mxbai,4330,1782233051.9528427,,,
899,0,svm,max,balanced,cached_mxbai,4331,1782233052.596848,,,
3037,0,svm,max,balanced,cached_mxbai,4332,1782233053.2332506,,,
3799,0,svm,max,balanced,cached_mxbai,4333,1782233053.8862047,,,
1825,0,svm,max,balanced,cached_mxbai,4334,1782233054.451492,,,
7003,0,svm,max,balanced,cached_mxbai,4335,1782233055.0217507,,,
9534,0,svm,max,balanced,cached_mxbai,4336,1782233055.6071362,,,
537,0,svm,max,balanced,cached_mxbai,4337,1782233056.253766,,,
2509,0,svm,max,balanced,cached_mxbai,4338,1782233056.9143357,,,
2785,0,svm,max,balanced,cached_mxbai,4339,1782233057.5618107,,,
7640,0,svm,max,balanced,cached_mxbai,4340,1782233058.1476939,,,
2778,0,svm,max,balanced,cached_mxbai,4341,1782233058.740442,,,
6043,0,svm,max,balanced,cached_mxbai,4342,1782233059.3082643,,,
4946,0,svm,max,balanced,cached_mxbai,4343,1782233059.9609182,,,
161,0,svm,max,balanced,cached_mxbai,4344,1782233060.5236914,,,
2930,0,svm,max,balanced,cached_mxbai,4345,1782233061.0898178,,,
2730,0,svm,max,balanced,cached_mxbai,4346,1782233061.6505508,,,
1337,0,svm,max,balanced,cached_mxbai,4347,1782233062.2139359,,,
3425,0,svm,max,balanced,cached_mxbai,4348,1782233062.7756798,,,
5898,0,svm,max,balanced,cached_mxbai,4349,1782233063.339935,,,
6999,0,svm,max,balanced,cached_mxbai,4350,1782233063.9083633,,,
1558,0,svm,max,balanced,cached_mxbai,4351,1782233064.4815674,,,
7013,0,svm,max,balanced,cached_mxbai,4352,1782233065.0535028,,,
1185,0,svm,max,balanced,cached_mxbai,4353,1782233065.6356716,,,
5966,0,svm,max,balanced,cached_mxbai,4354,1782233066.2056723,,,
3638,0,svm,max,balanced,cached_mxbai,4355,1782233066.7906141,,,
9347,0,svm,max,balanced,cached_mxbai,4356,1782233067.3496528,,,
1221,0,svm,max,balanced,cached_mxbai,4357,1782233067.9121597,,,
7990,0,svm,max,balanced,cached_mxbai,4358,1782233068.471995,,,
3517,0,svm,max,balanced,cached_mxbai,4359,1782233069.0421493,,,
1882,0,svm,max,balanced,cached_mxbai,4360,1782233069.7020144,,,
9043,0,svm,max,balanced,cached_mxbai,4361,1782233070.2698731,,,
731,0,svm,max,balanced,cached_mxbai,4362,1782233070.8321261,,,
4285,0,svm,max,balanced,cached_mxbai,4363,1782233071.4863327,,,
214,0,svm,max,balanced,cached_mxbai,4364,1782233072.1430593,,,
5887,0,svm,max,balanced,cached_mxbai,4365,1782233072.7049937,,,
9924,0,svm,max,balanced,cached_mxbai,4366,1782233073.267871,,,
9641,0,svm,max,balanced,cached_mxbai,4367,1782233073.835789,,,
1838,0,svm,max,balanced,cached_mxbai,4368,1782233074.3990705,,,
3100,0,svm,max,balanced,cached_mxbai,4369,1782233075.0522895,,,
4152,0,svm,max,balanced,cached_mxbai,4370,1782233075.6323285,,,
4137,0,svm,max,balanced,cached_mxbai,4371,1782233076.1964955,,,
6556,0,svm,max,balanced,cached_mxbai,4372,1782233076.859044,,,
3394,0,svm,max,balanced,cached_mxbai,4373,1782233077.511981,,,
8898,0,svm,max,balanced,cached_mxbai,4374,1782233078.1659203,,,
3096,0,svm,max,balanced,cached_mxbai,4375,1782233078.8175135,,,
4754,0,svm,max,balanced,cached_mxbai,4376,1782233079.4747028,,,
9946,0,svm,max,balanced,cached_mxbai,4377,1782233080.1325362,,,
761,0,svm,max,balanced,cached_mxbai,4378,1782233080.787018,,,
9246,0,svm,max,balanced,cached_mxbai,4379,1782233081.4389093,,,
4860,0,svm,max,balanced,cached_mxbai,4380,1782233082.0939531,,,
449,0,svm,max,balanced,cached_mxbai,4381,1782233082.7454724,,,
4429,0,svm,max,balanced,cached_mxbai,4382,1782233083.403533,,,
2580,0,svm,max,balanced,cached_mxbai,4383,1782233084.064122,,,
8894,0,svm,max,balanced,cached_mxbai,4384,1782233084.6368544,,,
3191,0,svm,max,balanced,cached_mxbai,4385,1782233085.3105195,,,
5337,0,svm,max,balanced,cached_mxbai,4386,1782233085.881228,,,
5279,0,svm,max,balanced,cached_mxbai,4387,1782233086.4452538,,,
2986,0,svm,max,balanced,cached_mxbai,4388,1782233087.0196772,,,
5225,0,svm,max,balanced,cached_mxbai,4389,1782233087.5806484,,,
7628,0,svm,max,balanced,cached_mxbai,4390,1782233088.1478326,,,
3628,0,svm,max,balanced,cached_mxbai,4391,1782233088.7132163,,,
9212,0,svm,max,balanced,cached_mxbai,4392,1782233089.2903104,,,
9178,0,svm,max,balanced,cached_mxbai,4393,1782233089.8548076,,,
5664,0,svm,max,balanced,cached_mxbai,4394,1782233090.4177032,,,
8187,0,svm,max,balanced,cached_mxbai,4395,1782233090.9888453,,,
5532,0,svm,max,balanced,cached_mxbai,4396,1782233091.5516868,,,
6016,0,svm,max,balanced,cached_mxbai,4397,1782233092.1209533,,,
753,0,svm,max,balanced,cached_mxbai,4398,1782233092.6830845,,,
455,0,svm,max,balanced,cached_mxbai,4399,1782233093.2523932,,,
8630,0,svm,max,balanced,cached_mxbai,4400,1782233093.8205154,,,
6354,0,svm,max,balanced,cached_mxbai,4401,1782233094.388928,,,
3532,0,svm,max,balanced,cached_mxbai,4402,1782233094.9559803,,,
5738,0,svm,max,balanced,cached_mxbai,4403,1782233095.5399985,,,
6141,0,svm,max,balanced,cached_mxbai,4404,1782233096.1064935,,,
141,0,svm,max,balanced,cached_mxbai,4405,1782233096.6746485,,,
7713,0,svm,max,balanced,cached_mxbai,4406,1782233097.249132,,,
7885,0,svm,max,balanced,cached_mxbai,4407,1782233097.8179517,,,
3123,0,svm,max,balanced,cached_mxbai,4408,1782233098.3849006,,,
6076,0,svm,max,balanced,cached_mxbai,4409,1782233098.9523888,,,
1794,0,svm,max,balanced,cached_mxbai,4410,1782233099.5197887,,,
68,0,svm,max,balanced,cached_mxbai,4411,1782233100.0887027,,,
8616,0,svm,max,balanced,cached_mxbai,4412,1782233100.6549695,,,
6897,0,svm,max,balanced,cached_mxbai,4413,1782233101.2237737,,,
10172,0,svm,max,balanced,cached_mxbai,4414,1782233101.798472,,,
6073,0,svm,max,balanced,cached_mxbai,4415,1782233102.3882685,,,
719,0,svm,max,balanced,cached_mxbai,4416,1782233102.9600563,,,
4856,0,svm,max,balanced,cached_mxbai,4417,1782233103.5325394,,,
3408,0,svm,max,balanced,cached_mxbai,4418,1782233104.1055913,,,
6299,0,svm,max,balanced,cached_mxbai,4419,1782233104.6726277,,,
7039,0,svm,max,balanced,cached_mxbai,4420,1782233105.253449,,,
8873,0,svm,max,balanced,cached_mxbai,4421,1782233105.8615758,,,
1467,0,svm,max,balanced,cached_mxbai,4422,1782233106.4958172,,,
3133,0,svm,max,balanced,cached_mxbai,4423,1782233107.097197,,,
658,0,svm,max,balanced,cached_mxbai,4424,1782233107.685978,,,
9511,0,svm,max,balanced,cached_mxbai,4425,1782233108.287956,,,
4953,0,svm,max,balanced,cached_mxbai,4426,1782233108.890045,,,
8948,0,svm,max,balanced,cached_mxbai,4427,1782233109.4938715,,,
6937,0,svm,max,balanced,cached_mxbai,4428,1782233110.0795038,,,
8147,0,svm,max,balanced,cached_mxbai,4429,1782233110.6823714,,,
3334,0,svm,max,balanced,cached_mxbai,4430,1782233111.299049,,,
6653,0,svm,max,balanced,cached_mxbai,4431,1782233111.873121,,,
5868,0,svm,max,balanced,cached_mxbai,4432,1782233112.4542243,,,
10236,0,svm,max,balanced,cached_mxbai,4433,1782233113.0321121,,,
7209,0,svm,max,balanced,cached_mxbai,4434,1782233113.6029868,,,
2593,0,svm,max,balanced,cached_mxbai,4435,1782233114.2090888,,,
1569,0,svm,max,balanced,cached_mxbai,4436,1782233114.7990055,,,
4025,0,svm,max,balanced,cached_mxbai,4437,1782233115.4046216,,,
376,0,svm,max,balanced,cached_mxbai,4438,1782233116.0017545,,,
2786,0,svm,max,balanced,cached_mxbai,4439,1782233116.5981276,,,
4267,0,svm,max,balanced,cached_mxbai,4440,1782233117.193756,,,
4830,0,svm,max,balanced,cached_mxbai,4441,1782233117.810689,,,
7471,0,svm,max,balanced,cached_mxbai,4442,1782233118.4048827,,,
3186,0,svm,max,balanced,cached_mxbai,4443,1782233118.9883869,,,
5836,0,svm,max,balanced,cached_mxbai,4444,1782233119.5660558,,,
9372,0,svm,max,balanced,cached_mxbai,4445,1782233120.1454713,,,
1188,0,svm,max,balanced,cached_mxbai,4446,1782233120.726847,,,
9697,0,svm,max,balanced,cached_mxbai,4447,1782233121.3435917,,,
7459,0,svm,max,balanced,cached_mxbai,4448,1782233121.9396274,,,
5143,0,svm,max,balanced,cached_mxbai,4449,1782233122.5702832,,,
8108,0,svm,max,balanced,cached_mxbai,4450,1782233123.1749353,,,
3114,0,svm,max,balanced,cached_mxbai,4451,1782233123.7751656,,,
5694,0,svm,max,balanced,cached_mxbai,4452,1782233124.3696737,,,
9205,0,svm,max,balanced,cached_mxbai,4453,1782233124.9669116,,,
2394,0,svm,max,balanced,cached_mxbai,4454,1782233125.5890424,,,
8781,0,svm,max,balanced,cached_mxbai,4455,1782233126.4441235,,,
803,0,svm,max,balanced,cached_mxbai,4456,1782233127.0335975,,,
10595,1,svm,max,balanced,cached_mxbai,4457,1782233127.6148963,,,
10596,1,svm,max,balanced,cached_mxbai,4458,1782233128.3397286,,,
