record_id,label,classifier,querier,balancer,feature_extractor,training_set,time,note,tags,user_id
8411,1,,,,,,1782201047.7388303,,,
1289,0,,,,,,1782201047.7388303,,,
5950,1,svm,max,balanced,cached_mxbai,2,1782201047.785183,,,
3702,1,svm,max,balanced,cached_mxbai,3,1782201047.8342502,,,
6097,1,svm,max,balanced,cached_mxbai,4,1782201047.8824513,,,
1960,0,svm,max,balanced,cached_mxbai,5,1782201047.9302711,,,
6283,1,svm,max,balanced,cached_mxbai,6,1782201047.9779058,,,
1141,1,svm,max,balanced,cached_mxbai,7,1782201048.0257246,,,
7026,0,svm,max,balanced,cached_mxbai,8,1782201048.0739079,,,
10176,1,svm,max,balanced,cached_mxbai,9,1782201048.121922,,,
7339,1,svm,max,balanced,cached_mxbai,10,1782201048.1701276,,,
10423,1,svm,max,balanced,cached_mxbai,11,1782201048.2188766,,,
5913,1,svm,max,balanced,cached_mxbai,12,1782201048.266633,,,
4393,1,svm,max,balanced,cached_mxbai,13,1782201048.3136554,,,
9026,0,svm,max,balanced,cached_mxbai,14,1782201048.3610985,,,
6484,1,svm,max,balanced,cached_mxbai,15,1782201048.408239,,,
5481,0,svm,max,balanced,cached_mxbai,16,1782201048.4553666,,,
9772,1,svm,max,balanced,cached_mxbai,17,1782201048.5032735,,,
5970,0,svm,max,balanced,cached_mxbai,18,1782201048.5507433,,,
3247,0,svm,max,balanced,cached_mxbai,19,1782201048.5998526,,,
1230,0,svm,max,balanced,cached_mxbai,20,1782201048.6498928,,,
7547,1,svm,max,balanced,cached_mxbai,21,1782201048.6989586,,,
7548,1,svm,max,balanced,cached_mxbai,22,1782201048.7499707,,,
7352,1,svm,max,balanced,cached_mxbai,23,1782201048.8014407,,,
10454,0,svm,max,balanced,cached_mxbai,24,1782201048.852052,,,
9589,0,svm,max,balanced,cached_mxbai,25,1782201048.9037635,,,
1621,1,svm,max,balanced,cached_mxbai,26,1782201048.9550936,,,
7914,1,svm,max,balanced,cached_mxbai,27,1782201049.005741,,,
1245,0,svm,max,balanced,cached_mxbai,28,1782201049.0565395,,,
7479,0,svm,max,balanced,cached_mxbai,29,1782201049.1078405,,,
6481,0,svm,max,balanced,cached_mxbai,30,1782201049.1578975,,,
6884,0,svm,max,balanced,cached_mxbai,31,1782201049.2081645,,,
9344,1,svm,max,balanced,cached_mxbai,32,1782201049.2576158,,,
10220,1,svm,max,balanced,cached_mxbai,33,1782201049.3078582,,,
5656,1,svm,max,balanced,cached_mxbai,34,1782201049.3579292,,,
9004,1,svm,max,balanced,cached_mxbai,35,1782201049.40803,,,
6767,0,svm,max,balanced,cached_mxbai,36,1782201049.457917,,,
1802,1,svm,max,balanced,cached_mxbai,37,1782201049.508068,,,
5976,0,svm,max,balanced,cached_mxbai,38,1782201049.5582297,,,
9380,0,svm,max,balanced,cached_mxbai,39,1782201049.6099608,,,
6050,0,svm,max,balanced,cached_mxbai,40,1782201049.661676,,,
8434,1,svm,max,balanced,cached_mxbai,41,1782201049.713229,,,
3820,1,svm,max,balanced,cached_mxbai,42,1782201049.7638822,,,
1833,1,svm,max,balanced,cached_mxbai,43,1782201049.8140934,,,
8843,0,svm,max,balanced,cached_mxbai,44,1782201049.8657627,,,
882,0,svm,max,balanced,cached_mxbai,45,1782201049.9173737,,,
6902,1,svm,max,balanced,cached_mxbai,46,1782201049.9681494,,,
6904,1,svm,max,balanced,cached_mxbai,47,1782201050.0191677,,,
8412,1,svm,max,balanced,cached_mxbai,48,1782201050.0708117,,,
8378,0,svm,max,balanced,cached_mxbai,49,1782201050.1235433,,,
10015,1,svm,max,balanced,cached_mxbai,50,1782201050.175836,,,
2011,0,svm,max,balanced,cached_mxbai,51,1782201050.22895,,,
7373,1,svm,max,balanced,cached_mxbai,52,1782201050.2829165,,,
8719,1,svm,max,balanced,cached_mxbai,53,1782201050.3343377,,,
4083,0,svm,max,balanced,cached_mxbai,54,1782201050.387078,,,
7598,0,svm,max,balanced,cached_mxbai,55,1782201050.4389012,,,
6637,1,svm,max,balanced,cached_mxbai,56,1782201050.4901335,,,
8718,0,svm,max,balanced,cached_mxbai,57,1782201050.5410378,,,
5972,0,svm,max,balanced,cached_mxbai,58,1782201050.5932155,,,
7904,1,svm,max,balanced,cached_mxbai,59,1782201050.645282,,,
8594,1,svm,max,balanced,cached_mxbai,60,1782201050.6969464,,,
8295,0,svm,max,balanced,cached_mxbai,61,1782201050.7475512,,,
6419,1,svm,max,balanced,cached_mxbai,62,1782201050.8008301,,,
7179,0,svm,max,balanced,cached_mxbai,63,1782201050.8518322,,,
5647,1,svm,max,balanced,cached_mxbai,64,1782201050.9045355,,,
6197,0,svm,max,balanced,cached_mxbai,65,1782201050.9568758,,,
10026,0,svm,max,balanced,cached_mxbai,66,1782201051.0093262,,,
1159,1,svm,max,balanced,cached_mxbai,67,1782201051.0605805,,,
5115,0,svm,max,balanced,cached_mxbai,68,1782201051.111993,,,
649,0,svm,max,balanced,cached_mxbai,69,1782201051.1632946,,,
1428,0,svm,max,balanced,cached_mxbai,70,1782201051.214673,,,
7368,0,svm,max,balanced,cached_mxbai,71,1782201051.2657824,,,
8552,0,svm,max,balanced,cached_mxbai,72,1782201051.3171656,,,
9527,1,svm,max,balanced,cached_mxbai,73,1782201051.3685863,,,
9787,1,svm,max,balanced,cached_mxbai,74,1782201051.4199595,,,
2751,0,svm,max,balanced,cached_mxbai,75,1782201051.4713392,,,
7412,0,svm,max,balanced,cached_mxbai,76,1782201051.5232286,,,
9498,1,svm,max,balanced,cached_mxbai,77,1782201051.5744593,,,
8087,1,svm,max,balanced,cached_mxbai,78,1782201051.628693,,,
10029,0,svm,max,balanced,cached_mxbai,79,1782201051.6829555,,,
9360,0,svm,max,balanced,cached_mxbai,80,1782201051.7369947,,,
5749,1,svm,max,balanced,cached_mxbai,81,1782201051.792719,,,
3931,1,svm,max,balanced,cached_mxbai,82,1782201051.8487508,,,
5353,1,svm,max,balanced,cached_mxbai,83,1782201051.9040074,,,
5301,1,svm,max,balanced,cached_mxbai,84,1782201051.9578643,,,
5333,0,svm,max,balanced,cached_mxbai,85,1782201052.0115747,,,
7928,0,svm,max,balanced,cached_mxbai,86,1782201052.064356,,,
10447,1,svm,max,balanced,cached_mxbai,87,1782201052.1185217,,,
3590,0,svm,max,balanced,cached_mxbai,88,1782201052.17128,,,
3692,0,svm,max,balanced,cached_mxbai,89,1782201052.2253203,,,
5646,1,svm,max,balanced,cached_mxbai,90,1782201052.279424,,,
5369,1,svm,max,balanced,cached_mxbai,91,1782201052.33232,,,
10523,1,svm,max,balanced,cached_mxbai,92,1782201052.3856761,,,
10456,0,svm,max,balanced,cached_mxbai,93,1782201052.438996,,,
5750,0,svm,max,balanced,cached_mxbai,94,1782201052.4920046,,,
8775,0,svm,max,balanced,cached_mxbai,95,1782201052.5456486,,,
9891,0,svm,max,balanced,cached_mxbai,96,1782201052.5995336,,,
4456,0,svm,max,balanced,cached_mxbai,97,1782201052.6543207,,,
1272,0,svm,max,balanced,cached_mxbai,98,1782201052.7091496,,,
8537,1,svm,max,balanced,cached_mxbai,99,1782201052.7629278,,,
9959,1,svm,max,balanced,cached_mxbai,100,1782201052.8182654,,,
8535,1,svm,max,balanced,cached_mxbai,101,1782201052.8735194,,,
5298,1,svm,max,balanced,cached_mxbai,102,1782201052.9277823,,,
5297,0,svm,max,balanced,cached_mxbai,103,1782201052.9820378,,,
5302,1,svm,max,balanced,cached_mxbai,104,1782201053.038208,,,
831,1,svm,max,balanced,cached_mxbai,105,1782201053.092614,,,
839,0,svm,max,balanced,cached_mxbai,106,1782201053.1467488,,,
10053,0,svm,max,balanced,cached_mxbai,107,1782201053.2025769,,,
8163,1,svm,max,balanced,cached_mxbai,108,1782201053.2569356,,,
1674,0,svm,max,balanced,cached_mxbai,109,1782201053.3125534,,,
6673,1,svm,max,balanced,cached_mxbai,110,1782201053.36893,,,
8649,1,svm,max,balanced,cached_mxbai,111,1782201053.4238708,,,
7863,1,svm,max,balanced,cached_mxbai,112,1782201053.4785733,,,
6053,1,svm,max,balanced,cached_mxbai,113,1782201053.5331492,,,
1747,1,svm,max,balanced,cached_mxbai,114,1782201053.5877786,,,
1748,0,svm,max,balanced,cached_mxbai,115,1782201053.6437676,,,
5739,1,svm,max,balanced,cached_mxbai,116,1782201053.6996675,,,
5081,0,svm,max,balanced,cached_mxbai,117,1782201053.755113,,,
982,0,svm,max,balanced,cached_mxbai,118,1782201053.810177,,,
8094,1,svm,max,balanced,cached_mxbai,119,1782201053.865935,,,
9658,0,svm,max,balanced,cached_mxbai,120,1782201053.921397,,,
9685,1,svm,max,balanced,cached_mxbai,121,1782201053.976216,,,
6376,0,svm,max,balanced,cached_mxbai,122,1782201054.0315723,,,
3190,0,svm,max,balanced,cached_mxbai,123,1782201054.086258,,,
9142,0,svm,max,balanced,cached_mxbai,124,1782201054.1410177,,,
2294,0,svm,max,balanced,cached_mxbai,125,1782201054.1963136,,,
1675,1,svm,max,balanced,cached_mxbai,126,1782201054.250999,,,
845,0,svm,max,balanced,cached_mxbai,127,1782201054.3057253,,,
9740,0,svm,max,balanced,cached_mxbai,128,1782201054.3607337,,,
521,0,svm,max,balanced,cached_mxbai,129,1782201054.4174054,,,
4457,0,svm,max,balanced,cached_mxbai,130,1782201054.472534,,,
6628,0,svm,max,balanced,cached_mxbai,131,1782201054.5293958,,,
4591,0,svm,max,balanced,cached_mxbai,132,1782201054.5846255,,,
3019,1,svm,max,balanced,cached_mxbai,133,1782201054.6406174,,,
4452,0,svm,max,balanced,cached_mxbai,134,1782201054.6967711,,,
10035,0,svm,max,balanced,cached_mxbai,135,1782201054.7550745,,,
10512,1,svm,max,balanced,cached_mxbai,136,1782201054.8121312,,,
7333,1,svm,max,balanced,cached_mxbai,137,1782201054.8688157,,,
7413,1,svm,max,balanced,cached_mxbai,138,1782201054.926154,,,
7877,1,svm,max,balanced,cached_mxbai,139,1782201054.9823372,,,
1728,1,svm,max,balanced,cached_mxbai,140,1782201055.0409882,,,
8503,1,svm,max,balanced,cached_mxbai,141,1782201055.09772,,,
1028,0,svm,max,balanced,cached_mxbai,142,1782201055.153264,,,
5670,0,svm,max,balanced,cached_mxbai,143,1782201055.209363,,,
10147,1,svm,max,balanced,cached_mxbai,144,1782201055.2836442,,,
1726,1,svm,max,balanced,cached_mxbai,145,1782201055.3658862,,,
5888,1,svm,max,balanced,cached_mxbai,146,1782201055.4215577,,,
7724,1,svm,max,balanced,cached_mxbai,147,1782201055.4801774,,,
8807,0,svm,max,balanced,cached_mxbai,148,1782201055.5402596,,,
8620,0,svm,max,balanced,cached_mxbai,149,1782201055.599096,,,
5782,0,svm,max,balanced,cached_mxbai,150,1782201055.6580436,,,
1311,0,svm,max,balanced,cached_mxbai,151,1782201055.7154882,,,
662,0,svm,max,balanced,cached_mxbai,152,1782201055.7733965,,,
4547,0,svm,max,balanced,cached_mxbai,153,1782201055.8328,,,
4534,0,svm,max,balanced,cached_mxbai,154,1782201055.8914907,,,
1002,1,svm,max,balanced,cached_mxbai,155,1782201055.947528,,,
5715,0,svm,max,balanced,cached_mxbai,156,1782201056.0049102,,,
4549,0,svm,max,balanced,cached_mxbai,157,1782201056.0633755,,,
10324,0,svm,max,balanced,cached_mxbai,158,1782201056.1210568,,,
1110,0,svm,max,balanced,cached_mxbai,159,1782201056.1781769,,,
7153,1,svm,max,balanced,cached_mxbai,160,1782201056.236945,,,
7655,1,svm,max,balanced,cached_mxbai,161,1782201056.2954752,,,
9686,1,svm,max,balanced,cached_mxbai,162,1782201056.3532968,,,
8314,1,svm,max,balanced,cached_mxbai,163,1782201056.4129546,,,
8656,0,svm,max,balanced,cached_mxbai,164,1782201056.47093,,,
9077,0,svm,max,balanced,cached_mxbai,165,1782201056.5296254,,,
5082,0,svm,max,balanced,cached_mxbai,166,1782201056.5859416,,,
4558,0,svm,max,balanced,cached_mxbai,167,1782201056.641343,,,
9720,0,svm,max,balanced,cached_mxbai,168,1782201056.6971526,,,
989,0,svm,max,balanced,cached_mxbai,169,1782201056.7530875,,,
6174,0,svm,max,balanced,cached_mxbai,170,1782201056.8116086,,,
4455,0,svm,max,balanced,cached_mxbai,171,1782201056.8674579,,,
10051,0,svm,max,balanced,cached_mxbai,172,1782201056.923687,,,
3451,1,svm,max,balanced,cached_mxbai,173,1782201056.9808238,,,
6627,0,svm,max,balanced,cached_mxbai,174,1782201057.0385818,,,
8306,1,svm,max,balanced,cached_mxbai,175,1782201057.0958455,,,
9750,1,svm,max,balanced,cached_mxbai,176,1782201057.1526635,,,
9525,0,svm,max,balanced,cached_mxbai,177,1782201057.209038,,,
8401,0,svm,max,balanced,cached_mxbai,178,1782201057.2656298,,,
1676,0,svm,max,balanced,cached_mxbai,179,1782201057.32223,,,
1488,0,svm,max,balanced,cached_mxbai,180,1782201057.3788848,,,
8247,1,svm,max,balanced,cached_mxbai,181,1782201057.434607,,,
3021,0,svm,max,balanced,cached_mxbai,182,1782201057.491033,,,
4751,0,svm,max,balanced,cached_mxbai,183,1782201057.548137,,,
9170,1,svm,max,balanced,cached_mxbai,184,1782201057.6051886,,,
8505,0,svm,max,balanced,cached_mxbai,185,1782201057.6627085,,,
9107,0,svm,max,balanced,cached_mxbai,186,1782201057.72184,,,
5714,1,svm,max,balanced,cached_mxbai,187,1782201057.7800822,,,
6111,0,svm,max,balanced,cached_mxbai,188,1782201057.839111,,,
9325,1,svm,max,balanced,cached_mxbai,189,1782201057.8988688,,,
7878,0,svm,max,balanced,cached_mxbai,190,1782201057.95663,,,
8801,0,svm,max,balanced,cached_mxbai,191,1782201058.0154965,,,
6783,0,svm,max,balanced,cached_mxbai,192,1782201058.073625,,,
7561,0,svm,max,balanced,cached_mxbai,193,1782201058.1305208,,,
9346,1,svm,max,balanced,cached_mxbai,194,1782201058.1884289,,,
4508,0,svm,max,balanced,cached_mxbai,195,1782201058.2459283,,,
5059,0,svm,max,balanced,cached_mxbai,196,1782201058.3029082,,,
4448,0,svm,max,balanced,cached_mxbai,197,1782201058.3601394,,,
7340,0,svm,max,balanced,cached_mxbai,198,1782201058.417377,,,
4464,1,svm,max,balanced,cached_mxbai,199,1782201058.4744618,,,
6268,0,svm,max,balanced,cached_mxbai,200,1782201058.5327747,,,
3077,0,svm,max,balanced,cached_mxbai,201,1782201058.5942075,,,
6479,0,svm,max,balanced,cached_mxbai,202,1782201058.6519227,,,
10062,0,svm,max,balanced,cached_mxbai,203,1782201058.711252,,,
5724,1,svm,max,balanced,cached_mxbai,204,1782201058.769143,,,
4283,0,svm,max,balanced,cached_mxbai,205,1782201058.8278506,,,
5299,0,svm,max,balanced,cached_mxbai,206,1782201058.8865893,,,
4718,0,svm,max,balanced,cached_mxbai,207,1782201058.9439538,,,
4950,0,svm,max,balanced,cached_mxbai,208,1782201059.0021381,,,
6257,0,svm,max,balanced,cached_mxbai,209,1782201059.059639,,,
10037,0,svm,max,balanced,cached_mxbai,210,1782201059.11772,,,
8442,0,svm,max,balanced,cached_mxbai,211,1782201059.175237,,,
7176,0,svm,max,balanced,cached_mxbai,212,1782201059.2352967,,,
8730,0,svm,max,balanced,cached_mxbai,213,1782201059.2942476,,,
6617,0,svm,max,balanced,cached_mxbai,214,1782201059.3530636,,,
1786,0,svm,max,balanced,cached_mxbai,215,1782201059.413234,,,
5296,0,svm,max,balanced,cached_mxbai,216,1782201059.4725258,,,
8047,1,svm,max,balanced,cached_mxbai,217,1782201059.5326278,,,
8815,1,svm,max,balanced,cached_mxbai,218,1782201059.590888,,,
9944,0,svm,max,balanced,cached_mxbai,219,1782201059.650891,,,
8460,0,svm,max,balanced,cached_mxbai,220,1782201059.7113342,,,
6520,0,svm,max,balanced,cached_mxbai,221,1782201059.7710564,,,
8926,0,svm,max,balanced,cached_mxbai,222,1782201059.830994,,,
681,0,svm,max,balanced,cached_mxbai,223,1782201059.8907814,,,
4345,0,svm,max,balanced,cached_mxbai,224,1782201059.9499786,,,
3489,0,svm,max,balanced,cached_mxbai,225,1782201060.0087602,,,
5565,0,svm,max,balanced,cached_mxbai,226,1782201060.0665464,,,
7754,0,svm,max,balanced,cached_mxbai,227,1782201060.125781,,,
6632,1,svm,max,balanced,cached_mxbai,228,1782201060.183992,,,
6630,0,svm,max,balanced,cached_mxbai,229,1782201060.2425842,,,
1645,1,svm,max,balanced,cached_mxbai,230,1782201060.302117,,,
4468,0,svm,max,balanced,cached_mxbai,231,1782201060.3609562,,,
5986,1,svm,max,balanced,cached_mxbai,232,1782201060.4202552,,,
4460,0,svm,max,balanced,cached_mxbai,233,1782201060.4796216,,,
6227,0,svm,max,balanced,cached_mxbai,234,1782201060.5395238,,,
9835,0,svm,max,balanced,cached_mxbai,235,1782201060.5988612,,,
4326,0,svm,max,balanced,cached_mxbai,236,1782201060.6591744,,,
543,0,svm,max,balanced,cached_mxbai,237,1782201060.7220993,,,
6098,0,svm,max,balanced,cached_mxbai,238,1782201060.7842486,,,
4423,0,svm,max,balanced,cached_mxbai,239,1782201060.847141,,,
9462,0,svm,max,balanced,cached_mxbai,240,1782201060.9085515,,,
10028,1,svm,max,balanced,cached_mxbai,241,1782201060.970176,,,
9027,0,svm,max,balanced,cached_mxbai,242,1782201061.032161,,,
5985,0,svm,max,balanced,cached_mxbai,243,1782201061.093193,,,
5322,0,svm,max,balanced,cached_mxbai,244,1782201061.1539857,,,
5948,0,svm,max,balanced,cached_mxbai,245,1782201061.2149782,,,
7278,0,svm,max,balanced,cached_mxbai,246,1782201061.2746348,,,
5141,0,svm,max,balanced,cached_mxbai,247,1782201061.3361008,,,
4450,0,svm,max,balanced,cached_mxbai,248,1782201061.3956008,,,
8787,0,svm,max,balanced,cached_mxbai,249,1782201061.4543643,,,
4752,0,svm,max,balanced,cached_mxbai,250,1782201061.5135155,,,
4986,0,svm,max,balanced,cached_mxbai,251,1782201061.5731022,,,
3102,0,svm,max,balanced,cached_mxbai,252,1782201061.6325908,,,
3135,0,svm,max,balanced,cached_mxbai,253,1782201061.6933496,,,
5492,0,svm,max,balanced,cached_mxbai,254,1782201061.7531633,,,
10563,1,svm,max,balanced,cached_mxbai,255,1782201061.8130238,,,
1038,0,svm,max,balanced,cached_mxbai,256,1782201061.874019,,,
5865,0,svm,max,balanced,cached_mxbai,257,1782201061.9344153,,,
4666,0,svm,max,balanced,cached_mxbai,258,1782201061.9950523,,,
5624,0,svm,max,balanced,cached_mxbai,259,1782201062.0554008,,,
4425,0,svm,max,balanced,cached_mxbai,260,1782201062.115533,,,
6508,0,svm,max,balanced,cached_mxbai,261,1782201062.1775765,,,
4592,0,svm,max,balanced,cached_mxbai,262,1782201062.2405653,,,
3464,0,svm,max,balanced,cached_mxbai,263,1782201062.3018107,,,
1552,0,svm,max,balanced,cached_mxbai,264,1782201062.3650646,,,
1271,0,svm,max,balanced,cached_mxbai,265,1782201062.4265654,,,
6665,0,svm,max,balanced,cached_mxbai,266,1782201062.4886863,,,
4786,0,svm,max,balanced,cached_mxbai,267,1782201062.5492544,,,
1649,0,svm,max,balanced,cached_mxbai,268,1782201062.610242,,,
5071,0,svm,max,balanced,cached_mxbai,269,1782201062.6706316,,,
4504,0,svm,max,balanced,cached_mxbai,270,1782201062.7325037,,,
3509,0,svm,max,balanced,cached_mxbai,271,1782201062.7927954,,,
10590,0,svm,max,balanced,cached_mxbai,272,1782201062.8546038,,,
8561,0,svm,max,balanced,cached_mxbai,273,1782201062.9174402,,,
1554,0,svm,max,balanced,cached_mxbai,274,1782201062.9778225,,,
6874,0,svm,max,balanced,cached_mxbai,275,1782201063.039144,,,
9758,0,svm,max,balanced,cached_mxbai,276,1782201063.1042817,,,
7942,0,svm,max,balanced,cached_mxbai,277,1782201063.1688604,,,
1729,0,svm,max,balanced,cached_mxbai,278,1782201063.2324069,,,
9168,0,svm,max,balanced,cached_mxbai,279,1782201063.2951906,,,
7711,0,svm,max,balanced,cached_mxbai,280,1782201063.3577096,,,
6480,0,svm,max,balanced,cached_mxbai,281,1782201063.4207332,,,
6018,0,svm,max,balanced,cached_mxbai,282,1782201063.4833891,,,
4210,0,svm,max,balanced,cached_mxbai,283,1782201063.5474076,,,
6158,0,svm,max,balanced,cached_mxbai,284,1782201063.6108787,,,
5305,0,svm,max,balanced,cached_mxbai,285,1782201063.6748433,,,
5606,0,svm,max,balanced,cached_mxbai,286,1782201063.7392092,,,
5560,0,svm,max,balanced,cached_mxbai,287,1782201063.8045344,,,
6624,0,svm,max,balanced,cached_mxbai,288,1782201063.8701868,,,
657,0,svm,max,balanced,cached_mxbai,289,1782201063.936125,,,
10101,0,svm,max,balanced,cached_mxbai,290,1782201064.0003533,,,
5085,0,svm,max,balanced,cached_mxbai,291,1782201064.0645318,,,
8691,0,svm,max,balanced,cached_mxbai,292,1782201064.1302667,,,
10502,0,svm,max,balanced,cached_mxbai,293,1782201064.1942868,,,
9468,0,svm,max,balanced,cached_mxbai,294,1782201064.257937,,,
4529,0,svm,max,balanced,cached_mxbai,295,1782201064.322092,,,
1081,0,svm,max,balanced,cached_mxbai,296,1782201064.3856258,,,
2681,0,svm,max,balanced,cached_mxbai,297,1782201064.4494333,,,
3372,0,svm,max,balanced,cached_mxbai,298,1782201064.5127585,,,
6716,0,svm,max,balanced,cached_mxbai,299,1782201064.5767229,,,
4338,0,svm,max,balanced,cached_mxbai,300,1782201064.6414378,,,
9892,0,svm,max,balanced,cached_mxbai,301,1782201064.7054744,,,
9989,1,svm,max,balanced,cached_mxbai,302,1782201064.770807,,,
4971,0,svm,max,balanced,cached_mxbai,303,1782201064.8357644,,,
3908,0,svm,max,balanced,cached_mxbai,304,1782201064.9032967,,,
7288,0,svm,max,balanced,cached_mxbai,305,1782201064.9693258,,,
1232,0,svm,max,balanced,cached_mxbai,306,1782201065.0504673,,,
7905,0,svm,max,balanced,cached_mxbai,307,1782201065.115626,,,
7172,0,svm,max,balanced,cached_mxbai,308,1782201065.181995,,,
5293,0,svm,max,balanced,cached_mxbai,309,1782201065.256446,,,
8643,0,svm,max,balanced,cached_mxbai,310,1782201065.3418868,,,
5368,1,svm,max,balanced,cached_mxbai,311,1782201065.4106266,,,
2958,0,svm,max,balanced,cached_mxbai,312,1782201065.4752083,,,
7299,0,svm,max,balanced,cached_mxbai,313,1782201065.542583,,,
589,0,svm,max,balanced,cached_mxbai,314,1782201065.6110337,,,
8366,0,svm,max,balanced,cached_mxbai,315,1782201065.6809664,,,
7200,0,svm,max,balanced,cached_mxbai,316,1782201065.7505987,,,
6633,0,svm,max,balanced,cached_mxbai,317,1782201065.8193667,,,
4548,0,svm,max,balanced,cached_mxbai,318,1782201065.887564,,,
5209,0,svm,max,balanced,cached_mxbai,319,1782201065.9560497,,,
4887,0,svm,max,balanced,cached_mxbai,320,1782201066.0235937,,,
1819,0,svm,max,balanced,cached_mxbai,321,1782201066.0902894,,,
4461,0,svm,max,balanced,cached_mxbai,322,1782201066.1570396,,,
1491,0,svm,max,balanced,cached_mxbai,323,1782201066.2237866,,,
7012,0,svm,max,balanced,cached_mxbai,324,1782201066.289602,,,
9025,0,svm,max,balanced,cached_mxbai,325,1782201066.3566864,,,
6921,0,svm,max,balanced,cached_mxbai,326,1782201066.4226763,,,
7686,0,svm,max,balanced,cached_mxbai,327,1782201066.4898975,,,
2800,0,svm,max,balanced,cached_mxbai,328,1782201066.5565643,,,
7851,0,svm,max,balanced,cached_mxbai,329,1782201066.6245816,,,
4293,0,svm,max,balanced,cached_mxbai,330,1782201066.6916442,,,
4465,0,svm,max,balanced,cached_mxbai,331,1782201066.7602296,,,
4466,0,svm,max,balanced,cached_mxbai,332,1782201066.8286562,,,
3176,0,svm,max,balanced,cached_mxbai,333,1782201066.8989909,,,
4413,0,svm,max,balanced,cached_mxbai,334,1782201066.96532,,,
6496,0,svm,max,balanced,cached_mxbai,335,1782201067.0335379,,,
8117,0,svm,max,balanced,cached_mxbai,336,1782201067.101251,,,
9774,0,svm,max,balanced,cached_mxbai,337,1782201067.1694396,,,
8971,0,svm,max,balanced,cached_mxbai,338,1782201067.2368894,,,
4643,0,svm,max,balanced,cached_mxbai,339,1782201067.3050768,,,
1005,0,svm,max,balanced,cached_mxbai,340,1782201067.373034,,,
5586,0,svm,max,balanced,cached_mxbai,341,1782201067.441285,,,
4436,0,svm,max,balanced,cached_mxbai,342,1782201067.5098221,,,
4467,0,svm,max,balanced,cached_mxbai,343,1782201067.5774708,,,
1083,0,svm,max,balanced,cached_mxbai,344,1782201067.6450222,,,
5306,0,svm,max,balanced,cached_mxbai,345,1782201067.7130334,,,
8651,0,svm,max,balanced,cached_mxbai,346,1782201067.7808635,,,
1810,0,svm,max,balanced,cached_mxbai,347,1782201067.849624,,,
4055,0,svm,max,balanced,cached_mxbai,348,1782201067.9209805,,,
7790,0,svm,max,balanced,cached_mxbai,349,1782201067.9885874,,,
5561,0,svm,max,balanced,cached_mxbai,350,1782201068.056701,,,
2489,0,svm,max,balanced,cached_mxbai,351,1782201068.124984,,,
220,0,svm,max,balanced,cached_mxbai,352,1782201068.1929984,,,
8532,0,svm,max,balanced,cached_mxbai,353,1782201068.2624404,,,
4406,0,svm,max,balanced,cached_mxbai,354,1782201068.3311772,,,
4748,0,svm,max,balanced,cached_mxbai,355,1782201068.4015908,,,
1047,1,svm,max,balanced,cached_mxbai,356,1782201068.4709237,,,
725,0,svm,max,balanced,cached_mxbai,357,1782201068.5398958,,,
7184,0,svm,max,balanced,cached_mxbai,358,1782201068.6081657,,,
8334,0,svm,max,balanced,cached_mxbai,359,1782201068.6766057,,,
5967,1,svm,max,balanced,cached_mxbai,360,1782201068.7463846,,,
9805,0,svm,max,balanced,cached_mxbai,361,1782201068.816185,,,
6781,1,svm,max,balanced,cached_mxbai,362,1782201068.8898647,,,
6782,0,svm,max,balanced,cached_mxbai,363,1782201068.9587777,,,
9770,1,svm,max,balanced,cached_mxbai,364,1782201069.0298228,,,
8188,0,svm,max,balanced,cached_mxbai,365,1782201069.0997283,,,
6448,0,svm,max,balanced,cached_mxbai,366,1782201069.169977,,,
9255,0,svm,max,balanced,cached_mxbai,367,1782201069.239018,,,
1004,0,svm,max,balanced,cached_mxbai,368,1782201069.3087623,,,
3343,0,svm,max,balanced,cached_mxbai,369,1782201069.3792856,,,
1145,0,svm,max,balanced,cached_mxbai,370,1782201069.4499886,,,
9430,0,svm,max,balanced,cached_mxbai,371,1782201069.5192761,,,
1817,0,svm,max,balanced,cached_mxbai,372,1782201069.5899072,,,
5257,0,svm,max,balanced,cached_mxbai,373,1782201069.6586277,,,
1906,0,svm,max,balanced,cached_mxbai,374,1782201069.7300029,,,
1424,0,svm,max,balanced,cached_mxbai,375,1782201069.8012338,,,
8145,0,svm,max,balanced,cached_mxbai,376,1782201069.8740258,,,
4973,0,svm,max,balanced,cached_mxbai,377,1782201069.9452183,,,
8806,1,svm,max,balanced,cached_mxbai,378,1782201070.015424,,,
5792,0,svm,max,balanced,cached_mxbai,379,1782201070.0852072,,,
4029,0,svm,max,balanced,cached_mxbai,380,1782201070.1563156,,,
9684,0,svm,max,balanced,cached_mxbai,381,1782201070.2271035,,,
3768,0,svm,max,balanced,cached_mxbai,382,1782201070.2989953,,,
7215,0,svm,max,balanced,cached_mxbai,383,1782201070.374506,,,
8375,0,svm,max,balanced,cached_mxbai,384,1782201070.4465823,,,
4743,0,svm,max,balanced,cached_mxbai,385,1782201070.5163133,,,
3718,0,svm,max,balanced,cached_mxbai,386,1782201070.5870824,,,
5210,0,svm,max,balanced,cached_mxbai,387,1782201070.6564305,,,
7147,0,svm,max,balanced,cached_mxbai,388,1782201070.7270026,,,
6377,0,svm,max,balanced,cached_mxbai,389,1782201070.8000638,,,
8465,0,svm,max,balanced,cached_mxbai,390,1782201070.872269,,,
4308,0,svm,max,balanced,cached_mxbai,391,1782201070.9464471,,,
6926,0,svm,max,balanced,cached_mxbai,392,1782201071.0173142,,,
4965,0,svm,max,balanced,cached_mxbai,393,1782201071.0883305,,,
4077,0,svm,max,balanced,cached_mxbai,394,1782201071.158766,,,
183,0,svm,max,balanced,cached_mxbai,395,1782201071.2299054,,,
3145,1,svm,max,balanced,cached_mxbai,396,1782201071.3015735,,,
6779,1,svm,max,balanced,cached_mxbai,397,1782201071.3722255,,,
3891,0,svm,max,balanced,cached_mxbai,398,1782201071.4428136,,,
3144,0,svm,max,balanced,cached_mxbai,399,1782201071.5141249,,,
99,0,svm,max,balanced,cached_mxbai,400,1782201071.5880625,,,
9204,0,svm,max,balanced,cached_mxbai,401,1782201071.6621075,,,
4036,0,svm,max,balanced,cached_mxbai,402,1782201071.7345328,,,
6519,0,svm,max,balanced,cached_mxbai,403,1782201071.8092403,,,
7017,0,svm,max,balanced,cached_mxbai,404,1782201071.8814871,,,
3027,0,svm,max,balanced,cached_mxbai,405,1782201071.9555545,,,
4738,0,svm,max,balanced,cached_mxbai,406,1782201072.0275073,,,
3389,0,svm,max,balanced,cached_mxbai,407,1782201072.0999417,,,
958,0,svm,max,balanced,cached_mxbai,408,1782201072.1702209,,,
8485,0,svm,max,balanced,cached_mxbai,409,1782201072.2422216,,,
5769,0,svm,max,balanced,cached_mxbai,410,1782201072.3130827,,,
1001,0,svm,max,balanced,cached_mxbai,411,1782201072.3842297,,,
4628,0,svm,max,balanced,cached_mxbai,412,1782201072.454944,,,
3568,0,svm,max,balanced,cached_mxbai,413,1782201072.5264618,,,
6258,1,svm,max,balanced,cached_mxbai,414,1782201072.5988574,,,
1228,0,svm,max,balanced,cached_mxbai,415,1782201072.670982,,,
10146,0,svm,max,balanced,cached_mxbai,416,1782201072.7443516,,,
4688,0,svm,max,balanced,cached_mxbai,417,1782201072.8166845,,,
1191,0,svm,max,balanced,cached_mxbai,418,1782201072.8884902,,,
10016,1,svm,max,balanced,cached_mxbai,419,1782201072.9632146,,,
4885,0,svm,max,balanced,cached_mxbai,420,1782201073.0370548,,,
3804,0,svm,max,balanced,cached_mxbai,421,1782201073.1120446,,,
1489,0,svm,max,balanced,cached_mxbai,422,1782201073.185149,,,
6640,0,svm,max,balanced,cached_mxbai,423,1782201073.25987,,,
3963,0,svm,max,balanced,cached_mxbai,424,1782201073.3327708,,,
4064,0,svm,max,balanced,cached_mxbai,425,1782201073.409464,,,
4353,0,svm,max,balanced,cached_mxbai,426,1782201073.483334,,,
8887,0,svm,max,balanced,cached_mxbai,427,1782201073.5583286,,,
7435,0,svm,max,balanced,cached_mxbai,428,1782201073.6320252,,,
7678,0,svm,max,balanced,cached_mxbai,429,1782201073.7078288,,,
8395,0,svm,max,balanced,cached_mxbai,430,1782201073.7805214,,,
6464,0,svm,max,balanced,cached_mxbai,431,1782201073.857305,,,
6916,0,svm,max,balanced,cached_mxbai,432,1782201073.9324608,,,
4531,0,svm,max,balanced,cached_mxbai,433,1782201074.0065107,,,
3433,0,svm,max,balanced,cached_mxbai,434,1782201074.0809712,,,
3459,0,svm,max,balanced,cached_mxbai,435,1782201074.153169,,,
4785,0,svm,max,balanced,cached_mxbai,436,1782201074.2275183,,,
5176,0,svm,max,balanced,cached_mxbai,437,1782201074.300242,,,
558,0,svm,max,balanced,cached_mxbai,438,1782201074.3755066,,,
7943,0,svm,max,balanced,cached_mxbai,439,1782201074.450113,,,
1061,0,svm,max,balanced,cached_mxbai,440,1782201074.5231605,,,
2705,0,svm,max,balanced,cached_mxbai,441,1782201074.5974605,,,
3961,0,svm,max,balanced,cached_mxbai,442,1782201074.6702583,,,
4778,0,svm,max,balanced,cached_mxbai,443,1782201074.7451105,,,
3576,0,svm,max,balanced,cached_mxbai,444,1782201074.820958,,,
4487,0,svm,max,balanced,cached_mxbai,445,1782201074.896179,,,
9552,0,svm,max,balanced,cached_mxbai,446,1782201074.9714024,,,
10209,0,svm,max,balanced,cached_mxbai,447,1782201075.0519392,,,
4451,0,svm,max,balanced,cached_mxbai,448,1782201075.1272984,,,
1599,0,svm,max,balanced,cached_mxbai,449,1782201075.206175,,,
5975,0,svm,max,balanced,cached_mxbai,450,1782201075.3231416,,,
8714,0,svm,max,balanced,cached_mxbai,451,1782201075.4129975,,,
5563,0,svm,max,balanced,cached_mxbai,452,1782201075.48906,,,
1708,0,svm,max,balanced,cached_mxbai,453,1782201075.5644662,,,
4881,0,svm,max,balanced,cached_mxbai,454,1782201075.6453643,,,
7140,0,svm,max,balanced,cached_mxbai,455,1782201075.7286417,,,
7784,0,svm,max,balanced,cached_mxbai,456,1782201075.8140116,,,
3065,0,svm,max,balanced,cached_mxbai,457,1782201075.8987036,,,
9702,0,svm,max,balanced,cached_mxbai,458,1782201075.974648,,,
5414,0,svm,max,balanced,cached_mxbai,459,1782201076.051389,,,
3243,0,svm,max,balanced,cached_mxbai,460,1782201076.128416,,,
4557,0,svm,max,balanced,cached_mxbai,461,1782201076.20426,,,
5521,0,svm,max,balanced,cached_mxbai,462,1782201076.2806592,,,
6891,0,svm,max,balanced,cached_mxbai,463,1782201076.357741,,,
7421,0,svm,max,balanced,cached_mxbai,464,1782201076.4338048,,,
6100,0,svm,max,balanced,cached_mxbai,465,1782201076.5104017,,,
9600,0,svm,max,balanced,cached_mxbai,466,1782201076.5861456,,,
4805,0,svm,max,balanced,cached_mxbai,467,1782201076.6640978,,,
5193,0,svm,max,balanced,cached_mxbai,468,1782201076.74114,,,
6881,1,svm,max,balanced,cached_mxbai,469,1782201076.817322,,,
3679,0,svm,max,balanced,cached_mxbai,470,1782201076.8970134,,,
8422,1,svm,max,balanced,cached_mxbai,471,1782201076.9757905,,,
7896,0,svm,max,balanced,cached_mxbai,472,1782201077.0533915,,,
3775,0,svm,max,balanced,cached_mxbai,473,1782201077.1303284,,,
6738,0,svm,max,balanced,cached_mxbai,474,1782201077.2079163,,,
10052,0,svm,max,balanced,cached_mxbai,475,1782201077.2846434,,,
7392,0,svm,max,balanced,cached_mxbai,476,1782201077.3609705,,,
4396,0,svm,max,balanced,cached_mxbai,477,1782201077.438714,,,
5941,0,svm,max,balanced,cached_mxbai,478,1782201077.5155997,,,
838,0,svm,max,balanced,cached_mxbai,479,1782201077.5938392,,,
6490,0,svm,max,balanced,cached_mxbai,480,1782201077.670628,,,
4720,0,svm,max,balanced,cached_mxbai,481,1782201077.7479808,,,
5633,0,svm,max,balanced,cached_mxbai,482,1782201077.823216,,,
74,0,svm,max,balanced,cached_mxbai,483,1782201077.9028852,,,
4829,0,svm,max,balanced,cached_mxbai,484,1782201077.9809804,,,
3672,0,svm,max,balanced,cached_mxbai,485,1782201078.0578992,,,
4506,0,svm,max,balanced,cached_mxbai,486,1782201078.1351268,,,
10591,0,svm,max,balanced,cached_mxbai,487,1782201078.212186,,,
4390,0,svm,max,balanced,cached_mxbai,488,1782201078.28802,,,
832,0,svm,max,balanced,cached_mxbai,489,1782201078.365223,,,
7104,0,svm,max,balanced,cached_mxbai,490,1782201078.4425852,,,
4661,0,svm,max,balanced,cached_mxbai,491,1782201078.5195837,,,
3630,0,svm,max,balanced,cached_mxbai,492,1782201078.5967963,,,
1520,0,svm,max,balanced,cached_mxbai,493,1782201078.674885,,,
675,0,svm,max,balanced,cached_mxbai,494,1782201078.7507687,,,
4779,0,svm,max,balanced,cached_mxbai,495,1782201078.8277228,,,
8991,0,svm,max,balanced,cached_mxbai,496,1782201078.906181,,,
6133,0,svm,max,balanced,cached_mxbai,497,1782201078.9857655,,,
3919,0,svm,max,balanced,cached_mxbai,498,1782201079.0648093,,,
8015,0,svm,max,balanced,cached_mxbai,499,1782201079.1431434,,,
559,0,svm,max,balanced,cached_mxbai,500,1782201079.2205365,,,
4567,0,svm,max,balanced,cached_mxbai,501,1782201079.2977655,,,
4449,0,svm,max,balanced,cached_mxbai,502,1782201079.3754678,,,
3926,0,svm,max,balanced,cached_mxbai,503,1782201079.4538686,,,
4626,0,svm,max,balanced,cached_mxbai,504,1782201079.53162,,,
7534,0,svm,max,balanced,cached_mxbai,505,1782201079.6097844,,,
3974,0,svm,max,balanced,cached_mxbai,506,1782201079.6884043,,,
8556,0,svm,max,balanced,cached_mxbai,507,1782201079.7667305,,,
9830,0,svm,max,balanced,cached_mxbai,508,1782201079.844373,,,
4471,0,svm,max,balanced,cached_mxbai,509,1782201079.925109,,,
10215,0,svm,max,balanced,cached_mxbai,510,1782201080.005457,,,
6518,0,svm,max,balanced,cached_mxbai,511,1782201080.0863352,,,
7305,0,svm,max,balanced,cached_mxbai,512,1782201080.1657453,,,
5102,0,svm,max,balanced,cached_mxbai,513,1782201080.2449944,,,
4746,0,svm,max,balanced,cached_mxbai,514,1782201080.3243856,,,
3150,0,svm,max,balanced,cached_mxbai,515,1782201080.4031947,,,
5556,0,svm,max,balanced,cached_mxbai,516,1782201080.482154,,,
4947,0,svm,max,balanced,cached_mxbai,517,1782201080.5605342,,,
4072,0,svm,max,balanced,cached_mxbai,518,1782201080.639707,,,
2901,0,svm,max,balanced,cached_mxbai,519,1782201080.7202697,,,
8595,0,svm,max,balanced,cached_mxbai,520,1782201080.7997756,,,
9124,0,svm,max,balanced,cached_mxbai,521,1782201080.8837223,,,
1391,0,svm,max,balanced,cached_mxbai,522,1782201080.9746437,,,
4597,0,svm,max,balanced,cached_mxbai,523,1782201081.0621367,,,
143,0,svm,max,balanced,cached_mxbai,524,1782201081.1457527,,,
9743,0,svm,max,balanced,cached_mxbai,525,1782201081.2250657,,,
8377,0,svm,max,balanced,cached_mxbai,526,1782201081.3039894,,,
9907,0,svm,max,balanced,cached_mxbai,527,1782201081.3841512,,,
3787,0,svm,max,balanced,cached_mxbai,528,1782201081.4631987,,,
6255,0,svm,max,balanced,cached_mxbai,529,1782201081.543589,,,
1403,0,svm,max,balanced,cached_mxbai,530,1782201081.6242685,,,
4616,0,svm,max,balanced,cached_mxbai,531,1782201081.7047334,,,
6618,0,svm,max,balanced,cached_mxbai,532,1782201081.7863216,,,
9461,1,svm,max,balanced,cached_mxbai,533,1782201081.8698685,,,
114,0,svm,max,balanced,cached_mxbai,534,1782201081.9522102,,,
2076,0,svm,max,balanced,cached_mxbai,535,1782201082.0340416,,,
3415,0,svm,max,balanced,cached_mxbai,536,1782201082.1156623,,,
5857,0,svm,max,balanced,cached_mxbai,537,1782201082.196715,,,
3224,0,svm,max,balanced,cached_mxbai,538,1782201082.2795632,,,
4721,0,svm,max,balanced,cached_mxbai,539,1782201082.362383,,,
8605,0,svm,max,balanced,cached_mxbai,540,1782201082.4453206,,,
9517,0,svm,max,balanced,cached_mxbai,541,1782201082.5269,,,
9960,0,svm,max,balanced,cached_mxbai,542,1782201082.609172,,,
7080,1,svm,max,balanced,cached_mxbai,543,1782201082.6913126,,,
4154,0,svm,max,balanced,cached_mxbai,544,1782201082.7733026,,,
10227,0,svm,max,balanced,cached_mxbai,545,1782201082.854502,,,
4116,0,svm,max,balanced,cached_mxbai,546,1782201082.940765,,,
8596,0,svm,max,balanced,cached_mxbai,547,1782201083.0254548,,,
4787,0,svm,max,balanced,cached_mxbai,548,1782201083.1123893,,,
3668,0,svm,max,balanced,cached_mxbai,549,1782201083.1974385,,,
2625,0,svm,max,balanced,cached_mxbai,550,1782201083.2787323,,,
7453,1,svm,max,balanced,cached_mxbai,551,1782201083.3619208,,,
3929,0,svm,max,balanced,cached_mxbai,552,1782201083.4449368,,,
3296,0,svm,max,balanced,cached_mxbai,553,1782201083.527172,,,
5172,0,svm,max,balanced,cached_mxbai,554,1782201083.612408,,,
3032,0,svm,max,balanced,cached_mxbai,555,1782201083.696549,,,
10273,0,svm,max,balanced,cached_mxbai,556,1782201083.7804034,,,
1033,0,svm,max,balanced,cached_mxbai,557,1782201083.863592,,,
4669,0,svm,max,balanced,cached_mxbai,558,1782201083.9501295,,,
5767,0,svm,max,balanced,cached_mxbai,559,1782201084.0341296,,,
3435,0,svm,max,balanced,cached_mxbai,560,1782201084.1192093,,,
4511,0,svm,max,balanced,cached_mxbai,561,1782201084.2039902,,,
667,0,svm,max,balanced,cached_mxbai,562,1782201084.2866268,,,
5179,0,svm,max,balanced,cached_mxbai,563,1782201084.3704984,,,
6732,0,svm,max,balanced,cached_mxbai,564,1782201084.4550118,,,
10424,0,svm,max,balanced,cached_mxbai,565,1782201084.538782,,,
10452,0,svm,max,balanced,cached_mxbai,566,1782201084.6233385,,,
10532,0,svm,max,balanced,cached_mxbai,567,1782201084.7061598,,,
5083,0,svm,max,balanced,cached_mxbai,568,1782201084.7889636,,,
5049,0,svm,max,balanced,cached_mxbai,569,1782201084.872571,,,
10522,0,svm,max,balanced,cached_mxbai,570,1782201084.9606125,,,
6420,0,svm,max,balanced,cached_mxbai,571,1782201085.0595827,,,
5008,0,svm,max,balanced,cached_mxbai,572,1782201085.1475792,,,
3618,0,svm,max,balanced,cached_mxbai,573,1782201085.2474453,,,
1867,0,svm,max,balanced,cached_mxbai,574,1782201085.3555858,,,
1389,0,svm,max,balanced,cached_mxbai,575,1782201085.4396987,,,
6074,0,svm,max,balanced,cached_mxbai,576,1782201085.526406,,,
6530,0,svm,max,balanced,cached_mxbai,577,1782201085.6111095,,,
4494,0,svm,max,balanced,cached_mxbai,578,1782201085.6954648,,,
8077,0,svm,max,balanced,cached_mxbai,579,1782201085.7799938,,,
5056,0,svm,max,balanced,cached_mxbai,580,1782201085.8647575,,,
5780,0,svm,max,balanced,cached_mxbai,581,1782201085.9500241,,,
4520,0,svm,max,balanced,cached_mxbai,582,1782201086.038037,,,
1682,0,svm,max,balanced,cached_mxbai,583,1782201086.1234004,,,
4100,0,svm,max,balanced,cached_mxbai,584,1782201086.2082348,,,
7148,0,svm,max,balanced,cached_mxbai,585,1782201086.2928526,,,
4698,0,svm,max,balanced,cached_mxbai,586,1782201086.378959,,,
3726,0,svm,max,balanced,cached_mxbai,587,1782201086.462781,,,
9476,0,svm,max,balanced,cached_mxbai,588,1782201086.5472982,,,
3627,0,svm,max,balanced,cached_mxbai,589,1782201086.632152,,,
8471,0,svm,max,balanced,cached_mxbai,590,1782201086.7178006,,,
4770,0,svm,max,balanced,cached_mxbai,591,1782201086.802221,,,
8326,0,svm,max,balanced,cached_mxbai,592,1782201086.8866508,,,
4373,0,svm,max,balanced,cached_mxbai,593,1782201086.972124,,,
3101,0,svm,max,balanced,cached_mxbai,594,1782201087.0578163,,,
3806,0,svm,max,balanced,cached_mxbai,595,1782201087.1456947,,,
3623,0,svm,max,balanced,cached_mxbai,596,1782201087.2304387,,,
6130,0,svm,max,balanced,cached_mxbai,597,1782201087.3175998,,,
4707,0,svm,max,balanced,cached_mxbai,598,1782201087.404583,,,
4505,0,svm,max,balanced,cached_mxbai,599,1782201087.4921048,,,
1820,0,svm,max,balanced,cached_mxbai,600,1782201087.5796945,,,
4976,0,svm,max,balanced,cached_mxbai,601,1782201087.6662629,,,
3455,0,svm,max,balanced,cached_mxbai,602,1782201087.751195,,,
6889,0,svm,max,balanced,cached_mxbai,603,1782201087.8383043,,,
5092,0,svm,max,balanced,cached_mxbai,604,1782201087.9242613,,,
4499,0,svm,max,balanced,cached_mxbai,605,1782201088.0128071,,,
6428,0,svm,max,balanced,cached_mxbai,606,1782201088.0975628,,,
430,0,svm,max,balanced,cached_mxbai,607,1782201088.1839788,,,
9022,0,svm,max,balanced,cached_mxbai,608,1782201088.2683434,,,
7549,0,svm,max,balanced,cached_mxbai,609,1782201088.3551977,,,
5019,0,svm,max,balanced,cached_mxbai,610,1782201088.4407928,,,
5321,0,svm,max,balanced,cached_mxbai,611,1782201088.5309417,,,
6725,0,svm,max,balanced,cached_mxbai,612,1782201088.624192,,,
699,0,svm,max,balanced,cached_mxbai,613,1782201088.711847,,,
5168,0,svm,max,balanced,cached_mxbai,614,1782201088.799198,,,
8168,0,svm,max,balanced,cached_mxbai,615,1782201088.8843284,,,
9829,0,svm,max,balanced,cached_mxbai,616,1782201088.9725757,,,
4686,0,svm,max,balanced,cached_mxbai,617,1782201089.0594888,,,
9908,0,svm,max,balanced,cached_mxbai,618,1782201089.1448128,,,
1051,0,svm,max,balanced,cached_mxbai,619,1782201089.2296946,,,
4625,0,svm,max,balanced,cached_mxbai,620,1782201089.3176966,,,
9182,0,svm,max,balanced,cached_mxbai,621,1782201089.4050488,,,
532,0,svm,max,balanced,cached_mxbai,622,1782201089.4916935,,,
7460,0,svm,max,balanced,cached_mxbai,623,1782201089.5781395,,,
5219,0,svm,max,balanced,cached_mxbai,624,1782201089.6652648,,,
5457,0,svm,max,balanced,cached_mxbai,625,1782201089.7521152,,,
7662,0,svm,max,balanced,cached_mxbai,626,1782201089.8379705,,,
5451,0,svm,max,balanced,cached_mxbai,627,1782201089.9251773,,,
4538,0,svm,max,balanced,cached_mxbai,628,1782201090.0115972,,,
9625,0,svm,max,balanced,cached_mxbai,629,1782201090.0994563,,,
745,0,svm,max,balanced,cached_mxbai,630,1782201090.187701,,,
7666,0,svm,max,balanced,cached_mxbai,631,1782201090.275021,,,
1879,0,svm,max,balanced,cached_mxbai,632,1782201090.3621554,,,
3761,0,svm,max,balanced,cached_mxbai,633,1782201090.4497414,,,
6400,0,svm,max,balanced,cached_mxbai,634,1782201090.5378304,,,
6192,0,svm,max,balanced,cached_mxbai,635,1782201090.6256082,,,
4134,0,svm,max,balanced,cached_mxbai,636,1782201090.7181773,,,
7011,0,svm,max,balanced,cached_mxbai,637,1782201090.8182287,,,
676,0,svm,max,balanced,cached_mxbai,638,1782201090.9176161,,,
4552,0,svm,max,balanced,cached_mxbai,639,1782201091.0172665,,,
3416,0,svm,max,balanced,cached_mxbai,640,1782201091.1166854,,,
4350,0,svm,max,balanced,cached_mxbai,641,1782201091.2077026,,,
4427,0,svm,max,balanced,cached_mxbai,642,1782201091.3011172,,,
5218,0,svm,max,balanced,cached_mxbai,643,1782201091.4028525,,,
9806,0,svm,max,balanced,cached_mxbai,644,1782201091.5027463,,,
9678,0,svm,max,balanced,cached_mxbai,645,1782201091.5979204,,,
7596,0,svm,max,balanced,cached_mxbai,646,1782201091.6889346,,,
4797,0,svm,max,balanced,cached_mxbai,647,1782201091.7769952,,,
8655,0,svm,max,balanced,cached_mxbai,648,1782201091.8659422,,,
4289,0,svm,max,balanced,cached_mxbai,649,1782201091.9552987,,,
7121,0,svm,max,balanced,cached_mxbai,650,1782201092.0461497,,,
4088,0,svm,max,balanced,cached_mxbai,651,1782201092.136873,,,
3106,0,svm,max,balanced,cached_mxbai,652,1782201092.2251475,,,
1213,0,svm,max,balanced,cached_mxbai,653,1782201092.3153882,,,
4565,0,svm,max,balanced,cached_mxbai,654,1782201092.4044428,,,
8257,0,svm,max,balanced,cached_mxbai,655,1782201092.4939244,,,
7864,0,svm,max,balanced,cached_mxbai,656,1782201092.5844264,,,
4532,0,svm,max,balanced,cached_mxbai,657,1782201092.673326,,,
59,0,svm,max,balanced,cached_mxbai,658,1782201092.7636125,,,
7317,1,svm,max,balanced,cached_mxbai,659,1782201092.852539,,,
4793,0,svm,max,balanced,cached_mxbai,660,1782201092.9420037,,,
4941,0,svm,max,balanced,cached_mxbai,661,1782201093.0329065,,,
9813,0,svm,max,balanced,cached_mxbai,662,1782201093.1252093,,,
545,0,svm,max,balanced,cached_mxbai,663,1782201093.216278,,,
4599,0,svm,max,balanced,cached_mxbai,664,1782201093.3075778,,,
4659,0,svm,max,balanced,cached_mxbai,665,1782201093.3965824,,,
10317,0,svm,max,balanced,cached_mxbai,666,1782201093.4831936,,,
842,1,svm,max,balanced,cached_mxbai,667,1782201093.5755012,,,
8225,0,svm,max,balanced,cached_mxbai,668,1782201093.668483,,,
4930,0,svm,max,balanced,cached_mxbai,669,1782201093.7598429,,,
4792,0,svm,max,balanced,cached_mxbai,670,1782201093.8497148,,,
5403,0,svm,max,balanced,cached_mxbai,671,1782201093.9408996,,,
8884,0,svm,max,balanced,cached_mxbai,672,1782201094.0339983,,,
4527,0,svm,max,balanced,cached_mxbai,673,1782201094.1239963,,,
5028,0,svm,max,balanced,cached_mxbai,674,1782201094.2146263,,,
4723,0,svm,max,balanced,cached_mxbai,675,1782201094.3074968,,,
1883,0,svm,max,balanced,cached_mxbai,676,1782201094.3977382,,,
4677,0,svm,max,balanced,cached_mxbai,677,1782201094.4894595,,,
9249,0,svm,max,balanced,cached_mxbai,678,1782201094.5821579,,,
3273,0,svm,max,balanced,cached_mxbai,679,1782201094.6722152,,,
2408,0,svm,max,balanced,cached_mxbai,680,1782201094.762291,,,
5394,0,svm,max,balanced,cached_mxbai,681,1782201094.8531075,,,
8888,0,svm,max,balanced,cached_mxbai,682,1782201094.9458387,,,
9564,0,svm,max,balanced,cached_mxbai,683,1782201095.0441034,,,
1233,0,svm,max,balanced,cached_mxbai,684,1782201095.1377451,,,
5773,0,svm,max,balanced,cached_mxbai,685,1782201095.238181,,,
1734,0,svm,max,balanced,cached_mxbai,686,1782201095.3551176,,,
4541,0,svm,max,balanced,cached_mxbai,687,1782201095.447839,,,
7741,0,svm,max,balanced,cached_mxbai,688,1782201095.5388458,,,
4109,0,svm,max,balanced,cached_mxbai,689,1782201095.630086,,,
6528,0,svm,max,balanced,cached_mxbai,690,1782201095.7205188,,,
5307,0,svm,max,balanced,cached_mxbai,691,1782201095.8115122,,,
5061,0,svm,max,balanced,cached_mxbai,692,1782201095.9045331,,,
5338,0,svm,max,balanced,cached_mxbai,693,1782201095.997953,,,
4554,0,svm,max,balanced,cached_mxbai,694,1782201096.0945525,,,
3852,0,svm,max,balanced,cached_mxbai,695,1782201096.1875157,,,
4153,0,svm,max,balanced,cached_mxbai,696,1782201096.2844663,,,
4875,0,svm,max,balanced,cached_mxbai,697,1782201096.3760304,,,
6778,0,svm,max,balanced,cached_mxbai,698,1782201096.4699793,,,
1360,0,svm,max,balanced,cached_mxbai,699,1782201096.5663292,,,
3221,0,svm,max,balanced,cached_mxbai,700,1782201096.6617866,,,
4391,0,svm,max,balanced,cached_mxbai,701,1782201096.754844,,,
2758,0,svm,max,balanced,cached_mxbai,702,1782201096.8497398,,,
8692,0,svm,max,balanced,cached_mxbai,703,1782201096.9437776,,,
3869,0,svm,max,balanced,cached_mxbai,704,1782201097.039618,,,
4952,0,svm,max,balanced,cached_mxbai,705,1782201097.1349463,,,
1472,0,svm,max,balanced,cached_mxbai,706,1782201097.2301483,,,
3600,0,svm,max,balanced,cached_mxbai,707,1782201097.3248832,,,
4711,0,svm,max,balanced,cached_mxbai,708,1782201097.4222078,,,
1350,0,svm,max,balanced,cached_mxbai,709,1782201097.5169814,,,
5313,0,svm,max,balanced,cached_mxbai,710,1782201097.6121926,,,
5323,0,svm,max,balanced,cached_mxbai,711,1782201097.7068455,,,
8972,0,svm,max,balanced,cached_mxbai,712,1782201097.8035402,,,
702,0,svm,max,balanced,cached_mxbai,713,1782201097.897474,,,
4593,0,svm,max,balanced,cached_mxbai,714,1782201097.9928536,,,
5137,0,svm,max,balanced,cached_mxbai,715,1782201098.0898573,,,
5232,0,svm,max,balanced,cached_mxbai,716,1782201098.1849892,,,
5584,0,svm,max,balanced,cached_mxbai,717,1782201098.279978,,,
6146,0,svm,max,balanced,cached_mxbai,718,1782201098.3745909,,,
7226,0,svm,max,balanced,cached_mxbai,719,1782201098.4698462,,,
4788,0,svm,max,balanced,cached_mxbai,720,1782201098.5649705,,,
516,0,svm,max,balanced,cached_mxbai,721,1782201098.661852,,,
4692,0,svm,max,balanced,cached_mxbai,722,1782201098.7564366,,,
1777,0,svm,max,balanced,cached_mxbai,723,1782201098.853424,,,
4342,0,svm,max,balanced,cached_mxbai,724,1782201098.9493554,,,
2110,0,svm,max,balanced,cached_mxbai,725,1782201099.0491004,,,
4683,0,svm,max,balanced,cached_mxbai,726,1782201099.1456163,,,
613,0,svm,max,balanced,cached_mxbai,727,1782201099.2422664,,,
3747,0,svm,max,balanced,cached_mxbai,728,1782201099.3379838,,,
4569,0,svm,max,balanced,cached_mxbai,729,1782201099.4318151,,,
3778,0,svm,max,balanced,cached_mxbai,730,1782201099.5287514,,,
1049,0,svm,max,balanced,cached_mxbai,731,1782201099.6263304,,,
8780,0,svm,max,balanced,cached_mxbai,732,1782201099.724802,,,
10389,0,svm,max,balanced,cached_mxbai,733,1782201099.8207862,,,
9779,0,svm,max,balanced,cached_mxbai,734,1782201099.919115,,,
4637,0,svm,max,balanced,cached_mxbai,735,1782201100.018732,,,
5207,0,svm,max,balanced,cached_mxbai,736,1782201100.1183033,,,
9528,0,svm,max,balanced,cached_mxbai,737,1782201100.2151172,,,
6761,0,svm,max,balanced,cached_mxbai,738,1782201100.3118894,,,
5766,0,svm,max,balanced,cached_mxbai,739,1782201100.4079187,,,
4927,0,svm,max,balanced,cached_mxbai,740,1782201100.5058048,,,
3479,0,svm,max,balanced,cached_mxbai,741,1782201100.605898,,,
1901,0,svm,max,balanced,cached_mxbai,742,1782201100.7025735,,,
1550,0,svm,max,balanced,cached_mxbai,743,1782201100.7998974,,,
4868,0,svm,max,balanced,cached_mxbai,744,1782201100.8970551,,,
3827,0,svm,max,balanced,cached_mxbai,745,1782201100.9961746,,,
2100,0,svm,max,balanced,cached_mxbai,746,1782201101.0938375,,,
5208,0,svm,max,balanced,cached_mxbai,747,1782201101.1928048,,,
3888,0,svm,max,balanced,cached_mxbai,748,1782201101.2919996,,,
5227,0,svm,max,balanced,cached_mxbai,749,1782201101.3914993,,,
1547,0,svm,max,balanced,cached_mxbai,750,1782201101.4907298,,,
4496,0,svm,max,balanced,cached_mxbai,751,1782201101.5885346,,,
3666,0,svm,max,balanced,cached_mxbai,752,1782201101.6896245,,,
8044,0,svm,max,balanced,cached_mxbai,753,1782201101.7902603,,,
5276,0,svm,max,balanced,cached_mxbai,754,1782201101.8895483,,,
3252,0,svm,max,balanced,cached_mxbai,755,1782201101.990001,,,
3088,0,svm,max,balanced,cached_mxbai,756,1782201102.0908046,,,
666,0,svm,max,balanced,cached_mxbai,757,1782201102.1916773,,,
4420,0,svm,max,balanced,cached_mxbai,758,1782201102.291912,,,
3687,0,svm,max,balanced,cached_mxbai,759,1782201102.3921301,,,
7270,0,svm,max,balanced,cached_mxbai,760,1782201102.4937844,,,
4458,0,svm,max,balanced,cached_mxbai,761,1782201102.5965388,,,
8800,0,svm,max,balanced,cached_mxbai,762,1782201102.6987674,,,
2191,0,svm,max,balanced,cached_mxbai,763,1782201102.7996757,,,
4902,0,svm,max,balanced,cached_mxbai,764,1782201102.898768,,,
8120,0,svm,max,balanced,cached_mxbai,765,1782201103.0019462,,,
9969,0,svm,max,balanced,cached_mxbai,766,1782201103.106042,,,
9323,0,svm,max,balanced,cached_mxbai,767,1782201103.2080793,,,
4611,0,svm,max,balanced,cached_mxbai,768,1782201103.3108346,,,
10241,0,svm,max,balanced,cached_mxbai,769,1782201103.4124568,,,
3982,0,svm,max,balanced,cached_mxbai,770,1782201103.514941,,,
10033,0,svm,max,balanced,cached_mxbai,771,1782201103.6184342,,,
8261,0,svm,max,balanced,cached_mxbai,772,1782201103.7202992,,,
2762,0,svm,max,balanced,cached_mxbai,773,1782201103.8219857,,,
3614,0,svm,max,balanced,cached_mxbai,774,1782201103.9240787,,,
10549,0,svm,max,balanced,cached_mxbai,775,1782201104.0256128,,,
6483,0,svm,max,balanced,cached_mxbai,776,1782201104.129494,,,
4473,0,svm,max,balanced,cached_mxbai,777,1782201104.2300835,,,
6914,0,svm,max,balanced,cached_mxbai,778,1782201104.3331902,,,
7064,0,svm,max,balanced,cached_mxbai,779,1782201104.434131,,,
5160,0,svm,max,balanced,cached_mxbai,780,1782201104.538448,,,
5242,0,svm,max,balanced,cached_mxbai,781,1782201104.6397812,,,
760,0,svm,max,balanced,cached_mxbai,782,1782201104.745343,,,
2240,0,svm,max,balanced,cached_mxbai,783,1782201104.8479795,,,
5383,0,svm,max,balanced,cached_mxbai,784,1782201104.9526901,,,
50,0,svm,max,balanced,cached_mxbai,785,1782201105.0576441,,,
5651,0,svm,max,balanced,cached_mxbai,786,1782201105.1728349,,,
6912,0,svm,max,balanced,cached_mxbai,787,1782201105.3005612,,,
4706,0,svm,max,balanced,cached_mxbai,788,1782201105.4109612,,,
9531,0,svm,max,balanced,cached_mxbai,789,1782201105.5166526,,,
8531,0,svm,max,balanced,cached_mxbai,790,1782201105.6218202,,,
5564,0,svm,max,balanced,cached_mxbai,791,1782201105.7276716,,,
6039,0,svm,max,balanced,cached_mxbai,792,1782201105.8334827,,,
7616,0,svm,max,balanced,cached_mxbai,793,1782201105.9373853,,,
32,0,svm,max,balanced,cached_mxbai,794,1782201106.0443947,,,
8999,0,svm,max,balanced,cached_mxbai,795,1782201106.1486092,,,
10232,0,svm,max,balanced,cached_mxbai,796,1782201106.2542238,,,
8118,0,svm,max,balanced,cached_mxbai,797,1782201106.357907,,,
3347,0,svm,max,balanced,cached_mxbai,798,1782201106.4629276,,,
5072,0,svm,max,balanced,cached_mxbai,799,1782201106.5710514,,,
134,0,svm,max,balanced,cached_mxbai,800,1782201106.6768937,,,
4670,0,svm,max,balanced,cached_mxbai,801,1782201106.7807279,,,
9538,0,svm,max,balanced,cached_mxbai,802,1782201106.8869271,,,
4528,0,svm,max,balanced,cached_mxbai,803,1782201106.9928129,,,
9041,0,svm,max,balanced,cached_mxbai,804,1782201107.1012423,,,
3894,0,svm,max,balanced,cached_mxbai,805,1782201107.2064202,,,
5074,0,svm,max,balanced,cached_mxbai,806,1782201107.3129873,,,
4570,0,svm,max,balanced,cached_mxbai,807,1782201107.4194598,,,
8055,0,svm,max,balanced,cached_mxbai,808,1782201107.5249503,,,
7016,0,svm,max,balanced,cached_mxbai,809,1782201107.6296256,,,
4299,0,svm,max,balanced,cached_mxbai,810,1782201107.736511,,,
896,0,svm,max,balanced,cached_mxbai,811,1782201107.844115,,,
4612,0,svm,max,balanced,cached_mxbai,812,1782201107.9480972,,,
9069,0,svm,max,balanced,cached_mxbai,813,1782201108.0581129,,,
4867,0,svm,max,balanced,cached_mxbai,814,1782201108.164606,,,
7483,0,svm,max,balanced,cached_mxbai,815,1782201108.2715807,,,
6831,0,svm,max,balanced,cached_mxbai,816,1782201108.3758717,,,
5017,0,svm,max,balanced,cached_mxbai,817,1782201108.4839752,,,
2113,0,svm,max,balanced,cached_mxbai,818,1782201108.5913842,,,
6417,0,svm,max,balanced,cached_mxbai,819,1782201108.6958516,,,
4889,0,svm,max,balanced,cached_mxbai,820,1782201108.804557,,,
3194,0,svm,max,balanced,cached_mxbai,821,1782201108.912865,,,
4662,0,svm,max,balanced,cached_mxbai,822,1782201109.0227334,,,
907,0,svm,max,balanced,cached_mxbai,823,1782201109.1327176,,,
4476,0,svm,max,balanced,cached_mxbai,824,1782201109.2421594,,,
1198,0,svm,max,balanced,cached_mxbai,825,1782201109.3508828,,,
10110,0,svm,max,balanced,cached_mxbai,826,1782201109.4587746,,,
4058,0,svm,max,balanced,cached_mxbai,827,1782201109.568145,,,
4964,0,svm,max,balanced,cached_mxbai,828,1782201109.6769004,,,
3923,0,svm,max,balanced,cached_mxbai,829,1782201109.7862358,,,
4573,0,svm,max,balanced,cached_mxbai,830,1782201109.894859,,,
663,0,svm,max,balanced,cached_mxbai,831,1782201110.000756,,,
4209,0,svm,max,balanced,cached_mxbai,832,1782201110.1117287,,,
8255,0,svm,max,balanced,cached_mxbai,833,1782201110.2209203,,,
8467,0,svm,max,balanced,cached_mxbai,834,1782201110.326684,,,
3912,0,svm,max,balanced,cached_mxbai,835,1782201110.434701,,,
4619,0,svm,max,balanced,cached_mxbai,836,1782201110.5424676,,,
8982,0,svm,max,balanced,cached_mxbai,837,1782201110.6515136,,,
4709,0,svm,max,balanced,cached_mxbai,838,1782201110.7600439,,,
402,0,svm,max,balanced,cached_mxbai,839,1782201110.8690608,,,
10291,0,svm,max,balanced,cached_mxbai,840,1782201110.977393,,,
4598,0,svm,max,balanced,cached_mxbai,841,1782201111.0882754,,,
6340,0,svm,max,balanced,cached_mxbai,842,1782201111.1985464,,,
9131,0,svm,max,balanced,cached_mxbai,843,1782201111.3078845,,,
86,0,svm,max,balanced,cached_mxbai,844,1782201111.417784,,,
3639,0,svm,max,balanced,cached_mxbai,845,1782201111.5369678,,,
4648,0,svm,max,balanced,cached_mxbai,846,1782201111.6473238,,,
3661,0,svm,max,balanced,cached_mxbai,847,1782201111.7569637,,,
2279,0,svm,max,balanced,cached_mxbai,848,1782201111.867303,,,
4988,0,svm,max,balanced,cached_mxbai,849,1782201111.9799774,,,
4633,0,svm,max,balanced,cached_mxbai,850,1782201112.0918827,,,
698,0,svm,max,balanced,cached_mxbai,851,1782201112.2057102,,,
7264,0,svm,max,balanced,cached_mxbai,852,1782201112.3181453,,,
3097,0,svm,max,balanced,cached_mxbai,853,1782201112.4288561,,,
1070,0,svm,max,balanced,cached_mxbai,854,1782201112.5390582,,,
4582,0,svm,max,balanced,cached_mxbai,855,1782201112.6498814,,,
7217,0,svm,max,balanced,cached_mxbai,856,1782201112.757549,,,
4657,0,svm,max,balanced,cached_mxbai,857,1782201112.8683026,,,
5591,0,svm,max,balanced,cached_mxbai,858,1782201112.979946,,,
4834,0,svm,max,balanced,cached_mxbai,859,1782201113.0910878,,,
9945,0,svm,max,balanced,cached_mxbai,860,1782201113.205745,,,
7182,0,svm,max,balanced,cached_mxbai,861,1782201113.316611,,,
4510,0,svm,max,balanced,cached_mxbai,862,1782201113.4273312,,,
5125,0,svm,max,balanced,cached_mxbai,863,1782201113.5409954,,,
5096,0,svm,max,balanced,cached_mxbai,864,1782201113.655163,,,
4994,0,svm,max,balanced,cached_mxbai,865,1782201113.7674575,,,
7009,0,svm,max,balanced,cached_mxbai,866,1782201113.878545,,,
5330,0,svm,max,balanced,cached_mxbai,867,1782201113.9898582,,,
3934,0,svm,max,balanced,cached_mxbai,868,1782201114.101189,,,
8602,0,svm,max,balanced,cached_mxbai,869,1782201114.2163913,,,
9725,0,svm,max,balanced,cached_mxbai,870,1782201114.3336515,,,
4176,0,svm,max,balanced,cached_mxbai,871,1782201114.4470592,,,
9122,0,svm,max,balanced,cached_mxbai,872,1782201114.5582378,,,
9836,0,svm,max,balanced,cached_mxbai,873,1782201114.6699667,,,
4445,0,svm,max,balanced,cached_mxbai,874,1782201114.7815614,,,
4636,0,svm,max,balanced,cached_mxbai,875,1782201114.8956747,,,
9749,0,svm,max,balanced,cached_mxbai,876,1782201115.0074215,,,
7269,0,svm,max,balanced,cached_mxbai,877,1782201115.1237085,,,
10337,0,svm,max,balanced,cached_mxbai,878,1782201115.2473226,,,
3209,0,svm,max,balanced,cached_mxbai,879,1782201115.3834624,,,
3742,0,svm,max,balanced,cached_mxbai,880,1782201115.4960852,,,
6718,0,svm,max,balanced,cached_mxbai,881,1782201115.6092086,,,
4453,0,svm,max,balanced,cached_mxbai,882,1782201115.7247245,,,
8049,0,svm,max,balanced,cached_mxbai,883,1782201115.8409004,,,
2559,0,svm,max,balanced,cached_mxbai,884,1782201115.9557433,,,
591,0,svm,max,balanced,cached_mxbai,885,1782201116.070772,,,
5145,0,svm,max,balanced,cached_mxbai,886,1782201116.1855485,,,
8179,0,svm,max,balanced,cached_mxbai,887,1782201116.3010106,,,
3409,0,svm,max,balanced,cached_mxbai,888,1782201116.4145951,,,
5329,0,svm,max,balanced,cached_mxbai,889,1782201116.5278223,,,
3945,0,svm,max,balanced,cached_mxbai,890,1782201116.6402528,,,
10057,0,svm,max,balanced,cached_mxbai,891,1782201116.7559698,,,
5013,0,svm,max,balanced,cached_mxbai,892,1782201116.8681006,,,
3538,0,svm,max,balanced,cached_mxbai,893,1782201116.983636,,,
6634,0,svm,max,balanced,cached_mxbai,894,1782201117.102435,,,
4515,0,svm,max,balanced,cached_mxbai,895,1782201117.2218487,,,
9213,0,svm,max,balanced,cached_mxbai,896,1782201117.3362284,,,
3458,0,svm,max,balanced,cached_mxbai,897,1782201117.4519355,,,
4136,0,svm,max,balanced,cached_mxbai,898,1782201117.5673885,,,
8995,0,svm,max,balanced,cached_mxbai,899,1782201117.6830883,,,
7597,0,svm,max,balanced,cached_mxbai,900,1782201117.8009825,,,
8696,0,svm,max,balanced,cached_mxbai,901,1782201117.9135756,,,
4836,0,svm,max,balanced,cached_mxbai,902,1782201118.031611,,,
6842,0,svm,max,balanced,cached_mxbai,903,1782201118.1490252,,,
4435,0,svm,max,balanced,cached_mxbai,904,1782201118.2633855,,,
5410,0,svm,max,balanced,cached_mxbai,905,1782201118.3792236,,,
3914,0,svm,max,balanced,cached_mxbai,906,1782201118.4968386,,,
4507,0,svm,max,balanced,cached_mxbai,907,1782201118.6127262,,,
6499,0,svm,max,balanced,cached_mxbai,908,1782201118.728444,,,
9293,0,svm,max,balanced,cached_mxbai,909,1782201118.8451762,,,
2832,0,svm,max,balanced,cached_mxbai,910,1782201118.9614851,,,
10290,0,svm,max,balanced,cached_mxbai,911,1782201119.0831482,,,
10136,1,svm,max,balanced,cached_mxbai,912,1782201119.1992486,,,
9199,0,svm,max,balanced,cached_mxbai,913,1782201119.3170044,,,
5199,0,svm,max,balanced,cached_mxbai,914,1782201119.4332855,,,
1721,1,svm,max,balanced,cached_mxbai,915,1782201119.551445,,,
4495,0,svm,max,balanced,cached_mxbai,916,1782201119.670002,,,
5272,0,svm,max,balanced,cached_mxbai,917,1782201119.7867904,,,
4559,0,svm,max,balanced,cached_mxbai,918,1782201119.903445,,,
6830,0,svm,max,balanced,cached_mxbai,919,1782201120.019636,,,
4222,0,svm,max,balanced,cached_mxbai,920,1782201120.1376464,,,
10435,1,svm,max,balanced,cached_mxbai,921,1782201120.2554934,,,
9132,0,svm,max,balanced,cached_mxbai,922,1782201120.375226,,,
1561,0,svm,max,balanced,cached_mxbai,923,1782201120.4917393,,,
7767,0,svm,max,balanced,cached_mxbai,924,1782201120.6088455,,,
4722,0,svm,max,balanced,cached_mxbai,925,1782201120.7250078,,,
7168,0,svm,max,balanced,cached_mxbai,926,1782201120.8418806,,,
8315,0,svm,max,balanced,cached_mxbai,927,1782201120.9573069,,,
6444,0,svm,max,balanced,cached_mxbai,928,1782201121.0757713,,,
4862,0,svm,max,balanced,cached_mxbai,929,1782201121.1925828,,,
1312,0,svm,max,balanced,cached_mxbai,930,1782201121.3106606,,,
3523,0,svm,max,balanced,cached_mxbai,931,1782201121.4289563,,,
5426,0,svm,max,balanced,cached_mxbai,932,1782201121.5529408,,,
9747,0,svm,max,balanced,cached_mxbai,933,1782201121.6869223,,,
4933,0,svm,max,balanced,cached_mxbai,934,1782201121.8110147,,,
7595,0,svm,max,balanced,cached_mxbai,935,1782201121.9295874,,,
4586,0,svm,max,balanced,cached_mxbai,936,1782201122.047451,,,
6398,0,svm,max,balanced,cached_mxbai,937,1782201122.1656656,,,
1385,0,svm,max,balanced,cached_mxbai,938,1782201122.2844746,,,
4086,0,svm,max,balanced,cached_mxbai,939,1782201122.4050977,,,
6553,0,svm,max,balanced,cached_mxbai,940,1782201122.5229874,,,
3502,0,svm,max,balanced,cached_mxbai,941,1782201122.6419017,,,
5185,0,svm,max,balanced,cached_mxbai,942,1782201122.7630022,,,
3099,0,svm,max,balanced,cached_mxbai,943,1782201122.8826215,,,
10225,0,svm,max,balanced,cached_mxbai,944,1782201123.0057964,,,
7434,0,svm,max,balanced,cached_mxbai,945,1782201123.126425,,,
4139,0,svm,max,balanced,cached_mxbai,946,1782201123.2511892,,,
5016,0,svm,max,balanced,cached_mxbai,947,1782201123.3715794,,,
3494,0,svm,max,balanced,cached_mxbai,948,1782201123.4908226,,,
10177,0,svm,max,balanced,cached_mxbai,949,1782201123.610277,,,
4642,0,svm,max,balanced,cached_mxbai,950,1782201123.730519,,,
6629,0,svm,max,balanced,cached_mxbai,951,1782201123.8496904,,,
6238,0,svm,max,balanced,cached_mxbai,952,1782201123.9701571,,,
1003,0,svm,max,balanced,cached_mxbai,953,1782201124.0900986,,,
8063,0,svm,max,balanced,cached_mxbai,954,1782201124.21151,,,
677,0,svm,max,balanced,cached_mxbai,955,1782201124.3342648,,,
2330,0,svm,max,balanced,cached_mxbai,956,1782201124.453334,,,
5039,0,svm,max,balanced,cached_mxbai,957,1782201124.5747116,,,
1585,0,svm,max,balanced,cached_mxbai,958,1782201124.6967416,,,
4703,0,svm,max,balanced,cached_mxbai,959,1782201124.821774,,,
3994,0,svm,max,balanced,cached_mxbai,960,1782201124.9435642,,,
6013,0,svm,max,balanced,cached_mxbai,961,1782201125.0702846,,,
10169,0,svm,max,balanced,cached_mxbai,962,1782201125.18723,,,
3185,0,svm,max,balanced,cached_mxbai,963,1782201125.3442488,,,
3080,0,svm,max,balanced,cached_mxbai,964,1782201125.4644923,,,
4588,0,svm,max,balanced,cached_mxbai,965,1782201125.5879633,,,
5365,0,svm,max,balanced,cached_mxbai,966,1782201125.7113264,,,
4680,0,svm,max,balanced,cached_mxbai,967,1782201125.8359303,,,
3873,0,svm,max,balanced,cached_mxbai,968,1782201125.9587505,,,
8428,0,svm,max,balanced,cached_mxbai,969,1782201126.080505,,,
1911,0,svm,max,balanced,cached_mxbai,970,1782201126.201197,,,
6646,0,svm,max,balanced,cached_mxbai,971,1782201126.3263896,,,
3558,0,svm,max,balanced,cached_mxbai,972,1782201126.450139,,,
4905,0,svm,max,balanced,cached_mxbai,973,1782201126.5740368,,,
5111,0,svm,max,balanced,cached_mxbai,974,1782201126.6979303,,,
3748,0,svm,max,balanced,cached_mxbai,975,1782201126.8217702,,,
9996,0,svm,max,balanced,cached_mxbai,976,1782201126.9472218,,,
8092,0,svm,max,balanced,cached_mxbai,977,1782201127.0737877,,,
4744,0,svm,max,balanced,cached_mxbai,978,1782201127.1947954,,,
3569,0,svm,max,balanced,cached_mxbai,979,1782201127.3184202,,,
4729,0,svm,max,balanced,cached_mxbai,980,1782201127.4422207,,,
9763,0,svm,max,balanced,cached_mxbai,981,1782201127.5660675,,,
4813,0,svm,max,balanced,cached_mxbai,982,1782201127.6901705,,,
4951,0,svm,max,balanced,cached_mxbai,983,1782201127.8154905,,,
7262,0,svm,max,balanced,cached_mxbai,984,1782201127.9447715,,,
25,0,svm,max,balanced,cached_mxbai,985,1782201128.0711503,,,
955,0,svm,max,balanced,cached_mxbai,986,1782201128.1952932,,,
5134,0,svm,max,balanced,cached_mxbai,987,1782201128.3202512,,,
4424,0,svm,max,balanced,cached_mxbai,988,1782201128.4452035,,,
3960,0,svm,max,balanced,cached_mxbai,989,1782201128.5716875,,,
6631,0,svm,max,balanced,cached_mxbai,990,1782201128.6969168,,,
6438,0,svm,max,balanced,cached_mxbai,991,1782201128.8214679,,,
387,0,svm,max,balanced,cached_mxbai,992,1782201128.9507756,,,
1008,0,svm,max,balanced,cached_mxbai,993,1782201129.077417,,,
5449,0,svm,max,balanced,cached_mxbai,994,1782201129.2054038,,,
10112,0,svm,max,balanced,cached_mxbai,995,1782201129.3306432,,,
3187,0,svm,max,balanced,cached_mxbai,996,1782201129.455869,,,
3836,0,svm,max,balanced,cached_mxbai,997,1782201129.5812154,,,
1149,0,svm,max,balanced,cached_mxbai,998,1782201129.7064395,,,
4434,0,svm,max,balanced,cached_mxbai,999,1782201129.8321831,,,
8993,0,svm,max,balanced,cached_mxbai,1000,1782201129.9609766,,,
5996,0,svm,max,balanced,cached_mxbai,1001,1782201130.0884418,,,
4104,0,svm,max,balanced,cached_mxbai,1002,1782201130.2140555,,,
3767,0,svm,max,balanced,cached_mxbai,1003,1782201130.3441527,,,
5244,0,svm,max,balanced,cached_mxbai,1004,1782201130.4674795,,,
4635,0,svm,max,balanced,cached_mxbai,1005,1782201130.5942209,,,
5077,0,svm,max,balanced,cached_mxbai,1006,1782201130.720413,,,
6411,0,svm,max,balanced,cached_mxbai,1007,1782201130.8463323,,,
6607,0,svm,max,balanced,cached_mxbai,1008,1782201130.9761271,,,
8563,0,svm,max,balanced,cached_mxbai,1009,1782201131.1070588,,,
3197,0,svm,max,balanced,cached_mxbai,1010,1782201131.2347164,,,
2259,0,svm,max,balanced,cached_mxbai,1011,1782201131.3631506,,,
4166,0,svm,max,balanced,cached_mxbai,1012,1782201131.4881892,,,
4217,0,svm,max,balanced,cached_mxbai,1013,1782201131.614314,,,
5238,0,svm,max,balanced,cached_mxbai,1014,1782201131.7394173,,,
7490,0,svm,max,balanced,cached_mxbai,1015,1782201131.8710833,,,
10000,0,svm,max,balanced,cached_mxbai,1016,1782201132.0006497,,,
4705,0,svm,max,balanced,cached_mxbai,1017,1782201132.132395,,,
4121,0,svm,max,balanced,cached_mxbai,1018,1782201132.2605357,,,
10484,0,svm,max,balanced,cached_mxbai,1019,1782201132.3912146,,,
8909,0,svm,max,balanced,cached_mxbai,1020,1782201132.5158246,,,
4886,0,svm,max,balanced,cached_mxbai,1021,1782201132.6461976,,,
10122,0,svm,max,balanced,cached_mxbai,1022,1782201132.773741,,,
8598,0,svm,max,balanced,cached_mxbai,1023,1782201132.906376,,,
4162,0,svm,max,balanced,cached_mxbai,1024,1782201133.021626,,,
6991,0,svm,max,balanced,cached_mxbai,1025,1782201133.1365826,,,
6136,0,svm,max,balanced,cached_mxbai,1026,1782201133.2494001,,,
7002,0,svm,max,balanced,cached_mxbai,1027,1782201133.3630211,,,
8839,0,svm,max,balanced,cached_mxbai,1028,1782201133.477252,,,
6798,0,svm,max,balanced,cached_mxbai,1029,1782201133.590522,,,
4912,0,svm,max,balanced,cached_mxbai,1030,1782201133.702845,,,
5078,0,svm,max,balanced,cached_mxbai,1031,1782201133.8162582,,,
6326,0,svm,max,balanced,cached_mxbai,1032,1782201133.9335527,,,
2258,0,svm,max,balanced,cached_mxbai,1033,1782201134.0461369,,,
2428,0,svm,max,balanced,cached_mxbai,1034,1782201134.159245,,,
1840,0,svm,max,balanced,cached_mxbai,1035,1782201134.2714558,,,
8153,0,svm,max,balanced,cached_mxbai,1036,1782201134.3863072,,,
9957,0,svm,max,balanced,cached_mxbai,1037,1782201134.5003707,,,
620,0,svm,max,balanced,cached_mxbai,1038,1782201134.6158736,,,
4522,0,svm,max,balanced,cached_mxbai,1039,1782201134.7293744,,,
828,0,svm,max,balanced,cached_mxbai,1040,1782201134.8435779,,,
7577,0,svm,max,balanced,cached_mxbai,1041,1782201134.9612453,,,
4985,0,svm,max,balanced,cached_mxbai,1042,1782201135.0803912,,,
5154,0,svm,max,balanced,cached_mxbai,1043,1782201135.195325,,,
9429,0,svm,max,balanced,cached_mxbai,1044,1782201135.3373804,,,
6743,0,svm,max,balanced,cached_mxbai,1045,1782201135.4587655,,,
7207,0,svm,max,balanced,cached_mxbai,1046,1782201135.573787,,,
4564,0,svm,max,balanced,cached_mxbai,1047,1782201135.6894336,,,
7390,0,svm,max,balanced,cached_mxbai,1048,1782201135.8038507,,,
7108,0,svm,max,balanced,cached_mxbai,1049,1782201135.9241037,,,
23,0,svm,max,balanced,cached_mxbai,1050,1782201136.039633,,,
4364,0,svm,max,balanced,cached_mxbai,1051,1782201136.155308,,,
4568,0,svm,max,balanced,cached_mxbai,1052,1782201136.2707744,,,
5968,0,svm,max,balanced,cached_mxbai,1053,1782201136.3857942,,,
8486,0,svm,max,balanced,cached_mxbai,1054,1782201136.502964,,,
6120,0,svm,max,balanced,cached_mxbai,1055,1782201136.6197703,,,
3543,0,svm,max,balanced,cached_mxbai,1056,1782201136.7349586,,,
5398,0,svm,max,balanced,cached_mxbai,1057,1782201136.8502023,,,
4773,0,svm,max,balanced,cached_mxbai,1058,1782201136.9691677,,,
72,0,svm,max,balanced,cached_mxbai,1059,1782201137.0842714,,,
2429,0,svm,max,balanced,cached_mxbai,1060,1782201137.200078,,,
4631,0,svm,max,balanced,cached_mxbai,1061,1782201137.3162706,,,
5088,0,svm,max,balanced,cached_mxbai,1062,1782201137.4347532,,,
6150,0,svm,max,balanced,cached_mxbai,1063,1782201137.5516906,,,
1048,0,svm,max,balanced,cached_mxbai,1064,1782201137.6670787,,,
4295,0,svm,max,balanced,cached_mxbai,1065,1782201137.7823682,,,
3677,0,svm,max,balanced,cached_mxbai,1066,1782201137.897154,,,
4673,0,svm,max,balanced,cached_mxbai,1067,1782201138.0174227,,,
9759,0,svm,max,balanced,cached_mxbai,1068,1782201138.1351006,,,
2745,0,svm,max,balanced,cached_mxbai,1069,1782201138.2508364,,,
6421,0,svm,max,balanced,cached_mxbai,1070,1782201138.3666036,,,
5468,0,svm,max,balanced,cached_mxbai,1071,1782201138.4837267,,,
4484,0,svm,max,balanced,cached_mxbai,1072,1782201138.601196,,,
3583,0,svm,max,balanced,cached_mxbai,1073,1782201138.7195816,,,
5034,0,svm,max,balanced,cached_mxbai,1074,1782201138.8367016,,,
10493,0,svm,max,balanced,cached_mxbai,1075,1782201138.9565418,,,
7702,0,svm,max,balanced,cached_mxbai,1076,1782201139.0730975,,,
5093,0,svm,max,balanced,cached_mxbai,1077,1782201139.1902013,,,
3147,0,svm,max,balanced,cached_mxbai,1078,1782201139.3061676,,,
4574,0,svm,max,balanced,cached_mxbai,1079,1782201139.422455,,,
4026,0,svm,max,balanced,cached_mxbai,1080,1782201139.5404449,,,
1461,0,svm,max,balanced,cached_mxbai,1081,1782201139.6575344,,,
8530,0,svm,max,balanced,cached_mxbai,1082,1782201139.7739167,,,
4587,0,svm,max,balanced,cached_mxbai,1083,1782201139.890981,,,
6485,0,svm,max,balanced,cached_mxbai,1084,1782201140.011327,,,
2803,0,svm,max,balanced,cached_mxbai,1085,1782201140.1337986,,,
3081,0,svm,max,balanced,cached_mxbai,1086,1782201140.2510855,,,
6147,0,svm,max,balanced,cached_mxbai,1087,1782201140.3683977,,,
10031,0,svm,max,balanced,cached_mxbai,1088,1782201140.4861908,,,
4514,0,svm,max,balanced,cached_mxbai,1089,1782201140.6028345,,,
3515,0,svm,max,balanced,cached_mxbai,1090,1782201140.7195985,,,
4112,0,svm,max,balanced,cached_mxbai,1091,1782201140.8366392,,,
6121,0,svm,max,balanced,cached_mxbai,1092,1782201140.9573214,,,
4513,0,svm,max,balanced,cached_mxbai,1093,1782201141.0769556,,,
9240,0,svm,max,balanced,cached_mxbai,1094,1782201141.1969564,,,
7351,1,svm,max,balanced,cached_mxbai,1095,1782201141.315728,,,
9683,0,svm,max,balanced,cached_mxbai,1096,1782201141.4357028,,,
9028,0,svm,max,balanced,cached_mxbai,1097,1782201141.554587,,,
4962,0,svm,max,balanced,cached_mxbai,1098,1782201141.6713834,,,
5131,0,svm,max,balanced,cached_mxbai,1099,1782201141.7884965,,,
4131,0,svm,max,balanced,cached_mxbai,1100,1782201141.9064903,,,
5116,0,svm,max,balanced,cached_mxbai,1101,1782201142.0293047,,,
5516,0,svm,max,balanced,cached_mxbai,1102,1782201142.148834,,,
6249,0,svm,max,balanced,cached_mxbai,1103,1782201142.2664766,,,
7948,0,svm,max,balanced,cached_mxbai,1104,1782201142.384556,,,
1082,0,svm,max,balanced,cached_mxbai,1105,1782201142.5037005,,,
5237,0,svm,max,balanced,cached_mxbai,1106,1782201142.62265,,,
6609,0,svm,max,balanced,cached_mxbai,1107,1782201142.742385,,,
5112,0,svm,max,balanced,cached_mxbai,1108,1782201142.8615668,,,
9394,0,svm,max,balanced,cached_mxbai,1109,1782201142.9857333,,,
5870,0,svm,max,balanced,cached_mxbai,1110,1782201143.1040175,,,
421,0,svm,max,balanced,cached_mxbai,1111,1782201143.2251139,,,
37,0,svm,max,balanced,cached_mxbai,1112,1782201143.3431585,,,
4595,0,svm,max,balanced,cached_mxbai,1113,1782201143.463557,,,
2264,0,svm,max,balanced,cached_mxbai,1114,1782201143.5858102,,,
5165,0,svm,max,balanced,cached_mxbai,1115,1782201143.703529,,,
1492,0,svm,max,balanced,cached_mxbai,1116,1782201143.822428,,,
7804,0,svm,max,balanced,cached_mxbai,1117,1782201143.9408107,,,
3969,0,svm,max,balanced,cached_mxbai,1118,1782201144.06423,,,
4870,0,svm,max,balanced,cached_mxbai,1119,1782201144.1847358,,,
4415,0,svm,max,balanced,cached_mxbai,1120,1782201144.3041716,,,
2306,0,svm,max,balanced,cached_mxbai,1121,1782201144.4223826,,,
5581,0,svm,max,balanced,cached_mxbai,1122,1782201144.5436873,,,
3954,0,svm,max,balanced,cached_mxbai,1123,1782201144.6641946,,,
8126,0,svm,max,balanced,cached_mxbai,1124,1782201144.783845,,,
4523,0,svm,max,balanced,cached_mxbai,1125,1782201144.9028435,,,
2627,0,svm,max,balanced,cached_mxbai,1126,1782201145.0433044,,,
2053,0,svm,max,balanced,cached_mxbai,1127,1782201145.1685426,,,
6414,0,svm,max,balanced,cached_mxbai,1128,1782201145.3207474,,,
4910,0,svm,max,balanced,cached_mxbai,1129,1782201145.4437182,,,
2943,0,svm,max,balanced,cached_mxbai,1130,1782201145.564786,,,
413,0,svm,max,balanced,cached_mxbai,1131,1782201145.6850967,,,
3280,0,svm,max,balanced,cached_mxbai,1132,1782201145.8044288,,,
10308,0,svm,max,balanced,cached_mxbai,1133,1782201145.923072,,,
4710,0,svm,max,balanced,cached_mxbai,1134,1782201146.0463407,,,
10166,0,svm,max,balanced,cached_mxbai,1135,1782201146.1675968,,,
9876,0,svm,max,balanced,cached_mxbai,1136,1782201146.290089,,,
9382,0,svm,max,balanced,cached_mxbai,1137,1782201146.4102793,,,
6126,0,svm,max,balanced,cached_mxbai,1138,1782201146.5326056,,,
4480,0,svm,max,balanced,cached_mxbai,1139,1782201146.6548283,,,
3886,0,svm,max,balanced,cached_mxbai,1140,1782201146.7765126,,,
131,0,svm,max,balanced,cached_mxbai,1141,1782201146.8964462,,,
4684,0,svm,max,balanced,cached_mxbai,1142,1782201147.0199852,,,
5235,0,svm,max,balanced,cached_mxbai,1143,1782201147.1407456,,,
1287,0,svm,max,balanced,cached_mxbai,1144,1782201147.263444,,,
3586,0,svm,max,balanced,cached_mxbai,1145,1782201147.386078,,,
4602,0,svm,max,balanced,cached_mxbai,1146,1782201147.5082736,,,
3720,0,svm,max,balanced,cached_mxbai,1147,1782201147.629386,,,
3657,0,svm,max,balanced,cached_mxbai,1148,1782201147.7497034,,,
6936,0,svm,max,balanced,cached_mxbai,1149,1782201147.8702202,,,
4895,0,svm,max,balanced,cached_mxbai,1150,1782201147.9906328,,,
6298,0,svm,max,balanced,cached_mxbai,1151,1782201148.114889,,,
5425,0,svm,max,balanced,cached_mxbai,1152,1782201148.2313719,,,
4442,0,svm,max,balanced,cached_mxbai,1153,1782201148.3460474,,,
2235,0,svm,max,balanced,cached_mxbai,1154,1782201148.460716,,,
130,0,svm,max,balanced,cached_mxbai,1155,1782201148.5767303,,,
3423,0,svm,max,balanced,cached_mxbai,1156,1782201148.6919732,,,
4459,0,svm,max,balanced,cached_mxbai,1157,1782201148.806466,,,
2216,0,svm,max,balanced,cached_mxbai,1158,1782201148.9203854,,,
6601,0,svm,max,balanced,cached_mxbai,1159,1782201149.0384836,,,
7468,0,svm,max,balanced,cached_mxbai,1160,1782201149.154044,,,
4812,0,svm,max,balanced,cached_mxbai,1161,1782201149.2693732,,,
8597,0,svm,max,balanced,cached_mxbai,1162,1782201149.3850193,,,
10531,0,svm,max,balanced,cached_mxbai,1163,1782201149.5001776,,,
7771,0,svm,max,balanced,cached_mxbai,1164,1782201149.6159093,,,
3170,0,svm,max,balanced,cached_mxbai,1165,1782201149.7304468,,,
4481,0,svm,max,balanced,cached_mxbai,1166,1782201149.8457065,,,
3644,0,svm,max,balanced,cached_mxbai,1167,1782201149.9610727,,,
8036,0,svm,max,balanced,cached_mxbai,1168,1782201150.0798314,,,
7001,0,svm,max,balanced,cached_mxbai,1169,1782201150.1973596,,,
3475,0,svm,max,balanced,cached_mxbai,1170,1782201150.3124628,,,
9411,0,svm,max,balanced,cached_mxbai,1171,1782201150.4274542,,,
3757,0,svm,max,balanced,cached_mxbai,1172,1782201150.5457177,,,
6727,0,svm,max,balanced,cached_mxbai,1173,1782201150.663292,,,
5018,0,svm,max,balanced,cached_mxbai,1174,1782201150.779127,,,
4053,0,svm,max,balanced,cached_mxbai,1175,1782201150.8946946,,,
4961,0,svm,max,balanced,cached_mxbai,1176,1782201151.0101762,,,
571,0,svm,max,balanced,cached_mxbai,1177,1782201151.1305547,,,
47,0,svm,max,balanced,cached_mxbai,1178,1782201151.246151,,,
4653,0,svm,max,balanced,cached_mxbai,1179,1782201151.3616445,,,
8473,0,svm,max,balanced,cached_mxbai,1180,1782201151.4768343,,,
3981,0,svm,max,balanced,cached_mxbai,1181,1782201151.5930674,,,
6643,1,svm,max,balanced,cached_mxbai,1182,1782201151.7081435,,,
6278,0,svm,max,balanced,cached_mxbai,1183,1782201151.824088,,,
7102,0,svm,max,balanced,cached_mxbai,1184,1782201151.9388795,,,
6644,1,svm,max,balanced,cached_mxbai,1185,1782201152.05841,,,
9128,1,svm,max,balanced,cached_mxbai,1186,1782201152.175223,,,
8116,1,svm,max,balanced,cached_mxbai,1187,1782201152.291219,,,
3098,0,svm,max,balanced,cached_mxbai,1188,1782201152.4144201,,,
5058,0,svm,max,balanced,cached_mxbai,1189,1782201152.5391119,,,
10230,0,svm,max,balanced,cached_mxbai,1190,1782201152.6627617,,,
10390,0,svm,max,balanced,cached_mxbai,1191,1782201152.7863357,,,
4712,0,svm,max,balanced,cached_mxbai,1192,1782201152.9089692,,,
7464,0,svm,max,balanced,cached_mxbai,1193,1782201153.0281048,,,
8586,0,svm,max,balanced,cached_mxbai,1194,1782201153.1519363,,,
7910,0,svm,max,balanced,cached_mxbai,1195,1782201153.2696142,,,
4687,0,svm,max,balanced,cached_mxbai,1196,1782201153.3866436,,,
4936,0,svm,max,balanced,cached_mxbai,1197,1782201153.5034854,,,
2341,0,svm,max,balanced,cached_mxbai,1198,1782201153.6237774,,,
4362,0,svm,max,balanced,cached_mxbai,1199,1782201153.7409246,,,
6838,0,svm,max,balanced,cached_mxbai,1200,1782201153.8578653,,,
4815,0,svm,max,balanced,cached_mxbai,1201,1782201153.9743109,,,
7996,0,svm,max,balanced,cached_mxbai,1202,1782201154.0966778,,,
4977,0,svm,max,balanced,cached_mxbai,1203,1782201154.2136965,,,
7087,0,svm,max,balanced,cached_mxbai,1204,1782201154.3318462,,,
918,0,svm,max,balanced,cached_mxbai,1205,1782201154.4488707,,,
6545,0,svm,max,balanced,cached_mxbai,1206,1782201154.5698326,,,
849,0,svm,max,balanced,cached_mxbai,1207,1782201154.6997068,,,
4932,0,svm,max,balanced,cached_mxbai,1208,1782201154.8212845,,,
1694,0,svm,max,balanced,cached_mxbai,1209,1782201154.9425232,,,
10508,0,svm,max,balanced,cached_mxbai,1210,1782201155.0697367,,,
7478,0,svm,max,balanced,cached_mxbai,1211,1782201155.189899,,,
7088,0,svm,max,balanced,cached_mxbai,1212,1782201155.3389573,,,
4736,0,svm,max,balanced,cached_mxbai,1213,1782201155.4555392,,,
4839,0,svm,max,balanced,cached_mxbai,1214,1782201155.5740066,,,
3669,0,svm,max,balanced,cached_mxbai,1215,1782201155.6895719,,,
5089,0,svm,max,balanced,cached_mxbai,1216,1782201155.8071158,,,
7327,0,svm,max,balanced,cached_mxbai,1217,1782201155.9229589,,,
4389,0,svm,max,balanced,cached_mxbai,1218,1782201156.0389974,,,
5095,0,svm,max,balanced,cached_mxbai,1219,1782201156.1614683,,,
26,0,svm,max,balanced,cached_mxbai,1220,1782201156.2779613,,,
1724,0,svm,max,balanced,cached_mxbai,1221,1782201156.3940506,,,
7661,0,svm,max,balanced,cached_mxbai,1222,1782201156.5104089,,,
8709,0,svm,max,balanced,cached_mxbai,1223,1782201156.6295044,,,
8100,0,svm,max,balanced,cached_mxbai,1224,1782201156.7462842,,,
4789,0,svm,max,balanced,cached_mxbai,1225,1782201156.8619945,,,
7066,0,svm,max,balanced,cached_mxbai,1226,1782201156.9784915,,,
4790,0,svm,max,balanced,cached_mxbai,1227,1782201157.1020315,,,
6602,0,svm,max,balanced,cached_mxbai,1228,1782201157.2261415,,,
859,0,svm,max,balanced,cached_mxbai,1229,1782201157.3540502,,,
8507,0,svm,max,balanced,cached_mxbai,1230,1782201157.476594,,,
7335,0,svm,max,balanced,cached_mxbai,1231,1782201157.6025035,,,
4974,0,svm,max,balanced,cached_mxbai,1232,1782201157.7270436,,,
3588,0,svm,max,balanced,cached_mxbai,1233,1782201157.8506982,,,
4781,0,svm,max,balanced,cached_mxbai,1234,1782201157.9735081,,,
6432,0,svm,max,balanced,cached_mxbai,1235,1782201158.1057298,,,
3291,0,svm,max,balanced,cached_mxbai,1236,1782201158.2326555,,,
4403,0,svm,max,balanced,cached_mxbai,1237,1782201158.3564572,,,
1445,1,svm,max,balanced,cached_mxbai,1238,1782201158.4794977,,,
3500,0,svm,max,balanced,cached_mxbai,1239,1782201158.6047816,,,
3115,0,svm,max,balanced,cached_mxbai,1240,1782201158.7286315,,,
3486,0,svm,max,balanced,cached_mxbai,1241,1782201158.8522806,,,
1161,0,svm,max,balanced,cached_mxbai,1242,1782201158.9750047,,,
3519,0,svm,max,balanced,cached_mxbai,1243,1782201159.1025934,,,
1536,0,svm,max,balanced,cached_mxbai,1244,1782201159.227296,,,
2352,0,svm,max,balanced,cached_mxbai,1245,1782201159.3501544,,,
2161,0,svm,max,balanced,cached_mxbai,1246,1782201159.4738438,,,
9009,0,svm,max,balanced,cached_mxbai,1247,1782201159.5982099,,,
3756,0,svm,max,balanced,cached_mxbai,1248,1782201159.7240834,,,
9664,0,svm,max,balanced,cached_mxbai,1249,1782201159.8508468,,,
4845,0,svm,max,balanced,cached_mxbai,1250,1782201159.9741044,,,
3987,0,svm,max,balanced,cached_mxbai,1251,1782201160.1015978,,,
3957,0,svm,max,balanced,cached_mxbai,1252,1782201160.2271366,,,
3242,0,svm,max,balanced,cached_mxbai,1253,1782201160.3536391,,,
1746,0,svm,max,balanced,cached_mxbai,1254,1782201160.478622,,,
5000,0,svm,max,balanced,cached_mxbai,1255,1782201160.6046677,,,
7259,0,svm,max,balanced,cached_mxbai,1256,1782201160.729661,,,
9912,0,svm,max,balanced,cached_mxbai,1257,1782201160.8548582,,,
4811,0,svm,max,balanced,cached_mxbai,1258,1782201160.979539,,,
5387,0,svm,max,balanced,cached_mxbai,1259,1782201161.1090765,,,
7500,0,svm,max,balanced,cached_mxbai,1260,1782201161.2351067,,,
5022,0,svm,max,balanced,cached_mxbai,1261,1782201161.360869,,,
2447,0,svm,max,balanced,cached_mxbai,1262,1782201161.4859025,,,
6322,0,svm,max,balanced,cached_mxbai,1263,1782201161.6125565,,,
3431,0,svm,max,balanced,cached_mxbai,1264,1782201161.7374249,,,
3564,0,svm,max,balanced,cached_mxbai,1265,1782201161.8631887,,,
8911,0,svm,max,balanced,cached_mxbai,1266,1782201161.9894826,,,
1968,0,svm,max,balanced,cached_mxbai,1267,1782201162.1153054,,,
6458,0,svm,max,balanced,cached_mxbai,1268,1782201162.2416973,,,
6355,0,svm,max,balanced,cached_mxbai,1269,1782201162.3671398,,,
5001,0,svm,max,balanced,cached_mxbai,1270,1782201162.4929662,,,
8544,0,svm,max,balanced,cached_mxbai,1271,1782201162.6203508,,,
5221,0,svm,max,balanced,cached_mxbai,1272,1782201162.7481933,,,
3345,0,svm,max,balanced,cached_mxbai,1273,1782201162.8767164,,,
9180,0,svm,max,balanced,cached_mxbai,1274,1782201163.005586,,,
6358,0,svm,max,balanced,cached_mxbai,1275,1782201163.132472,,,
7171,0,svm,max,balanced,cached_mxbai,1276,1782201163.2599728,,,
4215,0,svm,max,balanced,cached_mxbai,1277,1782201163.3862538,,,
4646,0,svm,max,balanced,cached_mxbai,1278,1782201163.5119913,,,
6907,0,svm,max,balanced,cached_mxbai,1279,1782201163.6397195,,,
9209,0,svm,max,balanced,cached_mxbai,1280,1782201163.7660897,,,
10399,0,svm,max,balanced,cached_mxbai,1281,1782201163.892803,,,
6670,0,svm,max,balanced,cached_mxbai,1282,1782201164.0200288,,,
5992,0,svm,max,balanced,cached_mxbai,1283,1782201164.150414,,,
4892,0,svm,max,balanced,cached_mxbai,1284,1782201164.278038,,,
6137,0,svm,max,balanced,cached_mxbai,1285,1782201164.4042552,,,
6574,0,svm,max,balanced,cached_mxbai,1286,1782201164.53079,,,
3052,0,svm,max,balanced,cached_mxbai,1287,1782201164.6604698,,,
4928,0,svm,max,balanced,cached_mxbai,1288,1782201164.789781,,,
8410,0,svm,max,balanced,cached_mxbai,1289,1782201164.9185164,,,
4231,0,svm,max,balanced,cached_mxbai,1290,1782201165.051083,,,
4818,0,svm,max,balanced,cached_mxbai,1291,1782201165.1841555,,,
3984,0,svm,max,balanced,cached_mxbai,1292,1782201165.3553326,,,
5186,0,svm,max,balanced,cached_mxbai,1293,1782201165.4839716,,,
6945,0,svm,max,balanced,cached_mxbai,1294,1782201165.6140833,,,
8848,0,svm,max,balanced,cached_mxbai,1295,1782201165.7485375,,,
9834,0,svm,max,balanced,cached_mxbai,1296,1782201165.8786604,,,
4926,0,svm,max,balanced,cached_mxbai,1297,1782201166.0075057,,,
4351,0,svm,max,balanced,cached_mxbai,1298,1782201166.1355724,,,
8560,0,svm,max,balanced,cached_mxbai,1299,1782201166.266751,,,
4416,0,svm,max,balanced,cached_mxbai,1300,1782201166.395685,,,
7232,0,svm,max,balanced,cached_mxbai,1301,1782201166.524604,,,
3605,0,svm,max,balanced,cached_mxbai,1302,1782201166.6565979,,,
4198,0,svm,max,balanced,cached_mxbai,1303,1782201166.7864354,,,
9108,0,svm,max,balanced,cached_mxbai,1304,1782201166.9152458,,,
1156,0,svm,max,balanced,cached_mxbai,1305,1782201167.0450344,,,
7961,0,svm,max,balanced,cached_mxbai,1306,1782201167.1755662,,,
4011,0,svm,max,balanced,cached_mxbai,1307,1782201167.3056862,,,
4417,0,svm,max,balanced,cached_mxbai,1308,1782201167.434834,,,
9272,0,svm,max,balanced,cached_mxbai,1309,1782201167.5643883,,,
4291,0,svm,max,balanced,cached_mxbai,1310,1782201167.6960526,,,
9083,0,svm,max,balanced,cached_mxbai,1311,1782201167.826741,,,
4655,0,svm,max,balanced,cached_mxbai,1312,1782201167.9563,,,
3188,0,svm,max,balanced,cached_mxbai,1313,1782201168.0887291,,,
7169,0,svm,max,balanced,cached_mxbai,1314,1782201168.2207294,,,
9604,0,svm,max,balanced,cached_mxbai,1315,1782201168.3516066,,,
2770,0,svm,max,balanced,cached_mxbai,1316,1782201168.481785,,,
7744,0,svm,max,balanced,cached_mxbai,1317,1782201168.613243,,,
4958,0,svm,max,balanced,cached_mxbai,1318,1782201168.7476594,,,
3350,0,svm,max,balanced,cached_mxbai,1319,1782201168.8824399,,,
4412,0,svm,max,balanced,cached_mxbai,1320,1782201169.0132296,,,
3033,0,svm,max,balanced,cached_mxbai,1321,1782201169.1445596,,,
7527,0,svm,max,balanced,cached_mxbai,1322,1782201169.2777905,,,
9290,0,svm,max,balanced,cached_mxbai,1323,1782201169.409536,,,
7079,0,svm,max,balanced,cached_mxbai,1324,1782201169.5408268,,,
3693,0,svm,max,balanced,cached_mxbai,1325,1782201169.6720483,,,
4575,0,svm,max,balanced,cached_mxbai,1326,1782201169.8048337,,,
3952,0,svm,max,balanced,cached_mxbai,1327,1782201169.936305,,,
10058,0,svm,max,balanced,cached_mxbai,1328,1782201170.0678923,,,
4846,0,svm,max,balanced,cached_mxbai,1329,1782201170.1999452,,,
1852,0,svm,max,balanced,cached_mxbai,1330,1782201170.333167,,,
6482,0,svm,max,balanced,cached_mxbai,1331,1782201170.463393,,,
4419,0,svm,max,balanced,cached_mxbai,1332,1782201170.5954545,,,
8282,0,svm,max,balanced,cached_mxbai,1333,1782201170.7292004,,,
10060,0,svm,max,balanced,cached_mxbai,1334,1782201170.861128,,,
4772,0,svm,max,balanced,cached_mxbai,1335,1782201170.9920278,,,
5575,0,svm,max,balanced,cached_mxbai,1336,1782201171.1228254,,,
7632,0,svm,max,balanced,cached_mxbai,1337,1782201171.2557483,,,
9797,0,svm,max,balanced,cached_mxbai,1338,1782201171.38674,,,
4469,0,svm,max,balanced,cached_mxbai,1339,1782201171.5186102,,,
7691,0,svm,max,balanced,cached_mxbai,1340,1782201171.6528606,,,
3061,0,svm,max,balanced,cached_mxbai,1341,1782201171.7879157,,,
8812,0,svm,max,balanced,cached_mxbai,1342,1782201171.9222858,,,
4537,0,svm,max,balanced,cached_mxbai,1343,1782201172.0539136,,,
9449,0,svm,max,balanced,cached_mxbai,1344,1782201172.1857777,,,
8050,0,svm,max,balanced,cached_mxbai,1345,1782201172.3205838,,,
9160,0,svm,max,balanced,cached_mxbai,1346,1782201172.451985,,,
570,0,svm,max,balanced,cached_mxbai,1347,1782201172.5844216,,,
4865,0,svm,max,balanced,cached_mxbai,1348,1782201172.7195466,,,
6748,0,svm,max,balanced,cached_mxbai,1349,1782201172.8529649,,,
6338,0,svm,max,balanced,cached_mxbai,1350,1782201172.9852777,,,
5511,0,svm,max,balanced,cached_mxbai,1351,1782201173.1170166,,,
10326,0,svm,max,balanced,cached_mxbai,1352,1782201173.251029,,,
7149,0,svm,max,balanced,cached_mxbai,1353,1782201173.3837965,,,
4098,0,svm,max,balanced,cached_mxbai,1354,1782201173.515018,,,
4012,0,svm,max,balanced,cached_mxbai,1355,1782201173.6484966,,,
4148,0,svm,max,balanced,cached_mxbai,1356,1782201173.7977986,,,
8679,0,svm,max,balanced,cached_mxbai,1357,1782201173.9309504,,,
4700,0,svm,max,balanced,cached_mxbai,1358,1782201174.0637734,,,
3282,0,svm,max,balanced,cached_mxbai,1359,1782201174.1954641,,,
4111,0,svm,max,balanced,cached_mxbai,1360,1782201174.3326538,,,
2965,0,svm,max,balanced,cached_mxbai,1361,1782201174.4652238,,,
9623,0,svm,max,balanced,cached_mxbai,1362,1782201174.5971818,,,
5902,0,svm,max,balanced,cached_mxbai,1363,1782201174.732195,,,
3440,0,svm,max,balanced,cached_mxbai,1364,1782201174.8664868,,,
5552,0,svm,max,balanced,cached_mxbai,1365,1782201174.9991913,,,
5014,0,svm,max,balanced,cached_mxbai,1366,1782201175.1391861,,,
7265,0,svm,max,balanced,cached_mxbai,1367,1782201175.2946005,,,
759,0,svm,max,balanced,cached_mxbai,1368,1782201175.434733,,,
4893,0,svm,max,balanced,cached_mxbai,1369,1782201175.567428,,,
6005,0,svm,max,balanced,cached_mxbai,1370,1782201175.7026668,,,
4331,0,svm,max,balanced,cached_mxbai,1371,1782201175.8397543,,,
4853,0,svm,max,balanced,cached_mxbai,1372,1782201175.974953,,,
5108,0,svm,max,balanced,cached_mxbai,1373,1782201176.1078746,,,
2066,0,svm,max,balanced,cached_mxbai,1374,1782201176.2439876,,,
4319,0,svm,max,balanced,cached_mxbai,1375,1782201176.3782446,,,
9897,0,svm,max,balanced,cached_mxbai,1376,1782201176.511585,,,
8158,0,svm,max,balanced,cached_mxbai,1377,1782201176.6462026,,,
4668,0,svm,max,balanced,cached_mxbai,1378,1782201176.7821405,,,
4733,0,svm,max,balanced,cached_mxbai,1379,1782201176.9181077,,,
1262,0,svm,max,balanced,cached_mxbai,1380,1782201177.0527632,,,
4411,0,svm,max,balanced,cached_mxbai,1381,1782201177.1892467,,,
5245,0,svm,max,balanced,cached_mxbai,1382,1782201177.3238206,,,
6285,0,svm,max,balanced,cached_mxbai,1383,1782201177.45855,,,
10088,0,svm,max,balanced,cached_mxbai,1384,1782201177.5925946,,,
5161,0,svm,max,balanced,cached_mxbai,1385,1782201177.7262886,,,
1078,0,svm,max,balanced,cached_mxbai,1386,1782201177.862606,,,
4804,0,svm,max,balanced,cached_mxbai,1387,1782201177.9973555,,,
5939,0,svm,max,balanced,cached_mxbai,1388,1782201178.131042,,,
8463,0,svm,max,balanced,cached_mxbai,1389,1782201178.2659917,,,
9171,0,svm,max,balanced,cached_mxbai,1390,1782201178.3999803,,,
4530,0,svm,max,balanced,cached_mxbai,1391,1782201178.5345695,,,
3434,0,svm,max,balanced,cached_mxbai,1392,1782201178.6699274,,,
5212,0,svm,max,balanced,cached_mxbai,1393,1782201178.807165,,,
9773,0,svm,max,balanced,cached_mxbai,1394,1782201178.941619,,,
5839,1,svm,max,balanced,cached_mxbai,1395,1782201179.076121,,,
7743,0,svm,max,balanced,cached_mxbai,1396,1782201179.210176,,,
2254,0,svm,max,balanced,cached_mxbai,1397,1782201179.3450081,,,
3634,0,svm,max,balanced,cached_mxbai,1398,1782201179.4798539,,,
7712,0,svm,max,balanced,cached_mxbai,1399,1782201179.6155016,,,
5024,0,svm,max,balanced,cached_mxbai,1400,1782201179.7518048,,,
5956,0,svm,max,balanced,cached_mxbai,1401,1782201179.8882122,,,
4261,0,svm,max,balanced,cached_mxbai,1402,1782201180.023685,,,
4882,0,svm,max,balanced,cached_mxbai,1403,1782201180.159015,,,
8038,0,svm,max,balanced,cached_mxbai,1404,1782201180.2947564,,,
4799,0,svm,max,balanced,cached_mxbai,1405,1782201180.4304447,,,
3506,0,svm,max,balanced,cached_mxbai,1406,1782201180.5654602,,,
4652,0,svm,max,balanced,cached_mxbai,1407,1782201180.7010684,,,
8889,0,svm,max,balanced,cached_mxbai,1408,1782201180.8406034,,,
4632,0,svm,max,balanced,cached_mxbai,1409,1782201180.9756923,,,
273,0,svm,max,balanced,cached_mxbai,1410,1782201181.1114213,,,
3044,0,svm,max,balanced,cached_mxbai,1411,1782201181.2473392,,,
3507,0,svm,max,balanced,cached_mxbai,1412,1782201181.384161,,,
1234,0,svm,max,balanced,cached_mxbai,1413,1782201181.518906,,,
5106,0,svm,max,balanced,cached_mxbai,1414,1782201181.6597557,,,
4970,0,svm,max,balanced,cached_mxbai,1415,1782201181.8170145,,,
2039,0,svm,max,balanced,cached_mxbai,1416,1782201181.973019,,,
7728,0,svm,max,balanced,cached_mxbai,1417,1782201182.1285903,,,
3763,0,svm,max,balanced,cached_mxbai,1418,1782201182.2745965,,,
5036,0,svm,max,balanced,cached_mxbai,1419,1782201182.4161608,,,
3236,0,svm,max,balanced,cached_mxbai,1420,1782201182.5580938,,,
4664,0,svm,max,balanced,cached_mxbai,1421,1782201182.6984105,,,
8497,0,svm,max,balanced,cached_mxbai,1422,1782201182.8401244,,,
3988,0,svm,max,balanced,cached_mxbai,1423,1782201182.977731,,,
8918,0,svm,max,balanced,cached_mxbai,1424,1782201183.1149998,,,
4142,0,svm,max,balanced,cached_mxbai,1425,1782201183.2516856,,,
4629,0,svm,max,balanced,cached_mxbai,1426,1782201183.3928025,,,
10492,0,svm,max,balanced,cached_mxbai,1427,1782201183.5289533,,,
4106,0,svm,max,balanced,cached_mxbai,1428,1782201183.6672962,,,
5086,0,svm,max,balanced,cached_mxbai,1429,1782201183.8060246,,,
4463,0,svm,max,balanced,cached_mxbai,1430,1782201183.9440582,,,
5159,0,svm,max,balanced,cached_mxbai,1431,1782201184.0807154,,,
8547,0,svm,max,balanced,cached_mxbai,1432,1782201184.217335,,,
4966,0,svm,max,balanced,cached_mxbai,1433,1782201184.3542247,,,
3130,0,svm,max,balanced,cached_mxbai,1434,1782201184.4909172,,,
6162,0,svm,max,balanced,cached_mxbai,1435,1782201184.628734,,,
2583,0,svm,max,balanced,cached_mxbai,1436,1782201184.7662876,,,
4991,0,svm,max,balanced,cached_mxbai,1437,1782201184.9058714,,,
8228,0,svm,max,balanced,cached_mxbai,1438,1782201185.049595,,,
4708,0,svm,max,balanced,cached_mxbai,1439,1782201185.186899,,,
1646,0,svm,max,balanced,cached_mxbai,1440,1782201185.3491504,,,
9864,0,svm,max,balanced,cached_mxbai,1441,1782201185.4867144,,,
8928,0,svm,max,balanced,cached_mxbai,1442,1782201185.6241293,,,
5063,0,svm,max,balanced,cached_mxbai,1443,1782201185.760931,,,
6771,0,svm,max,balanced,cached_mxbai,1444,1782201185.9014246,,,
3905,0,svm,max,balanced,cached_mxbai,1445,1782201186.0393963,,,
2831,0,svm,max,balanced,cached_mxbai,1446,1782201186.1761103,,,
4014,0,svm,max,balanced,cached_mxbai,1447,1782201186.3143878,,,
9410,0,svm,max,balanced,cached_mxbai,1448,1782201186.454053,,,
5672,0,svm,max,balanced,cached_mxbai,1449,1782201186.591334,,,
4489,0,svm,max,balanced,cached_mxbai,1450,1782201186.7292173,,,
692,0,svm,max,balanced,cached_mxbai,1451,1782201186.8694208,,,
5153,0,svm,max,balanced,cached_mxbai,1452,1782201187.0086076,,,
4045,0,svm,max,balanced,cached_mxbai,1453,1782201187.1468115,,,
9176,0,svm,max,balanced,cached_mxbai,1454,1782201187.286699,,,
3562,0,svm,max,balanced,cached_mxbai,1455,1782201187.4286125,,,
4676,0,svm,max,balanced,cached_mxbai,1456,1782201187.5759497,,,
3024,0,svm,max,balanced,cached_mxbai,1457,1782201187.7173371,,,
4336,0,svm,max,balanced,cached_mxbai,1458,1782201187.8588467,,,
4654,0,svm,max,balanced,cached_mxbai,1459,1782201188.0000882,,,
10065,0,svm,max,balanced,cached_mxbai,1460,1782201188.1389732,,,
6461,0,svm,max,balanced,cached_mxbai,1461,1782201188.2774858,,,
1613,0,svm,max,balanced,cached_mxbai,1462,1782201188.4164007,,,
5487,0,svm,max,balanced,cached_mxbai,1463,1782201188.5554733,,,
9371,0,svm,max,balanced,cached_mxbai,1464,1782201188.6939692,,,
4600,0,svm,max,balanced,cached_mxbai,1465,1782201188.8342183,,,
6196,0,svm,max,balanced,cached_mxbai,1466,1782201188.9734716,,,
5010,0,svm,max,balanced,cached_mxbai,1467,1782201189.114697,,,
3146,0,svm,max,balanced,cached_mxbai,1468,1782201189.2536302,,,
3805,0,svm,max,balanced,cached_mxbai,1469,1782201189.3922448,,,
4764,0,svm,max,balanced,cached_mxbai,1470,1782201189.5300002,,,
10242,0,svm,max,balanced,cached_mxbai,1471,1782201189.6684628,,,
10551,0,svm,max,balanced,cached_mxbai,1472,1782201189.8069966,,,
8759,0,svm,max,balanced,cached_mxbai,1473,1782201189.9472704,,,
4975,0,svm,max,balanced,cached_mxbai,1474,1782201190.086717,,,
5643,0,svm,max,balanced,cached_mxbai,1475,1782201190.228583,,,
4553,0,svm,max,balanced,cached_mxbai,1476,1782201190.3689795,,,
9098,0,svm,max,balanced,cached_mxbai,1477,1782201190.5085807,,,
6569,0,svm,max,balanced,cached_mxbai,1478,1782201190.6470792,,,
4539,0,svm,max,balanced,cached_mxbai,1479,1782201190.786909,,,
10239,0,svm,max,balanced,cached_mxbai,1480,1782201190.9330533,,,
5151,0,svm,max,balanced,cached_mxbai,1481,1782201191.0741153,,,
7897,0,svm,max,balanced,cached_mxbai,1482,1782201191.2130542,,,
4615,0,svm,max,balanced,cached_mxbai,1483,1782201191.3533041,,,
3932,0,svm,max,balanced,cached_mxbai,1484,1782201191.4932206,,,
4284,0,svm,max,balanced,cached_mxbai,1485,1782201191.631831,,,
3640,0,svm,max,balanced,cached_mxbai,1486,1782201191.7708771,,,
5984,0,svm,max,balanced,cached_mxbai,1487,1782201191.9321074,,,
8885,0,svm,max,balanced,cached_mxbai,1488,1782201192.0737991,,,
6975,0,svm,max,balanced,cached_mxbai,1489,1782201192.2134528,,,
8797,0,svm,max,balanced,cached_mxbai,1490,1782201192.3561924,,,
4996,0,svm,max,balanced,cached_mxbai,1491,1782201192.499503,,,
8123,0,svm,max,balanced,cached_mxbai,1492,1782201192.6397388,,,
8046,0,svm,max,balanced,cached_mxbai,1493,1782201192.7794821,,,
10451,0,svm,max,balanced,cached_mxbai,1494,1782201192.9236176,,,
1222,0,svm,max,balanced,cached_mxbai,1495,1782201193.065408,,,
113,0,svm,max,balanced,cached_mxbai,1496,1782201193.2207592,,,
7477,0,svm,max,balanced,cached_mxbai,1497,1782201193.3638268,,,
4562,0,svm,max,balanced,cached_mxbai,1498,1782201193.5046246,,,
5220,0,svm,max,balanced,cached_mxbai,1499,1782201193.6451223,,,
6671,0,svm,max,balanced,cached_mxbai,1500,1782201193.786119,,,
796,0,svm,max,balanced,cached_mxbai,1501,1782201193.9312236,,,
4488,0,svm,max,balanced,cached_mxbai,1502,1782201194.0777607,,,
10081,0,svm,max,balanced,cached_mxbai,1503,1782201194.2215946,,,
5138,0,svm,max,balanced,cached_mxbai,1504,1782201194.365216,,,
4863,0,svm,max,balanced,cached_mxbai,1505,1782201194.5082917,,,
9798,0,svm,max,balanced,cached_mxbai,1506,1782201194.6491885,,,
3460,0,svm,max,balanced,cached_mxbai,1507,1782201194.7899177,,,
6319,0,svm,max,balanced,cached_mxbai,1508,1782201194.9324095,,,
3629,0,svm,max,balanced,cached_mxbai,1509,1782201195.079611,,,
2873,0,svm,max,balanced,cached_mxbai,1510,1782201195.2383041,,,
4982,0,svm,max,balanced,cached_mxbai,1511,1782201195.4034045,,,
4490,0,svm,max,balanced,cached_mxbai,1512,1782201195.5465212,,,
4322,0,svm,max,balanced,cached_mxbai,1513,1782201195.6886206,,,
3991,0,svm,max,balanced,cached_mxbai,1514,1782201195.845734,,,
3844,0,svm,max,balanced,cached_mxbai,1515,1782201196.0045452,,,
5396,0,svm,max,balanced,cached_mxbai,1516,1782201196.1629453,,,
1476,0,svm,max,balanced,cached_mxbai,1517,1782201196.3206809,,,
4207,0,svm,max,balanced,cached_mxbai,1518,1782201196.478091,,,
10133,0,svm,max,balanced,cached_mxbai,1519,1782201196.6349282,,,
6122,0,svm,max,balanced,cached_mxbai,1520,1782201196.7911918,,,
4454,0,svm,max,balanced,cached_mxbai,1521,1782201196.9498582,,,
5969,0,svm,max,balanced,cached_mxbai,1522,1782201197.1075299,,,
7873,0,svm,max,balanced,cached_mxbai,1523,1782201197.265054,,,
6138,0,svm,max,balanced,cached_mxbai,1524,1782201197.423113,,,
3938,0,svm,max,balanced,cached_mxbai,1525,1782201197.5807312,,,
7933,0,svm,max,balanced,cached_mxbai,1526,1782201197.7385998,,,
160,0,svm,max,balanced,cached_mxbai,1527,1782201197.896137,,,
8580,0,svm,max,balanced,cached_mxbai,1528,1782201198.055207,,,
4725,0,svm,max,balanced,cached_mxbai,1529,1782201198.2121022,,,
4675,0,svm,max,balanced,cached_mxbai,1530,1782201198.3695898,,,
9947,0,svm,max,balanced,cached_mxbai,1531,1782201198.528292,,,
9137,0,svm,max,balanced,cached_mxbai,1532,1782201198.6855621,,,
6151,0,svm,max,balanced,cached_mxbai,1533,1782201198.844479,,,
4827,0,svm,max,balanced,cached_mxbai,1534,1782201199.0045679,,,
5223,0,svm,max,balanced,cached_mxbai,1535,1782201199.1622176,,,
5496,0,svm,max,balanced,cached_mxbai,1536,1782201199.3198283,,,
4138,0,svm,max,balanced,cached_mxbai,1537,1782201199.477805,,,
4634,0,svm,max,balanced,cached_mxbai,1538,1782201199.6407244,,,
2562,0,svm,max,balanced,cached_mxbai,1539,1782201199.799191,,,
1912,0,svm,max,balanced,cached_mxbai,1540,1782201199.9588485,,,
3752,0,svm,max,balanced,cached_mxbai,1541,1782201200.1187851,,,
10545,0,svm,max,balanced,cached_mxbai,1542,1782201200.2768536,,,
8004,0,svm,max,balanced,cached_mxbai,1543,1782201200.4376671,,,
5608,0,svm,max,balanced,cached_mxbai,1544,1782201200.5968747,,,
4957,0,svm,max,balanced,cached_mxbai,1545,1782201200.755733,,,
4372,0,svm,max,balanced,cached_mxbai,1546,1782201200.9152944,,,
5110,0,svm,max,balanced,cached_mxbai,1547,1782201201.0767877,,,
8629,0,svm,max,balanced,cached_mxbai,1548,1782201201.2409446,,,
3399,0,svm,max,balanced,cached_mxbai,1549,1782201201.4070106,,,
8355,0,svm,max,balanced,cached_mxbai,1550,1782201201.5736697,,,
6949,0,svm,max,balanced,cached_mxbai,1551,1782201201.7317007,,,
4968,0,svm,max,balanced,cached_mxbai,1552,1782201201.8898382,,,
3801,0,svm,max,balanced,cached_mxbai,1553,1782201202.0580664,,,
9582,0,svm,max,balanced,cached_mxbai,1554,1782201202.2245555,,,
7714,0,svm,max,balanced,cached_mxbai,1555,1782201202.3915646,,,
7231,0,svm,max,balanced,cached_mxbai,1556,1782201202.5808716,,,
7879,0,svm,max,balanced,cached_mxbai,1557,1782201202.7477071,,,
8272,0,svm,max,balanced,cached_mxbai,1558,1782201202.914945,,,
4486,0,svm,max,balanced,cached_mxbai,1559,1782201203.0857308,,,
4021,0,svm,max,balanced,cached_mxbai,1560,1782201203.2560997,,,
9219,0,svm,max,balanced,cached_mxbai,1561,1782201203.4242988,,,
5198,0,svm,max,balanced,cached_mxbai,1562,1782201203.5935252,,,
4410,0,svm,max,balanced,cached_mxbai,1563,1782201203.7606115,,,
6235,0,svm,max,balanced,cached_mxbai,1564,1782201203.928539,,,
4826,0,svm,max,balanced,cached_mxbai,1565,1782201204.0969646,,,
173,0,svm,max,balanced,cached_mxbai,1566,1782201204.2646635,,,
2433,0,svm,max,balanced,cached_mxbai,1567,1782201204.4320877,,,
709,0,svm,max,balanced,cached_mxbai,1568,1782201204.5994434,,,
1261,0,svm,max,balanced,cached_mxbai,1569,1782201204.7673142,,,
4397,0,svm,max,balanced,cached_mxbai,1570,1782201204.9377754,,,
3385,0,svm,max,balanced,cached_mxbai,1571,1782201205.1322627,,,
5325,0,svm,max,balanced,cached_mxbai,1572,1782201205.3346953,,,
3656,0,svm,max,balanced,cached_mxbai,1573,1782201205.5042646,,,
4501,0,svm,max,balanced,cached_mxbai,1574,1782201205.6745412,,,
3654,0,svm,max,balanced,cached_mxbai,1575,1782201205.8444498,,,
8303,0,svm,max,balanced,cached_mxbai,1576,1782201206.0152414,,,
4278,0,svm,max,balanced,cached_mxbai,1577,1782201206.1860392,,,
57,0,svm,max,balanced,cached_mxbai,1578,1782201206.356896,,,
9433,0,svm,max,balanced,cached_mxbai,1579,1782201206.525316,,,
9878,0,svm,max,balanced,cached_mxbai,1580,1782201206.696027,,,
1039,0,svm,max,balanced,cached_mxbai,1581,1782201206.8617523,,,
3109,0,svm,max,balanced,cached_mxbai,1582,1782201207.0320852,,,
4241,0,svm,max,balanced,cached_mxbai,1583,1782201207.200672,,,
4622,0,svm,max,balanced,cached_mxbai,1584,1782201207.368123,,,
9547,0,svm,max,balanced,cached_mxbai,1585,1782201207.5339482,,,
10206,0,svm,max,balanced,cached_mxbai,1586,1782201207.6996977,,,
8828,0,svm,max,balanced,cached_mxbai,1587,1782201207.8659377,,,
4699,0,svm,max,balanced,cached_mxbai,1588,1782201208.0327544,,,
3783,0,svm,max,balanced,cached_mxbai,1589,1782201208.2007778,,,
9442,0,svm,max,balanced,cached_mxbai,1590,1782201208.3676407,,,
6270,0,svm,max,balanced,cached_mxbai,1591,1782201208.533462,,,
5805,0,svm,max,balanced,cached_mxbai,1592,1782201208.699863,,,
4757,0,svm,max,balanced,cached_mxbai,1593,1782201208.8667624,,,
8660,0,svm,max,balanced,cached_mxbai,1594,1782201209.0348847,,,
1321,0,svm,max,balanced,cached_mxbai,1595,1782201209.202029,,,
2541,0,svm,max,balanced,cached_mxbai,1596,1782201209.369761,,,
1031,0,svm,max,balanced,cached_mxbai,1597,1782201209.5388725,,,
443,0,svm,max,balanced,cached_mxbai,1598,1782201209.7060652,,,
4498,0,svm,max,balanced,cached_mxbai,1599,1782201209.8735669,,,
4847,0,svm,max,balanced,cached_mxbai,1600,1782201210.041871,,,
3556,0,svm,max,balanced,cached_mxbai,1601,1782201210.210912,,,
3165,0,svm,max,balanced,cached_mxbai,1602,1782201210.3805456,,,
4497,0,svm,max,balanced,cached_mxbai,1603,1782201210.547272,,,
5128,0,svm,max,balanced,cached_mxbai,1604,1782201210.71511,,,
4763,0,svm,max,balanced,cached_mxbai,1605,1782201210.8833537,,,
4069,0,svm,max,balanced,cached_mxbai,1606,1782201211.0528615,,,
3609,0,svm,max,balanced,cached_mxbai,1607,1782201211.2219882,,,
9911,0,svm,max,balanced,cached_mxbai,1608,1782201211.3901458,,,
5100,0,svm,max,balanced,cached_mxbai,1609,1782201211.5569067,,,
8847,0,svm,max,balanced,cached_mxbai,1610,1782201211.7101948,,,
4246,0,svm,max,balanced,cached_mxbai,1611,1782201211.8628974,,,
10521,0,svm,max,balanced,cached_mxbai,1612,1782201212.0160642,,,
4750,0,svm,max,balanced,cached_mxbai,1613,1782201212.170311,,,
3554,0,svm,max,balanced,cached_mxbai,1614,1782201212.32652,,,
5292,0,svm,max,balanced,cached_mxbai,1615,1782201212.4821432,,,
9496,0,svm,max,balanced,cached_mxbai,1616,1782201212.6542408,,,
3083,0,svm,max,balanced,cached_mxbai,1617,1782201212.8131268,,,
3788,0,svm,max,balanced,cached_mxbai,1618,1782201212.967144,,,
9624,0,svm,max,balanced,cached_mxbai,1619,1782201213.1229365,,,
1796,0,svm,max,balanced,cached_mxbai,1620,1782201213.2761269,,,
3689,0,svm,max,balanced,cached_mxbai,1621,1782201213.4307775,,,
2782,0,svm,max,balanced,cached_mxbai,1622,1782201213.5846171,,,
4896,0,svm,max,balanced,cached_mxbai,1623,1782201213.7383592,,,
1241,0,svm,max,balanced,cached_mxbai,1624,1782201213.8933744,,,
4091,0,svm,max,balanced,cached_mxbai,1625,1782201214.0477307,,,
5621,0,svm,max,balanced,cached_mxbai,1626,1782201214.203841,,,
1278,0,svm,max,balanced,cached_mxbai,1627,1782201214.3585753,,,
6056,0,svm,max,balanced,cached_mxbai,1628,1782201214.515368,,,
4483,0,svm,max,balanced,cached_mxbai,1629,1782201214.6707556,,,
4392,0,svm,max,balanced,cached_mxbai,1630,1782201214.8269343,,,
7768,0,svm,max,balanced,cached_mxbai,1631,1782201214.9844615,,,
1855,0,svm,max,balanced,cached_mxbai,1632,1782201215.1494298,,,
5226,0,svm,max,balanced,cached_mxbai,1633,1782201215.3291585,,,
9115,0,svm,max,balanced,cached_mxbai,1634,1782201215.4867928,,,
5823,0,svm,max,balanced,cached_mxbai,1635,1782201215.6452887,,,
4693,0,svm,max,balanced,cached_mxbai,1636,1782201215.80213,,,
6003,0,svm,max,balanced,cached_mxbai,1637,1782201215.9579885,,,
8301,0,svm,max,balanced,cached_mxbai,1638,1782201216.1248896,,,
5952,0,svm,max,balanced,cached_mxbai,1639,1782201216.2825975,,,
4517,0,svm,max,balanced,cached_mxbai,1640,1782201216.4410174,,,
8404,0,svm,max,balanced,cached_mxbai,1641,1782201216.6043043,,,
8479,0,svm,max,balanced,cached_mxbai,1642,1782201216.7615016,,,
1498,0,svm,max,balanced,cached_mxbai,1643,1782201216.9179032,,,
6585,0,svm,max,balanced,cached_mxbai,1644,1782201217.0748196,,,
3183,0,svm,max,balanced,cached_mxbai,1645,1782201217.232237,,,
5066,0,svm,max,balanced,cached_mxbai,1646,1782201217.3885577,,,
4090,0,svm,max,balanced,cached_mxbai,1647,1782201217.5450387,,,
1416,0,svm,max,balanced,cached_mxbai,1648,1782201217.7037845,,,
4521,0,svm,max,balanced,cached_mxbai,1649,1782201217.8607056,,,
3840,0,svm,max,balanced,cached_mxbai,1650,1782201218.017194,,,
6815,0,svm,max,balanced,cached_mxbai,1651,1782201218.1761687,,,
5155,0,svm,max,balanced,cached_mxbai,1652,1782201218.3335953,,,
3909,0,svm,max,balanced,cached_mxbai,1653,1782201218.4918065,,,
4323,0,svm,max,balanced,cached_mxbai,1654,1782201218.6507957,,,
8658,0,svm,max,balanced,cached_mxbai,1655,1782201218.8073926,,,
6069,0,svm,max,balanced,cached_mxbai,1656,1782201218.965532,,,
604,0,svm,max,balanced,cached_mxbai,1657,1782201219.1227057,,,
4766,0,svm,max,balanced,cached_mxbai,1658,1782201219.281241,,,
2187,0,svm,max,balanced,cached_mxbai,1659,1782201219.4417167,,,
4245,0,svm,max,balanced,cached_mxbai,1660,1782201219.603414,,,
8907,0,svm,max,balanced,cached_mxbai,1661,1782201219.7636628,,,
6324,0,svm,max,balanced,cached_mxbai,1662,1782201219.9214334,,,
4122,0,svm,max,balanced,cached_mxbai,1663,1782201220.0802536,,,
4257,0,svm,max,balanced,cached_mxbai,1664,1782201220.2381198,,,
4851,0,svm,max,balanced,cached_mxbai,1665,1782201220.395888,,,
5781,0,svm,max,balanced,cached_mxbai,1666,1782201220.563216,,,
10153,0,svm,max,balanced,cached_mxbai,1667,1782201220.7216363,,,
7959,0,svm,max,balanced,cached_mxbai,1668,1782201220.881009,,,
981,0,svm,max,balanced,cached_mxbai,1669,1782201221.0384712,,,
7706,0,svm,max,balanced,cached_mxbai,1670,1782201221.2012339,,,
6537,0,svm,max,balanced,cached_mxbai,1671,1782201221.3607037,,,
2856,0,svm,max,balanced,cached_mxbai,1672,1782201221.5196803,,,
9948,0,svm,max,balanced,cached_mxbai,1673,1782201221.6764753,,,
4219,0,svm,max,balanced,cached_mxbai,1674,1782201221.8334556,,,
7355,0,svm,max,balanced,cached_mxbai,1675,1782201221.9898722,,,
8636,0,svm,max,balanced,cached_mxbai,1676,1782201222.147705,,,
8218,0,svm,max,balanced,cached_mxbai,1677,1782201222.3052614,,,
6328,0,svm,max,balanced,cached_mxbai,1678,1782201222.4629738,,,
7871,0,svm,max,balanced,cached_mxbai,1679,1782201222.6201465,,,
4438,0,svm,max,balanced,cached_mxbai,1680,1782201222.7768579,,,
4571,0,svm,max,balanced,cached_mxbai,1681,1782201222.9338179,,,
769,0,svm,max,balanced,cached_mxbai,1682,1782201223.0930767,,,
178,0,svm,max,balanced,cached_mxbai,1683,1782201223.2528436,,,
4601,0,svm,max,balanced,cached_mxbai,1684,1782201223.4106705,,,
9714,0,svm,max,balanced,cached_mxbai,1685,1782201223.5714684,,,
4305,0,svm,max,balanced,cached_mxbai,1686,1782201223.728231,,,
3552,0,svm,max,balanced,cached_mxbai,1687,1782201223.885231,,,
7546,0,svm,max,balanced,cached_mxbai,1688,1782201224.0426993,,,
10108,0,svm,max,balanced,cached_mxbai,1689,1782201224.2019608,,,
6548,0,svm,max,balanced,cached_mxbai,1690,1782201224.3593187,,,
4606,0,svm,max,balanced,cached_mxbai,1691,1782201224.5173843,,,
3832,0,svm,max,balanced,cached_mxbai,1692,1782201224.675187,,,
8694,0,svm,max,balanced,cached_mxbai,1693,1782201224.83504,,,
639,0,svm,max,balanced,cached_mxbai,1694,1782201225.006459,,,
3446,0,svm,max,balanced,cached_mxbai,1695,1782201225.170058,,,
4502,0,svm,max,balanced,cached_mxbai,1696,1782201225.3764296,,,
10271,0,svm,max,balanced,cached_mxbai,1697,1782201225.5483906,,,
4400,0,svm,max,balanced,cached_mxbai,1698,1782201225.7130344,,,
594,0,svm,max,balanced,cached_mxbai,1699,1782201225.8722682,,,
5777,0,svm,max,balanced,cached_mxbai,1700,1782201226.0303893,,,
3428,0,svm,max,balanced,cached_mxbai,1701,1782201226.1907732,,,
3293,0,svm,max,balanced,cached_mxbai,1702,1782201226.3509781,,,
3404,0,svm,max,balanced,cached_mxbai,1703,1782201226.5103269,,,
817,0,svm,max,balanced,cached_mxbai,1704,1782201226.6857686,,,
4749,0,svm,max,balanced,cached_mxbai,1705,1782201226.8563948,,,
9031,0,svm,max,balanced,cached_mxbai,1706,1782201227.0269685,,,
5167,0,svm,max,balanced,cached_mxbai,1707,1782201227.199851,,,
6233,0,svm,max,balanced,cached_mxbai,1708,1782201227.3715658,,,
2781,0,svm,max,balanced,cached_mxbai,1709,1782201227.542724,,,
3889,0,svm,max,balanced,cached_mxbai,1710,1782201227.7063122,,,
4649,0,svm,max,balanced,cached_mxbai,1711,1782201227.8667543,,,
2670,0,svm,max,balanced,cached_mxbai,1712,1782201228.0382335,,,
5079,0,svm,max,balanced,cached_mxbai,1713,1782201228.1983666,,,
5723,0,svm,max,balanced,cached_mxbai,1714,1782201228.3567202,,,
6323,0,svm,max,balanced,cached_mxbai,1715,1782201228.5289536,,,
4334,0,svm,max,balanced,cached_mxbai,1716,1782201228.703933,,,
3248,0,svm,max,balanced,cached_mxbai,1717,1782201228.8749747,,,
4719,0,svm,max,balanced,cached_mxbai,1718,1782201229.0467017,,,
4542,0,svm,max,balanced,cached_mxbai,1719,1782201229.2210078,,,
8693,0,svm,max,balanced,cached_mxbai,1720,1782201229.3945816,,,
3200,0,svm,max,balanced,cached_mxbai,1721,1782201229.5678172,,,
427,0,svm,max,balanced,cached_mxbai,1722,1782201229.7452524,,,
5667,0,svm,max,balanced,cached_mxbai,1723,1782201229.9168384,,,
2431,0,svm,max,balanced,cached_mxbai,1724,1782201230.0895834,,,
8798,0,svm,max,balanced,cached_mxbai,1725,1782201230.2635372,,,
5240,0,svm,max,balanced,cached_mxbai,1726,1782201230.434625,,,
5188,0,svm,max,balanced,cached_mxbai,1727,1782201230.6064472,,,
5352,0,svm,max,balanced,cached_mxbai,1728,1782201230.781981,,,
4808,0,svm,max,balanced,cached_mxbai,1729,1782201230.954425,,,
7947,0,svm,max,balanced,cached_mxbai,1730,1782201231.1279793,,,
3577,0,svm,max,balanced,cached_mxbai,1731,1782201231.3051012,,,
4809,0,svm,max,balanced,cached_mxbai,1732,1782201231.4780726,,,
3330,0,svm,max,balanced,cached_mxbai,1733,1782201231.653227,,,
4313,0,svm,max,balanced,cached_mxbai,1734,1782201231.8286011,,,
6042,0,svm,max,balanced,cached_mxbai,1735,1782201232.0019343,,,
5052,0,svm,max,balanced,cached_mxbai,1736,1782201232.1750226,,,
4042,0,svm,max,balanced,cached_mxbai,1737,1782201232.3502643,,,
997,0,svm,max,balanced,cached_mxbai,1738,1782201232.5253017,,,
5099,0,svm,max,balanced,cached_mxbai,1739,1782201232.7018368,,,
9254,0,svm,max,balanced,cached_mxbai,1740,1782201232.8772893,,,
81,0,svm,max,balanced,cached_mxbai,1741,1782201233.0519278,,,
3797,0,svm,max,balanced,cached_mxbai,1742,1782201233.227991,,,
9407,0,svm,max,balanced,cached_mxbai,1743,1782201233.4034054,,,
7055,0,svm,max,balanced,cached_mxbai,1744,1782201233.57857,,,
1704,0,svm,max,balanced,cached_mxbai,1745,1782201233.7535717,,,
5038,0,svm,max,balanced,cached_mxbai,1746,1782201233.9283278,,,
6699,0,svm,max,balanced,cached_mxbai,1747,1782201234.1027358,,,
577,0,svm,max,balanced,cached_mxbai,1748,1782201234.2781138,,,
4309,0,svm,max,balanced,cached_mxbai,1749,1782201234.4546342,,,
4990,0,svm,max,balanced,cached_mxbai,1750,1782201234.6286128,,,
6167,0,svm,max,balanced,cached_mxbai,1751,1782201234.8038807,,,
9768,0,svm,max,balanced,cached_mxbai,1752,1782201234.9783385,,,
4943,0,svm,max,balanced,cached_mxbai,1753,1782201235.1580896,,,
5076,0,svm,max,balanced,cached_mxbai,1754,1782201235.361277,,,
9291,0,svm,max,balanced,cached_mxbai,1755,1782201235.5376213,,,
4784,0,svm,max,balanced,cached_mxbai,1756,1782201235.7144473,,,
3533,0,svm,max,balanced,cached_mxbai,1757,1782201235.8923209,,,
5069,0,svm,max,balanced,cached_mxbai,1758,1782201236.068438,,,
3664,0,svm,max,balanced,cached_mxbai,1759,1782201236.2449155,,,
10309,0,svm,max,balanced,cached_mxbai,1760,1782201236.4222817,,,
7137,0,svm,max,balanced,cached_mxbai,1761,1782201236.5972204,,,
3047,0,svm,max,balanced,cached_mxbai,1762,1782201236.7729814,,,
4551,0,svm,max,balanced,cached_mxbai,1763,1782201236.948836,,,
9628,0,svm,max,balanced,cached_mxbai,1764,1782201237.1292634,,,
6212,0,svm,max,balanced,cached_mxbai,1765,1782201237.30643,,,
4701,0,svm,max,balanced,cached_mxbai,1766,1782201237.4835927,,,
5519,0,svm,max,balanced,cached_mxbai,1767,1782201237.6592453,,,
4920,0,svm,max,balanced,cached_mxbai,1768,1782201237.8361712,,,
787,0,svm,max,balanced,cached_mxbai,1769,1782201238.012441,,,
10046,0,svm,max,balanced,cached_mxbai,1770,1782201238.1900604,,,
7216,0,svm,max,balanced,cached_mxbai,1771,1782201238.3684402,,,
5103,0,svm,max,balanced,cached_mxbai,1772,1782201238.5561385,,,
5009,0,svm,max,balanced,cached_mxbai,1773,1782201238.7348716,,,
10381,0,svm,max,balanced,cached_mxbai,1774,1782201238.9180639,,,
8829,0,svm,max,balanced,cached_mxbai,1775,1782201239.096491,,,
3504,0,svm,max,balanced,cached_mxbai,1776,1782201239.2748332,,,
1427,0,svm,max,balanced,cached_mxbai,1777,1782201239.4541857,,,
5027,0,svm,max,balanced,cached_mxbai,1778,1782201239.6337144,,,
195,0,svm,max,balanced,cached_mxbai,1779,1782201239.8119955,,,
5896,0,svm,max,balanced,cached_mxbai,1780,1782201239.9894927,,,
10036,0,svm,max,balanced,cached_mxbai,1781,1782201240.1689959,,,
9520,0,svm,max,balanced,cached_mxbai,1782,1782201240.347394,,,
92,0,svm,max,balanced,cached_mxbai,1783,1782201240.52592,,,
4035,0,svm,max,balanced,cached_mxbai,1784,1782201240.7035396,,,
8952,0,svm,max,balanced,cached_mxbai,1785,1782201240.8818457,,,
7681,0,svm,max,balanced,cached_mxbai,1786,1782201241.0646114,,,
6293,0,svm,max,balanced,cached_mxbai,1787,1782201241.2458766,,,
1255,0,svm,max,balanced,cached_mxbai,1788,1782201241.4274137,,,
6642,0,svm,max,balanced,cached_mxbai,1789,1782201241.60572,,,
3445,0,svm,max,balanced,cached_mxbai,1790,1782201241.7847083,,,
8536,0,svm,max,balanced,cached_mxbai,1791,1782201241.9635077,,,
4566,0,svm,max,balanced,cached_mxbai,1792,1782201242.1426814,,,
27,0,svm,max,balanced,cached_mxbai,1793,1782201242.3235168,,,
5213,0,svm,max,balanced,cached_mxbai,1794,1782201242.5058126,,,
6816,0,svm,max,balanced,cached_mxbai,1795,1782201242.6845562,,,
4716,0,svm,max,balanced,cached_mxbai,1796,1782201242.863679,,,
5346,0,svm,max,balanced,cached_mxbai,1797,1782201243.0436747,,,
10158,0,svm,max,balanced,cached_mxbai,1798,1782201243.2272253,,,
4343,0,svm,max,balanced,cached_mxbai,1799,1782201243.408972,,,
5234,0,svm,max,balanced,cached_mxbai,1800,1782201243.5896337,,,
7279,0,svm,max,balanced,cached_mxbai,1801,1782201243.7726712,,,
4801,0,svm,max,balanced,cached_mxbai,1802,1782201243.9553928,,,
7438,0,svm,max,balanced,cached_mxbai,1803,1782201244.137195,,,
1999,0,svm,max,balanced,cached_mxbai,1804,1782201244.3168647,,,
3924,0,svm,max,balanced,cached_mxbai,1805,1782201244.4985094,,,
5650,0,svm,max,balanced,cached_mxbai,1806,1782201244.6781263,,,
3231,0,svm,max,balanced,cached_mxbai,1807,1782201244.858272,,,
3171,0,svm,max,balanced,cached_mxbai,1808,1782201245.039524,,,
5881,0,svm,max,balanced,cached_mxbai,1809,1782201245.2336926,,,
7203,0,svm,max,balanced,cached_mxbai,1810,1782201245.4449573,,,
9437,0,svm,max,balanced,cached_mxbai,1811,1782201245.634738,,,
5452,0,svm,max,balanced,cached_mxbai,1812,1782201245.8238435,,,
4959,0,svm,max,balanced,cached_mxbai,1813,1782201246.013685,,,
4180,0,svm,max,balanced,cached_mxbai,1814,1782201246.2046974,,,
10410,0,svm,max,balanced,cached_mxbai,1815,1782201246.3962514,,,
229,0,svm,max,balanced,cached_mxbai,1816,1782201246.5876124,,,
4627,0,svm,max,balanced,cached_mxbai,1817,1782201246.7781448,,,
5080,0,svm,max,balanced,cached_mxbai,1818,1782201246.9692767,,,
2021,0,svm,max,balanced,cached_mxbai,1819,1782201247.159582,,,
4759,0,svm,max,balanced,cached_mxbai,1820,1782201247.3500426,,,
3729,0,svm,max,balanced,cached_mxbai,1821,1782201247.54296,,,
4097,0,svm,max,balanced,cached_mxbai,1822,1782201247.7344842,,,
4482,0,svm,max,balanced,cached_mxbai,1823,1782201247.9282794,,,
8373,0,svm,max,balanced,cached_mxbai,1824,1782201248.12057,,,
2137,0,svm,max,balanced,cached_mxbai,1825,1782201248.314636,,,
10115,0,svm,max,balanced,cached_mxbai,1826,1782201248.5108972,,,
9849,0,svm,max,balanced,cached_mxbai,1827,1782201248.7044685,,,
3331,0,svm,max,balanced,cached_mxbai,1828,1782201248.8982003,,,
7257,0,svm,max,balanced,cached_mxbai,1829,1782201249.0924582,,,
52,0,svm,max,balanced,cached_mxbai,1830,1782201249.2899241,,,
5799,0,svm,max,balanced,cached_mxbai,1831,1782201249.4841738,,,
10235,0,svm,max,balanced,cached_mxbai,1832,1782201249.6766229,,,
3811,0,svm,max,balanced,cached_mxbai,1833,1782201249.8671212,,,
6357,0,svm,max,balanced,cached_mxbai,1834,1782201250.0563698,,,
5139,0,svm,max,balanced,cached_mxbai,1835,1782201250.2506363,,,
4954,0,svm,max,balanced,cached_mxbai,1836,1782201250.4421017,,,
8619,0,svm,max,balanced,cached_mxbai,1837,1782201250.6316626,,,
7155,0,svm,max,balanced,cached_mxbai,1838,1782201250.821225,,,
8430,0,svm,max,balanced,cached_mxbai,1839,1782201251.0088494,,,
1032,0,svm,max,balanced,cached_mxbai,1840,1782201251.2019484,,,
7199,0,svm,max,balanced,cached_mxbai,1841,1782201251.3920848,,,
1143,0,svm,max,balanced,cached_mxbai,1842,1782201251.5808702,,,
8483,0,svm,max,balanced,cached_mxbai,1843,1782201251.764451,,,
9113,0,svm,max,balanced,cached_mxbai,1844,1782201251.9494996,,,
4737,0,svm,max,balanced,cached_mxbai,1845,1782201252.1348042,,,
3921,0,svm,max,balanced,cached_mxbai,1846,1782201252.3178177,,,
4682,0,svm,max,balanced,cached_mxbai,1847,1782201252.5028472,,,
8191,0,svm,max,balanced,cached_mxbai,1848,1782201252.6869757,,,
8979,0,svm,max,balanced,cached_mxbai,1849,1782201252.8713968,,,
7058,0,svm,max,balanced,cached_mxbai,1850,1782201253.0571797,,,
4741,0,svm,max,balanced,cached_mxbai,1851,1782201253.2421844,,,
3724,0,svm,max,balanced,cached_mxbai,1852,1782201253.4277155,,,
3809,0,svm,max,balanced,cached_mxbai,1853,1782201253.6249955,,,
5045,0,svm,max,balanced,cached_mxbai,1854,1782201253.8130372,,,
9299,0,svm,max,balanced,cached_mxbai,1855,1782201253.9995253,,,
4394,0,svm,max,balanced,cached_mxbai,1856,1782201254.1862686,,,
7717,0,svm,max,balanced,cached_mxbai,1857,1782201254.3711512,,,
1641,0,svm,max,balanced,cached_mxbai,1858,1782201254.5593836,,,
1863,0,svm,max,balanced,cached_mxbai,1859,1782201254.7445118,,,
7683,0,svm,max,balanced,cached_mxbai,1860,1782201254.9308531,,,
124,0,svm,max,balanced,cached_mxbai,1861,1782201255.124152,,,
3400,0,svm,max,balanced,cached_mxbai,1862,1782201255.3439183,,,
4987,0,svm,max,balanced,cached_mxbai,1863,1782201255.5329406,,,
7050,0,svm,max,balanced,cached_mxbai,1864,1782201255.718857,,,
7318,0,svm,max,balanced,cached_mxbai,1865,1782201255.906184,,,
78,0,svm,max,balanced,cached_mxbai,1866,1782201256.0919805,,,
4963,0,svm,max,balanced,cached_mxbai,1867,1782201256.279825,,,
1084,0,svm,max,balanced,cached_mxbai,1868,1782201256.472491,,,
7178,0,svm,max,balanced,cached_mxbai,1869,1782201256.6602478,,,
6822,0,svm,max,balanced,cached_mxbai,1870,1782201256.849369,,,
7000,0,svm,max,balanced,cached_mxbai,1871,1782201257.0340066,,,
7363,0,svm,max,balanced,cached_mxbai,1872,1782201257.2200248,,,
7418,0,svm,max,balanced,cached_mxbai,1873,1782201257.4065692,,,
7233,0,svm,max,balanced,cached_mxbai,1874,1782201257.5948613,,,
4608,0,svm,max,balanced,cached_mxbai,1875,1782201257.7810898,,,
3152,0,svm,max,balanced,cached_mxbai,1876,1782201257.9666915,,,
10034,0,svm,max,balanced,cached_mxbai,1877,1782201258.1525152,,,
80,0,svm,max,balanced,cached_mxbai,1878,1782201258.33887,,,
4745,0,svm,max,balanced,cached_mxbai,1879,1782201258.5266004,,,
3211,0,svm,max,balanced,cached_mxbai,1880,1782201258.713921,,,
1131,0,svm,max,balanced,cached_mxbai,1881,1782201258.9009793,,,
4689,0,svm,max,balanced,cached_mxbai,1882,1782201259.088264,,,
5862,0,svm,max,balanced,cached_mxbai,1883,1782201259.2780128,,,
5759,0,svm,max,balanced,cached_mxbai,1884,1782201259.468932,,,
8996,0,svm,max,balanced,cached_mxbai,1885,1782201259.659034,,,
5084,0,svm,max,balanced,cached_mxbai,1886,1782201259.8485973,,,
6431,0,svm,max,balanced,cached_mxbai,1887,1782201260.0385692,,,
3776,0,svm,max,balanced,cached_mxbai,1888,1782201260.229253,,,
7697,0,svm,max,balanced,cached_mxbai,1889,1782201260.4208133,,,
1370,0,svm,max,balanced,cached_mxbai,1890,1782201260.615145,,,
5592,0,svm,max,balanced,cached_mxbai,1891,1782201260.8070838,,,
9369,0,svm,max,balanced,cached_mxbai,1892,1782201260.9978645,,,
6060,0,svm,max,balanced,cached_mxbai,1893,1782201261.1885,,,
6390,0,svm,max,balanced,cached_mxbai,1894,1782201261.3799455,,,
3709,0,svm,max,balanced,cached_mxbai,1895,1782201261.5749378,,,
5043,0,svm,max,balanced,cached_mxbai,1896,1782201261.7672505,,,
8210,0,svm,max,balanced,cached_mxbai,1897,1782201261.9600883,,,
10422,0,svm,max,balanced,cached_mxbai,1898,1782201262.1527479,,,
2319,0,svm,max,balanced,cached_mxbai,1899,1782201262.3450649,,,
5231,0,svm,max,balanced,cached_mxbai,1900,1782201262.5395691,,,
2773,0,svm,max,balanced,cached_mxbai,1901,1782201262.732937,,,
806,0,svm,max,balanced,cached_mxbai,1902,1782201262.9311051,,,
4493,0,svm,max,balanced,cached_mxbai,1903,1782201263.1289597,,,
6153,0,svm,max,balanced,cached_mxbai,1904,1782201263.3290205,,,
2473,0,svm,max,balanced,cached_mxbai,1905,1782201263.528411,,,
5119,0,svm,max,balanced,cached_mxbai,1906,1782201263.7262335,,,
4660,0,svm,max,balanced,cached_mxbai,1907,1782201263.9245849,,,
5129,0,svm,max,balanced,cached_mxbai,1908,1782201264.1221235,,,
5842,0,svm,max,balanced,cached_mxbai,1909,1782201264.3195834,,,
5087,0,svm,max,balanced,cached_mxbai,1910,1782201264.5187266,,,
10446,0,svm,max,balanced,cached_mxbai,1911,1782201264.7173686,,,
9370,0,svm,max,balanced,cached_mxbai,1912,1782201264.9180431,,,
8105,0,svm,max,balanced,cached_mxbai,1913,1782201265.1362348,,,
3602,0,svm,max,balanced,cached_mxbai,1914,1782201265.3701239,,,
4617,0,svm,max,balanced,cached_mxbai,1915,1782201265.5723162,,,
3753,0,svm,max,balanced,cached_mxbai,1916,1782201265.772141,,,
7091,0,svm,max,balanced,cached_mxbai,1917,1782201265.9719625,,,
7077,0,svm,max,balanced,cached_mxbai,1918,1782201266.1727579,,,
4175,0,svm,max,balanced,cached_mxbai,1919,1782201266.3729002,,,
1808,0,svm,max,balanced,cached_mxbai,1920,1782201266.575645,,,
1502,0,svm,max,balanced,cached_mxbai,1921,1782201266.777832,,,
3998,0,svm,max,balanced,cached_mxbai,1922,1782201266.9795406,,,
6216,0,svm,max,balanced,cached_mxbai,1923,1782201267.1813242,,,
809,0,svm,max,balanced,cached_mxbai,1924,1782201267.3849564,,,
5136,0,svm,max,balanced,cached_mxbai,1925,1782201267.5884068,,,
1566,0,svm,max,balanced,cached_mxbai,1926,1782201267.7898722,,,
10252,0,svm,max,balanced,cached_mxbai,1927,1782201267.991585,,,
7891,0,svm,max,balanced,cached_mxbai,1928,1782201268.1927829,,,
3549,0,svm,max,balanced,cached_mxbai,1929,1782201268.3931637,,,
1040,0,svm,max,balanced,cached_mxbai,1930,1782201268.5964403,,,
422,0,svm,max,balanced,cached_mxbai,1931,1782201268.798007,,,
7950,0,svm,max,balanced,cached_mxbai,1932,1782201269.000567,,,
4477,0,svm,max,balanced,cached_mxbai,1933,1782201269.2045898,,,
2819,0,svm,max,balanced,cached_mxbai,1934,1782201269.4078412,,,
6616,0,svm,max,balanced,cached_mxbai,1935,1782201269.6107924,,,
4437,0,svm,max,balanced,cached_mxbai,1936,1782201269.812319,,,
8337,0,svm,max,balanced,cached_mxbai,1937,1782201270.0141003,,,
9704,0,svm,max,balanced,cached_mxbai,1938,1782201270.217549,,,
8024,0,svm,max,balanced,cached_mxbai,1939,1782201270.4196157,,,
9603,0,svm,max,balanced,cached_mxbai,1940,1782201270.623802,,,
8367,0,svm,max,balanced,cached_mxbai,1941,1782201270.8270822,,,
242,0,svm,max,balanced,cached_mxbai,1942,1782201271.0290914,,,
7369,0,svm,max,balanced,cached_mxbai,1943,1782201271.2325213,,,
4843,0,svm,max,balanced,cached_mxbai,1944,1782201271.4362142,,,
9572,0,svm,max,balanced,cached_mxbai,1945,1782201271.6406198,,,
10120,0,svm,max,balanced,cached_mxbai,1946,1782201271.8434901,,,
8610,0,svm,max,balanced,cached_mxbai,1947,1782201272.0415788,,,
4344,0,svm,max,balanced,cached_mxbai,1948,1782201272.2396812,,,
3364,0,svm,max,balanced,cached_mxbai,1949,1782201272.43829,,,
4211,0,svm,max,balanced,cached_mxbai,1950,1782201272.6418412,,,
10557,0,svm,max,balanced,cached_mxbai,1951,1782201272.845216,,,
6478,0,svm,max,balanced,cached_mxbai,1952,1782201273.0464656,,,
3412,0,svm,max,balanced,cached_mxbai,1953,1782201273.2515786,,,
5310,0,svm,max,balanced,cached_mxbai,1954,1782201273.4523716,,,
5205,0,svm,max,balanced,cached_mxbai,1955,1782201273.6530006,,,
4823,0,svm,max,balanced,cached_mxbai,1956,1782201273.8526633,,,
4150,0,svm,max,balanced,cached_mxbai,1957,1782201274.05401,,,
3285,0,svm,max,balanced,cached_mxbai,1958,1782201274.2559516,,,
2293,0,svm,max,balanced,cached_mxbai,1959,1782201274.4578912,,,
5696,0,svm,max,balanced,cached_mxbai,1960,1782201274.6644363,,,
7550,0,svm,max,balanced,cached_mxbai,1961,1782201274.8648753,,,
8088,1,svm,max,balanced,cached_mxbai,1962,1782201275.0729182,,,
6045,0,svm,max,balanced,cached_mxbai,1963,1782201275.2969177,,,
9457,0,svm,max,balanced,cached_mxbai,1964,1782201275.5001028,,,
4325,0,svm,max,balanced,cached_mxbai,1965,1782201275.709718,,,
6284,0,svm,max,balanced,cached_mxbai,1966,1782201275.9120483,,,
1439,0,svm,max,balanced,cached_mxbai,1967,1782201276.11098,,,
8717,0,svm,max,balanced,cached_mxbai,1968,1782201276.311592,,,
3495,0,svm,max,balanced,cached_mxbai,1969,1782201276.512126,,,
9804,0,svm,max,balanced,cached_mxbai,1970,1782201276.714196,,,
4576,0,svm,max,balanced,cached_mxbai,1971,1782201276.9140916,,,
66,0,svm,max,balanced,cached_mxbai,1972,1782201277.1137803,,,
3705,0,svm,max,balanced,cached_mxbai,1973,1782201277.313949,,,
5042,0,svm,max,balanced,cached_mxbai,1974,1782201277.514281,,,
8770,0,svm,max,balanced,cached_mxbai,1975,1782201277.717697,,,
3233,0,svm,max,balanced,cached_mxbai,1976,1782201277.9208105,,,
4806,0,svm,max,balanced,cached_mxbai,1977,1782201278.122747,,,
1022,0,svm,max,balanced,cached_mxbai,1978,1782201278.3246837,,,
1594,0,svm,max,balanced,cached_mxbai,1979,1782201278.525987,,,
4269,0,svm,max,balanced,cached_mxbai,1980,1782201278.727102,,,
1093,0,svm,max,balanced,cached_mxbai,1981,1782201278.929146,,,
5562,0,svm,max,balanced,cached_mxbai,1982,1782201279.1291196,,,
3606,0,svm,max,balanced,cached_mxbai,1983,1782201279.3307564,,,
4123,0,svm,max,balanced,cached_mxbai,1984,1782201279.535241,,,
1926,0,svm,max,balanced,cached_mxbai,1985,1782201279.737937,,,
8194,0,svm,max,balanced,cached_mxbai,1986,1782201279.9435446,,,
3346,0,svm,max,balanced,cached_mxbai,1987,1782201280.1474202,,,
9321,0,svm,max,balanced,cached_mxbai,1988,1782201280.3504732,,,
7312,0,svm,max,balanced,cached_mxbai,1989,1782201280.551789,,,
9277,0,svm,max,balanced,cached_mxbai,1990,1782201280.755736,,,
8335,0,svm,max,balanced,cached_mxbai,1991,1782201280.9569833,,,
6989,0,svm,max,balanced,cached_mxbai,1992,1782201281.1592896,,,
6353,0,svm,max,balanced,cached_mxbai,1993,1782201281.3611226,,,
4550,0,svm,max,balanced,cached_mxbai,1994,1782201281.5621922,,,
1486,0,svm,max,balanced,cached_mxbai,1995,1782201281.765557,,,
10006,0,svm,max,balanced,cached_mxbai,1996,1782201281.9669533,,,
5255,0,svm,max,balanced,cached_mxbai,1997,1782201282.171326,,,
1761,0,svm,max,balanced,cached_mxbai,1998,1782201282.3727105,,,
6462,0,svm,max,balanced,cached_mxbai,1999,1782201282.5745242,,,
2373,0,svm,max,balanced,cached_mxbai,2000,1782201282.7806134,,,
6185,0,svm,max,balanced,cached_mxbai,2001,1782201282.9850748,,,
3496,0,svm,max,balanced,cached_mxbai,2002,1782201283.190809,,,
1006,0,svm,max,balanced,cached_mxbai,2003,1782201283.3962026,,,
5734,0,svm,max,balanced,cached_mxbai,2004,1782201283.600073,,,
3264,0,svm,max,balanced,cached_mxbai,2005,1782201283.804525,,,
4186,0,svm,max,balanced,cached_mxbai,2006,1782201284.007371,,,
8554,0,svm,max,balanced,cached_mxbai,2007,1782201284.212249,,,
7374,0,svm,max,balanced,cached_mxbai,2008,1782201284.4148827,,,
2892,0,svm,max,balanced,cached_mxbai,2009,1782201284.6178148,,,
9473,0,svm,max,balanced,cached_mxbai,2010,1782201284.8239567,,,
95,0,svm,max,balanced,cached_mxbai,2011,1782201285.0315604,,,
4855,0,svm,max,balanced,cached_mxbai,2012,1782201285.2411072,,,
365,0,svm,max,balanced,cached_mxbai,2013,1782201285.460435,,,
672,0,svm,max,balanced,cached_mxbai,2014,1782201285.6648128,,,
9877,0,svm,max,balanced,cached_mxbai,2015,1782201285.8716943,,,
4810,0,svm,max,balanced,cached_mxbai,2016,1782201286.076388,,,
8761,0,svm,max,balanced,cached_mxbai,2017,1782201286.2817686,,,
38,0,svm,max,balanced,cached_mxbai,2018,1782201286.4950764,,,
7099,0,svm,max,balanced,cached_mxbai,2019,1782201286.7032175,,,
3274,0,svm,max,balanced,cached_mxbai,2020,1782201286.9118965,,,
5007,0,svm,max,balanced,cached_mxbai,2021,1782201287.1202934,,,
9733,0,svm,max,balanced,cached_mxbai,2022,1782201287.3295949,,,
2040,0,svm,max,balanced,cached_mxbai,2023,1782201287.5299416,,,
4857,0,svm,max,balanced,cached_mxbai,2024,1782201287.7317607,,,
3683,0,svm,max,balanced,cached_mxbai,2025,1782201287.932153,,,
6976,0,svm,max,balanced,cached_mxbai,2026,1782201288.1325397,,,
8388,0,svm,max,balanced,cached_mxbai,2027,1782201288.3325872,,,
4852,0,svm,max,balanced,cached_mxbai,2028,1782201288.5317037,,,
5971,0,svm,max,balanced,cached_mxbai,2029,1782201288.7373354,,,
9144,0,svm,max,balanced,cached_mxbai,2030,1782201288.939856,,,
3700,0,svm,max,balanced,cached_mxbai,2031,1782201289.142815,,,
2184,0,svm,max,balanced,cached_mxbai,2032,1782201289.3439815,,,
3245,0,svm,max,balanced,cached_mxbai,2033,1782201289.542634,,,
4581,0,svm,max,balanced,cached_mxbai,2034,1782201289.7427566,,,
4731,0,svm,max,balanced,cached_mxbai,2035,1782201289.9426348,,,
1546,0,svm,max,balanced,cached_mxbai,2036,1782201290.1442394,,,
7276,0,svm,max,balanced,cached_mxbai,2037,1782201290.3456507,,,
4525,0,svm,max,balanced,cached_mxbai,2038,1782201290.5470626,,,
8504,0,svm,max,balanced,cached_mxbai,2039,1782201290.7489283,,,
6424,0,svm,max,balanced,cached_mxbai,2040,1782201290.950581,,,
1896,0,svm,max,balanced,cached_mxbai,2041,1782201291.154241,,,
6359,0,svm,max,balanced,cached_mxbai,2042,1782201291.3585608,,,
6899,0,svm,max,balanced,cached_mxbai,2043,1782201291.5698762,,,
4082,0,svm,max,balanced,cached_mxbai,2044,1782201291.7798398,,,
7446,0,svm,max,balanced,cached_mxbai,2045,1782201292.010204,,,
5068,0,svm,max,balanced,cached_mxbai,2046,1782201292.2462807,,,
5462,0,svm,max,balanced,cached_mxbai,2047,1782201292.476065,,,
10403,0,svm,max,balanced,cached_mxbai,2048,1782201292.7168489,,,
4929,0,svm,max,balanced,cached_mxbai,2049,1782201292.959383,,,
3867,0,svm,max,balanced,cached_mxbai,2050,1782201293.1868384,,,
8322,0,svm,max,balanced,cached_mxbai,2051,1782201293.441758,,,
4286,0,svm,max,balanced,cached_mxbai,2052,1782201293.6730623,,,
3419,0,svm,max,balanced,cached_mxbai,2053,1782201293.905616,,,
4183,0,svm,max,balanced,cached_mxbai,2054,1782201294.137315,,,
4329,0,svm,max,balanced,cached_mxbai,2055,1782201294.3664305,,,
3232,0,svm,max,balanced,cached_mxbai,2056,1782201294.5954232,,,
8583,0,svm,max,balanced,cached_mxbai,2057,1782201294.8255959,,,
3054,0,svm,max,balanced,cached_mxbai,2058,1782201295.060552,,,
826,0,svm,max,balanced,cached_mxbai,2059,1782201295.315294,,,
8111,0,svm,max,balanced,cached_mxbai,2060,1782201295.5459805,,,
4755,0,svm,max,balanced,cached_mxbai,2061,1782201295.778872,,,
3210,0,svm,max,balanced,cached_mxbai,2062,1782201296.0121396,,,
8082,0,svm,max,balanced,cached_mxbai,2063,1782201296.242887,,,
4407,0,svm,max,balanced,cached_mxbai,2064,1782201296.4735365,,,
6286,0,svm,max,balanced,cached_mxbai,2065,1782201296.7069185,,,
7061,0,svm,max,balanced,cached_mxbai,2066,1782201296.9386892,,,
4596,0,svm,max,balanced,cached_mxbai,2067,1782201297.1771965,,,
5104,0,svm,max,balanced,cached_mxbai,2068,1782201297.4095213,,,
8283,0,svm,max,balanced,cached_mxbai,2069,1782201297.642901,,,
5463,0,svm,max,balanced,cached_mxbai,2070,1782201297.8769045,,,
5114,0,svm,max,balanced,cached_mxbai,2071,1782201298.1041028,,,
1073,0,svm,max,balanced,cached_mxbai,2072,1782201298.3372192,,,
64,0,svm,max,balanced,cached_mxbai,2073,1782201298.568735,,,
5178,0,svm,max,balanced,cached_mxbai,2074,1782201298.7985694,,,
2121,0,svm,max,balanced,cached_mxbai,2075,1782201299.0331721,,,
417,0,svm,max,balanced,cached_mxbai,2076,1782201299.266753,,,
1914,0,svm,max,balanced,cached_mxbai,2077,1782201299.4980316,,,
5005,0,svm,max,balanced,cached_mxbai,2078,1782201299.7319908,,,
7304,0,svm,max,balanced,cached_mxbai,2079,1782201299.9662197,,,
3993,0,svm,max,balanced,cached_mxbai,2080,1782201300.1998076,,,
4730,0,svm,max,balanced,cached_mxbai,2081,1782201300.431983,,,
3622,0,svm,max,balanced,cached_mxbai,2082,1782201300.6634843,,,
3213,0,svm,max,balanced,cached_mxbai,2083,1782201300.8978477,,,
5466,0,svm,max,balanced,cached_mxbai,2084,1782201301.131673,,,
121,0,svm,max,balanced,cached_mxbai,2085,1782201301.3678348,,,
3403,0,svm,max,balanced,cached_mxbai,2086,1782201301.602694,,,
6765,0,svm,max,balanced,cached_mxbai,2087,1782201301.836648,,,
9611,0,svm,max,balanced,cached_mxbai,2088,1782201302.0707543,,,
5295,0,svm,max,balanced,cached_mxbai,2089,1782201302.3052323,,,
7130,0,svm,max,balanced,cached_mxbai,2090,1782201302.539876,,,
4747,0,svm,max,balanced,cached_mxbai,2091,1782201302.773034,,,
4348,0,svm,max,balanced,cached_mxbai,2092,1782201303.0081685,,,
4370,0,svm,max,balanced,cached_mxbai,2093,1782201303.2453861,,,
1351,0,svm,max,balanced,cached_mxbai,2094,1782201303.4860976,,,
8462,0,svm,max,balanced,cached_mxbai,2095,1782201303.7162802,,,
2948,0,svm,max,balanced,cached_mxbai,2096,1782201303.955114,,,
9472,0,svm,max,balanced,cached_mxbai,2097,1782201304.190688,,,
919,0,svm,max,balanced,cached_mxbai,2098,1782201304.4226875,,,
9741,0,svm,max,balanced,cached_mxbai,2099,1782201304.6551085,,,
8370,0,svm,max,balanced,cached_mxbai,2100,1782201304.8899298,,,
5003,0,svm,max,balanced,cached_mxbai,2101,1782201305.1277716,,,
10491,0,svm,max,balanced,cached_mxbai,2102,1782201305.3853643,,,
5163,0,svm,max,balanced,cached_mxbai,2103,1782201305.6202123,,,
6546,0,svm,max,balanced,cached_mxbai,2104,1782201305.8551626,,,
4276,0,svm,max,balanced,cached_mxbai,2105,1782201306.0903015,,,
4132,0,svm,max,balanced,cached_mxbai,2106,1782201306.3257904,,,
3764,0,svm,max,balanced,cached_mxbai,2107,1782201306.5593266,,,
8263,0,svm,max,balanced,cached_mxbai,2108,1782201306.7954817,,,
4282,0,svm,max,balanced,cached_mxbai,2109,1782201307.031689,,,
4861,0,svm,max,balanced,cached_mxbai,2110,1782201307.2690487,,,
1490,0,svm,max,balanced,cached_mxbai,2111,1782201307.5027897,,,
3497,0,svm,max,balanced,cached_mxbai,2112,1782201307.7380238,,,
4251,0,svm,max,balanced,cached_mxbai,2113,1782201307.9754634,,,
4876,0,svm,max,balanced,cached_mxbai,2114,1782201308.2109168,,,
3062,0,svm,max,balanced,cached_mxbai,2115,1782201308.4465508,,,
2690,0,svm,max,balanced,cached_mxbai,2116,1782201308.6817534,,,
4022,0,svm,max,balanced,cached_mxbai,2117,1782201308.9187195,,,
7951,0,svm,max,balanced,cached_mxbai,2118,1782201309.1557794,,,
4242,0,svm,max,balanced,cached_mxbai,2119,1782201309.391786,,,
6105,0,svm,max,balanced,cached_mxbai,2120,1782201309.6268368,,,
10210,0,svm,max,balanced,cached_mxbai,2121,1782201309.8625486,,,
3704,0,svm,max,balanced,cached_mxbai,2122,1782201310.1000187,,,
3637,0,svm,max,balanced,cached_mxbai,2123,1782201310.3357646,,,
5048,0,svm,max,balanced,cached_mxbai,2124,1782201310.5732272,,,
1604,0,svm,max,balanced,cached_mxbai,2125,1782201310.8121233,,,
244,0,svm,max,balanced,cached_mxbai,2126,1782201311.0541494,,,
9089,0,svm,max,balanced,cached_mxbai,2127,1782201311.2949438,,,
7733,0,svm,max,balanced,cached_mxbai,2128,1782201311.5379596,,,
8833,0,svm,max,balanced,cached_mxbai,2129,1782201311.7784696,,,
5044,0,svm,max,balanced,cached_mxbai,2130,1782201312.018484,,,
5203,0,svm,max,balanced,cached_mxbai,2131,1782201312.2589319,,,
3604,0,svm,max,balanced,cached_mxbai,2132,1782201312.4955451,,,
2702,0,svm,max,balanced,cached_mxbai,2133,1782201312.7346597,,,
9559,0,svm,max,balanced,cached_mxbai,2134,1782201312.9770954,,,
4335,0,svm,max,balanced,cached_mxbai,2135,1782201313.2187479,,,
5549,0,svm,max,balanced,cached_mxbai,2136,1782201313.4596543,,,
3710,0,svm,max,balanced,cached_mxbai,2137,1782201313.699156,,,
6310,0,svm,max,balanced,cached_mxbai,2138,1782201313.9385536,,,
2421,0,svm,max,balanced,cached_mxbai,2139,1782201314.1790733,,,
2544,0,svm,max,balanced,cached_mxbai,2140,1782201314.4399874,,,
1178,0,svm,max,balanced,cached_mxbai,2141,1782201314.7007542,,,
4917,0,svm,max,balanced,cached_mxbai,2142,1782201314.9428027,,,
5140,0,svm,max,balanced,cached_mxbai,2143,1782201315.1909778,,,
951,0,svm,max,balanced,cached_mxbai,2144,1782201315.478434,,,
9856,0,svm,max,balanced,cached_mxbai,2145,1782201315.7174215,,,
4444,0,svm,max,balanced,cached_mxbai,2146,1782201315.9595177,,,
6579,0,svm,max,balanced,cached_mxbai,2147,1782201316.2001476,,,
3570,0,svm,max,balanced,cached_mxbai,2148,1782201316.4407613,,,
7186,0,svm,max,balanced,cached_mxbai,2149,1782201316.680379,,,
6654,0,svm,max,balanced,cached_mxbai,2150,1782201316.92109,,,
4462,0,svm,max,balanced,cached_mxbai,2151,1782201317.1629007,,,
7552,0,svm,max,balanced,cached_mxbai,2152,1782201317.4042468,,,
8488,0,svm,max,balanced,cached_mxbai,2153,1782201317.64368,,,
7917,0,svm,max,balanced,cached_mxbai,2154,1782201317.8831656,,,
3855,0,svm,max,balanced,cached_mxbai,2155,1782201318.1251562,,,
7495,0,svm,max,balanced,cached_mxbai,2156,1782201318.3650022,,,
8832,1,svm,max,balanced,cached_mxbai,2157,1782201318.6038568,,,
7776,0,svm,max,balanced,cached_mxbai,2158,1782201318.8508713,,,
6988,0,svm,max,balanced,cached_mxbai,2159,1782201319.0984125,,,
288,0,svm,max,balanced,cached_mxbai,2160,1782201319.3402154,,,
8920,0,svm,max,balanced,cached_mxbai,2161,1782201319.5786932,,,
7258,0,svm,max,balanced,cached_mxbai,2162,1782201319.8191128,,,
8190,0,svm,max,balanced,cached_mxbai,2163,1782201320.0603976,,,
9292,0,svm,max,balanced,cached_mxbai,2164,1782201320.3025103,,,
4585,0,svm,max,balanced,cached_mxbai,2165,1782201320.5481415,,,
4979,0,svm,max,balanced,cached_mxbai,2166,1782201320.7944198,,,
3673,0,svm,max,balanced,cached_mxbai,2167,1782201321.0410388,,,
4212,0,svm,max,balanced,cached_mxbai,2168,1782201321.293236,,,
7127,0,svm,max,balanced,cached_mxbai,2169,1782201321.5395865,,,
1606,0,svm,max,balanced,cached_mxbai,2170,1782201321.7848222,,,
3430,0,svm,max,balanced,cached_mxbai,2171,1782201322.0336702,,,
4775,0,svm,max,balanced,cached_mxbai,2172,1782201322.2818944,,,
3842,0,svm,max,balanced,cached_mxbai,2173,1782201322.5306048,,,
3108,0,svm,max,balanced,cached_mxbai,2174,1782201322.779339,,,
1446,0,svm,max,balanced,cached_mxbai,2175,1782201323.0279803,,,
10281,0,svm,max,balanced,cached_mxbai,2176,1782201323.2806215,,,
6276,0,svm,max,balanced,cached_mxbai,2177,1782201323.5301285,,,
9602,0,svm,max,balanced,cached_mxbai,2178,1782201323.778153,,,
5097,0,svm,max,balanced,cached_mxbai,2179,1782201324.0287542,,,
4877,0,svm,max,balanced,cached_mxbai,2180,1782201324.2782907,,,
222,0,svm,max,balanced,cached_mxbai,2181,1782201324.528586,,,
1465,0,svm,max,balanced,cached_mxbai,2182,1782201324.7659247,,,
3980,0,svm,max,balanced,cached_mxbai,2183,1782201325.0045695,,,
10119,0,svm,max,balanced,cached_mxbai,2184,1782201325.2668703,,,
9011,0,svm,max,balanced,cached_mxbai,2185,1782201325.5120454,,,
3947,0,svm,max,balanced,cached_mxbai,2186,1782201325.7486756,,,
653,0,svm,max,balanced,cached_mxbai,2187,1782201325.9865272,,,
9195,0,svm,max,balanced,cached_mxbai,2188,1782201326.2269545,,,
267,0,svm,max,balanced,cached_mxbai,2189,1782201326.473603,,,
5033,0,svm,max,balanced,cached_mxbai,2190,1782201326.7136393,,,
4115,0,svm,max,balanced,cached_mxbai,2191,1782201326.9530272,,,
1253,0,svm,max,balanced,cached_mxbai,2192,1782201327.1948855,,,
8073,0,svm,max,balanced,cached_mxbai,2193,1782201327.441855,,,
2557,0,svm,max,balanced,cached_mxbai,2194,1782201327.6823394,,,
8831,0,svm,max,balanced,cached_mxbai,2195,1782201327.9220955,,,
3551,0,svm,max,balanced,cached_mxbai,2196,1782201328.1640253,,,
4844,0,svm,max,balanced,cached_mxbai,2197,1782201328.405739,,,
3715,0,svm,max,balanced,cached_mxbai,2198,1782201328.644687,,,
7230,0,svm,max,balanced,cached_mxbai,2199,1782201328.883625,,,
9206,0,svm,max,balanced,cached_mxbai,2200,1782201329.126174,,,
9688,0,svm,max,balanced,cached_mxbai,2201,1782201329.3678288,,,
8816,0,svm,max,balanced,cached_mxbai,2202,1782201329.607144,,,
8265,0,svm,max,balanced,cached_mxbai,2203,1782201329.847324,,,
3272,0,svm,max,balanced,cached_mxbai,2204,1782201330.0887854,,,
4825,0,svm,max,balanced,cached_mxbai,2205,1782201330.330326,,,
10129,0,svm,max,balanced,cached_mxbai,2206,1782201330.5709627,,,
7048,0,svm,max,balanced,cached_mxbai,2207,1782201330.8096712,,,
4094,0,svm,max,balanced,cached_mxbai,2208,1782201331.0526607,,,
7507,0,svm,max,balanced,cached_mxbai,2209,1782201331.2932332,,,
3745,0,svm,max,balanced,cached_mxbai,2210,1782201331.534694,,,
7101,0,svm,max,balanced,cached_mxbai,2211,1782201331.7725608,,,
45,0,svm,max,balanced,cached_mxbai,2212,1782201332.0129726,,,
7560,0,svm,max,balanced,cached_mxbai,2213,1782201332.2541754,,,
8436,0,svm,max,balanced,cached_mxbai,2214,1782201332.4974663,,,
2461,0,svm,max,balanced,cached_mxbai,2215,1782201332.740091,,,
5444,0,svm,max,balanced,cached_mxbai,2216,1782201332.981282,,,
5041,0,svm,max,balanced,cached_mxbai,2217,1782201333.2249904,,,
4814,0,svm,max,balanced,cached_mxbai,2218,1782201333.4694943,,,
4604,0,svm,max,balanced,cached_mxbai,2219,1782201333.714371,,,
5595,0,svm,max,balanced,cached_mxbai,2220,1782201333.9598823,,,
747,0,svm,max,balanced,cached_mxbai,2221,1782201334.2057567,,,
8555,0,svm,max,balanced,cached_mxbai,2222,1782201334.4476676,,,
6531,0,svm,max,balanced,cached_mxbai,2223,1782201334.6924744,,,
5157,0,svm,max,balanced,cached_mxbai,2224,1782201334.9355745,,,
448,0,svm,max,balanced,cached_mxbai,2225,1782201335.1900237,,,
4880,0,svm,max,balanced,cached_mxbai,2226,1782201335.45585,,,
3949,0,svm,max,balanced,cached_mxbai,2227,1782201335.702199,,,
1429,0,svm,max,balanced,cached_mxbai,2228,1782201335.953147,,,
4935,0,svm,max,balanced,cached_mxbai,2229,1782201336.2062922,,,
4287,0,svm,max,balanced,cached_mxbai,2230,1782201336.4570131,,,
3887,0,svm,max,balanced,cached_mxbai,2231,1782201336.706709,,,
1086,0,svm,max,balanced,cached_mxbai,2232,1782201336.957065,,,
8657,0,svm,max,balanced,cached_mxbai,2233,1782201337.209586,,,
5712,0,svm,max,balanced,cached_mxbai,2234,1782201337.4627516,,,
4774,0,svm,max,balanced,cached_mxbai,2235,1782201337.7163074,,,
7324,0,svm,max,balanced,cached_mxbai,2236,1782201337.9681437,,,
8680,0,svm,max,balanced,cached_mxbai,2237,1782201338.2211878,,,
6230,0,svm,max,balanced,cached_mxbai,2238,1782201338.477748,,,
665,0,svm,max,balanced,cached_mxbai,2239,1782201338.731561,,,
6170,0,svm,max,balanced,cached_mxbai,2240,1782201338.9825346,,,
4931,0,svm,max,balanced,cached_mxbai,2241,1782201339.2357173,,,
5142,0,svm,max,balanced,cached_mxbai,2242,1782201339.4879057,,,
5354,0,svm,max,balanced,cached_mxbai,2243,1782201339.739524,,,
7609,0,svm,max,balanced,cached_mxbai,2244,1782201339.9911242,,,
7773,0,svm,max,balanced,cached_mxbai,2245,1782201340.2457967,,,
8031,0,svm,max,balanced,cached_mxbai,2246,1782201340.4991975,,,
3514,0,svm,max,balanced,cached_mxbai,2247,1782201340.7509332,,,
1930,0,svm,max,balanced,cached_mxbai,2248,1782201341.003116,,,
1315,0,svm,max,balanced,cached_mxbai,2249,1782201341.258637,,,
4909,0,svm,max,balanced,cached_mxbai,2250,1782201341.5122728,,,
3626,0,svm,max,balanced,cached_mxbai,2251,1782201341.7629569,,,
5037,0,svm,max,balanced,cached_mxbai,2252,1782201342.0156226,,,
7931,0,svm,max,balanced,cached_mxbai,2253,1782201342.2704077,,,
10386,0,svm,max,balanced,cached_mxbai,2254,1782201342.524133,,,
3825,0,svm,max,balanced,cached_mxbai,2255,1782201342.7783604,,,
9659,0,svm,max,balanced,cached_mxbai,2256,1782201343.031093,,,
6425,0,svm,max,balanced,cached_mxbai,2257,1782201343.2888908,,,
4,0,svm,max,balanced,cached_mxbai,2258,1782201343.5417616,,,
10192,0,svm,max,balanced,cached_mxbai,2259,1782201343.8013613,,,
4366,0,svm,max,balanced,cached_mxbai,2260,1782201344.0614407,,,
5248,0,svm,max,balanced,cached_mxbai,2261,1782201344.3219168,,,
3607,0,svm,max,balanced,cached_mxbai,2262,1782201344.5822818,,,
4129,0,svm,max,balanced,cached_mxbai,2263,1782201344.8446047,,,
1739,0,svm,max,balanced,cached_mxbai,2264,1782201345.1121075,,,
1226,0,svm,max,balanced,cached_mxbai,2265,1782201345.4018154,,,
8732,0,svm,max,balanced,cached_mxbai,2266,1782201345.6646352,,,
1671,0,svm,max,balanced,cached_mxbai,2267,1782201345.929197,,,
8220,0,svm,max,balanced,cached_mxbai,2268,1782201346.190871,,,
5035,0,svm,max,balanced,cached_mxbai,2269,1782201346.4554315,,,
3913,0,svm,max,balanced,cached_mxbai,2270,1782201346.7171266,,,
1500,0,svm,max,balanced,cached_mxbai,2271,1782201346.978255,,,
4903,0,svm,max,balanced,cached_mxbai,2272,1782201347.239078,,,
6433,0,svm,max,balanced,cached_mxbai,2273,1782201347.5022078,,,
5126,0,svm,max,balanced,cached_mxbai,2274,1782201347.7624507,,,
3665,0,svm,max,balanced,cached_mxbai,2275,1782201348.0240414,,,
5277,0,svm,max,balanced,cached_mxbai,2276,1782201348.2862704,,,
4184,0,svm,max,balanced,cached_mxbai,2277,1782201348.5490468,,,
4332,0,svm,max,balanced,cached_mxbai,2278,1782201348.8120399,,,
7715,0,svm,max,balanced,cached_mxbai,2279,1782201349.0782366,,,
2436,0,svm,max,balanced,cached_mxbai,2280,1782201349.34259,,,
3148,0,svm,max,balanced,cached_mxbai,2281,1782201349.609667,,,
4584,0,svm,max,balanced,cached_mxbai,2282,1782201349.8728857,,,
6706,0,svm,max,balanced,cached_mxbai,2283,1782201350.1360822,,,
4314,0,svm,max,balanced,cached_mxbai,2284,1782201350.3981836,,,
3662,0,svm,max,balanced,cached_mxbai,2285,1782201350.6597834,,,
10349,1,svm,max,balanced,cached_mxbai,2286,1782201350.922466,,,
5851,0,svm,max,balanced,cached_mxbai,2287,1782201351.1796358,,,
177,0,svm,max,balanced,cached_mxbai,2288,1782201351.437277,,,
5685,0,svm,max,balanced,cached_mxbai,2289,1782201351.6960976,,,
3717,0,svm,max,balanced,cached_mxbai,2290,1782201351.9920566,,,
9789,0,svm,max,balanced,cached_mxbai,2291,1782201352.2842464,,,
7716,0,svm,max,balanced,cached_mxbai,2292,1782201352.5749094,,,
170,0,svm,max,balanced,cached_mxbai,2293,1782201352.8648348,,,
1108,0,svm,max,balanced,cached_mxbai,2294,1782201353.125286,,,
5793,0,svm,max,balanced,cached_mxbai,2295,1782201353.3837864,,,
9899,0,svm,max,balanced,cached_mxbai,2296,1782201353.6439931,,,
3816,0,svm,max,balanced,cached_mxbai,2297,1782201353.9040818,,,
3856,0,svm,max,balanced,cached_mxbai,2298,1782201354.162969,,,
1934,0,svm,max,balanced,cached_mxbai,2299,1782201354.4212918,,,
7074,0,svm,max,balanced,cached_mxbai,2300,1782201354.679808,,,
8627,0,svm,max,balanced,cached_mxbai,2301,1782201354.9396985,,,
464,0,svm,max,balanced,cached_mxbai,2302,1782201355.207078,,,
6063,0,svm,max,balanced,cached_mxbai,2303,1782201355.4973993,,,
3220,0,svm,max,balanced,cached_mxbai,2304,1782201355.7573628,,,
9788,0,svm,max,balanced,cached_mxbai,2305,1782201356.0169144,,,
4007,0,svm,max,balanced,cached_mxbai,2306,1782201356.2753735,,,
3156,0,svm,max,balanced,cached_mxbai,2307,1782201356.5348496,,,
10066,0,svm,max,balanced,cached_mxbai,2308,1782201356.79196,,,
9188,0,svm,max,balanced,cached_mxbai,2309,1782201357.0595167,,,
1060,0,svm,max,balanced,cached_mxbai,2310,1782201357.3452988,,,
169,0,svm,max,balanced,cached_mxbai,2311,1782201357.6074543,,,
10432,0,svm,max,balanced,cached_mxbai,2312,1782201357.8919792,,,
4324,0,svm,max,balanced,cached_mxbai,2313,1782201358.1570165,,,
109,0,svm,max,balanced,cached_mxbai,2314,1782201358.421134,,,
5190,0,svm,max,balanced,cached_mxbai,2315,1782201358.7019024,,,
4796,0,svm,max,balanced,cached_mxbai,2316,1782201358.9605489,,,
862,0,svm,max,balanced,cached_mxbai,2317,1782201359.2432265,,,
3865,0,svm,max,balanced,cached_mxbai,2318,1782201359.508718,,,
3794,0,svm,max,balanced,cached_mxbai,2319,1782201359.7712605,,,
10325,0,svm,max,balanced,cached_mxbai,2320,1782201360.0352318,,,
4621,0,svm,max,balanced,cached_mxbai,2321,1782201360.3010194,,,
2,0,svm,max,balanced,cached_mxbai,2322,1782201360.5697505,,,
191,0,svm,max,balanced,cached_mxbai,2323,1782201360.8375633,,,
3734,0,svm,max,balanced,cached_mxbai,2324,1782201361.1043863,,,
5991,0,svm,max,balanced,cached_mxbai,2325,1782201361.3741515,,,
4866,0,svm,max,balanced,cached_mxbai,2326,1782201361.642558,,,
3881,0,svm,max,balanced,cached_mxbai,2327,1782201361.9091294,,,
3712,0,svm,max,balanced,cached_mxbai,2328,1782201362.1775959,,,
5935,0,svm,max,balanced,cached_mxbai,2329,1782201362.4461951,,,
4610,0,svm,max,balanced,cached_mxbai,2330,1782201362.7156227,,,
10064,0,svm,max,balanced,cached_mxbai,2331,1782201362.9851947,,,
8737,0,svm,max,balanced,cached_mxbai,2332,1782201363.2552655,,,
10534,0,svm,max,balanced,cached_mxbai,2333,1782201363.5558121,,,
254,0,svm,max,balanced,cached_mxbai,2334,1782201363.849385,,,
4795,0,svm,max,balanced,cached_mxbai,2335,1782201364.1320646,,,
915,0,svm,max,balanced,cached_mxbai,2336,1782201364.4264486,,,
5164,0,svm,max,balanced,cached_mxbai,2337,1782201364.7012725,,,
3663,0,svm,max,balanced,cached_mxbai,2338,1782201364.9711266,,,
4545,0,svm,max,balanced,cached_mxbai,2339,1782201365.2512932,,,
1306,0,svm,max,balanced,cached_mxbai,2340,1782201365.5283775,,,
5228,0,svm,max,balanced,cached_mxbai,2341,1782201365.7970588,,,
6925,0,svm,max,balanced,cached_mxbai,2342,1782201366.0667248,,,
4327,0,svm,max,balanced,cached_mxbai,2343,1782201366.336098,,,
6385,0,svm,max,balanced,cached_mxbai,2344,1782201366.6058443,,,
4671,0,svm,max,balanced,cached_mxbai,2345,1782201366.8751333,,,
3,0,svm,max,balanced,cached_mxbai,2346,1782201367.1444113,,,
3528,0,svm,max,balanced,cached_mxbai,2347,1782201367.4148126,,,
7164,0,svm,max,balanced,cached_mxbai,2348,1782201367.688837,,,
5747,0,svm,max,balanced,cached_mxbai,2349,1782201367.9609237,,,
33,0,svm,max,balanced,cached_mxbai,2350,1782201368.2311735,,,
5026,0,svm,max,balanced,cached_mxbai,2351,1782201368.5027614,,,
3698,0,svm,max,balanced,cached_mxbai,2352,1782201368.772592,,,
5122,0,svm,max,balanced,cached_mxbai,2353,1782201369.0441797,,,
4983,0,svm,max,balanced,cached_mxbai,2354,1782201369.3145049,,,
752,0,svm,max,balanced,cached_mxbai,2355,1782201369.588061,,,
3367,0,svm,max,balanced,cached_mxbai,2356,1782201369.857546,,,
703,0,svm,max,balanced,cached_mxbai,2357,1782201370.130193,,,
10360,0,svm,max,balanced,cached_mxbai,2358,1782201370.3954482,,,
4949,0,svm,max,balanced,cached_mxbai,2359,1782201370.6629791,,,
1809,0,svm,max,balanced,cached_mxbai,2360,1782201370.9281569,,,
3456,0,svm,max,balanced,cached_mxbai,2361,1782201371.198212,,,
9622,0,svm,max,balanced,cached_mxbai,2362,1782201371.4657552,,,
5224,0,svm,max,balanced,cached_mxbai,2363,1782201371.7298908,,,
9530,0,svm,max,balanced,cached_mxbai,2364,1782201371.9973254,,,
10096,0,svm,max,balanced,cached_mxbai,2365,1782201372.264991,,,
10402,0,svm,max,balanced,cached_mxbai,2366,1782201372.5322118,,,
2673,0,svm,max,balanced,cached_mxbai,2367,1782201372.7993338,,,
3351,0,svm,max,balanced,cached_mxbai,2368,1782201373.0674472,,,
5135,0,svm,max,balanced,cached_mxbai,2369,1782201373.3333557,,,
4156,0,svm,max,balanced,cached_mxbai,2370,1782201373.601715,,,
2346,0,svm,max,balanced,cached_mxbai,2371,1782201373.8680604,,,
7059,0,svm,max,balanced,cached_mxbai,2372,1782201374.1347702,,,
10536,0,svm,max,balanced,cached_mxbai,2373,1782201374.406737,,,
5094,0,svm,max,balanced,cached_mxbai,2374,1782201374.6750329,,,
9341,0,svm,max,balanced,cached_mxbai,2375,1782201374.942205,,,
4769,0,svm,max,balanced,cached_mxbai,2376,1782201375.2202194,,,
723,0,svm,max,balanced,cached_mxbai,2377,1782201375.510395,,,
2769,0,svm,max,balanced,cached_mxbai,2378,1782201375.7789948,,,
4266,0,svm,max,balanced,cached_mxbai,2379,1782201376.0499883,,,
6555,0,svm,max,balanced,cached_mxbai,2380,1782201376.332208,,,
8642,0,svm,max,balanced,cached_mxbai,2381,1782201376.6052027,,,
5015,0,svm,max,balanced,cached_mxbai,2382,1782201376.876534,,,
5117,0,svm,max,balanced,cached_mxbai,2383,1782201377.1495168,,,
3703,0,svm,max,balanced,cached_mxbai,2384,1782201377.4229379,,,
4972,0,svm,max,balanced,cached_mxbai,2385,1782201377.6966648,,,
5539,0,svm,max,balanced,cached_mxbai,2386,1782201377.9670112,,,
4052,0,svm,max,balanced,cached_mxbai,2387,1782201378.2409441,,,
4694,0,svm,max,balanced,cached_mxbai,2388,1782201378.5148456,,,
8309,0,svm,max,balanced,cached_mxbai,2389,1782201378.788116,,,
7349,0,svm,max,balanced,cached_mxbai,2390,1782201379.0593877,,,
8144,0,svm,max,balanced,cached_mxbai,2391,1782201379.331115,,,
8033,0,svm,max,balanced,cached_mxbai,2392,1782201379.6043913,,,
7709,0,svm,max,balanced,cached_mxbai,2393,1782201379.876535,,,
3674,0,svm,max,balanced,cached_mxbai,2394,1782201380.1493618,,,
4395,0,svm,max,balanced,cached_mxbai,2395,1782201380.4215627,,,
9106,0,svm,max,balanced,cached_mxbai,2396,1782201380.694413,,,
7805,0,svm,max,balanced,cached_mxbai,2397,1782201380.9672227,,,
4614,0,svm,max,balanced,cached_mxbai,2398,1782201381.23919,,,
3581,0,svm,max,balanced,cached_mxbai,2399,1782201381.5141134,,,
7570,0,svm,max,balanced,cached_mxbai,2400,1782201381.7868044,,,
4300,0,svm,max,balanced,cached_mxbai,2401,1782201382.0594752,,,
9505,0,svm,max,balanced,cached_mxbai,2402,1782201382.3336973,,,
7766,0,svm,max,balanced,cached_mxbai,2403,1782201382.607907,,,
3163,0,svm,max,balanced,cached_mxbai,2404,1782201382.8804862,,,
4518,0,svm,max,balanced,cached_mxbai,2405,1782201383.1533988,,,
3951,0,svm,max,balanced,cached_mxbai,2406,1782201383.4284503,,,
10497,0,svm,max,balanced,cached_mxbai,2407,1782201383.705443,,,
10002,0,svm,max,balanced,cached_mxbai,2408,1782201383.9807131,,,
5166,0,svm,max,balanced,cached_mxbai,2409,1782201384.2521987,,,
6896,0,svm,max,balanced,cached_mxbai,2410,1782201384.537105,,,
115,0,svm,max,balanced,cached_mxbai,2411,1782201384.8205085,,,
1197,0,svm,max,balanced,cached_mxbai,2412,1782201385.11915,,,
4726,0,svm,max,balanced,cached_mxbai,2413,1782201385.4241714,,,
5864,0,svm,max,balanced,cached_mxbai,2414,1782201385.7012298,,,
4288,0,svm,max,balanced,cached_mxbai,2415,1782201385.974354,,,
4028,0,svm,max,balanced,cached_mxbai,2416,1782201386.2567782,,,
5459,0,svm,max,balanced,cached_mxbai,2417,1782201386.5470896,,,
3642,0,svm,max,balanced,cached_mxbai,2418,1782201386.8261461,,,
3215,0,svm,max,balanced,cached_mxbai,2419,1782201387.1014829,,,
1590,0,svm,max,balanced,cached_mxbai,2420,1782201387.3792405,,,
4859,0,svm,max,balanced,cached_mxbai,2421,1782201387.6560965,,,
6835,0,svm,max,balanced,cached_mxbai,2422,1782201387.93825,,,
388,0,svm,max,balanced,cached_mxbai,2423,1782201388.2171235,,,
3730,0,svm,max,balanced,cached_mxbai,2424,1782201388.4925737,,,
6759,0,svm,max,balanced,cached_mxbai,2425,1782201388.7678342,,,
3406,0,svm,max,balanced,cached_mxbai,2426,1782201389.0445633,,,
4206,0,svm,max,balanced,cached_mxbai,2427,1782201389.3178546,,,
5124,0,svm,max,balanced,cached_mxbai,2428,1782201389.593294,,,
561,0,svm,max,balanced,cached_mxbai,2429,1782201389.8676634,,,
10445,0,svm,max,balanced,cached_mxbai,2430,1782201390.142119,,,
5057,0,svm,max,balanced,cached_mxbai,2431,1782201390.4174101,,,
6426,0,svm,max,balanced,cached_mxbai,2432,1782201390.6930819,,,
5121,0,svm,max,balanced,cached_mxbai,2433,1782201390.969065,,,
5392,0,svm,max,balanced,cached_mxbai,2434,1782201391.242025,,,
8871,0,svm,max,balanced,cached_mxbai,2435,1782201391.521481,,,
7041,0,svm,max,balanced,cached_mxbai,2436,1782201391.8090494,,,
4428,0,svm,max,balanced,cached_mxbai,2437,1782201392.084487,,,
10125,0,svm,max,balanced,cached_mxbai,2438,1782201392.3922515,,,
3467,0,svm,max,balanced,cached_mxbai,2439,1782201392.7012026,,,
2868,0,svm,max,balanced,cached_mxbai,2440,1782201393.0106256,,,
7307,0,svm,max,balanced,cached_mxbai,2441,1782201393.3194923,,,
5428,0,svm,max,balanced,cached_mxbai,2442,1782201393.6280313,,,
4878,0,svm,max,balanced,cached_mxbai,2443,1782201393.9463038,,,
73,0,svm,max,balanced,cached_mxbai,2444,1782201394.2552793,,,
9335,0,svm,max,balanced,cached_mxbai,2445,1782201394.58105,,,
1107,0,svm,max,balanced,cached_mxbai,2446,1782201394.9033713,,,
394,0,svm,max,balanced,cached_mxbai,2447,1782201395.236147,,,
8476,0,svm,max,balanced,cached_mxbai,2448,1782201395.5665061,,,
1323,0,svm,max,balanced,cached_mxbai,2449,1782201395.8817732,,,
4945,0,svm,max,balanced,cached_mxbai,2450,1782201396.1942635,,,
4651,0,svm,max,balanced,cached_mxbai,2451,1782201396.5053775,,,
8950,0,svm,max,balanced,cached_mxbai,2452,1782201396.8173828,,,
4898,0,svm,max,balanced,cached_mxbai,2453,1782201397.1293085,,,
3405,0,svm,max,balanced,cached_mxbai,2454,1782201397.4400036,,,
6473,0,svm,max,balanced,cached_mxbai,2455,1782201397.7542574,,,
513,0,svm,max,balanced,cached_mxbai,2456,1782201398.068775,,,
3560,0,svm,max,balanced,cached_mxbai,2457,1782201398.3812664,,,
8060,0,svm,max,balanced,cached_mxbai,2458,1782201398.69422,,,
5433,0,svm,max,balanced,cached_mxbai,2459,1782201399.005726,,,
4238,0,svm,max,balanced,cached_mxbai,2460,1782201399.3175163,,,
905,0,svm,max,balanced,cached_mxbai,2461,1782201399.6305602,,,
1400,0,svm,max,balanced,cached_mxbai,2462,1782201399.9422576,,,
8891,0,svm,max,balanced,cached_mxbai,2463,1782201400.2551703,,,
4925,0,svm,max,balanced,cached_mxbai,2464,1782201400.5672128,,,
6178,0,svm,max,balanced,cached_mxbai,2465,1782201400.8847938,,,
4696,0,svm,max,balanced,cached_mxbai,2466,1782201401.2018645,,,
3937,0,svm,max,balanced,cached_mxbai,2467,1782201401.51783,,,
5215,0,svm,max,balanced,cached_mxbai,2468,1782201401.8357127,,,
10464,0,svm,max,balanced,cached_mxbai,2469,1782201402.1502845,,,
10080,0,svm,max,balanced,cached_mxbai,2470,1782201402.4645057,,,
4218,0,svm,max,balanced,cached_mxbai,2471,1782201402.7787757,,,
4924,0,svm,max,balanced,cached_mxbai,2472,1782201403.095108,,,
2439,0,svm,max,balanced,cached_mxbai,2473,1782201403.409127,,,
8005,0,svm,max,balanced,cached_mxbai,2474,1782201403.7248073,,,
3585,0,svm,max,balanced,cached_mxbai,2475,1782201404.0410306,,,
1058,0,svm,max,balanced,cached_mxbai,2476,1782201404.354259,,,
3203,0,svm,max,balanced,cached_mxbai,2477,1782201404.670857,,,
9046,0,svm,max,balanced,cached_mxbai,2478,1782201404.9901679,,,
4997,0,svm,max,balanced,cached_mxbai,2479,1782201405.339566,,,
5787,0,svm,max,balanced,cached_mxbai,2480,1782201405.6581564,,,
6225,0,svm,max,balanced,cached_mxbai,2481,1782201405.9773698,,,
1011,0,svm,max,balanced,cached_mxbai,2482,1782201406.2970004,,,
104,0,svm,max,balanced,cached_mxbai,2483,1782201406.6108315,,,
3503,0,svm,max,balanced,cached_mxbai,2484,1782201406.928325,,,
4672,0,svm,max,balanced,cached_mxbai,2485,1782201407.2428293,,,
6240,0,svm,max,balanced,cached_mxbai,2486,1782201407.556225,,,
3542,0,svm,max,balanced,cached_mxbai,2487,1782201407.8723722,,,
1183,0,svm,max,balanced,cached_mxbai,2488,1782201408.189073,,,
4768,0,svm,max,balanced,cached_mxbai,2489,1782201408.5041335,,,
7007,0,svm,max,balanced,cached_mxbai,2490,1782201408.8238919,,,
4402,0,svm,max,balanced,cached_mxbai,2491,1782201409.144813,,,
868,0,svm,max,balanced,cached_mxbai,2492,1782201409.4636788,,,
2535,0,svm,max,balanced,cached_mxbai,2493,1782201409.7790797,,,
1731,0,svm,max,balanced,cached_mxbai,2494,1782201410.0990357,,,
8351,0,svm,max,balanced,cached_mxbai,2495,1782201410.37856,,,
9593,0,svm,max,balanced,cached_mxbai,2496,1782201410.6581974,,,
2799,0,svm,max,balanced,cached_mxbai,2497,1782201410.9405506,,,
4888,0,svm,max,balanced,cached_mxbai,2498,1782201411.2213557,,,
5233,0,svm,max,balanced,cached_mxbai,2499,1782201411.5017867,,,
3658,0,svm,max,balanced,cached_mxbai,2500,1782201411.7806208,,,
6773,0,svm,max,balanced,cached_mxbai,2501,1782201412.0635412,,,
9950,0,svm,max,balanced,cached_mxbai,2502,1782201412.3440962,,,
9389,0,svm,max,balanced,cached_mxbai,2503,1782201412.6263134,,,
7271,0,svm,max,balanced,cached_mxbai,2504,1782201412.9092531,,,
9748,0,svm,max,balanced,cached_mxbai,2505,1782201413.191905,,,
4999,0,svm,max,balanced,cached_mxbai,2506,1782201413.47422,,,
8325,0,svm,max,balanced,cached_mxbai,2507,1782201413.758206,,,
4841,0,svm,max,balanced,cached_mxbai,2508,1782201414.0431702,,,
3379,0,svm,max,balanced,cached_mxbai,2509,1782201414.3264585,,,
5800,0,svm,max,balanced,cached_mxbai,2510,1782201414.6097214,,,
5260,0,svm,max,balanced,cached_mxbai,2511,1782201414.8957438,,,
1937,0,svm,max,balanced,cached_mxbai,2512,1782201415.1914227,,,
4367,0,svm,max,balanced,cached_mxbai,2513,1782201415.4930453,,,
9303,0,svm,max,balanced,cached_mxbai,2514,1782201415.7790945,,,
4500,0,svm,max,balanced,cached_mxbai,2515,1782201416.0650964,,,
5382,0,svm,max,balanced,cached_mxbai,2516,1782201416.3488376,,,
3733,0,svm,max,balanced,cached_mxbai,2517,1782201416.6330674,,,
299,0,svm,max,balanced,cached_mxbai,2518,1782201416.9193013,,,
3772,0,svm,max,balanced,cached_mxbai,2519,1782201417.209748,,,
8579,0,svm,max,balanced,cached_mxbai,2520,1782201417.494087,,,
9554,0,svm,max,balanced,cached_mxbai,2521,1782201417.7803917,,,
5427,0,svm,max,balanced,cached_mxbai,2522,1782201418.0789368,,,
10070,0,svm,max,balanced,cached_mxbai,2523,1782201418.364726,,,
9319,0,svm,max,balanced,cached_mxbai,2524,1782201418.648355,,,
8949,0,svm,max,balanced,cached_mxbai,2525,1782201418.934207,,,
9795,0,svm,max,balanced,cached_mxbai,2526,1782201419.2189102,,,
3584,0,svm,max,balanced,cached_mxbai,2527,1782201419.5014656,,,
9014,0,svm,max,balanced,cached_mxbai,2528,1782201419.7834384,,,
1539,0,svm,max,balanced,cached_mxbai,2529,1782201420.0691175,,,
10190,0,svm,max,balanced,cached_mxbai,2530,1782201420.3912253,,,
7578,0,svm,max,balanced,cached_mxbai,2531,1782201420.7142758,,,
835,0,svm,max,balanced,cached_mxbai,2532,1782201421.0430152,,,
4921,0,svm,max,balanced,cached_mxbai,2533,1782201421.336057,,,
5827,0,svm,max,balanced,cached_mxbai,2534,1782201421.6287394,,,
7350,0,svm,max,balanced,cached_mxbai,2535,1782201421.9233456,,,
3879,0,svm,max,balanced,cached_mxbai,2536,1782201422.2183077,,,
9735,0,svm,max,balanced,cached_mxbai,2537,1782201422.5114214,,,
5170,0,svm,max,balanced,cached_mxbai,2538,1782201422.8097467,,,
4944,0,svm,max,balanced,cached_mxbai,2539,1782201423.1070342,,,
3110,0,svm,max,balanced,cached_mxbai,2540,1782201423.4008713,,,
10130,0,svm,max,balanced,cached_mxbai,2541,1782201423.6951404,,,
3651,0,svm,max,balanced,cached_mxbai,2542,1782201424.0036652,,,
1866,0,svm,max,balanced,cached_mxbai,2543,1782201424.2987618,,,
4803,0,svm,max,balanced,cached_mxbai,2544,1782201424.5931869,,,
8039,0,svm,max,balanced,cached_mxbai,2545,1782201424.8880517,,,
4194,0,svm,max,balanced,cached_mxbai,2546,1782201425.192518,,,
7518,0,svm,max,balanced,cached_mxbai,2547,1782201425.512713,,,
4913,0,svm,max,balanced,cached_mxbai,2548,1782201425.8079166,,,
9197,0,svm,max,balanced,cached_mxbai,2549,1782201426.111085,,,
3122,0,svm,max,balanced,cached_mxbai,2550,1782201426.4065788,,,
1324,0,svm,max,balanced,cached_mxbai,2551,1782201426.7028475,,,
7107,0,svm,max,balanced,cached_mxbai,2552,1782201427.0066118,,,
4213,0,svm,max,balanced,cached_mxbai,2553,1782201427.2954123,,,
7667,0,svm,max,balanced,cached_mxbai,2554,1782201427.5922751,,,
10546,0,svm,max,balanced,cached_mxbai,2555,1782201427.888751,,,
1281,0,svm,max,balanced,cached_mxbai,2556,1782201428.1887774,,,
5794,0,svm,max,balanced,cached_mxbai,2557,1782201428.48533,,,
4208,0,svm,max,balanced,cached_mxbai,2558,1782201428.7803907,,,
4516,0,svm,max,balanced,cached_mxbai,2559,1782201429.0722218,,,
10543,0,svm,max,balanced,cached_mxbai,2560,1782201429.358281,,,
65,0,svm,max,balanced,cached_mxbai,2561,1782201429.6531892,,,
8424,0,svm,max,balanced,cached_mxbai,2562,1782201429.9396427,,,
4630,0,svm,max,balanced,cached_mxbai,2563,1782201430.231438,,,
3208,0,svm,max,balanced,cached_mxbai,2564,1782201430.5197532,,,
7455,0,svm,max,balanced,cached_mxbai,2565,1782201430.811481,,,
5585,0,svm,max,balanced,cached_mxbai,2566,1782201431.1064413,,,
3828,0,svm,max,balanced,cached_mxbai,2567,1782201431.4004326,,,
3883,0,svm,max,balanced,cached_mxbai,2568,1782201431.687954,,,
10085,0,svm,max,balanced,cached_mxbai,2569,1782201431.9875793,,,
818,0,svm,max,balanced,cached_mxbai,2570,1782201432.282011,,,
28,0,svm,max,balanced,cached_mxbai,2571,1782201432.5706828,,,
4992,0,svm,max,balanced,cached_mxbai,2572,1782201432.8612177,,,
8699,0,svm,max,balanced,cached_mxbai,2573,1782201433.1547213,,,
5741,0,svm,max,balanced,cached_mxbai,2574,1782201433.4460175,,,
9977,0,svm,max,balanced,cached_mxbai,2575,1782201433.7350998,,,
54,0,svm,max,balanced,cached_mxbai,2576,1782201434.0432606,,,
9931,0,svm,max,balanced,cached_mxbai,2577,1782201434.3463993,,,
7338,0,svm,max,balanced,cached_mxbai,2578,1782201434.6470938,,,
4172,0,svm,max,balanced,cached_mxbai,2579,1782201434.9439077,,,
795,0,svm,max,balanced,cached_mxbai,2580,1782201435.2754996,,,
4609,0,svm,max,balanced,cached_mxbai,2581,1782201435.586566,,,
1758,0,svm,max,balanced,cached_mxbai,2582,1782201435.8877206,,,
9354,0,svm,max,balanced,cached_mxbai,2583,1782201436.190406,,,
3442,0,svm,max,balanced,cached_mxbai,2584,1782201436.4882073,,,
424,0,svm,max,balanced,cached_mxbai,2585,1782201436.786703,,,
3131,0,svm,max,balanced,cached_mxbai,2586,1782201437.089661,,,
3648,0,svm,max,balanced,cached_mxbai,2587,1782201437.3877811,,,
9283,0,svm,max,balanced,cached_mxbai,2588,1782201437.6872969,,,
3814,0,svm,max,balanced,cached_mxbai,2589,1782201437.988326,,,
6061,0,svm,max,balanced,cached_mxbai,2590,1782201438.2916005,,,
4900,0,svm,max,balanced,cached_mxbai,2591,1782201438.5930178,,,
8612,0,svm,max,balanced,cached_mxbai,2592,1782201438.8945272,,,
4073,0,svm,max,balanced,cached_mxbai,2593,1782201439.197228,,,
523,0,svm,max,balanced,cached_mxbai,2594,1782201439.500254,,,
1715,0,svm,max,balanced,cached_mxbai,2595,1782201439.8329005,,,
4337,0,svm,max,balanced,cached_mxbai,2596,1782201440.16868,,,
3833,0,svm,max,balanced,cached_mxbai,2597,1782201440.5005765,,,
1635,0,svm,max,balanced,cached_mxbai,2598,1782201440.8314838,,,
1069,0,svm,max,balanced,cached_mxbai,2599,1782201441.1666021,,,
4019,0,svm,max,balanced,cached_mxbai,2600,1782201441.5027635,,,
4492,0,svm,max,balanced,cached_mxbai,2601,1782201441.8342683,,,
1376,0,svm,max,balanced,cached_mxbai,2602,1782201442.1691537,,,
758,0,svm,max,balanced,cached_mxbai,2603,1782201442.5016286,,,
6404,0,svm,max,balanced,cached_mxbai,2604,1782201442.8314495,,,
10358,0,svm,max,balanced,cached_mxbai,2605,1782201443.1672328,,,
5187,0,svm,max,balanced,cached_mxbai,2606,1782201443.5088832,,,
8054,0,svm,max,balanced,cached_mxbai,2607,1782201443.8431842,,,
6593,0,svm,max,balanced,cached_mxbai,2608,1782201444.1802454,,,
4879,0,svm,max,balanced,cached_mxbai,2609,1782201444.5134685,,,
4989,0,svm,max,balanced,cached_mxbai,2610,1782201444.8528318,,,
289,0,svm,max,balanced,cached_mxbai,2611,1782201445.2049828,,,
1670,0,svm,max,balanced,cached_mxbai,2612,1782201445.5684285,,,
9909,0,svm,max,balanced,cached_mxbai,2613,1782201445.900465,,,
4470,0,svm,max,balanced,cached_mxbai,2614,1782201446.2363122,,,
3714,0,svm,max,balanced,cached_mxbai,2615,1782201446.5686386,,,
6486,0,svm,max,balanced,cached_mxbai,2616,1782201446.9005396,,,
4916,0,svm,max,balanced,cached_mxbai,2617,1782201447.2340834,,,
3927,0,svm,max,balanced,cached_mxbai,2618,1782201447.571284,,,
3708,0,svm,max,balanced,cached_mxbai,2619,1782201447.9030957,,,
8180,0,svm,max,balanced,cached_mxbai,2620,1782201448.2430763,,,
9056,0,svm,max,balanced,cached_mxbai,2621,1782201448.5775242,,,
10295,0,svm,max,balanced,cached_mxbai,2622,1782201448.9100406,,,
10506,0,svm,max,balanced,cached_mxbai,2623,1782201449.246278,,,
4485,0,svm,max,balanced,cached_mxbai,2624,1782201449.5822053,,,
3617,0,svm,max,balanced,cached_mxbai,2625,1782201449.9141073,,,
10218,0,svm,max,balanced,cached_mxbai,2626,1782201450.255745,,,
5152,0,svm,max,balanced,cached_mxbai,2627,1782201450.592219,,,
5613,0,svm,max,balanced,cached_mxbai,2628,1782201450.9328966,,,
1891,0,svm,max,balanced,cached_mxbai,2629,1782201451.2802503,,,
3535,0,svm,max,balanced,cached_mxbai,2630,1782201451.6159692,,,
1481,0,svm,max,balanced,cached_mxbai,2631,1782201451.9533,,,
9869,0,svm,max,balanced,cached_mxbai,2632,1782201452.2923687,,,
1548,0,svm,max,balanced,cached_mxbai,2633,1782201452.6284504,,,
688,0,svm,max,balanced,cached_mxbai,2634,1782201452.9661357,,,
2586,0,svm,max,balanced,cached_mxbai,2635,1782201453.3072503,,,
7970,0,svm,max,balanced,cached_mxbai,2636,1782201453.6442842,,,
4018,0,svm,max,balanced,cached_mxbai,2637,1782201453.9864693,,,
8654,0,svm,max,balanced,cached_mxbai,2638,1782201454.332026,,,
4981,0,svm,max,balanced,cached_mxbai,2639,1782201454.6748958,,,
669,0,svm,max,balanced,cached_mxbai,2640,1782201455.0170841,,,
1787,0,svm,max,balanced,cached_mxbai,2641,1782201455.3870792,,,
566,0,svm,max,balanced,cached_mxbai,2642,1782201455.7266266,,,
2129,0,svm,max,balanced,cached_mxbai,2643,1782201456.0711162,,,
4105,0,svm,max,balanced,cached_mxbai,2644,1782201456.415138,,,
3490,0,svm,max,balanced,cached_mxbai,2645,1782201456.7543974,,,
7424,0,svm,max,balanced,cached_mxbai,2646,1782201457.095278,,,
8782,0,svm,max,balanced,cached_mxbai,2647,1782201457.4352837,,,
1200,0,svm,max,balanced,cached_mxbai,2648,1782201457.7743125,,,
4690,0,svm,max,balanced,cached_mxbai,2649,1782201458.1159616,,,
3388,0,svm,max,balanced,cached_mxbai,2650,1782201458.457072,,,
3358,0,svm,max,balanced,cached_mxbai,2651,1782201458.7952688,,,
512,0,svm,max,balanced,cached_mxbai,2652,1782201459.1358984,,,
10370,0,svm,max,balanced,cached_mxbai,2653,1782201459.4753265,,,
3457,0,svm,max,balanced,cached_mxbai,2654,1782201459.814074,,,
4613,0,svm,max,balanced,cached_mxbai,2655,1782201460.1547742,,,
897,0,svm,max,balanced,cached_mxbai,2656,1782201460.4983196,,,
9660,0,svm,max,balanced,cached_mxbai,2657,1782201460.8388379,,,
6443,0,svm,max,balanced,cached_mxbai,2658,1782201461.170143,,,
5439,0,svm,max,balanced,cached_mxbai,2659,1782201461.503322,,,
7529,0,svm,max,balanced,cached_mxbai,2660,1782201461.837852,,,
5497,0,svm,max,balanced,cached_mxbai,2661,1782201462.173374,,,
4303,0,svm,max,balanced,cached_mxbai,2662,1782201462.508824,,,
3295,0,svm,max,balanced,cached_mxbai,2663,1782201462.841327,,,
3312,0,svm,max,balanced,cached_mxbai,2664,1782201463.17509,,,
4524,0,svm,max,balanced,cached_mxbai,2665,1782201463.5096343,,,
6489,0,svm,max,balanced,cached_mxbai,2666,1782201463.8472013,,,
8012,0,svm,max,balanced,cached_mxbai,2667,1782201464.1840527,,,
1609,0,svm,max,balanced,cached_mxbai,2668,1782201464.5249314,,,
9386,0,svm,max,balanced,cached_mxbai,2669,1782201464.8682961,,,
7038,0,svm,max,balanced,cached_mxbai,2670,1782201465.2241287,,,
10387,0,svm,max,balanced,cached_mxbai,2671,1782201465.5839694,,,
6334,0,svm,max,balanced,cached_mxbai,2672,1782201465.922146,,,
6291,0,svm,max,balanced,cached_mxbai,2673,1782201466.2592094,,,
8248,0,svm,max,balanced,cached_mxbai,2674,1782201466.5991426,,,
9791,0,svm,max,balanced,cached_mxbai,2675,1782201466.9372811,,,
8762,0,svm,max,balanced,cached_mxbai,2676,1782201467.275374,,,
5803,0,svm,max,balanced,cached_mxbai,2677,1782201467.6128905,,,
2256,0,svm,max,balanced,cached_mxbai,2678,1782201467.9514892,,,
6445,0,svm,max,balanced,cached_mxbai,2679,1782201468.294051,,,
6973,0,svm,max,balanced,cached_mxbai,2680,1782201468.6311662,,,
4404,0,svm,max,balanced,cached_mxbai,2681,1782201468.9714935,,,
5811,0,svm,max,balanced,cached_mxbai,2682,1782201469.3130999,,,
3525,0,svm,max,balanced,cached_mxbai,2683,1782201469.6552043,,,
9366,0,svm,max,balanced,cached_mxbai,2684,1782201469.9932437,,,
4118,0,svm,max,balanced,cached_mxbai,2685,1782201470.3325512,,,
690,0,svm,max,balanced,cached_mxbai,2686,1782201470.6724758,,,
2951,0,svm,max,balanced,cached_mxbai,2687,1782201471.0104957,,,
10282,0,svm,max,balanced,cached_mxbai,2688,1782201471.3488364,,,
8615,0,svm,max,balanced,cached_mxbai,2689,1782201471.6910846,,,
4762,0,svm,max,balanced,cached_mxbai,2690,1782201472.0335636,,,
3249,0,svm,max,balanced,cached_mxbai,2691,1782201472.3780417,,,
4182,0,svm,max,balanced,cached_mxbai,2692,1782201472.719063,,,
10433,0,svm,max,balanced,cached_mxbai,2693,1782201473.0589914,,,
1661,0,svm,max,balanced,cached_mxbai,2694,1782201473.403258,,,
10587,0,svm,max,balanced,cached_mxbai,2695,1782201473.744502,,,
4560,0,svm,max,balanced,cached_mxbai,2696,1782201474.086812,,,
428,0,svm,max,balanced,cached_mxbai,2697,1782201474.4297974,,,
2082,0,svm,max,balanced,cached_mxbai,2698,1782201474.7695084,,,
4695,0,svm,max,balanced,cached_mxbai,2699,1782201475.114563,,,
3321,0,svm,max,balanced,cached_mxbai,2700,1782201475.498907,,,
4158,0,svm,max,balanced,cached_mxbai,2701,1782201475.8457887,,,
8974,0,svm,max,balanced,cached_mxbai,2702,1782201476.1872113,,,
10216,0,svm,max,balanced,cached_mxbai,2703,1782201476.5297217,,,
7870,0,svm,max,balanced,cached_mxbai,2704,1782201476.8718605,,,
3384,0,svm,max,balanced,cached_mxbai,2705,1782201477.2167792,,,
4133,0,svm,max,balanced,cached_mxbai,2706,1782201477.5588508,,,
6557,0,svm,max,balanced,cached_mxbai,2707,1782201477.8992114,,,
2417,0,svm,max,balanced,cached_mxbai,2708,1782201478.2434418,,,
4724,0,svm,max,balanced,cached_mxbai,2709,1782201478.5869071,,,
3725,0,svm,max,balanced,cached_mxbai,2710,1782201478.9255095,,,
7341,0,svm,max,balanced,cached_mxbai,2711,1782201479.2681053,,,
3845,0,svm,max,balanced,cached_mxbai,2712,1782201479.6111157,,,
4908,0,svm,max,balanced,cached_mxbai,2713,1782201479.952096,,,
5241,0,svm,max,balanced,cached_mxbai,2714,1782201480.2946823,,,
5196,0,svm,max,balanced,cached_mxbai,2715,1782201480.6381605,,,
5291,0,svm,max,balanced,cached_mxbai,2716,1782201480.9788156,,,
7913,0,svm,max,balanced,cached_mxbai,2717,1782201481.3228781,,,
1310,0,svm,max,balanced,cached_mxbai,2718,1782201481.6657581,,,
9117,0,svm,max,balanced,cached_mxbai,2719,1782201482.0076923,,,
4339,0,svm,max,balanced,cached_mxbai,2720,1782201482.350291,,,
4143,0,svm,max,balanced,cached_mxbai,2721,1782201482.695233,,,
7191,0,svm,max,balanced,cached_mxbai,2722,1782201483.0377548,,,
3246,0,svm,max,balanced,cached_mxbai,2723,1782201483.3812242,,,
4578,0,svm,max,balanced,cached_mxbai,2724,1782201483.73231,,,
8805,0,svm,max,balanced,cached_mxbai,2725,1782201484.1004071,,,
9003,0,svm,max,balanced,cached_mxbai,2726,1782201484.464777,,,
2487,0,svm,max,balanced,cached_mxbai,2727,1782201484.8156152,,,
5758,0,svm,max,balanced,cached_mxbai,2728,1782201485.170573,,,
4640,0,svm,max,balanced,cached_mxbai,2729,1782201485.562509,,,
7429,0,svm,max,balanced,cached_mxbai,2730,1782201485.9182456,,,
8193,0,svm,max,balanced,cached_mxbai,2731,1782201486.2686634,,,
550,0,svm,max,balanced,cached_mxbai,2732,1782201486.6228306,,,
685,0,svm,max,balanced,cached_mxbai,2733,1782201486.9749954,,,
5978,0,svm,max,balanced,cached_mxbai,2734,1782201487.3324628,,,
4820,0,svm,max,balanced,cached_mxbai,2735,1782201487.685751,,,
1274,0,svm,max,balanced,cached_mxbai,2736,1782201488.0386481,,,
7285,0,svm,max,balanced,cached_mxbai,2737,1782201488.399237,,,
3579,0,svm,max,balanced,cached_mxbai,2738,1782201488.7546315,,,
10233,0,svm,max,balanced,cached_mxbai,2739,1782201489.1097474,,,
42,0,svm,max,balanced,cached_mxbai,2740,1782201489.4661963,,,
8025,0,svm,max,balanced,cached_mxbai,2741,1782201489.824154,,,
9790,0,svm,max,balanced,cached_mxbai,2742,1782201490.1849957,,,
650,0,svm,max,balanced,cached_mxbai,2743,1782201490.5593328,,,
1527,0,svm,max,balanced,cached_mxbai,2744,1782201490.9170482,,,
4535,0,svm,max,balanced,cached_mxbai,2745,1782201491.2735412,,,
3610,0,svm,max,balanced,cached_mxbai,2746,1782201491.6320891,,,
9105,0,svm,max,balanced,cached_mxbai,2747,1782201491.9889617,,,
406,0,svm,max,balanced,cached_mxbai,2748,1782201492.3515964,,,
10004,0,svm,max,balanced,cached_mxbai,2749,1782201492.7100897,,,
9318,0,svm,max,balanced,cached_mxbai,2750,1782201493.0717754,,,
8051,0,svm,max,balanced,cached_mxbai,2751,1782201493.4196057,,,
3839,0,svm,max,balanced,cached_mxbai,2752,1782201493.7679484,,,
8152,0,svm,max,balanced,cached_mxbai,2753,1782201494.1160905,,,
5810,0,svm,max,balanced,cached_mxbai,2754,1782201494.463608,,,
785,0,svm,max,balanced,cached_mxbai,2755,1782201494.810929,,,
5752,0,svm,max,balanced,cached_mxbai,2756,1782201495.1752496,,,
9610,0,svm,max,balanced,cached_mxbai,2757,1782201495.5659907,,,
5271,0,svm,max,balanced,cached_mxbai,2758,1782201495.916156,,,
9314,0,svm,max,balanced,cached_mxbai,2759,1782201496.2652318,,,
3079,0,svm,max,balanced,cached_mxbai,2760,1782201496.6135316,,,
9712,0,svm,max,balanced,cached_mxbai,2761,1782201496.958265,,,
5194,0,svm,max,balanced,cached_mxbai,2762,1782201497.305297,,,
701,0,svm,max,balanced,cached_mxbai,2763,1782201497.653499,,,
6717,0,svm,max,balanced,cached_mxbai,2764,1782201498.002889,,,
3546,0,svm,max,balanced,cached_mxbai,2765,1782201498.350413,,,
1435,0,svm,max,balanced,cached_mxbai,2766,1782201498.6998174,,,
7277,0,svm,max,balanced,cached_mxbai,2767,1782201499.0482764,,,
1789,0,svm,max,balanced,cached_mxbai,2768,1782201499.4024327,,,
9649,0,svm,max,balanced,cached_mxbai,2769,1782201499.7592316,,,
3513,0,svm,max,balanced,cached_mxbai,2770,1782201500.1190608,,,
4760,0,svm,max,balanced,cached_mxbai,2771,1782201500.47898,,,
1085,0,svm,max,balanced,cached_mxbai,2772,1782201500.8391836,,,
4758,0,svm,max,balanced,cached_mxbai,2773,1782201501.1961496,,,
1592,0,svm,max,balanced,cached_mxbai,2774,1782201501.5561073,,,
5949,0,svm,max,balanced,cached_mxbai,2775,1782201501.9137893,,,
3755,0,svm,max,balanced,cached_mxbai,2776,1782201502.2708952,,,
5183,0,svm,max,balanced,cached_mxbai,2777,1782201502.629042,,,
3202,0,svm,max,balanced,cached_mxbai,2778,1782201502.9855494,,,
4472,0,svm,max,balanced,cached_mxbai,2779,1782201503.343911,,,
5893,0,svm,max,balanced,cached_mxbai,2780,1782201503.7020323,,,
4993,0,svm,max,balanced,cached_mxbai,2781,1782201504.0607905,,,
1148,0,svm,max,balanced,cached_mxbai,2782,1782201504.420025,,,
3976,0,svm,max,balanced,cached_mxbai,2783,1782201504.7778444,,,
9925,0,svm,max,balanced,cached_mxbai,2784,1782201505.1460414,,,
8779,0,svm,max,balanced,cached_mxbai,2785,1782201505.5316968,,,
8859,0,svm,max,balanced,cached_mxbai,2786,1782201505.8919678,,,
3565,0,svm,max,balanced,cached_mxbai,2787,1782201506.252327,,,
10584,0,svm,max,balanced,cached_mxbai,2788,1782201506.613218,,,
2910,0,svm,max,balanced,cached_mxbai,2789,1782201506.973268,,,
1720,0,svm,max,balanced,cached_mxbai,2790,1782201507.3336422,,,
75,0,svm,max,balanced,cached_mxbai,2791,1782201507.702772,,,
3968,0,svm,max,balanced,cached_mxbai,2792,1782201508.0661626,,,
1260,0,svm,max,balanced,cached_mxbai,2793,1782201508.428094,,,
648,0,svm,max,balanced,cached_mxbai,2794,1782201508.7945042,,,
7248,0,svm,max,balanced,cached_mxbai,2795,1782201509.1584833,,,
3411,0,svm,max,balanced,cached_mxbai,2796,1782201509.51999,,,
9048,0,svm,max,balanced,cached_mxbai,2797,1782201509.882064,,,
3751,0,svm,max,balanced,cached_mxbai,2798,1782201510.2443006,,,
1046,0,svm,max,balanced,cached_mxbai,2799,1782201510.6085582,,,
712,0,svm,max,balanced,cached_mxbai,2800,1782201510.9776077,,,
120,0,svm,max,balanced,cached_mxbai,2801,1782201511.340189,,,
31,0,svm,max,balanced,cached_mxbai,2802,1782201511.7037392,,,
3822,0,svm,max,balanced,cached_mxbai,2803,1782201512.0685563,,,
5514,0,svm,max,balanced,cached_mxbai,2804,1782201512.4331882,,,
3773,0,svm,max,balanced,cached_mxbai,2805,1782201512.797429,,,
4583,0,svm,max,balanced,cached_mxbai,2806,1782201513.1645584,,,
8085,0,svm,max,balanced,cached_mxbai,2807,1782201513.5308025,,,
4294,0,svm,max,balanced,cached_mxbai,2808,1782201513.8955579,,,
3365,0,svm,max,balanced,cached_mxbai,2809,1782201514.2635896,,,
3681,0,svm,max,balanced,cached_mxbai,2810,1782201514.6319454,,,
1361,0,svm,max,balanced,cached_mxbai,2811,1782201515.0006042,,,
1007,0,svm,max,balanced,cached_mxbai,2812,1782201515.3922586,,,
203,0,svm,max,balanced,cached_mxbai,2813,1782201515.766749,,,
4443,0,svm,max,balanced,cached_mxbai,2814,1782201516.1398196,,,
10183,0,svm,max,balanced,cached_mxbai,2815,1782201516.506668,,,
5054,0,svm,max,balanced,cached_mxbai,2816,1782201516.8747952,,,
5098,0,svm,max,balanced,cached_mxbai,2817,1782201517.2490985,,,
2072,0,svm,max,balanced,cached_mxbai,2818,1782201517.612842,,,
4234,0,svm,max,balanced,cached_mxbai,2819,1782201517.9805274,,,
9592,0,svm,max,balanced,cached_mxbai,2820,1782201518.3510947,,,
7590,0,svm,max,balanced,cached_mxbai,2821,1782201518.7182994,,,
2569,0,svm,max,balanced,cached_mxbai,2822,1782201519.0840561,,,
1100,0,svm,max,balanced,cached_mxbai,2823,1782201519.4529703,,,
3875,0,svm,max,balanced,cached_mxbai,2824,1782201519.8214707,,,
7376,0,svm,max,balanced,cached_mxbai,2825,1782201520.1910748,,,
10472,0,svm,max,balanced,cached_mxbai,2826,1782201520.5581458,,,
4713,0,svm,max,balanced,cached_mxbai,2827,1782201520.9279826,,,
389,0,svm,max,balanced,cached_mxbai,2828,1782201521.2987134,,,
9858,0,svm,max,balanced,cached_mxbai,2829,1782201521.6659093,,,
8269,0,svm,max,balanced,cached_mxbai,2830,1782201522.0308957,,,
5050,0,svm,max,balanced,cached_mxbai,2831,1782201522.3969445,,,
10485,0,svm,max,balanced,cached_mxbai,2832,1782201522.7628257,,,
3268,0,svm,max,balanced,cached_mxbai,2833,1782201523.131444,,,
5062,0,svm,max,balanced,cached_mxbai,2834,1782201523.4986207,,,
9053,0,svm,max,balanced,cached_mxbai,2835,1782201523.8665679,,,
10364,0,svm,max,balanced,cached_mxbai,2836,1782201524.2331874,,,
1983,0,svm,max,balanced,cached_mxbai,2837,1782201524.602606,,,
1595,0,svm,max,balanced,cached_mxbai,2838,1782201524.976164,,,
3739,0,svm,max,balanced,cached_mxbai,2839,1782201525.374037,,,
2379,0,svm,max,balanced,cached_mxbai,2840,1782201525.746321,,,
6236,0,svm,max,balanced,cached_mxbai,2841,1782201526.1195548,,,
8130,0,svm,max,balanced,cached_mxbai,2842,1782201526.4881613,,,
4113,0,svm,max,balanced,cached_mxbai,2843,1782201526.8587692,,,
8057,0,svm,max,balanced,cached_mxbai,2844,1782201527.2276235,,,
3916,0,svm,max,balanced,cached_mxbai,2845,1782201527.598407,,,
155,0,svm,max,balanced,cached_mxbai,2846,1782201527.9667554,,,
9886,0,svm,max,balanced,cached_mxbai,2847,1782201528.3362792,,,
1714,0,svm,max,balanced,cached_mxbai,2848,1782201528.7045414,,,
5640,0,svm,max,balanced,cached_mxbai,2849,1782201529.0816815,,,
3349,0,svm,max,balanced,cached_mxbai,2850,1782201529.4570487,,,
1458,0,svm,max,balanced,cached_mxbai,2851,1782201529.8330524,,,
5920,0,svm,max,balanced,cached_mxbai,2852,1782201530.2052946,,,
7476,0,svm,max,balanced,cached_mxbai,2853,1782201530.5769753,,,
2055,0,svm,max,balanced,cached_mxbai,2854,1782201530.9464228,,,
4095,0,svm,max,balanced,cached_mxbai,2855,1782201531.3174567,,,
10061,0,svm,max,balanced,cached_mxbai,2856,1782201531.6899078,,,
4039,0,svm,max,balanced,cached_mxbai,2857,1782201532.0629127,,,
3599,0,svm,max,balanced,cached_mxbai,2858,1782201532.4360878,,,
3481,0,svm,max,balanced,cached_mxbai,2859,1782201532.8091838,,,
1886,0,svm,max,balanced,cached_mxbai,2860,1782201533.1813748,,,
9002,0,svm,max,balanced,cached_mxbai,2861,1782201533.554213,,,
5146,0,svm,max,balanced,cached_mxbai,2862,1782201533.9255903,,,
943,0,svm,max,balanced,cached_mxbai,2863,1782201534.2999434,,,
4409,0,svm,max,balanced,cached_mxbai,2864,1782201534.6738296,,,
4512,0,svm,max,balanced,cached_mxbai,2865,1782201535.0510385,,,
4002,0,svm,max,balanced,cached_mxbai,2866,1782201535.4514794,,,
8818,0,svm,max,balanced,cached_mxbai,2867,1782201535.8319159,,,
8565,0,svm,max,balanced,cached_mxbai,2868,1782201536.2087708,,,
1503,0,svm,max,balanced,cached_mxbai,2869,1782201536.5821755,,,
2034,0,svm,max,balanced,cached_mxbai,2870,1782201536.9563625,,,
6928,0,svm,max,balanced,cached_mxbai,2871,1782201537.3327174,,,
8546,0,svm,max,balanced,cached_mxbai,2872,1782201537.7104633,,,
7511,0,svm,max,balanced,cached_mxbai,2873,1782201538.087702,,,
4824,0,svm,max,balanced,cached_mxbai,2874,1782201538.464293,,,
7015,0,svm,max,balanced,cached_mxbai,2875,1782201538.848268,,,
1627,0,svm,max,balanced,cached_mxbai,2876,1782201539.2245092,,,
7499,0,svm,max,balanced,cached_mxbai,2877,1782201539.598988,,,
3105,0,svm,max,balanced,cached_mxbai,2878,1782201539.9734402,,,
1422,0,svm,max,balanced,cached_mxbai,2879,1782201540.3527963,,,
7617,0,svm,max,balanced,cached_mxbai,2880,1782201540.7285705,,,
2587,0,svm,max,balanced,cached_mxbai,2881,1782201541.1040554,,,
5892,0,svm,max,balanced,cached_mxbai,2882,1782201541.4809363,,,
4607,0,svm,max,balanced,cached_mxbai,2883,1782201541.8582063,,,
5236,0,svm,max,balanced,cached_mxbai,2884,1782201542.2335763,,,
3815,0,svm,max,balanced,cached_mxbai,2885,1782201542.610904,,,
4544,0,svm,max,balanced,cached_mxbai,2886,1782201542.9870276,,,
3900,0,svm,max,balanced,cached_mxbai,2887,1782201543.3621383,,,
9879,0,svm,max,balanced,cached_mxbai,2888,1782201543.7351823,,,
9109,0,svm,max,balanced,cached_mxbai,2889,1782201544.1147883,,,
9873,0,svm,max,balanced,cached_mxbai,2890,1782201544.4884913,,,
8098,0,svm,max,balanced,cached_mxbai,2891,1782201544.8635125,,,
7163,0,svm,max,balanced,cached_mxbai,2892,1782201545.254783,,,
1632,0,svm,max,balanced,cached_mxbai,2893,1782201545.6499896,,,
3537,0,svm,max,balanced,cached_mxbai,2894,1782201546.0468326,,,
7827,0,svm,max,balanced,cached_mxbai,2895,1782201546.4408538,,,
2667,0,svm,max,balanced,cached_mxbai,2896,1782201546.8169446,,,
3417,0,svm,max,balanced,cached_mxbai,2897,1782201547.1948457,,,
6939,0,svm,max,balanced,cached_mxbai,2898,1782201547.5706418,,,
224,0,svm,max,balanced,cached_mxbai,2899,1782201547.948551,,,
3134,0,svm,max,balanced,cached_mxbai,2900,1782201548.3318543,,,
5619,0,svm,max,balanced,cached_mxbai,2901,1782201548.7100635,,,
9777,0,svm,max,balanced,cached_mxbai,2902,1782201549.087031,,,
9546,0,svm,max,balanced,cached_mxbai,2903,1782201549.4794443,,,
3453,0,svm,max,balanced,cached_mxbai,2904,1782201549.8651228,,,
4478,0,svm,max,balanced,cached_mxbai,2905,1782201550.249422,,,
8645,0,svm,max,balanced,cached_mxbai,2906,1782201550.6309888,,,
3686,0,svm,max,balanced,cached_mxbai,2907,1782201551.0139084,,,
4872,0,svm,max,balanced,cached_mxbai,2908,1782201551.3998203,,,
9949,0,svm,max,balanced,cached_mxbai,2909,1782201551.784142,,,
4235,0,svm,max,balanced,cached_mxbai,2910,1782201552.166544,,,
794,0,svm,max,balanced,cached_mxbai,2911,1782201552.5511909,,,
87,0,svm,max,balanced,cached_mxbai,2912,1782201552.928822,,,
445,0,svm,max,balanced,cached_mxbai,2913,1782201553.3143327,,,
5247,0,svm,max,balanced,cached_mxbai,2914,1782201553.6956515,,,
3746,0,svm,max,balanced,cached_mxbai,2915,1782201554.0757923,,,
4704,0,svm,max,balanced,cached_mxbai,2916,1782201554.459203,,,
3970,0,svm,max,balanced,cached_mxbai,2917,1782201554.8406932,,,
6714,0,svm,max,balanced,cached_mxbai,2918,1782201555.2410188,,,
4346,0,svm,max,balanced,cached_mxbai,2919,1782201555.6419618,,,
5384,0,svm,max,balanced,cached_mxbai,2920,1782201556.0253909,,,
6221,0,svm,max,balanced,cached_mxbai,2921,1782201556.415009,,,
5545,0,svm,max,balanced,cached_mxbai,2922,1782201556.7987387,,,
8475,0,svm,max,balanced,cached_mxbai,2923,1782201557.1844437,,,
5923,0,svm,max,balanced,cached_mxbai,2924,1782201557.5604033,,,
8414,0,svm,max,balanced,cached_mxbai,2925,1782201557.9427872,,,
8931,0,svm,max,balanced,cached_mxbai,2926,1782201558.329644,,,
4940,0,svm,max,balanced,cached_mxbai,2927,1782201558.7093718,,,
5420,0,svm,max,balanced,cached_mxbai,2928,1782201559.0861416,,,
1365,0,svm,max,balanced,cached_mxbai,2929,1782201559.462423,,,
6356,0,svm,max,balanced,cached_mxbai,2930,1782201559.8365886,,,
4232,0,svm,max,balanced,cached_mxbai,2931,1782201560.2147927,,,
3589,0,svm,max,balanced,cached_mxbai,2932,1782201560.5905087,,,
8109,0,svm,max,balanced,cached_mxbai,2933,1782201560.9674711,,,
446,0,svm,max,balanced,cached_mxbai,2934,1782201561.3456206,,,
3228,0,svm,max,balanced,cached_mxbai,2935,1782201561.721558,,,
5540,0,svm,max,balanced,cached_mxbai,2936,1782201562.0953186,,,
7004,0,svm,max,balanced,cached_mxbai,2937,1782201562.47376,,,
1101,0,svm,max,balanced,cached_mxbai,2938,1782201562.8492343,,,
7287,0,svm,max,balanced,cached_mxbai,2939,1782201563.2267408,,,
2372,0,svm,max,balanced,cached_mxbai,2940,1782201563.603875,,,
2646,0,svm,max,balanced,cached_mxbai,2941,1782201563.9805176,,,
1482,0,svm,max,balanced,cached_mxbai,2942,1782201564.3552291,,,
4942,0,svm,max,balanced,cached_mxbai,2943,1782201564.7355328,,,
4274,0,svm,max,balanced,cached_mxbai,2944,1782201565.130649,,,
8562,0,svm,max,balanced,cached_mxbai,2945,1782201565.5369241,,,
334,0,svm,max,balanced,cached_mxbai,2946,1782201565.9252665,,,
9526,0,svm,max,balanced,cached_mxbai,2947,1782201566.3088238,,,
3103,0,svm,max,balanced,cached_mxbai,2948,1782201566.69082,,,
979,0,svm,max,balanced,cached_mxbai,2949,1782201567.0666425,,,
3465,0,svm,max,balanced,cached_mxbai,2950,1782201567.4529316,,,
7677,0,svm,max,balanced,cached_mxbai,2951,1782201567.83758,,,
5432,0,svm,max,balanced,cached_mxbai,2952,1782201568.222266,,,
1544,0,svm,max,balanced,cached_mxbai,2953,1782201568.6051483,,,
4084,0,svm,max,balanced,cached_mxbai,2954,1782201568.9910684,,,
922,0,svm,max,balanced,cached_mxbai,2955,1782201569.3757122,,,
616,0,svm,max,balanced,cached_mxbai,2956,1782201569.762438,,,
5004,0,svm,max,balanced,cached_mxbai,2957,1782201570.1468592,,,
7516,0,svm,max,balanced,cached_mxbai,2958,1782201570.535577,,,
6363,0,svm,max,balanced,cached_mxbai,2959,1782201570.9211073,,,
4187,0,svm,max,balanced,cached_mxbai,2960,1782201571.3122163,,,
4678,0,svm,max,balanced,cached_mxbai,2961,1782201571.702335,,,
1404,0,svm,max,balanced,cached_mxbai,2962,1782201572.0885608,,,
1510,0,svm,max,balanced,cached_mxbai,2963,1782201572.4782197,,,
3466,0,svm,max,balanced,cached_mxbai,2964,1782201572.8662586,,,
6371,0,svm,max,balanced,cached_mxbai,2965,1782201573.2553089,,,
4580,0,svm,max,balanced,cached_mxbai,2966,1782201573.6440873,,,
734,0,svm,max,balanced,cached_mxbai,2967,1782201574.031535,,,
4065,0,svm,max,balanced,cached_mxbai,2968,1782201574.4266183,,,
9055,0,svm,max,balanced,cached_mxbai,2969,1782201574.8167605,,,
1700,0,svm,max,balanced,cached_mxbai,2970,1782201575.2120469,,,
7437,0,svm,max,balanced,cached_mxbai,2971,1782201575.6368868,,,
1940,0,svm,max,balanced,cached_mxbai,2972,1782201576.0269225,,,
5579,0,svm,max,balanced,cached_mxbai,2973,1782201576.418973,,,
10222,0,svm,max,balanced,cached_mxbai,2974,1782201576.815469,,,
3522,0,svm,max,balanced,cached_mxbai,2975,1782201577.2030292,,,
2949,0,svm,max,balanced,cached_mxbai,2976,1782201577.5936964,,,
3046,0,svm,max,balanced,cached_mxbai,2977,1782201577.9820383,,,
2766,0,svm,max,balanced,cached_mxbai,2978,1782201578.3739054,,,
4057,0,svm,max,balanced,cached_mxbai,2979,1782201578.7644413,,,
1515,0,svm,max,balanced,cached_mxbai,2980,1782201579.1597517,,,
7763,0,svm,max,balanced,cached_mxbai,2981,1782201579.552853,,,
8936,0,svm,max,balanced,cached_mxbai,2982,1782201579.9443343,,,
343,0,svm,max,balanced,cached_mxbai,2983,1782201580.3413665,,,
5748,0,svm,max,balanced,cached_mxbai,2984,1782201580.7342758,,,
7275,0,svm,max,balanced,cached_mxbai,2985,1782201581.1261537,,,
245,0,svm,max,balanced,cached_mxbai,2986,1782201581.5177603,,,
5818,0,svm,max,balanced,cached_mxbai,2987,1782201581.9084888,,,
7670,0,svm,max,balanced,cached_mxbai,2988,1782201582.303936,,,
4401,0,svm,max,balanced,cached_mxbai,2989,1782201582.7066507,,,
615,0,svm,max,balanced,cached_mxbai,2990,1782201583.1014924,,,
7674,0,svm,max,balanced,cached_mxbai,2991,1782201583.493657,,,
337,0,svm,max,balanced,cached_mxbai,2992,1782201583.8871117,,,
7533,0,svm,max,balanced,cached_mxbai,2993,1782201584.2779853,,,
3996,0,svm,max,balanced,cached_mxbai,2994,1782201584.6746328,,,
1686,0,svm,max,balanced,cached_mxbai,2995,1782201585.0758493,,,
3310,0,svm,max,balanced,cached_mxbai,2996,1782201585.4990015,,,
1375,0,svm,max,balanced,cached_mxbai,2997,1782201585.8941383,,,
9140,0,svm,max,balanced,cached_mxbai,2998,1782201586.2860959,,,
3964,0,svm,max,balanced,cached_mxbai,2999,1782201586.6813211,,,
175,0,svm,max,balanced,cached_mxbai,3000,1782201587.0570529,,,
9541,0,svm,max,balanced,cached_mxbai,3001,1782201587.4305441,,,
5127,0,svm,max,balanced,cached_mxbai,3002,1782201587.808082,,,
5849,0,svm,max,balanced,cached_mxbai,3003,1782201588.184024,,,
4842,0,svm,max,balanced,cached_mxbai,3004,1782201588.5610685,,,
6774,0,svm,max,balanced,cached_mxbai,3005,1782201588.9394245,,,
4174,0,svm,max,balanced,cached_mxbai,3006,1782201589.3155696,,,
5914,0,svm,max,balanced,cached_mxbai,3007,1782201589.6932013,,,
671,0,svm,max,balanced,cached_mxbai,3008,1782201590.0696304,,,
9587,0,svm,max,balanced,cached_mxbai,3009,1782201590.4455633,,,
200,0,svm,max,balanced,cached_mxbai,3010,1782201590.824706,,,
1988,0,svm,max,balanced,cached_mxbai,3011,1782201591.2034414,,,
3636,0,svm,max,balanced,cached_mxbai,3012,1782201591.5828917,,,
2332,0,svm,max,balanced,cached_mxbai,3013,1782201591.9606233,,,
82,0,svm,max,balanced,cached_mxbai,3014,1782201592.3381479,,,
4089,0,svm,max,balanced,cached_mxbai,3015,1782201592.7147737,,,
6944,0,svm,max,balanced,cached_mxbai,3016,1782201593.091766,,,
9523,0,svm,max,balanced,cached_mxbai,3017,1782201593.4690242,,,
5784,0,svm,max,balanced,cached_mxbai,3018,1782201593.8484788,,,
5144,0,svm,max,balanced,cached_mxbai,3019,1782201594.228388,,,
3505,0,svm,max,balanced,cached_mxbai,3020,1782201594.6089468,,,
10376,0,svm,max,balanced,cached_mxbai,3021,1782201594.989964,,,
9823,0,svm,max,balanced,cached_mxbai,3022,1782201595.3881664,,,
3897,0,svm,max,balanced,cached_mxbai,3023,1782201595.771979,,,
9391,0,svm,max,balanced,cached_mxbai,3024,1782201596.1485448,,,
9656,0,svm,max,balanced,cached_mxbai,3025,1782201596.526618,,,
1144,0,svm,max,balanced,cached_mxbai,3026,1782201596.908593,,,
10467,0,svm,max,balanced,cached_mxbai,3027,1782201597.2853992,,,
618,0,svm,max,balanced,cached_mxbai,3028,1782201597.6658895,,,
4509,0,svm,max,balanced,cached_mxbai,3029,1782201598.0467293,,,
1273,0,svm,max,balanced,cached_mxbai,3030,1782201598.4264956,,,
4078,0,svm,max,balanced,cached_mxbai,3031,1782201598.8309064,,,
9668,0,svm,max,balanced,cached_mxbai,3032,1782201599.2290297,,,
5993,0,svm,max,balanced,cached_mxbai,3033,1782201599.6295078,,,
1801,0,svm,max,balanced,cached_mxbai,3034,1782201600.0287542,,,
2791,0,svm,max,balanced,cached_mxbai,3035,1782201600.4266038,,,
4349,0,svm,max,balanced,cached_mxbai,3036,1782201600.827584,,,
3180,0,svm,max,balanced,cached_mxbai,3037,1782201601.224721,,,
9163,0,svm,max,balanced,cached_mxbai,3038,1782201601.6287503,,,
7991,0,svm,max,balanced,cached_mxbai,3039,1782201602.0302713,,,
4357,0,svm,max,balanced,cached_mxbai,3040,1782201602.435964,,,
6081,0,svm,max,balanced,cached_mxbai,3041,1782201602.8424335,,,
9890,0,svm,max,balanced,cached_mxbai,3042,1782201603.2439616,,,
100,0,svm,max,balanced,cached_mxbai,3043,1782201603.6499674,,,
4904,0,svm,max,balanced,cached_mxbai,3044,1782201604.0547628,,,
8409,0,svm,max,balanced,cached_mxbai,3045,1782201604.4589152,,,
4418,0,svm,max,balanced,cached_mxbai,3046,1782201604.866795,,,
4579,0,svm,max,balanced,cached_mxbai,3047,1782201605.2941658,,,
4408,0,svm,max,balanced,cached_mxbai,3048,1782201605.7088685,,,
4110,0,svm,max,balanced,cached_mxbai,3049,1782201606.1149375,,,
5408,0,svm,max,balanced,cached_mxbai,3050,1782201606.519607,,,
8814,0,svm,max,balanced,cached_mxbai,3051,1782201606.9252954,,,
4739,0,svm,max,balanced,cached_mxbai,3052,1782201607.3308575,,,
8207,0,svm,max,balanced,cached_mxbai,3053,1782201607.7359388,,,
5249,0,svm,max,balanced,cached_mxbai,3054,1782201608.1420596,,,
3410,0,svm,max,balanced,cached_mxbai,3055,1782201608.5464134,,,
7322,0,svm,max,balanced,cached_mxbai,3056,1782201608.9530473,,,
1701,0,svm,max,balanced,cached_mxbai,3057,1782201609.3582275,,,
6287,0,svm,max,balanced,cached_mxbai,3058,1782201609.765434,,,
5654,0,svm,max,balanced,cached_mxbai,3059,1782201610.1762156,,,
1196,0,svm,max,balanced,cached_mxbai,3060,1782201610.5849345,,,
9463,0,svm,max,balanced,cached_mxbai,3061,1782201610.9928334,,,
4756,0,svm,max,balanced,cached_mxbai,3062,1782201611.402735,,,
85,0,svm,max,balanced,cached_mxbai,3063,1782201611.824889,,,
2855,0,svm,max,balanced,cached_mxbai,3064,1782201612.2394142,,,
423,1,svm,max,balanced,cached_mxbai,3065,1782201612.651787,,,
