record_id,label,classifier,querier,balancer,feature_extractor,training_set,time,note,tags,user_id
9170,1,,,,,,1782204496.9340994,,,
8325,0,,,,,,1782204496.9340994,,,
9171,0,svm,max,balanced,cached_mxbai,2,1782204496.9803424,,,
5322,0,svm,max,balanced,cached_mxbai,3,1782204497.0291457,,,
3669,0,svm,max,balanced,cached_mxbai,4,1782204497.0790522,,,
9290,0,svm,max,balanced,cached_mxbai,5,1782204497.129708,,,
8505,0,svm,max,balanced,cached_mxbai,6,1782204497.178639,,,
6462,0,svm,max,balanced,cached_mxbai,7,1782204497.2286284,,,
1833,1,svm,max,balanced,cached_mxbai,8,1782204497.278353,,,
8434,1,svm,max,balanced,cached_mxbai,9,1782204497.3285956,,,
3820,1,svm,max,balanced,cached_mxbai,10,1782204497.3801827,,,
4413,0,svm,max,balanced,cached_mxbai,11,1782204497.4340422,,,
10452,0,svm,max,balanced,cached_mxbai,12,1782204497.4872782,,,
6838,0,svm,max,balanced,cached_mxbai,13,1782204497.5391157,,,
5115,0,svm,max,balanced,cached_mxbai,14,1782204497.5889916,,,
2489,0,svm,max,balanced,cached_mxbai,15,1782204497.640895,,,
4531,0,svm,max,balanced,cached_mxbai,16,1782204497.6901128,,,
8411,1,svm,max,balanced,cached_mxbai,17,1782204497.7393582,,,
1141,1,svm,max,balanced,cached_mxbai,18,1782204497.7884116,,,
6283,1,svm,max,balanced,cached_mxbai,19,1782204497.8384721,,,
10176,1,svm,max,balanced,cached_mxbai,20,1782204497.8889399,,,
7339,1,svm,max,balanced,cached_mxbai,21,1782204497.9399655,,,
3702,1,svm,max,balanced,cached_mxbai,22,1782204497.9902453,,,
6484,1,svm,max,balanced,cached_mxbai,23,1782204498.0421562,,,
5481,0,svm,max,balanced,cached_mxbai,24,1782204498.0946393,,,
10423,1,svm,max,balanced,cached_mxbai,25,1782204498.1456332,,,
6097,1,svm,max,balanced,cached_mxbai,26,1782204498.197553,,,
5950,1,svm,max,balanced,cached_mxbai,27,1782204498.249622,,,
9589,0,svm,max,balanced,cached_mxbai,28,1782204498.301846,,,
1230,0,svm,max,balanced,cached_mxbai,29,1782204498.3536432,,,
5913,1,svm,max,balanced,cached_mxbai,30,1782204498.4051192,,,
4393,1,svm,max,balanced,cached_mxbai,31,1782204498.4560554,,,
9026,0,svm,max,balanced,cached_mxbai,32,1782204498.506968,,,
5970,0,svm,max,balanced,cached_mxbai,33,1782204498.5603907,,,
3247,0,svm,max,balanced,cached_mxbai,34,1782204498.6150112,,,
9772,1,svm,max,balanced,cached_mxbai,35,1782204498.6660829,,,
9344,1,svm,max,balanced,cached_mxbai,36,1782204498.7174065,,,
6481,0,svm,max,balanced,cached_mxbai,37,1782204498.770423,,,
7547,1,svm,max,balanced,cached_mxbai,38,1782204498.8241367,,,
7548,1,svm,max,balanced,cached_mxbai,39,1782204498.8753676,,,
1621,1,svm,max,balanced,cached_mxbai,40,1782204498.9262726,,,
10454,0,svm,max,balanced,cached_mxbai,41,1782204498.9770486,,,
1960,0,svm,max,balanced,cached_mxbai,42,1782204499.0289829,,,
6050,0,svm,max,balanced,cached_mxbai,43,1782204499.0816615,,,
5656,1,svm,max,balanced,cached_mxbai,44,1782204499.1346965,,,
10220,1,svm,max,balanced,cached_mxbai,45,1782204499.1862004,,,
9004,1,svm,max,balanced,cached_mxbai,46,1782204499.2380798,,,
1802,1,svm,max,balanced,cached_mxbai,47,1782204499.289696,,,
6767,0,svm,max,balanced,cached_mxbai,48,1782204499.3413296,,,
5976,0,svm,max,balanced,cached_mxbai,49,1782204499.3924887,,,
10026,0,svm,max,balanced,cached_mxbai,50,1782204499.4445338,,,
9891,0,svm,max,balanced,cached_mxbai,51,1782204499.496465,,,
6419,1,svm,max,balanced,cached_mxbai,52,1782204499.5484831,,,
1428,0,svm,max,balanced,cached_mxbai,53,1782204499.6000023,,,
7479,0,svm,max,balanced,cached_mxbai,54,1782204499.6521297,,,
1245,0,svm,max,balanced,cached_mxbai,55,1782204499.7064772,,,
10015,1,svm,max,balanced,cached_mxbai,56,1782204499.758822,,,
5353,1,svm,max,balanced,cached_mxbai,57,1782204499.8119547,,,
3931,1,svm,max,balanced,cached_mxbai,58,1782204499.8647673,,,
9498,1,svm,max,balanced,cached_mxbai,59,1782204499.917576,,,
8718,0,svm,max,balanced,cached_mxbai,60,1782204499.9697568,,,
7026,0,svm,max,balanced,cached_mxbai,61,1782204500.022507,,,
882,0,svm,max,balanced,cached_mxbai,62,1782204500.0759902,,,
8594,1,svm,max,balanced,cached_mxbai,63,1782204500.128603,,,
6884,0,svm,max,balanced,cached_mxbai,64,1782204500.1814878,,,
6376,0,svm,max,balanced,cached_mxbai,65,1782204500.2335563,,,
8843,0,svm,max,balanced,cached_mxbai,66,1782204500.2860334,,,
3451,1,svm,max,balanced,cached_mxbai,67,1782204500.3395069,,,
681,0,svm,max,balanced,cached_mxbai,68,1782204500.3918614,,,
9720,0,svm,max,balanced,cached_mxbai,69,1782204500.4442918,,,
6628,0,svm,max,balanced,cached_mxbai,70,1782204500.4975202,,,
6904,1,svm,max,balanced,cached_mxbai,71,1782204500.5509458,,,
6902,1,svm,max,balanced,cached_mxbai,72,1782204500.6049006,,,
4083,0,svm,max,balanced,cached_mxbai,73,1782204500.657653,,,
8412,1,svm,max,balanced,cached_mxbai,74,1782204500.7101595,,,
6197,0,svm,max,balanced,cached_mxbai,75,1782204500.763239,,,
7598,0,svm,max,balanced,cached_mxbai,76,1782204500.8171048,,,
8719,1,svm,max,balanced,cached_mxbai,77,1782204500.8697662,,,
8537,1,svm,max,balanced,cached_mxbai,78,1782204500.9232016,,,
9959,1,svm,max,balanced,cached_mxbai,79,1782204500.9764693,,,
5298,1,svm,max,balanced,cached_mxbai,80,1782204501.0309443,,,
8535,1,svm,max,balanced,cached_mxbai,81,1782204501.0852835,,,
5302,1,svm,max,balanced,cached_mxbai,82,1782204501.1417375,,,
5297,0,svm,max,balanced,cached_mxbai,83,1782204501.1956854,,,
5301,1,svm,max,balanced,cached_mxbai,84,1782204501.2503667,,,
831,1,svm,max,balanced,cached_mxbai,85,1782204501.305247,,,
8378,0,svm,max,balanced,cached_mxbai,86,1782204501.360874,,,
5333,0,svm,max,balanced,cached_mxbai,87,1782204501.4158628,,,
10053,0,svm,max,balanced,cached_mxbai,88,1782204501.4707603,,,
982,0,svm,max,balanced,cached_mxbai,89,1782204501.524803,,,
7373,1,svm,max,balanced,cached_mxbai,90,1782204501.5789673,,,
9142,0,svm,max,balanced,cached_mxbai,91,1782204501.6325812,,,
8163,1,svm,max,balanced,cached_mxbai,92,1782204501.686336,,,
839,0,svm,max,balanced,cached_mxbai,93,1782204501.740824,,,
1674,0,svm,max,balanced,cached_mxbai,94,1782204501.796244,,,
9740,0,svm,max,balanced,cached_mxbai,95,1782204501.8507679,,,
6053,1,svm,max,balanced,cached_mxbai,96,1782204501.9067419,,,
5081,0,svm,max,balanced,cached_mxbai,97,1782204501.9610596,,,
5739,1,svm,max,balanced,cached_mxbai,98,1782204502.0151505,,,
3590,0,svm,max,balanced,cached_mxbai,99,1782204502.0693104,,,
9685,1,svm,max,balanced,cached_mxbai,100,1782204502.124701,,,
7928,0,svm,max,balanced,cached_mxbai,101,1782204502.1800156,,,
5647,1,svm,max,balanced,cached_mxbai,102,1782204502.2348762,,,
8649,1,svm,max,balanced,cached_mxbai,103,1782204502.290455,,,
6673,1,svm,max,balanced,cached_mxbai,104,1782204502.3447413,,,
10456,0,svm,max,balanced,cached_mxbai,105,1782204502.40032,,,
10447,1,svm,max,balanced,cached_mxbai,106,1782204502.454713,,,
8775,0,svm,max,balanced,cached_mxbai,107,1782204502.5090919,,,
4558,0,svm,max,balanced,cached_mxbai,108,1782204502.5635672,,,
845,0,svm,max,balanced,cached_mxbai,109,1782204502.6174533,,,
7863,1,svm,max,balanced,cached_mxbai,110,1782204502.6727862,,,
1747,1,svm,max,balanced,cached_mxbai,111,1782204502.7276714,,,
1748,0,svm,max,balanced,cached_mxbai,112,1782204502.7830658,,,
521,0,svm,max,balanced,cached_mxbai,113,1782204502.8392537,,,
10029,0,svm,max,balanced,cached_mxbai,114,1782204502.8942003,,,
5646,1,svm,max,balanced,cached_mxbai,115,1782204502.9504197,,,
7655,1,svm,max,balanced,cached_mxbai,116,1782204503.0059652,,,
9658,0,svm,max,balanced,cached_mxbai,117,1782204503.06171,,,
3190,0,svm,max,balanced,cached_mxbai,118,1782204503.1197393,,,
6257,0,svm,max,balanced,cached_mxbai,119,1782204503.1767242,,,
7368,0,svm,max,balanced,cached_mxbai,120,1782204503.2339134,,,
4452,0,svm,max,balanced,cached_mxbai,121,1782204503.2907934,,,
5369,1,svm,max,balanced,cached_mxbai,122,1782204503.3465788,,,
10523,1,svm,max,balanced,cached_mxbai,123,1782204503.4018137,,,
7904,1,svm,max,balanced,cached_mxbai,124,1782204503.4575813,,,
9787,1,svm,max,balanced,cached_mxbai,125,1782204503.5128562,,,
9527,1,svm,max,balanced,cached_mxbai,126,1782204503.5692112,,,
2751,0,svm,max,balanced,cached_mxbai,127,1782204503.6251972,,,
1159,1,svm,max,balanced,cached_mxbai,128,1782204503.6812348,,,
5749,1,svm,max,balanced,cached_mxbai,129,1782204503.7376032,,,
7352,1,svm,max,balanced,cached_mxbai,130,1782204503.7941928,,,
7914,1,svm,max,balanced,cached_mxbai,131,1782204503.8500514,,,
7333,1,svm,max,balanced,cached_mxbai,132,1782204503.9057634,,,
5750,0,svm,max,balanced,cached_mxbai,133,1782204503.961263,,,
7412,0,svm,max,balanced,cached_mxbai,134,1782204504.0166123,,,
8552,0,svm,max,balanced,cached_mxbai,135,1782204504.071967,,,
5670,0,svm,max,balanced,cached_mxbai,136,1782204504.127969,,,
8087,1,svm,max,balanced,cached_mxbai,137,1782204504.1840482,,,
1272,0,svm,max,balanced,cached_mxbai,138,1782204504.2397041,,,
9325,1,svm,max,balanced,cached_mxbai,139,1782204504.2956555,,,
8314,1,svm,max,balanced,cached_mxbai,140,1782204504.3509798,,,
7153,1,svm,max,balanced,cached_mxbai,141,1782204504.4067774,,,
9686,1,svm,max,balanced,cached_mxbai,142,1782204504.4631667,,,
5082,0,svm,max,balanced,cached_mxbai,143,1782204504.519157,,,
4456,0,svm,max,balanced,cached_mxbai,144,1782204504.5755389,,,
3692,0,svm,max,balanced,cached_mxbai,145,1782204504.6325002,,,
10512,1,svm,max,balanced,cached_mxbai,146,1782204504.6880026,,,
7340,0,svm,max,balanced,cached_mxbai,147,1782204504.7433136,,,
4448,0,svm,max,balanced,cached_mxbai,148,1782204504.8015203,,,
4950,0,svm,max,balanced,cached_mxbai,149,1782204504.857812,,,
10324,0,svm,max,balanced,cached_mxbai,150,1782204504.91428,,,
7413,1,svm,max,balanced,cached_mxbai,151,1782204504.970576,,,
1728,1,svm,max,balanced,cached_mxbai,152,1782204505.03556,,,
8503,1,svm,max,balanced,cached_mxbai,153,1782204505.1009595,,,
7877,1,svm,max,balanced,cached_mxbai,154,1782204505.158139,,,
8807,0,svm,max,balanced,cached_mxbai,155,1782204505.225062,,,
9077,0,svm,max,balanced,cached_mxbai,156,1782204505.3142328,,,
3019,1,svm,max,balanced,cached_mxbai,157,1782204505.3788598,,,
5888,1,svm,max,balanced,cached_mxbai,158,1782204505.4364116,,,
4549,0,svm,max,balanced,cached_mxbai,159,1782204505.4942174,,,
1028,0,svm,max,balanced,cached_mxbai,160,1782204505.5514512,,,
8620,0,svm,max,balanced,cached_mxbai,161,1782204505.609115,,,
10147,1,svm,max,balanced,cached_mxbai,162,1782204505.6667302,,,
1488,0,svm,max,balanced,cached_mxbai,163,1782204505.7246034,,,
8306,1,svm,max,balanced,cached_mxbai,164,1782204505.7827318,,,
1726,1,svm,max,balanced,cached_mxbai,165,1782204505.8413723,,,
7878,0,svm,max,balanced,cached_mxbai,166,1782204505.9002523,,,
9525,0,svm,max,balanced,cached_mxbai,167,1782204505.9576132,,,
8656,0,svm,max,balanced,cached_mxbai,168,1782204506.0152812,,,
3509,0,svm,max,balanced,cached_mxbai,169,1782204506.072948,,,
5972,0,svm,max,balanced,cached_mxbai,170,1782204506.1298723,,,
4591,0,svm,max,balanced,cached_mxbai,171,1782204506.1880026,,,
1676,0,svm,max,balanced,cached_mxbai,172,1782204506.246018,,,
4455,0,svm,max,balanced,cached_mxbai,173,1782204506.3049905,,,
9835,0,svm,max,balanced,cached_mxbai,174,1782204506.3641577,,,
9750,1,svm,max,balanced,cached_mxbai,175,1782204506.4235427,,,
1002,1,svm,max,balanced,cached_mxbai,176,1782204506.481965,,,
5715,0,svm,max,balanced,cached_mxbai,177,1782204506.54079,,,
10051,0,svm,max,balanced,cached_mxbai,178,1782204506.600989,,,
8094,1,svm,max,balanced,cached_mxbai,179,1782204506.661184,,,
10035,0,svm,max,balanced,cached_mxbai,180,1782204506.7206225,,,
6111,0,svm,max,balanced,cached_mxbai,181,1782204506.7787218,,,
7724,1,svm,max,balanced,cached_mxbai,182,1782204506.838184,,,
6617,0,svm,max,balanced,cached_mxbai,183,1782204506.8951008,,,
4547,0,svm,max,balanced,cached_mxbai,184,1782204506.9539218,,,
1311,0,svm,max,balanced,cached_mxbai,185,1782204507.012569,,,
9360,0,svm,max,balanced,cached_mxbai,186,1782204507.0705538,,,
8401,0,svm,max,balanced,cached_mxbai,187,1782204507.1284213,,,
5714,1,svm,max,balanced,cached_mxbai,188,1782204507.1876457,,,
1645,1,svm,max,balanced,cached_mxbai,189,1782204507.2464757,,,
6783,0,svm,max,balanced,cached_mxbai,190,1782204507.3050964,,,
4460,0,svm,max,balanced,cached_mxbai,191,1782204507.3634565,,,
9380,0,svm,max,balanced,cached_mxbai,192,1782204507.4240282,,,
2011,0,svm,max,balanced,cached_mxbai,193,1782204507.4830344,,,
3135,0,svm,max,balanced,cached_mxbai,194,1782204507.5429497,,,
5565,0,svm,max,balanced,cached_mxbai,195,1782204507.6036136,,,
5782,0,svm,max,balanced,cached_mxbai,196,1782204507.664041,,,
989,0,svm,max,balanced,cached_mxbai,197,1782204507.7243402,,,
4283,0,svm,max,balanced,cached_mxbai,198,1782204507.7847583,,,
6637,1,svm,max,balanced,cached_mxbai,199,1782204507.8452187,,,
6174,0,svm,max,balanced,cached_mxbai,200,1782204507.904218,,,
5210,0,svm,max,balanced,cached_mxbai,201,1782204507.9633512,,,
1110,0,svm,max,balanced,cached_mxbai,202,1782204508.023152,,,
1675,1,svm,max,balanced,cached_mxbai,203,1782204508.0820892,,,
4457,0,svm,max,balanced,cached_mxbai,204,1782204508.1418889,,,
8730,0,svm,max,balanced,cached_mxbai,205,1782204508.2023983,,,
8596,0,svm,max,balanced,cached_mxbai,206,1782204508.2622006,,,
3021,0,svm,max,balanced,cached_mxbai,207,1782204508.3212984,,,
7179,0,svm,max,balanced,cached_mxbai,208,1782204508.3803053,,,
8295,0,svm,max,balanced,cached_mxbai,209,1782204508.440714,,,
4326,0,svm,max,balanced,cached_mxbai,210,1782204508.499959,,,
8247,1,svm,max,balanced,cached_mxbai,211,1782204508.5615342,,,
4751,0,svm,max,balanced,cached_mxbai,212,1782204508.6228263,,,
7561,0,svm,max,balanced,cached_mxbai,213,1782204508.6838992,,,
4345,0,svm,max,balanced,cached_mxbai,214,1782204508.7476208,,,
649,0,svm,max,balanced,cached_mxbai,215,1782204508.8092873,,,
4450,0,svm,max,balanced,cached_mxbai,216,1782204508.8690798,,,
5986,1,svm,max,balanced,cached_mxbai,217,1782204508.9295328,,,
7754,0,svm,max,balanced,cached_mxbai,218,1782204508.9915633,,,
9462,0,svm,max,balanced,cached_mxbai,219,1782204509.0517232,,,
5724,1,svm,max,balanced,cached_mxbai,220,1782204509.112985,,,
2294,0,svm,max,balanced,cached_mxbai,221,1782204509.1729321,,,
8460,0,svm,max,balanced,cached_mxbai,222,1782204509.2336447,,,
4464,1,svm,max,balanced,cached_mxbai,223,1782204509.2939959,,,
5299,0,svm,max,balanced,cached_mxbai,224,1782204509.3538387,,,
6227,0,svm,max,balanced,cached_mxbai,225,1782204509.4139125,,,
3077,0,svm,max,balanced,cached_mxbai,226,1782204509.4733324,,,
5985,0,svm,max,balanced,cached_mxbai,227,1782204509.5340245,,,
6627,0,svm,max,balanced,cached_mxbai,228,1782204509.5951383,,,
8926,0,svm,max,balanced,cached_mxbai,229,1782204509.6568213,,,
10101,0,svm,max,balanced,cached_mxbai,230,1782204509.7178645,,,
1552,0,svm,max,balanced,cached_mxbai,231,1782204509.7784085,,,
6520,0,svm,max,balanced,cached_mxbai,232,1782204509.8420913,,,
10062,0,svm,max,balanced,cached_mxbai,233,1782204509.902045,,,
4508,0,svm,max,balanced,cached_mxbai,234,1782204509.9642777,,,
6268,0,svm,max,balanced,cached_mxbai,235,1782204510.0259297,,,
5624,0,svm,max,balanced,cached_mxbai,236,1782204510.0861683,,,
9107,0,svm,max,balanced,cached_mxbai,237,1782204510.1470442,,,
6632,1,svm,max,balanced,cached_mxbai,238,1782204510.207817,,,
6630,0,svm,max,balanced,cached_mxbai,239,1782204510.2692266,,,
4786,0,svm,max,balanced,cached_mxbai,240,1782204510.3301718,,,
2800,0,svm,max,balanced,cached_mxbai,241,1782204510.3902903,,,
8047,1,svm,max,balanced,cached_mxbai,242,1782204510.451052,,,
1649,0,svm,max,balanced,cached_mxbai,243,1782204510.512665,,,
6098,0,svm,max,balanced,cached_mxbai,244,1782204510.5739126,,,
9027,0,svm,max,balanced,cached_mxbai,245,1782204510.6365945,,,
8801,0,svm,max,balanced,cached_mxbai,246,1782204510.6976726,,,
6665,0,svm,max,balanced,cached_mxbai,247,1782204510.7587495,,,
7278,0,svm,max,balanced,cached_mxbai,248,1782204510.8212793,,,
4423,0,svm,max,balanced,cached_mxbai,249,1782204510.8824453,,,
10563,1,svm,max,balanced,cached_mxbai,250,1782204510.945992,,,
4718,0,svm,max,balanced,cached_mxbai,251,1782204511.008211,,,
5368,1,svm,max,balanced,cached_mxbai,252,1782204511.070875,,,
2958,0,svm,max,balanced,cached_mxbai,253,1782204511.135278,,,
4666,0,svm,max,balanced,cached_mxbai,254,1782204511.1970763,,,
3489,0,svm,max,balanced,cached_mxbai,255,1782204511.2608583,,,
543,0,svm,max,balanced,cached_mxbai,256,1782204511.3231,,,
8561,0,svm,max,balanced,cached_mxbai,257,1782204511.3850367,,,
8366,0,svm,max,balanced,cached_mxbai,258,1782204511.446701,,,
5296,0,svm,max,balanced,cached_mxbai,259,1782204511.5091276,,,
6018,0,svm,max,balanced,cached_mxbai,260,1782204511.571819,,,
8815,1,svm,max,balanced,cached_mxbai,261,1782204511.6352947,,,
6480,0,svm,max,balanced,cached_mxbai,262,1782204511.698239,,,
3464,0,svm,max,balanced,cached_mxbai,263,1782204511.7614334,,,
8787,0,svm,max,balanced,cached_mxbai,264,1782204511.8243387,,,
1554,0,svm,max,balanced,cached_mxbai,265,1782204511.8870275,,,
5085,0,svm,max,balanced,cached_mxbai,266,1782204511.9503486,,,
9346,1,svm,max,balanced,cached_mxbai,267,1782204512.0125678,,,
5141,0,svm,max,balanced,cached_mxbai,268,1782204512.0755,,,
7851,0,svm,max,balanced,cached_mxbai,269,1782204512.1377823,,,
4752,0,svm,max,balanced,cached_mxbai,270,1782204512.2003553,,,
3372,0,svm,max,balanced,cached_mxbai,271,1782204512.2630477,,,
4425,0,svm,max,balanced,cached_mxbai,272,1782204512.3282807,,,
4534,0,svm,max,balanced,cached_mxbai,273,1782204512.3919086,,,
6508,0,svm,max,balanced,cached_mxbai,274,1782204512.4545374,,,
4210,0,svm,max,balanced,cached_mxbai,275,1782204512.520738,,,
5560,0,svm,max,balanced,cached_mxbai,276,1782204512.585742,,,
1271,0,svm,max,balanced,cached_mxbai,277,1782204512.65026,,,
5059,0,svm,max,balanced,cached_mxbai,278,1782204512.7151327,,,
1729,0,svm,max,balanced,cached_mxbai,279,1782204512.7805562,,,
9168,0,svm,max,balanced,cached_mxbai,280,1782204512.8465137,,,
10028,1,svm,max,balanced,cached_mxbai,281,1782204512.9110892,,,
5948,0,svm,max,balanced,cached_mxbai,282,1782204512.9817765,,,
1005,0,svm,max,balanced,cached_mxbai,283,1782204513.0477836,,,
9944,0,svm,max,balanced,cached_mxbai,284,1782204513.114173,,,
4986,0,svm,max,balanced,cached_mxbai,285,1782204513.1807513,,,
4592,0,svm,max,balanced,cached_mxbai,286,1782204513.2468467,,,
9892,0,svm,max,balanced,cached_mxbai,287,1782204513.313381,,,
8117,0,svm,max,balanced,cached_mxbai,288,1782204513.3796256,,,
5865,0,svm,max,balanced,cached_mxbai,289,1782204513.445537,,,
9468,0,svm,max,balanced,cached_mxbai,290,1782204513.5109637,,,
1081,0,svm,max,balanced,cached_mxbai,291,1782204513.576211,,,
5492,0,svm,max,balanced,cached_mxbai,292,1782204513.6418734,,,
7711,0,svm,max,balanced,cached_mxbai,293,1782204513.7077658,,,
7905,0,svm,max,balanced,cached_mxbai,294,1782204513.7730246,,,
4504,0,svm,max,balanced,cached_mxbai,295,1782204513.8401186,,,
5293,0,svm,max,balanced,cached_mxbai,296,1782204513.9056666,,,
9758,0,svm,max,balanced,cached_mxbai,297,1782204513.972945,,,
7942,0,svm,max,balanced,cached_mxbai,298,1782204514.0407422,,,
4461,0,svm,max,balanced,cached_mxbai,299,1782204514.1088881,,,
9989,1,svm,max,balanced,cached_mxbai,300,1782204514.1772268,,,
5071,0,svm,max,balanced,cached_mxbai,301,1782204514.2458053,,,
4971,0,svm,max,balanced,cached_mxbai,302,1782204514.3136344,,,
8442,0,svm,max,balanced,cached_mxbai,303,1782204514.3810768,,,
6624,0,svm,max,balanced,cached_mxbai,304,1782204514.4478836,,,
6874,0,svm,max,balanced,cached_mxbai,305,1782204514.5139565,,,
6479,0,svm,max,balanced,cached_mxbai,306,1782204514.581766,,,
4529,0,svm,max,balanced,cached_mxbai,307,1782204514.6492245,,,
5606,0,svm,max,balanced,cached_mxbai,308,1782204514.717328,,,
6158,0,svm,max,balanced,cached_mxbai,309,1782204514.7846363,,,
8691,0,svm,max,balanced,cached_mxbai,310,1782204514.8525946,,,
7176,0,svm,max,balanced,cached_mxbai,311,1782204514.9191687,,,
10502,0,svm,max,balanced,cached_mxbai,312,1782204514.9863927,,,
5561,0,svm,max,balanced,cached_mxbai,313,1782204515.064939,,,
4466,0,svm,max,balanced,cached_mxbai,314,1782204515.132409,,,
2681,0,svm,max,balanced,cached_mxbai,315,1782204515.1991868,,,
6921,0,svm,max,balanced,cached_mxbai,316,1782204515.2878854,,,
7200,0,svm,max,balanced,cached_mxbai,317,1782204515.3832605,,,
5193,0,svm,max,balanced,cached_mxbai,318,1782204515.4497232,,,
725,0,svm,max,balanced,cached_mxbai,319,1782204515.5196614,,,
4887,0,svm,max,balanced,cached_mxbai,320,1782204515.5873134,,,
5209,0,svm,max,balanced,cached_mxbai,321,1782204515.656225,,,
3176,0,svm,max,balanced,cached_mxbai,322,1782204515.7255862,,,
4338,0,svm,max,balanced,cached_mxbai,323,1782204515.7935283,,,
9025,0,svm,max,balanced,cached_mxbai,324,1782204515.860482,,,
7012,0,svm,max,balanced,cached_mxbai,325,1782204515.92652,,,
8485,0,svm,max,balanced,cached_mxbai,326,1782204515.996757,,,
1819,0,svm,max,balanced,cached_mxbai,327,1782204516.0678673,,,
589,0,svm,max,balanced,cached_mxbai,328,1782204516.1373901,,,
4965,0,svm,max,balanced,cached_mxbai,329,1782204516.2062428,,,
1038,0,svm,max,balanced,cached_mxbai,330,1782204516.2765038,,,
8971,0,svm,max,balanced,cached_mxbai,331,1782204516.3455648,,,
9774,0,svm,max,balanced,cached_mxbai,332,1782204516.4146745,,,
8651,0,svm,max,balanced,cached_mxbai,333,1782204516.4862034,,,
10037,0,svm,max,balanced,cached_mxbai,334,1782204516.559681,,,
5306,0,svm,max,balanced,cached_mxbai,335,1782204516.6326845,,,
4467,0,svm,max,balanced,cached_mxbai,336,1782204516.7045617,,,
1083,0,svm,max,balanced,cached_mxbai,337,1782204516.775268,,,
9770,1,svm,max,balanced,cached_mxbai,338,1782204516.8480115,,,
8188,0,svm,max,balanced,cached_mxbai,339,1782204516.9194188,,,
1491,0,svm,max,balanced,cached_mxbai,340,1782204516.9977846,,,
1232,0,svm,max,balanced,cached_mxbai,341,1782204517.0698223,,,
657,0,svm,max,balanced,cached_mxbai,342,1782204517.1410515,,,
6633,0,svm,max,balanced,cached_mxbai,343,1782204517.2109938,,,
8643,0,svm,max,balanced,cached_mxbai,344,1782204517.281269,,,
6496,0,svm,max,balanced,cached_mxbai,345,1782204517.3510034,,,
8145,0,svm,max,balanced,cached_mxbai,346,1782204517.4216287,,,
4055,0,svm,max,balanced,cached_mxbai,347,1782204517.4916604,,,
5967,1,svm,max,balanced,cached_mxbai,348,1782204517.563788,,,
7790,0,svm,max,balanced,cached_mxbai,349,1782204517.6338375,,,
6781,1,svm,max,balanced,cached_mxbai,350,1782204517.7048018,,,
6782,0,svm,max,balanced,cached_mxbai,351,1782204517.7754834,,,
9805,0,svm,max,balanced,cached_mxbai,352,1782204517.84733,,,
3102,0,svm,max,balanced,cached_mxbai,353,1782204517.9168236,,,
6448,0,svm,max,balanced,cached_mxbai,354,1782204517.987438,,,
9255,0,svm,max,balanced,cached_mxbai,355,1782204518.0569844,,,
4643,0,svm,max,balanced,cached_mxbai,356,1782204518.1276581,,,
4548,0,svm,max,balanced,cached_mxbai,357,1782204518.1962676,,,
220,0,svm,max,balanced,cached_mxbai,358,1782204518.266144,,,
8532,0,svm,max,balanced,cached_mxbai,359,1782204518.3365629,,,
1047,1,svm,max,balanced,cached_mxbai,360,1782204518.406956,,,
7184,0,svm,max,balanced,cached_mxbai,361,1782204518.4774523,,,
1786,0,svm,max,balanced,cached_mxbai,362,1782204518.5477154,,,
4468,0,svm,max,balanced,cached_mxbai,363,1782204518.6179042,,,
5257,0,svm,max,balanced,cached_mxbai,364,1782204518.6911452,,,
7686,0,svm,max,balanced,cached_mxbai,365,1782204518.7649703,,,
9430,0,svm,max,balanced,cached_mxbai,366,1782204518.838316,,,
4628,0,svm,max,balanced,cached_mxbai,367,1782204518.9098828,,,
4293,0,svm,max,balanced,cached_mxbai,368,1782204518.9812968,,,
8334,0,svm,max,balanced,cached_mxbai,369,1782204519.0515144,,,
3433,0,svm,max,balanced,cached_mxbai,370,1782204519.1218626,,,
4029,0,svm,max,balanced,cached_mxbai,371,1782204519.1913004,,,
4743,0,svm,max,balanced,cached_mxbai,372,1782204519.2625694,,,
1004,0,svm,max,balanced,cached_mxbai,373,1782204519.3379111,,,
1817,0,svm,max,balanced,cached_mxbai,374,1782204519.4088678,,,
7299,0,svm,max,balanced,cached_mxbai,375,1782204519.4845803,,,
4471,0,svm,max,balanced,cached_mxbai,376,1782204519.556921,,,
4406,0,svm,max,balanced,cached_mxbai,377,1782204519.6291788,,,
7678,0,svm,max,balanced,cached_mxbai,378,1782204519.701231,,,
1906,0,svm,max,balanced,cached_mxbai,379,1782204519.7726154,,,
8806,1,svm,max,balanced,cached_mxbai,380,1782204519.8463106,,,
5792,0,svm,max,balanced,cached_mxbai,381,1782204519.9183917,,,
3908,0,svm,max,balanced,cached_mxbai,382,1782204519.9895856,,,
7172,0,svm,max,balanced,cached_mxbai,383,1782204520.061372,,,
7147,0,svm,max,balanced,cached_mxbai,384,1782204520.1339552,,,
3145,1,svm,max,balanced,cached_mxbai,385,1782204520.205867,,,
6779,1,svm,max,balanced,cached_mxbai,386,1782204520.279145,,,
3891,0,svm,max,balanced,cached_mxbai,387,1782204520.3528197,,,
3718,0,svm,max,balanced,cached_mxbai,388,1782204520.4273012,,,
6519,0,svm,max,balanced,cached_mxbai,389,1782204520.4999504,,,
4036,0,svm,max,balanced,cached_mxbai,390,1782204520.5716386,,,
9684,0,svm,max,balanced,cached_mxbai,391,1782204520.644936,,,
6716,0,svm,max,balanced,cached_mxbai,392,1782204520.7208304,,,
3027,0,svm,max,balanced,cached_mxbai,393,1782204520.791626,,,
4436,0,svm,max,balanced,cached_mxbai,394,1782204520.8641574,,,
3389,0,svm,max,balanced,cached_mxbai,395,1782204520.9365087,,,
4973,0,svm,max,balanced,cached_mxbai,396,1782204521.0095427,,,
1145,0,svm,max,balanced,cached_mxbai,397,1782204521.0825357,,,
6926,0,svm,max,balanced,cached_mxbai,398,1782204521.1554816,,,
4077,0,svm,max,balanced,cached_mxbai,399,1782204521.2275906,,,
6640,0,svm,max,balanced,cached_mxbai,400,1782204521.3006666,,,
1489,0,svm,max,balanced,cached_mxbai,401,1782204521.3741968,,,
4748,0,svm,max,balanced,cached_mxbai,402,1782204521.4490101,,,
7017,0,svm,max,balanced,cached_mxbai,403,1782204521.5215943,,,
1001,0,svm,max,balanced,cached_mxbai,404,1782204521.595035,,,
3343,0,svm,max,balanced,cached_mxbai,405,1782204521.6694233,,,
3804,0,svm,max,balanced,cached_mxbai,406,1782204521.7417462,,,
5586,0,svm,max,balanced,cached_mxbai,407,1782204521.815613,,,
8375,0,svm,max,balanced,cached_mxbai,408,1782204521.888398,,,
4465,0,svm,max,balanced,cached_mxbai,409,1782204521.96189,,,
3768,0,svm,max,balanced,cached_mxbai,410,1782204522.0365002,,,
3568,0,svm,max,balanced,cached_mxbai,411,1782204522.1116455,,,
6258,1,svm,max,balanced,cached_mxbai,412,1782204522.184955,,,
1228,0,svm,max,balanced,cached_mxbai,413,1782204522.256333,,,
4738,0,svm,max,balanced,cached_mxbai,414,1782204522.328878,,,
1191,0,svm,max,balanced,cached_mxbai,415,1782204522.4016297,,,
10016,1,svm,max,balanced,cached_mxbai,416,1782204522.4748564,,,
1424,0,svm,max,balanced,cached_mxbai,417,1782204522.547874,,,
10146,0,svm,max,balanced,cached_mxbai,418,1782204522.6229491,,,
4885,0,svm,max,balanced,cached_mxbai,419,1782204522.6968696,,,
99,0,svm,max,balanced,cached_mxbai,420,1782204522.7722106,,,
9204,0,svm,max,balanced,cached_mxbai,421,1782204522.8486118,,,
4451,0,svm,max,balanced,cached_mxbai,422,1782204522.923985,,,
7288,0,svm,max,balanced,cached_mxbai,423,1782204522.9976318,,,
5941,0,svm,max,balanced,cached_mxbai,424,1782204523.0714,,,
8395,0,svm,max,balanced,cached_mxbai,425,1782204523.1472538,,,
10209,0,svm,max,balanced,cached_mxbai,426,1782204523.222782,,,
5563,0,svm,max,balanced,cached_mxbai,427,1782204523.2965512,,,
8887,0,svm,max,balanced,cached_mxbai,428,1782204523.3724368,,,
5769,0,svm,max,balanced,cached_mxbai,429,1782204523.4454267,,,
7140,0,svm,max,balanced,cached_mxbai,430,1782204523.520922,,,
4353,0,svm,max,balanced,cached_mxbai,431,1782204523.5930817,,,
7215,0,svm,max,balanced,cached_mxbai,432,1782204523.6678417,,,
6377,0,svm,max,balanced,cached_mxbai,433,1782204523.7417479,,,
3576,0,svm,max,balanced,cached_mxbai,434,1782204523.817169,,,
2705,0,svm,max,balanced,cached_mxbai,435,1782204523.8931656,,,
1061,0,svm,max,balanced,cached_mxbai,436,1782204523.966952,,,
4688,0,svm,max,balanced,cached_mxbai,437,1782204524.0423634,,,
558,0,svm,max,balanced,cached_mxbai,438,1782204524.1181095,,,
3963,0,svm,max,balanced,cached_mxbai,439,1782204524.1925983,,,
4785,0,svm,max,balanced,cached_mxbai,440,1782204524.2664633,,,
5975,0,svm,max,balanced,cached_mxbai,441,1782204524.3413768,,,
1599,0,svm,max,balanced,cached_mxbai,442,1782204524.4157174,,,
7943,0,svm,max,balanced,cached_mxbai,443,1782204524.489841,,,
6916,0,svm,max,balanced,cached_mxbai,444,1782204524.5658038,,,
4308,0,svm,max,balanced,cached_mxbai,445,1782204524.6419446,,,
4881,0,svm,max,balanced,cached_mxbai,446,1782204524.716483,,,
3679,0,svm,max,balanced,cached_mxbai,447,1782204524.7910173,,,
4778,0,svm,max,balanced,cached_mxbai,448,1782204524.8669455,,,
4064,0,svm,max,balanced,cached_mxbai,449,1782204524.942,,,
5521,0,svm,max,balanced,cached_mxbai,450,1782204525.028959,,,
5176,0,svm,max,balanced,cached_mxbai,451,1782204525.1079943,,,
4829,0,svm,max,balanced,cached_mxbai,452,1782204525.1853232,,,
8465,0,svm,max,balanced,cached_mxbai,453,1782204525.2783394,,,
6464,0,svm,max,balanced,cached_mxbai,454,1782204525.3660915,,,
8714,0,svm,max,balanced,cached_mxbai,455,1782204525.444026,,,
7435,0,svm,max,balanced,cached_mxbai,456,1782204525.520622,,,
4805,0,svm,max,balanced,cached_mxbai,457,1782204525.5978894,,,
9124,0,svm,max,balanced,cached_mxbai,458,1782204525.6788292,,,
10052,0,svm,max,balanced,cached_mxbai,459,1782204525.7545784,,,
1708,0,svm,max,balanced,cached_mxbai,460,1782204525.8323104,,,
7421,0,svm,max,balanced,cached_mxbai,461,1782204525.9077961,,,
9702,0,svm,max,balanced,cached_mxbai,462,1782204525.9842045,,,
3221,0,svm,max,balanced,cached_mxbai,463,1782204526.0622826,,,
6881,1,svm,max,balanced,cached_mxbai,464,1782204526.1395707,,,
3243,0,svm,max,balanced,cached_mxbai,465,1782204526.2146444,,,
8422,1,svm,max,balanced,cached_mxbai,466,1782204526.2920196,,,
7896,0,svm,max,balanced,cached_mxbai,467,1782204526.3708706,,,
3775,0,svm,max,balanced,cached_mxbai,468,1782204526.4491384,,,
3961,0,svm,max,balanced,cached_mxbai,469,1782204526.5264206,,,
6738,0,svm,max,balanced,cached_mxbai,470,1782204526.603584,,,
6891,0,svm,max,balanced,cached_mxbai,471,1782204526.6861627,,,
4487,0,svm,max,balanced,cached_mxbai,472,1782204526.763214,,,
3065,0,svm,max,balanced,cached_mxbai,473,1782204526.842273,,,
7392,0,svm,max,balanced,cached_mxbai,474,1782204526.9203389,,,
3144,0,svm,max,balanced,cached_mxbai,475,1782204526.9971201,,,
6100,0,svm,max,balanced,cached_mxbai,476,1782204527.075017,,,
1391,0,svm,max,balanced,cached_mxbai,477,1782204527.1545398,,,
9830,0,svm,max,balanced,cached_mxbai,478,1782204527.2324297,,,
3672,0,svm,max,balanced,cached_mxbai,479,1782204527.309881,,,
4661,0,svm,max,balanced,cached_mxbai,480,1782204527.3891206,,,
5633,0,svm,max,balanced,cached_mxbai,481,1782204527.468455,,,
7104,0,svm,max,balanced,cached_mxbai,482,1782204527.5452464,,,
4396,0,svm,max,balanced,cached_mxbai,483,1782204527.6248333,,,
10591,0,svm,max,balanced,cached_mxbai,484,1782204527.7053444,,,
1520,0,svm,max,balanced,cached_mxbai,485,1782204527.7830677,,,
4720,0,svm,max,balanced,cached_mxbai,486,1782204527.8611903,,,
9600,0,svm,max,balanced,cached_mxbai,487,1782204527.93836,,,
4449,0,svm,max,balanced,cached_mxbai,488,1782204528.0174894,,,
5008,0,svm,max,balanced,cached_mxbai,489,1782204528.0951295,,,
5414,0,svm,max,balanced,cached_mxbai,490,1782204528.1726289,,,
10215,0,svm,max,balanced,cached_mxbai,491,1782204528.2517524,,,
8015,0,svm,max,balanced,cached_mxbai,492,1782204528.330614,,,
4557,0,svm,max,balanced,cached_mxbai,493,1782204528.4109707,,,
8991,0,svm,max,balanced,cached_mxbai,494,1782204528.4905963,,,
3919,0,svm,max,balanced,cached_mxbai,495,1782204528.5709665,,,
838,0,svm,max,balanced,cached_mxbai,496,1782204528.6508396,,,
74,0,svm,max,balanced,cached_mxbai,497,1782204528.7345803,,,
4626,0,svm,max,balanced,cached_mxbai,498,1782204528.8157299,,,
4390,0,svm,max,balanced,cached_mxbai,499,1782204528.894876,,,
7534,0,svm,max,balanced,cached_mxbai,500,1782204528.9737656,,,
4154,0,svm,max,balanced,cached_mxbai,501,1782204529.0539148,,,
3630,0,svm,max,balanced,cached_mxbai,502,1782204529.134003,,,
7305,0,svm,max,balanced,cached_mxbai,503,1782204529.2133732,,,
3459,0,svm,max,balanced,cached_mxbai,504,1782204529.2938104,,,
4721,0,svm,max,balanced,cached_mxbai,505,1782204529.373199,,,
3726,0,svm,max,balanced,cached_mxbai,506,1782204529.4557056,,,
4597,0,svm,max,balanced,cached_mxbai,507,1782204529.5377789,,,
9907,0,svm,max,balanced,cached_mxbai,508,1782204529.6185935,,,
832,0,svm,max,balanced,cached_mxbai,509,1782204529.7061381,,,
1403,0,svm,max,balanced,cached_mxbai,510,1782204529.7862985,,,
8595,0,svm,max,balanced,cached_mxbai,511,1782204529.8684099,,,
6133,0,svm,max,balanced,cached_mxbai,512,1782204529.9510193,,,
5305,0,svm,max,balanced,cached_mxbai,513,1782204530.0326073,,,
5556,0,svm,max,balanced,cached_mxbai,514,1782204530.113909,,,
4947,0,svm,max,balanced,cached_mxbai,515,1782204530.19593,,,
9743,0,svm,max,balanced,cached_mxbai,516,1782204530.274498,,,
6255,0,svm,max,balanced,cached_mxbai,517,1782204530.3559127,,,
4072,0,svm,max,balanced,cached_mxbai,518,1782204530.4373763,,,
559,0,svm,max,balanced,cached_mxbai,519,1782204530.5179305,,,
662,0,svm,max,balanced,cached_mxbai,520,1782204530.600749,,,
4746,0,svm,max,balanced,cached_mxbai,521,1782204530.687521,,,
5102,0,svm,max,balanced,cached_mxbai,522,1782204530.770335,,,
8377,0,svm,max,balanced,cached_mxbai,523,1782204530.8525748,,,
8556,0,svm,max,balanced,cached_mxbai,524,1782204530.9332461,,,
2076,0,svm,max,balanced,cached_mxbai,525,1782204531.0168488,,,
143,0,svm,max,balanced,cached_mxbai,526,1782204531.097655,,,
3150,0,svm,max,balanced,cached_mxbai,527,1782204531.1783912,,,
4494,0,svm,max,balanced,cached_mxbai,528,1782204531.2612505,,,
6618,0,svm,max,balanced,cached_mxbai,529,1782204531.3428977,,,
3974,0,svm,max,balanced,cached_mxbai,530,1782204531.4257646,,,
2901,0,svm,max,balanced,cached_mxbai,531,1782204531.5086503,,,
9461,1,svm,max,balanced,cached_mxbai,532,1782204531.59256,,,
114,0,svm,max,balanced,cached_mxbai,533,1782204531.6754825,,,
3787,0,svm,max,balanced,cached_mxbai,534,1782204531.7642848,,,
6490,0,svm,max,balanced,cached_mxbai,535,1782204531.8484588,,,
5857,0,svm,max,balanced,cached_mxbai,536,1782204531.9325502,,,
3224,0,svm,max,balanced,cached_mxbai,537,1782204532.0187075,,,
1810,0,svm,max,balanced,cached_mxbai,538,1782204532.101014,,,
3926,0,svm,max,balanced,cached_mxbai,539,1782204532.1851053,,,
9517,0,svm,max,balanced,cached_mxbai,540,1782204532.2692258,,,
4567,0,svm,max,balanced,cached_mxbai,541,1782204532.351674,,,
5767,0,svm,max,balanced,cached_mxbai,542,1782204532.435953,,,
4616,0,svm,max,balanced,cached_mxbai,543,1782204532.5188274,,,
3668,0,svm,max,balanced,cached_mxbai,544,1782204532.6023083,,,
3929,0,svm,max,balanced,cached_mxbai,545,1782204532.6878066,,,
4698,0,svm,max,balanced,cached_mxbai,546,1782204532.7764966,,,
2625,0,svm,max,balanced,cached_mxbai,547,1782204532.863381,,,
9552,0,svm,max,balanced,cached_mxbai,548,1782204532.9480383,,,
7011,0,svm,max,balanced,cached_mxbai,549,1782204533.0359294,,,
10424,0,svm,max,balanced,cached_mxbai,550,1782204533.1211872,,,
4427,0,svm,max,balanced,cached_mxbai,551,1782204533.206868,,,
5172,0,svm,max,balanced,cached_mxbai,552,1782204533.290995,,,
8077,0,svm,max,balanced,cached_mxbai,553,1782204533.3769815,,,
4511,0,svm,max,balanced,cached_mxbai,554,1782204533.4634628,,,
5179,0,svm,max,balanced,cached_mxbai,555,1782204533.5490875,,,
7080,1,svm,max,balanced,cached_mxbai,556,1782204533.6352851,,,
10227,0,svm,max,balanced,cached_mxbai,557,1782204533.7238433,,,
3032,0,svm,max,balanced,cached_mxbai,558,1782204533.8070834,,,
4116,0,svm,max,balanced,cached_mxbai,559,1782204533.8921134,,,
675,0,svm,max,balanced,cached_mxbai,560,1782204533.9764984,,,
6889,0,svm,max,balanced,cached_mxbai,561,1782204534.063306,,,
6518,0,svm,max,balanced,cached_mxbai,562,1782204534.1491249,,,
4520,0,svm,max,balanced,cached_mxbai,563,1782204534.2352266,,,
3415,0,svm,max,balanced,cached_mxbai,564,1782204534.3197887,,,
1033,0,svm,max,balanced,cached_mxbai,565,1782204534.4056501,,,
5056,0,svm,max,balanced,cached_mxbai,566,1782204534.490718,,,
6732,0,svm,max,balanced,cached_mxbai,567,1782204534.5769098,,,
4669,0,svm,max,balanced,cached_mxbai,568,1782204534.6644483,,,
10273,0,svm,max,balanced,cached_mxbai,569,1782204534.75646,,,
6192,0,svm,max,balanced,cached_mxbai,570,1782204534.8427486,,,
3618,0,svm,max,balanced,cached_mxbai,571,1782204534.9269938,,,
3623,0,svm,max,balanced,cached_mxbai,572,1782204535.0133297,,,
9476,0,svm,max,balanced,cached_mxbai,573,1782204535.1005309,,,
958,0,svm,max,balanced,cached_mxbai,574,1782204535.1874409,,,
6400,0,svm,max,balanced,cached_mxbai,575,1782204535.2917438,,,
10522,0,svm,max,balanced,cached_mxbai,576,1782204535.388008,,,
7549,0,svm,max,balanced,cached_mxbai,577,1782204535.4765835,,,
3806,0,svm,max,balanced,cached_mxbai,578,1782204535.5641577,,,
10532,0,svm,max,balanced,cached_mxbai,579,1782204535.6510015,,,
4499,0,svm,max,balanced,cached_mxbai,580,1782204535.742599,,,
6420,0,svm,max,balanced,cached_mxbai,581,1782204535.8311703,,,
1867,0,svm,max,balanced,cached_mxbai,582,1782204535.919261,,,
4373,0,svm,max,balanced,cached_mxbai,583,1782204536.007409,,,
6074,0,svm,max,balanced,cached_mxbai,584,1782204536.0929413,,,
59,0,svm,max,balanced,cached_mxbai,585,1782204536.1801524,,,
1682,0,svm,max,balanced,cached_mxbai,586,1782204536.2661304,,,
4770,0,svm,max,balanced,cached_mxbai,587,1782204536.3534553,,,
5457,0,svm,max,balanced,cached_mxbai,588,1782204536.4403179,,,
4787,0,svm,max,balanced,cached_mxbai,589,1782204536.5270972,,,
5780,0,svm,max,balanced,cached_mxbai,590,1782204536.6147768,,,
4505,0,svm,max,balanced,cached_mxbai,591,1782204536.7035425,,,
9813,0,svm,max,balanced,cached_mxbai,592,1782204536.7942119,,,
5049,0,svm,max,balanced,cached_mxbai,593,1782204536.8813598,,,
5083,0,svm,max,balanced,cached_mxbai,594,1782204536.967747,,,
745,0,svm,max,balanced,cached_mxbai,595,1782204537.0587957,,,
3296,0,svm,max,balanced,cached_mxbai,596,1782204537.1520097,,,
4552,0,svm,max,balanced,cached_mxbai,597,1782204537.241549,,,
9960,0,svm,max,balanced,cached_mxbai,598,1782204537.3284047,,,
7453,1,svm,max,balanced,cached_mxbai,599,1782204537.4151525,,,
3435,0,svm,max,balanced,cached_mxbai,600,1782204537.502486,,,
8605,0,svm,max,balanced,cached_mxbai,601,1782204537.5930004,,,
667,0,svm,max,balanced,cached_mxbai,602,1782204537.6838818,,,
8168,0,svm,max,balanced,cached_mxbai,603,1782204537.7795577,,,
4707,0,svm,max,balanced,cached_mxbai,604,1782204537.8671548,,,
6130,0,svm,max,balanced,cached_mxbai,605,1782204537.9555333,,,
5019,0,svm,max,balanced,cached_mxbai,606,1782204538.0447338,,,
8326,0,svm,max,balanced,cached_mxbai,607,1782204538.1313496,,,
9022,0,svm,max,balanced,cached_mxbai,608,1782204538.2205079,,,
7662,0,svm,max,balanced,cached_mxbai,609,1782204538.3084888,,,
7148,0,svm,max,balanced,cached_mxbai,610,1782204538.3960547,,,
4100,0,svm,max,balanced,cached_mxbai,611,1782204538.486254,,,
3455,0,svm,max,balanced,cached_mxbai,612,1782204538.5790672,,,
4686,0,svm,max,balanced,cached_mxbai,613,1782204538.6697834,,,
7666,0,svm,max,balanced,cached_mxbai,614,1782204538.7671976,,,
6778,0,svm,max,balanced,cached_mxbai,615,1782204538.8553843,,,
1820,0,svm,max,balanced,cached_mxbai,616,1782204538.942006,,,
4506,0,svm,max,balanced,cached_mxbai,617,1782204539.030277,,,
6428,0,svm,max,balanced,cached_mxbai,618,1782204539.120919,,,
9625,0,svm,max,balanced,cached_mxbai,619,1782204539.2101865,,,
7784,0,svm,max,balanced,cached_mxbai,620,1782204539.299788,,,
9908,0,svm,max,balanced,cached_mxbai,621,1782204539.388318,,,
5168,0,svm,max,balanced,cached_mxbai,622,1782204539.4784942,,,
7460,0,svm,max,balanced,cached_mxbai,623,1782204539.569119,,,
4976,0,svm,max,balanced,cached_mxbai,624,1782204539.658481,,,
430,0,svm,max,balanced,cached_mxbai,625,1782204539.7476265,,,
676,0,svm,max,balanced,cached_mxbai,626,1782204539.8424206,,,
5451,0,svm,max,balanced,cached_mxbai,627,1782204539.9337409,,,
5092,0,svm,max,balanced,cached_mxbai,628,1782204540.0240452,,,
3101,0,svm,max,balanced,cached_mxbai,629,1782204540.1156986,,,
3627,0,svm,max,balanced,cached_mxbai,630,1782204540.2046702,,,
7596,0,svm,max,balanced,cached_mxbai,631,1782204540.2949784,,,
699,0,svm,max,balanced,cached_mxbai,632,1782204540.3860862,,,
1051,0,svm,max,balanced,cached_mxbai,633,1782204540.4776702,,,
5321,0,svm,max,balanced,cached_mxbai,634,1782204540.5668032,,,
3761,0,svm,max,balanced,cached_mxbai,635,1782204540.657465,,,
1879,0,svm,max,balanced,cached_mxbai,636,1782204540.7483904,,,
4350,0,svm,max,balanced,cached_mxbai,637,1782204540.8455093,,,
4779,0,svm,max,balanced,cached_mxbai,638,1782204540.938066,,,
1389,0,svm,max,balanced,cached_mxbai,639,1782204541.0279462,,,
4289,0,svm,max,balanced,cached_mxbai,640,1782204541.1176095,,,
9249,0,svm,max,balanced,cached_mxbai,641,1782204541.208709,,,
4788,0,svm,max,balanced,cached_mxbai,642,1782204541.298343,,,
9182,0,svm,max,balanced,cached_mxbai,643,1782204541.3898742,,,
532,0,svm,max,balanced,cached_mxbai,644,1782204541.4830217,,,
4538,0,svm,max,balanced,cached_mxbai,645,1782204541.574417,,,
4797,0,svm,max,balanced,cached_mxbai,646,1782204541.6654708,,,
9564,0,svm,max,balanced,cached_mxbai,647,1782204541.7582562,,,
4565,0,svm,max,balanced,cached_mxbai,648,1782204541.8543794,,,
9806,0,svm,max,balanced,cached_mxbai,649,1782204541.9451585,,,
10590,0,svm,max,balanced,cached_mxbai,650,1782204542.0361924,,,
9678,0,svm,max,balanced,cached_mxbai,651,1782204542.1284988,,,
5061,0,svm,max,balanced,cached_mxbai,652,1782204542.221782,,,
6530,0,svm,max,balanced,cached_mxbai,653,1782204542.3129299,,,
6725,0,svm,max,balanced,cached_mxbai,654,1782204542.403533,,,
4088,0,svm,max,balanced,cached_mxbai,655,1782204542.4968302,,,
5137,0,svm,max,balanced,cached_mxbai,656,1782204542.5877693,,,
8471,0,svm,max,balanced,cached_mxbai,657,1782204542.6807103,,,
3416,0,svm,max,balanced,cached_mxbai,658,1782204542.7721772,,,
8655,0,svm,max,balanced,cached_mxbai,659,1782204542.8697631,,,
5218,0,svm,max,balanced,cached_mxbai,660,1782204542.9632885,,,
4593,0,svm,max,balanced,cached_mxbai,661,1782204543.0568671,,,
1213,0,svm,max,balanced,cached_mxbai,662,1782204543.1520343,,,
9829,0,svm,max,balanced,cached_mxbai,663,1782204543.2438014,,,
2408,0,svm,max,balanced,cached_mxbai,664,1782204543.3355086,,,
7864,0,svm,max,balanced,cached_mxbai,665,1782204543.4266078,,,
7121,0,svm,max,balanced,cached_mxbai,666,1782204543.519305,,,
7317,1,svm,max,balanced,cached_mxbai,667,1782204543.6117506,,,
4793,0,svm,max,balanced,cached_mxbai,668,1782204543.70494,,,
4941,0,svm,max,balanced,cached_mxbai,669,1782204543.8029947,,,
3106,0,svm,max,balanced,cached_mxbai,670,1782204543.894854,,,
4659,0,svm,max,balanced,cached_mxbai,671,1782204543.987993,,,
4599,0,svm,max,balanced,cached_mxbai,672,1782204544.0824025,,,
545,0,svm,max,balanced,cached_mxbai,673,1782204544.1760309,,,
4625,0,svm,max,balanced,cached_mxbai,674,1782204544.2689073,,,
5773,0,svm,max,balanced,cached_mxbai,675,1782204544.3644116,,,
10317,0,svm,max,balanced,cached_mxbai,676,1782204544.4578264,,,
4723,0,svm,max,balanced,cached_mxbai,677,1782204544.5511773,,,
4527,0,svm,max,balanced,cached_mxbai,678,1782204544.645565,,,
4109,0,svm,max,balanced,cached_mxbai,679,1782204544.739619,,,
1350,0,svm,max,balanced,cached_mxbai,680,1782204544.838644,,,
3869,0,svm,max,balanced,cached_mxbai,681,1782204544.9334488,,,
4134,0,svm,max,balanced,cached_mxbai,682,1782204545.0346165,,,
4952,0,svm,max,balanced,cached_mxbai,683,1782204545.1317265,,,
3852,0,svm,max,balanced,cached_mxbai,684,1782204545.2305238,,,
3778,0,svm,max,balanced,cached_mxbai,685,1782204545.357799,,,
2758,0,svm,max,balanced,cached_mxbai,686,1782204545.452366,,,
8692,0,svm,max,balanced,cached_mxbai,687,1782204545.550031,,,
4153,0,svm,max,balanced,cached_mxbai,688,1782204545.6465323,,,
8888,0,svm,max,balanced,cached_mxbai,689,1782204545.7424822,,,
4875,0,svm,max,balanced,cached_mxbai,690,1782204545.8431976,,,
7741,0,svm,max,balanced,cached_mxbai,691,1782204545.9388542,,,
1360,0,svm,max,balanced,cached_mxbai,692,1782204546.0337186,,,
5338,0,svm,max,balanced,cached_mxbai,693,1782204546.1307511,,,
5028,0,svm,max,balanced,cached_mxbai,694,1782204546.2256377,,,
4532,0,svm,max,balanced,cached_mxbai,695,1782204546.3200943,,,
1734,0,svm,max,balanced,cached_mxbai,696,1782204546.417105,,,
8972,0,svm,max,balanced,cached_mxbai,697,1782204546.5136454,,,
183,0,svm,max,balanced,cached_mxbai,698,1782204546.609938,,,
5323,0,svm,max,balanced,cached_mxbai,699,1782204546.706107,,,
4391,0,svm,max,balanced,cached_mxbai,700,1782204546.804176,,,
5766,0,svm,max,balanced,cached_mxbai,701,1782204546.9069228,,,
5160,0,svm,max,balanced,cached_mxbai,702,1782204547.0042186,,,
5394,0,svm,max,balanced,cached_mxbai,703,1782204547.1042027,,,
9041,0,svm,max,balanced,cached_mxbai,704,1782204547.2044644,,,
4711,0,svm,max,balanced,cached_mxbai,705,1782204547.3032823,,,
3273,0,svm,max,balanced,cached_mxbai,706,1782204547.3989544,,,
8999,0,svm,max,balanced,cached_mxbai,707,1782204547.4948058,,,
4554,0,svm,max,balanced,cached_mxbai,708,1782204547.591219,,,
516,0,svm,max,balanced,cached_mxbai,709,1782204547.6873596,,,
5232,0,svm,max,balanced,cached_mxbai,710,1782204547.7845786,,,
4692,0,svm,max,balanced,cached_mxbai,711,1782204547.8864424,,,
9779,0,svm,max,balanced,cached_mxbai,712,1782204547.9856303,,,
613,0,svm,max,balanced,cached_mxbai,713,1782204548.0831683,,,
4868,0,svm,max,balanced,cached_mxbai,714,1782204548.180521,,,
1777,0,svm,max,balanced,cached_mxbai,715,1782204548.2776449,,,
8257,0,svm,max,balanced,cached_mxbai,716,1782204548.3822887,,,
842,1,svm,max,balanced,cached_mxbai,717,1782204548.4907382,,,
8225,0,svm,max,balanced,cached_mxbai,718,1782204548.5929441,,,
4677,0,svm,max,balanced,cached_mxbai,719,1782204548.7002895,,,
4792,0,svm,max,balanced,cached_mxbai,720,1782204548.8106003,,,
5403,0,svm,max,balanced,cached_mxbai,721,1782204548.9229317,,,
1233,0,svm,max,balanced,cached_mxbai,722,1782204549.0255296,,,
8884,0,svm,max,balanced,cached_mxbai,723,1782204549.1240358,,,
4569,0,svm,max,balanced,cached_mxbai,724,1782204549.2211611,,,
4930,0,svm,max,balanced,cached_mxbai,725,1782204549.3193648,,,
5307,0,svm,max,balanced,cached_mxbai,726,1782204549.4188936,,,
4458,0,svm,max,balanced,cached_mxbai,727,1782204549.5156558,,,
9528,0,svm,max,balanced,cached_mxbai,728,1782204549.6205533,,,
5313,0,svm,max,balanced,cached_mxbai,729,1782204549.72374,,,
4541,0,svm,max,balanced,cached_mxbai,730,1782204549.824439,,,
1472,0,svm,max,balanced,cached_mxbai,731,1782204549.9288685,,,
3747,0,svm,max,balanced,cached_mxbai,732,1782204550.0293405,,,
1049,0,svm,max,balanced,cached_mxbai,733,1782204550.1311061,,,
3088,0,svm,max,balanced,cached_mxbai,734,1782204550.229144,,,
5208,0,svm,max,balanced,cached_mxbai,735,1782204550.3271196,,,
4342,0,svm,max,balanced,cached_mxbai,736,1782204550.4255326,,,
4637,0,svm,max,balanced,cached_mxbai,737,1782204550.525723,,,
3600,0,svm,max,balanced,cached_mxbai,738,1782204550.6249442,,,
6146,0,svm,max,balanced,cached_mxbai,739,1782204550.7226665,,,
2110,0,svm,max,balanced,cached_mxbai,740,1782204550.8229473,,,
4683,0,svm,max,balanced,cached_mxbai,741,1782204550.9249864,,,
8800,0,svm,max,balanced,cached_mxbai,742,1782204551.0256076,,,
5207,0,svm,max,balanced,cached_mxbai,743,1782204551.1285975,,,
1883,0,svm,max,balanced,cached_mxbai,744,1782204551.228832,,,
10389,0,svm,max,balanced,cached_mxbai,745,1782204551.3280225,,,
6761,0,svm,max,balanced,cached_mxbai,746,1782204551.4291477,,,
2100,0,svm,max,balanced,cached_mxbai,747,1782204551.5297384,,,
3827,0,svm,max,balanced,cached_mxbai,748,1782204551.6315694,,,
8780,0,svm,max,balanced,cached_mxbai,749,1782204551.732719,,,
5276,0,svm,max,balanced,cached_mxbai,750,1782204551.835204,,,
1550,0,svm,max,balanced,cached_mxbai,751,1782204551.9403799,,,
5227,0,svm,max,balanced,cached_mxbai,752,1782204552.0389192,,,
3888,0,svm,max,balanced,cached_mxbai,753,1782204552.1409662,,,
4496,0,svm,max,balanced,cached_mxbai,754,1782204552.2422779,,,
702,0,svm,max,balanced,cached_mxbai,755,1782204552.3406003,,,
2191,0,svm,max,balanced,cached_mxbai,756,1782204552.4408815,,,
4473,0,svm,max,balanced,cached_mxbai,757,1782204552.5419958,,,
4420,0,svm,max,balanced,cached_mxbai,758,1782204552.646906,,,
7226,0,svm,max,balanced,cached_mxbai,759,1782204552.746322,,,
2762,0,svm,max,balanced,cached_mxbai,760,1782204552.8474276,,,
1901,0,svm,max,balanced,cached_mxbai,761,1782204552.9509218,,,
10241,0,svm,max,balanced,cached_mxbai,762,1782204553.05366,,,
3666,0,svm,max,balanced,cached_mxbai,763,1782204553.1572733,,,
8044,0,svm,max,balanced,cached_mxbai,764,1782204553.2603831,,,
666,0,svm,max,balanced,cached_mxbai,765,1782204553.361737,,,
7270,0,svm,max,balanced,cached_mxbai,766,1782204553.4627504,,,
7064,0,svm,max,balanced,cached_mxbai,767,1782204553.5665631,,,
9323,0,svm,max,balanced,cached_mxbai,768,1782204553.6698058,,,
3479,0,svm,max,balanced,cached_mxbai,769,1782204553.7710884,,,
8118,0,svm,max,balanced,cached_mxbai,770,1782204553.8758707,,,
3687,0,svm,max,balanced,cached_mxbai,771,1782204553.977495,,,
896,0,svm,max,balanced,cached_mxbai,772,1782204554.0817122,,,
4706,0,svm,max,balanced,cached_mxbai,773,1782204554.1840208,,,
10549,0,svm,max,balanced,cached_mxbai,774,1782204554.2849212,,,
6528,0,svm,max,balanced,cached_mxbai,775,1782204554.3862615,,,
8120,0,svm,max,balanced,cached_mxbai,776,1782204554.487128,,,
10033,0,svm,max,balanced,cached_mxbai,777,1782204554.5883176,,,
4611,0,svm,max,balanced,cached_mxbai,778,1782204554.6922424,,,
3982,0,svm,max,balanced,cached_mxbai,779,1782204554.7980912,,,
3614,0,svm,max,balanced,cached_mxbai,780,1782204554.9088898,,,
4902,0,svm,max,balanced,cached_mxbai,781,1782204555.0176916,,,
134,0,svm,max,balanced,cached_mxbai,782,1782204555.1396368,,,
5584,0,svm,max,balanced,cached_mxbai,783,1782204555.2575362,,,
7616,0,svm,max,balanced,cached_mxbai,784,1782204555.380558,,,
32,0,svm,max,balanced,cached_mxbai,785,1782204555.484734,,,
9969,0,svm,max,balanced,cached_mxbai,786,1782204555.590386,,,
5219,0,svm,max,balanced,cached_mxbai,787,1782204555.6938372,,,
10232,0,svm,max,balanced,cached_mxbai,788,1782204555.7997642,,,
663,0,svm,max,balanced,cached_mxbai,789,1782204555.9095862,,,
5242,0,svm,max,balanced,cached_mxbai,790,1782204556.01697,,,
5651,0,svm,max,balanced,cached_mxbai,791,1782204556.1297042,,,
4670,0,svm,max,balanced,cached_mxbai,792,1782204556.2381375,,,
1547,0,svm,max,balanced,cached_mxbai,793,1782204556.3440473,,,
8261,0,svm,max,balanced,cached_mxbai,794,1782204556.4509134,,,
5564,0,svm,max,balanced,cached_mxbai,795,1782204556.5583305,,,
4612,0,svm,max,balanced,cached_mxbai,796,1782204556.6640718,,,
9531,0,svm,max,balanced,cached_mxbai,797,1782204556.7727828,,,
6914,0,svm,max,balanced,cached_mxbai,798,1782204556.8840487,,,
6912,0,svm,max,balanced,cached_mxbai,799,1782204556.993674,,,
9069,0,svm,max,balanced,cached_mxbai,800,1782204557.0992362,,,
2240,0,svm,max,balanced,cached_mxbai,801,1782204557.2063875,,,
50,0,svm,max,balanced,cached_mxbai,802,1782204557.3120506,,,
8531,0,svm,max,balanced,cached_mxbai,803,1782204557.4175375,,,
4927,0,svm,max,balanced,cached_mxbai,804,1782204557.5241647,,,
3252,0,svm,max,balanced,cached_mxbai,805,1782204557.6310818,,,
9538,0,svm,max,balanced,cached_mxbai,806,1782204557.7378578,,,
5330,0,svm,max,balanced,cached_mxbai,807,1782204557.844252,,,
5072,0,svm,max,balanced,cached_mxbai,808,1782204557.9582717,,,
8055,0,svm,max,balanced,cached_mxbai,809,1782204558.0693378,,,
4570,0,svm,max,balanced,cached_mxbai,810,1782204558.1808546,,,
5074,0,svm,max,balanced,cached_mxbai,811,1782204558.2899666,,,
6039,0,svm,max,balanced,cached_mxbai,812,1782204558.3959732,,,
7016,0,svm,max,balanced,cached_mxbai,813,1782204558.5058646,,,
760,0,svm,max,balanced,cached_mxbai,814,1782204558.6195028,,,
4476,0,svm,max,balanced,cached_mxbai,815,1782204558.7323358,,,
3894,0,svm,max,balanced,cached_mxbai,816,1782204558.8439493,,,
4209,0,svm,max,balanced,cached_mxbai,817,1782204558.958456,,,
10110,0,svm,max,balanced,cached_mxbai,818,1782204559.0680556,,,
5383,0,svm,max,balanced,cached_mxbai,819,1782204559.1794748,,,
4889,0,svm,max,balanced,cached_mxbai,820,1782204559.2924654,,,
5017,0,svm,max,balanced,cached_mxbai,821,1782204559.399877,,,
6417,0,svm,max,balanced,cached_mxbai,822,1782204559.5114963,,,
2279,0,svm,max,balanced,cached_mxbai,823,1782204559.6209004,,,
4299,0,svm,max,balanced,cached_mxbai,824,1782204559.7346966,,,
3347,0,svm,max,balanced,cached_mxbai,825,1782204559.8469057,,,
4662,0,svm,max,balanced,cached_mxbai,826,1782204559.9618585,,,
3923,0,svm,max,balanced,cached_mxbai,827,1782204560.0713317,,,
4964,0,svm,max,balanced,cached_mxbai,828,1782204560.1832883,,,
2113,0,svm,max,balanced,cached_mxbai,829,1782204560.295975,,,
8255,0,svm,max,balanced,cached_mxbai,830,1782204560.4062216,,,
3194,0,svm,max,balanced,cached_mxbai,831,1782204560.515452,,,
4834,0,svm,max,balanced,cached_mxbai,832,1782204560.6263433,,,
3912,0,svm,max,balanced,cached_mxbai,833,1782204560.7378333,,,
4709,0,svm,max,balanced,cached_mxbai,834,1782204560.8511508,,,
8982,0,svm,max,balanced,cached_mxbai,835,1782204560.965693,,,
9122,0,svm,max,balanced,cached_mxbai,836,1782204561.0780978,,,
4619,0,svm,max,balanced,cached_mxbai,837,1782204561.1916265,,,
1198,0,svm,max,balanced,cached_mxbai,838,1782204561.30448,,,
7182,0,svm,max,balanced,cached_mxbai,839,1782204561.415584,,,
4058,0,svm,max,balanced,cached_mxbai,840,1782204561.5283554,,,
4867,0,svm,max,balanced,cached_mxbai,841,1782204561.6398208,,,
9131,0,svm,max,balanced,cached_mxbai,842,1782204561.750776,,,
4582,0,svm,max,balanced,cached_mxbai,843,1782204561.8638728,,,
7264,0,svm,max,balanced,cached_mxbai,844,1782204561.9785736,,,
8467,0,svm,max,balanced,cached_mxbai,845,1782204562.0912905,,,
8995,0,svm,max,balanced,cached_mxbai,846,1782204562.2056305,,,
6831,0,svm,max,balanced,cached_mxbai,847,1782204562.3180673,,,
4598,0,svm,max,balanced,cached_mxbai,848,1782204562.4332447,,,
7483,0,svm,max,balanced,cached_mxbai,849,1782204562.5475614,,,
8602,0,svm,max,balanced,cached_mxbai,850,1782204562.659757,,,
4573,0,svm,max,balanced,cached_mxbai,851,1782204562.7749681,,,
4988,0,svm,max,balanced,cached_mxbai,852,1782204562.8871658,,,
6340,0,svm,max,balanced,cached_mxbai,853,1782204563.017234,,,
6718,0,svm,max,balanced,cached_mxbai,854,1782204563.1326137,,,
4633,0,svm,max,balanced,cached_mxbai,855,1782204563.253448,,,
3639,0,svm,max,balanced,cached_mxbai,856,1782204563.3700356,,,
4453,0,svm,max,balanced,cached_mxbai,857,1782204563.4823024,,,
10291,0,svm,max,balanced,cached_mxbai,858,1782204563.5963647,,,
698,0,svm,max,balanced,cached_mxbai,859,1782204563.7129672,,,
4933,0,svm,max,balanced,cached_mxbai,860,1782204563.8260713,,,
6483,0,svm,max,balanced,cached_mxbai,861,1782204563.9405072,,,
86,0,svm,max,balanced,cached_mxbai,862,1782204564.0591311,,,
4515,0,svm,max,balanced,cached_mxbai,863,1782204564.1766288,,,
7009,0,svm,max,balanced,cached_mxbai,864,1782204564.2893982,,,
1070,0,svm,max,balanced,cached_mxbai,865,1782204564.40342,,,
4176,0,svm,max,balanced,cached_mxbai,866,1782204564.515498,,,
4636,0,svm,max,balanced,cached_mxbai,867,1782204564.6309905,,,
3097,0,svm,max,balanced,cached_mxbai,868,1782204564.7445574,,,
5125,0,svm,max,balanced,cached_mxbai,869,1782204564.8613877,,,
9725,0,svm,max,balanced,cached_mxbai,870,1782204564.9782565,,,
3945,0,svm,max,balanced,cached_mxbai,871,1782204565.1076465,,,
5096,0,svm,max,balanced,cached_mxbai,872,1782204565.232113,,,
7217,0,svm,max,balanced,cached_mxbai,873,1782204565.3729126,,,
4994,0,svm,max,balanced,cached_mxbai,874,1782204565.4900649,,,
4445,0,svm,max,balanced,cached_mxbai,875,1782204565.607213,,,
4510,0,svm,max,balanced,cached_mxbai,876,1782204565.7250233,,,
3409,0,svm,max,balanced,cached_mxbai,877,1782204565.843495,,,
8696,0,svm,max,balanced,cached_mxbai,878,1782204565.9602664,,,
591,0,svm,max,balanced,cached_mxbai,879,1782204566.083063,,,
7269,0,svm,max,balanced,cached_mxbai,880,1782204566.200511,,,
10290,0,svm,max,balanced,cached_mxbai,881,1782204566.3161097,,,
2559,0,svm,max,balanced,cached_mxbai,882,1782204566.4337475,,,
5591,0,svm,max,balanced,cached_mxbai,883,1782204566.548774,,,
4528,0,svm,max,balanced,cached_mxbai,884,1782204566.6648684,,,
9213,0,svm,max,balanced,cached_mxbai,885,1782204566.782713,,,
4648,0,svm,max,balanced,cached_mxbai,886,1782204566.9001338,,,
10057,0,svm,max,balanced,cached_mxbai,887,1782204567.020016,,,
9945,0,svm,max,balanced,cached_mxbai,888,1782204567.1375146,,,
9749,0,svm,max,balanced,cached_mxbai,889,1782204567.2547688,,,
3661,0,svm,max,balanced,cached_mxbai,890,1782204567.37197,,,
9836,0,svm,max,balanced,cached_mxbai,891,1782204567.4880297,,,
4836,0,svm,max,balanced,cached_mxbai,892,1782204567.6073432,,,
3209,0,svm,max,balanced,cached_mxbai,893,1782204567.726532,,,
10337,0,svm,max,balanced,cached_mxbai,894,1782204567.8453925,,,
4673,0,svm,max,balanced,cached_mxbai,895,1782204567.9630797,,,
7597,0,svm,max,balanced,cached_mxbai,896,1782204568.0854404,,,
6499,0,svm,max,balanced,cached_mxbai,897,1782204568.2074442,,,
3742,0,svm,max,balanced,cached_mxbai,898,1782204568.3287117,,,
5145,0,svm,max,balanced,cached_mxbai,899,1782204568.4514256,,,
4507,0,svm,max,balanced,cached_mxbai,900,1782204568.5746396,,,
3934,0,svm,max,balanced,cached_mxbai,901,1782204568.7011738,,,
10122,0,svm,max,balanced,cached_mxbai,902,1782204568.8251905,,,
10136,1,svm,max,balanced,cached_mxbai,903,1782204568.9527025,,,
9199,0,svm,max,balanced,cached_mxbai,904,1782204569.0826693,,,
1721,1,svm,max,balanced,cached_mxbai,905,1782204569.2029188,,,
4495,0,svm,max,balanced,cached_mxbai,906,1782204569.321215,,,
5199,0,svm,max,balanced,cached_mxbai,907,1782204569.4406104,,,
5272,0,svm,max,balanced,cached_mxbai,908,1782204569.5582013,,,
4435,0,svm,max,balanced,cached_mxbai,909,1782204569.6750116,,,
4222,0,svm,max,balanced,cached_mxbai,910,1782204569.798724,,,
5329,0,svm,max,balanced,cached_mxbai,911,1782204569.9161785,,,
6830,0,svm,max,balanced,cached_mxbai,912,1782204570.0412679,,,
4657,0,svm,max,balanced,cached_mxbai,913,1782204570.161305,,,
4559,0,svm,max,balanced,cached_mxbai,914,1782204570.2827325,,,
10435,1,svm,max,balanced,cached_mxbai,915,1782204570.4007697,,,
9132,0,svm,max,balanced,cached_mxbai,916,1782204570.519087,,,
1561,0,svm,max,balanced,cached_mxbai,917,1782204570.6395748,,,
907,0,svm,max,balanced,cached_mxbai,918,1782204570.758435,,,
4722,0,svm,max,balanced,cached_mxbai,919,1782204570.8798323,,,
7767,0,svm,max,balanced,cached_mxbai,920,1782204571.0013697,,,
7168,0,svm,max,balanced,cached_mxbai,921,1782204571.1244419,,,
1312,0,svm,max,balanced,cached_mxbai,922,1782204571.243789,,,
3502,0,svm,max,balanced,cached_mxbai,923,1782204571.3618195,,,
6444,0,svm,max,balanced,cached_mxbai,924,1782204571.4805963,,,
8315,0,svm,max,balanced,cached_mxbai,925,1782204571.6000774,,,
9747,0,svm,max,balanced,cached_mxbai,926,1782204571.7203743,,,
2832,0,svm,max,balanced,cached_mxbai,927,1782204571.8386443,,,
5426,0,svm,max,balanced,cached_mxbai,928,1782204571.9599867,,,
3523,0,svm,max,balanced,cached_mxbai,929,1782204572.0864203,,,
8179,0,svm,max,balanced,cached_mxbai,930,1782204572.2056832,,,
7595,0,svm,max,balanced,cached_mxbai,931,1782204572.324778,,,
3538,0,svm,max,balanced,cached_mxbai,932,1782204572.447938,,,
4862,0,svm,max,balanced,cached_mxbai,933,1782204572.5685709,,,
5185,0,svm,max,balanced,cached_mxbai,934,1782204572.6886196,,,
4086,0,svm,max,balanced,cached_mxbai,935,1782204572.8108318,,,
1385,0,svm,max,balanced,cached_mxbai,936,1782204572.9368284,,,
4586,0,svm,max,balanced,cached_mxbai,937,1782204573.0706806,,,
6553,0,svm,max,balanced,cached_mxbai,938,1782204573.1932056,,,
10225,0,svm,max,balanced,cached_mxbai,939,1782204573.3146415,,,
6238,0,svm,max,balanced,cached_mxbai,940,1782204573.4364834,,,
5410,0,svm,max,balanced,cached_mxbai,941,1782204573.561555,,,
3494,0,svm,max,balanced,cached_mxbai,942,1782204573.6860173,,,
10177,0,svm,max,balanced,cached_mxbai,943,1782204573.812714,,,
2330,0,svm,max,balanced,cached_mxbai,944,1782204573.935917,,,
5016,0,svm,max,balanced,cached_mxbai,945,1782204574.061486,,,
8428,0,svm,max,balanced,cached_mxbai,946,1782204574.1845067,,,
3099,0,svm,max,balanced,cached_mxbai,947,1782204574.306166,,,
3914,0,svm,max,balanced,cached_mxbai,948,1782204574.4272292,,,
4139,0,svm,max,balanced,cached_mxbai,949,1782204574.5537372,,,
1585,0,svm,max,balanced,cached_mxbai,950,1782204574.6795883,,,
8063,0,svm,max,balanced,cached_mxbai,951,1782204574.8075576,,,
5039,0,svm,max,balanced,cached_mxbai,952,1782204574.9345665,,,
7434,0,svm,max,balanced,cached_mxbai,953,1782204575.0710876,,,
10169,0,svm,max,balanced,cached_mxbai,954,1782204575.2013743,,,
1911,0,svm,max,balanced,cached_mxbai,955,1782204575.3717666,,,
4136,0,svm,max,balanced,cached_mxbai,956,1782204575.496391,,,
3185,0,svm,max,balanced,cached_mxbai,957,1782204575.6215537,,,
3569,0,svm,max,balanced,cached_mxbai,958,1782204575.7519288,,,
4588,0,svm,max,balanced,cached_mxbai,959,1782204575.8815286,,,
677,0,svm,max,balanced,cached_mxbai,960,1782204576.0052981,,,
3558,0,svm,max,balanced,cached_mxbai,961,1782204576.134471,,,
5365,0,svm,max,balanced,cached_mxbai,962,1782204576.2611258,,,
4642,0,svm,max,balanced,cached_mxbai,963,1782204576.384953,,,
3080,0,svm,max,balanced,cached_mxbai,964,1782204576.5108993,,,
4703,0,svm,max,balanced,cached_mxbai,965,1782204576.6339812,,,
1003,0,svm,max,balanced,cached_mxbai,966,1782204576.7613726,,,
402,0,svm,max,balanced,cached_mxbai,967,1782204576.8905134,,,
5111,0,svm,max,balanced,cached_mxbai,968,1782204577.0179818,,,
9293,0,svm,max,balanced,cached_mxbai,969,1782204577.153701,,,
5013,0,svm,max,balanced,cached_mxbai,970,1782204577.2802632,,,
8092,0,svm,max,balanced,cached_mxbai,971,1782204577.4069738,,,
3994,0,svm,max,balanced,cached_mxbai,972,1782204577.5343006,,,
6646,0,svm,max,balanced,cached_mxbai,973,1782204577.6593893,,,
3748,0,svm,max,balanced,cached_mxbai,974,1782204577.7850604,,,
1149,0,svm,max,balanced,cached_mxbai,975,1782204577.9147198,,,
9763,0,svm,max,balanced,cached_mxbai,976,1782204578.0431223,,,
6013,0,svm,max,balanced,cached_mxbai,977,1782204578.1756408,,,
4744,0,svm,max,balanced,cached_mxbai,978,1782204578.300331,,,
25,0,svm,max,balanced,cached_mxbai,979,1782204578.4281626,,,
6398,0,svm,max,balanced,cached_mxbai,980,1782204578.5515878,,,
4729,0,svm,max,balanced,cached_mxbai,981,1782204578.6784909,,,
3767,0,svm,max,balanced,cached_mxbai,982,1782204578.8092198,,,
3960,0,svm,max,balanced,cached_mxbai,983,1782204578.939515,,,
6629,0,svm,max,balanced,cached_mxbai,984,1782204579.0725908,,,
6634,0,svm,max,balanced,cached_mxbai,985,1782204579.2117562,,,
4951,0,svm,max,balanced,cached_mxbai,986,1782204579.3513489,,,
10112,0,svm,max,balanced,cached_mxbai,987,1782204579.4763143,,,
3187,0,svm,max,balanced,cached_mxbai,988,1782204579.6069667,,,
5244,0,svm,max,balanced,cached_mxbai,989,1782204579.7354543,,,
6438,0,svm,max,balanced,cached_mxbai,990,1782204579.8693037,,,
4424,0,svm,max,balanced,cached_mxbai,991,1782204580.0049658,,,
10484,0,svm,max,balanced,cached_mxbai,992,1782204580.145444,,,
7577,0,svm,max,balanced,cached_mxbai,993,1782204580.276029,,,
3197,0,svm,max,balanced,cached_mxbai,994,1782204580.4099889,,,
387,0,svm,max,balanced,cached_mxbai,995,1782204580.5456088,,,
8909,0,svm,max,balanced,cached_mxbai,996,1782204580.6813695,,,
4905,0,svm,max,balanced,cached_mxbai,997,1782204580.820551,,,
5134,0,svm,max,balanced,cached_mxbai,998,1782204580.9571679,,,
3873,0,svm,max,balanced,cached_mxbai,999,1782204581.0991514,,,
8563,0,svm,max,balanced,cached_mxbai,1000,1782204581.2308137,,,
4166,0,svm,max,balanced,cached_mxbai,1001,1782204581.360039,,,
5449,0,svm,max,balanced,cached_mxbai,1002,1782204581.490889,,,
1008,0,svm,max,balanced,cached_mxbai,1003,1782204581.6295705,,,
5996,0,svm,max,balanced,cached_mxbai,1004,1782204581.7605317,,,
8993,0,svm,max,balanced,cached_mxbai,1005,1782204581.8972747,,,
5077,0,svm,max,balanced,cached_mxbai,1006,1782204582.025335,,,
4705,0,svm,max,balanced,cached_mxbai,1007,1782204582.155702,,,
8598,0,svm,max,balanced,cached_mxbai,1008,1782204582.2877717,,,
4162,0,svm,max,balanced,cached_mxbai,1009,1782204582.4148905,,,
8839,0,svm,max,balanced,cached_mxbai,1010,1782204582.543094,,,
4434,0,svm,max,balanced,cached_mxbai,1011,1782204582.6845741,,,
4217,0,svm,max,balanced,cached_mxbai,1012,1782204582.8194144,,,
5154,0,svm,max,balanced,cached_mxbai,1013,1782204582.9567688,,,
6150,0,svm,max,balanced,cached_mxbai,1014,1782204583.0875485,,,
6842,0,svm,max,balanced,cached_mxbai,1015,1782204583.2257419,,,
6607,0,svm,max,balanced,cached_mxbai,1016,1782204583.3583453,,,
4104,0,svm,max,balanced,cached_mxbai,1017,1782204583.4875546,,,
4813,0,svm,max,balanced,cached_mxbai,1018,1782204583.6201987,,,
6991,0,svm,max,balanced,cached_mxbai,1019,1782204583.7490287,,,
4635,0,svm,max,balanced,cached_mxbai,1020,1782204583.8828404,,,
6411,0,svm,max,balanced,cached_mxbai,1021,1782204584.0166523,,,
7262,0,svm,max,balanced,cached_mxbai,1022,1782204584.1486793,,,
3836,0,svm,max,balanced,cached_mxbai,1023,1782204584.2819283,,,
6326,0,svm,max,balanced,cached_mxbai,1024,1782204584.3976095,,,
8153,0,svm,max,balanced,cached_mxbai,1025,1782204584.5141897,,,
4121,0,svm,max,balanced,cached_mxbai,1026,1782204584.629131,,,
10000,0,svm,max,balanced,cached_mxbai,1027,1782204584.748267,,,
9996,0,svm,max,balanced,cached_mxbai,1028,1782204584.8716872,,,
2259,0,svm,max,balanced,cached_mxbai,1029,1782204584.9935918,,,
4680,0,svm,max,balanced,cached_mxbai,1030,1782204585.1221187,,,
7002,0,svm,max,balanced,cached_mxbai,1031,1782204585.2553465,,,
828,0,svm,max,balanced,cached_mxbai,1032,1782204585.3954053,,,
3458,0,svm,max,balanced,cached_mxbai,1033,1782204585.5172532,,,
6631,0,svm,max,balanced,cached_mxbai,1034,1782204585.6406693,,,
6136,0,svm,max,balanced,cached_mxbai,1035,1782204585.761669,,,
4522,0,svm,max,balanced,cached_mxbai,1036,1782204585.8883295,,,
8049,0,svm,max,balanced,cached_mxbai,1037,1782204586.0101516,,,
5238,0,svm,max,balanced,cached_mxbai,1038,1782204586.12912,,,
2428,0,svm,max,balanced,cached_mxbai,1039,1782204586.2491317,,,
2258,0,svm,max,balanced,cached_mxbai,1040,1782204586.367222,,,
5078,0,svm,max,balanced,cached_mxbai,1041,1782204586.4857724,,,
6798,0,svm,max,balanced,cached_mxbai,1042,1782204586.6026156,,,
7490,0,svm,max,balanced,cached_mxbai,1043,1782204586.7220578,,,
4574,0,svm,max,balanced,cached_mxbai,1044,1782204586.8427694,,,
1840,0,svm,max,balanced,cached_mxbai,1045,1782204586.9645555,,,
1461,0,svm,max,balanced,cached_mxbai,1046,1782204587.086817,,,
6743,0,svm,max,balanced,cached_mxbai,1047,1782204587.2076993,,,
4513,0,svm,max,balanced,cached_mxbai,1048,1782204587.3297675,,,
620,0,svm,max,balanced,cached_mxbai,1049,1782204587.4508064,,,
7390,0,svm,max,balanced,cached_mxbai,1050,1782204587.5731785,,,
9957,0,svm,max,balanced,cached_mxbai,1051,1782204587.6958904,,,
4587,0,svm,max,balanced,cached_mxbai,1052,1782204587.8169873,,,
5968,0,svm,max,balanced,cached_mxbai,1053,1782204587.9404252,,,
6120,0,svm,max,balanced,cached_mxbai,1054,1782204588.062982,,,
3081,0,svm,max,balanced,cached_mxbai,1055,1782204588.185516,,,
4484,0,svm,max,balanced,cached_mxbai,1056,1782204588.3072484,,,
4364,0,svm,max,balanced,cached_mxbai,1057,1782204588.428954,,,
5398,0,svm,max,balanced,cached_mxbai,1058,1782204588.549268,,,
4912,0,svm,max,balanced,cached_mxbai,1059,1782204588.6702821,,,
6421,0,svm,max,balanced,cached_mxbai,1060,1782204588.7915847,,,
2745,0,svm,max,balanced,cached_mxbai,1061,1782204588.9177308,,,
3543,0,svm,max,balanced,cached_mxbai,1062,1782204589.0391724,,,
7207,0,svm,max,balanced,cached_mxbai,1063,1782204589.1606236,,,
4568,0,svm,max,balanced,cached_mxbai,1064,1782204589.2881463,,,
10493,0,svm,max,balanced,cached_mxbai,1065,1782204589.4071493,,,
5093,0,svm,max,balanced,cached_mxbai,1066,1782204589.527498,,,
1048,0,svm,max,balanced,cached_mxbai,1067,1782204589.6479378,,,
9429,0,svm,max,balanced,cached_mxbai,1068,1782204589.7693815,,,
3583,0,svm,max,balanced,cached_mxbai,1069,1782204589.8928382,,,
7702,0,svm,max,balanced,cached_mxbai,1070,1782204590.015165,,,
5088,0,svm,max,balanced,cached_mxbai,1071,1782204590.1352227,,,
3147,0,svm,max,balanced,cached_mxbai,1072,1782204590.2571678,,,
4886,0,svm,max,balanced,cached_mxbai,1073,1782204590.3769715,,,
72,0,svm,max,balanced,cached_mxbai,1074,1782204590.498336,,,
4631,0,svm,max,balanced,cached_mxbai,1075,1782204590.61864,,,
2429,0,svm,max,balanced,cached_mxbai,1076,1782204590.741805,,,
8486,0,svm,max,balanced,cached_mxbai,1077,1782204590.866106,,,
6485,0,svm,max,balanced,cached_mxbai,1078,1782204590.9899824,,,
4564,0,svm,max,balanced,cached_mxbai,1079,1782204591.115121,,,
6121,0,svm,max,balanced,cached_mxbai,1080,1782204591.2398744,,,
2053,0,svm,max,balanced,cached_mxbai,1081,1782204591.3649504,,,
7108,0,svm,max,balanced,cached_mxbai,1082,1782204591.4866853,,,
1082,0,svm,max,balanced,cached_mxbai,1083,1782204591.6107225,,,
4812,0,svm,max,balanced,cached_mxbai,1084,1782204591.7330678,,,
2803,0,svm,max,balanced,cached_mxbai,1085,1782204591.8598344,,,
23,0,svm,max,balanced,cached_mxbai,1086,1782204591.9847064,,,
955,0,svm,max,balanced,cached_mxbai,1087,1782204592.108196,,,
4112,0,svm,max,balanced,cached_mxbai,1088,1782204592.2320921,,,
4910,0,svm,max,balanced,cached_mxbai,1089,1782204592.3571887,,,
6147,0,svm,max,balanced,cached_mxbai,1090,1782204592.4811795,,,
10031,0,svm,max,balanced,cached_mxbai,1091,1782204592.60396,,,
3677,0,svm,max,balanced,cached_mxbai,1092,1782204592.7290225,,,
4773,0,svm,max,balanced,cached_mxbai,1093,1782204592.8569045,,,
3515,0,svm,max,balanced,cached_mxbai,1094,1782204592.9879086,,,
9759,0,svm,max,balanced,cached_mxbai,1095,1782204593.1149912,,,
4523,0,svm,max,balanced,cached_mxbai,1096,1782204593.239752,,,
8530,0,svm,max,balanced,cached_mxbai,1097,1782204593.3672438,,,
3969,0,svm,max,balanced,cached_mxbai,1098,1782204593.493483,,,
10166,0,svm,max,balanced,cached_mxbai,1099,1782204593.6215138,,,
4514,0,svm,max,balanced,cached_mxbai,1100,1782204593.7472544,,,
4442,0,svm,max,balanced,cached_mxbai,1101,1782204593.8765905,,,
47,0,svm,max,balanced,cached_mxbai,1102,1782204594.0054553,,,
7351,1,svm,max,balanced,cached_mxbai,1103,1782204594.130651,,,
9683,0,svm,max,balanced,cached_mxbai,1104,1782204594.2610142,,,
4962,0,svm,max,balanced,cached_mxbai,1105,1782204594.387923,,,
9028,0,svm,max,balanced,cached_mxbai,1106,1782204594.5150187,,,
5131,0,svm,max,balanced,cached_mxbai,1107,1782204594.6433103,,,
6249,0,svm,max,balanced,cached_mxbai,1108,1782204594.7703497,,,
5116,0,svm,max,balanced,cached_mxbai,1109,1782204594.8988426,,,
5516,0,svm,max,balanced,cached_mxbai,1110,1782204595.030804,,,
4131,0,svm,max,balanced,cached_mxbai,1111,1782204595.159441,,,
5165,0,svm,max,balanced,cached_mxbai,1112,1782204595.3205607,,,
5870,0,svm,max,balanced,cached_mxbai,1113,1782204595.45428,,,
5237,0,svm,max,balanced,cached_mxbai,1114,1782204595.5823138,,,
2264,0,svm,max,balanced,cached_mxbai,1115,1782204595.7108853,,,
7804,0,svm,max,balanced,cached_mxbai,1116,1782204595.8391209,,,
2306,0,svm,max,balanced,cached_mxbai,1117,1782204595.966805,,,
6609,0,svm,max,balanced,cached_mxbai,1118,1782204596.0977669,,,
10308,0,svm,max,balanced,cached_mxbai,1119,1782204596.2314153,,,
421,0,svm,max,balanced,cached_mxbai,1120,1782204596.3611202,,,
4595,0,svm,max,balanced,cached_mxbai,1121,1782204596.49263,,,
37,0,svm,max,balanced,cached_mxbai,1122,1782204596.621648,,,
7948,0,svm,max,balanced,cached_mxbai,1123,1782204596.748086,,,
7771,0,svm,max,balanced,cached_mxbai,1124,1782204596.8736,,,
4870,0,svm,max,balanced,cached_mxbai,1125,1782204597.000179,,,
4415,0,svm,max,balanced,cached_mxbai,1126,1782204597.134295,,,
3954,0,svm,max,balanced,cached_mxbai,1127,1782204597.270447,,,
8126,0,svm,max,balanced,cached_mxbai,1128,1782204597.4006069,,,
8036,0,svm,max,balanced,cached_mxbai,1129,1782204597.5281916,,,
4815,0,svm,max,balanced,cached_mxbai,1130,1782204597.657015,,,
3586,0,svm,max,balanced,cached_mxbai,1131,1782204597.782682,,,
2943,0,svm,max,balanced,cached_mxbai,1132,1782204597.905114,,,
2627,0,svm,max,balanced,cached_mxbai,1133,1782204598.0311017,,,
5112,0,svm,max,balanced,cached_mxbai,1134,1782204598.1584246,,,
1492,0,svm,max,balanced,cached_mxbai,1135,1782204598.287246,,,
4026,0,svm,max,balanced,cached_mxbai,1136,1782204598.4106789,,,
4459,0,svm,max,balanced,cached_mxbai,1137,1782204598.537511,,,
5425,0,svm,max,balanced,cached_mxbai,1138,1782204598.6665657,,,
413,0,svm,max,balanced,cached_mxbai,1139,1782204598.7959652,,,
6298,0,svm,max,balanced,cached_mxbai,1140,1782204598.9217937,,,
4928,0,svm,max,balanced,cached_mxbai,1141,1782204599.050283,,,
5581,0,svm,max,balanced,cached_mxbai,1142,1782204599.1779768,,,
3280,0,svm,max,balanced,cached_mxbai,1143,1782204599.3084366,,,
3657,0,svm,max,balanced,cached_mxbai,1144,1782204599.4374816,,,
6601,0,svm,max,balanced,cached_mxbai,1145,1782204599.5640218,,,
4684,0,svm,max,balanced,cached_mxbai,1146,1782204599.6921751,,,
6414,0,svm,max,balanced,cached_mxbai,1147,1782204599.8210127,,,
9876,0,svm,max,balanced,cached_mxbai,1148,1782204599.9488928,,,
4710,0,svm,max,balanced,cached_mxbai,1149,1782204600.0795767,,,
5468,0,svm,max,balanced,cached_mxbai,1150,1782204600.2068317,,,
4985,0,svm,max,balanced,cached_mxbai,1151,1782204600.332036,,,
4053,0,svm,max,balanced,cached_mxbai,1152,1782204600.4534807,,,
3981,0,svm,max,balanced,cached_mxbai,1153,1782204600.5722015,,,
4602,0,svm,max,balanced,cached_mxbai,1154,1782204600.6914642,,,
6936,0,svm,max,balanced,cached_mxbai,1155,1782204600.8120258,,,
1287,0,svm,max,balanced,cached_mxbai,1156,1782204600.9327335,,,
3170,0,svm,max,balanced,cached_mxbai,1157,1782204601.0593054,,,
2235,0,svm,max,balanced,cached_mxbai,1158,1782204601.1817253,,,
130,0,svm,max,balanced,cached_mxbai,1159,1782204601.3031764,,,
8597,0,svm,max,balanced,cached_mxbai,1160,1782204601.4264593,,,
9394,0,svm,max,balanced,cached_mxbai,1161,1782204601.5488136,,,
4480,0,svm,max,balanced,cached_mxbai,1162,1782204601.6726618,,,
10531,0,svm,max,balanced,cached_mxbai,1163,1782204601.794919,,,
9382,0,svm,max,balanced,cached_mxbai,1164,1782204601.917355,,,
131,0,svm,max,balanced,cached_mxbai,1165,1782204602.0408037,,,
6727,0,svm,max,balanced,cached_mxbai,1166,1782204602.1604154,,,
3644,0,svm,max,balanced,cached_mxbai,1167,1782204602.2798505,,,
7500,0,svm,max,balanced,cached_mxbai,1168,1782204602.4001017,,,
2216,0,svm,max,balanced,cached_mxbai,1169,1782204602.5224621,,,
3423,0,svm,max,balanced,cached_mxbai,1170,1782204602.6450408,,,
4846,0,svm,max,balanced,cached_mxbai,1171,1782204602.7668686,,,
3720,0,svm,max,balanced,cached_mxbai,1172,1782204602.8908029,,,
3886,0,svm,max,balanced,cached_mxbai,1173,1782204603.0148547,,,
5018,0,svm,max,balanced,cached_mxbai,1174,1782204603.1365616,,,
9411,0,svm,max,balanced,cached_mxbai,1175,1782204603.2554784,,,
2770,0,svm,max,balanced,cached_mxbai,1176,1782204603.374942,,,
571,0,svm,max,balanced,cached_mxbai,1177,1782204603.4929981,,,
7001,0,svm,max,balanced,cached_mxbai,1178,1782204603.6118562,,,
6126,0,svm,max,balanced,cached_mxbai,1179,1782204603.7311134,,,
4653,0,svm,max,balanced,cached_mxbai,1180,1782204603.8515325,,,
5235,0,svm,max,balanced,cached_mxbai,1181,1782204603.9715981,,,
3757,0,svm,max,balanced,cached_mxbai,1182,1782204604.0933745,,,
4961,0,svm,max,balanced,cached_mxbai,1183,1782204604.2147686,,,
8848,0,svm,max,balanced,cached_mxbai,1184,1782204604.3355272,,,
3475,0,svm,max,balanced,cached_mxbai,1185,1782204604.455089,,,
5034,0,svm,max,balanced,cached_mxbai,1186,1782204604.573128,,,
9370,0,svm,max,balanced,cached_mxbai,1187,1782204604.6934047,,,
7947,0,svm,max,balanced,cached_mxbai,1188,1782204604.8124301,,,
1724,0,svm,max,balanced,cached_mxbai,1189,1782204604.9323647,,,
8911,0,svm,max,balanced,cached_mxbai,1190,1782204605.063782,,,
3188,0,svm,max,balanced,cached_mxbai,1191,1782204605.1902556,,,
6458,0,svm,max,balanced,cached_mxbai,1192,1782204605.346096,,,
6324,0,svm,max,balanced,cached_mxbai,1193,1782204605.4726396,,,
5095,0,svm,max,balanced,cached_mxbai,1194,1782204605.5977492,,,
3588,0,svm,max,balanced,cached_mxbai,1195,1782204605.725801,,,
9240,0,svm,max,balanced,cached_mxbai,1196,1782204605.854247,,,
4895,0,svm,max,balanced,cached_mxbai,1197,1782204605.983308,,,
8709,0,svm,max,balanced,cached_mxbai,1198,1782204606.1181424,,,
8355,0,svm,max,balanced,cached_mxbai,1199,1782204606.2466993,,,
2066,0,svm,max,balanced,cached_mxbai,1200,1782204606.373161,,,
997,0,svm,max,balanced,cached_mxbai,1201,1782204606.5003736,,,
4481,0,svm,max,balanced,cached_mxbai,1202,1782204606.6296473,,,
8473,0,svm,max,balanced,cached_mxbai,1203,1782204606.759897,,,
8482,0,svm,max,balanced,cached_mxbai,1204,1782204606.8921986,,,
4537,0,svm,max,balanced,cached_mxbai,1205,1782204607.0261092,,,
7871,0,svm,max,balanced,cached_mxbai,1206,1782204607.1615853,,,
5138,0,svm,max,balanced,cached_mxbai,1207,1782204607.2981951,,,
8463,0,svm,max,balanced,cached_mxbai,1208,1782204607.4408484,,,
3033,0,svm,max,balanced,cached_mxbai,1209,1782204607.572608,,,
8560,0,svm,max,balanced,cached_mxbai,1210,1782204607.702049,,,
4789,0,svm,max,balanced,cached_mxbai,1211,1782204607.8325722,,,
160,0,svm,max,balanced,cached_mxbai,1212,1782204607.9619396,,,
9009,0,svm,max,balanced,cached_mxbai,1213,1782204608.0935295,,,
1613,0,svm,max,balanced,cached_mxbai,1214,1782204608.225652,,,
7468,0,svm,max,balanced,cached_mxbai,1215,1782204608.3577092,,,
5220,0,svm,max,balanced,cached_mxbai,1216,1782204608.48864,,,
4736,0,svm,max,balanced,cached_mxbai,1217,1782204608.618463,,,
3634,0,svm,max,balanced,cached_mxbai,1218,1782204608.7479165,,,
4733,0,svm,max,balanced,cached_mxbai,1219,1782204608.877665,,,
4982,0,svm,max,balanced,cached_mxbai,1220,1782204609.0091932,,,
6748,0,svm,max,balanced,cached_mxbai,1221,1782204609.1468155,,,
5063,0,svm,max,balanced,cached_mxbai,1222,1782204609.27396,,,
9582,0,svm,max,balanced,cached_mxbai,1223,1782204609.4043255,,,
57,0,svm,max,balanced,cached_mxbai,1224,1782204609.5376325,,,
6671,0,svm,max,balanced,cached_mxbai,1225,1782204609.6717172,,,
8507,0,svm,max,balanced,cached_mxbai,1226,1782204609.8038003,,,
8497,0,svm,max,balanced,cached_mxbai,1227,1782204609.9341094,,,
5089,0,svm,max,balanced,cached_mxbai,1228,1782204610.0667727,,,
3061,0,svm,max,balanced,cached_mxbai,1229,1782204610.2008927,,,
6643,1,svm,max,balanced,cached_mxbai,1230,1782204610.3359697,,,
6278,0,svm,max,balanced,cached_mxbai,1231,1782204610.468175,,,
6644,1,svm,max,balanced,cached_mxbai,1232,1782204610.5981853,,,
9128,1,svm,max,balanced,cached_mxbai,1233,1782204610.7301307,,,
8116,1,svm,max,balanced,cached_mxbai,1234,1782204610.8642325,,,
7102,0,svm,max,balanced,cached_mxbai,1235,1782204610.995045,,,
5058,0,svm,max,balanced,cached_mxbai,1236,1782204611.1262686,,,
3098,0,svm,max,balanced,cached_mxbai,1237,1782204611.2559159,,,
10230,0,svm,max,balanced,cached_mxbai,1238,1782204611.3919497,,,
10390,0,svm,max,balanced,cached_mxbai,1239,1782204611.5247164,,,
4712,0,svm,max,balanced,cached_mxbai,1240,1782204611.65653,,,
7464,0,svm,max,balanced,cached_mxbai,1241,1782204611.7849169,,,
8586,0,svm,max,balanced,cached_mxbai,1242,1782204611.9163556,,,
7910,0,svm,max,balanced,cached_mxbai,1243,1782204612.049209,,,
4687,0,svm,max,balanced,cached_mxbai,1244,1782204612.1849153,,,
4936,0,svm,max,balanced,cached_mxbai,1245,1782204612.3184326,,,
4362,0,svm,max,balanced,cached_mxbai,1246,1782204612.4536576,,,
2341,0,svm,max,balanced,cached_mxbai,1247,1782204612.582308,,,
7996,0,svm,max,balanced,cached_mxbai,1248,1782204612.7134855,,,
4977,0,svm,max,balanced,cached_mxbai,1249,1782204612.8459623,,,
6545,0,svm,max,balanced,cached_mxbai,1250,1782204612.9804478,,,
7087,0,svm,max,balanced,cached_mxbai,1251,1782204613.1158335,,,
918,0,svm,max,balanced,cached_mxbai,1252,1782204613.2481716,,,
849,0,svm,max,balanced,cached_mxbai,1253,1782204613.3901186,,,
4932,0,svm,max,balanced,cached_mxbai,1254,1782204613.5254781,,,
10508,0,svm,max,balanced,cached_mxbai,1255,1782204613.6610742,,,
1694,0,svm,max,balanced,cached_mxbai,1256,1782204613.7931104,,,
7088,0,svm,max,balanced,cached_mxbai,1257,1782204613.926391,,,
4389,0,svm,max,balanced,cached_mxbai,1258,1782204614.059797,,,
7327,0,svm,max,balanced,cached_mxbai,1259,1782204614.195759,,,
7478,0,svm,max,balanced,cached_mxbai,1260,1782204614.3307352,,,
4839,0,svm,max,balanced,cached_mxbai,1261,1782204614.464849,,,
26,0,svm,max,balanced,cached_mxbai,1262,1782204614.5929863,,,
4790,0,svm,max,balanced,cached_mxbai,1263,1782204614.7279572,,,
8100,0,svm,max,balanced,cached_mxbai,1264,1782204614.8663113,,,
7661,0,svm,max,balanced,cached_mxbai,1265,1782204615.0036938,,,
859,0,svm,max,balanced,cached_mxbai,1266,1782204615.1548219,,,
5022,0,svm,max,balanced,cached_mxbai,1267,1782204615.3196924,,,
7335,0,svm,max,balanced,cached_mxbai,1268,1782204615.462327,,,
4781,0,svm,max,balanced,cached_mxbai,1269,1782204615.5976305,,,
6432,0,svm,max,balanced,cached_mxbai,1270,1782204615.7409751,,,
3291,0,svm,max,balanced,cached_mxbai,1271,1782204615.877386,,,
4974,0,svm,max,balanced,cached_mxbai,1272,1782204616.0109181,,,
6602,0,svm,max,balanced,cached_mxbai,1273,1782204616.14982,,,
9664,0,svm,max,balanced,cached_mxbai,1274,1782204616.289858,,,
4646,0,svm,max,balanced,cached_mxbai,1275,1782204616.4259973,,,
3115,0,svm,max,balanced,cached_mxbai,1276,1782204616.5579746,,,
6322,0,svm,max,balanced,cached_mxbai,1277,1782204616.689754,,,
7066,0,svm,max,balanced,cached_mxbai,1278,1782204616.8256633,,,
4416,0,svm,max,balanced,cached_mxbai,1279,1782204616.9599197,,,
1445,1,svm,max,balanced,cached_mxbai,1280,1782204617.0968573,,,
3500,0,svm,max,balanced,cached_mxbai,1281,1782204617.2320898,,,
3486,0,svm,max,balanced,cached_mxbai,1282,1782204617.3660965,,,
1161,0,svm,max,balanced,cached_mxbai,1283,1782204617.5012603,,,
1536,0,svm,max,balanced,cached_mxbai,1284,1782204617.6377103,,,
3519,0,svm,max,balanced,cached_mxbai,1285,1782204617.7716532,,,
2352,0,svm,max,balanced,cached_mxbai,1286,1782204617.904727,,,
2161,0,svm,max,balanced,cached_mxbai,1287,1782204618.0381694,,,
3756,0,svm,max,balanced,cached_mxbai,1288,1782204618.177402,,,
5387,0,svm,max,balanced,cached_mxbai,1289,1782204618.31621,,,
3957,0,svm,max,balanced,cached_mxbai,1290,1782204618.452806,,,
4811,0,svm,max,balanced,cached_mxbai,1291,1782204618.58762,,,
5000,0,svm,max,balanced,cached_mxbai,1292,1782204618.725617,,,
3242,0,svm,max,balanced,cached_mxbai,1293,1782204618.8683143,,,
1746,0,svm,max,balanced,cached_mxbai,1294,1782204619.0081058,,,
7259,0,svm,max,balanced,cached_mxbai,1295,1782204619.149482,,,
4845,0,svm,max,balanced,cached_mxbai,1296,1782204619.2843382,,,
9912,0,svm,max,balanced,cached_mxbai,1297,1782204619.4255092,,,
5001,0,svm,max,balanced,cached_mxbai,1298,1782204619.56239,,,
3987,0,svm,max,balanced,cached_mxbai,1299,1782204619.7009282,,,
3564,0,svm,max,balanced,cached_mxbai,1300,1782204619.8363926,,,
1968,0,svm,max,balanced,cached_mxbai,1301,1782204619.9718006,,,
3431,0,svm,max,balanced,cached_mxbai,1302,1782204620.1130998,,,
6907,0,svm,max,balanced,cached_mxbai,1303,1782204620.2560554,,,
9209,0,svm,max,balanced,cached_mxbai,1304,1782204620.3962126,,,
9180,0,svm,max,balanced,cached_mxbai,1305,1782204620.5310774,,,
5221,0,svm,max,balanced,cached_mxbai,1306,1782204620.6711857,,,
5992,0,svm,max,balanced,cached_mxbai,1307,1782204620.8120272,,,
4403,0,svm,max,balanced,cached_mxbai,1308,1782204620.9514835,,,
3605,0,svm,max,balanced,cached_mxbai,1309,1782204621.0940828,,,
3345,0,svm,max,balanced,cached_mxbai,1310,1782204621.2347481,,,
4892,0,svm,max,balanced,cached_mxbai,1311,1782204621.3728988,,,
6670,0,svm,max,balanced,cached_mxbai,1312,1782204621.5141163,,,
6355,0,svm,max,balanced,cached_mxbai,1313,1782204621.6507077,,,
4655,0,svm,max,balanced,cached_mxbai,1314,1782204621.785265,,,
2447,0,svm,max,balanced,cached_mxbai,1315,1782204621.9244645,,,
4351,0,svm,max,balanced,cached_mxbai,1316,1782204622.0662181,,,
3052,0,svm,max,balanced,cached_mxbai,1317,1782204622.2081213,,,
6137,0,svm,max,balanced,cached_mxbai,1318,1782204622.349427,,,
4926,0,svm,max,balanced,cached_mxbai,1319,1782204622.4891436,,,
7171,0,svm,max,balanced,cached_mxbai,1320,1782204622.626761,,,
4198,0,svm,max,balanced,cached_mxbai,1321,1782204622.7696562,,,
6358,0,svm,max,balanced,cached_mxbai,1322,1782204622.9108074,,,
3984,0,svm,max,balanced,cached_mxbai,1323,1782204623.0504787,,,
7961,0,svm,max,balanced,cached_mxbai,1324,1782204623.1895626,,,
4818,0,svm,max,balanced,cached_mxbai,1325,1782204623.3303254,,,
8410,0,svm,max,balanced,cached_mxbai,1326,1782204623.4742682,,,
4215,0,svm,max,balanced,cached_mxbai,1327,1782204623.6190093,,,
6574,0,svm,max,balanced,cached_mxbai,1328,1782204623.7568195,,,
9160,0,svm,max,balanced,cached_mxbai,1329,1782204623.8971863,,,
7232,0,svm,max,balanced,cached_mxbai,1330,1782204624.0403607,,,
9108,0,svm,max,balanced,cached_mxbai,1331,1782204624.184175,,,
5186,0,svm,max,balanced,cached_mxbai,1332,1782204624.3291504,,,
1156,0,svm,max,balanced,cached_mxbai,1333,1782204624.4669757,,,
1078,0,svm,max,balanced,cached_mxbai,1334,1782204624.6055567,,,
8544,0,svm,max,balanced,cached_mxbai,1335,1782204624.7500708,,,
9834,0,svm,max,balanced,cached_mxbai,1336,1782204624.8941658,,,
4958,0,svm,max,balanced,cached_mxbai,1337,1782204625.0460062,,,
9083,0,svm,max,balanced,cached_mxbai,1338,1782204625.1935768,,,
3693,0,svm,max,balanced,cached_mxbai,1339,1782204625.363999,,,
4417,0,svm,max,balanced,cached_mxbai,1340,1782204625.5049233,,,
4231,0,svm,max,balanced,cached_mxbai,1341,1782204625.646834,,,
4412,0,svm,max,balanced,cached_mxbai,1342,1782204625.7831354,,,
9797,0,svm,max,balanced,cached_mxbai,1343,1782204625.921959,,,
10399,0,svm,max,balanced,cached_mxbai,1344,1782204626.0649288,,,
4291,0,svm,max,balanced,cached_mxbai,1345,1782204626.2090433,,,
9272,0,svm,max,balanced,cached_mxbai,1346,1782204626.349828,,,
7691,0,svm,max,balanced,cached_mxbai,1347,1782204626.4892569,,,
4490,0,svm,max,balanced,cached_mxbai,1348,1782204626.6444511,,,
7527,0,svm,max,balanced,cached_mxbai,1349,1782204626.8009756,,,
4011,0,svm,max,balanced,cached_mxbai,1350,1782204626.9568775,,,
9604,0,svm,max,balanced,cached_mxbai,1351,1782204627.1135716,,,
4469,0,svm,max,balanced,cached_mxbai,1352,1782204627.270007,,,
6945,0,svm,max,balanced,cached_mxbai,1353,1782204627.4285161,,,
7169,0,svm,max,balanced,cached_mxbai,1354,1782204627.5866416,,,
4098,0,svm,max,balanced,cached_mxbai,1355,1782204627.7266605,,,
3350,0,svm,max,balanced,cached_mxbai,1356,1782204627.8642056,,,
8282,0,svm,max,balanced,cached_mxbai,1357,1782204628.0056098,,,
7079,0,svm,max,balanced,cached_mxbai,1358,1782204628.1508107,,,
7632,0,svm,max,balanced,cached_mxbai,1359,1782204628.2986665,,,
10326,0,svm,max,balanced,cached_mxbai,1360,1782204628.4388435,,,
1852,0,svm,max,balanced,cached_mxbai,1361,1782204628.5786185,,,
4772,0,svm,max,balanced,cached_mxbai,1362,1782204628.7228491,,,
3952,0,svm,max,balanced,cached_mxbai,1363,1782204628.869071,,,
4700,0,svm,max,balanced,cached_mxbai,1364,1782204629.0116327,,,
6482,0,svm,max,balanced,cached_mxbai,1365,1782204629.1529908,,,
8812,0,svm,max,balanced,cached_mxbai,1366,1782204629.3015938,,,
10058,0,svm,max,balanced,cached_mxbai,1367,1782204629.4514098,,,
5575,0,svm,max,balanced,cached_mxbai,1368,1782204629.5967774,,,
4893,0,svm,max,balanced,cached_mxbai,1369,1782204629.7350588,,,
7744,0,svm,max,balanced,cached_mxbai,1370,1782204629.8752754,,,
4575,0,svm,max,balanced,cached_mxbai,1371,1782204630.0225132,,,
10060,0,svm,max,balanced,cached_mxbai,1372,1782204630.17032,,,
3440,0,svm,max,balanced,cached_mxbai,1373,1782204630.3160956,,,
7149,0,svm,max,balanced,cached_mxbai,1374,1782204630.458296,,,
4419,0,svm,max,balanced,cached_mxbai,1375,1782204630.6016889,,,
5643,0,svm,max,balanced,cached_mxbai,1376,1782204630.7489734,,,
5108,0,svm,max,balanced,cached_mxbai,1377,1782204630.8976188,,,
4111,0,svm,max,balanced,cached_mxbai,1378,1782204631.0380256,,,
4148,0,svm,max,balanced,cached_mxbai,1379,1782204631.1796978,,,
5161,0,svm,max,balanced,cached_mxbai,1380,1782204631.3266492,,,
4865,0,svm,max,balanced,cached_mxbai,1381,1782204631.4761858,,,
5552,0,svm,max,balanced,cached_mxbai,1382,1782204631.625653,,,
8679,0,svm,max,balanced,cached_mxbai,1383,1782204631.7657807,,,
5511,0,svm,max,balanced,cached_mxbai,1384,1782204631.9096413,,,
5014,0,svm,max,balanced,cached_mxbai,1385,1782204632.05676,,,
1262,0,svm,max,balanced,cached_mxbai,1386,1782204632.203274,,,
4411,0,svm,max,balanced,cached_mxbai,1387,1782204632.345243,,,
3434,0,svm,max,balanced,cached_mxbai,1388,1782204632.4843004,,,
4530,0,svm,max,balanced,cached_mxbai,1389,1782204632.6354997,,,
9176,0,svm,max,balanced,cached_mxbai,1390,1782204632.7819612,,,
6005,0,svm,max,balanced,cached_mxbai,1391,1782204632.9270458,,,
2831,0,svm,max,balanced,cached_mxbai,1392,1782204633.0673912,,,
5839,1,svm,max,balanced,cached_mxbai,1393,1782204633.2111511,,,
7743,0,svm,max,balanced,cached_mxbai,1394,1782204633.360718,,,
2254,0,svm,max,balanced,cached_mxbai,1395,1782204633.506287,,,
7712,0,svm,max,balanced,cached_mxbai,1396,1782204633.650681,,,
5024,0,svm,max,balanced,cached_mxbai,1397,1782204633.7892313,,,
5956,0,svm,max,balanced,cached_mxbai,1398,1782204633.9484322,,,
4261,0,svm,max,balanced,cached_mxbai,1399,1782204634.1082768,,,
4882,0,svm,max,balanced,cached_mxbai,1400,1782204634.2540188,,,
4632,0,svm,max,balanced,cached_mxbai,1401,1782204634.3982885,,,
8889,0,svm,max,balanced,cached_mxbai,1402,1782204634.5420642,,,
4799,0,svm,max,balanced,cached_mxbai,1403,1782204634.6887908,,,
3506,0,svm,max,balanced,cached_mxbai,1404,1782204634.8365476,,,
4652,0,svm,max,balanced,cached_mxbai,1405,1782204634.9766514,,,
8038,0,svm,max,balanced,cached_mxbai,1406,1782204635.125411,,,
4668,0,svm,max,balanced,cached_mxbai,1407,1782204635.3016832,,,
273,0,svm,max,balanced,cached_mxbai,1408,1782204635.462451,,,
1234,0,svm,max,balanced,cached_mxbai,1409,1782204635.6045299,,,
3507,0,svm,max,balanced,cached_mxbai,1410,1782204635.7490406,,,
4804,0,svm,max,balanced,cached_mxbai,1411,1782204635.9000216,,,
5106,0,svm,max,balanced,cached_mxbai,1412,1782204636.0541596,,,
3044,0,svm,max,balanced,cached_mxbai,1413,1782204636.2040243,,,
5212,0,svm,max,balanced,cached_mxbai,1414,1782204636.3508112,,,
5036,0,svm,max,balanced,cached_mxbai,1415,1782204636.5010135,,,
4970,0,svm,max,balanced,cached_mxbai,1416,1782204636.6497183,,,
3236,0,svm,max,balanced,cached_mxbai,1417,1782204636.795719,,,
2039,0,svm,max,balanced,cached_mxbai,1418,1782204636.9392507,,,
9897,0,svm,max,balanced,cached_mxbai,1419,1782204637.0817943,,,
759,0,svm,max,balanced,cached_mxbai,1420,1782204637.2293916,,,
3988,0,svm,max,balanced,cached_mxbai,1421,1782204637.37828,,,
4012,0,svm,max,balanced,cached_mxbai,1422,1782204637.5276978,,,
7728,0,svm,max,balanced,cached_mxbai,1423,1782204637.6698499,,,
4853,0,svm,max,balanced,cached_mxbai,1424,1782204637.8126738,,,
3763,0,svm,max,balanced,cached_mxbai,1425,1782204637.9590437,,,
9623,0,svm,max,balanced,cached_mxbai,1426,1782204638.1107595,,,
4106,0,svm,max,balanced,cached_mxbai,1427,1782204638.256653,,,
5086,0,svm,max,balanced,cached_mxbai,1428,1782204638.405054,,,
4664,0,svm,max,balanced,cached_mxbai,1429,1782204638.5522745,,,
8918,0,svm,max,balanced,cached_mxbai,1430,1782204638.6981163,,,
4331,0,svm,max,balanced,cached_mxbai,1431,1782204638.8472183,,,
4991,0,svm,max,balanced,cached_mxbai,1432,1782204638.9918942,,,
9449,0,svm,max,balanced,cached_mxbai,1433,1782204639.1350844,,,
4142,0,svm,max,balanced,cached_mxbai,1434,1782204639.2988963,,,
5245,0,svm,max,balanced,cached_mxbai,1435,1782204639.4626346,,,
8050,0,svm,max,balanced,cached_mxbai,1436,1782204639.6187453,,,
8547,0,svm,max,balanced,cached_mxbai,1437,1782204639.769245,,,
2583,0,svm,max,balanced,cached_mxbai,1438,1782204639.9258611,,,
4463,0,svm,max,balanced,cached_mxbai,1439,1782204640.087562,,,
10492,0,svm,max,balanced,cached_mxbai,1440,1782204640.2453804,,,
6461,0,svm,max,balanced,cached_mxbai,1441,1782204640.4010344,,,
6162,0,svm,max,balanced,cached_mxbai,1442,1782204640.5509667,,,
4629,0,svm,max,balanced,cached_mxbai,1443,1782204640.701613,,,
8928,0,svm,max,balanced,cached_mxbai,1444,1782204640.8523364,,,
6771,0,svm,max,balanced,cached_mxbai,1445,1782204640.9939868,,,
4676,0,svm,max,balanced,cached_mxbai,1446,1782204641.1373563,,,
3905,0,svm,max,balanced,cached_mxbai,1447,1782204641.2907588,,,
9864,0,svm,max,balanced,cached_mxbai,1448,1782204641.4451778,,,
4615,0,svm,max,balanced,cached_mxbai,1449,1782204641.5888658,,,
2965,0,svm,max,balanced,cached_mxbai,1450,1782204641.7374258,,,
5939,0,svm,max,balanced,cached_mxbai,1451,1782204641.8889446,,,
1646,0,svm,max,balanced,cached_mxbai,1452,1782204642.040568,,,
8228,0,svm,max,balanced,cached_mxbai,1453,1782204642.1920173,,,
4966,0,svm,max,balanced,cached_mxbai,1454,1782204642.3385153,,,
4336,0,svm,max,balanced,cached_mxbai,1455,1782204642.4842288,,,
692,0,svm,max,balanced,cached_mxbai,1456,1782204642.6365852,,,
9410,0,svm,max,balanced,cached_mxbai,1457,1782204642.7915857,,,
4708,0,svm,max,balanced,cached_mxbai,1458,1782204642.9381502,,,
5902,0,svm,max,balanced,cached_mxbai,1459,1782204643.0856166,,,
5159,0,svm,max,balanced,cached_mxbai,1460,1782204643.2419794,,,
4319,0,svm,max,balanced,cached_mxbai,1461,1782204643.392851,,,
7897,0,svm,max,balanced,cached_mxbai,1462,1782204643.5412166,,,
570,0,svm,max,balanced,cached_mxbai,1463,1782204643.6850865,,,
4489,0,svm,max,balanced,cached_mxbai,1464,1782204643.8290715,,,
10239,0,svm,max,balanced,cached_mxbai,1465,1782204643.9780564,,,
8759,0,svm,max,balanced,cached_mxbai,1466,1782204644.1297638,,,
5984,0,svm,max,balanced,cached_mxbai,1467,1782204644.2765794,,,
5010,0,svm,max,balanced,cached_mxbai,1468,1782204644.4251988,,,
4045,0,svm,max,balanced,cached_mxbai,1469,1782204644.5789354,,,
3805,0,svm,max,balanced,cached_mxbai,1470,1782204644.7305999,,,
10088,0,svm,max,balanced,cached_mxbai,1471,1782204644.8836994,,,
6338,0,svm,max,balanced,cached_mxbai,1472,1782204645.032931,,,
4600,0,svm,max,balanced,cached_mxbai,1473,1782204645.1877282,,,
3932,0,svm,max,balanced,cached_mxbai,1474,1782204645.3622103,,,
3024,0,svm,max,balanced,cached_mxbai,1475,1782204645.5147352,,,
5153,0,svm,max,balanced,cached_mxbai,1476,1782204645.6610048,,,
4539,0,svm,max,balanced,cached_mxbai,1477,1782204645.8076446,,,
3146,0,svm,max,balanced,cached_mxbai,1478,1782204645.9590018,,,
4975,0,svm,max,balanced,cached_mxbai,1479,1782204646.1125796,,,
6569,0,svm,max,balanced,cached_mxbai,1480,1782204646.2595065,,,
8797,0,svm,max,balanced,cached_mxbai,1481,1782204646.4072044,,,
10551,0,svm,max,balanced,cached_mxbai,1482,1782204646.556389,,,
6196,0,svm,max,balanced,cached_mxbai,1483,1782204646.7102554,,,
4764,0,svm,max,balanced,cached_mxbai,1484,1782204646.8669775,,,
7477,0,svm,max,balanced,cached_mxbai,1485,1782204647.012825,,,
3640,0,svm,max,balanced,cached_mxbai,1486,1782204647.1604202,,,
4553,0,svm,max,balanced,cached_mxbai,1487,1782204647.3124957,,,
4996,0,svm,max,balanced,cached_mxbai,1488,1782204647.4697735,,,
8158,0,svm,max,balanced,cached_mxbai,1489,1782204647.6183002,,,
4284,0,svm,max,balanced,cached_mxbai,1490,1782204647.7844076,,,
5151,0,svm,max,balanced,cached_mxbai,1491,1782204647.9408958,,,
8046,0,svm,max,balanced,cached_mxbai,1492,1782204648.0939171,,,
10242,0,svm,max,balanced,cached_mxbai,1493,1782204648.2467468,,,
113,0,svm,max,balanced,cached_mxbai,1494,1782204648.3978631,,,
10065,0,svm,max,balanced,cached_mxbai,1495,1782204648.549479,,,
8885,0,svm,max,balanced,cached_mxbai,1496,1782204648.7100675,,,
4654,0,svm,max,balanced,cached_mxbai,1497,1782204648.8698645,,,
9371,0,svm,max,balanced,cached_mxbai,1498,1782204649.019535,,,
10451,0,svm,max,balanced,cached_mxbai,1499,1782204649.1776793,,,
6122,0,svm,max,balanced,cached_mxbai,1500,1782204649.3420694,,,
3130,0,svm,max,balanced,cached_mxbai,1501,1782204649.503923,,,
6285,0,svm,max,balanced,cached_mxbai,1502,1782204649.655351,,,
6319,0,svm,max,balanced,cached_mxbai,1503,1782204649.8042343,,,
5672,0,svm,max,balanced,cached_mxbai,1504,1782204649.960819,,,
2873,0,svm,max,balanced,cached_mxbai,1505,1782204650.1169863,,,
4863,0,svm,max,balanced,cached_mxbai,1506,1782204650.2666686,,,
5487,0,svm,max,balanced,cached_mxbai,1507,1782204650.4150167,,,
3991,0,svm,max,balanced,cached_mxbai,1508,1782204650.566231,,,
5969,0,svm,max,balanced,cached_mxbai,1509,1782204650.7214966,,,
1222,0,svm,max,balanced,cached_mxbai,1510,1782204650.8715088,,,
3562,0,svm,max,balanced,cached_mxbai,1511,1782204651.0185905,,,
9798,0,svm,max,balanced,cached_mxbai,1512,1782204651.1681616,,,
4725,0,svm,max,balanced,cached_mxbai,1513,1782204651.3353736,,,
6975,0,svm,max,balanced,cached_mxbai,1514,1782204651.4901152,,,
4322,0,svm,max,balanced,cached_mxbai,1515,1782204651.6382046,,,
4957,0,svm,max,balanced,cached_mxbai,1516,1782204651.7986515,,,
796,0,svm,max,balanced,cached_mxbai,1517,1782204651.9656096,,,
3844,0,svm,max,balanced,cached_mxbai,1518,1782204652.1353776,,,
1476,0,svm,max,balanced,cached_mxbai,1519,1782204652.2985387,,,
3460,0,svm,max,balanced,cached_mxbai,1520,1782204652.4621224,,,
4562,0,svm,max,balanced,cached_mxbai,1521,1782204652.6304004,,,
3282,0,svm,max,balanced,cached_mxbai,1522,1782204652.800886,,,
4207,0,svm,max,balanced,cached_mxbai,1523,1782204652.966908,,,
8123,0,svm,max,balanced,cached_mxbai,1524,1782204653.1329007,,,
8629,0,svm,max,balanced,cached_mxbai,1525,1782204653.2984989,,,
5396,0,svm,max,balanced,cached_mxbai,1526,1782204653.4687676,,,
3629,0,svm,max,balanced,cached_mxbai,1527,1782204653.6361694,,,
8580,0,svm,max,balanced,cached_mxbai,1528,1782204653.8000546,,,
10133,0,svm,max,balanced,cached_mxbai,1529,1782204653.9678001,,,
4454,0,svm,max,balanced,cached_mxbai,1530,1782204654.1424704,,,
7873,0,svm,max,balanced,cached_mxbai,1531,1782204654.309995,,,
10081,0,svm,max,balanced,cached_mxbai,1532,1782204654.4767568,,,
9137,0,svm,max,balanced,cached_mxbai,1533,1782204654.6436381,,,
4488,0,svm,max,balanced,cached_mxbai,1534,1782204654.813277,,,
2562,0,svm,max,balanced,cached_mxbai,1535,1782204654.9765775,,,
4372,0,svm,max,balanced,cached_mxbai,1536,1782204655.1433225,,,
7933,0,svm,max,balanced,cached_mxbai,1537,1782204655.3413224,,,
3752,0,svm,max,balanced,cached_mxbai,1538,1782204655.5152864,,,
6949,0,svm,max,balanced,cached_mxbai,1539,1782204655.680165,,,
4675,0,svm,max,balanced,cached_mxbai,1540,1782204655.8437235,,,
5621,0,svm,max,balanced,cached_mxbai,1541,1782204656.0125513,,,
7714,0,svm,max,balanced,cached_mxbai,1542,1782204656.1830626,,,
3399,0,svm,max,balanced,cached_mxbai,1543,1782204656.3518076,,,
5608,0,svm,max,balanced,cached_mxbai,1544,1782204656.517855,,,
4138,0,svm,max,balanced,cached_mxbai,1545,1782204656.6909523,,,
4827,0,svm,max,balanced,cached_mxbai,1546,1782204656.8641183,,,
3938,0,svm,max,balanced,cached_mxbai,1547,1782204657.0344548,,,
5110,0,svm,max,balanced,cached_mxbai,1548,1782204657.2028341,,,
4486,0,svm,max,balanced,cached_mxbai,1549,1782204657.3755548,,,
6138,0,svm,max,balanced,cached_mxbai,1550,1782204657.5486052,,,
4014,0,svm,max,balanced,cached_mxbai,1551,1782204657.7155266,,,
10545,0,svm,max,balanced,cached_mxbai,1552,1782204657.8799295,,,
7231,0,svm,max,balanced,cached_mxbai,1553,1782204658.052145,,,
5496,0,svm,max,balanced,cached_mxbai,1554,1782204658.2261705,,,
3656,0,svm,max,balanced,cached_mxbai,1555,1782204658.3888216,,,
5198,0,svm,max,balanced,cached_mxbai,1556,1782204658.5556502,,,
1912,0,svm,max,balanced,cached_mxbai,1557,1782204658.730562,,,
9947,0,svm,max,balanced,cached_mxbai,1558,1782204658.9127588,,,
173,0,svm,max,balanced,cached_mxbai,1559,1782204659.0865536,,,
4634,0,svm,max,balanced,cached_mxbai,1560,1782204659.2588499,,,
8272,0,svm,max,balanced,cached_mxbai,1561,1782204659.4328694,,,
6235,0,svm,max,balanced,cached_mxbai,1562,1782204659.6118932,,,
4410,0,svm,max,balanced,cached_mxbai,1563,1782204659.7872033,,,
9219,0,svm,max,balanced,cached_mxbai,1564,1782204659.9650247,,,
4278,0,svm,max,balanced,cached_mxbai,1565,1782204660.1545343,,,
4501,0,svm,max,balanced,cached_mxbai,1566,1782204660.3506505,,,
3654,0,svm,max,balanced,cached_mxbai,1567,1782204660.5262368,,,
4826,0,svm,max,balanced,cached_mxbai,1568,1782204660.7024121,,,
7879,0,svm,max,balanced,cached_mxbai,1569,1782204660.8774245,,,
5325,0,svm,max,balanced,cached_mxbai,1570,1782204661.053448,,,
4397,0,svm,max,balanced,cached_mxbai,1571,1782204661.230975,,,
8303,0,svm,max,balanced,cached_mxbai,1572,1782204661.4069412,,,
9878,0,svm,max,balanced,cached_mxbai,1573,1782204661.585002,,,
4968,0,svm,max,balanced,cached_mxbai,1574,1782204661.7612224,,,
5223,0,svm,max,balanced,cached_mxbai,1575,1782204661.9373002,,,
709,0,svm,max,balanced,cached_mxbai,1576,1782204662.1129253,,,
1261,0,svm,max,balanced,cached_mxbai,1577,1782204662.2880504,,,
9442,0,svm,max,balanced,cached_mxbai,1578,1782204662.462802,,,
2433,0,svm,max,balanced,cached_mxbai,1579,1782204662.6473324,,,
3385,0,svm,max,balanced,cached_mxbai,1580,1782204662.8318179,,,
4241,0,svm,max,balanced,cached_mxbai,1581,1782204663.0092282,,,
4622,0,svm,max,balanced,cached_mxbai,1582,1782204663.182629,,,
3109,0,svm,max,balanced,cached_mxbai,1583,1782204663.3557692,,,
8004,0,svm,max,balanced,cached_mxbai,1584,1782204663.5354471,,,
4021,0,svm,max,balanced,cached_mxbai,1585,1782204663.7082002,,,
4246,0,svm,max,balanced,cached_mxbai,1586,1782204663.8865087,,,
1039,0,svm,max,balanced,cached_mxbai,1587,1782204664.0595415,,,
5805,0,svm,max,balanced,cached_mxbai,1588,1782204664.2377396,,,
4699,0,svm,max,balanced,cached_mxbai,1589,1782204664.410212,,,
3801,0,svm,max,balanced,cached_mxbai,1590,1782204664.5911229,,,
4295,0,svm,max,balanced,cached_mxbai,1591,1782204664.77107,,,
6270,0,svm,max,balanced,cached_mxbai,1592,1782204664.9437513,,,
1321,0,svm,max,balanced,cached_mxbai,1593,1782204665.123627,,,
4498,0,svm,max,balanced,cached_mxbai,1594,1782204665.317401,,,
8828,0,svm,max,balanced,cached_mxbai,1595,1782204665.4937525,,,
10206,0,svm,max,balanced,cached_mxbai,1596,1782204665.6741862,,,
1031,0,svm,max,balanced,cached_mxbai,1597,1782204665.8499618,,,
3783,0,svm,max,balanced,cached_mxbai,1598,1782204666.024816,,,
6151,0,svm,max,balanced,cached_mxbai,1599,1782204666.2016954,,,
4757,0,svm,max,balanced,cached_mxbai,1600,1782204666.3763664,,,
8660,0,svm,max,balanced,cached_mxbai,1601,1782204666.5620883,,,
9773,0,svm,max,balanced,cached_mxbai,1602,1782204666.7379832,,,
9547,0,svm,max,balanced,cached_mxbai,1603,1782204666.9157896,,,
4763,0,svm,max,balanced,cached_mxbai,1604,1782204667.0915337,,,
5128,0,svm,max,balanced,cached_mxbai,1605,1782204667.2711658,,,
3083,0,svm,max,balanced,cached_mxbai,1606,1782204667.4469454,,,
9433,0,svm,max,balanced,cached_mxbai,1607,1782204667.621335,,,
443,0,svm,max,balanced,cached_mxbai,1608,1782204667.7953486,,,
3788,0,svm,max,balanced,cached_mxbai,1609,1782204667.9678795,,,
4847,0,svm,max,balanced,cached_mxbai,1610,1782204668.1429896,,,
3165,0,svm,max,balanced,cached_mxbai,1611,1782204668.3005884,,,
4497,0,svm,max,balanced,cached_mxbai,1612,1782204668.4580772,,,
6056,0,svm,max,balanced,cached_mxbai,1613,1782204668.620122,,,
9496,0,svm,max,balanced,cached_mxbai,1614,1782204668.7842097,,,
3554,0,svm,max,balanced,cached_mxbai,1615,1782204668.946394,,,
8847,0,svm,max,balanced,cached_mxbai,1616,1782204669.1218228,,,
10521,0,svm,max,balanced,cached_mxbai,1617,1782204669.2815242,,,
3609,0,svm,max,balanced,cached_mxbai,1618,1782204669.4411647,,,
1855,0,svm,max,balanced,cached_mxbai,1619,1782204669.6219609,,,
9911,0,svm,max,balanced,cached_mxbai,1620,1782204669.7857852,,,
4750,0,svm,max,balanced,cached_mxbai,1621,1782204669.9512243,,,
1416,0,svm,max,balanced,cached_mxbai,1622,1782204670.1137288,,,
2782,0,svm,max,balanced,cached_mxbai,1623,1782204670.283203,,,
4392,0,svm,max,balanced,cached_mxbai,1624,1782204670.4497669,,,
4693,0,svm,max,balanced,cached_mxbai,1625,1782204670.6172895,,,
3556,0,svm,max,balanced,cached_mxbai,1626,1782204670.7858036,,,
4896,0,svm,max,balanced,cached_mxbai,1627,1782204670.9475813,,,
4091,0,svm,max,balanced,cached_mxbai,1628,1782204671.104811,,,
3183,0,svm,max,balanced,cached_mxbai,1629,1782204671.2726557,,,
4851,0,svm,max,balanced,cached_mxbai,1630,1782204671.440444,,,
7768,0,svm,max,balanced,cached_mxbai,1631,1782204671.6048937,,,
3909,0,svm,max,balanced,cached_mxbai,1632,1782204671.7628832,,,
8404,0,svm,max,balanced,cached_mxbai,1633,1782204671.932581,,,
9115,0,svm,max,balanced,cached_mxbai,1634,1782204672.1002138,,,
5823,0,svm,max,balanced,cached_mxbai,1635,1782204672.2605855,,,
3840,0,svm,max,balanced,cached_mxbai,1636,1782204672.418897,,,
6003,0,svm,max,balanced,cached_mxbai,1637,1782204672.579816,,,
7265,0,svm,max,balanced,cached_mxbai,1638,1782204672.7487864,,,
3689,0,svm,max,balanced,cached_mxbai,1639,1782204672.9184206,,,
4483,0,svm,max,balanced,cached_mxbai,1640,1782204673.0774686,,,
1278,0,svm,max,balanced,cached_mxbai,1641,1782204673.2379937,,,
1796,0,svm,max,balanced,cached_mxbai,1642,1782204673.4070833,,,
9624,0,svm,max,balanced,cached_mxbai,1643,1782204673.5730786,,,
2541,0,svm,max,balanced,cached_mxbai,1644,1782204673.7341654,,,
1498,0,svm,max,balanced,cached_mxbai,1645,1782204673.8983855,,,
8301,0,svm,max,balanced,cached_mxbai,1646,1782204674.0672905,,,
4069,0,svm,max,balanced,cached_mxbai,1647,1782204674.2325346,,,
4517,0,svm,max,balanced,cached_mxbai,1648,1782204674.39631,,,
5226,0,svm,max,balanced,cached_mxbai,1649,1782204674.5578413,,,
1241,0,svm,max,balanced,cached_mxbai,1650,1782204674.7298217,,,
5066,0,svm,max,balanced,cached_mxbai,1651,1782204674.9019442,,,
5155,0,svm,max,balanced,cached_mxbai,1652,1782204675.0678937,,,
6815,0,svm,max,balanced,cached_mxbai,1653,1782204675.23668,,,
4323,0,svm,max,balanced,cached_mxbai,1654,1782204675.4418993,,,
178,0,svm,max,balanced,cached_mxbai,1655,1782204675.6116543,,,
5100,0,svm,max,balanced,cached_mxbai,1656,1782204675.7708743,,,
5952,0,svm,max,balanced,cached_mxbai,1657,1782204675.9359207,,,
4521,0,svm,max,balanced,cached_mxbai,1658,1782204676.104743,,,
4090,0,svm,max,balanced,cached_mxbai,1659,1782204676.2801728,,,
5292,0,svm,max,balanced,cached_mxbai,1660,1782204676.4445662,,,
8658,0,svm,max,balanced,cached_mxbai,1661,1782204676.6083267,,,
2187,0,svm,max,balanced,cached_mxbai,1662,1782204676.7823641,,,
2856,0,svm,max,balanced,cached_mxbai,1663,1782204676.9554133,,,
604,0,svm,max,balanced,cached_mxbai,1664,1782204677.1187723,,,
4219,0,svm,max,balanced,cached_mxbai,1665,1782204677.2826645,,,
7706,0,svm,max,balanced,cached_mxbai,1666,1782204677.4566808,,,
6548,0,svm,max,balanced,cached_mxbai,1667,1782204677.6299202,,,
4606,0,svm,max,balanced,cached_mxbai,1668,1782204677.7947083,,,
6537,0,svm,max,balanced,cached_mxbai,1669,1782204677.956574,,,
10153,0,svm,max,balanced,cached_mxbai,1670,1782204678.1306052,,,
4438,0,svm,max,balanced,cached_mxbai,1671,1782204678.3031695,,,
4571,0,svm,max,balanced,cached_mxbai,1672,1782204678.4650097,,,
6585,0,svm,max,balanced,cached_mxbai,1673,1782204678.6301818,,,
8636,0,svm,max,balanced,cached_mxbai,1674,1782204678.8004014,,,
4122,0,svm,max,balanced,cached_mxbai,1675,1782204678.9706469,,,
4257,0,svm,max,balanced,cached_mxbai,1676,1782204679.1378598,,,
8907,0,svm,max,balanced,cached_mxbai,1677,1782204679.3084483,,,
981,0,svm,max,balanced,cached_mxbai,1678,1782204679.4768744,,,
4601,0,svm,max,balanced,cached_mxbai,1679,1782204679.6592436,,,
7959,0,svm,max,balanced,cached_mxbai,1680,1782204679.832747,,,
3552,0,svm,max,balanced,cached_mxbai,1681,1782204680.0046546,,,
7355,0,svm,max,balanced,cached_mxbai,1682,1782204680.1712806,,,
6069,0,svm,max,balanced,cached_mxbai,1683,1782204680.3394458,,,
8218,0,svm,max,balanced,cached_mxbai,1684,1782204680.510211,,,
769,0,svm,max,balanced,cached_mxbai,1685,1782204680.6747906,,,
6328,0,svm,max,balanced,cached_mxbai,1686,1782204680.8434927,,,
639,0,svm,max,balanced,cached_mxbai,1687,1782204681.0163212,,,
8694,0,svm,max,balanced,cached_mxbai,1688,1782204681.1910176,,,
2670,0,svm,max,balanced,cached_mxbai,1689,1782204681.359186,,,
3832,0,svm,max,balanced,cached_mxbai,1690,1782204681.5252903,,,
4245,0,svm,max,balanced,cached_mxbai,1691,1782204681.7125475,,,
4719,0,svm,max,balanced,cached_mxbai,1692,1782204681.90057,,,
4305,0,svm,max,balanced,cached_mxbai,1693,1782204682.078806,,,
7546,0,svm,max,balanced,cached_mxbai,1694,1782204682.2468421,,,
9098,0,svm,max,balanced,cached_mxbai,1695,1782204682.4226146,,,
10108,0,svm,max,balanced,cached_mxbai,1696,1782204682.5985906,,,
4749,0,svm,max,balanced,cached_mxbai,1697,1782204682.763231,,,
8479,0,svm,max,balanced,cached_mxbai,1698,1782204682.9519398,,,
4400,0,svm,max,balanced,cached_mxbai,1699,1782204683.141735,,,
9714,0,svm,max,balanced,cached_mxbai,1700,1782204683.3125408,,,
5777,0,svm,max,balanced,cached_mxbai,1701,1782204683.4775264,,,
594,0,svm,max,balanced,cached_mxbai,1702,1782204683.6634123,,,
2781,0,svm,max,balanced,cached_mxbai,1703,1782204683.8531346,,,
3404,0,svm,max,balanced,cached_mxbai,1704,1782204684.0300694,,,
5240,0,svm,max,balanced,cached_mxbai,1705,1782204684.1937966,,,
817,0,svm,max,balanced,cached_mxbai,1706,1782204684.3812957,,,
9948,0,svm,max,balanced,cached_mxbai,1707,1782204684.5553112,,,
2431,0,svm,max,balanced,cached_mxbai,1708,1782204684.7315702,,,
3446,0,svm,max,balanced,cached_mxbai,1709,1782204684.9009602,,,
4766,0,svm,max,balanced,cached_mxbai,1710,1782204685.1084304,,,
10271,0,svm,max,balanced,cached_mxbai,1711,1782204685.2988398,,,
6323,0,svm,max,balanced,cached_mxbai,1712,1782204685.4645839,,,
3428,0,svm,max,balanced,cached_mxbai,1713,1782204685.6414158,,,
3889,0,svm,max,balanced,cached_mxbai,1714,1782204685.8311307,,,
9031,0,svm,max,balanced,cached_mxbai,1715,1782204686.014287,,,
4542,0,svm,max,balanced,cached_mxbai,1716,1782204686.1771939,,,
427,0,svm,max,balanced,cached_mxbai,1717,1782204686.3561072,,,
5079,0,svm,max,balanced,cached_mxbai,1718,1782204686.5442328,,,
5781,0,svm,max,balanced,cached_mxbai,1719,1782204686.721743,,,
4334,0,svm,max,balanced,cached_mxbai,1720,1782204686.9037347,,,
4649,0,svm,max,balanced,cached_mxbai,1721,1782204687.0730913,,,
3293,0,svm,max,balanced,cached_mxbai,1722,1782204687.2621653,,,
3248,0,svm,max,balanced,cached_mxbai,1723,1782204687.4336224,,,
4502,0,svm,max,balanced,cached_mxbai,1724,1782204687.6140454,,,
6233,0,svm,max,balanced,cached_mxbai,1725,1782204687.801031,,,
8693,0,svm,max,balanced,cached_mxbai,1726,1782204687.9914489,,,
3200,0,svm,max,balanced,cached_mxbai,1727,1782204688.1731193,,,
5667,0,svm,max,balanced,cached_mxbai,1728,1782204688.3514621,,,
5723,0,svm,max,balanced,cached_mxbai,1729,1782204688.5399854,,,
4809,0,svm,max,balanced,cached_mxbai,1730,1782204688.7286994,,,
5052,0,svm,max,balanced,cached_mxbai,1731,1782204688.9112887,,,
5167,0,svm,max,balanced,cached_mxbai,1732,1782204689.0891526,,,
4042,0,svm,max,balanced,cached_mxbai,1733,1782204689.2794333,,,
5352,0,svm,max,balanced,cached_mxbai,1734,1782204689.470803,,,
6042,0,svm,max,balanced,cached_mxbai,1735,1782204689.6481745,,,
4808,0,svm,max,balanced,cached_mxbai,1736,1782204689.8282123,,,
5099,0,svm,max,balanced,cached_mxbai,1737,1782204690.0270326,,,
6699,0,svm,max,balanced,cached_mxbai,1738,1782204690.2158463,,,
3330,0,svm,max,balanced,cached_mxbai,1739,1782204690.3973455,,,
4990,0,svm,max,balanced,cached_mxbai,1740,1782204690.5829222,,,
4313,0,svm,max,balanced,cached_mxbai,1741,1782204690.7743819,,,
8798,0,svm,max,balanced,cached_mxbai,1742,1782204690.9581592,,,
81,0,svm,max,balanced,cached_mxbai,1743,1782204691.1393294,,,
9407,0,svm,max,balanced,cached_mxbai,1744,1782204691.3345537,,,
3577,0,svm,max,balanced,cached_mxbai,1745,1782204691.5260012,,,
6212,0,svm,max,balanced,cached_mxbai,1746,1782204691.7065556,,,
6167,0,svm,max,balanced,cached_mxbai,1747,1782204691.8871145,,,
5188,0,svm,max,balanced,cached_mxbai,1748,1782204692.0801585,,,
4920,0,svm,max,balanced,cached_mxbai,1749,1782204692.2722154,,,
7055,0,svm,max,balanced,cached_mxbai,1750,1782204692.4508348,,,
5038,0,svm,max,balanced,cached_mxbai,1751,1782204692.6321929,,,
195,0,svm,max,balanced,cached_mxbai,1752,1782204692.8288746,,,
4551,0,svm,max,balanced,cached_mxbai,1753,1782204693.0235348,,,
1704,0,svm,max,balanced,cached_mxbai,1754,1782204693.2025876,,,
5650,0,svm,max,balanced,cached_mxbai,1755,1782204693.392336,,,
4943,0,svm,max,balanced,cached_mxbai,1756,1782204693.5865352,,,
3797,0,svm,max,balanced,cached_mxbai,1757,1782204693.773561,,,
9768,0,svm,max,balanced,cached_mxbai,1758,1782204693.9556074,,,
4784,0,svm,max,balanced,cached_mxbai,1759,1782204694.1476612,,,
4309,0,svm,max,balanced,cached_mxbai,1760,1782204694.3431172,,,
5069,0,svm,max,balanced,cached_mxbai,1761,1782204694.5225208,,,
577,0,svm,max,balanced,cached_mxbai,1762,1782204694.701854,,,
5076,0,svm,max,balanced,cached_mxbai,1763,1782204694.9006097,,,
3504,0,svm,max,balanced,cached_mxbai,1764,1782204695.104534,,,
3047,0,svm,max,balanced,cached_mxbai,1765,1782204695.3001366,,,
5009,0,svm,max,balanced,cached_mxbai,1766,1782204695.4863608,,,
6642,0,svm,max,balanced,cached_mxbai,1767,1782204695.6838856,,,
9254,0,svm,max,balanced,cached_mxbai,1768,1782204695.8777807,,,
787,0,svm,max,balanced,cached_mxbai,1769,1782204696.0664046,,,
4566,0,svm,max,balanced,cached_mxbai,1770,1782204696.255864,,,
7216,0,svm,max,balanced,cached_mxbai,1771,1782204696.4472706,,,
9291,0,svm,max,balanced,cached_mxbai,1772,1782204696.6303167,,,
7137,0,svm,max,balanced,cached_mxbai,1773,1782204696.8117528,,,
3533,0,svm,max,balanced,cached_mxbai,1774,1782204697.0078235,,,
5103,0,svm,max,balanced,cached_mxbai,1775,1782204697.208044,,,
10046,0,svm,max,balanced,cached_mxbai,1776,1782204697.3925917,,,
1641,0,svm,max,balanced,cached_mxbai,1777,1782204697.5765307,,,
1427,0,svm,max,balanced,cached_mxbai,1778,1782204697.773102,,,
9520,0,svm,max,balanced,cached_mxbai,1779,1782204697.9680989,,,
4035,0,svm,max,balanced,cached_mxbai,1780,1782204698.1526663,,,
8829,0,svm,max,balanced,cached_mxbai,1781,1782204698.337543,,,
10381,0,svm,max,balanced,cached_mxbai,1782,1782204698.5340455,,,
5896,0,svm,max,balanced,cached_mxbai,1783,1782204698.7261813,,,
5027,0,svm,max,balanced,cached_mxbai,1784,1782204698.9149504,,,
3664,0,svm,max,balanced,cached_mxbai,1785,1782204699.104574,,,
3331,0,svm,max,balanced,cached_mxbai,1786,1782204699.3011334,,,
3445,0,svm,max,balanced,cached_mxbai,1787,1782204699.490303,,,
6293,0,svm,max,balanced,cached_mxbai,1788,1782204699.6778471,,,
7681,0,svm,max,balanced,cached_mxbai,1789,1782204699.876007,,,
10309,0,svm,max,balanced,cached_mxbai,1790,1782204700.07737,,,
4716,0,svm,max,balanced,cached_mxbai,1791,1782204700.2621536,,,
6816,0,svm,max,balanced,cached_mxbai,1792,1782204700.449329,,,
1255,0,svm,max,balanced,cached_mxbai,1793,1782204700.6483161,,,
4701,0,svm,max,balanced,cached_mxbai,1794,1782204700.8459544,,,
9628,0,svm,max,balanced,cached_mxbai,1795,1782204701.0329647,,,
27,0,svm,max,balanced,cached_mxbai,1796,1782204701.2224042,,,
10036,0,svm,max,balanced,cached_mxbai,1797,1782204701.4267013,,,
8536,0,svm,max,balanced,cached_mxbai,1798,1782204701.6225019,,,
92,0,svm,max,balanced,cached_mxbai,1799,1782204701.8079166,,,
10158,0,svm,max,balanced,cached_mxbai,1800,1782204702.0039082,,,
7203,0,svm,max,balanced,cached_mxbai,1801,1782204702.2043834,,,
3171,0,svm,max,balanced,cached_mxbai,1802,1782204702.395163,,,
4343,0,svm,max,balanced,cached_mxbai,1803,1782204702.5810728,,,
4801,0,svm,max,balanced,cached_mxbai,1804,1782204702.783631,,,
3924,0,svm,max,balanced,cached_mxbai,1805,1782204702.9862957,,,
5213,0,svm,max,balanced,cached_mxbai,1806,1782204703.1750166,,,
7279,0,svm,max,balanced,cached_mxbai,1807,1782204703.3667126,,,
8952,0,svm,max,balanced,cached_mxbai,1808,1782204703.583798,,,
1999,0,svm,max,balanced,cached_mxbai,1809,1782204703.7881222,,,
5881,0,svm,max,balanced,cached_mxbai,1810,1782204703.9838815,,,
4180,0,svm,max,balanced,cached_mxbai,1811,1782204704.1933997,,,
4627,0,svm,max,balanced,cached_mxbai,1812,1782204704.4039593,,,
5346,0,svm,max,balanced,cached_mxbai,1813,1782204704.6027715,,,
4959,0,svm,max,balanced,cached_mxbai,1814,1782204704.8080664,,,
9437,0,svm,max,balanced,cached_mxbai,1815,1782204705.031748,,,
10115,0,svm,max,balanced,cached_mxbai,1816,1782204705.2578688,,,
8619,0,svm,max,balanced,cached_mxbai,1817,1782204705.4713285,,,
2137,0,svm,max,balanced,cached_mxbai,1818,1782204705.686319,,,
5080,0,svm,max,balanced,cached_mxbai,1819,1782204705.902226,,,
10235,0,svm,max,balanced,cached_mxbai,1820,1782204706.1021829,,,
6357,0,svm,max,balanced,cached_mxbai,1821,1782204706.3102052,,,
4954,0,svm,max,balanced,cached_mxbai,1822,1782204706.5231886,,,
5519,0,svm,max,balanced,cached_mxbai,1823,1782204706.7271461,,,
4097,0,svm,max,balanced,cached_mxbai,1824,1782204706.931725,,,
52,0,svm,max,balanced,cached_mxbai,1825,1782204707.1508353,,,
5139,0,svm,max,balanced,cached_mxbai,1826,1782204707.3627563,,,
4482,0,svm,max,balanced,cached_mxbai,1827,1782204707.5693367,,,
10410,0,svm,max,balanced,cached_mxbai,1828,1782204707.7845116,,,
3729,0,svm,max,balanced,cached_mxbai,1829,1782204708.0048609,,,
7438,0,svm,max,balanced,cached_mxbai,1830,1782204708.2078063,,,
8483,0,svm,max,balanced,cached_mxbai,1831,1782204708.415057,,,
4759,0,svm,max,balanced,cached_mxbai,1832,1782204708.6348426,,,
3231,0,svm,max,balanced,cached_mxbai,1833,1782204708.8516793,,,
8430,0,svm,max,balanced,cached_mxbai,1834,1782204709.054147,,,
2021,0,svm,max,balanced,cached_mxbai,1835,1782204709.2672055,,,
5234,0,svm,max,balanced,cached_mxbai,1836,1782204709.483711,,,
8191,0,svm,max,balanced,cached_mxbai,1837,1782204709.687325,,,
5799,0,svm,max,balanced,cached_mxbai,1838,1782204709.8936708,,,
3811,0,svm,max,balanced,cached_mxbai,1839,1782204710.1075652,,,
4682,0,svm,max,balanced,cached_mxbai,1840,1782204710.3105166,,,
5452,0,svm,max,balanced,cached_mxbai,1841,1782204710.508397,,,
8373,0,svm,max,balanced,cached_mxbai,1842,1782204710.7145185,,,
9849,0,svm,max,balanced,cached_mxbai,1843,1782204710.9273264,,,
8979,0,svm,max,balanced,cached_mxbai,1844,1782204711.1313357,,,
1032,0,svm,max,balanced,cached_mxbai,1845,1782204711.3314064,,,
3921,0,svm,max,balanced,cached_mxbai,1846,1782204711.5420682,,,
4737,0,svm,max,balanced,cached_mxbai,1847,1782204711.7369502,,,
7683,0,svm,max,balanced,cached_mxbai,1848,1782204711.9302433,,,
5045,0,svm,max,balanced,cached_mxbai,1849,1782204712.1318672,,,
7155,0,svm,max,balanced,cached_mxbai,1850,1782204712.3504841,,,
7257,0,svm,max,balanced,cached_mxbai,1851,1782204712.5527787,,,
4741,0,svm,max,balanced,cached_mxbai,1852,1782204712.7469933,,,
7199,0,svm,max,balanced,cached_mxbai,1853,1782204712.9576194,,,
1143,0,svm,max,balanced,cached_mxbai,1854,1782204713.166689,,,
9113,0,svm,max,balanced,cached_mxbai,1855,1782204713.3602407,,,
5084,0,svm,max,balanced,cached_mxbai,1856,1782204713.5579455,,,
7058,0,svm,max,balanced,cached_mxbai,1857,1782204713.764033,,,
9299,0,svm,max,balanced,cached_mxbai,1858,1782204713.962777,,,
7050,0,svm,max,balanced,cached_mxbai,1859,1782204714.156461,,,
4987,0,svm,max,balanced,cached_mxbai,1860,1782204714.3627508,,,
229,0,svm,max,balanced,cached_mxbai,1861,1782204714.5676708,,,
3809,0,svm,max,balanced,cached_mxbai,1862,1782204714.7575321,,,
1863,0,svm,max,balanced,cached_mxbai,1863,1782204714.958921,,,
3724,0,svm,max,balanced,cached_mxbai,1864,1782204715.1745124,,,
7418,0,svm,max,balanced,cached_mxbai,1865,1782204715.4019592,,,
4617,0,svm,max,balanced,cached_mxbai,1866,1782204715.5946581,,,
7178,0,svm,max,balanced,cached_mxbai,1867,1782204715.798538,,,
4394,0,svm,max,balanced,cached_mxbai,1868,1782204716.0039062,,,
7000,0,svm,max,balanced,cached_mxbai,1869,1782204716.1958568,,,
3400,0,svm,max,balanced,cached_mxbai,1870,1782204716.3901482,,,
4963,0,svm,max,balanced,cached_mxbai,1871,1782204716.592792,,,
7233,0,svm,max,balanced,cached_mxbai,1872,1782204716.795668,,,
7717,0,svm,max,balanced,cached_mxbai,1873,1782204716.9885194,,,
8996,0,svm,max,balanced,cached_mxbai,1874,1782204717.1959677,,,
4608,0,svm,max,balanced,cached_mxbai,1875,1782204717.4054005,,,
1131,0,svm,max,balanced,cached_mxbai,1876,1782204717.6023347,,,
80,0,svm,max,balanced,cached_mxbai,1877,1782204717.7960274,,,
7363,0,svm,max,balanced,cached_mxbai,1878,1782204717.999523,,,
10034,0,svm,max,balanced,cached_mxbai,1879,1782204718.2136316,,,
3152,0,svm,max,balanced,cached_mxbai,1880,1782204718.4074466,,,
1370,0,svm,max,balanced,cached_mxbai,1881,1782204718.6023388,,,
5759,0,svm,max,balanced,cached_mxbai,1882,1782204718.811569,,,
6822,0,svm,max,balanced,cached_mxbai,1883,1782204719.0231824,,,
5119,0,svm,max,balanced,cached_mxbai,1884,1782204719.2220044,,,
5862,0,svm,max,balanced,cached_mxbai,1885,1782204719.415643,,,
7697,0,svm,max,balanced,cached_mxbai,1886,1782204719.624851,,,
3776,0,svm,max,balanced,cached_mxbai,1887,1782204719.8266792,,,
6431,0,svm,max,balanced,cached_mxbai,1888,1782204720.0238678,,,
4689,0,svm,max,balanced,cached_mxbai,1889,1782204720.224923,,,
3211,0,svm,max,balanced,cached_mxbai,1890,1782204720.433586,,,
78,0,svm,max,balanced,cached_mxbai,1891,1782204720.630243,,,
806,0,svm,max,balanced,cached_mxbai,1892,1782204720.8262327,,,
4745,0,svm,max,balanced,cached_mxbai,1893,1782204721.0383391,,,
124,0,svm,max,balanced,cached_mxbai,1894,1782204721.25672,,,
5592,0,svm,max,balanced,cached_mxbai,1895,1782204721.454091,,,
7318,0,svm,max,balanced,cached_mxbai,1896,1782204721.6534607,,,
7077,0,svm,max,balanced,cached_mxbai,1897,1782204721.872035,,,
6153,0,svm,max,balanced,cached_mxbai,1898,1782204722.080673,,,
2319,0,svm,max,balanced,cached_mxbai,1899,1782204722.2779741,,,
3709,0,svm,max,balanced,cached_mxbai,1900,1782204722.4824603,,,
4493,0,svm,max,balanced,cached_mxbai,1901,1782204722.7024012,,,
2773,0,svm,max,balanced,cached_mxbai,1902,1782204722.9152393,,,
1084,0,svm,max,balanced,cached_mxbai,1903,1782204723.1270905,,,
4660,0,svm,max,balanced,cached_mxbai,1904,1782204723.3434124,,,
9369,0,svm,max,balanced,cached_mxbai,1905,1782204723.56084,,,
8210,0,svm,max,balanced,cached_mxbai,1906,1782204723.7648463,,,
10446,0,svm,max,balanced,cached_mxbai,1907,1782204723.9691427,,,
7891,0,svm,max,balanced,cached_mxbai,1908,1782204724.1935112,,,
7091,0,svm,max,balanced,cached_mxbai,1909,1782204724.4004138,,,
5231,0,svm,max,balanced,cached_mxbai,1910,1782204724.6047258,,,
3602,0,svm,max,balanced,cached_mxbai,1911,1782204724.8231103,,,
5043,0,svm,max,balanced,cached_mxbai,1912,1782204725.0467432,,,
5087,0,svm,max,balanced,cached_mxbai,1913,1782204725.2626905,,,
6060,0,svm,max,balanced,cached_mxbai,1914,1782204725.4765716,,,
5129,0,svm,max,balanced,cached_mxbai,1915,1782204725.6985636,,,
10422,0,svm,max,balanced,cached_mxbai,1916,1782204725.9053454,,,
10252,0,svm,max,balanced,cached_mxbai,1917,1782204726.1118028,,,
6216,0,svm,max,balanced,cached_mxbai,1918,1782204726.3265836,,,
2473,0,svm,max,balanced,cached_mxbai,1919,1782204726.5481772,,,
3998,0,svm,max,balanced,cached_mxbai,1920,1782204726.7575793,,,
809,0,svm,max,balanced,cached_mxbai,1921,1782204726.9625125,,,
8105,0,svm,max,balanced,cached_mxbai,1922,1782204727.1838737,,,
3753,0,svm,max,balanced,cached_mxbai,1923,1782204727.4115489,,,
1808,0,svm,max,balanced,cached_mxbai,1924,1782204727.6169178,,,
6390,0,svm,max,balanced,cached_mxbai,1925,1782204727.828422,,,
1502,0,svm,max,balanced,cached_mxbai,1926,1782204728.0423927,,,
4175,0,svm,max,balanced,cached_mxbai,1927,1782204728.2555168,,,
4437,0,svm,max,balanced,cached_mxbai,1928,1782204728.4705813,,,
5842,0,svm,max,balanced,cached_mxbai,1929,1782204728.689776,,,
1566,0,svm,max,balanced,cached_mxbai,1930,1782204728.9083478,,,
422,0,svm,max,balanced,cached_mxbai,1931,1782204729.1291692,,,
2819,0,svm,max,balanced,cached_mxbai,1932,1782204729.340395,,,
3549,0,svm,max,balanced,cached_mxbai,1933,1782204729.5619442,,,
8024,0,svm,max,balanced,cached_mxbai,1934,1782204729.7782795,,,
4843,0,svm,max,balanced,cached_mxbai,1935,1782204729.9947054,,,
7950,0,svm,max,balanced,cached_mxbai,1936,1782204730.21387,,,
6616,0,svm,max,balanced,cached_mxbai,1937,1782204730.4268827,,,
4211,0,svm,max,balanced,cached_mxbai,1938,1782204730.6467981,,,
8367,0,svm,max,balanced,cached_mxbai,1939,1782204730.859788,,,
9603,0,svm,max,balanced,cached_mxbai,1940,1782204731.079756,,,
4477,0,svm,max,balanced,cached_mxbai,1941,1782204731.3008025,,,
10120,0,svm,max,balanced,cached_mxbai,1942,1782204731.5151975,,,
8610,0,svm,max,balanced,cached_mxbai,1943,1782204731.7314155,,,
4344,0,svm,max,balanced,cached_mxbai,1944,1782204731.9479573,,,
5136,0,svm,max,balanced,cached_mxbai,1945,1782204732.1743298,,,
5310,0,svm,max,balanced,cached_mxbai,1946,1782204732.3882759,,,
7369,0,svm,max,balanced,cached_mxbai,1947,1782204732.6177726,,,
8337,0,svm,max,balanced,cached_mxbai,1948,1782204732.8548567,,,
4823,0,svm,max,balanced,cached_mxbai,1949,1782204733.0867088,,,
9704,0,svm,max,balanced,cached_mxbai,1950,1782204733.3051677,,,
6478,0,svm,max,balanced,cached_mxbai,1951,1782204733.5213063,,,
10557,0,svm,max,balanced,cached_mxbai,1952,1782204733.7247734,,,
9572,0,svm,max,balanced,cached_mxbai,1953,1782204733.9555442,,,
3364,0,svm,max,balanced,cached_mxbai,1954,1782204734.199093,,,
242,0,svm,max,balanced,cached_mxbai,1955,1782204734.4216533,,,
1040,0,svm,max,balanced,cached_mxbai,1956,1782204734.6331863,,,
3285,0,svm,max,balanced,cached_mxbai,1957,1782204734.8592582,,,
3062,0,svm,max,balanced,cached_mxbai,1958,1782204735.0725858,,,
3412,0,svm,max,balanced,cached_mxbai,1959,1782204735.3090003,,,
5696,0,svm,max,balanced,cached_mxbai,1960,1782204735.5317516,,,
2293,0,svm,max,balanced,cached_mxbai,1961,1782204735.7445166,,,
8088,1,svm,max,balanced,cached_mxbai,1962,1782204735.9505064,,,
6045,0,svm,max,balanced,cached_mxbai,1963,1782204736.1648543,,,
9457,0,svm,max,balanced,cached_mxbai,1964,1782204736.3974404,,,
4325,0,svm,max,balanced,cached_mxbai,1965,1782204736.6168222,,,
6284,0,svm,max,balanced,cached_mxbai,1966,1782204736.8399441,,,
3495,0,svm,max,balanced,cached_mxbai,1967,1782204737.0774932,,,
5205,0,svm,max,balanced,cached_mxbai,1968,1782204737.3092828,,,
8717,0,svm,max,balanced,cached_mxbai,1969,1782204737.522492,,,
1439,0,svm,max,balanced,cached_mxbai,1970,1782204737.73444,,,
4576,0,svm,max,balanced,cached_mxbai,1971,1782204737.9598882,,,
9804,0,svm,max,balanced,cached_mxbai,1972,1782204738.172625,,,
3705,0,svm,max,balanced,cached_mxbai,1973,1782204738.3798356,,,
66,0,svm,max,balanced,cached_mxbai,1974,1782204738.600617,,,
8770,0,svm,max,balanced,cached_mxbai,1975,1782204738.8242285,,,
5042,0,svm,max,balanced,cached_mxbai,1976,1782204739.0305288,,,
4806,0,svm,max,balanced,cached_mxbai,1977,1782204739.2425988,,,
3233,0,svm,max,balanced,cached_mxbai,1978,1782204739.4683456,,,
1022,0,svm,max,balanced,cached_mxbai,1979,1782204739.6756384,,,
1594,0,svm,max,balanced,cached_mxbai,1980,1782204739.8831728,,,
5562,0,svm,max,balanced,cached_mxbai,1981,1782204740.1050398,,,
4123,0,svm,max,balanced,cached_mxbai,1982,1782204740.3276012,,,
4269,0,svm,max,balanced,cached_mxbai,1983,1782204740.5355775,,,
3606,0,svm,max,balanced,cached_mxbai,1984,1782204740.742445,,,
1926,0,svm,max,balanced,cached_mxbai,1985,1782204740.972554,,,
1093,0,svm,max,balanced,cached_mxbai,1986,1782204741.1914914,,,
9321,0,svm,max,balanced,cached_mxbai,1987,1782204741.4024043,,,
8194,0,svm,max,balanced,cached_mxbai,1988,1782204741.6212902,,,
9277,0,svm,max,balanced,cached_mxbai,1989,1782204741.8433912,,,
7312,0,svm,max,balanced,cached_mxbai,1990,1782204742.0550048,,,
8335,0,svm,max,balanced,cached_mxbai,1991,1782204742.2644033,,,
6353,0,svm,max,balanced,cached_mxbai,1992,1782204742.4912932,,,
4550,0,svm,max,balanced,cached_mxbai,1993,1782204742.7140353,,,
1486,0,svm,max,balanced,cached_mxbai,1994,1782204742.9435475,,,
10006,0,svm,max,balanced,cached_mxbai,1995,1782204743.166626,,,
3346,0,svm,max,balanced,cached_mxbai,1996,1782204743.3942943,,,
6989,0,svm,max,balanced,cached_mxbai,1997,1782204743.6282613,,,
5734,0,svm,max,balanced,cached_mxbai,1998,1782204743.8620021,,,
5255,0,svm,max,balanced,cached_mxbai,1999,1782204744.0915866,,,
1761,0,svm,max,balanced,cached_mxbai,2000,1782204744.3063707,,,
3496,0,svm,max,balanced,cached_mxbai,2001,1782204744.5182495,,,
1006,0,svm,max,balanced,cached_mxbai,2002,1782204744.740883,,,
2373,0,svm,max,balanced,cached_mxbai,2003,1782204744.9680939,,,
3264,0,svm,max,balanced,cached_mxbai,2004,1782204745.1998198,,,
6185,0,svm,max,balanced,cached_mxbai,2005,1782204745.450481,,,
8554,0,svm,max,balanced,cached_mxbai,2006,1782204745.6775355,,,
9473,0,svm,max,balanced,cached_mxbai,2007,1782204745.888215,,,
7374,0,svm,max,balanced,cached_mxbai,2008,1782204746.099066,,,
2892,0,svm,max,balanced,cached_mxbai,2009,1782204746.3311253,,,
95,0,svm,max,balanced,cached_mxbai,2010,1782204746.5528343,,,
4186,0,svm,max,balanced,cached_mxbai,2011,1782204746.7629592,,,
4855,0,svm,max,balanced,cached_mxbai,2012,1782204746.9791055,,,
365,0,svm,max,balanced,cached_mxbai,2013,1782204747.213021,,,
4810,0,svm,max,balanced,cached_mxbai,2014,1782204747.433749,,,
8761,0,svm,max,balanced,cached_mxbai,2015,1782204747.653111,,,
9877,0,svm,max,balanced,cached_mxbai,2016,1782204747.8886597,,,
672,0,svm,max,balanced,cached_mxbai,2017,1782204748.1156976,,,
2040,0,svm,max,balanced,cached_mxbai,2018,1782204748.328068,,,
7099,0,svm,max,balanced,cached_mxbai,2019,1782204748.5588596,,,
4857,0,svm,max,balanced,cached_mxbai,2020,1782204748.7911913,,,
9733,0,svm,max,balanced,cached_mxbai,2021,1782204749.003977,,,
38,0,svm,max,balanced,cached_mxbai,2022,1782204749.210036,,,
3274,0,svm,max,balanced,cached_mxbai,2023,1782204749.4319715,,,
6976,0,svm,max,balanced,cached_mxbai,2024,1782204749.6465862,,,
5007,0,svm,max,balanced,cached_mxbai,2025,1782204749.854071,,,
3683,0,svm,max,balanced,cached_mxbai,2026,1782204750.078407,,,
8388,0,svm,max,balanced,cached_mxbai,2027,1782204750.3065593,,,
4852,0,svm,max,balanced,cached_mxbai,2028,1782204750.5180864,,,
6359,0,svm,max,balanced,cached_mxbai,2029,1782204750.7337656,,,
5971,0,svm,max,balanced,cached_mxbai,2030,1782204750.9615452,,,
3700,0,svm,max,balanced,cached_mxbai,2031,1782204751.1964588,,,
3245,0,svm,max,balanced,cached_mxbai,2032,1782204751.4079335,,,
2184,0,svm,max,balanced,cached_mxbai,2033,1782204751.6296875,,,
4581,0,svm,max,balanced,cached_mxbai,2034,1782204751.8549197,,,
4731,0,svm,max,balanced,cached_mxbai,2035,1782204752.0615814,,,
9144,0,svm,max,balanced,cached_mxbai,2036,1782204752.2760468,,,
5462,0,svm,max,balanced,cached_mxbai,2037,1782204752.5020306,,,
7276,0,svm,max,balanced,cached_mxbai,2038,1782204752.7130136,,,
6424,0,svm,max,balanced,cached_mxbai,2039,1782204752.9237466,,,
4929,0,svm,max,balanced,cached_mxbai,2040,1782204753.1494617,,,
4329,0,svm,max,balanced,cached_mxbai,2041,1782204753.3695083,,,
5068,0,svm,max,balanced,cached_mxbai,2042,1782204753.5804555,,,
8504,0,svm,max,balanced,cached_mxbai,2043,1782204753.7970526,,,
4082,0,svm,max,balanced,cached_mxbai,2044,1782204754.0264924,,,
3867,0,svm,max,balanced,cached_mxbai,2045,1782204754.2645745,,,
6899,0,svm,max,balanced,cached_mxbai,2046,1782204754.5075178,,,
1914,0,svm,max,balanced,cached_mxbai,2047,1782204754.7683876,,,
1546,0,svm,max,balanced,cached_mxbai,2048,1782204755.018574,,,
4525,0,svm,max,balanced,cached_mxbai,2049,1782204755.2982142,,,
4183,0,svm,max,balanced,cached_mxbai,2050,1782204755.5643315,,,
4150,0,svm,max,balanced,cached_mxbai,2051,1782204755.8061674,,,
8322,0,svm,max,balanced,cached_mxbai,2052,1782204756.0719934,,,
6286,0,svm,max,balanced,cached_mxbai,2053,1782204756.3246477,,,
3054,0,svm,max,balanced,cached_mxbai,2054,1782204756.5678349,,,
826,0,svm,max,balanced,cached_mxbai,2055,1782204756.8317842,,,
10403,0,svm,max,balanced,cached_mxbai,2056,1782204757.0858507,,,
8583,0,svm,max,balanced,cached_mxbai,2057,1782204757.3331985,,,
3210,0,svm,max,balanced,cached_mxbai,2058,1782204757.5969603,,,
4730,0,svm,max,balanced,cached_mxbai,2059,1782204757.850334,,,
3232,0,svm,max,balanced,cached_mxbai,2060,1782204758.0914476,,,
8082,0,svm,max,balanced,cached_mxbai,2061,1782204758.3568954,,,
8111,0,svm,max,balanced,cached_mxbai,2062,1782204758.6091537,,,
4596,0,svm,max,balanced,cached_mxbai,2063,1782204758.8587754,,,
7061,0,svm,max,balanced,cached_mxbai,2064,1782204759.1198735,,,
1896,0,svm,max,balanced,cached_mxbai,2065,1782204759.3682225,,,
3419,0,svm,max,balanced,cached_mxbai,2066,1782204759.6150498,,,
5114,0,svm,max,balanced,cached_mxbai,2067,1782204759.880367,,,
7446,0,svm,max,balanced,cached_mxbai,2068,1782204760.123216,,,
8283,0,svm,max,balanced,cached_mxbai,2069,1782204760.3682153,,,
4755,0,svm,max,balanced,cached_mxbai,2070,1782204760.631298,,,
5104,0,svm,max,balanced,cached_mxbai,2071,1782204760.874357,,,
5463,0,svm,max,balanced,cached_mxbai,2072,1782204761.134573,,,
5005,0,svm,max,balanced,cached_mxbai,2073,1782204761.3971517,,,
417,0,svm,max,balanced,cached_mxbai,2074,1782204761.6393096,,,
64,0,svm,max,balanced,cached_mxbai,2075,1782204761.8902678,,,
2121,0,svm,max,balanced,cached_mxbai,2076,1782204762.1566849,,,
5178,0,svm,max,balanced,cached_mxbai,2077,1782204762.3955126,,,
4286,0,svm,max,balanced,cached_mxbai,2078,1782204762.648886,,,
3622,0,svm,max,balanced,cached_mxbai,2079,1782204762.911004,,,
3213,0,svm,max,balanced,cached_mxbai,2080,1782204763.15546,,,
1073,0,svm,max,balanced,cached_mxbai,2081,1782204763.4146225,,,
4407,0,svm,max,balanced,cached_mxbai,2082,1782204763.673125,,,
3403,0,svm,max,balanced,cached_mxbai,2083,1782204763.9190428,,,
3993,0,svm,max,balanced,cached_mxbai,2084,1782204764.1881804,,,
9611,0,svm,max,balanced,cached_mxbai,2085,1782204764.454492,,,
5295,0,svm,max,balanced,cached_mxbai,2086,1782204764.7111957,,,
5466,0,svm,max,balanced,cached_mxbai,2087,1782204764.9887695,,,
3497,0,svm,max,balanced,cached_mxbai,2088,1782204765.2627242,,,
9741,0,svm,max,balanced,cached_mxbai,2089,1782204765.5418487,,,
4747,0,svm,max,balanced,cached_mxbai,2090,1782204765.8196564,,,
6546,0,svm,max,balanced,cached_mxbai,2091,1782204766.0733788,,,
6765,0,svm,max,balanced,cached_mxbai,2092,1782204766.3409386,,,
9472,0,svm,max,balanced,cached_mxbai,2093,1782204766.6094992,,,
5003,0,svm,max,balanced,cached_mxbai,2094,1782204766.8562727,,,
5163,0,svm,max,balanced,cached_mxbai,2095,1782204767.1259866,,,
7130,0,svm,max,balanced,cached_mxbai,2096,1782204767.3896654,,,
10491,0,svm,max,balanced,cached_mxbai,2097,1782204767.6424825,,,
8370,0,svm,max,balanced,cached_mxbai,2098,1782204767.9169142,,,
7951,0,svm,max,balanced,cached_mxbai,2099,1782204768.1716673,,,
3704,0,svm,max,balanced,cached_mxbai,2100,1782204768.416155,,,
4370,0,svm,max,balanced,cached_mxbai,2101,1782204768.6840572,,,
121,0,svm,max,balanced,cached_mxbai,2102,1782204768.937351,,,
8263,0,svm,max,balanced,cached_mxbai,2103,1782204769.1915197,,,
3764,0,svm,max,balanced,cached_mxbai,2104,1782204769.4598029,,,
9559,0,svm,max,balanced,cached_mxbai,2105,1782204769.7122843,,,
1604,0,svm,max,balanced,cached_mxbai,2106,1782204769.9743857,,,
7304,0,svm,max,balanced,cached_mxbai,2107,1782204770.240865,,,
8462,0,svm,max,balanced,cached_mxbai,2108,1782204770.489036,,,
7733,0,svm,max,balanced,cached_mxbai,2109,1782204770.756105,,,
4876,0,svm,max,balanced,cached_mxbai,2110,1782204771.016059,,,
2948,0,svm,max,balanced,cached_mxbai,2111,1782204771.2620418,,,
919,0,svm,max,balanced,cached_mxbai,2112,1782204771.5339065,,,
4022,0,svm,max,balanced,cached_mxbai,2113,1782204771.7886565,,,
4276,0,svm,max,balanced,cached_mxbai,2114,1782204772.0360515,,,
4251,0,svm,max,balanced,cached_mxbai,2115,1782204772.303191,,,
2421,0,svm,max,balanced,cached_mxbai,2116,1782204772.5612307,,,
4861,0,svm,max,balanced,cached_mxbai,2117,1782204772.8099067,,,
2690,0,svm,max,balanced,cached_mxbai,2118,1782204773.0843766,,,
4282,0,svm,max,balanced,cached_mxbai,2119,1782204773.3346727,,,
1490,0,svm,max,balanced,cached_mxbai,2120,1782204773.598214,,,
9089,0,svm,max,balanced,cached_mxbai,2121,1782204773.8725364,,,
3710,0,svm,max,balanced,cached_mxbai,2122,1782204774.1229804,,,
244,0,svm,max,balanced,cached_mxbai,2123,1782204774.3885322,,,
5044,0,svm,max,balanced,cached_mxbai,2124,1782204774.6536026,,,
8833,0,svm,max,balanced,cached_mxbai,2125,1782204774.9051127,,,
2702,0,svm,max,balanced,cached_mxbai,2126,1782204775.1777222,,,
4242,0,svm,max,balanced,cached_mxbai,2127,1782204775.4674754,,,
10210,0,svm,max,balanced,cached_mxbai,2128,1782204775.7188396,,,
1351,0,svm,max,balanced,cached_mxbai,2129,1782204775.992705,,,
4348,0,svm,max,balanced,cached_mxbai,2130,1782204776.2458737,,,
5549,0,svm,max,balanced,cached_mxbai,2131,1782204776.5055726,,,
3637,0,svm,max,balanced,cached_mxbai,2132,1782204776.7767,,,
4335,0,svm,max,balanced,cached_mxbai,2133,1782204777.0281699,,,
5048,0,svm,max,balanced,cached_mxbai,2134,1782204777.2975533,,,
6105,0,svm,max,balanced,cached_mxbai,2135,1782204777.5625055,,,
4132,0,svm,max,balanced,cached_mxbai,2136,1782204777.8127444,,,
5203,0,svm,max,balanced,cached_mxbai,2137,1782204778.0813062,,,
3604,0,svm,max,balanced,cached_mxbai,2138,1782204778.351197,,,
6310,0,svm,max,balanced,cached_mxbai,2139,1782204778.6140254,,,
9856,0,svm,max,balanced,cached_mxbai,2140,1782204778.8869634,,,
7495,0,svm,max,balanced,cached_mxbai,2141,1782204779.172094,,,
5140,0,svm,max,balanced,cached_mxbai,2142,1782204779.4528396,,,
1178,0,svm,max,balanced,cached_mxbai,2143,1782204779.7277865,,,
4462,0,svm,max,balanced,cached_mxbai,2144,1782204780.006585,,,
5260,0,svm,max,balanced,cached_mxbai,2145,1782204780.2793639,,,
8488,0,svm,max,balanced,cached_mxbai,2146,1782204780.5383525,,,
4917,0,svm,max,balanced,cached_mxbai,2147,1782204780.7905765,,,
7186,0,svm,max,balanced,cached_mxbai,2148,1782204781.0634847,,,
2544,0,svm,max,balanced,cached_mxbai,2149,1782204781.3247554,,,
669,0,svm,max,balanced,cached_mxbai,2150,1782204781.5800653,,,
8832,1,svm,max,balanced,cached_mxbai,2151,1782204781.8567662,,,
7776,0,svm,max,balanced,cached_mxbai,2152,1782204782.1099308,,,
6988,0,svm,max,balanced,cached_mxbai,2153,1782204782.3677108,,,
288,0,svm,max,balanced,cached_mxbai,2154,1782204782.641626,,,
8920,0,svm,max,balanced,cached_mxbai,2155,1782204782.9036684,,,
7258,0,svm,max,balanced,cached_mxbai,2156,1782204783.179925,,,
8190,0,svm,max,balanced,cached_mxbai,2157,1782204783.4452958,,,
9292,0,svm,max,balanced,cached_mxbai,2158,1782204783.6983702,,,
4585,0,svm,max,balanced,cached_mxbai,2159,1782204783.978125,,,
3673,0,svm,max,balanced,cached_mxbai,2160,1782204784.2412455,,,
4979,0,svm,max,balanced,cached_mxbai,2161,1782204784.5004687,,,
6654,0,svm,max,balanced,cached_mxbai,2162,1782204784.7832558,,,
1606,0,svm,max,balanced,cached_mxbai,2163,1782204785.0514908,,,
7127,0,svm,max,balanced,cached_mxbai,2164,1782204785.3446631,,,
3430,0,svm,max,balanced,cached_mxbai,2165,1782204785.619039,,,
4212,0,svm,max,balanced,cached_mxbai,2166,1782204785.8860424,,,
4775,0,svm,max,balanced,cached_mxbai,2167,1782204786.1660402,,,
3842,0,svm,max,balanced,cached_mxbai,2168,1782204786.4265046,,,
3108,0,svm,max,balanced,cached_mxbai,2169,1782204786.6927598,,,
6276,0,svm,max,balanced,cached_mxbai,2170,1782204786.9730752,,,
10281,0,svm,max,balanced,cached_mxbai,2171,1782204787.242153,,,
1446,0,svm,max,balanced,cached_mxbai,2172,1782204787.529916,,,
5097,0,svm,max,balanced,cached_mxbai,2173,1782204787.8209362,,,
4877,0,svm,max,balanced,cached_mxbai,2174,1782204788.0916219,,,
9602,0,svm,max,balanced,cached_mxbai,2175,1782204788.3746367,,,
3980,0,svm,max,balanced,cached_mxbai,2176,1782204788.641988,,,
222,0,svm,max,balanced,cached_mxbai,2177,1782204788.9077961,,,
1465,0,svm,max,balanced,cached_mxbai,2178,1782204789.1802757,,,
10119,0,svm,max,balanced,cached_mxbai,2179,1782204789.442598,,,
9011,0,svm,max,balanced,cached_mxbai,2180,1782204789.7056835,,,
653,0,svm,max,balanced,cached_mxbai,2181,1782204789.9862027,,,
3947,0,svm,max,balanced,cached_mxbai,2182,1782204790.2411783,,,
9195,0,svm,max,balanced,cached_mxbai,2183,1782204790.5027244,,,
267,0,svm,max,balanced,cached_mxbai,2184,1782204790.7766187,,,
3551,0,svm,max,balanced,cached_mxbai,2185,1782204791.0304906,,,
4115,0,svm,max,balanced,cached_mxbai,2186,1782204791.3014681,,,
7230,0,svm,max,balanced,cached_mxbai,2187,1782204791.552326,,,
8073,0,svm,max,balanced,cached_mxbai,2188,1782204791.8066149,,,
7917,0,svm,max,balanced,cached_mxbai,2189,1782204792.0777223,,,
8831,0,svm,max,balanced,cached_mxbai,2190,1782204792.32621,,,
1253,0,svm,max,balanced,cached_mxbai,2191,1782204792.584893,,,
5033,0,svm,max,balanced,cached_mxbai,2192,1782204792.8621302,,,
4444,0,svm,max,balanced,cached_mxbai,2193,1782204793.1175566,,,
4844,0,svm,max,balanced,cached_mxbai,2194,1782204793.382171,,,
3715,0,svm,max,balanced,cached_mxbai,2195,1782204793.6419635,,,
10129,0,svm,max,balanced,cached_mxbai,2196,1782204793.9186373,,,
8816,0,svm,max,balanced,cached_mxbai,2197,1782204794.1854851,,,
2557,0,svm,max,balanced,cached_mxbai,2198,1782204794.444152,,,
9206,0,svm,max,balanced,cached_mxbai,2199,1782204794.709948,,,
9688,0,svm,max,balanced,cached_mxbai,2200,1782204794.982897,,,
3272,0,svm,max,balanced,cached_mxbai,2201,1782204795.265349,,,
8265,0,svm,max,balanced,cached_mxbai,2202,1782204795.5320692,,,
7048,0,svm,max,balanced,cached_mxbai,2203,1782204795.7917826,,,
4825,0,svm,max,balanced,cached_mxbai,2204,1782204796.0601065,,,
7101,0,svm,max,balanced,cached_mxbai,2205,1782204796.3203802,,,
3745,0,svm,max,balanced,cached_mxbai,2206,1782204796.5791347,,,
4094,0,svm,max,balanced,cached_mxbai,2207,1782204796.8483768,,,
7560,0,svm,max,balanced,cached_mxbai,2208,1782204797.1204119,,,
8436,0,svm,max,balanced,cached_mxbai,2209,1782204797.3894575,,,
4931,0,svm,max,balanced,cached_mxbai,2210,1782204797.650299,,,
8555,0,svm,max,balanced,cached_mxbai,2211,1782204797.917336,,,
2461,0,svm,max,balanced,cached_mxbai,2212,1782204798.1805878,,,
7507,0,svm,max,balanced,cached_mxbai,2213,1782204798.4481387,,,
6531,0,svm,max,balanced,cached_mxbai,2214,1782204798.7257206,,,
45,0,svm,max,balanced,cached_mxbai,2215,1782204798.9840648,,,
448,0,svm,max,balanced,cached_mxbai,2216,1782204799.25411,,,
5157,0,svm,max,balanced,cached_mxbai,2217,1782204799.5236807,,,
5041,0,svm,max,balanced,cached_mxbai,2218,1782204799.7816498,,,
1429,0,svm,max,balanced,cached_mxbai,2219,1782204800.0585377,,,
5444,0,svm,max,balanced,cached_mxbai,2220,1782204800.3198636,,,
5712,0,svm,max,balanced,cached_mxbai,2221,1782204800.5687346,,,
4814,0,svm,max,balanced,cached_mxbai,2222,1782204800.8433537,,,
747,0,svm,max,balanced,cached_mxbai,2223,1782204801.103563,,,
3949,0,svm,max,balanced,cached_mxbai,2224,1782204801.358108,,,
4935,0,svm,max,balanced,cached_mxbai,2225,1782204801.6312394,,,
1086,0,svm,max,balanced,cached_mxbai,2226,1782204801.8879688,,,
8657,0,svm,max,balanced,cached_mxbai,2227,1782204802.1455026,,,
5595,0,svm,max,balanced,cached_mxbai,2228,1782204802.417671,,,
3887,0,svm,max,balanced,cached_mxbai,2229,1782204802.6798322,,,
4604,0,svm,max,balanced,cached_mxbai,2230,1782204802.9791389,,,
7324,0,svm,max,balanced,cached_mxbai,2231,1782204803.2655435,,,
4774,0,svm,max,balanced,cached_mxbai,2232,1782204803.5391517,,,
4287,0,svm,max,balanced,cached_mxbai,2233,1782204803.8377392,,,
8680,0,svm,max,balanced,cached_mxbai,2234,1782204804.1172788,,,
4880,0,svm,max,balanced,cached_mxbai,2235,1782204804.383995,,,
6170,0,svm,max,balanced,cached_mxbai,2236,1782204804.6606479,,,
665,0,svm,max,balanced,cached_mxbai,2237,1782204804.9257724,,,
7609,0,svm,max,balanced,cached_mxbai,2238,1782204805.2361212,,,
6230,0,svm,max,balanced,cached_mxbai,2239,1782204805.511374,,,
5354,0,svm,max,balanced,cached_mxbai,2240,1782204805.7718666,,,
7773,0,svm,max,balanced,cached_mxbai,2241,1782204806.0556934,,,
5142,0,svm,max,balanced,cached_mxbai,2242,1782204806.3162775,,,
8031,0,svm,max,balanced,cached_mxbai,2243,1782204806.5740042,,,
1930,0,svm,max,balanced,cached_mxbai,2244,1782204806.8550189,,,
3855,0,svm,max,balanced,cached_mxbai,2245,1782204807.1187978,,,
10386,0,svm,max,balanced,cached_mxbai,2246,1782204807.3879623,,,
5037,0,svm,max,balanced,cached_mxbai,2247,1782204807.6631856,,,
3514,0,svm,max,balanced,cached_mxbai,2248,1782204807.9273434,,,
7931,0,svm,max,balanced,cached_mxbai,2249,1782204808.2149906,,,
1739,0,svm,max,balanced,cached_mxbai,2250,1782204808.4817712,,,
3626,0,svm,max,balanced,cached_mxbai,2251,1782204808.7513022,,,
4909,0,svm,max,balanced,cached_mxbai,2252,1782204809.034836,,,
3825,0,svm,max,balanced,cached_mxbai,2253,1782204809.29866,,,
9659,0,svm,max,balanced,cached_mxbai,2254,1782204809.562104,,,
6425,0,svm,max,balanced,cached_mxbai,2255,1782204809.8467796,,,
3570,0,svm,max,balanced,cached_mxbai,2256,1782204810.1129518,,,
1315,0,svm,max,balanced,cached_mxbai,2257,1782204810.391823,,,
4,0,svm,max,balanced,cached_mxbai,2258,1782204810.6637492,,,
5248,0,svm,max,balanced,cached_mxbai,2259,1782204810.9349737,,,
8220,0,svm,max,balanced,cached_mxbai,2260,1782204811.2134595,,,
10192,0,svm,max,balanced,cached_mxbai,2261,1782204811.5113554,,,
8732,0,svm,max,balanced,cached_mxbai,2262,1782204811.7867508,,,
1671,0,svm,max,balanced,cached_mxbai,2263,1782204812.0785553,,,
7552,0,svm,max,balanced,cached_mxbai,2264,1782204812.356823,,,
3607,0,svm,max,balanced,cached_mxbai,2265,1782204812.6455321,,,
4366,0,svm,max,balanced,cached_mxbai,2266,1782204812.948066,,,
5035,0,svm,max,balanced,cached_mxbai,2267,1782204813.2202954,,,
1226,0,svm,max,balanced,cached_mxbai,2268,1782204813.5002909,,,
3913,0,svm,max,balanced,cached_mxbai,2269,1782204813.7755303,,,
4903,0,svm,max,balanced,cached_mxbai,2270,1782204814.0653043,,,
4129,0,svm,max,balanced,cached_mxbai,2271,1782204814.3587,,,
1500,0,svm,max,balanced,cached_mxbai,2272,1782204814.629791,,,
2436,0,svm,max,balanced,cached_mxbai,2273,1782204814.924738,,,
5126,0,svm,max,balanced,cached_mxbai,2274,1782204815.2165449,,,
4184,0,svm,max,balanced,cached_mxbai,2275,1782204815.5141962,,,
10066,0,svm,max,balanced,cached_mxbai,2276,1782204815.8136325,,,
4332,0,svm,max,balanced,cached_mxbai,2277,1782204816.1090212,,,
6433,0,svm,max,balanced,cached_mxbai,2278,1782204816.409272,,,
1183,0,svm,max,balanced,cached_mxbai,2279,1782204816.7122314,,,
4726,0,svm,max,balanced,cached_mxbai,2280,1782204817.0037053,,,
3665,0,svm,max,balanced,cached_mxbai,2281,1782204817.30595,,,
7715,0,svm,max,balanced,cached_mxbai,2282,1782204817.5849035,,,
5747,0,svm,max,balanced,cached_mxbai,2283,1782204817.8862095,,,
5277,0,svm,max,balanced,cached_mxbai,2284,1782204818.1742144,,,
6706,0,svm,max,balanced,cached_mxbai,2285,1782204818.4523134,,,
10349,1,svm,max,balanced,cached_mxbai,2286,1782204818.7514691,,,
5851,0,svm,max,balanced,cached_mxbai,2287,1782204819.0314014,,,
5685,0,svm,max,balanced,cached_mxbai,2288,1782204819.3241346,,,
177,0,svm,max,balanced,cached_mxbai,2289,1782204819.6412306,,,
3717,0,svm,max,balanced,cached_mxbai,2290,1782204819.923111,,,
9789,0,svm,max,balanced,cached_mxbai,2291,1782204820.225668,,,
7716,0,svm,max,balanced,cached_mxbai,2292,1782204820.5333714,,,
170,0,svm,max,balanced,cached_mxbai,2293,1782204820.8553042,,,
1108,0,svm,max,balanced,cached_mxbai,2294,1782204821.1536136,,,
5793,0,svm,max,balanced,cached_mxbai,2295,1782204821.463302,,,
9899,0,svm,max,balanced,cached_mxbai,2296,1782204821.7849846,,,
3816,0,svm,max,balanced,cached_mxbai,2297,1782204822.0673082,,,
7074,0,svm,max,balanced,cached_mxbai,2298,1782204822.362829,,,
3856,0,svm,max,balanced,cached_mxbai,2299,1782204822.6456494,,,
1934,0,svm,max,balanced,cached_mxbai,2300,1782204822.9226856,,,
6063,0,svm,max,balanced,cached_mxbai,2301,1782204823.224987,,,
9788,0,svm,max,balanced,cached_mxbai,2302,1782204823.5021136,,,
8627,0,svm,max,balanced,cached_mxbai,2303,1782204823.791706,,,
464,0,svm,max,balanced,cached_mxbai,2304,1782204824.0930417,,,
9188,0,svm,max,balanced,cached_mxbai,2305,1782204824.3645046,,,
3220,0,svm,max,balanced,cached_mxbai,2306,1782204824.6621153,,,
1060,0,svm,max,balanced,cached_mxbai,2307,1782204824.952781,,,
169,0,svm,max,balanced,cached_mxbai,2308,1782204825.2706985,,,
3156,0,svm,max,balanced,cached_mxbai,2309,1782204825.5743,,,
4007,0,svm,max,balanced,cached_mxbai,2310,1782204825.8841817,,,
862,0,svm,max,balanced,cached_mxbai,2311,1782204826.2166896,,,
10432,0,svm,max,balanced,cached_mxbai,2312,1782204826.5209367,,,
109,0,svm,max,balanced,cached_mxbai,2313,1782204826.8407931,,,
4796,0,svm,max,balanced,cached_mxbai,2314,1782204827.1549523,,,
4324,0,svm,max,balanced,cached_mxbai,2315,1782204827.4542084,,,
5190,0,svm,max,balanced,cached_mxbai,2316,1782204827.775747,,,
3794,0,svm,max,balanced,cached_mxbai,2317,1782204828.0911808,,,
191,0,svm,max,balanced,cached_mxbai,2318,1782204828.4161003,,,
5991,0,svm,max,balanced,cached_mxbai,2319,1782204828.723509,,,
3865,0,svm,max,balanced,cached_mxbai,2320,1782204829.0110366,,,
4621,0,svm,max,balanced,cached_mxbai,2321,1782204829.3011603,,,
2,0,svm,max,balanced,cached_mxbai,2322,1782204829.5708022,,,
951,0,svm,max,balanced,cached_mxbai,2323,1782204829.8713174,,,
10325,0,svm,max,balanced,cached_mxbai,2324,1782204830.1698914,,,
4545,0,svm,max,balanced,cached_mxbai,2325,1782204830.4486701,,,
3734,0,svm,max,balanced,cached_mxbai,2326,1782204830.7474966,,,
3712,0,svm,max,balanced,cached_mxbai,2327,1782204831.0343962,,,
4949,0,svm,max,balanced,cached_mxbai,2328,1782204831.3309603,,,
8737,0,svm,max,balanced,cached_mxbai,2329,1782204831.616956,,,
915,0,svm,max,balanced,cached_mxbai,2330,1782204831.8991358,,,
5935,0,svm,max,balanced,cached_mxbai,2331,1782204832.20848,,,
10064,0,svm,max,balanced,cached_mxbai,2332,1782204832.4828494,,,
4610,0,svm,max,balanced,cached_mxbai,2333,1782204832.7641602,,,
254,0,svm,max,balanced,cached_mxbai,2334,1782204833.0642335,,,
10534,0,svm,max,balanced,cached_mxbai,2335,1782204833.3391602,,,
1306,0,svm,max,balanced,cached_mxbai,2336,1782204833.6417072,,,
4327,0,svm,max,balanced,cached_mxbai,2337,1782204833.9261272,,,
5228,0,svm,max,balanced,cached_mxbai,2338,1782204834.210461,,,
5164,0,svm,max,balanced,cached_mxbai,2339,1782204834.5128589,,,
4671,0,svm,max,balanced,cached_mxbai,2340,1782204834.7911448,,,
3881,0,svm,max,balanced,cached_mxbai,2341,1782204835.100608,,,
3663,0,svm,max,balanced,cached_mxbai,2342,1782204835.4147842,,,
4584,0,svm,max,balanced,cached_mxbai,2343,1782204835.6938663,,,
4314,0,svm,max,balanced,cached_mxbai,2344,1782204836.0042324,,,
5026,0,svm,max,balanced,cached_mxbai,2345,1782204836.2890596,,,
6925,0,svm,max,balanced,cached_mxbai,2346,1782204836.5814974,,,
3528,0,svm,max,balanced,cached_mxbai,2347,1782204836.8780332,,,
6385,0,svm,max,balanced,cached_mxbai,2348,1782204837.1746984,,,
3,0,svm,max,balanced,cached_mxbai,2349,1782204837.4795995,,,
7164,0,svm,max,balanced,cached_mxbai,2350,1782204837.7608223,,,
3698,0,svm,max,balanced,cached_mxbai,2351,1782204838.0586877,,,
4983,0,svm,max,balanced,cached_mxbai,2352,1782204838.3609047,,,
5122,0,svm,max,balanced,cached_mxbai,2353,1782204838.6583238,,,
3367,0,svm,max,balanced,cached_mxbai,2354,1782204838.9681525,,,
5224,0,svm,max,balanced,cached_mxbai,2355,1782204839.2681243,,,
752,0,svm,max,balanced,cached_mxbai,2356,1782204839.5724833,,,
3456,0,svm,max,balanced,cached_mxbai,2357,1782204839.8742847,,,
4795,0,svm,max,balanced,cached_mxbai,2358,1782204840.1637192,,,
9622,0,svm,max,balanced,cached_mxbai,2359,1782204840.4597344,,,
703,0,svm,max,balanced,cached_mxbai,2360,1782204840.7436454,,,
33,0,svm,max,balanced,cached_mxbai,2361,1782204841.0468855,,,
10360,0,svm,max,balanced,cached_mxbai,2362,1782204841.33905,,,
7059,0,svm,max,balanced,cached_mxbai,2363,1782204841.6226926,,,
4866,0,svm,max,balanced,cached_mxbai,2364,1782204841.9337077,,,
1809,0,svm,max,balanced,cached_mxbai,2365,1782204842.2418478,,,
4156,0,svm,max,balanced,cached_mxbai,2366,1782204842.5308387,,,
9530,0,svm,max,balanced,cached_mxbai,2367,1782204842.8352535,,,
2346,0,svm,max,balanced,cached_mxbai,2368,1782204843.120027,,,
5135,0,svm,max,balanced,cached_mxbai,2369,1782204843.4595697,,,
3351,0,svm,max,balanced,cached_mxbai,2370,1782204843.7737575,,,
723,0,svm,max,balanced,cached_mxbai,2371,1782204844.1015065,,,
10536,0,svm,max,balanced,cached_mxbai,2372,1782204844.399149,,,
9341,0,svm,max,balanced,cached_mxbai,2373,1782204844.6770575,,,
5094,0,svm,max,balanced,cached_mxbai,2374,1782204844.981542,,,
2769,0,svm,max,balanced,cached_mxbai,2375,1782204845.2993002,,,
10096,0,svm,max,balanced,cached_mxbai,2376,1782204845.5993319,,,
4395,0,svm,max,balanced,cached_mxbai,2377,1782204845.89446,,,
5015,0,svm,max,balanced,cached_mxbai,2378,1782204846.1864018,,,
10402,0,svm,max,balanced,cached_mxbai,2379,1782204846.4894848,,,
3674,0,svm,max,balanced,cached_mxbai,2380,1782204846.7676446,,,
4769,0,svm,max,balanced,cached_mxbai,2381,1782204847.0686753,,,
6555,0,svm,max,balanced,cached_mxbai,2382,1782204847.3705742,,,
8642,0,svm,max,balanced,cached_mxbai,2383,1782204847.6532352,,,
4266,0,svm,max,balanced,cached_mxbai,2384,1782204847.9566593,,,
5117,0,svm,max,balanced,cached_mxbai,2385,1782204848.2457852,,,
4694,0,svm,max,balanced,cached_mxbai,2386,1782204848.5378888,,,
3703,0,svm,max,balanced,cached_mxbai,2387,1782204848.8408382,,,
7349,0,svm,max,balanced,cached_mxbai,2388,1782204849.1253223,,,
5539,0,svm,max,balanced,cached_mxbai,2389,1782204849.4283848,,,
9106,0,svm,max,balanced,cached_mxbai,2390,1782204849.710798,,,
4972,0,svm,max,balanced,cached_mxbai,2391,1782204849.9977918,,,
8144,0,svm,max,balanced,cached_mxbai,2392,1782204850.3028722,,,
7709,0,svm,max,balanced,cached_mxbai,2393,1782204850.5808947,,,
7805,0,svm,max,balanced,cached_mxbai,2394,1782204850.881926,,,
3662,0,svm,max,balanced,cached_mxbai,2395,1782204851.169371,,,
4052,0,svm,max,balanced,cached_mxbai,2396,1782204851.4566357,,,
3581,0,svm,max,balanced,cached_mxbai,2397,1782204851.760138,,,
8033,0,svm,max,balanced,cached_mxbai,2398,1782204852.0440757,,,
115,0,svm,max,balanced,cached_mxbai,2399,1782204852.3560514,,,
10497,0,svm,max,balanced,cached_mxbai,2400,1782204852.6456754,,,
4518,0,svm,max,balanced,cached_mxbai,2401,1782204852.9362276,,,
3951,0,svm,max,balanced,cached_mxbai,2402,1782204853.2395554,,,
2673,0,svm,max,balanced,cached_mxbai,2403,1782204853.5228837,,,
7766,0,svm,max,balanced,cached_mxbai,2404,1782204853.8251355,,,
9505,0,svm,max,balanced,cached_mxbai,2405,1782204854.1168394,,,
5459,0,svm,max,balanced,cached_mxbai,2406,1782204854.3979137,,,
3405,0,svm,max,balanced,cached_mxbai,2407,1782204854.6984265,,,
4614,0,svm,max,balanced,cached_mxbai,2408,1782204854.9812424,,,
5166,0,svm,max,balanced,cached_mxbai,2409,1782204855.315296,,,
8309,0,svm,max,balanced,cached_mxbai,2410,1782204855.610221,,,
6896,0,svm,max,balanced,cached_mxbai,2411,1782204855.9076977,,,
5864,0,svm,max,balanced,cached_mxbai,2412,1782204856.21918,,,
10002,0,svm,max,balanced,cached_mxbai,2413,1782204856.5018704,,,
1197,0,svm,max,balanced,cached_mxbai,2414,1782204856.8091633,,,
4300,0,svm,max,balanced,cached_mxbai,2415,1782204857.0967338,,,
6426,0,svm,max,balanced,cached_mxbai,2416,1782204857.388219,,,
4288,0,svm,max,balanced,cached_mxbai,2417,1782204857.6861794,,,
3642,0,svm,max,balanced,cached_mxbai,2418,1782204857.968999,,,
7570,0,svm,max,balanced,cached_mxbai,2419,1782204858.274812,,,
3215,0,svm,max,balanced,cached_mxbai,2420,1782204858.5599284,,,
6759,0,svm,max,balanced,cached_mxbai,2421,1782204858.8537626,,,
4028,0,svm,max,balanced,cached_mxbai,2422,1782204859.1428945,,,
1590,0,svm,max,balanced,cached_mxbai,2423,1782204859.4433475,,,
6835,0,svm,max,balanced,cached_mxbai,2424,1782204859.738066,,,
4206,0,svm,max,balanced,cached_mxbai,2425,1782204860.0277126,,,
388,0,svm,max,balanced,cached_mxbai,2426,1782204860.320789,,,
10445,0,svm,max,balanced,cached_mxbai,2427,1782204860.6131492,,,
3163,0,svm,max,balanced,cached_mxbai,2428,1782204860.9112473,,,
5124,0,svm,max,balanced,cached_mxbai,2429,1782204861.2052917,,,
4859,0,svm,max,balanced,cached_mxbai,2430,1782204861.5023003,,,
7307,0,svm,max,balanced,cached_mxbai,2431,1782204861.7962108,,,
5057,0,svm,max,balanced,cached_mxbai,2432,1782204862.090967,,,
5121,0,svm,max,balanced,cached_mxbai,2433,1782204862.3885279,,,
3730,0,svm,max,balanced,cached_mxbai,2434,1782204862.6870663,,,
8871,0,svm,max,balanced,cached_mxbai,2435,1782204862.9930348,,,
73,0,svm,max,balanced,cached_mxbai,2436,1782204863.29239,,,
3406,0,svm,max,balanced,cached_mxbai,2437,1782204863.5960603,,,
4428,0,svm,max,balanced,cached_mxbai,2438,1782204863.906204,,,
2868,0,svm,max,balanced,cached_mxbai,2439,1782204864.2038805,,,
5428,0,svm,max,balanced,cached_mxbai,2440,1782204864.4904888,,,
561,0,svm,max,balanced,cached_mxbai,2441,1782204864.8001215,,,
4878,0,svm,max,balanced,cached_mxbai,2442,1782204865.1326537,,,
7041,0,svm,max,balanced,cached_mxbai,2443,1782204865.5084183,,,
10125,0,svm,max,balanced,cached_mxbai,2444,1782204865.8461654,,,
513,0,svm,max,balanced,cached_mxbai,2445,1782204866.194414,,,
394,0,svm,max,balanced,cached_mxbai,2446,1782204866.516387,,,
1107,0,svm,max,balanced,cached_mxbai,2447,1782204866.8561249,,,
4898,0,svm,max,balanced,cached_mxbai,2448,1782204867.1888988,,,
9335,0,svm,max,balanced,cached_mxbai,2449,1782204867.5191445,,,
5392,0,svm,max,balanced,cached_mxbai,2450,1782204867.864874,,,
1323,0,svm,max,balanced,cached_mxbai,2451,1782204868.196224,,,
4945,0,svm,max,balanced,cached_mxbai,2452,1782204868.546888,,,
4651,0,svm,max,balanced,cached_mxbai,2453,1782204868.874746,,,
8950,0,svm,max,balanced,cached_mxbai,2454,1782204869.2442856,,,
8476,0,svm,max,balanced,cached_mxbai,2455,1782204869.5731795,,,
8060,0,svm,max,balanced,cached_mxbai,2456,1782204869.9193308,,,
3560,0,svm,max,balanced,cached_mxbai,2457,1782204870.242361,,,
6473,0,svm,max,balanced,cached_mxbai,2458,1782204870.5920093,,,
4238,0,svm,max,balanced,cached_mxbai,2459,1782204870.9158998,,,
4924,0,svm,max,balanced,cached_mxbai,2460,1782204871.264919,,,
7007,0,svm,max,balanced,cached_mxbai,2461,1782204871.5978777,,,
905,0,svm,max,balanced,cached_mxbai,2462,1782204871.9328566,,,
8891,0,svm,max,balanced,cached_mxbai,2463,1782204872.2725835,,,
1400,0,svm,max,balanced,cached_mxbai,2464,1782204872.6038167,,,
4218,0,svm,max,balanced,cached_mxbai,2465,1782204872.9486427,,,
5433,0,svm,max,balanced,cached_mxbai,2466,1782204873.2753153,,,
3467,0,svm,max,balanced,cached_mxbai,2467,1782204873.6295965,,,
4696,0,svm,max,balanced,cached_mxbai,2468,1782204873.9607377,,,
6178,0,svm,max,balanced,cached_mxbai,2469,1782204874.3160522,,,
8005,0,svm,max,balanced,cached_mxbai,2470,1782204874.6425054,,,
4997,0,svm,max,balanced,cached_mxbai,2471,1782204874.9928823,,,
3937,0,svm,max,balanced,cached_mxbai,2472,1782204875.3407464,,,
1058,0,svm,max,balanced,cached_mxbai,2473,1782204875.692142,,,
9046,0,svm,max,balanced,cached_mxbai,2474,1782204876.0463347,,,
1011,0,svm,max,balanced,cached_mxbai,2475,1782204876.3954532,,,
5787,0,svm,max,balanced,cached_mxbai,2476,1782204876.7474678,,,
2439,0,svm,max,balanced,cached_mxbai,2477,1782204877.0905116,,,
3203,0,svm,max,balanced,cached_mxbai,2478,1782204877.4588401,,,
3585,0,svm,max,balanced,cached_mxbai,2479,1782204877.804861,,,
4768,0,svm,max,balanced,cached_mxbai,2480,1782204878.1628187,,,
10080,0,svm,max,balanced,cached_mxbai,2481,1782204878.506968,,,
3542,0,svm,max,balanced,cached_mxbai,2482,1782204878.8614242,,,
4925,0,svm,max,balanced,cached_mxbai,2483,1782204879.1947863,,,
10464,0,svm,max,balanced,cached_mxbai,2484,1782204879.5606997,,,
3503,0,svm,max,balanced,cached_mxbai,2485,1782204879.8911257,,,
6225,0,svm,max,balanced,cached_mxbai,2486,1782204880.2490475,,,
4672,0,svm,max,balanced,cached_mxbai,2487,1782204880.5758488,,,
104,0,svm,max,balanced,cached_mxbai,2488,1782204880.9323838,,,
5215,0,svm,max,balanced,cached_mxbai,2489,1782204881.2692153,,,
3379,0,svm,max,balanced,cached_mxbai,2490,1782204881.626722,,,
5800,0,svm,max,balanced,cached_mxbai,2491,1782204881.9536748,,,
2799,0,svm,max,balanced,cached_mxbai,2492,1782204882.3064454,,,
8351,0,svm,max,balanced,cached_mxbai,2493,1782204882.642595,,,
6240,0,svm,max,balanced,cached_mxbai,2494,1782204882.985157,,,
2535,0,svm,max,balanced,cached_mxbai,2495,1782204883.3273892,,,
1731,0,svm,max,balanced,cached_mxbai,2496,1782204883.6729922,,,
3658,0,svm,max,balanced,cached_mxbai,2497,1782204884.0168533,,,
4888,0,svm,max,balanced,cached_mxbai,2498,1782204884.353145,,,
4402,0,svm,max,balanced,cached_mxbai,2499,1782204884.66892,,,
9389,0,svm,max,balanced,cached_mxbai,2500,1782204884.9637012,,,
868,0,svm,max,balanced,cached_mxbai,2501,1782204885.3557281,,,
6773,0,svm,max,balanced,cached_mxbai,2502,1782204885.6571019,,,
9593,0,svm,max,balanced,cached_mxbai,2503,1782204885.9731262,,,
7271,0,svm,max,balanced,cached_mxbai,2504,1782204886.2762744,,,
9748,0,svm,max,balanced,cached_mxbai,2505,1782204886.5810516,,,
5427,0,svm,max,balanced,cached_mxbai,2506,1782204886.8915188,,,
3733,0,svm,max,balanced,cached_mxbai,2507,1782204887.18979,,,
9554,0,svm,max,balanced,cached_mxbai,2508,1782204887.5079658,,,
4841,0,svm,max,balanced,cached_mxbai,2509,1782204887.8055296,,,
1937,0,svm,max,balanced,cached_mxbai,2510,1782204888.1113274,,,
3772,0,svm,max,balanced,cached_mxbai,2511,1782204888.4218986,,,
5382,0,svm,max,balanced,cached_mxbai,2512,1782204888.7220137,,,
5233,0,svm,max,balanced,cached_mxbai,2513,1782204889.0439425,,,
10130,0,svm,max,balanced,cached_mxbai,2514,1782204889.3392904,,,
4367,0,svm,max,balanced,cached_mxbai,2515,1782204889.6505144,,,
4500,0,svm,max,balanced,cached_mxbai,2516,1782204889.9503326,,,
9950,0,svm,max,balanced,cached_mxbai,2517,1782204890.2515326,,,
299,0,svm,max,balanced,cached_mxbai,2518,1782204890.5647728,,,
4999,0,svm,max,balanced,cached_mxbai,2519,1782204890.8588393,,,
10070,0,svm,max,balanced,cached_mxbai,2520,1782204891.182078,,,
8949,0,svm,max,balanced,cached_mxbai,2521,1782204891.4788465,,,
7578,0,svm,max,balanced,cached_mxbai,2522,1782204891.782259,,,
3584,0,svm,max,balanced,cached_mxbai,2523,1782204892.0962327,,,
1539,0,svm,max,balanced,cached_mxbai,2524,1782204892.3956819,,,
8579,0,svm,max,balanced,cached_mxbai,2525,1782204892.7134988,,,
9795,0,svm,max,balanced,cached_mxbai,2526,1782204893.012855,,,
9303,0,svm,max,balanced,cached_mxbai,2527,1782204893.3233073,,,
4921,0,svm,max,balanced,cached_mxbai,2528,1782204893.631166,,,
9014,0,svm,max,balanced,cached_mxbai,2529,1782204893.9251516,,,
6579,0,svm,max,balanced,cached_mxbai,2530,1782204894.2423048,,,
3148,0,svm,max,balanced,cached_mxbai,2531,1782204894.5429232,,,
10190,0,svm,max,balanced,cached_mxbai,2532,1782204894.8614805,,,
7350,0,svm,max,balanced,cached_mxbai,2533,1782204895.1792212,,,
835,0,svm,max,balanced,cached_mxbai,2534,1782204895.5095224,,,
5827,0,svm,max,balanced,cached_mxbai,2535,1782204895.8296418,,,
8612,0,svm,max,balanced,cached_mxbai,2536,1782204896.1319575,,,
4944,0,svm,max,balanced,cached_mxbai,2537,1782204896.457706,,,
3879,0,svm,max,balanced,cached_mxbai,2538,1782204896.7683096,,,
3110,0,svm,max,balanced,cached_mxbai,2539,1782204897.0947,,,
9319,0,svm,max,balanced,cached_mxbai,2540,1782204897.4166272,,,
4803,0,svm,max,balanced,cached_mxbai,2541,1782204897.72758,,,
5170,0,svm,max,balanced,cached_mxbai,2542,1782204898.0515907,,,
9735,0,svm,max,balanced,cached_mxbai,2543,1782204898.360102,,,
4913,0,svm,max,balanced,cached_mxbai,2544,1782204898.6885793,,,
3651,0,svm,max,balanced,cached_mxbai,2545,1782204898.9975863,,,
4194,0,svm,max,balanced,cached_mxbai,2546,1782204899.3230426,,,
7107,0,svm,max,balanced,cached_mxbai,2547,1782204899.6382964,,,
7518,0,svm,max,balanced,cached_mxbai,2548,1782204899.9453876,,,
8039,0,svm,max,balanced,cached_mxbai,2549,1782204900.2725852,,,
7667,0,svm,max,balanced,cached_mxbai,2550,1782204900.573453,,,
7455,0,svm,max,balanced,cached_mxbai,2551,1782204900.9035423,,,
5585,0,svm,max,balanced,cached_mxbai,2552,1782204901.2146106,,,
65,0,svm,max,balanced,cached_mxbai,2553,1782204901.5397806,,,
1281,0,svm,max,balanced,cached_mxbai,2554,1782204901.8630385,,,
9197,0,svm,max,balanced,cached_mxbai,2555,1782204902.1658263,,,
4516,0,svm,max,balanced,cached_mxbai,2556,1782204902.4951177,,,
4208,0,svm,max,balanced,cached_mxbai,2557,1782204902.804848,,,
5794,0,svm,max,balanced,cached_mxbai,2558,1782204903.128657,,,
4213,0,svm,max,balanced,cached_mxbai,2559,1782204903.4293685,,,
5741,0,svm,max,balanced,cached_mxbai,2560,1782204903.7553113,,,
4630,0,svm,max,balanced,cached_mxbai,2561,1782204904.058235,,,
10546,0,svm,max,balanced,cached_mxbai,2562,1782204904.3608537,,,
8424,0,svm,max,balanced,cached_mxbai,2563,1782204904.6876442,,,
10543,0,svm,max,balanced,cached_mxbai,2564,1782204904.9841523,,,
3122,0,svm,max,balanced,cached_mxbai,2565,1782204905.3291829,,,
3883,0,svm,max,balanced,cached_mxbai,2566,1782204905.6320312,,,
3208,0,svm,max,balanced,cached_mxbai,2567,1782204905.94565,,,
9283,0,svm,max,balanced,cached_mxbai,2568,1782204906.275815,,,
4992,0,svm,max,balanced,cached_mxbai,2569,1782204906.5841258,,,
3828,0,svm,max,balanced,cached_mxbai,2570,1782204906.9107902,,,
28,0,svm,max,balanced,cached_mxbai,2571,1782204907.2262673,,,
818,0,svm,max,balanced,cached_mxbai,2572,1782204907.5556817,,,
10085,0,svm,max,balanced,cached_mxbai,2573,1782204907.8685486,,,
1866,0,svm,max,balanced,cached_mxbai,2574,1782204908.1791098,,,
4172,0,svm,max,balanced,cached_mxbai,2575,1782204908.5104022,,,
9977,0,svm,max,balanced,cached_mxbai,2576,1782204908.8235435,,,
3442,0,svm,max,balanced,cached_mxbai,2577,1782204909.1556787,,,
54,0,svm,max,balanced,cached_mxbai,2578,1782204909.4677343,,,
9931,0,svm,max,balanced,cached_mxbai,2579,1782204909.7915869,,,
9354,0,svm,max,balanced,cached_mxbai,2580,1782204910.1126704,,,
7338,0,svm,max,balanced,cached_mxbai,2581,1782204910.454989,,,
4609,0,svm,max,balanced,cached_mxbai,2582,1782204910.7848594,,,
8699,0,svm,max,balanced,cached_mxbai,2583,1782204911.102654,,,
1758,0,svm,max,balanced,cached_mxbai,2584,1782204911.435395,,,
3131,0,svm,max,balanced,cached_mxbai,2585,1782204911.7480414,,,
3833,0,svm,max,balanced,cached_mxbai,2586,1782204912.0860212,,,
10358,0,svm,max,balanced,cached_mxbai,2587,1782204912.414061,,,
424,0,svm,max,balanced,cached_mxbai,2588,1782204912.759041,,,
795,0,svm,max,balanced,cached_mxbai,2589,1782204913.103307,,,
523,0,svm,max,balanced,cached_mxbai,2590,1782204913.4439943,,,
1715,0,svm,max,balanced,cached_mxbai,2591,1782204913.7701209,,,
3814,0,svm,max,balanced,cached_mxbai,2592,1782204914.08454,,,
4900,0,svm,max,balanced,cached_mxbai,2593,1782204914.4264822,,,
4073,0,svm,max,balanced,cached_mxbai,2594,1782204914.7412972,,,
3648,0,svm,max,balanced,cached_mxbai,2595,1782204915.087498,,,
8054,0,svm,max,balanced,cached_mxbai,2596,1782204915.4319646,,,
1324,0,svm,max,balanced,cached_mxbai,2597,1782204915.768213,,,
5187,0,svm,max,balanced,cached_mxbai,2598,1782204916.0837421,,,
4492,0,svm,max,balanced,cached_mxbai,2599,1782204916.448045,,,
1376,0,svm,max,balanced,cached_mxbai,2600,1782204916.806942,,,
6593,0,svm,max,balanced,cached_mxbai,2601,1782204917.163254,,,
6061,0,svm,max,balanced,cached_mxbai,2602,1782204917.5213487,,,
1069,0,svm,max,balanced,cached_mxbai,2603,1782204917.8683412,,,
4989,0,svm,max,balanced,cached_mxbai,2604,1782204918.2361772,,,
6404,0,svm,max,balanced,cached_mxbai,2605,1782204918.5475392,,,
4019,0,svm,max,balanced,cached_mxbai,2606,1782204918.9241736,,,
1635,0,svm,max,balanced,cached_mxbai,2607,1782204919.2391484,,,
289,0,svm,max,balanced,cached_mxbai,2608,1782204919.5755196,,,
4879,0,svm,max,balanced,cached_mxbai,2609,1782204919.8961372,,,
9909,0,svm,max,balanced,cached_mxbai,2610,1782204920.2331715,,,
3927,0,svm,max,balanced,cached_mxbai,2611,1782204920.5618536,,,
1670,0,svm,max,balanced,cached_mxbai,2612,1782204920.8931177,,,
4470,0,svm,max,balanced,cached_mxbai,2613,1782204921.2270124,,,
10295,0,svm,max,balanced,cached_mxbai,2614,1782204921.5555491,,,
9056,0,svm,max,balanced,cached_mxbai,2615,1782204921.8884099,,,
4916,0,svm,max,balanced,cached_mxbai,2616,1782204922.2061095,,,
3714,0,svm,max,balanced,cached_mxbai,2617,1782204922.5533924,,,
6486,0,svm,max,balanced,cached_mxbai,2618,1782204922.9013097,,,
3708,0,svm,max,balanced,cached_mxbai,2619,1782204923.285463,,,
4485,0,svm,max,balanced,cached_mxbai,2620,1782204923.6328928,,,
8180,0,svm,max,balanced,cached_mxbai,2621,1782204924.003611,,,
4337,0,svm,max,balanced,cached_mxbai,2622,1782204924.3670676,,,
758,0,svm,max,balanced,cached_mxbai,2623,1782204924.7303238,,,
3617,0,svm,max,balanced,cached_mxbai,2624,1782204925.1055505,,,
5152,0,svm,max,balanced,cached_mxbai,2625,1782204925.496206,,,
10218,0,svm,max,balanced,cached_mxbai,2626,1782204925.8655787,,,
5613,0,svm,max,balanced,cached_mxbai,2627,1782204926.2229557,,,
10506,0,svm,max,balanced,cached_mxbai,2628,1782204926.5913184,,,
7970,0,svm,max,balanced,cached_mxbai,2629,1782204926.9545908,,,
3535,0,svm,max,balanced,cached_mxbai,2630,1782204927.324307,,,
1891,0,svm,max,balanced,cached_mxbai,2631,1782204927.6944184,,,
4981,0,svm,max,balanced,cached_mxbai,2632,1782204928.0688841,,,
8654,0,svm,max,balanced,cached_mxbai,2633,1782204928.4342973,,,
1787,0,svm,max,balanced,cached_mxbai,2634,1782204928.8120387,,,
9869,0,svm,max,balanced,cached_mxbai,2635,1782204929.19171,,,
688,0,svm,max,balanced,cached_mxbai,2636,1782204929.5433092,,,
1548,0,svm,max,balanced,cached_mxbai,2637,1782204929.9170218,,,
4018,0,svm,max,balanced,cached_mxbai,2638,1782204930.2741902,,,
2586,0,svm,max,balanced,cached_mxbai,2639,1782204930.6475208,,,
2129,0,svm,max,balanced,cached_mxbai,2640,1782204931.0036092,,,
3388,0,svm,max,balanced,cached_mxbai,2641,1782204931.3860788,,,
7424,0,svm,max,balanced,cached_mxbai,2642,1782204931.7366853,,,
8782,0,svm,max,balanced,cached_mxbai,2643,1782204932.1195006,,,
566,0,svm,max,balanced,cached_mxbai,2644,1782204932.4706507,,,
3490,0,svm,max,balanced,cached_mxbai,2645,1782204932.8496222,,,
4105,0,svm,max,balanced,cached_mxbai,2646,1782204933.2198622,,,
4613,0,svm,max,balanced,cached_mxbai,2647,1782204933.6042275,,,
9660,0,svm,max,balanced,cached_mxbai,2648,1782204933.956506,,,
5439,0,svm,max,balanced,cached_mxbai,2649,1782204934.347244,,,
7550,0,svm,max,balanced,cached_mxbai,2650,1782204934.7216449,,,
4524,0,svm,max,balanced,cached_mxbai,2651,1782204935.1255748,,,
3312,0,svm,max,balanced,cached_mxbai,2652,1782204935.502599,,,
3295,0,svm,max,balanced,cached_mxbai,2653,1782204935.8802702,,,
5497,0,svm,max,balanced,cached_mxbai,2654,1782204936.2338173,,,
1481,0,svm,max,balanced,cached_mxbai,2655,1782204936.6154978,,,
10370,0,svm,max,balanced,cached_mxbai,2656,1782204936.9655988,,,
3457,0,svm,max,balanced,cached_mxbai,2657,1782204937.3455276,,,
4303,0,svm,max,balanced,cached_mxbai,2658,1782204937.705061,,,
6443,0,svm,max,balanced,cached_mxbai,2659,1782204938.0899193,,,
3358,0,svm,max,balanced,cached_mxbai,2660,1782204938.446233,,,
897,0,svm,max,balanced,cached_mxbai,2661,1782204938.8311143,,,
4690,0,svm,max,balanced,cached_mxbai,2662,1782204939.195454,,,
1609,0,svm,max,balanced,cached_mxbai,2663,1782204939.578947,,,
512,0,svm,max,balanced,cached_mxbai,2664,1782204939.9410515,,,
6489,0,svm,max,balanced,cached_mxbai,2665,1782204940.3191683,,,
7529,0,svm,max,balanced,cached_mxbai,2666,1782204940.6799796,,,
5803,0,svm,max,balanced,cached_mxbai,2667,1782204941.0676653,,,
6334,0,svm,max,balanced,cached_mxbai,2668,1782204941.4367654,,,
8012,0,svm,max,balanced,cached_mxbai,2669,1782204941.826994,,,
9386,0,svm,max,balanced,cached_mxbai,2670,1782204942.196608,,,
1200,0,svm,max,balanced,cached_mxbai,2671,1782204942.591999,,,
7038,0,svm,max,balanced,cached_mxbai,2672,1782204942.9634805,,,
2256,0,svm,max,balanced,cached_mxbai,2673,1782204943.356458,,,
8248,0,svm,max,balanced,cached_mxbai,2674,1782204943.7209406,,,
10387,0,svm,max,balanced,cached_mxbai,2675,1782204944.0905232,,,
8762,0,svm,max,balanced,cached_mxbai,2676,1782204944.4442034,,,
5811,0,svm,max,balanced,cached_mxbai,2677,1782204944.8186421,,,
9791,0,svm,max,balanced,cached_mxbai,2678,1782204945.1759667,,,
6291,0,svm,max,balanced,cached_mxbai,2679,1782204945.5737295,,,
690,0,svm,max,balanced,cached_mxbai,2680,1782204945.9268095,,,
1661,0,svm,max,balanced,cached_mxbai,2681,1782204946.307758,,,
6973,0,svm,max,balanced,cached_mxbai,2682,1782204946.658933,,,
4182,0,svm,max,balanced,cached_mxbai,2683,1782204947.0352876,,,
6445,0,svm,max,balanced,cached_mxbai,2684,1782204947.3841348,,,
4762,0,svm,max,balanced,cached_mxbai,2685,1782204947.7571833,,,
3249,0,svm,max,balanced,cached_mxbai,2686,1782204948.1104536,,,
10282,0,svm,max,balanced,cached_mxbai,2687,1782204948.4846764,,,
8615,0,svm,max,balanced,cached_mxbai,2688,1782204948.8415444,,,
3525,0,svm,max,balanced,cached_mxbai,2689,1782204949.2185593,,,
2951,0,svm,max,balanced,cached_mxbai,2690,1782204949.575771,,,
10433,0,svm,max,balanced,cached_mxbai,2691,1782204949.9520235,,,
4118,0,svm,max,balanced,cached_mxbai,2692,1782204950.3035371,,,
9366,0,svm,max,balanced,cached_mxbai,2693,1782204950.6809034,,,
10587,0,svm,max,balanced,cached_mxbai,2694,1782204951.0321531,,,
4560,0,svm,max,balanced,cached_mxbai,2695,1782204951.405827,,,
428,0,svm,max,balanced,cached_mxbai,2696,1782204951.7555225,,,
2082,0,svm,max,balanced,cached_mxbai,2697,1782204952.1341007,,,
4695,0,svm,max,balanced,cached_mxbai,2698,1782204952.485697,,,
4404,0,svm,max,balanced,cached_mxbai,2699,1782204952.864196,,,
3321,0,svm,max,balanced,cached_mxbai,2700,1782204953.2179992,,,
4158,0,svm,max,balanced,cached_mxbai,2701,1782204953.5954747,,,
2417,0,svm,max,balanced,cached_mxbai,2702,1782204953.94721,,,
7913,0,svm,max,balanced,cached_mxbai,2703,1782204954.3317533,,,
7870,0,svm,max,balanced,cached_mxbai,2704,1782204954.6870253,,,
3384,0,svm,max,balanced,cached_mxbai,2705,1782204955.0660384,,,
1310,0,svm,max,balanced,cached_mxbai,2706,1782204955.4393618,,,
8974,0,svm,max,balanced,cached_mxbai,2707,1782204955.81647,,,
8805,0,svm,max,balanced,cached_mxbai,2708,1782204956.1699603,,,
4133,0,svm,max,balanced,cached_mxbai,2709,1782204956.5517557,,,
4724,0,svm,max,balanced,cached_mxbai,2710,1782204956.9076817,,,
5241,0,svm,max,balanced,cached_mxbai,2711,1782204957.294706,,,
5196,0,svm,max,balanced,cached_mxbai,2712,1782204957.6487498,,,
4908,0,svm,max,balanced,cached_mxbai,2713,1782204958.02629,,,
5291,0,svm,max,balanced,cached_mxbai,2714,1782204958.3882227,,,
4143,0,svm,max,balanced,cached_mxbai,2715,1782204958.770033,,,
7341,0,svm,max,balanced,cached_mxbai,2716,1782204959.1218665,,,
3725,0,svm,max,balanced,cached_mxbai,2717,1782204959.504795,,,
4339,0,svm,max,balanced,cached_mxbai,2718,1782204959.8554046,,,
10216,0,svm,max,balanced,cached_mxbai,2719,1782204960.2382872,,,
9117,0,svm,max,balanced,cached_mxbai,2720,1782204960.6038046,,,
4578,0,svm,max,balanced,cached_mxbai,2721,1782204960.9788907,,,
6557,0,svm,max,balanced,cached_mxbai,2722,1782204961.344171,,,
3845,0,svm,max,balanced,cached_mxbai,2723,1782204961.7250574,,,
9003,0,svm,max,balanced,cached_mxbai,2724,1782204962.088837,,,
9790,0,svm,max,balanced,cached_mxbai,2725,1782204962.4808755,,,
685,0,svm,max,balanced,cached_mxbai,2726,1782204962.843831,,,
5978,0,svm,max,balanced,cached_mxbai,2727,1782204963.234661,,,
3246,0,svm,max,balanced,cached_mxbai,2728,1782204963.6014926,,,
4640,0,svm,max,balanced,cached_mxbai,2729,1782204963.9901068,,,
8193,0,svm,max,balanced,cached_mxbai,2730,1782204964.356672,,,
550,0,svm,max,balanced,cached_mxbai,2731,1782204964.744546,,,
7429,0,svm,max,balanced,cached_mxbai,2732,1782204965.109537,,,
10233,0,svm,max,balanced,cached_mxbai,2733,1782204965.5263171,,,
5758,0,svm,max,balanced,cached_mxbai,2734,1782204965.9073508,,,
2487,0,svm,max,balanced,cached_mxbai,2735,1782204966.2860365,,,
4820,0,svm,max,balanced,cached_mxbai,2736,1782204966.656261,,,
1274,0,svm,max,balanced,cached_mxbai,2737,1782204967.034189,,,
3579,0,svm,max,balanced,cached_mxbai,2738,1782204967.407121,,,
42,0,svm,max,balanced,cached_mxbai,2739,1782204967.7953026,,,
8025,0,svm,max,balanced,cached_mxbai,2740,1782204968.173777,,,
8051,0,svm,max,balanced,cached_mxbai,2741,1782204968.5477405,,,
406,0,svm,max,balanced,cached_mxbai,2742,1782204968.9281354,,,
9318,0,svm,max,balanced,cached_mxbai,2743,1782204969.307102,,,
10004,0,svm,max,balanced,cached_mxbai,2744,1782204969.6902251,,,
1527,0,svm,max,balanced,cached_mxbai,2745,1782204970.061364,,,
3610,0,svm,max,balanced,cached_mxbai,2746,1782204970.449236,,,
650,0,svm,max,balanced,cached_mxbai,2747,1782204970.8231199,,,
3565,0,svm,max,balanced,cached_mxbai,2748,1782204971.2096143,,,
4535,0,svm,max,balanced,cached_mxbai,2749,1782204971.5798535,,,
3839,0,svm,max,balanced,cached_mxbai,2750,1782204971.955627,,,
8152,0,svm,max,balanced,cached_mxbai,2751,1782204972.3181734,,,
7285,0,svm,max,balanced,cached_mxbai,2752,1782204972.70372,,,
7191,0,svm,max,balanced,cached_mxbai,2753,1782204973.0630481,,,
5810,0,svm,max,balanced,cached_mxbai,2754,1782204973.4447076,,,
7277,0,svm,max,balanced,cached_mxbai,2755,1782204973.8071206,,,
701,0,svm,max,balanced,cached_mxbai,2756,1782204974.1836898,,,
6717,0,svm,max,balanced,cached_mxbai,2757,1782204974.5498698,,,
3202,0,svm,max,balanced,cached_mxbai,2758,1782204974.9310138,,,
3079,0,svm,max,balanced,cached_mxbai,2759,1782204975.3176556,,,
5194,0,svm,max,balanced,cached_mxbai,2760,1782204975.7052937,,,
5271,0,svm,max,balanced,cached_mxbai,2761,1782204976.0660734,,,
785,0,svm,max,balanced,cached_mxbai,2762,1782204976.4590294,,,
9649,0,svm,max,balanced,cached_mxbai,2763,1782204976.8231156,,,
3513,0,svm,max,balanced,cached_mxbai,2764,1782204977.2107136,,,
9314,0,svm,max,balanced,cached_mxbai,2765,1782204977.5737052,,,
1435,0,svm,max,balanced,cached_mxbai,2766,1782204977.9545705,,,
1592,0,svm,max,balanced,cached_mxbai,2767,1782204978.3093333,,,
4758,0,svm,max,balanced,cached_mxbai,2768,1782204978.6921895,,,
3546,0,svm,max,balanced,cached_mxbai,2769,1782204979.0520444,,,
3755,0,svm,max,balanced,cached_mxbai,2770,1782204979.4360197,,,
1085,0,svm,max,balanced,cached_mxbai,2771,1782204979.7927232,,,
4760,0,svm,max,balanced,cached_mxbai,2772,1782204980.1775773,,,
5949,0,svm,max,balanced,cached_mxbai,2773,1782204980.546067,,,
1789,0,svm,max,balanced,cached_mxbai,2774,1782204980.9433012,,,
1720,0,svm,max,balanced,cached_mxbai,2775,1782204981.3171637,,,
1148,0,svm,max,balanced,cached_mxbai,2776,1782204981.70926,,,
9712,0,svm,max,balanced,cached_mxbai,2777,1782204982.0799875,,,
4472,0,svm,max,balanced,cached_mxbai,2778,1782204982.4790905,,,
5893,0,svm,max,balanced,cached_mxbai,2779,1782204982.8581307,,,
4993,0,svm,max,balanced,cached_mxbai,2780,1782204983.2530842,,,
3976,0,svm,max,balanced,cached_mxbai,2781,1782204983.6397457,,,
5183,0,svm,max,balanced,cached_mxbai,2782,1782204984.0238087,,,
5752,0,svm,max,balanced,cached_mxbai,2783,1782204984.4137344,,,
8779,0,svm,max,balanced,cached_mxbai,2784,1782204984.7977333,,,
9925,0,svm,max,balanced,cached_mxbai,2785,1782204985.1948187,,,
75,0,svm,max,balanced,cached_mxbai,2786,1782204985.5959938,,,
2910,0,svm,max,balanced,cached_mxbai,2787,1782204985.9957361,,,
3968,0,svm,max,balanced,cached_mxbai,2788,1782204986.372871,,,
8859,0,svm,max,balanced,cached_mxbai,2789,1782204986.7796252,,,
9105,0,svm,max,balanced,cached_mxbai,2790,1782204987.1565213,,,
10584,0,svm,max,balanced,cached_mxbai,2791,1782204987.5521805,,,
648,0,svm,max,balanced,cached_mxbai,2792,1782204987.9292486,,,
5514,0,svm,max,balanced,cached_mxbai,2793,1782204988.3175168,,,
1260,0,svm,max,balanced,cached_mxbai,2794,1782204988.6916227,,,
3822,0,svm,max,balanced,cached_mxbai,2795,1782204989.083845,,,
712,0,svm,max,balanced,cached_mxbai,2796,1782204989.467581,,,
7248,0,svm,max,balanced,cached_mxbai,2797,1782204989.8530009,,,
9048,0,svm,max,balanced,cached_mxbai,2798,1782204990.23759,,,
3751,0,svm,max,balanced,cached_mxbai,2799,1782204990.6177163,,,
31,0,svm,max,balanced,cached_mxbai,2800,1782204991.0013888,,,
3773,0,svm,max,balanced,cached_mxbai,2801,1782204991.3834825,,,
3411,0,svm,max,balanced,cached_mxbai,2802,1782204991.7719493,,,
9610,0,svm,max,balanced,cached_mxbai,2803,1782204992.1564357,,,
1046,0,svm,max,balanced,cached_mxbai,2804,1782204992.539898,,,
4583,0,svm,max,balanced,cached_mxbai,2805,1782204992.9314554,,,
120,0,svm,max,balanced,cached_mxbai,2806,1782204993.3171878,,,
1361,0,svm,max,balanced,cached_mxbai,2807,1782204993.7098622,,,
2072,0,svm,max,balanced,cached_mxbai,2808,1782204994.1104057,,,
4234,0,svm,max,balanced,cached_mxbai,2809,1782204994.4832854,,,
4443,0,svm,max,balanced,cached_mxbai,2810,1782204994.8824728,,,
3681,0,svm,max,balanced,cached_mxbai,2811,1782204995.2771282,,,
203,0,svm,max,balanced,cached_mxbai,2812,1782204995.6864822,,,
1007,0,svm,max,balanced,cached_mxbai,2813,1782204996.0634127,,,
3365,0,svm,max,balanced,cached_mxbai,2814,1782204996.4536974,,,
5054,0,svm,max,balanced,cached_mxbai,2815,1782204996.8329282,,,
10183,0,svm,max,balanced,cached_mxbai,2816,1782204997.2203498,,,
5098,0,svm,max,balanced,cached_mxbai,2817,1782204997.6033335,,,
8085,0,svm,max,balanced,cached_mxbai,2818,1782204997.9925478,,,
4294,0,svm,max,balanced,cached_mxbai,2819,1782204998.3824062,,,
9592,0,svm,max,balanced,cached_mxbai,2820,1782204998.7742581,,,
7590,0,svm,max,balanced,cached_mxbai,2821,1782204999.1730518,,,
2569,0,svm,max,balanced,cached_mxbai,2822,1782204999.5797656,,,
1100,0,svm,max,balanced,cached_mxbai,2823,1782204999.9920828,,,
4713,0,svm,max,balanced,cached_mxbai,2824,1782205000.3859878,,,
3875,0,svm,max,balanced,cached_mxbai,2825,1782205000.7972987,,,
7376,0,svm,max,balanced,cached_mxbai,2826,1782205001.1815836,,,
10472,0,svm,max,balanced,cached_mxbai,2827,1782205001.5953784,,,
9858,0,svm,max,balanced,cached_mxbai,2828,1782205001.9790168,,,
389,0,svm,max,balanced,cached_mxbai,2829,1782205002.386485,,,
5062,0,svm,max,balanced,cached_mxbai,2830,1782205002.7747502,,,
2379,0,svm,max,balanced,cached_mxbai,2831,1782205003.1782587,,,
10485,0,svm,max,balanced,cached_mxbai,2832,1782205003.6084378,,,
10364,0,svm,max,balanced,cached_mxbai,2833,1782205004.0447233,,,
8269,0,svm,max,balanced,cached_mxbai,2834,1782205004.4803922,,,
5050,0,svm,max,balanced,cached_mxbai,2835,1782205004.87176,,,
1983,0,svm,max,balanced,cached_mxbai,2836,1782205005.2962337,,,
4113,0,svm,max,balanced,cached_mxbai,2837,1782205005.677286,,,
9053,0,svm,max,balanced,cached_mxbai,2838,1782205006.0846944,,,
8057,0,svm,max,balanced,cached_mxbai,2839,1782205006.4672608,,,
8130,0,svm,max,balanced,cached_mxbai,2840,1782205006.878913,,,
6236,0,svm,max,balanced,cached_mxbai,2841,1782205007.2629364,,,
155,0,svm,max,balanced,cached_mxbai,2842,1782205007.6592102,,,
3268,0,svm,max,balanced,cached_mxbai,2843,1782205008.0513375,,,
1595,0,svm,max,balanced,cached_mxbai,2844,1782205008.4401684,,,
9886,0,svm,max,balanced,cached_mxbai,2845,1782205008.8390841,,,
3739,0,svm,max,balanced,cached_mxbai,2846,1782205009.2336917,,,
3916,0,svm,max,balanced,cached_mxbai,2847,1782205009.6568282,,,
3349,0,svm,max,balanced,cached_mxbai,2848,1782205010.045616,,,
1714,0,svm,max,balanced,cached_mxbai,2849,1782205010.4485514,,,
5640,0,svm,max,balanced,cached_mxbai,2850,1782205010.8350437,,,
7476,0,svm,max,balanced,cached_mxbai,2851,1782205011.2432766,,,
2055,0,svm,max,balanced,cached_mxbai,2852,1782205011.6223965,,,
1458,0,svm,max,balanced,cached_mxbai,2853,1782205012.0194018,,,
5920,0,svm,max,balanced,cached_mxbai,2854,1782205012.408361,,,
1886,0,svm,max,balanced,cached_mxbai,2855,1782205012.8071973,,,
4095,0,svm,max,balanced,cached_mxbai,2856,1782205013.1963542,,,
10061,0,svm,max,balanced,cached_mxbai,2857,1782205013.5872118,,,
4039,0,svm,max,balanced,cached_mxbai,2858,1782205013.979865,,,
3481,0,svm,max,balanced,cached_mxbai,2859,1782205014.372021,,,
9002,0,svm,max,balanced,cached_mxbai,2860,1782205014.7728574,,,
3599,0,svm,max,balanced,cached_mxbai,2861,1782205015.1638381,,,
4512,0,svm,max,balanced,cached_mxbai,2862,1782205015.598298,,,
8565,0,svm,max,balanced,cached_mxbai,2863,1782205015.981497,,,
4409,0,svm,max,balanced,cached_mxbai,2864,1782205016.3870425,,,
8546,0,svm,max,balanced,cached_mxbai,2865,1782205016.7718303,,,
7511,0,svm,max,balanced,cached_mxbai,2866,1782205017.1866796,,,
5146,0,svm,max,balanced,cached_mxbai,2867,1782205017.5793138,,,
7499,0,svm,max,balanced,cached_mxbai,2868,1782205017.984848,,,
943,0,svm,max,balanced,cached_mxbai,2869,1782205018.375394,,,
4002,0,svm,max,balanced,cached_mxbai,2870,1782205018.7726686,,,
4824,0,svm,max,balanced,cached_mxbai,2871,1782205019.1689997,,,
8818,0,svm,max,balanced,cached_mxbai,2872,1782205019.5611877,,,
6928,0,svm,max,balanced,cached_mxbai,2873,1782205019.9650965,,,
3105,0,svm,max,balanced,cached_mxbai,2874,1782205020.3539128,,,
7015,0,svm,max,balanced,cached_mxbai,2875,1782205020.75755,,,
1503,0,svm,max,balanced,cached_mxbai,2876,1782205021.1447845,,,
1627,0,svm,max,balanced,cached_mxbai,2877,1782205021.5507815,,,
2034,0,svm,max,balanced,cached_mxbai,2878,1782205021.9391088,,,
1422,0,svm,max,balanced,cached_mxbai,2879,1782205022.3439767,,,
7617,0,svm,max,balanced,cached_mxbai,2880,1782205022.736638,,,
4607,0,svm,max,balanced,cached_mxbai,2881,1782205023.1461914,,,
3900,0,svm,max,balanced,cached_mxbai,2882,1782205023.5379825,,,
4544,0,svm,max,balanced,cached_mxbai,2883,1782205023.9412563,,,
5892,0,svm,max,balanced,cached_mxbai,2884,1782205024.357516,,,
9873,0,svm,max,balanced,cached_mxbai,2885,1782205024.7461102,,,
3417,0,svm,max,balanced,cached_mxbai,2886,1782205025.1570504,,,
8098,0,svm,max,balanced,cached_mxbai,2887,1782205025.565206,,,
9109,0,svm,max,balanced,cached_mxbai,2888,1782205025.985505,,,
9879,0,svm,max,balanced,cached_mxbai,2889,1782205026.3700986,,,
5236,0,svm,max,balanced,cached_mxbai,2890,1782205026.7717967,,,
7163,0,svm,max,balanced,cached_mxbai,2891,1782205027.1702528,,,
2587,0,svm,max,balanced,cached_mxbai,2892,1782205027.5684829,,,
5619,0,svm,max,balanced,cached_mxbai,2893,1782205027.967798,,,
224,0,svm,max,balanced,cached_mxbai,2894,1782205028.3649433,,,
2667,0,svm,max,balanced,cached_mxbai,2895,1782205028.767421,,,
3815,0,svm,max,balanced,cached_mxbai,2896,1782205029.1693082,,,
3134,0,svm,max,balanced,cached_mxbai,2897,1782205029.5737495,,,
3537,0,svm,max,balanced,cached_mxbai,2898,1782205029.9657693,,,
1632,0,svm,max,balanced,cached_mxbai,2899,1782205030.3764942,,,
9777,0,svm,max,balanced,cached_mxbai,2900,1782205030.7616787,,,
6939,0,svm,max,balanced,cached_mxbai,2901,1782205031.1699016,,,
7827,0,svm,max,balanced,cached_mxbai,2902,1782205031.555299,,,
9546,0,svm,max,balanced,cached_mxbai,2903,1782205031.9616787,,,
4478,0,svm,max,balanced,cached_mxbai,2904,1782205032.3586419,,,
8645,0,svm,max,balanced,cached_mxbai,2905,1782205032.7602565,,,
4872,0,svm,max,balanced,cached_mxbai,2906,1782205033.1610498,,,
3686,0,svm,max,balanced,cached_mxbai,2907,1782205033.5577927,,,
87,0,svm,max,balanced,cached_mxbai,2908,1782205033.9660738,,,
794,0,svm,max,balanced,cached_mxbai,2909,1782205034.3742695,,,
9949,0,svm,max,balanced,cached_mxbai,2910,1782205034.794514,,,
3453,0,svm,max,balanced,cached_mxbai,2911,1782205035.1929088,,,
4346,0,svm,max,balanced,cached_mxbai,2912,1782205035.6346552,,,
4235,0,svm,max,balanced,cached_mxbai,2913,1782205036.0366518,,,
5247,0,svm,max,balanced,cached_mxbai,2914,1782205036.4415905,,,
3970,0,svm,max,balanced,cached_mxbai,2915,1782205036.8406,,,
4704,0,svm,max,balanced,cached_mxbai,2916,1782205037.2452736,,,
6714,0,svm,max,balanced,cached_mxbai,2917,1782205037.643186,,,
6221,0,svm,max,balanced,cached_mxbai,2918,1782205038.0410886,,,
5384,0,svm,max,balanced,cached_mxbai,2919,1782205038.4442747,,,
5545,0,svm,max,balanced,cached_mxbai,2920,1782205038.8446112,,,
8109,0,svm,max,balanced,cached_mxbai,2921,1782205039.2580884,,,
446,0,svm,max,balanced,cached_mxbai,2922,1782205039.6358972,,,
8414,0,svm,max,balanced,cached_mxbai,2923,1782205040.041872,,,
5923,0,svm,max,balanced,cached_mxbai,2924,1782205040.4181035,,,
1365,0,svm,max,balanced,cached_mxbai,2925,1782205040.8198469,,,
4940,0,svm,max,balanced,cached_mxbai,2926,1782205041.2009034,,,
8475,0,svm,max,balanced,cached_mxbai,2927,1782205041.616023,,,
8931,0,svm,max,balanced,cached_mxbai,2928,1782205042.0018892,,,
445,0,svm,max,balanced,cached_mxbai,2929,1782205042.403108,,,
3746,0,svm,max,balanced,cached_mxbai,2930,1782205042.8007739,,,
6356,0,svm,max,balanced,cached_mxbai,2931,1782205043.194404,,,
4232,0,svm,max,balanced,cached_mxbai,2932,1782205043.5853834,,,
3589,0,svm,max,balanced,cached_mxbai,2933,1782205043.9814403,,,
5420,0,svm,max,balanced,cached_mxbai,2934,1782205044.3781052,,,
3228,0,svm,max,balanced,cached_mxbai,2935,1782205044.7739456,,,
5540,0,svm,max,balanced,cached_mxbai,2936,1782205045.1842566,,,
7004,0,svm,max,balanced,cached_mxbai,2937,1782205045.5954678,,,
1101,0,svm,max,balanced,cached_mxbai,2938,1782205046.0014257,,,
2372,0,svm,max,balanced,cached_mxbai,2939,1782205046.38919,,,
4942,0,svm,max,balanced,cached_mxbai,2940,1782205046.7980573,,,
7287,0,svm,max,balanced,cached_mxbai,2941,1782205047.1845477,,,
1482,0,svm,max,balanced,cached_mxbai,2942,1782205047.5872054,,,
4274,0,svm,max,balanced,cached_mxbai,2943,1782205047.9820054,,,
2646,0,svm,max,balanced,cached_mxbai,2944,1782205048.391795,,,
8562,0,svm,max,balanced,cached_mxbai,2945,1782205048.7982664,,,
9526,0,svm,max,balanced,cached_mxbai,2946,1782205049.2047956,,,
979,0,svm,max,balanced,cached_mxbai,2947,1782205049.6014922,,,
3103,0,svm,max,balanced,cached_mxbai,2948,1782205049.9906485,,,
3465,0,svm,max,balanced,cached_mxbai,2949,1782205050.40156,,,
5432,0,svm,max,balanced,cached_mxbai,2950,1782205050.7967818,,,
1544,0,svm,max,balanced,cached_mxbai,2951,1782205051.2166557,,,
7677,0,svm,max,balanced,cached_mxbai,2952,1782205051.6074953,,,
922,0,svm,max,balanced,cached_mxbai,2953,1782205052.023647,,,
5004,0,svm,max,balanced,cached_mxbai,2954,1782205052.424236,,,
4084,0,svm,max,balanced,cached_mxbai,2955,1782205052.8408182,,,
616,0,svm,max,balanced,cached_mxbai,2956,1782205053.2435591,,,
1510,0,svm,max,balanced,cached_mxbai,2957,1782205053.6521857,,,
7516,0,svm,max,balanced,cached_mxbai,2958,1782205054.0552025,,,
9055,0,svm,max,balanced,cached_mxbai,2959,1782205054.4593217,,,
4678,0,svm,max,balanced,cached_mxbai,2960,1782205054.8698165,,,
1404,0,svm,max,balanced,cached_mxbai,2961,1782205055.2984865,,,
4187,0,svm,max,balanced,cached_mxbai,2962,1782205055.7091973,,,
6363,0,svm,max,balanced,cached_mxbai,2963,1782205056.1192687,,,
1700,0,svm,max,balanced,cached_mxbai,2964,1782205056.5179822,,,
4580,0,svm,max,balanced,cached_mxbai,2965,1782205056.925073,,,
4065,0,svm,max,balanced,cached_mxbai,2966,1782205057.3345544,,,
3466,0,svm,max,balanced,cached_mxbai,2967,1782205057.7445536,,,
734,0,svm,max,balanced,cached_mxbai,2968,1782205058.163861,,,
1940,0,svm,max,balanced,cached_mxbai,2969,1782205058.5739946,,,
6371,0,svm,max,balanced,cached_mxbai,2970,1782205058.995252,,,
7437,0,svm,max,balanced,cached_mxbai,2971,1782205059.4192963,,,
2766,0,svm,max,balanced,cached_mxbai,2972,1782205059.8194828,,,
2949,0,svm,max,balanced,cached_mxbai,2973,1782205060.242391,,,
5579,0,svm,max,balanced,cached_mxbai,2974,1782205060.6425788,,,
10222,0,svm,max,balanced,cached_mxbai,2975,1782205061.0601025,,,
3046,0,svm,max,balanced,cached_mxbai,2976,1782205061.4668386,,,
3522,0,svm,max,balanced,cached_mxbai,2977,1782205061.8780782,,,
245,0,svm,max,balanced,cached_mxbai,2978,1782205062.29175,,,
4057,0,svm,max,balanced,cached_mxbai,2979,1782205062.6992536,,,
7763,0,svm,max,balanced,cached_mxbai,2980,1782205063.1211097,,,
5748,0,svm,max,balanced,cached_mxbai,2981,1782205063.5202615,,,
343,0,svm,max,balanced,cached_mxbai,2982,1782205063.9431422,,,
7275,0,svm,max,balanced,cached_mxbai,2983,1782205064.365026,,,
5818,0,svm,max,balanced,cached_mxbai,2984,1782205064.806362,,,
1515,0,svm,max,balanced,cached_mxbai,2985,1782205065.255716,,,
337,0,svm,max,balanced,cached_mxbai,2986,1782205065.674967,,,
7670,0,svm,max,balanced,cached_mxbai,2987,1782205066.0977366,,,
7674,0,svm,max,balanced,cached_mxbai,2988,1782205066.4986253,,,
615,0,svm,max,balanced,cached_mxbai,2989,1782205066.9203315,,,
8936,0,svm,max,balanced,cached_mxbai,2990,1782205067.325128,,,
7533,0,svm,max,balanced,cached_mxbai,2991,1782205067.7387013,,,
4401,0,svm,max,balanced,cached_mxbai,2992,1782205068.1438866,,,
9823,0,svm,max,balanced,cached_mxbai,2993,1782205068.5563784,,,
3996,0,svm,max,balanced,cached_mxbai,2994,1782205068.9757342,,,
1686,0,svm,max,balanced,cached_mxbai,2995,1782205069.3922648,,,
6944,0,svm,max,balanced,cached_mxbai,2996,1782205069.8085773,,,
9140,0,svm,max,balanced,cached_mxbai,2997,1782205070.221958,,,
4174,0,svm,max,balanced,cached_mxbai,2998,1782205070.6420524,,,
6774,0,svm,max,balanced,cached_mxbai,2999,1782205071.0467844,,,
200,0,svm,max,balanced,cached_mxbai,3000,1782205071.468847,,,
9523,0,svm,max,balanced,cached_mxbai,3001,1782205071.85873,,,
3964,0,svm,max,balanced,cached_mxbai,3002,1782205072.2597642,,,
1988,0,svm,max,balanced,cached_mxbai,3003,1782205072.6487346,,,
9541,0,svm,max,balanced,cached_mxbai,3004,1782205073.0528896,,,
82,0,svm,max,balanced,cached_mxbai,3005,1782205073.4502127,,,
5127,0,svm,max,balanced,cached_mxbai,3006,1782205073.8442783,,,
4089,0,svm,max,balanced,cached_mxbai,3007,1782205074.245557,,,
334,0,svm,max,balanced,cached_mxbai,3008,1782205074.630553,,,
3310,0,svm,max,balanced,cached_mxbai,3009,1782205075.0390735,,,
9587,0,svm,max,balanced,cached_mxbai,3010,1782205075.4544146,,,
10376,0,svm,max,balanced,cached_mxbai,3011,1782205075.8678255,,,
175,0,svm,max,balanced,cached_mxbai,3012,1782205076.2563226,,,
3897,0,svm,max,balanced,cached_mxbai,3013,1782205076.6611032,,,
4842,0,svm,max,balanced,cached_mxbai,3014,1782205077.051194,,,
2332,0,svm,max,balanced,cached_mxbai,3015,1782205077.458646,,,
5914,0,svm,max,balanced,cached_mxbai,3016,1782205077.8465352,,,
3636,0,svm,max,balanced,cached_mxbai,3017,1782205078.249975,,,
5784,0,svm,max,balanced,cached_mxbai,3018,1782205078.648197,,,
5849,0,svm,max,balanced,cached_mxbai,3019,1782205079.0487065,,,
5408,0,svm,max,balanced,cached_mxbai,3020,1782205079.456124,,,
4110,0,svm,max,balanced,cached_mxbai,3021,1782205079.8428981,,,
5144,0,svm,max,balanced,cached_mxbai,3022,1782205080.2533078,,,
9391,0,svm,max,balanced,cached_mxbai,3023,1782205080.6354213,,,
6081,0,svm,max,balanced,cached_mxbai,3024,1782205081.0474062,,,
9656,0,svm,max,balanced,cached_mxbai,3025,1782205081.4372547,,,
4739,0,svm,max,balanced,cached_mxbai,3026,1782205081.8397155,,,
3505,0,svm,max,balanced,cached_mxbai,3027,1782205082.2278106,,,
10467,0,svm,max,balanced,cached_mxbai,3028,1782205082.6290462,,,
618,0,svm,max,balanced,cached_mxbai,3029,1782205083.0209785,,,
1273,0,svm,max,balanced,cached_mxbai,3030,1782205083.427603,,,
4509,0,svm,max,balanced,cached_mxbai,3031,1782205083.8221536,,,
8814,0,svm,max,balanced,cached_mxbai,3032,1782205084.2200625,,,
9668,0,svm,max,balanced,cached_mxbai,3033,1782205084.6198494,,,
4408,0,svm,max,balanced,cached_mxbai,3034,1782205085.0333314,,,
5993,0,svm,max,balanced,cached_mxbai,3035,1782205085.482643,,,
4078,0,svm,max,balanced,cached_mxbai,3036,1782205085.893022,,,
3180,0,svm,max,balanced,cached_mxbai,3037,1782205086.3188014,,,
1801,0,svm,max,balanced,cached_mxbai,3038,1782205086.73031,,,
9890,0,svm,max,balanced,cached_mxbai,3039,1782205087.1556876,,,
4357,0,svm,max,balanced,cached_mxbai,3040,1782205087.5744488,,,
1144,0,svm,max,balanced,cached_mxbai,3041,1782205087.9865777,,,
100,0,svm,max,balanced,cached_mxbai,3042,1782205088.4195333,,,
7991,0,svm,max,balanced,cached_mxbai,3043,1782205088.8345122,,,
9163,0,svm,max,balanced,cached_mxbai,3044,1782205089.270358,,,
4579,0,svm,max,balanced,cached_mxbai,3045,1782205089.6795828,,,
8409,0,svm,max,balanced,cached_mxbai,3046,1782205090.09861,,,
4418,0,svm,max,balanced,cached_mxbai,3047,1782205090.5259192,,,
2791,0,svm,max,balanced,cached_mxbai,3048,1782205090.9381907,,,
671,0,svm,max,balanced,cached_mxbai,3049,1782205091.3700793,,,
1375,0,svm,max,balanced,cached_mxbai,3050,1782205091.780954,,,
4904,0,svm,max,balanced,cached_mxbai,3051,1782205092.2078981,,,
4349,0,svm,max,balanced,cached_mxbai,3052,1782205092.6288068,,,
8207,0,svm,max,balanced,cached_mxbai,3053,1782205093.0475938,,,
5249,0,svm,max,balanced,cached_mxbai,3054,1782205093.46906,,,
3410,0,svm,max,balanced,cached_mxbai,3055,1782205093.8809958,,,
7322,0,svm,max,balanced,cached_mxbai,3056,1782205094.3146043,,,
1701,0,svm,max,balanced,cached_mxbai,3057,1782205094.752776,,,
9327,0,svm,max,balanced,cached_mxbai,3058,1782205095.187959,,,
6252,0,svm,max,balanced,cached_mxbai,3059,1782205095.6535823,,,
6440,0,svm,max,balanced,cached_mxbai,3060,1782205096.0707912,,,
5654,0,svm,max,balanced,cached_mxbai,3061,1782205096.5043118,,,
6287,0,svm,max,balanced,cached_mxbai,3062,1782205096.9166691,,,
1196,0,svm,max,balanced,cached_mxbai,3063,1782205097.345473,,,
9463,0,svm,max,balanced,cached_mxbai,3064,1782205097.7628431,,,
4756,0,svm,max,balanced,cached_mxbai,3065,1782205098.185002,,,
2743,0,svm,max,balanced,cached_mxbai,3066,1782205098.6098256,,,
1711,0,svm,max,balanced,cached_mxbai,3067,1782205099.038835,,,
2321,0,svm,max,balanced,cached_mxbai,3068,1782205099.4757965,,,
763,0,svm,max,balanced,cached_mxbai,3069,1782205099.890965,,,
522,0,svm,max,balanced,cached_mxbai,3070,1782205100.3229756,,,
423,1,svm,max,balanced,cached_mxbai,3071,1782205100.7419128,,,
