record_id,label,classifier,querier,balancer,feature_extractor,training_set,time,note,tags,user_id
3019,1,,,,,,1782216699.4062674,,,
4079,0,,,,,,1782216699.4062674,,,
4868,0,svm,max,balanced,cached_mxbai,2,1782216699.4536328,,,
8411,1,svm,max,balanced,cached_mxbai,3,1782216699.5035617,,,
5950,1,svm,max,balanced,cached_mxbai,4,1782216699.552187,,,
3702,1,svm,max,balanced,cached_mxbai,5,1782216699.600754,,,
6283,1,svm,max,balanced,cached_mxbai,6,1782216699.648462,,,
1960,0,svm,max,balanced,cached_mxbai,7,1782216699.7009857,,,
6097,1,svm,max,balanced,cached_mxbai,8,1782216699.7498076,,,
882,0,svm,max,balanced,cached_mxbai,9,1782216699.7979977,,,
6484,1,svm,max,balanced,cached_mxbai,10,1782216699.8465986,,,
5481,0,svm,max,balanced,cached_mxbai,11,1782216699.8957083,,,
10176,1,svm,max,balanced,cached_mxbai,12,1782216699.944094,,,
9772,1,svm,max,balanced,cached_mxbai,13,1782216699.9922593,,,
1141,1,svm,max,balanced,cached_mxbai,14,1782216700.0417714,,,
7339,1,svm,max,balanced,cached_mxbai,15,1782216700.090752,,,
10423,1,svm,max,balanced,cached_mxbai,16,1782216700.13987,,,
5913,1,svm,max,balanced,cached_mxbai,17,1782216700.1897867,,,
4393,1,svm,max,balanced,cached_mxbai,18,1782216700.2387137,,,
5970,0,svm,max,balanced,cached_mxbai,19,1782216700.2885153,,,
1230,0,svm,max,balanced,cached_mxbai,20,1782216700.339092,,,
7547,1,svm,max,balanced,cached_mxbai,21,1782216700.387646,,,
7548,1,svm,max,balanced,cached_mxbai,22,1782216700.4372885,,,
3247,0,svm,max,balanced,cached_mxbai,23,1782216700.4875515,,,
9344,1,svm,max,balanced,cached_mxbai,24,1782216700.538294,,,
6050,0,svm,max,balanced,cached_mxbai,25,1782216700.5878983,,,
10220,1,svm,max,balanced,cached_mxbai,26,1782216700.6365395,,,
5976,0,svm,max,balanced,cached_mxbai,27,1782216700.6902308,,,
5656,1,svm,max,balanced,cached_mxbai,28,1782216700.739595,,,
9004,1,svm,max,balanced,cached_mxbai,29,1782216700.7887404,,,
1802,1,svm,max,balanced,cached_mxbai,30,1782216700.837963,,,
6767,0,svm,max,balanced,cached_mxbai,31,1782216700.8887212,,,
10026,0,svm,max,balanced,cached_mxbai,32,1782216700.938374,,,
6481,0,svm,max,balanced,cached_mxbai,33,1782216700.9890795,,,
9026,0,svm,max,balanced,cached_mxbai,34,1782216701.0397308,,,
8434,1,svm,max,balanced,cached_mxbai,35,1782216701.0908175,,,
3820,1,svm,max,balanced,cached_mxbai,36,1782216701.1412714,,,
8412,1,svm,max,balanced,cached_mxbai,37,1782216701.1942294,,,
1833,1,svm,max,balanced,cached_mxbai,38,1782216701.2444499,,,
7373,1,svm,max,balanced,cached_mxbai,39,1782216701.2954953,,,
7598,0,svm,max,balanced,cached_mxbai,40,1782216701.3464699,,,
10015,1,svm,max,balanced,cached_mxbai,41,1782216701.3974729,,,
8843,0,svm,max,balanced,cached_mxbai,42,1782216701.4475467,,,
9498,1,svm,max,balanced,cached_mxbai,43,1782216701.4982405,,,
8719,1,svm,max,balanced,cached_mxbai,44,1782216701.5486007,,,
8718,0,svm,max,balanced,cached_mxbai,45,1782216701.5985768,,,
6197,0,svm,max,balanced,cached_mxbai,46,1782216701.6492088,,,
7479,0,svm,max,balanced,cached_mxbai,47,1782216701.7005997,,,
6904,1,svm,max,balanced,cached_mxbai,48,1782216701.7511294,,,
6902,1,svm,max,balanced,cached_mxbai,49,1782216701.802079,,,
6637,1,svm,max,balanced,cached_mxbai,50,1782216701.8518186,,,
4083,0,svm,max,balanced,cached_mxbai,51,1782216701.902245,,,
8378,0,svm,max,balanced,cached_mxbai,52,1782216701.9528217,,,
8594,1,svm,max,balanced,cached_mxbai,53,1782216702.0034823,,,
9740,0,svm,max,balanced,cached_mxbai,54,1782216702.0596356,,,
7026,0,svm,max,balanced,cached_mxbai,55,1782216702.1103172,,,
9380,0,svm,max,balanced,cached_mxbai,56,1782216702.1620047,,,
9589,0,svm,max,balanced,cached_mxbai,57,1782216702.2134771,,,
10029,0,svm,max,balanced,cached_mxbai,58,1782216702.2640328,,,
1621,1,svm,max,balanced,cached_mxbai,59,1782216702.317432,,,
7352,1,svm,max,balanced,cached_mxbai,60,1782216702.3677416,,,
1245,0,svm,max,balanced,cached_mxbai,61,1782216702.4191487,,,
2011,0,svm,max,balanced,cached_mxbai,62,1782216702.4693718,,,
5115,0,svm,max,balanced,cached_mxbai,63,1782216702.5212634,,,
10454,0,svm,max,balanced,cached_mxbai,64,1782216702.572791,,,
5353,1,svm,max,balanced,cached_mxbai,65,1782216702.624729,,,
3931,1,svm,max,balanced,cached_mxbai,66,1782216702.6762323,,,
5301,1,svm,max,balanced,cached_mxbai,67,1782216702.7273552,,,
9959,1,svm,max,balanced,cached_mxbai,68,1782216702.7794218,,,
8537,1,svm,max,balanced,cached_mxbai,69,1782216702.8316076,,,
5297,0,svm,max,balanced,cached_mxbai,70,1782216702.8828409,,,
5302,1,svm,max,balanced,cached_mxbai,71,1782216702.934218,,,
8535,1,svm,max,balanced,cached_mxbai,72,1782216702.985649,,,
5298,1,svm,max,balanced,cached_mxbai,73,1782216703.0379732,,,
831,1,svm,max,balanced,cached_mxbai,74,1782216703.0897403,,,
5333,0,svm,max,balanced,cached_mxbai,75,1782216703.1435223,,,
10053,0,svm,max,balanced,cached_mxbai,76,1782216703.1987019,,,
982,0,svm,max,balanced,cached_mxbai,77,1782216703.2511795,,,
1674,0,svm,max,balanced,cached_mxbai,78,1782216703.3030035,,,
839,0,svm,max,balanced,cached_mxbai,79,1782216703.3556166,,,
9685,1,svm,max,balanced,cached_mxbai,80,1782216703.4087882,,,
6376,0,svm,max,balanced,cached_mxbai,81,1782216703.4609191,,,
7928,0,svm,max,balanced,cached_mxbai,82,1782216703.513063,,,
3590,0,svm,max,balanced,cached_mxbai,83,1782216703.566048,,,
3692,0,svm,max,balanced,cached_mxbai,84,1782216703.6190073,,,
9142,0,svm,max,balanced,cached_mxbai,85,1782216703.6717453,,,
5647,1,svm,max,balanced,cached_mxbai,86,1782216703.7246633,,,
9720,0,svm,max,balanced,cached_mxbai,87,1782216703.7774856,,,
7368,0,svm,max,balanced,cached_mxbai,88,1782216703.8309388,,,
989,0,svm,max,balanced,cached_mxbai,89,1782216703.883894,,,
8163,1,svm,max,balanced,cached_mxbai,90,1782216703.9374342,,,
5739,1,svm,max,balanced,cached_mxbai,91,1782216703.990357,,,
6673,1,svm,max,balanced,cached_mxbai,92,1782216704.0431108,,,
6053,1,svm,max,balanced,cached_mxbai,93,1782216704.0957384,,,
8649,1,svm,max,balanced,cached_mxbai,94,1782216704.1491568,,,
7863,1,svm,max,balanced,cached_mxbai,95,1782216704.204029,,,
8094,1,svm,max,balanced,cached_mxbai,96,1782216704.2576578,,,
1747,1,svm,max,balanced,cached_mxbai,97,1782216704.3148665,,,
1748,0,svm,max,balanced,cached_mxbai,98,1782216704.3730621,,,
9658,0,svm,max,balanced,cached_mxbai,99,1782216704.4287093,,,
10456,0,svm,max,balanced,cached_mxbai,100,1782216704.482292,,,
5081,0,svm,max,balanced,cached_mxbai,101,1782216704.5356927,,,
5646,1,svm,max,balanced,cached_mxbai,102,1782216704.5926178,,,
2294,0,svm,max,balanced,cached_mxbai,103,1782216704.6498654,,,
10447,1,svm,max,balanced,cached_mxbai,104,1782216704.7060096,,,
8775,0,svm,max,balanced,cached_mxbai,105,1782216704.7620246,,,
7655,1,svm,max,balanced,cached_mxbai,106,1782216704.818767,,,
9686,1,svm,max,balanced,cached_mxbai,107,1782216704.8743556,,,
7153,1,svm,max,balanced,cached_mxbai,108,1782216704.9298975,,,
5082,0,svm,max,balanced,cached_mxbai,109,1782216704.9859126,,,
10035,0,svm,max,balanced,cached_mxbai,110,1782216705.0496182,,,
6174,0,svm,max,balanced,cached_mxbai,111,1782216705.107432,,,
3190,0,svm,max,balanced,cached_mxbai,112,1782216705.162739,,,
4452,0,svm,max,balanced,cached_mxbai,113,1782216705.2240782,,,
10523,1,svm,max,balanced,cached_mxbai,114,1782216705.2985828,,,
5369,1,svm,max,balanced,cached_mxbai,115,1782216705.367212,,,
8314,1,svm,max,balanced,cached_mxbai,116,1782216705.425293,,,
7904,1,svm,max,balanced,cached_mxbai,117,1782216705.4822903,,,
6419,1,svm,max,balanced,cached_mxbai,118,1782216705.5405328,,,
1159,1,svm,max,balanced,cached_mxbai,119,1782216705.5951092,,,
6884,0,svm,max,balanced,cached_mxbai,120,1782216705.6504257,,,
9787,1,svm,max,balanced,cached_mxbai,121,1782216705.706364,,,
9527,1,svm,max,balanced,cached_mxbai,122,1782216705.7617466,,,
2751,0,svm,max,balanced,cached_mxbai,123,1782216705.8186615,,,
7914,1,svm,max,balanced,cached_mxbai,124,1782216705.8756325,,,
9891,0,svm,max,balanced,cached_mxbai,125,1782216705.9357307,,,
1428,0,svm,max,balanced,cached_mxbai,126,1782216705.9919717,,,
7413,1,svm,max,balanced,cached_mxbai,127,1782216706.0485117,,,
7333,1,svm,max,balanced,cached_mxbai,128,1782216706.1033125,,,
7412,0,svm,max,balanced,cached_mxbai,129,1782216706.1585932,,,
10147,1,svm,max,balanced,cached_mxbai,130,1782216706.2158926,,,
1728,1,svm,max,balanced,cached_mxbai,131,1782216706.271261,,,
7877,1,svm,max,balanced,cached_mxbai,132,1782216706.3276916,,,
8503,1,svm,max,balanced,cached_mxbai,133,1782216706.3839037,,,
5670,0,svm,max,balanced,cached_mxbai,134,1782216706.4411974,,,
8656,0,svm,max,balanced,cached_mxbai,135,1782216706.4975343,,,
9077,0,svm,max,balanced,cached_mxbai,136,1782216706.554255,,,
1311,0,svm,max,balanced,cached_mxbai,137,1782216706.6105256,,,
10512,1,svm,max,balanced,cached_mxbai,138,1782216706.6682265,,,
5972,0,svm,max,balanced,cached_mxbai,139,1782216706.7251544,,,
5749,1,svm,max,balanced,cached_mxbai,140,1782216706.7817976,,,
5750,0,svm,max,balanced,cached_mxbai,141,1782216706.838927,,,
4456,0,svm,max,balanced,cached_mxbai,142,1782216706.896269,,,
6627,0,svm,max,balanced,cached_mxbai,143,1782216706.9536684,,,
8552,0,svm,max,balanced,cached_mxbai,144,1782216707.0096655,,,
4455,0,svm,max,balanced,cached_mxbai,145,1782216707.064484,,,
3451,1,svm,max,balanced,cached_mxbai,146,1782216707.1206675,,,
6628,0,svm,max,balanced,cached_mxbai,147,1782216707.1785598,,,
649,0,svm,max,balanced,cached_mxbai,148,1782216707.235604,,,
521,0,svm,max,balanced,cached_mxbai,149,1782216707.2921772,,,
8087,1,svm,max,balanced,cached_mxbai,150,1782216707.3497412,,,
8807,0,svm,max,balanced,cached_mxbai,151,1782216707.4095328,,,
1028,0,svm,max,balanced,cached_mxbai,152,1782216707.4672384,,,
4558,0,svm,max,balanced,cached_mxbai,153,1782216707.5249972,,,
4547,0,svm,max,balanced,cached_mxbai,154,1782216707.583921,,,
4591,0,svm,max,balanced,cached_mxbai,155,1782216707.6412973,,,
8306,1,svm,max,balanced,cached_mxbai,156,1782216707.6991465,,,
8620,0,svm,max,balanced,cached_mxbai,157,1782216707.7567153,,,
7179,0,svm,max,balanced,cached_mxbai,158,1782216707.8144138,,,
9360,0,svm,max,balanced,cached_mxbai,159,1782216707.8726344,,,
9170,1,svm,max,balanced,cached_mxbai,160,1782216707.9310474,,,
4534,0,svm,max,balanced,cached_mxbai,161,1782216707.9880667,,,
9107,0,svm,max,balanced,cached_mxbai,162,1782216708.0460963,,,
1002,1,svm,max,balanced,cached_mxbai,163,1782216708.1045783,,,
5715,0,svm,max,balanced,cached_mxbai,164,1782216708.1630368,,,
8401,0,svm,max,balanced,cached_mxbai,165,1782216708.2235627,,,
1675,1,svm,max,balanced,cached_mxbai,166,1782216708.2811003,,,
4457,0,svm,max,balanced,cached_mxbai,167,1782216708.339918,,,
1272,0,svm,max,balanced,cached_mxbai,168,1782216708.4019613,,,
10324,0,svm,max,balanced,cached_mxbai,169,1782216708.4609892,,,
3077,0,svm,max,balanced,cached_mxbai,170,1782216708.519531,,,
8505,0,svm,max,balanced,cached_mxbai,171,1782216708.5787609,,,
6111,0,svm,max,balanced,cached_mxbai,172,1782216708.6364615,,,
1488,0,svm,max,balanced,cached_mxbai,173,1782216708.6945736,,,
7340,0,svm,max,balanced,cached_mxbai,174,1782216708.7552934,,,
8295,0,svm,max,balanced,cached_mxbai,175,1782216708.8166692,,,
8460,0,svm,max,balanced,cached_mxbai,176,1782216708.8744543,,,
1726,1,svm,max,balanced,cached_mxbai,177,1782216708.9328969,,,
9750,1,svm,max,balanced,cached_mxbai,178,1782216708.9905107,,,
4549,0,svm,max,balanced,cached_mxbai,179,1782216709.0497978,,,
9525,0,svm,max,balanced,cached_mxbai,180,1782216709.1084647,,,
7878,0,svm,max,balanced,cached_mxbai,181,1782216709.1671357,,,
8247,1,svm,max,balanced,cached_mxbai,182,1782216709.227981,,,
9325,1,svm,max,balanced,cached_mxbai,183,1782216709.2892087,,,
1676,0,svm,max,balanced,cached_mxbai,184,1782216709.3481946,,,
4950,0,svm,max,balanced,cached_mxbai,185,1782216709.4085875,,,
5888,1,svm,max,balanced,cached_mxbai,186,1782216709.4679067,,,
7724,1,svm,max,balanced,cached_mxbai,187,1782216709.5267522,,,
6617,0,svm,max,balanced,cached_mxbai,188,1782216709.587582,,,
9462,0,svm,max,balanced,cached_mxbai,189,1782216709.6467178,,,
4508,0,svm,max,balanced,cached_mxbai,190,1782216709.7052596,,,
5299,0,svm,max,balanced,cached_mxbai,191,1782216709.7640944,,,
657,0,svm,max,balanced,cached_mxbai,192,1782216709.8235476,,,
6479,0,svm,max,balanced,cached_mxbai,193,1782216709.882799,,,
9346,1,svm,max,balanced,cached_mxbai,194,1782216709.9413223,,,
4283,0,svm,max,balanced,cached_mxbai,195,1782216710.0012352,,,
10062,0,svm,max,balanced,cached_mxbai,196,1782216710.0592005,,,
3509,0,svm,max,balanced,cached_mxbai,197,1782216710.1190877,,,
6257,0,svm,max,balanced,cached_mxbai,198,1782216710.1773086,,,
5724,1,svm,max,balanced,cached_mxbai,199,1782216710.2378058,,,
4345,0,svm,max,balanced,cached_mxbai,200,1782216710.2973144,,,
8442,0,svm,max,balanced,cached_mxbai,201,1782216710.3569117,,,
10037,0,svm,max,balanced,cached_mxbai,202,1782216710.4161003,,,
8730,0,svm,max,balanced,cached_mxbai,203,1782216710.4776826,,,
1786,0,svm,max,balanced,cached_mxbai,204,1782216710.5357502,,,
3021,0,svm,max,balanced,cached_mxbai,205,1782216710.594822,,,
4464,1,svm,max,balanced,cached_mxbai,206,1782216710.655291,,,
9835,0,svm,max,balanced,cached_mxbai,207,1782216710.716471,,,
5714,1,svm,max,balanced,cached_mxbai,208,1782216710.7771645,,,
6268,0,svm,max,balanced,cached_mxbai,209,1782216710.8378596,,,
6783,0,svm,max,balanced,cached_mxbai,210,1782216710.897465,,,
8801,0,svm,max,balanced,cached_mxbai,211,1782216710.957998,,,
7561,0,svm,max,balanced,cached_mxbai,212,1782216711.018087,,,
5059,0,svm,max,balanced,cached_mxbai,213,1782216711.078308,,,
8926,0,svm,max,balanced,cached_mxbai,214,1782216711.1401663,,,
4448,0,svm,max,balanced,cached_mxbai,215,1782216711.2039063,,,
6520,0,svm,max,balanced,cached_mxbai,216,1782216711.2650833,,,
6632,1,svm,max,balanced,cached_mxbai,217,1782216711.3259158,,,
6630,0,svm,max,balanced,cached_mxbai,218,1782216711.388152,,,
1649,0,svm,max,balanced,cached_mxbai,219,1782216711.4504044,,,
4460,0,svm,max,balanced,cached_mxbai,220,1782216711.5122206,,,
681,0,svm,max,balanced,cached_mxbai,221,1782216711.5735612,,,
5296,0,svm,max,balanced,cached_mxbai,222,1782216711.6341257,,,
5782,0,svm,max,balanced,cached_mxbai,223,1782216711.6936915,,,
1645,1,svm,max,balanced,cached_mxbai,224,1782216711.7535274,,,
4468,0,svm,max,balanced,cached_mxbai,225,1782216711.815766,,,
10051,0,svm,max,balanced,cached_mxbai,226,1782216711.8750935,,,
9944,0,svm,max,balanced,cached_mxbai,227,1782216711.934326,,,
845,0,svm,max,balanced,cached_mxbai,228,1782216711.9956417,,,
8047,1,svm,max,balanced,cached_mxbai,229,1782216712.0568824,,,
7754,0,svm,max,balanced,cached_mxbai,230,1782216712.1169791,,,
8815,1,svm,max,balanced,cached_mxbai,231,1782216712.1788685,,,
6098,0,svm,max,balanced,cached_mxbai,232,1782216712.2403684,,,
6227,0,svm,max,balanced,cached_mxbai,233,1782216712.3013914,,,
4326,0,svm,max,balanced,cached_mxbai,234,1782216712.3624592,,,
5565,0,svm,max,balanced,cached_mxbai,235,1782216712.4250035,,,
543,0,svm,max,balanced,cached_mxbai,236,1782216712.4875984,,,
3489,0,svm,max,balanced,cached_mxbai,237,1782216712.5511785,,,
5986,1,svm,max,balanced,cached_mxbai,238,1782216712.6119523,,,
5985,0,svm,max,balanced,cached_mxbai,239,1782216712.6715722,,,
8596,0,svm,max,balanced,cached_mxbai,240,1782216712.7333872,,,
5305,0,svm,max,balanced,cached_mxbai,241,1782216712.7956593,,,
1110,0,svm,max,balanced,cached_mxbai,242,1782216712.8574004,,,
3135,0,svm,max,balanced,cached_mxbai,243,1782216712.92001,,,
5085,0,svm,max,balanced,cached_mxbai,244,1782216712.981144,,,
10563,1,svm,max,balanced,cached_mxbai,245,1782216713.0424988,,,
4718,0,svm,max,balanced,cached_mxbai,246,1782216713.1039066,,,
4751,0,svm,max,balanced,cached_mxbai,247,1782216713.1646047,,,
10028,1,svm,max,balanced,cached_mxbai,248,1782216713.2285147,,,
9027,0,svm,max,balanced,cached_mxbai,249,1782216713.2896369,,,
6480,0,svm,max,balanced,cached_mxbai,250,1782216713.3525872,,,
4450,0,svm,max,balanced,cached_mxbai,251,1782216713.4135277,,,
3464,0,svm,max,balanced,cached_mxbai,252,1782216713.4769976,,,
4786,0,svm,max,balanced,cached_mxbai,253,1782216713.5394306,,,
6508,0,svm,max,balanced,cached_mxbai,254,1782216713.6045427,,,
5322,0,svm,max,balanced,cached_mxbai,255,1782216713.666602,,,
5865,0,svm,max,balanced,cached_mxbai,256,1782216713.7285347,,,
4423,0,svm,max,balanced,cached_mxbai,257,1782216713.7941668,,,
6665,0,svm,max,balanced,cached_mxbai,258,1782216713.8573852,,,
7278,0,svm,max,balanced,cached_mxbai,259,1782216713.9199023,,,
5141,0,svm,max,balanced,cached_mxbai,260,1782216713.9830873,,,
4752,0,svm,max,balanced,cached_mxbai,261,1782216714.0464962,,,
5492,0,svm,max,balanced,cached_mxbai,262,1782216714.1088693,,,
1271,0,svm,max,balanced,cached_mxbai,263,1782216714.172472,,,
4666,0,svm,max,balanced,cached_mxbai,264,1782216714.2356944,,,
4425,0,svm,max,balanced,cached_mxbai,265,1782216714.2990415,,,
7942,0,svm,max,balanced,cached_mxbai,266,1782216714.3625824,,,
1554,0,svm,max,balanced,cached_mxbai,267,1782216714.428471,,,
5948,0,svm,max,balanced,cached_mxbai,268,1782216714.4908044,,,
8787,0,svm,max,balanced,cached_mxbai,269,1782216714.555621,,,
2681,0,svm,max,balanced,cached_mxbai,270,1782216714.618225,,,
4592,0,svm,max,balanced,cached_mxbai,271,1782216714.6816218,,,
7176,0,svm,max,balanced,cached_mxbai,272,1782216714.7437294,,,
5624,0,svm,max,balanced,cached_mxbai,273,1782216714.8099236,,,
5071,0,svm,max,balanced,cached_mxbai,274,1782216714.8716862,,,
5606,0,svm,max,balanced,cached_mxbai,275,1782216714.9349053,,,
4504,0,svm,max,balanced,cached_mxbai,276,1782216714.998831,,,
9758,0,svm,max,balanced,cached_mxbai,277,1782216715.0729473,,,
6158,0,svm,max,balanced,cached_mxbai,278,1782216715.137675,,,
7851,0,svm,max,balanced,cached_mxbai,279,1782216715.2018325,,,
9168,0,svm,max,balanced,cached_mxbai,280,1782216715.2852104,,,
7711,0,svm,max,balanced,cached_mxbai,281,1782216715.3683846,,,
1729,0,svm,max,balanced,cached_mxbai,282,1782216715.4364226,,,
1552,0,svm,max,balanced,cached_mxbai,283,1782216715.5035307,,,
6716,0,svm,max,balanced,cached_mxbai,284,1782216715.5685072,,,
9989,1,svm,max,balanced,cached_mxbai,285,1782216715.6344924,,,
3908,0,svm,max,balanced,cached_mxbai,286,1782216715.6993465,,,
4971,0,svm,max,balanced,cached_mxbai,287,1782216715.7629945,,,
4210,0,svm,max,balanced,cached_mxbai,288,1782216715.83253,,,
4529,0,svm,max,balanced,cached_mxbai,289,1782216715.895056,,,
6874,0,svm,max,balanced,cached_mxbai,290,1782216715.958142,,,
6624,0,svm,max,balanced,cached_mxbai,291,1782216716.021544,,,
10101,0,svm,max,balanced,cached_mxbai,292,1782216716.085042,,,
3372,0,svm,max,balanced,cached_mxbai,293,1782216716.1491249,,,
9468,0,svm,max,balanced,cached_mxbai,294,1782216716.2158518,,,
10502,0,svm,max,balanced,cached_mxbai,295,1782216716.281261,,,
5560,0,svm,max,balanced,cached_mxbai,296,1782216716.3467593,,,
1424,0,svm,max,balanced,cached_mxbai,297,1782216716.4120767,,,
7172,0,svm,max,balanced,cached_mxbai,298,1782216716.4790275,,,
4748,0,svm,max,balanced,cached_mxbai,299,1782216716.5464764,,,
1232,0,svm,max,balanced,cached_mxbai,300,1782216716.611515,,,
8561,0,svm,max,balanced,cached_mxbai,301,1782216716.675954,,,
1081,0,svm,max,balanced,cached_mxbai,302,1782216716.741658,,,
4986,0,svm,max,balanced,cached_mxbai,303,1782216716.8095837,,,
8366,0,svm,max,balanced,cached_mxbai,304,1782216716.8804955,,,
7288,0,svm,max,balanced,cached_mxbai,305,1782216716.9447265,,,
7200,0,svm,max,balanced,cached_mxbai,306,1782216717.0111325,,,
7905,0,svm,max,balanced,cached_mxbai,307,1782216717.0809548,,,
5293,0,svm,max,balanced,cached_mxbai,308,1782216717.1505904,,,
9892,0,svm,max,balanced,cached_mxbai,309,1782216717.2228827,,,
4413,0,svm,max,balanced,cached_mxbai,310,1782216717.2905884,,,
589,0,svm,max,balanced,cached_mxbai,311,1782216717.3573172,,,
6018,0,svm,max,balanced,cached_mxbai,312,1782216717.422182,,,
5368,1,svm,max,balanced,cached_mxbai,313,1782216717.491659,,,
2958,0,svm,max,balanced,cached_mxbai,314,1782216717.5585096,,,
1819,0,svm,max,balanced,cached_mxbai,315,1782216717.623683,,,
9774,0,svm,max,balanced,cached_mxbai,316,1782216717.6894803,,,
8691,0,svm,max,balanced,cached_mxbai,317,1782216717.756059,,,
6633,0,svm,max,balanced,cached_mxbai,318,1782216717.8226902,,,
1491,0,svm,max,balanced,cached_mxbai,319,1782216717.891415,,,
4461,0,svm,max,balanced,cached_mxbai,320,1782216717.9569206,,,
1038,0,svm,max,balanced,cached_mxbai,321,1782216718.021247,,,
1005,0,svm,max,balanced,cached_mxbai,322,1782216718.086568,,,
2800,0,svm,max,balanced,cached_mxbai,323,1782216718.1541107,,,
5209,0,svm,max,balanced,cached_mxbai,324,1782216718.2223294,,,
8651,0,svm,max,balanced,cached_mxbai,325,1782216718.2877684,,,
7012,0,svm,max,balanced,cached_mxbai,326,1782216718.3546855,,,
4338,0,svm,max,balanced,cached_mxbai,327,1782216718.4207687,,,
9025,0,svm,max,balanced,cached_mxbai,328,1782216718.4885411,,,
4466,0,svm,max,balanced,cached_mxbai,329,1782216718.5575402,,,
6921,0,svm,max,balanced,cached_mxbai,330,1782216718.6277342,,,
3176,0,svm,max,balanced,cached_mxbai,331,1782216718.6954174,,,
4887,0,svm,max,balanced,cached_mxbai,332,1782216718.7641096,,,
5561,0,svm,max,balanced,cached_mxbai,333,1782216718.8359187,,,
5306,0,svm,max,balanced,cached_mxbai,334,1782216718.9033473,,,
6496,0,svm,max,balanced,cached_mxbai,335,1782216718.9706109,,,
4973,0,svm,max,balanced,cached_mxbai,336,1782216719.037601,,,
4406,0,svm,max,balanced,cached_mxbai,337,1782216719.1060014,,,
8971,0,svm,max,balanced,cached_mxbai,338,1782216719.1735313,,,
4293,0,svm,max,balanced,cached_mxbai,339,1782216719.2427936,,,
1083,0,svm,max,balanced,cached_mxbai,340,1782216719.3112724,,,
4465,0,svm,max,balanced,cached_mxbai,341,1782216719.379376,,,
7790,0,svm,max,balanced,cached_mxbai,342,1782216719.4472861,,,
4436,0,svm,max,balanced,cached_mxbai,343,1782216719.5162685,,,
4643,0,svm,max,balanced,cached_mxbai,344,1782216719.5846539,,,
2489,0,svm,max,balanced,cached_mxbai,345,1782216719.6508713,,,
3221,0,svm,max,balanced,cached_mxbai,346,1782216719.7179086,,,
4055,0,svm,max,balanced,cached_mxbai,347,1782216719.7849917,,,
8532,0,svm,max,balanced,cached_mxbai,348,1782216719.8577297,,,
8145,0,svm,max,balanced,cached_mxbai,349,1782216719.924382,,,
8643,0,svm,max,balanced,cached_mxbai,350,1782216719.9918475,,,
220,0,svm,max,balanced,cached_mxbai,351,1782216720.0585783,,,
4548,0,svm,max,balanced,cached_mxbai,352,1782216720.1289513,,,
4077,0,svm,max,balanced,cached_mxbai,353,1782216720.1987376,,,
3102,0,svm,max,balanced,cached_mxbai,354,1782216720.2691398,,,
1906,0,svm,max,balanced,cached_mxbai,355,1782216720.338481,,,
1047,1,svm,max,balanced,cached_mxbai,356,1782216720.410503,,,
725,0,svm,max,balanced,cached_mxbai,357,1782216720.481688,,,
7184,0,svm,max,balanced,cached_mxbai,358,1782216720.5547009,,,
4467,0,svm,max,balanced,cached_mxbai,359,1782216720.6261299,,,
6448,0,svm,max,balanced,cached_mxbai,360,1782216720.697334,,,
8334,0,svm,max,balanced,cached_mxbai,361,1782216720.768404,,,
8117,0,svm,max,balanced,cached_mxbai,362,1782216720.8394842,,,
7686,0,svm,max,balanced,cached_mxbai,363,1782216720.9152658,,,
10590,0,svm,max,balanced,cached_mxbai,364,1782216720.9868598,,,
8806,1,svm,max,balanced,cached_mxbai,365,1782216721.0608935,,,
5792,0,svm,max,balanced,cached_mxbai,366,1782216721.1362243,,,
3768,0,svm,max,balanced,cached_mxbai,367,1782216721.2102306,,,
5210,0,svm,max,balanced,cached_mxbai,368,1782216721.282844,,,
9684,0,svm,max,balanced,cached_mxbai,369,1782216721.3559034,,,
6926,0,svm,max,balanced,cached_mxbai,370,1782216721.4278772,,,
1817,0,svm,max,balanced,cached_mxbai,371,1782216721.4998918,,,
7299,0,svm,max,balanced,cached_mxbai,372,1782216721.5723376,,,
1489,0,svm,max,balanced,cached_mxbai,373,1782216721.6449482,,,
10209,0,svm,max,balanced,cached_mxbai,374,1782216721.7179947,,,
6781,1,svm,max,balanced,cached_mxbai,375,1782216721.7884712,,,
6782,0,svm,max,balanced,cached_mxbai,376,1782216721.8646467,,,
5967,1,svm,max,balanced,cached_mxbai,377,1782216721.9386497,,,
9805,0,svm,max,balanced,cached_mxbai,378,1782216722.0119627,,,
9770,1,svm,max,balanced,cached_mxbai,379,1782216722.0860069,,,
8188,0,svm,max,balanced,cached_mxbai,380,1782216722.159794,,,
7147,0,svm,max,balanced,cached_mxbai,381,1782216722.2343934,,,
7215,0,svm,max,balanced,cached_mxbai,382,1782216722.305636,,,
1001,0,svm,max,balanced,cached_mxbai,383,1782216722.3780973,,,
9430,0,svm,max,balanced,cached_mxbai,384,1782216722.45214,,,
5257,0,svm,max,balanced,cached_mxbai,385,1782216722.5259266,,,
1145,0,svm,max,balanced,cached_mxbai,386,1782216722.5995362,,,
9255,0,svm,max,balanced,cached_mxbai,387,1782216722.6755753,,,
3433,0,svm,max,balanced,cached_mxbai,388,1782216722.7498622,,,
4965,0,svm,max,balanced,cached_mxbai,389,1782216722.8237593,,,
3459,0,svm,max,balanced,cached_mxbai,390,1782216722.9053085,,,
10052,0,svm,max,balanced,cached_mxbai,391,1782216722.98395,,,
3145,1,svm,max,balanced,cached_mxbai,392,1782216723.0622132,,,
3718,0,svm,max,balanced,cached_mxbai,393,1782216723.1380115,,,
3891,0,svm,max,balanced,cached_mxbai,394,1782216723.2114651,,,
4036,0,svm,max,balanced,cached_mxbai,395,1782216723.287023,,,
10016,1,svm,max,balanced,cached_mxbai,396,1782216723.3607697,,,
6519,0,svm,max,balanced,cached_mxbai,397,1782216723.4337583,,,
3804,0,svm,max,balanced,cached_mxbai,398,1782216723.5076818,,,
4743,0,svm,max,balanced,cached_mxbai,399,1782216723.5825536,,,
4064,0,svm,max,balanced,cached_mxbai,400,1782216723.6554084,,,
3343,0,svm,max,balanced,cached_mxbai,401,1782216723.7281044,,,
7435,0,svm,max,balanced,cached_mxbai,402,1782216723.7999916,,,
7017,0,svm,max,balanced,cached_mxbai,403,1782216723.8759427,,,
8465,0,svm,max,balanced,cached_mxbai,404,1782216723.9485621,,,
6258,1,svm,max,balanced,cached_mxbai,405,1782216724.0215242,,,
1228,0,svm,max,balanced,cached_mxbai,406,1782216724.0935643,,,
8485,0,svm,max,balanced,cached_mxbai,407,1782216724.1643243,,,
1061,0,svm,max,balanced,cached_mxbai,408,1782216724.2375283,,,
1004,0,svm,max,balanced,cached_mxbai,409,1782216724.312746,,,
5586,0,svm,max,balanced,cached_mxbai,410,1782216724.3858318,,,
10146,0,svm,max,balanced,cached_mxbai,411,1782216724.4602327,,,
4738,0,svm,max,balanced,cached_mxbai,412,1782216724.5352447,,,
4885,0,svm,max,balanced,cached_mxbai,413,1782216724.6078944,,,
4451,0,svm,max,balanced,cached_mxbai,414,1782216724.682517,,,
4029,0,svm,max,balanced,cached_mxbai,415,1782216724.7576814,,,
6779,1,svm,max,balanced,cached_mxbai,416,1782216724.8312614,,,
99,0,svm,max,balanced,cached_mxbai,417,1782216724.9082415,,,
3389,0,svm,max,balanced,cached_mxbai,418,1782216724.9819052,,,
6640,0,svm,max,balanced,cached_mxbai,419,1782216725.0670938,,,
3963,0,svm,max,balanced,cached_mxbai,420,1782216725.141267,,,
4628,0,svm,max,balanced,cached_mxbai,421,1782216725.2256699,,,
3568,0,svm,max,balanced,cached_mxbai,422,1782216725.325541,,,
958,0,svm,max,balanced,cached_mxbai,423,1782216725.4100542,,,
8887,0,svm,max,balanced,cached_mxbai,424,1782216725.484729,,,
3027,0,svm,max,balanced,cached_mxbai,425,1782216725.5607302,,,
7678,0,svm,max,balanced,cached_mxbai,426,1782216725.6372228,,,
5769,0,svm,max,balanced,cached_mxbai,427,1782216725.7127159,,,
6464,0,svm,max,balanced,cached_mxbai,428,1782216725.7876477,,,
5563,0,svm,max,balanced,cached_mxbai,429,1782216725.8625288,,,
5176,0,svm,max,balanced,cached_mxbai,430,1782216725.9405224,,,
8395,0,svm,max,balanced,cached_mxbai,431,1782216726.0145864,,,
1191,0,svm,max,balanced,cached_mxbai,432,1782216726.0904143,,,
558,0,svm,max,balanced,cached_mxbai,433,1782216726.1687145,,,
3576,0,svm,max,balanced,cached_mxbai,434,1782216726.244905,,,
1708,0,svm,max,balanced,cached_mxbai,435,1782216726.3226388,,,
4785,0,svm,max,balanced,cached_mxbai,436,1782216726.398798,,,
7784,0,svm,max,balanced,cached_mxbai,437,1782216726.4763556,,,
9204,0,svm,max,balanced,cached_mxbai,438,1782216726.5555408,,,
7943,0,svm,max,balanced,cached_mxbai,439,1782216726.631023,,,
9552,0,svm,max,balanced,cached_mxbai,440,1782216726.7054057,,,
4353,0,svm,max,balanced,cached_mxbai,441,1782216726.782652,,,
4308,0,svm,max,balanced,cached_mxbai,442,1782216726.8587556,,,
2705,0,svm,max,balanced,cached_mxbai,443,1782216726.9328072,,,
4778,0,svm,max,balanced,cached_mxbai,444,1782216727.0106359,,,
3961,0,svm,max,balanced,cached_mxbai,445,1782216727.0899532,,,
8714,0,svm,max,balanced,cached_mxbai,446,1782216727.1670282,,,
5975,0,svm,max,balanced,cached_mxbai,447,1782216727.2455318,,,
9702,0,svm,max,balanced,cached_mxbai,448,1782216727.3245676,,,
4688,0,svm,max,balanced,cached_mxbai,449,1782216727.3992682,,,
8375,0,svm,max,balanced,cached_mxbai,450,1782216727.474633,,,
10215,0,svm,max,balanced,cached_mxbai,451,1782216727.5501297,,,
4531,0,svm,max,balanced,cached_mxbai,452,1782216727.626959,,,
6916,0,svm,max,balanced,cached_mxbai,453,1782216727.703801,,,
7140,0,svm,max,balanced,cached_mxbai,454,1782216727.7801425,,,
1599,0,svm,max,balanced,cached_mxbai,455,1782216727.858045,,,
5414,0,svm,max,balanced,cached_mxbai,456,1782216727.93435,,,
6377,0,svm,max,balanced,cached_mxbai,457,1782216728.012474,,,
3144,0,svm,max,balanced,cached_mxbai,458,1782216728.0937848,,,
4881,0,svm,max,balanced,cached_mxbai,459,1782216728.172904,,,
8015,0,svm,max,balanced,cached_mxbai,460,1782216728.2542303,,,
3679,0,svm,max,balanced,cached_mxbai,461,1782216728.3323119,,,
3726,0,svm,max,balanced,cached_mxbai,462,1782216728.4120512,,,
4557,0,svm,max,balanced,cached_mxbai,463,1782216728.489747,,,
3919,0,svm,max,balanced,cached_mxbai,464,1782216728.5675285,,,
6891,0,svm,max,balanced,cached_mxbai,465,1782216728.6460016,,,
4829,0,svm,max,balanced,cached_mxbai,466,1782216728.7240398,,,
5521,0,svm,max,balanced,cached_mxbai,467,1782216728.8052433,,,
7421,0,svm,max,balanced,cached_mxbai,468,1782216728.8824353,,,
5193,0,svm,max,balanced,cached_mxbai,469,1782216728.9591281,,,
4396,0,svm,max,balanced,cached_mxbai,470,1782216729.0377293,,,
6881,1,svm,max,balanced,cached_mxbai,471,1782216729.1159506,,,
3243,0,svm,max,balanced,cached_mxbai,472,1782216729.1921785,,,
8422,1,svm,max,balanced,cached_mxbai,473,1782216729.2667525,,,
7896,0,svm,max,balanced,cached_mxbai,474,1782216729.3448029,,,
3775,0,svm,max,balanced,cached_mxbai,475,1782216729.4230263,,,
7392,0,svm,max,balanced,cached_mxbai,476,1782216729.4986706,,,
6738,0,svm,max,balanced,cached_mxbai,477,1782216729.57486,,,
4487,0,svm,max,balanced,cached_mxbai,478,1782216729.6531818,,,
8991,0,svm,max,balanced,cached_mxbai,479,1782216729.730739,,,
3630,0,svm,max,balanced,cached_mxbai,480,1782216729.808704,,,
5633,0,svm,max,balanced,cached_mxbai,481,1782216729.8868773,,,
7104,0,svm,max,balanced,cached_mxbai,482,1782216729.9663248,,,
4805,0,svm,max,balanced,cached_mxbai,483,1782216730.0447867,,,
6100,0,svm,max,balanced,cached_mxbai,484,1782216730.1222944,,,
74,0,svm,max,balanced,cached_mxbai,485,1782216730.2019794,,,
838,0,svm,max,balanced,cached_mxbai,486,1782216730.2810936,,,
10591,0,svm,max,balanced,cached_mxbai,487,1782216730.3584092,,,
9600,0,svm,max,balanced,cached_mxbai,488,1782216730.4364796,,,
4567,0,svm,max,balanced,cached_mxbai,489,1782216730.5159702,,,
5941,0,svm,max,balanced,cached_mxbai,490,1782216730.5936077,,,
1520,0,svm,max,balanced,cached_mxbai,491,1782216730.6722794,,,
4720,0,svm,max,balanced,cached_mxbai,492,1782216730.7514448,,,
3672,0,svm,max,balanced,cached_mxbai,493,1782216730.8301837,,,
832,0,svm,max,balanced,cached_mxbai,494,1782216730.9091723,,,
183,0,svm,max,balanced,cached_mxbai,495,1782216730.9886737,,,
4661,0,svm,max,balanced,cached_mxbai,496,1782216731.0674055,,,
5092,0,svm,max,balanced,cached_mxbai,497,1782216731.145402,,,
4597,0,svm,max,balanced,cached_mxbai,498,1782216731.227254,,,
3065,0,svm,max,balanced,cached_mxbai,499,1782216731.304038,,,
3974,0,svm,max,balanced,cached_mxbai,500,1782216731.386076,,,
9830,0,svm,max,balanced,cached_mxbai,501,1782216731.4655354,,,
9960,0,svm,max,balanced,cached_mxbai,502,1782216731.5449333,,,
662,0,svm,max,balanced,cached_mxbai,503,1782216731.6263757,,,
4779,0,svm,max,balanced,cached_mxbai,504,1782216731.7053423,,,
3926,0,svm,max,balanced,cached_mxbai,505,1782216731.7847884,,,
4471,0,svm,max,balanced,cached_mxbai,506,1782216731.8667774,,,
7080,1,svm,max,balanced,cached_mxbai,507,1782216731.947224,,,
675,0,svm,max,balanced,cached_mxbai,508,1782216732.0292153,,,
6518,0,svm,max,balanced,cached_mxbai,509,1782216732.1113355,,,
4154,0,svm,max,balanced,cached_mxbai,510,1782216732.1914845,,,
3150,0,svm,max,balanced,cached_mxbai,511,1782216732.2718241,,,
4116,0,svm,max,balanced,cached_mxbai,512,1782216732.3533404,,,
1403,0,svm,max,balanced,cached_mxbai,513,1782216732.4333973,,,
8595,0,svm,max,balanced,cached_mxbai,514,1782216732.5140533,,,
7305,0,svm,max,balanced,cached_mxbai,515,1782216732.5949533,,,
6133,0,svm,max,balanced,cached_mxbai,516,1782216732.6787956,,,
3032,0,svm,max,balanced,cached_mxbai,517,1782216732.7602906,,,
4449,0,svm,max,balanced,cached_mxbai,518,1782216732.8412347,,,
2625,0,svm,max,balanced,cached_mxbai,519,1782216732.9232733,,,
2076,0,svm,max,balanced,cached_mxbai,520,1782216733.0041857,,,
6490,0,svm,max,balanced,cached_mxbai,521,1782216733.086519,,,
9022,0,svm,max,balanced,cached_mxbai,522,1782216733.1679573,,,
4072,0,svm,max,balanced,cached_mxbai,523,1782216733.2482777,,,
4626,0,svm,max,balanced,cached_mxbai,524,1782216733.3312595,,,
3787,0,svm,max,balanced,cached_mxbai,525,1782216733.4109623,,,
8556,0,svm,max,balanced,cached_mxbai,526,1782216733.4954655,,,
5008,0,svm,max,balanced,cached_mxbai,527,1782216733.5799606,,,
6889,0,svm,max,balanced,cached_mxbai,528,1782216733.66283,,,
1810,0,svm,max,balanced,cached_mxbai,529,1782216733.7463877,,,
559,0,svm,max,balanced,cached_mxbai,530,1782216733.8277748,,,
4669,0,svm,max,balanced,cached_mxbai,531,1782216733.9088554,,,
143,0,svm,max,balanced,cached_mxbai,532,1782216733.9907608,,,
9461,1,svm,max,balanced,cached_mxbai,533,1782216734.073118,,,
114,0,svm,max,balanced,cached_mxbai,534,1782216734.1556413,,,
5857,0,svm,max,balanced,cached_mxbai,535,1782216734.2386222,,,
4390,0,svm,max,balanced,cached_mxbai,536,1782216734.3199985,,,
5556,0,svm,max,balanced,cached_mxbai,537,1782216734.4002838,,,
5767,0,svm,max,balanced,cached_mxbai,538,1782216734.4808414,,,
5102,0,svm,max,balanced,cached_mxbai,539,1782216734.5619535,,,
9517,0,svm,max,balanced,cached_mxbai,540,1782216734.647244,,,
6618,0,svm,max,balanced,cached_mxbai,541,1782216734.7298975,,,
4511,0,svm,max,balanced,cached_mxbai,542,1782216734.8136082,,,
3224,0,svm,max,balanced,cached_mxbai,543,1782216734.8952339,,,
3415,0,svm,max,balanced,cached_mxbai,544,1782216734.9882696,,,
4746,0,svm,max,balanced,cached_mxbai,545,1782216735.083816,,,
1391,0,svm,max,balanced,cached_mxbai,546,1782216735.1668048,,,
6420,0,svm,max,balanced,cached_mxbai,547,1782216735.2592473,,,
8377,0,svm,max,balanced,cached_mxbai,548,1782216735.363592,,,
9743,0,svm,max,balanced,cached_mxbai,549,1782216735.4483855,,,
9124,0,svm,max,balanced,cached_mxbai,550,1782216735.5314174,,,
7534,0,svm,max,balanced,cached_mxbai,551,1782216735.614899,,,
4947,0,svm,max,balanced,cached_mxbai,552,1782216735.698879,,,
8605,0,svm,max,balanced,cached_mxbai,553,1782216735.7834558,,,
4616,0,svm,max,balanced,cached_mxbai,554,1782216735.8677394,,,
4787,0,svm,max,balanced,cached_mxbai,555,1782216735.9505653,,,
5172,0,svm,max,balanced,cached_mxbai,556,1782216736.0324657,,,
3668,0,svm,max,balanced,cached_mxbai,557,1782216736.1139965,,,
4721,0,svm,max,balanced,cached_mxbai,558,1782216736.1955833,,,
6255,0,svm,max,balanced,cached_mxbai,559,1782216736.2782297,,,
1389,0,svm,max,balanced,cached_mxbai,560,1782216736.3635154,,,
10452,0,svm,max,balanced,cached_mxbai,561,1782216736.4475417,,,
4520,0,svm,max,balanced,cached_mxbai,562,1782216736.5310993,,,
667,0,svm,max,balanced,cached_mxbai,563,1782216736.6133358,,,
5179,0,svm,max,balanced,cached_mxbai,564,1782216736.698265,,,
10227,0,svm,max,balanced,cached_mxbai,565,1782216736.7821023,,,
4494,0,svm,max,balanced,cached_mxbai,566,1782216736.8650126,,,
10424,0,svm,max,balanced,cached_mxbai,567,1782216736.948439,,,
7453,1,svm,max,balanced,cached_mxbai,568,1782216737.0328383,,,
3929,0,svm,max,balanced,cached_mxbai,569,1782216737.116917,,,
3296,0,svm,max,balanced,cached_mxbai,570,1782216737.2011805,,,
3435,0,svm,max,balanced,cached_mxbai,571,1782216737.2887063,,,
10273,0,svm,max,balanced,cached_mxbai,572,1782216737.3767948,,,
6732,0,svm,max,balanced,cached_mxbai,573,1782216737.4612665,,,
9907,0,svm,max,balanced,cached_mxbai,574,1782216737.5458345,,,
10532,0,svm,max,balanced,cached_mxbai,575,1782216737.6308823,,,
1033,0,svm,max,balanced,cached_mxbai,576,1782216737.7168906,,,
4770,0,svm,max,balanced,cached_mxbai,577,1782216737.8030128,,,
3618,0,svm,max,balanced,cached_mxbai,578,1782216737.8863454,,,
1867,0,svm,max,balanced,cached_mxbai,579,1782216737.9717302,,,
4100,0,svm,max,balanced,cached_mxbai,580,1782216738.0569627,,,
8326,0,svm,max,balanced,cached_mxbai,581,1782216738.1482465,,,
10522,0,svm,max,balanced,cached_mxbai,582,1782216738.24383,,,
4976,0,svm,max,balanced,cached_mxbai,583,1782216738.3384376,,,
5083,0,svm,max,balanced,cached_mxbai,584,1782216738.4286304,,,
7148,0,svm,max,balanced,cached_mxbai,585,1782216738.522806,,,
5780,0,svm,max,balanced,cached_mxbai,586,1782216738.6196613,,,
4698,0,svm,max,balanced,cached_mxbai,587,1782216738.7196507,,,
9476,0,svm,max,balanced,cached_mxbai,588,1782216738.8170886,,,
2901,0,svm,max,balanced,cached_mxbai,589,1782216738.9124267,,,
1682,0,svm,max,balanced,cached_mxbai,590,1782216739.0036933,,,
6074,0,svm,max,balanced,cached_mxbai,591,1782216739.0890245,,,
5056,0,svm,max,balanced,cached_mxbai,592,1782216739.1751964,,,
3806,0,svm,max,balanced,cached_mxbai,593,1782216739.2630398,,,
8077,0,svm,max,balanced,cached_mxbai,594,1782216739.3518043,,,
5049,0,svm,max,balanced,cached_mxbai,595,1782216739.4404254,,,
745,0,svm,max,balanced,cached_mxbai,596,1782216739.5293977,,,
6725,0,svm,max,balanced,cached_mxbai,597,1782216739.6167738,,,
4505,0,svm,max,balanced,cached_mxbai,598,1782216739.70658,,,
4373,0,svm,max,balanced,cached_mxbai,599,1782216739.794357,,,
4707,0,svm,max,balanced,cached_mxbai,600,1782216739.8798857,,,
699,0,svm,max,balanced,cached_mxbai,601,1782216739.9638462,,,
3627,0,svm,max,balanced,cached_mxbai,602,1782216740.0526423,,,
6130,0,svm,max,balanced,cached_mxbai,603,1782216740.1405184,,,
3101,0,svm,max,balanced,cached_mxbai,604,1782216740.2275295,,,
1820,0,svm,max,balanced,cached_mxbai,605,1782216740.3145583,,,
4506,0,svm,max,balanced,cached_mxbai,606,1782216740.4011257,,,
6428,0,svm,max,balanced,cached_mxbai,607,1782216740.4904253,,,
7666,0,svm,max,balanced,cached_mxbai,608,1782216740.5797288,,,
3623,0,svm,max,balanced,cached_mxbai,609,1782216740.6714425,,,
5019,0,svm,max,balanced,cached_mxbai,610,1782216740.7596228,,,
7549,0,svm,max,balanced,cached_mxbai,611,1782216740.8470829,,,
8471,0,svm,max,balanced,cached_mxbai,612,1782216740.9339478,,,
430,0,svm,max,balanced,cached_mxbai,613,1782216741.022908,,,
5168,0,svm,max,balanced,cached_mxbai,614,1782216741.1125107,,,
5321,0,svm,max,balanced,cached_mxbai,615,1782216741.2047093,,,
4499,0,svm,max,balanced,cached_mxbai,616,1782216741.29727,,,
3416,0,svm,max,balanced,cached_mxbai,617,1782216741.3865852,,,
532,0,svm,max,balanced,cached_mxbai,618,1782216741.4775252,,,
5457,0,svm,max,balanced,cached_mxbai,619,1782216741.5666134,,,
5218,0,svm,max,balanced,cached_mxbai,620,1782216741.659624,,,
4625,0,svm,max,balanced,cached_mxbai,621,1782216741.751487,,,
9829,0,svm,max,balanced,cached_mxbai,622,1782216741.841577,,,
9182,0,svm,max,balanced,cached_mxbai,623,1782216741.9326613,,,
7460,0,svm,max,balanced,cached_mxbai,624,1782216742.0228877,,,
4686,0,svm,max,balanced,cached_mxbai,625,1782216742.113296,,,
1051,0,svm,max,balanced,cached_mxbai,626,1782216742.2017052,,,
9908,0,svm,max,balanced,cached_mxbai,627,1782216742.2940364,,,
4538,0,svm,max,balanced,cached_mxbai,628,1782216742.3880293,,,
3455,0,svm,max,balanced,cached_mxbai,629,1782216742.478128,,,
8168,0,svm,max,balanced,cached_mxbai,630,1782216742.5695508,,,
4552,0,svm,max,balanced,cached_mxbai,631,1782216742.6620011,,,
7011,0,svm,max,balanced,cached_mxbai,632,1782216742.7546215,,,
5451,0,svm,max,balanced,cached_mxbai,633,1782216742.848517,,,
7662,0,svm,max,balanced,cached_mxbai,634,1782216742.939301,,,
4350,0,svm,max,balanced,cached_mxbai,635,1782216743.034563,,,
3761,0,svm,max,balanced,cached_mxbai,636,1782216743.1257071,,,
4427,0,svm,max,balanced,cached_mxbai,637,1782216743.217577,,,
7596,0,svm,max,balanced,cached_mxbai,638,1782216743.3089774,,,
8257,0,svm,max,balanced,cached_mxbai,639,1782216743.4000318,,,
6530,0,svm,max,balanced,cached_mxbai,640,1782216743.4905515,,,
4797,0,svm,max,balanced,cached_mxbai,641,1782216743.5846612,,,
6778,0,svm,max,balanced,cached_mxbai,642,1782216743.6769712,,,
4565,0,svm,max,balanced,cached_mxbai,643,1782216743.770028,,,
9625,0,svm,max,balanced,cached_mxbai,644,1782216743.8631074,,,
8225,0,svm,max,balanced,cached_mxbai,645,1782216743.9566565,,,
4289,0,svm,max,balanced,cached_mxbai,646,1782216744.050481,,,
9806,0,svm,max,balanced,cached_mxbai,647,1782216744.144283,,,
1879,0,svm,max,balanced,cached_mxbai,648,1782216744.2380824,,,
9249,0,svm,max,balanced,cached_mxbai,649,1782216744.3302894,,,
6192,0,svm,max,balanced,cached_mxbai,650,1782216744.426059,,,
8655,0,svm,max,balanced,cached_mxbai,651,1782216744.5168204,,,
4088,0,svm,max,balanced,cached_mxbai,652,1782216744.6097126,,,
6400,0,svm,max,balanced,cached_mxbai,653,1782216744.7008338,,,
1213,0,svm,max,balanced,cached_mxbai,654,1782216744.7937055,,,
4134,0,svm,max,balanced,cached_mxbai,655,1782216744.8855577,,,
5137,0,svm,max,balanced,cached_mxbai,656,1782216744.98013,,,
7121,0,svm,max,balanced,cached_mxbai,657,1782216745.1007893,,,
5061,0,svm,max,balanced,cached_mxbai,658,1782216745.1976926,,,
9678,0,svm,max,balanced,cached_mxbai,659,1782216745.3227153,,,
59,0,svm,max,balanced,cached_mxbai,660,1782216745.427488,,,
7317,1,svm,max,balanced,cached_mxbai,661,1782216745.5233517,,,
4793,0,svm,max,balanced,cached_mxbai,662,1782216745.619627,,,
4941,0,svm,max,balanced,cached_mxbai,663,1782216745.7158911,,,
3106,0,svm,max,balanced,cached_mxbai,664,1782216745.8097212,,,
4599,0,svm,max,balanced,cached_mxbai,665,1782216745.9048283,,,
4659,0,svm,max,balanced,cached_mxbai,666,1782216745.9972067,,,
10317,0,svm,max,balanced,cached_mxbai,667,1782216746.091203,,,
9813,0,svm,max,balanced,cached_mxbai,668,1782216746.1859872,,,
4723,0,svm,max,balanced,cached_mxbai,669,1782216746.280578,,,
5773,0,svm,max,balanced,cached_mxbai,670,1782216746.379424,,,
9564,0,svm,max,balanced,cached_mxbai,671,1782216746.477413,,,
4788,0,svm,max,balanced,cached_mxbai,672,1782216746.5719955,,,
545,0,svm,max,balanced,cached_mxbai,673,1782216746.6693265,,,
3778,0,svm,max,balanced,cached_mxbai,674,1782216746.7702298,,,
842,1,svm,max,balanced,cached_mxbai,675,1782216746.8695257,,,
4930,0,svm,max,balanced,cached_mxbai,676,1782216746.9667664,,,
4792,0,svm,max,balanced,cached_mxbai,677,1782216747.0654576,,,
8884,0,svm,max,balanced,cached_mxbai,678,1782216747.1591623,,,
4527,0,svm,max,balanced,cached_mxbai,679,1782216747.253141,,,
5403,0,svm,max,balanced,cached_mxbai,680,1782216747.3507638,,,
5028,0,svm,max,balanced,cached_mxbai,681,1782216747.4460635,,,
1883,0,svm,max,balanced,cached_mxbai,682,1782216747.5432885,,,
4677,0,svm,max,balanced,cached_mxbai,683,1782216747.6381662,,,
5313,0,svm,max,balanced,cached_mxbai,684,1782216747.7373571,,,
3273,0,svm,max,balanced,cached_mxbai,685,1782216747.835806,,,
2408,0,svm,max,balanced,cached_mxbai,686,1782216747.9300632,,,
676,0,svm,max,balanced,cached_mxbai,687,1782216748.0261266,,,
1233,0,svm,max,balanced,cached_mxbai,688,1782216748.1225808,,,
1734,0,svm,max,balanced,cached_mxbai,689,1782216748.2160928,,,
8888,0,svm,max,balanced,cached_mxbai,690,1782216748.3152087,,,
4875,0,svm,max,balanced,cached_mxbai,691,1782216748.4149897,,,
516,0,svm,max,balanced,cached_mxbai,692,1782216748.51277,,,
7741,0,svm,max,balanced,cached_mxbai,693,1782216748.6104686,,,
6528,0,svm,max,balanced,cached_mxbai,694,1782216748.7107198,,,
4109,0,svm,max,balanced,cached_mxbai,695,1782216748.8159173,,,
5338,0,svm,max,balanced,cached_mxbai,696,1782216748.9167354,,,
4554,0,svm,max,balanced,cached_mxbai,697,1782216749.0117989,,,
5219,0,svm,max,balanced,cached_mxbai,698,1782216749.1093185,,,
4391,0,svm,max,balanced,cached_mxbai,699,1782216749.2035809,,,
3852,0,svm,max,balanced,cached_mxbai,700,1782216749.3015778,,,
5307,0,svm,max,balanced,cached_mxbai,701,1782216749.4003766,,,
2758,0,svm,max,balanced,cached_mxbai,702,1782216749.4977856,,,
5394,0,svm,max,balanced,cached_mxbai,703,1782216749.5978484,,,
7864,0,svm,max,balanced,cached_mxbai,704,1782216749.690856,,,
4637,0,svm,max,balanced,cached_mxbai,705,1782216749.7888985,,,
8692,0,svm,max,balanced,cached_mxbai,706,1782216749.888768,,,
4153,0,svm,max,balanced,cached_mxbai,707,1782216749.9891787,,,
7226,0,svm,max,balanced,cached_mxbai,708,1782216750.0863116,,,
4711,0,svm,max,balanced,cached_mxbai,709,1782216750.1867528,,,
1350,0,svm,max,balanced,cached_mxbai,710,1782216750.287906,,,
1360,0,svm,max,balanced,cached_mxbai,711,1782216750.3971207,,,
1472,0,svm,max,balanced,cached_mxbai,712,1782216750.4946804,,,
4952,0,svm,max,balanced,cached_mxbai,713,1782216750.5948942,,,
5232,0,svm,max,balanced,cached_mxbai,714,1782216750.6942198,,,
1901,0,svm,max,balanced,cached_mxbai,715,1782216750.7913823,,,
4541,0,svm,max,balanced,cached_mxbai,716,1782216750.8929513,,,
4342,0,svm,max,balanced,cached_mxbai,717,1782216750.9937792,,,
8972,0,svm,max,balanced,cached_mxbai,718,1782216751.0952563,,,
2110,0,svm,max,balanced,cached_mxbai,719,1782216751.1938937,,,
5323,0,svm,max,balanced,cached_mxbai,720,1782216751.2906084,,,
3600,0,svm,max,balanced,cached_mxbai,721,1782216751.3924134,,,
4683,0,svm,max,balanced,cached_mxbai,722,1782216751.4909222,,,
702,0,svm,max,balanced,cached_mxbai,723,1782216751.5931516,,,
3869,0,svm,max,balanced,cached_mxbai,724,1782216751.6934986,,,
4569,0,svm,max,balanced,cached_mxbai,725,1782216751.795488,,,
6146,0,svm,max,balanced,cached_mxbai,726,1782216751.8949711,,,
1049,0,svm,max,balanced,cached_mxbai,727,1782216751.9966102,,,
1777,0,svm,max,balanced,cached_mxbai,728,1782216752.100706,,,
3747,0,svm,max,balanced,cached_mxbai,729,1782216752.200569,,,
4692,0,svm,max,balanced,cached_mxbai,730,1782216752.2987034,,,
4593,0,svm,max,balanced,cached_mxbai,731,1782216752.3986986,,,
613,0,svm,max,balanced,cached_mxbai,732,1782216752.5036428,,,
5207,0,svm,max,balanced,cached_mxbai,733,1782216752.606968,,,
4532,0,svm,max,balanced,cached_mxbai,734,1782216752.7099235,,,
9779,0,svm,max,balanced,cached_mxbai,735,1782216752.8139174,,,
9528,0,svm,max,balanced,cached_mxbai,736,1782216752.9165606,,,
1550,0,svm,max,balanced,cached_mxbai,737,1782216753.0168557,,,
8800,0,svm,max,balanced,cached_mxbai,738,1782216753.125056,,,
4458,0,svm,max,balanced,cached_mxbai,739,1782216753.2241492,,,
5766,0,svm,max,balanced,cached_mxbai,740,1782216753.323594,,,
8780,0,svm,max,balanced,cached_mxbai,741,1782216753.4268103,,,
6761,0,svm,max,balanced,cached_mxbai,742,1782216753.525749,,,
10389,0,svm,max,balanced,cached_mxbai,743,1782216753.6291885,,,
5584,0,svm,max,balanced,cached_mxbai,744,1782216753.7275178,,,
4927,0,svm,max,balanced,cached_mxbai,745,1782216753.8335688,,,
7270,0,svm,max,balanced,cached_mxbai,746,1782216753.9392376,,,
3827,0,svm,max,balanced,cached_mxbai,747,1782216754.039312,,,
2100,0,svm,max,balanced,cached_mxbai,748,1782216754.1465201,,,
5208,0,svm,max,balanced,cached_mxbai,749,1782216754.249399,,,
3888,0,svm,max,balanced,cached_mxbai,750,1782216754.3509686,,,
5227,0,svm,max,balanced,cached_mxbai,751,1782216754.4515107,,,
1547,0,svm,max,balanced,cached_mxbai,752,1782216754.5520368,,,
4496,0,svm,max,balanced,cached_mxbai,753,1782216754.655403,,,
3479,0,svm,max,balanced,cached_mxbai,754,1782216754.7582636,,,
666,0,svm,max,balanced,cached_mxbai,755,1782216754.864288,,,
3088,0,svm,max,balanced,cached_mxbai,756,1782216754.9662495,,,
3666,0,svm,max,balanced,cached_mxbai,757,1782216755.0720513,,,
5276,0,svm,max,balanced,cached_mxbai,758,1782216755.176741,,,
3687,0,svm,max,balanced,cached_mxbai,759,1782216755.297974,,,
4902,0,svm,max,balanced,cached_mxbai,760,1782216755.409497,,,
9531,0,svm,max,balanced,cached_mxbai,761,1782216755.514721,,,
8120,0,svm,max,balanced,cached_mxbai,762,1782216755.6204941,,,
8044,0,svm,max,balanced,cached_mxbai,763,1782216755.7255707,,,
2191,0,svm,max,balanced,cached_mxbai,764,1782216755.8270917,,,
9969,0,svm,max,balanced,cached_mxbai,765,1782216755.934074,,,
4473,0,svm,max,balanced,cached_mxbai,766,1782216756.0369961,,,
9323,0,svm,max,balanced,cached_mxbai,767,1782216756.1405332,,,
4420,0,svm,max,balanced,cached_mxbai,768,1782216756.2450893,,,
10033,0,svm,max,balanced,cached_mxbai,769,1782216756.3459225,,,
5242,0,svm,max,balanced,cached_mxbai,770,1782216756.4502678,,,
7064,0,svm,max,balanced,cached_mxbai,771,1782216756.5555916,,,
10241,0,svm,max,balanced,cached_mxbai,772,1782216756.6605198,,,
4611,0,svm,max,balanced,cached_mxbai,773,1782216756.7648964,,,
3982,0,svm,max,balanced,cached_mxbai,774,1782216756.8708658,,,
6912,0,svm,max,balanced,cached_mxbai,775,1782216756.9746644,,,
6914,0,svm,max,balanced,cached_mxbai,776,1782216757.0773454,,,
4706,0,svm,max,balanced,cached_mxbai,777,1782216757.180588,,,
10549,0,svm,max,balanced,cached_mxbai,778,1782216757.287131,,,
8261,0,svm,max,balanced,cached_mxbai,779,1782216757.3912575,,,
5651,0,svm,max,balanced,cached_mxbai,780,1782216757.4965394,,,
3252,0,svm,max,balanced,cached_mxbai,781,1782216757.5988152,,,
3614,0,svm,max,balanced,cached_mxbai,782,1782216757.7025156,,,
2762,0,svm,max,balanced,cached_mxbai,783,1782216757.8060215,,,
6483,0,svm,max,balanced,cached_mxbai,784,1782216757.9101138,,,
5564,0,svm,max,balanced,cached_mxbai,785,1782216758.0184507,,,
760,0,svm,max,balanced,cached_mxbai,786,1782216758.1219769,,,
5160,0,svm,max,balanced,cached_mxbai,787,1782216758.2292447,,,
10232,0,svm,max,balanced,cached_mxbai,788,1782216758.3341918,,,
50,0,svm,max,balanced,cached_mxbai,789,1782216758.4446497,,,
5383,0,svm,max,balanced,cached_mxbai,790,1782216758.554303,,,
7616,0,svm,max,balanced,cached_mxbai,791,1782216758.6635664,,,
8118,0,svm,max,balanced,cached_mxbai,792,1782216758.7761698,,,
3347,0,svm,max,balanced,cached_mxbai,793,1782216758.8901267,,,
2240,0,svm,max,balanced,cached_mxbai,794,1782216759.0119016,,,
8999,0,svm,max,balanced,cached_mxbai,795,1782216759.1187177,,,
6039,0,svm,max,balanced,cached_mxbai,796,1782216759.2247977,,,
8531,0,svm,max,balanced,cached_mxbai,797,1782216759.3330698,,,
5072,0,svm,max,balanced,cached_mxbai,798,1782216759.445978,,,
32,0,svm,max,balanced,cached_mxbai,799,1782216759.5529854,,,
4528,0,svm,max,balanced,cached_mxbai,800,1782216759.6587248,,,
4670,0,svm,max,balanced,cached_mxbai,801,1782216759.767655,,,
9538,0,svm,max,balanced,cached_mxbai,802,1782216759.8768659,,,
134,0,svm,max,balanced,cached_mxbai,803,1782216759.9844925,,,
9041,0,svm,max,balanced,cached_mxbai,804,1782216760.0907774,,,
5074,0,svm,max,balanced,cached_mxbai,805,1782216760.1964757,,,
4570,0,svm,max,balanced,cached_mxbai,806,1782216760.303806,,,
8055,0,svm,max,balanced,cached_mxbai,807,1782216760.410926,,,
663,0,svm,max,balanced,cached_mxbai,808,1782216760.5216076,,,
4209,0,svm,max,balanced,cached_mxbai,809,1782216760.6301973,,,
6831,0,svm,max,balanced,cached_mxbai,810,1782216760.7409306,,,
4964,0,svm,max,balanced,cached_mxbai,811,1782216760.8482463,,,
4058,0,svm,max,balanced,cached_mxbai,812,1782216760.955183,,,
7483,0,svm,max,balanced,cached_mxbai,813,1782216761.0647101,,,
896,0,svm,max,balanced,cached_mxbai,814,1782216761.1739893,,,
4867,0,svm,max,balanced,cached_mxbai,815,1782216761.2820845,,,
4612,0,svm,max,balanced,cached_mxbai,816,1782216761.392042,,,
10110,0,svm,max,balanced,cached_mxbai,817,1782216761.4975693,,,
1198,0,svm,max,balanced,cached_mxbai,818,1782216761.6087828,,,
4889,0,svm,max,balanced,cached_mxbai,819,1782216761.7176735,,,
6417,0,svm,max,balanced,cached_mxbai,820,1782216761.8257756,,,
4662,0,svm,max,balanced,cached_mxbai,821,1782216761.9352562,,,
3194,0,svm,max,balanced,cached_mxbai,822,1782216762.0428128,,,
698,0,svm,max,balanced,cached_mxbai,823,1782216762.154787,,,
4573,0,svm,max,balanced,cached_mxbai,824,1782216762.2617493,,,
5017,0,svm,max,balanced,cached_mxbai,825,1782216762.3706276,,,
9069,0,svm,max,balanced,cached_mxbai,826,1782216762.4770353,,,
2113,0,svm,max,balanced,cached_mxbai,827,1782216762.5849597,,,
3923,0,svm,max,balanced,cached_mxbai,828,1782216762.698571,,,
4476,0,svm,max,balanced,cached_mxbai,829,1782216762.8080237,,,
4299,0,svm,max,balanced,cached_mxbai,830,1782216762.9227517,,,
7016,0,svm,max,balanced,cached_mxbai,831,1782216763.0331857,,,
3912,0,svm,max,balanced,cached_mxbai,832,1782216763.1428156,,,
8255,0,svm,max,balanced,cached_mxbai,833,1782216763.254007,,,
4709,0,svm,max,balanced,cached_mxbai,834,1782216763.3643546,,,
8982,0,svm,max,balanced,cached_mxbai,835,1782216763.4773264,,,
8467,0,svm,max,balanced,cached_mxbai,836,1782216763.5856013,,,
3894,0,svm,max,balanced,cached_mxbai,837,1782216763.7010477,,,
4619,0,svm,max,balanced,cached_mxbai,838,1782216763.8113332,,,
4834,0,svm,max,balanced,cached_mxbai,839,1782216763.9227808,,,
9122,0,svm,max,balanced,cached_mxbai,840,1782216764.033185,,,
6340,0,svm,max,balanced,cached_mxbai,841,1782216764.1436741,,,
9131,0,svm,max,balanced,cached_mxbai,842,1782216764.2565281,,,
8602,0,svm,max,balanced,cached_mxbai,843,1782216764.367488,,,
4633,0,svm,max,balanced,cached_mxbai,844,1782216764.481681,,,
4988,0,svm,max,balanced,cached_mxbai,845,1782216764.5948355,,,
5330,0,svm,max,balanced,cached_mxbai,846,1782216764.7062554,,,
7264,0,svm,max,balanced,cached_mxbai,847,1782216764.8185234,,,
3097,0,svm,max,balanced,cached_mxbai,848,1782216764.9320996,,,
3639,0,svm,max,balanced,cached_mxbai,849,1782216765.050658,,,
2279,0,svm,max,balanced,cached_mxbai,850,1782216765.1643536,,,
1070,0,svm,max,balanced,cached_mxbai,851,1782216765.30588,,,
86,0,svm,max,balanced,cached_mxbai,852,1782216765.427398,,,
4582,0,svm,max,balanced,cached_mxbai,853,1782216765.540286,,,
3934,0,svm,max,balanced,cached_mxbai,854,1782216765.6547604,,,
5096,0,svm,max,balanced,cached_mxbai,855,1782216765.7686229,,,
4636,0,svm,max,balanced,cached_mxbai,856,1782216765.8832603,,,
4598,0,svm,max,balanced,cached_mxbai,857,1782216765.9980435,,,
5125,0,svm,max,balanced,cached_mxbai,858,1782216766.1114779,,,
9293,0,svm,max,balanced,cached_mxbai,859,1782216766.2256627,,,
10337,0,svm,max,balanced,cached_mxbai,860,1782216766.338192,,,
4657,0,svm,max,balanced,cached_mxbai,861,1782216766.4489,,,
4176,0,svm,max,balanced,cached_mxbai,862,1782216766.561732,,,
5591,0,svm,max,balanced,cached_mxbai,863,1782216766.6750894,,,
4453,0,svm,max,balanced,cached_mxbai,864,1782216766.788502,,,
4994,0,svm,max,balanced,cached_mxbai,865,1782216766.89992,,,
402,0,svm,max,balanced,cached_mxbai,866,1782216767.0108638,,,
7217,0,svm,max,balanced,cached_mxbai,867,1782216767.1258407,,,
7009,0,svm,max,balanced,cached_mxbai,868,1782216767.2383926,,,
7182,0,svm,max,balanced,cached_mxbai,869,1782216767.352157,,,
10291,0,svm,max,balanced,cached_mxbai,870,1782216767.4667373,,,
4933,0,svm,max,balanced,cached_mxbai,871,1782216767.5803094,,,
9945,0,svm,max,balanced,cached_mxbai,872,1782216767.6979392,,,
3661,0,svm,max,balanced,cached_mxbai,873,1782216767.8136878,,,
591,0,svm,max,balanced,cached_mxbai,874,1782216767.9292746,,,
9725,0,svm,max,balanced,cached_mxbai,875,1782216768.0460021,,,
10136,1,svm,max,balanced,cached_mxbai,876,1782216768.16276,,,
7269,0,svm,max,balanced,cached_mxbai,877,1782216768.279607,,,
9199,0,svm,max,balanced,cached_mxbai,878,1782216768.3968065,,,
8995,0,svm,max,balanced,cached_mxbai,879,1782216768.5137064,,,
1721,1,svm,max,balanced,cached_mxbai,880,1782216768.6296842,,,
4495,0,svm,max,balanced,cached_mxbai,881,1782216768.7474854,,,
5199,0,svm,max,balanced,cached_mxbai,882,1782216768.867742,,,
5272,0,svm,max,balanced,cached_mxbai,883,1782216768.9870775,,,
5329,0,svm,max,balanced,cached_mxbai,884,1782216769.1246166,,,
4222,0,svm,max,balanced,cached_mxbai,885,1782216769.249267,,,
4435,0,svm,max,balanced,cached_mxbai,886,1782216769.370227,,,
10435,1,svm,max,balanced,cached_mxbai,887,1782216769.492132,,,
6830,0,svm,max,balanced,cached_mxbai,888,1782216769.6103196,,,
907,0,svm,max,balanced,cached_mxbai,889,1782216769.7213054,,,
9132,0,svm,max,balanced,cached_mxbai,890,1782216769.8374152,,,
1561,0,svm,max,balanced,cached_mxbai,891,1782216769.9567263,,,
4559,0,svm,max,balanced,cached_mxbai,892,1782216770.0789933,,,
7168,0,svm,max,balanced,cached_mxbai,893,1782216770.2001433,,,
8179,0,svm,max,balanced,cached_mxbai,894,1782216770.3226058,,,
3742,0,svm,max,balanced,cached_mxbai,895,1782216770.4435587,,,
3523,0,svm,max,balanced,cached_mxbai,896,1782216770.5619488,,,
9836,0,svm,max,balanced,cached_mxbai,897,1782216770.6842062,,,
3502,0,svm,max,balanced,cached_mxbai,898,1782216770.8055816,,,
8315,0,svm,max,balanced,cached_mxbai,899,1782216770.92589,,,
6444,0,svm,max,balanced,cached_mxbai,900,1782216771.0518446,,,
1312,0,svm,max,balanced,cached_mxbai,901,1782216771.1661162,,,
2832,0,svm,max,balanced,cached_mxbai,902,1782216771.2871888,,,
7595,0,svm,max,balanced,cached_mxbai,903,1782216771.4070556,,,
9747,0,svm,max,balanced,cached_mxbai,904,1782216771.5260048,,,
4722,0,svm,max,balanced,cached_mxbai,905,1782216771.6440692,,,
4445,0,svm,max,balanced,cached_mxbai,906,1782216771.7646224,,,
3538,0,svm,max,balanced,cached_mxbai,907,1782216771.8828115,,,
4862,0,svm,max,balanced,cached_mxbai,908,1782216771.9985733,,,
9749,0,svm,max,balanced,cached_mxbai,909,1782216772.1230314,,,
6718,0,svm,max,balanced,cached_mxbai,910,1782216772.2414207,,,
4586,0,svm,max,balanced,cached_mxbai,911,1782216772.3605704,,,
8696,0,svm,max,balanced,cached_mxbai,912,1782216772.4889696,,,
5426,0,svm,max,balanced,cached_mxbai,913,1782216772.609622,,,
5410,0,svm,max,balanced,cached_mxbai,914,1782216772.7262652,,,
4648,0,svm,max,balanced,cached_mxbai,915,1782216772.849982,,,
10290,0,svm,max,balanced,cached_mxbai,916,1782216772.9707966,,,
2559,0,svm,max,balanced,cached_mxbai,917,1782216773.0886889,,,
7767,0,svm,max,balanced,cached_mxbai,918,1782216773.2074647,,,
6553,0,svm,max,balanced,cached_mxbai,919,1782216773.3326364,,,
5016,0,svm,max,balanced,cached_mxbai,920,1782216773.4545417,,,
6398,0,svm,max,balanced,cached_mxbai,921,1782216773.580752,,,
1385,0,svm,max,balanced,cached_mxbai,922,1782216773.7002728,,,
6238,0,svm,max,balanced,cached_mxbai,923,1782216773.815999,,,
4086,0,svm,max,balanced,cached_mxbai,924,1782216773.9360063,,,
5185,0,svm,max,balanced,cached_mxbai,925,1782216774.0604022,,,
4139,0,svm,max,balanced,cached_mxbai,926,1782216774.181099,,,
7434,0,svm,max,balanced,cached_mxbai,927,1782216774.303859,,,
6629,0,svm,max,balanced,cached_mxbai,928,1782216774.4226408,,,
10177,0,svm,max,balanced,cached_mxbai,929,1782216774.542023,,,
4642,0,svm,max,balanced,cached_mxbai,930,1782216774.6619632,,,
7597,0,svm,max,balanced,cached_mxbai,931,1782216774.7799416,,,
3494,0,svm,max,balanced,cached_mxbai,932,1782216774.9047055,,,
2330,0,svm,max,balanced,cached_mxbai,933,1782216775.0306304,,,
10225,0,svm,max,balanced,cached_mxbai,934,1782216775.156643,,,
1585,0,svm,max,balanced,cached_mxbai,935,1782216775.299993,,,
4588,0,svm,max,balanced,cached_mxbai,936,1782216775.4370184,,,
5039,0,svm,max,balanced,cached_mxbai,937,1782216775.5675302,,,
3914,0,svm,max,balanced,cached_mxbai,938,1782216775.6932013,,,
4703,0,svm,max,balanced,cached_mxbai,939,1782216775.816701,,,
677,0,svm,max,balanced,cached_mxbai,940,1782216775.9412057,,,
4836,0,svm,max,balanced,cached_mxbai,941,1782216776.0692964,,,
10169,0,svm,max,balanced,cached_mxbai,942,1782216776.1956036,,,
5145,0,svm,max,balanced,cached_mxbai,943,1782216776.3215702,,,
1003,0,svm,max,balanced,cached_mxbai,944,1782216776.4486444,,,
3099,0,svm,max,balanced,cached_mxbai,945,1782216776.5682445,,,
3187,0,svm,max,balanced,cached_mxbai,946,1782216776.6964808,,,
4136,0,svm,max,balanced,cached_mxbai,947,1782216776.820419,,,
8428,0,svm,max,balanced,cached_mxbai,948,1782216776.9467971,,,
8063,0,svm,max,balanced,cached_mxbai,949,1782216777.0787573,,,
9763,0,svm,max,balanced,cached_mxbai,950,1782216777.2173336,,,
5365,0,svm,max,balanced,cached_mxbai,951,1782216777.3454652,,,
4813,0,svm,max,balanced,cached_mxbai,952,1782216777.4750934,,,
3558,0,svm,max,balanced,cached_mxbai,953,1782216777.6022348,,,
3185,0,svm,max,balanced,cached_mxbai,954,1782216777.7343712,,,
5013,0,svm,max,balanced,cached_mxbai,955,1782216777.861646,,,
5111,0,svm,max,balanced,cached_mxbai,956,1782216777.987869,,,
8092,0,svm,max,balanced,cached_mxbai,957,1782216778.1213045,,,
3994,0,svm,max,balanced,cached_mxbai,958,1782216778.2527845,,,
1911,0,svm,max,balanced,cached_mxbai,959,1782216778.3798378,,,
6842,0,svm,max,balanced,cached_mxbai,960,1782216778.5066388,,,
3748,0,svm,max,balanced,cached_mxbai,961,1782216778.6372588,,,
4680,0,svm,max,balanced,cached_mxbai,962,1782216778.7641444,,,
6646,0,svm,max,balanced,cached_mxbai,963,1782216778.8926873,,,
9213,0,svm,max,balanced,cached_mxbai,964,1782216779.0184402,,,
4515,0,svm,max,balanced,cached_mxbai,965,1782216779.1498687,,,
10112,0,svm,max,balanced,cached_mxbai,966,1782216779.2777276,,,
4424,0,svm,max,balanced,cached_mxbai,967,1782216779.4036741,,,
9996,0,svm,max,balanced,cached_mxbai,968,1782216779.5288932,,,
3873,0,svm,max,balanced,cached_mxbai,969,1782216779.6541867,,,
1149,0,svm,max,balanced,cached_mxbai,970,1782216779.7835922,,,
25,0,svm,max,balanced,cached_mxbai,971,1782216779.9125903,,,
3960,0,svm,max,balanced,cached_mxbai,972,1782216780.041787,,,
6499,0,svm,max,balanced,cached_mxbai,973,1782216780.1678855,,,
4729,0,svm,max,balanced,cached_mxbai,974,1782216780.2949166,,,
5134,0,svm,max,balanced,cached_mxbai,975,1782216780.4203992,,,
6013,0,svm,max,balanced,cached_mxbai,976,1782216780.5513377,,,
4744,0,svm,max,balanced,cached_mxbai,977,1782216780.6819382,,,
3209,0,svm,max,balanced,cached_mxbai,978,1782216780.8141735,,,
3767,0,svm,max,balanced,cached_mxbai,979,1782216780.9388037,,,
4951,0,svm,max,balanced,cached_mxbai,980,1782216781.071343,,,
6634,0,svm,max,balanced,cached_mxbai,981,1782216781.2055018,,,
7577,0,svm,max,balanced,cached_mxbai,982,1782216781.33968,,,
8993,0,svm,max,balanced,cached_mxbai,983,1782216781.478466,,,
387,0,svm,max,balanced,cached_mxbai,984,1782216781.6202993,,,
4905,0,svm,max,balanced,cached_mxbai,985,1782216781.7496977,,,
5077,0,svm,max,balanced,cached_mxbai,986,1782216781.882826,,,
4434,0,svm,max,balanced,cached_mxbai,987,1782216782.0134006,,,
5244,0,svm,max,balanced,cached_mxbai,988,1782216782.1501615,,,
5449,0,svm,max,balanced,cached_mxbai,989,1782216782.2830026,,,
4166,0,svm,max,balanced,cached_mxbai,990,1782216782.4139328,,,
8563,0,svm,max,balanced,cached_mxbai,991,1782216782.5455663,,,
5996,0,svm,max,balanced,cached_mxbai,992,1782216782.6753814,,,
8153,0,svm,max,balanced,cached_mxbai,993,1782216782.8047473,,,
6631,0,svm,max,balanced,cached_mxbai,994,1782216782.9355829,,,
955,0,svm,max,balanced,cached_mxbai,995,1782216783.0685666,,,
4635,0,svm,max,balanced,cached_mxbai,996,1782216783.207127,,,
8049,0,svm,max,balanced,cached_mxbai,997,1782216783.3339305,,,
1008,0,svm,max,balanced,cached_mxbai,998,1782216783.4618936,,,
3080,0,svm,max,balanced,cached_mxbai,999,1782216783.5898576,,,
4104,0,svm,max,balanced,cached_mxbai,1000,1782216783.7178617,,,
3569,0,svm,max,balanced,cached_mxbai,1001,1782216783.844542,,,
10484,0,svm,max,balanced,cached_mxbai,1002,1782216783.9756145,,,
3197,0,svm,max,balanced,cached_mxbai,1003,1782216784.105888,,,
8839,0,svm,max,balanced,cached_mxbai,1004,1782216784.235282,,,
3836,0,svm,max,balanced,cached_mxbai,1005,1782216784.3676198,,,
7262,0,svm,max,balanced,cached_mxbai,1006,1782216784.49988,,,
4705,0,svm,max,balanced,cached_mxbai,1007,1782216784.631842,,,
4121,0,svm,max,balanced,cached_mxbai,1008,1782216784.7600217,,,
10000,0,svm,max,balanced,cached_mxbai,1009,1782216784.8910506,,,
4217,0,svm,max,balanced,cached_mxbai,1010,1782216785.0200408,,,
3945,0,svm,max,balanced,cached_mxbai,1011,1782216785.1505988,,,
2259,0,svm,max,balanced,cached_mxbai,1012,1782216785.3035233,,,
8598,0,svm,max,balanced,cached_mxbai,1013,1782216785.4371727,,,
4162,0,svm,max,balanced,cached_mxbai,1014,1782216785.5706127,,,
4522,0,svm,max,balanced,cached_mxbai,1015,1782216785.6994824,,,
6798,0,svm,max,balanced,cached_mxbai,1016,1782216785.8289604,,,
6607,0,svm,max,balanced,cached_mxbai,1017,1782216785.9599638,,,
6326,0,svm,max,balanced,cached_mxbai,1018,1782216786.0924702,,,
3458,0,svm,max,balanced,cached_mxbai,1019,1782216786.227284,,,
6438,0,svm,max,balanced,cached_mxbai,1020,1782216786.3607216,,,
6411,0,svm,max,balanced,cached_mxbai,1021,1782216786.4899347,,,
2428,0,svm,max,balanced,cached_mxbai,1022,1782216786.619289,,,
8909,0,svm,max,balanced,cached_mxbai,1023,1782216786.7490864,,,
4886,0,svm,max,balanced,cached_mxbai,1024,1782216786.8675692,,,
10122,0,svm,max,balanced,cached_mxbai,1025,1782216786.984625,,,
9957,0,svm,max,balanced,cached_mxbai,1026,1782216787.1035678,,,
2258,0,svm,max,balanced,cached_mxbai,1027,1782216787.2256985,,,
4912,0,svm,max,balanced,cached_mxbai,1028,1782216787.3427315,,,
6136,0,svm,max,balanced,cached_mxbai,1029,1782216787.4590673,,,
1840,0,svm,max,balanced,cached_mxbai,1030,1782216787.576844,,,
5078,0,svm,max,balanced,cached_mxbai,1031,1782216787.6945608,,,
7002,0,svm,max,balanced,cached_mxbai,1032,1782216787.811152,,,
6991,0,svm,max,balanced,cached_mxbai,1033,1782216787.9272053,,,
5238,0,svm,max,balanced,cached_mxbai,1034,1782216788.0434446,,,
4510,0,svm,max,balanced,cached_mxbai,1035,1782216788.1615517,,,
10057,0,svm,max,balanced,cached_mxbai,1036,1782216788.2769907,,,
7207,0,svm,max,balanced,cached_mxbai,1037,1782216788.3951488,,,
7490,0,svm,max,balanced,cached_mxbai,1038,1782216788.5139766,,,
23,0,svm,max,balanced,cached_mxbai,1039,1782216788.6337354,,,
9429,0,svm,max,balanced,cached_mxbai,1040,1782216788.7550702,,,
5154,0,svm,max,balanced,cached_mxbai,1041,1782216788.8728812,,,
4507,0,svm,max,balanced,cached_mxbai,1042,1782216788.9913163,,,
828,0,svm,max,balanced,cached_mxbai,1043,1782216789.1104481,,,
4985,0,svm,max,balanced,cached_mxbai,1044,1782216789.230422,,,
620,0,svm,max,balanced,cached_mxbai,1045,1782216789.3467054,,,
7390,0,svm,max,balanced,cached_mxbai,1046,1782216789.4616256,,,
4364,0,svm,max,balanced,cached_mxbai,1047,1782216789.5785003,,,
4773,0,svm,max,balanced,cached_mxbai,1048,1782216789.69354,,,
6743,0,svm,max,balanced,cached_mxbai,1049,1782216789.8109968,,,
4564,0,svm,max,balanced,cached_mxbai,1050,1782216789.9271736,,,
2429,0,svm,max,balanced,cached_mxbai,1051,1782216790.0446806,,,
8486,0,svm,max,balanced,cached_mxbai,1052,1782216790.1634169,,,
4568,0,svm,max,balanced,cached_mxbai,1053,1782216790.279481,,,
3543,0,svm,max,balanced,cached_mxbai,1054,1782216790.3953934,,,
1461,0,svm,max,balanced,cached_mxbai,1055,1782216790.5135355,,,
5968,0,svm,max,balanced,cached_mxbai,1056,1782216790.632503,,,
2803,0,svm,max,balanced,cached_mxbai,1057,1782216790.7495396,,,
6150,0,svm,max,balanced,cached_mxbai,1058,1782216790.8665419,,,
3583,0,svm,max,balanced,cached_mxbai,1059,1782216790.98351,,,
5398,0,svm,max,balanced,cached_mxbai,1060,1782216791.1012962,,,
6121,0,svm,max,balanced,cached_mxbai,1061,1782216791.222436,,,
4513,0,svm,max,balanced,cached_mxbai,1062,1782216791.3437057,,,
5088,0,svm,max,balanced,cached_mxbai,1063,1782216791.461802,,,
9394,0,svm,max,balanced,cached_mxbai,1064,1782216791.5812073,,,
4112,0,svm,max,balanced,cached_mxbai,1065,1782216791.6986158,,,
7108,0,svm,max,balanced,cached_mxbai,1066,1782216791.8185694,,,
2745,0,svm,max,balanced,cached_mxbai,1067,1782216791.9385617,,,
9759,0,svm,max,balanced,cached_mxbai,1068,1782216792.0573888,,,
4484,0,svm,max,balanced,cached_mxbai,1069,1782216792.1767642,,,
3677,0,svm,max,balanced,cached_mxbai,1070,1782216792.295513,,,
7702,0,svm,max,balanced,cached_mxbai,1071,1782216792.420847,,,
10493,0,svm,max,balanced,cached_mxbai,1072,1782216792.5427027,,,
4587,0,svm,max,balanced,cached_mxbai,1073,1782216792.661577,,,
4026,0,svm,max,balanced,cached_mxbai,1074,1782216792.7785697,,,
6120,0,svm,max,balanced,cached_mxbai,1075,1782216792.8981876,,,
4631,0,svm,max,balanced,cached_mxbai,1076,1782216793.0172303,,,
72,0,svm,max,balanced,cached_mxbai,1077,1782216793.138688,,,
3081,0,svm,max,balanced,cached_mxbai,1078,1782216793.2630095,,,
6421,0,svm,max,balanced,cached_mxbai,1079,1782216793.3841355,,,
5468,0,svm,max,balanced,cached_mxbai,1080,1782216793.5042968,,,
4673,0,svm,max,balanced,cached_mxbai,1081,1782216793.6235707,,,
4295,0,svm,max,balanced,cached_mxbai,1082,1782216793.7438164,,,
1048,0,svm,max,balanced,cached_mxbai,1083,1782216793.8649352,,,
5093,0,svm,max,balanced,cached_mxbai,1084,1782216793.984984,,,
10031,0,svm,max,balanced,cached_mxbai,1085,1782216794.1057858,,,
4574,0,svm,max,balanced,cached_mxbai,1086,1782216794.2287996,,,
6147,0,svm,max,balanced,cached_mxbai,1087,1782216794.3484063,,,
3515,0,svm,max,balanced,cached_mxbai,1088,1782216794.4687397,,,
3147,0,svm,max,balanced,cached_mxbai,1089,1782216794.5905871,,,
5034,0,svm,max,balanced,cached_mxbai,1090,1782216794.7103508,,,
8597,0,svm,max,balanced,cached_mxbai,1091,1782216794.8291156,,,
6485,0,svm,max,balanced,cached_mxbai,1092,1782216794.9485257,,,
4812,0,svm,max,balanced,cached_mxbai,1093,1782216795.073416,,,
5516,0,svm,max,balanced,cached_mxbai,1094,1782216795.195244,,,
9240,0,svm,max,balanced,cached_mxbai,1095,1782216795.3552186,,,
1082,0,svm,max,balanced,cached_mxbai,1096,1782216795.4800386,,,
4523,0,svm,max,balanced,cached_mxbai,1097,1782216795.6024208,,,
3969,0,svm,max,balanced,cached_mxbai,1098,1782216795.7215042,,,
7351,1,svm,max,balanced,cached_mxbai,1099,1782216795.84198,,,
9683,0,svm,max,balanced,cached_mxbai,1100,1782216795.9602356,,,
9028,0,svm,max,balanced,cached_mxbai,1101,1782216796.0796168,,,
4962,0,svm,max,balanced,cached_mxbai,1102,1782216796.199979,,,
5131,0,svm,max,balanced,cached_mxbai,1103,1782216796.3208115,,,
4131,0,svm,max,balanced,cached_mxbai,1104,1782216796.4404593,,,
5116,0,svm,max,balanced,cached_mxbai,1105,1782216796.5602517,,,
7948,0,svm,max,balanced,cached_mxbai,1106,1782216796.6789703,,,
6249,0,svm,max,balanced,cached_mxbai,1107,1782216796.798619,,,
5237,0,svm,max,balanced,cached_mxbai,1108,1782216796.91752,,,
8530,0,svm,max,balanced,cached_mxbai,1109,1782216797.0372987,,,
5870,0,svm,max,balanced,cached_mxbai,1110,1782216797.160268,,,
5112,0,svm,max,balanced,cached_mxbai,1111,1782216797.2841039,,,
37,0,svm,max,balanced,cached_mxbai,1112,1782216797.407378,,,
7804,0,svm,max,balanced,cached_mxbai,1113,1782216797.5293581,,,
6609,0,svm,max,balanced,cached_mxbai,1114,1782216797.651703,,,
6126,0,svm,max,balanced,cached_mxbai,1115,1782216797.771872,,,
4595,0,svm,max,balanced,cached_mxbai,1116,1782216797.8945072,,,
2264,0,svm,max,balanced,cached_mxbai,1117,1782216798.0149848,,,
5165,0,svm,max,balanced,cached_mxbai,1118,1782216798.13777,,,
5235,0,svm,max,balanced,cached_mxbai,1119,1782216798.2620487,,,
3954,0,svm,max,balanced,cached_mxbai,1120,1782216798.3818061,,,
131,0,svm,max,balanced,cached_mxbai,1121,1782216798.5012023,,,
4870,0,svm,max,balanced,cached_mxbai,1122,1782216798.624057,,,
10166,0,svm,max,balanced,cached_mxbai,1123,1782216798.7465045,,,
10308,0,svm,max,balanced,cached_mxbai,1124,1782216798.8687851,,,
4415,0,svm,max,balanced,cached_mxbai,1125,1782216798.9908273,,,
2053,0,svm,max,balanced,cached_mxbai,1126,1782216799.1131768,,,
4910,0,svm,max,balanced,cached_mxbai,1127,1782216799.2391233,,,
421,0,svm,max,balanced,cached_mxbai,1128,1782216799.3684618,,,
8126,0,svm,max,balanced,cached_mxbai,1129,1782216799.4916728,,,
3280,0,svm,max,balanced,cached_mxbai,1130,1782216799.6143503,,,
2943,0,svm,max,balanced,cached_mxbai,1131,1782216799.7369027,,,
2306,0,svm,max,balanced,cached_mxbai,1132,1782216799.8582897,,,
9382,0,svm,max,balanced,cached_mxbai,1133,1782216799.980882,,,
6414,0,svm,max,balanced,cached_mxbai,1134,1782216800.1034553,,,
3586,0,svm,max,balanced,cached_mxbai,1135,1782216800.2273154,,,
2627,0,svm,max,balanced,cached_mxbai,1136,1782216800.353281,,,
413,0,svm,max,balanced,cached_mxbai,1137,1782216800.4763129,,,
4684,0,svm,max,balanced,cached_mxbai,1138,1782216800.6003306,,,
5425,0,svm,max,balanced,cached_mxbai,1139,1782216800.7225986,,,
4459,0,svm,max,balanced,cached_mxbai,1140,1782216800.846964,,,
3657,0,svm,max,balanced,cached_mxbai,1141,1782216800.971657,,,
3720,0,svm,max,balanced,cached_mxbai,1142,1782216801.0984385,,,
5581,0,svm,max,balanced,cached_mxbai,1143,1782216801.2262309,,,
1492,0,svm,max,balanced,cached_mxbai,1144,1782216801.3531146,,,
4602,0,svm,max,balanced,cached_mxbai,1145,1782216801.4776783,,,
130,0,svm,max,balanced,cached_mxbai,1146,1782216801.6036599,,,
6601,0,svm,max,balanced,cached_mxbai,1147,1782216801.7286682,,,
8036,0,svm,max,balanced,cached_mxbai,1148,1782216801.856208,,,
6298,0,svm,max,balanced,cached_mxbai,1149,1782216801.980486,,,
4895,0,svm,max,balanced,cached_mxbai,1150,1782216802.1032677,,,
4442,0,svm,max,balanced,cached_mxbai,1151,1782216802.2304757,,,
6936,0,svm,max,balanced,cached_mxbai,1152,1782216802.3576229,,,
571,0,svm,max,balanced,cached_mxbai,1153,1782216802.48514,,,
4710,0,svm,max,balanced,cached_mxbai,1154,1782216802.606155,,,
9876,0,svm,max,balanced,cached_mxbai,1155,1782216802.7246861,,,
4480,0,svm,max,balanced,cached_mxbai,1156,1782216802.843963,,,
3886,0,svm,max,balanced,cached_mxbai,1157,1782216802.9657605,,,
7001,0,svm,max,balanced,cached_mxbai,1158,1782216803.084584,,,
4514,0,svm,max,balanced,cached_mxbai,1159,1782216803.2021682,,,
1287,0,svm,max,balanced,cached_mxbai,1160,1782216803.325136,,,
3170,0,svm,max,balanced,cached_mxbai,1161,1782216803.45273,,,
5018,0,svm,max,balanced,cached_mxbai,1162,1782216803.5766907,,,
2235,0,svm,max,balanced,cached_mxbai,1163,1782216803.698548,,,
3644,0,svm,max,balanced,cached_mxbai,1164,1782216803.819809,,,
4961,0,svm,max,balanced,cached_mxbai,1165,1782216803.9392447,,,
2216,0,svm,max,balanced,cached_mxbai,1166,1782216804.0640144,,,
8911,0,svm,max,balanced,cached_mxbai,1167,1782216804.1838448,,,
7468,0,svm,max,balanced,cached_mxbai,1168,1782216804.3060744,,,
3981,0,svm,max,balanced,cached_mxbai,1169,1782216804.426326,,,
3423,0,svm,max,balanced,cached_mxbai,1170,1782216804.5471277,,,
4481,0,svm,max,balanced,cached_mxbai,1171,1782216804.6658928,,,
7947,0,svm,max,balanced,cached_mxbai,1172,1782216804.7842386,,,
3409,0,svm,max,balanced,cached_mxbai,1173,1782216804.9027438,,,
8355,0,svm,max,balanced,cached_mxbai,1174,1782216805.0277748,,,
5063,0,svm,max,balanced,cached_mxbai,1175,1782216805.1661665,,,
3475,0,svm,max,balanced,cached_mxbai,1176,1782216805.3051448,,,
3757,0,svm,max,balanced,cached_mxbai,1177,1782216805.431461,,,
6643,1,svm,max,balanced,cached_mxbai,1178,1782216805.5507913,,,
6278,0,svm,max,balanced,cached_mxbai,1179,1782216805.6720862,,,
6644,1,svm,max,balanced,cached_mxbai,1180,1782216805.7930593,,,
9128,1,svm,max,balanced,cached_mxbai,1181,1782216805.91277,,,
8116,1,svm,max,balanced,cached_mxbai,1182,1782216806.0347986,,,
7102,0,svm,max,balanced,cached_mxbai,1183,1782216806.161861,,,
3098,0,svm,max,balanced,cached_mxbai,1184,1782216806.2906213,,,
5058,0,svm,max,balanced,cached_mxbai,1185,1782216806.420116,,,
10230,0,svm,max,balanced,cached_mxbai,1186,1782216806.5520494,,,
10390,0,svm,max,balanced,cached_mxbai,1187,1782216806.6806219,,,
4712,0,svm,max,balanced,cached_mxbai,1188,1782216806.8085089,,,
7464,0,svm,max,balanced,cached_mxbai,1189,1782216806.935954,,,
8586,0,svm,max,balanced,cached_mxbai,1190,1782216807.0645194,,,
7910,0,svm,max,balanced,cached_mxbai,1191,1782216807.1862407,,,
4687,0,svm,max,balanced,cached_mxbai,1192,1782216807.3082829,,,
4936,0,svm,max,balanced,cached_mxbai,1193,1782216807.4282532,,,
4362,0,svm,max,balanced,cached_mxbai,1194,1782216807.548,,,
2341,0,svm,max,balanced,cached_mxbai,1195,1782216807.6701102,,,
4815,0,svm,max,balanced,cached_mxbai,1196,1782216807.7920644,,,
6838,0,svm,max,balanced,cached_mxbai,1197,1782216807.9130847,,,
7996,0,svm,max,balanced,cached_mxbai,1198,1782216808.0338857,,,
4977,0,svm,max,balanced,cached_mxbai,1199,1782216808.1561189,,,
7087,0,svm,max,balanced,cached_mxbai,1200,1782216808.2783074,,,
6545,0,svm,max,balanced,cached_mxbai,1201,1782216808.4021292,,,
918,0,svm,max,balanced,cached_mxbai,1202,1782216808.5252213,,,
849,0,svm,max,balanced,cached_mxbai,1203,1782216808.6496665,,,
1694,0,svm,max,balanced,cached_mxbai,1204,1782216808.7770271,,,
4932,0,svm,max,balanced,cached_mxbai,1205,1782216808.900977,,,
10508,0,svm,max,balanced,cached_mxbai,1206,1782216809.0234807,,,
7478,0,svm,max,balanced,cached_mxbai,1207,1782216809.1474109,,,
7088,0,svm,max,balanced,cached_mxbai,1208,1782216809.2702992,,,
9411,0,svm,max,balanced,cached_mxbai,1209,1782216809.3957658,,,
5089,0,svm,max,balanced,cached_mxbai,1210,1782216809.516771,,,
7327,0,svm,max,balanced,cached_mxbai,1211,1782216809.6411686,,,
3669,0,svm,max,balanced,cached_mxbai,1212,1782216809.7618048,,,
4389,0,svm,max,balanced,cached_mxbai,1213,1782216809.8864727,,,
4736,0,svm,max,balanced,cached_mxbai,1214,1782216810.0152724,,,
5095,0,svm,max,balanced,cached_mxbai,1215,1782216810.1361067,,,
4839,0,svm,max,balanced,cached_mxbai,1216,1782216810.2575574,,,
26,0,svm,max,balanced,cached_mxbai,1217,1782216810.3838148,,,
859,0,svm,max,balanced,cached_mxbai,1218,1782216810.5065944,,,
7661,0,svm,max,balanced,cached_mxbai,1219,1782216810.6301253,,,
8100,0,svm,max,balanced,cached_mxbai,1220,1782216810.7513175,,,
4790,0,svm,max,balanced,cached_mxbai,1221,1782216810.872133,,,
6727,0,svm,max,balanced,cached_mxbai,1222,1782216810.9927318,,,
8709,0,svm,max,balanced,cached_mxbai,1223,1782216811.1137717,,,
4789,0,svm,max,balanced,cached_mxbai,1224,1782216811.233505,,,
6432,0,svm,max,balanced,cached_mxbai,1225,1782216811.3575182,,,
1724,0,svm,max,balanced,cached_mxbai,1226,1782216811.4778512,,,
7335,0,svm,max,balanced,cached_mxbai,1227,1782216811.6026177,,,
4974,0,svm,max,balanced,cached_mxbai,1228,1782216811.726897,,,
6602,0,svm,max,balanced,cached_mxbai,1229,1782216811.856928,,,
3291,0,svm,max,balanced,cached_mxbai,1230,1782216811.9843674,,,
3588,0,svm,max,balanced,cached_mxbai,1231,1782216812.1148295,,,
4781,0,svm,max,balanced,cached_mxbai,1232,1782216812.2426095,,,
9664,0,svm,max,balanced,cached_mxbai,1233,1782216812.3755853,,,
4646,0,svm,max,balanced,cached_mxbai,1234,1782216812.5100522,,,
7066,0,svm,max,balanced,cached_mxbai,1235,1782216812.645149,,,
1445,1,svm,max,balanced,cached_mxbai,1236,1782216812.7742283,,,
3500,0,svm,max,balanced,cached_mxbai,1237,1782216812.9028056,,,
3115,0,svm,max,balanced,cached_mxbai,1238,1782216813.032827,,,
3486,0,svm,max,balanced,cached_mxbai,1239,1782216813.1637914,,,
1161,0,svm,max,balanced,cached_mxbai,1240,1782216813.2938287,,,
3519,0,svm,max,balanced,cached_mxbai,1241,1782216813.4287515,,,
2161,0,svm,max,balanced,cached_mxbai,1242,1782216813.5577624,,,
2352,0,svm,max,balanced,cached_mxbai,1243,1782216813.6937633,,,
9009,0,svm,max,balanced,cached_mxbai,1244,1782216813.8239813,,,
3242,0,svm,max,balanced,cached_mxbai,1245,1782216813.9536648,,,
3756,0,svm,max,balanced,cached_mxbai,1246,1782216814.085947,,,
1536,0,svm,max,balanced,cached_mxbai,1247,1782216814.217725,,,
4845,0,svm,max,balanced,cached_mxbai,1248,1782216814.3490696,,,
1746,0,svm,max,balanced,cached_mxbai,1249,1782216814.4788625,,,
5387,0,svm,max,balanced,cached_mxbai,1250,1782216814.6113167,,,
7500,0,svm,max,balanced,cached_mxbai,1251,1782216814.7437315,,,
7259,0,svm,max,balanced,cached_mxbai,1252,1782216814.8765552,,,
5022,0,svm,max,balanced,cached_mxbai,1253,1782216815.0095184,,,
9912,0,svm,max,balanced,cached_mxbai,1254,1782216815.1482222,,,
4811,0,svm,max,balanced,cached_mxbai,1255,1782216815.3036604,,,
3957,0,svm,max,balanced,cached_mxbai,1256,1782216815.4463122,,,
5000,0,svm,max,balanced,cached_mxbai,1257,1782216815.5763185,,,
3987,0,svm,max,balanced,cached_mxbai,1258,1782216815.7091913,,,
2447,0,svm,max,balanced,cached_mxbai,1259,1782216815.8409982,,,
6458,0,svm,max,balanced,cached_mxbai,1260,1782216815.9733758,,,
3564,0,svm,max,balanced,cached_mxbai,1261,1782216816.1112492,,,
3345,0,svm,max,balanced,cached_mxbai,1262,1782216816.245382,,,
9180,0,svm,max,balanced,cached_mxbai,1263,1782216816.3807974,,,
3431,0,svm,max,balanced,cached_mxbai,1264,1782216816.5182679,,,
8507,0,svm,max,balanced,cached_mxbai,1265,1782216816.6559634,,,
5221,0,svm,max,balanced,cached_mxbai,1266,1782216816.7906497,,,
5001,0,svm,max,balanced,cached_mxbai,1267,1782216816.9242907,,,
6355,0,svm,max,balanced,cached_mxbai,1268,1782216817.0598128,,,
7171,0,svm,max,balanced,cached_mxbai,1269,1782216817.193627,,,
6322,0,svm,max,balanced,cached_mxbai,1270,1782216817.3258014,,,
6358,0,svm,max,balanced,cached_mxbai,1271,1782216817.4609487,,,
3984,0,svm,max,balanced,cached_mxbai,1272,1782216817.5968611,,,
4403,0,svm,max,balanced,cached_mxbai,1273,1782216817.7289531,,,
6670,0,svm,max,balanced,cached_mxbai,1274,1782216817.860855,,,
6907,0,svm,max,balanced,cached_mxbai,1275,1782216817.9945252,,,
1968,0,svm,max,balanced,cached_mxbai,1276,1782216818.1269403,,,
6574,0,svm,max,balanced,cached_mxbai,1277,1782216818.2590997,,,
3052,0,svm,max,balanced,cached_mxbai,1278,1782216818.3917596,,,
10399,0,svm,max,balanced,cached_mxbai,1279,1782216818.5281258,,,
4215,0,svm,max,balanced,cached_mxbai,1280,1782216818.662238,,,
8848,0,svm,max,balanced,cached_mxbai,1281,1782216818.795689,,,
4653,0,svm,max,balanced,cached_mxbai,1282,1782216818.9253285,,,
4351,0,svm,max,balanced,cached_mxbai,1283,1782216819.05695,,,
8560,0,svm,max,balanced,cached_mxbai,1284,1782216819.1900191,,,
4892,0,svm,max,balanced,cached_mxbai,1285,1782216819.3241403,,,
9083,0,svm,max,balanced,cached_mxbai,1286,1782216819.4621356,,,
47,0,svm,max,balanced,cached_mxbai,1287,1782216819.5991523,,,
4818,0,svm,max,balanced,cached_mxbai,1288,1782216819.733802,,,
1852,0,svm,max,balanced,cached_mxbai,1289,1782216819.8664217,,,
9834,0,svm,max,balanced,cached_mxbai,1290,1782216819.9976263,,,
4231,0,svm,max,balanced,cached_mxbai,1291,1782216820.1318676,,,
8544,0,svm,max,balanced,cached_mxbai,1292,1782216820.2683482,,,
4416,0,svm,max,balanced,cached_mxbai,1293,1782216820.4026847,,,
6945,0,svm,max,balanced,cached_mxbai,1294,1782216820.5383103,,,
5186,0,svm,max,balanced,cached_mxbai,1295,1782216820.6728482,,,
4198,0,svm,max,balanced,cached_mxbai,1296,1782216820.8075857,,,
7232,0,svm,max,balanced,cached_mxbai,1297,1782216820.9399877,,,
6137,0,svm,max,balanced,cached_mxbai,1298,1782216821.0708914,,,
4928,0,svm,max,balanced,cached_mxbai,1299,1782216821.2036078,,,
5992,0,svm,max,balanced,cached_mxbai,1300,1782216821.3417218,,,
9108,0,svm,max,balanced,cached_mxbai,1301,1782216821.4805977,,,
9797,0,svm,max,balanced,cached_mxbai,1302,1782216821.6148825,,,
8410,0,svm,max,balanced,cached_mxbai,1303,1782216821.747803,,,
4926,0,svm,max,balanced,cached_mxbai,1304,1782216821.8802466,,,
7771,0,svm,max,balanced,cached_mxbai,1305,1782216822.0123816,,,
3188,0,svm,max,balanced,cached_mxbai,1306,1782216822.1469755,,,
4291,0,svm,max,balanced,cached_mxbai,1307,1782216822.281536,,,
4655,0,svm,max,balanced,cached_mxbai,1308,1782216822.4151442,,,
1156,0,svm,max,balanced,cached_mxbai,1309,1782216822.551619,,,
7744,0,svm,max,balanced,cached_mxbai,1310,1782216822.6869302,,,
4011,0,svm,max,balanced,cached_mxbai,1311,1782216822.8204644,,,
7961,0,svm,max,balanced,cached_mxbai,1312,1782216822.9557838,,,
3033,0,svm,max,balanced,cached_mxbai,1313,1782216823.089331,,,
7527,0,svm,max,balanced,cached_mxbai,1314,1782216823.2244442,,,
2770,0,svm,max,balanced,cached_mxbai,1315,1782216823.3590274,,,
7169,0,svm,max,balanced,cached_mxbai,1316,1782216823.4957561,,,
4412,0,svm,max,balanced,cached_mxbai,1317,1782216823.6296995,,,
3693,0,svm,max,balanced,cached_mxbai,1318,1782216823.7620702,,,
4417,0,svm,max,balanced,cached_mxbai,1319,1782216823.8964944,,,
9290,0,svm,max,balanced,cached_mxbai,1320,1782216824.0290244,,,
3350,0,svm,max,balanced,cached_mxbai,1321,1782216824.1622994,,,
9604,0,svm,max,balanced,cached_mxbai,1322,1782216824.297112,,,
4958,0,svm,max,balanced,cached_mxbai,1323,1782216824.4323542,,,
9272,0,svm,max,balanced,cached_mxbai,1324,1782216824.5701003,,,
3952,0,svm,max,balanced,cached_mxbai,1325,1782216824.7078266,,,
3605,0,svm,max,balanced,cached_mxbai,1326,1782216824.8452313,,,
4846,0,svm,max,balanced,cached_mxbai,1327,1782216824.9832602,,,
10326,0,svm,max,balanced,cached_mxbai,1328,1782216825.126799,,,
8282,0,svm,max,balanced,cached_mxbai,1329,1782216825.2905493,,,
3061,0,svm,max,balanced,cached_mxbai,1330,1782216825.4457226,,,
7079,0,svm,max,balanced,cached_mxbai,1331,1782216825.5862503,,,
10058,0,svm,max,balanced,cached_mxbai,1332,1782216825.7315693,,,
9160,0,svm,max,balanced,cached_mxbai,1333,1782216825.8723154,,,
6482,0,svm,max,balanced,cached_mxbai,1334,1782216826.008196,,,
10060,0,svm,max,balanced,cached_mxbai,1335,1782216826.1468558,,,
7632,0,svm,max,balanced,cached_mxbai,1336,1782216826.2848914,,,
4772,0,svm,max,balanced,cached_mxbai,1337,1782216826.4210064,,,
5575,0,svm,max,balanced,cached_mxbai,1338,1782216826.563049,,,
4537,0,svm,max,balanced,cached_mxbai,1339,1782216826.7054098,,,
6748,0,svm,max,balanced,cached_mxbai,1340,1782216826.8416157,,,
7691,0,svm,max,balanced,cached_mxbai,1341,1782216826.9781606,,,
4419,0,svm,max,balanced,cached_mxbai,1342,1782216827.1148338,,,
7265,0,svm,max,balanced,cached_mxbai,1343,1782216827.2533095,,,
8473,0,svm,max,balanced,cached_mxbai,1344,1782216827.3884873,,,
8050,0,svm,max,balanced,cached_mxbai,1345,1782216827.527683,,,
6338,0,svm,max,balanced,cached_mxbai,1346,1782216827.6723037,,,
4098,0,svm,max,balanced,cached_mxbai,1347,1782216827.8129828,,,
7149,0,svm,max,balanced,cached_mxbai,1348,1782216827.9511552,,,
9449,0,svm,max,balanced,cached_mxbai,1349,1782216828.0880675,,,
4469,0,svm,max,balanced,cached_mxbai,1350,1782216828.2258646,,,
9582,0,svm,max,balanced,cached_mxbai,1351,1782216828.363257,,,
5511,0,svm,max,balanced,cached_mxbai,1352,1782216828.5018797,,,
8812,0,svm,max,balanced,cached_mxbai,1353,1782216828.6448076,,,
4865,0,svm,max,balanced,cached_mxbai,1354,1782216828.784689,,,
4700,0,svm,max,balanced,cached_mxbai,1355,1782216828.9228716,,,
5108,0,svm,max,balanced,cached_mxbai,1356,1782216829.059462,,,
5161,0,svm,max,balanced,cached_mxbai,1357,1782216829.2036834,,,
4053,0,svm,max,balanced,cached_mxbai,1358,1782216829.3470032,,,
8679,0,svm,max,balanced,cached_mxbai,1359,1782216829.4954584,,,
9209,0,svm,max,balanced,cached_mxbai,1360,1782216829.6404793,,,
4853,0,svm,max,balanced,cached_mxbai,1361,1782216829.781197,,,
4012,0,svm,max,balanced,cached_mxbai,1362,1782216829.9207957,,,
10088,0,svm,max,balanced,cached_mxbai,1363,1782216830.058653,,,
4331,0,svm,max,balanced,cached_mxbai,1364,1782216830.1990793,,,
3440,0,svm,max,balanced,cached_mxbai,1365,1782216830.3397567,,,
5552,0,svm,max,balanced,cached_mxbai,1366,1782216830.4770434,,,
1262,0,svm,max,balanced,cached_mxbai,1367,1782216830.616755,,,
4893,0,svm,max,balanced,cached_mxbai,1368,1782216830.757654,,,
6005,0,svm,max,balanced,cached_mxbai,1369,1782216830.8963082,,,
8158,0,svm,max,balanced,cached_mxbai,1370,1782216831.035947,,,
4111,0,svm,max,balanced,cached_mxbai,1371,1782216831.1750336,,,
5902,0,svm,max,balanced,cached_mxbai,1372,1782216831.3132405,,,
3282,0,svm,max,balanced,cached_mxbai,1373,1782216831.452408,,,
6285,0,svm,max,balanced,cached_mxbai,1374,1782216831.5947194,,,
5014,0,svm,max,balanced,cached_mxbai,1375,1782216831.7363265,,,
4319,0,svm,max,balanced,cached_mxbai,1376,1782216831.8771577,,,
9623,0,svm,max,balanced,cached_mxbai,1377,1782216832.0150695,,,
570,0,svm,max,balanced,cached_mxbai,1378,1782216832.1552763,,,
4411,0,svm,max,balanced,cached_mxbai,1379,1782216832.2957146,,,
4668,0,svm,max,balanced,cached_mxbai,1380,1782216832.4348845,,,
2066,0,svm,max,balanced,cached_mxbai,1381,1782216832.5776098,,,
4148,0,svm,max,balanced,cached_mxbai,1382,1782216832.7200694,,,
4575,0,svm,max,balanced,cached_mxbai,1383,1782216832.8605616,,,
8497,0,svm,max,balanced,cached_mxbai,1384,1782216833.0033028,,,
9773,0,svm,max,balanced,cached_mxbai,1385,1782216833.1459439,,,
9897,0,svm,max,balanced,cached_mxbai,1386,1782216833.2859561,,,
5643,0,svm,max,balanced,cached_mxbai,1387,1782216833.42768,,,
4882,0,svm,max,balanced,cached_mxbai,1388,1782216833.5709696,,,
3434,0,svm,max,balanced,cached_mxbai,1389,1782216833.7178304,,,
4733,0,svm,max,balanced,cached_mxbai,1390,1782216833.8656192,,,
9171,0,svm,max,balanced,cached_mxbai,1391,1782216834.0072563,,,
759,0,svm,max,balanced,cached_mxbai,1392,1782216834.1498563,,,
4804,0,svm,max,balanced,cached_mxbai,1393,1782216834.2914553,,,
5245,0,svm,max,balanced,cached_mxbai,1394,1782216834.4348338,,,
1078,0,svm,max,balanced,cached_mxbai,1395,1782216834.5798311,,,
9176,0,svm,max,balanced,cached_mxbai,1396,1782216834.7272866,,,
3236,0,svm,max,balanced,cached_mxbai,1397,1782216834.8679297,,,
5939,0,svm,max,balanced,cached_mxbai,1398,1782216835.0072339,,,
4530,0,svm,max,balanced,cached_mxbai,1399,1782216835.1516519,,,
5839,1,svm,max,balanced,cached_mxbai,1400,1782216835.3253155,,,
7743,0,svm,max,balanced,cached_mxbai,1401,1782216835.4689157,,,
2254,0,svm,max,balanced,cached_mxbai,1402,1782216835.6145933,,,
3634,0,svm,max,balanced,cached_mxbai,1403,1782216835.7657585,,,
7712,0,svm,max,balanced,cached_mxbai,1404,1782216835.9128733,,,
5024,0,svm,max,balanced,cached_mxbai,1405,1782216836.0552814,,,
5956,0,svm,max,balanced,cached_mxbai,1406,1782216836.1980813,,,
4261,0,svm,max,balanced,cached_mxbai,1407,1782216836.3387628,,,
8038,0,svm,max,balanced,cached_mxbai,1408,1782216836.4944632,,,
4652,0,svm,max,balanced,cached_mxbai,1409,1782216836.6435077,,,
4799,0,svm,max,balanced,cached_mxbai,1410,1782216836.7906852,,,
3506,0,svm,max,balanced,cached_mxbai,1411,1782216836.9356606,,,
8889,0,svm,max,balanced,cached_mxbai,1412,1782216837.0821724,,,
273,0,svm,max,balanced,cached_mxbai,1413,1782216837.2342978,,,
4632,0,svm,max,balanced,cached_mxbai,1414,1782216837.3778136,,,
3044,0,svm,max,balanced,cached_mxbai,1415,1782216837.5208664,,,
2039,0,svm,max,balanced,cached_mxbai,1416,1782216837.6685946,,,
5212,0,svm,max,balanced,cached_mxbai,1417,1782216837.8197546,,,
3507,0,svm,max,balanced,cached_mxbai,1418,1782216837.9715598,,,
1234,0,svm,max,balanced,cached_mxbai,1419,1782216838.1187196,,,
4970,0,svm,max,balanced,cached_mxbai,1420,1782216838.2666512,,,
5106,0,svm,max,balanced,cached_mxbai,1421,1782216838.4115841,,,
5036,0,svm,max,balanced,cached_mxbai,1422,1782216838.5579362,,,
7728,0,svm,max,balanced,cached_mxbai,1423,1782216838.707922,,,
3763,0,svm,max,balanced,cached_mxbai,1424,1782216838.8610635,,,
4664,0,svm,max,balanced,cached_mxbai,1425,1782216839.0077186,,,
8547,0,svm,max,balanced,cached_mxbai,1426,1782216839.1527526,,,
3988,0,svm,max,balanced,cached_mxbai,1427,1782216839.3009682,,,
2831,0,svm,max,balanced,cached_mxbai,1428,1782216839.4472046,,,
5086,0,svm,max,balanced,cached_mxbai,1429,1782216839.5955155,,,
4106,0,svm,max,balanced,cached_mxbai,1430,1782216839.7450438,,,
10492,0,svm,max,balanced,cached_mxbai,1431,1782216839.8958497,,,
4629,0,svm,max,balanced,cached_mxbai,1432,1782216840.041102,,,
4142,0,svm,max,balanced,cached_mxbai,1433,1782216840.1848924,,,
8918,0,svm,max,balanced,cached_mxbai,1434,1782216840.3295884,,,
4991,0,svm,max,balanced,cached_mxbai,1435,1782216840.4737234,,,
6162,0,svm,max,balanced,cached_mxbai,1436,1782216840.6184878,,,
2583,0,svm,max,balanced,cached_mxbai,1437,1782216840.7656262,,,
4708,0,svm,max,balanced,cached_mxbai,1438,1782216840.9153414,,,
6771,0,svm,max,balanced,cached_mxbai,1439,1782216841.0592923,,,
8928,0,svm,max,balanced,cached_mxbai,1440,1782216841.204129,,,
8228,0,svm,max,balanced,cached_mxbai,1441,1782216841.346574,,,
4966,0,svm,max,balanced,cached_mxbai,1442,1782216841.490753,,,
6569,0,svm,max,balanced,cached_mxbai,1443,1782216841.6364188,,,
3130,0,svm,max,balanced,cached_mxbai,1444,1782216841.7879694,,,
9864,0,svm,max,balanced,cached_mxbai,1445,1782216841.9507678,,,
1646,0,svm,max,balanced,cached_mxbai,1446,1782216842.1151612,,,
2965,0,svm,max,balanced,cached_mxbai,1447,1782216842.2608669,,,
4463,0,svm,max,balanced,cached_mxbai,1448,1782216842.4090052,,,
5159,0,svm,max,balanced,cached_mxbai,1449,1782216842.5606935,,,
9410,0,svm,max,balanced,cached_mxbai,1450,1782216842.7147822,,,
4615,0,svm,max,balanced,cached_mxbai,1451,1782216842.8605547,,,
4336,0,svm,max,balanced,cached_mxbai,1452,1782216843.0045974,,,
692,0,svm,max,balanced,cached_mxbai,1453,1782216843.1495018,,,
4045,0,svm,max,balanced,cached_mxbai,1454,1782216843.293727,,,
3905,0,svm,max,balanced,cached_mxbai,1455,1782216843.435278,,,
4654,0,svm,max,balanced,cached_mxbai,1456,1782216843.577946,,,
5153,0,svm,max,balanced,cached_mxbai,1457,1782216843.727736,,,
1613,0,svm,max,balanced,cached_mxbai,1458,1782216843.8775866,,,
6461,0,svm,max,balanced,cached_mxbai,1459,1782216844.0246236,,,
7897,0,svm,max,balanced,cached_mxbai,1460,1782216844.1773894,,,
4489,0,svm,max,balanced,cached_mxbai,1461,1782216844.3257136,,,
8463,0,svm,max,balanced,cached_mxbai,1462,1782216844.4725854,,,
5672,0,svm,max,balanced,cached_mxbai,1463,1782216844.618345,,,
5487,0,svm,max,balanced,cached_mxbai,1464,1782216844.766742,,,
10065,0,svm,max,balanced,cached_mxbai,1465,1782216844.912415,,,
5010,0,svm,max,balanced,cached_mxbai,1466,1782216845.0648005,,,
3805,0,svm,max,balanced,cached_mxbai,1467,1782216845.2165673,,,
6196,0,svm,max,balanced,cached_mxbai,1468,1782216845.3998282,,,
10531,0,svm,max,balanced,cached_mxbai,1469,1782216845.5471551,,,
8759,0,svm,max,balanced,cached_mxbai,1470,1782216845.6999679,,,
4975,0,svm,max,balanced,cached_mxbai,1471,1782216845.8541758,,,
4553,0,svm,max,balanced,cached_mxbai,1472,1782216846.0027807,,,
10551,0,svm,max,balanced,cached_mxbai,1473,1782216846.1482086,,,
10239,0,svm,max,balanced,cached_mxbai,1474,1782216846.2939186,,,
4539,0,svm,max,balanced,cached_mxbai,1475,1782216846.4418716,,,
3146,0,svm,max,balanced,cached_mxbai,1476,1782216846.5866709,,,
10242,0,svm,max,balanced,cached_mxbai,1477,1782216846.736903,,,
4676,0,svm,max,balanced,cached_mxbai,1478,1782216846.889184,,,
9371,0,svm,max,balanced,cached_mxbai,1479,1782216847.0379336,,,
8885,0,svm,max,balanced,cached_mxbai,1480,1782216847.1880329,,,
4284,0,svm,max,balanced,cached_mxbai,1481,1782216847.3392549,,,
5151,0,svm,max,balanced,cached_mxbai,1482,1782216847.486905,,,
4600,0,svm,max,balanced,cached_mxbai,1483,1782216847.6353233,,,
3024,0,svm,max,balanced,cached_mxbai,1484,1782216847.7898974,,,
5984,0,svm,max,balanced,cached_mxbai,1485,1782216847.9417832,,,
4764,0,svm,max,balanced,cached_mxbai,1486,1782216848.1081107,,,
3640,0,svm,max,balanced,cached_mxbai,1487,1782216848.2773204,,,
8797,0,svm,max,balanced,cached_mxbai,1488,1782216848.4252021,,,
10451,0,svm,max,balanced,cached_mxbai,1489,1782216848.5736244,,,
6671,0,svm,max,balanced,cached_mxbai,1490,1782216848.725847,,,
4996,0,svm,max,balanced,cached_mxbai,1491,1782216848.8799894,,,
8123,0,svm,max,balanced,cached_mxbai,1492,1782216849.0302718,,,
1222,0,svm,max,balanced,cached_mxbai,1493,1782216849.1780298,,,
3932,0,svm,max,balanced,cached_mxbai,1494,1782216849.3270974,,,
6975,0,svm,max,balanced,cached_mxbai,1495,1782216849.4755676,,,
8046,0,svm,max,balanced,cached_mxbai,1496,1782216849.6251583,,,
4863,0,svm,max,balanced,cached_mxbai,1497,1782216849.8090796,,,
9098,0,svm,max,balanced,cached_mxbai,1498,1782216849.98421,,,
7477,0,svm,max,balanced,cached_mxbai,1499,1782216850.1337144,,,
3562,0,svm,max,balanced,cached_mxbai,1500,1782216850.2842934,,,
5220,0,svm,max,balanced,cached_mxbai,1501,1782216850.4352784,,,
4488,0,svm,max,balanced,cached_mxbai,1502,1782216850.5837967,,,
9798,0,svm,max,balanced,cached_mxbai,1503,1782216850.7365737,,,
2873,0,svm,max,balanced,cached_mxbai,1504,1782216850.891583,,,
3991,0,svm,max,balanced,cached_mxbai,1505,1782216851.0417838,,,
6319,0,svm,max,balanced,cached_mxbai,1506,1782216851.187841,,,
3938,0,svm,max,balanced,cached_mxbai,1507,1782216851.336207,,,
5138,0,svm,max,balanced,cached_mxbai,1508,1782216851.4850225,,,
4562,0,svm,max,balanced,cached_mxbai,1509,1782216851.6312985,,,
4982,0,svm,max,balanced,cached_mxbai,1510,1782216851.7834935,,,
113,0,svm,max,balanced,cached_mxbai,1511,1782216851.9381635,,,
6949,0,svm,max,balanced,cached_mxbai,1512,1782216852.1044264,,,
1912,0,svm,max,balanced,cached_mxbai,1513,1782216852.2719157,,,
10133,0,svm,max,balanced,cached_mxbai,1514,1782216852.4397347,,,
796,0,svm,max,balanced,cached_mxbai,1515,1782216852.6049726,,,
4014,0,svm,max,balanced,cached_mxbai,1516,1782216852.7717228,,,
4957,0,svm,max,balanced,cached_mxbai,1517,1782216852.936624,,,
3629,0,svm,max,balanced,cached_mxbai,1518,1782216853.1005921,,,
5396,0,svm,max,balanced,cached_mxbai,1519,1782216853.2647805,,,
4322,0,svm,max,balanced,cached_mxbai,1520,1782216853.433219,,,
3844,0,svm,max,balanced,cached_mxbai,1521,1782216853.598255,,,
4490,0,svm,max,balanced,cached_mxbai,1522,1782216853.7661967,,,
7873,0,svm,max,balanced,cached_mxbai,1523,1782216853.9330356,,,
3460,0,svm,max,balanced,cached_mxbai,1524,1782216854.0992017,,,
10081,0,svm,max,balanced,cached_mxbai,1525,1782216854.2657418,,,
1476,0,svm,max,balanced,cached_mxbai,1526,1782216854.432566,,,
4207,0,svm,max,balanced,cached_mxbai,1527,1782216854.5979426,,,
9137,0,svm,max,balanced,cached_mxbai,1528,1782216854.7658076,,,
4725,0,svm,max,balanced,cached_mxbai,1529,1782216854.931616,,,
6122,0,svm,max,balanced,cached_mxbai,1530,1782216855.1111417,,,
6151,0,svm,max,balanced,cached_mxbai,1531,1782216855.3068335,,,
6138,0,svm,max,balanced,cached_mxbai,1532,1782216855.4745445,,,
4827,0,svm,max,balanced,cached_mxbai,1533,1782216855.6406894,,,
7933,0,svm,max,balanced,cached_mxbai,1534,1782216855.8132093,,,
8272,0,svm,max,balanced,cached_mxbai,1535,1782216855.9869957,,,
4372,0,svm,max,balanced,cached_mxbai,1536,1782216856.1521382,,,
9947,0,svm,max,balanced,cached_mxbai,1537,1782216856.3189087,,,
8629,0,svm,max,balanced,cached_mxbai,1538,1782216856.4824705,,,
3752,0,svm,max,balanced,cached_mxbai,1539,1782216856.6467576,,,
8004,0,svm,max,balanced,cached_mxbai,1540,1782216856.8126032,,,
5969,0,svm,max,balanced,cached_mxbai,1541,1782216856.975641,,,
3399,0,svm,max,balanced,cached_mxbai,1542,1782216857.1418066,,,
4454,0,svm,max,balanced,cached_mxbai,1543,1782216857.3064542,,,
5110,0,svm,max,balanced,cached_mxbai,1544,1782216857.4716015,,,
4138,0,svm,max,balanced,cached_mxbai,1545,1782216857.636362,,,
4675,0,svm,max,balanced,cached_mxbai,1546,1782216857.8018427,,,
10545,0,svm,max,balanced,cached_mxbai,1547,1782216857.967051,,,
3801,0,svm,max,balanced,cached_mxbai,1548,1782216858.1322117,,,
4486,0,svm,max,balanced,cached_mxbai,1549,1782216858.2977633,,,
160,0,svm,max,balanced,cached_mxbai,1550,1782216858.4635315,,,
7714,0,svm,max,balanced,cached_mxbai,1551,1782216858.6315339,,,
8580,0,svm,max,balanced,cached_mxbai,1552,1782216858.8118258,,,
7231,0,svm,max,balanced,cached_mxbai,1553,1782216858.9851358,,,
4410,0,svm,max,balanced,cached_mxbai,1554,1782216859.1572406,,,
2562,0,svm,max,balanced,cached_mxbai,1555,1782216859.3304007,,,
4826,0,svm,max,balanced,cached_mxbai,1556,1782216859.49822,,,
7879,0,svm,max,balanced,cached_mxbai,1557,1782216859.6656256,,,
5608,0,svm,max,balanced,cached_mxbai,1558,1782216859.8460987,,,
3109,0,svm,max,balanced,cached_mxbai,1559,1782216860.0259907,,,
6235,0,svm,max,balanced,cached_mxbai,1560,1782216860.1992712,,,
4968,0,svm,max,balanced,cached_mxbai,1561,1782216860.37479,,,
9219,0,svm,max,balanced,cached_mxbai,1562,1782216860.5474315,,,
1261,0,svm,max,balanced,cached_mxbai,1563,1782216860.7212338,,,
2433,0,svm,max,balanced,cached_mxbai,1564,1782216860.8974004,,,
5325,0,svm,max,balanced,cached_mxbai,1565,1782216861.0713258,,,
173,0,svm,max,balanced,cached_mxbai,1566,1782216861.2449894,,,
709,0,svm,max,balanced,cached_mxbai,1567,1782216861.4177053,,,
5198,0,svm,max,balanced,cached_mxbai,1568,1782216861.5897918,,,
8303,0,svm,max,balanced,cached_mxbai,1569,1782216861.7634292,,,
4501,0,svm,max,balanced,cached_mxbai,1570,1782216861.9399073,,,
5496,0,svm,max,balanced,cached_mxbai,1571,1782216862.1130311,,,
3654,0,svm,max,balanced,cached_mxbai,1572,1782216862.2879217,,,
4397,0,svm,max,balanced,cached_mxbai,1573,1782216862.4627752,,,
4634,0,svm,max,balanced,cached_mxbai,1574,1782216862.6362507,,,
3656,0,svm,max,balanced,cached_mxbai,1575,1782216862.812591,,,
3783,0,svm,max,balanced,cached_mxbai,1576,1782216862.9906728,,,
57,0,svm,max,balanced,cached_mxbai,1577,1782216863.1642952,,,
8828,0,svm,max,balanced,cached_mxbai,1578,1782216863.3333757,,,
4021,0,svm,max,balanced,cached_mxbai,1579,1782216863.5023098,,,
1039,0,svm,max,balanced,cached_mxbai,1580,1782216863.6752653,,,
9433,0,svm,max,balanced,cached_mxbai,1581,1782216863.850274,,,
5805,0,svm,max,balanced,cached_mxbai,1582,1782216864.0296197,,,
9442,0,svm,max,balanced,cached_mxbai,1583,1782216864.2041101,,,
6270,0,svm,max,balanced,cached_mxbai,1584,1782216864.3735654,,,
4699,0,svm,max,balanced,cached_mxbai,1585,1782216864.5418143,,,
5223,0,svm,max,balanced,cached_mxbai,1586,1782216864.7098553,,,
4278,0,svm,max,balanced,cached_mxbai,1587,1782216864.8828456,,,
4622,0,svm,max,balanced,cached_mxbai,1588,1782216865.061224,,,
9547,0,svm,max,balanced,cached_mxbai,1589,1782216865.2375402,,,
4241,0,svm,max,balanced,cached_mxbai,1590,1782216865.436182,,,
8660,0,svm,max,balanced,cached_mxbai,1591,1782216865.6066208,,,
10206,0,svm,max,balanced,cached_mxbai,1592,1782216865.779197,,,
9878,0,svm,max,balanced,cached_mxbai,1593,1782216865.9531803,,,
4757,0,svm,max,balanced,cached_mxbai,1594,1782216866.1267393,,,
3385,0,svm,max,balanced,cached_mxbai,1595,1782216866.3001835,,,
1321,0,svm,max,balanced,cached_mxbai,1596,1782216866.4730823,,,
4498,0,svm,max,balanced,cached_mxbai,1597,1782216866.6465995,,,
7768,0,svm,max,balanced,cached_mxbai,1598,1782216866.8225284,,,
4693,0,svm,max,balanced,cached_mxbai,1599,1782216867.000811,,,
443,0,svm,max,balanced,cached_mxbai,1600,1782216867.1747832,,,
3556,0,svm,max,balanced,cached_mxbai,1601,1782216867.346013,,,
4763,0,svm,max,balanced,cached_mxbai,1602,1782216867.5167158,,,
4847,0,svm,max,balanced,cached_mxbai,1603,1782216867.686228,,,
1031,0,svm,max,balanced,cached_mxbai,1604,1782216867.8602588,,,
4497,0,svm,max,balanced,cached_mxbai,1605,1782216868.0330882,,,
3165,0,svm,max,balanced,cached_mxbai,1606,1782216868.2066672,,,
9911,0,svm,max,balanced,cached_mxbai,1607,1782216868.3627577,,,
2541,0,svm,max,balanced,cached_mxbai,1608,1782216868.518862,,,
3689,0,svm,max,balanced,cached_mxbai,1609,1782216868.6773012,,,
3183,0,svm,max,balanced,cached_mxbai,1610,1782216868.8406823,,,
3609,0,svm,max,balanced,cached_mxbai,1611,1782216868.9999304,,,
8847,0,svm,max,balanced,cached_mxbai,1612,1782216869.1573997,,,
10521,0,svm,max,balanced,cached_mxbai,1613,1782216869.31589,,,
4750,0,svm,max,balanced,cached_mxbai,1614,1782216869.4784427,,,
9496,0,svm,max,balanced,cached_mxbai,1615,1782216869.6356668,,,
3083,0,svm,max,balanced,cached_mxbai,1616,1782216869.7934756,,,
5621,0,svm,max,balanced,cached_mxbai,1617,1782216869.9526756,,,
2782,0,svm,max,balanced,cached_mxbai,1618,1782216870.1106415,,,
4896,0,svm,max,balanced,cached_mxbai,1619,1782216870.269094,,,
6056,0,svm,max,balanced,cached_mxbai,1620,1782216870.4270182,,,
3554,0,svm,max,balanced,cached_mxbai,1621,1782216870.5854928,,,
5128,0,svm,max,balanced,cached_mxbai,1622,1782216870.7439375,,,
3788,0,svm,max,balanced,cached_mxbai,1623,1782216870.9055426,,,
1241,0,svm,max,balanced,cached_mxbai,1624,1782216871.0658247,,,
1796,0,svm,max,balanced,cached_mxbai,1625,1782216871.2241879,,,
4091,0,svm,max,balanced,cached_mxbai,1626,1782216871.3829026,,,
9624,0,svm,max,balanced,cached_mxbai,1627,1782216871.5406246,,,
4392,0,svm,max,balanced,cached_mxbai,1628,1782216871.698419,,,
1278,0,svm,max,balanced,cached_mxbai,1629,1782216871.8585844,,,
4483,0,svm,max,balanced,cached_mxbai,1630,1782216872.0167897,,,
4246,0,svm,max,balanced,cached_mxbai,1631,1782216872.1733768,,,
9115,0,svm,max,balanced,cached_mxbai,1632,1782216872.329947,,,
5823,0,svm,max,balanced,cached_mxbai,1633,1782216872.4909136,,,
1855,0,svm,max,balanced,cached_mxbai,1634,1782216872.6490395,,,
6003,0,svm,max,balanced,cached_mxbai,1635,1782216872.8111913,,,
5155,0,svm,max,balanced,cached_mxbai,1636,1782216872.9723628,,,
5226,0,svm,max,balanced,cached_mxbai,1637,1782216873.1312568,,,
4069,0,svm,max,balanced,cached_mxbai,1638,1782216873.2915921,,,
8301,0,svm,max,balanced,cached_mxbai,1639,1782216873.450836,,,
4323,0,svm,max,balanced,cached_mxbai,1640,1782216873.6107829,,,
5952,0,svm,max,balanced,cached_mxbai,1641,1782216873.770235,,,
4517,0,svm,max,balanced,cached_mxbai,1642,1782216873.937557,,,
8404,0,svm,max,balanced,cached_mxbai,1643,1782216874.1071367,,,
3909,0,svm,max,balanced,cached_mxbai,1644,1782216874.2668886,,,
3840,0,svm,max,balanced,cached_mxbai,1645,1782216874.428223,,,
6815,0,svm,max,balanced,cached_mxbai,1646,1782216874.5875554,,,
1498,0,svm,max,balanced,cached_mxbai,1647,1782216874.7462802,,,
1416,0,svm,max,balanced,cached_mxbai,1648,1782216874.9079854,,,
8479,0,svm,max,balanced,cached_mxbai,1649,1782216875.0739317,,,
5066,0,svm,max,balanced,cached_mxbai,1650,1782216875.2419755,,,
6069,0,svm,max,balanced,cached_mxbai,1651,1782216875.4275916,,,
4245,0,svm,max,balanced,cached_mxbai,1652,1782216875.5898073,,,
8658,0,svm,max,balanced,cached_mxbai,1653,1782216875.7525597,,,
5100,0,svm,max,balanced,cached_mxbai,1654,1782216875.9140334,,,
5292,0,svm,max,balanced,cached_mxbai,1655,1782216876.0775034,,,
4521,0,svm,max,balanced,cached_mxbai,1656,1782216876.2405846,,,
2187,0,svm,max,balanced,cached_mxbai,1657,1782216876.4011123,,,
604,0,svm,max,balanced,cached_mxbai,1658,1782216876.560913,,,
4766,0,svm,max,balanced,cached_mxbai,1659,1782216876.7194977,,,
4090,0,svm,max,balanced,cached_mxbai,1660,1782216876.882623,,,
7706,0,svm,max,balanced,cached_mxbai,1661,1782216877.0454545,,,
6537,0,svm,max,balanced,cached_mxbai,1662,1782216877.2055027,,,
4219,0,svm,max,balanced,cached_mxbai,1663,1782216877.3684616,,,
2856,0,svm,max,balanced,cached_mxbai,1664,1782216877.5302916,,,
6585,0,svm,max,balanced,cached_mxbai,1665,1782216877.692361,,,
9948,0,svm,max,balanced,cached_mxbai,1666,1782216877.8554273,,,
4257,0,svm,max,balanced,cached_mxbai,1667,1782216878.0178983,,,
6324,0,svm,max,balanced,cached_mxbai,1668,1782216878.179434,,,
4122,0,svm,max,balanced,cached_mxbai,1669,1782216878.3398147,,,
10153,0,svm,max,balanced,cached_mxbai,1670,1782216878.499645,,,
7959,0,svm,max,balanced,cached_mxbai,1671,1782216878.6610951,,,
7355,0,svm,max,balanced,cached_mxbai,1672,1782216878.8271515,,,
8907,0,svm,max,balanced,cached_mxbai,1673,1782216878.9921446,,,
981,0,svm,max,balanced,cached_mxbai,1674,1782216879.153197,,,
4601,0,svm,max,balanced,cached_mxbai,1675,1782216879.318542,,,
5781,0,svm,max,balanced,cached_mxbai,1676,1782216879.4824545,,,
4305,0,svm,max,balanced,cached_mxbai,1677,1782216879.6464276,,,
8636,0,svm,max,balanced,cached_mxbai,1678,1782216879.8083375,,,
178,0,svm,max,balanced,cached_mxbai,1679,1782216879.9726825,,,
4438,0,svm,max,balanced,cached_mxbai,1680,1782216880.1382666,,,
4571,0,svm,max,balanced,cached_mxbai,1681,1782216880.3025522,,,
769,0,svm,max,balanced,cached_mxbai,1682,1782216880.4662626,,,
7871,0,svm,max,balanced,cached_mxbai,1683,1782216880.6284156,,,
10108,0,svm,max,balanced,cached_mxbai,1684,1782216880.7894785,,,
6548,0,svm,max,balanced,cached_mxbai,1685,1782216880.9502747,,,
3552,0,svm,max,balanced,cached_mxbai,1686,1782216881.1148713,,,
8218,0,svm,max,balanced,cached_mxbai,1687,1782216881.278428,,,
8694,0,svm,max,balanced,cached_mxbai,1688,1782216881.4431388,,,
4400,0,svm,max,balanced,cached_mxbai,1689,1782216881.6065009,,,
6328,0,svm,max,balanced,cached_mxbai,1690,1782216881.7693503,,,
9714,0,svm,max,balanced,cached_mxbai,1691,1782216881.9348483,,,
4606,0,svm,max,balanced,cached_mxbai,1692,1782216882.1040013,,,
639,0,svm,max,balanced,cached_mxbai,1693,1782216882.281215,,,
3832,0,svm,max,balanced,cached_mxbai,1694,1782216882.447583,,,
3404,0,svm,max,balanced,cached_mxbai,1695,1782216882.6132746,,,
594,0,svm,max,balanced,cached_mxbai,1696,1782216882.7778263,,,
5777,0,svm,max,balanced,cached_mxbai,1697,1782216882.9441586,,,
4851,0,svm,max,balanced,cached_mxbai,1698,1782216883.1113813,,,
3293,0,svm,max,balanced,cached_mxbai,1699,1782216883.2769024,,,
7546,0,svm,max,balanced,cached_mxbai,1700,1782216883.4440558,,,
3428,0,svm,max,balanced,cached_mxbai,1701,1782216883.610548,,,
4808,0,svm,max,balanced,cached_mxbai,1702,1782216883.7746131,,,
9031,0,svm,max,balanced,cached_mxbai,1703,1782216883.9522057,,,
2781,0,svm,max,balanced,cached_mxbai,1704,1782216884.1182728,,,
4749,0,svm,max,balanced,cached_mxbai,1705,1782216884.2830226,,,
817,0,svm,max,balanced,cached_mxbai,1706,1782216884.445886,,,
10271,0,svm,max,balanced,cached_mxbai,1707,1782216884.6135826,,,
3446,0,svm,max,balanced,cached_mxbai,1708,1782216884.7891712,,,
3889,0,svm,max,balanced,cached_mxbai,1709,1782216884.9682562,,,
4649,0,svm,max,balanced,cached_mxbai,1710,1782216885.1522355,,,
2670,0,svm,max,balanced,cached_mxbai,1711,1782216885.3616064,,,
4334,0,svm,max,balanced,cached_mxbai,1712,1782216885.5418096,,,
6233,0,svm,max,balanced,cached_mxbai,1713,1782216885.7230525,,,
6323,0,svm,max,balanced,cached_mxbai,1714,1782216885.8929884,,,
4502,0,svm,max,balanced,cached_mxbai,1715,1782216886.076453,,,
5352,0,svm,max,balanced,cached_mxbai,1716,1782216886.2442985,,,
5079,0,svm,max,balanced,cached_mxbai,1717,1782216886.420412,,,
427,0,svm,max,balanced,cached_mxbai,1718,1782216886.584076,,,
5667,0,svm,max,balanced,cached_mxbai,1719,1782216886.7630267,,,
8798,0,svm,max,balanced,cached_mxbai,1720,1782216886.9409158,,,
4542,0,svm,max,balanced,cached_mxbai,1721,1782216887.1178741,,,
4719,0,svm,max,balanced,cached_mxbai,1722,1782216887.294967,,,
8693,0,svm,max,balanced,cached_mxbai,1723,1782216887.4710715,,,
2431,0,svm,max,balanced,cached_mxbai,1724,1782216887.6468806,,,
997,0,svm,max,balanced,cached_mxbai,1725,1782216887.825659,,,
3248,0,svm,max,balanced,cached_mxbai,1726,1782216888.0094726,,,
3330,0,svm,max,balanced,cached_mxbai,1727,1782216888.1927311,,,
5240,0,svm,max,balanced,cached_mxbai,1728,1782216888.371109,,,
4313,0,svm,max,balanced,cached_mxbai,1729,1782216888.546585,,,
5188,0,svm,max,balanced,cached_mxbai,1730,1782216888.7219841,,,
3200,0,svm,max,balanced,cached_mxbai,1731,1782216888.9035993,,,
4809,0,svm,max,balanced,cached_mxbai,1732,1782216889.0830328,,,
5167,0,svm,max,balanced,cached_mxbai,1733,1782216889.2625616,,,
5723,0,svm,max,balanced,cached_mxbai,1734,1782216889.4457586,,,
4042,0,svm,max,balanced,cached_mxbai,1735,1782216889.6273925,,,
6042,0,svm,max,balanced,cached_mxbai,1736,1782216889.8085124,,,
5052,0,svm,max,balanced,cached_mxbai,1737,1782216889.9940746,,,
5099,0,svm,max,balanced,cached_mxbai,1738,1782216890.1788654,,,
81,0,svm,max,balanced,cached_mxbai,1739,1782216890.3557863,,,
4920,0,svm,max,balanced,cached_mxbai,1740,1782216890.5344741,,,
3577,0,svm,max,balanced,cached_mxbai,1741,1782216890.7114823,,,
10309,0,svm,max,balanced,cached_mxbai,1742,1782216890.8899484,,,
9407,0,svm,max,balanced,cached_mxbai,1743,1782216891.07056,,,
6699,0,svm,max,balanced,cached_mxbai,1744,1782216891.2505343,,,
7055,0,svm,max,balanced,cached_mxbai,1745,1782216891.42923,,,
6212,0,svm,max,balanced,cached_mxbai,1746,1782216891.6067817,,,
5038,0,svm,max,balanced,cached_mxbai,1747,1782216891.7848918,,,
577,0,svm,max,balanced,cached_mxbai,1748,1782216891.9635513,,,
1704,0,svm,max,balanced,cached_mxbai,1749,1782216892.1480813,,,
8952,0,svm,max,balanced,cached_mxbai,1750,1782216892.3272886,,,
195,0,svm,max,balanced,cached_mxbai,1751,1782216892.5046022,,,
4309,0,svm,max,balanced,cached_mxbai,1752,1782216892.6828809,,,
5069,0,svm,max,balanced,cached_mxbai,1753,1782216892.861611,,,
6167,0,svm,max,balanced,cached_mxbai,1754,1782216893.0429354,,,
4990,0,svm,max,balanced,cached_mxbai,1755,1782216893.224416,,,
9768,0,svm,max,balanced,cached_mxbai,1756,1782216893.405834,,,
3797,0,svm,max,balanced,cached_mxbai,1757,1782216893.5840712,,,
4943,0,svm,max,balanced,cached_mxbai,1758,1782216893.7622628,,,
4784,0,svm,max,balanced,cached_mxbai,1759,1782216893.9419427,,,
5076,0,svm,max,balanced,cached_mxbai,1760,1782216894.1216817,,,
3533,0,svm,max,balanced,cached_mxbai,1761,1782216894.2995293,,,
4551,0,svm,max,balanced,cached_mxbai,1762,1782216894.4784248,,,
3664,0,svm,max,balanced,cached_mxbai,1763,1782216894.656016,,,
7137,0,svm,max,balanced,cached_mxbai,1764,1782216894.8329437,,,
10046,0,svm,max,balanced,cached_mxbai,1765,1782216895.0089707,,,
9254,0,svm,max,balanced,cached_mxbai,1766,1782216895.196277,,,
3504,0,svm,max,balanced,cached_mxbai,1767,1782216895.391209,,,
3724,0,svm,max,balanced,cached_mxbai,1768,1782216895.566296,,,
4566,0,svm,max,balanced,cached_mxbai,1769,1782216895.744585,,,
9291,0,svm,max,balanced,cached_mxbai,1770,1782216895.927702,,,
7216,0,svm,max,balanced,cached_mxbai,1771,1782216896.1072798,,,
787,0,svm,max,balanced,cached_mxbai,1772,1782216896.2876844,,,
5009,0,svm,max,balanced,cached_mxbai,1773,1782216896.467762,,,
5103,0,svm,max,balanced,cached_mxbai,1774,1782216896.6457813,,,
6293,0,svm,max,balanced,cached_mxbai,1775,1782216896.826667,,,
8829,0,svm,max,balanced,cached_mxbai,1776,1782216897.008843,,,
3445,0,svm,max,balanced,cached_mxbai,1777,1782216897.1959548,,,
10381,0,svm,max,balanced,cached_mxbai,1778,1782216897.3765163,,,
5896,0,svm,max,balanced,cached_mxbai,1779,1782216897.5571156,,,
8536,0,svm,max,balanced,cached_mxbai,1780,1782216897.7358398,,,
4701,0,svm,max,balanced,cached_mxbai,1781,1782216897.9186196,,,
6816,0,svm,max,balanced,cached_mxbai,1782,1782216898.1036792,,,
7681,0,svm,max,balanced,cached_mxbai,1783,1782216898.2849717,,,
6642,0,svm,max,balanced,cached_mxbai,1784,1782216898.468133,,,
4035,0,svm,max,balanced,cached_mxbai,1785,1782216898.6554549,,,
1255,0,svm,max,balanced,cached_mxbai,1786,1782216898.8431094,,,
5027,0,svm,max,balanced,cached_mxbai,1787,1782216899.0273342,,,
1427,0,svm,max,balanced,cached_mxbai,1788,1782216899.2142332,,,
9628,0,svm,max,balanced,cached_mxbai,1789,1782216899.3962116,,,
5519,0,svm,max,balanced,cached_mxbai,1790,1782216899.5789192,,,
3047,0,svm,max,balanced,cached_mxbai,1791,1782216899.759602,,,
9520,0,svm,max,balanced,cached_mxbai,1792,1782216899.9416037,,,
92,0,svm,max,balanced,cached_mxbai,1793,1782216900.1259766,,,
4716,0,svm,max,balanced,cached_mxbai,1794,1782216900.3094985,,,
5213,0,svm,max,balanced,cached_mxbai,1795,1782216900.48895,,,
1999,0,svm,max,balanced,cached_mxbai,1796,1782216900.6695554,,,
5139,0,svm,max,balanced,cached_mxbai,1797,1782216900.851934,,,
7279,0,svm,max,balanced,cached_mxbai,1798,1782216901.0337567,,,
10036,0,svm,max,balanced,cached_mxbai,1799,1782216901.2177222,,,
27,0,svm,max,balanced,cached_mxbai,1800,1782216901.399831,,,
4801,0,svm,max,balanced,cached_mxbai,1801,1782216901.5832145,,,
3924,0,svm,max,balanced,cached_mxbai,1802,1782216901.76529,,,
10158,0,svm,max,balanced,cached_mxbai,1803,1782216901.9507196,,,
5346,0,svm,max,balanced,cached_mxbai,1804,1782216902.1308625,,,
4343,0,svm,max,balanced,cached_mxbai,1805,1782216902.316181,,,
8619,0,svm,max,balanced,cached_mxbai,1806,1782216902.5082607,,,
7203,0,svm,max,balanced,cached_mxbai,1807,1782216902.70519,,,
4954,0,svm,max,balanced,cached_mxbai,1808,1782216902.895518,,,
4180,0,svm,max,balanced,cached_mxbai,1809,1782216903.085723,,,
5650,0,svm,max,balanced,cached_mxbai,1810,1782216903.2814326,,,
3171,0,svm,max,balanced,cached_mxbai,1811,1782216903.4727945,,,
10410,0,svm,max,balanced,cached_mxbai,1812,1782216903.6632195,,,
10115,0,svm,max,balanced,cached_mxbai,1813,1782216903.8544862,,,
2137,0,svm,max,balanced,cached_mxbai,1814,1782216904.045668,,,
4959,0,svm,max,balanced,cached_mxbai,1815,1782216904.23919,,,
9437,0,svm,max,balanced,cached_mxbai,1816,1782216904.431805,,,
4097,0,svm,max,balanced,cached_mxbai,1817,1782216904.6216137,,,
3231,0,svm,max,balanced,cached_mxbai,1818,1782216904.810909,,,
7438,0,svm,max,balanced,cached_mxbai,1819,1782216905.0015185,,,
4627,0,svm,max,balanced,cached_mxbai,1820,1782216905.1962283,,,
5080,0,svm,max,balanced,cached_mxbai,1821,1782216905.4174333,,,
5452,0,svm,max,balanced,cached_mxbai,1822,1782216905.6183467,,,
8373,0,svm,max,balanced,cached_mxbai,1823,1782216905.8204367,,,
3811,0,svm,max,balanced,cached_mxbai,1824,1782216906.0150158,,,
5799,0,svm,max,balanced,cached_mxbai,1825,1782216906.2110863,,,
4482,0,svm,max,balanced,cached_mxbai,1826,1782216906.4064453,,,
2021,0,svm,max,balanced,cached_mxbai,1827,1782216906.6001244,,,
6357,0,svm,max,balanced,cached_mxbai,1828,1782216906.7929986,,,
9849,0,svm,max,balanced,cached_mxbai,1829,1782216906.987085,,,
3331,0,svm,max,balanced,cached_mxbai,1830,1782216907.183744,,,
5881,0,svm,max,balanced,cached_mxbai,1831,1782216907.3848689,,,
5234,0,svm,max,balanced,cached_mxbai,1832,1782216907.579399,,,
52,0,svm,max,balanced,cached_mxbai,1833,1782216907.775024,,,
10235,0,svm,max,balanced,cached_mxbai,1834,1782216907.97047,,,
8483,0,svm,max,balanced,cached_mxbai,1835,1782216908.1676433,,,
7257,0,svm,max,balanced,cached_mxbai,1836,1782216908.3637717,,,
1143,0,svm,max,balanced,cached_mxbai,1837,1782216908.5563123,,,
4759,0,svm,max,balanced,cached_mxbai,1838,1782216908.7494483,,,
9113,0,svm,max,balanced,cached_mxbai,1839,1782216908.9427562,,,
7155,0,svm,max,balanced,cached_mxbai,1840,1782216909.1348045,,,
5045,0,svm,max,balanced,cached_mxbai,1841,1782216909.3296466,,,
3729,0,svm,max,balanced,cached_mxbai,1842,1782216909.5210137,,,
3921,0,svm,max,balanced,cached_mxbai,1843,1782216909.7122579,,,
4737,0,svm,max,balanced,cached_mxbai,1844,1782216909.905728,,,
7199,0,svm,max,balanced,cached_mxbai,1845,1782216910.1042714,,,
8979,0,svm,max,balanced,cached_mxbai,1846,1782216910.297506,,,
1032,0,svm,max,balanced,cached_mxbai,1847,1782216910.4912791,,,
4682,0,svm,max,balanced,cached_mxbai,1848,1782216910.6801405,,,
7058,0,svm,max,balanced,cached_mxbai,1849,1782216910.8677607,,,
8430,0,svm,max,balanced,cached_mxbai,1850,1782216911.0564144,,,
229,0,svm,max,balanced,cached_mxbai,1851,1782216911.244225,,,
8191,0,svm,max,balanced,cached_mxbai,1852,1782216911.4369924,,,
4741,0,svm,max,balanced,cached_mxbai,1853,1782216911.6246645,,,
4394,0,svm,max,balanced,cached_mxbai,1854,1782216911.8108385,,,
9299,0,svm,max,balanced,cached_mxbai,1855,1782216911.9980547,,,
3809,0,svm,max,balanced,cached_mxbai,1856,1782216912.1880076,,,
10034,0,svm,max,balanced,cached_mxbai,1857,1782216912.3822527,,,
7717,0,svm,max,balanced,cached_mxbai,1858,1782216912.5735438,,,
1641,0,svm,max,balanced,cached_mxbai,1859,1782216912.7597528,,,
7683,0,svm,max,balanced,cached_mxbai,1860,1782216912.9494605,,,
1863,0,svm,max,balanced,cached_mxbai,1861,1782216913.1371858,,,
7050,0,svm,max,balanced,cached_mxbai,1862,1782216913.3308444,,,
78,0,svm,max,balanced,cached_mxbai,1863,1782216913.5248458,,,
4987,0,svm,max,balanced,cached_mxbai,1864,1782216913.7155287,,,
7178,0,svm,max,balanced,cached_mxbai,1865,1782216913.907716,,,
7418,0,svm,max,balanced,cached_mxbai,1866,1782216914.097915,,,
6822,0,svm,max,balanced,cached_mxbai,1867,1782216914.2866096,,,
1084,0,svm,max,balanced,cached_mxbai,1868,1782216914.4756927,,,
7363,0,svm,max,balanced,cached_mxbai,1869,1782216914.662156,,,
4608,0,svm,max,balanced,cached_mxbai,1870,1782216914.8516543,,,
7000,0,svm,max,balanced,cached_mxbai,1871,1782216915.0424068,,,
3400,0,svm,max,balanced,cached_mxbai,1872,1782216915.2428226,,,
1131,0,svm,max,balanced,cached_mxbai,1873,1782216915.4656932,,,
7233,0,svm,max,balanced,cached_mxbai,1874,1782216915.6549087,,,
4689,0,svm,max,balanced,cached_mxbai,1875,1782216915.8694355,,,
80,0,svm,max,balanced,cached_mxbai,1876,1782216916.068993,,,
8996,0,svm,max,balanced,cached_mxbai,1877,1782216916.2586188,,,
5862,0,svm,max,balanced,cached_mxbai,1878,1782216916.452642,,,
5084,0,svm,max,balanced,cached_mxbai,1879,1782216916.6438608,,,
4963,0,svm,max,balanced,cached_mxbai,1880,1782216916.836202,,,
3152,0,svm,max,balanced,cached_mxbai,1881,1782216917.0290227,,,
124,0,svm,max,balanced,cached_mxbai,1882,1782216917.2222981,,,
5759,0,svm,max,balanced,cached_mxbai,1883,1782216917.4155202,,,
1370,0,svm,max,balanced,cached_mxbai,1884,1782216917.6038744,,,
3776,0,svm,max,balanced,cached_mxbai,1885,1782216917.7920437,,,
7697,0,svm,max,balanced,cached_mxbai,1886,1782216917.983684,,,
6431,0,svm,max,balanced,cached_mxbai,1887,1782216918.1726313,,,
3211,0,svm,max,balanced,cached_mxbai,1888,1782216918.3646424,,,
4745,0,svm,max,balanced,cached_mxbai,1889,1782216918.5593245,,,
6060,0,svm,max,balanced,cached_mxbai,1890,1782216918.7481222,,,
5592,0,svm,max,balanced,cached_mxbai,1891,1782216918.9447289,,,
7077,0,svm,max,balanced,cached_mxbai,1892,1782216919.139657,,,
10422,0,svm,max,balanced,cached_mxbai,1893,1782216919.337656,,,
2319,0,svm,max,balanced,cached_mxbai,1894,1782216919.5411663,,,
6153,0,svm,max,balanced,cached_mxbai,1895,1782216919.7364044,,,
5119,0,svm,max,balanced,cached_mxbai,1896,1782216919.9503226,,,
3709,0,svm,max,balanced,cached_mxbai,1897,1782216920.1728194,,,
5043,0,svm,max,balanced,cached_mxbai,1898,1782216920.3986695,,,
7318,0,svm,max,balanced,cached_mxbai,1899,1782216920.6197875,,,
10446,0,svm,max,balanced,cached_mxbai,1900,1782216920.8181684,,,
9369,0,svm,max,balanced,cached_mxbai,1901,1782216921.0295093,,,
8210,0,svm,max,balanced,cached_mxbai,1902,1782216921.2397952,,,
4493,0,svm,max,balanced,cached_mxbai,1903,1782216921.4448981,,,
2773,0,svm,max,balanced,cached_mxbai,1904,1782216921.643247,,,
806,0,svm,max,balanced,cached_mxbai,1905,1782216921.8407753,,,
5231,0,svm,max,balanced,cached_mxbai,1906,1782216922.0402358,,,
5087,0,svm,max,balanced,cached_mxbai,1907,1782216922.2427058,,,
4617,0,svm,max,balanced,cached_mxbai,1908,1782216922.445927,,,
3602,0,svm,max,balanced,cached_mxbai,1909,1782216922.6443057,,,
2473,0,svm,max,balanced,cached_mxbai,1910,1782216922.8445053,,,
1502,0,svm,max,balanced,cached_mxbai,1911,1782216923.0467894,,,
5129,0,svm,max,balanced,cached_mxbai,1912,1782216923.255312,,,
4660,0,svm,max,balanced,cached_mxbai,1913,1782216923.4652216,,,
9370,0,svm,max,balanced,cached_mxbai,1914,1782216923.6705382,,,
7091,0,svm,max,balanced,cached_mxbai,1915,1782216923.8751318,,,
3753,0,svm,max,balanced,cached_mxbai,1916,1782216924.0858674,,,
10252,0,svm,max,balanced,cached_mxbai,1917,1782216924.292812,,,
4175,0,svm,max,balanced,cached_mxbai,1918,1782216924.5034347,,,
3998,0,svm,max,balanced,cached_mxbai,1919,1782216924.707499,,,
6216,0,svm,max,balanced,cached_mxbai,1920,1782216924.9117491,,,
809,0,svm,max,balanced,cached_mxbai,1921,1782216925.1374662,,,
8105,0,svm,max,balanced,cached_mxbai,1922,1782216925.3665776,,,
1566,0,svm,max,balanced,cached_mxbai,1923,1782216925.572796,,,
5842,0,svm,max,balanced,cached_mxbai,1924,1782216925.7804554,,,
3549,0,svm,max,balanced,cached_mxbai,1925,1782216925.9909332,,,
2819,0,svm,max,balanced,cached_mxbai,1926,1782216926.2015095,,,
422,0,svm,max,balanced,cached_mxbai,1927,1782216926.40701,,,
1808,0,svm,max,balanced,cached_mxbai,1928,1782216926.609517,,,
4437,0,svm,max,balanced,cached_mxbai,1929,1782216926.8087316,,,
9704,0,svm,max,balanced,cached_mxbai,1930,1782216927.0106378,,,
7891,0,svm,max,balanced,cached_mxbai,1931,1782216927.2158525,,,
6390,0,svm,max,balanced,cached_mxbai,1932,1782216927.4226773,,,
8367,0,svm,max,balanced,cached_mxbai,1933,1782216927.6261125,,,
6616,0,svm,max,balanced,cached_mxbai,1934,1782216927.8295443,,,
5136,0,svm,max,balanced,cached_mxbai,1935,1782216928.0320702,,,
7950,0,svm,max,balanced,cached_mxbai,1936,1782216928.2359934,,,
8024,0,svm,max,balanced,cached_mxbai,1937,1782216928.4445417,,,
4843,0,svm,max,balanced,cached_mxbai,1938,1782216928.6521056,,,
8610,0,svm,max,balanced,cached_mxbai,1939,1782216928.8688803,,,
5310,0,svm,max,balanced,cached_mxbai,1940,1782216929.075038,,,
10120,0,svm,max,balanced,cached_mxbai,1941,1782216929.281577,,,
4477,0,svm,max,balanced,cached_mxbai,1942,1782216929.4894419,,,
1490,0,svm,max,balanced,cached_mxbai,1943,1782216929.695831,,,
7369,0,svm,max,balanced,cached_mxbai,1944,1782216929.9081705,,,
9572,0,svm,max,balanced,cached_mxbai,1945,1782216930.1111321,,,
9603,0,svm,max,balanced,cached_mxbai,1946,1782216930.3138206,,,
10557,0,svm,max,balanced,cached_mxbai,1947,1782216930.5220268,,,
242,0,svm,max,balanced,cached_mxbai,1948,1782216930.7404122,,,
1040,0,svm,max,balanced,cached_mxbai,1949,1782216930.957075,,,
3364,0,svm,max,balanced,cached_mxbai,1950,1782216931.1737401,,,
4211,0,svm,max,balanced,cached_mxbai,1951,1782216931.3774068,,,
4344,0,svm,max,balanced,cached_mxbai,1952,1782216931.5821197,,,
3412,0,svm,max,balanced,cached_mxbai,1953,1782216931.786397,,,
6478,0,svm,max,balanced,cached_mxbai,1954,1782216931.991689,,,
8337,0,svm,max,balanced,cached_mxbai,1955,1782216932.1988611,,,
8088,1,svm,max,balanced,cached_mxbai,1956,1782216932.4019275,,,
6045,0,svm,max,balanced,cached_mxbai,1957,1782216932.6081848,,,
9457,0,svm,max,balanced,cached_mxbai,1958,1782216932.8076193,,,
4325,0,svm,max,balanced,cached_mxbai,1959,1782216933.010976,,,
6284,0,svm,max,balanced,cached_mxbai,1960,1782216933.2124174,,,
8717,0,svm,max,balanced,cached_mxbai,1961,1782216933.415077,,,
5205,0,svm,max,balanced,cached_mxbai,1962,1782216933.6195858,,,
1439,0,svm,max,balanced,cached_mxbai,1963,1782216933.8176253,,,
3495,0,svm,max,balanced,cached_mxbai,1964,1782216934.021367,,,
4576,0,svm,max,balanced,cached_mxbai,1965,1782216934.222452,,,
9804,0,svm,max,balanced,cached_mxbai,1966,1782216934.4251523,,,
5042,0,svm,max,balanced,cached_mxbai,1967,1782216934.6328878,,,
3705,0,svm,max,balanced,cached_mxbai,1968,1782216934.8340771,,,
8770,0,svm,max,balanced,cached_mxbai,1969,1782216935.0368216,,,
66,0,svm,max,balanced,cached_mxbai,1970,1782216935.2432194,,,
4806,0,svm,max,balanced,cached_mxbai,1971,1782216935.4702039,,,
3233,0,svm,max,balanced,cached_mxbai,1972,1782216935.6761684,,,
1022,0,svm,max,balanced,cached_mxbai,1973,1782216935.8766768,,,
3285,0,svm,max,balanced,cached_mxbai,1974,1782216936.078956,,,
4269,0,svm,max,balanced,cached_mxbai,1975,1782216936.2811255,,,
4123,0,svm,max,balanced,cached_mxbai,1976,1782216936.4830272,,,
1594,0,svm,max,balanced,cached_mxbai,1977,1782216936.691648,,,
5562,0,svm,max,balanced,cached_mxbai,1978,1782216936.8936472,,,
3606,0,svm,max,balanced,cached_mxbai,1979,1782216937.0959086,,,
1926,0,svm,max,balanced,cached_mxbai,1980,1782216937.2991111,,,
1093,0,svm,max,balanced,cached_mxbai,1981,1782216937.501374,,,
8194,0,svm,max,balanced,cached_mxbai,1982,1782216937.7086265,,,
9277,0,svm,max,balanced,cached_mxbai,1983,1782216937.910044,,,
9321,0,svm,max,balanced,cached_mxbai,1984,1782216938.1119955,,,
3346,0,svm,max,balanced,cached_mxbai,1985,1782216938.3163934,,,
7312,0,svm,max,balanced,cached_mxbai,1986,1782216938.5204844,,,
4550,0,svm,max,balanced,cached_mxbai,1987,1782216938.7257662,,,
1486,0,svm,max,balanced,cached_mxbai,1988,1782216938.928714,,,
8335,0,svm,max,balanced,cached_mxbai,1989,1782216939.1346803,,,
6989,0,svm,max,balanced,cached_mxbai,1990,1782216939.3402672,,,
5255,0,svm,max,balanced,cached_mxbai,1991,1782216939.5487022,,,
10006,0,svm,max,balanced,cached_mxbai,1992,1782216939.7528732,,,
1761,0,svm,max,balanced,cached_mxbai,1993,1782216939.9553316,,,
6353,0,svm,max,balanced,cached_mxbai,1994,1782216940.1779172,,,
5734,0,svm,max,balanced,cached_mxbai,1995,1782216940.3840678,,,
3264,0,svm,max,balanced,cached_mxbai,1996,1782216940.5922859,,,
1006,0,svm,max,balanced,cached_mxbai,1997,1782216940.8220952,,,
3496,0,svm,max,balanced,cached_mxbai,1998,1782216941.0285366,,,
6185,0,svm,max,balanced,cached_mxbai,1999,1782216941.2358391,,,
6462,0,svm,max,balanced,cached_mxbai,2000,1782216941.4480689,,,
8554,0,svm,max,balanced,cached_mxbai,2001,1782216941.6578908,,,
2373,0,svm,max,balanced,cached_mxbai,2002,1782216941.860246,,,
9473,0,svm,max,balanced,cached_mxbai,2003,1782216942.0676913,,,
4855,0,svm,max,balanced,cached_mxbai,2004,1782216942.2742996,,,
95,0,svm,max,balanced,cached_mxbai,2005,1782216942.4795249,,,
9877,0,svm,max,balanced,cached_mxbai,2006,1782216942.688701,,,
365,0,svm,max,balanced,cached_mxbai,2007,1782216942.8942955,,,
4810,0,svm,max,balanced,cached_mxbai,2008,1782216943.1034968,,,
2892,0,svm,max,balanced,cached_mxbai,2009,1782216943.3084846,,,
672,0,svm,max,balanced,cached_mxbai,2010,1782216943.5159588,,,
7374,0,svm,max,balanced,cached_mxbai,2011,1782216943.7261581,,,
8761,0,svm,max,balanced,cached_mxbai,2012,1782216943.9332352,,,
4186,0,svm,max,balanced,cached_mxbai,2013,1782216944.14162,,,
2040,0,svm,max,balanced,cached_mxbai,2014,1782216944.3456545,,,
4857,0,svm,max,balanced,cached_mxbai,2015,1782216944.5497127,,,
1546,0,svm,max,balanced,cached_mxbai,2016,1782216944.7580042,,,
5007,0,svm,max,balanced,cached_mxbai,2017,1782216944.9686072,,,
7099,0,svm,max,balanced,cached_mxbai,2018,1782216945.179633,,,
38,0,svm,max,balanced,cached_mxbai,2019,1782216945.4109807,,,
8388,0,svm,max,balanced,cached_mxbai,2020,1782216945.6237547,,,
4852,0,svm,max,balanced,cached_mxbai,2021,1782216945.8276455,,,
3274,0,svm,max,balanced,cached_mxbai,2022,1782216946.0275583,,,
2293,0,svm,max,balanced,cached_mxbai,2023,1782216946.2264946,,,
6976,0,svm,max,balanced,cached_mxbai,2024,1782216946.4293356,,,
6359,0,svm,max,balanced,cached_mxbai,2025,1782216946.6327312,,,
3683,0,svm,max,balanced,cached_mxbai,2026,1782216946.8346412,,,
2184,0,svm,max,balanced,cached_mxbai,2027,1782216947.0365844,,,
3700,0,svm,max,balanced,cached_mxbai,2028,1782216947.2402334,,,
4581,0,svm,max,balanced,cached_mxbai,2029,1782216947.4442453,,,
3245,0,svm,max,balanced,cached_mxbai,2030,1782216947.6514523,,,
4731,0,svm,max,balanced,cached_mxbai,2031,1782216947.8576276,,,
9733,0,svm,max,balanced,cached_mxbai,2032,1782216948.0619144,,,
5971,0,svm,max,balanced,cached_mxbai,2033,1782216948.2693357,,,
4929,0,svm,max,balanced,cached_mxbai,2034,1782216948.4814754,,,
9144,0,svm,max,balanced,cached_mxbai,2035,1782216948.6919894,,,
4082,0,svm,max,balanced,cached_mxbai,2036,1782216948.9028509,,,
5462,0,svm,max,balanced,cached_mxbai,2037,1782216949.108146,,,
5068,0,svm,max,balanced,cached_mxbai,2038,1782216949.3113997,,,
1896,0,svm,max,balanced,cached_mxbai,2039,1782216949.5174153,,,
6424,0,svm,max,balanced,cached_mxbai,2040,1782216949.725608,,,
7276,0,svm,max,balanced,cached_mxbai,2041,1782216949.9288104,,,
4525,0,svm,max,balanced,cached_mxbai,2042,1782216950.1345413,,,
4150,0,svm,max,balanced,cached_mxbai,2043,1782216950.33686,,,
8504,0,svm,max,balanced,cached_mxbai,2044,1782216950.5391293,,,
8322,0,svm,max,balanced,cached_mxbai,2045,1782216950.7545688,,,
3867,0,svm,max,balanced,cached_mxbai,2046,1782216950.967404,,,
6899,0,svm,max,balanced,cached_mxbai,2047,1782216951.1721587,,,
4183,0,svm,max,balanced,cached_mxbai,2048,1782216951.409947,,,
3232,0,svm,max,balanced,cached_mxbai,2049,1782216951.6497254,,,
6286,0,svm,max,balanced,cached_mxbai,2050,1782216951.8903491,,,
4596,0,svm,max,balanced,cached_mxbai,2051,1782216952.1282032,,,
8111,0,svm,max,balanced,cached_mxbai,2052,1782216952.369017,,,
3419,0,svm,max,balanced,cached_mxbai,2053,1782216952.6097999,,,
10403,0,svm,max,balanced,cached_mxbai,2054,1782216952.8544366,,,
8583,0,svm,max,balanced,cached_mxbai,2055,1782216953.0939465,,,
4329,0,svm,max,balanced,cached_mxbai,2056,1782216953.3330624,,,
3054,0,svm,max,balanced,cached_mxbai,2057,1782216953.5703204,,,
4730,0,svm,max,balanced,cached_mxbai,2058,1782216953.8117046,,,
7061,0,svm,max,balanced,cached_mxbai,2059,1782216954.050904,,,
4407,0,svm,max,balanced,cached_mxbai,2060,1782216954.288423,,,
826,0,svm,max,balanced,cached_mxbai,2061,1782216954.5282912,,,
8082,0,svm,max,balanced,cached_mxbai,2062,1782216954.7682288,,,
5696,0,svm,max,balanced,cached_mxbai,2063,1782216955.007245,,,
5178,0,svm,max,balanced,cached_mxbai,2064,1782216955.2605634,,,
3210,0,svm,max,balanced,cached_mxbai,2065,1782216955.5090892,,,
7446,0,svm,max,balanced,cached_mxbai,2066,1782216955.7530549,,,
5005,0,svm,max,balanced,cached_mxbai,2067,1782216955.9932594,,,
5104,0,svm,max,balanced,cached_mxbai,2068,1782216956.2337725,,,
8283,0,svm,max,balanced,cached_mxbai,2069,1782216956.4738312,,,
4755,0,svm,max,balanced,cached_mxbai,2070,1782216956.716781,,,
64,0,svm,max,balanced,cached_mxbai,2071,1782216956.9577062,,,
7304,0,svm,max,balanced,cached_mxbai,2072,1782216957.1980095,,,
417,0,svm,max,balanced,cached_mxbai,2073,1782216957.4414349,,,
5463,0,svm,max,balanced,cached_mxbai,2074,1782216957.6862578,,,
2121,0,svm,max,balanced,cached_mxbai,2075,1782216957.9289267,,,
4286,0,svm,max,balanced,cached_mxbai,2076,1782216958.1734307,,,
3622,0,svm,max,balanced,cached_mxbai,2077,1782216958.4145207,,,
3213,0,svm,max,balanced,cached_mxbai,2078,1782216958.6598878,,,
1073,0,svm,max,balanced,cached_mxbai,2079,1782216958.9071946,,,
3993,0,svm,max,balanced,cached_mxbai,2080,1782216959.1510801,,,
121,0,svm,max,balanced,cached_mxbai,2081,1782216959.3975155,,,
6765,0,svm,max,balanced,cached_mxbai,2082,1782216959.6412532,,,
5466,0,svm,max,balanced,cached_mxbai,2083,1782216959.8894906,,,
5114,0,svm,max,balanced,cached_mxbai,2084,1782216960.1331394,,,
1914,0,svm,max,balanced,cached_mxbai,2085,1782216960.3789802,,,
4823,0,svm,max,balanced,cached_mxbai,2086,1782216960.6196315,,,
9611,0,svm,max,balanced,cached_mxbai,2087,1782216960.8650367,,,
5295,0,svm,max,balanced,cached_mxbai,2088,1782216961.1114643,,,
3403,0,svm,max,balanced,cached_mxbai,2089,1782216961.3538404,,,
2421,0,svm,max,balanced,cached_mxbai,2090,1782216961.6027856,,,
4282,0,svm,max,balanced,cached_mxbai,2091,1782216961.8466141,,,
7130,0,svm,max,balanced,cached_mxbai,2092,1782216962.0906634,,,
7951,0,svm,max,balanced,cached_mxbai,2093,1782216962.3320103,,,
8370,0,svm,max,balanced,cached_mxbai,2094,1782216962.574646,,,
1351,0,svm,max,balanced,cached_mxbai,2095,1782216962.819136,,,
919,0,svm,max,balanced,cached_mxbai,2096,1782216963.0674262,,,
2948,0,svm,max,balanced,cached_mxbai,2097,1782216963.3122416,,,
9472,0,svm,max,balanced,cached_mxbai,2098,1782216963.5589156,,,
4876,0,svm,max,balanced,cached_mxbai,2099,1782216963.806402,,,
10491,0,svm,max,balanced,cached_mxbai,2100,1782216964.0531685,,,
9559,0,svm,max,balanced,cached_mxbai,2101,1782216964.298212,,,
9741,0,svm,max,balanced,cached_mxbai,2102,1782216964.5459907,,,
5003,0,svm,max,balanced,cached_mxbai,2103,1782216964.7958586,,,
4022,0,svm,max,balanced,cached_mxbai,2104,1782216965.0430136,,,
3497,0,svm,max,balanced,cached_mxbai,2105,1782216965.305906,,,
6546,0,svm,max,balanced,cached_mxbai,2106,1782216965.5505607,,,
4276,0,svm,max,balanced,cached_mxbai,2107,1782216965.8008451,,,
4251,0,svm,max,balanced,cached_mxbai,2108,1782216966.0499947,,,
3062,0,svm,max,balanced,cached_mxbai,2109,1782216966.297515,,,
8263,0,svm,max,balanced,cached_mxbai,2110,1782216966.5435627,,,
3764,0,svm,max,balanced,cached_mxbai,2111,1782216966.7932365,,,
4370,0,svm,max,balanced,cached_mxbai,2112,1782216967.0368311,,,
8462,0,svm,max,balanced,cached_mxbai,2113,1782216967.2818227,,,
4747,0,svm,max,balanced,cached_mxbai,2114,1782216967.5275786,,,
4242,0,svm,max,balanced,cached_mxbai,2115,1782216967.7736888,,,
4861,0,svm,max,balanced,cached_mxbai,2116,1782216968.0204723,,,
2690,0,svm,max,balanced,cached_mxbai,2117,1782216968.269619,,,
244,0,svm,max,balanced,cached_mxbai,2118,1782216968.5298977,,,
3710,0,svm,max,balanced,cached_mxbai,2119,1782216968.791206,,,
9089,0,svm,max,balanced,cached_mxbai,2120,1782216969.041223,,,
1604,0,svm,max,balanced,cached_mxbai,2121,1782216969.2934113,,,
4132,0,svm,max,balanced,cached_mxbai,2122,1782216969.5430317,,,
8833,0,svm,max,balanced,cached_mxbai,2123,1782216969.790265,,,
10210,0,svm,max,balanced,cached_mxbai,2124,1782216970.039721,,,
5163,0,svm,max,balanced,cached_mxbai,2125,1782216970.286871,,,
7733,0,svm,max,balanced,cached_mxbai,2126,1782216970.5334854,,,
5549,0,svm,max,balanced,cached_mxbai,2127,1782216970.7802272,,,
3604,0,svm,max,balanced,cached_mxbai,2128,1782216971.0273957,,,
5044,0,svm,max,balanced,cached_mxbai,2129,1782216971.2720609,,,
2702,0,svm,max,balanced,cached_mxbai,2130,1782216971.520133,,,
3704,0,svm,max,balanced,cached_mxbai,2131,1782216971.7648075,,,
5203,0,svm,max,balanced,cached_mxbai,2132,1782216972.0105336,,,
3637,0,svm,max,balanced,cached_mxbai,2133,1782216972.2576106,,,
4348,0,svm,max,balanced,cached_mxbai,2134,1782216972.5041876,,,
5048,0,svm,max,balanced,cached_mxbai,2135,1782216972.7503178,,,
4335,0,svm,max,balanced,cached_mxbai,2136,1782216973.002631,,,
6105,0,svm,max,balanced,cached_mxbai,2137,1782216973.2508705,,,
1178,0,svm,max,balanced,cached_mxbai,2138,1782216973.5041335,,,
6310,0,svm,max,balanced,cached_mxbai,2139,1782216973.7752721,,,
669,0,svm,max,balanced,cached_mxbai,2140,1782216974.027891,,,
2544,0,svm,max,balanced,cached_mxbai,2141,1782216974.2743316,,,
9856,0,svm,max,balanced,cached_mxbai,2142,1782216974.528789,,,
4462,0,svm,max,balanced,cached_mxbai,2143,1782216974.7768435,,,
5140,0,svm,max,balanced,cached_mxbai,2144,1782216975.0305452,,,
7552,0,svm,max,balanced,cached_mxbai,2145,1782216975.2974243,,,
8488,0,svm,max,balanced,cached_mxbai,2146,1782216975.546944,,,
7186,0,svm,max,balanced,cached_mxbai,2147,1782216975.7952065,,,
3570,0,svm,max,balanced,cached_mxbai,2148,1782216976.0478034,,,
951,0,svm,max,balanced,cached_mxbai,2149,1782216976.2960212,,,
4917,0,svm,max,balanced,cached_mxbai,2150,1782216976.545218,,,
5277,0,svm,max,balanced,cached_mxbai,2151,1782216976.797585,,,
6654,0,svm,max,balanced,cached_mxbai,2152,1782216977.0493107,,,
7550,0,svm,max,balanced,cached_mxbai,2153,1782216977.2999146,,,
8832,1,svm,max,balanced,cached_mxbai,2154,1782216977.5515404,,,
7776,0,svm,max,balanced,cached_mxbai,2155,1782216977.8016553,,,
6988,0,svm,max,balanced,cached_mxbai,2156,1782216978.058938,,,
288,0,svm,max,balanced,cached_mxbai,2157,1782216978.307173,,,
8920,0,svm,max,balanced,cached_mxbai,2158,1782216978.557475,,,
7258,0,svm,max,balanced,cached_mxbai,2159,1782216978.8128028,,,
8190,0,svm,max,balanced,cached_mxbai,2160,1782216979.0643013,,,
9292,0,svm,max,balanced,cached_mxbai,2161,1782216979.3222494,,,
4585,0,svm,max,balanced,cached_mxbai,2162,1782216979.588129,,,
3673,0,svm,max,balanced,cached_mxbai,2163,1782216979.8488023,,,
4979,0,svm,max,balanced,cached_mxbai,2164,1782216980.110794,,,
1606,0,svm,max,balanced,cached_mxbai,2165,1782216980.3706396,,,
7127,0,svm,max,balanced,cached_mxbai,2166,1782216980.629081,,,
3430,0,svm,max,balanced,cached_mxbai,2167,1782216980.8865018,,,
4212,0,svm,max,balanced,cached_mxbai,2168,1782216981.1490693,,,
4775,0,svm,max,balanced,cached_mxbai,2169,1782216981.410177,,,
3842,0,svm,max,balanced,cached_mxbai,2170,1782216981.6681561,,,
3108,0,svm,max,balanced,cached_mxbai,2171,1782216981.9281936,,,
1446,0,svm,max,balanced,cached_mxbai,2172,1782216982.1905444,,,
10281,0,svm,max,balanced,cached_mxbai,2173,1782216982.4490626,,,
6276,0,svm,max,balanced,cached_mxbai,2174,1782216982.7054079,,,
9602,0,svm,max,balanced,cached_mxbai,2175,1782216982.9683857,,,
5097,0,svm,max,balanced,cached_mxbai,2176,1782216983.2290752,,,
4877,0,svm,max,balanced,cached_mxbai,2177,1782216983.485062,,,
222,0,svm,max,balanced,cached_mxbai,2178,1782216983.7408423,,,
10119,0,svm,max,balanced,cached_mxbai,2179,1782216983.9871924,,,
1465,0,svm,max,balanced,cached_mxbai,2180,1782216984.2335484,,,
3980,0,svm,max,balanced,cached_mxbai,2181,1782216984.478653,,,
9011,0,svm,max,balanced,cached_mxbai,2182,1782216984.726711,,,
3947,0,svm,max,balanced,cached_mxbai,2183,1782216984.9726129,,,
4115,0,svm,max,balanced,cached_mxbai,2184,1782216985.2306783,,,
653,0,svm,max,balanced,cached_mxbai,2185,1782216985.4967518,,,
9195,0,svm,max,balanced,cached_mxbai,2186,1782216985.7438216,,,
267,0,svm,max,balanced,cached_mxbai,2187,1782216985.9986854,,,
3551,0,svm,max,balanced,cached_mxbai,2188,1782216986.245309,,,
5033,0,svm,max,balanced,cached_mxbai,2189,1782216986.4947107,,,
1253,0,svm,max,balanced,cached_mxbai,2190,1782216986.7442389,,,
8073,0,svm,max,balanced,cached_mxbai,2191,1782216986.9969666,,,
8831,0,svm,max,balanced,cached_mxbai,2192,1782216987.246524,,,
7917,0,svm,max,balanced,cached_mxbai,2193,1782216987.4951308,,,
3715,0,svm,max,balanced,cached_mxbai,2194,1782216987.741298,,,
2557,0,svm,max,balanced,cached_mxbai,2195,1782216988.0250983,,,
4444,0,svm,max,balanced,cached_mxbai,2196,1782216988.2755058,,,
4844,0,svm,max,balanced,cached_mxbai,2197,1782216988.5230894,,,
8265,0,svm,max,balanced,cached_mxbai,2198,1782216988.7765148,,,
9206,0,svm,max,balanced,cached_mxbai,2199,1782216989.0289836,,,
8816,0,svm,max,balanced,cached_mxbai,2200,1782216989.2808754,,,
8555,0,svm,max,balanced,cached_mxbai,2201,1782216989.5310018,,,
7230,0,svm,max,balanced,cached_mxbai,2202,1782216989.782326,,,
3272,0,svm,max,balanced,cached_mxbai,2203,1782216990.0392263,,,
4825,0,svm,max,balanced,cached_mxbai,2204,1782216990.2886405,,,
9688,0,svm,max,balanced,cached_mxbai,2205,1782216990.541911,,,
7048,0,svm,max,balanced,cached_mxbai,2206,1782216990.7928128,,,
4094,0,svm,max,balanced,cached_mxbai,2207,1782216991.0532732,,,
7560,0,svm,max,balanced,cached_mxbai,2208,1782216991.3085945,,,
3745,0,svm,max,balanced,cached_mxbai,2209,1782216991.5616632,,,
7101,0,svm,max,balanced,cached_mxbai,2210,1782216991.8145409,,,
8436,0,svm,max,balanced,cached_mxbai,2211,1782216992.078404,,,
45,0,svm,max,balanced,cached_mxbai,2212,1782216992.3326652,,,
7507,0,svm,max,balanced,cached_mxbai,2213,1782216992.5859606,,,
10129,0,svm,max,balanced,cached_mxbai,2214,1782216992.8397064,,,
5041,0,svm,max,balanced,cached_mxbai,2215,1782216993.0998535,,,
5595,0,svm,max,balanced,cached_mxbai,2216,1782216993.3539116,,,
1429,0,svm,max,balanced,cached_mxbai,2217,1782216993.6063652,,,
5444,0,svm,max,balanced,cached_mxbai,2218,1782216993.8585055,,,
5157,0,svm,max,balanced,cached_mxbai,2219,1782216994.114833,,,
4814,0,svm,max,balanced,cached_mxbai,2220,1782216994.3673017,,,
6531,0,svm,max,balanced,cached_mxbai,2221,1782216994.6225595,,,
2461,0,svm,max,balanced,cached_mxbai,2222,1782216994.874478,,,
448,0,svm,max,balanced,cached_mxbai,2223,1782216995.1374109,,,
4935,0,svm,max,balanced,cached_mxbai,2224,1782216995.4177506,,,
747,0,svm,max,balanced,cached_mxbai,2225,1782216995.6705813,,,
4880,0,svm,max,balanced,cached_mxbai,2226,1782216995.9235077,,,
3887,0,svm,max,balanced,cached_mxbai,2227,1782216996.179103,,,
7495,0,svm,max,balanced,cached_mxbai,2228,1782216996.4331431,,,
4604,0,svm,max,balanced,cached_mxbai,2229,1782216996.6835237,,,
4287,0,svm,max,balanced,cached_mxbai,2230,1782216996.9355092,,,
1086,0,svm,max,balanced,cached_mxbai,2231,1782216997.1895993,,,
4774,0,svm,max,balanced,cached_mxbai,2232,1782216997.4461248,,,
3949,0,svm,max,balanced,cached_mxbai,2233,1782216997.703645,,,
8680,0,svm,max,balanced,cached_mxbai,2234,1782216997.9647365,,,
8657,0,svm,max,balanced,cached_mxbai,2235,1782216998.2262158,,,
5712,0,svm,max,balanced,cached_mxbai,2236,1782216998.4863367,,,
7324,0,svm,max,balanced,cached_mxbai,2237,1782216998.7457628,,,
6170,0,svm,max,balanced,cached_mxbai,2238,1782216999.0063725,,,
665,0,svm,max,balanced,cached_mxbai,2239,1782216999.2679799,,,
4931,0,svm,max,balanced,cached_mxbai,2240,1782216999.5293512,,,
6230,0,svm,max,balanced,cached_mxbai,2241,1782216999.7899384,,,
5142,0,svm,max,balanced,cached_mxbai,2242,1782217000.0497253,,,
8031,0,svm,max,balanced,cached_mxbai,2243,1782217000.3145268,,,
7609,0,svm,max,balanced,cached_mxbai,2244,1782217000.5746887,,,
5354,0,svm,max,balanced,cached_mxbai,2245,1782217000.833935,,,
5037,0,svm,max,balanced,cached_mxbai,2246,1782217001.0970414,,,
3514,0,svm,max,balanced,cached_mxbai,2247,1782217001.3611531,,,
3626,0,svm,max,balanced,cached_mxbai,2248,1782217001.6329277,,,
4909,0,svm,max,balanced,cached_mxbai,2249,1782217001.893127,,,
4366,0,svm,max,balanced,cached_mxbai,2250,1782217002.1635308,,,
7773,0,svm,max,balanced,cached_mxbai,2251,1782217002.4281557,,,
1739,0,svm,max,balanced,cached_mxbai,2252,1782217002.6916654,,,
6425,0,svm,max,balanced,cached_mxbai,2253,1782217002.9567423,,,
5248,0,svm,max,balanced,cached_mxbai,2254,1782217003.224585,,,
4,0,svm,max,balanced,cached_mxbai,2255,1782217003.4861996,,,
10386,0,svm,max,balanced,cached_mxbai,2256,1782217003.749133,,,
1315,0,svm,max,balanced,cached_mxbai,2257,1782217004.0121605,,,
7931,0,svm,max,balanced,cached_mxbai,2258,1782217004.280427,,,
3855,0,svm,max,balanced,cached_mxbai,2259,1782217004.5498369,,,
9659,0,svm,max,balanced,cached_mxbai,2260,1782217004.8184595,,,
3825,0,svm,max,balanced,cached_mxbai,2261,1782217005.093725,,,
1930,0,svm,max,balanced,cached_mxbai,2262,1782217005.3900547,,,
3607,0,svm,max,balanced,cached_mxbai,2263,1782217005.6611652,,,
10192,0,svm,max,balanced,cached_mxbai,2264,1782217005.9301507,,,
4726,0,svm,max,balanced,cached_mxbai,2265,1782217006.2071,,,
1226,0,svm,max,balanced,cached_mxbai,2266,1782217006.4759593,,,
8732,0,svm,max,balanced,cached_mxbai,2267,1782217006.7445168,,,
3913,0,svm,max,balanced,cached_mxbai,2268,1782217007.013727,,,
8220,0,svm,max,balanced,cached_mxbai,2269,1782217007.284772,,,
5035,0,svm,max,balanced,cached_mxbai,2270,1782217007.5532498,,,
4129,0,svm,max,balanced,cached_mxbai,2271,1782217007.8215582,,,
1500,0,svm,max,balanced,cached_mxbai,2272,1782217008.0925982,,,
1671,0,svm,max,balanced,cached_mxbai,2273,1782217008.3667865,,,
3665,0,svm,max,balanced,cached_mxbai,2274,1782217008.6413887,,,
4903,0,svm,max,balanced,cached_mxbai,2275,1782217008.9180481,,,
4184,0,svm,max,balanced,cached_mxbai,2276,1782217009.1942763,,,
5126,0,svm,max,balanced,cached_mxbai,2277,1782217009.4691968,,,
2436,0,svm,max,balanced,cached_mxbai,2278,1782217009.752144,,,
3148,0,svm,max,balanced,cached_mxbai,2279,1782217010.0211453,,,
4395,0,svm,max,balanced,cached_mxbai,2280,1782217010.299737,,,
6706,0,svm,max,balanced,cached_mxbai,2281,1782217010.5746737,,,
723,0,svm,max,balanced,cached_mxbai,2282,1782217010.8549297,,,
4332,0,svm,max,balanced,cached_mxbai,2283,1782217011.161636,,,
4314,0,svm,max,balanced,cached_mxbai,2284,1782217011.4553797,,,
5747,0,svm,max,balanced,cached_mxbai,2285,1782217011.729943,,,
4584,0,svm,max,balanced,cached_mxbai,2286,1782217012.0057547,,,
6426,0,svm,max,balanced,cached_mxbai,2287,1782217012.2877557,,,
10497,0,svm,max,balanced,cached_mxbai,2288,1782217012.565011,,,
9303,0,svm,max,balanced,cached_mxbai,2289,1782217012.8430405,,,
10349,1,svm,max,balanced,cached_mxbai,2290,1782217013.1169758,,,
5851,0,svm,max,balanced,cached_mxbai,2291,1782217013.3865182,,,
177,0,svm,max,balanced,cached_mxbai,2292,1782217013.6547382,,,
5685,0,svm,max,balanced,cached_mxbai,2293,1782217013.919827,,,
3717,0,svm,max,balanced,cached_mxbai,2294,1782217014.210928,,,
9789,0,svm,max,balanced,cached_mxbai,2295,1782217014.5106673,,,
7716,0,svm,max,balanced,cached_mxbai,2296,1782217014.7816167,,,
170,0,svm,max,balanced,cached_mxbai,2297,1782217015.0828776,,,
1108,0,svm,max,balanced,cached_mxbai,2298,1782217015.3693113,,,
5793,0,svm,max,balanced,cached_mxbai,2299,1782217015.6373925,,,
9899,0,svm,max,balanced,cached_mxbai,2300,1782217015.9049747,,,
3816,0,svm,max,balanced,cached_mxbai,2301,1782217016.1739833,,,
3856,0,svm,max,balanced,cached_mxbai,2302,1782217016.4449139,,,
1934,0,svm,max,balanced,cached_mxbai,2303,1782217016.7149389,,,
7074,0,svm,max,balanced,cached_mxbai,2304,1782217016.981998,,,
6063,0,svm,max,balanced,cached_mxbai,2305,1782217017.2632973,,,
3220,0,svm,max,balanced,cached_mxbai,2306,1782217017.5306704,,,
8627,0,svm,max,balanced,cached_mxbai,2307,1782217017.7984135,,,
4007,0,svm,max,balanced,cached_mxbai,2308,1782217018.0671642,,,
9788,0,svm,max,balanced,cached_mxbai,2309,1782217018.342481,,,
464,0,svm,max,balanced,cached_mxbai,2310,1782217018.6180372,,,
169,0,svm,max,balanced,cached_mxbai,2311,1782217018.8963387,,,
10066,0,svm,max,balanced,cached_mxbai,2312,1782217019.1670454,,,
1060,0,svm,max,balanced,cached_mxbai,2313,1782217019.4455698,,,
9188,0,svm,max,balanced,cached_mxbai,2314,1782217019.720701,,,
3156,0,svm,max,balanced,cached_mxbai,2315,1782217019.9944844,,,
4324,0,svm,max,balanced,cached_mxbai,2316,1782217020.2760892,,,
10432,0,svm,max,balanced,cached_mxbai,2317,1782217020.5585003,,,
862,0,svm,max,balanced,cached_mxbai,2318,1782217020.8377416,,,
109,0,svm,max,balanced,cached_mxbai,2319,1782217021.1296966,,,
4796,0,svm,max,balanced,cached_mxbai,2320,1782217021.4172857,,,
5190,0,svm,max,balanced,cached_mxbai,2321,1782217021.6974585,,,
4621,0,svm,max,balanced,cached_mxbai,2322,1782217021.9760869,,,
3865,0,svm,max,balanced,cached_mxbai,2323,1782217022.255111,,,
3794,0,svm,max,balanced,cached_mxbai,2324,1782217022.5352933,,,
2,0,svm,max,balanced,cached_mxbai,2325,1782217022.8283293,,,
191,0,svm,max,balanced,cached_mxbai,2326,1782217023.1144276,,,
10064,0,svm,max,balanced,cached_mxbai,2327,1782217023.3975334,,,
5991,0,svm,max,balanced,cached_mxbai,2328,1782217023.6778703,,,
4610,0,svm,max,balanced,cached_mxbai,2329,1782217023.9537926,,,
10325,0,svm,max,balanced,cached_mxbai,2330,1782217024.2314308,,,
5935,0,svm,max,balanced,cached_mxbai,2331,1782217024.5115948,,,
3734,0,svm,max,balanced,cached_mxbai,2332,1782217024.7875202,,,
4545,0,svm,max,balanced,cached_mxbai,2333,1782217025.0674467,,,
3712,0,svm,max,balanced,cached_mxbai,2334,1782217025.3681056,,,
1306,0,svm,max,balanced,cached_mxbai,2335,1782217025.6479967,,,
915,0,svm,max,balanced,cached_mxbai,2336,1782217025.9262269,,,
5164,0,svm,max,balanced,cached_mxbai,2337,1782217026.204017,,,
3881,0,svm,max,balanced,cached_mxbai,2338,1782217026.4839811,,,
254,0,svm,max,balanced,cached_mxbai,2339,1782217026.7622435,,,
10534,0,svm,max,balanced,cached_mxbai,2340,1782217027.0466812,,,
5026,0,svm,max,balanced,cached_mxbai,2341,1782217027.3236566,,,
5228,0,svm,max,balanced,cached_mxbai,2342,1782217027.6147678,,,
4949,0,svm,max,balanced,cached_mxbai,2343,1782217027.8939128,,,
4327,0,svm,max,balanced,cached_mxbai,2344,1782217028.171929,,,
8737,0,svm,max,balanced,cached_mxbai,2345,1782217028.4576232,,,
6925,0,svm,max,balanced,cached_mxbai,2346,1782217028.7373743,,,
4671,0,svm,max,balanced,cached_mxbai,2347,1782217029.0196373,,,
3,0,svm,max,balanced,cached_mxbai,2348,1782217029.3008893,,,
3698,0,svm,max,balanced,cached_mxbai,2349,1782217029.5903986,,,
7164,0,svm,max,balanced,cached_mxbai,2350,1782217029.8691688,,,
6385,0,svm,max,balanced,cached_mxbai,2351,1782217030.1497796,,,
4983,0,svm,max,balanced,cached_mxbai,2352,1782217030.434162,,,
3528,0,svm,max,balanced,cached_mxbai,2353,1782217030.7120326,,,
752,0,svm,max,balanced,cached_mxbai,2354,1782217030.9914143,,,
3663,0,svm,max,balanced,cached_mxbai,2355,1782217031.2646801,,,
5122,0,svm,max,balanced,cached_mxbai,2356,1782217031.553046,,,
4795,0,svm,max,balanced,cached_mxbai,2357,1782217031.8260267,,,
4266,0,svm,max,balanced,cached_mxbai,2358,1782217032.1009119,,,
9622,0,svm,max,balanced,cached_mxbai,2359,1782217032.3755987,,,
5224,0,svm,max,balanced,cached_mxbai,2360,1782217032.6548038,,,
1809,0,svm,max,balanced,cached_mxbai,2361,1782217032.9292612,,,
3456,0,svm,max,balanced,cached_mxbai,2362,1782217033.2016492,,,
703,0,svm,max,balanced,cached_mxbai,2363,1782217033.4816706,,,
10360,0,svm,max,balanced,cached_mxbai,2364,1782217033.7519352,,,
4866,0,svm,max,balanced,cached_mxbai,2365,1782217034.0247867,,,
7059,0,svm,max,balanced,cached_mxbai,2366,1782217034.300781,,,
33,0,svm,max,balanced,cached_mxbai,2367,1782217034.5896053,,,
8642,0,svm,max,balanced,cached_mxbai,2368,1782217034.873263,,,
3367,0,svm,max,balanced,cached_mxbai,2369,1782217035.1544828,,,
10402,0,svm,max,balanced,cached_mxbai,2370,1782217035.4518702,,,
2346,0,svm,max,balanced,cached_mxbai,2371,1782217035.7258146,,,
3351,0,svm,max,balanced,cached_mxbai,2372,1782217036.00014,,,
9530,0,svm,max,balanced,cached_mxbai,2373,1782217036.2755828,,,
5117,0,svm,max,balanced,cached_mxbai,2374,1782217036.5550199,,,
9341,0,svm,max,balanced,cached_mxbai,2375,1782217036.8305879,,,
4156,0,svm,max,balanced,cached_mxbai,2376,1782217037.10664,,,
4769,0,svm,max,balanced,cached_mxbai,2377,1782217037.380055,,,
5135,0,svm,max,balanced,cached_mxbai,2378,1782217037.6586807,,,
5094,0,svm,max,balanced,cached_mxbai,2379,1782217037.9341152,,,
10536,0,svm,max,balanced,cached_mxbai,2380,1782217038.2096245,,,
2769,0,svm,max,balanced,cached_mxbai,2381,1782217038.486668,,,
5166,0,svm,max,balanced,cached_mxbai,2382,1782217038.7670937,,,
3703,0,svm,max,balanced,cached_mxbai,2383,1782217039.042372,,,
4694,0,svm,max,balanced,cached_mxbai,2384,1782217039.3237753,,,
6555,0,svm,max,balanced,cached_mxbai,2385,1782217039.6066525,,,
5015,0,svm,max,balanced,cached_mxbai,2386,1782217039.8851876,,,
10096,0,svm,max,balanced,cached_mxbai,2387,1782217040.1630185,,,
3662,0,svm,max,balanced,cached_mxbai,2388,1782217040.4398992,,,
8144,0,svm,max,balanced,cached_mxbai,2389,1782217040.7190464,,,
5539,0,svm,max,balanced,cached_mxbai,2390,1782217040.995733,,,
2673,0,svm,max,balanced,cached_mxbai,2391,1782217041.281145,,,
7709,0,svm,max,balanced,cached_mxbai,2392,1782217041.5743153,,,
8033,0,svm,max,balanced,cached_mxbai,2393,1782217041.8513484,,,
7349,0,svm,max,balanced,cached_mxbai,2394,1782217042.1277182,,,
7805,0,svm,max,balanced,cached_mxbai,2395,1782217042.4047897,,,
4972,0,svm,max,balanced,cached_mxbai,2396,1782217042.6846976,,,
4052,0,svm,max,balanced,cached_mxbai,2397,1782217042.9635234,,,
8309,0,svm,max,balanced,cached_mxbai,2398,1782217043.2698429,,,
115,0,svm,max,balanced,cached_mxbai,2399,1782217043.5628686,,,
3581,0,svm,max,balanced,cached_mxbai,2400,1782217043.8388805,,,
3215,0,svm,max,balanced,cached_mxbai,2401,1782217044.1168458,,,
4614,0,svm,max,balanced,cached_mxbai,2402,1782217044.3970463,,,
9106,0,svm,max,balanced,cached_mxbai,2403,1782217044.6821008,,,
4300,0,svm,max,balanced,cached_mxbai,2404,1782217044.9616454,,,
10002,0,svm,max,balanced,cached_mxbai,2405,1782217045.2611914,,,
7570,0,svm,max,balanced,cached_mxbai,2406,1782217045.5493102,,,
3674,0,svm,max,balanced,cached_mxbai,2407,1782217045.8332925,,,
6896,0,svm,max,balanced,cached_mxbai,2408,1782217046.1175163,,,
1197,0,svm,max,balanced,cached_mxbai,2409,1782217046.3958507,,,
7766,0,svm,max,balanced,cached_mxbai,2410,1782217046.6792922,,,
3163,0,svm,max,balanced,cached_mxbai,2411,1782217046.9581604,,,
5864,0,svm,max,balanced,cached_mxbai,2412,1782217047.2379081,,,
4518,0,svm,max,balanced,cached_mxbai,2413,1782217047.518615,,,
9505,0,svm,max,balanced,cached_mxbai,2414,1782217047.7991831,,,
5459,0,svm,max,balanced,cached_mxbai,2415,1782217048.0796685,,,
4288,0,svm,max,balanced,cached_mxbai,2416,1782217048.3624876,,,
3642,0,svm,max,balanced,cached_mxbai,2417,1782217048.6461039,,,
3406,0,svm,max,balanced,cached_mxbai,2418,1782217048.9362159,,,
388,0,svm,max,balanced,cached_mxbai,2419,1782217049.2185566,,,
8871,0,svm,max,balanced,cached_mxbai,2420,1782217049.5012963,,,
3730,0,svm,max,balanced,cached_mxbai,2421,1782217049.7865593,,,
4859,0,svm,max,balanced,cached_mxbai,2422,1782217050.0715218,,,
1590,0,svm,max,balanced,cached_mxbai,2423,1782217050.3571641,,,
6835,0,svm,max,balanced,cached_mxbai,2424,1782217050.6488013,,,
4428,0,svm,max,balanced,cached_mxbai,2425,1782217050.9346163,,,
561,0,svm,max,balanced,cached_mxbai,2426,1782217051.2183368,,,
4028,0,svm,max,balanced,cached_mxbai,2427,1782217051.5039709,,,
10445,0,svm,max,balanced,cached_mxbai,2428,1782217051.796059,,,
5121,0,svm,max,balanced,cached_mxbai,2429,1782217052.083052,,,
4206,0,svm,max,balanced,cached_mxbai,2430,1782217052.3650622,,,
5057,0,svm,max,balanced,cached_mxbai,2431,1782217052.6541686,,,
5124,0,svm,max,balanced,cached_mxbai,2432,1782217052.941341,,,
7307,0,svm,max,balanced,cached_mxbai,2433,1782217053.2268722,,,
9335,0,svm,max,balanced,cached_mxbai,2434,1782217053.5131583,,,
2868,0,svm,max,balanced,cached_mxbai,2435,1782217053.7991295,,,
5428,0,svm,max,balanced,cached_mxbai,2436,1782217054.0822327,,,
73,0,svm,max,balanced,cached_mxbai,2437,1782217054.4001544,,,
4878,0,svm,max,balanced,cached_mxbai,2438,1782217054.7246137,,,
7041,0,svm,max,balanced,cached_mxbai,2439,1782217055.0478497,,,
10125,0,svm,max,balanced,cached_mxbai,2440,1782217055.387519,,,
4672,0,svm,max,balanced,cached_mxbai,2441,1782217055.7067466,,,
3467,0,svm,max,balanced,cached_mxbai,2442,1782217056.0262477,,,
394,0,svm,max,balanced,cached_mxbai,2443,1782217056.343511,,,
1107,0,svm,max,balanced,cached_mxbai,2444,1782217056.6701186,,,
6759,0,svm,max,balanced,cached_mxbai,2445,1782217056.9872348,,,
4945,0,svm,max,balanced,cached_mxbai,2446,1782217057.306992,,,
1323,0,svm,max,balanced,cached_mxbai,2447,1782217057.6301157,,,
8476,0,svm,max,balanced,cached_mxbai,2448,1782217057.9526005,,,
4898,0,svm,max,balanced,cached_mxbai,2449,1782217058.276758,,,
8950,0,svm,max,balanced,cached_mxbai,2450,1782217058.6019058,,,
5392,0,svm,max,balanced,cached_mxbai,2451,1782217058.9286063,,,
3405,0,svm,max,balanced,cached_mxbai,2452,1782217059.2525208,,,
4651,0,svm,max,balanced,cached_mxbai,2453,1782217059.576743,,,
8060,0,svm,max,balanced,cached_mxbai,2454,1782217059.9018502,,,
6240,0,svm,max,balanced,cached_mxbai,2455,1782217060.2238705,,,
513,0,svm,max,balanced,cached_mxbai,2456,1782217060.5481544,,,
3937,0,svm,max,balanced,cached_mxbai,2457,1782217060.8732984,,,
5433,0,svm,max,balanced,cached_mxbai,2458,1782217061.1938698,,,
4218,0,svm,max,balanced,cached_mxbai,2459,1782217061.5149748,,,
10080,0,svm,max,balanced,cached_mxbai,2460,1782217061.841173,,,
6473,0,svm,max,balanced,cached_mxbai,2461,1782217062.1625516,,,
905,0,svm,max,balanced,cached_mxbai,2462,1782217062.4857194,,,
4925,0,svm,max,balanced,cached_mxbai,2463,1782217062.811007,,,
10464,0,svm,max,balanced,cached_mxbai,2464,1782217063.137149,,,
9046,0,svm,max,balanced,cached_mxbai,2465,1782217063.4607794,,,
4997,0,svm,max,balanced,cached_mxbai,2466,1782217063.7902634,,,
1400,0,svm,max,balanced,cached_mxbai,2467,1782217064.1191812,,,
3560,0,svm,max,balanced,cached_mxbai,2468,1782217064.4433177,,,
4924,0,svm,max,balanced,cached_mxbai,2469,1782217064.7730262,,,
6178,0,svm,max,balanced,cached_mxbai,2470,1782217065.1075027,,,
4238,0,svm,max,balanced,cached_mxbai,2471,1782217065.4571211,,,
3585,0,svm,max,balanced,cached_mxbai,2472,1782217065.7942822,,,
1058,0,svm,max,balanced,cached_mxbai,2473,1782217066.1273243,,,
5215,0,svm,max,balanced,cached_mxbai,2474,1782217066.4498837,,,
8891,0,svm,max,balanced,cached_mxbai,2475,1782217066.7772486,,,
2439,0,svm,max,balanced,cached_mxbai,2476,1782217067.1067235,,,
104,0,svm,max,balanced,cached_mxbai,2477,1782217067.4395242,,,
3203,0,svm,max,balanced,cached_mxbai,2478,1782217067.7679906,,,
4696,0,svm,max,balanced,cached_mxbai,2479,1782217068.0901687,,,
5787,0,svm,max,balanced,cached_mxbai,2480,1782217068.4142091,,,
8005,0,svm,max,balanced,cached_mxbai,2481,1782217068.7471702,,,
7007,0,svm,max,balanced,cached_mxbai,2482,1782217069.075681,,,
1011,0,svm,max,balanced,cached_mxbai,2483,1782217069.4025397,,,
7715,0,svm,max,balanced,cached_mxbai,2484,1782217069.7372484,,,
3542,0,svm,max,balanced,cached_mxbai,2485,1782217070.0648713,,,
1183,0,svm,max,balanced,cached_mxbai,2486,1782217070.3911633,,,
6433,0,svm,max,balanced,cached_mxbai,2487,1782217070.7142882,,,
4768,0,svm,max,balanced,cached_mxbai,2488,1782217071.0475621,,,
3503,0,svm,max,balanced,cached_mxbai,2489,1782217071.3764198,,,
6225,0,svm,max,balanced,cached_mxbai,2490,1782217071.7070308,,,
5800,0,svm,max,balanced,cached_mxbai,2491,1782217072.0392067,,,
9748,0,svm,max,balanced,cached_mxbai,2492,1782217072.3676403,,,
4999,0,svm,max,balanced,cached_mxbai,2493,1782217072.696094,,,
9389,0,svm,max,balanced,cached_mxbai,2494,1782217073.0278747,,,
3951,0,svm,max,balanced,cached_mxbai,2495,1782217073.3534014,,,
2535,0,svm,max,balanced,cached_mxbai,2496,1782217073.6837811,,,
3658,0,svm,max,balanced,cached_mxbai,2497,1782217074.0164294,,,
8325,0,svm,max,balanced,cached_mxbai,2498,1782217074.344508,,,
8351,0,svm,max,balanced,cached_mxbai,2499,1782217074.6734986,,,
4888,0,svm,max,balanced,cached_mxbai,2500,1782217075.0004225,,,
2799,0,svm,max,balanced,cached_mxbai,2501,1782217075.3157754,,,
1731,0,svm,max,balanced,cached_mxbai,2502,1782217075.6142735,,,
4402,0,svm,max,balanced,cached_mxbai,2503,1782217075.9077418,,,
5233,0,svm,max,balanced,cached_mxbai,2504,1782217076.202016,,,
5427,0,svm,max,balanced,cached_mxbai,2505,1782217076.494675,,,
9593,0,svm,max,balanced,cached_mxbai,2506,1782217076.789341,,,
7271,0,svm,max,balanced,cached_mxbai,2507,1782217077.0858357,,,
6773,0,svm,max,balanced,cached_mxbai,2508,1782217077.3865967,,,
4841,0,svm,max,balanced,cached_mxbai,2509,1782217077.6840422,,,
868,0,svm,max,balanced,cached_mxbai,2510,1782217077.9776242,,,
3733,0,svm,max,balanced,cached_mxbai,2511,1782217078.2705271,,,
3379,0,svm,max,balanced,cached_mxbai,2512,1782217078.5676916,,,
1937,0,svm,max,balanced,cached_mxbai,2513,1782217078.8728235,,,
4367,0,svm,max,balanced,cached_mxbai,2514,1782217079.1690104,,,
5382,0,svm,max,balanced,cached_mxbai,2515,1782217079.465063,,,
4500,0,svm,max,balanced,cached_mxbai,2516,1782217079.7599473,,,
3772,0,svm,max,balanced,cached_mxbai,2517,1782217080.0581522,,,
299,0,svm,max,balanced,cached_mxbai,2518,1782217080.3562512,,,
9950,0,svm,max,balanced,cached_mxbai,2519,1782217080.65284,,,
5260,0,svm,max,balanced,cached_mxbai,2520,1782217080.9476428,,,
8579,0,svm,max,balanced,cached_mxbai,2521,1782217081.2448468,,,
6579,0,svm,max,balanced,cached_mxbai,2522,1782217081.5410755,,,
8949,0,svm,max,balanced,cached_mxbai,2523,1782217081.839154,,,
9795,0,svm,max,balanced,cached_mxbai,2524,1782217082.1413012,,,
3584,0,svm,max,balanced,cached_mxbai,2525,1782217082.4381309,,,
7350,0,svm,max,balanced,cached_mxbai,2526,1782217082.7388246,,,
9554,0,svm,max,balanced,cached_mxbai,2527,1782217083.0384195,,,
4921,0,svm,max,balanced,cached_mxbai,2528,1782217083.3335972,,,
1539,0,svm,max,balanced,cached_mxbai,2529,1782217083.6679554,,,
9014,0,svm,max,balanced,cached_mxbai,2530,1782217083.9813948,,,
835,0,svm,max,balanced,cached_mxbai,2531,1782217084.2841895,,,
9319,0,svm,max,balanced,cached_mxbai,2532,1782217084.5915842,,,
10190,0,svm,max,balanced,cached_mxbai,2533,1782217084.896322,,,
5827,0,svm,max,balanced,cached_mxbai,2534,1782217085.205152,,,
8612,0,svm,max,balanced,cached_mxbai,2535,1782217085.524846,,,
3879,0,svm,max,balanced,cached_mxbai,2536,1782217085.82797,,,
5170,0,svm,max,balanced,cached_mxbai,2537,1782217086.1313298,,,
4944,0,svm,max,balanced,cached_mxbai,2538,1782217086.4349499,,,
3110,0,svm,max,balanced,cached_mxbai,2539,1782217086.7415226,,,
10070,0,svm,max,balanced,cached_mxbai,2540,1782217087.0510228,,,
7578,0,svm,max,balanced,cached_mxbai,2541,1782217087.355603,,,
3651,0,svm,max,balanced,cached_mxbai,2542,1782217087.660223,,,
4913,0,svm,max,balanced,cached_mxbai,2543,1782217087.963139,,,
4194,0,svm,max,balanced,cached_mxbai,2544,1782217088.2711656,,,
4803,0,svm,max,balanced,cached_mxbai,2545,1782217088.578616,,,
8039,0,svm,max,balanced,cached_mxbai,2546,1782217088.8912811,,,
10130,0,svm,max,balanced,cached_mxbai,2547,1782217089.1997492,,,
7518,0,svm,max,balanced,cached_mxbai,2548,1782217089.5079265,,,
7667,0,svm,max,balanced,cached_mxbai,2549,1782217089.8133888,,,
9735,0,svm,max,balanced,cached_mxbai,2550,1782217090.118701,,,
7107,0,svm,max,balanced,cached_mxbai,2551,1782217090.4244208,,,
65,0,svm,max,balanced,cached_mxbai,2552,1782217090.7305534,,,
3122,0,svm,max,balanced,cached_mxbai,2553,1782217091.0381563,,,
4516,0,svm,max,balanced,cached_mxbai,2554,1782217091.342336,,,
5794,0,svm,max,balanced,cached_mxbai,2555,1782217091.6463854,,,
4213,0,svm,max,balanced,cached_mxbai,2556,1782217091.9525177,,,
4208,0,svm,max,balanced,cached_mxbai,2557,1782217092.2623107,,,
5741,0,svm,max,balanced,cached_mxbai,2558,1782217092.5676425,,,
5585,0,svm,max,balanced,cached_mxbai,2559,1782217092.8714566,,,
10543,0,svm,max,balanced,cached_mxbai,2560,1782217093.1713026,,,
1281,0,svm,max,balanced,cached_mxbai,2561,1782217093.4691234,,,
8424,0,svm,max,balanced,cached_mxbai,2562,1782217093.7675977,,,
4630,0,svm,max,balanced,cached_mxbai,2563,1782217094.0699716,,,
7455,0,svm,max,balanced,cached_mxbai,2564,1782217094.3710723,,,
3208,0,svm,max,balanced,cached_mxbai,2565,1782217094.6742332,,,
10546,0,svm,max,balanced,cached_mxbai,2566,1782217094.9778523,,,
3883,0,svm,max,balanced,cached_mxbai,2567,1782217095.3042767,,,
28,0,svm,max,balanced,cached_mxbai,2568,1782217095.60647,,,
10085,0,svm,max,balanced,cached_mxbai,2569,1782217095.9029489,,,
3442,0,svm,max,balanced,cached_mxbai,2570,1782217096.2035408,,,
818,0,svm,max,balanced,cached_mxbai,2571,1782217096.5006778,,,
9977,0,svm,max,balanced,cached_mxbai,2572,1782217096.7985137,,,
4172,0,svm,max,balanced,cached_mxbai,2573,1782217097.1072721,,,
9354,0,svm,max,balanced,cached_mxbai,2574,1782217097.4142835,,,
8699,0,svm,max,balanced,cached_mxbai,2575,1782217097.7233717,,,
4992,0,svm,max,balanced,cached_mxbai,2576,1782217098.035489,,,
4073,0,svm,max,balanced,cached_mxbai,2577,1782217098.3351557,,,
9197,0,svm,max,balanced,cached_mxbai,2578,1782217098.6370485,,,
1866,0,svm,max,balanced,cached_mxbai,2579,1782217098.9636867,,,
3828,0,svm,max,balanced,cached_mxbai,2580,1782217099.2750695,,,
54,0,svm,max,balanced,cached_mxbai,2581,1782217099.5823388,,,
523,0,svm,max,balanced,cached_mxbai,2582,1782217099.9001865,,,
9931,0,svm,max,balanced,cached_mxbai,2583,1782217100.20983,,,
1715,0,svm,max,balanced,cached_mxbai,2584,1782217100.5189679,,,
795,0,svm,max,balanced,cached_mxbai,2585,1782217100.8278782,,,
4609,0,svm,max,balanced,cached_mxbai,2586,1782217101.1396592,,,
3131,0,svm,max,balanced,cached_mxbai,2587,1782217101.4481802,,,
3814,0,svm,max,balanced,cached_mxbai,2588,1782217101.7861726,,,
7338,0,svm,max,balanced,cached_mxbai,2589,1782217102.1229937,,,
3648,0,svm,max,balanced,cached_mxbai,2590,1782217102.4354985,,,
1324,0,svm,max,balanced,cached_mxbai,2591,1782217102.746753,,,
424,0,svm,max,balanced,cached_mxbai,2592,1782217103.0566547,,,
4900,0,svm,max,balanced,cached_mxbai,2593,1782217103.368395,,,
8054,0,svm,max,balanced,cached_mxbai,2594,1782217103.6791322,,,
9283,0,svm,max,balanced,cached_mxbai,2595,1782217103.9882355,,,
3833,0,svm,max,balanced,cached_mxbai,2596,1782217104.3005188,,,
1758,0,svm,max,balanced,cached_mxbai,2597,1782217104.6090884,,,
5187,0,svm,max,balanced,cached_mxbai,2598,1782217104.9184966,,,
4337,0,svm,max,balanced,cached_mxbai,2599,1782217105.3015292,,,
4492,0,svm,max,balanced,cached_mxbai,2600,1782217105.650677,,,
1376,0,svm,max,balanced,cached_mxbai,2601,1782217106.002496,,,
1069,0,svm,max,balanced,cached_mxbai,2602,1782217106.351439,,,
6404,0,svm,max,balanced,cached_mxbai,2603,1782217106.700869,,,
758,0,svm,max,balanced,cached_mxbai,2604,1782217107.0469081,,,
4019,0,svm,max,balanced,cached_mxbai,2605,1782217107.3975003,,,
1635,0,svm,max,balanced,cached_mxbai,2606,1782217107.7485232,,,
289,0,svm,max,balanced,cached_mxbai,2607,1782217108.100532,,,
10358,0,svm,max,balanced,cached_mxbai,2608,1782217108.4492524,,,
4989,0,svm,max,balanced,cached_mxbai,2609,1782217108.8122015,,,
6061,0,svm,max,balanced,cached_mxbai,2610,1782217109.1653173,,,
6593,0,svm,max,balanced,cached_mxbai,2611,1782217109.5130787,,,
4879,0,svm,max,balanced,cached_mxbai,2612,1782217109.8285797,,,
3927,0,svm,max,balanced,cached_mxbai,2613,1782217110.1458972,,,
1670,0,svm,max,balanced,cached_mxbai,2614,1782217110.4649937,,,
4470,0,svm,max,balanced,cached_mxbai,2615,1782217110.7872539,,,
3714,0,svm,max,balanced,cached_mxbai,2616,1782217111.105045,,,
6486,0,svm,max,balanced,cached_mxbai,2617,1782217111.4537885,,,
9909,0,svm,max,balanced,cached_mxbai,2618,1782217111.8050282,,,
3708,0,svm,max,balanced,cached_mxbai,2619,1782217112.1629953,,,
4916,0,svm,max,balanced,cached_mxbai,2620,1782217112.4892526,,,
9056,0,svm,max,balanced,cached_mxbai,2621,1782217112.8355339,,,
4485,0,svm,max,balanced,cached_mxbai,2622,1782217113.1815045,,,
10295,0,svm,max,balanced,cached_mxbai,2623,1782217113.5314274,,,
8180,0,svm,max,balanced,cached_mxbai,2624,1782217113.8806522,,,
3617,0,svm,max,balanced,cached_mxbai,2625,1782217114.2325184,,,
1787,0,svm,max,balanced,cached_mxbai,2626,1782217114.5785728,,,
5613,0,svm,max,balanced,cached_mxbai,2627,1782217114.9284096,,,
8654,0,svm,max,balanced,cached_mxbai,2628,1782217115.3069773,,,
9869,0,svm,max,balanced,cached_mxbai,2629,1782217115.6546268,,,
10506,0,svm,max,balanced,cached_mxbai,2630,1782217116.0066817,,,
7970,0,svm,max,balanced,cached_mxbai,2631,1782217116.3614194,,,
3535,0,svm,max,balanced,cached_mxbai,2632,1782217116.7114398,,,
4981,0,svm,max,balanced,cached_mxbai,2633,1782217117.0650554,,,
1891,0,svm,max,balanced,cached_mxbai,2634,1782217117.4149165,,,
2586,0,svm,max,balanced,cached_mxbai,2635,1782217117.7627158,,,
7424,0,svm,max,balanced,cached_mxbai,2636,1782217118.110557,,,
1548,0,svm,max,balanced,cached_mxbai,2637,1782217118.456505,,,
688,0,svm,max,balanced,cached_mxbai,2638,1782217118.8116515,,,
4018,0,svm,max,balanced,cached_mxbai,2639,1782217119.1600883,,,
10218,0,svm,max,balanced,cached_mxbai,2640,1782217119.5172906,,,
5152,0,svm,max,balanced,cached_mxbai,2641,1782217119.8780026,,,
2129,0,svm,max,balanced,cached_mxbai,2642,1782217120.2274172,,,
3388,0,svm,max,balanced,cached_mxbai,2643,1782217120.5791724,,,
8782,0,svm,max,balanced,cached_mxbai,2644,1782217120.9286423,,,
5439,0,svm,max,balanced,cached_mxbai,2645,1782217121.283069,,,
4105,0,svm,max,balanced,cached_mxbai,2646,1782217121.6304379,,,
3490,0,svm,max,balanced,cached_mxbai,2647,1782217121.9776475,,,
566,0,svm,max,balanced,cached_mxbai,2648,1782217122.3410575,,,
9660,0,svm,max,balanced,cached_mxbai,2649,1782217122.6886303,,,
4613,0,svm,max,balanced,cached_mxbai,2650,1782217123.0361557,,,
4524,0,svm,max,balanced,cached_mxbai,2651,1782217123.3922331,,,
3312,0,svm,max,balanced,cached_mxbai,2652,1782217123.7507179,,,
3295,0,svm,max,balanced,cached_mxbai,2653,1782217124.1015882,,,
6443,0,svm,max,balanced,cached_mxbai,2654,1782217124.4526744,,,
3457,0,svm,max,balanced,cached_mxbai,2655,1782217124.8068602,,,
3358,0,svm,max,balanced,cached_mxbai,2656,1782217125.1641667,,,
1609,0,svm,max,balanced,cached_mxbai,2657,1782217125.5452743,,,
10370,0,svm,max,balanced,cached_mxbai,2658,1782217125.9019608,,,
4690,0,svm,max,balanced,cached_mxbai,2659,1782217126.2576678,,,
1481,0,svm,max,balanced,cached_mxbai,2660,1782217126.6121063,,,
5497,0,svm,max,balanced,cached_mxbai,2661,1782217126.969725,,,
897,0,svm,max,balanced,cached_mxbai,2662,1782217127.330143,,,
512,0,svm,max,balanced,cached_mxbai,2663,1782217127.671079,,,
6489,0,svm,max,balanced,cached_mxbai,2664,1782217128.0138552,,,
7529,0,svm,max,balanced,cached_mxbai,2665,1782217128.3698416,,,
4303,0,svm,max,balanced,cached_mxbai,2666,1782217128.7137175,,,
9791,0,svm,max,balanced,cached_mxbai,2667,1782217129.0635324,,,
9386,0,svm,max,balanced,cached_mxbai,2668,1782217129.4166164,,,
8012,0,svm,max,balanced,cached_mxbai,2669,1782217129.764928,,,
6334,0,svm,max,balanced,cached_mxbai,2670,1782217130.1209445,,,
10387,0,svm,max,balanced,cached_mxbai,2671,1782217130.4717999,,,
1200,0,svm,max,balanced,cached_mxbai,2672,1782217130.8163135,,,
7038,0,svm,max,balanced,cached_mxbai,2673,1782217131.1630356,,,
2256,0,svm,max,balanced,cached_mxbai,2674,1782217131.5133016,,,
8248,0,svm,max,balanced,cached_mxbai,2675,1782217131.8693187,,,
8762,0,svm,max,balanced,cached_mxbai,2676,1782217132.2211769,,,
5811,0,svm,max,balanced,cached_mxbai,2677,1782217132.5867512,,,
5803,0,svm,max,balanced,cached_mxbai,2678,1782217132.9366627,,,
6291,0,svm,max,balanced,cached_mxbai,2679,1782217133.2848942,,,
6445,0,svm,max,balanced,cached_mxbai,2680,1782217133.6413653,,,
8974,0,svm,max,balanced,cached_mxbai,2681,1782217133.9936173,,,
10282,0,svm,max,balanced,cached_mxbai,2682,1782217134.3468807,,,
4182,0,svm,max,balanced,cached_mxbai,2683,1782217134.6995785,,,
1661,0,svm,max,balanced,cached_mxbai,2684,1782217135.0534823,,,
690,0,svm,max,balanced,cached_mxbai,2685,1782217135.4252162,,,
428,0,svm,max,balanced,cached_mxbai,2686,1782217135.776203,,,
10594,1,svm,max,balanced,cached_mxbai,2687,1782217136.1222267,,,
10433,0,svm,max,balanced,cached_mxbai,2688,1782217136.4818242,,,
406,0,svm,max,balanced,cached_mxbai,2689,1782217136.840973,,,
4232,0,svm,max,balanced,cached_mxbai,2690,1782217137.20944,,,
7285,0,svm,max,balanced,cached_mxbai,2691,1782217137.5739908,,,
8193,0,svm,max,balanced,cached_mxbai,2692,1782217137.9361687,,,
1714,0,svm,max,balanced,cached_mxbai,2693,1782217138.2895682,,,
4034,0,svm,max,balanced,cached_mxbai,2694,1782217138.6500657,,,
4143,0,svm,max,balanced,cached_mxbai,2695,1782217139.0165944,,,
4294,0,svm,max,balanced,cached_mxbai,2696,1782217139.3718128,,,
224,0,svm,max,balanced,cached_mxbai,2697,1782217139.7285967,,,
9117,0,svm,max,balanced,cached_mxbai,2698,1782217140.0832865,,,
3417,0,svm,max,balanced,cached_mxbai,2699,1782217140.440392,,,
4200,0,svm,max,balanced,cached_mxbai,2700,1782217140.7989316,,,
4404,0,svm,max,balanced,cached_mxbai,2701,1782217141.15594,,,
75,0,svm,max,balanced,cached_mxbai,2702,1782217141.5154917,,,
8615,0,svm,max,balanced,cached_mxbai,2703,1782217141.8757694,,,
200,0,svm,max,balanced,cached_mxbai,2704,1782217142.231999,,,
7341,0,svm,max,balanced,cached_mxbai,2705,1782217142.5934126,,,
922,0,svm,max,balanced,cached_mxbai,2706,1782217142.9541209,,,
4062,0,svm,max,balanced,cached_mxbai,2707,1782217143.3148756,,,
1592,0,svm,max,balanced,cached_mxbai,2708,1782217143.6755118,,,
10587,0,svm,max,balanced,cached_mxbai,2709,1782217144.0378752,,,
4421,0,svm,max,balanced,cached_mxbai,2710,1782217144.396676,,,
445,0,svm,max,balanced,cached_mxbai,2711,1782217144.7584176,,,
3321,0,svm,max,balanced,cached_mxbai,2712,1782217145.1209123,,,
3686,0,svm,max,balanced,cached_mxbai,2713,1782217145.507976,,,
648,0,svm,max,balanced,cached_mxbai,2714,1782217145.8716223,,,
4158,0,svm,max,balanced,cached_mxbai,2715,1782217146.230447,,,
9822,0,svm,max,balanced,cached_mxbai,2716,1782217146.5971026,,,
10216,0,svm,max,balanced,cached_mxbai,2717,1782217146.9611988,,,
7499,0,svm,max,balanced,cached_mxbai,2718,1782217147.3288805,,,
7590,0,svm,max,balanced,cached_mxbai,2719,1782217147.6909523,,,
1875,0,svm,max,balanced,cached_mxbai,2720,1782217148.0535254,,,
7248,0,svm,max,balanced,cached_mxbai,2721,1782217148.41477,,,
9055,0,svm,max,balanced,cached_mxbai,2722,1782217148.784782,,,
5175,0,svm,max,balanced,cached_mxbai,2723,1782217149.1489048,,,
5758,0,svm,max,balanced,cached_mxbai,2724,1782217149.510101,,,
3246,0,svm,max,balanced,cached_mxbai,2725,1782217149.8756354,,,
4078,0,svm,max,balanced,cached_mxbai,2726,1782217150.2390387,,,
5196,0,svm,max,balanced,cached_mxbai,2727,1782217150.602531,,,
4234,0,svm,max,balanced,cached_mxbai,2728,1782217150.97074,,,
7511,0,svm,max,balanced,cached_mxbai,2729,1782217151.332062,,,
9143,0,svm,max,balanced,cached_mxbai,2730,1782217151.6971228,,,
6774,0,svm,max,balanced,cached_mxbai,2731,1782217152.058534,,,
9048,0,svm,max,balanced,cached_mxbai,2732,1782217152.4177177,,,
4409,0,svm,max,balanced,cached_mxbai,2733,1782217152.7822158,,,
9105,0,svm,max,balanced,cached_mxbai,2734,1782217153.1521218,,,
6363,0,svm,max,balanced,cached_mxbai,2735,1782217153.5141296,,,
4713,0,svm,max,balanced,cached_mxbai,2736,1782217153.8800488,,,
1574,0,svm,max,balanced,cached_mxbai,2737,1782217154.2486734,,,
4159,0,svm,max,balanced,cached_mxbai,2738,1782217154.6226366,,,
4118,0,svm,max,balanced,cached_mxbai,2739,1782217154.991122,,,
3249,0,svm,max,balanced,cached_mxbai,2740,1782217155.383943,,,
5920,0,svm,max,balanced,cached_mxbai,2741,1782217155.7461798,,,
7827,0,svm,max,balanced,cached_mxbai,2742,1782217156.113108,,,
4820,0,svm,max,balanced,cached_mxbai,2743,1782217156.478436,,,
9109,0,svm,max,balanced,cached_mxbai,2744,1782217156.8434882,,,
1711,0,svm,max,balanced,cached_mxbai,2745,1782217157.199312,,,
3845,0,svm,max,balanced,cached_mxbai,2746,1782217157.5596254,,,
8805,0,svm,max,balanced,cached_mxbai,2747,1782217157.920198,,,
120,0,svm,max,balanced,cached_mxbai,2748,1782217158.280544,,,
615,0,svm,max,balanced,cached_mxbai,2749,1782217158.6429133,,,
4346,0,svm,max,balanced,cached_mxbai,2750,1782217159.0127392,,,
5893,0,svm,max,balanced,cached_mxbai,2751,1782217159.372027,,,
10364,0,svm,max,balanced,cached_mxbai,2752,1782217159.7398038,,,
1527,0,svm,max,balanced,cached_mxbai,2753,1782217160.109469,,,
4762,0,svm,max,balanced,cached_mxbai,2754,1782217160.4715362,,,
334,0,svm,max,balanced,cached_mxbai,2755,1782217160.838548,,,
4187,0,svm,max,balanced,cached_mxbai,2756,1782217161.2118466,,,
4842,0,svm,max,balanced,cached_mxbai,2757,1782217161.576598,,,
1085,0,svm,max,balanced,cached_mxbai,2758,1782217161.9454508,,,
3202,0,svm,max,balanced,cached_mxbai,2759,1782217162.3101802,,,
4431,0,svm,max,balanced,cached_mxbai,2760,1782217162.678882,,,
5249,0,svm,max,balanced,cached_mxbai,2761,1782217163.0487576,,,
6509,0,svm,max,balanced,cached_mxbai,2762,1782217163.4301538,,,
3784,0,svm,max,balanced,cached_mxbai,2763,1782217163.794493,,,
785,0,svm,max,balanced,cached_mxbai,2764,1782217164.1603634,,,
5271,0,svm,max,balanced,cached_mxbai,2765,1782217164.5224497,,,
1148,0,svm,max,balanced,cached_mxbai,2766,1782217164.9019167,,,
1375,0,svm,max,balanced,cached_mxbai,2767,1782217165.2949824,,,
10004,0,svm,max,balanced,cached_mxbai,2768,1782217165.6654546,,,
4065,0,svm,max,balanced,cached_mxbai,2769,1782217166.0372534,,,
4535,0,svm,max,balanced,cached_mxbai,2770,1782217166.4070354,,,
1789,0,svm,max,balanced,cached_mxbai,2771,1782217166.7828386,,,
3565,0,svm,max,balanced,cached_mxbai,2772,1782217167.1582723,,,
3268,0,svm,max,balanced,cached_mxbai,2773,1782217167.5300698,,,
2417,0,svm,max,balanced,cached_mxbai,2774,1782217167.9095078,,,
4578,0,svm,max,balanced,cached_mxbai,2775,1782217168.2795405,,,
10516,0,svm,max,balanced,cached_mxbai,2776,1782217168.652495,,,
9314,0,svm,max,balanced,cached_mxbai,2777,1782217169.0401704,,,
4133,0,svm,max,balanced,cached_mxbai,2778,1782217169.4137928,,,
3822,0,svm,max,balanced,cached_mxbai,2779,1782217169.786267,,,
7376,0,svm,max,balanced,cached_mxbai,2780,1782217170.1573954,,,
5949,0,svm,max,balanced,cached_mxbai,2781,1782217170.5282233,,,
10472,0,svm,max,balanced,cached_mxbai,2782,1782217170.9121091,,,
4057,0,svm,max,balanced,cached_mxbai,2783,1782217171.2888687,,,
1361,0,svm,max,balanced,cached_mxbai,2784,1782217171.6606712,,,
6557,0,svm,max,balanced,cached_mxbai,2785,1782217172.0401328,,,
1720,0,svm,max,balanced,cached_mxbai,2786,1782217172.4307678,,,
1632,0,svm,max,balanced,cached_mxbai,2787,1782217172.8052347,,,
6928,0,svm,max,balanced,cached_mxbai,2788,1782217173.1812248,,,
6780,0,svm,max,balanced,cached_mxbai,2789,1782217173.5556245,,,
3513,0,svm,max,balanced,cached_mxbai,2790,1782217173.9332032,,,
9649,0,svm,max,balanced,cached_mxbai,2791,1782217174.3059785,,,
389,0,svm,max,balanced,cached_mxbai,2792,1782217174.6802568,,,
9391,0,svm,max,balanced,cached_mxbai,2793,1782217175.0640576,,,
701,0,svm,max,balanced,cached_mxbai,2794,1782217175.4558108,,,
10466,0,svm,max,balanced,cached_mxbai,2795,1782217175.8298671,,,
1595,0,svm,max,balanced,cached_mxbai,2796,1782217176.207252,,,
4216,0,svm,max,balanced,cached_mxbai,2797,1782217176.5829449,,,
7191,0,svm,max,balanced,cached_mxbai,2798,1782217176.9586394,,,
5978,0,svm,max,balanced,cached_mxbai,2799,1782217177.33333,,,
4724,0,svm,max,balanced,cached_mxbai,2800,1782217177.7062662,,,
4349,0,svm,max,balanced,cached_mxbai,2801,1782217178.0818655,,,
734,0,svm,max,balanced,cached_mxbai,2802,1782217178.458523,,,
10233,0,svm,max,balanced,cached_mxbai,2803,1782217178.8381608,,,
3916,0,svm,max,balanced,cached_mxbai,2804,1782217179.2172139,,,
1310,0,svm,max,balanced,cached_mxbai,2805,1782217179.5954802,,,
1274,0,svm,max,balanced,cached_mxbai,2806,1782217179.9727876,,,
3091,0,svm,max,balanced,cached_mxbai,2807,1782217180.3468323,,,
8085,0,svm,max,balanced,cached_mxbai,2808,1782217180.720888,,,
6041,0,svm,max,balanced,cached_mxbai,2809,1782217181.1005268,,,
3725,0,svm,max,balanced,cached_mxbai,2810,1782217181.4723983,,,
9949,0,svm,max,balanced,cached_mxbai,2811,1782217181.8444748,,,
3839,0,svm,max,balanced,cached_mxbai,2812,1782217182.2152772,,,
6356,0,svm,max,balanced,cached_mxbai,2813,1782217182.591039,,,
8109,0,svm,max,balanced,cached_mxbai,2814,1782217182.9746118,,,
3579,0,svm,max,balanced,cached_mxbai,2815,1782217183.3540869,,,
5183,0,svm,max,balanced,cached_mxbai,2816,1782217183.7316098,,,
4274,0,svm,max,balanced,cached_mxbai,2817,1782217184.1097376,,,
2951,0,svm,max,balanced,cached_mxbai,2818,1782217184.4840362,,,
3537,0,svm,max,balanced,cached_mxbai,2819,1782217184.8595781,,,
9574,0,svm,max,balanced,cached_mxbai,2820,1782217185.2494545,,,
10485,0,svm,max,balanced,cached_mxbai,2821,1782217185.6391273,,,
8475,0,svm,max,balanced,cached_mxbai,2822,1782217186.0212402,,,
5194,0,svm,max,balanced,cached_mxbai,2823,1782217186.3996024,,,
3079,0,svm,max,balanced,cached_mxbai,2824,1782217186.779405,,,
245,0,svm,max,balanced,cached_mxbai,2825,1782217187.1624997,,,
8562,0,svm,max,balanced,cached_mxbai,2826,1782217187.5376937,,,
3996,0,svm,max,balanced,cached_mxbai,2827,1782217187.9177406,,,
4472,0,svm,max,balanced,cached_mxbai,2828,1782217188.2968326,,,
9879,0,svm,max,balanced,cached_mxbai,2829,1782217188.676008,,,
2034,0,svm,max,balanced,cached_mxbai,2830,1782217189.0662448,,,
1422,0,svm,max,balanced,cached_mxbai,2831,1782217189.4467041,,,
1365,0,svm,max,balanced,cached_mxbai,2832,1782217189.8313491,,,
4160,0,svm,max,balanced,cached_mxbai,2833,1782217190.2148519,,,
4317,0,svm,max,balanced,cached_mxbai,2834,1782217190.5954134,,,
4908,0,svm,max,balanced,cached_mxbai,2835,1782217190.9832084,,,
3384,0,svm,max,balanced,cached_mxbai,2836,1782217191.3700027,,,
1100,0,svm,max,balanced,cached_mxbai,2837,1782217191.7513893,,,
5062,0,svm,max,balanced,cached_mxbai,2838,1782217192.1407745,,,
1627,0,svm,max,balanced,cached_mxbai,2839,1782217192.5272052,,,
7617,0,svm,max,balanced,cached_mxbai,2840,1782217192.9187257,,,
4095,0,svm,max,balanced,cached_mxbai,2841,1782217193.3279374,,,
1260,0,svm,max,balanced,cached_mxbai,2842,1782217193.708621,,,
5748,0,svm,max,balanced,cached_mxbai,2843,1782217194.0980506,,,
9141,0,svm,max,balanced,cached_mxbai,2844,1782217194.478176,,,
203,0,svm,max,balanced,cached_mxbai,2845,1782217194.862579,,,
5236,0,svm,max,balanced,cached_mxbai,2846,1782217195.273988,,,
6973,0,svm,max,balanced,cached_mxbai,2847,1782217195.6654994,,,
9823,0,svm,max,balanced,cached_mxbai,2848,1782217196.049249,,,
5951,0,svm,max,balanced,cached_mxbai,2849,1782217196.4347694,,,
3349,0,svm,max,balanced,cached_mxbai,2850,1782217196.8165178,,,
85,0,svm,max,balanced,cached_mxbai,2851,1782217197.2111025,,,
5050,0,svm,max,balanced,cached_mxbai,2852,1782217197.5921984,,,
7052,0,svm,max,balanced,cached_mxbai,2853,1782217197.9881804,,,
8057,0,svm,max,balanced,cached_mxbai,2854,1782217198.372578,,,
5914,0,svm,max,balanced,cached_mxbai,2855,1782217198.7601354,,,
9925,0,svm,max,balanced,cached_mxbai,2856,1782217199.1497958,,,
1458,0,svm,max,balanced,cached_mxbai,2857,1782217199.5291774,,,
5818,0,svm,max,balanced,cached_mxbai,2858,1782217199.9093459,,,
7277,0,svm,max,balanced,cached_mxbai,2859,1782217200.2907739,,,
1121,0,svm,max,balanced,cached_mxbai,2860,1782217200.67409,,,
3815,0,svm,max,balanced,cached_mxbai,2861,1782217201.0624156,,,
9771,0,svm,max,balanced,cached_mxbai,2862,1782217201.4495068,,,
5182,0,svm,max,balanced,cached_mxbai,2863,1782217201.8333771,,,
6717,0,svm,max,balanced,cached_mxbai,2864,1782217202.219738,,,
9712,0,svm,max,balanced,cached_mxbai,2865,1782217202.601851,,,
10584,0,svm,max,balanced,cached_mxbai,2866,1782217202.9835782,,,
9526,0,svm,max,balanced,cached_mxbai,2867,1782217203.3720653,,,
7163,0,svm,max,balanced,cached_mxbai,2868,1782217203.75447,,,
3976,0,svm,max,balanced,cached_mxbai,2869,1782217204.148659,,,
3228,0,svm,max,balanced,cached_mxbai,2870,1782217204.532803,,,
4824,0,svm,max,balanced,cached_mxbai,2871,1782217204.9204879,,,
6287,0,svm,max,balanced,cached_mxbai,2872,1782217205.329546,,,
7476,0,svm,max,balanced,cached_mxbai,2873,1782217205.7124407,,,
5180,0,svm,max,balanced,cached_mxbai,2874,1782217206.1049879,,,
979,0,svm,max,balanced,cached_mxbai,2875,1782217206.4896123,,,
685,0,svm,max,balanced,cached_mxbai,2876,1782217206.8701434,,,
9366,0,svm,max,balanced,cached_mxbai,2877,1782217207.2527096,,,
3755,0,svm,max,balanced,cached_mxbai,2878,1782217207.6379344,,,
5619,0,svm,max,balanced,cached_mxbai,2879,1782217208.0341659,,,
1435,0,svm,max,balanced,cached_mxbai,2880,1782217208.4319527,,,
3505,0,svm,max,balanced,cached_mxbai,2881,1782217208.8378701,,,
9153,0,svm,max,balanced,cached_mxbai,2882,1782217209.240339,,,
9318,0,svm,max,balanced,cached_mxbai,2883,1782217209.6399539,,,
4544,0,svm,max,balanced,cached_mxbai,2884,1782217210.034463,,,
7287,0,svm,max,balanced,cached_mxbai,2885,1782217210.4216566,,,
3968,0,svm,max,balanced,cached_mxbai,2886,1782217210.7976043,,,
4339,0,svm,max,balanced,cached_mxbai,2887,1782217211.1807945,,,
1700,0,svm,max,balanced,cached_mxbai,2888,1782217211.5682867,,,
2072,0,svm,max,balanced,cached_mxbai,2889,1782217211.9519963,,,
5408,0,svm,max,balanced,cached_mxbai,2890,1782217212.3527858,,,
5784,0,svm,max,balanced,cached_mxbai,2891,1782217212.74687,,,
5144,0,svm,max,balanced,cached_mxbai,2892,1782217213.161696,,,
7870,0,svm,max,balanced,cached_mxbai,2893,1782217213.5594928,,,
5266,0,svm,max,balanced,cached_mxbai,2894,1782217213.9542348,,,
1983,0,svm,max,balanced,cached_mxbai,2895,1782217214.344917,,,
10061,0,svm,max,balanced,cached_mxbai,2896,1782217214.732376,,,
616,0,svm,max,balanced,cached_mxbai,2897,1782217215.1291053,,,
9003,0,svm,max,balanced,cached_mxbai,2898,1782217215.5448046,,,
4418,0,svm,max,balanced,cached_mxbai,2899,1782217215.9275413,,,
5514,0,svm,max,balanced,cached_mxbai,2900,1782217216.3301063,,,
4760,0,svm,max,balanced,cached_mxbai,2901,1782217216.724187,,,
5146,0,svm,max,balanced,cached_mxbai,2902,1782217217.1231744,,,
5098,0,svm,max,balanced,cached_mxbai,2903,1782217217.5158572,,,
4113,0,svm,max,balanced,cached_mxbai,2904,1782217217.9036956,,,
4640,0,svm,max,balanced,cached_mxbai,2905,1782217218.2982101,,,
1101,0,svm,max,balanced,cached_mxbai,2906,1782217218.6909876,,,
4250,0,svm,max,balanced,cached_mxbai,2907,1782217219.0890539,,,
5810,0,svm,max,balanced,cached_mxbai,2908,1782217219.480535,,,
1510,0,svm,max,balanced,cached_mxbai,2909,1782217219.8760984,,,
2082,0,svm,max,balanced,cached_mxbai,2910,1782217220.2737422,,,
4872,0,svm,max,balanced,cached_mxbai,2911,1782217220.6677854,,,
7159,0,svm,max,balanced,cached_mxbai,2912,1782217221.0581076,,,
3795,0,svm,max,balanced,cached_mxbai,2913,1782217221.4507527,,,
5432,0,svm,max,balanced,cached_mxbai,2914,1782217221.8499322,,,
8779,0,svm,max,balanced,cached_mxbai,2915,1782217222.2469966,,,
4607,0,svm,max,balanced,cached_mxbai,2916,1782217222.6434898,,,
5370,0,svm,max,balanced,cached_mxbai,2917,1782217223.0369,,,
10183,0,svm,max,balanced,cached_mxbai,2918,1782217223.4477074,,,
5291,0,svm,max,balanced,cached_mxbai,2919,1782217223.8431518,,,
3946,0,svm,max,balanced,cached_mxbai,2920,1782217224.2450225,,,
8936,0,svm,max,balanced,cached_mxbai,2921,1782217224.6393054,,,
4560,0,svm,max,balanced,cached_mxbai,2922,1782217225.044925,,,
5241,0,svm,max,balanced,cached_mxbai,2923,1782217225.4689376,,,
3812,0,svm,max,balanced,cached_mxbai,2924,1782217225.8657777,,,
9592,0,svm,max,balanced,cached_mxbai,2925,1782217226.2742853,,,
8025,0,svm,max,balanced,cached_mxbai,2926,1782217226.6917696,,,
3167,0,svm,max,balanced,cached_mxbai,2927,1782217227.0870013,,,
9777,0,svm,max,balanced,cached_mxbai,2928,1782217227.4836023,,,
1482,0,svm,max,balanced,cached_mxbai,2929,1782217227.8789454,,,
650,0,svm,max,balanced,cached_mxbai,2930,1782217228.2735217,,,
10467,0,svm,max,balanced,cached_mxbai,2931,1782217228.664181,,,
8546,0,svm,max,balanced,cached_mxbai,2932,1782217229.0629091,,,
5054,0,svm,max,balanced,cached_mxbai,2933,1782217229.4596882,,,
207,0,svm,max,balanced,cached_mxbai,2934,1782217229.852989,,,
550,0,svm,max,balanced,cached_mxbai,2935,1782217230.2517204,,,
5907,0,svm,max,balanced,cached_mxbai,2936,1782217230.6488304,,,
7273,0,svm,max,balanced,cached_mxbai,2937,1782217231.057272,,,
4368,0,svm,max,balanced,cached_mxbai,2938,1782217231.454321,,,
2910,0,svm,max,balanced,cached_mxbai,2939,1782217231.8525443,,,
423,1,svm,max,balanced,cached_mxbai,2940,1782217232.2515402,,,
5579,0,svm,max,balanced,cached_mxbai,2941,1782217232.6488028,,,
7346,0,svm,max,balanced,cached_mxbai,2942,1782217233.044407,,,
7815,0,svm,max,balanced,cached_mxbai,2943,1782217233.442097,,,
1044,0,svm,max,balanced,cached_mxbai,2944,1782217233.8388205,,,
2378,0,svm,max,balanced,cached_mxbai,2945,1782217234.2371356,,,
6714,0,svm,max,balanced,cached_mxbai,2946,1782217234.6346924,,,
1740,0,svm,max,balanced,cached_mxbai,2947,1782217235.029088,,,
8269,0,svm,max,balanced,cached_mxbai,2948,1782217235.4520624,,,
5637,0,svm,max,balanced,cached_mxbai,2949,1782217235.8488612,,,
5343,0,svm,max,balanced,cached_mxbai,2950,1782217236.2446203,,,
42,0,svm,max,balanced,cached_mxbai,2951,1782217236.6411352,,,
8040,0,svm,max,balanced,cached_mxbai,2952,1782217237.0379303,,,
2791,0,svm,max,balanced,cached_mxbai,2953,1782217237.4385889,,,
8477,0,svm,max,balanced,cached_mxbai,2954,1782217237.833257,,,
6440,0,svm,max,balanced,cached_mxbai,2955,1782217238.2334292,,,
7865,0,svm,max,balanced,cached_mxbai,2956,1782217238.6343193,,,
10345,0,svm,max,balanced,cached_mxbai,2957,1782217239.037884,,,
2667,0,svm,max,balanced,cached_mxbai,2958,1782217239.4384825,,,
5490,0,svm,max,balanced,cached_mxbai,2959,1782217239.8386352,,,
1404,0,svm,max,balanced,cached_mxbai,2960,1782217240.2389574,,,
4357,0,svm,max,balanced,cached_mxbai,2961,1782217240.64031,,,
2743,0,svm,max,balanced,cached_mxbai,2962,1782217241.036878,,,
1463,0,svm,max,balanced,cached_mxbai,2963,1782217241.4390543,,,
2531,0,svm,max,balanced,cached_mxbai,2964,1782217241.8392591,,,
4235,0,svm,max,balanced,cached_mxbai,2965,1782217242.2416654,,,
5828,0,svm,max,balanced,cached_mxbai,2966,1782217242.6456873,,,
6371,0,svm,max,balanced,cached_mxbai,2967,1782217243.04443,,,
5923,0,svm,max,balanced,cached_mxbai,2968,1782217243.44891,,,
1686,0,svm,max,balanced,cached_mxbai,2969,1782217243.8464956,,,
5752,0,svm,max,balanced,cached_mxbai,2970,1782217244.246949,,,
732,0,svm,max,balanced,cached_mxbai,2971,1782217244.654818,,,
1544,0,svm,max,balanced,cached_mxbai,2972,1782217245.0636027,,,
7670,0,svm,max,balanced,cached_mxbai,2973,1782217245.4923415,,,
237,0,svm,max,balanced,cached_mxbai,2974,1782217245.8935502,,,
4081,0,svm,max,balanced,cached_mxbai,2975,1782217246.2955668,,,
3727,0,svm,max,balanced,cached_mxbai,2976,1782217246.6980083,,,
8284,0,svm,max,balanced,cached_mxbai,2977,1782217247.095391,,,
9821,0,svm,max,balanced,cached_mxbai,2978,1782217247.4937692,,,
5350,0,svm,max,balanced,cached_mxbai,2979,1782217247.8899333,,,
87,0,svm,max,balanced,cached_mxbai,2980,1782217248.2912698,,,
454,0,svm,max,balanced,cached_mxbai,2981,1782217248.6991184,,,
712,0,svm,max,balanced,cached_mxbai,2982,1782217249.0947301,,,
4110,0,svm,max,balanced,cached_mxbai,2983,1782217249.487685,,,
6695,0,svm,max,balanced,cached_mxbai,2984,1782217249.8805013,,,
3992,0,svm,max,balanced,cached_mxbai,2985,1782217250.2773075,,,
3897,0,svm,max,balanced,cached_mxbai,2986,1782217250.6772661,,,
1046,0,svm,max,balanced,cached_mxbai,2987,1782217251.0792468,,,
6442,0,svm,max,balanced,cached_mxbai,2988,1782217251.485541,,,
3366,0,svm,max,balanced,cached_mxbai,2989,1782217251.884333,,,
4023,0,svm,max,balanced,cached_mxbai,2990,1782217252.286263,,,
9002,0,svm,max,balanced,cached_mxbai,2991,1782217252.6901555,,,
3999,0,svm,max,balanced,cached_mxbai,2992,1782217253.0906503,,,
6086,0,svm,max,balanced,cached_mxbai,2993,1782217253.4920452,,,
3601,0,svm,max,balanced,cached_mxbai,2994,1782217253.8917158,,,
8098,0,svm,max,balanced,cached_mxbai,2995,1782217254.295594,,,
10376,0,svm,max,balanced,cached_mxbai,2996,1782217254.7014117,,,
4356,0,svm,max,balanced,cached_mxbai,2997,1782217255.1045768,,,
5247,0,svm,max,balanced,cached_mxbai,2998,1782217255.5347412,,,
4938,0,svm,max,balanced,cached_mxbai,2999,1782217255.9442086,,,
179,0,svm,max,balanced,cached_mxbai,3000,1782217256.3559408,,,
2500,0,svm,max,balanced,cached_mxbai,3001,1782217256.7679524,,,
446,0,svm,max,balanced,cached_mxbai,3002,1782217257.1885085,,,
2507,0,svm,max,balanced,cached_mxbai,3003,1782217257.601476,,,
1196,0,svm,max,balanced,cached_mxbai,3004,1782217258.0056236,,,
3610,0,svm,max,balanced,cached_mxbai,3005,1782217258.4166536,,,
3466,0,svm,max,balanced,cached_mxbai,3006,1782217258.8345609,,,
8617,0,svm,max,balanced,cached_mxbai,3007,1782217259.2441537,,,
3481,0,svm,max,balanced,cached_mxbai,3008,1782217259.65378,,,
9610,0,svm,max,balanced,cached_mxbai,3009,1782217260.0602207,,,
6650,0,svm,max,balanced,cached_mxbai,3010,1782217260.4685452,,,
1677,0,svm,max,balanced,cached_mxbai,3011,1782217260.8768404,,,
4145,0,svm,max,balanced,cached_mxbai,3012,1782217261.2804673,,,
2978,0,svm,max,balanced,cached_mxbai,3013,1782217261.6860235,,,
1765,0,svm,max,balanced,cached_mxbai,3014,1782217262.0930376,,,
175,0,svm,max,balanced,cached_mxbai,3015,1782217262.5001383,,,
9890,0,svm,max,balanced,cached_mxbai,3016,1782217262.9075367,,,
7763,0,svm,max,balanced,cached_mxbai,3017,1782217263.3172684,,,
3134,0,svm,max,balanced,cached_mxbai,3018,1782217263.7260349,,,
9790,0,svm,max,balanced,cached_mxbai,3019,1782217264.146382,,,
4089,0,svm,max,balanced,cached_mxbai,3020,1782217264.5586095,,,
638,0,svm,max,balanced,cached_mxbai,3021,1782217264.968183,,,
9241,0,svm,max,balanced,cached_mxbai,3022,1782217265.3950036,,,
9886,0,svm,max,balanced,cached_mxbai,3023,1782217265.799608,,,
9825,0,svm,max,balanced,cached_mxbai,3024,1782217266.2066245,,,
1736,0,svm,max,balanced,cached_mxbai,3025,1782217266.6161585,,,
8648,0,svm,max,balanced,cached_mxbai,3026,1782217267.0221944,,,
6979,0,svm,max,balanced,cached_mxbai,3027,1782217267.4359121,,,
3861,0,svm,max,balanced,cached_mxbai,3028,1782217267.8430874,,,
1988,0,svm,max,balanced,cached_mxbai,3029,1782217268.2517118,,,
1861,0,svm,max,balanced,cached_mxbai,3030,1782217268.6622858,,,
5921,0,svm,max,balanced,cached_mxbai,3031,1782217269.0755043,,,
943,0,svm,max,balanced,cached_mxbai,3032,1782217269.4847488,,,
4002,0,svm,max,balanced,cached_mxbai,3033,1782217269.8949656,,,
3180,0,svm,max,balanced,cached_mxbai,3034,1782217270.3029156,,,
8814,0,svm,max,balanced,cached_mxbai,3035,1782217270.7116594,,,
3575,0,svm,max,balanced,cached_mxbai,3036,1782217271.1176133,,,
6236,0,svm,max,balanced,cached_mxbai,3037,1782217271.5271025,,,
9541,0,svm,max,balanced,cached_mxbai,3038,1782217271.9332936,,,
10222,0,svm,max,balanced,cached_mxbai,3039,1782217272.3431413,,,
4658,0,svm,max,balanced,cached_mxbai,3040,1782217272.7537346,,,
931,0,svm,max,balanced,cached_mxbai,3041,1782217273.1602201,,,
9687,0,svm,max,balanced,cached_mxbai,3042,1782217273.5701866,,,
7275,0,svm,max,balanced,cached_mxbai,3043,1782217273.9802525,,,
8943,0,svm,max,balanced,cached_mxbai,3044,1782217274.3900867,,,
3970,0,svm,max,balanced,cached_mxbai,3045,1782217274.7925482,,,
1886,0,svm,max,balanced,cached_mxbai,3046,1782217275.2002103,,,
6313,0,svm,max,balanced,cached_mxbai,3047,1782217275.6231346,,,
3421,0,svm,max,balanced,cached_mxbai,3048,1782217276.0245929,,,
9103,0,svm,max,balanced,cached_mxbai,3049,1782217276.4277716,,,
3826,0,svm,max,balanced,cached_mxbai,3050,1782217276.832064,,,
2818,0,svm,max,balanced,cached_mxbai,3051,1782217277.2328455,,,
2487,0,svm,max,balanced,cached_mxbai,3052,1782217277.635838,,,
3046,0,svm,max,balanced,cached_mxbai,3053,1782217278.0377185,,,
10585,0,svm,max,balanced,cached_mxbai,3054,1782217278.443877,,,
7913,0,svm,max,balanced,cached_mxbai,3055,1782217278.848848,,,
9358,0,svm,max,balanced,cached_mxbai,3056,1782217279.2540493,,,
3738,0,svm,max,balanced,cached_mxbai,3057,1782217279.6589794,,,
7322,0,svm,max,balanced,cached_mxbai,3058,1782217280.0737646,,,
7615,0,svm,max,balanced,cached_mxbai,3059,1782217280.4863324,,,
5479,0,svm,max,balanced,cached_mxbai,3060,1782217280.8966746,,,
6009,0,svm,max,balanced,cached_mxbai,3061,1782217281.3116114,,,
1800,0,svm,max,balanced,cached_mxbai,3062,1782217281.720957,,,
4758,0,svm,max,balanced,cached_mxbai,3063,1782217282.134653,,,
4980,0,svm,max,balanced,cached_mxbai,3064,1782217282.544087,,,
4942,0,svm,max,balanced,cached_mxbai,3065,1782217282.9592788,,,
150,0,svm,max,balanced,cached_mxbai,3066,1782217283.3881967,,,
8645,0,svm,max,balanced,cached_mxbai,3067,1782217283.816618,,,
6382,0,svm,max,balanced,cached_mxbai,3068,1782217284.2595427,,,
5075,0,svm,max,balanced,cached_mxbai,3069,1782217284.6642861,,,
9049,0,svm,max,balanced,cached_mxbai,3070,1782217285.073892,,,
9873,0,svm,max,balanced,cached_mxbai,3071,1782217285.501404,,,
1763,0,svm,max,balanced,cached_mxbai,3072,1782217285.9125845,,,
3853,0,svm,max,balanced,cached_mxbai,3073,1782217286.3209088,,,
3760,0,svm,max,balanced,cached_mxbai,3074,1782217286.72998,,,
3868,0,svm,max,balanced,cached_mxbai,3075,1782217287.1370614,,,
5206,0,svm,max,balanced,cached_mxbai,3076,1782217287.5475197,,,
4580,0,svm,max,balanced,cached_mxbai,3077,1782217287.9605892,,,
3411,0,svm,max,balanced,cached_mxbai,3078,1782217288.3739805,,,
89,0,svm,max,balanced,cached_mxbai,3079,1782217288.7873833,,,
4039,0,svm,max,balanced,cached_mxbai,3080,1782217289.2020023,,,
1672,0,svm,max,balanced,cached_mxbai,3081,1782217289.6141315,,,
5149,0,svm,max,balanced,cached_mxbai,3082,1782217290.0226505,,,
31,0,svm,max,balanced,cached_mxbai,3083,1782217290.4266517,,,
9306,0,svm,max,balanced,cached_mxbai,3084,1782217290.837084,,,
3758,0,svm,max,balanced,cached_mxbai,3085,1782217291.2507348,,,
8152,0,svm,max,balanced,cached_mxbai,3086,1782217291.6625116,,,
10453,0,svm,max,balanced,cached_mxbai,3087,1782217292.0728576,,,
8174,0,svm,max,balanced,cached_mxbai,3088,1782217292.4845414,,,
9656,0,svm,max,balanced,cached_mxbai,3089,1782217292.8961978,,,
5843,0,svm,max,balanced,cached_mxbai,3090,1782217293.3088791,,,
4443,0,svm,max,balanced,cached_mxbai,3091,1782217293.7189717,,,
4432,0,svm,max,balanced,cached_mxbai,3092,1782217294.1333146,,,
2276,0,svm,max,balanced,cached_mxbai,3093,1782217294.5401657,,,
3599,0,svm,max,balanced,cached_mxbai,3094,1782217294.9451518,,,
3310,0,svm,max,balanced,cached_mxbai,3095,1782217295.3755925,,,
4478,0,svm,max,balanced,cached_mxbai,3096,1782217295.7866929,,,
4340,0,svm,max,balanced,cached_mxbai,3097,1782217296.1955125,,,
1508,0,svm,max,balanced,cached_mxbai,3098,1782217296.6056166,,,
4678,0,svm,max,balanced,cached_mxbai,3099,1782217297.0323224,,,
3751,0,svm,max,balanced,cached_mxbai,3100,1782217297.458438,,,
82,0,svm,max,balanced,cached_mxbai,3101,1782217297.863904,,,
10032,0,svm,max,balanced,cached_mxbai,3102,1782217298.2885392,,,
8288,0,svm,max,balanced,cached_mxbai,3103,1782217298.6928592,,,
7156,0,svm,max,balanced,cached_mxbai,3104,1782217299.1067476,,,
343,0,svm,max,balanced,cached_mxbai,3105,1782217299.5136201,,,
5384,0,svm,max,balanced,cached_mxbai,3106,1782217299.9268613,,,
8931,0,svm,max,balanced,cached_mxbai,3107,1782217300.3394344,,,
605,0,svm,max,balanced,cached_mxbai,3108,1782217300.7469158,,,
3465,0,svm,max,balanced,cached_mxbai,3109,1782217301.1526022,,,
879,0,svm,max,balanced,cached_mxbai,3110,1782217301.563626,,,
4993,0,svm,max,balanced,cached_mxbai,3111,1782217301.9704843,,,
7671,0,svm,max,balanced,cached_mxbai,3112,1782217302.384522,,,
2379,0,svm,max,balanced,cached_mxbai,3113,1782217302.793113,,,
2321,0,svm,max,balanced,cached_mxbai,3114,1782217303.2095892,,,
3103,0,svm,max,balanced,cached_mxbai,3115,1782217303.6222105,,,
9903,0,svm,max,balanced,cached_mxbai,3116,1782217304.03233,,,
7937,0,svm,max,balanced,cached_mxbai,3117,1782217304.4718685,,,
4579,0,svm,max,balanced,cached_mxbai,3118,1782217304.8914096,,,
4125,0,svm,max,balanced,cached_mxbai,3119,1782217305.3281348,,,
9463,0,svm,max,balanced,cached_mxbai,3120,1782217305.7472298,,,
4254,0,svm,max,balanced,cached_mxbai,3121,1782217306.1576428,,,
1007,0,svm,max,balanced,cached_mxbai,3122,1782217306.5698898,,,
8090,0,svm,max,balanced,cached_mxbai,3123,1782217306.9832137,,,
5849,0,svm,max,balanced,cached_mxbai,3124,1782217307.39223,,,
7677,0,svm,max,balanced,cached_mxbai,3125,1782217307.8020053,,,
5688,0,svm,max,balanced,cached_mxbai,3126,1782217308.2136889,,,
8859,0,svm,max,balanced,cached_mxbai,3127,1782217308.626281,,,
9546,0,svm,max,balanced,cached_mxbai,3128,1782217309.0494382,,,
894,0,svm,max,balanced,cached_mxbai,3129,1782217309.4626038,,,
9983,0,svm,max,balanced,cached_mxbai,3130,1782217309.8725061,,,
4776,0,svm,max,balanced,cached_mxbai,3131,1782217310.2857687,,,
6218,0,svm,max,balanced,cached_mxbai,3132,1782217310.699225,,,
2646,0,svm,max,balanced,cached_mxbai,3133,1782217311.1123714,,,
9587,0,svm,max,balanced,cached_mxbai,3134,1782217311.526429,,,
555,0,svm,max,balanced,cached_mxbai,3135,1782217311.9423645,,,
6855,0,svm,max,balanced,cached_mxbai,3136,1782217312.3585896,,,
1545,0,svm,max,balanced,cached_mxbai,3137,1782217312.7711108,,,
6715,0,svm,max,balanced,cached_mxbai,3138,1782217313.1849737,,,
4556,0,svm,max,balanced,cached_mxbai,3139,1782217313.6088026,,,
8161,0,svm,max,balanced,cached_mxbai,3140,1782217314.0341623,,,
3746,0,svm,max,balanced,cached_mxbai,3141,1782217314.463009,,,
5261,0,svm,max,balanced,cached_mxbai,3142,1782217314.887247,,,
3546,0,svm,max,balanced,cached_mxbai,3143,1782217315.3312666,,,
1399,0,svm,max,balanced,cached_mxbai,3144,1782217315.7603912,,,
7326,0,svm,max,balanced,cached_mxbai,3145,1782217316.1841261,,,
3128,0,svm,max,balanced,cached_mxbai,3146,1782217316.611354,,,
4819,0,svm,max,balanced,cached_mxbai,3147,1782217317.034088,,,
1503,0,svm,max,balanced,cached_mxbai,3148,1782217317.4672952,,,
7698,0,svm,max,balanced,cached_mxbai,3149,1782217317.8877826,,,
5390,0,svm,max,balanced,cached_mxbai,3150,1782217318.3107128,,,
3525,0,svm,max,balanced,cached_mxbai,3151,1782217318.7306259,,,
6689,0,svm,max,balanced,cached_mxbai,3152,1782217319.1545916,,,
7731,0,svm,max,balanced,cached_mxbai,3153,1782217319.5808306,,,
2332,0,svm,max,balanced,cached_mxbai,3154,1782217320.0076368,,,
9668,0,svm,max,balanced,cached_mxbai,3155,1782217320.4358897,,,
40,0,svm,max,balanced,cached_mxbai,3156,1782217320.8628216,,,
1940,0,svm,max,balanced,cached_mxbai,3157,1782217321.2911322,,,
4385,0,svm,max,balanced,cached_mxbai,3158,1782217321.7140586,,,
8856,0,svm,max,balanced,cached_mxbai,3159,1782217322.1396494,,,
6474,0,svm,max,balanced,cached_mxbai,3160,1782217322.5669413,,,
10163,0,svm,max,balanced,cached_mxbai,3161,1782217323.011159,,,
4321,0,svm,max,balanced,cached_mxbai,3162,1782217323.4386144,,,
7692,0,svm,max,balanced,cached_mxbai,3163,1782217323.862603,,,
7419,0,svm,max,balanced,cached_mxbai,3164,1782217324.288345,,,
7991,0,svm,max,balanced,cached_mxbai,3165,1782217324.702885,,,
5640,0,svm,max,balanced,cached_mxbai,3166,1782217325.1222403,,,
4639,0,svm,max,balanced,cached_mxbai,3167,1782217325.5626624,,,
6698,0,svm,max,balanced,cached_mxbai,3168,1782217325.97657,,,
4408,0,svm,max,balanced,cached_mxbai,3169,1782217326.39558,,,
1757,0,svm,max,balanced,cached_mxbai,3170,1782217326.8114429,,,
3739,0,svm,max,balanced,cached_mxbai,3171,1782217327.233422,,,
416,0,svm,max,balanced,cached_mxbai,3172,1782217327.653226,,,
2567,0,svm,max,balanced,cached_mxbai,3173,1782217328.0699904,,,
151,0,svm,max,balanced,cached_mxbai,3174,1782217328.4908285,,,
6144,0,svm,max,balanced,cached_mxbai,3175,1782217328.9108548,,,
5004,0,svm,max,balanced,cached_mxbai,3176,1782217329.3301375,,,
1551,0,svm,max,balanced,cached_mxbai,3177,1782217329.7436137,,,
5431,0,svm,max,balanced,cached_mxbai,3178,1782217330.1720746,,,
100,0,svm,max,balanced,cached_mxbai,3179,1782217330.5945172,,,
7650,0,svm,max,balanced,cached_mxbai,3180,1782217331.0107024,,,
3636,0,svm,max,balanced,cached_mxbai,3181,1782217331.4365046,,,
3105,0,svm,max,balanced,cached_mxbai,3182,1782217331.8595781,,,
10198,0,svm,max,balanced,cached_mxbai,3183,1782217332.2817852,,,
9700,0,svm,max,balanced,cached_mxbai,3184,1782217332.7035754,,,
1273,0,svm,max,balanced,cached_mxbai,3185,1782217333.128348,,,
4583,0,svm,max,balanced,cached_mxbai,3186,1782217333.5566006,,,
6081,0,svm,max,balanced,cached_mxbai,3187,1782217333.9781017,,,
9858,0,svm,max,balanced,cached_mxbai,3188,1782217334.4042056,,,
8414,0,svm,max,balanced,cached_mxbai,3189,1782217334.8257756,,,
3990,0,svm,max,balanced,cached_mxbai,3190,1782217335.264631,,,
4848,0,svm,max,balanced,cached_mxbai,3191,1782217335.6925416,,,
8207,0,svm,max,balanced,cached_mxbai,3192,1782217336.1147223,,,
10269,0,svm,max,balanced,cached_mxbai,3193,1782217336.5397012,,,
5127,0,svm,max,balanced,cached_mxbai,3194,1782217336.9593666,,,
3365,0,svm,max,balanced,cached_mxbai,3195,1782217337.3798034,,,
7674,0,svm,max,balanced,cached_mxbai,3196,1782217337.7985451,,,
1924,0,svm,max,balanced,cached_mxbai,3197,1782217338.2145562,,,
5540,0,svm,max,balanced,cached_mxbai,3198,1782217338.6385825,,,
3051,0,svm,max,balanced,cached_mxbai,3199,1782217339.0638657,,,
4178,0,svm,max,balanced,cached_mxbai,3200,1782217339.4894028,,,
3348,0,svm,max,balanced,cached_mxbai,3201,1782217339.9104936,,,
4802,0,svm,max,balanced,cached_mxbai,3202,1782217340.3321152,,,
7449,0,svm,max,balanced,cached_mxbai,3203,1782217340.7489595,,,
3681,0,svm,max,balanced,cached_mxbai,3204,1782217341.1638646,,,
4904,0,svm,max,balanced,cached_mxbai,3205,1782217341.5884132,,,
8173,0,svm,max,balanced,cached_mxbai,3206,1782217342.007944,,,
6584,0,svm,max,balanced,cached_mxbai,3207,1782217342.4349086,,,
949,0,svm,max,balanced,cached_mxbai,3208,1782217342.8593142,,,
8715,0,svm,max,balanced,cached_mxbai,3209,1782217343.2812135,,,
673,0,svm,max,balanced,cached_mxbai,3210,1782217343.7009728,,,
6373,0,svm,max,balanced,cached_mxbai,3211,1782217344.1194189,,,
162,0,svm,max,balanced,cached_mxbai,3212,1782217344.5440297,,,
2197,0,svm,max,balanced,cached_mxbai,3213,1782217344.9668314,,,
337,0,svm,max,balanced,cached_mxbai,3214,1782217345.4222898,,,
7783,0,svm,max,balanced,cached_mxbai,3215,1782217345.896171,,,
8409,0,svm,max,balanced,cached_mxbai,3216,1782217346.3672576,,,
1187,0,svm,max,balanced,cached_mxbai,3217,1782217346.8414164,,,
3258,0,svm,max,balanced,cached_mxbai,3218,1782217347.3114855,,,
5546,0,svm,max,balanced,cached_mxbai,3219,1782217347.7875047,,,
6052,0,svm,max,balanced,cached_mxbai,3220,1782217348.204725,,,
3964,0,svm,max,balanced,cached_mxbai,3221,1782217348.6300375,,,
4833,0,svm,max,balanced,cached_mxbai,3222,1782217349.1131902,,,
8287,0,svm,max,balanced,cached_mxbai,3223,1782217349.5361414,,,
7608,0,svm,max,balanced,cached_mxbai,3224,1782217350.0090294,,,
7532,0,svm,max,balanced,cached_mxbai,3225,1782217350.4306846,,,
6939,0,svm,max,balanced,cached_mxbai,3226,1782217350.8511922,,,
5730,0,svm,max,balanced,cached_mxbai,3227,1782217351.2730136,,,
1331,0,svm,max,balanced,cached_mxbai,3228,1782217351.6979115,,,
3896,0,svm,max,balanced,cached_mxbai,3229,1782217352.17854,,,
128,0,svm,max,balanced,cached_mxbai,3230,1782217352.657965,,,
1137,0,svm,max,balanced,cached_mxbai,3231,1782217353.1349092,,,
7533,0,svm,max,balanced,cached_mxbai,3232,1782217353.5574381,,,
8181,0,svm,max,balanced,cached_mxbai,3233,1782217354.0300605,,,
2700,0,svm,max,balanced,cached_mxbai,3234,1782217354.4515944,,,
4940,0,svm,max,balanced,cached_mxbai,3235,1782217354.876423,,,
5073,0,svm,max,balanced,cached_mxbai,3236,1782217355.3162477,,,
198,0,svm,max,balanced,cached_mxbai,3237,1782217355.7448502,,,
4401,0,svm,max,balanced,cached_mxbai,3238,1782217356.2228854,,,
3172,0,svm,max,balanced,cached_mxbai,3239,1782217356.7001438,,,
5889,0,svm,max,balanced,cached_mxbai,3240,1782217357.125338,,,
3437,0,svm,max,balanced,cached_mxbai,3241,1782217357.5506883,,,
5101,0,svm,max,balanced,cached_mxbai,3242,1782217357.973272,,,
2587,0,svm,max,balanced,cached_mxbai,3243,1782217358.396741,,,
956,0,svm,max,balanced,cached_mxbai,3244,1782217358.8312583,,,
4794,0,svm,max,balanced,cached_mxbai,3245,1782217359.2604172,,,
7886,0,svm,max,balanced,cached_mxbai,3246,1782217359.6902332,,,
3567,0,svm,max,balanced,cached_mxbai,3247,1782217360.1172209,,,
4405,0,svm,max,balanced,cached_mxbai,3248,1782217360.5479124,,,
5545,0,svm,max,balanced,cached_mxbai,3249,1782217360.9769382,,,
7807,0,svm,max,balanced,cached_mxbai,3250,1782217361.402491,,,
7472,0,svm,max,balanced,cached_mxbai,3251,1782217361.8367229,,,
797,0,svm,max,balanced,cached_mxbai,3252,1782217362.2638662,,,
3149,0,svm,max,balanced,cached_mxbai,3253,1782217362.6918144,,,
2766,0,svm,max,balanced,cached_mxbai,3254,1782217363.1306412,,,
3910,0,svm,max,balanced,cached_mxbai,3255,1782217363.5671186,,,
5993,0,svm,max,balanced,cached_mxbai,3256,1782217363.9904144,,,
8565,0,svm,max,balanced,cached_mxbai,3257,1782217364.4198773,,,
8264,0,svm,max,balanced,cached_mxbai,3258,1782217364.8642604,,,
7429,0,svm,max,balanced,cached_mxbai,3259,1782217365.3218818,,,
4780,0,svm,max,balanced,cached_mxbai,3260,1782217365.7684104,,,
7696,0,svm,max,balanced,cached_mxbai,3261,1782217366.2114859,,,
5162,0,svm,max,balanced,cached_mxbai,3262,1782217366.6517227,,,
7437,0,svm,max,balanced,cached_mxbai,3263,1782217367.0932713,,,
6252,0,svm,max,balanced,cached_mxbai,3264,1782217367.529558,,,
3678,0,svm,max,balanced,cached_mxbai,3265,1782217367.9641104,,,
2569,0,svm,max,balanced,cached_mxbai,3266,1782217368.3937807,,,
8568,0,svm,max,balanced,cached_mxbai,3267,1782217368.830651,,,
3113,0,svm,max,balanced,cached_mxbai,3268,1782217369.257241,,,
794,0,svm,max,balanced,cached_mxbai,3269,1782217369.6923792,,,
6586,0,svm,max,balanced,cached_mxbai,3270,1782217370.128276,,,
9053,0,svm,max,balanced,cached_mxbai,3271,1782217370.564167,,,
5109,0,svm,max,balanced,cached_mxbai,3272,1782217370.9996123,,,
4084,0,svm,max,balanced,cached_mxbai,3273,1782217371.4320133,,,
4897,0,svm,max,balanced,cached_mxbai,3274,1782217371.873208,,,
936,0,svm,max,balanced,cached_mxbai,3275,1782217372.3049524,,,
4174,0,svm,max,balanced,cached_mxbai,3276,1782217372.7383149,,,
9555,0,svm,max,balanced,cached_mxbai,3277,1782217373.1712153,,,
8482,0,svm,max,balanced,cached_mxbai,3278,1782217373.6055274,,,
8051,0,svm,max,balanced,cached_mxbai,3279,1782217374.0896666,,,
7621,0,svm,max,balanced,cached_mxbai,3280,1782217374.5772104,,,
3275,0,svm,max,balanced,cached_mxbai,3281,1782217375.0707366,,,
6927,0,svm,max,balanced,cached_mxbai,3282,1782217375.5718896,,,
6578,0,svm,max,balanced,cached_mxbai,3283,1782217376.0573087,,,
4656,0,svm,max,balanced,cached_mxbai,3284,1782217376.540176,,,
8203,0,svm,max,balanced,cached_mxbai,3285,1782217377.0276814,,,
1618,0,svm,max,balanced,cached_mxbai,3286,1782217377.5169096,,,
1673,0,svm,max,balanced,cached_mxbai,3287,1782217378.00531,,,
4695,0,svm,max,balanced,cached_mxbai,3288,1782217378.488706,,,
10199,0,svm,max,balanced,cached_mxbai,3289,1782217378.9816964,,,
3473,0,svm,max,balanced,cached_mxbai,3290,1782217379.4102266,,,
2872,0,svm,max,balanced,cached_mxbai,3291,1782217379.843363,,,
2203,0,svm,max,balanced,cached_mxbai,3292,1782217380.2712643,,,
6737,0,svm,max,balanced,cached_mxbai,3293,1782217380.7027333,,,
4835,0,svm,max,balanced,cached_mxbai,3294,1782217381.1331966,,,
155,0,svm,max,balanced,cached_mxbai,3295,1782217381.5730152,,,
3522,0,svm,max,balanced,cached_mxbai,3296,1782217382.0150466,,,
2917,0,svm,max,balanced,cached_mxbai,3297,1782217382.4520338,,,
4263,0,svm,max,balanced,cached_mxbai,3298,1782217382.8930197,,,
9863,0,svm,max,balanced,cached_mxbai,3299,1782217383.3279486,,,
7386,0,svm,max,balanced,cached_mxbai,3300,1782217383.7619011,,,
7042,0,svm,max,balanced,cached_mxbai,3301,1782217384.1975715,,,
2414,0,svm,max,balanced,cached_mxbai,3302,1782217384.644941,,,
8818,0,svm,max,balanced,cached_mxbai,3303,1782217385.0953062,,,
7788,0,svm,max,balanced,cached_mxbai,3304,1782217385.5613847,,,
230,0,svm,max,balanced,cached_mxbai,3305,1782217386.0082347,,,
4603,0,svm,max,balanced,cached_mxbai,3306,1782217386.4464576,,,
9427,0,svm,max,balanced,cached_mxbai,3307,1782217386.8950808,,,
6348,0,svm,max,balanced,cached_mxbai,3308,1782217387.343315,,,
112,0,svm,max,balanced,cached_mxbai,3309,1782217387.7941735,,,
3719,0,svm,max,balanced,cached_mxbai,3310,1782217388.2357106,,,
1515,0,svm,max,balanced,cached_mxbai,3311,1782217388.6789923,,,
2270,0,svm,max,balanced,cached_mxbai,3312,1782217389.1321068,,,
354,0,svm,max,balanced,cached_mxbai,3313,1782217389.5795932,,,
3453,0,svm,max,balanced,cached_mxbai,3314,1782217390.028166,,,
4864,0,svm,max,balanced,cached_mxbai,3315,1782217390.464026,,,
7936,0,svm,max,balanced,cached_mxbai,3316,1782217390.9127095,,,
2028,0,svm,max,balanced,cached_mxbai,3317,1782217391.3600123,,,
3706,0,svm,max,balanced,cached_mxbai,3318,1782217391.811668,,,
630,0,svm,max,balanced,cached_mxbai,3319,1782217392.2661004,,,
7436,0,svm,max,balanced,cached_mxbai,3320,1782217392.7167535,,,
5118,0,svm,max,balanced,cached_mxbai,3321,1782217393.1710346,,,
5878,0,svm,max,balanced,cached_mxbai,3322,1782217393.6195397,,,
4998,0,svm,max,balanced,cached_mxbai,3323,1782217394.0727665,,,
4512,0,svm,max,balanced,cached_mxbai,3324,1782217394.5215604,,,
6666,0,svm,max,balanced,cached_mxbai,3325,1782217394.9721348,,,
1701,0,svm,max,balanced,cached_mxbai,3326,1782217395.4548326,,,
2855,0,svm,max,balanced,cached_mxbai,3327,1782217395.9129612,,,
2250,0,svm,max,balanced,cached_mxbai,3328,1782217396.3696074,,,
3621,0,svm,max,balanced,cached_mxbai,3329,1782217396.8247128,,,
4071,0,svm,max,balanced,cached_mxbai,3330,1782217397.2722557,,,
4623,0,svm,max,balanced,cached_mxbai,3331,1782217397.7207024,,,
6405,0,svm,max,balanced,cached_mxbai,3332,1782217398.1735406,,,
4433,0,svm,max,balanced,cached_mxbai,3333,1782217398.6328197,,,
4934,0,svm,max,balanced,cached_mxbai,3334,1782217399.0991874,,,
618,0,svm,max,balanced,cached_mxbai,3335,1782217399.5566254,,,
411,0,svm,max,balanced,cached_mxbai,3336,1782217400.0125213,,,
601,0,svm,max,balanced,cached_mxbai,3337,1782217400.4601882,,,
4146,0,svm,max,balanced,cached_mxbai,3338,1782217400.9176357,,,
830,0,svm,max,balanced,cached_mxbai,3339,1782217401.372623,,,
441,0,svm,max,balanced,cached_mxbai,3340,1782217401.827305,,,
4005,0,svm,max,balanced,cached_mxbai,3341,1782217402.2802467,,,
7015,0,svm,max,balanced,cached_mxbai,3342,1782217402.7361813,,,
1091,0,svm,max,balanced,cached_mxbai,3343,1782217403.199168,,,
8773,0,svm,max,balanced,cached_mxbai,3344,1782217403.6579492,,,
4739,0,svm,max,balanced,cached_mxbai,3345,1782217404.1125932,,,
7224,0,svm,max,balanced,cached_mxbai,3346,1782217404.5662196,,,
9179,0,svm,max,balanced,cached_mxbai,3347,1782217405.0275614,,,
9163,0,svm,max,balanced,cached_mxbai,3348,1782217405.5135152,,,
7316,0,svm,max,balanced,cached_mxbai,3349,1782217405.9593723,,,
8576,0,svm,max,balanced,cached_mxbai,3350,1782217406.4045208,,,
5892,0,svm,max,balanced,cached_mxbai,3351,1782217406.8510764,,,
8406,0,svm,max,balanced,cached_mxbai,3352,1782217407.302837,,,
9373,0,svm,max,balanced,cached_mxbai,3353,1782217407.760228,,,
4777,0,svm,max,balanced,cached_mxbai,3354,1782217408.2159212,,,
7004,0,svm,max,balanced,cached_mxbai,3355,1782217408.6643775,,,
1340,0,svm,max,balanced,cached_mxbai,3356,1782217409.1242862,,,
7234,0,svm,max,balanced,cached_mxbai,3357,1782217409.577759,,,
3860,0,svm,max,balanced,cached_mxbai,3358,1782217410.036785,,,
8327,0,svm,max,balanced,cached_mxbai,3359,1782217410.485658,,,
4641,0,svm,max,balanced,cached_mxbai,3360,1782217410.9401822,,,
5158,0,svm,max,balanced,cached_mxbai,3361,1782217411.3981748,,,
8947,0,svm,max,balanced,cached_mxbai,3362,1782217411.8552322,,,
9626,0,svm,max,balanced,cached_mxbai,3363,1782217412.3100224,,,
9140,0,svm,max,balanced,cached_mxbai,3364,1782217412.7670102,,,
8728,0,svm,max,balanced,cached_mxbai,3365,1782217413.2215636,,,
659,0,svm,max,balanced,cached_mxbai,3366,1782217413.6798246,,,
6728,0,svm,max,balanced,cached_mxbai,3367,1782217414.1340814,,,
5123,0,svm,max,balanced,cached_mxbai,3368,1782217414.5911267,,,
3325,0,svm,max,balanced,cached_mxbai,3369,1782217415.0529892,,,
6262,0,svm,max,balanced,cached_mxbai,3370,1782217415.5241013,,,
10366,0,svm,max,balanced,cached_mxbai,3371,1782217415.994142,,,
270,0,svm,max,balanced,cached_mxbai,3372,1782217416.4613688,,,
7892,0,svm,max,balanced,cached_mxbai,3373,1782217416.930254,,,
4387,0,svm,max,balanced,cached_mxbai,3374,1782217417.391763,,,
1395,0,svm,max,balanced,cached_mxbai,3375,1782217417.8500943,,,
3086,0,svm,max,balanced,cached_mxbai,3376,1782217418.3018732,,,
4850,0,svm,max,balanced,cached_mxbai,3377,1782217418.7587318,,,
36,0,svm,max,balanced,cached_mxbai,3378,1782217419.215268,,,
3985,0,svm,max,balanced,cached_mxbai,3379,1782217419.6726265,,,
9327,0,svm,max,balanced,cached_mxbai,3380,1782217420.1321456,,,
6756,0,svm,max,balanced,cached_mxbai,3381,1782217420.5865216,,,
5105,0,svm,max,balanced,cached_mxbai,3382,1782217421.0479949,,,
4594,0,svm,max,balanced,cached_mxbai,3383,1782217421.5051131,,,
8611,0,svm,max,balanced,cached_mxbai,3384,1782217421.9684613,,,
754,0,svm,max,balanced,cached_mxbai,3385,1782217422.4313326,,,
3287,0,svm,max,balanced,cached_mxbai,3386,1782217422.8909383,,,
1207,0,svm,max,balanced,cached_mxbai,3387,1782217423.3515942,,,
225,0,svm,max,balanced,cached_mxbai,3388,1782217423.812621,,,
9336,0,svm,max,balanced,cached_mxbai,3389,1782217424.2749615,,,
2372,0,svm,max,balanced,cached_mxbai,3390,1782217424.73747,,,
5806,0,svm,max,balanced,cached_mxbai,3391,1782217425.2165253,,,
4756,0,svm,max,balanced,cached_mxbai,3392,1782217425.7078266,,,
6662,0,svm,max,balanced,cached_mxbai,3393,1782217426.1682205,,,
1195,0,svm,max,balanced,cached_mxbai,3394,1782217426.6315646,,,
4074,0,svm,max,balanced,cached_mxbai,3395,1782217427.0948274,,,
9721,0,svm,max,balanced,cached_mxbai,3396,1782217427.5575428,,,
6554,0,svm,max,balanced,cached_mxbai,3397,1782217428.0217211,,,
4220,0,svm,max,balanced,cached_mxbai,3398,1782217428.4833775,,,
4922,0,svm,max,balanced,cached_mxbai,3399,1782217428.948503,,,
3545,0,svm,max,balanced,cached_mxbai,3400,1782217429.4226527,,,
7053,0,svm,max,balanced,cached_mxbai,3401,1782217429.8921652,,,
878,0,svm,max,balanced,cached_mxbai,3402,1782217430.355092,,,
3773,0,svm,max,balanced,cached_mxbai,3403,1782217430.8144228,,,
4009,0,svm,max,balanced,cached_mxbai,3404,1782217431.2774296,,,
4704,0,svm,max,balanced,cached_mxbai,3405,1782217431.737418,,,
3975,0,svm,max,balanced,cached_mxbai,3406,1782217432.199705,,,
1132,0,svm,max,balanced,cached_mxbai,3407,1782217432.6591432,,,
6731,0,svm,max,balanced,cached_mxbai,3408,1782217433.1200123,,,
4199,0,svm,max,balanced,cached_mxbai,3409,1782217433.5787878,,,
10020,0,svm,max,balanced,cached_mxbai,3410,1782217434.0423958,,,
3620,0,svm,max,balanced,cached_mxbai,3411,1782217434.5084462,,,
5420,0,svm,max,balanced,cached_mxbai,3412,1782217434.9917576,,,
7757,0,svm,max,balanced,cached_mxbai,3413,1782217435.487557,,,
4891,0,svm,max,balanced,cached_mxbai,3414,1782217435.9480212,,,
7883,0,svm,max,balanced,cached_mxbai,3415,1782217436.4117777,,,
5882,0,svm,max,balanced,cached_mxbai,3416,1782217436.8687742,,,
2551,0,svm,max,balanced,cached_mxbai,3417,1782217437.3401494,,,
5192,0,svm,max,balanced,cached_mxbai,3418,1782217437.8019185,,,
671,0,svm,max,balanced,cached_mxbai,3419,1782217438.267586,,,
3573,0,svm,max,balanced,cached_mxbai,3420,1782217438.7439072,,,
4171,0,svm,max,balanced,cached_mxbai,3421,1782217439.2142282,,,
4572,0,svm,max,balanced,cached_mxbai,3422,1782217439.6844864,,,
7746,0,svm,max,balanced,cached_mxbai,3423,1782217440.1534865,,,
1477,0,svm,max,balanced,cached_mxbai,3424,1782217440.6230955,,,
10017,0,svm,max,balanced,cached_mxbai,3425,1782217441.0911438,,,
3765,0,svm,max,balanced,cached_mxbai,3426,1782217441.5659275,,,
522,0,svm,max,balanced,cached_mxbai,3427,1782217442.039142,,,
4384,0,svm,max,balanced,cached_mxbai,3428,1782217442.5082462,,,
3907,0,svm,max,balanced,cached_mxbai,3429,1782217442.9801497,,,
3499,0,svm,max,balanced,cached_mxbai,3430,1782217443.4478338,,,
7700,0,svm,max,balanced,cached_mxbai,3431,1782217443.9169958,,,
6772,0,svm,max,balanced,cached_mxbai,3432,1782217444.3860521,,,
10126,0,svm,max,balanced,cached_mxbai,3433,1782217444.853229,,,
9619,0,svm,max,balanced,cached_mxbai,3434,1782217445.3373847,,,
4883,0,svm,max,balanced,cached_mxbai,3435,1782217445.8059094,,,
3824,0,svm,max,balanced,cached_mxbai,3436,1782217446.2750304,,,
3766,0,svm,max,balanced,cached_mxbai,3437,1782217446.751511,,,
7123,0,svm,max,balanced,cached_mxbai,3438,1782217447.2203693,,,
6057,0,svm,max,balanced,cached_mxbai,3439,1782217447.6987407,,,
4430,0,svm,max,balanced,cached_mxbai,3440,1782217448.1720028,,,
4832,0,svm,max,balanced,cached_mxbai,3441,1782217448.6468537,,,
167,0,svm,max,balanced,cached_mxbai,3442,1782217449.1206143,,,
8466,0,svm,max,balanced,cached_mxbai,3443,1782217449.5958133,,,
3948,0,svm,max,balanced,cached_mxbai,3444,1782217450.065187,,,
7221,0,svm,max,balanced,cached_mxbai,3445,1782217450.539386,,,
6814,0,svm,max,balanced,cached_mxbai,3446,1782217451.006578,,,
3263,0,svm,max,balanced,cached_mxbai,3447,1782217451.4830496,,,
6290,0,svm,max,balanced,cached_mxbai,3448,1782217451.9491088,,,
5906,0,svm,max,balanced,cached_mxbai,3449,1782217452.4181876,,,
7782,0,svm,max,balanced,cached_mxbai,3450,1782217452.8902643,,,
674,0,svm,max,balanced,cached_mxbai,3451,1782217453.362457,,,
8785,0,svm,max,balanced,cached_mxbai,3452,1782217453.8365479,,,
4170,0,svm,max,balanced,cached_mxbai,3453,1782217454.3069413,,,
4439,0,svm,max,balanced,cached_mxbai,3454,1782217454.780626,,,
6221,0,svm,max,balanced,cached_mxbai,3455,1782217455.281005,,,
4060,0,svm,max,balanced,cached_mxbai,3456,1782217455.7659485,,,
9939,0,svm,max,balanced,cached_mxbai,3457,1782217456.2414198,,,
108,0,svm,max,balanced,cached_mxbai,3458,1782217456.729845,,,
3189,0,svm,max,balanced,cached_mxbai,3459,1782217457.2055147,,,
3978,0,svm,max,balanced,cached_mxbai,3460,1782217457.676725,,,
7581,0,svm,max,balanced,cached_mxbai,3461,1782217458.144094,,,
9426,0,svm,max,balanced,cached_mxbai,3462,1782217458.6165369,,,
9331,0,svm,max,balanced,cached_mxbai,3463,1782217459.0885687,,,
651,0,svm,max,balanced,cached_mxbai,3464,1782217459.5617876,,,
2805,0,svm,max,balanced,cached_mxbai,3465,1782217460.0372887,,,
4509,0,svm,max,balanced,cached_mxbai,3466,1782217460.5245786,,,
7606,0,svm,max,balanced,cached_mxbai,3467,1782217460.9952078,,,
1144,0,svm,max,balanced,cached_mxbai,3468,1782217461.4700828,,,
763,0,svm,max,balanced,cached_mxbai,3469,1782217461.9421854,,,
4691,0,svm,max,balanced,cached_mxbai,3470,1782217462.4156609,,,
1612,0,svm,max,balanced,cached_mxbai,3471,1782217462.890271,,,
10332,0,svm,max,balanced,cached_mxbai,3472,1782217463.3670619,,,
3979,0,svm,max,balanced,cached_mxbai,3473,1782217463.8391154,,,
7729,0,svm,max,balanced,cached_mxbai,3474,1782217464.3109605,,,
7657,0,svm,max,balanced,cached_mxbai,3475,1782217464.7903035,,,
6868,0,svm,max,balanced,cached_mxbai,3476,1782217465.2882702,,,
5659,0,svm,max,balanced,cached_mxbai,3477,1782217465.7749424,,,
4248,0,svm,max,balanced,cached_mxbai,3478,1782217466.2472582,,,
2344,0,svm,max,balanced,cached_mxbai,3479,1782217466.7237477,,,
3596,0,svm,max,balanced,cached_mxbai,3480,1782217467.1969056,,,
2415,0,svm,max,balanced,cached_mxbai,3481,1782217467.6737046,,,
3214,0,svm,max,balanced,cached_mxbai,3482,1782217468.1499412,,,
6206,0,svm,max,balanced,cached_mxbai,3483,1782217468.6224434,,,
3060,0,svm,max,balanced,cached_mxbai,3484,1782217469.100943,,,
3589,0,svm,max,balanced,cached_mxbai,3485,1782217469.5760026,,,
3875,0,svm,max,balanced,cached_mxbai,3486,1782217470.0491414,,,
4849,0,svm,max,balanced,cached_mxbai,3487,1782217470.5228858,,,
2949,0,svm,max,balanced,cached_mxbai,3488,1782217470.9927928,,,
7494,0,svm,max,balanced,cached_mxbai,3489,1782217471.4665039,,,
2215,0,svm,max,balanced,cached_mxbai,3490,1782217471.9395983,,,
772,0,svm,max,balanced,cached_mxbai,3491,1782217472.4118593,,,
8157,0,svm,max,balanced,cached_mxbai,3492,1782217472.8914566,,,
4347,0,svm,max,balanced,cached_mxbai,3493,1782217473.3652642,,,
3884,0,svm,max,balanced,cached_mxbai,3494,1782217473.840748,,,
9375,0,svm,max,balanced,cached_mxbai,3495,1782217474.3120258,,,
3410,0,svm,max,balanced,cached_mxbai,3496,1782217474.7951689,,,
1495,0,svm,max,balanced,cached_mxbai,3497,1782217475.295789,,,
6567,0,svm,max,balanced,cached_mxbai,3498,1782217475.7804565,,,
1478,0,svm,max,balanced,cached_mxbai,3499,1782217476.2567015,,,
5829,0,svm,max,balanced,cached_mxbai,3500,1782217476.7331052,,,
5770,0,svm,max,balanced,cached_mxbai,3501,1782217477.209105,,,
1359,0,svm,max,balanced,cached_mxbai,3502,1782217477.6865082,,,
2460,0,svm,max,balanced,cached_mxbai,3503,1782217478.1623232,,,
2229,0,svm,max,balanced,cached_mxbai,3504,1782217478.6385057,,,
5133,0,svm,max,balanced,cached_mxbai,3505,1782217479.1212273,,,
10284,0,svm,max,balanced,cached_mxbai,3506,1782217479.5927043,,,
1624,0,svm,max,balanced,cached_mxbai,3507,1782217480.0688934,,,
1801,0,svm,max,balanced,cached_mxbai,3508,1782217480.5437515,,,
374,0,svm,max,balanced,cached_mxbai,3509,1782217481.0209851,,,
9458,0,svm,max,balanced,cached_mxbai,3510,1782217481.4917924,,,
8130,0,svm,max,balanced,cached_mxbai,3511,1782217481.9709747,,,
2464,0,svm,max,balanced,cached_mxbai,3512,1782217482.4571571,,,
1140,0,svm,max,balanced,cached_mxbai,3513,1782217482.9397242,,,
6247,0,svm,max,balanced,cached_mxbai,3514,1782217483.4183764,,,
5195,0,svm,max,balanced,cached_mxbai,3515,1782217483.9029076,,,
3337,0,svm,max,balanced,cached_mxbai,3516,1782217484.37931,,,
4075,0,svm,max,balanced,cached_mxbai,3517,1782217484.8597293,,,
4590,0,svm,max,balanced,cached_mxbai,3518,1782217485.358026,,,
10089,0,svm,max,balanced,cached_mxbai,3519,1782217485.8384259,,,
1783,0,svm,max,balanced,cached_mxbai,3520,1782217486.3268003,,,
4027,0,svm,max,balanced,cached_mxbai,3521,1782217486.8066552,,,
8000,0,svm,max,balanced,cached_mxbai,3522,1782217487.2876675,,,
10331,0,svm,max,balanced,cached_mxbai,3523,1782217487.7761493,,,
5006,0,svm,max,balanced,cached_mxbai,3524,1782217488.2572331,,,
4239,0,svm,max,balanced,cached_mxbai,3525,1782217488.7404993,,,
2351,0,svm,max,balanced,cached_mxbai,3526,1782217489.2217734,,,
5607,0,svm,max,balanced,cached_mxbai,3527,1782217489.69924,,,
8641,0,svm,max,balanced,cached_mxbai,3528,1782217490.1908045,,,
3276,0,svm,max,balanced,cached_mxbai,3529,1782217490.6794064,,,
9469,0,svm,max,balanced,cached_mxbai,3530,1782217491.1684635,,,
9734,0,svm,max,balanced,cached_mxbai,3531,1782217491.6522164,,,
5191,0,svm,max,balanced,cached_mxbai,3532,1782217492.1378472,,,
5980,0,svm,max,balanced,cached_mxbai,3533,1782217492.6162524,,,
1913,0,svm,max,balanced,cached_mxbai,3534,1782217493.0969064,,,
7325,0,svm,max,balanced,cached_mxbai,3535,1782217493.5904567,,,
3356,0,svm,max,balanced,cached_mxbai,3536,1782217494.0787783,,,
3613,0,svm,max,balanced,cached_mxbai,3537,1782217494.5576253,,,
9300,0,svm,max,balanced,cached_mxbai,3538,1782217495.0458825,,,
6142,0,svm,max,balanced,cached_mxbai,3539,1782217495.53698,,,
2496,0,svm,max,balanced,cached_mxbai,3540,1782217496.0151498,,,
4059,0,svm,max,balanced,cached_mxbai,3541,1782217496.5204744,,,
4024,0,svm,max,balanced,cached_mxbai,3542,1782217497.0061414,,,
4906,0,svm,max,balanced,cached_mxbai,3543,1782217497.4923341,,,
9523,0,svm,max,balanced,cached_mxbai,3544,1782217497.9816515,,,
7645,0,svm,max,balanced,cached_mxbai,3545,1782217498.4647338,,,
1180,0,svm,max,balanced,cached_mxbai,3546,1782217498.95811,,,
6498,0,svm,max,balanced,cached_mxbai,3547,1782217499.438035,,,
9898,0,svm,max,balanced,cached_mxbai,3548,1782217499.923741,,,
10371,0,svm,max,balanced,cached_mxbai,3549,1782217500.4033685,,,
10260,0,svm,max,balanced,cached_mxbai,3550,1782217500.8905997,,,
3069,0,svm,max,balanced,cached_mxbai,3551,1782217501.3748002,,,
6742,0,svm,max,balanced,cached_mxbai,3552,1782217501.860131,,,
1868,0,svm,max,balanced,cached_mxbai,3553,1782217502.3455136,,,
2438,0,svm,max,balanced,cached_mxbai,3554,1782217502.8317301,,,
6610,0,svm,max,balanced,cached_mxbai,3555,1782217503.3217356,,,
935,0,svm,max,balanced,cached_mxbai,3556,1782217503.8041031,,,
6571,0,svm,max,balanced,cached_mxbai,3557,1782217504.2824595,,,
1881,0,svm,max,balanced,cached_mxbai,3558,1782217504.7662039,,,
4858,0,svm,max,balanced,cached_mxbai,3559,1782217505.2625215,,,
6341,0,svm,max,balanced,cached_mxbai,3560,1782217505.7575839,,,
5641,0,svm,max,balanced,cached_mxbai,3561,1782217506.243467,,,
7999,0,svm,max,balanced,cached_mxbai,3562,1782217506.725588,,,
991,0,svm,max,balanced,cached_mxbai,3563,1782217507.2173772,,,
7138,0,svm,max,balanced,cached_mxbai,3564,1782217507.7007754,,,
4067,0,svm,max,balanced,cached_mxbai,3565,1782217508.1909132,,,
2789,0,svm,max,balanced,cached_mxbai,3566,1782217508.6782556,,,
9175,0,svm,max,balanced,cached_mxbai,3567,1782217509.169167,,,
5065,0,svm,max,balanced,cached_mxbai,3568,1782217509.6546514,,,
2211,0,svm,max,balanced,cached_mxbai,3569,1782217510.1394076,,,
10562,0,svm,max,balanced,cached_mxbai,3570,1782217510.6205437,,,
9784,0,svm,max,balanced,cached_mxbai,3571,1782217511.1077754,,,
7509,0,svm,max,balanced,cached_mxbai,3572,1782217511.5911787,,,
10544,0,svm,max,balanced,cached_mxbai,3573,1782217512.075501,,,
300,0,svm,max,balanced,cached_mxbai,3574,1782217512.5594957,,,
6944,0,svm,max,balanced,cached_mxbai,3575,1782217513.0464993,,,
9072,0,svm,max,balanced,cached_mxbai,3576,1782217513.5281131,,,
4644,0,svm,max,balanced,cached_mxbai,3577,1782217514.0101545,,,
10434,0,svm,max,balanced,cached_mxbai,3578,1782217514.4909875,,,
7218,0,svm,max,balanced,cached_mxbai,3579,1782217514.97776,,,
5796,0,svm,max,balanced,cached_mxbai,3580,1782217515.4865654,,,
2515,0,svm,max,balanced,cached_mxbai,3581,1782217515.9728038,,,
8357,0,svm,max,balanced,cached_mxbai,3582,1782217516.4561727,,,
6998,0,svm,max,balanced,cached_mxbai,3583,1782217516.9432333,,,
3269,0,svm,max,balanced,cached_mxbai,3584,1782217517.4316835,,,
4312,0,svm,max,balanced,cached_mxbai,3585,1782217517.918974,,,
10468,0,svm,max,balanced,cached_mxbai,3586,1782217518.4028158,,,
7755,0,svm,max,balanced,cached_mxbai,3587,1782217518.890152,,,
2130,0,svm,max,balanced,cached_mxbai,3588,1782217519.3802228,,,
9729,0,svm,max,balanced,cached_mxbai,3589,1782217519.868958,,,
8585,0,svm,max,balanced,cached_mxbai,3590,1782217520.3651412,,,
718,0,svm,max,balanced,cached_mxbai,3591,1782217520.8566086,,,
49,0,svm,max,balanced,cached_mxbai,3592,1782217521.3512723,,,
5885,0,svm,max,balanced,cached_mxbai,3593,1782217521.8383799,,,
6294,0,svm,max,balanced,cached_mxbai,3594,1782217522.3295484,,,
3303,0,svm,max,balanced,cached_mxbai,3595,1782217522.8155348,,,
3304,0,svm,max,balanced,cached_mxbai,3596,1782217523.316607,,,
395,0,svm,max,balanced,cached_mxbai,3597,1782217523.8218784,,,
4665,0,svm,max,balanced,cached_mxbai,3598,1782217524.3122222,,,
5528,0,svm,max,balanced,cached_mxbai,3599,1782217524.7986717,,,
5582,0,svm,max,balanced,cached_mxbai,3600,1782217525.3092282,,,
5855,0,svm,max,balanced,cached_mxbai,3601,1782217525.802001,,,
6890,0,svm,max,balanced,cached_mxbai,3602,1782217526.301113,,,
10541,0,svm,max,balanced,cached_mxbai,3603,1782217526.7924604,,,
1268,0,svm,max,balanced,cached_mxbai,3604,1782217527.2882752,,,
4899,0,svm,max,balanced,cached_mxbai,3605,1782217527.7844253,,,
3807,0,svm,max,balanced,cached_mxbai,3606,1782217528.271931,,,
3463,0,svm,max,balanced,cached_mxbai,3607,1782217528.761581,,,
1065,0,svm,max,balanced,cached_mxbai,3608,1782217529.260869,,,
1903,0,svm,max,balanced,cached_mxbai,3609,1782217529.7488453,,,
3911,0,svm,max,balanced,cached_mxbai,3610,1782217530.243187,,,
4681,0,svm,max,balanced,cached_mxbai,3611,1782217530.73546,,,
7124,0,svm,max,balanced,cached_mxbai,3612,1782217531.2310283,,,
7528,0,svm,max,balanced,cached_mxbai,3613,1782217531.7222471,,,
9223,0,svm,max,balanced,cached_mxbai,3614,1782217532.2190132,,,
924,0,svm,max,balanced,cached_mxbai,3615,1782217532.7154748,,,
7444,0,svm,max,balanced,cached_mxbai,3616,1782217533.2103631,,,
8783,0,svm,max,balanced,cached_mxbai,3617,1782217533.7044797,,,
2445,0,svm,max,balanced,cached_mxbai,3618,1782217534.1984982,,,
5156,0,svm,max,balanced,cached_mxbai,3619,1782217534.6886942,,,
3518,0,svm,max,balanced,cached_mxbai,3620,1782217535.1816242,,,
7037,0,svm,max,balanced,cached_mxbai,3621,1782217535.686722,,,
1332,0,svm,max,balanced,cached_mxbai,3622,1782217536.1757376,,,
5768,0,svm,max,balanced,cached_mxbai,3623,1782217536.6667655,,,
9330,0,svm,max,balanced,cached_mxbai,3624,1782217537.185801,,,
3219,0,svm,max,balanced,cached_mxbai,3625,1782217537.6755059,,,
1301,0,svm,max,balanced,cached_mxbai,3626,1782217538.1646585,,,
8883,0,svm,max,balanced,cached_mxbai,3627,1782217538.6559157,,,
3450,0,svm,max,balanced,cached_mxbai,3628,1782217539.1550934,,,
3652,0,svm,max,balanced,cached_mxbai,3629,1782217539.6492522,,,
2922,0,svm,max,balanced,cached_mxbai,3630,1782217540.144455,,,
6368,0,svm,max,balanced,cached_mxbai,3631,1782217540.6458535,,,
56,0,svm,max,balanced,cached_mxbai,3632,1782217541.13867,,,
4685,0,svm,max,balanced,cached_mxbai,3633,1782217541.6293156,,,
196,0,svm,max,balanced,cached_mxbai,3634,1782217542.122284,,,
5554,0,svm,max,balanced,cached_mxbai,3635,1782217542.62265,,,
1567,0,svm,max,balanced,cached_mxbai,3636,1782217543.1176612,,,
3900,0,svm,max,balanced,cached_mxbai,3637,1782217543.6062188,,,
3817,0,svm,max,balanced,cached_mxbai,3638,1782217544.0974748,,,
4117,0,svm,max,balanced,cached_mxbai,3639,1782217544.5877588,,,
9166,0,svm,max,balanced,cached_mxbai,3640,1782217545.091033,,,
5434,0,svm,max,balanced,cached_mxbai,3641,1782217545.6128218,,,
6253,0,svm,max,balanced,cached_mxbai,3642,1782217546.1073508,,,
8763,0,svm,max,balanced,cached_mxbai,3643,1782217546.6040692,,,
4901,0,svm,max,balanced,cached_mxbai,3644,1782217547.1036122,,,
3721,0,svm,max,balanced,cached_mxbai,3645,1782217547.6133232,,,
1780,0,svm,max,balanced,cached_mxbai,3646,1782217548.1107073,,,
2553,0,svm,max,balanced,cached_mxbai,3647,1782217548.615953,,,
1256,0,svm,max,balanced,cached_mxbai,3648,1782217549.1345785,,,
9298,0,svm,max,balanced,cached_mxbai,3649,1782217549.6300368,,,
5654,0,svm,max,balanced,cached_mxbai,3650,1782217550.1306357,,,
4140,0,svm,max,balanced,cached_mxbai,3651,1782217550.6477516,,,
2801,0,svm,max,balanced,cached_mxbai,3652,1782217551.1490507,,,
609,0,svm,max,balanced,cached_mxbai,3653,1782217551.6547472,,,
980,0,svm,max,balanced,cached_mxbai,3654,1782217552.160276,,,
2677,0,svm,max,balanced,cached_mxbai,3655,1782217552.662959,,,
7938,0,svm,max,balanced,cached_mxbai,3656,1782217553.1560216,,,
8702,0,svm,max,balanced,cached_mxbai,3657,1782217553.652675,,,
3659,0,svm,max,balanced,cached_mxbai,3658,1782217554.1580684,,,
4605,0,svm,max,balanced,cached_mxbai,3659,1782217554.6552246,,,
126,0,svm,max,balanced,cached_mxbai,3660,1782217555.1515155,,,
4169,0,svm,max,balanced,cached_mxbai,3661,1782217555.6681485,,,
140,0,svm,max,balanced,cached_mxbai,3662,1782217556.1763449,,,
10010,0,svm,max,balanced,cached_mxbai,3663,1782217556.7435977,,,
4271,0,svm,max,balanced,cached_mxbai,3664,1782217557.293309,,,
8548,0,svm,max,balanced,cached_mxbai,3665,1782217557.8023138,,,
3313,0,svm,max,balanced,cached_mxbai,3666,1782217558.3046262,,,
1265,0,svm,max,balanced,cached_mxbai,3667,1782217558.8154047,,,
5553,0,svm,max,balanced,cached_mxbai,3668,1782217559.326132,,,
5070,0,svm,max,balanced,cached_mxbai,3669,1782217559.8356583,,,
8258,0,svm,max,balanced,cached_mxbai,3670,1782217560.3394887,,,
10314,0,svm,max,balanced,cached_mxbai,3671,1782217560.8444388,,,
4233,0,svm,max,balanced,cached_mxbai,3672,1782217561.3535175,,,
6600,0,svm,max,balanced,cached_mxbai,3673,1782217561.8632827,,,
1749,0,svm,max,balanced,cached_mxbai,3674,1782217562.3749912,,,
8184,0,svm,max,balanced,cached_mxbai,3675,1782217562.8814135,,,
3818,0,svm,max,balanced,cached_mxbai,3676,1782217563.3947394,,,
6082,0,svm,max,balanced,cached_mxbai,3677,1782217563.8965623,,,
7008,0,svm,max,balanced,cached_mxbai,3678,1782217564.4055986,,,
3368,0,svm,max,balanced,cached_mxbai,3679,1782217564.907881,,,
1034,0,svm,max,balanced,cached_mxbai,3680,1782217565.4322891,,,
3520,0,svm,max,balanced,cached_mxbai,3681,1782217565.9386144,,,
5222,0,svm,max,balanced,cached_mxbai,3682,1782217566.4467373,,,
8374,0,svm,max,balanced,cached_mxbai,3683,1782217566.9478128,,,
8399,0,svm,max,balanced,cached_mxbai,3684,1782217567.4585075,,,
7208,0,svm,max,balanced,cached_mxbai,3685,1782217567.9632487,,,
1979,0,svm,max,balanced,cached_mxbai,3686,1782217568.4733832,,,
1308,0,svm,max,balanced,cached_mxbai,3687,1782217568.9816976,,,
8328,0,svm,max,balanced,cached_mxbai,3688,1782217569.4923768,,,
7818,0,svm,max,balanced,cached_mxbai,3689,1782217569.996825,,,
7688,0,svm,max,balanced,cached_mxbai,3690,1782217570.5115707,,,
163,0,svm,max,balanced,cached_mxbai,3691,1782217571.0159144,,,
9497,0,svm,max,balanced,cached_mxbai,3692,1782217571.5270467,,,
1998,0,svm,max,balanced,cached_mxbai,3693,1782217572.037008,,,
5246,0,svm,max,balanced,cached_mxbai,3694,1782217572.5525525,,,
4822,0,svm,max,balanced,cached_mxbai,3695,1782217573.0618088,,,
7261,0,svm,max,balanced,cached_mxbai,3696,1782217573.578186,,,
1282,0,svm,max,balanced,cached_mxbai,3697,1782217574.0858674,,,
3675,0,svm,max,balanced,cached_mxbai,3698,1782217574.5956972,,,
1295,0,svm,max,balanced,cached_mxbai,3699,1782217575.1120486,,,
3207,0,svm,max,balanced,cached_mxbai,3700,1782217575.6475966,,,
764,0,svm,max,balanced,cached_mxbai,3701,1782217576.1582735,,,
2337,0,svm,max,balanced,cached_mxbai,3702,1782217576.6842196,,,
306,0,svm,max,balanced,cached_mxbai,3703,1782217577.2124941,,,
2693,0,svm,max,balanced,cached_mxbai,3704,1782217577.724414,,,
186,0,svm,max,balanced,cached_mxbai,3705,1782217578.2315466,,,
10102,0,svm,max,balanced,cached_mxbai,3706,1782217578.7460134,,,
5523,0,svm,max,balanced,cached_mxbai,3707,1782217579.255829,,,
4249,0,svm,max,balanced,cached_mxbai,3708,1782217579.766808,,,
5032,0,svm,max,balanced,cached_mxbai,3709,1782217580.2807624,,,
10069,0,svm,max,balanced,cached_mxbai,3710,1782217580.795781,,,
3529,0,svm,max,balanced,cached_mxbai,3711,1782217581.3105578,,,
6452,0,svm,max,balanced,cached_mxbai,3712,1782217581.8210518,,,
7297,0,svm,max,balanced,cached_mxbai,3713,1782217582.3342216,,,
6709,0,svm,max,balanced,cached_mxbai,3714,1782217582.8422062,,,
1798,0,svm,max,balanced,cached_mxbai,3715,1782217583.3521187,,,
4714,0,svm,max,balanced,cached_mxbai,3716,1782217583.8615394,,,
4196,0,svm,max,balanced,cached_mxbai,3717,1782217584.37617,,,
8008,0,svm,max,balanced,cached_mxbai,3718,1782217584.885278,,,
4128,0,svm,max,balanced,cached_mxbai,3719,1782217585.4255228,,,
9900,0,svm,max,balanced,cached_mxbai,3720,1782217585.9577172,,,
3397,0,svm,max,balanced,cached_mxbai,3721,1782217586.4806526,,,
5489,0,svm,max,balanced,cached_mxbai,3722,1782217587.0023305,,,
8509,0,svm,max,balanced,cached_mxbai,3723,1782217587.5326087,,,
9362,0,svm,max,balanced,cached_mxbai,3724,1782217588.0535183,,,
1363,0,svm,max,balanced,cached_mxbai,3725,1782217588.5664654,,,
1907,0,svm,max,balanced,cached_mxbai,3726,1782217589.0848944,,,
168,0,svm,max,balanced,cached_mxbai,3727,1782217589.600766,,,
1889,0,svm,max,balanced,cached_mxbai,3728,1782217590.1161504,,,
7965,0,svm,max,balanced,cached_mxbai,3729,1782217590.6367354,,,
456,0,svm,max,balanced,cached_mxbai,3730,1782217591.1565485,,,
5030,0,svm,max,balanced,cached_mxbai,3731,1782217591.670789,,,
7093,0,svm,max,balanced,cached_mxbai,3732,1782217592.1878154,,,
3116,0,svm,max,balanced,cached_mxbai,3733,1782217592.721646,,,
2780,0,svm,max,balanced,cached_mxbai,3734,1782217593.253127,,,
2055,0,svm,max,balanced,cached_mxbai,3735,1782217593.767077,,,
148,0,svm,max,balanced,cached_mxbai,3736,1782217594.2827332,,,
5453,0,svm,max,balanced,cached_mxbai,3737,1782217594.7962546,,,
8963,0,svm,max,balanced,cached_mxbai,3738,1782217595.3303604,,,
6978,0,svm,max,balanced,cached_mxbai,3739,1782217595.8525462,,,
7525,0,svm,max,balanced,cached_mxbai,3740,1782217596.3711843,,,
7198,0,svm,max,balanced,cached_mxbai,3741,1782217596.891262,,,
6470,0,svm,max,balanced,cached_mxbai,3742,1782217597.4144278,,,
165,0,svm,max,balanced,cached_mxbai,3743,1782217597.9320402,,,
10256,0,svm,max,balanced,cached_mxbai,3744,1782217598.449345,,,
8206,0,svm,max,balanced,cached_mxbai,3745,1782217598.9695835,,,
6495,0,svm,max,balanced,cached_mxbai,3746,1782217599.4872174,,,
9419,0,svm,max,balanced,cached_mxbai,3747,1782217600.0049076,,,
8112,0,svm,max,balanced,cached_mxbai,3748,1782217600.5245495,,,
3511,0,svm,max,balanced,cached_mxbai,3749,1782217601.0444312,,,
1648,0,svm,max,balanced,cached_mxbai,3750,1782217601.5628777,,,
4995,0,svm,max,balanced,cached_mxbai,3751,1782217602.0780313,,,
156,0,svm,max,balanced,cached_mxbai,3752,1782217602.5961254,,,
3635,0,svm,max,balanced,cached_mxbai,3753,1782217603.1209154,,,
4446,0,svm,max,balanced,cached_mxbai,3754,1782217603.6441722,,,
581,0,svm,max,balanced,cached_mxbai,3755,1782217604.1640193,,,
3892,0,svm,max,balanced,cached_mxbai,3756,1782217604.6891081,,,
7222,0,svm,max,balanced,cached_mxbai,3757,1782217605.2183106,,,
8603,0,svm,max,balanced,cached_mxbai,3758,1782217605.7616122,,,
3859,0,svm,max,balanced,cached_mxbai,3759,1782217606.2872186,,,
2566,0,svm,max,balanced,cached_mxbai,3760,1782217606.8101685,,,
875,0,svm,max,balanced,cached_mxbai,3761,1782217607.3301845,,,
4727,0,svm,max,balanced,cached_mxbai,3762,1782217607.8560526,,,
268,0,svm,max,balanced,cached_mxbai,3763,1782217608.378929,,,
5648,0,svm,max,balanced,cached_mxbai,3764,1782217608.911053,,,
8129,0,svm,max,balanced,cached_mxbai,3765,1782217609.4346795,,,
4765,0,svm,max,balanced,cached_mxbai,3766,1782217609.9614964,,,
9234,0,svm,max,balanced,cached_mxbai,3767,1782217610.4934018,,,
661,0,svm,max,balanced,cached_mxbai,3768,1782217611.0265102,,,
930,0,svm,max,balanced,cached_mxbai,3769,1782217611.55567,,,
2793,0,svm,max,balanced,cached_mxbai,3770,1782217612.0896893,,,
2301,0,svm,max,balanced,cached_mxbai,3771,1782217612.6146867,,,
8393,0,svm,max,balanced,cached_mxbai,3772,1782217613.1373045,,,
4041,0,svm,max,balanced,cached_mxbai,3773,1782217613.6612473,,,
9013,0,svm,max,balanced,cached_mxbai,3774,1782217614.186559,,,
4376,0,svm,max,balanced,cached_mxbai,3775,1782217614.706238,,,
9264,0,svm,max,balanced,cached_mxbai,3776,1782217615.2469513,,,
6083,0,svm,max,balanced,cached_mxbai,3777,1782217615.8037398,,,
4270,0,svm,max,balanced,cached_mxbai,3778,1782217616.335254,,,
3244,0,svm,max,balanced,cached_mxbai,3779,1782217616.8669395,,,
1257,0,svm,max,balanced,cached_mxbai,3780,1782217617.402778,,,
8104,0,svm,max,balanced,cached_mxbai,3781,1782217617.9324841,,,
6037,0,svm,max,balanced,cached_mxbai,3782,1782217618.4508638,,,
2916,0,svm,max,balanced,cached_mxbai,3783,1782217618.983375,,,
2300,0,svm,max,balanced,cached_mxbai,3784,1782217619.5113206,,,
4197,0,svm,max,balanced,cached_mxbai,3785,1782217620.0432372,,,
2582,0,svm,max,balanced,cached_mxbai,3786,1782217620.5694487,,,
7193,0,svm,max,balanced,cached_mxbai,3787,1782217621.1027787,,,
5171,0,svm,max,balanced,cached_mxbai,3788,1782217621.6285024,,,
1179,0,svm,max,balanced,cached_mxbai,3789,1782217622.162709,,,
721,0,svm,max,balanced,cached_mxbai,3790,1782217622.686084,,,
248,0,svm,max,balanced,cached_mxbai,3791,1782217623.230584,,,
8464,0,svm,max,balanced,cached_mxbai,3792,1782217623.7513497,,,
10353,0,svm,max,balanced,cached_mxbai,3793,1782217624.2786279,,,
1543,0,svm,max,balanced,cached_mxbai,3794,1782217624.8030016,,,
7073,0,svm,max,balanced,cached_mxbai,3795,1782217625.3646636,,,
6214,0,svm,max,balanced,cached_mxbai,3796,1782217625.891005,,,
932,0,svm,max,balanced,cached_mxbai,3797,1782217626.4199202,,,
5064,0,svm,max,balanced,cached_mxbai,3798,1782217626.940594,,,
9644,0,svm,max,balanced,cached_mxbai,3799,1782217627.4678066,,,
1343,0,svm,max,balanced,cached_mxbai,3800,1782217627.9891725,,,
8502,0,svm,max,balanced,cached_mxbai,3801,1782217628.5170782,,,
1336,0,svm,max,balanced,cached_mxbai,3802,1782217629.0403159,,,
154,0,svm,max,balanced,cached_mxbai,3803,1782217629.5664032,,,
4195,0,svm,max,balanced,cached_mxbai,3804,1782217630.0882452,,,
10286,0,svm,max,balanced,cached_mxbai,3805,1782217630.6192026,,,
6652,0,svm,max,balanced,cached_mxbai,3806,1782217631.1405318,,,
4969,0,svm,max,balanced,cached_mxbai,3807,1782217631.6681414,,,
6403,0,svm,max,balanced,cached_mxbai,3808,1782217632.1949403,,,
4536,0,svm,max,balanced,cached_mxbai,3809,1782217632.7244298,,,
7298,0,svm,max,balanced,cached_mxbai,3810,1782217633.2493622,,,
3944,0,svm,max,balanced,cached_mxbai,3811,1782217633.776924,,,
3443,0,svm,max,balanced,cached_mxbai,3812,1782217634.3038983,,,
7824,0,svm,max,balanced,cached_mxbai,3813,1782217634.8330657,,,
3205,0,svm,max,balanced,cached_mxbai,3814,1782217635.3808174,,,
5374,0,svm,max,balanced,cached_mxbai,3815,1782217635.9067092,,,
10469,0,svm,max,balanced,cached_mxbai,3816,1782217636.4352026,,,
5147,0,svm,max,balanced,cached_mxbai,3817,1782217636.9627895,,,
6828,0,svm,max,balanced,cached_mxbai,3818,1782217637.4943645,,,
7745,0,svm,max,balanced,cached_mxbai,3819,1782217638.024354,,,
3480,0,svm,max,balanced,cached_mxbai,3820,1782217638.5526037,,,
4939,0,svm,max,balanced,cached_mxbai,3821,1782217639.0850055,,,
2353,0,svm,max,balanced,cached_mxbai,3822,1782217639.6209114,,,
5379,0,svm,max,balanced,cached_mxbai,3823,1782217640.155163,,,
8028,0,svm,max,balanced,cached_mxbai,3824,1782217640.6890278,,,
6342,0,svm,max,balanced,cached_mxbai,3825,1782217641.2194858,,,
1803,0,svm,max,balanced,cached_mxbai,3826,1782217641.7493987,,,
8238,0,svm,max,balanced,cached_mxbai,3827,1782217642.2830756,,,
7941,0,svm,max,balanced,cached_mxbai,3828,1782217642.8109708,,,
4735,0,svm,max,balanced,cached_mxbai,3829,1782217643.347241,,,
6583,0,svm,max,balanced,cached_mxbai,3830,1782217643.8735974,,,
1702,0,svm,max,balanced,cached_mxbai,3831,1782217644.4091384,,,
5832,0,svm,max,balanced,cached_mxbai,3832,1782217644.935839,,,
3871,0,svm,max,balanced,cached_mxbai,3833,1782217645.5104115,,,
4108,0,svm,max,balanced,cached_mxbai,3834,1782217646.0413175,,,
8529,0,svm,max,balanced,cached_mxbai,3835,1782217646.5748074,,,
2984,0,svm,max,balanced,cached_mxbai,3836,1782217647.1053236,,,
6938,0,svm,max,balanced,cached_mxbai,3837,1782217647.676733,,,
2650,0,svm,max,balanced,cached_mxbai,3838,1782217648.2441728,,,
7908,0,svm,max,balanced,cached_mxbai,3839,1782217648.7811763,,,
3240,0,svm,max,balanced,cached_mxbai,3840,1782217649.315858,,,
7899,0,svm,max,balanced,cached_mxbai,3841,1782217649.8424141,,,
9484,0,svm,max,balanced,cached_mxbai,3842,1782217650.3697298,,,
3063,0,svm,max,balanced,cached_mxbai,3843,1782217650.8995545,,,
3595,0,svm,max,balanced,cached_mxbai,3844,1782217651.4333048,,,
7439,0,svm,max,balanced,cached_mxbai,3845,1782217651.9661107,,,
3876,0,svm,max,balanced,cached_mxbai,3846,1782217652.5022125,,,
298,0,svm,max,balanced,cached_mxbai,3847,1782217653.0321229,,,
7665,0,svm,max,balanced,cached_mxbai,3848,1782217653.5642447,,,
7922,0,svm,max,balanced,cached_mxbai,3849,1782217654.0929918,,,
7512,0,svm,max,balanced,cached_mxbai,3850,1782217654.6255832,,,
5150,0,svm,max,balanced,cached_mxbai,3851,1782217655.1561193,,,
3655,0,svm,max,balanced,cached_mxbai,3852,1782217655.7195146,,,
5189,0,svm,max,balanced,cached_mxbai,3853,1782217656.2506351,,,
2063,0,svm,max,balanced,cached_mxbai,3854,1782217656.7874982,,,
1089,0,svm,max,balanced,cached_mxbai,3855,1782217657.324846,,,
9385,0,svm,max,balanced,cached_mxbai,3856,1782217657.8551862,,,
9630,0,svm,max,balanced,cached_mxbai,3857,1782217658.391945,,,
7566,0,svm,max,balanced,cached_mxbai,3858,1782217658.9315298,,,
6476,0,svm,max,balanced,cached_mxbai,3859,1782217659.4678175,,,
5230,0,svm,max,balanced,cached_mxbai,3860,1782217660.003518,,,
729,0,svm,max,balanced,cached_mxbai,3861,1782217660.535084,,,
6439,0,svm,max,balanced,cached_mxbai,3862,1782217661.071998,,,
83,0,svm,max,balanced,cached_mxbai,3863,1782217661.611621,,,
7397,0,svm,max,balanced,cached_mxbai,3864,1782217662.1472182,,,
10094,0,svm,max,balanced,cached_mxbai,3865,1782217662.6860516,,,
7161,0,svm,max,balanced,cached_mxbai,3866,1782217663.221787,,,
4259,0,svm,max,balanced,cached_mxbai,3867,1782217663.7617095,,,
7381,0,svm,max,balanced,cached_mxbai,3868,1782217664.2958827,,,
1985,0,svm,max,balanced,cached_mxbai,3869,1782217664.8361213,,,
4056,0,svm,max,balanced,cached_mxbai,3870,1782217665.393023,,,
9378,0,svm,max,balanced,cached_mxbai,3871,1782217665.9303122,,,
93,0,svm,max,balanced,cached_mxbai,3872,1782217666.463746,,,
7522,0,svm,max,balanced,cached_mxbai,3873,1782217667.0006645,,,
7918,0,svm,max,balanced,cached_mxbai,3874,1782217667.545772,,,
3429,0,svm,max,balanced,cached_mxbai,3875,1782217668.0796652,,,
9540,0,svm,max,balanced,cached_mxbai,3876,1782217668.611761,,,
2687,0,svm,max,balanced,cached_mxbai,3877,1782217669.1437538,,,
985,0,svm,max,balanced,cached_mxbai,3878,1782217669.68001,,,
6152,0,svm,max,balanced,cached_mxbai,3879,1782217670.2159913,,,
5945,0,svm,max,balanced,cached_mxbai,3880,1782217670.7569792,,,
7323,0,svm,max,balanced,cached_mxbai,3881,1782217671.2749417,,,
1890,0,svm,max,balanced,cached_mxbai,3882,1782217671.80069,,,
6500,0,svm,max,balanced,cached_mxbai,3883,1782217672.318645,,,
3478,0,svm,max,balanced,cached_mxbai,3884,1782217672.8447003,,,
588,0,svm,max,balanced,cached_mxbai,3885,1782217673.369111,,,
2440,0,svm,max,balanced,cached_mxbai,3886,1782217673.8963263,,,
9286,0,svm,max,balanced,cached_mxbai,3887,1782217674.4196727,,,
8664,0,svm,max,balanced,cached_mxbai,3888,1782217674.9541702,,,
2209,0,svm,max,balanced,cached_mxbai,3889,1782217675.5184872,,,
10208,0,svm,max,balanced,cached_mxbai,3890,1782217676.0524957,,,
2605,0,svm,max,balanced,cached_mxbai,3891,1782217676.5997133,,,
3329,0,svm,max,balanced,cached_mxbai,3892,1782217677.1457405,,,
691,0,svm,max,balanced,cached_mxbai,3893,1782217677.6769845,,,
8026,0,svm,max,balanced,cached_mxbai,3894,1782217678.2048364,,,
6908,0,svm,max,balanced,cached_mxbai,3895,1782217678.7398975,,,
8653,0,svm,max,balanced,cached_mxbai,3896,1782217679.26241,,,
5816,0,svm,max,balanced,cached_mxbai,3897,1782217679.7914672,,,
7402,0,svm,max,balanced,cached_mxbai,3898,1782217680.3162851,,,
687,0,svm,max,balanced,cached_mxbai,3899,1782217680.8535166,,,
5055,0,svm,max,balanced,cached_mxbai,3900,1782217681.378929,,,
6386,0,svm,max,balanced,cached_mxbai,3901,1782217681.9151545,,,
3483,0,svm,max,balanced,cached_mxbai,3902,1782217682.444588,,,
10498,0,svm,max,balanced,cached_mxbai,3903,1782217682.9798083,,,
8449,0,svm,max,balanced,cached_mxbai,3904,1782217683.5190802,,,
1209,0,svm,max,balanced,cached_mxbai,3905,1782217684.0445356,,,
8899,0,svm,max,balanced,cached_mxbai,3906,1782217684.5817804,,,
6090,0,svm,max,balanced,cached_mxbai,3907,1782217685.1152365,,,
6409,0,svm,max,balanced,cached_mxbai,3908,1782217685.666853,,,
7388,0,svm,max,balanced,cached_mxbai,3909,1782217686.1947336,,,
6127,0,svm,max,balanced,cached_mxbai,3910,1782217686.7319717,,,
4361,0,svm,max,balanced,cached_mxbai,3911,1782217687.2579455,,,
3591,0,svm,max,balanced,cached_mxbai,3912,1782217687.7892838,,,
8254,0,svm,max,balanced,cached_mxbai,3913,1782217688.3111234,,,
8227,0,svm,max,balanced,cached_mxbai,3914,1782217688.8420722,,,
6450,0,svm,max,balanced,cached_mxbai,3915,1782217689.3650079,,,
4821,0,svm,max,balanced,cached_mxbai,3916,1782217689.8900788,,,
8637,0,svm,max,balanced,cached_mxbai,3917,1782217690.410181,,,
2079,0,svm,max,balanced,cached_mxbai,3918,1782217690.9422226,,,
1307,0,svm,max,balanced,cached_mxbai,3919,1782217691.4877234,,,
408,0,svm,max,balanced,cached_mxbai,3920,1782217692.0386102,,,
3667,0,svm,max,balanced,cached_mxbai,3921,1782217692.5683575,,,
942,0,svm,max,balanced,cached_mxbai,3922,1782217693.0986829,,,
2122,0,svm,max,balanced,cached_mxbai,3923,1782217693.6246712,,,
4918,0,svm,max,balanced,cached_mxbai,3924,1782217694.1523435,,,
3391,0,svm,max,balanced,cached_mxbai,3925,1782217694.681178,,,
9302,0,svm,max,balanced,cached_mxbai,3926,1782217695.2180028,,,
5922,0,svm,max,balanced,cached_mxbai,3927,1782217695.7712798,,,
7516,0,svm,max,balanced,cached_mxbai,3928,1782217696.3038228,,,
10462,0,svm,max,balanced,cached_mxbai,3929,1782217696.8374035,,,
3813,0,svm,max,balanced,cached_mxbai,3930,1782217697.365584,,,
9071,0,svm,max,balanced,cached_mxbai,3931,1782217697.8945317,,,
3582,0,svm,max,balanced,cached_mxbai,3932,1782217698.4264338,,,
5181,0,svm,max,balanced,cached_mxbai,3933,1782217698.9583132,,,
7503,0,svm,max,balanced,cached_mxbai,3934,1782217699.4875731,,,
10086,0,svm,max,balanced,cached_mxbai,3935,1782217700.0167727,,,
1831,0,svm,max,balanced,cached_mxbai,3936,1782217700.5501442,,,
320,0,svm,max,balanced,cached_mxbai,3937,1782217701.086559,,,
8559,0,svm,max,balanced,cached_mxbai,3938,1782217701.6294782,,,
3476,0,svm,max,balanced,cached_mxbai,3939,1782217702.1664128,,,
5120,0,svm,max,balanced,cached_mxbai,3940,1782217702.7076166,,,
2336,0,svm,max,balanced,cached_mxbai,3941,1782217703.2495792,,,
9097,0,svm,max,balanced,cached_mxbai,3942,1782217703.7901533,,,
9000,0,svm,max,balanced,cached_mxbai,3943,1782217704.3295135,,,
8400,0,svm,max,balanced,cached_mxbai,3944,1782217704.8669822,,,
5708,0,svm,max,balanced,cached_mxbai,3945,1782217705.4199214,,,
9575,0,svm,max,balanced,cached_mxbai,3946,1782217705.9510763,,,
2454,0,svm,max,balanced,cached_mxbai,3947,1782217706.479872,,,
10318,0,svm,max,balanced,cached_mxbai,3948,1782217707.0710351,,,
3688,0,svm,max,balanced,cached_mxbai,3949,1782217707.6521044,,,
4237,0,svm,max,balanced,cached_mxbai,3950,1782217708.2414505,,,
6776,0,svm,max,balanced,cached_mxbai,3951,1782217708.8391,,,
4048,0,svm,max,balanced,cached_mxbai,3952,1782217709.4253945,,,
9470,0,svm,max,balanced,cached_mxbai,3953,1782217710.017053,,,
5988,0,svm,max,balanced,cached_mxbai,3954,1782217710.6027334,,,
5464,0,svm,max,balanced,cached_mxbai,3955,1782217711.1923223,,,
8167,0,svm,max,balanced,cached_mxbai,3956,1782217711.7860353,,,
5012,0,svm,max,balanced,cached_mxbai,3957,1782217712.3731375,,,
9904,0,svm,max,balanced,cached_mxbai,3958,1782217712.9661007,,,
1596,0,svm,max,balanced,cached_mxbai,3959,1782217713.5550554,,,
9165,0,svm,max,balanced,cached_mxbai,3960,1782217714.140212,,,
322,0,svm,max,balanced,cached_mxbai,3961,1782217714.7233021,,,
2305,0,svm,max,balanced,cached_mxbai,3962,1782217715.3334243,,,
9342,0,svm,max,balanced,cached_mxbai,3963,1782217715.9260724,,,
5655,0,svm,max,balanced,cached_mxbai,3964,1782217716.5165892,,,
10392,0,svm,max,balanced,cached_mxbai,3965,1782217717.1186652,,,
9317,0,svm,max,balanced,cached_mxbai,3966,1782217717.7084076,,,
110,0,svm,max,balanced,cached_mxbai,3967,1782217718.3167622,,,
9383,0,svm,max,balanced,cached_mxbai,3968,1782217718.9296856,,,
9333,0,svm,max,balanced,cached_mxbai,3969,1782217719.5355508,,,
8045,0,svm,max,balanced,cached_mxbai,3970,1782217720.1473591,,,
5342,0,svm,max,balanced,cached_mxbai,3971,1782217720.7556677,,,
6790,0,svm,max,balanced,cached_mxbai,3972,1782217721.367304,,,
10510,0,svm,max,balanced,cached_mxbai,3973,1782217721.9769242,,,
4258,0,svm,max,balanced,cached_mxbai,3974,1782217722.5851812,,,
8905,0,svm,max,balanced,cached_mxbai,3975,1782217723.1864843,,,
4919,0,svm,max,balanced,cached_mxbai,3976,1782217723.783949,,,
6163,0,svm,max,balanced,cached_mxbai,3977,1782217724.397878,,,
4107,0,svm,max,balanced,cached_mxbai,3978,1782217724.9516642,,,
7337,0,svm,max,balanced,cached_mxbai,3979,1782217725.5188656,,,
7443,0,svm,max,balanced,cached_mxbai,3980,1782217726.059111,,,
5450,0,svm,max,balanced,cached_mxbai,3981,1782217726.5973566,,,
3386,0,svm,max,balanced,cached_mxbai,3982,1782217727.1375585,,,
3090,0,svm,max,balanced,cached_mxbai,3983,1782217727.672728,,,
2585,0,svm,max,balanced,cached_mxbai,3984,1782217728.2209573,,,
9648,0,svm,max,balanced,cached_mxbai,3985,1782217728.7645233,,,
3020,0,svm,max,balanced,cached_mxbai,3986,1782217729.3052356,,,
4386,0,svm,max,balanced,cached_mxbai,3987,1782217729.8426986,,,
1887,0,svm,max,balanced,cached_mxbai,3988,1782217730.3787796,,,
8356,0,svm,max,balanced,cached_mxbai,3989,1782217730.9229057,,,
3966,0,svm,max,balanced,cached_mxbai,3990,1782217731.4520462,,,
6493,0,svm,max,balanced,cached_mxbai,3991,1782217731.987468,,,
8976,0,svm,max,balanced,cached_mxbai,3992,1782217732.5194082,,,
7315,0,svm,max,balanced,cached_mxbai,3993,1782217733.0578113,,,
2024,0,svm,max,balanced,cached_mxbai,3994,1782217733.5883615,,,
7320,0,svm,max,balanced,cached_mxbai,3995,1782217734.1265829,,,
4015,0,svm,max,balanced,cached_mxbai,3996,1782217734.6554356,,,
9583,0,svm,max,balanced,cached_mxbai,3997,1782217735.19226,,,
4155,0,svm,max,balanced,cached_mxbai,3998,1782217735.748198,,,
378,0,svm,max,balanced,cached_mxbai,3999,1782217736.2830048,,,
2858,0,svm,max,balanced,cached_mxbai,4000,1782217736.8205671,,,
1973,0,svm,max,balanced,cached_mxbai,4001,1782217737.3693347,,,
4618,0,svm,max,balanced,cached_mxbai,4002,1782217737.9041252,,,
3771,0,svm,max,balanced,cached_mxbai,4003,1782217738.5155003,,,
3680,0,svm,max,balanced,cached_mxbai,4004,1782217739.1407268,,,
9637,0,svm,max,balanced,cached_mxbai,4005,1782217739.7548215,,,
4740,0,svm,max,balanced,cached_mxbai,4006,1782217740.369597,,,
5775,0,svm,max,balanced,cached_mxbai,4007,1782217740.9066892,,,
2908,0,svm,max,balanced,cached_mxbai,4008,1782217741.4397051,,,
9532,0,svm,max,balanced,cached_mxbai,4009,1782217741.9614315,,,
6856,0,svm,max,balanced,cached_mxbai,4010,1782217742.485059,,,
1041,0,svm,max,balanced,cached_mxbai,4011,1782217743.0062006,,,
3785,0,svm,max,balanced,cached_mxbai,4012,1782217743.5328238,,,
4767,0,svm,max,balanced,cached_mxbai,4013,1782217744.0644841,,,
4441,0,svm,max,balanced,cached_mxbai,4014,1782217744.5845046,,,
5735,0,svm,max,balanced,cached_mxbai,4015,1782217745.1130996,,,
2218,0,svm,max,balanced,cached_mxbai,4016,1782217745.64604,,,
3338,0,svm,max,balanced,cached_mxbai,4017,1782217746.1693366,,,
8527,0,svm,max,balanced,cached_mxbai,4018,1782217746.691082,,,
549,0,svm,max,balanced,cached_mxbai,4019,1782217747.2165031,,,
4907,0,svm,max,balanced,cached_mxbai,4020,1782217747.7360077,,,
8340,0,svm,max,balanced,cached_mxbai,4021,1782217748.2607615,,,
1658,0,svm,max,balanced,cached_mxbai,4022,1782217748.7819583,,,
9494,0,svm,max,balanced,cached_mxbai,4023,1782217749.3088837,,,
1254,0,svm,max,balanced,cached_mxbai,4024,1782217749.8273199,,,
4173,0,svm,max,balanced,cached_mxbai,4025,1782217750.3534853,,,
8927,0,svm,max,balanced,cached_mxbai,4026,1782217750.874621,,,
824,0,svm,max,balanced,cached_mxbai,4027,1782217751.3966112,,,
172,0,svm,max,balanced,cached_mxbai,4028,1782217751.9170341,,,
4399,0,svm,max,balanced,cached_mxbai,4029,1782217752.4418914,,,
7143,0,svm,max,balanced,cached_mxbai,4030,1782217752.9690278,,,
103,0,svm,max,balanced,cached_mxbai,4031,1782217753.5042484,,,
9627,0,svm,max,balanced,cached_mxbai,4032,1782217754.0320764,,,
6775,0,svm,max,balanced,cached_mxbai,4033,1782217754.558485,,,
3407,0,svm,max,balanced,cached_mxbai,4034,1782217755.0861747,,,
1859,0,svm,max,balanced,cached_mxbai,4035,1782217755.6272762,,,
69,0,svm,max,balanced,cached_mxbai,4036,1782217756.1507385,,,
10592,0,svm,max,balanced,cached_mxbai,4037,1782217756.6707993,,,
4013,0,svm,max,balanced,cached_mxbai,4038,1782217757.200904,,,
8753,0,svm,max,balanced,cached_mxbai,4039,1782217757.7486305,,,
133,0,svm,max,balanced,cached_mxbai,4040,1782217758.2761328,,,
4292,0,svm,max,balanced,cached_mxbai,4041,1782217758.7977421,,,
194,0,svm,max,balanced,cached_mxbai,4042,1782217759.3291402,,,
4381,0,svm,max,balanced,cached_mxbai,4043,1782217759.852134,,,
540,0,svm,max,balanced,cached_mxbai,4044,1782217760.3854787,,,
4063,0,svm,max,balanced,cached_mxbai,4045,1782217760.9186797,,,
4697,0,svm,max,balanced,cached_mxbai,4046,1782217761.4457464,,,
4010,0,svm,max,balanced,cached_mxbai,4047,1782217761.9711351,,,
7057,0,svm,max,balanced,cached_mxbai,4048,1782217762.5058644,,,
7693,0,svm,max,balanced,cached_mxbai,4049,1782217763.0340843,,,
3863,0,svm,max,balanced,cached_mxbai,4050,1782217763.5732324,,,
414,0,svm,max,balanced,cached_mxbai,4051,1782217764.1045814,,,
4191,0,svm,max,balanced,cached_mxbai,4052,1782217764.6342833,,,
633,0,svm,max,balanced,cached_mxbai,4053,1782217765.1656992,,,
5877,0,svm,max,balanced,cached_mxbai,4054,1782217765.726392,,,
3676,0,svm,max,balanced,cached_mxbai,4055,1782217766.258018,,,
6416,0,svm,max,balanced,cached_mxbai,4056,1782217766.7913754,,,
3935,0,svm,max,balanced,cached_mxbai,4057,1782217767.3238208,,,
5484,0,svm,max,balanced,cached_mxbai,4058,1782217767.8654604,,,
1710,0,svm,max,balanced,cached_mxbai,4059,1782217768.4018385,,,
8457,0,svm,max,balanced,cached_mxbai,4060,1782217768.9336967,,,
4503,0,svm,max,balanced,cached_mxbai,4061,1782217769.468641,,,
6360,0,svm,max,balanced,cached_mxbai,4062,1782217769.9998527,,,
6303,0,svm,max,balanced,cached_mxbai,4063,1782217770.530552,,,
9227,0,svm,max,balanced,cached_mxbai,4064,1782217771.0590534,,,
4577,0,svm,max,balanced,cached_mxbai,4065,1782217771.5913272,,,
3055,0,svm,max,balanced,cached_mxbai,4066,1782217772.12436,,,
9399,0,svm,max,balanced,cached_mxbai,4067,1782217772.6533244,,,
5385,0,svm,max,balanced,cached_mxbai,4068,1782217773.1871376,,,
7183,0,svm,max,balanced,cached_mxbai,4069,1782217773.7227294,,,
5197,0,svm,max,balanced,cached_mxbai,4070,1782217774.2564201,,,
821,0,svm,max,balanced,cached_mxbai,4071,1782217774.789591,,,
102,0,svm,max,balanced,cached_mxbai,4072,1782217775.3404284,,,
8285,0,svm,max,balanced,cached_mxbai,4073,1782217775.8739464,,,
6302,0,svm,max,balanced,cached_mxbai,4074,1782217776.4045436,,,
3508,0,svm,max,balanced,cached_mxbai,4075,1782217776.9350636,,,
4093,0,svm,max,balanced,cached_mxbai,4076,1782217777.467786,,,
7742,0,svm,max,balanced,cached_mxbai,4077,1782217778.0083408,,,
3851,0,svm,max,balanced,cached_mxbai,4078,1782217778.5447943,,,
5243,0,svm,max,balanced,cached_mxbai,4079,1782217779.0785553,,,
8195,0,svm,max,balanced,cached_mxbai,4080,1782217779.613271,,,
10589,0,svm,max,balanced,cached_mxbai,4081,1782217780.1449912,,,
3790,0,svm,max,balanced,cached_mxbai,4082,1782217780.6802626,,,
5911,0,svm,max,balanced,cached_mxbai,4083,1782217781.2110445,,,
3271,0,svm,max,balanced,cached_mxbai,4084,1782217781.7408056,,,
8857,0,svm,max,balanced,cached_mxbai,4085,1782217782.2727482,,,
1990,0,svm,max,balanced,cached_mxbai,4086,1782217782.8028352,,,
4561,0,svm,max,balanced,cached_mxbai,4087,1782217783.333933,,,
3723,0,svm,max,balanced,cached_mxbai,4088,1782217783.862871,,,
3071,0,svm,max,balanced,cached_mxbai,4089,1782217784.3907015,,,
9368,0,svm,max,balanced,cached_mxbai,4090,1782217784.9269712,,,
3118,0,svm,max,balanced,cached_mxbai,4091,1782217785.4873323,,,
9082,0,svm,max,balanced,cached_mxbai,4092,1782217786.0206058,,,
9694,0,svm,max,balanced,cached_mxbai,4093,1782217786.5521307,,,
8313,0,svm,max,balanced,cached_mxbai,4094,1782217787.0921266,,,
3660,0,svm,max,balanced,cached_mxbai,4095,1782217787.6275434,,,
8571,0,svm,max,balanced,cached_mxbai,4096,1782217788.1626806,,,
5594,0,svm,max,balanced,cached_mxbai,4097,1782217788.7034898,,,
9036,0,svm,max,balanced,cached_mxbai,4098,1782217789.2346318,,,
6686,0,svm,max,balanced,cached_mxbai,4099,1782217789.7664285,,,
1535,0,svm,max,balanced,cached_mxbai,4100,1782217790.3044646,,,
8614,0,svm,max,balanced,cached_mxbai,4101,1782217790.8724737,,,
2047,0,svm,max,balanced,cached_mxbai,4102,1782217791.4068632,,,
5764,0,svm,max,balanced,cached_mxbai,4103,1782217791.9400666,,,
6948,0,svm,max,balanced,cached_mxbai,4104,1782217792.4815013,,,
4272,0,svm,max,balanced,cached_mxbai,4105,1782217793.018018,,,
2548,0,svm,max,balanced,cached_mxbai,4106,1782217793.559215,,,
5107,0,svm,max,balanced,cached_mxbai,4107,1782217794.1022162,,,
4076,0,svm,max,balanced,cached_mxbai,4108,1782217794.6318731,,,
5938,0,svm,max,balanced,cached_mxbai,4109,1782217795.1709583,,,
6012,0,svm,max,balanced,cached_mxbai,4110,1782217795.7346065,,,
239,0,svm,max,balanced,cached_mxbai,4111,1782217796.2674713,,,
3559,0,svm,max,balanced,cached_mxbai,4112,1782217796.8006907,,,
1074,0,svm,max,balanced,cached_mxbai,4113,1782217797.339528,,,
3139,0,svm,max,balanced,cached_mxbai,4114,1782217797.8748107,,,
1054,0,svm,max,balanced,cached_mxbai,4115,1782217798.4082465,,,
6472,0,svm,max,balanced,cached_mxbai,4116,1782217798.9441307,,,
7542,0,svm,max,balanced,cached_mxbai,4117,1782217799.4807904,,,
1406,0,svm,max,balanced,cached_mxbai,4118,1782217800.0120928,,,
3154,0,svm,max,balanced,cached_mxbai,4119,1782217800.5472398,,,
867,0,svm,max,balanced,cached_mxbai,4120,1782217801.0824032,,,
9080,0,svm,max,balanced,cached_mxbai,4121,1782217801.6188762,,,
6184,0,svm,max,balanced,cached_mxbai,4122,1782217802.1567583,,,
1744,0,svm,max,balanced,cached_mxbai,4123,1782217802.6929357,,,
10275,0,svm,max,balanced,cached_mxbai,4124,1782217803.2305436,,,
5919,0,svm,max,balanced,cached_mxbai,4125,1782217803.767309,,,
7025,0,svm,max,balanced,cached_mxbai,4126,1782217804.3034794,,,
988,0,svm,max,balanced,cached_mxbai,4127,1782217804.8381922,,,
1904,0,svm,max,balanced,cached_mxbai,4128,1782217805.3900864,,,
5927,0,svm,max,balanced,cached_mxbai,4129,1782217805.9279838,,,
7314,0,svm,max,balanced,cached_mxbai,4130,1782217806.465504,,,
3395,0,svm,max,balanced,cached_mxbai,4131,1782217807.0082126,,,
393,0,svm,max,balanced,cached_mxbai,4132,1782217807.5421283,,,
7599,0,svm,max,balanced,cached_mxbai,4133,1782217808.0790431,,,
252,0,svm,max,balanced,cached_mxbai,4134,1782217808.6147277,,,
7835,0,svm,max,balanced,cached_mxbai,4135,1782217809.1547675,,,
9127,0,svm,max,balanced,cached_mxbai,4136,1782217809.687273,,,
67,0,svm,max,balanced,cached_mxbai,4137,1782217810.225548,,,
3498,0,svm,max,balanced,cached_mxbai,4138,1782217810.759316,,,
8487,0,svm,max,balanced,cached_mxbai,4139,1782217811.2967727,,,
9500,0,svm,max,balanced,cached_mxbai,4140,1782217811.8347676,,,
5113,0,svm,max,balanced,cached_mxbai,4141,1782217812.3708854,,,
9932,0,svm,max,balanced,cached_mxbai,4142,1782217812.907373,,,
6997,0,svm,max,balanced,cached_mxbai,4143,1782217813.4485822,,,
7791,0,svm,max,balanced,cached_mxbai,4144,1782217813.9839795,,,
8674,0,svm,max,balanced,cached_mxbai,4145,1782217814.5202715,,,
3066,0,svm,max,balanced,cached_mxbai,4146,1782217815.0647793,,,
8765,0,svm,max,balanced,cached_mxbai,4147,1782217815.6164558,,,
1636,0,svm,max,balanced,cached_mxbai,4148,1782217816.1569123,,,
1598,0,svm,max,balanced,cached_mxbai,4149,1782217816.694343,,,
1201,0,svm,max,balanced,cached_mxbai,4150,1782217817.2290578,,,
9662,0,svm,max,balanced,cached_mxbai,4151,1782217817.7659655,,,
2658,0,svm,max,balanced,cached_mxbai,4152,1782217818.3043673,,,
1390,0,svm,max,balanced,cached_mxbai,4153,1782217818.8446293,,,
5966,0,svm,max,balanced,cached_mxbai,4154,1782217819.3803625,,,
3369,0,svm,max,balanced,cached_mxbai,4155,1782217819.915052,,,
8703,0,svm,max,balanced,cached_mxbai,4156,1782217820.453107,,,
7785,0,svm,max,balanced,cached_mxbai,4157,1782217820.9962962,,,
6157,0,svm,max,balanced,cached_mxbai,4158,1782217821.5340798,,,
7426,0,svm,max,balanced,cached_mxbai,4159,1782217822.074088,,,
9982,0,svm,max,balanced,cached_mxbai,4160,1782217822.615295,,,
4911,0,svm,max,balanced,cached_mxbai,4161,1782217823.162154,,,
1828,0,svm,max,balanced,cached_mxbai,4162,1782217823.7415056,,,
122,0,svm,max,balanced,cached_mxbai,4163,1782217824.2857702,,,
920,0,svm,max,balanced,cached_mxbai,4164,1782217824.8325815,,,
9639,0,svm,max,balanced,cached_mxbai,4165,1782217825.4009006,,,
5411,0,svm,max,balanced,cached_mxbai,4166,1782217825.9448817,,,
1436,0,svm,max,balanced,cached_mxbai,4167,1782217826.4918141,,,
70,0,svm,max,balanced,cached_mxbai,4168,1782217827.0401874,,,
4043,0,svm,max,balanced,cached_mxbai,4169,1782217827.57967,,,
2744,0,svm,max,balanced,cached_mxbai,4170,1782217828.1276813,,,
4033,0,svm,max,balanced,cached_mxbai,4171,1782217828.6714993,,,
2902,0,svm,max,balanced,cached_mxbai,4172,1782217829.2308946,,,
5173,0,svm,max,balanced,cached_mxbai,4173,1782217829.7821462,,,
4948,0,svm,max,balanced,cached_mxbai,4174,1782217830.327126,,,
8222,0,svm,max,balanced,cached_mxbai,4175,1782217830.8664901,,,
9987,0,svm,max,balanced,cached_mxbai,4176,1782217831.405087,,,
9895,0,svm,max,balanced,cached_mxbai,4177,1782217831.9449172,,,
7223,0,svm,max,balanced,cached_mxbai,4178,1782217832.493394,,,
1309,0,svm,max,balanced,cached_mxbai,4179,1782217833.0333316,,,
1955,0,svm,max,balanced,cached_mxbai,4180,1782217833.5822554,,,
3193,0,svm,max,balanced,cached_mxbai,4181,1782217834.1261477,,,
983,0,svm,max,balanced,cached_mxbai,4182,1782217834.6711893,,,
4388,0,svm,max,balanced,cached_mxbai,4183,1782217835.2274113,,,
3858,0,svm,max,balanced,cached_mxbai,4184,1782217835.809723,,,
4149,0,svm,max,balanced,cached_mxbai,4185,1782217836.3480976,,,
9471,0,svm,max,balanced,cached_mxbai,4186,1782217836.8890254,,,
1313,0,svm,max,balanced,cached_mxbai,4187,1782217837.4321496,,,
4563,0,svm,max,balanced,cached_mxbai,4188,1782217837.9782329,,,
3779,0,svm,max,balanced,cached_mxbai,4189,1782217838.5245557,,,
4647,0,svm,max,balanced,cached_mxbai,4190,1782217839.076028,,,
3439,0,svm,max,balanced,cached_mxbai,4191,1782217839.625216,,,
435,0,svm,max,balanced,cached_mxbai,4192,1782217840.1782937,,,
9534,0,svm,max,balanced,cached_mxbai,4193,1782217840.729264,,,
6620,0,svm,max,balanced,cached_mxbai,4194,1782217841.2797835,,,
8589,0,svm,max,balanced,cached_mxbai,4195,1782217841.8265634,,,
5626,0,svm,max,balanced,cached_mxbai,4196,1782217842.3793201,,,
10552,0,svm,max,balanced,cached_mxbai,4197,1782217842.9277136,,,
1876,0,svm,max,balanced,cached_mxbai,4198,1782217843.4802063,,,
3319,0,svm,max,balanced,cached_mxbai,4199,1782217844.0291116,,,
6852,0,svm,max,balanced,cached_mxbai,4200,1782217844.6543183,,,
9598,0,svm,max,balanced,cached_mxbai,4201,1782217845.3005555,,,
5217,0,svm,max,balanced,cached_mxbai,4202,1782217845.9278028,,,
1540,0,svm,max,balanced,cached_mxbai,4203,1782217846.4795415,,,
7934,0,svm,max,balanced,cached_mxbai,4204,1782217847.0329108,,,
5474,0,svm,max,balanced,cached_mxbai,4205,1782217847.595819,,,
145,0,svm,max,balanced,cached_mxbai,4206,1782217848.1665206,,,
3882,0,svm,max,balanced,cached_mxbai,4207,1782217848.7149785,,,
2313,0,svm,max,balanced,cached_mxbai,4208,1782217849.2757895,,,
3324,0,svm,max,balanced,cached_mxbai,4209,1782217849.8243582,,,
9680,0,svm,max,balanced,cached_mxbai,4210,1782217850.383414,,,
1553,0,svm,max,balanced,cached_mxbai,4211,1782217850.9376378,,,
7624,0,svm,max,balanced,cached_mxbai,4212,1782217851.5038905,,,
1718,0,svm,max,balanced,cached_mxbai,4213,1782217852.0645113,,,
8663,0,svm,max,balanced,cached_mxbai,4214,1782217852.618902,,,
10262,0,svm,max,balanced,cached_mxbai,4215,1782217853.174782,,,
7501,0,svm,max,balanced,cached_mxbai,4216,1782217853.724783,,,
9722,0,svm,max,balanced,cached_mxbai,4217,1782217854.2758222,,,
439,0,svm,max,balanced,cached_mxbai,4218,1782217854.8270679,,,
161,0,svm,max,balanced,cached_mxbai,4219,1782217855.3924124,,,
9807,0,svm,max,balanced,cached_mxbai,4220,1782217855.9446132,,,
4650,0,svm,max,balanced,cached_mxbai,4221,1782217856.509037,,,
8869,0,svm,max,balanced,cached_mxbai,4222,1782217857.068655,,,
3299,0,svm,max,balanced,cached_mxbai,4223,1782217857.6192358,,,
147,0,svm,max,balanced,cached_mxbai,4224,1782217858.1693926,,,
3598,0,svm,max,balanced,cached_mxbai,4225,1782217858.7221494,,,
7954,0,svm,max,balanced,cached_mxbai,4226,1782217859.2775826,,,
6217,0,svm,max,balanced,cached_mxbai,4227,1782217859.8834329,,,
7543,0,svm,max,balanced,cached_mxbai,4228,1782217860.4540498,,,
5837,0,svm,max,balanced,cached_mxbai,4229,1782217861.009123,,,
1579,0,svm,max,balanced,cached_mxbai,4230,1782217861.5684524,,,
9400,0,svm,max,balanced,cached_mxbai,4231,1782217862.1310909,,,
301,0,svm,max,balanced,cached_mxbai,4232,1782217862.6818755,,,
8632,0,svm,max,balanced,cached_mxbai,4233,1782217863.2400033,,,
5040,0,svm,max,balanced,cached_mxbai,4234,1782217863.7922308,,,
2160,0,svm,max,balanced,cached_mxbai,4235,1782217864.342591,,,
5130,0,svm,max,balanced,cached_mxbai,4236,1782217864.8910174,,,
684,0,svm,max,balanced,cached_mxbai,4237,1782217865.456468,,,
1994,0,svm,max,balanced,cached_mxbai,4238,1782217866.006904,,,
3898,0,svm,max,balanced,cached_mxbai,4239,1782217866.5594165,,,
7280,0,svm,max,balanced,cached_mxbai,4240,1782217867.111994,,,
8323,0,svm,max,balanced,cached_mxbai,4241,1782217867.6677544,,,
8425,0,svm,max,balanced,cached_mxbai,4242,1782217868.223488,,,
3906,0,svm,max,balanced,cached_mxbai,4243,1782217868.7774742,,,
3880,0,svm,max,balanced,cached_mxbai,4244,1782217869.3297703,,,
5300,0,svm,max,balanced,cached_mxbai,4245,1782217869.878366,,,
525,0,svm,max,balanced,cached_mxbai,4246,1782217870.4318163,,,
6243,0,svm,max,balanced,cached_mxbai,4247,1782217870.983253,,,
6898,0,svm,max,balanced,cached_mxbai,4248,1782217871.5443172,,,
3823,0,svm,max,balanced,cached_mxbai,4249,1782217872.0972095,,,
1130,0,svm,max,balanced,cached_mxbai,4250,1782217872.6521876,,,
3799,0,svm,max,balanced,cached_mxbai,4251,1782217873.207115,,,
2994,0,svm,max,balanced,cached_mxbai,4252,1782217873.7573924,,,
4838,0,svm,max,balanced,cached_mxbai,4253,1782217874.3104684,,,
6079,0,svm,max,balanced,cached_mxbai,4254,1782217874.863741,,,
776,0,svm,max,balanced,cached_mxbai,4255,1782217875.4362857,,,
537,0,svm,max,balanced,cached_mxbai,4256,1782217875.9859495,,,
4085,0,svm,max,balanced,cached_mxbai,4257,1782217876.5417743,,,
9958,0,svm,max,balanced,cached_mxbai,4258,1782217877.0972567,,,
1152,0,svm,max,balanced,cached_mxbai,4259,1782217877.6490545,,,
8204,0,svm,max,balanced,cached_mxbai,4260,1782217878.2006824,,,
3711,0,svm,max,balanced,cached_mxbai,4261,1782217878.754494,,,
1794,0,svm,max,balanced,cached_mxbai,4262,1782217879.3076148,,,
3454,0,svm,max,balanced,cached_mxbai,4263,1782217879.8607082,,,
3100,0,svm,max,balanced,cached_mxbai,4264,1782217880.415157,,,
5477,0,svm,max,balanced,cached_mxbai,4265,1782217880.9726653,,,
7558,0,svm,max,balanced,cached_mxbai,4266,1782217881.5332973,,,
1617,0,svm,max,balanced,cached_mxbai,4267,1782217882.0892518,,,
4240,0,svm,max,balanced,cached_mxbai,4268,1782217882.6526487,,,
2767,0,svm,max,balanced,cached_mxbai,4269,1782217883.2129884,,,
4831,0,svm,max,balanced,cached_mxbai,4270,1782217883.777134,,,
3530,0,svm,max,balanced,cached_mxbai,4271,1782217884.3401484,,,
9169,0,svm,max,balanced,cached_mxbai,4272,1782217884.9022028,,,
4715,0,svm,max,balanced,cached_mxbai,4273,1782217885.489092,,,
602,0,svm,max,balanced,cached_mxbai,4274,1782217886.0501776,,,
3311,0,svm,max,balanced,cached_mxbai,4275,1782217886.6135075,,,
1206,0,svm,max,balanced,cached_mxbai,4276,1782217887.1773736,,,
9367,0,svm,max,balanced,cached_mxbai,4277,1782217887.7332642,,,
6332,0,svm,max,balanced,cached_mxbai,4278,1782217888.2908974,,,
4267,0,svm,max,balanced,cached_mxbai,4279,1782217888.853106,,,
3517,0,svm,max,balanced,cached_mxbai,4280,1782217889.4303772,,,
8672,0,svm,max,balanced,cached_mxbai,4281,1782217889.9904244,,,
5642,0,svm,max,balanced,cached_mxbai,4282,1782217890.5487838,,,
192,0,svm,max,balanced,cached_mxbai,4283,1782217891.1048877,,,
9043,0,svm,max,balanced,cached_mxbai,4284,1782217891.6649055,,,
1521,0,svm,max,balanced,cached_mxbai,4285,1782217892.2257395,,,
8341,0,svm,max,balanced,cached_mxbai,4286,1782217892.7814949,,,
7450,0,svm,max,balanced,cached_mxbai,4287,1782217893.3380184,,,
1204,0,svm,max,balanced,cached_mxbai,4288,1782217893.895226,,,
8549,0,svm,max,balanced,cached_mxbai,4289,1782217894.4496386,,,
3837,0,svm,max,balanced,cached_mxbai,4290,1782217895.0038636,,,
7640,0,svm,max,balanced,cached_mxbai,4291,1782217895.5736525,,,
9597,0,svm,max,balanced,cached_mxbai,4292,1782217896.1261706,,,
9924,0,svm,max,balanced,cached_mxbai,4293,1782217896.679041,,,
4479,0,svm,max,balanced,cached_mxbai,4294,1782217897.2345836,,,
1967,0,svm,max,balanced,cached_mxbai,4295,1782217897.7920682,,,
9655,0,svm,max,balanced,cached_mxbai,4296,1782217898.3444846,,,
1185,0,svm,max,balanced,cached_mxbai,4297,1782217898.907435,,,
10548,0,svm,max,balanced,cached_mxbai,4298,1782217899.4711776,,,
4298,0,svm,max,balanced,cached_mxbai,4299,1782217900.027921,,,
3438,0,svm,max,balanced,cached_mxbai,4300,1782217900.5905719,,,
10072,0,svm,max,balanced,cached_mxbai,4301,1782217901.1479375,,,
1630,0,svm,max,balanced,cached_mxbai,4302,1782217901.706496,,,
3037,0,svm,max,balanced,cached_mxbai,4303,1782217902.2618809,,,
1475,0,svm,max,balanced,cached_mxbai,4304,1782217902.8162453,,,
7613,0,svm,max,balanced,cached_mxbai,4305,1782217903.3742115,,,
7885,0,svm,max,balanced,cached_mxbai,4306,1782217903.9308805,,,
3854,0,svm,max,balanced,cached_mxbai,4307,1782217904.4906409,,,
2934,0,svm,max,balanced,cached_mxbai,4308,1782217905.055907,,,
10265,0,svm,max,balanced,cached_mxbai,4309,1782217905.6429102,,,
8922,0,svm,max,balanced,cached_mxbai,4310,1782217906.2046328,,,
7513,0,svm,max,balanced,cached_mxbai,4311,1782217906.7686083,,,
2763,0,svm,max,balanced,cached_mxbai,4312,1782217907.324364,,,
9246,0,svm,max,balanced,cached_mxbai,4313,1782217907.8850806,,,
5541,0,svm,max,balanced,cached_mxbai,4314,1782217908.4428937,,,
7990,0,svm,max,balanced,cached_mxbai,4315,1782217909.0085757,,,
3769,0,svm,max,balanced,cached_mxbai,4316,1782217909.568692,,,
3014,0,svm,max,balanced,cached_mxbai,4317,1782217910.1255057,,,
1208,0,svm,max,balanced,cached_mxbai,4318,1782217910.6830766,,,
668,0,svm,max,balanced,cached_mxbai,4319,1782217911.2407846,,,
9444,0,svm,max,balanced,cached_mxbai,4320,1782217911.801651,,,
899,0,svm,max,balanced,cached_mxbai,4321,1782217912.3624544,,,
10347,0,svm,max,balanced,cached_mxbai,4322,1782217912.9181304,,,
3096,0,svm,max,balanced,cached_mxbai,4323,1782217913.4752421,,,
280,0,svm,max,balanced,cached_mxbai,4324,1782217914.0337272,,,
3915,0,svm,max,balanced,cached_mxbai,4325,1782217914.5903842,,,
6999,0,svm,max,balanced,cached_mxbai,4326,1782217915.1519175,,,
4040,0,svm,max,balanced,cached_mxbai,4327,1782217915.7301352,,,
9946,0,svm,max,balanced,cached_mxbai,4328,1782217916.283752,,,
3068,0,svm,max,balanced,cached_mxbai,4329,1782217916.8424797,,,
9641,0,svm,max,balanced,cached_mxbai,4330,1782217917.4106393,,,
2509,0,svm,max,balanced,cached_mxbai,4331,1782217917.9732695,,,
6043,0,svm,max,balanced,cached_mxbai,4332,1782217918.529331,,,
5532,0,svm,max,balanced,cached_mxbai,4333,1782217919.094849,,,
5930,0,svm,max,balanced,cached_mxbai,4334,1782217919.6615007,,,
3749,0,svm,max,balanced,cached_mxbai,4335,1782217920.2366962,,,
3628,0,svm,max,balanced,cached_mxbai,4336,1782217920.8256152,,,
2608,0,svm,max,balanced,cached_mxbai,4337,1782217921.4152596,,,
2930,0,svm,max,balanced,cached_mxbai,4338,1782217921.9768105,,,
4285,0,svm,max,balanced,cached_mxbai,4339,1782217922.5452871,,,
3469,0,svm,max,balanced,cached_mxbai,4340,1782217923.1144269,,,
2411,0,svm,max,balanced,cached_mxbai,4341,1782217923.6768703,,,
2730,0,svm,max,balanced,cached_mxbai,4342,1782217924.2377985,,,
2778,0,svm,max,balanced,cached_mxbai,4343,1782217924.7960553,,,
3541,0,svm,max,balanced,cached_mxbai,4344,1782217925.3711104,,,
4050,0,svm,max,balanced,cached_mxbai,4345,1782217925.926528,,,
2593,0,svm,max,balanced,cached_mxbai,4346,1782217926.48871,,,
3133,0,svm,max,balanced,cached_mxbai,4347,1782217927.049234,,,
4860,0,svm,max,balanced,cached_mxbai,4348,1782217927.615581,,,
8350,0,svm,max,balanced,cached_mxbai,4349,1782217928.1782732,,,
761,0,svm,max,balanced,cached_mxbai,4350,1782217928.7421277,,,
214,0,svm,max,balanced,cached_mxbai,4351,1782217929.2999988,,,
1337,0,svm,max,balanced,cached_mxbai,4352,1782217929.863995,,,
8898,0,svm,max,balanced,cached_mxbai,4353,1782217930.4225733,,,
8147,0,svm,max,balanced,cached_mxbai,4354,1782217930.993051,,,
3631,0,svm,max,balanced,cached_mxbai,4355,1782217931.552204,,,
4798,0,svm,max,balanced,cached_mxbai,4356,1782217932.1199331,,,
3315,0,svm,max,balanced,cached_mxbai,4357,1782217932.6817417,,,
8932,0,svm,max,balanced,cached_mxbai,4358,1782217933.2509768,,,
1838,0,svm,max,balanced,cached_mxbai,4359,1782217933.8195586,,,
5898,0,svm,max,balanced,cached_mxbai,4360,1782217934.3821926,,,
8538,0,svm,max,balanced,cached_mxbai,4361,1782217934.9413676,,,
7957,0,svm,max,balanced,cached_mxbai,4362,1782217935.522944,,,
4946,0,svm,max,balanced,cached_mxbai,4363,1782217936.0916684,,,
6556,0,svm,max,balanced,cached_mxbai,4364,1782217936.6541522,,,
2786,0,svm,max,balanced,cached_mxbai,4365,1782217937.2214715,,,
2644,0,svm,max,balanced,cached_mxbai,4366,1782217937.7796214,,,
6023,0,svm,max,balanced,cached_mxbai,4367,1782217938.341449,,,
1221,0,svm,max,balanced,cached_mxbai,4368,1782217938.9058714,,,
2968,0,svm,max,balanced,cached_mxbai,4369,1782217939.4702911,,,
6592,0,svm,max,balanced,cached_mxbai,4370,1782217940.0390666,,,
1512,0,svm,max,balanced,cached_mxbai,4371,1782217940.6061776,,,
8894,0,svm,max,balanced,cached_mxbai,4372,1782217941.1852732,,,
4137,0,svm,max,balanced,cached_mxbai,4373,1782217941.750441,,,
68,0,svm,max,balanced,cached_mxbai,4374,1782217942.3150485,,,
5279,0,svm,max,balanced,cached_mxbai,4375,1782217942.879906,,,
3186,0,svm,max,balanced,cached_mxbai,4376,1782217943.442156,,,
4025,0,svm,max,balanced,cached_mxbai,4377,1782217944.0099468,,,
2146,0,svm,max,balanced,cached_mxbai,4378,1782217944.5777256,,,
6016,0,svm,max,balanced,cached_mxbai,4379,1782217945.1517067,,,
10581,0,svm,max,balanced,cached_mxbai,4380,1782217945.7402115,,,
1997,0,svm,max,balanced,cached_mxbai,4381,1782217946.3060038,,,
719,0,svm,max,balanced,cached_mxbai,4382,1782217946.8726356,,,
6141,0,svm,max,balanced,cached_mxbai,4383,1782217947.4387162,,,
4429,0,svm,max,balanced,cached_mxbai,4384,1782217948.0038786,,,
10340,0,svm,max,balanced,cached_mxbai,4385,1782217948.57038,,,
455,0,svm,max,balanced,cached_mxbai,4386,1782217949.1354303,,,
6299,0,svm,max,balanced,cached_mxbai,4387,1782217949.7029424,,,
2986,0,svm,max,balanced,cached_mxbai,4388,1782217950.2676933,,,
141,0,svm,max,balanced,cached_mxbai,4389,1782217950.8308487,,,
4984,0,svm,max,balanced,cached_mxbai,4390,1782217951.4028704,,,
6653,0,svm,max,balanced,cached_mxbai,4391,1782217951.9740639,,,
6073,0,svm,max,balanced,cached_mxbai,4392,1782217952.5435424,,,
7013,0,svm,max,balanced,cached_mxbai,4393,1782217953.1159585,,,
7628,0,svm,max,balanced,cached_mxbai,4394,1782217953.6855474,,,
5910,0,svm,max,balanced,cached_mxbai,4395,1782217954.2552302,,,
731,0,svm,max,balanced,cached_mxbai,4396,1782217954.8197105,,,
2580,0,svm,max,balanced,cached_mxbai,4397,1782217955.412937,,,
6354,0,svm,max,balanced,cached_mxbai,4398,1782217955.978906,,,
9181,0,svm,max,balanced,cached_mxbai,4399,1782217956.5494125,,,
1871,0,svm,max,balanced,cached_mxbai,4400,1782217957.117206,,,
848,0,svm,max,balanced,cached_mxbai,4401,1782217957.6855104,,,
5402,0,svm,max,balanced,cached_mxbai,4402,1782217958.2567642,,,
5740,0,svm,max,balanced,cached_mxbai,4403,1782217958.8272018,,,
3408,0,svm,max,balanced,cached_mxbai,4404,1782217959.3987823,,,
7003,0,svm,max,balanced,cached_mxbai,4405,1782217959.969515,,,
1825,0,svm,max,balanced,cached_mxbai,4406,1782217960.5347288,,,
6897,0,svm,max,balanced,cached_mxbai,4407,1782217961.103134,,,
5694,0,svm,max,balanced,cached_mxbai,4408,1782217961.7580273,,,
803,0,svm,max,balanced,cached_mxbai,4409,1782217962.4167109,,,
10519,0,svm,max,balanced,cached_mxbai,4410,1782217963.0612752,,,
5836,0,svm,max,balanced,cached_mxbai,4411,1782217963.713086,,,
9490,0,svm,max,balanced,cached_mxbai,4412,1782217964.3573923,,,
10068,0,svm,max,balanced,cached_mxbai,4413,1782217965.004516,,,
7620,0,svm,max,balanced,cached_mxbai,4414,1782217965.5946856,,,
8873,0,svm,max,balanced,cached_mxbai,4415,1782217966.1641693,,,
63,0,svm,max,balanced,cached_mxbai,4416,1782217966.7300172,,,
4152,0,svm,max,balanced,cached_mxbai,4417,1782217967.2996488,,,
2394,0,svm,max,balanced,cached_mxbai,4418,1782217967.8651545,,,
90,0,svm,max,balanced,cached_mxbai,4419,1782217968.4361176,,,
8630,0,svm,max,balanced,cached_mxbai,4420,1782217969.0130732,,,
4856,0,svm,max,balanced,cached_mxbai,4421,1782217969.580786,,,
7459,0,svm,max,balanced,cached_mxbai,4422,1782217970.1484923,,,
449,0,svm,max,balanced,cached_mxbai,4423,1782217970.7195172,,,
9347,0,svm,max,balanced,cached_mxbai,4424,1782217971.2861214,,,
3085,0,svm,max,balanced,cached_mxbai,4425,1782217971.8558722,,,
3334,0,svm,max,balanced,cached_mxbai,4426,1782217972.4264145,,,
3191,0,svm,max,balanced,cached_mxbai,4427,1782217973.0001254,,,
5201,0,svm,max,balanced,cached_mxbai,4428,1782217973.5817,,,
9372,0,svm,max,balanced,cached_mxbai,4429,1782217974.1591964,,,
9511,0,svm,max,balanced,cached_mxbai,4430,1782217974.8219166,,,
4054,0,svm,max,balanced,cached_mxbai,4431,1782217975.412917,,,
7484,0,svm,max,balanced,cached_mxbai,4432,1782217975.9815814,,,
2785,0,svm,max,balanced,cached_mxbai,4433,1782217976.5554688,,,
9205,0,svm,max,balanced,cached_mxbai,4434,1782217977.132862,,,
6937,0,svm,max,balanced,cached_mxbai,4435,1782217977.7125025,,,
2924,0,svm,max,balanced,cached_mxbai,4436,1782217978.2830453,,,
4953,0,svm,max,balanced,cached_mxbai,4437,1782217978.8609726,,,
1668,0,svm,max,balanced,cached_mxbai,4438,1782217979.4316564,,,
5143,0,svm,max,balanced,cached_mxbai,4439,1782217980.0045118,,,
5772,0,svm,max,balanced,cached_mxbai,4440,1782217980.5776207,,,
4181,0,svm,max,balanced,cached_mxbai,4441,1782217981.1527972,,,
9178,0,svm,max,balanced,cached_mxbai,4442,1782217981.7300239,,,
9212,0,svm,max,balanced,cached_mxbai,4443,1782217982.3222058,,,
5498,0,svm,max,balanced,cached_mxbai,4444,1782217982.9003189,,,
5664,0,svm,max,balanced,cached_mxbai,4445,1782217983.4787085,,,
3267,0,svm,max,balanced,cached_mxbai,4446,1782217984.0549204,,,
5675,0,svm,max,balanced,cached_mxbai,4447,1782217984.6339884,,,
5738,0,svm,max,balanced,cached_mxbai,4448,1782217985.2045734,,,
3362,0,svm,max,balanced,cached_mxbai,4449,1782217985.794833,,,
10421,0,svm,max,balanced,cached_mxbai,4450,1782217986.3702054,,,
10236,0,svm,max,balanced,cached_mxbai,4451,1782217986.943872,,,
8304,0,svm,max,balanced,cached_mxbai,4452,1782217987.5224683,,,
1454,0,svm,max,balanced,cached_mxbai,4453,1782217988.0965693,,,
1569,0,svm,max,balanced,cached_mxbai,4454,1782217988.6833887,,,
987,0,svm,max,balanced,cached_mxbai,4455,1782217989.2627184,,,
5887,0,svm,max,balanced,cached_mxbai,4456,1782217989.8456645,,,
3531,0,svm,max,balanced,cached_mxbai,4457,1782217990.4207134,,,
2462,0,svm,max,balanced,cached_mxbai,4458,1782217990.9978,,,
3928,0,svm,max,balanced,cached_mxbai,4459,1782217991.5777915,,,
4754,0,svm,max,balanced,cached_mxbai,4460,1782217992.1551576,,,
7889,0,svm,max,balanced,cached_mxbai,4461,1782217992.7318738,,,
1467,0,svm,max,balanced,cached_mxbai,4462,1782217993.4033144,,,
376,0,svm,max,balanced,cached_mxbai,4463,1782217994.0753136,,,
5868,0,svm,max,balanced,cached_mxbai,4464,1782217994.744521,,,
7718,0,svm,max,balanced,cached_mxbai,4465,1782217995.450421,,,
744,0,svm,max,balanced,cached_mxbai,4466,1782217996.119634,,,
3532,0,svm,max,balanced,cached_mxbai,4467,1782217996.7926881,,,
3123,0,svm,max,balanced,cached_mxbai,4468,1782217997.4523675,,,
6561,0,svm,max,balanced,cached_mxbai,4469,1782217998.1049721,,,
9745,0,svm,max,balanced,cached_mxbai,4470,1782217998.7627852,,,
2607,0,svm,max,balanced,cached_mxbai,4471,1782217999.415024,,,
5337,0,svm,max,balanced,cached_mxbai,4472,1782218000.0719352,,,
8177,0,svm,max,balanced,cached_mxbai,4473,1782218000.7276433,,,
2446,0,svm,max,balanced,cached_mxbai,4474,1782218001.3833766,,,
5225,0,svm,max,balanced,cached_mxbai,4475,1782218002.051082,,,
2194,0,svm,max,balanced,cached_mxbai,4476,1782218002.691485,,,
753,0,svm,max,balanced,cached_mxbai,4477,1782218003.3138657,,,
2561,0,svm,max,balanced,cached_mxbai,4478,1782218003.9661589,,,
9705,0,svm,max,balanced,cached_mxbai,4479,1782218004.6074798,,,
2695,0,svm,max,balanced,cached_mxbai,4480,1782218005.28221,,,
8978,0,svm,max,balanced,cached_mxbai,4481,1782218005.9314156,,,
3394,0,svm,max,balanced,cached_mxbai,4482,1782218006.5701854,,,
2338,0,svm,max,balanced,cached_mxbai,4483,1782218007.2104478,,,
8108,0,svm,max,balanced,cached_mxbai,4484,1782218007.851889,,,
2177,0,svm,max,balanced,cached_mxbai,4485,1782218008.4941502,,,
9667,0,svm,max,balanced,cached_mxbai,4486,1782218009.1416779,,,
9486,0,svm,max,balanced,cached_mxbai,4487,1782218009.7850287,,,
6031,0,svm,max,balanced,cached_mxbai,4488,1782218010.430174,,,
3958,0,svm,max,balanced,cached_mxbai,4489,1782218011.075246,,,
7829,0,svm,max,balanced,cached_mxbai,4490,1782218011.7880054,,,
2284,0,svm,max,balanced,cached_mxbai,4491,1782218012.4957933,,,
7188,0,svm,max,balanced,cached_mxbai,4492,1782218013.1419358,,,
1804,0,svm,max,balanced,cached_mxbai,4493,1782218013.790736,,,
953,0,svm,max,balanced,cached_mxbai,4494,1782218014.4396644,,,
8187,0,svm,max,balanced,cached_mxbai,4495,1782218015.0903163,,,
2988,0,svm,max,balanced,cached_mxbai,4496,1782218015.7588742,,,
5047,0,svm,max,balanced,cached_mxbai,4497,1782218016.4188848,,,
6076,0,svm,max,balanced,cached_mxbai,4498,1782218017.0757148,,,
8948,0,svm,max,balanced,cached_mxbai,4499,1782218017.730534,,,
3114,0,svm,max,balanced,cached_mxbai,4500,1782218018.3827398,,,
8781,0,svm,max,balanced,cached_mxbai,4501,1782218019.0463808,,,
1956,0,svm,max,balanced,cached_mxbai,4502,1782218019.7069013,,,
1067,0,svm,max,balanced,cached_mxbai,4503,1782218020.3670826,,,
2186,0,svm,max,balanced,cached_mxbai,4504,1782218021.0326078,,,
8727,0,svm,max,balanced,cached_mxbai,4505,1782218021.7039924,,,
7209,0,svm,max,balanced,cached_mxbai,4506,1782218022.36515,,,
7039,0,svm,max,balanced,cached_mxbai,4507,1782218023.0223708,,,
119,0,svm,max,balanced,cached_mxbai,4508,1782218023.6740444,,,
6701,0,svm,max,balanced,cached_mxbai,4509,1782218024.3358996,,,
7713,0,svm,max,balanced,cached_mxbai,4510,1782218024.9975948,,,
2528,0,svm,max,balanced,cached_mxbai,4511,1782218025.6859584,,,
1558,0,svm,max,balanced,cached_mxbai,4512,1782218026.3469043,,,
3340,0,svm,max,balanced,cached_mxbai,4513,1782218027.0067234,,,
6259,0,svm,max,balanced,cached_mxbai,4514,1782218027.666435,,,
8277,0,svm,max,balanced,cached_mxbai,4515,1782218028.3242834,,,
9717,0,svm,max,balanced,cached_mxbai,4516,1782218028.9866145,,,
8613,0,svm,max,balanced,cached_mxbai,4517,1782218029.6454935,,,
211,0,svm,max,balanced,cached_mxbai,4518,1782218030.3080194,,,
3259,0,svm,max,balanced,cached_mxbai,4519,1782218030.965754,,,
1037,0,svm,max,balanced,cached_mxbai,4520,1782218031.6234376,,,
3425,0,svm,max,balanced,cached_mxbai,4521,1782218032.2991364,,,
4830,0,svm,max,balanced,cached_mxbai,4522,1782218032.9594321,,,
7068,0,svm,max,balanced,cached_mxbai,4523,1782218033.6207778,,,
9697,0,svm,max,balanced,cached_mxbai,4524,1782218034.2909143,,,
10481,0,svm,max,balanced,cached_mxbai,4525,1782218034.952165,,,
3638,0,svm,max,balanced,cached_mxbai,4526,1782218035.6385908,,,
88,0,svm,max,balanced,cached_mxbai,4527,1782218036.3057597,,,
2380,0,svm,max,balanced,cached_mxbai,4528,1782218036.9749815,,,
658,0,svm,max,balanced,cached_mxbai,4529,1782218037.5837104,,,
9202,0,svm,max,balanced,cached_mxbai,4530,1782218038.1853023,,,
976,0,svm,max,balanced,cached_mxbai,4531,1782218038.7947295,,,
8872,0,svm,max,balanced,cached_mxbai,4532,1782218039.3937669,,,
6352,0,svm,max,balanced,cached_mxbai,4533,1782218039.994894,,,
3352,0,svm,max,balanced,cached_mxbai,4534,1782218040.5923228,,,
7752,0,svm,max,balanced,cached_mxbai,4535,1782218041.1924794,,,
2219,0,svm,max,balanced,cached_mxbai,4536,1782218041.793109,,,
4247,0,svm,max,balanced,cached_mxbai,4537,1782218042.4050272,,,
4890,0,svm,max,balanced,cached_mxbai,4538,1782218043.0057375,,,
3153,0,svm,max,balanced,cached_mxbai,4539,1782218043.5982363,,,
9744,0,svm,max,balanced,cached_mxbai,4540,1782218044.1993763,,,
7471,0,svm,max,balanced,cached_mxbai,4541,1782218044.7971263,,,
6447,0,svm,max,balanced,cached_mxbai,4542,1782218045.409747,,,
1188,0,svm,max,balanced,cached_mxbai,4543,1782218046.0086741,,,
1263,0,svm,max,balanced,cached_mxbai,4544,1782218046.6066296,,,
6388,0,svm,max,balanced,cached_mxbai,4545,1782218047.2095923,,,
5051,0,svm,max,balanced,cached_mxbai,4546,1782218047.8102582,,,
3470,0,svm,max,balanced,cached_mxbai,4547,1782218048.409331,,,
1434,0,svm,max,balanced,cached_mxbai,4548,1782218049.0177662,,,
4645,0,svm,max,balanced,cached_mxbai,4549,1782218049.6158018,,,
1691,0,svm,max,balanced,cached_mxbai,4550,1782218050.2163765,,,
5211,0,svm,max,balanced,cached_mxbai,4551,1782218050.814079,,,
8659,0,svm,max,balanced,cached_mxbai,4552,1782218051.4160583,,,
444,0,svm,max,balanced,cached_mxbai,4553,1782218052.0163577,,,
8616,0,svm,max,balanced,cached_mxbai,4554,1782218052.6193964,,,
8070,0,svm,max,balanced,cached_mxbai,4555,1782218053.2222817,,,
6806,0,svm,max,balanced,cached_mxbai,4556,1782218053.8300657,,,
1591,0,svm,max,balanced,cached_mxbai,4557,1782218054.442177,,,
906,0,svm,max,balanced,cached_mxbai,4558,1782218055.0510502,,,
9161,0,svm,max,balanced,cached_mxbai,4559,1782218055.6705925,,,
10172,0,svm,max,balanced,cached_mxbai,4560,1782218056.2726352,,,
5627,0,svm,max,balanced,cached_mxbai,4561,1782218056.8771374,,,
8113,0,svm,max,balanced,cached_mxbai,4562,1782218057.4811108,,,
972,0,svm,max,balanced,cached_mxbai,4563,1782218058.0867145,,,
2754,0,svm,max,balanced,cached_mxbai,4564,1782218058.687213,,,
8992,0,svm,max,balanced,cached_mxbai,4565,1782218059.2925067,,,
8106,0,svm,max,balanced,cached_mxbai,4566,1782218059.898439,,,
4099,0,svm,max,balanced,cached_mxbai,4567,1782218060.4990833,,,
2925,0,svm,max,balanced,cached_mxbai,4568,1782218061.1082401,,,
9441,0,svm,max,balanced,cached_mxbai,4569,1782218061.7091749,,,
3472,0,svm,max,balanced,cached_mxbai,4570,1782218062.315643,,,
8302,0,svm,max,balanced,cached_mxbai,4571,1782218062.9198902,,,
3547,0,svm,max,balanced,cached_mxbai,4572,1782218063.5236082,,,
4956,0,svm,max,balanced,cached_mxbai,4573,1782218064.1267135,,,
7997,0,svm,max,balanced,cached_mxbai,4574,1782218064.7296002,,,
3138,0,svm,max,balanced,cached_mxbai,4575,1782218065.3579752,,,
9192,0,svm,max,balanced,cached_mxbai,4576,1782218065.965112,,,
3967,0,svm,max,balanced,cached_mxbai,4577,1782218066.5677097,,,
5824,0,svm,max,balanced,cached_mxbai,4578,1782218067.1749082,,,
5204,0,svm,max,balanced,cached_mxbai,4579,1782218067.7777314,,,
6987,0,svm,max,balanced,cached_mxbai,4580,1782218068.3798802,,,
8886,0,svm,max,balanced,cached_mxbai,4581,1782218068.990398,,,
3501,0,svm,max,balanced,cached_mxbai,4582,1782218069.6002908,,,
5533,0,svm,max,balanced,cached_mxbai,4583,1782218070.209931,,,
1882,0,svm,max,balanced,cached_mxbai,4584,1782218070.818568,,,
3265,0,svm,max,balanced,cached_mxbai,4585,1782218071.4288163,,,
4854,0,svm,max,balanced,cached_mxbai,4586,1782218072.0489638,,,
8478,0,svm,max,balanced,cached_mxbai,4587,1782218072.655195,,,
1725,0,svm,max,balanced,cached_mxbai,4588,1782218073.2646582,,,
2581,0,svm,max,balanced,cached_mxbai,4589,1782218073.8729992,,,
8566,0,svm,max,balanced,cached_mxbai,4590,1782218074.4871233,,,
7736,0,svm,max,balanced,cached_mxbai,4591,1782218075.0982063,,,
7389,0,svm,max,balanced,cached_mxbai,4592,1782218075.7190728,,,
5169,0,svm,max,balanced,cached_mxbai,4593,1782218076.4035208,,,
5929,0,svm,max,balanced,cached_mxbai,4594,1782218077.0880318,,,
2604,0,svm,max,balanced,cached_mxbai,4595,1782218077.772122,,,
8064,0,svm,max,balanced,cached_mxbai,4596,1782218078.4628572,,,
1593,0,svm,max,balanced,cached_mxbai,4597,1782218079.1537533,,,
5046,0,svm,max,balanced,cached_mxbai,4598,1782218079.8381662,,,
4000,0,svm,max,balanced,cached_mxbai,4599,1782218080.5236547,,,
8748,0,svm,max,balanced,cached_mxbai,4600,1782218081.2128308,,,
10459,0,svm,max,balanced,cached_mxbai,4601,1782218081.8960514,,,
802,0,svm,max,balanced,cached_mxbai,4602,1782218082.5827463,,,
3018,0,svm,max,balanced,cached_mxbai,4603,1782218083.272514,,,
2784,0,svm,max,balanced,cached_mxbai,4604,1782218083.9569252,,,
4447,0,svm,max,balanced,cached_mxbai,4605,1782218084.6482165,,,
10533,0,svm,max,balanced,cached_mxbai,4606,1782218085.360449,,,
5404,0,svm,max,balanced,cached_mxbai,4607,1782218086.0538378,,,
4791,0,svm,max,balanced,cached_mxbai,4608,1782218086.7389169,,,
801,0,svm,max,balanced,cached_mxbai,4609,1782218087.4351628,,,
6088,0,svm,max,balanced,cached_mxbai,4610,1782218088.1309788,,,
3361,0,svm,max,balanced,cached_mxbai,4611,1782218088.741402,,,
7840,0,svm,max,balanced,cached_mxbai,4612,1782218089.3531713,,,
9561,0,svm,max,balanced,cached_mxbai,4613,1782218089.9623322,,,
7414,0,svm,max,balanced,cached_mxbai,4614,1782218090.5816438,,,
5812,0,svm,max,balanced,cached_mxbai,4615,1782218091.195699,,,
6621,0,svm,max,balanced,cached_mxbai,4616,1782218091.8804662,,,
640,0,svm,max,balanced,cached_mxbai,4617,1782218092.4957209,,,
903,0,svm,max,balanced,cached_mxbai,4618,1782218093.104656,,,
10090,0,svm,max,balanced,cached_mxbai,4619,1782218093.717613,,,
4817,0,svm,max,balanced,cached_mxbai,4620,1782218094.3347592,,,
7447,0,svm,max,balanced,cached_mxbai,4621,1782218094.9455538,,,
3750,0,svm,max,balanced,cached_mxbai,4622,1782218095.655798,,,
3318,0,svm,max,balanced,cached_mxbai,4623,1782218096.3519871,,,
3653,0,svm,max,balanced,cached_mxbai,4624,1782218097.0469122,,,
4157,0,svm,max,balanced,cached_mxbai,4625,1782218097.745533,,,
3942,0,svm,max,balanced,cached_mxbai,4626,1782218098.4394155,,,
6087,0,svm,max,balanced,cached_mxbai,4627,1782218099.1375773,,,
1171,0,svm,max,balanced,cached_mxbai,4628,1782218099.8256776,,,
6389,0,svm,max,balanced,cached_mxbai,4629,1782218100.5179358,,,
4783,0,svm,max,balanced,cached_mxbai,4630,1782218101.2111561,,,
886,0,svm,max,balanced,cached_mxbai,4631,1782218101.904624,,,
6872,0,svm,max,balanced,cached_mxbai,4632,1782218102.526032,,,
2738,0,svm,max,balanced,cached_mxbai,4633,1782218103.144944,,,
9271,0,svm,max,balanced,cached_mxbai,4634,1782218103.760265,,,
9711,0,svm,max,balanced,cached_mxbai,4635,1782218104.3714342,,,
5884,0,svm,max,balanced,cached_mxbai,4636,1782218104.9841697,,,
1025,0,svm,max,balanced,cached_mxbai,4637,1782218105.618981,,,
2084,0,svm,max,balanced,cached_mxbai,4638,1782218106.2296307,,,
8983,0,svm,max,balanced,cached_mxbai,4639,1782218106.8398688,,,
1142,0,svm,max,balanced,cached_mxbai,4640,1782218107.45986,,,
8604,0,svm,max,balanced,cached_mxbai,4641,1782218108.078801,,,
7103,0,svm,max,balanced,cached_mxbai,4642,1782218108.6877382,,,
2631,0,svm,max,balanced,cached_mxbai,4643,1782218109.3027604,,,
3682,0,svm,max,balanced,cached_mxbai,4644,1782218109.9123776,,,
4255,0,svm,max,balanced,cached_mxbai,4645,1782218110.5250435,,,
8866,0,svm,max,balanced,cached_mxbai,4646,1782218111.139505,,,
990,0,svm,max,balanced,cached_mxbai,4647,1782218111.751083,,,
3468,0,svm,max,balanced,cached_mxbai,4648,1782218112.3652403,,,
1189,0,svm,max,balanced,cached_mxbai,4649,1782218112.97975,,,
9353,0,svm,max,balanced,cached_mxbai,4650,1782218113.6030054,,,
4260,0,svm,max,balanced,cached_mxbai,4651,1782218114.223462,,,
1766,0,svm,max,balanced,cached_mxbai,4652,1782218114.843087,,,
5184,0,svm,max,balanced,cached_mxbai,4653,1782218115.4784882,,,
2292,0,svm,max,balanced,cached_mxbai,4654,1782218116.0964034,,,
3696,0,svm,max,balanced,cached_mxbai,4655,1782218116.7927718,,,
4101,0,svm,max,balanced,cached_mxbai,4656,1782218117.4948359,,,
664,0,svm,max,balanced,cached_mxbai,4657,1782218118.198907,,,
9933,0,svm,max,balanced,cached_mxbai,4658,1782218118.894429,,,
5395,0,svm,max,balanced,cached_mxbai,4659,1782218119.5921102,,,
6140,0,svm,max,balanced,cached_mxbai,4660,1782218120.2999876,,,
3870,0,svm,max,balanced,cached_mxbai,4661,1782218121.000424,,,
208,0,svm,max,balanced,cached_mxbai,4662,1782218121.699936,,,
612,0,svm,max,balanced,cached_mxbai,4663,1782218122.3950274,,,
5341,0,svm,max,balanced,cached_mxbai,4664,1782218123.100243,,,
7955,0,svm,max,balanced,cached_mxbai,4665,1782218123.8130665,,,
5349,0,svm,max,balanced,cached_mxbai,4666,1782218124.5137923,,,
1727,0,svm,max,balanced,cached_mxbai,4667,1782218125.224907,,,
2945,0,svm,max,balanced,cached_mxbai,4668,1782218125.931982,,,
4046,0,svm,max,balanced,cached_mxbai,4669,1782218126.6046112,,,
6960,0,svm,max,balanced,cached_mxbai,4670,1782218127.277539,,,
4359,0,svm,max,balanced,cached_mxbai,4671,1782218127.9541204,,,
1035,0,svm,max,balanced,cached_mxbai,4672,1782218128.625047,,,
5717,0,svm,max,balanced,cached_mxbai,4673,1782218129.3101444,,,
4355,0,svm,max,balanced,cached_mxbai,4674,1782218129.986403,,,
8127,0,svm,max,balanced,cached_mxbai,4675,1782218130.666734,,,
6885,0,svm,max,balanced,cached_mxbai,4676,1782218131.3451724,,,
8769,0,svm,max,balanced,cached_mxbai,4677,1782218132.0295494,,,
3777,0,svm,max,balanced,cached_mxbai,4678,1782218132.7080865,,,
55,0,svm,max,balanced,cached_mxbai,4679,1782218133.4054224,,,
9086,0,svm,max,balanced,cached_mxbai,4680,1782218134.091242,,,
554,0,svm,max,balanced,cached_mxbai,4681,1782218134.7734613,,,
9230,0,svm,max,balanced,cached_mxbai,4682,1782218135.4767122,,,
2921,0,svm,max,balanced,cached_mxbai,4683,1782218136.16573,,,
9955,0,svm,max,balanced,cached_mxbai,4684,1782218136.8445876,,,
3587,0,svm,max,balanced,cached_mxbai,4685,1782218137.530565,,,
7576,0,svm,max,balanced,cached_mxbai,4686,1782218138.2216742,,,
5214,0,svm,max,balanced,cached_mxbai,4687,1782218138.9132671,,,
3580,0,svm,max,balanced,cached_mxbai,4688,1782218139.5993006,,,
7740,0,svm,max,balanced,cached_mxbai,4689,1782218140.2970672,,,
10441,0,svm,max,balanced,cached_mxbai,4690,1782218140.9851422,,,
7367,0,svm,max,balanced,cached_mxbai,4691,1782218141.671875,,,
189,0,svm,max,balanced,cached_mxbai,4692,1782218142.3591664,,,
5686,0,svm,max,balanced,cached_mxbai,4693,1782218143.059765,,,
1622,0,svm,max,balanced,cached_mxbai,4694,1782218143.75195,,,
7747,0,svm,max,balanced,cached_mxbai,4695,1782218144.4426422,,,
8364,0,svm,max,balanced,cached_mxbai,4696,1782218145.1458275,,,
5683,0,svm,max,balanced,cached_mxbai,4697,1782218145.8624802,,,
3381,0,svm,max,balanced,cached_mxbai,4698,1782218146.5520272,,,
8742,0,svm,max,balanced,cached_mxbai,4699,1782218147.250772,,,
978,0,svm,max,balanced,cached_mxbai,4700,1782218147.9464307,,,
1688,0,svm,max,balanced,cached_mxbai,4701,1782218148.6464155,,,
7212,0,svm,max,balanced,cached_mxbai,4702,1782218149.3466873,,,
3035,0,svm,max,balanced,cached_mxbai,4703,1782218150.0399961,,,
7238,0,svm,max,balanced,cached_mxbai,4704,1782218150.7310202,,,
9066,0,svm,max,balanced,cached_mxbai,4705,1782218151.42125,,,
6812,0,svm,max,balanced,cached_mxbai,4706,1782218152.1140332,,,
5438,0,svm,max,balanced,cached_mxbai,4707,1782218152.806938,,,
4807,0,svm,max,balanced,cached_mxbai,4708,1782218153.5167768,,,
3864,0,svm,max,balanced,cached_mxbai,4709,1782218154.2270238,,,
5909,0,svm,max,balanced,cached_mxbai,4710,1782218154.9154801,,,
4265,0,svm,max,balanced,cached_mxbai,4711,1782218155.6322901,,,
4440,0,svm,max,balanced,cached_mxbai,4712,1782218156.3281603,,,
4307,0,svm,max,balanced,cached_mxbai,4713,1782218157.023352,,,
8600,0,svm,max,balanced,cached_mxbai,4714,1782218157.730911,,,
863,0,svm,max,balanced,cached_mxbai,4715,1782218158.45122,,,
5639,0,svm,max,balanced,cached_mxbai,4716,1782218159.1599724,,,
7789,0,svm,max,balanced,cached_mxbai,4717,1782218159.8558726,,,
6367,0,svm,max,balanced,cached_mxbai,4718,1782218160.5518978,,,
6271,0,svm,max,balanced,cached_mxbai,4719,1782218161.252046,,,
4268,0,svm,max,balanced,cached_mxbai,4720,1782218161.9462283,,,
8241,0,svm,max,balanced,cached_mxbai,4721,1782218162.6425142,,,
9913,0,svm,max,balanced,cached_mxbai,4722,1782218163.3614247,,,
984,0,svm,max,balanced,cached_mxbai,4723,1782218164.0702868,,,
766,0,svm,max,balanced,cached_mxbai,4724,1782218164.7629075,,,
2742,0,svm,max,balanced,cached_mxbai,4725,1782218165.4818687,,,
10382,0,svm,max,balanced,cached_mxbai,4726,1782218166.1797316,,,
3270,0,svm,max,balanced,cached_mxbai,4727,1782218166.8744922,,,
4177,0,svm,max,balanced,cached_mxbai,4728,1782218167.5710099,,,
6996,0,svm,max,balanced,cached_mxbai,4729,1782218168.2747679,,,
9986,0,svm,max,balanced,cached_mxbai,4730,1782218168.9736059,,,
9304,0,svm,max,balanced,cached_mxbai,4731,1782218169.6720045,,,
6075,0,svm,max,balanced,cached_mxbai,4732,1782218170.3728426,,,
2227,0,svm,max,balanced,cached_mxbai,4733,1782218171.0718703,,,
2404,0,svm,max,balanced,cached_mxbai,4734,1782218171.772915,,,
2210,0,svm,max,balanced,cached_mxbai,4735,1782218172.477009,,,
1610,0,svm,max,balanced,cached_mxbai,4736,1782218173.1766002,,,
2641,0,svm,max,balanced,cached_mxbai,4737,1782218173.8757906,,,
670,0,svm,max,balanced,cached_mxbai,4738,1782218174.5718236,,,
10194,0,svm,max,balanced,cached_mxbai,4739,1782218175.3024437,,,
4937,0,svm,max,balanced,cached_mxbai,4740,1782218176.0063598,,,
8607,0,svm,max,balanced,cached_mxbai,4741,1782218176.7025862,,,
10196,0,svm,max,balanced,cached_mxbai,4742,1782218177.3994045,,,
1538,0,svm,max,balanced,cached_mxbai,4743,1782218178.1052,,,
877,0,svm,max,balanced,cached_mxbai,4744,1782218178.802469,,,
4320,0,svm,max,balanced,cached_mxbai,4745,1782218179.5013976,,,
9395,0,svm,max,balanced,cached_mxbai,4746,1782218180.201637,,,
3371,0,svm,max,balanced,cached_mxbai,4747,1782218180.9025295,,,
562,0,svm,max,balanced,cached_mxbai,4748,1782218181.6050513,,,
7638,0,svm,max,balanced,cached_mxbai,4749,1782218182.301627,,,
726,0,svm,max,balanced,cached_mxbai,4750,1782218183.0003753,,,
2274,0,svm,max,balanced,cached_mxbai,4751,1782218183.6961575,,,
10355,0,svm,max,balanced,cached_mxbai,4752,1782218184.3962846,,,
3192,0,svm,max,balanced,cached_mxbai,4753,1782218185.103328,,,
2365,0,svm,max,balanced,cached_mxbai,4754,1782218185.8219001,,,
5838,0,svm,max,balanced,cached_mxbai,4755,1782218186.5276577,,,
4375,0,svm,max,balanced,cached_mxbai,4756,1782218187.226133,,,
6195,0,svm,max,balanced,cached_mxbai,4757,1782218187.9183633,,,
961,0,svm,max,balanced,cached_mxbai,4758,1782218188.6132877,,,
2555,0,svm,max,balanced,cached_mxbai,4759,1782218189.3190844,,,
1322,0,svm,max,balanced,cached_mxbai,4760,1782218190.0167205,,,
6697,0,svm,max,balanced,cached_mxbai,4761,1782218190.7109742,,,
3670,0,svm,max,balanced,cached_mxbai,4762,1782218191.4254029,,,
10128,0,svm,max,balanced,cached_mxbai,4763,1782218192.1407926,,,
3691,0,svm,max,balanced,cached_mxbai,4764,1782218192.8506467,,,
6070,0,svm,max,balanced,cached_mxbai,4765,1782218193.5794494,,,
1514,0,svm,max,balanced,cached_mxbai,4766,1782218194.3352034,,,
1344,0,svm,max,balanced,cached_mxbai,4767,1782218195.0482266,,,
8352,0,svm,max,balanced,cached_mxbai,4768,1782218195.7775512,,,
1629,0,svm,max,balanced,cached_mxbai,4769,1782218196.4981277,,,
4624,0,svm,max,balanced,cached_mxbai,4770,1782218197.2206666,,,
7822,0,svm,max,balanced,cached_mxbai,4771,1782218197.9384732,,,
1411,0,svm,max,balanced,cached_mxbai,4772,1782218198.6603556,,,
4066,0,svm,max,balanced,cached_mxbai,4773,1782218199.3874874,,,
6277,0,svm,max,balanced,cached_mxbai,4774,1782218200.1101823,,,
4555,0,svm,max,balanced,cached_mxbai,4775,1782218200.8245225,,,
2367,0,svm,max,balanced,cached_mxbai,4776,1782218201.5345101,,,
1910,0,svm,max,balanced,cached_mxbai,4777,1782218202.2451208,,,
3373,0,svm,max,balanced,cached_mxbai,4778,1782218202.952149,,,
2096,0,svm,max,balanced,cached_mxbai,4779,1782218203.6719413,,,
3182,0,svm,max,balanced,cached_mxbai,4780,1782218204.3905225,,,
6391,0,svm,max,balanced,cached_mxbai,4781,1782218205.115682,,,
5254,0,svm,max,balanced,cached_mxbai,4782,1782218205.8611414,,,
777,0,svm,max,balanced,cached_mxbai,4783,1782218206.585844,,,
2676,0,svm,max,balanced,cached_mxbai,4784,1782218207.31376,,,
2941,0,svm,max,balanced,cached_mxbai,4785,1782218208.047115,,,
3111,0,svm,max,balanced,cached_mxbai,4786,1782218208.7809327,,,
10419,0,svm,max,balanced,cached_mxbai,4787,1782218209.5119767,,,
5660,0,svm,max,balanced,cached_mxbai,4788,1782218210.2394233,,,
10408,0,svm,max,balanced,cached_mxbai,4789,1782218210.969853,,,
9923,0,svm,max,balanced,cached_mxbai,4790,1782218211.6944852,,,
10111,0,svm,max,balanced,cached_mxbai,4791,1782218212.4211338,,,
4363,0,svm,max,balanced,cached_mxbai,4792,1782218213.1421993,,,
1781,0,svm,max,balanced,cached_mxbai,4793,1782218213.8778017,,,
10221,0,svm,max,balanced,cached_mxbai,4794,1782218214.6241379,,,
3482,0,svm,max,balanced,cached_mxbai,4795,1782218215.3653173,,,
9715,0,svm,max,balanced,cached_mxbai,4796,1782218216.0849278,,,
2483,0,svm,max,balanced,cached_mxbai,4797,1782218216.8167453,,,
9232,0,svm,max,balanced,cached_mxbai,4798,1782218217.5756342,,,
2613,0,svm,max,balanced,cached_mxbai,4799,1782218218.3095164,,,
4782,0,svm,max,balanced,cached_mxbai,4800,1782218219.0418441,,,
7868,0,svm,max,balanced,cached_mxbai,4801,1782218219.771888,,,
2995,0,svm,max,balanced,cached_mxbai,4802,1782218220.494205,,,
8382,0,svm,max,balanced,cached_mxbai,4803,1782218221.2156255,,,
4316,0,svm,max,balanced,cached_mxbai,4804,1782218221.9290133,,,
3376,0,svm,max,balanced,cached_mxbai,4805,1782218222.6501553,,,
6849,0,svm,max,balanced,cached_mxbai,4806,1782218223.3782172,,,
1996,0,svm,max,balanced,cached_mxbai,4807,1782218224.0918372,,,
1466,0,svm,max,balanced,cached_mxbai,4808,1782218224.81798,,,
10593,0,svm,max,balanced,cached_mxbai,4809,1782218225.547507,,,
3936,0,svm,max,balanced,cached_mxbai,4810,1782218226.2795753,,,
7404,0,svm,max,balanced,cached_mxbai,4811,1782218227.0152946,,,
7219,0,svm,max,balanced,cached_mxbai,4812,1782218227.731709,,,
4638,0,svm,max,balanced,cached_mxbai,4813,1782218228.4483187,,,
596,0,svm,max,balanced,cached_mxbai,4814,1782218229.1674278,,,
660,0,svm,max,balanced,cached_mxbai,4815,1782218229.878907,,,
2059,0,svm,max,balanced,cached_mxbai,4816,1782218230.595862,,,
2821,0,svm,max,balanced,cached_mxbai,4817,1782218231.306688,,,
1158,0,svm,max,balanced,cached_mxbai,4818,1782218232.0168333,,,
10174,0,svm,max,balanced,cached_mxbai,4819,1782218232.734085,,,
4382,0,svm,max,balanced,cached_mxbai,4820,1782218233.4555342,,,
9884,0,svm,max,balanced,cached_mxbai,4821,1782218234.1689682,,,
8682,0,svm,max,balanced,cached_mxbai,4822,1782218234.8806221,,,
1776,0,svm,max,balanced,cached_mxbai,4823,1782218235.6241848,,,
4674,0,svm,max,balanced,cached_mxbai,4824,1782218236.3358774,,,
7332,0,svm,max,balanced,cached_mxbai,4825,1782218237.0498376,,,
2938,0,svm,max,balanced,cached_mxbai,4826,1782218237.7714286,,,
4275,0,svm,max,balanced,cached_mxbai,4827,1782218238.4922042,,,
10322,0,svm,max,balanced,cached_mxbai,4828,1782218239.2122574,,,
3422,0,svm,max,balanced,cached_mxbai,4829,1782218239.9290345,,,
8081,0,svm,max,balanced,cached_mxbai,4830,1782218240.652579,,,
2619,0,svm,max,balanced,cached_mxbai,4831,1782218241.3727326,,,
10426,0,svm,max,balanced,cached_mxbai,4832,1782218242.0887327,,,
7387,0,svm,max,balanced,cached_mxbai,4833,1782218242.8031514,,,
4167,0,svm,max,balanced,cached_mxbai,4834,1782218243.5264695,,,
10328,0,svm,max,balanced,cached_mxbai,4835,1782218244.249189,,,
1050,0,svm,max,balanced,cached_mxbai,4836,1782218244.9658506,,,
4223,0,svm,max,balanced,cached_mxbai,4837,1782218245.7088294,,,
7486,0,svm,max,balanced,cached_mxbai,4838,1782218246.426326,,,
8278,0,svm,max,balanced,cached_mxbai,4839,1782218247.1376543,,,
9294,0,svm,max,balanced,cached_mxbai,4840,1782218247.85853,,,
450,0,svm,max,balanced,cached_mxbai,4841,1782218248.5726597,,,
755,0,svm,max,balanced,cached_mxbai,4842,1782218249.2984478,,,
1494,0,svm,max,balanced,cached_mxbai,4843,1782218250.0197918,,,
2802,0,svm,max,balanced,cached_mxbai,4844,1782218250.7390308,,,
71,0,svm,max,balanced,cached_mxbai,4845,1782218251.4648545,,,
9218,0,svm,max,balanced,cached_mxbai,4846,1782218252.1941037,,,
2825,0,svm,max,balanced,cached_mxbai,4847,1782218252.9268553,,,
3786,0,svm,max,balanced,cached_mxbai,4848,1782218253.6504924,,,
3333,0,svm,max,balanced,cached_mxbai,4849,1782218254.3761945,,,
5021,0,svm,max,balanced,cached_mxbai,4850,1782218255.1045456,,,
3834,0,svm,max,balanced,cached_mxbai,4851,1782218255.8508756,,,
8739,0,svm,max,balanced,cached_mxbai,4852,1782218256.580986,,,
6035,0,svm,max,balanced,cached_mxbai,4853,1782218257.3139877,,,
1314,0,svm,max,balanced,cached_mxbai,4854,1782218258.046597,,,
6685,0,svm,max,balanced,cached_mxbai,4855,1782218258.782899,,,
1788,0,svm,max,balanced,cached_mxbai,4856,1782218259.5085914,,,
219,0,svm,max,balanced,cached_mxbai,4857,1782218260.2308643,,,
6315,0,svm,max,balanced,cached_mxbai,4858,1782218260.9560888,,,
3173,0,svm,max,balanced,cached_mxbai,4859,1782218261.673751,,,
2866,0,svm,max,balanced,cached_mxbai,4860,1782218262.3998601,,,
9058,0,svm,max,balanced,cached_mxbai,4861,1782218263.1048102,,,
5890,0,svm,max,balanced,cached_mxbai,4862,1782218263.8163753,,,
5544,0,svm,max,balanced,cached_mxbai,4863,1782218264.5203888,,,
6752,0,svm,max,balanced,cached_mxbai,4864,1782218265.2594733,,,
2051,0,svm,max,balanced,cached_mxbai,4865,1782218265.9982367,,,
2775,0,svm,max,balanced,cached_mxbai,4866,1782218266.725159,,,
1096,0,svm,max,balanced,cached_mxbai,4867,1782218267.4529283,,,
10160,0,svm,max,balanced,cached_mxbai,4868,1782218268.1793664,,,
277,0,svm,max,balanced,cached_mxbai,4869,1782218268.9126933,,,
5804,0,svm,max,balanced,cached_mxbai,4870,1782218269.6401036,,,
5710,0,svm,max,balanced,cached_mxbai,4871,1782218270.3624544,,,
7401,0,svm,max,balanced,cached_mxbai,4872,1782218271.09521,,,
5421,0,svm,max,balanced,cached_mxbai,4873,1782218271.829218,,,
8851,0,svm,max,balanced,cached_mxbai,4874,1782218272.5552685,,,
8965,0,svm,max,balanced,cached_mxbai,4875,1782218273.2815616,,,
6177,0,svm,max,balanced,cached_mxbai,4876,1782218274.011855,,,
1298,0,svm,max,balanced,cached_mxbai,4877,1782218274.7341216,,,
4189,0,svm,max,balanced,cached_mxbai,4878,1782218275.4790468,,,
4354,0,svm,max,balanced,cached_mxbai,4879,1782218276.2071111,,,
7214,0,svm,max,balanced,cached_mxbai,4880,1782218276.9358304,,,
5023,0,svm,max,balanced,cached_mxbai,4881,1782218277.660681,,,
8626,0,svm,max,balanced,cached_mxbai,4882,1782218278.3884265,,,
6942,0,svm,max,balanced,cached_mxbai,4883,1782218279.115851,,,
3484,0,svm,max,balanced,cached_mxbai,4884,1782218279.8316157,,,
9645,0,svm,max,balanced,cached_mxbai,4885,1782218280.5456774,,,
3792,0,svm,max,balanced,cached_mxbai,4886,1782218281.2695851,,,
7579,0,svm,max,balanced,cached_mxbai,4887,1782218282.0022736,,,
2085,0,svm,max,balanced,cached_mxbai,4888,1782218282.7423048,,,
5736,0,svm,max,balanced,cached_mxbai,4889,1782218283.47779,,,
3838,0,svm,max,balanced,cached_mxbai,4890,1782218284.2115755,,,
1471,0,svm,max,balanced,cached_mxbai,4891,1782218284.9722004,,,
9991,0,svm,max,balanced,cached_mxbai,4892,1782218285.7557857,,,
3076,0,svm,max,balanced,cached_mxbai,4893,1782218286.489493,,,
10043,0,svm,max,balanced,cached_mxbai,4894,1782218287.2269886,,,
3574,0,svm,max,balanced,cached_mxbai,4895,1782218287.9591703,,,
3127,0,svm,max,balanced,cached_mxbai,4896,1782218288.686227,,,
5239,0,svm,max,balanced,cached_mxbai,4897,1782218289.4218507,,,
9781,0,svm,max,balanced,cached_mxbai,4898,1782218290.1541448,,,
2719,0,svm,max,balanced,cached_mxbai,4899,1782218290.8817048,,,
409,0,svm,max,balanced,cached_mxbai,4900,1782218291.6119547,,,
4474,0,svm,max,balanced,cached_mxbai,4901,1782218292.3340573,,,
4070,0,svm,max,balanced,cached_mxbai,4902,1782218293.062766,,,
166,0,svm,max,balanced,cached_mxbai,4903,1782218293.7982736,,,
9015,0,svm,max,balanced,cached_mxbai,4904,1782218294.5478194,,,
7687,0,svm,max,balanced,cached_mxbai,4905,1782218295.3060095,,,
10219,0,svm,max,balanced,cached_mxbai,4906,1782218296.038823,,,
517,0,svm,max,balanced,cached_mxbai,4907,1782218296.767861,,,
8391,0,svm,max,balanced,cached_mxbai,4908,1782218297.496976,,,
2594,0,svm,max,balanced,cached_mxbai,4909,1782218298.2259643,,,
9865,0,svm,max,balanced,cached_mxbai,4910,1782218298.950295,,,
3119,0,svm,max,balanced,cached_mxbai,4911,1782218299.6787796,,,
1858,0,svm,max,balanced,cached_mxbai,4912,1782218300.400169,,,
8318,0,svm,max,balanced,cached_mxbai,4913,1782218301.1287313,,,
7407,0,svm,max,balanced,cached_mxbai,4914,1782218301.8496563,,,
10205,0,svm,max,balanced,cached_mxbai,4915,1782218302.5732684,,,
6223,0,svm,max,balanced,cached_mxbai,4916,1782218303.3119264,,,
4297,0,svm,max,balanced,cached_mxbai,4917,1782218304.0384476,,,
1680,0,svm,max,balanced,cached_mxbai,4918,1782218304.7613165,,,
6552,0,svm,max,balanced,cached_mxbai,4919,1782218305.524252,,,
3603,0,svm,max,balanced,cached_mxbai,4920,1782218306.2513263,,,
10310,0,svm,max,balanced,cached_mxbai,4921,1782218306.9757955,,,
4141,0,svm,max,balanced,cached_mxbai,4922,1782218307.6987221,,,
6406,0,svm,max,balanced,cached_mxbai,4923,1782218308.430609,,,
4742,0,svm,max,balanced,cached_mxbai,4924,1782218309.1642475,,,
8827,0,svm,max,balanced,cached_mxbai,4925,1782218309.8905568,,,
10365,0,svm,max,balanced,cached_mxbai,4926,1782218310.615947,,,
3732,0,svm,max,balanced,cached_mxbai,4927,1782218311.3409634,,,
2371,0,svm,max,balanced,cached_mxbai,4928,1782218312.0696545,,,
7040,0,svm,max,balanced,cached_mxbai,4929,1782218312.7955697,,,
4049,0,svm,max,balanced,cached_mxbai,4930,1782218313.5205064,,,
4816,0,svm,max,balanced,cached_mxbai,4931,1782218314.2482798,,,
10496,0,svm,max,balanced,cached_mxbai,4932,1782218314.97102,,,
6919,0,svm,max,balanced,cached_mxbai,4933,1782218315.7219803,,,
5703,0,svm,max,balanced,cached_mxbai,4934,1782218316.45098,,,
5304,0,svm,max,balanced,cached_mxbai,4935,1782218317.1860523,,,
6851,0,svm,max,balanced,cached_mxbai,4936,1782218317.9139986,,,
2675,0,svm,max,balanced,cached_mxbai,4937,1782218318.6694162,,,
1974,0,svm,max,balanced,cached_mxbai,4938,1782218319.4193406,,,
1342,0,svm,max,balanced,cached_mxbai,4939,1782218320.169549,,,
8496,0,svm,max,balanced,cached_mxbai,4940,1782218320.913969,,,
841,0,svm,max,balanced,cached_mxbai,4941,1782218321.6659875,,,
3436,0,svm,max,balanced,cached_mxbai,4942,1782218322.4129057,,,
2049,0,svm,max,balanced,cached_mxbai,4943,1782218323.1671288,,,
5875,0,svm,max,balanced,cached_mxbai,4944,1782218323.917678,,,
9311,0,svm,max,balanced,cached_mxbai,4945,1782218324.6664088,,,
6909,0,svm,max,balanced,cached_mxbai,4946,1782218325.4433324,,,
6757,0,svm,max,balanced,cached_mxbai,4947,1782218326.2017376,,,
2252,0,svm,max,balanced,cached_mxbai,4948,1782218326.9507637,,,
8521,0,svm,max,balanced,cached_mxbai,4949,1782218327.7099044,,,
9322,0,svm,max,balanced,cached_mxbai,4950,1782218328.4658418,,,
107,0,svm,max,balanced,cached_mxbai,4951,1782218329.2058232,,,
9261,0,svm,max,balanced,cached_mxbai,4952,1782218329.944928,,,
2424,0,svm,max,balanced,cached_mxbai,4953,1782218330.697786,,,
3239,0,svm,max,balanced,cached_mxbai,4954,1782218331.4330895,,,
4923,0,svm,max,balanced,cached_mxbai,4955,1782218332.1668677,,,
1908,0,svm,max,balanced,cached_mxbai,4956,1782218332.8968847,,,
1742,0,svm,max,balanced,cached_mxbai,4957,1782218333.6322632,,,
321,0,svm,max,balanced,cached_mxbai,4958,1782218334.3696654,,,
9415,0,svm,max,balanced,cached_mxbai,4959,1782218335.1063194,,,
419,0,svm,max,balanced,cached_mxbai,4960,1782218335.8457048,,,
9005,0,svm,max,balanced,cached_mxbai,4961,1782218336.5593226,,,
5031,0,svm,max,balanced,cached_mxbai,4962,1782218337.3010266,,,
1111,0,svm,max,balanced,cached_mxbai,4963,1782218338.0404196,,,
8986,0,svm,max,balanced,cached_mxbai,4964,1782218338.7682948,,,
5997,0,svm,max,balanced,cached_mxbai,4965,1782218339.4673078,,,
5869,0,svm,max,balanced,cached_mxbai,4966,1782218340.1925564,,,
4371,0,svm,max,balanced,cached_mxbai,4967,1782218340.9172025,,,
9063,0,svm,max,balanced,cached_mxbai,4968,1782218341.6307778,,,
7607,0,svm,max,balanced,cached_mxbai,4969,1782218342.3388243,,,
3997,0,svm,max,balanced,cached_mxbai,4970,1782218343.044223,,,
9707,0,svm,max,balanced,cached_mxbai,4971,1782218343.753222,,,
9061,0,svm,max,balanced,cached_mxbai,4972,1782218344.4837716,,,
7980,0,svm,max,balanced,cached_mxbai,4973,1782218345.2199235,,,
3810,0,svm,max,balanced,cached_mxbai,4974,1782218345.9636607,,,
3612,0,svm,max,balanced,cached_mxbai,4975,1782218346.671564,,,
7485,0,svm,max,balanced,cached_mxbai,4976,1782218347.3861783,,,
9485,0,svm,max,balanced,cached_mxbai,4977,1782218348.101272,,,
6347,0,svm,max,balanced,cached_mxbai,4978,1782218348.8444428,,,
4092,0,svm,max,balanced,cached_mxbai,4979,1782218349.5692017,,,
2879,0,svm,max,balanced,cached_mxbai,4980,1782218350.300649,,,
8091,0,svm,max,balanced,cached_mxbai,4981,1782218351.0169587,,,
276,0,svm,max,balanced,cached_mxbai,4982,1782218351.7237418,,,
4667,0,svm,max,balanced,cached_mxbai,4983,1782218352.4434726,,,
10537,0,svm,max,balanced,cached_mxbai,4984,1782218353.1778631,,,
6183,0,svm,max,balanced,cached_mxbai,4985,1782218353.8902102,,,
5785,0,svm,max,balanced,cached_mxbai,4986,1782218354.6013603,,,
3857,0,svm,max,balanced,cached_mxbai,4987,1782218355.336577,,,
4163,0,svm,max,balanced,cached_mxbai,4988,1782218356.0722501,,,
4728,0,svm,max,balanced,cached_mxbai,4989,1782218356.8031874,,,
8854,0,svm,max,balanced,cached_mxbai,4990,1782218357.5214894,,,
678,0,svm,max,balanced,cached_mxbai,4991,1782218358.2395785,,,
1135,0,svm,max,balanced,cached_mxbai,4992,1782218358.9573128,,,
3461,0,svm,max,balanced,cached_mxbai,4993,1782218359.6677952,,,
6166,0,svm,max,balanced,cached_mxbai,4994,1782218360.3806987,,,
8987,0,svm,max,balanced,cached_mxbai,4995,1782218361.1021125,,,
3744,0,svm,max,balanced,cached_mxbai,4996,1782218361.8233535,,,
7252,0,svm,max,balanced,cached_mxbai,4997,1782218362.5396907,,,
8519,0,svm,max,balanced,cached_mxbai,4998,1782218363.2601204,,,
5340,0,svm,max,balanced,cached_mxbai,4999,1782218363.977341,,,
4360,0,svm,max,balanced,cached_mxbai,5000,1782218364.69289,,,
3616,0,svm,max,balanced,cached_mxbai,5001,1782218365.4324691,,,
2501,0,svm,max,balanced,cached_mxbai,5002,1782218366.1497784,,,
3933,0,svm,max,balanced,cached_mxbai,5003,1782218366.8635364,,,
2709,0,svm,max,balanced,cached_mxbai,5004,1782218367.5717547,,,
2722,0,svm,max,balanced,cached_mxbai,5005,1782218368.2885783,,,
396,0,svm,max,balanced,cached_mxbai,5006,1782218369.0097806,,,
2953,0,svm,max,balanced,cached_mxbai,5007,1782218369.7244003,,,
10040,0,svm,max,balanced,cached_mxbai,5008,1782218370.437838,,,
2125,0,svm,max,balanced,cached_mxbai,5009,1782218371.1569645,,,
1109,0,svm,max,balanced,cached_mxbai,5010,1782218371.8767595,,,
7132,0,svm,max,balanced,cached_mxbai,5011,1782218372.591586,,,
8874,0,svm,max,balanced,cached_mxbai,5012,1782218373.3146555,,,
3740,0,svm,max,balanced,cached_mxbai,5013,1782218374.0316575,,,
1826,0,svm,max,balanced,cached_mxbai,5014,1782218374.7452793,,,
7267,0,svm,max,balanced,cached_mxbai,5015,1782218375.477004,,,
9338,0,svm,max,balanced,cached_mxbai,5016,1782218376.230585,,,
4224,0,svm,max,balanced,cached_mxbai,5017,1782218376.9577823,,,
757,0,svm,max,balanced,cached_mxbai,5018,1782218377.682038,,,
5746,0,svm,max,balanced,cached_mxbai,5019,1782218378.4124198,,,
6915,0,svm,max,balanced,cached_mxbai,5020,1782218379.1380923,,,
4369,0,svm,max,balanced,cached_mxbai,5021,1782218379.8636644,,,
10257,0,svm,max,balanced,cached_mxbai,5022,1782218380.5855525,,,
8661,0,svm,max,balanced,cached_mxbai,5023,1782218381.3072522,,,
10294,0,svm,max,balanced,cached_mxbai,5024,1782218382.0292451,,,
199,0,svm,max,balanced,cached_mxbai,5025,1782218382.7777855,,,
6719,0,svm,max,balanced,cached_mxbai,5026,1782218383.5053685,,,
9253,0,svm,max,balanced,cached_mxbai,5027,1782218384.2358084,,,
3534,0,svm,max,balanced,cached_mxbai,5028,1782218384.971147,,,
7075,0,svm,max,balanced,cached_mxbai,5029,1782218385.7278771,,,
8137,0,svm,max,balanced,cached_mxbai,5030,1782218386.4674,,,
5356,0,svm,max,balanced,cached_mxbai,5031,1782218387.2003853,,,
5229,0,svm,max,balanced,cached_mxbai,5032,1782218387.9402933,,,
8764,0,svm,max,balanced,cached_mxbai,5033,1782218388.6707723,,,
1963,0,svm,max,balanced,cached_mxbai,5034,1782218389.4020603,,,
9412,0,svm,max,balanced,cached_mxbai,5035,1782218390.129454,,,
6194,0,svm,max,balanced,cached_mxbai,5036,1782218390.8618255,,,
3212,0,svm,max,balanced,cached_mxbai,5037,1782218391.5994246,,,
1580,0,svm,max,balanced,cached_mxbai,5038,1782218392.328751,,,
7545,0,svm,max,balanced,cached_mxbai,5039,1782218393.0540347,,,
3649,0,svm,max,balanced,cached_mxbai,5040,1782218393.7852168,,,
3034,0,svm,max,balanced,cached_mxbai,5041,1782218394.5251772,,,
4130,0,svm,max,balanced,cached_mxbai,5042,1782218395.2754035,,,
4533,0,svm,max,balanced,cached_mxbai,5043,1782218396.0140674,,,
6015,0,svm,max,balanced,cached_mxbai,5044,1782218396.744857,,,
3387,0,svm,max,balanced,cached_mxbai,5045,1782218397.483728,,,
1190,0,svm,max,balanced,cached_mxbai,5046,1782218398.217698,,,
8458,0,svm,max,balanced,cached_mxbai,5047,1782218398.9450655,,,
9418,0,svm,max,balanced,cached_mxbai,5048,1782218399.6826656,,,
9510,0,svm,max,balanced,cached_mxbai,5049,1782218400.4155579,,,
8577,0,svm,max,balanced,cached_mxbai,5050,1782218401.1427467,,,
3017,0,svm,max,balanced,cached_mxbai,5051,1782218401.8690689,,,
184,0,svm,max,balanced,cached_mxbai,5052,1782218402.6004124,,,
152,0,svm,max,balanced,cached_mxbai,5053,1782218403.329876,,,
9250,0,svm,max,balanced,cached_mxbai,5054,1782218404.0571895,,,
6392,0,svm,max,balanced,cached_mxbai,5055,1782218404.7931206,,,
3965,0,svm,max,balanced,cached_mxbai,5056,1782218405.5401604,,,
5460,0,svm,max,balanced,cached_mxbai,5057,1782218406.2824132,,,
3261,0,svm,max,balanced,cached_mxbai,5058,1782218407.026766,,,
5367,0,svm,max,balanced,cached_mxbai,5059,1782218407.753373,,,
7646,0,svm,max,balanced,cached_mxbai,5060,1782218408.485603,,,
4869,0,svm,max,balanced,cached_mxbai,5061,1782218409.2176967,,,
6046,0,svm,max,balanced,cached_mxbai,5062,1782218409.948581,,,
1587,0,svm,max,balanced,cached_mxbai,5063,1782218410.6781151,,,
6378,0,svm,max,balanced,cached_mxbai,5064,1782218411.4135113,,,
901,0,svm,max,balanced,cached_mxbai,5065,1782218412.142128,,,
8244,0,svm,max,balanced,cached_mxbai,5066,1782218412.8738792,,,
9222,0,svm,max,balanced,cached_mxbai,5067,1782218413.6091752,,,
6796,0,svm,max,balanced,cached_mxbai,5068,1782218414.3437243,,,
9487,0,svm,max,balanced,cached_mxbai,5069,1782218415.09928,,,
8592,0,svm,max,balanced,cached_mxbai,5070,1782218415.8722608,,,
8499,0,svm,max,balanced,cached_mxbai,5071,1782218416.6247842,,,
4193,0,svm,max,balanced,cached_mxbai,5072,1782218417.3793426,,,
9713,0,svm,max,balanced,cached_mxbai,5073,1782218418.1355798,,,
6995,0,svm,max,balanced,cached_mxbai,5074,1782218418.903319,,,
3462,0,svm,max,balanced,cached_mxbai,5075,1782218419.665929,,,
6034,0,svm,max,balanced,cached_mxbai,5076,1782218420.4271545,,,
10476,0,svm,max,balanced,cached_mxbai,5077,1782218421.1897368,,,
2809,0,svm,max,balanced,cached_mxbai,5078,1782218421.9460616,,,
77,0,svm,max,balanced,cached_mxbai,5079,1782218422.7018368,,,
10191,0,svm,max,balanced,cached_mxbai,5080,1782218423.4637327,,,
3390,0,svm,max,balanced,cached_mxbai,5081,1782218424.2266512,,,
1634,0,svm,max,balanced,cached_mxbai,5082,1782218424.9848812,,,
5258,0,svm,max,balanced,cached_mxbai,5083,1782218425.7712994,,,
1059,0,svm,max,balanced,cached_mxbai,5084,1782218426.533337,,,
2067,0,svm,max,balanced,cached_mxbai,5085,1782218427.2951217,,,
1126,0,svm,max,balanced,cached_mxbai,5086,1782218428.0470572,,,
4203,0,svm,max,balanced,cached_mxbai,5087,1782218428.7986236,,,
6760,0,svm,max,balanced,cached_mxbai,5088,1782218429.558833,,,
3540,0,svm,max,balanced,cached_mxbai,5089,1782218430.3071373,,,
3357,0,svm,max,balanced,cached_mxbai,5090,1782218431.0602734,,,
2199,0,svm,max,balanced,cached_mxbai,5091,1782218431.8203425,,,
6753,0,svm,max,balanced,cached_mxbai,5092,1782218432.576098,,,
1173,0,svm,max,balanced,cached_mxbai,5093,1782218433.3258893,,,
10298,0,svm,max,balanced,cached_mxbai,5094,1782218434.0793045,,,
7380,0,svm,max,balanced,cached_mxbai,5095,1782218434.8568642,,,
3550,0,svm,max,balanced,cached_mxbai,5096,1782218435.6510055,,,
954,0,svm,max,balanced,cached_mxbai,5097,1782218436.4020228,,,
3359,0,svm,max,balanced,cached_mxbai,5098,1782218437.1564884,,,
2170,0,svm,max,balanced,cached_mxbai,5099,1782218437.9117215,,,
9297,0,svm,max,balanced,cached_mxbai,5100,1782218438.677871,,,
6312,0,svm,max,balanced,cached_mxbai,5101,1782218439.4367466,,,
2112,0,svm,max,balanced,cached_mxbai,5102,1782218440.1964374,,,
9845,0,svm,max,balanced,cached_mxbai,5103,1782218440.9515033,,,
569,0,svm,max,balanced,cached_mxbai,5104,1782218441.7153277,,,
1976,0,svm,max,balanced,cached_mxbai,5105,1782218442.4772272,,,
9695,0,svm,max,balanced,cached_mxbai,5106,1782218443.2413125,,,
8014,0,svm,max,balanced,cached_mxbai,5107,1782218444.000227,,,
1962,0,svm,max,balanced,cached_mxbai,5108,1782218444.760942,,,
4620,0,svm,max,balanced,cached_mxbai,5109,1782218445.5502598,,,
8216,0,svm,max,balanced,cached_mxbai,5110,1782218446.3182096,,,
3571,0,svm,max,balanced,cached_mxbai,5111,1782218447.0767128,,,
8251,0,svm,max,balanced,cached_mxbai,5112,1782218447.8397636,,,
2014,0,svm,max,balanced,cached_mxbai,5113,1782218448.612263,,,
6469,0,svm,max,balanced,cached_mxbai,5114,1782218449.3810532,,,
8066,0,svm,max,balanced,cached_mxbai,5115,1782218450.1433232,,,
447,0,svm,max,balanced,cached_mxbai,5116,1782218450.900922,,,
10114,0,svm,max,balanced,cached_mxbai,5117,1782218451.672117,,,
8286,0,svm,max,balanced,cached_mxbai,5118,1782218452.4367263,,,
3184,0,svm,max,balanced,cached_mxbai,5119,1782218453.1980777,,,
3893,0,svm,max,balanced,cached_mxbai,5120,1782218453.9617043,,,
7994,0,svm,max,balanced,cached_mxbai,5121,1782218454.7224667,,,
8186,0,svm,max,balanced,cached_mxbai,5122,1782218455.5046456,,,
6362,0,svm,max,balanced,cached_mxbai,5123,1782218456.2718868,,,
3803,0,svm,max,balanced,cached_mxbai,5124,1782218457.0346622,,,
3292,0,svm,max,balanced,cached_mxbai,5125,1782218457.826663,,,
2610,0,svm,max,balanced,cached_mxbai,5126,1782218458.587654,,,
3521,0,svm,max,balanced,cached_mxbai,5127,1782218459.3616514,,,
5067,0,svm,max,balanced,cached_mxbai,5128,1782218460.1294415,,,
4038,0,svm,max,balanced,cached_mxbai,5129,1782218460.8944976,,,
8558,0,svm,max,balanced,cached_mxbai,5130,1782218461.6574817,,,
1151,0,svm,max,balanced,cached_mxbai,5131,1782218462.4259484,,,
551,0,svm,max,balanced,cached_mxbai,5132,1782218463.1919413,,,
5429,0,svm,max,balanced,cached_mxbai,5133,1782218463.9576604,,,
1516,0,svm,max,balanced,cached_mxbai,5134,1782218464.7250876,,,
4422,0,svm,max,balanced,cached_mxbai,5135,1782218465.5090024,,,
5598,0,svm,max,balanced,cached_mxbai,5136,1782218466.2787707,,,
9883,0,svm,max,balanced,cached_mxbai,5137,1782218467.048844,,,
1296,0,svm,max,balanced,cached_mxbai,5138,1782218467.8138459,,,
6724,0,svm,max,balanced,cached_mxbai,5139,1782218468.5734239,,,
8688,0,svm,max,balanced,cached_mxbai,5140,1782218469.3524957,,,
8165,0,svm,max,balanced,cached_mxbai,5141,1782218470.1071758,,,
6672,0,svm,max,balanced,cached_mxbai,5142,1782218470.8655603,,,
6511,0,svm,max,balanced,cached_mxbai,5143,1782218471.6327393,,,
3298,0,svm,max,balanced,cached_mxbai,5144,1782218472.38962,,,
4204,0,svm,max,balanced,cached_mxbai,5145,1782218473.1499524,,,
7685,0,svm,max,balanced,cached_mxbai,5146,1782218473.9160812,,,
4192,0,svm,max,balanced,cached_mxbai,5147,1782218474.688596,,,
9518,0,svm,max,balanced,cached_mxbai,5148,1782218475.474296,,,
1259,0,svm,max,balanced,cached_mxbai,5149,1782218476.241673,,,
3780,0,svm,max,balanced,cached_mxbai,5150,1782218476.9998112,,,
6300,0,svm,max,balanced,cached_mxbai,5151,1782218477.7728217,,,
5801,0,svm,max,balanced,cached_mxbai,5152,1782218478.5319924,,,
2817,0,svm,max,balanced,cached_mxbai,5153,1782218479.29872,,,
1079,0,svm,max,balanced,cached_mxbai,5154,1782218480.0591564,,,
885,0,svm,max,balanced,cached_mxbai,5155,1782218480.823299,,,
6739,0,svm,max,balanced,cached_mxbai,5156,1782218481.600227,,,
3647,0,svm,max,balanced,cached_mxbai,5157,1782218482.368598,,,
5934,0,svm,max,balanced,cached_mxbai,5158,1782218483.139269,,,
9708,0,svm,max,balanced,cached_mxbai,5159,1782218483.9059608,,,
4800,0,svm,max,balanced,cached_mxbai,5160,1782218484.6675029,,,
8056,0,svm,max,balanced,cached_mxbai,5161,1782218485.451218,,,
7290,0,svm,max,balanced,cached_mxbai,5162,1782218486.2150364,,,
767,0,svm,max,balanced,cached_mxbai,5163,1782218486.988999,,,
9979,0,svm,max,balanced,cached_mxbai,5164,1782218487.7498302,,,
410,0,svm,max,balanced,cached_mxbai,5165,1782218488.5078218,,,
6963,0,svm,max,balanced,cached_mxbai,5166,1782218489.2771258,,,
5177,0,svm,max,balanced,cached_mxbai,5167,1782218490.0389824,,,
3593,0,svm,max,balanced,cached_mxbai,5168,1782218490.7992458,,,
6924,0,svm,max,balanced,cached_mxbai,5169,1782218491.5639348,,,
7723,0,svm,max,balanced,cached_mxbai,5170,1782218492.3262231,,,
4978,0,svm,max,balanced,cached_mxbai,5171,1782218493.0957634,,,
9162,0,svm,max,balanced,cached_mxbai,5172,1782218493.8509736,,,
142,0,svm,max,balanced,cached_mxbai,5173,1782218494.615027,,,
6047,0,svm,max,balanced,cached_mxbai,5174,1782218495.3786354,,,
5362,0,svm,max,balanced,cached_mxbai,5175,1782218496.1272635,,,
5628,0,svm,max,balanced,cached_mxbai,5176,1782218496.8814123,,,
9926,0,svm,max,balanced,cached_mxbai,5177,1782218497.6376534,,,
314,0,svm,max,balanced,cached_mxbai,5178,1782218498.4048378,,,
3592,0,svm,max,balanced,cached_mxbai,5179,1782218499.1849458,,,
8084,0,svm,max,balanced,cached_mxbai,5180,1782218499.981317,,,
10455,0,svm,max,balanced,cached_mxbai,5181,1782218500.7563763,,,
3157,0,svm,max,balanced,cached_mxbai,5182,1782218501.532649,,,
10596,1,svm,max,balanced,cached_mxbai,5183,1782218502.2954893,,,
10595,1,svm,max,balanced,cached_mxbai,5184,1782218503.0771966,,,
