record_id,label,classifier,querier,balancer,feature_extractor,training_set,time,note,tags,user_id
6632,1,,,,,,1782241927.452576,,,
9976,0,,,,,,1782241927.452576,,,
6631,0,svm,max,balanced,cached_mxbai,2,1782241927.4990528,,,
6633,0,svm,max,balanced,cached_mxbai,3,1782241927.5484815,,,
6630,0,svm,max,balanced,cached_mxbai,4,1782241927.5957966,,,
4538,0,svm,max,balanced,cached_mxbai,5,1782241927.6466556,,,
7305,0,svm,max,balanced,cached_mxbai,6,1782241927.693808,,,
8730,0,svm,max,balanced,cached_mxbai,7,1782241927.7415693,,,
4397,0,svm,max,balanced,cached_mxbai,8,1782241927.7899113,,,
8412,1,svm,max,balanced,cached_mxbai,9,1782241927.8383384,,,
7373,1,svm,max,balanced,cached_mxbai,10,1782241927.8872237,,,
6174,0,svm,max,balanced,cached_mxbai,11,1782241927.9377491,,,
4971,0,svm,max,balanced,cached_mxbai,12,1782241927.9881053,,,
8163,1,svm,max,balanced,cached_mxbai,13,1782241928.0390704,,,
8718,0,svm,max,balanced,cached_mxbai,14,1782241928.0873635,,,
8719,1,svm,max,balanced,cached_mxbai,15,1782241928.1367447,,,
4083,0,svm,max,balanced,cached_mxbai,16,1782241928.1853776,,,
9740,0,svm,max,balanced,cached_mxbai,17,1782241928.2338755,,,
3077,0,svm,max,balanced,cached_mxbai,18,1782241928.2825732,,,
8295,0,svm,max,balanced,cached_mxbai,19,1782241928.3317263,,,
6637,1,svm,max,balanced,cached_mxbai,20,1782241928.3823059,,,
8537,1,svm,max,balanced,cached_mxbai,21,1782241928.4317043,,,
8535,1,svm,max,balanced,cached_mxbai,22,1782241928.4811218,,,
5298,1,svm,max,balanced,cached_mxbai,23,1782241928.5298855,,,
4457,0,svm,max,balanced,cached_mxbai,24,1782241928.5784383,,,
5302,1,svm,max,balanced,cached_mxbai,25,1782241928.6316571,,,
831,1,svm,max,balanced,cached_mxbai,26,1782241928.6801748,,,
839,0,svm,max,balanced,cached_mxbai,27,1782241928.7289145,,,
9959,1,svm,max,balanced,cached_mxbai,28,1782241928.777748,,,
6212,0,svm,max,balanced,cached_mxbai,29,1782241928.8262994,,,
1674,0,svm,max,balanced,cached_mxbai,30,1782241928.8752894,,,
8378,0,svm,max,balanced,cached_mxbai,31,1782241928.9242477,,,
5297,0,svm,max,balanced,cached_mxbai,32,1782241928.9742494,,,
5353,1,svm,max,balanced,cached_mxbai,33,1782241929.023573,,,
3931,1,svm,max,balanced,cached_mxbai,34,1782241929.072608,,,
4293,0,svm,max,balanced,cached_mxbai,35,1782241929.122418,,,
5739,1,svm,max,balanced,cached_mxbai,36,1782241929.171926,,,
5301,1,svm,max,balanced,cached_mxbai,37,1782241929.2218125,,,
982,0,svm,max,balanced,cached_mxbai,38,1782241929.2712014,,,
6053,1,svm,max,balanced,cached_mxbai,39,1782241929.3211174,,,
9498,1,svm,max,balanced,cached_mxbai,40,1782241929.370733,,,
6673,1,svm,max,balanced,cached_mxbai,41,1782241929.4227304,,,
8649,1,svm,max,balanced,cached_mxbai,42,1782241929.4724293,,,
7863,1,svm,max,balanced,cached_mxbai,43,1782241929.5215564,,,
9658,0,svm,max,balanced,cached_mxbai,44,1782241929.5715246,,,
5081,0,svm,max,balanced,cached_mxbai,45,1782241929.6253064,,,
8094,1,svm,max,balanced,cached_mxbai,46,1782241929.6755629,,,
7864,0,svm,max,balanced,cached_mxbai,47,1782241929.7246926,,,
4558,0,svm,max,balanced,cached_mxbai,48,1782241929.774458,,,
4283,0,svm,max,balanced,cached_mxbai,49,1782241929.8239439,,,
9685,1,svm,max,balanced,cached_mxbai,50,1782241929.8737934,,,
8411,1,svm,max,balanced,cached_mxbai,51,1782241929.923475,,,
1141,1,svm,max,balanced,cached_mxbai,52,1782241929.973447,,,
5481,0,svm,max,balanced,cached_mxbai,53,1782241930.0229478,,,
7928,0,svm,max,balanced,cached_mxbai,54,1782241930.0727398,,,
10456,0,svm,max,balanced,cached_mxbai,55,1782241930.1223805,,,
10176,1,svm,max,balanced,cached_mxbai,56,1782241930.1727502,,,
6484,1,svm,max,balanced,cached_mxbai,57,1782241930.2250357,,,
9772,1,svm,max,balanced,cached_mxbai,58,1782241930.2760358,,,
6097,1,svm,max,balanced,cached_mxbai,59,1782241930.325978,,,
7339,1,svm,max,balanced,cached_mxbai,60,1782241930.375828,,,
3702,1,svm,max,balanced,cached_mxbai,61,1782241930.4309578,,,
1960,0,svm,max,balanced,cached_mxbai,62,1782241930.4804883,,,
10423,1,svm,max,balanced,cached_mxbai,63,1782241930.5301743,,,
5950,1,svm,max,balanced,cached_mxbai,64,1782241930.5802345,,,
6283,1,svm,max,balanced,cached_mxbai,65,1782241930.6339183,,,
1230,0,svm,max,balanced,cached_mxbai,66,1782241930.6836836,,,
6481,0,svm,max,balanced,cached_mxbai,67,1782241930.73318,,,
9026,0,svm,max,balanced,cached_mxbai,68,1782241930.7832868,,,
5647,1,svm,max,balanced,cached_mxbai,69,1782241930.8336709,,,
882,0,svm,max,balanced,cached_mxbai,70,1782241930.8849604,,,
5913,1,svm,max,balanced,cached_mxbai,71,1782241930.935255,,,
4393,1,svm,max,balanced,cached_mxbai,72,1782241930.9853458,,,
7547,1,svm,max,balanced,cached_mxbai,73,1782241931.035584,,,
5970,0,svm,max,balanced,cached_mxbai,74,1782241931.0863817,,,
1621,1,svm,max,balanced,cached_mxbai,75,1782241931.1381066,,,
6419,1,svm,max,balanced,cached_mxbai,76,1782241931.1889334,,,
7479,0,svm,max,balanced,cached_mxbai,77,1782241931.2399743,,,
7548,1,svm,max,balanced,cached_mxbai,78,1782241931.2911074,,,
9589,0,svm,max,balanced,cached_mxbai,79,1782241931.3430176,,,
9720,0,svm,max,balanced,cached_mxbai,80,1782241931.3958383,,,
10454,0,svm,max,balanced,cached_mxbai,81,1782241931.447054,,,
9344,1,svm,max,balanced,cached_mxbai,82,1782241931.4988537,,,
8434,1,svm,max,balanced,cached_mxbai,83,1782241931.550384,,,
3820,1,svm,max,balanced,cached_mxbai,84,1782241931.601178,,,
7904,1,svm,max,balanced,cached_mxbai,85,1782241931.6567726,,,
3247,0,svm,max,balanced,cached_mxbai,86,1782241931.7074158,,,
1833,1,svm,max,balanced,cached_mxbai,87,1782241931.7589192,,,
9787,1,svm,max,balanced,cached_mxbai,88,1782241931.810718,,,
5656,1,svm,max,balanced,cached_mxbai,89,1782241931.8621569,,,
10220,1,svm,max,balanced,cached_mxbai,90,1782241931.9138215,,,
5976,0,svm,max,balanced,cached_mxbai,91,1782241931.9655635,,,
9527,1,svm,max,balanced,cached_mxbai,92,1782241932.0174077,,,
1159,1,svm,max,balanced,cached_mxbai,93,1782241932.0691507,,,
9891,0,svm,max,balanced,cached_mxbai,94,1782241932.1211357,,,
7598,0,svm,max,balanced,cached_mxbai,95,1782241932.1737318,,,
7352,1,svm,max,balanced,cached_mxbai,96,1782241932.228488,,,
7368,0,svm,max,balanced,cached_mxbai,97,1782241932.2803066,,,
1428,0,svm,max,balanced,cached_mxbai,98,1782241932.3326275,,,
7914,1,svm,max,balanced,cached_mxbai,99,1782241932.384594,,,
2751,0,svm,max,balanced,cached_mxbai,100,1782241932.440093,,,
1245,0,svm,max,balanced,cached_mxbai,101,1782241932.4915655,,,
8594,1,svm,max,balanced,cached_mxbai,102,1782241932.54484,,,
5646,1,svm,max,balanced,cached_mxbai,103,1782241932.5989687,,,
5369,1,svm,max,balanced,cached_mxbai,104,1782241932.6564648,,,
10523,1,svm,max,balanced,cached_mxbai,105,1782241932.710631,,,
6376,0,svm,max,balanced,cached_mxbai,106,1782241932.767434,,,
6884,0,svm,max,balanced,cached_mxbai,107,1782241932.821822,,,
5115,0,svm,max,balanced,cached_mxbai,108,1782241932.8758037,,,
9004,1,svm,max,balanced,cached_mxbai,109,1782241932.93162,,,
6767,0,svm,max,balanced,cached_mxbai,110,1782241932.9871333,,,
6050,0,svm,max,balanced,cached_mxbai,111,1782241933.0410776,,,
6904,1,svm,max,balanced,cached_mxbai,112,1782241933.0946145,,,
8552,0,svm,max,balanced,cached_mxbai,113,1782241933.1483352,,,
7026,0,svm,max,balanced,cached_mxbai,114,1782241933.203653,,,
6902,1,svm,max,balanced,cached_mxbai,115,1782241933.2591984,,,
1802,1,svm,max,balanced,cached_mxbai,116,1782241933.3166735,,,
9380,0,svm,max,balanced,cached_mxbai,117,1782241933.373217,,,
6197,0,svm,max,balanced,cached_mxbai,118,1782241933.43094,,,
10029,0,svm,max,balanced,cached_mxbai,119,1782241933.4858806,,,
5749,1,svm,max,balanced,cached_mxbai,120,1782241933.540787,,,
8087,1,svm,max,balanced,cached_mxbai,121,1782241933.5953429,,,
3451,1,svm,max,balanced,cached_mxbai,122,1782241933.6543298,,,
10447,1,svm,max,balanced,cached_mxbai,123,1782241933.7085466,,,
3590,0,svm,max,balanced,cached_mxbai,124,1782241933.762857,,,
5670,0,svm,max,balanced,cached_mxbai,125,1782241933.817749,,,
10015,1,svm,max,balanced,cached_mxbai,126,1782241933.8717997,,,
10512,1,svm,max,balanced,cached_mxbai,127,1782241933.9258232,,,
5750,0,svm,max,balanced,cached_mxbai,128,1782241933.9808826,,,
1676,0,svm,max,balanced,cached_mxbai,129,1782241934.0356905,,,
8775,0,svm,max,balanced,cached_mxbai,130,1782241934.0905933,,,
7340,0,svm,max,balanced,cached_mxbai,131,1782241934.1459322,,,
7412,0,svm,max,balanced,cached_mxbai,132,1782241934.2011878,,,
3019,1,svm,max,balanced,cached_mxbai,133,1782241934.2572906,,,
8314,1,svm,max,balanced,cached_mxbai,134,1782241934.3124888,,,
4456,0,svm,max,balanced,cached_mxbai,135,1782241934.3681517,,,
5972,0,svm,max,balanced,cached_mxbai,136,1782241934.4243703,,,
6628,0,svm,max,balanced,cached_mxbai,137,1782241934.4788413,,,
649,0,svm,max,balanced,cached_mxbai,138,1782241934.534198,,,
8843,0,svm,max,balanced,cached_mxbai,139,1782241934.5913193,,,
7153,1,svm,max,balanced,cached_mxbai,140,1782241934.6462595,,,
7655,1,svm,max,balanced,cached_mxbai,141,1782241934.7050025,,,
9686,1,svm,max,balanced,cached_mxbai,142,1782241934.760134,,,
521,0,svm,max,balanced,cached_mxbai,143,1782241934.8159502,,,
2011,0,svm,max,balanced,cached_mxbai,144,1782241934.8721943,,,
6627,0,svm,max,balanced,cached_mxbai,145,1782241934.9282484,,,
7333,1,svm,max,balanced,cached_mxbai,146,1782241934.982848,,,
7413,1,svm,max,balanced,cached_mxbai,147,1782241935.0454216,,,
1028,0,svm,max,balanced,cached_mxbai,148,1782241935.101259,,,
1747,1,svm,max,balanced,cached_mxbai,149,1782241935.1637301,,,
1748,0,svm,max,balanced,cached_mxbai,150,1782241935.2262883,,,
8401,0,svm,max,balanced,cached_mxbai,151,1782241935.3019533,,,
9360,0,svm,max,balanced,cached_mxbai,152,1782241935.3681366,,,
10035,0,svm,max,balanced,cached_mxbai,153,1782241935.4260914,,,
4547,0,svm,max,balanced,cached_mxbai,154,1782241935.4819994,,,
3489,0,svm,max,balanced,cached_mxbai,155,1782241935.537849,,,
8620,0,svm,max,balanced,cached_mxbai,156,1782241935.594453,,,
9107,0,svm,max,balanced,cached_mxbai,157,1782241935.6495101,,,
2800,0,svm,max,balanced,cached_mxbai,158,1782241935.7055907,,,
9325,1,svm,max,balanced,cached_mxbai,159,1782241935.7637236,,,
7179,0,svm,max,balanced,cached_mxbai,160,1782241935.8190684,,,
8503,1,svm,max,balanced,cached_mxbai,161,1782241935.874515,,,
7877,1,svm,max,balanced,cached_mxbai,162,1782241935.9311163,,,
10147,1,svm,max,balanced,cached_mxbai,163,1782241935.9864607,,,
1728,1,svm,max,balanced,cached_mxbai,164,1782241936.0430543,,,
9077,0,svm,max,balanced,cached_mxbai,165,1782241936.0984254,,,
8807,0,svm,max,balanced,cached_mxbai,166,1782241936.1545072,,,
8306,1,svm,max,balanced,cached_mxbai,167,1782241936.2098525,,,
4549,0,svm,max,balanced,cached_mxbai,168,1782241936.2664557,,,
5082,0,svm,max,balanced,cached_mxbai,169,1782241936.3229866,,,
7878,0,svm,max,balanced,cached_mxbai,170,1782241936.3804321,,,
10324,0,svm,max,balanced,cached_mxbai,171,1782241936.438913,,,
8656,0,svm,max,balanced,cached_mxbai,172,1782241936.4956458,,,
9142,0,svm,max,balanced,cached_mxbai,173,1782241936.5525932,,,
1488,0,svm,max,balanced,cached_mxbai,174,1782241936.6086643,,,
5715,0,svm,max,balanced,cached_mxbai,175,1782241936.6649861,,,
9835,0,svm,max,balanced,cached_mxbai,176,1782241936.7248144,,,
8247,1,svm,max,balanced,cached_mxbai,177,1782241936.7811778,,,
4534,0,svm,max,balanced,cached_mxbai,178,1782241936.8377895,,,
9750,1,svm,max,balanced,cached_mxbai,179,1782241936.894225,,,
4508,0,svm,max,balanced,cached_mxbai,180,1782241936.952613,,,
9525,0,svm,max,balanced,cached_mxbai,181,1782241937.0112507,,,
4455,0,svm,max,balanced,cached_mxbai,182,1782241937.0689526,,,
681,0,svm,max,balanced,cached_mxbai,183,1782241937.1253753,,,
10053,0,svm,max,balanced,cached_mxbai,184,1782241937.1825051,,,
5888,1,svm,max,balanced,cached_mxbai,185,1782241937.241531,,,
1726,1,svm,max,balanced,cached_mxbai,186,1782241937.2988274,,,
10051,0,svm,max,balanced,cached_mxbai,187,1782241937.3569758,,,
10062,0,svm,max,balanced,cached_mxbai,188,1782241937.4160454,,,
4345,0,svm,max,balanced,cached_mxbai,189,1782241937.4729037,,,
4591,0,svm,max,balanced,cached_mxbai,190,1782241937.5296113,,,
6617,0,svm,max,balanced,cached_mxbai,191,1782241937.586947,,,
5333,0,svm,max,balanced,cached_mxbai,192,1782241937.6445982,,,
1272,0,svm,max,balanced,cached_mxbai,193,1782241937.7060804,,,
3135,0,svm,max,balanced,cached_mxbai,194,1782241937.7640607,,,
6479,0,svm,max,balanced,cached_mxbai,195,1782241937.8230624,,,
8442,0,svm,max,balanced,cached_mxbai,196,1782241937.8805478,,,
4950,0,svm,max,balanced,cached_mxbai,197,1782241937.9394865,,,
4452,0,svm,max,balanced,cached_mxbai,198,1782241937.9972281,,,
3190,0,svm,max,balanced,cached_mxbai,199,1782241938.056032,,,
7561,0,svm,max,balanced,cached_mxbai,200,1782241938.1144738,,,
3692,0,svm,max,balanced,cached_mxbai,201,1782241938.172433,,,
7724,1,svm,max,balanced,cached_mxbai,202,1782241938.2313006,,,
4504,0,svm,max,balanced,cached_mxbai,203,1782241938.2891376,,,
6783,0,svm,max,balanced,cached_mxbai,204,1782241938.3467872,,,
3509,0,svm,max,balanced,cached_mxbai,205,1782241938.4058545,,,
8460,0,svm,max,balanced,cached_mxbai,206,1782241938.4649372,,,
1002,1,svm,max,balanced,cached_mxbai,207,1782241938.5222797,,,
5714,1,svm,max,balanced,cached_mxbai,208,1782241938.5808494,,,
6111,0,svm,max,balanced,cached_mxbai,209,1782241938.6392214,,,
7754,0,svm,max,balanced,cached_mxbai,210,1782241938.7015364,,,
4423,0,svm,max,balanced,cached_mxbai,211,1782241938.7600658,,,
3021,0,svm,max,balanced,cached_mxbai,212,1782241938.8201692,,,
5565,0,svm,max,balanced,cached_mxbai,213,1782241938.8780515,,,
4751,0,svm,max,balanced,cached_mxbai,214,1782241938.936221,,,
989,0,svm,max,balanced,cached_mxbai,215,1782241938.9935324,,,
7851,0,svm,max,balanced,cached_mxbai,216,1782241939.0521667,,,
1786,0,svm,max,balanced,cached_mxbai,217,1782241939.1103659,,,
1110,0,svm,max,balanced,cached_mxbai,218,1782241939.1691654,,,
1645,1,svm,max,balanced,cached_mxbai,219,1782241939.2275262,,,
5986,1,svm,max,balanced,cached_mxbai,220,1782241939.2874238,,,
4460,0,svm,max,balanced,cached_mxbai,221,1782241939.3467731,,,
5059,0,svm,max,balanced,cached_mxbai,222,1782241939.4060352,,,
4718,0,svm,max,balanced,cached_mxbai,223,1782241939.4656827,,,
4448,0,svm,max,balanced,cached_mxbai,224,1782241939.524764,,,
6268,0,svm,max,balanced,cached_mxbai,225,1782241939.5835118,,,
9944,0,svm,max,balanced,cached_mxbai,226,1782241939.6426713,,,
5724,1,svm,max,balanced,cached_mxbai,227,1782241939.7050326,,,
4786,0,svm,max,balanced,cached_mxbai,228,1782241939.7639337,,,
8926,0,svm,max,balanced,cached_mxbai,229,1782241939.8233597,,,
8047,1,svm,max,balanced,cached_mxbai,230,1782241939.8830075,,,
6227,0,svm,max,balanced,cached_mxbai,231,1782241939.9416742,,,
2294,0,svm,max,balanced,cached_mxbai,232,1782241940.0011125,,,
4464,1,svm,max,balanced,cached_mxbai,233,1782241940.0608215,,,
5299,0,svm,max,balanced,cached_mxbai,234,1782241940.1200037,,,
8815,1,svm,max,balanced,cached_mxbai,235,1782241940.1791995,,,
6098,0,svm,max,balanced,cached_mxbai,236,1782241940.2394316,,,
10594,1,svm,max,balanced,cached_mxbai,237,1782241940.2982926,,,
4326,0,svm,max,balanced,cached_mxbai,238,1782241940.35711,,,
6520,0,svm,max,balanced,cached_mxbai,239,1782241940.4169228,,,
1005,0,svm,max,balanced,cached_mxbai,240,1782241940.4778697,,,
10028,1,svm,max,balanced,cached_mxbai,241,1782241940.536807,,,
9027,0,svm,max,balanced,cached_mxbai,242,1782241940.595242,,,
5948,0,svm,max,balanced,cached_mxbai,243,1782241940.655265,,,
2958,0,svm,max,balanced,cached_mxbai,244,1782241940.7177355,,,
9170,1,svm,max,balanced,cached_mxbai,245,1782241940.7777352,,,
8505,0,svm,max,balanced,cached_mxbai,246,1782241940.8376942,,,
1311,0,svm,max,balanced,cached_mxbai,247,1782241940.8967977,,,
6158,0,svm,max,balanced,cached_mxbai,248,1782241940.959069,,,
1675,1,svm,max,balanced,cached_mxbai,249,1782241941.0212362,,,
9346,1,svm,max,balanced,cached_mxbai,250,1782241941.0825214,,,
5322,0,svm,max,balanced,cached_mxbai,251,1782241941.1430147,,,
5296,0,svm,max,balanced,cached_mxbai,252,1782241941.203311,,,
9758,0,svm,max,balanced,cached_mxbai,253,1782241941.2638521,,,
8787,0,svm,max,balanced,cached_mxbai,254,1782241941.3251858,,,
4752,0,svm,max,balanced,cached_mxbai,255,1782241941.3857045,,,
8801,0,svm,max,balanced,cached_mxbai,256,1782241941.4496312,,,
7278,0,svm,max,balanced,cached_mxbai,257,1782241941.5100193,,,
4450,0,svm,max,balanced,cached_mxbai,258,1782241941.5707283,,,
6716,0,svm,max,balanced,cached_mxbai,259,1782241941.631264,,,
5985,0,svm,max,balanced,cached_mxbai,260,1782241941.6916535,,,
4210,0,svm,max,balanced,cached_mxbai,261,1782241941.756456,,,
6508,0,svm,max,balanced,cached_mxbai,262,1782241941.8176389,,,
4425,0,svm,max,balanced,cached_mxbai,263,1782241941.8784404,,,
10563,1,svm,max,balanced,cached_mxbai,264,1782241941.9400544,,,
6257,0,svm,max,balanced,cached_mxbai,265,1782241942.002499,,,
3102,0,svm,max,balanced,cached_mxbai,266,1782241942.0631022,,,
9468,0,svm,max,balanced,cached_mxbai,267,1782241942.1242223,,,
5865,0,svm,max,balanced,cached_mxbai,268,1782241942.1846106,,,
9462,0,svm,max,balanced,cached_mxbai,269,1782241942.247041,,,
5141,0,svm,max,balanced,cached_mxbai,270,1782241942.3077207,,,
4468,0,svm,max,balanced,cached_mxbai,271,1782241942.369727,,,
1649,0,svm,max,balanced,cached_mxbai,272,1782241942.433002,,,
4529,0,svm,max,balanced,cached_mxbai,273,1782241942.494918,,,
6448,0,svm,max,balanced,cached_mxbai,274,1782241942.5561216,,,
6624,0,svm,max,balanced,cached_mxbai,275,1782241942.618158,,,
589,0,svm,max,balanced,cached_mxbai,276,1782241942.6812453,,,
1554,0,svm,max,balanced,cached_mxbai,277,1782241942.7482307,,,
7942,0,svm,max,balanced,cached_mxbai,278,1782241942.810298,,,
4592,0,svm,max,balanced,cached_mxbai,279,1782241942.8732316,,,
657,0,svm,max,balanced,cached_mxbai,280,1782241942.9385316,,,
6480,0,svm,max,balanced,cached_mxbai,281,1782241943.002755,,,
845,0,svm,max,balanced,cached_mxbai,282,1782241943.0641487,,,
10037,0,svm,max,balanced,cached_mxbai,283,1782241943.1260767,,,
1729,0,svm,max,balanced,cached_mxbai,284,1782241943.188485,,,
5071,0,svm,max,balanced,cached_mxbai,285,1782241943.2504287,,,
9892,0,svm,max,balanced,cached_mxbai,286,1782241943.3127816,,,
8117,0,svm,max,balanced,cached_mxbai,287,1782241943.3748963,,,
7711,0,svm,max,balanced,cached_mxbai,288,1782241943.4402416,,,
543,0,svm,max,balanced,cached_mxbai,289,1782241943.503769,,,
8561,0,svm,max,balanced,cached_mxbai,290,1782241943.5667894,,,
5782,0,svm,max,balanced,cached_mxbai,291,1782241943.628888,,,
4666,0,svm,max,balanced,cached_mxbai,292,1782241943.6917987,,,
7172,0,svm,max,balanced,cached_mxbai,293,1782241943.7578866,,,
10101,0,svm,max,balanced,cached_mxbai,294,1782241943.8204012,,,
10590,0,svm,max,balanced,cached_mxbai,295,1782241943.8828616,,,
6665,0,svm,max,balanced,cached_mxbai,296,1782241943.945489,,,
4338,0,svm,max,balanced,cached_mxbai,297,1782241944.008144,,,
3464,0,svm,max,balanced,cached_mxbai,298,1782241944.0713396,,,
5606,0,svm,max,balanced,cached_mxbai,299,1782241944.1343386,,,
1271,0,svm,max,balanced,cached_mxbai,300,1782241944.1970406,,,
9774,0,svm,max,balanced,cached_mxbai,301,1782241944.2604012,,,
5560,0,svm,max,balanced,cached_mxbai,302,1782241944.323581,,,
1081,0,svm,max,balanced,cached_mxbai,303,1782241944.3870053,,,
4986,0,svm,max,balanced,cached_mxbai,304,1782241944.4534628,,,
7176,0,svm,max,balanced,cached_mxbai,305,1782241944.5165694,,,
8691,0,svm,max,balanced,cached_mxbai,306,1782241944.5802119,,,
1552,0,svm,max,balanced,cached_mxbai,307,1782241944.6443121,,,
4413,0,svm,max,balanced,cached_mxbai,308,1782241944.7084122,,,
5624,0,svm,max,balanced,cached_mxbai,309,1782241944.7764723,,,
3372,0,svm,max,balanced,cached_mxbai,310,1782241944.8410933,,,
8532,0,svm,max,balanced,cached_mxbai,311,1782241944.9047925,,,
4548,0,svm,max,balanced,cached_mxbai,312,1782241944.967523,,,
8971,0,svm,max,balanced,cached_mxbai,313,1782241945.0422812,,,
5368,1,svm,max,balanced,cached_mxbai,314,1782241945.1160846,,,
6496,0,svm,max,balanced,cached_mxbai,315,1782241945.1799457,,,
9168,0,svm,max,balanced,cached_mxbai,316,1782241945.2580175,,,
1819,0,svm,max,balanced,cached_mxbai,317,1782241945.3494806,,,
4461,0,svm,max,balanced,cached_mxbai,318,1782241945.4127913,,,
4029,0,svm,max,balanced,cached_mxbai,319,1782241945.4803765,,,
6018,0,svm,max,balanced,cached_mxbai,320,1782241945.545032,,,
3768,0,svm,max,balanced,cached_mxbai,321,1782241945.6106224,,,
5306,0,svm,max,balanced,cached_mxbai,322,1782241945.6748223,,,
8366,0,svm,max,balanced,cached_mxbai,323,1782241945.7441187,,,
1232,0,svm,max,balanced,cached_mxbai,324,1782241945.8118834,,,
7905,0,svm,max,balanced,cached_mxbai,325,1782241945.8759604,,,
4965,0,svm,max,balanced,cached_mxbai,326,1782241945.9411242,,,
3459,0,svm,max,balanced,cached_mxbai,327,1782241946.0141685,,,
7200,0,svm,max,balanced,cached_mxbai,328,1782241946.0860097,,,
9989,1,svm,max,balanced,cached_mxbai,329,1782241946.154899,,,
3908,0,svm,max,balanced,cached_mxbai,330,1782241946.2232113,,,
6874,0,svm,max,balanced,cached_mxbai,331,1782241946.2906363,,,
4466,0,svm,max,balanced,cached_mxbai,332,1782241946.3626707,,,
5492,0,svm,max,balanced,cached_mxbai,333,1782241946.4347017,,,
10502,0,svm,max,balanced,cached_mxbai,334,1782241946.507647,,,
7012,0,svm,max,balanced,cached_mxbai,335,1782241946.5749762,,,
6921,0,svm,max,balanced,cached_mxbai,336,1782241946.6429656,,,
3176,0,svm,max,balanced,cached_mxbai,337,1782241946.7149816,,,
4465,0,svm,max,balanced,cached_mxbai,338,1782241946.7905142,,,
9025,0,svm,max,balanced,cached_mxbai,339,1782241946.8572106,,,
1038,0,svm,max,balanced,cached_mxbai,340,1782241946.9229326,,,
5305,0,svm,max,balanced,cached_mxbai,341,1782241946.987776,,,
1424,0,svm,max,balanced,cached_mxbai,342,1782241947.054418,,,
220,0,svm,max,balanced,cached_mxbai,343,1782241947.1211708,,,
4887,0,svm,max,balanced,cached_mxbai,344,1782241947.1876185,,,
7790,0,svm,max,balanced,cached_mxbai,345,1782241947.254111,,,
5561,0,svm,max,balanced,cached_mxbai,346,1782241947.3205152,,,
5293,0,svm,max,balanced,cached_mxbai,347,1782241947.386399,,,
10595,1,svm,max,balanced,cached_mxbai,348,1782241947.4552133,,,
4436,0,svm,max,balanced,cached_mxbai,349,1782241947.520637,,,
8651,0,svm,max,balanced,cached_mxbai,350,1782241947.5857084,,,
7678,0,svm,max,balanced,cached_mxbai,351,1782241947.6516182,,,
8806,1,svm,max,balanced,cached_mxbai,352,1782241947.7170863,,,
5792,0,svm,max,balanced,cached_mxbai,353,1782241947.7879748,,,
1083,0,svm,max,balanced,cached_mxbai,354,1782241947.8547688,,,
8643,0,svm,max,balanced,cached_mxbai,355,1782241947.9212835,,,
1491,0,svm,max,balanced,cached_mxbai,356,1782241947.9890018,,,
4055,0,svm,max,balanced,cached_mxbai,357,1782241948.054653,,,
7215,0,svm,max,balanced,cached_mxbai,358,1782241948.1237097,,,
4973,0,svm,max,balanced,cached_mxbai,359,1782241948.1902492,,,
8334,0,svm,max,balanced,cached_mxbai,360,1782241948.2578518,,,
1817,0,svm,max,balanced,cached_mxbai,361,1782241948.325757,,,
3961,0,svm,max,balanced,cached_mxbai,362,1782241948.3942597,,,
1489,0,svm,max,balanced,cached_mxbai,363,1782241948.470294,,,
9430,0,svm,max,balanced,cached_mxbai,364,1782241948.5390663,,,
7299,0,svm,max,balanced,cached_mxbai,365,1782241948.6065946,,,
4077,0,svm,max,balanced,cached_mxbai,366,1782241948.6741905,,,
4743,0,svm,max,balanced,cached_mxbai,367,1782241948.7419665,,,
5941,0,svm,max,balanced,cached_mxbai,368,1782241948.8149831,,,
4643,0,svm,max,balanced,cached_mxbai,369,1782241948.8854055,,,
5209,0,svm,max,balanced,cached_mxbai,370,1782241948.9544055,,,
8596,0,svm,max,balanced,cached_mxbai,371,1782241949.0240948,,,
2489,0,svm,max,balanced,cached_mxbai,372,1782241949.0939698,,,
9684,0,svm,max,balanced,cached_mxbai,373,1782241949.164279,,,
4036,0,svm,max,balanced,cached_mxbai,374,1782241949.235257,,,
4308,0,svm,max,balanced,cached_mxbai,375,1782241949.3053257,,,
183,0,svm,max,balanced,cached_mxbai,376,1782241949.3749912,,,
5586,0,svm,max,balanced,cached_mxbai,377,1782241949.443713,,,
10052,0,svm,max,balanced,cached_mxbai,378,1782241949.5192227,,,
8465,0,svm,max,balanced,cached_mxbai,379,1782241949.5890322,,,
725,0,svm,max,balanced,cached_mxbai,380,1782241949.6588304,,,
5967,1,svm,max,balanced,cached_mxbai,381,1782241949.7292557,,,
9805,0,svm,max,balanced,cached_mxbai,382,1782241949.8072436,,,
6781,1,svm,max,balanced,cached_mxbai,383,1782241949.8772006,,,
6782,0,svm,max,balanced,cached_mxbai,384,1782241949.9473648,,,
5257,0,svm,max,balanced,cached_mxbai,385,1782241950.016364,,,
1001,0,svm,max,balanced,cached_mxbai,386,1782241950.0860546,,,
3343,0,svm,max,balanced,cached_mxbai,387,1782241950.1567922,,,
9770,1,svm,max,balanced,cached_mxbai,388,1782241950.2268782,,,
7147,0,svm,max,balanced,cached_mxbai,389,1782241950.2970586,,,
8188,0,svm,max,balanced,cached_mxbai,390,1782241950.3677804,,,
1906,0,svm,max,balanced,cached_mxbai,391,1782241950.4390047,,,
1004,0,svm,max,balanced,cached_mxbai,392,1782241950.512951,,,
8145,0,svm,max,balanced,cached_mxbai,393,1782241950.5841022,,,
1145,0,svm,max,balanced,cached_mxbai,394,1782241950.6561177,,,
1047,1,svm,max,balanced,cached_mxbai,395,1782241950.728259,,,
7184,0,svm,max,balanced,cached_mxbai,396,1782241950.8051188,,,
7686,0,svm,max,balanced,cached_mxbai,397,1782241950.8765583,,,
8375,0,svm,max,balanced,cached_mxbai,398,1782241950.9478576,,,
4406,0,svm,max,balanced,cached_mxbai,399,1782241951.0190206,,,
4552,0,svm,max,balanced,cached_mxbai,400,1782241951.0905054,,,
3145,1,svm,max,balanced,cached_mxbai,401,1782241951.160866,,,
6779,1,svm,max,balanced,cached_mxbai,402,1782241951.2339869,,,
3891,0,svm,max,balanced,cached_mxbai,403,1782241951.3059766,,,
3718,0,svm,max,balanced,cached_mxbai,404,1782241951.3775084,,,
99,0,svm,max,balanced,cached_mxbai,405,1782241951.4489086,,,
3389,0,svm,max,balanced,cached_mxbai,406,1782241951.5244305,,,
9600,0,svm,max,balanced,cached_mxbai,407,1782241951.5969865,,,
3144,0,svm,max,balanced,cached_mxbai,408,1782241951.6707282,,,
6464,0,svm,max,balanced,cached_mxbai,409,1782241951.744016,,,
3027,0,svm,max,balanced,cached_mxbai,410,1782241951.8217397,,,
4628,0,svm,max,balanced,cached_mxbai,411,1782241951.8948643,,,
3679,0,svm,max,balanced,cached_mxbai,412,1782241951.9681165,,,
6258,1,svm,max,balanced,cached_mxbai,413,1782241952.0412052,,,
1228,0,svm,max,balanced,cached_mxbai,414,1782241952.1143217,,,
10016,1,svm,max,balanced,cached_mxbai,415,1782241952.1852336,,,
6519,0,svm,max,balanced,cached_mxbai,416,1782241952.2569473,,,
10146,0,svm,max,balanced,cached_mxbai,417,1782241952.327583,,,
8887,0,svm,max,balanced,cached_mxbai,418,1782241952.3982372,,,
2681,0,svm,max,balanced,cached_mxbai,419,1782241952.4688022,,,
4885,0,svm,max,balanced,cached_mxbai,420,1782241952.5411828,,,
5085,0,svm,max,balanced,cached_mxbai,421,1782241952.6136775,,,
9204,0,svm,max,balanced,cached_mxbai,422,1782241952.6876602,,,
4353,0,svm,max,balanced,cached_mxbai,423,1782241952.7613287,,,
3576,0,svm,max,balanced,cached_mxbai,424,1782241952.8370998,,,
4467,0,svm,max,balanced,cached_mxbai,425,1782241952.9096699,,,
8605,0,svm,max,balanced,cached_mxbai,426,1782241952.984819,,,
7017,0,svm,max,balanced,cached_mxbai,427,1782241953.0578408,,,
6490,0,svm,max,balanced,cached_mxbai,428,1782241953.1308947,,,
3568,0,svm,max,balanced,cached_mxbai,429,1782241953.2014198,,,
5975,0,svm,max,balanced,cached_mxbai,430,1782241953.2723565,,,
958,0,svm,max,balanced,cached_mxbai,431,1782241953.3440928,,,
5769,0,svm,max,balanced,cached_mxbai,432,1782241953.4160936,,,
6891,0,svm,max,balanced,cached_mxbai,433,1782241953.4895854,,,
6377,0,svm,max,balanced,cached_mxbai,434,1782241953.5629056,,,
5521,0,svm,max,balanced,cached_mxbai,435,1782241953.6352537,,,
9255,0,svm,max,balanced,cached_mxbai,436,1782241953.7072008,,,
4881,0,svm,max,balanced,cached_mxbai,437,1782241953.7797287,,,
8485,0,svm,max,balanced,cached_mxbai,438,1782241953.8568623,,,
3963,0,svm,max,balanced,cached_mxbai,439,1782241953.9297862,,,
4451,0,svm,max,balanced,cached_mxbai,440,1782241954.0025303,,,
1599,0,svm,max,balanced,cached_mxbai,441,1782241954.0741875,,,
4738,0,svm,max,balanced,cached_mxbai,442,1782241954.1455953,,,
10215,0,svm,max,balanced,cached_mxbai,443,1782241954.219422,,,
3243,0,svm,max,balanced,cached_mxbai,444,1782241954.291792,,,
558,0,svm,max,balanced,cached_mxbai,445,1782241954.364703,,,
5210,0,svm,max,balanced,cached_mxbai,446,1782241954.438656,,,
4829,0,svm,max,balanced,cached_mxbai,447,1782241954.5116866,,,
7140,0,svm,max,balanced,cached_mxbai,448,1782241954.584383,,,
8395,0,svm,max,balanced,cached_mxbai,449,1782241954.6580036,,,
662,0,svm,max,balanced,cached_mxbai,450,1782241954.7314162,,,
5633,0,svm,max,balanced,cached_mxbai,451,1782241954.8059459,,,
4567,0,svm,max,balanced,cached_mxbai,452,1782241954.8827767,,,
6640,0,svm,max,balanced,cached_mxbai,453,1782241954.955154,,,
2705,0,svm,max,balanced,cached_mxbai,454,1782241955.0366645,,,
6916,0,svm,max,balanced,cached_mxbai,455,1782241955.1099417,,,
4720,0,svm,max,balanced,cached_mxbai,456,1782241955.1824775,,,
5176,0,svm,max,balanced,cached_mxbai,457,1782241955.2794585,,,
1061,0,svm,max,balanced,cached_mxbai,458,1782241955.3747802,,,
8595,0,svm,max,balanced,cached_mxbai,459,1782241955.4486694,,,
4557,0,svm,max,balanced,cached_mxbai,460,1782241955.522812,,,
5563,0,svm,max,balanced,cached_mxbai,461,1782241955.5966184,,,
10209,0,svm,max,balanced,cached_mxbai,462,1782241955.669768,,,
4688,0,svm,max,balanced,cached_mxbai,463,1782241955.7448528,,,
3433,0,svm,max,balanced,cached_mxbai,464,1782241955.825775,,,
10596,1,svm,max,balanced,cached_mxbai,465,1782241955.8999133,,,
9945,0,svm,max,balanced,cached_mxbai,466,1782241955.9755008,,,
4748,0,svm,max,balanced,cached_mxbai,467,1782241956.050051,,,
3668,0,svm,max,balanced,cached_mxbai,468,1782241956.1251419,,,
6133,0,svm,max,balanced,cached_mxbai,469,1782241956.2009974,,,
7288,0,svm,max,balanced,cached_mxbai,470,1782241956.2765942,,,
8015,0,svm,max,balanced,cached_mxbai,471,1782241956.3509908,,,
3804,0,svm,max,balanced,cached_mxbai,472,1782241956.4253402,,,
6881,1,svm,max,balanced,cached_mxbai,473,1782241956.502325,,,
9830,0,svm,max,balanced,cached_mxbai,474,1782241956.5792985,,,
1391,0,svm,max,balanced,cached_mxbai,475,1782241956.654023,,,
4072,0,svm,max,balanced,cached_mxbai,476,1782241956.730397,,,
5049,0,svm,max,balanced,cached_mxbai,477,1782241956.808381,,,
10591,0,svm,max,balanced,cached_mxbai,478,1782241956.8851168,,,
1520,0,svm,max,balanced,cached_mxbai,479,1782241956.9594042,,,
8422,1,svm,max,balanced,cached_mxbai,480,1782241957.0364652,,,
7896,0,svm,max,balanced,cached_mxbai,481,1782241957.1114483,,,
8991,0,svm,max,balanced,cached_mxbai,482,1782241957.1878655,,,
4471,0,svm,max,balanced,cached_mxbai,483,1782241957.2645862,,,
4064,0,svm,max,balanced,cached_mxbai,484,1782241957.340823,,,
74,0,svm,max,balanced,cached_mxbai,485,1782241957.415525,,,
4531,0,svm,max,balanced,cached_mxbai,486,1782241957.4926634,,,
7943,0,svm,max,balanced,cached_mxbai,487,1782241957.5691245,,,
3065,0,svm,max,balanced,cached_mxbai,488,1782241957.6456735,,,
5008,0,svm,max,balanced,cached_mxbai,489,1782241957.7229376,,,
6738,0,svm,max,balanced,cached_mxbai,490,1782241957.8020732,,,
10026,0,svm,max,balanced,cached_mxbai,491,1782241957.8795612,,,
6926,0,svm,max,balanced,cached_mxbai,492,1782241957.9561214,,,
4487,0,svm,max,balanced,cached_mxbai,493,1782241958.031885,,,
4778,0,svm,max,balanced,cached_mxbai,494,1782241958.110316,,,
9743,0,svm,max,balanced,cached_mxbai,495,1782241958.1868143,,,
3726,0,svm,max,balanced,cached_mxbai,496,1782241958.2638955,,,
3775,0,svm,max,balanced,cached_mxbai,497,1782241958.3401198,,,
7392,0,svm,max,balanced,cached_mxbai,498,1782241958.4169765,,,
1191,0,svm,max,balanced,cached_mxbai,499,1782241958.499072,,,
9249,0,svm,max,balanced,cached_mxbai,500,1782241958.583169,,,
832,0,svm,max,balanced,cached_mxbai,501,1782241958.6606016,,,
3672,0,svm,max,balanced,cached_mxbai,502,1782241958.7389243,,,
4427,0,svm,max,balanced,cached_mxbai,503,1782241958.8189642,,,
699,0,svm,max,balanced,cached_mxbai,504,1782241958.8983073,,,
10273,0,svm,max,balanced,cached_mxbai,505,1782241958.9824243,,,
3919,0,svm,max,balanced,cached_mxbai,506,1782241959.0647283,,,
9960,0,svm,max,balanced,cached_mxbai,507,1782241959.144802,,,
559,0,svm,max,balanced,cached_mxbai,508,1782241959.2223508,,,
9907,0,svm,max,balanced,cached_mxbai,509,1782241959.302334,,,
5556,0,svm,max,balanced,cached_mxbai,510,1782241959.380772,,,
4396,0,svm,max,balanced,cached_mxbai,511,1782241959.4591596,,,
4449,0,svm,max,balanced,cached_mxbai,512,1782241959.5415397,,,
7435,0,svm,max,balanced,cached_mxbai,513,1782241959.6211615,,,
4779,0,svm,max,balanced,cached_mxbai,514,1782241959.6999834,,,
7080,1,svm,max,balanced,cached_mxbai,515,1782241959.7790244,,,
3032,0,svm,max,balanced,cached_mxbai,516,1782241959.8588204,,,
675,0,svm,max,balanced,cached_mxbai,517,1782241959.93724,,,
7104,0,svm,max,balanced,cached_mxbai,518,1782241960.0141842,,,
10227,0,svm,max,balanced,cached_mxbai,519,1782241960.0922184,,,
3150,0,svm,max,balanced,cached_mxbai,520,1782241960.170565,,,
838,0,svm,max,balanced,cached_mxbai,521,1782241960.248899,,,
5780,0,svm,max,balanced,cached_mxbai,522,1782241960.328883,,,
9022,0,svm,max,balanced,cached_mxbai,523,1782241960.4074173,,,
4390,0,svm,max,balanced,cached_mxbai,524,1782241960.4854348,,,
4669,0,svm,max,balanced,cached_mxbai,525,1782241960.5651786,,,
1403,0,svm,max,balanced,cached_mxbai,526,1782241960.6440263,,,
8714,0,svm,max,balanced,cached_mxbai,527,1782241960.7233365,,,
1708,0,svm,max,balanced,cached_mxbai,528,1782241960.8024838,,,
4626,0,svm,max,balanced,cached_mxbai,529,1782241960.8830867,,,
6889,0,svm,max,balanced,cached_mxbai,530,1782241960.9634213,,,
7421,0,svm,max,balanced,cached_mxbai,531,1782241961.0436227,,,
2076,0,svm,max,balanced,cached_mxbai,532,1782241961.1249824,,,
4154,0,svm,max,balanced,cached_mxbai,533,1782241961.206336,,,
10424,0,svm,max,balanced,cached_mxbai,534,1782241961.2858438,,,
4511,0,svm,max,balanced,cached_mxbai,535,1782241961.3664818,,,
9461,1,svm,max,balanced,cached_mxbai,536,1782241961.4458342,,,
114,0,svm,max,balanced,cached_mxbai,537,1782241961.5275385,,,
1350,0,svm,max,balanced,cached_mxbai,538,1782241961.6081996,,,
8471,0,svm,max,balanced,cached_mxbai,539,1782241961.6879067,,,
5193,0,svm,max,balanced,cached_mxbai,540,1782241961.7720869,,,
5857,0,svm,max,balanced,cached_mxbai,541,1782241961.8549788,,,
3787,0,svm,max,balanced,cached_mxbai,542,1782241961.9359896,,,
6420,0,svm,max,balanced,cached_mxbai,543,1782241962.0186088,,,
5179,0,svm,max,balanced,cached_mxbai,544,1782241962.1029642,,,
7549,0,svm,max,balanced,cached_mxbai,545,1782241962.1840038,,,
5102,0,svm,max,balanced,cached_mxbai,546,1782241962.265095,,,
4661,0,svm,max,balanced,cached_mxbai,547,1782241962.3472292,,,
3224,0,svm,max,balanced,cached_mxbai,548,1782241962.4293404,,,
6618,0,svm,max,balanced,cached_mxbai,549,1782241962.512651,,,
6100,0,svm,max,balanced,cached_mxbai,550,1782241962.5951133,,,
8556,0,svm,max,balanced,cached_mxbai,551,1782241962.675516,,,
4785,0,svm,max,balanced,cached_mxbai,552,1782241962.7566886,,,
1389,0,svm,max,balanced,cached_mxbai,553,1782241962.8412511,,,
4597,0,svm,max,balanced,cached_mxbai,554,1782241962.9231887,,,
3623,0,svm,max,balanced,cached_mxbai,555,1782241963.0046182,,,
3296,0,svm,max,balanced,cached_mxbai,556,1782241963.0868406,,,
4770,0,svm,max,balanced,cached_mxbai,557,1782241963.1696692,,,
3618,0,svm,max,balanced,cached_mxbai,558,1782241963.2516131,,,
3974,0,svm,max,balanced,cached_mxbai,559,1782241963.3335986,,,
4505,0,svm,max,balanced,cached_mxbai,560,1782241963.4142175,,,
10452,0,svm,max,balanced,cached_mxbai,561,1782241963.4934576,,,
4616,0,svm,max,balanced,cached_mxbai,562,1782241963.576588,,,
2110,0,svm,max,balanced,cached_mxbai,563,1782241963.660255,,,
5056,0,svm,max,balanced,cached_mxbai,564,1782241963.7450135,,,
4520,0,svm,max,balanced,cached_mxbai,565,1782241963.8298733,,,
7453,1,svm,max,balanced,cached_mxbai,566,1782241963.9115472,,,
3929,0,svm,max,balanced,cached_mxbai,567,1782241963.9924364,,,
430,0,svm,max,balanced,cached_mxbai,568,1782241964.0750613,,,
5172,0,svm,max,balanced,cached_mxbai,569,1782241964.1584284,,,
2625,0,svm,max,balanced,cached_mxbai,570,1782241964.2395499,,,
10532,0,svm,max,balanced,cached_mxbai,571,1782241964.3207588,,,
3435,0,svm,max,balanced,cached_mxbai,572,1782241964.401822,,,
1033,0,svm,max,balanced,cached_mxbai,573,1782241964.4841278,,,
4721,0,svm,max,balanced,cached_mxbai,574,1782241964.5707188,,,
5137,0,svm,max,balanced,cached_mxbai,575,1782241964.6586578,,,
3415,0,svm,max,balanced,cached_mxbai,576,1782241964.7455084,,,
4805,0,svm,max,balanced,cached_mxbai,577,1782241964.832388,,,
9124,0,svm,max,balanced,cached_mxbai,578,1782241964.9171193,,,
7148,0,svm,max,balanced,cached_mxbai,579,1782241965.0022643,,,
3926,0,svm,max,balanced,cached_mxbai,580,1782241965.0923738,,,
7534,0,svm,max,balanced,cached_mxbai,581,1782241965.178936,,,
4625,0,svm,max,balanced,cached_mxbai,582,1782241965.2906482,,,
5767,0,svm,max,balanced,cached_mxbai,583,1782241965.3919551,,,
4686,0,svm,max,balanced,cached_mxbai,584,1782241965.4777114,,,
1820,0,svm,max,balanced,cached_mxbai,585,1782241965.5635254,,,
9476,0,svm,max,balanced,cached_mxbai,586,1782241965.648178,,,
6255,0,svm,max,balanced,cached_mxbai,587,1782241965.7318954,,,
3101,0,svm,max,balanced,cached_mxbai,588,1782241965.8194351,,,
545,0,svm,max,balanced,cached_mxbai,589,1782241965.9099383,,,
6074,0,svm,max,balanced,cached_mxbai,590,1782241965.9928627,,,
3806,0,svm,max,balanced,cached_mxbai,591,1782241966.0786076,,,
4116,0,svm,max,balanced,cached_mxbai,592,1782241966.1624913,,,
4947,0,svm,max,balanced,cached_mxbai,593,1782241966.2467294,,,
4787,0,svm,max,balanced,cached_mxbai,594,1782241966.3310802,,,
4707,0,svm,max,balanced,cached_mxbai,595,1782241966.4148035,,,
3630,0,svm,max,balanced,cached_mxbai,596,1782241966.5002716,,,
5019,0,svm,max,balanced,cached_mxbai,597,1782241966.5861197,,,
760,0,svm,max,balanced,cached_mxbai,598,1782241966.6713743,,,
9552,0,svm,max,balanced,cached_mxbai,599,1782241966.7568955,,,
4134,0,svm,max,balanced,cached_mxbai,600,1782241966.8529577,,,
1051,0,svm,max,balanced,cached_mxbai,601,1782241966.943834,,,
676,0,svm,max,balanced,cached_mxbai,602,1782241967.029285,,,
4373,0,svm,max,balanced,cached_mxbai,603,1782241967.1176069,,,
6732,0,svm,max,balanced,cached_mxbai,604,1782241967.2057862,,,
3627,0,svm,max,balanced,cached_mxbai,605,1782241967.2953255,,,
8326,0,svm,max,balanced,cached_mxbai,606,1782241967.3835557,,,
9625,0,svm,max,balanced,cached_mxbai,607,1782241967.4708533,,,
8377,0,svm,max,balanced,cached_mxbai,608,1782241967.5581503,,,
4350,0,svm,max,balanced,cached_mxbai,609,1782241967.6482186,,,
4746,0,svm,max,balanced,cached_mxbai,610,1782241967.7386081,,,
6192,0,svm,max,balanced,cached_mxbai,611,1782241967.8285925,,,
9908,0,svm,max,balanced,cached_mxbai,612,1782241967.9240918,,,
4506,0,svm,max,balanced,cached_mxbai,613,1782241968.0124748,,,
9517,0,svm,max,balanced,cached_mxbai,614,1782241968.1005034,,,
1810,0,svm,max,balanced,cached_mxbai,615,1782241968.1870239,,,
5083,0,svm,max,balanced,cached_mxbai,616,1782241968.2735662,,,
4494,0,svm,max,balanced,cached_mxbai,617,1782241968.359703,,,
8168,0,svm,max,balanced,cached_mxbai,618,1782241968.4477494,,,
3106,0,svm,max,balanced,cached_mxbai,619,1782241968.5376673,,,
3827,0,svm,max,balanced,cached_mxbai,620,1782241968.6237578,,,
745,0,svm,max,balanced,cached_mxbai,621,1782241968.7138793,,,
7270,0,svm,max,balanced,cached_mxbai,622,1782241968.8018663,,,
5092,0,svm,max,balanced,cached_mxbai,623,1782241968.891617,,,
4875,0,svm,max,balanced,cached_mxbai,624,1782241968.9796782,,,
8982,0,svm,max,balanced,cached_mxbai,625,1782241969.068798,,,
10522,0,svm,max,balanced,cached_mxbai,626,1782241969.1580062,,,
4499,0,svm,max,balanced,cached_mxbai,627,1782241969.2475092,,,
8257,0,svm,max,balanced,cached_mxbai,628,1782241969.3368094,,,
6518,0,svm,max,balanced,cached_mxbai,629,1782241969.4242613,,,
2901,0,svm,max,balanced,cached_mxbai,630,1782241969.5149505,,,
9829,0,svm,max,balanced,cached_mxbai,631,1782241969.6031451,,,
7317,1,svm,max,balanced,cached_mxbai,632,1782241969.692458,,,
4793,0,svm,max,balanced,cached_mxbai,633,1782241969.7810934,,,
1867,0,svm,max,balanced,cached_mxbai,634,1782241969.8697097,,,
3416,0,svm,max,balanced,cached_mxbai,635,1782241969.9589825,,,
5168,0,svm,max,balanced,cached_mxbai,636,1782241970.048218,,,
9702,0,svm,max,balanced,cached_mxbai,637,1782241970.13563,,,
3347,0,svm,max,balanced,cached_mxbai,638,1782241970.2223947,,,
4698,0,svm,max,balanced,cached_mxbai,639,1782241970.3099918,,,
4659,0,svm,max,balanced,cached_mxbai,640,1782241970.3996236,,,
4976,0,svm,max,balanced,cached_mxbai,641,1782241970.4885876,,,
1682,0,svm,max,balanced,cached_mxbai,642,1782241970.5777416,,,
4420,0,svm,max,balanced,cached_mxbai,643,1782241970.666723,,,
5323,0,svm,max,balanced,cached_mxbai,644,1782241970.7548504,,,
143,0,svm,max,balanced,cached_mxbai,645,1782241970.8453255,,,
4941,0,svm,max,balanced,cached_mxbai,646,1782241970.936225,,,
4109,0,svm,max,balanced,cached_mxbai,647,1782241971.0283394,,,
7662,0,svm,max,balanced,cached_mxbai,648,1782241971.1196005,,,
5414,0,svm,max,balanced,cached_mxbai,649,1782241971.2101238,,,
5457,0,svm,max,balanced,cached_mxbai,650,1782241971.300245,,,
9813,0,svm,max,balanced,cached_mxbai,651,1782241971.3912187,,,
4458,0,svm,max,balanced,cached_mxbai,652,1782241971.4819596,,,
5451,0,svm,max,balanced,cached_mxbai,653,1782241971.5723743,,,
4100,0,svm,max,balanced,cached_mxbai,654,1782241971.663708,,,
8780,0,svm,max,balanced,cached_mxbai,655,1782241971.7579637,,,
6428,0,svm,max,balanced,cached_mxbai,656,1782241971.848022,,,
4527,0,svm,max,balanced,cached_mxbai,657,1782241971.9413152,,,
9564,0,svm,max,balanced,cached_mxbai,658,1782241972.0340796,,,
9779,0,svm,max,balanced,cached_mxbai,659,1782241972.1250713,,,
4797,0,svm,max,balanced,cached_mxbai,660,1782241972.2185543,,,
8077,0,svm,max,balanced,cached_mxbai,661,1782241972.3092203,,,
3273,0,svm,max,balanced,cached_mxbai,662,1782241972.400573,,,
532,0,svm,max,balanced,cached_mxbai,663,1782241972.4939904,,,
7784,0,svm,max,balanced,cached_mxbai,664,1782241972.5859725,,,
7666,0,svm,max,balanced,cached_mxbai,665,1782241972.6770778,,,
4723,0,svm,max,balanced,cached_mxbai,666,1782241972.7692287,,,
7460,0,svm,max,balanced,cached_mxbai,667,1782241972.8627944,,,
4599,0,svm,max,balanced,cached_mxbai,668,1782241972.9561684,,,
1734,0,svm,max,balanced,cached_mxbai,669,1782241973.0488913,,,
5208,0,svm,max,balanced,cached_mxbai,670,1782241973.142217,,,
4593,0,svm,max,balanced,cached_mxbai,671,1782241973.234249,,,
3455,0,svm,max,balanced,cached_mxbai,672,1782241973.3267548,,,
4788,0,svm,max,balanced,cached_mxbai,673,1782241973.4214282,,,
4299,0,svm,max,balanced,cached_mxbai,674,1782241973.5142815,,,
4289,0,svm,max,balanced,cached_mxbai,675,1782241973.6098764,,,
5321,0,svm,max,balanced,cached_mxbai,676,1782241973.7022164,,,
3600,0,svm,max,balanced,cached_mxbai,677,1782241973.794353,,,
6530,0,svm,max,balanced,cached_mxbai,678,1782241973.8862746,,,
4683,0,svm,max,balanced,cached_mxbai,679,1782241973.9816108,,,
8655,0,svm,max,balanced,cached_mxbai,680,1782241974.0746634,,,
3761,0,svm,max,balanced,cached_mxbai,681,1782241974.1661723,,,
4565,0,svm,max,balanced,cached_mxbai,682,1782241974.2582333,,,
698,0,svm,max,balanced,cached_mxbai,683,1782241974.355156,,,
8225,0,svm,max,balanced,cached_mxbai,684,1782241974.447368,,,
1472,0,svm,max,balanced,cached_mxbai,685,1782241974.5424898,,,
2758,0,svm,max,balanced,cached_mxbai,686,1782241974.6363585,,,
3869,0,svm,max,balanced,cached_mxbai,687,1782241974.7291403,,,
6130,0,svm,max,balanced,cached_mxbai,688,1782241974.8238544,,,
1879,0,svm,max,balanced,cached_mxbai,689,1782241974.916687,,,
5232,0,svm,max,balanced,cached_mxbai,690,1782241975.0095356,,,
5773,0,svm,max,balanced,cached_mxbai,691,1782241975.1080287,,,
9806,0,svm,max,balanced,cached_mxbai,692,1782241975.201222,,,
1550,0,svm,max,balanced,cached_mxbai,693,1782241975.338837,,,
7741,0,svm,max,balanced,cached_mxbai,694,1782241975.432256,,,
4598,0,svm,max,balanced,cached_mxbai,695,1782241975.529662,,,
10317,0,svm,max,balanced,cached_mxbai,696,1782241975.6232376,,,
2408,0,svm,max,balanced,cached_mxbai,697,1782241975.716139,,,
1213,0,svm,max,balanced,cached_mxbai,698,1782241975.810667,,,
4692,0,svm,max,balanced,cached_mxbai,699,1782241975.902996,,,
5218,0,svm,max,balanced,cached_mxbai,700,1782241975.9979577,,,
5160,0,svm,max,balanced,cached_mxbai,701,1782241976.0945067,,,
6400,0,svm,max,balanced,cached_mxbai,702,1782241976.1881266,,,
1777,0,svm,max,balanced,cached_mxbai,703,1782241976.2847233,,,
3747,0,svm,max,balanced,cached_mxbai,704,1782241976.3770642,,,
8972,0,svm,max,balanced,cached_mxbai,705,1782241976.471873,,,
8120,0,svm,max,balanced,cached_mxbai,706,1782241976.5667598,,,
4153,0,svm,max,balanced,cached_mxbai,707,1782241976.6619768,,,
1049,0,svm,max,balanced,cached_mxbai,708,1782241976.7570608,,,
842,1,svm,max,balanced,cached_mxbai,709,1782241976.855329,,,
4930,0,svm,max,balanced,cached_mxbai,710,1782241976.9631846,,,
4792,0,svm,max,balanced,cached_mxbai,711,1782241977.0658796,,,
1233,0,svm,max,balanced,cached_mxbai,712,1782241977.1640651,,,
8884,0,svm,max,balanced,cached_mxbai,713,1782241977.2608435,,,
5403,0,svm,max,balanced,cached_mxbai,714,1782241977.3565218,,,
1883,0,svm,max,balanced,cached_mxbai,715,1782241977.4499192,,,
2762,0,svm,max,balanced,cached_mxbai,716,1782241977.5459592,,,
667,0,svm,max,balanced,cached_mxbai,717,1782241977.641925,,,
6778,0,svm,max,balanced,cached_mxbai,718,1782241977.7367098,,,
10389,0,svm,max,balanced,cached_mxbai,719,1782241977.8309214,,,
5313,0,svm,max,balanced,cached_mxbai,720,1782241977.9248466,,,
8888,0,svm,max,balanced,cached_mxbai,721,1782241978.02124,,,
4677,0,svm,max,balanced,cached_mxbai,722,1782241978.1191115,,,
50,0,svm,max,balanced,cached_mxbai,723,1782241978.2184346,,,
6417,0,svm,max,balanced,cached_mxbai,724,1782241978.3159366,,,
4088,0,svm,max,balanced,cached_mxbai,725,1782241978.4121366,,,
1198,0,svm,max,balanced,cached_mxbai,726,1782241978.5105178,,,
4554,0,svm,max,balanced,cached_mxbai,727,1782241978.6071851,,,
1360,0,svm,max,balanced,cached_mxbai,728,1782241978.7037838,,,
4052,0,svm,max,balanced,cached_mxbai,729,1782241978.8020337,,,
4637,0,svm,max,balanced,cached_mxbai,730,1782241978.8987303,,,
5307,0,svm,max,balanced,cached_mxbai,731,1782241978.9980464,,,
5028,0,svm,max,balanced,cached_mxbai,732,1782241979.0947683,,,
6761,0,svm,max,balanced,cached_mxbai,733,1782241979.192068,,,
4391,0,svm,max,balanced,cached_mxbai,734,1782241979.289264,,,
8261,0,svm,max,balanced,cached_mxbai,735,1782241979.386015,,,
6483,0,svm,max,balanced,cached_mxbai,736,1782241979.4833045,,,
8118,0,svm,max,balanced,cached_mxbai,737,1782241979.581229,,,
7121,0,svm,max,balanced,cached_mxbai,738,1782241979.6810396,,,
6146,0,svm,max,balanced,cached_mxbai,739,1782241979.7802706,,,
9678,0,svm,max,balanced,cached_mxbai,740,1782241979.879053,,,
7596,0,svm,max,balanced,cached_mxbai,741,1782241979.9773831,,,
4541,0,svm,max,balanced,cached_mxbai,742,1782241980.075669,,,
8692,0,svm,max,balanced,cached_mxbai,743,1782241980.1740544,,,
9122,0,svm,max,balanced,cached_mxbai,744,1782241980.2718582,,,
4868,0,svm,max,balanced,cached_mxbai,745,1782241980.3711317,,,
134,0,svm,max,balanced,cached_mxbai,746,1782241980.4698763,,,
3888,0,svm,max,balanced,cached_mxbai,747,1782241980.5691001,,,
4569,0,svm,max,balanced,cached_mxbai,748,1782241980.669329,,,
9131,0,svm,max,balanced,cached_mxbai,749,1782241980.7682102,,,
3778,0,svm,max,balanced,cached_mxbai,750,1782241980.8667994,,,
4927,0,svm,max,balanced,cached_mxbai,751,1782241980.968935,,,
3479,0,svm,max,balanced,cached_mxbai,752,1782241981.0689516,,,
6485,0,svm,max,balanced,cached_mxbai,753,1782241981.1679556,,,
5227,0,svm,max,balanced,cached_mxbai,754,1782241981.2674425,,,
6718,0,svm,max,balanced,cached_mxbai,755,1782241981.3698666,,,
9969,0,svm,max,balanced,cached_mxbai,756,1782241981.468326,,,
613,0,svm,max,balanced,cached_mxbai,757,1782241981.5706317,,,
3934,0,svm,max,balanced,cached_mxbai,758,1782241981.6765583,,,
8044,0,svm,max,balanced,cached_mxbai,759,1782241981.778865,,,
5207,0,svm,max,balanced,cached_mxbai,760,1782241981.8796067,,,
7595,0,svm,max,balanced,cached_mxbai,761,1782241981.9812605,,,
4532,0,svm,max,balanced,cached_mxbai,762,1782241982.0810966,,,
9531,0,svm,max,balanced,cached_mxbai,763,1782241982.180016,,,
4342,0,svm,max,balanced,cached_mxbai,764,1782241982.2795627,,,
10241,0,svm,max,balanced,cached_mxbai,765,1782241982.377658,,,
2100,0,svm,max,balanced,cached_mxbai,766,1782241982.4795477,,,
6842,0,svm,max,balanced,cached_mxbai,767,1782241982.5804873,,,
3894,0,svm,max,balanced,cached_mxbai,768,1782241982.6799924,,,
4902,0,svm,max,balanced,cached_mxbai,769,1782241982.7848008,,,
3852,0,svm,max,balanced,cached_mxbai,770,1782241982.8867955,,,
5276,0,svm,max,balanced,cached_mxbai,771,1782241982.9916708,,,
3088,0,svm,max,balanced,cached_mxbai,772,1782241983.0933218,,,
7009,0,svm,max,balanced,cached_mxbai,773,1782241983.1940014,,,
3252,0,svm,max,balanced,cached_mxbai,774,1782241983.2939522,,,
4445,0,svm,max,balanced,cached_mxbai,775,1782241983.3955445,,,
4611,0,svm,max,balanced,cached_mxbai,776,1782241983.4953113,,,
5365,0,svm,max,balanced,cached_mxbai,777,1782241983.595671,,,
9528,0,svm,max,balanced,cached_mxbai,778,1782241983.694306,,,
9538,0,svm,max,balanced,cached_mxbai,779,1782241983.797146,,,
4711,0,svm,max,balanced,cached_mxbai,780,1782241983.8987982,,,
32,0,svm,max,balanced,cached_mxbai,781,1782241984.0007243,,,
8531,0,svm,max,balanced,cached_mxbai,782,1782241984.1021495,,,
516,0,svm,max,balanced,cached_mxbai,783,1782241984.2034032,,,
7011,0,svm,max,balanced,cached_mxbai,784,1782241984.305683,,,
4662,0,svm,max,balanced,cached_mxbai,785,1782241984.4079118,,,
3614,0,svm,max,balanced,cached_mxbai,786,1782241984.5075314,,,
1547,0,svm,max,balanced,cached_mxbai,787,1782241984.6074448,,,
4496,0,svm,max,balanced,cached_mxbai,788,1782241984.7101586,,,
702,0,svm,max,balanced,cached_mxbai,789,1782241984.8105726,,,
5584,0,svm,max,balanced,cached_mxbai,790,1782241984.9133441,,,
7616,0,svm,max,balanced,cached_mxbai,791,1782241985.022701,,,
2113,0,svm,max,balanced,cached_mxbai,792,1782241985.1302674,,,
4952,0,svm,max,balanced,cached_mxbai,793,1782241985.2418892,,,
5242,0,svm,max,balanced,cached_mxbai,794,1782241985.357216,,,
2240,0,svm,max,balanced,cached_mxbai,795,1782241985.4589896,,,
6914,0,svm,max,balanced,cached_mxbai,796,1782241985.5619085,,,
7016,0,svm,max,balanced,cached_mxbai,797,1782241985.664687,,,
9182,0,svm,max,balanced,cached_mxbai,798,1782241985.767806,,,
4994,0,svm,max,balanced,cached_mxbai,799,1782241985.8716834,,,
5394,0,svm,max,balanced,cached_mxbai,800,1782241985.975249,,,
4867,0,svm,max,balanced,cached_mxbai,801,1782241986.0796971,,,
6725,0,svm,max,balanced,cached_mxbai,802,1782241986.1825933,,,
6039,0,svm,max,balanced,cached_mxbai,803,1782241986.2879035,,,
3221,0,svm,max,balanced,cached_mxbai,804,1782241986.3905325,,,
5061,0,svm,max,balanced,cached_mxbai,805,1782241986.4939914,,,
6138,0,svm,max,balanced,cached_mxbai,806,1782241986.5981705,,,
896,0,svm,max,balanced,cached_mxbai,807,1782241986.7015986,,,
7064,0,svm,max,balanced,cached_mxbai,808,1782241986.8062556,,,
4528,0,svm,max,balanced,cached_mxbai,809,1782241986.9105039,,,
9323,0,svm,max,balanced,cached_mxbai,810,1782241987.0157638,,,
7226,0,svm,max,balanced,cached_mxbai,811,1782241987.1225395,,,
4619,0,svm,max,balanced,cached_mxbai,812,1782241987.2248244,,,
3912,0,svm,max,balanced,cached_mxbai,813,1782241987.328422,,,
9213,0,svm,max,balanced,cached_mxbai,814,1782241987.4318035,,,
4709,0,svm,max,balanced,cached_mxbai,815,1782241987.5387878,,,
4988,0,svm,max,balanced,cached_mxbai,816,1782241987.6473885,,,
59,0,svm,max,balanced,cached_mxbai,817,1782241987.7526612,,,
4673,0,svm,max,balanced,cached_mxbai,818,1782241987.8580077,,,
4295,0,svm,max,balanced,cached_mxbai,819,1782241987.963502,,,
10136,1,svm,max,balanced,cached_mxbai,820,1782241988.0712647,,,
7269,0,svm,max,balanced,cached_mxbai,821,1782241988.178841,,,
9199,0,svm,max,balanced,cached_mxbai,822,1782241988.2840903,,,
8995,0,svm,max,balanced,cached_mxbai,823,1782241988.3901703,,,
4058,0,svm,max,balanced,cached_mxbai,824,1782241988.494722,,,
666,0,svm,max,balanced,cached_mxbai,825,1782241988.602921,,,
4209,0,svm,max,balanced,cached_mxbai,826,1782241988.7070117,,,
4657,0,svm,max,balanced,cached_mxbai,827,1782241988.813777,,,
3666,0,svm,max,balanced,cached_mxbai,828,1782241988.919625,,,
8055,0,svm,max,balanced,cached_mxbai,829,1782241989.0247865,,,
6912,0,svm,max,balanced,cached_mxbai,830,1782241989.1334248,,,
4889,0,svm,max,balanced,cached_mxbai,831,1782241989.2410533,,,
907,0,svm,max,balanced,cached_mxbai,832,1782241989.346412,,,
4473,0,svm,max,balanced,cached_mxbai,833,1782241989.4517548,,,
5766,0,svm,max,balanced,cached_mxbai,834,1782241989.5564706,,,
4573,0,svm,max,balanced,cached_mxbai,835,1782241989.6631188,,,
4559,0,svm,max,balanced,cached_mxbai,836,1782241989.7697723,,,
4121,0,svm,max,balanced,cached_mxbai,837,1782241989.8761876,,,
8696,0,svm,max,balanced,cached_mxbai,838,1782241989.9864607,,,
5013,0,svm,max,balanced,cached_mxbai,839,1782241990.0920577,,,
10291,0,svm,max,balanced,cached_mxbai,840,1782241990.1980655,,,
4722,0,svm,max,balanced,cached_mxbai,841,1782241990.3055782,,,
6553,0,svm,max,balanced,cached_mxbai,842,1782241990.4125843,,,
4435,0,svm,max,balanced,cached_mxbai,843,1782241990.5177064,,,
8800,0,svm,max,balanced,cached_mxbai,844,1782241990.6266952,,,
8467,0,svm,max,balanced,cached_mxbai,845,1782241990.7324035,,,
8179,0,svm,max,balanced,cached_mxbai,846,1782241990.8387136,,,
3982,0,svm,max,balanced,cached_mxbai,847,1782241990.9476686,,,
8315,0,svm,max,balanced,cached_mxbai,848,1782241991.055379,,,
2259,0,svm,max,balanced,cached_mxbai,849,1782241991.1697335,,,
7483,0,svm,max,balanced,cached_mxbai,850,1782241991.2781389,,,
4582,0,svm,max,balanced,cached_mxbai,851,1782241991.386552,,,
5072,0,svm,max,balanced,cached_mxbai,852,1782241991.4947555,,,
997,0,svm,max,balanced,cached_mxbai,853,1782241991.6051693,,,
5199,0,svm,max,balanced,cached_mxbai,854,1782241991.7137437,,,
10232,0,svm,max,balanced,cached_mxbai,855,1782241991.824245,,,
4670,0,svm,max,balanced,cached_mxbai,856,1782241991.9376056,,,
3687,0,svm,max,balanced,cached_mxbai,857,1782241992.0561388,,,
3494,0,svm,max,balanced,cached_mxbai,858,1782241992.1668239,,,
9725,0,svm,max,balanced,cached_mxbai,859,1782241992.2735195,,,
3097,0,svm,max,balanced,cached_mxbai,860,1782241992.3856027,,,
3209,0,svm,max,balanced,cached_mxbai,861,1782241992.4949589,,,
5074,0,svm,max,balanced,cached_mxbai,862,1782241992.605341,,,
5651,0,svm,max,balanced,cached_mxbai,863,1782241992.7124665,,,
1901,0,svm,max,balanced,cached_mxbai,864,1782241992.8233209,,,
10169,0,svm,max,balanced,cached_mxbai,865,1782241992.9351733,,,
5096,0,svm,max,balanced,cached_mxbai,866,1782241993.0453653,,,
4706,0,svm,max,balanced,cached_mxbai,867,1782241993.1561077,,,
6607,0,svm,max,balanced,cached_mxbai,868,1782241993.266186,,,
4648,0,svm,max,balanced,cached_mxbai,869,1782241993.3770683,,,
10177,0,svm,max,balanced,cached_mxbai,870,1782241993.4897068,,,
5383,0,svm,max,balanced,cached_mxbai,871,1782241993.608027,,,
1312,0,svm,max,balanced,cached_mxbai,872,1782241993.720067,,,
4570,0,svm,max,balanced,cached_mxbai,873,1782241993.8315747,,,
5219,0,svm,max,balanced,cached_mxbai,874,1782241993.94378,,,
10110,0,svm,max,balanced,cached_mxbai,875,1782241994.0549164,,,
86,0,svm,max,balanced,cached_mxbai,876,1782241994.1673656,,,
7217,0,svm,max,balanced,cached_mxbai,877,1782241994.28053,,,
2279,0,svm,max,balanced,cached_mxbai,878,1782241994.3931613,,,
7264,0,svm,max,balanced,cached_mxbai,879,1782241994.5059905,,,
7108,0,svm,max,balanced,cached_mxbai,880,1782241994.6215053,,,
5017,0,svm,max,balanced,cached_mxbai,881,1782241994.7376323,,,
5039,0,svm,max,balanced,cached_mxbai,882,1782241994.8577673,,,
3099,0,svm,max,balanced,cached_mxbai,883,1782241994.9759686,,,
4364,0,svm,max,balanced,cached_mxbai,884,1782241995.0972776,,,
10337,0,svm,max,balanced,cached_mxbai,885,1782241995.214922,,,
8153,0,svm,max,balanced,cached_mxbai,886,1782241995.3524098,,,
4176,0,svm,max,balanced,cached_mxbai,887,1782241995.4670603,,,
6340,0,svm,max,balanced,cached_mxbai,888,1782241995.5826073,,,
5131,0,svm,max,balanced,cached_mxbai,889,1782241995.6989648,,,
4588,0,svm,max,balanced,cached_mxbai,890,1782241995.8148448,,,
3994,0,svm,max,balanced,cached_mxbai,891,1782241995.9320161,,,
5338,0,svm,max,balanced,cached_mxbai,892,1782241996.0475497,,,
2559,0,svm,max,balanced,cached_mxbai,893,1782241996.1648908,,,
2258,0,svm,max,balanced,cached_mxbai,894,1782241996.2784314,,,
4515,0,svm,max,balanced,cached_mxbai,895,1782241996.390495,,,
3836,0,svm,max,balanced,cached_mxbai,896,1782241996.5018697,,,
1070,0,svm,max,balanced,cached_mxbai,897,1782241996.6159668,,,
4139,0,svm,max,balanced,cached_mxbai,898,1782241996.7278748,,,
10225,0,svm,max,balanced,cached_mxbai,899,1782241996.8425481,,,
9041,0,svm,max,balanced,cached_mxbai,900,1782241996.957599,,,
4729,0,svm,max,balanced,cached_mxbai,901,1782241997.0709243,,,
4222,0,svm,max,balanced,cached_mxbai,902,1782241997.188767,,,
591,0,svm,max,balanced,cached_mxbai,903,1782241997.3039315,,,
10057,0,svm,max,balanced,cached_mxbai,904,1782241997.4217513,,,
1721,1,svm,max,balanced,cached_mxbai,905,1782241997.5346057,,,
4495,0,svm,max,balanced,cached_mxbai,906,1782241997.6530602,,,
5272,0,svm,max,balanced,cached_mxbai,907,1782241997.766905,,,
6830,0,svm,max,balanced,cached_mxbai,908,1782241997.8828168,,,
5329,0,svm,max,balanced,cached_mxbai,909,1782241997.9986084,,,
6444,0,svm,max,balanced,cached_mxbai,910,1782241998.1137488,,,
3538,0,svm,max,balanced,cached_mxbai,911,1782241998.2299325,,,
4086,0,svm,max,balanced,cached_mxbai,912,1782241998.346438,,,
9132,0,svm,max,balanced,cached_mxbai,913,1782241998.4631863,,,
3742,0,svm,max,balanced,cached_mxbai,914,1782241998.5789876,,,
4586,0,svm,max,balanced,cached_mxbai,915,1782241998.6937332,,,
4636,0,svm,max,balanced,cached_mxbai,916,1782241998.8107395,,,
2216,0,svm,max,balanced,cached_mxbai,917,1782241998.9278288,,,
9747,0,svm,max,balanced,cached_mxbai,918,1782241999.0451822,,,
5077,0,svm,max,balanced,cached_mxbai,919,1782241999.1622114,,,
10549,0,svm,max,balanced,cached_mxbai,920,1782241999.2826774,,,
1003,0,svm,max,balanced,cached_mxbai,921,1782241999.3969672,,,
7168,0,svm,max,balanced,cached_mxbai,922,1782241999.5116687,,,
4836,0,svm,max,balanced,cached_mxbai,923,1782241999.6304302,,,
10435,1,svm,max,balanced,cached_mxbai,924,1782241999.7471964,,,
10033,0,svm,max,balanced,cached_mxbai,925,1782241999.8629177,,,
3523,0,svm,max,balanced,cached_mxbai,926,1782241999.9793777,,,
6831,0,svm,max,balanced,cached_mxbai,927,1782242000.0952845,,,
7767,0,svm,max,balanced,cached_mxbai,928,1782242000.2185779,,,
9749,0,svm,max,balanced,cached_mxbai,929,1782242000.3356504,,,
9836,0,svm,max,balanced,cached_mxbai,930,1782242000.4523385,,,
9069,0,svm,max,balanced,cached_mxbai,931,1782242000.5682502,,,
10290,0,svm,max,balanced,cached_mxbai,932,1782242000.6869235,,,
1561,0,svm,max,balanced,cached_mxbai,933,1782242000.8055768,,,
4933,0,svm,max,balanced,cached_mxbai,934,1782242000.9235528,,,
6398,0,svm,max,balanced,cached_mxbai,935,1782242001.0446088,,,
828,0,svm,max,balanced,cached_mxbai,936,1782242001.1699076,,,
5330,0,svm,max,balanced,cached_mxbai,937,1782242001.289897,,,
3923,0,svm,max,balanced,cached_mxbai,938,1782242001.40761,,,
4453,0,svm,max,balanced,cached_mxbai,939,1782242001.5265956,,,
3569,0,svm,max,balanced,cached_mxbai,940,1782242001.6457787,,,
5111,0,svm,max,balanced,cached_mxbai,941,1782242001.7664828,,,
4862,0,svm,max,balanced,cached_mxbai,942,1782242001.8857853,,,
2306,0,svm,max,balanced,cached_mxbai,943,1782242002.0093353,,,
8602,0,svm,max,balanced,cached_mxbai,944,1782242002.1289685,,,
4162,0,svm,max,balanced,cached_mxbai,945,1782242002.251585,,,
3914,0,svm,max,balanced,cached_mxbai,946,1782242002.369268,,,
4633,0,svm,max,balanced,cached_mxbai,947,1782242002.4906697,,,
4112,0,svm,max,balanced,cached_mxbai,948,1782242002.6126719,,,
4964,0,svm,max,balanced,cached_mxbai,949,1782242002.7330327,,,
3960,0,svm,max,balanced,cached_mxbai,950,1782242002.853635,,,
9763,0,svm,max,balanced,cached_mxbai,951,1782242002.9765728,,,
4564,0,svm,max,balanced,cached_mxbai,952,1782242003.096312,,,
4166,0,svm,max,balanced,cached_mxbai,953,1782242003.2225895,,,
5410,0,svm,max,balanced,cached_mxbai,954,1782242003.3393636,,,
5591,0,svm,max,balanced,cached_mxbai,955,1782242003.4584877,,,
10122,0,svm,max,balanced,cached_mxbai,956,1782242003.5783637,,,
9028,0,svm,max,balanced,cached_mxbai,957,1782242003.6981606,,,
4705,0,svm,max,balanced,cached_mxbai,958,1782242003.8202379,,,
3502,0,svm,max,balanced,cached_mxbai,959,1782242003.9406486,,,
4703,0,svm,max,balanced,cached_mxbai,960,1782242004.0664132,,,
955,0,svm,max,balanced,cached_mxbai,961,1782242004.188576,,,
5088,0,svm,max,balanced,cached_mxbai,962,1782242004.3128312,,,
7597,0,svm,max,balanced,cached_mxbai,963,1782242004.4362607,,,
5244,0,svm,max,balanced,cached_mxbai,964,1782242004.5594516,,,
1385,0,svm,max,balanced,cached_mxbai,965,1782242004.6835763,,,
4612,0,svm,max,balanced,cached_mxbai,966,1782242004.8047674,,,
5134,0,svm,max,balanced,cached_mxbai,967,1782242004.9268506,,,
8063,0,svm,max,balanced,cached_mxbai,968,1782242005.066018,,,
5870,0,svm,max,balanced,cached_mxbai,969,1782242005.1898842,,,
2330,0,svm,max,balanced,cached_mxbai,970,1782242005.3506968,,,
1008,0,svm,max,balanced,cached_mxbai,971,1782242005.471846,,,
4834,0,svm,max,balanced,cached_mxbai,972,1782242005.5956292,,,
8158,0,svm,max,balanced,cached_mxbai,973,1782242005.7208228,,,
4680,0,svm,max,balanced,cached_mxbai,974,1782242005.8441675,,,
6238,0,svm,max,balanced,cached_mxbai,975,1782242005.9679375,,,
5145,0,svm,max,balanced,cached_mxbai,976,1782242006.0900385,,,
1585,0,svm,max,balanced,cached_mxbai,977,1782242006.2122788,,,
4476,0,svm,max,balanced,cached_mxbai,978,1782242006.3344798,,,
4951,0,svm,max,balanced,cached_mxbai,979,1782242006.4585996,,,
387,0,svm,max,balanced,cached_mxbai,980,1782242006.5836558,,,
6634,0,svm,max,balanced,cached_mxbai,981,1782242006.7082362,,,
6411,0,svm,max,balanced,cached_mxbai,982,1782242006.8319242,,,
2832,0,svm,max,balanced,cached_mxbai,983,1782242006.9533262,,,
7182,0,svm,max,balanced,cached_mxbai,984,1782242007.077443,,,
1840,0,svm,max,balanced,cached_mxbai,985,1782242007.2006688,,,
5016,0,svm,max,balanced,cached_mxbai,986,1782242007.3292992,,,
1149,0,svm,max,balanced,cached_mxbai,987,1782242007.4516244,,,
7577,0,svm,max,balanced,cached_mxbai,988,1782242007.5768397,,,
4513,0,svm,max,balanced,cached_mxbai,989,1782242007.7021494,,,
663,0,svm,max,balanced,cached_mxbai,990,1782242007.8245444,,,
7351,1,svm,max,balanced,cached_mxbai,991,1782242007.9501894,,,
4962,0,svm,max,balanced,cached_mxbai,992,1782242008.0751896,,,
9683,0,svm,max,balanced,cached_mxbai,993,1782242008.2025404,,,
421,0,svm,max,balanced,cached_mxbai,994,1782242008.331636,,,
4053,0,svm,max,balanced,cached_mxbai,995,1782242008.457216,,,
5116,0,svm,max,balanced,cached_mxbai,996,1782242008.5824704,,,
6748,0,svm,max,balanced,cached_mxbai,997,1782242008.7075849,,,
3639,0,svm,max,balanced,cached_mxbai,998,1782242008.8335407,,,
5125,0,svm,max,balanced,cached_mxbai,999,1782242008.9562442,,,
2627,0,svm,max,balanced,cached_mxbai,1000,1782242009.0827336,,,
8530,0,svm,max,balanced,cached_mxbai,1001,1782242009.2068722,,,
5237,0,svm,max,balanced,cached_mxbai,1002,1782242009.33783,,,
6249,0,svm,max,balanced,cached_mxbai,1003,1782242009.4624171,,,
6136,0,svm,max,balanced,cached_mxbai,1004,1782242009.589445,,,
1048,0,svm,max,balanced,cached_mxbai,1005,1782242009.7178552,,,
8036,0,svm,max,balanced,cached_mxbai,1006,1782242009.8438776,,,
4631,0,svm,max,balanced,cached_mxbai,1007,1782242009.969638,,,
3586,0,svm,max,balanced,cached_mxbai,1008,1782242010.0929265,,,
7434,0,svm,max,balanced,cached_mxbai,1009,1782242010.2197545,,,
5564,0,svm,max,balanced,cached_mxbai,1010,1782242010.3498645,,,
10166,0,svm,max,balanced,cached_mxbai,1011,1782242010.475179,,,
9876,0,svm,max,balanced,cached_mxbai,1012,1782242010.6015234,,,
4104,0,svm,max,balanced,cached_mxbai,1013,1782242010.7315183,,,
620,0,svm,max,balanced,cached_mxbai,1014,1782242010.8590403,,,
6438,0,svm,max,balanced,cached_mxbai,1015,1782242010.986019,,,
3187,0,svm,max,balanced,cached_mxbai,1016,1782242011.1145828,,,
10516,0,svm,max,balanced,cached_mxbai,1017,1782242011.2418315,,,
1911,0,svm,max,balanced,cached_mxbai,1018,1782242011.3706682,,,
10493,0,svm,max,balanced,cached_mxbai,1019,1782242011.497484,,,
8999,0,svm,max,balanced,cached_mxbai,1020,1782242011.6254845,,,
4419,0,svm,max,balanced,cached_mxbai,1021,1782242011.7543066,,,
3423,0,svm,max,balanced,cached_mxbai,1022,1782242011.8822553,,,
9429,0,svm,max,balanced,cached_mxbai,1023,1782242012.0126193,,,
443,0,svm,max,balanced,cached_mxbai,1024,1782242012.1272259,,,
5426,0,svm,max,balanced,cached_mxbai,1025,1782242012.2409332,,,
6499,0,svm,max,balanced,cached_mxbai,1026,1782242012.3597262,,,
4985,0,svm,max,balanced,cached_mxbai,1027,1782242012.4735115,,,
8482,0,svm,max,balanced,cached_mxbai,1028,1782242012.5851595,,,
9996,0,svm,max,balanced,cached_mxbai,1029,1782242012.6996348,,,
5449,0,svm,max,balanced,cached_mxbai,1030,1782242012.813581,,,
3873,0,svm,max,balanced,cached_mxbai,1031,1782242012.9288568,,,
7871,0,svm,max,balanced,cached_mxbai,1032,1782242013.0445504,,,
4905,0,svm,max,balanced,cached_mxbai,1033,1782242013.158638,,,
2429,0,svm,max,balanced,cached_mxbai,1034,1782242013.2738974,,,
677,0,svm,max,balanced,cached_mxbai,1035,1782242013.3931959,,,
2191,0,svm,max,balanced,cached_mxbai,1036,1782242013.5090225,,,
5238,0,svm,max,balanced,cached_mxbai,1037,1782242013.6230202,,,
8126,0,svm,max,balanced,cached_mxbai,1038,1782242013.7388015,,,
3081,0,svm,max,balanced,cached_mxbai,1039,1782242013.8550384,,,
4484,0,svm,max,balanced,cached_mxbai,1040,1782242013.970572,,,
3080,0,svm,max,balanced,cached_mxbai,1041,1782242014.083944,,,
402,0,svm,max,balanced,cached_mxbai,1042,1782242014.1986527,,,
4642,0,svm,max,balanced,cached_mxbai,1043,1782242014.318964,,,
5235,0,svm,max,balanced,cached_mxbai,1044,1782242014.4344733,,,
5078,0,svm,max,balanced,cached_mxbai,1045,1782242014.5485494,,,
9293,0,svm,max,balanced,cached_mxbai,1046,1782242014.6630044,,,
4744,0,svm,max,balanced,cached_mxbai,1047,1782242014.7784367,,,
9394,0,svm,max,balanced,cached_mxbai,1048,1782242014.8941646,,,
8092,0,svm,max,balanced,cached_mxbai,1049,1782242015.0096157,,,
4635,0,svm,max,balanced,cached_mxbai,1050,1782242015.1368563,,,
5398,0,svm,max,balanced,cached_mxbai,1051,1782242015.2741313,,,
4434,0,svm,max,balanced,cached_mxbai,1052,1782242015.4072306,,,
4912,0,svm,max,balanced,cached_mxbai,1053,1782242015.523869,,,
6991,0,svm,max,balanced,cached_mxbai,1054,1782242015.6401582,,,
9582,0,svm,max,balanced,cached_mxbai,1055,1782242015.756572,,,
10112,0,svm,max,balanced,cached_mxbai,1056,1782242015.8736968,,,
4217,0,svm,max,balanced,cached_mxbai,1057,1782242015.9905849,,,
3170,0,svm,max,balanced,cached_mxbai,1058,1782242016.1131814,,,
37,0,svm,max,balanced,cached_mxbai,1059,1782242016.228747,,,
3515,0,svm,max,balanced,cached_mxbai,1060,1782242016.3479338,,,
4424,0,svm,max,balanced,cached_mxbai,1061,1782242016.4641042,,,
5996,0,svm,max,balanced,cached_mxbai,1062,1782242016.5816658,,,
8255,0,svm,max,balanced,cached_mxbai,1063,1782242016.6987398,,,
4595,0,svm,max,balanced,cached_mxbai,1064,1782242016.8138797,,,
10484,0,svm,max,balanced,cached_mxbai,1065,1782242016.9288151,,,
3185,0,svm,max,balanced,cached_mxbai,1066,1782242017.0446248,,,
1287,0,svm,max,balanced,cached_mxbai,1067,1782242017.1612496,,,
8598,0,svm,max,balanced,cached_mxbai,1068,1782242017.277137,,,
5112,0,svm,max,balanced,cached_mxbai,1069,1782242017.3972573,,,
4522,0,svm,max,balanced,cached_mxbai,1070,1782242017.5112648,,,
6120,0,svm,max,balanced,cached_mxbai,1071,1782242017.626397,,,
8486,0,svm,max,balanced,cached_mxbai,1072,1782242017.742289,,,
5185,0,svm,max,balanced,cached_mxbai,1073,1782242017.8588085,,,
4568,0,svm,max,balanced,cached_mxbai,1074,1782242017.9735768,,,
3543,0,svm,max,balanced,cached_mxbai,1075,1782242018.0895567,,,
2803,0,svm,max,balanced,cached_mxbai,1076,1782242018.2059479,,,
6013,0,svm,max,balanced,cached_mxbai,1077,1782242018.3267105,,,
9773,0,svm,max,balanced,cached_mxbai,1078,1782242018.443084,,,
4684,0,svm,max,balanced,cached_mxbai,1079,1782242018.5595274,,,
3748,0,svm,max,balanced,cached_mxbai,1080,1782242018.6763096,,,
4136,0,svm,max,balanced,cached_mxbai,1081,1782242018.7954838,,,
4886,0,svm,max,balanced,cached_mxbai,1082,1782242018.9119077,,,
10531,0,svm,max,balanced,cached_mxbai,1083,1782242019.0294805,,,
6121,0,svm,max,balanced,cached_mxbai,1084,1782242019.147097,,,
4764,0,svm,max,balanced,cached_mxbai,1085,1782242019.2651043,,,
1492,0,svm,max,balanced,cached_mxbai,1086,1782242019.3897777,,,
10031,0,svm,max,balanced,cached_mxbai,1087,1782242019.508992,,,
3677,0,svm,max,balanced,cached_mxbai,1088,1782242019.6289978,,,
6945,0,svm,max,balanced,cached_mxbai,1089,1782242019.7490842,,,
4928,0,svm,max,balanced,cached_mxbai,1090,1782242019.8669689,,,
10088,0,svm,max,balanced,cached_mxbai,1091,1782242019.9841666,,,
3194,0,svm,max,balanced,cached_mxbai,1092,1782242020.1010716,,,
8049,0,svm,max,balanced,cached_mxbai,1093,1782242020.2187643,,,
2745,0,svm,max,balanced,cached_mxbai,1094,1782242020.335178,,,
6528,0,svm,max,balanced,cached_mxbai,1095,1782242020.4576252,,,
4313,0,svm,max,balanced,cached_mxbai,1096,1782242020.576828,,,
8507,0,svm,max,balanced,cached_mxbai,1097,1782242020.6957822,,,
3644,0,svm,max,balanced,cached_mxbai,1098,1782242020.8160203,,,
8428,0,svm,max,balanced,cached_mxbai,1099,1782242020.9347985,,,
3475,0,svm,max,balanced,cached_mxbai,1100,1782242021.0560038,,,
6298,0,svm,max,balanced,cached_mxbai,1101,1782242021.173722,,,
3197,0,svm,max,balanced,cached_mxbai,1102,1782242021.2926137,,,
5968,0,svm,max,balanced,cached_mxbai,1103,1782242021.415265,,,
3431,0,svm,max,balanced,cached_mxbai,1104,1782242021.531897,,,
4507,0,svm,max,balanced,cached_mxbai,1105,1782242021.6491094,,,
4442,0,svm,max,balanced,cached_mxbai,1106,1782242021.7659287,,,
7262,0,svm,max,balanced,cached_mxbai,1107,1782242021.8831234,,,
4523,0,svm,max,balanced,cached_mxbai,1108,1782242022.0007722,,,
9370,0,svm,max,balanced,cached_mxbai,1109,1782242022.1173902,,,
8848,0,svm,max,balanced,cached_mxbai,1110,1782242022.235362,,,
10308,0,svm,max,balanced,cached_mxbai,1111,1782242022.356148,,,
4587,0,svm,max,balanced,cached_mxbai,1112,1782242022.4734604,,,
5516,0,svm,max,balanced,cached_mxbai,1113,1782242022.5927064,,,
9759,0,svm,max,balanced,cached_mxbai,1114,1782242022.7098384,,,
6147,0,svm,max,balanced,cached_mxbai,1115,1782242022.8275032,,,
5018,0,svm,max,balanced,cached_mxbai,1116,1782242022.9484873,,,
6727,0,svm,max,balanced,cached_mxbai,1117,1782242023.066785,,,
8563,0,svm,max,balanced,cached_mxbai,1118,1782242023.1848018,,,
4936,0,svm,max,balanced,cached_mxbai,1119,1782242023.3026206,,,
2235,0,svm,max,balanced,cached_mxbai,1120,1782242023.4288359,,,
6671,0,svm,max,balanced,cached_mxbai,1121,1782242023.547785,,,
4469,0,svm,max,balanced,cached_mxbai,1122,1782242023.6658173,,,
6798,0,svm,max,balanced,cached_mxbai,1123,1782242023.7849984,,,
6270,0,svm,max,balanced,cached_mxbai,1124,1782242023.903454,,,
3767,0,svm,max,balanced,cached_mxbai,1125,1782242024.0229392,,,
6646,0,svm,max,balanced,cached_mxbai,1126,1782242024.1427453,,,
4870,0,svm,max,balanced,cached_mxbai,1127,1782242024.2625613,,,
5165,0,svm,max,balanced,cached_mxbai,1128,1782242024.3851073,,,
4131,0,svm,max,balanced,cached_mxbai,1129,1782242024.5032573,,,
6643,1,svm,max,balanced,cached_mxbai,1130,1782242024.6225913,,,
7468,0,svm,max,balanced,cached_mxbai,1131,1782242024.7491214,,,
5034,0,svm,max,balanced,cached_mxbai,1132,1782242024.8731682,,,
6644,1,svm,max,balanced,cached_mxbai,1133,1782242025.00382,,,
9128,1,svm,max,balanced,cached_mxbai,1134,1782242025.13174,,,
8116,1,svm,max,balanced,cached_mxbai,1135,1782242025.276542,,,
10390,0,svm,max,balanced,cached_mxbai,1136,1782242025.4084203,,,
7102,0,svm,max,balanced,cached_mxbai,1137,1782242025.5296478,,,
10230,0,svm,max,balanced,cached_mxbai,1138,1782242025.648337,,,
3098,0,svm,max,balanced,cached_mxbai,1139,1782242025.7677488,,,
6278,0,svm,max,balanced,cached_mxbai,1140,1782242025.8885946,,,
7464,0,svm,max,balanced,cached_mxbai,1141,1782242026.00803,,,
4712,0,svm,max,balanced,cached_mxbai,1142,1782242026.12829,,,
5058,0,svm,max,balanced,cached_mxbai,1143,1782242026.24886,,,
8586,0,svm,max,balanced,cached_mxbai,1144,1782242026.3704257,,,
7910,0,svm,max,balanced,cached_mxbai,1145,1782242026.4948826,,,
7996,0,svm,max,balanced,cached_mxbai,1146,1782242026.6166377,,,
4687,0,svm,max,balanced,cached_mxbai,1147,1782242026.740167,,,
4362,0,svm,max,balanced,cached_mxbai,1148,1782242026.8615355,,,
4895,0,svm,max,balanced,cached_mxbai,1149,1782242026.9814806,,,
2341,0,svm,max,balanced,cached_mxbai,1150,1782242027.1016643,,,
918,0,svm,max,balanced,cached_mxbai,1151,1782242027.221374,,,
4815,0,svm,max,balanced,cached_mxbai,1152,1782242027.3455691,,,
6838,0,svm,max,balanced,cached_mxbai,1153,1782242027.4741175,,,
6150,0,svm,max,balanced,cached_mxbai,1154,1782242027.5949702,,,
7087,0,svm,max,balanced,cached_mxbai,1155,1782242027.7156477,,,
6545,0,svm,max,balanced,cached_mxbai,1156,1782242027.8385725,,,
10508,0,svm,max,balanced,cached_mxbai,1157,1782242027.9626133,,,
4977,0,svm,max,balanced,cached_mxbai,1158,1782242028.0847247,,,
3886,0,svm,max,balanced,cached_mxbai,1159,1782242028.206026,,,
4481,0,svm,max,balanced,cached_mxbai,1160,1782242028.3268452,,,
4736,0,svm,max,balanced,cached_mxbai,1161,1782242028.4582276,,,
6432,0,svm,max,balanced,cached_mxbai,1162,1782242028.5798106,,,
9382,0,svm,max,balanced,cached_mxbai,1163,1782242028.7024825,,,
849,0,svm,max,balanced,cached_mxbai,1164,1782242028.8270564,,,
4932,0,svm,max,balanced,cached_mxbai,1165,1782242028.9516306,,,
4781,0,svm,max,balanced,cached_mxbai,1166,1782242029.076076,,,
5095,0,svm,max,balanced,cached_mxbai,1167,1782242029.1997557,,,
9664,0,svm,max,balanced,cached_mxbai,1168,1782242029.322223,,,
8709,0,svm,max,balanced,cached_mxbai,1169,1782242029.4488857,,,
859,0,svm,max,balanced,cached_mxbai,1170,1782242029.57179,,,
4839,0,svm,max,balanced,cached_mxbai,1171,1782242029.6962361,,,
1694,0,svm,max,balanced,cached_mxbai,1172,1782242029.8202133,,,
7066,0,svm,max,balanced,cached_mxbai,1173,1782242029.944068,,,
4480,0,svm,max,balanced,cached_mxbai,1174,1782242030.0668588,,,
5089,0,svm,max,balanced,cached_mxbai,1175,1782242030.189795,,,
3669,0,svm,max,balanced,cached_mxbai,1176,1782242030.3126397,,,
3588,0,svm,max,balanced,cached_mxbai,1177,1782242030.4395916,,,
7478,0,svm,max,balanced,cached_mxbai,1178,1782242030.5610497,,,
7327,0,svm,max,balanced,cached_mxbai,1179,1782242030.6824608,,,
9411,0,svm,max,balanced,cached_mxbai,1180,1782242030.8077958,,,
26,0,svm,max,balanced,cached_mxbai,1181,1782242030.9297867,,,
4389,0,svm,max,balanced,cached_mxbai,1182,1782242031.055448,,,
3458,0,svm,max,balanced,cached_mxbai,1183,1782242031.1781895,,,
9449,0,svm,max,balanced,cached_mxbai,1184,1782242031.3018825,,,
9240,0,svm,max,balanced,cached_mxbai,1185,1782242031.429185,,,
1724,0,svm,max,balanced,cached_mxbai,1186,1782242031.5537198,,,
9209,0,svm,max,balanced,cached_mxbai,1187,1782242031.6764336,,,
10060,0,svm,max,balanced,cached_mxbai,1188,1782242031.8033707,,,
4789,0,svm,max,balanced,cached_mxbai,1189,1782242031.927605,,,
3115,0,svm,max,balanced,cached_mxbai,1190,1782242032.0514514,,,
4646,0,svm,max,balanced,cached_mxbai,1191,1782242032.1744804,,,
3280,0,svm,max,balanced,cached_mxbai,1192,1782242032.2987025,,,
7259,0,svm,max,balanced,cached_mxbai,1193,1782242032.4216099,,,
4417,0,svm,max,balanced,cached_mxbai,1194,1782242032.545507,,,
3954,0,svm,max,balanced,cached_mxbai,1195,1782242032.669094,,,
7232,0,svm,max,balanced,cached_mxbai,1196,1782242032.8050528,,,
7490,0,svm,max,balanced,cached_mxbai,1197,1782242032.9311337,,,
4790,0,svm,max,balanced,cached_mxbai,1198,1782242033.057572,,,
8100,0,svm,max,balanced,cached_mxbai,1199,1782242033.1814327,,,
6322,0,svm,max,balanced,cached_mxbai,1200,1782242033.3073363,,,
7149,0,svm,max,balanced,cached_mxbai,1201,1782242033.4314215,,,
4961,0,svm,max,balanced,cached_mxbai,1202,1782242033.5562036,,,
4351,0,svm,max,balanced,cached_mxbai,1203,1782242033.680255,,,
4910,0,svm,max,balanced,cached_mxbai,1204,1782242033.806857,,,
9180,0,svm,max,balanced,cached_mxbai,1205,1782242033.930545,,,
7079,0,svm,max,balanced,cached_mxbai,1206,1782242034.0549126,,,
5093,0,svm,max,balanced,cached_mxbai,1207,1782242034.1784194,,,
5387,0,svm,max,balanced,cached_mxbai,1208,1782242034.3042414,,,
4510,0,svm,max,balanced,cached_mxbai,1209,1782242034.4299,,,
7804,0,svm,max,balanced,cached_mxbai,1210,1782242034.5552876,,,
1536,0,svm,max,balanced,cached_mxbai,1211,1782242034.6803148,,,
4403,0,svm,max,balanced,cached_mxbai,1212,1782242034.8079073,,,
9912,0,svm,max,balanced,cached_mxbai,1213,1782242034.9312527,,,
6358,0,svm,max,balanced,cached_mxbai,1214,1782242035.0608537,,,
4459,0,svm,max,balanced,cached_mxbai,1215,1782242035.1843176,,,
130,0,svm,max,balanced,cached_mxbai,1216,1782242035.3376975,,,
5221,0,svm,max,balanced,cached_mxbai,1217,1782242035.4643874,,,
7661,0,svm,max,balanced,cached_mxbai,1218,1782242035.590499,,,
3345,0,svm,max,balanced,cached_mxbai,1219,1782242035.7159772,,,
759,0,svm,max,balanced,cached_mxbai,1220,1782242035.8455527,,,
4653,0,svm,max,balanced,cached_mxbai,1221,1782242035.972967,,,
9797,0,svm,max,balanced,cached_mxbai,1222,1782242036.099417,,,
4813,0,svm,max,balanced,cached_mxbai,1223,1782242036.2245576,,,
7335,0,svm,max,balanced,cached_mxbai,1224,1782242036.350549,,,
4700,0,svm,max,balanced,cached_mxbai,1225,1782242036.477266,,,
6743,0,svm,max,balanced,cached_mxbai,1226,1782242036.6040316,,,
9957,0,svm,max,balanced,cached_mxbai,1227,1782242036.7315133,,,
4710,0,svm,max,balanced,cached_mxbai,1228,1782242036.8600316,,,
594,0,svm,max,balanced,cached_mxbai,1229,1782242036.9895961,,,
5552,0,svm,max,balanced,cached_mxbai,1230,1782242037.1358316,,,
6670,0,svm,max,balanced,cached_mxbai,1231,1782242037.2738557,,,
4530,0,svm,max,balanced,cached_mxbai,1232,1782242037.4183881,,,
3291,0,svm,max,balanced,cached_mxbai,1233,1782242037.5529315,,,
4011,0,svm,max,balanced,cached_mxbai,1234,1782242037.6930401,,,
6602,0,svm,max,balanced,cached_mxbai,1235,1782242037.835697,,,
7500,0,svm,max,balanced,cached_mxbai,1236,1782242037.9714344,,,
5022,0,svm,max,balanced,cached_mxbai,1237,1782242038.1000252,,,
8911,0,svm,max,balanced,cached_mxbai,1238,1782242038.2251709,,,
6609,0,svm,max,balanced,cached_mxbai,1239,1782242038.3515065,,,
4865,0,svm,max,balanced,cached_mxbai,1240,1782242038.4814112,,,
7169,0,svm,max,balanced,cached_mxbai,1241,1782242038.6046305,,,
6421,0,svm,max,balanced,cached_mxbai,1242,1782242038.7276053,,,
10326,0,svm,max,balanced,cached_mxbai,1243,1782242038.8541346,,,
5000,0,svm,max,balanced,cached_mxbai,1244,1782242038.9801888,,,
4291,0,svm,max,balanced,cached_mxbai,1245,1782242039.1050444,,,
2053,0,svm,max,balanced,cached_mxbai,1246,1782242039.2285812,,,
5108,0,svm,max,balanced,cached_mxbai,1247,1782242039.353466,,,
4733,0,svm,max,balanced,cached_mxbai,1248,1782242039.4779985,,,
1445,1,svm,max,balanced,cached_mxbai,1249,1782242039.6026103,,,
3500,0,svm,max,balanced,cached_mxbai,1250,1782242039.7312562,,,
4026,0,svm,max,balanced,cached_mxbai,1251,1782242039.8610134,,,
3486,0,svm,max,balanced,cached_mxbai,1252,1782242039.989428,,,
1161,0,svm,max,balanced,cached_mxbai,1253,1782242040.1161125,,,
3564,0,svm,max,balanced,cached_mxbai,1254,1782242040.2414994,,,
3756,0,svm,max,balanced,cached_mxbai,1255,1782242040.369545,,,
9108,0,svm,max,balanced,cached_mxbai,1256,1782242040.4984133,,,
2161,0,svm,max,balanced,cached_mxbai,1257,1782242040.6245666,,,
7088,0,svm,max,balanced,cached_mxbai,1258,1782242040.7520895,,,
3519,0,svm,max,balanced,cached_mxbai,1259,1782242040.8814843,,,
6482,0,svm,max,balanced,cached_mxbai,1260,1782242041.0100522,,,
2352,0,svm,max,balanced,cached_mxbai,1261,1782242041.1396694,,,
6907,0,svm,max,balanced,cached_mxbai,1262,1782242041.269172,,,
9083,0,svm,max,balanced,cached_mxbai,1263,1782242041.3991473,,,
1746,0,svm,max,balanced,cached_mxbai,1264,1782242041.527992,,,
9798,0,svm,max,balanced,cached_mxbai,1265,1782242041.6560898,,,
2447,0,svm,max,balanced,cached_mxbai,1266,1782242041.7901506,,,
8597,0,svm,max,balanced,cached_mxbai,1267,1782242041.9181902,,,
4845,0,svm,max,balanced,cached_mxbai,1268,1782242042.0485883,,,
10239,0,svm,max,balanced,cached_mxbai,1269,1782242042.1771293,,,
9009,0,svm,max,balanced,cached_mxbai,1270,1782242042.3051004,,,
6137,0,svm,max,balanced,cached_mxbai,1271,1782242042.4328558,,,
7390,0,svm,max,balanced,cached_mxbai,1272,1782242042.5622103,,,
4215,0,svm,max,balanced,cached_mxbai,1273,1782242042.690059,,,
3984,0,svm,max,balanced,cached_mxbai,1274,1782242042.8229458,,,
5001,0,svm,max,balanced,cached_mxbai,1275,1782242042.9559393,,,
6458,0,svm,max,balanced,cached_mxbai,1276,1782242043.0864332,,,
3558,0,svm,max,balanced,cached_mxbai,1277,1782242043.2166855,,,
6355,0,svm,max,balanced,cached_mxbai,1278,1782242043.3462195,,,
4811,0,svm,max,balanced,cached_mxbai,1279,1782242043.475496,,,
5186,0,svm,max,balanced,cached_mxbai,1280,1782242043.6082883,,,
8812,0,svm,max,balanced,cached_mxbai,1281,1782242043.7392898,,,
3969,0,svm,max,balanced,cached_mxbai,1282,1782242043.87176,,,
2541,0,svm,max,balanced,cached_mxbai,1283,1782242044.0014853,,,
4772,0,svm,max,balanced,cached_mxbai,1284,1782242044.1303108,,,
5245,0,svm,max,balanced,cached_mxbai,1285,1782242044.2586176,,,
8046,0,svm,max,balanced,cached_mxbai,1286,1782242044.3890553,,,
5575,0,svm,max,balanced,cached_mxbai,1287,1782242044.519768,,,
3987,0,svm,max,balanced,cached_mxbai,1288,1782242044.6489546,,,
7171,0,svm,max,balanced,cached_mxbai,1289,1782242044.7784941,,,
9160,0,svm,max,balanced,cached_mxbai,1290,1782242044.908497,,,
25,0,svm,max,balanced,cached_mxbai,1291,1782242045.042374,,,
7879,0,svm,max,balanced,cached_mxbai,1292,1782242045.1737795,,,
4818,0,svm,max,balanced,cached_mxbai,1293,1782242045.3408327,,,
7527,0,svm,max,balanced,cached_mxbai,1294,1782242045.4719424,,,
8410,0,svm,max,balanced,cached_mxbai,1295,1782242045.603501,,,
5992,0,svm,max,balanced,cached_mxbai,1296,1782242045.7345874,,,
47,0,svm,max,balanced,cached_mxbai,1297,1782242045.86539,,,
3957,0,svm,max,balanced,cached_mxbai,1298,1782242045.9949667,,,
2428,0,svm,max,balanced,cached_mxbai,1299,1782242046.1254575,,,
4319,0,svm,max,balanced,cached_mxbai,1300,1782242046.2555146,,,
8629,0,svm,max,balanced,cached_mxbai,1301,1782242046.3856895,,,
7771,0,svm,max,balanced,cached_mxbai,1302,1782242046.5162044,,,
3720,0,svm,max,balanced,cached_mxbai,1303,1782242046.648926,,,
4412,0,svm,max,balanced,cached_mxbai,1304,1782242046.7798429,,,
5154,0,svm,max,balanced,cached_mxbai,1305,1782242046.9117997,,,
7691,0,svm,max,balanced,cached_mxbai,1306,1782242047.0437102,,,
4804,0,svm,max,balanced,cached_mxbai,1307,1782242047.1765804,,,
3952,0,svm,max,balanced,cached_mxbai,1308,1782242047.3080578,,,
4846,0,svm,max,balanced,cached_mxbai,1309,1782242047.4386585,,,
7961,0,svm,max,balanced,cached_mxbai,1310,1782242047.5692835,,,
9176,0,svm,max,balanced,cached_mxbai,1311,1782242047.7017126,,,
9834,0,svm,max,balanced,cached_mxbai,1312,1782242047.8332818,,,
72,0,svm,max,balanced,cached_mxbai,1313,1782242047.9640913,,,
4198,0,svm,max,balanced,cached_mxbai,1314,1782242048.0957057,,,
6338,0,svm,max,balanced,cached_mxbai,1315,1782242048.2269201,,,
2943,0,svm,max,balanced,cached_mxbai,1316,1782242048.3581634,,,
413,0,svm,max,balanced,cached_mxbai,1317,1782242048.4895468,,,
3440,0,svm,max,balanced,cached_mxbai,1318,1782242048.6197717,,,
6629,0,svm,max,balanced,cached_mxbai,1319,1782242048.7521296,,,
7702,0,svm,max,balanced,cached_mxbai,1320,1782242048.8839998,,,
3282,0,svm,max,balanced,cached_mxbai,1321,1782242049.0149055,,,
5010,0,svm,max,balanced,cached_mxbai,1322,1782242049.1461005,,,
1156,0,svm,max,balanced,cached_mxbai,1323,1782242049.2775936,,,
3188,0,svm,max,balanced,cached_mxbai,1324,1782242049.4095526,,,
4575,0,svm,max,balanced,cached_mxbai,1325,1782242049.5407596,,,
8759,0,svm,max,balanced,cached_mxbai,1326,1782242049.671714,,,
9098,0,svm,max,balanced,cached_mxbai,1327,1782242049.8069363,,,
8993,0,svm,max,balanced,cached_mxbai,1328,1782242049.9393609,,,
3242,0,svm,max,balanced,cached_mxbai,1329,1782242050.070986,,,
4892,0,svm,max,balanced,cached_mxbai,1330,1782242050.2027054,,,
7632,0,svm,max,balanced,cached_mxbai,1331,1782242050.3361683,,,
160,0,svm,max,balanced,cached_mxbai,1332,1782242050.4681616,,,
3052,0,svm,max,balanced,cached_mxbai,1333,1782242050.6002097,,,
4926,0,svm,max,balanced,cached_mxbai,1334,1782242050.732504,,,
4241,0,svm,max,balanced,cached_mxbai,1335,1782242050.8667674,,,
5138,0,svm,max,balanced,cached_mxbai,1336,1782242051.0004516,,,
4098,0,svm,max,balanced,cached_mxbai,1337,1782242051.1337693,,,
4454,0,svm,max,balanced,cached_mxbai,1338,1782242051.2660344,,,
9171,0,svm,max,balanced,cached_mxbai,1339,1782242051.3991606,,,
5086,0,svm,max,balanced,cached_mxbai,1340,1782242051.533268,,,
4974,0,svm,max,balanced,cached_mxbai,1341,1782242051.666496,,,
3556,0,svm,max,balanced,cached_mxbai,1342,1782242051.800731,,,
10058,0,svm,max,balanced,cached_mxbai,1343,1782242051.9349961,,,
9272,0,svm,max,balanced,cached_mxbai,1344,1782242052.0696938,,,
571,0,svm,max,balanced,cached_mxbai,1345,1782242052.2020035,,,
4537,0,svm,max,balanced,cached_mxbai,1346,1782242052.3351753,,,
1078,0,svm,max,balanced,cached_mxbai,1347,1782242052.4703305,,,
5939,0,svm,max,balanced,cached_mxbai,1348,1782242052.6028364,,,
5014,0,svm,max,balanced,cached_mxbai,1349,1782242052.7368174,,,
10521,0,svm,max,balanced,cached_mxbai,1350,1782242052.8745196,,,
1262,0,svm,max,balanced,cached_mxbai,1351,1782242053.0150404,,,
3945,0,svm,max,balanced,cached_mxbai,1352,1782242053.1495972,,,
3905,0,svm,max,balanced,cached_mxbai,1353,1782242053.2833219,,,
4574,0,svm,max,balanced,cached_mxbai,1354,1782242053.4187481,,,
4111,0,svm,max,balanced,cached_mxbai,1355,1782242053.5540097,,,
1082,0,svm,max,balanced,cached_mxbai,1356,1782242053.6879802,,,
3434,0,svm,max,balanced,cached_mxbai,1357,1782242053.8235855,,,
6414,0,svm,max,balanced,cached_mxbai,1358,1782242053.957556,,,
4970,0,svm,max,balanced,cached_mxbai,1359,1782242054.0940876,,,
9290,0,svm,max,balanced,cached_mxbai,1360,1782242054.2272933,,,
2965,0,svm,max,balanced,cached_mxbai,1361,1782242054.3604681,,,
4411,0,svm,max,balanced,cached_mxbai,1362,1782242054.4945762,,,
10065,0,svm,max,balanced,cached_mxbai,1363,1782242054.6305907,,,
4893,0,svm,max,balanced,cached_mxbai,1364,1782242054.7696702,,,
78,0,svm,max,balanced,cached_mxbai,1365,1782242054.907734,,,
8547,0,svm,max,balanced,cached_mxbai,1366,1782242055.0492861,,,
4553,0,svm,max,balanced,cached_mxbai,1367,1782242055.1867788,,,
3236,0,svm,max,balanced,cached_mxbai,1368,1782242055.3514874,,,
8889,0,svm,max,balanced,cached_mxbai,1369,1782242055.4869606,,,
9604,0,svm,max,balanced,cached_mxbai,1370,1782242055.6228144,,,
4091,0,svm,max,balanced,cached_mxbai,1371,1782242055.7612047,,,
4012,0,svm,max,balanced,cached_mxbai,1372,1782242055.8997793,,,
10000,0,svm,max,balanced,cached_mxbai,1373,1782242056.0359392,,,
3605,0,svm,max,balanced,cached_mxbai,1374,1782242056.1706274,,,
3033,0,svm,max,balanced,cached_mxbai,1375,1782242056.3071697,,,
8497,0,svm,max,balanced,cached_mxbai,1376,1782242056.4417148,,,
1968,0,svm,max,balanced,cached_mxbai,1377,1782242056.578309,,,
2770,0,svm,max,balanced,cached_mxbai,1378,1782242056.7177482,,,
8679,0,svm,max,balanced,cached_mxbai,1379,1782242056.855581,,,
5581,0,svm,max,balanced,cached_mxbai,1380,1782242056.9912724,,,
1852,0,svm,max,balanced,cached_mxbai,1381,1782242057.1284626,,,
4231,0,svm,max,balanced,cached_mxbai,1382,1782242057.264181,,,
4490,0,svm,max,balanced,cached_mxbai,1383,1782242057.4017687,,,
3932,0,svm,max,balanced,cached_mxbai,1384,1782242057.5422156,,,
2873,0,svm,max,balanced,cached_mxbai,1385,1782242057.683122,,,
3693,0,svm,max,balanced,cached_mxbai,1386,1782242057.8359969,,,
4799,0,svm,max,balanced,cached_mxbai,1387,1782242057.9836948,,,
3061,0,svm,max,balanced,cached_mxbai,1388,1782242058.1297107,,,
9410,0,svm,max,balanced,cached_mxbai,1389,1782242058.2691462,,,
3661,0,svm,max,balanced,cached_mxbai,1390,1782242058.4088404,,,
4463,0,svm,max,balanced,cached_mxbai,1391,1782242058.5471466,,,
3562,0,svm,max,balanced,cached_mxbai,1392,1782242058.6885524,,,
5969,0,svm,max,balanced,cached_mxbai,1393,1782242058.8256128,,,
8123,0,svm,max,balanced,cached_mxbai,1394,1782242058.963874,,,
2264,0,svm,max,balanced,cached_mxbai,1395,1782242059.10329,,,
5643,0,svm,max,balanced,cached_mxbai,1396,1782242059.2457504,,,
7477,0,svm,max,balanced,cached_mxbai,1397,1782242059.3853312,,,
1200,0,svm,max,balanced,cached_mxbai,1398,1782242059.5252032,,,
4812,0,svm,max,balanced,cached_mxbai,1399,1782242059.6657882,,,
5425,0,svm,max,balanced,cached_mxbai,1400,1782242059.8022497,,,
5212,0,svm,max,balanced,cached_mxbai,1401,1782242059.9410446,,,
3507,0,svm,max,balanced,cached_mxbai,1402,1782242060.0796833,,,
4045,0,svm,max,balanced,cached_mxbai,1403,1782242060.2187486,,,
6936,0,svm,max,balanced,cached_mxbai,1404,1782242060.3578708,,,
2066,0,svm,max,balanced,cached_mxbai,1405,1782242060.4968712,,,
6060,0,svm,max,balanced,cached_mxbai,1406,1782242060.6355877,,,
4416,0,svm,max,balanced,cached_mxbai,1407,1782242060.774279,,,
5511,0,svm,max,balanced,cached_mxbai,1408,1782242060.9131744,,,
6005,0,svm,max,balanced,cached_mxbai,1409,1782242061.055914,,,
113,0,svm,max,balanced,cached_mxbai,1410,1782242061.1938882,,,
4142,0,svm,max,balanced,cached_mxbai,1411,1782242061.331334,,,
4489,0,svm,max,balanced,cached_mxbai,1412,1782242061.4700284,,,
131,0,svm,max,balanced,cached_mxbai,1413,1782242061.610221,,,
5161,0,svm,max,balanced,cached_mxbai,1414,1782242061.7503946,,,
5468,0,svm,max,balanced,cached_mxbai,1415,1782242061.891573,,,
4655,0,svm,max,balanced,cached_mxbai,1416,1782242062.0291388,,,
4693,0,svm,max,balanced,cached_mxbai,1417,1782242062.1679957,,,
6574,0,svm,max,balanced,cached_mxbai,1418,1782242062.3060133,,,
8560,0,svm,max,balanced,cached_mxbai,1419,1782242062.44597,,,
5157,0,svm,max,balanced,cached_mxbai,1420,1782242062.5851347,,,
4958,0,svm,max,balanced,cached_mxbai,1421,1782242062.7244985,,,
7744,0,svm,max,balanced,cached_mxbai,1422,1782242062.8659334,,,
3460,0,svm,max,balanced,cached_mxbai,1423,1782242063.0113328,,,
4514,0,svm,max,balanced,cached_mxbai,1424,1782242063.1522841,,,
6326,0,svm,max,balanced,cached_mxbai,1425,1782242063.300107,,,
8797,0,svm,max,balanced,cached_mxbai,1426,1782242063.4461691,,,
3171,0,svm,max,balanced,cached_mxbai,1427,1782242063.5903323,,,
3385,0,svm,max,balanced,cached_mxbai,1428,1782242063.732073,,,
709,0,svm,max,balanced,cached_mxbai,1429,1782242063.8752885,,,
4853,0,svm,max,balanced,cached_mxbai,1430,1782242064.0160353,,,
4757,0,svm,max,balanced,cached_mxbai,1431,1782242064.1571114,,,
10551,0,svm,max,balanced,cached_mxbai,1432,1782242064.299359,,,
1476,0,svm,max,balanced,cached_mxbai,1433,1782242064.4410539,,,
8885,0,svm,max,balanced,cached_mxbai,1434,1782242064.5825646,,,
6196,0,svm,max,balanced,cached_mxbai,1435,1782242064.7243598,,,
4654,0,svm,max,balanced,cached_mxbai,1436,1782242064.8672822,,,
570,0,svm,max,balanced,cached_mxbai,1437,1782242065.0068479,,,
8050,0,svm,max,balanced,cached_mxbai,1438,1782242065.1616445,,,
5110,0,svm,max,balanced,cached_mxbai,1439,1782242065.3219059,,,
6601,0,svm,max,balanced,cached_mxbai,1440,1782242065.4629266,,,
3147,0,svm,max,balanced,cached_mxbai,1441,1782242065.6039047,,,
5063,0,svm,max,balanced,cached_mxbai,1442,1782242065.7480166,,,
8580,0,svm,max,balanced,cached_mxbai,1443,1782242065.8892014,,,
3183,0,svm,max,balanced,cached_mxbai,1444,1782242066.0294912,,,
2254,0,svm,max,balanced,cached_mxbai,1445,1782242066.1686919,,,
2583,0,svm,max,balanced,cached_mxbai,1446,1782242066.3092167,,,
1646,0,svm,max,balanced,cached_mxbai,1447,1782242066.4500072,,,
4562,0,svm,max,balanced,cached_mxbai,1448,1782242066.5921366,,,
3024,0,svm,max,balanced,cached_mxbai,1449,1782242066.7393012,,,
8463,0,svm,max,balanced,cached_mxbai,1450,1782242066.8808029,,,
8918,0,svm,max,balanced,cached_mxbai,1451,1782242067.0223289,,,
10081,0,svm,max,balanced,cached_mxbai,1452,1782242067.1620343,,,
4284,0,svm,max,balanced,cached_mxbai,1453,1782242067.302676,,,
4634,0,svm,max,balanced,cached_mxbai,1454,1782242067.447565,,,
4261,0,svm,max,balanced,cached_mxbai,1455,1782242067.5927033,,,
10064,0,svm,max,balanced,cached_mxbai,1456,1782242067.7417061,,,
8355,0,svm,max,balanced,cached_mxbai,1457,1782242067.8949842,,,
4629,0,svm,max,balanced,cached_mxbai,1458,1782242068.0419757,,,
8228,0,svm,max,balanced,cached_mxbai,1459,1782242068.1872892,,,
3988,0,svm,max,balanced,cached_mxbai,1460,1782242068.3323774,,,
7714,0,svm,max,balanced,cached_mxbai,1461,1782242068.4775555,,,
9947,0,svm,max,balanced,cached_mxbai,1462,1782242068.625042,,,
4968,0,svm,max,balanced,cached_mxbai,1463,1782242068.7750275,,,
5036,0,svm,max,balanced,cached_mxbai,1464,1782242068.9230974,,,
6310,0,svm,max,balanced,cached_mxbai,1465,1782242069.0710719,,,
4982,0,svm,max,balanced,cached_mxbai,1466,1782242069.2181218,,,
4827,0,svm,max,balanced,cached_mxbai,1467,1782242069.3634956,,,
5100,0,svm,max,balanced,cached_mxbai,1468,1782242069.5104353,,,
8839,0,svm,max,balanced,cached_mxbai,1469,1782242069.657154,,,
5159,0,svm,max,balanced,cached_mxbai,1470,1782242069.8072212,,,
10399,0,svm,max,balanced,cached_mxbai,1471,1782242069.9553194,,,
8282,0,svm,max,balanced,cached_mxbai,1472,1782242070.1018693,,,
5952,0,svm,max,balanced,cached_mxbai,1473,1782242070.2489498,,,
4763,0,svm,max,balanced,cached_mxbai,1474,1782242070.3975148,,,
3640,0,svm,max,balanced,cached_mxbai,1475,1782242070.5451572,,,
6548,0,svm,max,balanced,cached_mxbai,1476,1782242070.6957512,,,
6771,0,svm,max,balanced,cached_mxbai,1477,1782242070.8506205,,,
10451,0,svm,max,balanced,cached_mxbai,1478,1782242070.9989989,,,
5153,0,svm,max,balanced,cached_mxbai,1479,1782242071.1462548,,,
4632,0,svm,max,balanced,cached_mxbai,1480,1782242071.2972507,,,
5151,0,svm,max,balanced,cached_mxbai,1481,1782242071.4508069,,,
8544,0,svm,max,balanced,cached_mxbai,1482,1782242071.6058452,,,
4622,0,svm,max,balanced,cached_mxbai,1483,1782242071.7607558,,,
692,0,svm,max,balanced,cached_mxbai,1484,1782242071.9146655,,,
9864,0,svm,max,balanced,cached_mxbai,1485,1782242072.0632489,,,
1039,0,svm,max,balanced,cached_mxbai,1486,1782242072.2112234,,,
5396,0,svm,max,balanced,cached_mxbai,1487,1782242072.3595574,,,
4331,0,svm,max,balanced,cached_mxbai,1488,1782242072.5080194,,,
6478,0,svm,max,balanced,cached_mxbai,1489,1782242072.6582613,,,
3583,0,svm,max,balanced,cached_mxbai,1490,1782242072.8071373,,,
9623,0,svm,max,balanced,cached_mxbai,1491,1782242072.9599404,,,
4652,0,svm,max,balanced,cached_mxbai,1492,1782242073.110709,,,
6585,0,svm,max,balanced,cached_mxbai,1493,1782242073.259161,,,
4675,0,svm,max,balanced,cached_mxbai,1494,1782242073.4279194,,,
8909,0,svm,max,balanced,cached_mxbai,1495,1782242073.5958183,,,
10242,0,svm,max,balanced,cached_mxbai,1496,1782242073.751177,,,
3146,0,svm,max,balanced,cached_mxbai,1497,1782242073.9029217,,,
4826,0,svm,max,balanced,cached_mxbai,1498,1782242074.0518594,,,
8473,0,svm,max,balanced,cached_mxbai,1499,1782242074.201014,,,
7418,0,svm,max,balanced,cached_mxbai,1500,1782242074.3487306,,,
5839,1,svm,max,balanced,cached_mxbai,1501,1782242074.49707,,,
7743,0,svm,max,balanced,cached_mxbai,1502,1782242074.6606057,,,
5024,0,svm,max,balanced,cached_mxbai,1503,1782242074.8249252,,,
7712,0,svm,max,balanced,cached_mxbai,1504,1782242074.9705284,,,
3634,0,svm,max,balanced,cached_mxbai,1505,1782242075.1191308,,,
5956,0,svm,max,balanced,cached_mxbai,1506,1782242075.2863986,,,
8038,0,svm,max,balanced,cached_mxbai,1507,1782242075.4416497,,,
4664,0,svm,max,balanced,cached_mxbai,1508,1782242075.5902896,,,
2039,0,svm,max,balanced,cached_mxbai,1509,1782242075.742507,,,
4106,0,svm,max,balanced,cached_mxbai,1510,1782242075.8927999,,,
4882,0,svm,max,balanced,cached_mxbai,1511,1782242076.042669,,,
3506,0,svm,max,balanced,cached_mxbai,1512,1782242076.192432,,,
6235,0,svm,max,balanced,cached_mxbai,1513,1782242076.340171,,,
8373,0,svm,max,balanced,cached_mxbai,1514,1782242076.4887664,,,
4668,0,svm,max,balanced,cached_mxbai,1515,1782242076.6375973,,,
4863,0,svm,max,balanced,cached_mxbai,1516,1782242076.7891216,,,
273,0,svm,max,balanced,cached_mxbai,1517,1782242076.938164,,,
4600,0,svm,max,balanced,cached_mxbai,1518,1782242077.0869684,,,
3629,0,svm,max,balanced,cached_mxbai,1519,1782242077.2353776,,,
10206,0,svm,max,balanced,cached_mxbai,1520,1782242077.38443,,,
4996,0,svm,max,balanced,cached_mxbai,1521,1782242077.5348768,,,
10545,0,svm,max,balanced,cached_mxbai,1522,1782242077.6848571,,,
3763,0,svm,max,balanced,cached_mxbai,1523,1782242077.8369656,,,
4615,0,svm,max,balanced,cached_mxbai,1524,1782242077.9918628,,,
5106,0,svm,max,balanced,cached_mxbai,1525,1782242078.1447272,,,
4991,0,svm,max,balanced,cached_mxbai,1526,1782242078.2963746,,,
6162,0,svm,max,balanced,cached_mxbai,1527,1782242078.446544,,,
1234,0,svm,max,balanced,cached_mxbai,1528,1782242078.6005013,,,
8928,0,svm,max,balanced,cached_mxbai,1529,1782242078.7550986,,,
4676,0,svm,max,balanced,cached_mxbai,1530,1782242078.9047968,,,
6328,0,svm,max,balanced,cached_mxbai,1531,1782242079.054753,,,
1222,0,svm,max,balanced,cached_mxbai,1532,1782242079.203897,,,
6319,0,svm,max,balanced,cached_mxbai,1533,1782242079.3536842,,,
4957,0,svm,max,balanced,cached_mxbai,1534,1782242079.505338,,,
1131,0,svm,max,balanced,cached_mxbai,1535,1782242079.6567023,,,
23,0,svm,max,balanced,cached_mxbai,1536,1782242079.8098106,,,
4966,0,svm,max,balanced,cached_mxbai,1537,1782242079.961385,,,
9137,0,svm,max,balanced,cached_mxbai,1538,1782242080.111723,,,
6122,0,svm,max,balanced,cached_mxbai,1539,1782242080.2618544,,,
6126,0,svm,max,balanced,cached_mxbai,1540,1782242080.4129882,,,
4372,0,svm,max,balanced,cached_mxbai,1541,1782242080.565098,,,
9371,0,svm,max,balanced,cached_mxbai,1542,1782242080.7155511,,,
5487,0,svm,max,balanced,cached_mxbai,1543,1782242080.8681648,,,
3805,0,svm,max,balanced,cached_mxbai,1544,1782242081.0202518,,,
4486,0,svm,max,balanced,cached_mxbai,1545,1782242081.1714132,,,
2562,0,svm,max,balanced,cached_mxbai,1546,1782242081.3229716,,,
4483,0,svm,max,balanced,cached_mxbai,1547,1782242081.474125,,,
3991,0,svm,max,balanced,cached_mxbai,1548,1782242081.6239324,,,
6461,0,svm,max,balanced,cached_mxbai,1549,1782242081.7939286,,,
3350,0,svm,max,balanced,cached_mxbai,1550,1782242081.9638743,,,
4207,0,svm,max,balanced,cached_mxbai,1551,1782242082.132738,,,
4138,0,svm,max,balanced,cached_mxbai,1552,1782242082.3009527,,,
4708,0,svm,max,balanced,cached_mxbai,1553,1782242082.4697464,,,
7948,0,svm,max,balanced,cached_mxbai,1554,1782242082.6390812,,,
4488,0,svm,max,balanced,cached_mxbai,1555,1782242082.809415,,,
4322,0,svm,max,balanced,cached_mxbai,1556,1782242082.9816573,,,
6056,0,svm,max,balanced,cached_mxbai,1557,1782242083.153675,,,
178,0,svm,max,balanced,cached_mxbai,1558,1782242083.3244567,,,
796,0,svm,max,balanced,cached_mxbai,1559,1782242083.4955285,,,
173,0,svm,max,balanced,cached_mxbai,1560,1782242083.665159,,,
4246,0,svm,max,balanced,cached_mxbai,1561,1782242083.8298502,,,
4014,0,svm,max,balanced,cached_mxbai,1562,1782242083.9952965,,,
7728,0,svm,max,balanced,cached_mxbai,1563,1782242084.1574528,,,
4749,0,svm,max,balanced,cached_mxbai,1564,1782242084.3222358,,,
10271,0,svm,max,balanced,cached_mxbai,1565,1782242084.4869502,,,
3654,0,svm,max,balanced,cached_mxbai,1566,1782242084.6537151,,,
7706,0,svm,max,balanced,cached_mxbai,1567,1782242084.8300352,,,
4975,0,svm,max,balanced,cached_mxbai,1568,1782242084.9995255,,,
8272,0,svm,max,balanced,cached_mxbai,1569,1782242085.1676562,,,
5823,0,svm,max,balanced,cached_mxbai,1570,1782242085.353499,,,
3047,0,svm,max,balanced,cached_mxbai,1571,1782242085.5207286,,,
5325,0,svm,max,balanced,cached_mxbai,1572,1782242085.6859143,,,
5984,0,svm,max,balanced,cached_mxbai,1573,1782242085.8526287,,,
4122,0,svm,max,balanced,cached_mxbai,1574,1782242086.0173004,,,
4773,0,svm,max,balanced,cached_mxbai,1575,1782242086.180879,,,
6975,0,svm,max,balanced,cached_mxbai,1576,1782242086.344433,,,
1613,0,svm,max,balanced,cached_mxbai,1577,1782242086.509374,,,
4392,0,svm,max,balanced,cached_mxbai,1578,1782242086.6741724,,,
8979,0,svm,max,balanced,cached_mxbai,1579,1782242086.838994,,,
4725,0,svm,max,balanced,cached_mxbai,1580,1782242087.005417,,,
10235,0,svm,max,balanced,cached_mxbai,1581,1782242087.1690242,,,
5066,0,svm,max,balanced,cached_mxbai,1582,1782242087.3329546,,,
3399,0,svm,max,balanced,cached_mxbai,1583,1782242087.498065,,,
4847,0,svm,max,balanced,cached_mxbai,1584,1782242087.6650052,,,
6949,0,svm,max,balanced,cached_mxbai,1585,1782242087.830142,,,
1912,0,svm,max,balanced,cached_mxbai,1586,1782242087.9981732,,,
2187,0,svm,max,balanced,cached_mxbai,1587,1782242088.1639454,,,
9878,0,svm,max,balanced,cached_mxbai,1588,1782242088.3288617,,,
5902,0,svm,max,balanced,cached_mxbai,1589,1782242088.4952478,,,
3832,0,svm,max,balanced,cached_mxbai,1590,1782242088.6610885,,,
6642,0,svm,max,balanced,cached_mxbai,1591,1782242088.8285496,,,
7933,0,svm,max,balanced,cached_mxbai,1592,1782242088.996572,,,
9254,0,svm,max,balanced,cached_mxbai,1593,1782242089.1630273,,,
4323,0,svm,max,balanced,cached_mxbai,1594,1782242089.3286238,,,
3165,0,svm,max,balanced,cached_mxbai,1595,1782242089.4947658,,,
8658,0,svm,max,balanced,cached_mxbai,1596,1782242089.6673841,,,
7001,0,svm,max,balanced,cached_mxbai,1597,1782242089.8352196,,,
1321,0,svm,max,balanced,cached_mxbai,1598,1782242090.0107386,,,
3656,0,svm,max,balanced,cached_mxbai,1599,1782242090.1766737,,,
7897,0,svm,max,balanced,cached_mxbai,1600,1782242090.3417728,,,
4042,0,svm,max,balanced,cached_mxbai,1601,1782242090.5137577,,,
4571,0,svm,max,balanced,cached_mxbai,1602,1782242090.6864784,,,
1031,0,svm,max,balanced,cached_mxbai,1603,1782242090.8538117,,,
4415,0,svm,max,balanced,cached_mxbai,1604,1782242091.0373065,,,
7717,0,svm,max,balanced,cached_mxbai,1605,1782242091.2174976,,,
3044,0,svm,max,balanced,cached_mxbai,1606,1782242091.3910043,,,
4069,0,svm,max,balanced,cached_mxbai,1607,1782242091.5637374,,,
4539,0,svm,max,balanced,cached_mxbai,1608,1782242091.7387998,,,
3783,0,svm,max,balanced,cached_mxbai,1609,1782242091.9193254,,,
10492,0,svm,max,balanced,cached_mxbai,1610,1782242092.0968788,,,
4035,0,svm,max,balanced,cached_mxbai,1611,1782242092.270087,,,
9897,0,svm,max,balanced,cached_mxbai,1612,1782242092.4440866,,,
6069,0,svm,max,balanced,cached_mxbai,1613,1782242092.6172755,,,
7231,0,svm,max,balanced,cached_mxbai,1614,1782242092.7913063,,,
1461,0,svm,max,balanced,cached_mxbai,1615,1782242092.9736745,,,
3083,0,svm,max,balanced,cached_mxbai,1616,1782242093.1502042,,,
1875,0,svm,max,balanced,cached_mxbai,1617,1782242093.3255074,,,
4784,0,svm,max,balanced,cached_mxbai,1618,1782242093.4990635,,,
5220,0,svm,max,balanced,cached_mxbai,1619,1782242093.6734881,,,
6569,0,svm,max,balanced,cached_mxbai,1620,1782242093.8489256,,,
4750,0,svm,max,balanced,cached_mxbai,1621,1782242094.0272706,,,
7768,0,svm,max,balanced,cached_mxbai,1622,1782242094.2015312,,,
8303,0,svm,max,balanced,cached_mxbai,1623,1782242094.3831916,,,
577,0,svm,max,balanced,cached_mxbai,1624,1782242094.5596037,,,
8404,0,svm,max,balanced,cached_mxbai,1625,1782242094.7351217,,,
5781,0,svm,max,balanced,cached_mxbai,1626,1782242094.9117222,,,
6323,0,svm,max,balanced,cached_mxbai,1627,1782242095.090743,,,
3130,0,svm,max,balanced,cached_mxbai,1628,1782242095.282776,,,
5198,0,svm,max,balanced,cached_mxbai,1629,1782242095.4606082,,,
4716,0,svm,max,balanced,cached_mxbai,1630,1782242095.6342409,,,
3504,0,svm,max,balanced,cached_mxbai,1631,1782242095.809567,,,
5805,0,svm,max,balanced,cached_mxbai,1632,1782242095.9864216,,,
6699,0,svm,max,balanced,cached_mxbai,1633,1782242096.1604142,,,
3788,0,svm,max,balanced,cached_mxbai,1634,1782242096.3345542,,,
9948,0,svm,max,balanced,cached_mxbai,1635,1782242096.5090523,,,
9911,0,svm,max,balanced,cached_mxbai,1636,1782242096.684923,,,
6151,0,svm,max,balanced,cached_mxbai,1637,1782242096.8627605,,,
5226,0,svm,max,balanced,cached_mxbai,1638,1782242097.0431879,,,
2831,0,svm,max,balanced,cached_mxbai,1639,1782242097.2228172,,,
6537,0,svm,max,balanced,cached_mxbai,1640,1782242097.3979087,,,
8847,0,svm,max,balanced,cached_mxbai,1641,1782242097.5727656,,,
4325,0,svm,max,balanced,cached_mxbai,1642,1782242097.7469835,,,
9624,0,svm,max,balanced,cached_mxbai,1643,1782242097.9238207,,,
5052,0,svm,max,balanced,cached_mxbai,1644,1782242098.1008515,,,
4497,0,svm,max,balanced,cached_mxbai,1645,1782242098.2742348,,,
10133,0,svm,max,balanced,cached_mxbai,1646,1782242098.4475586,,,
1032,0,svm,max,balanced,cached_mxbai,1647,1782242098.6210072,,,
2856,0,svm,max,balanced,cached_mxbai,1648,1782242098.7950366,,,
4148,0,svm,max,balanced,cached_mxbai,1649,1782242098.969487,,,
2021,0,svm,max,balanced,cached_mxbai,1650,1782242099.1432009,,,
4498,0,svm,max,balanced,cached_mxbai,1651,1782242099.3007047,,,
3428,0,svm,max,balanced,cached_mxbai,1652,1782242099.4580278,,,
1926,0,svm,max,balanced,cached_mxbai,1653,1782242099.6158607,,,
4896,0,svm,max,balanced,cached_mxbai,1654,1782242099.7731671,,,
4410,0,svm,max,balanced,cached_mxbai,1655,1782242099.930951,,,
639,0,svm,max,balanced,cached_mxbai,1656,1782242100.08898,,,
9219,0,svm,max,balanced,cached_mxbai,1657,1782242100.2456248,,,
3844,0,svm,max,balanced,cached_mxbai,1658,1782242100.403289,,,
1261,0,svm,max,balanced,cached_mxbai,1659,1782242100.561678,,,
5292,0,svm,max,balanced,cached_mxbai,1660,1782242100.7192962,,,
8004,0,svm,max,balanced,cached_mxbai,1661,1782242100.8771946,,,
1416,0,svm,max,balanced,cached_mxbai,1662,1782242101.0364652,,,
4990,0,svm,max,balanced,cached_mxbai,1663,1782242101.1936758,,,
5260,0,svm,max,balanced,cached_mxbai,1664,1782242101.351299,,,
3109,0,svm,max,balanced,cached_mxbai,1665,1782242101.5093505,,,
4334,0,svm,max,balanced,cached_mxbai,1666,1782242101.6671958,,,
4219,0,svm,max,balanced,cached_mxbai,1667,1782242101.826607,,,
604,0,svm,max,balanced,cached_mxbai,1668,1782242101.9862561,,,
8301,0,svm,max,balanced,cached_mxbai,1669,1782242102.1489697,,,
4809,0,svm,max,balanced,cached_mxbai,1670,1782242102.3060036,,,
9714,0,svm,max,balanced,cached_mxbai,1671,1782242102.4637418,,,
8693,0,svm,max,balanced,cached_mxbai,1672,1782242102.6212246,,,
1863,0,svm,max,balanced,cached_mxbai,1673,1782242102.7798107,,,
7216,0,svm,max,balanced,cached_mxbai,1674,1782242102.944168,,,
394,0,svm,max,balanced,cached_mxbai,1675,1782242103.108656,,,
2293,0,svm,max,balanced,cached_mxbai,1676,1782242103.2705603,,,
4719,0,svm,max,balanced,cached_mxbai,1677,1782242103.4316463,,,
5167,0,svm,max,balanced,cached_mxbai,1678,1782242103.5917363,,,
5896,0,svm,max,balanced,cached_mxbai,1679,1782242103.7507858,,,
7891,0,svm,max,balanced,cached_mxbai,1680,1782242103.9108057,,,
8660,0,svm,max,balanced,cached_mxbai,1681,1782242104.075635,,,
4542,0,svm,max,balanced,cached_mxbai,1682,1782242104.2341957,,,
3577,0,svm,max,balanced,cached_mxbai,1683,1782242104.3927157,,,
5009,0,svm,max,balanced,cached_mxbai,1684,1782242104.5523756,,,
7000,0,svm,max,balanced,cached_mxbai,1685,1782242104.7126658,,,
2433,0,svm,max,balanced,cached_mxbai,1686,1782242104.8727858,,,
3446,0,svm,max,balanced,cached_mxbai,1687,1782242105.0408869,,,
8798,0,svm,max,balanced,cached_mxbai,1688,1782242105.201439,,,
2781,0,svm,max,balanced,cached_mxbai,1689,1782242105.387437,,,
3924,0,svm,max,balanced,cached_mxbai,1690,1782242105.552254,,,
4699,0,svm,max,balanced,cached_mxbai,1691,1782242105.7135575,,,
5128,0,svm,max,balanced,cached_mxbai,1692,1782242105.8759189,,,
4438,0,svm,max,balanced,cached_mxbai,1693,1782242106.0401313,,,
9115,0,svm,max,balanced,cached_mxbai,1694,1782242106.2022054,,,
9704,0,svm,max,balanced,cached_mxbai,1695,1782242106.3636734,,,
5672,0,svm,max,balanced,cached_mxbai,1696,1782242106.5252137,,,
8636,0,svm,max,balanced,cached_mxbai,1697,1782242106.6900308,,,
4309,0,svm,max,balanced,cached_mxbai,1698,1782242106.852936,,,
4501,0,svm,max,balanced,cached_mxbai,1699,1782242107.017768,,,
5608,0,svm,max,balanced,cached_mxbai,1700,1782242107.1836638,,,
4021,0,svm,max,balanced,cached_mxbai,1701,1782242107.3482273,,,
9291,0,svm,max,balanced,cached_mxbai,1702,1782242107.5093455,,,
57,0,svm,max,balanced,cached_mxbai,1703,1782242107.6697993,,,
3330,0,svm,max,balanced,cached_mxbai,1704,1782242107.8308556,,,
6815,0,svm,max,balanced,cached_mxbai,1705,1782242107.995655,,,
4606,0,svm,max,balanced,cached_mxbai,1706,1782242108.1584675,,,
3797,0,svm,max,balanced,cached_mxbai,1707,1782242108.3209531,,,
8907,0,svm,max,balanced,cached_mxbai,1708,1782242108.4838092,,,
769,0,svm,max,balanced,cached_mxbai,1709,1782242108.6472116,,,
9804,0,svm,max,balanced,cached_mxbai,1710,1782242108.8091545,,,
3909,0,svm,max,balanced,cached_mxbai,1711,1782242108.9728823,,,
4517,0,svm,max,balanced,cached_mxbai,1712,1782242109.1386814,,,
9433,0,svm,max,balanced,cached_mxbai,1713,1782242109.3015866,,,
3609,0,svm,max,balanced,cached_mxbai,1714,1782242109.4645298,,,
4400,0,svm,max,balanced,cached_mxbai,1715,1782242109.6277378,,,
1241,0,svm,max,balanced,cached_mxbai,1716,1782242109.81025,,,
8627,0,svm,max,balanced,cached_mxbai,1717,1782242109.9954855,,,
5103,0,svm,max,balanced,cached_mxbai,1718,1782242110.1788197,,,
7002,0,svm,max,balanced,cached_mxbai,1719,1782242110.3618376,,,
2782,0,svm,max,balanced,cached_mxbai,1720,1782242110.5461109,,,
4602,0,svm,max,balanced,cached_mxbai,1721,1782242110.7278225,,,
4336,0,svm,max,balanced,cached_mxbai,1722,1782242110.90932,,,
3533,0,svm,max,balanced,cached_mxbai,1723,1782242111.0957456,,,
9031,0,svm,max,balanced,cached_mxbai,1724,1782242111.280512,,,
5188,0,svm,max,balanced,cached_mxbai,1725,1782242111.4663258,,,
92,0,svm,max,balanced,cached_mxbai,1726,1782242111.6517081,,,
4521,0,svm,max,balanced,cached_mxbai,1727,1782242111.8363163,,,
4180,0,svm,max,balanced,cached_mxbai,1728,1782242112.0240693,,,
3293,0,svm,max,balanced,cached_mxbai,1729,1782242112.2100887,,,
4601,0,svm,max,balanced,cached_mxbai,1730,1782242112.3947814,,,
8828,0,svm,max,balanced,cached_mxbai,1731,1782242112.580112,,,
7265,0,svm,max,balanced,cached_mxbai,1732,1782242112.7672133,,,
3938,0,svm,max,balanced,cached_mxbai,1733,1782242112.957392,,,
4649,0,svm,max,balanced,cached_mxbai,1734,1782242113.1459155,,,
7550,0,svm,max,balanced,cached_mxbai,1735,1782242113.3333104,,,
8191,0,svm,max,balanced,cached_mxbai,1736,1782242113.5209548,,,
3752,0,svm,max,balanced,cached_mxbai,1737,1782242113.7087011,,,
1855,0,svm,max,balanced,cached_mxbai,1738,1782242113.8964157,,,
6324,0,svm,max,balanced,cached_mxbai,1739,1782242114.0852692,,,
8483,0,svm,max,balanced,cached_mxbai,1740,1782242114.2720113,,,
3801,0,svm,max,balanced,cached_mxbai,1741,1782242114.458012,,,
4097,0,svm,max,balanced,cached_mxbai,1742,1782242114.6436038,,,
2773,0,svm,max,balanced,cached_mxbai,1743,1782242114.8339846,,,
4801,0,svm,max,balanced,cached_mxbai,1744,1782242115.0213056,,,
9299,0,svm,max,balanced,cached_mxbai,1745,1782242115.2085295,,,
9496,0,svm,max,balanced,cached_mxbai,1746,1782242115.4248698,,,
6003,0,svm,max,balanced,cached_mxbai,1747,1782242115.6105132,,,
5038,0,svm,max,balanced,cached_mxbai,1748,1782242115.7930298,,,
195,0,svm,max,balanced,cached_mxbai,1749,1782242115.9821486,,,
4257,0,svm,max,balanced,cached_mxbai,1750,1782242116.1705954,,,
3705,0,svm,max,balanced,cached_mxbai,1751,1782242116.3590047,,,
8367,0,svm,max,balanced,cached_mxbai,1752,1782242116.5491652,,,
7546,0,svm,max,balanced,cached_mxbai,1753,1782242116.7359488,,,
81,0,svm,max,balanced,cached_mxbai,1754,1782242116.9245234,,,
4305,0,svm,max,balanced,cached_mxbai,1755,1782242117.1131775,,,
4617,0,svm,max,balanced,cached_mxbai,1756,1782242117.2986426,,,
7055,0,svm,max,balanced,cached_mxbai,1757,1782242117.4853437,,,
4278,0,svm,max,balanced,cached_mxbai,1758,1782242117.6740022,,,
64,0,svm,max,balanced,cached_mxbai,1759,1782242117.860492,,,
4959,0,svm,max,balanced,cached_mxbai,1760,1782242118.0512028,,,
3417,0,svm,max,balanced,cached_mxbai,1761,1782242118.2380457,,,
7363,0,svm,max,balanced,cached_mxbai,1762,1782242118.4235835,,,
7318,0,svm,max,balanced,cached_mxbai,1763,1782242118.6111486,,,
1498,0,svm,max,balanced,cached_mxbai,1764,1782242118.7965362,,,
3346,0,svm,max,balanced,cached_mxbai,1765,1782242118.9822242,,,
4701,0,svm,max,balanced,cached_mxbai,1766,1782242119.1711712,,,
3409,0,svm,max,balanced,cached_mxbai,1767,1782242119.3588643,,,
7199,0,svm,max,balanced,cached_mxbai,1768,1782242119.5458987,,,
6216,0,svm,max,balanced,cached_mxbai,1769,1782242119.732552,,,
5621,0,svm,max,balanced,cached_mxbai,1770,1782242119.9202225,,,
422,0,svm,max,balanced,cached_mxbai,1771,1782242120.111195,,,
5205,0,svm,max,balanced,cached_mxbai,1772,1782242120.3005526,,,
1796,0,svm,max,balanced,cached_mxbai,1773,1782242120.4888635,,,
1278,0,svm,max,balanced,cached_mxbai,1774,1782242120.6815817,,,
8430,0,svm,max,balanced,cached_mxbai,1775,1782242120.871565,,,
5080,0,svm,max,balanced,cached_mxbai,1776,1782242121.0627723,,,
7137,0,svm,max,balanced,cached_mxbai,1777,1782242121.2570121,,,
5240,0,svm,max,balanced,cached_mxbai,1778,1782242121.446523,,,
3840,0,svm,max,balanced,cached_mxbai,1779,1782242121.6368463,,,
1731,0,svm,max,balanced,cached_mxbai,1780,1782242121.8273034,,,
4766,0,svm,max,balanced,cached_mxbai,1781,1782242122.016137,,,
9442,0,svm,max,balanced,cached_mxbai,1782,1782242122.2075658,,,
5223,0,svm,max,balanced,cached_mxbai,1783,1782242122.396824,,,
5352,0,svm,max,balanced,cached_mxbai,1784,1782242122.587627,,,
4493,0,svm,max,balanced,cached_mxbai,1785,1782242122.7817433,,,
3689,0,svm,max,balanced,cached_mxbai,1786,1782242122.9789565,,,
6293,0,svm,max,balanced,cached_mxbai,1787,1782242123.1725037,,,
6153,0,svm,max,balanced,cached_mxbai,1788,1782242123.3628461,,,
5777,0,svm,max,balanced,cached_mxbai,1789,1782242123.5537863,,,
4186,0,svm,max,balanced,cached_mxbai,1790,1782242123.7433739,,,
6285,0,svm,max,balanced,cached_mxbai,1791,1782242123.932979,,,
5346,0,svm,max,balanced,cached_mxbai,1792,1782242124.1435878,,,
4943,0,svm,max,balanced,cached_mxbai,1793,1782242124.3390467,,,
2431,0,svm,max,balanced,cached_mxbai,1794,1782242124.5304348,,,
3889,0,svm,max,balanced,cached_mxbai,1795,1782242124.7219276,,,
9407,0,svm,max,balanced,cached_mxbai,1796,1782242124.907886,,,
10046,0,svm,max,balanced,cached_mxbai,1797,1782242125.1077416,,,
8952,0,svm,max,balanced,cached_mxbai,1798,1782242125.3113039,,,
27,0,svm,max,balanced,cached_mxbai,1799,1782242125.4978483,,,
9768,0,svm,max,balanced,cached_mxbai,1800,1782242125.684012,,,
8829,0,svm,max,balanced,cached_mxbai,1801,1782242125.866154,,,
3445,0,svm,max,balanced,cached_mxbai,1802,1782242126.051664,,,
1490,0,svm,max,balanced,cached_mxbai,1803,1782242126.2347274,,,
4404,0,svm,max,balanced,cached_mxbai,1804,1782242126.4157903,,,
4608,0,svm,max,balanced,cached_mxbai,1805,1782242126.5980148,,,
8263,0,svm,max,balanced,cached_mxbai,1806,1782242126.7816129,,,
4808,0,svm,max,balanced,cached_mxbai,1807,1782242126.963849,,,
3947,0,svm,max,balanced,cached_mxbai,1808,1782242127.1582193,,,
4082,0,svm,max,balanced,cached_mxbai,1809,1782242127.3397977,,,
5069,0,svm,max,balanced,cached_mxbai,1810,1782242127.5207841,,,
7959,0,svm,max,balanced,cached_mxbai,1811,1782242127.7031722,,,
10153,0,svm,max,balanced,cached_mxbai,1812,1782242127.8867908,,,
7355,0,svm,max,balanced,cached_mxbai,1813,1782242128.0846574,,,
5496,0,svm,max,balanced,cached_mxbai,1814,1782242128.28274,,,
8694,0,svm,max,balanced,cached_mxbai,1815,1782242128.4694402,,,
1084,0,svm,max,balanced,cached_mxbai,1816,1782242128.6561902,,,
5099,0,svm,max,balanced,cached_mxbai,1817,1782242128.8390326,,,
4482,0,svm,max,balanced,cached_mxbai,1818,1782242129.0228136,,,
9574,0,svm,max,balanced,cached_mxbai,1819,1782242129.2079256,,,
3809,0,svm,max,balanced,cached_mxbai,1820,1782242129.392414,,,
3331,0,svm,max,balanced,cached_mxbai,1821,1782242129.576326,,,
2819,0,svm,max,balanced,cached_mxbai,1822,1782242129.7595794,,,
9628,0,svm,max,balanced,cached_mxbai,1823,1782242129.9423063,,,
6233,0,svm,max,balanced,cached_mxbai,1824,1782242130.1263316,,,
1502,0,svm,max,balanced,cached_mxbai,1825,1782242130.312157,,,
4682,0,svm,max,balanced,cached_mxbai,1826,1782242130.4973,,,
3200,0,svm,max,balanced,cached_mxbai,1827,1782242130.684538,,,
4090,0,svm,max,balanced,cached_mxbai,1828,1782242130.8742938,,,
6167,0,svm,max,balanced,cached_mxbai,1829,1782242131.059693,,,
4502,0,svm,max,balanced,cached_mxbai,1830,1782242131.2497423,,,
10129,0,svm,max,balanced,cached_mxbai,1831,1782242131.436388,,,
4737,0,svm,max,balanced,cached_mxbai,1832,1782242131.622944,,,
5650,0,svm,max,balanced,cached_mxbai,1833,1782242131.808537,,,
4920,0,svm,max,balanced,cached_mxbai,1834,1782242131.9950814,,,
10158,0,svm,max,balanced,cached_mxbai,1835,1782242132.1816287,,,
4627,0,svm,max,balanced,cached_mxbai,1836,1782242132.367227,,,
229,0,svm,max,balanced,cached_mxbai,1837,1782242132.5523324,,,
5519,0,svm,max,balanced,cached_mxbai,1838,1782242132.737786,,,
817,0,svm,max,balanced,cached_mxbai,1839,1782242132.9259295,,,
4954,0,svm,max,balanced,cached_mxbai,1840,1782242133.1154869,,,
9437,0,svm,max,balanced,cached_mxbai,1841,1782242133.3025444,,,
5076,0,svm,max,balanced,cached_mxbai,1842,1782242133.489229,,,
8082,0,svm,max,balanced,cached_mxbai,1843,1782242133.6761026,,,
1427,0,svm,max,balanced,cached_mxbai,1844,1782242133.8621125,,,
3233,0,svm,max,balanced,cached_mxbai,1845,1782242134.0480027,,,
5166,0,svm,max,balanced,cached_mxbai,1846,1782242134.2379944,,,
5043,0,svm,max,balanced,cached_mxbai,1847,1782242134.4239967,,,
5667,0,svm,max,balanced,cached_mxbai,1848,1782242134.6117706,,,
3211,0,svm,max,balanced,cached_mxbai,1849,1782242134.7981782,,,
7438,0,svm,max,balanced,cached_mxbai,1850,1782242134.984959,,,
4745,0,svm,max,balanced,cached_mxbai,1851,1782242135.1836405,,,
3552,0,svm,max,balanced,cached_mxbai,1852,1782242135.3947558,,,
7050,0,svm,max,balanced,cached_mxbai,1853,1782242135.5809283,,,
3757,0,svm,max,balanced,cached_mxbai,1854,1782242135.7679853,,,
6185,0,svm,max,balanced,cached_mxbai,1855,1782242135.9562957,,,
5452,0,svm,max,balanced,cached_mxbai,1856,1782242136.144194,,,
10381,0,svm,max,balanced,cached_mxbai,1857,1782242136.3335812,,,
3981,0,svm,max,balanced,cached_mxbai,1858,1782242136.5227122,,,
2040,0,svm,max,balanced,cached_mxbai,1859,1782242136.7097201,,,
5045,0,svm,max,balanced,cached_mxbai,1860,1782242136.8981495,,,
3400,0,svm,max,balanced,cached_mxbai,1861,1782242137.0861113,,,
80,0,svm,max,balanced,cached_mxbai,1862,1782242137.2769916,,,
4851,0,svm,max,balanced,cached_mxbai,1863,1782242137.466689,,,
7950,0,svm,max,balanced,cached_mxbai,1864,1782242137.6558316,,,
4175,0,svm,max,balanced,cached_mxbai,1865,1782242137.8432124,,,
7178,0,svm,max,balanced,cached_mxbai,1866,1782242138.0337298,,,
5007,0,svm,max,balanced,cached_mxbai,1867,1782242138.2235477,,,
6042,0,svm,max,balanced,cached_mxbai,1868,1782242138.4132407,,,
8337,0,svm,max,balanced,cached_mxbai,1869,1782242138.6050198,,,
4343,0,svm,max,balanced,cached_mxbai,1870,1782242138.792047,,,
5234,0,svm,max,balanced,cached_mxbai,1871,1782242138.9838517,,,
7681,0,svm,max,balanced,cached_mxbai,1872,1782242139.1727805,,,
9849,0,svm,max,balanced,cached_mxbai,1873,1782242139.3637264,,,
1809,0,svm,max,balanced,cached_mxbai,1874,1782242139.5539782,,,
5759,0,svm,max,balanced,cached_mxbai,1875,1782242139.7443895,,,
4232,0,svm,max,balanced,cached_mxbai,1876,1782242139.9344475,,,
7203,0,svm,max,balanced,cached_mxbai,1877,1782242140.1261992,,,
8536,0,svm,max,balanced,cached_mxbai,1878,1782242140.317392,,,
4963,0,svm,max,balanced,cached_mxbai,1879,1782242140.508679,,,
9869,0,svm,max,balanced,cached_mxbai,1880,1782242140.6991994,,,
7279,0,svm,max,balanced,cached_mxbai,1881,1782242140.8905478,,,
8111,0,svm,max,balanced,cached_mxbai,1882,1782242141.0812013,,,
4245,0,svm,max,balanced,cached_mxbai,1883,1782242141.2742136,,,
5213,0,svm,max,balanced,cached_mxbai,1884,1782242141.4647014,,,
1086,0,svm,max,balanced,cached_mxbai,1885,1782242141.6557114,,,
3404,0,svm,max,balanced,cached_mxbai,1886,1782242141.8460643,,,
4344,0,svm,max,balanced,cached_mxbai,1887,1782242142.036093,,,
9659,0,svm,max,balanced,cached_mxbai,1888,1782242142.225774,,,
4551,0,svm,max,balanced,cached_mxbai,1889,1782242142.4217396,,,
7155,0,svm,max,balanced,cached_mxbai,1890,1782242142.6122665,,,
1370,0,svm,max,balanced,cached_mxbai,1891,1782242142.815109,,,
427,0,svm,max,balanced,cached_mxbai,1892,1782242143.0223615,,,
3951,0,svm,max,balanced,cached_mxbai,1893,1782242143.2234635,,,
4759,0,svm,max,balanced,cached_mxbai,1894,1782242143.426271,,,
9113,0,svm,max,balanced,cached_mxbai,1895,1782242143.6279352,,,
9321,0,svm,max,balanced,cached_mxbai,1896,1782242143.8300157,,,
5592,0,svm,max,balanced,cached_mxbai,1897,1782242144.0221987,,,
3921,0,svm,max,balanced,cached_mxbai,1898,1782242144.214714,,,
6357,0,svm,max,balanced,cached_mxbai,1899,1782242144.409082,,,
5295,0,svm,max,balanced,cached_mxbai,1900,1782242144.6013637,,,
4211,0,svm,max,balanced,cached_mxbai,1901,1782242144.79868,,,
1896,0,svm,max,balanced,cached_mxbai,1902,1782242144.9910533,,,
10557,0,svm,max,balanced,cached_mxbai,1903,1782242145.18988,,,
8479,0,svm,max,balanced,cached_mxbai,1904,1782242145.4115796,,,
5881,0,svm,max,balanced,cached_mxbai,1905,1782242145.6110382,,,
4132,0,svm,max,balanced,cached_mxbai,1906,1782242145.8111808,,,
5310,0,svm,max,balanced,cached_mxbai,1907,1782242146.0114672,,,
7947,0,svm,max,balanced,cached_mxbai,1908,1782242146.210356,,,
4576,0,svm,max,balanced,cached_mxbai,1909,1782242146.404384,,,
8833,0,svm,max,balanced,cached_mxbai,1910,1782242146.5991316,,,
1255,0,svm,max,balanced,cached_mxbai,1911,1782242146.7962432,,,
1999,0,svm,max,balanced,cached_mxbai,1912,1782242146.9956927,,,
7733,0,svm,max,balanced,cached_mxbai,1913,1782242147.1892903,,,
9369,0,svm,max,balanced,cached_mxbai,1914,1782242147.3848908,,,
4987,0,svm,max,balanced,cached_mxbai,1915,1782242147.5829194,,,
3549,0,svm,max,balanced,cached_mxbai,1916,1782242147.7782235,,,
3248,0,svm,max,balanced,cached_mxbai,1917,1782242147.9725459,,,
4477,0,svm,max,balanced,cached_mxbai,1918,1782242148.1684263,,,
5119,0,svm,max,balanced,cached_mxbai,1919,1782242148.36322,,,
3867,0,svm,max,balanced,cached_mxbai,1920,1782242148.5593998,,,
3811,0,svm,max,balanced,cached_mxbai,1921,1782242148.7683167,,,
4741,0,svm,max,balanced,cached_mxbai,1922,1782242148.9658825,,,
981,0,svm,max,balanced,cached_mxbai,1923,1782242149.1608815,,,
4550,0,svm,max,balanced,cached_mxbai,1924,1782242149.3572948,,,
5136,0,svm,max,balanced,cached_mxbai,1925,1782242149.5529063,,,
10006,0,svm,max,balanced,cached_mxbai,1926,1782242149.74926,,,
6816,0,svm,max,balanced,cached_mxbai,1927,1782242149.9459715,,,
8680,0,svm,max,balanced,cached_mxbai,1928,1782242150.1404297,,,
3657,0,svm,max,balanced,cached_mxbai,1929,1782242150.3383176,,,
4437,0,svm,max,balanced,cached_mxbai,1930,1782242150.5358808,,,
3724,0,svm,max,balanced,cached_mxbai,1931,1782242150.7336934,,,
2473,0,svm,max,balanced,cached_mxbai,1932,1782242150.9304352,,,
1143,0,svm,max,balanced,cached_mxbai,1933,1782242151.1291246,,,
1060,0,svm,max,balanced,cached_mxbai,1934,1782242151.3260643,,,
7257,0,svm,max,balanced,cached_mxbai,1935,1782242151.5244496,,,
10252,0,svm,max,balanced,cached_mxbai,1936,1782242151.7257745,,,
3554,0,svm,max,balanced,cached_mxbai,1937,1782242151.9220154,,,
8657,0,svm,max,balanced,cached_mxbai,1938,1782242152.120101,,,
4566,0,svm,max,balanced,cached_mxbai,1939,1782242152.3166928,,,
3412,0,svm,max,balanced,cached_mxbai,1940,1782242152.513515,,,
8105,0,svm,max,balanced,cached_mxbai,1941,1782242152.709335,,,
1040,0,svm,max,balanced,cached_mxbai,1942,1782242152.9084365,,,
787,0,svm,max,balanced,cached_mxbai,1943,1782242153.1074603,,,
4150,0,svm,max,balanced,cached_mxbai,1944,1782242153.305955,,,
5971,0,svm,max,balanced,cached_mxbai,1945,1782242153.5051997,,,
7697,0,svm,max,balanced,cached_mxbai,1946,1782242153.7031808,,,
2436,0,svm,max,balanced,cached_mxbai,1947,1782242153.900516,,,
4394,0,svm,max,balanced,cached_mxbai,1948,1782242154.0973306,,,
4329,0,svm,max,balanced,cached_mxbai,1949,1782242154.2924402,,,
7276,0,svm,max,balanced,cached_mxbai,1950,1782242154.4892206,,,
4855,0,svm,max,balanced,cached_mxbai,1951,1782242154.6841123,,,
9197,0,svm,max,balanced,cached_mxbai,1952,1782242154.8812807,,,
10422,0,svm,max,balanced,cached_mxbai,1953,1782242155.0881724,,,
5862,0,svm,max,balanced,cached_mxbai,1954,1782242155.3044245,,,
5027,0,svm,max,balanced,cached_mxbai,1955,1782242155.5065987,,,
3729,0,svm,max,balanced,cached_mxbai,1956,1782242155.709736,,,
5228,0,svm,max,balanced,cached_mxbai,1957,1782242155.9143145,,,
9520,0,svm,max,balanced,cached_mxbai,1958,1782242156.117996,,,
8370,0,svm,max,balanced,cached_mxbai,1959,1782242156.3214278,,,
6431,0,svm,max,balanced,cached_mxbai,1960,1782242156.5301793,,,
3274,0,svm,max,balanced,cached_mxbai,1961,1782242156.7345483,,,
7091,0,svm,max,balanced,cached_mxbai,1962,1782242156.9400249,,,
1704,0,svm,max,balanced,cached_mxbai,1963,1782242157.1637864,,,
5155,0,svm,max,balanced,cached_mxbai,1964,1782242157.371981,,,
8283,0,svm,max,balanced,cached_mxbai,1965,1782242157.580779,,,
6822,0,svm,max,balanced,cached_mxbai,1966,1782242157.7844293,,,
2137,0,svm,max,balanced,cached_mxbai,1967,1782242157.989156,,,
3709,0,svm,max,balanced,cached_mxbai,1968,1782242158.1961374,,,
4294,0,svm,max,balanced,cached_mxbai,1969,1782242158.402101,,,
5696,0,svm,max,balanced,cached_mxbai,1970,1782242158.6066248,,,
3134,0,svm,max,balanced,cached_mxbai,1971,1782242158.82536,,,
2544,0,svm,max,balanced,cached_mxbai,1972,1782242159.0352569,,,
10410,0,svm,max,balanced,cached_mxbai,1973,1782242159.241215,,,
4581,0,svm,max,balanced,cached_mxbai,1974,1782242159.4462967,,,
38,0,svm,max,balanced,cached_mxbai,1975,1782242159.6490269,,,
7058,0,svm,max,balanced,cached_mxbai,1976,1782242159.8542073,,,
10108,0,svm,max,balanced,cached_mxbai,1977,1782242160.0534387,,,
8610,0,svm,max,balanced,cached_mxbai,1978,1782242160.2566335,,,
124,0,svm,max,balanced,cached_mxbai,1979,1782242160.4636219,,,
4823,0,svm,max,balanced,cached_mxbai,1980,1782242160.6680553,,,
826,0,svm,max,balanced,cached_mxbai,1981,1782242160.8723586,,,
406,0,svm,max,balanced,cached_mxbai,1982,1782242161.0793648,,,
4731,0,svm,max,balanced,cached_mxbai,1983,1782242161.2864547,,,
3865,0,svm,max,balanced,cached_mxbai,1984,1782242161.492385,,,
1011,0,svm,max,balanced,cached_mxbai,1985,1782242161.6974015,,,
5084,0,svm,max,balanced,cached_mxbai,1986,1782242161.903698,,,
5231,0,svm,max,balanced,cached_mxbai,1987,1782242162.1109526,,,
9603,0,svm,max,balanced,cached_mxbai,1988,1782242162.3182847,,,
3816,0,svm,max,balanced,cached_mxbai,1989,1782242162.5249534,,,
8031,0,svm,max,balanced,cached_mxbai,1990,1782242162.7348962,,,
8218,0,svm,max,balanced,cached_mxbai,1991,1782242162.9450412,,,
4843,0,svm,max,balanced,cached_mxbai,1992,1782242163.153785,,,
2670,0,svm,max,balanced,cached_mxbai,1993,1782242163.3619123,,,
8194,0,svm,max,balanced,cached_mxbai,1994,1782242163.5685465,,,
3231,0,svm,max,balanced,cached_mxbai,1995,1782242163.7760067,,,
4660,0,svm,max,balanced,cached_mxbai,1996,1782242163.9842708,,,
7827,0,svm,max,balanced,cached_mxbai,1997,1782242164.1921182,,,
6616,0,svm,max,balanced,cached_mxbai,1998,1782242164.3943045,,,
3062,0,svm,max,balanced,cached_mxbai,1999,1782242164.617381,,,
4366,0,svm,max,balanced,cached_mxbai,2000,1782242164.8222034,,,
3152,0,svm,max,balanced,cached_mxbai,2001,1782242165.0361698,,,
4585,0,svm,max,balanced,cached_mxbai,2002,1782242165.2775786,,,
8996,0,svm,max,balanced,cached_mxbai,2003,1782242165.4880562,,,
7507,0,svm,max,balanced,cached_mxbai,2004,1782242165.6965034,,,
5068,0,svm,max,balanced,cached_mxbai,2005,1782242165.9057918,,,
922,0,svm,max,balanced,cached_mxbai,2006,1782242166.1139894,,,
95,0,svm,max,balanced,cached_mxbai,2007,1782242166.3237436,,,
7233,0,svm,max,balanced,cached_mxbai,2008,1782242166.5334058,,,
4810,0,svm,max,balanced,cached_mxbai,2009,1782242166.7429078,,,
7324,0,svm,max,balanced,cached_mxbai,2010,1782242166.953483,,,
3054,0,svm,max,balanced,cached_mxbai,2011,1782242167.1621678,,,
1761,0,svm,max,balanced,cached_mxbai,2012,1782242167.3733082,,,
5104,0,svm,max,balanced,cached_mxbai,2013,1782242167.5833654,,,
10036,0,svm,max,balanced,cached_mxbai,2014,1782242167.7922626,,,
3495,0,svm,max,balanced,cached_mxbai,2015,1782242168.0041597,,,
3264,0,svm,max,balanced,cached_mxbai,2016,1782242168.2137594,,,
5087,0,svm,max,balanced,cached_mxbai,2017,1782242168.4206579,,,
1566,0,svm,max,balanced,cached_mxbai,2018,1782242168.6307783,,,
1641,0,svm,max,balanced,cached_mxbai,2019,1782242168.841495,,,
7873,0,svm,max,balanced,cached_mxbai,2020,1782242169.0507798,,,
5140,0,svm,max,balanced,cached_mxbai,2021,1782242169.2616653,,,
9303,0,svm,max,balanced,cached_mxbai,2022,1782242169.4722576,,,
3213,0,svm,max,balanced,cached_mxbai,2023,1782242169.6838973,,,
2373,0,svm,max,balanced,cached_mxbai,2024,1782242169.8929775,,,
4857,0,svm,max,balanced,cached_mxbai,2025,1782242170.0975854,,,
3949,0,svm,max,balanced,cached_mxbai,2026,1782242170.3043187,,,
8462,0,svm,max,balanced,cached_mxbai,2027,1782242170.5148416,,,
5079,0,svm,max,balanced,cached_mxbai,2028,1782242170.7250957,,,
2948,0,svm,max,balanced,cached_mxbai,2029,1782242170.9342916,,,
7609,0,svm,max,balanced,cached_mxbai,2030,1782242171.1441708,,,
9386,0,svm,max,balanced,cached_mxbai,2031,1782242171.3549278,,,
10349,1,svm,max,balanced,cached_mxbai,2032,1782242171.5670877,,,
3622,0,svm,max,balanced,cached_mxbai,2033,1782242171.7786598,,,
5685,0,svm,max,balanced,cached_mxbai,2034,1782242171.9904249,,,
3998,0,svm,max,balanced,cached_mxbai,2035,1782242172.2011175,,,
5851,0,svm,max,balanced,cached_mxbai,2036,1782242172.4107935,,,
5444,0,svm,max,balanced,cached_mxbai,2037,1782242172.6206753,,,
3715,0,svm,max,balanced,cached_mxbai,2038,1782242172.833529,,,
6359,0,svm,max,balanced,cached_mxbai,2039,1782242173.0519412,,,
169,0,svm,max,balanced,cached_mxbai,2040,1782242173.263412,,,
3717,0,svm,max,balanced,cached_mxbai,2041,1782242173.474521,,,
9789,0,svm,max,balanced,cached_mxbai,2042,1782242173.686506,,,
8024,0,svm,max,balanced,cached_mxbai,2043,1782242173.8962505,,,
6765,0,svm,max,balanced,cached_mxbai,2044,1782242174.1068332,,,
9144,0,svm,max,balanced,cached_mxbai,2045,1782242174.3186705,,,
9741,0,svm,max,balanced,cached_mxbai,2046,1782242174.5542228,,,
4614,0,svm,max,balanced,cached_mxbai,2047,1782242174.7918236,,,
6063,0,svm,max,balanced,cached_mxbai,2048,1782242175.0391939,,,
3764,0,svm,max,balanced,cached_mxbai,2049,1782242175.293444,,,
5005,0,svm,max,balanced,cached_mxbai,2050,1782242175.5368993,,,
5042,0,svm,max,balanced,cached_mxbai,2051,1782242175.77624,,,
3156,0,svm,max,balanced,cached_mxbai,2052,1782242176.015005,,,
254,0,svm,max,balanced,cached_mxbai,2053,1782242176.253312,,,
4286,0,svm,max,balanced,cached_mxbai,2054,1782242176.4911282,,,
5121,0,svm,max,balanced,cached_mxbai,2055,1782242176.7311397,,,
4671,0,svm,max,balanced,cached_mxbai,2056,1782242176.9710119,,,
7716,0,svm,max,balanced,cached_mxbai,2057,1782242177.2100985,,,
3665,0,svm,max,balanced,cached_mxbai,2058,1782242177.4506028,,,
4689,0,svm,max,balanced,cached_mxbai,2059,1782242177.6927965,,,
170,0,svm,max,balanced,cached_mxbai,2060,1782242177.9329643,,,
1914,0,svm,max,balanced,cached_mxbai,2061,1782242178.1737072,,,
4730,0,svm,max,balanced,cached_mxbai,2062,1782242178.4134247,,,
6925,0,svm,max,balanced,cached_mxbai,2063,1782242178.654937,,,
3745,0,svm,max,balanced,cached_mxbai,2064,1782242178.8848128,,,
8088,1,svm,max,balanced,cached_mxbai,2065,1782242179.1128078,,,
6045,0,svm,max,balanced,cached_mxbai,2066,1782242179.3474844,,,
5842,0,svm,max,balanced,cached_mxbai,2067,1782242179.581558,,,
2892,0,svm,max,balanced,cached_mxbai,2068,1782242179.816591,,,
7683,0,svm,max,balanced,cached_mxbai,2069,1782242180.0492926,,,
1439,0,svm,max,balanced,cached_mxbai,2070,1782242180.2834268,,,
9457,0,svm,max,balanced,cached_mxbai,2071,1782242180.5167234,,,
1022,0,svm,max,balanced,cached_mxbai,2072,1782242180.7505379,,,
1546,0,svm,max,balanced,cached_mxbai,2073,1782242180.991573,,,
6353,0,svm,max,balanced,cached_mxbai,2074,1782242181.2269056,,,
4123,0,svm,max,balanced,cached_mxbai,2075,1782242181.4650536,,,
177,0,svm,max,balanced,cached_mxbai,2076,1782242181.6988518,,,
4269,0,svm,max,balanced,cached_mxbai,2077,1782242181.9324677,,,
6284,0,svm,max,balanced,cached_mxbai,2078,1782242182.1662395,,,
4806,0,svm,max,balanced,cached_mxbai,2079,1782242182.4022012,,,
9572,0,svm,max,balanced,cached_mxbai,2080,1782242182.6390333,,,
8717,0,svm,max,balanced,cached_mxbai,2081,1782242182.8744135,,,
5793,0,svm,max,balanced,cached_mxbai,2082,1782242183.113528,,,
8770,0,svm,max,balanced,cached_mxbai,2083,1782242183.3497097,,,
3606,0,svm,max,balanced,cached_mxbai,2084,1782242183.593579,,,
3467,0,svm,max,balanced,cached_mxbai,2085,1782242183.8347704,,,
6989,0,svm,max,balanced,cached_mxbai,2086,1782242184.0788472,,,
5734,0,svm,max,balanced,cached_mxbai,2087,1782242184.3195229,,,
1594,0,svm,max,balanced,cached_mxbai,2088,1782242184.562402,,,
4596,0,svm,max,balanced,cached_mxbai,2089,1782242184.8042853,,,
6240,0,svm,max,balanced,cached_mxbai,2090,1782242185.055621,,,
5549,0,svm,max,balanced,cached_mxbai,2091,1782242185.315656,,,
1253,0,svm,max,balanced,cached_mxbai,2092,1782242185.5548933,,,
3496,0,svm,max,balanced,cached_mxbai,2093,1782242185.7969642,,,
2121,0,svm,max,balanced,cached_mxbai,2094,1782242186.0364006,,,
2690,0,svm,max,balanced,cached_mxbai,2095,1782242186.2766724,,,
6230,0,svm,max,balanced,cached_mxbai,2096,1782242186.516165,,,
951,0,svm,max,balanced,cached_mxbai,2097,1782242186.7602975,,,
10120,0,svm,max,balanced,cached_mxbai,2098,1782242187.0032003,,,
10386,0,svm,max,balanced,cached_mxbai,2099,1782242187.2450442,,,
6988,0,svm,max,balanced,cached_mxbai,2100,1782242187.4871688,,,
5723,0,svm,max,balanced,cached_mxbai,2101,1782242187.7288792,,,
4852,0,svm,max,balanced,cached_mxbai,2102,1782242187.9722645,,,
5799,0,svm,max,balanced,cached_mxbai,2103,1782242188.215237,,,
2184,0,svm,max,balanced,cached_mxbai,2104,1782242188.4562516,,,
9206,0,svm,max,balanced,cached_mxbai,2105,1782242188.6962252,,,
3855,0,svm,max,balanced,cached_mxbai,2106,1782242188.9377172,,,
5255,0,svm,max,balanced,cached_mxbai,2107,1782242189.1780565,,,
4324,0,svm,max,balanced,cached_mxbai,2108,1782242189.4189014,,,
3210,0,svm,max,balanced,cached_mxbai,2109,1782242189.6586967,,,
9877,0,svm,max,balanced,cached_mxbai,2110,1782242189.9007194,,,
4903,0,svm,max,balanced,cached_mxbai,2111,1782242190.15236,,,
4287,0,svm,max,balanced,cached_mxbai,2112,1782242190.397867,,,
8504,0,svm,max,balanced,cached_mxbai,2113,1782242190.6419945,,,
1006,0,svm,max,balanced,cached_mxbai,2114,1782242190.8874931,,,
10210,0,svm,max,balanced,cached_mxbai,2115,1782242191.1354237,,,
7312,0,svm,max,balanced,cached_mxbai,2116,1782242191.3856945,,,
7374,0,svm,max,balanced,cached_mxbai,2117,1782242191.6348138,,,
6390,0,svm,max,balanced,cached_mxbai,2118,1782242191.888953,,,
8554,0,svm,max,balanced,cached_mxbai,2119,1782242192.1395288,,,
4407,0,svm,max,balanced,cached_mxbai,2120,1782242192.391306,,,
66,0,svm,max,balanced,cached_mxbai,2121,1782242192.6407259,,,
7061,0,svm,max,balanced,cached_mxbai,2122,1782242192.8976486,,,
3285,0,svm,max,balanced,cached_mxbai,2123,1782242193.1537728,,,
8583,0,svm,max,balanced,cached_mxbai,2124,1782242193.4047906,,,
7304,0,svm,max,balanced,cached_mxbai,2125,1782242193.6548586,,,
6486,0,svm,max,balanced,cached_mxbai,2126,1782242193.9073763,,,
6976,0,svm,max,balanced,cached_mxbai,2127,1782242194.1575804,,,
653,0,svm,max,balanced,cached_mxbai,2128,1782242194.410844,,,
5462,0,svm,max,balanced,cached_mxbai,2129,1782242194.6599205,,,
7164,0,svm,max,balanced,cached_mxbai,2130,1782242194.9151204,,,
3710,0,svm,max,balanced,cached_mxbai,2131,1782242195.1749969,,,
4972,0,svm,max,balanced,cached_mxbai,2132,1782242195.4736197,,,
9547,0,svm,max,balanced,cached_mxbai,2133,1782242195.7461045,,,
3245,0,svm,max,balanced,cached_mxbai,2134,1782242195.9926946,,,
3367,0,svm,max,balanced,cached_mxbai,2135,1782242196.2593136,,,
4795,0,svm,max,balanced,cached_mxbai,2136,1782242196.5019505,,,
8920,0,svm,max,balanced,cached_mxbai,2137,1782242196.7675931,,,
6579,0,svm,max,balanced,cached_mxbai,2138,1782242197.0135543,,,
9899,0,svm,max,balanced,cached_mxbai,2139,1782242197.2573242,,,
10446,0,svm,max,balanced,cached_mxbai,2140,1782242197.501772,,,
121,0,svm,max,balanced,cached_mxbai,2141,1782242197.7440565,,,
9611,0,svm,max,balanced,cached_mxbai,2142,1782242197.9913816,,,
3993,0,svm,max,balanced,cached_mxbai,2143,1782242198.239331,,,
2461,0,svm,max,balanced,cached_mxbai,2144,1782242198.514651,,,
3514,0,svm,max,balanced,cached_mxbai,2145,1782242198.7848768,,,
5139,0,svm,max,balanced,cached_mxbai,2146,1782242199.0593026,,,
4877,0,svm,max,balanced,cached_mxbai,2147,1782242199.3309975,,,
9195,0,svm,max,balanced,cached_mxbai,2148,1782242199.6026149,,,
9733,0,svm,max,balanced,cached_mxbai,2149,1782242199.8471985,,,
3406,0,svm,max,balanced,cached_mxbai,2150,1782242200.0943081,,,
3683,0,svm,max,balanced,cached_mxbai,2151,1782242200.3443034,,,
8322,0,svm,max,balanced,cached_mxbai,2152,1782242200.5940204,,,
5048,0,svm,max,balanced,cached_mxbai,2153,1782242200.8677511,,,
10402,0,svm,max,balanced,cached_mxbai,2154,1782242201.1185892,,,
4621,0,svm,max,balanced,cached_mxbai,2155,1782242201.3664656,,,
5190,0,svm,max,balanced,cached_mxbai,2156,1782242201.6135435,,,
5114,0,svm,max,balanced,cached_mxbai,2157,1782242201.8628716,,,
4755,0,svm,max,balanced,cached_mxbai,2158,1782242202.1133044,,,
10309,0,svm,max,balanced,cached_mxbai,2159,1782242202.361527,,,
7446,0,svm,max,balanced,cached_mxbai,2160,1782242202.609043,,,
417,0,svm,max,balanced,cached_mxbai,2161,1782242202.8582451,,,
3570,0,svm,max,balanced,cached_mxbai,2162,1782242203.1126995,,,
6899,0,svm,max,balanced,cached_mxbai,2163,1782242203.3620374,,,
1465,0,svm,max,balanced,cached_mxbai,2164,1782242203.6123319,,,
4444,0,svm,max,balanced,cached_mxbai,2165,1782242203.8618953,,,
365,0,svm,max,balanced,cached_mxbai,2166,1782242204.1104763,,,
52,0,svm,max,balanced,cached_mxbai,2167,1782242204.3578577,,,
1714,0,svm,max,balanced,cached_mxbai,2168,1782242204.6098897,,,
6462,0,svm,max,balanced,cached_mxbai,2169,1782242204.8677025,,,
8335,0,svm,max,balanced,cached_mxbai,2170,1782242205.1266313,,,
4694,0,svm,max,balanced,cached_mxbai,2171,1782242205.3950706,,,
10403,0,svm,max,balanced,cached_mxbai,2172,1782242205.6461313,,,
1108,0,svm,max,balanced,cached_mxbai,2173,1782242205.8968134,,,
9735,0,svm,max,balanced,cached_mxbai,2174,1782242206.1470482,,,
3403,0,svm,max,balanced,cached_mxbai,2175,1782242206.3966603,,,
9089,0,svm,max,balanced,cached_mxbai,2176,1782242206.6438677,,,
8033,0,svm,max,balanced,cached_mxbai,2177,1782242206.897951,,,
4251,0,svm,max,balanced,cached_mxbai,2178,1782242207.1474926,,,
3220,0,svm,max,balanced,cached_mxbai,2179,1782242207.4267182,,,
7951,0,svm,max,balanced,cached_mxbai,2180,1782242207.7042556,,,
3881,0,svm,max,balanced,cached_mxbai,2181,1782242207.9858165,,,
8210,0,svm,max,balanced,cached_mxbai,2182,1782242208.267666,,,
4525,0,svm,max,balanced,cached_mxbai,2183,1782242208.5477345,,,
3560,0,svm,max,balanced,cached_mxbai,2184,1782242208.8281274,,,
8615,0,svm,max,balanced,cached_mxbai,2185,1782242209.1129847,,,
3704,0,svm,max,balanced,cached_mxbai,2186,1782242209.3978798,,,
4935,0,svm,max,balanced,cached_mxbai,2187,1782242209.677519,,,
6654,0,svm,max,balanced,cached_mxbai,2188,1782242209.9597611,,,
7207,0,svm,max,balanced,cached_mxbai,2189,1782242210.2414415,,,
8388,0,svm,max,balanced,cached_mxbai,2190,1782242210.5243795,,,
9788,0,svm,max,balanced,cached_mxbai,2191,1782242210.8046663,,,
5044,0,svm,max,balanced,cached_mxbai,2192,1782242211.0908763,,,
424,0,svm,max,balanced,cached_mxbai,2193,1782242211.3722408,,,
1739,0,svm,max,balanced,cached_mxbai,2194,1782242211.6564195,,,
6509,0,svm,max,balanced,cached_mxbai,2195,1782242211.9405348,,,
3700,0,svm,max,balanced,cached_mxbai,2196,1782242212.227111,,,
9856,0,svm,max,balanced,cached_mxbai,2197,1782242212.511725,,,
9559,0,svm,max,balanced,cached_mxbai,2198,1782242212.7944112,,,
5135,0,svm,max,balanced,cached_mxbai,2199,1782242213.0873773,,,
9822,0,svm,max,balanced,cached_mxbai,2200,1782242213.374309,,,
5003,0,svm,max,balanced,cached_mxbai,2201,1782242213.6582994,,,
5129,0,svm,max,balanced,cached_mxbai,2202,1782242213.9414456,,,
3664,0,svm,max,balanced,cached_mxbai,2203,1782242214.22604,,,
5712,0,svm,max,balanced,cached_mxbai,2204,1782242214.5123723,,,
6546,0,svm,max,balanced,cached_mxbai,2205,1782242214.79617,,,
4925,0,svm,max,balanced,cached_mxbai,2206,1782242215.0881581,,,
3208,0,svm,max,balanced,cached_mxbai,2207,1782242215.3939414,,,
672,0,svm,max,balanced,cached_mxbai,2208,1782242215.6781251,,,
4276,0,svm,max,balanced,cached_mxbai,2209,1782242215.965216,,,
5178,0,svm,max,balanced,cached_mxbai,2210,1782242216.251772,,,
4861,0,svm,max,balanced,cached_mxbai,2211,1782242216.5375097,,,
7130,0,svm,max,balanced,cached_mxbai,2212,1782242216.822804,,,
242,0,svm,max,balanced,cached_mxbai,2213,1782242217.1178503,,,
7578,0,svm,max,balanced,cached_mxbai,2214,1782242217.405139,,,
5126,0,svm,max,balanced,cached_mxbai,2215,1782242217.6918237,,,
4768,0,svm,max,balanced,cached_mxbai,2216,1782242217.9798176,,,
3703,0,svm,max,balanced,cached_mxbai,2217,1782242218.2657697,,,
8619,0,svm,max,balanced,cached_mxbai,2218,1782242218.5525014,,,
10119,0,svm,max,balanced,cached_mxbai,2219,1782242218.806174,,,
1073,0,svm,max,balanced,cached_mxbai,2220,1782242219.1273367,,,
5747,0,svm,max,balanced,cached_mxbai,2221,1782242219.409467,,,
8761,0,svm,max,balanced,cached_mxbai,2222,1782242219.6884422,,,
919,0,svm,max,balanced,cached_mxbai,2223,1782242219.98968,,,
4184,0,svm,max,balanced,cached_mxbai,2224,1782242220.2792115,,,
3856,0,svm,max,balanced,cached_mxbai,2225,1782242220.5662303,,,
3637,0,svm,max,balanced,cached_mxbai,2226,1782242220.8519714,,,
4880,0,svm,max,balanced,cached_mxbai,2227,1782242221.1432576,,,
7773,0,svm,max,balanced,cached_mxbai,2228,1782242221.43378,,,
7931,0,svm,max,balanced,cached_mxbai,2229,1782242221.7252688,,,
4909,0,svm,max,balanced,cached_mxbai,2230,1782242222.021229,,,
9473,0,svm,max,balanced,cached_mxbai,2231,1782242222.3111212,,,
1093,0,svm,max,balanced,cached_mxbai,2232,1782242222.5998855,,,
5164,0,svm,max,balanced,cached_mxbai,2233,1782242222.9166398,,,
665,0,svm,max,balanced,cached_mxbai,2234,1782242223.2268157,,,
10066,0,svm,max,balanced,cached_mxbai,2235,1782242223.5251858,,,
4332,0,svm,max,balanced,cached_mxbai,2236,1782242223.8171997,,,
1351,0,svm,max,balanced,cached_mxbai,2237,1782242224.1084173,,,
9277,0,svm,max,balanced,cached_mxbai,2238,1782242224.3969996,,,
334,0,svm,max,balanced,cached_mxbai,2239,1782242224.6844504,,,
5466,0,svm,max,balanced,cached_mxbai,2240,1782242224.9724338,,,
7041,0,svm,max,balanced,cached_mxbai,2241,1782242225.27062,,,
4844,0,svm,max,balanced,cached_mxbai,2242,1782242225.5672882,,,
4183,0,svm,max,balanced,cached_mxbai,2243,1782242225.8560753,,,
10546,0,svm,max,balanced,cached_mxbai,2244,1782242226.1457372,,,
4866,0,svm,max,balanced,cached_mxbai,2245,1782242226.4135091,,,
4129,0,svm,max,balanced,cached_mxbai,2246,1782242226.6773696,,,
5203,0,svm,max,balanced,cached_mxbai,2247,1782242226.944664,,,
8436,0,svm,max,balanced,cached_mxbai,2248,1782242227.2157834,,,
4610,0,svm,max,balanced,cached_mxbai,2249,1782242227.482045,,,
2319,0,svm,max,balanced,cached_mxbai,2250,1782242227.7476323,,,
244,0,svm,max,balanced,cached_mxbai,2251,1782242228.0139272,,,
8816,0,svm,max,balanced,cached_mxbai,2252,1782242228.2846882,,,
1934,0,svm,max,balanced,cached_mxbai,2253,1782242228.5514953,,,
2346,0,svm,max,balanced,cached_mxbai,2254,1782242228.817421,,,
4335,0,svm,max,balanced,cached_mxbai,2255,1782242229.1105309,,,
3602,0,svm,max,balanced,cached_mxbai,2256,1782242229.3997204,,,
734,0,svm,max,balanced,cached_mxbai,2257,1782242229.6963165,,,
8073,0,svm,max,balanced,cached_mxbai,2258,1782242229.9628637,,,
3794,0,svm,max,balanced,cached_mxbai,2259,1782242230.2303457,,,
1486,0,svm,max,balanced,cached_mxbai,2260,1782242230.4962401,,,
7186,0,svm,max,balanced,cached_mxbai,2261,1782242230.7618456,,,
4206,0,svm,max,balanced,cached_mxbai,2262,1782242231.0281508,,,
4876,0,svm,max,balanced,cached_mxbai,2263,1782242231.2950256,,,
3456,0,svm,max,balanced,cached_mxbai,2264,1782242231.5613365,,,
4022,0,svm,max,balanced,cached_mxbai,2265,1782242231.8284085,,,
5354,0,svm,max,balanced,cached_mxbai,2266,1782242232.0956302,,,
9011,0,svm,max,balanced,cached_mxbai,2267,1782242232.389588,,,
109,0,svm,max,balanced,cached_mxbai,2268,1782242232.6839452,,,
4949,0,svm,max,balanced,cached_mxbai,2269,1782242232.9920266,,,
4462,0,svm,max,balanced,cached_mxbai,2270,1782242233.2674577,,,
4200,0,svm,max,balanced,cached_mxbai,2271,1782242233.5645504,,,
1058,0,svm,max,balanced,cached_mxbai,2272,1782242233.8568697,,,
669,0,svm,max,balanced,cached_mxbai,2273,1782242234.1240036,,,
7077,0,svm,max,balanced,cached_mxbai,2274,1782242234.3950343,,,
5015,0,svm,max,balanced,cached_mxbai,2275,1782242234.6638062,,,
8832,1,svm,max,balanced,cached_mxbai,2276,1782242234.93731,,,
7776,0,svm,max,balanced,cached_mxbai,2277,1782242235.2169397,,,
7258,0,svm,max,balanced,cached_mxbai,2278,1782242235.5007362,,,
288,0,svm,max,balanced,cached_mxbai,2279,1782242235.7650247,,,
4212,0,svm,max,balanced,cached_mxbai,2280,1782242236.0316167,,,
9292,0,svm,max,balanced,cached_mxbai,2281,1782242236.2956932,,,
3108,0,svm,max,balanced,cached_mxbai,2282,1782242236.5582163,,,
267,0,svm,max,balanced,cached_mxbai,2283,1782242236.8211868,,,
8190,0,svm,max,balanced,cached_mxbai,2284,1782242237.091284,,,
222,0,svm,max,balanced,cached_mxbai,2285,1782242237.3616316,,,
7101,0,svm,max,balanced,cached_mxbai,2286,1782242237.6325698,,,
5097,0,svm,max,balanced,cached_mxbai,2287,1782242237.9121473,,,
747,0,svm,max,balanced,cached_mxbai,2288,1782242238.1826735,,,
10432,0,svm,max,balanced,cached_mxbai,2289,1782242238.4515426,,,
6276,0,svm,max,balanced,cached_mxbai,2290,1782242238.718911,,,
10281,0,svm,max,balanced,cached_mxbai,2291,1782242238.9906816,,,
3842,0,svm,max,balanced,cached_mxbai,2292,1782242239.261105,,,
4979,0,svm,max,balanced,cached_mxbai,2293,1782242239.529132,,,
6170,0,svm,max,balanced,cached_mxbai,2294,1782242239.8144286,,,
5033,0,svm,max,balanced,cached_mxbai,2295,1782242240.085148,,,
3673,0,svm,max,balanced,cached_mxbai,2296,1782242240.353715,,,
8265,0,svm,max,balanced,cached_mxbai,2297,1782242240.6216395,,,
4604,0,svm,max,balanced,cached_mxbai,2298,1782242240.889081,,,
3430,0,svm,max,balanced,cached_mxbai,2299,1782242241.1595728,,,
6425,0,svm,max,balanced,cached_mxbai,2300,1782242241.4303312,,,
3887,0,svm,max,balanced,cached_mxbai,2301,1782242241.6990507,,,
7805,0,svm,max,balanced,cached_mxbai,2302,1782242241.967357,,,
7048,0,svm,max,balanced,cached_mxbai,2303,1782242242.241099,,,
3825,0,svm,max,balanced,cached_mxbai,2304,1782242242.5140774,,,
8654,0,svm,max,balanced,cached_mxbai,2305,1782242242.784643,,,
5463,0,svm,max,balanced,cached_mxbai,2306,1782242243.0610244,,,
4775,0,svm,max,balanced,cached_mxbai,2307,1782242243.3364909,,,
3772,0,svm,max,balanced,cached_mxbai,2308,1782242243.6097052,,,
4747,0,svm,max,balanced,cached_mxbai,2309,1782242243.878876,,,
4370,0,svm,max,balanced,cached_mxbai,2310,1782242244.150815,,,
4825,0,svm,max,balanced,cached_mxbai,2311,1782242244.4227803,,,
3528,0,svm,max,balanced,cached_mxbai,2312,1782242244.693834,,,
3734,0,svm,max,balanced,cached_mxbai,2313,1782242244.9650545,,,
7127,0,svm,max,balanced,cached_mxbai,2314,1782242245.2675319,,,
4282,0,svm,max,balanced,cached_mxbai,2315,1782242245.544872,,,
3551,0,svm,max,balanced,cached_mxbai,2316,1782242245.8162925,,,
4931,0,svm,max,balanced,cached_mxbai,2317,1782242246.0869384,,,
1606,0,svm,max,balanced,cached_mxbai,2318,1782242246.3611054,,,
9188,0,svm,max,balanced,cached_mxbai,2319,1782242246.6344826,,,
5935,0,svm,max,balanced,cached_mxbai,2320,1782242246.9089248,,,
6178,0,svm,max,balanced,cached_mxbai,2321,1782242247.1810656,,,
7285,0,svm,max,balanced,cached_mxbai,2322,1782242247.4543083,,,
862,0,svm,max,balanced,cached_mxbai,2323,1782242247.7280939,,,
448,0,svm,max,balanced,cached_mxbai,2324,1782242248.0009592,,,
6531,0,svm,max,balanced,cached_mxbai,2325,1782242248.2738755,,,
3351,0,svm,max,balanced,cached_mxbai,2326,1782242248.551499,,,
3642,0,svm,max,balanced,cached_mxbai,2327,1782242248.8228028,,,
2,0,svm,max,balanced,cached_mxbai,2328,1782242249.0960245,,,
7917,0,svm,max,balanced,cached_mxbai,2329,1782242249.3688664,,,
6759,0,svm,max,balanced,cached_mxbai,2330,1782242249.6433992,,,
752,0,svm,max,balanced,cached_mxbai,2331,1782242249.9264488,,,
3364,0,svm,max,balanced,cached_mxbai,2332,1782242250.2001297,,,
4726,0,svm,max,balanced,cached_mxbai,2333,1782242250.4751089,,,
8831,0,svm,max,balanced,cached_mxbai,2334,1782242250.7497845,,,
2557,0,svm,max,balanced,cached_mxbai,2335,1782242251.0206287,,,
5991,0,svm,max,balanced,cached_mxbai,2336,1782242251.2947793,,,
6706,0,svm,max,balanced,cached_mxbai,2337,1782242251.5701175,,,
7369,0,svm,max,balanced,cached_mxbai,2338,1782242251.8489795,,,
7766,0,svm,max,balanced,cached_mxbai,2339,1782242252.1230214,,,
4327,0,svm,max,balanced,cached_mxbai,2340,1782242252.399535,,,
9505,0,svm,max,balanced,cached_mxbai,2341,1782242252.6736982,,,
3730,0,svm,max,balanced,cached_mxbai,2342,1782242252.9490504,,,
4929,0,svm,max,balanced,cached_mxbai,2343,1782242253.2272837,,,
5163,0,svm,max,balanced,cached_mxbai,2344,1782242253.5083826,,,
1197,0,svm,max,balanced,cached_mxbai,2345,1782242253.7855182,,,
8039,0,svm,max,balanced,cached_mxbai,2346,1782242254.0600843,,,
10360,0,svm,max,balanced,cached_mxbai,2347,1782242254.3358119,,,
3607,0,svm,max,balanced,cached_mxbai,2348,1782242254.610051,,,
191,0,svm,max,balanced,cached_mxbai,2349,1782242254.8827057,,,
10192,0,svm,max,balanced,cached_mxbai,2350,1782242255.1592445,,,
1315,0,svm,max,balanced,cached_mxbai,2351,1782242255.467263,,,
703,0,svm,max,balanced,cached_mxbai,2352,1782242255.7429962,,,
723,0,svm,max,balanced,cached_mxbai,2353,1782242256.0234063,,,
10387,0,svm,max,balanced,cached_mxbai,2354,1782242256.313008,,,
9688,0,svm,max,balanced,cached_mxbai,2355,1782242256.593154,,,
1604,0,svm,max,balanced,cached_mxbai,2356,1782242256.8704562,,,
8144,0,svm,max,balanced,cached_mxbai,2357,1782242257.1499054,,,
8871,0,svm,max,balanced,cached_mxbai,2358,1782242257.4295666,,,
1429,0,svm,max,balanced,cached_mxbai,2359,1782242257.7085893,,,
7338,0,svm,max,balanced,cached_mxbai,2360,1782242257.9890273,,,
4774,0,svm,max,balanced,cached_mxbai,2361,1782242258.2688313,,,
3674,0,svm,max,balanced,cached_mxbai,2362,1782242258.5494783,,,
33,0,svm,max,balanced,cached_mxbai,2363,1782242258.8267028,,,
3776,0,svm,max,balanced,cached_mxbai,2364,1782242259.1090636,,,
7518,0,svm,max,balanced,cached_mxbai,2365,1782242259.3914118,,,
10491,0,svm,max,balanced,cached_mxbai,2366,1782242259.6714947,,,
4584,0,svm,max,balanced,cached_mxbai,2367,1782242259.9488316,,,
4094,0,svm,max,balanced,cached_mxbai,2368,1782242260.2281773,,,
7552,0,svm,max,balanced,cached_mxbai,2369,1782242260.5119689,,,
7349,0,svm,max,balanced,cached_mxbai,2370,1782242260.7939487,,,
6385,0,svm,max,balanced,cached_mxbai,2371,1782242261.0758255,,,
3913,0,svm,max,balanced,cached_mxbai,2372,1782242261.3547738,,,
6835,0,svm,max,balanced,cached_mxbai,2373,1782242261.6366847,,,
2702,0,svm,max,balanced,cached_mxbai,2374,1782242261.9142208,,,
9143,0,svm,max,balanced,cached_mxbai,2375,1782242262.194779,,,
8642,0,svm,max,balanced,cached_mxbai,2376,1782242262.4777584,,,
7230,0,svm,max,balanced,cached_mxbai,2377,1782242262.7579663,,,
3272,0,svm,max,balanced,cached_mxbai,2378,1782242263.0480754,,,
8220,0,svm,max,balanced,cached_mxbai,2379,1782242263.3314798,,,
4007,0,svm,max,balanced,cached_mxbai,2380,1782242263.616122,,,
3163,0,svm,max,balanced,cached_mxbai,2381,1782242263.9009793,,,
4917,0,svm,max,balanced,cached_mxbai,2382,1782242264.1855795,,,
1446,0,svm,max,balanced,cached_mxbai,2383,1782242264.4686224,,,
5170,0,svm,max,balanced,cached_mxbai,2384,1782242264.7556987,,,
6286,0,svm,max,balanced,cached_mxbai,2385,1782242265.0463905,,,
1069,0,svm,max,balanced,cached_mxbai,2386,1782242265.3548498,,,
4769,0,svm,max,balanced,cached_mxbai,2387,1782242265.6450696,,,
9389,0,svm,max,balanced,cached_mxbai,2388,1782242265.9290385,,,
1715,0,svm,max,balanced,cached_mxbai,2389,1782242266.2120655,,,
7107,0,svm,max,balanced,cached_mxbai,2390,1782242266.4977117,,,
8488,0,svm,max,balanced,cached_mxbai,2391,1782242266.7854004,,,
3980,0,svm,max,balanced,cached_mxbai,2392,1782242267.0746298,,,
5459,0,svm,max,balanced,cached_mxbai,2393,1782242267.3601646,,,
8891,0,svm,max,balanced,cached_mxbai,2394,1782242267.6501067,,,
2769,0,svm,max,balanced,cached_mxbai,2395,1782242267.936793,,,
4696,0,svm,max,balanced,cached_mxbai,2396,1782242268.2255285,,,
7715,0,svm,max,balanced,cached_mxbai,2397,1782242268.5141618,,,
10433,0,svm,max,balanced,cached_mxbai,2398,1782242268.797009,,,
4238,0,svm,max,balanced,cached_mxbai,2399,1782242269.0833032,,,
3419,0,svm,max,balanced,cached_mxbai,2400,1782242269.3647292,,,
4796,0,svm,max,balanced,cached_mxbai,2401,1782242269.6514378,,,
9554,0,svm,max,balanced,cached_mxbai,2402,1782242269.9374647,,,
1178,0,svm,max,balanced,cached_mxbai,2403,1782242270.2231202,,,
4,0,svm,max,balanced,cached_mxbai,2404,1782242270.5093343,,,
4814,0,svm,max,balanced,cached_mxbai,2405,1782242270.794967,,,
9950,0,svm,max,balanced,cached_mxbai,2406,1782242271.0840223,,,
3203,0,svm,max,balanced,cached_mxbai,2407,1782242271.3694077,,,
9056,0,svm,max,balanced,cached_mxbai,2408,1782242271.6600804,,,
5539,0,svm,max,balanced,cached_mxbai,2409,1782242271.9436069,,,
5122,0,svm,max,balanced,cached_mxbai,2410,1782242272.2310767,,,
5124,0,svm,max,balanced,cached_mxbai,2411,1782242272.5166767,,,
10190,0,svm,max,balanced,cached_mxbai,2412,1782242272.8027802,,,
7560,0,svm,max,balanced,cached_mxbai,2413,1782242273.0943809,,,
3148,0,svm,max,balanced,cached_mxbai,2414,1782242273.3811555,,,
3,0,svm,max,balanced,cached_mxbai,2415,1782242273.6698499,,,
7667,0,svm,max,balanced,cached_mxbai,2416,1782242273.9551609,,,
4402,0,svm,max,balanced,cached_mxbai,2417,1782242274.2412772,,,
9530,0,svm,max,balanced,cached_mxbai,2418,1782242274.5281534,,,
1400,0,svm,max,balanced,cached_mxbai,2419,1782242274.8149004,,,
6445,0,svm,max,balanced,cached_mxbai,2420,1782242275.1075497,,,
5041,0,svm,max,balanced,cached_mxbai,2421,1782242275.4250524,,,
10536,0,svm,max,balanced,cached_mxbai,2422,1782242275.7186105,,,
10070,0,svm,max,balanced,cached_mxbai,2423,1782242276.005913,,,
9472,0,svm,max,balanced,cached_mxbai,2424,1782242276.2956367,,,
3733,0,svm,max,balanced,cached_mxbai,2425,1782242276.5832815,,,
1808,0,svm,max,balanced,cached_mxbai,2426,1782242276.8727198,,,
1866,0,svm,max,balanced,cached_mxbai,2427,1782242277.1702569,,,
3584,0,svm,max,balanced,cached_mxbai,2428,1782242277.4578667,,,
464,0,svm,max,balanced,cached_mxbai,2429,1782242277.7494047,,,
1306,0,svm,max,balanced,cached_mxbai,2430,1782242278.0367987,,,
10587,0,svm,max,balanced,cached_mxbai,2431,1782242278.3267143,,,
4888,0,svm,max,balanced,cached_mxbai,2432,1782242278.6163356,,,
4028,0,svm,max,balanced,cached_mxbai,2433,1782242278.9053023,,,
1635,0,svm,max,balanced,cached_mxbai,2434,1782242279.1998868,,,
7271,0,svm,max,balanced,cached_mxbai,2435,1782242279.4883313,,,
9046,0,svm,max,balanced,cached_mxbai,2436,1782242279.7828512,,,
4859,0,svm,max,balanced,cached_mxbai,2437,1782242280.0704374,,,
10080,0,svm,max,balanced,cached_mxbai,2438,1782242280.3588326,,,
10130,0,svm,max,balanced,cached_mxbai,2439,1782242280.6493976,,,
1500,0,svm,max,balanced,cached_mxbai,2440,1782242280.939797,,,
5037,0,svm,max,balanced,cached_mxbai,2441,1782242281.2318847,,,
809,0,svm,max,balanced,cached_mxbai,2442,1782242281.522978,,,
3698,0,svm,max,balanced,cached_mxbai,2443,1782242281.8190885,,,
3753,0,svm,max,balanced,cached_mxbai,2444,1782242282.1122017,,,
4913,0,svm,max,balanced,cached_mxbai,2445,1782242282.4035418,,,
289,0,svm,max,balanced,cached_mxbai,2446,1782242282.693988,,,
4916,0,svm,max,balanced,cached_mxbai,2447,1782242282.990531,,,
3585,0,svm,max,balanced,cached_mxbai,2448,1782242283.2844267,,,
5428,0,svm,max,balanced,cached_mxbai,2449,1782242283.574639,,,
3845,0,svm,max,balanced,cached_mxbai,2450,1782242283.8667023,,,
4651,0,svm,max,balanced,cached_mxbai,2451,1782242284.1604245,,,
5152,0,svm,max,balanced,cached_mxbai,2452,1782242284.453205,,,
818,0,svm,max,balanced,cached_mxbai,2453,1782242284.7479203,,,
9354,0,svm,max,balanced,cached_mxbai,2454,1782242285.0430222,,,
5758,0,svm,max,balanced,cached_mxbai,2455,1782242285.357116,,,
1539,0,svm,max,balanced,cached_mxbai,2456,1782242285.6585014,,,
4999,0,svm,max,balanced,cached_mxbai,2457,1782242285.9608793,,,
10445,0,svm,max,balanced,cached_mxbai,2458,1782242286.260664,,,
73,0,svm,max,balanced,cached_mxbai,2459,1782242286.5577059,,,
3232,0,svm,max,balanced,cached_mxbai,2460,1782242286.855608,,,
3365,0,svm,max,balanced,cached_mxbai,2461,1782242287.150271,,,
7590,0,svm,max,balanced,cached_mxbai,2462,1782242287.4478261,,,
5142,0,svm,max,balanced,cached_mxbai,2463,1782242287.7454102,,,
5787,0,svm,max,balanced,cached_mxbai,2464,1782242288.0399442,,,
7074,0,svm,max,balanced,cached_mxbai,2465,1782242288.3366423,,,
8732,0,svm,max,balanced,cached_mxbai,2466,1782242288.6342568,,,
5433,0,svm,max,balanced,cached_mxbai,2467,1782242288.9222507,,,
3626,0,svm,max,balanced,cached_mxbai,2468,1782242289.221035,,,
2673,0,svm,max,balanced,cached_mxbai,2469,1782242289.548516,,,
7455,0,svm,max,balanced,cached_mxbai,2470,1782242289.877013,,,
9341,0,svm,max,balanced,cached_mxbai,2471,1782242290.1653447,,,
10464,0,svm,max,balanced,cached_mxbai,2472,1782242290.454299,,,
9622,0,svm,max,balanced,cached_mxbai,2473,1782242290.744226,,,
8005,0,svm,max,balanced,cached_mxbai,2474,1782242291.0367846,,,
4518,0,svm,max,balanced,cached_mxbai,2475,1782242291.3260727,,,
8309,0,svm,max,balanced,cached_mxbai,2476,1782242291.6161342,,,
4535,0,svm,max,balanced,cached_mxbai,2477,1782242291.9081144,,,
115,0,svm,max,balanced,cached_mxbai,2478,1782242292.1997402,,,
4300,0,svm,max,balanced,cached_mxbai,2479,1782242292.4865808,,,
5562,0,svm,max,balanced,cached_mxbai,2480,1782242292.7803204,,,
561,0,svm,max,balanced,cached_mxbai,2481,1782242293.0775912,,,
3581,0,svm,max,balanced,cached_mxbai,2482,1782242293.368079,,,
5248,0,svm,max,balanced,cached_mxbai,2483,1782242293.6597042,,,
5057,0,svm,max,balanced,cached_mxbai,2484,1782242293.951377,,,
1100,0,svm,max,balanced,cached_mxbai,2485,1782242294.242337,,,
10125,0,svm,max,balanced,cached_mxbai,2486,1782242294.5329282,,,
4314,0,svm,max,balanced,cached_mxbai,2487,1782242294.8656251,,,
4921,0,svm,max,balanced,cached_mxbai,2488,1782242295.1660285,,,
8424,0,svm,max,balanced,cached_mxbai,2489,1782242295.4827797,,,
5249,0,svm,max,balanced,cached_mxbai,2490,1782242295.7830343,,,
3379,0,svm,max,balanced,cached_mxbai,2491,1782242296.0796804,,,
4428,0,svm,max,balanced,cached_mxbai,2492,1782242296.3790474,,,
9106,0,svm,max,balanced,cached_mxbai,2493,1782242296.6766646,,,
3651,0,svm,max,balanced,cached_mxbai,2494,1782242296.970498,,,
2868,0,svm,max,balanced,cached_mxbai,2495,1782242297.2723978,,,
8699,0,svm,max,balanced,cached_mxbai,2496,1782242297.5917997,,,
6061,0,svm,max,balanced,cached_mxbai,2497,1782242297.9135578,,,
1671,0,svm,max,balanced,cached_mxbai,2498,1782242298.2378755,,,
4545,0,svm,max,balanced,cached_mxbai,2499,1782242298.567741,,,
5595,0,svm,max,balanced,cached_mxbai,2500,1782242298.8931959,,,
9977,0,svm,max,balanced,cached_mxbai,2501,1782242299.21717,,,
1670,0,svm,max,balanced,cached_mxbai,2502,1782242299.5424223,,,
1548,0,svm,max,balanced,cached_mxbai,2503,1782242299.8678625,,,
2417,0,svm,max,balanced,cached_mxbai,2504,1782242300.1909642,,,
4924,0,svm,max,balanced,cached_mxbai,2505,1782242300.512125,,,
2439,0,svm,max,balanced,cached_mxbai,2506,1782242300.836245,,,
8737,0,svm,max,balanced,cached_mxbai,2507,1782242301.1620362,,,
2535,0,svm,max,balanced,cached_mxbai,2508,1782242301.4842432,,,
3295,0,svm,max,balanced,cached_mxbai,2509,1782242301.8088863,,,
7570,0,svm,max,balanced,cached_mxbai,2510,1782242302.1333244,,,
7709,0,svm,max,balanced,cached_mxbai,2511,1782242302.4567919,,,
6473,0,svm,max,balanced,cached_mxbai,2512,1782242302.779922,,,
10034,0,svm,max,balanced,cached_mxbai,2513,1782242303.1159809,,,
4983,0,svm,max,balanced,cached_mxbai,2514,1782242303.4491253,,,
10216,0,svm,max,balanced,cached_mxbai,2515,1782242303.7810302,,,
8612,0,svm,max,balanced,cached_mxbai,2516,1782242304.112312,,,
9748,0,svm,max,balanced,cached_mxbai,2517,1782242304.444695,,,
688,0,svm,max,balanced,cached_mxbai,2518,1782242304.7731435,,,
4242,0,svm,max,balanced,cached_mxbai,2519,1782242305.11218,,,
5062,0,svm,max,balanced,cached_mxbai,2520,1782242305.474101,,,
915,0,svm,max,balanced,cached_mxbai,2521,1782242305.8051448,,,
512,0,svm,max,balanced,cached_mxbai,2522,1782242306.1349344,,,
5094,0,svm,max,balanced,cached_mxbai,2523,1782242306.463442,,,
8130,0,svm,max,balanced,cached_mxbai,2524,1782242306.795713,,,
4348,0,svm,max,balanced,cached_mxbai,2525,1782242307.1265526,,,
4516,0,svm,max,balanced,cached_mxbai,2526,1782242307.4610224,,,
1590,0,svm,max,balanced,cached_mxbai,2527,1782242307.7909293,,,
6555,0,svm,max,balanced,cached_mxbai,2528,1782242308.1238523,,,
2799,0,svm,max,balanced,cached_mxbai,2529,1782242308.451984,,,
7341,0,svm,max,balanced,cached_mxbai,2530,1782242308.7798965,,,
7059,0,svm,max,balanced,cached_mxbai,2531,1782242309.110639,,,
5224,0,svm,max,balanced,cached_mxbai,2532,1782242309.4402163,,,
9283,0,svm,max,balanced,cached_mxbai,2533,1782242309.7711287,,,
9602,0,svm,max,balanced,cached_mxbai,2534,1782242310.1096795,,,
1107,0,svm,max,balanced,cached_mxbai,2535,1782242310.454963,,,
7007,0,svm,max,balanced,cached_mxbai,2536,1782242310.8081422,,,
9048,0,svm,max,balanced,cached_mxbai,2537,1782242311.1421216,,,
3122,0,svm,max,balanced,cached_mxbai,2538,1782242311.4756386,,,
3215,0,svm,max,balanced,cached_mxbai,2539,1782242311.808722,,,
3712,0,svm,max,balanced,cached_mxbai,2540,1782242312.1464942,,,
5794,0,svm,max,balanced,cached_mxbai,2541,1782242312.479022,,,
1323,0,svm,max,balanced,cached_mxbai,2542,1782242312.8121974,,,
5382,0,svm,max,balanced,cached_mxbai,2543,1782242313.1521835,,,
28,0,svm,max,balanced,cached_mxbai,2544,1782242313.4891052,,,
10534,0,svm,max,balanced,cached_mxbai,2545,1782242313.8248522,,,
4115,0,svm,max,balanced,cached_mxbai,2546,1782242314.1616828,,,
10370,0,svm,max,balanced,cached_mxbai,2547,1782242314.4929938,,,
7038,0,svm,max,balanced,cached_mxbai,2548,1782242314.8243954,,,
10543,0,svm,max,balanced,cached_mxbai,2549,1782242315.1630313,,,
5117,0,svm,max,balanced,cached_mxbai,2550,1782242315.5190961,,,
4878,0,svm,max,balanced,cached_mxbai,2551,1782242315.8557281,,,
3542,0,svm,max,balanced,cached_mxbai,2552,1782242316.2009728,,,
1281,0,svm,max,balanced,cached_mxbai,2553,1782242316.535489,,,
4208,0,svm,max,balanced,cached_mxbai,2554,1782242316.8757782,,,
10085,0,svm,max,balanced,cached_mxbai,2555,1782242317.2105207,,,
3883,0,svm,max,balanced,cached_mxbai,2556,1782242317.548872,,,
4500,0,svm,max,balanced,cached_mxbai,2557,1782242317.8858047,,,
905,0,svm,max,balanced,cached_mxbai,2558,1782242318.2220325,,,
1937,0,svm,max,balanced,cached_mxbai,2559,1782242318.5550904,,,
9931,0,svm,max,balanced,cached_mxbai,2560,1782242318.8901968,,,
5893,0,svm,max,balanced,cached_mxbai,2561,1782242319.2250597,,,
5864,0,svm,max,balanced,cached_mxbai,2562,1782242319.557591,,,
4172,0,svm,max,balanced,cached_mxbai,2563,1782242319.893938,,,
4609,0,svm,max,balanced,cached_mxbai,2564,1782242320.2320065,,,
3246,0,svm,max,balanced,cached_mxbai,2565,1782242320.5691583,,,
6105,0,svm,max,balanced,cached_mxbai,2566,1782242320.906766,,,
4578,0,svm,max,balanced,cached_mxbai,2567,1782242321.2461138,,,
3497,0,svm,max,balanced,cached_mxbai,2568,1782242321.5843184,,,
7495,0,svm,max,balanced,cached_mxbai,2569,1782242321.9215937,,,
4630,0,svm,max,balanced,cached_mxbai,2570,1782242322.269262,,,
4409,0,svm,max,balanced,cached_mxbai,2571,1782242322.615507,,,
7307,0,svm,max,balanced,cached_mxbai,2572,1782242322.9618018,,,
9117,0,svm,max,balanced,cached_mxbai,2573,1782242323.3038523,,,
4218,0,svm,max,balanced,cached_mxbai,2574,1782242323.642142,,,
5949,0,svm,max,balanced,cached_mxbai,2575,1782242323.982995,,,
4762,0,svm,max,balanced,cached_mxbai,2576,1782242324.3246095,,,
5800,0,svm,max,balanced,cached_mxbai,2577,1782242324.6657524,,,
8950,0,svm,max,balanced,cached_mxbai,2578,1782242325.011212,,,
4945,0,svm,max,balanced,cached_mxbai,2579,1782242325.373832,,,
3405,0,svm,max,balanced,cached_mxbai,2580,1782242325.7132435,,,
4672,0,svm,max,balanced,cached_mxbai,2581,1782242326.0520482,,,
10218,0,svm,max,balanced,cached_mxbai,2582,1782242326.3879628,,,
10325,0,svm,max,balanced,cached_mxbai,2583,1782242326.7262027,,,
1592,0,svm,max,balanced,cached_mxbai,2584,1782242327.056476,,,
4367,0,svm,max,balanced,cached_mxbai,2585,1782242327.3857784,,,
10096,0,svm,max,balanced,cached_mxbai,2586,1782242327.7168815,,,
8949,0,svm,max,balanced,cached_mxbai,2587,1782242328.0513008,,,
1720,0,svm,max,balanced,cached_mxbai,2588,1782242328.382314,,,
4695,0,svm,max,balanced,cached_mxbai,2589,1782242328.71273,,,
8193,0,svm,max,balanced,cached_mxbai,2590,1782242329.0460784,,,
3321,0,svm,max,balanced,cached_mxbai,2591,1782242329.3760245,,,
7099,0,svm,max,balanced,cached_mxbai,2592,1782242329.7062035,,,
6443,0,svm,max,balanced,cached_mxbai,2593,1782242330.0388267,,,
4820,0,svm,max,balanced,cached_mxbai,2594,1782242330.370569,,,
4841,0,svm,max,balanced,cached_mxbai,2595,1782242330.7130294,,,
3535,0,svm,max,balanced,cached_mxbai,2596,1782242331.0613093,,,
4034,0,svm,max,balanced,cached_mxbai,2597,1782242331.4004693,,,
9593,0,svm,max,balanced,cached_mxbai,2598,1782242331.7345066,,,
4898,0,svm,max,balanced,cached_mxbai,2599,1782242332.074352,,,
8351,0,svm,max,balanced,cached_mxbai,2600,1782242332.40942,,,
3833,0,svm,max,balanced,cached_mxbai,2601,1782242332.739772,,,
4900,0,svm,max,balanced,cached_mxbai,2602,1782242333.084424,,,
224,0,svm,max,balanced,cached_mxbai,2603,1782242333.4261956,,,
9335,0,svm,max,balanced,cached_mxbai,2604,1782242333.7605228,,,
3110,0,svm,max,balanced,cached_mxbai,2605,1782242334.0971005,,,
54,0,svm,max,balanced,cached_mxbai,2606,1782242334.4310381,,,
8555,0,svm,max,balanced,cached_mxbai,2607,1782242334.759601,,,
9712,0,svm,max,balanced,cached_mxbai,2608,1782242335.0991092,,,
5035,0,svm,max,balanced,cached_mxbai,2609,1782242335.450889,,,
3312,0,svm,max,balanced,cached_mxbai,2610,1782242335.7857435,,,
3503,0,svm,max,balanced,cached_mxbai,2611,1782242336.12361,,,
6773,0,svm,max,balanced,cached_mxbai,2612,1782242336.4598725,,,
6896,0,svm,max,balanced,cached_mxbai,2613,1782242336.7948003,,,
4105,0,svm,max,balanced,cached_mxbai,2614,1782242337.14187,,,
3565,0,svm,max,balanced,cached_mxbai,2615,1782242337.4792252,,,
3662,0,svm,max,balanced,cached_mxbai,2616,1782242337.8132253,,,
5545,0,svm,max,balanced,cached_mxbai,2617,1782242338.1472425,,,
4288,0,svm,max,balanced,cached_mxbai,2618,1782242338.4829705,,,
9318,0,svm,max,balanced,cached_mxbai,2619,1782242338.8175247,,,
5026,0,svm,max,balanced,cached_mxbai,2620,1782242339.154802,,,
5291,0,svm,max,balanced,cached_mxbai,2621,1782242339.4891036,,,
10295,0,svm,max,balanced,cached_mxbai,2622,1782242339.8200276,,,
5127,0,svm,max,balanced,cached_mxbai,2623,1782242340.1582928,,,
4944,0,svm,max,balanced,cached_mxbai,2624,1782242340.4960964,,,
806,0,svm,max,balanced,cached_mxbai,2625,1782242340.8429844,,,
3599,0,svm,max,balanced,cached_mxbai,2626,1782242341.1828225,,,
523,0,svm,max,balanced,cached_mxbai,2627,1782242341.5187192,,,
4156,0,svm,max,balanced,cached_mxbai,2628,1782242341.8597043,,,
9610,0,svm,max,balanced,cached_mxbai,2629,1782242342.197121,,,
4981,0,svm,max,balanced,cached_mxbai,2630,1782242342.5358155,,,
4266,0,svm,max,balanced,cached_mxbai,2631,1782242342.8731399,,,
2421,0,svm,max,balanced,cached_mxbai,2632,1782242343.2178028,,,
6928,0,svm,max,balanced,cached_mxbai,2633,1782242343.5559702,,,
5439,0,svm,max,balanced,cached_mxbai,2634,1782242343.8934891,,,
2129,0,svm,max,balanced,cached_mxbai,2635,1782242344.2307935,,,
1787,0,svm,max,balanced,cached_mxbai,2636,1782242344.5666347,,,
1196,0,svm,max,balanced,cached_mxbai,2637,1782242344.900529,,,
4492,0,svm,max,balanced,cached_mxbai,2638,1782242345.2491157,,,
7937,0,svm,max,balanced,cached_mxbai,2639,1782242345.5886908,,,
1930,0,svm,max,balanced,cached_mxbai,2640,1782242345.926128,,,
868,0,svm,max,balanced,cached_mxbai,2641,1782242346.2630055,,,
8579,0,svm,max,balanced,cached_mxbai,2642,1782242346.5966067,,,
4879,0,svm,max,balanced,cached_mxbai,2643,1782242346.9338207,,,
1324,0,svm,max,balanced,cached_mxbai,2644,1782242347.271268,,,
3937,0,svm,max,balanced,cached_mxbai,2645,1782242347.6072195,,,
3663,0,svm,max,balanced,cached_mxbai,2646,1782242347.9435375,,,
4143,0,svm,max,balanced,cached_mxbai,2647,1782242348.2828264,,,
513,0,svm,max,balanced,cached_mxbai,2648,1782242348.6200376,,,
3879,0,svm,max,balanced,cached_mxbai,2649,1782242348.9653628,,,
5392,0,svm,max,balanced,cached_mxbai,2650,1782242349.3024497,,,
445,0,svm,max,balanced,cached_mxbai,2651,1782242349.6464353,,,
3466,0,svm,max,balanced,cached_mxbai,2652,1782242349.9902718,,,
4872,0,svm,max,balanced,cached_mxbai,2653,1782242350.3357399,,,
3658,0,svm,max,balanced,cached_mxbai,2654,1782242350.6785078,,,
1740,0,svm,max,balanced,cached_mxbai,2655,1782242351.023215,,,
4803,0,svm,max,balanced,cached_mxbai,2656,1782242351.3705888,,,
10497,0,svm,max,balanced,cached_mxbai,2657,1782242351.71818,,,
10002,0,svm,max,balanced,cached_mxbai,2658,1782242352.063302,,,
6404,0,svm,max,balanced,cached_mxbai,2659,1782242352.4111004,,,
3513,0,svm,max,balanced,cached_mxbai,2660,1782242352.7590666,,,
4062,0,svm,max,balanced,cached_mxbai,2661,1782242353.11642,,,
8054,0,svm,max,balanced,cached_mxbai,2662,1782242353.4679248,,,
6225,0,svm,max,balanced,cached_mxbai,2663,1782242353.8147538,,,
8060,0,svm,max,balanced,cached_mxbai,2664,1782242354.161495,,,
1481,0,svm,max,balanced,cached_mxbai,2665,1782242354.512111,,,
4724,0,svm,max,balanced,cached_mxbai,2666,1782242354.860589,,,
104,0,svm,max,balanced,cached_mxbai,2667,1782242355.2291343,,,
45,0,svm,max,balanced,cached_mxbai,2668,1782242355.6090846,,,
3751,0,svm,max,balanced,cached_mxbai,2669,1782242355.9619367,,,
388,0,svm,max,balanced,cached_mxbai,2670,1782242356.3137088,,,
8648,0,svm,max,balanced,cached_mxbai,2671,1782242356.661702,,,
4992,0,svm,max,balanced,cached_mxbai,2672,1782242357.0145097,,,
6489,0,svm,max,balanced,cached_mxbai,2673,1782242357.365019,,,
7529,0,svm,max,balanced,cached_mxbai,2674,1782242357.7131014,,,
2951,0,svm,max,balanced,cached_mxbai,2675,1782242358.0689359,,,
207,0,svm,max,balanced,cached_mxbai,2676,1782242358.426304,,,
3249,0,svm,max,balanced,cached_mxbai,2677,1782242358.7798078,,,
1148,0,svm,max,balanced,cached_mxbai,2678,1782242359.1362655,,,
5978,0,svm,max,balanced,cached_mxbai,2679,1782242359.493634,,,
75,0,svm,max,balanced,cached_mxbai,2680,1782242359.8493872,,,
7424,0,svm,max,balanced,cached_mxbai,2681,1782242360.205221,,,
5920,0,svm,max,balanced,cached_mxbai,2682,1782242360.554625,,,
4640,0,svm,max,balanced,cached_mxbai,2683,1782242360.9025776,,,
3815,0,svm,max,balanced,cached_mxbai,2684,1782242361.2567034,,,
9823,0,svm,max,balanced,cached_mxbai,2685,1782242361.6081152,,,
1183,0,svm,max,balanced,cached_mxbai,2686,1782242361.9585805,,,
4073,0,svm,max,balanced,cached_mxbai,2687,1782242362.311867,,,
3202,0,svm,max,balanced,cached_mxbai,2688,1782242362.664587,,,
7376,0,svm,max,balanced,cached_mxbai,2689,1782242363.0264637,,,
4303,0,svm,max,balanced,cached_mxbai,2690,1782242363.387176,,,
9003,0,svm,max,balanced,cached_mxbai,2691,1782242363.739962,,,
3968,0,svm,max,balanced,cached_mxbai,2692,1782242364.0925953,,,
795,0,svm,max,balanced,cached_mxbai,2693,1782242364.445744,,,
6433,0,svm,max,balanced,cached_mxbai,2694,1782242364.7969568,,,
4470,0,svm,max,balanced,cached_mxbai,2695,1782242365.1625814,,,
6973,0,svm,max,balanced,cached_mxbai,2696,1782242365.558307,,,
4018,0,svm,max,balanced,cached_mxbai,2697,1782242365.9151697,,,
2587,0,svm,max,balanced,cached_mxbai,2698,1782242366.266965,,,
5914,0,svm,max,balanced,cached_mxbai,2699,1782242366.6226764,,,
6334,0,svm,max,balanced,cached_mxbai,2700,1782242366.9780455,,,
5187,0,svm,max,balanced,cached_mxbai,2701,1782242367.3334832,,,
1274,0,svm,max,balanced,cached_mxbai,2702,1782242367.6924384,,,
690,0,svm,max,balanced,cached_mxbai,2703,1782242368.0469198,,,
5241,0,svm,max,balanced,cached_mxbai,2704,1782242368.4025948,,,
3505,0,svm,max,balanced,cached_mxbai,2705,1782242368.7559578,,,
10233,0,svm,max,balanced,cached_mxbai,2706,1782242369.1114228,,,
4997,0,svm,max,balanced,cached_mxbai,2707,1782242369.4672003,,,
1085,0,svm,max,balanced,cached_mxbai,2708,1782242369.8214476,,,
8325,0,svm,max,balanced,cached_mxbai,2709,1782242370.1754794,,,
3525,0,svm,max,balanced,cached_mxbai,2710,1782242370.5320406,,,
4690,0,svm,max,balanced,cached_mxbai,2711,1782242370.8871326,,,
1891,0,svm,max,balanced,cached_mxbai,2712,1782242371.2416883,,,
5144,0,svm,max,balanced,cached_mxbai,2713,1782242371.5996556,,,
3490,0,svm,max,balanced,cached_mxbai,2714,1782242371.95494,,,
8805,0,svm,max,balanced,cached_mxbai,2715,1782242372.3096483,,,
4337,0,svm,max,balanced,cached_mxbai,2716,1782242372.6640916,,,
4613,0,svm,max,balanced,cached_mxbai,2717,1782242373.0257413,,,
1789,0,svm,max,balanced,cached_mxbai,2718,1782242373.3827982,,,
9791,0,svm,max,balanced,cached_mxbai,2719,1782242373.739707,,,
6717,0,svm,max,balanced,cached_mxbai,2720,1782242374.1090686,,,
9795,0,svm,max,balanced,cached_mxbai,2721,1782242374.4715195,,,
9319,0,svm,max,balanced,cached_mxbai,2722,1782242374.8296185,,,
7277,0,svm,max,balanced,cached_mxbai,2723,1782242375.192379,,,
9055,0,svm,max,balanced,cached_mxbai,2724,1782242375.5825675,,,
6557,0,svm,max,balanced,cached_mxbai,2725,1782242375.939762,,,
7970,0,svm,max,balanced,cached_mxbai,2726,1782242376.295216,,,
299,0,svm,max,balanced,cached_mxbai,2727,1782242376.6513765,,,
200,0,svm,max,balanced,cached_mxbai,2728,1782242377.0076804,,,
5050,0,svm,max,balanced,cached_mxbai,2729,1782242377.3655634,,,
3739,0,svm,max,balanced,cached_mxbai,2730,1782242377.727246,,,
3457,0,svm,max,balanced,cached_mxbai,2731,1782242378.0881293,,,
4118,0,svm,max,balanced,cached_mxbai,2732,1782242378.4475682,,,
1101,0,svm,max,balanced,cached_mxbai,2733,1782242378.803782,,,
8248,0,svm,max,balanced,cached_mxbai,2734,1782242379.1626441,,,
5271,0,svm,max,balanced,cached_mxbai,2735,1782242379.5244637,,,
650,0,svm,max,balanced,cached_mxbai,2736,1782242379.8876173,,,
3349,0,svm,max,balanced,cached_mxbai,2737,1782242380.2565873,,,
5420,0,svm,max,balanced,cached_mxbai,2738,1782242380.62377,,,
4346,0,svm,max,balanced,cached_mxbai,2739,1782242380.9835541,,,
3131,0,svm,max,balanced,cached_mxbai,2740,1782242381.343684,,,
648,0,svm,max,balanced,cached_mxbai,2741,1782242381.717105,,,
8476,0,svm,max,balanced,cached_mxbai,2742,1782242382.0799387,,,
8782,0,svm,max,balanced,cached_mxbai,2743,1782242382.4384782,,,
2586,0,svm,max,balanced,cached_mxbai,2744,1782242382.7991877,,,
1361,0,svm,max,balanced,cached_mxbai,2745,1782242383.1636658,,,
712,0,svm,max,balanced,cached_mxbai,2746,1782242383.5258098,,,
9105,0,svm,max,balanced,cached_mxbai,2747,1782242383.8864307,,,
10358,0,svm,max,balanced,cached_mxbai,2748,1782242384.2813122,,,
4560,0,svm,max,balanced,cached_mxbai,2749,1782242384.64353,,,
685,0,svm,max,balanced,cached_mxbai,2750,1782242385.0074744,,,
1226,0,svm,max,balanced,cached_mxbai,2751,1782242385.3927064,,,
8040,0,svm,max,balanced,cached_mxbai,2752,1782242385.758971,,,
5613,0,svm,max,balanced,cached_mxbai,2753,1782242386.1248271,,,
7870,0,svm,max,balanced,cached_mxbai,2754,1782242386.4858503,,,
3976,0,svm,max,balanced,cached_mxbai,2755,1782242386.8488102,,,
7191,0,svm,max,balanced,cached_mxbai,2756,1782242387.2151103,,,
5054,0,svm,max,balanced,cached_mxbai,2757,1782242387.5785363,,,
245,0,svm,max,balanced,cached_mxbai,2758,1782242387.939001,,,
5497,0,svm,max,balanced,cached_mxbai,2759,1782242388.3114886,,,
5183,0,svm,max,balanced,cached_mxbai,2760,1782242388.6804276,,,
1365,0,svm,max,balanced,cached_mxbai,2761,1782242389.050666,,,
9366,0,svm,max,balanced,cached_mxbai,2762,1782242389.4256284,,,
5196,0,svm,max,balanced,cached_mxbai,2763,1782242389.7854207,,,
4213,0,svm,max,balanced,cached_mxbai,2764,1782242390.1496673,,,
2034,0,svm,max,balanced,cached_mxbai,2765,1782242390.5128307,,,
3686,0,svm,max,balanced,cached_mxbai,2766,1782242390.8758035,,,
4395,0,svm,max,balanced,cached_mxbai,2767,1782242391.2374952,,,
9649,0,svm,max,balanced,cached_mxbai,2768,1782242391.6032073,,,
8012,0,svm,max,balanced,cached_mxbai,2769,1782242391.9675658,,,
65,0,svm,max,balanced,cached_mxbai,2770,1782242392.330855,,,
5818,0,svm,max,balanced,cached_mxbai,2771,1782242392.7057517,,,
4146,0,svm,max,balanced,cached_mxbai,2772,1782242393.0885074,,,
9109,0,svm,max,balanced,cached_mxbai,2773,1782242393.4526818,,,
1458,0,svm,max,balanced,cached_mxbai,2774,1782242393.828187,,,
2256,0,svm,max,balanced,cached_mxbai,2775,1782242394.20288,,,
4019,0,svm,max,balanced,cached_mxbai,2776,1782242394.5655394,,,
8546,0,svm,max,balanced,cached_mxbai,2777,1782242394.928491,,,
10282,0,svm,max,balanced,cached_mxbai,2778,1782242395.31008,,,
3610,0,svm,max,balanced,cached_mxbai,2779,1782242395.6746936,,,
758,0,svm,max,balanced,cached_mxbai,2780,1782242396.0385065,,,
4908,0,svm,max,balanced,cached_mxbai,2781,1782242396.3982923,,,
3714,0,svm,max,balanced,cached_mxbai,2782,1782242396.7656043,,,
85,0,svm,max,balanced,cached_mxbai,2783,1782242397.1332734,,,
428,0,svm,max,balanced,cached_mxbai,2784,1782242397.4907682,,,
3648,0,svm,max,balanced,cached_mxbai,2785,1782242397.8517354,,,
9790,0,svm,max,balanced,cached_mxbai,2786,1782242398.2127047,,,
9660,0,svm,max,balanced,cached_mxbai,2787,1782242398.5719488,,,
9909,0,svm,max,balanced,cached_mxbai,2788,1782242398.9354694,,,
1310,0,svm,max,balanced,cached_mxbai,2789,1782242399.296252,,,
4989,0,svm,max,balanced,cached_mxbai,2790,1782242399.657534,,,
3579,0,svm,max,balanced,cached_mxbai,2791,1782242400.0218308,,,
3814,0,svm,max,balanced,cached_mxbai,2792,1782242400.3780982,,,
7163,0,svm,max,balanced,cached_mxbai,2793,1782242400.7382185,,,
5741,0,svm,max,balanced,cached_mxbai,2794,1782242401.12732,,,
4485,0,svm,max,balanced,cached_mxbai,2795,1782242401.5251744,,,
1632,0,svm,max,balanced,cached_mxbai,2796,1782242401.919134,,,
3822,0,svm,max,balanced,cached_mxbai,2797,1782242402.2855518,,,
7439,0,svm,max,balanced,cached_mxbai,2798,1782242402.6435316,,,
3760,0,svm,max,balanced,cached_mxbai,2799,1782242403.0077243,,,
10004,0,svm,max,balanced,cached_mxbai,2800,1782242403.36571,,,
120,0,svm,max,balanced,cached_mxbai,2801,1782242403.723777,,,
9314,0,svm,max,balanced,cached_mxbai,2802,1782242404.0810714,,,
7287,0,svm,max,balanced,cached_mxbai,2803,1782242404.4367206,,,
3758,0,svm,max,balanced,cached_mxbai,2804,1782242404.7958906,,,
7991,0,svm,max,balanced,cached_mxbai,2805,1782242405.1586244,,,
3755,0,svm,max,balanced,cached_mxbai,2806,1782242405.5520391,,,
5827,0,svm,max,balanced,cached_mxbai,2807,1782242405.9165535,,,
2487,0,svm,max,balanced,cached_mxbai,2808,1782242406.278064,,,
4472,0,svm,max,balanced,cached_mxbai,2809,1782242406.6361625,,,
1609,0,svm,max,balanced,cached_mxbai,2810,1782242406.9953866,,,
835,0,svm,max,balanced,cached_mxbai,2811,1782242407.3566911,,,
5408,0,svm,max,balanced,cached_mxbai,2812,1782242407.7176008,,,
4942,0,svm,max,balanced,cached_mxbai,2813,1782242408.0861642,,,
1376,0,svm,max,balanced,cached_mxbai,2814,1782242408.4463027,,,
4443,0,svm,max,balanced,cached_mxbai,2815,1782242408.806493,,,
9014,0,svm,max,balanced,cached_mxbai,2816,1782242409.168245,,,
42,0,svm,max,balanced,cached_mxbai,2817,1782242409.5299618,,,
3708,0,svm,max,balanced,cached_mxbai,2818,1782242409.8907766,,,
10506,0,svm,max,balanced,cached_mxbai,2819,1782242410.254865,,,
1574,0,svm,max,balanced,cached_mxbai,2820,1782242410.6172533,,,
5233,0,svm,max,balanced,cached_mxbai,2821,1782242410.9798148,,,
7429,0,svm,max,balanced,cached_mxbai,2822,1782242411.3430402,,,
5803,0,svm,max,balanced,cached_mxbai,2823,1782242411.7061808,,,
5810,0,svm,max,balanced,cached_mxbai,2824,1782242412.0813148,,,
3795,0,svm,max,balanced,cached_mxbai,2825,1782242412.4456503,,,
2949,0,svm,max,balanced,cached_mxbai,2826,1782242412.8200552,,,
6774,0,svm,max,balanced,cached_mxbai,2827,1782242413.195026,,,
3964,0,svm,max,balanced,cached_mxbai,2828,1782242413.5692444,,,
2766,0,svm,max,balanced,cached_mxbai,2829,1782242413.9369483,,,
4583,0,svm,max,balanced,cached_mxbai,2830,1782242414.2977471,,,
3348,0,svm,max,balanced,cached_mxbai,2831,1782242414.6565847,,,
1260,0,svm,max,balanced,cached_mxbai,2832,1782242415.025739,,,
5427,0,svm,max,balanced,cached_mxbai,2833,1782242415.415497,,,
9391,0,svm,max,balanced,cached_mxbai,2834,1782242415.7789233,,,
615,0,svm,max,balanced,cached_mxbai,2835,1782242416.1466677,,,
5180,0,svm,max,balanced,cached_mxbai,2836,1782242416.5093522,,,
5585,0,svm,max,balanced,cached_mxbai,2837,1782242416.8824222,,,
3725,0,svm,max,balanced,cached_mxbai,2838,1782242417.2506523,,,
2910,0,svm,max,balanced,cached_mxbai,2839,1782242417.6149163,,,
389,0,svm,max,balanced,cached_mxbai,2840,1782242417.9844494,,,
4078,0,svm,max,balanced,cached_mxbai,2841,1782242418.35159,,,
8859,0,svm,max,balanced,cached_mxbai,2842,1782242418.7160265,,,
1435,0,svm,max,balanced,cached_mxbai,2843,1782242419.0915878,,,
1404,0,svm,max,balanced,cached_mxbai,2844,1782242419.456465,,,
3589,0,svm,max,balanced,cached_mxbai,2845,1782242419.8214092,,,
897,0,svm,max,balanced,cached_mxbai,2846,1782242420.1880667,,,
7617,0,svm,max,balanced,cached_mxbai,2847,1782242420.5518188,,,
8779,0,svm,max,balanced,cached_mxbai,2848,1782242420.916961,,,
4760,0,svm,max,balanced,cached_mxbai,2849,1782242421.2826827,,,
9879,0,svm,max,balanced,cached_mxbai,2850,1782242421.64789,,,
10061,0,svm,max,balanced,cached_mxbai,2851,1782242422.0358775,,,
8152,0,svm,max,balanced,cached_mxbai,2852,1782242422.4120317,,,
1545,0,svm,max,balanced,cached_mxbai,2853,1782242422.7970428,,,
3268,0,svm,max,balanced,cached_mxbai,2854,1782242423.1815827,,,
4317,0,svm,max,balanced,cached_mxbai,2855,1782242423.5577989,,,
949,0,svm,max,balanced,cached_mxbai,2856,1782242423.9352293,,,
3384,0,svm,max,balanced,cached_mxbai,2857,1782242424.312911,,,
6593,0,svm,max,balanced,cached_mxbai,2858,1782242424.6887066,,,
4713,0,svm,max,balanced,cached_mxbai,2859,1782242425.074381,,,
550,0,svm,max,balanced,cached_mxbai,2860,1782242425.468242,,,
4339,0,svm,max,balanced,cached_mxbai,2861,1782242425.8472638,,,
3826,0,svm,max,balanced,cached_mxbai,2862,1782242426.226835,,,
4993,0,svm,max,balanced,cached_mxbai,2863,1782242426.5998414,,,
3411,0,svm,max,balanced,cached_mxbai,2864,1782242426.9796858,,,
5811,0,svm,max,balanced,cached_mxbai,2865,1782242427.3564065,,,
8180,0,svm,max,balanced,cached_mxbai,2866,1782242427.7318816,,,
6206,0,svm,max,balanced,cached_mxbai,2867,1782242428.1123977,,,
10466,0,svm,max,balanced,cached_mxbai,2868,1782242428.490843,,,
3828,0,svm,max,balanced,cached_mxbai,2869,1782242428.8693254,,,
7437,0,svm,max,balanced,cached_mxbai,2870,1782242429.2483387,,,
9949,0,svm,max,balanced,cached_mxbai,2871,1782242429.6245975,,,
616,0,svm,max,balanced,cached_mxbai,2872,1782242430.0033007,,,
3465,0,svm,max,balanced,cached_mxbai,2873,1782242430.3832698,,,
1661,0,svm,max,balanced,cached_mxbai,2874,1782242430.762909,,,
5175,0,svm,max,balanced,cached_mxbai,2875,1782242431.144874,,,
9373,0,svm,max,balanced,cached_mxbai,2876,1782242431.5210009,,,
3621,0,svm,max,balanced,cached_mxbai,2877,1782242431.9004247,,,
5579,0,svm,max,balanced,cached_mxbai,2878,1782242432.298731,,,
1595,0,svm,max,balanced,cached_mxbai,2879,1782242432.6763334,,,
1711,0,svm,max,balanced,cached_mxbai,2880,1782242433.061868,,,
785,0,svm,max,balanced,cached_mxbai,2881,1782242433.442621,,,
4524,0,svm,max,balanced,cached_mxbai,2882,1782242433.821779,,,
3481,0,svm,max,balanced,cached_mxbai,2883,1782242434.206204,,,
3784,0,svm,max,balanced,cached_mxbai,2884,1782242434.5856655,,,
203,0,svm,max,balanced,cached_mxbai,2885,1782242434.970689,,,
8025,0,svm,max,balanced,cached_mxbai,2886,1782242435.38022,,,
1503,0,svm,max,balanced,cached_mxbai,2887,1782242435.7685018,,,
5432,0,svm,max,balanced,cached_mxbai,2888,1782242436.1530187,,,
8085,0,svm,max,balanced,cached_mxbai,2889,1782242436.5351715,,,
4824,0,svm,max,balanced,cached_mxbai,2890,1782242436.9136732,,,
9858,0,svm,max,balanced,cached_mxbai,2891,1782242437.3037887,,,
5748,0,svm,max,balanced,cached_mxbai,2892,1782242437.674526,,,
3900,0,svm,max,balanced,cached_mxbai,2893,1782242438.0452557,,,
2072,0,svm,max,balanced,cached_mxbai,2894,1782242438.4184482,,,
5892,0,svm,max,balanced,cached_mxbai,2895,1782242438.7886126,,,
3970,0,svm,max,balanced,cached_mxbai,2896,1782242439.1625078,,,
4158,0,svm,max,balanced,cached_mxbai,2897,1782242439.5328953,,,
7015,0,svm,max,balanced,cached_mxbai,2898,1782242439.9029634,,,
4133,0,svm,max,balanced,cached_mxbai,2899,1782242440.2791097,,,
8762,0,svm,max,balanced,cached_mxbai,2900,1782242440.6502542,,,
6979,0,svm,max,balanced,cached_mxbai,2901,1782242441.0233467,,,
4431,0,svm,max,balanced,cached_mxbai,2902,1782242441.3976853,,,
3522,0,svm,max,balanced,cached_mxbai,2903,1782242441.7779922,,,
5277,0,svm,max,balanced,cached_mxbai,2904,1782242442.1637805,,,
4194,0,svm,max,balanced,cached_mxbai,2905,1782242442.5462215,,,
5619,0,svm,max,balanced,cached_mxbai,2906,1782242442.932558,,,
4349,0,svm,max,balanced,cached_mxbai,2907,1782242443.3226295,,,
4641,0,svm,max,balanced,cached_mxbai,2908,1782242443.7065582,,,
10183,0,svm,max,balanced,cached_mxbai,2909,1782242444.0932088,,,
3537,0,svm,max,balanced,cached_mxbai,2910,1782242444.4704862,,,
6944,0,svm,max,balanced,cached_mxbai,2911,1782242444.8522007,,,
4216,0,svm,max,balanced,cached_mxbai,2912,1782242445.255971,,,
4758,0,svm,max,balanced,cached_mxbai,2913,1782242445.6525838,,,
7533,0,svm,max,balanced,cached_mxbai,2914,1782242446.042717,,,
6426,0,svm,max,balanced,cached_mxbai,2915,1782242446.4263594,,,
3228,0,svm,max,balanced,cached_mxbai,2916,1782242446.7972035,,,
3839,0,svm,max,balanced,cached_mxbai,2917,1782242447.1834886,,,
4842,0,svm,max,balanced,cached_mxbai,2918,1782242447.5687852,,,
8477,0,svm,max,balanced,cached_mxbai,2919,1782242447.9496098,,,
6356,0,svm,max,balanced,cached_mxbai,2920,1782242448.3315527,,,
10364,0,svm,max,balanced,cached_mxbai,2921,1782242448.707225,,,
1515,0,svm,max,balanced,cached_mxbai,2922,1782242449.0910084,,,
3992,0,svm,max,balanced,cached_mxbai,2923,1782242449.475267,,,
1627,0,svm,max,balanced,cached_mxbai,2924,1782242449.851705,,,
2507,0,svm,max,balanced,cached_mxbai,2925,1782242450.2353644,,,
3358,0,svm,max,balanced,cached_mxbai,2926,1782242450.6104908,,,
6939,0,svm,max,balanced,cached_mxbai,2927,1782242450.9846287,,,
4780,0,svm,max,balanced,cached_mxbai,2928,1782242451.3593118,,,
3046,0,svm,max,balanced,cached_mxbai,2929,1782242451.7373314,,,
3442,0,svm,max,balanced,cached_mxbai,2930,1782242452.1238306,,,
4182,0,svm,max,balanced,cached_mxbai,2931,1782242452.5107799,,,
5194,0,svm,max,balanced,cached_mxbai,2932,1782242452.889715,,,
5640,0,svm,max,balanced,cached_mxbai,2933,1782242453.2736363,,,
9890,0,svm,max,balanced,cached_mxbai,2934,1782242453.649767,,,
701,0,svm,max,balanced,cached_mxbai,2935,1782242454.027553,,,
423,1,svm,max,balanced,cached_mxbai,2936,1782242454.4052157,,,
