record_id,label,classifier,querier,balancer,feature_extractor,training_set,time,note,tags,user_id
1721,1,,,,,,1782199892.9050748,,,
8181,0,,,,,,1782199892.9050748,,,
7773,0,svm,max,balanced,cached_mxbai,2,1782199892.9607985,,,
10136,1,svm,max,balanced,cached_mxbai,3,1782199893.0116165,,,
8595,0,svm,max,balanced,cached_mxbai,4,1782199893.0606215,,,
4495,0,svm,max,balanced,cached_mxbai,5,1782199893.1091821,,,
7767,0,svm,max,balanced,cached_mxbai,6,1782199893.1578894,,,
7766,0,svm,max,balanced,cached_mxbai,7,1782199893.2062693,,,
1031,0,svm,max,balanced,cached_mxbai,8,1782199893.255125,,,
7153,1,svm,max,balanced,cached_mxbai,9,1782199893.3044825,,,
7186,0,svm,max,balanced,cached_mxbai,10,1782199893.353514,,,
4288,0,svm,max,balanced,cached_mxbai,11,1782199893.4080632,,,
7269,0,svm,max,balanced,cached_mxbai,12,1782199893.4589248,,,
8015,0,svm,max,balanced,cached_mxbai,13,1782199893.508775,,,
4411,0,svm,max,balanced,cached_mxbai,14,1782199893.5581758,,,
650,0,svm,max,balanced,cached_mxbai,15,1782199893.607681,,,
5082,0,svm,max,balanced,cached_mxbai,16,1782199893.6568165,,,
6322,0,svm,max,balanced,cached_mxbai,17,1782199893.7083893,,,
8532,0,svm,max,balanced,cached_mxbai,18,1782199893.7576957,,,
5141,0,svm,max,balanced,cached_mxbai,19,1782199893.8073976,,,
1491,0,svm,max,balanced,cached_mxbai,20,1782199893.8585389,,,
9468,0,svm,max,balanced,cached_mxbai,21,1782199893.9128091,,,
4089,0,svm,max,balanced,cached_mxbai,22,1782199893.964788,,,
10512,1,svm,max,balanced,cached_mxbai,23,1782199894.0159872,,,
6884,0,svm,max,balanced,cached_mxbai,24,1782199894.0671508,,,
3021,0,svm,max,balanced,cached_mxbai,25,1782199894.1184123,,,
7547,1,svm,max,balanced,cached_mxbai,26,1782199894.1699831,,,
7548,1,svm,max,balanced,cached_mxbai,27,1782199894.2216766,,,
7339,1,svm,max,balanced,cached_mxbai,28,1782199894.2725897,,,
5913,1,svm,max,balanced,cached_mxbai,29,1782199894.324427,,,
4393,1,svm,max,balanced,cached_mxbai,30,1782199894.3802872,,,
10423,1,svm,max,balanced,cached_mxbai,31,1782199894.431533,,,
10176,1,svm,max,balanced,cached_mxbai,32,1782199894.4832776,,,
7352,1,svm,max,balanced,cached_mxbai,33,1782199894.5347147,,,
9026,0,svm,max,balanced,cached_mxbai,34,1782199894.5868888,,,
5970,0,svm,max,balanced,cached_mxbai,35,1782199894.6384728,,,
10454,0,svm,max,balanced,cached_mxbai,36,1782199894.689929,,,
7368,0,svm,max,balanced,cached_mxbai,37,1782199894.7443974,,,
1621,1,svm,max,balanced,cached_mxbai,38,1782199894.7952654,,,
9589,0,svm,max,balanced,cached_mxbai,39,1782199894.8467474,,,
1159,1,svm,max,balanced,cached_mxbai,40,1782199894.898818,,,
7904,1,svm,max,balanced,cached_mxbai,41,1782199894.9524262,,,
7479,0,svm,max,balanced,cached_mxbai,42,1782199895.005072,,,
3247,0,svm,max,balanced,cached_mxbai,43,1782199895.0624669,,,
8411,1,svm,max,balanced,cached_mxbai,44,1782199895.1140094,,,
6419,1,svm,max,balanced,cached_mxbai,45,1782199895.166142,,,
7914,1,svm,max,balanced,cached_mxbai,46,1782199895.2230089,,,
7333,1,svm,max,balanced,cached_mxbai,47,1782199895.287759,,,
9891,0,svm,max,balanced,cached_mxbai,48,1782199895.354955,,,
6050,0,svm,max,balanced,cached_mxbai,49,1782199895.4121726,,,
1245,0,svm,max,balanced,cached_mxbai,50,1782199895.4647448,,,
7340,0,svm,max,balanced,cached_mxbai,51,1782199895.5195136,,,
5481,0,svm,max,balanced,cached_mxbai,52,1782199895.5720289,,,
649,0,svm,max,balanced,cached_mxbai,53,1782199895.6255038,,,
3489,0,svm,max,balanced,cached_mxbai,54,1782199895.6779933,,,
9787,1,svm,max,balanced,cached_mxbai,55,1782199895.7318,,,
9527,1,svm,max,balanced,cached_mxbai,56,1782199895.7842684,,,
7412,0,svm,max,balanced,cached_mxbai,57,1782199895.8369534,,,
2751,0,svm,max,balanced,cached_mxbai,58,1782199895.8893192,,,
10052,0,svm,max,balanced,cached_mxbai,59,1782199895.943881,,,
6484,1,svm,max,balanced,cached_mxbai,60,1782199895.999979,,,
1141,1,svm,max,balanced,cached_mxbai,61,1782199896.0535183,,,
3702,1,svm,max,balanced,cached_mxbai,62,1782199896.1058924,,,
5950,1,svm,max,balanced,cached_mxbai,63,1782199896.1582804,,,
6283,1,svm,max,balanced,cached_mxbai,64,1782199896.2113283,,,
6097,1,svm,max,balanced,cached_mxbai,65,1782199896.264288,,,
882,0,svm,max,balanced,cached_mxbai,66,1782199896.316909,,,
1230,0,svm,max,balanced,cached_mxbai,67,1782199896.370827,,,
1428,0,svm,max,balanced,cached_mxbai,68,1782199896.4292533,,,
1960,0,svm,max,balanced,cached_mxbai,69,1782199896.4829133,,,
5647,1,svm,max,balanced,cached_mxbai,70,1782199896.5371366,,,
8434,1,svm,max,balanced,cached_mxbai,71,1782199896.5912488,,,
3820,1,svm,max,balanced,cached_mxbai,72,1782199896.6445045,,,
7598,0,svm,max,balanced,cached_mxbai,73,1782199896.697776,,,
9344,1,svm,max,balanced,cached_mxbai,74,1782199896.7527556,,,
9004,1,svm,max,balanced,cached_mxbai,75,1782199896.8063955,,,
10220,1,svm,max,balanced,cached_mxbai,76,1782199896.8599124,,,
5656,1,svm,max,balanced,cached_mxbai,77,1782199896.913885,,,
6767,0,svm,max,balanced,cached_mxbai,78,1782199896.9703104,,,
1802,1,svm,max,balanced,cached_mxbai,79,1782199897.025989,,,
5976,0,svm,max,balanced,cached_mxbai,80,1782199897.0820546,,,
8087,1,svm,max,balanced,cached_mxbai,81,1782199897.1360512,,,
1833,1,svm,max,balanced,cached_mxbai,82,1782199897.1894393,,,
8552,0,svm,max,balanced,cached_mxbai,83,1782199897.243483,,,
5115,0,svm,max,balanced,cached_mxbai,84,1782199897.2968955,,,
9772,1,svm,max,balanced,cached_mxbai,85,1782199897.350854,,,
3451,1,svm,max,balanced,cached_mxbai,86,1782199897.4091012,,,
6481,0,svm,max,balanced,cached_mxbai,87,1782199897.4633763,,,
1676,0,svm,max,balanced,cached_mxbai,88,1782199897.5172076,,,
10015,1,svm,max,balanced,cached_mxbai,89,1782199897.5715423,,,
7026,0,svm,max,balanced,cached_mxbai,90,1782199897.625816,,,
6904,1,svm,max,balanced,cached_mxbai,91,1782199897.680181,,,
6902,1,svm,max,balanced,cached_mxbai,92,1782199897.7358546,,,
8412,1,svm,max,balanced,cached_mxbai,93,1782199897.7893553,,,
8719,1,svm,max,balanced,cached_mxbai,94,1782199897.8437476,,,
4083,0,svm,max,balanced,cached_mxbai,95,1782199897.8979256,,,
8594,1,svm,max,balanced,cached_mxbai,96,1782199897.95316,,,
8843,0,svm,max,balanced,cached_mxbai,97,1782199898.0100121,,,
7373,1,svm,max,balanced,cached_mxbai,98,1782199898.0644124,,,
8718,0,svm,max,balanced,cached_mxbai,99,1782199898.118106,,,
6628,0,svm,max,balanced,cached_mxbai,100,1782199898.172529,,,
5646,1,svm,max,balanced,cached_mxbai,101,1782199898.2268546,,,
10029,0,svm,max,balanced,cached_mxbai,102,1782199898.2815108,,,
10523,1,svm,max,balanced,cached_mxbai,103,1782199898.3350613,,,
5369,1,svm,max,balanced,cached_mxbai,104,1782199898.3908727,,,
4456,0,svm,max,balanced,cached_mxbai,105,1782199898.4531476,,,
4950,0,svm,max,balanced,cached_mxbai,106,1782199898.5089695,,,
10447,1,svm,max,balanced,cached_mxbai,107,1782199898.5657837,,,
3590,0,svm,max,balanced,cached_mxbai,108,1782199898.620776,,,
7179,0,svm,max,balanced,cached_mxbai,109,1782199898.6746314,,,
5749,1,svm,max,balanced,cached_mxbai,110,1782199898.732879,,,
8378,0,svm,max,balanced,cached_mxbai,111,1782199898.7871885,,,
4557,0,svm,max,balanced,cached_mxbai,112,1782199898.8411958,,,
8295,0,svm,max,balanced,cached_mxbai,113,1782199898.8947487,,,
3019,1,svm,max,balanced,cached_mxbai,114,1782199898.94942,,,
5715,0,svm,max,balanced,cached_mxbai,115,1782199899.0055647,,,
5750,0,svm,max,balanced,cached_mxbai,116,1782199899.0615,,,
681,0,svm,max,balanced,cached_mxbai,117,1782199899.115669,,,
4547,0,svm,max,balanced,cached_mxbai,118,1782199899.169859,,,
9380,0,svm,max,balanced,cached_mxbai,119,1782199899.2247765,,,
3931,1,svm,max,balanced,cached_mxbai,120,1782199899.2799628,,,
5353,1,svm,max,balanced,cached_mxbai,121,1782199899.333804,,,
9498,1,svm,max,balanced,cached_mxbai,122,1782199899.389204,,,
5301,1,svm,max,balanced,cached_mxbai,123,1782199899.4489322,,,
9959,1,svm,max,balanced,cached_mxbai,124,1782199899.5044746,,,
5297,0,svm,max,balanced,cached_mxbai,125,1782199899.5595505,,,
5333,0,svm,max,balanced,cached_mxbai,126,1782199899.6147077,,,
6376,0,svm,max,balanced,cached_mxbai,127,1782199899.6694703,,,
10456,0,svm,max,balanced,cached_mxbai,128,1782199899.724505,,,
8537,1,svm,max,balanced,cached_mxbai,129,1782199899.7814658,,,
5298,1,svm,max,balanced,cached_mxbai,130,1782199899.83667,,,
8535,1,svm,max,balanced,cached_mxbai,131,1782199899.891548,,,
5302,1,svm,max,balanced,cached_mxbai,132,1782199899.9476652,,,
831,1,svm,max,balanced,cached_mxbai,133,1782199900.0081716,,,
1674,0,svm,max,balanced,cached_mxbai,134,1782199900.0680816,,,
10053,0,svm,max,balanced,cached_mxbai,135,1782199900.1258202,,,
6053,1,svm,max,balanced,cached_mxbai,136,1782199900.184137,,,
6673,1,svm,max,balanced,cached_mxbai,137,1782199900.241959,,,
8649,1,svm,max,balanced,cached_mxbai,138,1782199900.300995,,,
5081,0,svm,max,balanced,cached_mxbai,139,1782199900.3575833,,,
839,0,svm,max,balanced,cached_mxbai,140,1782199900.41395,,,
7863,1,svm,max,balanced,cached_mxbai,141,1782199900.4762788,,,
1747,1,svm,max,balanced,cached_mxbai,142,1782199900.5321307,,,
1748,0,svm,max,balanced,cached_mxbai,143,1782199900.58874,,,
5739,1,svm,max,balanced,cached_mxbai,144,1782199900.6445668,,,
8163,1,svm,max,balanced,cached_mxbai,145,1782199900.700352,,,
521,0,svm,max,balanced,cached_mxbai,146,1782199900.7583673,,,
6637,1,svm,max,balanced,cached_mxbai,147,1782199900.814805,,,
6257,0,svm,max,balanced,cached_mxbai,148,1782199900.8712797,,,
9685,1,svm,max,balanced,cached_mxbai,149,1782199900.9275134,,,
7928,0,svm,max,balanced,cached_mxbai,150,1782199900.986186,,,
1675,1,svm,max,balanced,cached_mxbai,151,1782199901.044921,,,
845,0,svm,max,balanced,cached_mxbai,152,1782199901.1024995,,,
4457,0,svm,max,balanced,cached_mxbai,153,1782199901.1588693,,,
8094,1,svm,max,balanced,cached_mxbai,154,1782199901.2151017,,,
8730,0,svm,max,balanced,cached_mxbai,155,1782199901.2717862,,,
9720,0,svm,max,balanced,cached_mxbai,156,1782199901.3296363,,,
9740,0,svm,max,balanced,cached_mxbai,157,1782199901.385696,,,
8503,1,svm,max,balanced,cached_mxbai,158,1782199901.4459872,,,
4283,0,svm,max,balanced,cached_mxbai,159,1782199901.5024924,,,
982,0,svm,max,balanced,cached_mxbai,160,1782199901.5587325,,,
8775,0,svm,max,balanced,cached_mxbai,161,1782199901.6150327,,,
7655,1,svm,max,balanced,cached_mxbai,162,1782199901.6712036,,,
9686,1,svm,max,balanced,cached_mxbai,163,1782199901.7279232,,,
10035,0,svm,max,balanced,cached_mxbai,164,1782199901.7867453,,,
543,0,svm,max,balanced,cached_mxbai,165,1782199901.84385,,,
9658,0,svm,max,balanced,cached_mxbai,166,1782199901.9010043,,,
8314,1,svm,max,balanced,cached_mxbai,167,1782199901.959526,,,
3190,0,svm,max,balanced,cached_mxbai,168,1782199902.0182772,,,
4452,0,svm,max,balanced,cached_mxbai,169,1782199902.076079,,,
8306,1,svm,max,balanced,cached_mxbai,170,1782199902.133642,,,
8807,0,svm,max,balanced,cached_mxbai,171,1782199902.190395,,,
8401,0,svm,max,balanced,cached_mxbai,172,1782199902.2472873,,,
4591,0,svm,max,balanced,cached_mxbai,173,1782199902.3047688,,,
1488,0,svm,max,balanced,cached_mxbai,174,1782199902.3619215,,,
9142,0,svm,max,balanced,cached_mxbai,175,1782199902.4191515,,,
8656,0,svm,max,balanced,cached_mxbai,176,1782199902.481582,,,
5670,0,svm,max,balanced,cached_mxbai,177,1782199902.5390682,,,
6197,0,svm,max,balanced,cached_mxbai,178,1782199902.5972733,,,
3692,0,svm,max,balanced,cached_mxbai,179,1782199902.654642,,,
6174,0,svm,max,balanced,cached_mxbai,180,1782199902.7121754,,,
8620,0,svm,max,balanced,cached_mxbai,181,1782199902.7714305,,,
7413,1,svm,max,balanced,cached_mxbai,182,1782199902.8310864,,,
1728,1,svm,max,balanced,cached_mxbai,183,1782199902.8912833,,,
10147,1,svm,max,balanced,cached_mxbai,184,1782199902.9508996,,,
7877,1,svm,max,balanced,cached_mxbai,185,1782199903.0092788,,,
9750,1,svm,max,balanced,cached_mxbai,186,1782199903.0684614,,,
1726,1,svm,max,balanced,cached_mxbai,187,1782199903.126575,,,
4549,0,svm,max,balanced,cached_mxbai,188,1782199903.1846297,,,
9525,0,svm,max,balanced,cached_mxbai,189,1782199903.2435722,,,
1311,0,svm,max,balanced,cached_mxbai,190,1782199903.3021352,,,
4345,0,svm,max,balanced,cached_mxbai,191,1782199903.3595605,,,
989,0,svm,max,balanced,cached_mxbai,192,1782199903.4176147,,,
1028,0,svm,max,balanced,cached_mxbai,193,1782199903.479984,,,
6111,0,svm,max,balanced,cached_mxbai,194,1782199903.5393128,,,
10324,0,svm,max,balanced,cached_mxbai,195,1782199903.5985124,,,
1110,0,svm,max,balanced,cached_mxbai,196,1782199903.6581469,,,
1786,0,svm,max,balanced,cached_mxbai,197,1782199903.7182298,,,
8442,0,svm,max,balanced,cached_mxbai,198,1782199903.7790601,,,
8460,0,svm,max,balanced,cached_mxbai,199,1782199903.8387089,,,
9360,0,svm,max,balanced,cached_mxbai,200,1782199903.8976972,,,
5565,0,svm,max,balanced,cached_mxbai,201,1782199903.9573128,,,
5972,0,svm,max,balanced,cached_mxbai,202,1782199904.0165672,,,
4534,0,svm,max,balanced,cached_mxbai,203,1782199904.0781178,,,
9835,0,svm,max,balanced,cached_mxbai,204,1782199904.1372313,,,
4558,0,svm,max,balanced,cached_mxbai,205,1782199904.1965866,,,
183,0,svm,max,balanced,cached_mxbai,206,1782199904.2564948,,,
7754,0,svm,max,balanced,cached_mxbai,207,1782199904.3150082,,,
9325,1,svm,max,balanced,cached_mxbai,208,1782199904.372631,,,
4666,0,svm,max,balanced,cached_mxbai,209,1782199904.4311645,,,
8691,0,svm,max,balanced,cached_mxbai,210,1782199904.4939892,,,
3509,0,svm,max,balanced,cached_mxbai,211,1782199904.5524426,,,
1649,0,svm,max,balanced,cached_mxbai,212,1782199904.6108823,,,
2011,0,svm,max,balanced,cached_mxbai,213,1782199904.669789,,,
4448,0,svm,max,balanced,cached_mxbai,214,1782199904.7290053,,,
4508,0,svm,max,balanced,cached_mxbai,215,1782199904.7898698,,,
3077,0,svm,max,balanced,cached_mxbai,216,1782199904.8499029,,,
1002,1,svm,max,balanced,cached_mxbai,217,1782199904.9094586,,,
5714,1,svm,max,balanced,cached_mxbai,218,1782199904.9692223,,,
6227,0,svm,max,balanced,cached_mxbai,219,1782199905.0342264,,,
6783,0,svm,max,balanced,cached_mxbai,220,1782199905.0958114,,,
4423,0,svm,max,balanced,cached_mxbai,221,1782199905.1573167,,,
1272,0,svm,max,balanced,cached_mxbai,222,1782199905.2197435,,,
7724,1,svm,max,balanced,cached_mxbai,223,1782199905.3058255,,,
6617,0,svm,max,balanced,cached_mxbai,224,1782199905.3834248,,,
7561,0,svm,max,balanced,cached_mxbai,225,1782199905.4427106,,,
9170,1,svm,max,balanced,cached_mxbai,226,1782199905.5056474,,,
8505,0,svm,max,balanced,cached_mxbai,227,1782199905.5650342,,,
5322,0,svm,max,balanced,cached_mxbai,228,1782199905.6248162,,,
9346,1,svm,max,balanced,cached_mxbai,229,1782199905.6839132,,,
5299,0,svm,max,balanced,cached_mxbai,230,1782199905.7439141,,,
4965,0,svm,max,balanced,cached_mxbai,231,1782199905.8059995,,,
9077,0,svm,max,balanced,cached_mxbai,232,1782199905.8656683,,,
6627,0,svm,max,balanced,cached_mxbai,233,1782199905.9253366,,,
5724,1,svm,max,balanced,cached_mxbai,234,1782199905.9859571,,,
8801,0,svm,max,balanced,cached_mxbai,235,1782199906.0470002,,,
4752,0,svm,max,balanced,cached_mxbai,236,1782199906.1094613,,,
2294,0,svm,max,balanced,cached_mxbai,237,1782199906.1702638,,,
5296,0,svm,max,balanced,cached_mxbai,238,1782199906.2309551,,,
5888,1,svm,max,balanced,cached_mxbai,239,1782199906.2913299,,,
10051,0,svm,max,balanced,cached_mxbai,240,1782199906.3511288,,,
5782,0,svm,max,balanced,cached_mxbai,241,1782199906.411524,,,
4425,0,svm,max,balanced,cached_mxbai,242,1782199906.4745827,,,
8047,1,svm,max,balanced,cached_mxbai,243,1782199906.5369768,,,
9758,0,svm,max,balanced,cached_mxbai,244,1782199906.597758,,,
4464,1,svm,max,balanced,cached_mxbai,245,1782199906.657819,,,
5492,0,svm,max,balanced,cached_mxbai,246,1782199906.7174668,,,
6632,1,svm,max,balanced,cached_mxbai,247,1782199906.7787259,,,
6630,0,svm,max,balanced,cached_mxbai,248,1782199906.8389752,,,
1645,1,svm,max,balanced,cached_mxbai,249,1782199906.8988984,,,
5986,1,svm,max,balanced,cached_mxbai,250,1782199906.9597158,,,
5985,0,svm,max,balanced,cached_mxbai,251,1782199907.0220861,,,
5059,0,svm,max,balanced,cached_mxbai,252,1782199907.0850308,,,
3135,0,svm,max,balanced,cached_mxbai,253,1782199907.1458275,,,
4786,0,svm,max,balanced,cached_mxbai,254,1782199907.2077594,,,
6479,0,svm,max,balanced,cached_mxbai,255,1782199907.2692974,,,
6874,0,svm,max,balanced,cached_mxbai,256,1782199907.3313916,,,
5865,0,svm,max,balanced,cached_mxbai,257,1782199907.3935726,,,
10028,1,svm,max,balanced,cached_mxbai,258,1782199907.4547863,,,
9027,0,svm,max,balanced,cached_mxbai,259,1782199907.5199232,,,
5948,0,svm,max,balanced,cached_mxbai,260,1782199907.5807374,,,
8815,1,svm,max,balanced,cached_mxbai,261,1782199907.6407895,,,
9944,0,svm,max,balanced,cached_mxbai,262,1782199907.7018802,,,
2681,0,svm,max,balanced,cached_mxbai,263,1782199907.7714398,,,
9462,0,svm,max,balanced,cached_mxbai,264,1782199907.8387706,,,
6268,0,svm,max,balanced,cached_mxbai,265,1782199907.905074,,,
4460,0,svm,max,balanced,cached_mxbai,266,1782199907.96855,,,
1005,0,svm,max,balanced,cached_mxbai,267,1782199908.0360131,,,
6520,0,svm,max,balanced,cached_mxbai,268,1782199908.1044796,,,
4210,0,svm,max,balanced,cached_mxbai,269,1782199908.1717536,,,
3464,0,svm,max,balanced,cached_mxbai,270,1782199908.2392683,,,
1554,0,svm,max,balanced,cached_mxbai,271,1782199908.306114,,,
6018,0,svm,max,balanced,cached_mxbai,272,1782199908.374014,,,
6448,0,svm,max,balanced,cached_mxbai,273,1782199908.4368553,,,
3372,0,svm,max,balanced,cached_mxbai,274,1782199908.5031416,,,
5624,0,svm,max,balanced,cached_mxbai,275,1782199908.5656216,,,
6665,0,svm,max,balanced,cached_mxbai,276,1782199908.6296418,,,
4450,0,svm,max,balanced,cached_mxbai,277,1782199908.6931534,,,
6716,0,svm,max,balanced,cached_mxbai,278,1782199908.7562778,,,
1552,0,svm,max,balanced,cached_mxbai,279,1782199908.8214195,,,
8787,0,svm,max,balanced,cached_mxbai,280,1782199908.88544,,,
7278,0,svm,max,balanced,cached_mxbai,281,1782199908.9485397,,,
7176,0,svm,max,balanced,cached_mxbai,282,1782199909.0132394,,,
5305,0,svm,max,balanced,cached_mxbai,283,1782199909.0788574,,,
6624,0,svm,max,balanced,cached_mxbai,284,1782199909.1441636,,,
5560,0,svm,max,balanced,cached_mxbai,285,1782199909.2102742,,,
9107,0,svm,max,balanced,cached_mxbai,286,1782199909.275107,,,
4751,0,svm,max,balanced,cached_mxbai,287,1782199909.338466,,,
10101,0,svm,max,balanced,cached_mxbai,288,1782199909.4037404,,,
9989,1,svm,max,balanced,cached_mxbai,289,1782199909.4685857,,,
5085,0,svm,max,balanced,cached_mxbai,290,1782199909.537539,,,
3908,0,svm,max,balanced,cached_mxbai,291,1782199909.6030247,,,
4468,0,svm,max,balanced,cached_mxbai,292,1782199909.667222,,,
4326,0,svm,max,balanced,cached_mxbai,293,1782199909.7323723,,,
4718,0,svm,max,balanced,cached_mxbai,294,1782199909.7994425,,,
589,0,svm,max,balanced,cached_mxbai,295,1782199909.8639452,,,
5071,0,svm,max,balanced,cached_mxbai,296,1782199909.9296806,,,
4643,0,svm,max,balanced,cached_mxbai,297,1782199909.995246,,,
4529,0,svm,max,balanced,cached_mxbai,298,1782199910.0608213,,,
6158,0,svm,max,balanced,cached_mxbai,299,1782199910.12482,,,
8247,1,svm,max,balanced,cached_mxbai,300,1782199910.189682,,,
1047,1,svm,max,balanced,cached_mxbai,301,1782199910.2547023,,,
725,0,svm,max,balanced,cached_mxbai,302,1782199910.320152,,,
4504,0,svm,max,balanced,cached_mxbai,303,1782199910.3866317,,,
4592,0,svm,max,balanced,cached_mxbai,304,1782199910.4528706,,,
7942,0,svm,max,balanced,cached_mxbai,305,1782199910.5222208,,,
6633,0,svm,max,balanced,cached_mxbai,306,1782199910.587174,,,
9892,0,svm,max,balanced,cached_mxbai,307,1782199910.6525354,,,
7905,0,svm,max,balanced,cached_mxbai,308,1782199910.7183127,,,
6916,0,svm,max,balanced,cached_mxbai,309,1782199910.7846029,,,
5209,0,svm,max,balanced,cached_mxbai,310,1782199910.849179,,,
1729,0,svm,max,balanced,cached_mxbai,311,1782199910.914354,,,
6098,0,svm,max,balanced,cached_mxbai,312,1782199910.9801311,,,
5606,0,svm,max,balanced,cached_mxbai,313,1782199911.0484955,,,
10037,0,svm,max,balanced,cached_mxbai,314,1782199911.1161752,,,
4055,0,svm,max,balanced,cached_mxbai,315,1782199911.1842813,,,
5293,0,svm,max,balanced,cached_mxbai,316,1782199911.2497044,,,
8561,0,svm,max,balanced,cached_mxbai,317,1782199911.3184364,,,
10590,0,svm,max,balanced,cached_mxbai,318,1782199911.3852496,,,
10502,0,svm,max,balanced,cached_mxbai,319,1782199911.4507413,,,
7200,0,svm,max,balanced,cached_mxbai,320,1782199911.5207589,,,
7686,0,svm,max,balanced,cached_mxbai,321,1782199911.587734,,,
7172,0,svm,max,balanced,cached_mxbai,322,1782199911.654135,,,
1271,0,svm,max,balanced,cached_mxbai,323,1782199911.7202437,,,
4455,0,svm,max,balanced,cached_mxbai,324,1782199911.788239,,,
7288,0,svm,max,balanced,cached_mxbai,325,1782199911.8543363,,,
8465,0,svm,max,balanced,cached_mxbai,326,1782199911.9222383,,,
4029,0,svm,max,balanced,cached_mxbai,327,1782199911.9906383,,,
4743,0,svm,max,balanced,cached_mxbai,328,1782199912.0586936,,,
1819,0,svm,max,balanced,cached_mxbai,329,1782199912.1263819,,,
4406,0,svm,max,balanced,cached_mxbai,330,1782199912.1938186,,,
5561,0,svm,max,balanced,cached_mxbai,331,1782199912.260566,,,
2800,0,svm,max,balanced,cached_mxbai,332,1782199912.32753,,,
1083,0,svm,max,balanced,cached_mxbai,333,1782199912.395515,,,
8971,0,svm,max,balanced,cached_mxbai,334,1782199912.4625952,,,
9168,0,svm,max,balanced,cached_mxbai,335,1782199912.5332408,,,
7711,0,svm,max,balanced,cached_mxbai,336,1782199912.5990574,,,
4338,0,svm,max,balanced,cached_mxbai,337,1782199912.665246,,,
6508,0,svm,max,balanced,cached_mxbai,338,1782199912.731652,,,
1232,0,svm,max,balanced,cached_mxbai,339,1782199912.7997694,,,
6480,0,svm,max,balanced,cached_mxbai,340,1782199912.8664904,,,
4293,0,svm,max,balanced,cached_mxbai,341,1782199912.9337158,,,
4887,0,svm,max,balanced,cached_mxbai,342,1782199913.0016034,,,
7299,0,svm,max,balanced,cached_mxbai,343,1782199913.0706017,,,
10062,0,svm,max,balanced,cached_mxbai,344,1782199913.1378431,,,
4971,0,svm,max,balanced,cached_mxbai,345,1782199913.207597,,,
8926,0,svm,max,balanced,cached_mxbai,346,1782199913.274483,,,
7851,0,svm,max,balanced,cached_mxbai,347,1782199913.341302,,,
7012,0,svm,max,balanced,cached_mxbai,348,1782199913.4089134,,,
4461,0,svm,max,balanced,cached_mxbai,349,1782199913.477361,,,
3145,1,svm,max,balanced,cached_mxbai,350,1782199913.550063,,,
4077,0,svm,max,balanced,cached_mxbai,351,1782199913.618251,,,
3891,0,svm,max,balanced,cached_mxbai,352,1782199913.6839352,,,
9025,0,svm,max,balanced,cached_mxbai,353,1782199913.7528386,,,
8117,0,svm,max,balanced,cached_mxbai,354,1782199913.8226013,,,
3102,0,svm,max,balanced,cached_mxbai,355,1782199913.8908823,,,
4466,0,svm,max,balanced,cached_mxbai,356,1782199913.9593666,,,
4986,0,svm,max,balanced,cached_mxbai,357,1782199914.0291505,,,
5368,1,svm,max,balanced,cached_mxbai,358,1782199914.0976968,,,
2958,0,svm,max,balanced,cached_mxbai,359,1782199914.1671152,,,
7878,0,svm,max,balanced,cached_mxbai,360,1782199914.2371497,,,
8651,0,svm,max,balanced,cached_mxbai,361,1782199914.305996,,,
8366,0,svm,max,balanced,cached_mxbai,362,1782199914.3740613,,,
7790,0,svm,max,balanced,cached_mxbai,363,1782199914.4419885,,,
4436,0,svm,max,balanced,cached_mxbai,364,1782199914.5115001,,,
4548,0,svm,max,balanced,cached_mxbai,365,1782199914.5842688,,,
8643,0,svm,max,balanced,cached_mxbai,366,1782199914.6525779,,,
3389,0,svm,max,balanced,cached_mxbai,367,1782199914.7214696,,,
8077,0,svm,max,balanced,cached_mxbai,368,1782199914.7919405,,,
4036,0,svm,max,balanced,cached_mxbai,369,1782199914.8605003,,,
10016,1,svm,max,balanced,cached_mxbai,370,1782199914.9285586,,,
1424,0,svm,max,balanced,cached_mxbai,371,1782199914.9971256,,,
7184,0,svm,max,balanced,cached_mxbai,372,1782199915.0715592,,,
220,0,svm,max,balanced,cached_mxbai,373,1782199915.1429353,,,
5767,0,svm,max,balanced,cached_mxbai,374,1782199915.2164783,,,
4465,0,svm,max,balanced,cached_mxbai,375,1782199915.2999084,,,
3963,0,svm,max,balanced,cached_mxbai,376,1782199915.3863626,,,
662,0,svm,max,balanced,cached_mxbai,377,1782199915.4558392,,,
4467,0,svm,max,balanced,cached_mxbai,378,1782199915.5262773,,,
1145,0,svm,max,balanced,cached_mxbai,379,1782199915.599974,,,
8806,1,svm,max,balanced,cached_mxbai,380,1782199915.669257,,,
5792,0,svm,max,balanced,cached_mxbai,381,1782199915.741082,,,
3768,0,svm,max,balanced,cached_mxbai,382,1782199915.8136833,,,
6519,0,svm,max,balanced,cached_mxbai,383,1782199915.8848836,,,
9430,0,svm,max,balanced,cached_mxbai,384,1782199915.9548867,,,
5586,0,svm,max,balanced,cached_mxbai,385,1782199916.0254092,,,
3961,0,svm,max,balanced,cached_mxbai,386,1782199916.0965035,,,
1489,0,svm,max,balanced,cached_mxbai,387,1782199916.1696873,,,
1817,0,svm,max,balanced,cached_mxbai,388,1782199916.2421398,,,
6258,1,svm,max,balanced,cached_mxbai,389,1782199916.3126888,,,
10146,0,svm,max,balanced,cached_mxbai,390,1782199916.3848302,,,
10563,1,svm,max,balanced,cached_mxbai,391,1782199916.4554427,,,
4413,0,svm,max,balanced,cached_mxbai,392,1782199916.525788,,,
7147,0,svm,max,balanced,cached_mxbai,393,1782199916.601705,,,
6921,0,svm,max,balanced,cached_mxbai,394,1782199916.6740546,,,
8188,0,svm,max,balanced,cached_mxbai,395,1782199916.745052,,,
2489,0,svm,max,balanced,cached_mxbai,396,1782199916.818025,,,
1038,0,svm,max,balanced,cached_mxbai,397,1782199916.8886936,,,
5414,0,svm,max,balanced,cached_mxbai,398,1782199916.9598095,,,
4353,0,svm,max,balanced,cached_mxbai,399,1782199917.0326107,,,
1228,0,svm,max,balanced,cached_mxbai,400,1782199917.1088266,,,
8334,0,svm,max,balanced,cached_mxbai,401,1782199917.1808271,,,
3176,0,svm,max,balanced,cached_mxbai,402,1782199917.252682,,,
558,0,svm,max,balanced,cached_mxbai,403,1782199917.32382,,,
1081,0,svm,max,balanced,cached_mxbai,404,1782199917.395436,,,
4688,0,svm,max,balanced,cached_mxbai,405,1782199917.4676926,,,
8395,0,svm,max,balanced,cached_mxbai,406,1782199917.540492,,,
6926,0,svm,max,balanced,cached_mxbai,407,1782199917.6183271,,,
9684,0,svm,max,balanced,cached_mxbai,408,1782199917.6915412,,,
657,0,svm,max,balanced,cached_mxbai,409,1782199917.7644925,,,
4976,0,svm,max,balanced,cached_mxbai,410,1782199917.8376427,,,
5193,0,svm,max,balanced,cached_mxbai,411,1782199917.910893,,,
5967,1,svm,max,balanced,cached_mxbai,412,1782199917.9831653,,,
9805,0,svm,max,balanced,cached_mxbai,413,1782199918.0575404,,,
6781,1,svm,max,balanced,cached_mxbai,414,1782199918.130593,,,
6782,0,svm,max,balanced,cached_mxbai,415,1782199918.2060473,,,
3343,0,svm,max,balanced,cached_mxbai,416,1782199918.2798247,,,
6779,1,svm,max,balanced,cached_mxbai,417,1782199918.3529317,,,
3718,0,svm,max,balanced,cached_mxbai,418,1782199918.4287088,,,
3144,0,svm,max,balanced,cached_mxbai,419,1782199918.4999855,,,
5521,0,svm,max,balanced,cached_mxbai,420,1782199918.5765269,,,
3568,0,svm,max,balanced,cached_mxbai,421,1782199918.648545,,,
6640,0,svm,max,balanced,cached_mxbai,422,1782199918.721131,,,
1061,0,svm,max,balanced,cached_mxbai,423,1782199918.7956712,,,
4885,0,svm,max,balanced,cached_mxbai,424,1782199918.8708465,,,
4738,0,svm,max,balanced,cached_mxbai,425,1782199918.942681,,,
8887,0,svm,max,balanced,cached_mxbai,426,1782199919.0161085,,,
9770,1,svm,max,balanced,cached_mxbai,427,1782199919.0925,,,
6881,1,svm,max,balanced,cached_mxbai,428,1782199919.1693733,,,
8375,0,svm,max,balanced,cached_mxbai,429,1782199919.2457051,,,
1004,0,svm,max,balanced,cached_mxbai,430,1782199919.321548,,,
4064,0,svm,max,balanced,cached_mxbai,431,1782199919.3968322,,,
1001,0,svm,max,balanced,cached_mxbai,432,1782199919.4718513,,,
3433,0,svm,max,balanced,cached_mxbai,433,1782199919.5457394,,,
1906,0,svm,max,balanced,cached_mxbai,434,1782199919.6239283,,,
5257,0,svm,max,balanced,cached_mxbai,435,1782199919.697801,,,
8145,0,svm,max,balanced,cached_mxbai,436,1782199919.7712839,,,
6464,0,svm,max,balanced,cached_mxbai,437,1782199919.8450582,,,
2705,0,svm,max,balanced,cached_mxbai,438,1782199919.920021,,,
4531,0,svm,max,balanced,cached_mxbai,439,1782199919.9919558,,,
5306,0,svm,max,balanced,cached_mxbai,440,1782199920.066663,,,
8485,0,svm,max,balanced,cached_mxbai,441,1782199920.1424336,,,
3243,0,svm,max,balanced,cached_mxbai,442,1782199920.2200255,,,
4973,0,svm,max,balanced,cached_mxbai,443,1782199920.2938943,,,
7215,0,svm,max,balanced,cached_mxbai,444,1782199920.3699677,,,
9255,0,svm,max,balanced,cached_mxbai,445,1782199920.445052,,,
3027,0,svm,max,balanced,cached_mxbai,446,1782199920.5198665,,,
7435,0,svm,max,balanced,cached_mxbai,447,1782199920.5987723,,,
9204,0,svm,max,balanced,cached_mxbai,448,1782199920.6726272,,,
4628,0,svm,max,balanced,cached_mxbai,449,1782199920.7465434,,,
1708,0,svm,max,balanced,cached_mxbai,450,1782199920.8217716,,,
6496,0,svm,max,balanced,cached_mxbai,451,1782199920.8956304,,,
7943,0,svm,max,balanced,cached_mxbai,452,1782199920.9708395,,,
5941,0,svm,max,balanced,cached_mxbai,453,1782199921.0495021,,,
7678,0,svm,max,balanced,cached_mxbai,454,1782199921.128021,,,
4778,0,svm,max,balanced,cached_mxbai,455,1782199921.2056892,,,
5975,0,svm,max,balanced,cached_mxbai,456,1782199921.2830184,,,
3804,0,svm,max,balanced,cached_mxbai,457,1782199921.3593273,,,
5176,0,svm,max,balanced,cached_mxbai,458,1782199921.436527,,,
4661,0,svm,max,balanced,cached_mxbai,459,1782199921.5130734,,,
5769,0,svm,max,balanced,cached_mxbai,460,1782199921.5880485,,,
99,0,svm,max,balanced,cached_mxbai,461,1782199921.6670587,,,
6377,0,svm,max,balanced,cached_mxbai,462,1782199921.742424,,,
7140,0,svm,max,balanced,cached_mxbai,463,1782199921.8176808,,,
958,0,svm,max,balanced,cached_mxbai,464,1782199921.8931644,,,
3679,0,svm,max,balanced,cached_mxbai,465,1782199921.9691715,,,
832,0,svm,max,balanced,cached_mxbai,466,1782199922.046735,,,
4451,0,svm,max,balanced,cached_mxbai,467,1782199922.1242247,,,
5210,0,svm,max,balanced,cached_mxbai,468,1782199922.1997452,,,
4487,0,svm,max,balanced,cached_mxbai,469,1782199922.2748048,,,
9774,0,svm,max,balanced,cached_mxbai,470,1782199922.3517861,,,
6100,0,svm,max,balanced,cached_mxbai,471,1782199922.428972,,,
7017,0,svm,max,balanced,cached_mxbai,472,1782199922.5075755,,,
1191,0,svm,max,balanced,cached_mxbai,473,1782199922.5840185,,,
5633,0,svm,max,balanced,cached_mxbai,474,1782199922.6620557,,,
8422,1,svm,max,balanced,cached_mxbai,475,1782199922.7383623,,,
7896,0,svm,max,balanced,cached_mxbai,476,1782199922.814596,,,
4805,0,svm,max,balanced,cached_mxbai,477,1782199922.8924026,,,
3775,0,svm,max,balanced,cached_mxbai,478,1782199922.9681792,,,
4829,0,svm,max,balanced,cached_mxbai,479,1782199923.0442576,,,
4449,0,svm,max,balanced,cached_mxbai,480,1782199923.123135,,,
4616,0,svm,max,balanced,cached_mxbai,481,1782199923.204206,,,
5563,0,svm,max,balanced,cached_mxbai,482,1782199923.284648,,,
74,0,svm,max,balanced,cached_mxbai,483,1782199923.365932,,,
838,0,svm,max,balanced,cached_mxbai,484,1782199923.4458833,,,
9600,0,svm,max,balanced,cached_mxbai,485,1782199923.5254624,,,
6490,0,svm,max,balanced,cached_mxbai,486,1782199923.6121483,,,
1599,0,svm,max,balanced,cached_mxbai,487,1782199923.6900802,,,
4785,0,svm,max,balanced,cached_mxbai,488,1782199923.7672992,,,
3459,0,svm,max,balanced,cached_mxbai,489,1782199923.846057,,,
8596,0,svm,max,balanced,cached_mxbai,490,1782199923.9238212,,,
1403,0,svm,max,balanced,cached_mxbai,491,1782199924.0017123,,,
1520,0,svm,max,balanced,cached_mxbai,492,1782199924.0796766,,,
5102,0,svm,max,balanced,cached_mxbai,493,1782199924.1587365,,,
4396,0,svm,max,balanced,cached_mxbai,494,1782199924.2374148,,,
6891,0,svm,max,balanced,cached_mxbai,495,1782199924.316548,,,
3672,0,svm,max,balanced,cached_mxbai,496,1782199924.3955443,,,
6738,0,svm,max,balanced,cached_mxbai,497,1782199924.4741237,,,
4881,0,svm,max,balanced,cached_mxbai,498,1782199924.5534253,,,
7392,0,svm,max,balanced,cached_mxbai,499,1782199924.632525,,,
4390,0,svm,max,balanced,cached_mxbai,500,1782199924.7106724,,,
4947,0,svm,max,balanced,cached_mxbai,501,1782199924.789427,,,
3576,0,svm,max,balanced,cached_mxbai,502,1782199924.869906,,,
7534,0,svm,max,balanced,cached_mxbai,503,1782199924.9475493,,,
3974,0,svm,max,balanced,cached_mxbai,504,1782199925.0400445,,,
4746,0,svm,max,balanced,cached_mxbai,505,1782199925.1210535,,,
3065,0,svm,max,balanced,cached_mxbai,506,1782199925.2039325,,,
5780,0,svm,max,balanced,cached_mxbai,507,1782199925.3067098,,,
4597,0,svm,max,balanced,cached_mxbai,508,1782199925.397855,,,
4308,0,svm,max,balanced,cached_mxbai,509,1782199925.4798803,,,
4720,0,svm,max,balanced,cached_mxbai,510,1782199925.5597155,,,
6255,0,svm,max,balanced,cached_mxbai,511,1782199925.6375117,,,
4471,0,svm,max,balanced,cached_mxbai,512,1782199925.7150161,,,
4072,0,svm,max,balanced,cached_mxbai,513,1782199925.7935488,,,
4567,0,svm,max,balanced,cached_mxbai,514,1782199925.8737733,,,
4787,0,svm,max,balanced,cached_mxbai,515,1782199925.9516468,,,
2076,0,svm,max,balanced,cached_mxbai,516,1782199926.0320084,,,
3221,0,svm,max,balanced,cached_mxbai,517,1782199926.1110783,,,
9702,0,svm,max,balanced,cached_mxbai,518,1782199926.1919668,,,
10591,0,svm,max,balanced,cached_mxbai,519,1782199926.271522,,,
7104,0,svm,max,balanced,cached_mxbai,520,1782199926.3506923,,,
5556,0,svm,max,balanced,cached_mxbai,521,1782199926.4297297,,,
4511,0,svm,max,balanced,cached_mxbai,522,1782199926.5103106,,,
10026,0,svm,max,balanced,cached_mxbai,523,1782199926.5901074,,,
3919,0,svm,max,balanced,cached_mxbai,524,1782199926.6697438,,,
8991,0,svm,max,balanced,cached_mxbai,525,1782199926.7517018,,,
6133,0,svm,max,balanced,cached_mxbai,526,1782199926.8331037,,,
4779,0,svm,max,balanced,cached_mxbai,527,1782199926.9154732,,,
7080,1,svm,max,balanced,cached_mxbai,528,1782199926.9947777,,,
10227,0,svm,max,balanced,cached_mxbai,529,1782199927.0771894,,,
3032,0,svm,max,balanced,cached_mxbai,530,1782199927.1600022,,,
3150,0,svm,max,balanced,cached_mxbai,531,1782199927.2427728,,,
675,0,svm,max,balanced,cached_mxbai,532,1782199927.3239756,,,
7305,0,svm,max,balanced,cached_mxbai,533,1782199927.4070542,,,
10209,0,svm,max,balanced,cached_mxbai,534,1782199927.4912248,,,
1472,0,svm,max,balanced,cached_mxbai,535,1782199927.5761256,,,
4154,0,svm,max,balanced,cached_mxbai,536,1782199927.6587796,,,
1033,0,svm,max,balanced,cached_mxbai,537,1782199927.740459,,,
7421,0,svm,max,balanced,cached_mxbai,538,1782199927.8253376,,,
559,0,svm,max,balanced,cached_mxbai,539,1782199927.9072957,,,
8714,0,svm,max,balanced,cached_mxbai,540,1782199927.9896846,,,
6618,0,svm,max,balanced,cached_mxbai,541,1782199928.0740302,,,
4669,0,svm,max,balanced,cached_mxbai,542,1782199928.1557786,,,
8556,0,svm,max,balanced,cached_mxbai,543,1782199928.2390857,,,
143,0,svm,max,balanced,cached_mxbai,544,1782199928.3237574,,,
8377,0,svm,max,balanced,cached_mxbai,545,1782199928.4086456,,,
9552,0,svm,max,balanced,cached_mxbai,546,1782199928.497022,,,
3101,0,svm,max,balanced,cached_mxbai,547,1782199928.5910223,,,
6518,0,svm,max,balanced,cached_mxbai,548,1782199928.6753826,,,
3926,0,svm,max,balanced,cached_mxbai,549,1782199928.7603824,,,
3630,0,svm,max,balanced,cached_mxbai,550,1782199928.846923,,,
4520,0,svm,max,balanced,cached_mxbai,551,1782199928.9313297,,,
1810,0,svm,max,balanced,cached_mxbai,552,1782199929.0140975,,,
3787,0,svm,max,balanced,cached_mxbai,553,1782199929.100186,,,
5083,0,svm,max,balanced,cached_mxbai,554,1782199929.1871326,,,
3623,0,svm,max,balanced,cached_mxbai,555,1782199929.2809722,,,
4626,0,svm,max,balanced,cached_mxbai,556,1782199929.3680282,,,
4723,0,svm,max,balanced,cached_mxbai,557,1782199929.4535596,,,
10215,0,svm,max,balanced,cached_mxbai,558,1782199929.5374327,,,
9830,0,svm,max,balanced,cached_mxbai,559,1782199929.622654,,,
10522,0,svm,max,balanced,cached_mxbai,560,1782199929.7059891,,,
6400,0,svm,max,balanced,cached_mxbai,561,1782199929.7898922,,,
3668,0,svm,max,balanced,cached_mxbai,562,1782199929.881019,,,
2901,0,svm,max,balanced,cached_mxbai,563,1782199929.9640787,,,
3806,0,svm,max,balanced,cached_mxbai,564,1782199930.0498533,,,
5056,0,svm,max,balanced,cached_mxbai,565,1782199930.1326368,,,
4748,0,svm,max,balanced,cached_mxbai,566,1782199930.2185504,,,
1391,0,svm,max,balanced,cached_mxbai,567,1782199930.303597,,,
4505,0,svm,max,balanced,cached_mxbai,568,1782199930.389977,,,
9461,1,svm,max,balanced,cached_mxbai,569,1782199930.4737527,,,
5857,0,svm,max,balanced,cached_mxbai,570,1782199930.5602603,,,
3435,0,svm,max,balanced,cached_mxbai,571,1782199930.6449974,,,
114,0,svm,max,balanced,cached_mxbai,572,1782199930.729457,,,
3224,0,svm,max,balanced,cached_mxbai,573,1782199930.8141253,,,
9124,0,svm,max,balanced,cached_mxbai,574,1782199930.8991115,,,
6420,0,svm,max,balanced,cached_mxbai,575,1782199930.9845655,,,
7011,0,svm,max,balanced,cached_mxbai,576,1782199931.0705597,,,
4721,0,svm,max,balanced,cached_mxbai,577,1782199931.1591969,,,
3929,0,svm,max,balanced,cached_mxbai,578,1782199931.2458227,,,
10273,0,svm,max,balanced,cached_mxbai,579,1782199931.331657,,,
9743,0,svm,max,balanced,cached_mxbai,580,1782199931.417806,,,
4373,0,svm,max,balanced,cached_mxbai,581,1782199931.5034885,,,
2625,0,svm,max,balanced,cached_mxbai,582,1782199931.5888767,,,
5049,0,svm,max,balanced,cached_mxbai,583,1782199931.673513,,,
1389,0,svm,max,balanced,cached_mxbai,584,1782199931.7593758,,,
9517,0,svm,max,balanced,cached_mxbai,585,1782199931.8476331,,,
5219,0,svm,max,balanced,cached_mxbai,586,1782199931.9335787,,,
4494,0,svm,max,balanced,cached_mxbai,587,1782199932.0222197,,,
3618,0,svm,max,balanced,cached_mxbai,588,1782199932.1100595,,,
7453,1,svm,max,balanced,cached_mxbai,589,1782199932.1977053,,,
3296,0,svm,max,balanced,cached_mxbai,590,1782199932.2855527,,,
3415,0,svm,max,balanced,cached_mxbai,591,1782199932.3694894,,,
5172,0,svm,max,balanced,cached_mxbai,592,1782199932.457012,,,
9907,0,svm,max,balanced,cached_mxbai,593,1782199932.5449991,,,
4770,0,svm,max,balanced,cached_mxbai,594,1782199932.6328454,,,
6130,0,svm,max,balanced,cached_mxbai,595,1782199932.718819,,,
8605,0,svm,max,balanced,cached_mxbai,596,1782199932.8069587,,,
6732,0,svm,max,balanced,cached_mxbai,597,1782199932.8969715,,,
3726,0,svm,max,balanced,cached_mxbai,598,1782199932.98666,,,
8225,0,svm,max,balanced,cached_mxbai,599,1782199933.0805626,,,
8326,0,svm,max,balanced,cached_mxbai,600,1782199933.1727483,,,
1867,0,svm,max,balanced,cached_mxbai,601,1782199933.2661414,,,
5179,0,svm,max,balanced,cached_mxbai,602,1782199933.3624194,,,
1682,0,svm,max,balanced,cached_mxbai,603,1782199933.4550226,,,
745,0,svm,max,balanced,cached_mxbai,604,1782199933.5441859,,,
4499,0,svm,max,balanced,cached_mxbai,605,1782199933.6348565,,,
7148,0,svm,max,balanced,cached_mxbai,606,1782199933.7244515,,,
7226,0,svm,max,balanced,cached_mxbai,607,1782199933.8146722,,,
6428,0,svm,max,balanced,cached_mxbai,608,1782199933.905672,,,
10389,0,svm,max,balanced,cached_mxbai,609,1782199933.997416,,,
7666,0,svm,max,balanced,cached_mxbai,610,1782199934.0906773,,,
4625,0,svm,max,balanced,cached_mxbai,611,1782199934.1824133,,,
10532,0,svm,max,balanced,cached_mxbai,612,1782199934.279329,,,
9022,0,svm,max,balanced,cached_mxbai,613,1782199934.3726356,,,
4698,0,svm,max,balanced,cached_mxbai,614,1782199934.4683573,,,
532,0,svm,max,balanced,cached_mxbai,615,1782199934.5636137,,,
6146,0,svm,max,balanced,cached_mxbai,616,1782199934.656701,,,
3627,0,svm,max,balanced,cached_mxbai,617,1782199934.7470102,,,
5451,0,svm,max,balanced,cached_mxbai,618,1782199934.8390276,,,
4116,0,svm,max,balanced,cached_mxbai,619,1782199934.929784,,,
4427,0,svm,max,balanced,cached_mxbai,620,1782199935.0297692,,,
7549,0,svm,max,balanced,cached_mxbai,621,1782199935.124496,,,
4100,0,svm,max,balanced,cached_mxbai,622,1782199935.227786,,,
4538,0,svm,max,balanced,cached_mxbai,623,1782199935.358336,,,
699,0,svm,max,balanced,cached_mxbai,624,1782199935.4562016,,,
4707,0,svm,max,balanced,cached_mxbai,625,1782199935.5522647,,,
3761,0,svm,max,balanced,cached_mxbai,626,1782199935.6469808,,,
5321,0,svm,max,balanced,cached_mxbai,627,1782199935.7384307,,,
5394,0,svm,max,balanced,cached_mxbai,628,1782199935.8319578,,,
4506,0,svm,max,balanced,cached_mxbai,629,1782199935.927306,,,
9625,0,svm,max,balanced,cached_mxbai,630,1782199936.022813,,,
3455,0,svm,max,balanced,cached_mxbai,631,1782199936.1191561,,,
9182,0,svm,max,balanced,cached_mxbai,632,1782199936.2129033,,,
4134,0,svm,max,balanced,cached_mxbai,633,1782199936.3112044,,,
1051,0,svm,max,balanced,cached_mxbai,634,1782199936.4083173,,,
5457,0,svm,max,balanced,cached_mxbai,635,1782199936.503408,,,
7460,0,svm,max,balanced,cached_mxbai,636,1782199936.5966995,,,
5019,0,svm,max,balanced,cached_mxbai,637,1782199936.690019,,,
1820,0,svm,max,balanced,cached_mxbai,638,1782199936.7853327,,,
676,0,svm,max,balanced,cached_mxbai,639,1782199936.881227,,,
6889,0,svm,max,balanced,cached_mxbai,640,1782199936.9758115,,,
6074,0,svm,max,balanced,cached_mxbai,641,1782199937.0693362,,,
7784,0,svm,max,balanced,cached_mxbai,642,1782199937.1632407,,,
8471,0,svm,max,balanced,cached_mxbai,643,1782199937.259699,,,
5168,0,svm,max,balanced,cached_mxbai,644,1782199937.3558729,,,
9908,0,svm,max,balanced,cached_mxbai,645,1782199937.451191,,,
4686,0,svm,max,balanced,cached_mxbai,646,1782199937.5478494,,,
430,0,svm,max,balanced,cached_mxbai,647,1782199937.6427279,,,
7121,0,svm,max,balanced,cached_mxbai,648,1782199937.739935,,,
5008,0,svm,max,balanced,cached_mxbai,649,1782199937.834827,,,
5092,0,svm,max,balanced,cached_mxbai,650,1782199937.9309497,,,
3416,0,svm,max,balanced,cached_mxbai,651,1782199938.0271466,,,
7596,0,svm,max,balanced,cached_mxbai,652,1782199938.124441,,,
4088,0,svm,max,balanced,cached_mxbai,653,1782199938.2197285,,,
667,0,svm,max,balanced,cached_mxbai,654,1782199938.3164344,,,
7864,0,svm,max,balanced,cached_mxbai,655,1782199938.4127016,,,
1213,0,svm,max,balanced,cached_mxbai,656,1782199938.5079703,,,
4532,0,svm,max,balanced,cached_mxbai,657,1782199938.6066456,,,
4153,0,svm,max,balanced,cached_mxbai,658,1782199938.7074122,,,
6778,0,svm,max,balanced,cached_mxbai,659,1782199938.8086283,,,
9564,0,svm,max,balanced,cached_mxbai,660,1782199938.902291,,,
4289,0,svm,max,balanced,cached_mxbai,661,1782199938.9925451,,,
4797,0,svm,max,balanced,cached_mxbai,662,1782199939.084316,,,
8168,0,svm,max,balanced,cached_mxbai,663,1782199939.175978,,,
4350,0,svm,max,balanced,cached_mxbai,664,1782199939.266976,,,
7662,0,svm,max,balanced,cached_mxbai,665,1782199939.361476,,,
9249,0,svm,max,balanced,cached_mxbai,666,1782199939.455093,,,
3742,0,svm,max,balanced,cached_mxbai,667,1782199939.547453,,,
6192,0,svm,max,balanced,cached_mxbai,668,1782199939.6384392,,,
2408,0,svm,max,balanced,cached_mxbai,669,1782199939.7292674,,,
1734,0,svm,max,balanced,cached_mxbai,670,1782199939.8219821,,,
9960,0,svm,max,balanced,cached_mxbai,671,1782199939.917455,,,
1879,0,svm,max,balanced,cached_mxbai,672,1782199940.0114505,,,
3827,0,svm,max,balanced,cached_mxbai,673,1782199940.1069849,,,
10424,0,svm,max,balanced,cached_mxbai,674,1782199940.20087,,,
9806,0,svm,max,balanced,cached_mxbai,675,1782199940.2954056,,,
7741,0,svm,max,balanced,cached_mxbai,676,1782199940.3911085,,,
4902,0,svm,max,balanced,cached_mxbai,677,1782199940.4860907,,,
9678,0,svm,max,balanced,cached_mxbai,678,1782199940.580974,,,
6725,0,svm,max,balanced,cached_mxbai,679,1782199940.6731179,,,
10452,0,svm,max,balanced,cached_mxbai,680,1782199940.7653344,,,
7317,1,svm,max,balanced,cached_mxbai,681,1782199940.858693,,,
4793,0,svm,max,balanced,cached_mxbai,682,1782199940.9553745,,,
4941,0,svm,max,balanced,cached_mxbai,683,1782199941.0512938,,,
4527,0,svm,max,balanced,cached_mxbai,684,1782199941.150962,,,
3106,0,svm,max,balanced,cached_mxbai,685,1782199941.2504396,,,
4611,0,svm,max,balanced,cached_mxbai,686,1782199941.3466942,,,
6530,0,svm,max,balanced,cached_mxbai,687,1782199941.4482954,,,
4599,0,svm,max,balanced,cached_mxbai,688,1782199941.5460935,,,
5218,0,svm,max,balanced,cached_mxbai,689,1782199941.6428618,,,
545,0,svm,max,balanced,cached_mxbai,690,1782199941.7375767,,,
516,0,svm,max,balanced,cached_mxbai,691,1782199941.8309708,,,
4659,0,svm,max,balanced,cached_mxbai,692,1782199941.9283202,,,
10317,0,svm,max,balanced,cached_mxbai,693,1782199942.0241606,,,
9813,0,svm,max,balanced,cached_mxbai,694,1782199942.1192498,,,
842,1,svm,max,balanced,cached_mxbai,695,1782199942.215027,,,
4930,0,svm,max,balanced,cached_mxbai,696,1782199942.3089783,,,
4792,0,svm,max,balanced,cached_mxbai,697,1782199942.4054983,,,
5403,0,svm,max,balanced,cached_mxbai,698,1782199942.503076,,,
4677,0,svm,max,balanced,cached_mxbai,699,1782199942.6003368,,,
8884,0,svm,max,balanced,cached_mxbai,700,1782199942.6978974,,,
4565,0,svm,max,balanced,cached_mxbai,701,1782199942.7912154,,,
4458,0,svm,max,balanced,cached_mxbai,702,1782199942.8975878,,,
1883,0,svm,max,balanced,cached_mxbai,703,1782199942.9935296,,,
9829,0,svm,max,balanced,cached_mxbai,704,1782199943.0910492,,,
1233,0,svm,max,balanced,cached_mxbai,705,1782199943.1887188,,,
8655,0,svm,max,balanced,cached_mxbai,706,1782199943.284171,,,
8888,0,svm,max,balanced,cached_mxbai,707,1782199943.3797603,,,
3273,0,svm,max,balanced,cached_mxbai,708,1782199943.4750464,,,
8261,0,svm,max,balanced,cached_mxbai,709,1782199943.571463,,,
4541,0,svm,max,balanced,cached_mxbai,710,1782199943.667412,,,
1360,0,svm,max,balanced,cached_mxbai,711,1782199943.762546,,,
5584,0,svm,max,balanced,cached_mxbai,712,1782199943.8593106,,,
4593,0,svm,max,balanced,cached_mxbai,713,1782199943.9556513,,,
702,0,svm,max,balanced,cached_mxbai,714,1782199944.0509033,,,
613,0,svm,max,balanced,cached_mxbai,715,1782199944.1463287,,,
4391,0,svm,max,balanced,cached_mxbai,716,1782199944.2424028,,,
5313,0,svm,max,balanced,cached_mxbai,717,1782199944.3388953,,,
3600,0,svm,max,balanced,cached_mxbai,718,1782199944.4350774,,,
4711,0,svm,max,balanced,cached_mxbai,719,1782199944.5305603,,,
5028,0,svm,max,balanced,cached_mxbai,720,1782199944.6267455,,,
1550,0,svm,max,balanced,cached_mxbai,721,1782199944.7244549,,,
4952,0,svm,max,balanced,cached_mxbai,722,1782199944.8212473,,,
3869,0,svm,max,balanced,cached_mxbai,723,1782199944.919025,,,
10241,0,svm,max,balanced,cached_mxbai,724,1782199945.0219777,,,
4683,0,svm,max,balanced,cached_mxbai,725,1782199945.1287518,,,
5323,0,svm,max,balanced,cached_mxbai,726,1782199945.2324352,,,
9528,0,svm,max,balanced,cached_mxbai,727,1782199945.3588555,,,
7270,0,svm,max,balanced,cached_mxbai,728,1782199945.4580898,,,
8692,0,svm,max,balanced,cached_mxbai,729,1782199945.5555723,,,
8972,0,svm,max,balanced,cached_mxbai,730,1782199945.654047,,,
5766,0,svm,max,balanced,cached_mxbai,731,1782199945.7497606,,,
4554,0,svm,max,balanced,cached_mxbai,732,1782199945.8455627,,,
5307,0,svm,max,balanced,cached_mxbai,733,1782199945.9434488,,,
9969,0,svm,max,balanced,cached_mxbai,734,1782199946.040867,,,
4552,0,svm,max,balanced,cached_mxbai,735,1782199946.140571,,,
6483,0,svm,max,balanced,cached_mxbai,736,1782199946.2386267,,,
3747,0,svm,max,balanced,cached_mxbai,737,1782199946.3357766,,,
3778,0,svm,max,balanced,cached_mxbai,738,1782199946.433662,,,
7616,0,svm,max,balanced,cached_mxbai,739,1782199946.5340087,,,
4868,0,svm,max,balanced,cached_mxbai,740,1782199946.6323147,,,
5207,0,svm,max,balanced,cached_mxbai,741,1782199946.7315614,,,
5773,0,svm,max,balanced,cached_mxbai,742,1782199946.831536,,,
5232,0,svm,max,balanced,cached_mxbai,743,1782199946.930036,,,
1049,0,svm,max,balanced,cached_mxbai,744,1782199947.0305529,,,
2762,0,svm,max,balanced,cached_mxbai,745,1782199947.1292899,,,
6417,0,svm,max,balanced,cached_mxbai,746,1782199947.2280443,,,
6039,0,svm,max,balanced,cached_mxbai,747,1782199947.327926,,,
2758,0,svm,max,balanced,cached_mxbai,748,1782199947.427538,,,
9779,0,svm,max,balanced,cached_mxbai,749,1782199947.5254114,,,
4692,0,svm,max,balanced,cached_mxbai,750,1782199947.6260734,,,
5242,0,svm,max,balanced,cached_mxbai,751,1782199947.724745,,,
2240,0,svm,max,balanced,cached_mxbai,752,1782199947.825275,,,
9476,0,svm,max,balanced,cached_mxbai,753,1782199947.924664,,,
1350,0,svm,max,balanced,cached_mxbai,754,1782199948.025702,,,
4569,0,svm,max,balanced,cached_mxbai,755,1782199948.1243203,,,
3479,0,svm,max,balanced,cached_mxbai,756,1782199948.2242951,,,
3888,0,svm,max,balanced,cached_mxbai,757,1782199948.325088,,,
4927,0,svm,max,balanced,cached_mxbai,758,1782199948.4264486,,,
3614,0,svm,max,balanced,cached_mxbai,759,1782199948.5267036,,,
4109,0,svm,max,balanced,cached_mxbai,760,1782199948.627178,,,
4875,0,svm,max,balanced,cached_mxbai,761,1782199948.7272491,,,
4058,0,svm,max,balanced,cached_mxbai,762,1782199948.8317683,,,
666,0,svm,max,balanced,cached_mxbai,763,1782199948.9309876,,,
3666,0,svm,max,balanced,cached_mxbai,764,1782199949.0314224,,,
4496,0,svm,max,balanced,cached_mxbai,765,1782199949.1321554,,,
5227,0,svm,max,balanced,cached_mxbai,766,1782199949.2307396,,,
1777,0,svm,max,balanced,cached_mxbai,767,1782199949.3305013,,,
9323,0,svm,max,balanced,cached_mxbai,768,1782199949.4303885,,,
8995,0,svm,max,balanced,cached_mxbai,769,1782199949.5313635,,,
4420,0,svm,max,balanced,cached_mxbai,770,1782199949.6298983,,,
3894,0,svm,max,balanced,cached_mxbai,771,1782199949.731155,,,
3852,0,svm,max,balanced,cached_mxbai,772,1782199949.831814,,,
6761,0,svm,max,balanced,cached_mxbai,773,1782199949.932465,,,
5061,0,svm,max,balanced,cached_mxbai,774,1782199950.0311656,,,
7016,0,svm,max,balanced,cached_mxbai,775,1782199950.1338096,,,
8179,0,svm,max,balanced,cached_mxbai,776,1782199950.2357938,,,
5276,0,svm,max,balanced,cached_mxbai,777,1782199950.3349955,,,
4342,0,svm,max,balanced,cached_mxbai,778,1782199950.4365776,,,
4637,0,svm,max,balanced,cached_mxbai,779,1782199950.5372317,,,
5137,0,svm,max,balanced,cached_mxbai,780,1782199950.6384816,,,
4209,0,svm,max,balanced,cached_mxbai,781,1782199950.7414732,,,
4788,0,svm,max,balanced,cached_mxbai,782,1782199950.8494334,,,
8257,0,svm,max,balanced,cached_mxbai,783,1782199950.957258,,,
10435,1,svm,max,balanced,cached_mxbai,784,1782199951.063077,,,
10033,0,svm,max,balanced,cached_mxbai,785,1782199951.1692858,,,
7483,0,svm,max,balanced,cached_mxbai,786,1782199951.2792263,,,
6831,0,svm,max,balanced,cached_mxbai,787,1782199951.3905616,,,
8800,0,svm,max,balanced,cached_mxbai,788,1782199951.5019066,,,
10337,0,svm,max,balanced,cached_mxbai,789,1782199951.6129718,,,
3934,0,svm,max,balanced,cached_mxbai,790,1782199951.721571,,,
1561,0,svm,max,balanced,cached_mxbai,791,1782199951.8307936,,,
1901,0,svm,max,balanced,cached_mxbai,792,1782199951.9374037,,,
7064,0,svm,max,balanced,cached_mxbai,793,1782199952.0457323,,,
8120,0,svm,max,balanced,cached_mxbai,794,1782199952.1513722,,,
9531,0,svm,max,balanced,cached_mxbai,795,1782199952.2556207,,,
4633,0,svm,max,balanced,cached_mxbai,796,1782199952.3592992,,,
7595,0,svm,max,balanced,cached_mxbai,797,1782199952.4688442,,,
32,0,svm,max,balanced,cached_mxbai,798,1782199952.5761356,,,
4222,0,svm,max,balanced,cached_mxbai,799,1782199952.6825545,,,
4657,0,svm,max,balanced,cached_mxbai,800,1782199952.7871656,,,
9131,0,svm,max,balanced,cached_mxbai,801,1782199952.8921497,,,
4299,0,svm,max,balanced,cached_mxbai,802,1782199952.9978805,,,
4709,0,svm,max,balanced,cached_mxbai,803,1782199953.1027226,,,
50,0,svm,max,balanced,cached_mxbai,804,1782199953.2083707,,,
4706,0,svm,max,balanced,cached_mxbai,805,1782199953.3141954,,,
1070,0,svm,max,balanced,cached_mxbai,806,1782199953.4248335,,,
9199,0,svm,max,balanced,cached_mxbai,807,1782199953.539079,,,
10232,0,svm,max,balanced,cached_mxbai,808,1782199953.647499,,,
9069,0,svm,max,balanced,cached_mxbai,809,1782199953.7538419,,,
7168,0,svm,max,balanced,cached_mxbai,810,1782199953.8628113,,,
4473,0,svm,max,balanced,cached_mxbai,811,1782199953.9730682,,,
86,0,svm,max,balanced,cached_mxbai,812,1782199954.0841298,,,
4988,0,svm,max,balanced,cached_mxbai,813,1782199954.1931713,,,
8780,0,svm,max,balanced,cached_mxbai,814,1782199954.3023696,,,
4445,0,svm,max,balanced,cached_mxbai,815,1782199954.4112391,,,
4435,0,svm,max,balanced,cached_mxbai,816,1782199954.524619,,,
896,0,svm,max,balanced,cached_mxbai,817,1782199954.6374257,,,
3252,0,svm,max,balanced,cached_mxbai,818,1782199954.7457464,,,
3923,0,svm,max,balanced,cached_mxbai,819,1782199954.8551433,,,
5072,0,svm,max,balanced,cached_mxbai,820,1782199954.9651072,,,
5383,0,svm,max,balanced,cached_mxbai,821,1782199955.0823565,,,
907,0,svm,max,balanced,cached_mxbai,822,1782199955.1973577,,,
2100,0,svm,max,balanced,cached_mxbai,823,1782199955.3608103,,,
8531,0,svm,max,balanced,cached_mxbai,824,1782199955.4715352,,,
8118,0,svm,max,balanced,cached_mxbai,825,1782199955.5822577,,,
9538,0,svm,max,balanced,cached_mxbai,826,1782199955.691991,,,
59,0,svm,max,balanced,cached_mxbai,827,1782199955.798875,,,
5329,0,svm,max,balanced,cached_mxbai,828,1782199955.9102848,,,
1198,0,svm,max,balanced,cached_mxbai,829,1782199956.0212605,,,
10549,0,svm,max,balanced,cached_mxbai,830,1782199956.128176,,,
5330,0,svm,max,balanced,cached_mxbai,831,1782199956.2356627,,,
2113,0,svm,max,balanced,cached_mxbai,832,1782199956.3492396,,,
3982,0,svm,max,balanced,cached_mxbai,833,1782199956.4631217,,,
4559,0,svm,max,balanced,cached_mxbai,834,1782199956.5739806,,,
6238,0,svm,max,balanced,cached_mxbai,835,1782199956.6840253,,,
5017,0,svm,max,balanced,cached_mxbai,836,1782199956.7917578,,,
9749,0,svm,max,balanced,cached_mxbai,837,1782199956.9025114,,,
4453,0,svm,max,balanced,cached_mxbai,838,1782199957.0121577,,,
6718,0,svm,max,balanced,cached_mxbai,839,1782199957.1235826,,,
3538,0,svm,max,balanced,cached_mxbai,840,1782199957.231648,,,
5651,0,svm,max,balanced,cached_mxbai,841,1782199957.3410814,,,
5208,0,svm,max,balanced,cached_mxbai,842,1782199957.4531837,,,
8315,0,svm,max,balanced,cached_mxbai,843,1782199957.5634909,,,
3097,0,svm,max,balanced,cached_mxbai,844,1782199957.6728017,,,
3687,0,svm,max,balanced,cached_mxbai,845,1782199957.7816823,,,
5426,0,svm,max,balanced,cached_mxbai,846,1782199957.888811,,,
2191,0,svm,max,balanced,cached_mxbai,847,1782199958.002762,,,
8044,0,svm,max,balanced,cached_mxbai,848,1782199958.116329,,,
2110,0,svm,max,balanced,cached_mxbai,849,1782199958.225426,,,
4964,0,svm,max,balanced,cached_mxbai,850,1782199958.3369262,,,
9945,0,svm,max,balanced,cached_mxbai,851,1782199958.4483945,,,
5272,0,svm,max,balanced,cached_mxbai,852,1782199958.5621638,,,
4570,0,svm,max,balanced,cached_mxbai,853,1782199958.6729305,,,
6912,0,svm,max,balanced,cached_mxbai,854,1782199958.782243,,,
3912,0,svm,max,balanced,cached_mxbai,855,1782199958.8909836,,,
5338,0,svm,max,balanced,cached_mxbai,856,1782199959.0062954,,,
4889,0,svm,max,balanced,cached_mxbai,857,1782199959.1204255,,,
6340,0,svm,max,balanced,cached_mxbai,858,1782199959.2319698,,,
134,0,svm,max,balanced,cached_mxbai,859,1782199959.3416035,,,
6528,0,svm,max,balanced,cached_mxbai,860,1782199959.456089,,,
8999,0,svm,max,balanced,cached_mxbai,861,1782199959.5677667,,,
4648,0,svm,max,balanced,cached_mxbai,862,1782199959.6807206,,,
10291,0,svm,max,balanced,cached_mxbai,863,1782199959.7921777,,,
3347,0,svm,max,balanced,cached_mxbai,864,1782199959.9065037,,,
3639,0,svm,max,balanced,cached_mxbai,865,1782199960.0228372,,,
4670,0,svm,max,balanced,cached_mxbai,866,1782199960.1349566,,,
8055,0,svm,max,balanced,cached_mxbai,867,1782199960.2481039,,,
4933,0,svm,max,balanced,cached_mxbai,868,1782199960.359981,,,
9836,0,svm,max,balanced,cached_mxbai,869,1782199960.475683,,,
1547,0,svm,max,balanced,cached_mxbai,870,1782199960.5893698,,,
9041,0,svm,max,balanced,cached_mxbai,871,1782199960.7011921,,,
5199,0,svm,max,balanced,cached_mxbai,872,1782199960.8128948,,,
7009,0,svm,max,balanced,cached_mxbai,873,1782199960.9271367,,,
8467,0,svm,max,balanced,cached_mxbai,874,1782199961.043788,,,
4836,0,svm,max,balanced,cached_mxbai,875,1782199961.1561246,,,
3194,0,svm,max,balanced,cached_mxbai,876,1782199961.2715166,,,
663,0,svm,max,balanced,cached_mxbai,877,1782199961.3841877,,,
2832,0,svm,max,balanced,cached_mxbai,878,1782199961.4969056,,,
5096,0,svm,max,balanced,cached_mxbai,879,1782199961.6099355,,,
4662,0,svm,max,balanced,cached_mxbai,880,1782199961.7223215,,,
10177,0,svm,max,balanced,cached_mxbai,881,1782199961.8372452,,,
1312,0,svm,max,balanced,cached_mxbai,882,1782199961.9561327,,,
9747,0,svm,max,balanced,cached_mxbai,883,1782199962.068696,,,
2279,0,svm,max,balanced,cached_mxbai,884,1782199962.1812851,,,
1385,0,svm,max,balanced,cached_mxbai,885,1782199962.2978425,,,
10290,0,svm,max,balanced,cached_mxbai,886,1782199962.4142768,,,
8602,0,svm,max,balanced,cached_mxbai,887,1782199962.5304005,,,
3088,0,svm,max,balanced,cached_mxbai,888,1782199962.6459079,,,
5125,0,svm,max,balanced,cached_mxbai,889,1782199962.7605832,,,
2559,0,svm,max,balanced,cached_mxbai,890,1782199962.8741894,,,
8696,0,svm,max,balanced,cached_mxbai,891,1782199962.9940526,,,
6629,0,svm,max,balanced,cached_mxbai,892,1782199963.1097817,,,
9725,0,svm,max,balanced,cached_mxbai,893,1782199963.227381,,,
5591,0,svm,max,balanced,cached_mxbai,894,1782199963.3467078,,,
6398,0,svm,max,balanced,cached_mxbai,895,1782199963.4613116,,,
760,0,svm,max,balanced,cached_mxbai,896,1782199963.5807385,,,
5013,0,svm,max,balanced,cached_mxbai,897,1782199963.6984613,,,
5410,0,svm,max,balanced,cached_mxbai,898,1782199963.8151278,,,
6553,0,svm,max,balanced,cached_mxbai,899,1782199963.9314628,,,
3502,0,svm,max,balanced,cached_mxbai,900,1782199964.0538068,,,
4598,0,svm,max,balanced,cached_mxbai,901,1782199964.1685321,,,
4867,0,svm,max,balanced,cached_mxbai,902,1782199964.2837305,,,
4582,0,svm,max,balanced,cached_mxbai,903,1782199964.4005322,,,
5185,0,svm,max,balanced,cached_mxbai,904,1782199964.5177975,,,
8255,0,svm,max,balanced,cached_mxbai,905,1782199964.632126,,,
9293,0,svm,max,balanced,cached_mxbai,906,1782199964.7512288,,,
4528,0,svm,max,balanced,cached_mxbai,907,1782199964.8674273,,,
7182,0,svm,max,balanced,cached_mxbai,908,1782199964.9872282,,,
10225,0,svm,max,balanced,cached_mxbai,909,1782199965.108693,,,
7597,0,svm,max,balanced,cached_mxbai,910,1782199965.2314825,,,
7264,0,svm,max,balanced,cached_mxbai,911,1782199965.3695982,,,
4994,0,svm,max,balanced,cached_mxbai,912,1782199965.4881294,,,
4862,0,svm,max,balanced,cached_mxbai,913,1782199965.607349,,,
6830,0,svm,max,balanced,cached_mxbai,914,1782199965.7262704,,,
1585,0,svm,max,balanced,cached_mxbai,915,1782199965.8440812,,,
5145,0,svm,max,balanced,cached_mxbai,916,1782199965.9605346,,,
4176,0,svm,max,balanced,cached_mxbai,917,1782199966.09692,,,
4586,0,svm,max,balanced,cached_mxbai,918,1782199966.2152243,,,
10169,0,svm,max,balanced,cached_mxbai,919,1782199966.3364782,,,
5039,0,svm,max,balanced,cached_mxbai,920,1782199966.4553587,,,
10000,0,svm,max,balanced,cached_mxbai,921,1782199966.5755928,,,
3569,0,svm,max,balanced,cached_mxbai,922,1782199966.6965487,,,
4573,0,svm,max,balanced,cached_mxbai,923,1782199966.8146236,,,
7217,0,svm,max,balanced,cached_mxbai,924,1782199966.933843,,,
1008,0,svm,max,balanced,cached_mxbai,925,1782199967.0577936,,,
5074,0,svm,max,balanced,cached_mxbai,926,1782199967.1743143,,,
4729,0,svm,max,balanced,cached_mxbai,927,1782199967.2986603,,,
402,0,svm,max,balanced,cached_mxbai,928,1782199967.4245117,,,
7434,0,svm,max,balanced,cached_mxbai,929,1782199967.5411081,,,
4612,0,svm,max,balanced,cached_mxbai,930,1782199967.6595666,,,
4086,0,svm,max,balanced,cached_mxbai,931,1782199967.7776208,,,
9763,0,svm,max,balanced,cached_mxbai,932,1782199967.8953261,,,
3494,0,svm,max,balanced,cached_mxbai,933,1782199968.018235,,,
2330,0,svm,max,balanced,cached_mxbai,934,1782199968.1365645,,,
8982,0,svm,max,balanced,cached_mxbai,935,1782199968.2534766,,,
3994,0,svm,max,balanced,cached_mxbai,936,1782199968.3756928,,,
4619,0,svm,max,balanced,cached_mxbai,937,1782199968.4962502,,,
3409,0,svm,max,balanced,cached_mxbai,938,1782199968.618443,,,
1911,0,svm,max,balanced,cached_mxbai,939,1782199968.73814,,,
5564,0,svm,max,balanced,cached_mxbai,940,1782199968.861371,,,
3523,0,svm,max,balanced,cached_mxbai,941,1782199968.982767,,,
4703,0,svm,max,balanced,cached_mxbai,942,1782199969.106746,,,
5016,0,svm,max,balanced,cached_mxbai,943,1782199969.229285,,,
6842,0,svm,max,balanced,cached_mxbai,944,1782199969.3483925,,,
5160,0,svm,max,balanced,cached_mxbai,945,1782199969.4701684,,,
8563,0,svm,max,balanced,cached_mxbai,946,1782199969.5914798,,,
3914,0,svm,max,balanced,cached_mxbai,947,1782199969.7125568,,,
4476,0,svm,max,balanced,cached_mxbai,948,1782199969.8367941,,,
8063,0,svm,max,balanced,cached_mxbai,949,1782199969.9646509,,,
9213,0,svm,max,balanced,cached_mxbai,950,1782199970.0907998,,,
9996,0,svm,max,balanced,cached_mxbai,951,1782199970.21362,,,
4139,0,svm,max,balanced,cached_mxbai,952,1782199970.3346353,,,
5365,0,svm,max,balanced,cached_mxbai,953,1782199970.4552202,,,
4515,0,svm,max,balanced,cached_mxbai,954,1782199970.5772932,,,
4136,0,svm,max,balanced,cached_mxbai,955,1782199970.7016459,,,
6646,0,svm,max,balanced,cached_mxbai,956,1782199970.8211339,,,
4642,0,svm,max,balanced,cached_mxbai,957,1782199970.941451,,,
3558,0,svm,max,balanced,cached_mxbai,958,1782199971.0710616,,,
6444,0,svm,max,balanced,cached_mxbai,959,1782199971.1927884,,,
6634,0,svm,max,balanced,cached_mxbai,960,1782199971.3177152,,,
3099,0,svm,max,balanced,cached_mxbai,961,1782199971.4412131,,,
8428,0,svm,max,balanced,cached_mxbai,962,1782199971.565217,,,
7490,0,svm,max,balanced,cached_mxbai,963,1782199971.6890872,,,
3873,0,svm,max,balanced,cached_mxbai,964,1782199971.8136063,,,
4636,0,svm,max,balanced,cached_mxbai,965,1782199971.938051,,,
3209,0,svm,max,balanced,cached_mxbai,966,1782199972.0682704,,,
9132,0,svm,max,balanced,cached_mxbai,967,1782199972.1920204,,,
4588,0,svm,max,balanced,cached_mxbai,968,1782199972.3160572,,,
25,0,svm,max,balanced,cached_mxbai,969,1782199972.4435103,,,
8092,0,svm,max,balanced,cached_mxbai,970,1782199972.5687582,,,
3748,0,svm,max,balanced,cached_mxbai,971,1782199972.6949842,,,
9122,0,svm,max,balanced,cached_mxbai,972,1782199972.8222227,,,
3767,0,svm,max,balanced,cached_mxbai,973,1782199972.9474347,,,
4680,0,svm,max,balanced,cached_mxbai,974,1782199973.0802586,,,
10112,0,svm,max,balanced,cached_mxbai,975,1782199973.2046812,,,
4951,0,svm,max,balanced,cached_mxbai,976,1782199973.3319538,,,
677,0,svm,max,balanced,cached_mxbai,977,1782199973.457894,,,
4722,0,svm,max,balanced,cached_mxbai,978,1782199973.5842009,,,
4744,0,svm,max,balanced,cached_mxbai,979,1782199973.7103226,,,
10057,0,svm,max,balanced,cached_mxbai,980,1782199973.8355863,,,
3960,0,svm,max,balanced,cached_mxbai,981,1782199973.9608967,,,
4162,0,svm,max,balanced,cached_mxbai,982,1782199974.090387,,,
6421,0,svm,max,balanced,cached_mxbai,983,1782199974.2154446,,,
4424,0,svm,max,balanced,cached_mxbai,984,1782199974.3410265,,,
10110,0,svm,max,balanced,cached_mxbai,985,1782199974.4666972,,,
6631,0,svm,max,balanced,cached_mxbai,986,1782199974.5901642,,,
5449,0,svm,max,balanced,cached_mxbai,987,1782199974.7170284,,,
5111,0,svm,max,balanced,cached_mxbai,988,1782199974.847306,,,
3185,0,svm,max,balanced,cached_mxbai,989,1782199974.972712,,,
6438,0,svm,max,balanced,cached_mxbai,990,1782199975.1087062,,,
3945,0,svm,max,balanced,cached_mxbai,991,1782199975.2414582,,,
3458,0,svm,max,balanced,cached_mxbai,992,1782199975.3931456,,,
8993,0,svm,max,balanced,cached_mxbai,993,1782199975.5207002,,,
1003,0,svm,max,balanced,cached_mxbai,994,1782199975.648176,,,
955,0,svm,max,balanced,cached_mxbai,995,1782199975.7756596,,,
5996,0,svm,max,balanced,cached_mxbai,996,1782199975.9019954,,,
4104,0,svm,max,balanced,cached_mxbai,997,1782199976.030286,,,
8909,0,svm,max,balanced,cached_mxbai,998,1782199976.1608462,,,
7002,0,svm,max,balanced,cached_mxbai,999,1782199976.290361,,,
7262,0,svm,max,balanced,cached_mxbai,1000,1782199976.4141455,,,
6411,0,svm,max,balanced,cached_mxbai,1001,1782199976.5409458,,,
4813,0,svm,max,balanced,cached_mxbai,1002,1782199976.6694126,,,
3661,0,svm,max,balanced,cached_mxbai,1003,1782199976.7969544,,,
4635,0,svm,max,balanced,cached_mxbai,1004,1782199976.923571,,,
9394,0,svm,max,balanced,cached_mxbai,1005,1782199977.052632,,,
1149,0,svm,max,balanced,cached_mxbai,1006,1782199977.1870644,,,
3187,0,svm,max,balanced,cached_mxbai,1007,1782199977.3169994,,,
3836,0,svm,max,balanced,cached_mxbai,1008,1782199977.4469337,,,
10122,0,svm,max,balanced,cached_mxbai,1009,1782199977.574061,,,
4905,0,svm,max,balanced,cached_mxbai,1010,1782199977.7037628,,,
9957,0,svm,max,balanced,cached_mxbai,1011,1782199977.8311825,,,
8153,0,svm,max,balanced,cached_mxbai,1012,1782199977.9589624,,,
4434,0,svm,max,balanced,cached_mxbai,1013,1782199978.0923784,,,
5134,0,svm,max,balanced,cached_mxbai,1014,1782199978.2201552,,,
4166,0,svm,max,balanced,cached_mxbai,1015,1782199978.3515756,,,
4912,0,svm,max,balanced,cached_mxbai,1016,1782199978.479994,,,
3080,0,svm,max,balanced,cached_mxbai,1017,1782199978.610518,,,
6499,0,svm,max,balanced,cached_mxbai,1018,1782199978.7367055,,,
3197,0,svm,max,balanced,cached_mxbai,1019,1782199978.8651392,,,
5244,0,svm,max,balanced,cached_mxbai,1020,1782199978.9936917,,,
828,0,svm,max,balanced,cached_mxbai,1021,1782199979.1292326,,,
4510,0,svm,max,balanced,cached_mxbai,1022,1782199979.2575414,,,
5078,0,svm,max,balanced,cached_mxbai,1023,1782199979.388448,,,
2258,0,svm,max,balanced,cached_mxbai,1024,1782199979.5025337,,,
4217,0,svm,max,balanced,cached_mxbai,1025,1782199979.6192267,,,
6607,0,svm,max,balanced,cached_mxbai,1026,1782199979.7362242,,,
8598,0,svm,max,balanced,cached_mxbai,1027,1782199979.8509722,,,
6798,0,svm,max,balanced,cached_mxbai,1028,1782199979.9650347,,,
4522,0,svm,max,balanced,cached_mxbai,1029,1782199980.0808342,,,
8049,0,svm,max,balanced,cached_mxbai,1030,1782199980.1993058,,,
4121,0,svm,max,balanced,cached_mxbai,1031,1782199980.31309,,,
7390,0,svm,max,balanced,cached_mxbai,1032,1782199980.428501,,,
7207,0,svm,max,balanced,cached_mxbai,1033,1782199980.5421057,,,
2428,0,svm,max,balanced,cached_mxbai,1034,1782199980.6568992,,,
4886,0,svm,max,balanced,cached_mxbai,1035,1782199980.7736325,,,
7577,0,svm,max,balanced,cached_mxbai,1036,1782199980.8877254,,,
620,0,svm,max,balanced,cached_mxbai,1037,1782199981.0033634,,,
2259,0,svm,max,balanced,cached_mxbai,1038,1782199981.1275127,,,
8839,0,svm,max,balanced,cached_mxbai,1039,1782199981.2424467,,,
6136,0,svm,max,balanced,cached_mxbai,1040,1782199981.3589933,,,
23,0,svm,max,balanced,cached_mxbai,1041,1782199981.4734912,,,
4507,0,svm,max,balanced,cached_mxbai,1042,1782199981.5868855,,,
4364,0,svm,max,balanced,cached_mxbai,1043,1782199981.70317,,,
4705,0,svm,max,balanced,cached_mxbai,1044,1782199981.8216994,,,
6991,0,svm,max,balanced,cached_mxbai,1045,1782199981.937666,,,
5088,0,svm,max,balanced,cached_mxbai,1046,1782199982.058304,,,
7108,0,svm,max,balanced,cached_mxbai,1047,1782199982.1806448,,,
4834,0,svm,max,balanced,cached_mxbai,1048,1782199982.296905,,,
8530,0,svm,max,balanced,cached_mxbai,1049,1782199982.412479,,,
6743,0,svm,max,balanced,cached_mxbai,1050,1782199982.5286622,,,
4773,0,svm,max,balanced,cached_mxbai,1051,1782199982.6451511,,,
5154,0,svm,max,balanced,cached_mxbai,1052,1782199982.7620041,,,
72,0,svm,max,balanced,cached_mxbai,1053,1782199982.878878,,,
3543,0,svm,max,balanced,cached_mxbai,1054,1782199982.9955983,,,
4564,0,svm,max,balanced,cached_mxbai,1055,1782199983.1171625,,,
6147,0,svm,max,balanced,cached_mxbai,1056,1782199983.2349737,,,
10493,0,svm,max,balanced,cached_mxbai,1057,1782199983.354232,,,
4587,0,svm,max,balanced,cached_mxbai,1058,1782199983.4730413,,,
1840,0,svm,max,balanced,cached_mxbai,1059,1782199983.5904946,,,
6326,0,svm,max,balanced,cached_mxbai,1060,1782199983.7068548,,,
8597,0,svm,max,balanced,cached_mxbai,1061,1782199983.8268678,,,
8486,0,svm,max,balanced,cached_mxbai,1062,1782199983.943946,,,
5077,0,svm,max,balanced,cached_mxbai,1063,1782199984.0625408,,,
5968,0,svm,max,balanced,cached_mxbai,1064,1782199984.1818097,,,
5034,0,svm,max,balanced,cached_mxbai,1065,1782199984.3001976,,,
5398,0,svm,max,balanced,cached_mxbai,1066,1782199984.4169824,,,
10484,0,svm,max,balanced,cached_mxbai,1067,1782199984.5324132,,,
9429,0,svm,max,balanced,cached_mxbai,1068,1782199984.6493113,,,
9759,0,svm,max,balanced,cached_mxbai,1069,1782199984.766316,,,
4673,0,svm,max,balanced,cached_mxbai,1070,1782199984.885567,,,
1461,0,svm,max,balanced,cached_mxbai,1071,1782199985.0023217,,,
6914,0,svm,max,balanced,cached_mxbai,1072,1782199985.127705,,,
6120,0,svm,max,balanced,cached_mxbai,1073,1782199985.2512825,,,
7702,0,svm,max,balanced,cached_mxbai,1074,1782199985.3891237,,,
3677,0,svm,max,balanced,cached_mxbai,1075,1782199985.5075083,,,
4513,0,svm,max,balanced,cached_mxbai,1076,1782199985.6257296,,,
4026,0,svm,max,balanced,cached_mxbai,1077,1782199985.7435343,,,
2745,0,svm,max,balanced,cached_mxbai,1078,1782199985.863612,,,
3757,0,svm,max,balanced,cached_mxbai,1079,1782199985.9820154,,,
6121,0,svm,max,balanced,cached_mxbai,1080,1782199986.109329,,,
4985,0,svm,max,balanced,cached_mxbai,1081,1782199986.2275498,,,
4846,0,svm,max,balanced,cached_mxbai,1082,1782199986.3447335,,,
3170,0,svm,max,balanced,cached_mxbai,1083,1782199986.4623148,,,
47,0,svm,max,balanced,cached_mxbai,1084,1782199986.5807438,,,
10031,0,svm,max,balanced,cached_mxbai,1085,1782199986.6982586,,,
4568,0,svm,max,balanced,cached_mxbai,1086,1782199986.8176334,,,
2306,0,svm,max,balanced,cached_mxbai,1087,1782199986.9380748,,,
9240,0,svm,max,balanced,cached_mxbai,1088,1782199987.0608568,,,
2429,0,svm,max,balanced,cached_mxbai,1089,1782199987.179708,,,
5516,0,svm,max,balanced,cached_mxbai,1090,1782199987.2984521,,,
4484,0,svm,max,balanced,cached_mxbai,1091,1782199987.4164205,,,
4295,0,svm,max,balanced,cached_mxbai,1092,1782199987.534994,,,
3147,0,svm,max,balanced,cached_mxbai,1093,1782199987.6523159,,,
4574,0,svm,max,balanced,cached_mxbai,1094,1782199987.7711701,,,
7351,1,svm,max,balanced,cached_mxbai,1095,1782199987.8913019,,,
9683,0,svm,max,balanced,cached_mxbai,1096,1782199988.010881,,,
1048,0,svm,max,balanced,cached_mxbai,1097,1782199988.1315184,,,
4962,0,svm,max,balanced,cached_mxbai,1098,1782199988.25066,,,
9028,0,svm,max,balanced,cached_mxbai,1099,1782199988.3705583,,,
5131,0,svm,max,balanced,cached_mxbai,1100,1782199988.4879706,,,
6249,0,svm,max,balanced,cached_mxbai,1101,1782199988.605907,,,
5235,0,svm,max,balanced,cached_mxbai,1102,1782199988.7242496,,,
5116,0,svm,max,balanced,cached_mxbai,1103,1782199988.84418,,,
4131,0,svm,max,balanced,cached_mxbai,1104,1782199988.9657938,,,
6414,0,svm,max,balanced,cached_mxbai,1105,1782199989.0858235,,,
5238,0,svm,max,balanced,cached_mxbai,1106,1782199989.2057998,,,
7948,0,svm,max,balanced,cached_mxbai,1107,1782199989.324947,,,
5112,0,svm,max,balanced,cached_mxbai,1108,1782199989.443975,,,
131,0,svm,max,balanced,cached_mxbai,1109,1782199989.5631223,,,
5237,0,svm,max,balanced,cached_mxbai,1110,1782199989.6815276,,,
4631,0,svm,max,balanced,cached_mxbai,1111,1782199989.8023434,,,
6609,0,svm,max,balanced,cached_mxbai,1112,1782199989.9225261,,,
7804,0,svm,max,balanced,cached_mxbai,1113,1782199990.0426953,,,
6126,0,svm,max,balanced,cached_mxbai,1114,1782199990.163836,,,
3081,0,svm,max,balanced,cached_mxbai,1115,1782199990.2840028,,,
698,0,svm,max,balanced,cached_mxbai,1116,1782199990.4045467,,,
2053,0,svm,max,balanced,cached_mxbai,1117,1782199990.5246704,,,
3515,0,svm,max,balanced,cached_mxbai,1118,1782199990.6445568,,,
1082,0,svm,max,balanced,cached_mxbai,1119,1782199990.7649505,,,
6150,0,svm,max,balanced,cached_mxbai,1120,1782199990.8851867,,,
2627,0,svm,max,balanced,cached_mxbai,1121,1782199991.006439,,,
3969,0,svm,max,balanced,cached_mxbai,1122,1782199991.1275911,,,
4870,0,svm,max,balanced,cached_mxbai,1123,1782199991.2489393,,,
5581,0,svm,max,balanced,cached_mxbai,1124,1782199991.374505,,,
3954,0,svm,max,balanced,cached_mxbai,1125,1782199991.4972625,,,
37,0,svm,max,balanced,cached_mxbai,1126,1782199991.6171386,,,
4595,0,svm,max,balanced,cached_mxbai,1127,1782199991.7372653,,,
4415,0,svm,max,balanced,cached_mxbai,1128,1782199991.8589818,,,
4910,0,svm,max,balanced,cached_mxbai,1129,1782199991.9795756,,,
4053,0,svm,max,balanced,cached_mxbai,1130,1782199992.1024878,,,
2264,0,svm,max,balanced,cached_mxbai,1131,1782199992.223719,,,
3280,0,svm,max,balanced,cached_mxbai,1132,1782199992.3457468,,,
3033,0,svm,max,balanced,cached_mxbai,1133,1782199992.4670517,,,
10308,0,svm,max,balanced,cached_mxbai,1134,1782199992.5874405,,,
5165,0,svm,max,balanced,cached_mxbai,1135,1782199992.7085004,,,
4112,0,svm,max,balanced,cached_mxbai,1136,1782199992.830231,,,
4523,0,svm,max,balanced,cached_mxbai,1137,1782199992.952699,,,
8126,0,svm,max,balanced,cached_mxbai,1138,1782199993.0775604,,,
5093,0,svm,max,balanced,cached_mxbai,1139,1782199993.2007372,,,
130,0,svm,max,balanced,cached_mxbai,1140,1782199993.3226612,,,
6748,0,svm,max,balanced,cached_mxbai,1141,1782199993.4476051,,,
2943,0,svm,max,balanced,cached_mxbai,1142,1782199993.5698814,,,
6298,0,svm,max,balanced,cached_mxbai,1143,1782199993.6895802,,,
4684,0,svm,max,balanced,cached_mxbai,1144,1782199993.8106918,,,
413,0,svm,max,balanced,cached_mxbai,1145,1782199993.9253592,,,
8911,0,svm,max,balanced,cached_mxbai,1146,1782199994.040388,,,
3720,0,svm,max,balanced,cached_mxbai,1147,1782199994.1587253,,,
1287,0,svm,max,balanced,cached_mxbai,1148,1782199994.2745845,,,
8036,0,svm,max,balanced,cached_mxbai,1149,1782199994.3908784,,,
4480,0,svm,max,balanced,cached_mxbai,1150,1782199994.5082066,,,
5468,0,svm,max,balanced,cached_mxbai,1151,1782199994.6263063,,,
4710,0,svm,max,balanced,cached_mxbai,1152,1782199994.7425835,,,
9876,0,svm,max,balanced,cached_mxbai,1153,1782199994.8608763,,,
3423,0,svm,max,balanced,cached_mxbai,1154,1782199994.9750545,,,
4602,0,svm,max,balanced,cached_mxbai,1155,1782199995.1044319,,,
8482,0,svm,max,balanced,cached_mxbai,1156,1782199995.2278917,,,
3657,0,svm,max,balanced,cached_mxbai,1157,1782199995.372827,,,
4481,0,svm,max,balanced,cached_mxbai,1158,1782199995.4931192,,,
6936,0,svm,max,balanced,cached_mxbai,1159,1782199995.6100981,,,
6151,0,svm,max,balanced,cached_mxbai,1160,1782199995.725516,,,
5425,0,svm,max,balanced,cached_mxbai,1161,1782199995.8442454,,,
4514,0,svm,max,balanced,cached_mxbai,1162,1782199995.9640803,,,
6013,0,svm,max,balanced,cached_mxbai,1163,1782199996.0848765,,,
2216,0,svm,max,balanced,cached_mxbai,1164,1782199996.2002778,,,
3586,0,svm,max,balanced,cached_mxbai,1165,1782199996.3169546,,,
4442,0,svm,max,balanced,cached_mxbai,1166,1782199996.4328306,,,
9382,0,svm,max,balanced,cached_mxbai,1167,1782199996.5488207,,,
591,0,svm,max,balanced,cached_mxbai,1168,1782199996.6646607,,,
7468,0,svm,max,balanced,cached_mxbai,1169,1782199996.780894,,,
3981,0,svm,max,balanced,cached_mxbai,1170,1782199996.8975856,,,
2770,0,svm,max,balanced,cached_mxbai,1171,1782199997.0135047,,,
5870,0,svm,max,balanced,cached_mxbai,1172,1782199997.130923,,,
6601,0,svm,max,balanced,cached_mxbai,1173,1782199997.2472186,,,
571,0,svm,max,balanced,cached_mxbai,1174,1782199997.365674,,,
9411,0,svm,max,balanced,cached_mxbai,1175,1782199997.4841633,,,
421,0,svm,max,balanced,cached_mxbai,1176,1782199997.602189,,,
7001,0,svm,max,balanced,cached_mxbai,1177,1782199997.718279,,,
4961,0,svm,max,balanced,cached_mxbai,1178,1782199997.8349586,,,
3886,0,svm,max,balanced,cached_mxbai,1179,1782199997.9529607,,,
8463,0,svm,max,balanced,cached_mxbai,1180,1782199998.070885,,,
4895,0,svm,max,balanced,cached_mxbai,1181,1782199998.1881335,,,
6485,0,svm,max,balanced,cached_mxbai,1182,1782199998.3048553,,,
2803,0,svm,max,balanced,cached_mxbai,1183,1782199998.4205914,,,
8473,0,svm,max,balanced,cached_mxbai,1184,1782199998.5361862,,,
7500,0,svm,max,balanced,cached_mxbai,1185,1782199998.654074,,,
10531,0,svm,max,balanced,cached_mxbai,1186,1782199998.778315,,,
4812,0,svm,max,balanced,cached_mxbai,1187,1782199998.9069278,,,
7771,0,svm,max,balanced,cached_mxbai,1188,1782199999.030768,,,
10166,0,svm,max,balanced,cached_mxbai,1189,1782199999.1651607,,,
3644,0,svm,max,balanced,cached_mxbai,1190,1782199999.3120766,,,
4815,0,svm,max,balanced,cached_mxbai,1191,1782199999.4547243,,,
3583,0,svm,max,balanced,cached_mxbai,1192,1782199999.5857298,,,
997,0,svm,max,balanced,cached_mxbai,1193,1782199999.713593,,,
5018,0,svm,max,balanced,cached_mxbai,1194,1782199999.842817,,,
4653,0,svm,max,balanced,cached_mxbai,1195,1782199999.9672492,,,
8709,0,svm,max,balanced,cached_mxbai,1196,1782200000.0926218,,,
3588,0,svm,max,balanced,cached_mxbai,1197,1782200000.2176375,,,
8555,0,svm,max,balanced,cached_mxbai,1198,1782200000.3428001,,,
8848,0,svm,max,balanced,cached_mxbai,1199,1782200000.4676824,,,
2235,0,svm,max,balanced,cached_mxbai,1200,1782200000.592198,,,
6643,1,svm,max,balanced,cached_mxbai,1201,1782200000.7176983,,,
6278,0,svm,max,balanced,cached_mxbai,1202,1782200000.8419805,,,
6644,1,svm,max,balanced,cached_mxbai,1203,1782200000.966287,,,
9128,1,svm,max,balanced,cached_mxbai,1204,1782200001.0926318,,,
8116,1,svm,max,balanced,cached_mxbai,1205,1782200001.2159986,,,
7102,0,svm,max,balanced,cached_mxbai,1206,1782200001.341015,,,
3098,0,svm,max,balanced,cached_mxbai,1207,1782200001.4644518,,,
5058,0,svm,max,balanced,cached_mxbai,1208,1782200001.589208,,,
10230,0,svm,max,balanced,cached_mxbai,1209,1782200001.7142892,,,
10390,0,svm,max,balanced,cached_mxbai,1210,1782200001.8461301,,,
4712,0,svm,max,balanced,cached_mxbai,1211,1782200001.9722056,,,
7464,0,svm,max,balanced,cached_mxbai,1212,1782200002.0986123,,,
8586,0,svm,max,balanced,cached_mxbai,1213,1782200002.2267654,,,
7910,0,svm,max,balanced,cached_mxbai,1214,1782200002.352891,,,
4687,0,svm,max,balanced,cached_mxbai,1215,1782200002.4770427,,,
4936,0,svm,max,balanced,cached_mxbai,1216,1782200002.6007853,,,
2341,0,svm,max,balanced,cached_mxbai,1217,1782200002.7248955,,,
6838,0,svm,max,balanced,cached_mxbai,1218,1782200002.8518336,,,
4362,0,svm,max,balanced,cached_mxbai,1219,1782200002.977404,,,
7996,0,svm,max,balanced,cached_mxbai,1220,1782200003.1045182,,,
4977,0,svm,max,balanced,cached_mxbai,1221,1782200003.2290494,,,
918,0,svm,max,balanced,cached_mxbai,1222,1782200003.3539612,,,
7087,0,svm,max,balanced,cached_mxbai,1223,1782200003.480218,,,
6545,0,svm,max,balanced,cached_mxbai,1224,1782200003.6081266,,,
4932,0,svm,max,balanced,cached_mxbai,1225,1782200003.7349615,,,
1694,0,svm,max,balanced,cached_mxbai,1226,1782200003.8637645,,,
849,0,svm,max,balanced,cached_mxbai,1227,1782200003.9905527,,,
7088,0,svm,max,balanced,cached_mxbai,1228,1782200004.1167016,,,
10508,0,svm,max,balanced,cached_mxbai,1229,1782200004.2425046,,,
4839,0,svm,max,balanced,cached_mxbai,1230,1782200004.3678498,,,
3669,0,svm,max,balanced,cached_mxbai,1231,1782200004.49671,,,
4389,0,svm,max,balanced,cached_mxbai,1232,1782200004.6242476,,,
4736,0,svm,max,balanced,cached_mxbai,1233,1782200004.7498827,,,
7327,0,svm,max,balanced,cached_mxbai,1234,1782200004.8771331,,,
7478,0,svm,max,balanced,cached_mxbai,1235,1782200005.0045695,,,
5089,0,svm,max,balanced,cached_mxbai,1236,1782200005.1580055,,,
5095,0,svm,max,balanced,cached_mxbai,1237,1782200005.321827,,,
1724,0,svm,max,balanced,cached_mxbai,1238,1782200005.4511564,,,
26,0,svm,max,balanced,cached_mxbai,1239,1782200005.5801475,,,
7661,0,svm,max,balanced,cached_mxbai,1240,1782200005.704158,,,
7335,0,svm,max,balanced,cached_mxbai,1241,1782200005.8294022,,,
4781,0,svm,max,balanced,cached_mxbai,1242,1782200005.9556293,,,
8100,0,svm,max,balanced,cached_mxbai,1243,1782200006.0828197,,,
4974,0,svm,max,balanced,cached_mxbai,1244,1782200006.2100098,,,
6432,0,svm,max,balanced,cached_mxbai,1245,1782200006.3389587,,,
6602,0,svm,max,balanced,cached_mxbai,1246,1782200006.4655697,,,
859,0,svm,max,balanced,cached_mxbai,1247,1782200006.5926073,,,
4790,0,svm,max,balanced,cached_mxbai,1248,1782200006.7187676,,,
4403,0,svm,max,balanced,cached_mxbai,1249,1782200006.844593,,,
4789,0,svm,max,balanced,cached_mxbai,1250,1782200006.9701757,,,
7066,0,svm,max,balanced,cached_mxbai,1251,1782200007.095719,,,
8507,0,svm,max,balanced,cached_mxbai,1252,1782200007.2231739,,,
1445,1,svm,max,balanced,cached_mxbai,1253,1782200007.3571215,,,
3500,0,svm,max,balanced,cached_mxbai,1254,1782200007.4857395,,,
3115,0,svm,max,balanced,cached_mxbai,1255,1782200007.6115093,,,
3486,0,svm,max,balanced,cached_mxbai,1256,1782200007.737009,,,
1161,0,svm,max,balanced,cached_mxbai,1257,1782200007.8634918,,,
1536,0,svm,max,balanced,cached_mxbai,1258,1782200007.9889915,,,
3519,0,svm,max,balanced,cached_mxbai,1259,1782200008.1160932,,,
2352,0,svm,max,balanced,cached_mxbai,1260,1782200008.242207,,,
2161,0,svm,max,balanced,cached_mxbai,1261,1782200008.3727539,,,
9009,0,svm,max,balanced,cached_mxbai,1262,1782200008.4988897,,,
5387,0,svm,max,balanced,cached_mxbai,1263,1782200008.6255693,,,
3564,0,svm,max,balanced,cached_mxbai,1264,1782200008.7508893,,,
7259,0,svm,max,balanced,cached_mxbai,1265,1782200008.8764532,,,
4845,0,svm,max,balanced,cached_mxbai,1266,1782200009.0031114,,,
3957,0,svm,max,balanced,cached_mxbai,1267,1782200009.1318393,,,
3242,0,svm,max,balanced,cached_mxbai,1268,1782200009.2588766,,,
5000,0,svm,max,balanced,cached_mxbai,1269,1782200009.3896146,,,
3987,0,svm,max,balanced,cached_mxbai,1270,1782200009.5196755,,,
5001,0,svm,max,balanced,cached_mxbai,1271,1782200009.6458037,,,
9664,0,svm,max,balanced,cached_mxbai,1272,1782200009.7713287,,,
1746,0,svm,max,balanced,cached_mxbai,1273,1782200009.8979273,,,
4811,0,svm,max,balanced,cached_mxbai,1274,1782200010.025439,,,
5022,0,svm,max,balanced,cached_mxbai,1275,1782200010.152396,,,
9912,0,svm,max,balanced,cached_mxbai,1276,1782200010.2794566,,,
3605,0,svm,max,balanced,cached_mxbai,1277,1782200010.4137428,,,
3756,0,svm,max,balanced,cached_mxbai,1278,1782200010.54207,,,
6727,0,svm,max,balanced,cached_mxbai,1279,1782200010.6694498,,,
2447,0,svm,max,balanced,cached_mxbai,1280,1782200010.7958276,,,
1968,0,svm,max,balanced,cached_mxbai,1281,1782200010.9224842,,,
9180,0,svm,max,balanced,cached_mxbai,1282,1782200011.0508149,,,
6907,0,svm,max,balanced,cached_mxbai,1283,1782200011.1776645,,,
3345,0,svm,max,balanced,cached_mxbai,1284,1782200011.3047674,,,
3431,0,svm,max,balanced,cached_mxbai,1285,1782200011.4358702,,,
6355,0,svm,max,balanced,cached_mxbai,1286,1782200011.5634854,,,
3291,0,svm,max,balanced,cached_mxbai,1287,1782200011.6901891,,,
10399,0,svm,max,balanced,cached_mxbai,1288,1782200011.8157597,,,
6358,0,svm,max,balanced,cached_mxbai,1289,1782200011.943988,,,
6574,0,svm,max,balanced,cached_mxbai,1290,1782200012.0739627,,,
4646,0,svm,max,balanced,cached_mxbai,1291,1782200012.2045116,,,
3984,0,svm,max,balanced,cached_mxbai,1292,1782200012.3320858,,,
6670,0,svm,max,balanced,cached_mxbai,1293,1782200012.464447,,,
5221,0,svm,max,balanced,cached_mxbai,1294,1782200012.5950947,,,
4655,0,svm,max,balanced,cached_mxbai,1295,1782200012.7229733,,,
387,0,svm,max,balanced,cached_mxbai,1296,1782200012.8508031,,,
7171,0,svm,max,balanced,cached_mxbai,1297,1782200012.9793394,,,
4416,0,svm,max,balanced,cached_mxbai,1298,1782200013.1097567,,,
9083,0,svm,max,balanced,cached_mxbai,1299,1782200013.2389598,,,
5186,0,svm,max,balanced,cached_mxbai,1300,1782200013.37197,,,
4215,0,svm,max,balanced,cached_mxbai,1301,1782200013.5046039,,,
1852,0,svm,max,balanced,cached_mxbai,1302,1782200013.6360066,,,
4926,0,svm,max,balanced,cached_mxbai,1303,1782200013.766252,,,
8560,0,svm,max,balanced,cached_mxbai,1304,1782200013.896905,,,
6945,0,svm,max,balanced,cached_mxbai,1305,1782200014.0278971,,,
4892,0,svm,max,balanced,cached_mxbai,1306,1782200014.159704,,,
9108,0,svm,max,balanced,cached_mxbai,1307,1782200014.2896893,,,
5992,0,svm,max,balanced,cached_mxbai,1308,1782200014.4208782,,,
4928,0,svm,max,balanced,cached_mxbai,1309,1782200014.552098,,,
8410,0,svm,max,balanced,cached_mxbai,1310,1782200014.6837018,,,
7232,0,svm,max,balanced,cached_mxbai,1311,1782200014.8134334,,,
8544,0,svm,max,balanced,cached_mxbai,1312,1782200014.9435897,,,
6458,0,svm,max,balanced,cached_mxbai,1313,1782200015.0776598,,,
4198,0,svm,max,balanced,cached_mxbai,1314,1782200015.2094784,,,
4011,0,svm,max,balanced,cached_mxbai,1315,1782200015.3680255,,,
4818,0,svm,max,balanced,cached_mxbai,1316,1782200015.500027,,,
9834,0,svm,max,balanced,cached_mxbai,1317,1782200015.6322906,,,
6137,0,svm,max,balanced,cached_mxbai,1318,1782200015.7632859,,,
8282,0,svm,max,balanced,cached_mxbai,1319,1782200015.8941236,,,
4459,0,svm,max,balanced,cached_mxbai,1320,1782200016.0305438,,,
7744,0,svm,max,balanced,cached_mxbai,1321,1782200016.1655242,,,
7079,0,svm,max,balanced,cached_mxbai,1322,1782200016.2966242,,,
4351,0,svm,max,balanced,cached_mxbai,1323,1782200016.4280157,,,
4231,0,svm,max,balanced,cached_mxbai,1324,1782200016.5612023,,,
9604,0,svm,max,balanced,cached_mxbai,1325,1782200016.6931555,,,
1156,0,svm,max,balanced,cached_mxbai,1326,1782200016.8261082,,,
4958,0,svm,max,balanced,cached_mxbai,1327,1782200016.9569879,,,
4412,0,svm,max,balanced,cached_mxbai,1328,1782200017.0889013,,,
3188,0,svm,max,balanced,cached_mxbai,1329,1782200017.222483,,,
7961,0,svm,max,balanced,cached_mxbai,1330,1782200017.3535209,,,
4537,0,svm,max,balanced,cached_mxbai,1331,1782200017.483792,,,
3350,0,svm,max,balanced,cached_mxbai,1332,1782200017.6157846,,,
9272,0,svm,max,balanced,cached_mxbai,1333,1782200017.7464414,,,
9290,0,svm,max,balanced,cached_mxbai,1334,1782200017.878324,,,
9160,0,svm,max,balanced,cached_mxbai,1335,1782200018.010135,,,
10060,0,svm,max,balanced,cached_mxbai,1336,1782200018.143413,,,
4291,0,svm,max,balanced,cached_mxbai,1337,1782200018.2759252,,,
6482,0,svm,max,balanced,cached_mxbai,1338,1782200018.4074023,,,
3693,0,svm,max,balanced,cached_mxbai,1339,1782200018.539828,,,
4419,0,svm,max,balanced,cached_mxbai,1340,1782200018.6730936,,,
3952,0,svm,max,balanced,cached_mxbai,1341,1782200018.8049645,,,
7691,0,svm,max,balanced,cached_mxbai,1342,1782200018.938271,,,
7169,0,svm,max,balanced,cached_mxbai,1343,1782200019.0720587,,,
3052,0,svm,max,balanced,cached_mxbai,1344,1782200019.2211814,,,
4469,0,svm,max,balanced,cached_mxbai,1345,1782200019.3539302,,,
5575,0,svm,max,balanced,cached_mxbai,1346,1782200019.4944844,,,
7632,0,svm,max,balanced,cached_mxbai,1347,1782200019.653889,,,
4772,0,svm,max,balanced,cached_mxbai,1348,1782200019.7883,,,
8050,0,svm,max,balanced,cached_mxbai,1349,1782200019.9362178,,,
8812,0,svm,max,balanced,cached_mxbai,1350,1782200020.0742188,,,
7527,0,svm,max,balanced,cached_mxbai,1351,1782200020.2115474,,,
4417,0,svm,max,balanced,cached_mxbai,1352,1782200020.345772,,,
7265,0,svm,max,balanced,cached_mxbai,1353,1782200020.4805448,,,
1262,0,svm,max,balanced,cached_mxbai,1354,1782200020.615209,,,
5511,0,svm,max,balanced,cached_mxbai,1355,1782200020.7465804,,,
4865,0,svm,max,balanced,cached_mxbai,1356,1782200020.8792858,,,
5161,0,svm,max,balanced,cached_mxbai,1357,1782200021.0136092,,,
3475,0,svm,max,balanced,cached_mxbai,1358,1782200021.1539812,,,
7149,0,svm,max,balanced,cached_mxbai,1359,1782200021.2867908,,,
4012,0,svm,max,balanced,cached_mxbai,1360,1782200021.419693,,,
4575,0,svm,max,balanced,cached_mxbai,1361,1782200021.5531552,,,
3061,0,svm,max,balanced,cached_mxbai,1362,1782200021.6860929,,,
9797,0,svm,max,balanced,cached_mxbai,1363,1782200021.8191764,,,
4893,0,svm,max,balanced,cached_mxbai,1364,1782200021.9527936,,,
4098,0,svm,max,balanced,cached_mxbai,1365,1782200022.088563,,,
6338,0,svm,max,balanced,cached_mxbai,1366,1782200022.2247934,,,
8158,0,svm,max,balanced,cached_mxbai,1367,1782200022.3580782,,,
4331,0,svm,max,balanced,cached_mxbai,1368,1782200022.4922552,,,
10058,0,svm,max,balanced,cached_mxbai,1369,1782200022.6278882,,,
3440,0,svm,max,balanced,cached_mxbai,1370,1782200022.761295,,,
4700,0,svm,max,balanced,cached_mxbai,1371,1782200022.894002,,,
6005,0,svm,max,balanced,cached_mxbai,1372,1782200023.0296588,,,
5552,0,svm,max,balanced,cached_mxbai,1373,1782200023.164622,,,
5014,0,svm,max,balanced,cached_mxbai,1374,1782200023.2987645,,,
4111,0,svm,max,balanced,cached_mxbai,1375,1782200023.4322999,,,
3282,0,svm,max,balanced,cached_mxbai,1376,1782200023.5660453,,,
5902,0,svm,max,balanced,cached_mxbai,1377,1782200023.7018993,,,
2066,0,svm,max,balanced,cached_mxbai,1378,1782200023.8366263,,,
759,0,svm,max,balanced,cached_mxbai,1379,1782200023.9728103,,,
6285,0,svm,max,balanced,cached_mxbai,1380,1782200024.1087089,,,
4668,0,svm,max,balanced,cached_mxbai,1381,1782200024.2444115,,,
10551,0,svm,max,balanced,cached_mxbai,1382,1782200024.377888,,,
9623,0,svm,max,balanced,cached_mxbai,1383,1782200024.5118854,,,
8679,0,svm,max,balanced,cached_mxbai,1384,1782200024.6465726,,,
4882,0,svm,max,balanced,cached_mxbai,1385,1782200024.783741,,,
2965,0,svm,max,balanced,cached_mxbai,1386,1782200024.9216425,,,
9449,0,svm,max,balanced,cached_mxbai,1387,1782200025.061566,,,
4530,0,svm,max,balanced,cached_mxbai,1388,1782200025.2020967,,,
570,0,svm,max,balanced,cached_mxbai,1389,1782200025.3610299,,,
5212,0,svm,max,balanced,cached_mxbai,1390,1782200025.4986284,,,
4764,0,svm,max,balanced,cached_mxbai,1391,1782200025.6342418,,,
8497,0,svm,max,balanced,cached_mxbai,1392,1782200025.7705588,,,
3434,0,svm,max,balanced,cached_mxbai,1393,1782200025.9061708,,,
9171,0,svm,max,balanced,cached_mxbai,1394,1782200026.0426786,,,
4804,0,svm,max,balanced,cached_mxbai,1395,1782200026.1778274,,,
10492,0,svm,max,balanced,cached_mxbai,1396,1782200026.3126042,,,
2831,0,svm,max,balanced,cached_mxbai,1397,1782200026.4472218,,,
9897,0,svm,max,balanced,cached_mxbai,1398,1782200026.5826526,,,
10326,0,svm,max,balanced,cached_mxbai,1399,1782200026.720065,,,
3146,0,svm,max,balanced,cached_mxbai,1400,1782200026.855336,,,
5839,1,svm,max,balanced,cached_mxbai,1401,1782200026.9899495,,,
7743,0,svm,max,balanced,cached_mxbai,1402,1782200027.1275873,,,
2254,0,svm,max,balanced,cached_mxbai,1403,1782200027.263267,,,
3634,0,svm,max,balanced,cached_mxbai,1404,1782200027.3986063,,,
7712,0,svm,max,balanced,cached_mxbai,1405,1782200027.5358174,,,
5024,0,svm,max,balanced,cached_mxbai,1406,1782200027.6710925,,,
4261,0,svm,max,balanced,cached_mxbai,1407,1782200027.8066857,,,
5956,0,svm,max,balanced,cached_mxbai,1408,1782200027.9419963,,,
4652,0,svm,max,balanced,cached_mxbai,1409,1782200028.080403,,,
8038,0,svm,max,balanced,cached_mxbai,1410,1782200028.2165232,,,
4799,0,svm,max,balanced,cached_mxbai,1411,1782200028.3516374,,,
3506,0,svm,max,balanced,cached_mxbai,1412,1782200028.4946184,,,
4632,0,svm,max,balanced,cached_mxbai,1413,1782200028.6328354,,,
8889,0,svm,max,balanced,cached_mxbai,1414,1782200028.773227,,,
273,0,svm,max,balanced,cached_mxbai,1415,1782200028.9097323,,,
3044,0,svm,max,balanced,cached_mxbai,1416,1782200029.045844,,,
2039,0,svm,max,balanced,cached_mxbai,1417,1782200029.1880972,,,
3507,0,svm,max,balanced,cached_mxbai,1418,1782200029.3261065,,,
1234,0,svm,max,balanced,cached_mxbai,1419,1782200029.463654,,,
5106,0,svm,max,balanced,cached_mxbai,1420,1782200029.6055145,,,
4970,0,svm,max,balanced,cached_mxbai,1421,1782200029.7589953,,,
4664,0,svm,max,balanced,cached_mxbai,1422,1782200029.8982687,,,
7728,0,svm,max,balanced,cached_mxbai,1423,1782200030.0366173,,,
5036,0,svm,max,balanced,cached_mxbai,1424,1782200030.1754217,,,
5108,0,svm,max,balanced,cached_mxbai,1425,1782200030.3121262,,,
3236,0,svm,max,balanced,cached_mxbai,1426,1782200030.4482775,,,
4853,0,svm,max,balanced,cached_mxbai,1427,1782200030.587559,,,
3763,0,svm,max,balanced,cached_mxbai,1428,1782200030.726082,,,
8918,0,svm,max,balanced,cached_mxbai,1429,1782200030.8634005,,,
4991,0,svm,max,balanced,cached_mxbai,1430,1782200031.0001297,,,
6162,0,svm,max,balanced,cached_mxbai,1431,1782200031.1400328,,,
3988,0,svm,max,balanced,cached_mxbai,1432,1782200031.2778847,,,
8547,0,svm,max,balanced,cached_mxbai,1433,1782200031.4141076,,,
4463,0,svm,max,balanced,cached_mxbai,1434,1782200031.5524375,,,
5086,0,svm,max,balanced,cached_mxbai,1435,1782200031.6912594,,,
4106,0,svm,max,balanced,cached_mxbai,1436,1782200031.8286011,,,
5245,0,svm,max,balanced,cached_mxbai,1437,1782200031.9651556,,,
5159,0,svm,max,balanced,cached_mxbai,1438,1782200032.1126425,,,
4615,0,svm,max,balanced,cached_mxbai,1439,1782200032.2558422,,,
1078,0,svm,max,balanced,cached_mxbai,1440,1782200032.413484,,,
1492,0,svm,max,balanced,cached_mxbai,1441,1782200032.5528514,,,
4142,0,svm,max,balanced,cached_mxbai,1442,1782200032.6908085,,,
4733,0,svm,max,balanced,cached_mxbai,1443,1782200032.8285995,,,
8228,0,svm,max,balanced,cached_mxbai,1444,1782200032.9668086,,,
4966,0,svm,max,balanced,cached_mxbai,1445,1782200033.10553,,,
9410,0,svm,max,balanced,cached_mxbai,1446,1782200033.2441058,,,
5010,0,svm,max,balanced,cached_mxbai,1447,1782200033.383272,,,
3905,0,svm,max,balanced,cached_mxbai,1448,1782200033.5221357,,,
9864,0,svm,max,balanced,cached_mxbai,1449,1782200033.659495,,,
5063,0,svm,max,balanced,cached_mxbai,1450,1782200033.7985454,,,
4319,0,svm,max,balanced,cached_mxbai,1451,1782200033.9370818,,,
3130,0,svm,max,balanced,cached_mxbai,1452,1782200034.0781898,,,
6461,0,svm,max,balanced,cached_mxbai,1453,1782200034.217178,,,
2583,0,svm,max,balanced,cached_mxbai,1454,1782200034.3559704,,,
6569,0,svm,max,balanced,cached_mxbai,1455,1782200034.4950628,,,
8928,0,svm,max,balanced,cached_mxbai,1456,1782200034.6350071,,,
4708,0,svm,max,balanced,cached_mxbai,1457,1782200034.7733676,,,
6771,0,svm,max,balanced,cached_mxbai,1458,1782200034.913484,,,
7897,0,svm,max,balanced,cached_mxbai,1459,1782200035.0554163,,,
5939,0,svm,max,balanced,cached_mxbai,1460,1782200035.1969898,,,
5643,0,svm,max,balanced,cached_mxbai,1461,1782200035.361161,,,
4629,0,svm,max,balanced,cached_mxbai,1462,1782200035.5019171,,,
4045,0,svm,max,balanced,cached_mxbai,1463,1782200035.6422703,,,
5153,0,svm,max,balanced,cached_mxbai,1464,1782200035.7814598,,,
3805,0,svm,max,balanced,cached_mxbai,1465,1782200035.9254718,,,
9371,0,svm,max,balanced,cached_mxbai,1466,1782200036.0671463,,,
4676,0,svm,max,balanced,cached_mxbai,1467,1782200036.2083209,,,
4336,0,svm,max,balanced,cached_mxbai,1468,1782200036.3461607,,,
1222,0,svm,max,balanced,cached_mxbai,1469,1782200036.4846656,,,
4600,0,svm,max,balanced,cached_mxbai,1470,1782200036.6284542,,,
3932,0,svm,max,balanced,cached_mxbai,1471,1782200036.7679245,,,
796,0,svm,max,balanced,cached_mxbai,1472,1782200036.9079168,,,
3562,0,svm,max,balanced,cached_mxbai,1473,1782200037.0495017,,,
3024,0,svm,max,balanced,cached_mxbai,1474,1782200037.1932368,,,
10065,0,svm,max,balanced,cached_mxbai,1475,1782200037.3353913,,,
4539,0,svm,max,balanced,cached_mxbai,1476,1782200037.47528,,,
10242,0,svm,max,balanced,cached_mxbai,1477,1782200037.6225364,,,
4148,0,svm,max,balanced,cached_mxbai,1478,1782200037.7653,,,
692,0,svm,max,balanced,cached_mxbai,1479,1782200037.9056764,,,
9209,0,svm,max,balanced,cached_mxbai,1480,1782200038.0472932,,,
4975,0,svm,max,balanced,cached_mxbai,1481,1782200038.1882627,,,
4654,0,svm,max,balanced,cached_mxbai,1482,1782200038.328658,,,
5672,0,svm,max,balanced,cached_mxbai,1483,1782200038.4697213,,,
5487,0,svm,max,balanced,cached_mxbai,1484,1782200038.6148427,,,
8759,0,svm,max,balanced,cached_mxbai,1485,1782200038.756311,,,
9176,0,svm,max,balanced,cached_mxbai,1486,1782200038.8995225,,,
1646,0,svm,max,balanced,cached_mxbai,1487,1782200039.0580547,,,
4284,0,svm,max,balanced,cached_mxbai,1488,1782200039.2182791,,,
5984,0,svm,max,balanced,cached_mxbai,1489,1782200039.3592298,,,
4996,0,svm,max,balanced,cached_mxbai,1490,1782200039.5014696,,,
9137,0,svm,max,balanced,cached_mxbai,1491,1782200039.6532688,,,
5151,0,svm,max,balanced,cached_mxbai,1492,1782200039.7962754,,,
10239,0,svm,max,balanced,cached_mxbai,1493,1782200039.9378552,,,
4553,0,svm,max,balanced,cached_mxbai,1494,1782200040.0955238,,,
8123,0,svm,max,balanced,cached_mxbai,1495,1782200040.2370281,,,
8797,0,svm,max,balanced,cached_mxbai,1496,1782200040.3961573,,,
4863,0,svm,max,balanced,cached_mxbai,1497,1782200040.5369134,,,
8046,0,svm,max,balanced,cached_mxbai,1498,1782200040.6839225,,,
9098,0,svm,max,balanced,cached_mxbai,1499,1782200040.8264096,,,
4489,0,svm,max,balanced,cached_mxbai,1500,1782200040.9684975,,,
4014,0,svm,max,balanced,cached_mxbai,1501,1782200041.1111338,,,
3640,0,svm,max,balanced,cached_mxbai,1502,1782200041.256858,,,
5396,0,svm,max,balanced,cached_mxbai,1503,1782200041.4001517,,,
5138,0,svm,max,balanced,cached_mxbai,1504,1782200041.543546,,,
4322,0,svm,max,balanced,cached_mxbai,1505,1782200041.6890852,,,
4562,0,svm,max,balanced,cached_mxbai,1506,1782200041.8326294,,,
3460,0,svm,max,balanced,cached_mxbai,1507,1782200041.9750218,,,
10081,0,svm,max,balanced,cached_mxbai,1508,1782200042.1179044,,,
8885,0,svm,max,balanced,cached_mxbai,1509,1782200042.2607481,,,
4488,0,svm,max,balanced,cached_mxbai,1510,1782200042.418089,,,
10451,0,svm,max,balanced,cached_mxbai,1511,1782200042.5780032,,,
6196,0,svm,max,balanced,cached_mxbai,1512,1782200042.737829,,,
6975,0,svm,max,balanced,cached_mxbai,1513,1782200042.8957582,,,
8580,0,svm,max,balanced,cached_mxbai,1514,1782200043.0556428,,,
4968,0,svm,max,balanced,cached_mxbai,1515,1782200043.2188244,,,
6122,0,svm,max,balanced,cached_mxbai,1516,1782200043.3801742,,,
113,0,svm,max,balanced,cached_mxbai,1517,1782200043.5458326,,,
3938,0,svm,max,balanced,cached_mxbai,1518,1782200043.7126057,,,
1613,0,svm,max,balanced,cached_mxbai,1519,1782200043.87346,,,
4725,0,svm,max,balanced,cached_mxbai,1520,1782200044.0349205,,,
3844,0,svm,max,balanced,cached_mxbai,1521,1782200044.198418,,,
4207,0,svm,max,balanced,cached_mxbai,1522,1782200044.3612247,,,
6671,0,svm,max,balanced,cached_mxbai,1523,1782200044.5262136,,,
3629,0,svm,max,balanced,cached_mxbai,1524,1782200044.6926696,,,
6319,0,svm,max,balanced,cached_mxbai,1525,1782200044.851523,,,
10133,0,svm,max,balanced,cached_mxbai,1526,1782200045.0111132,,,
2873,0,svm,max,balanced,cached_mxbai,1527,1782200045.1734986,,,
7477,0,svm,max,balanced,cached_mxbai,1528,1782200045.348004,,,
4634,0,svm,max,balanced,cached_mxbai,1529,1782200045.5109012,,,
6949,0,svm,max,balanced,cached_mxbai,1530,1782200045.6762397,,,
10088,0,svm,max,balanced,cached_mxbai,1531,1782200045.8384593,,,
4982,0,svm,max,balanced,cached_mxbai,1532,1782200045.9973333,,,
3991,0,svm,max,balanced,cached_mxbai,1533,1782200046.1599948,,,
4454,0,svm,max,balanced,cached_mxbai,1534,1782200046.325243,,,
6138,0,svm,max,balanced,cached_mxbai,1535,1782200046.4862611,,,
5220,0,svm,max,balanced,cached_mxbai,1536,1782200046.646697,,,
8629,0,svm,max,balanced,cached_mxbai,1537,1782200046.807224,,,
5969,0,svm,max,balanced,cached_mxbai,1538,1782200046.9659262,,,
7933,0,svm,max,balanced,cached_mxbai,1539,1782200047.1254218,,,
8272,0,svm,max,balanced,cached_mxbai,1540,1782200047.2864697,,,
3752,0,svm,max,balanced,cached_mxbai,1541,1782200047.446794,,,
4827,0,svm,max,balanced,cached_mxbai,1542,1782200047.6074133,,,
4372,0,svm,max,balanced,cached_mxbai,1543,1782200047.7667997,,,
10545,0,svm,max,balanced,cached_mxbai,1544,1782200047.9251664,,,
8004,0,svm,max,balanced,cached_mxbai,1545,1782200048.0847158,,,
4490,0,svm,max,balanced,cached_mxbai,1546,1782200048.2461207,,,
5325,0,svm,max,balanced,cached_mxbai,1547,1782200048.405895,,,
4278,0,svm,max,balanced,cached_mxbai,1548,1782200048.5642905,,,
7873,0,svm,max,balanced,cached_mxbai,1549,1782200048.7230039,,,
7714,0,svm,max,balanced,cached_mxbai,1550,1782200048.882185,,,
4957,0,svm,max,balanced,cached_mxbai,1551,1782200049.0510902,,,
160,0,svm,max,balanced,cached_mxbai,1552,1782200049.2172973,,,
1476,0,svm,max,balanced,cached_mxbai,1553,1782200049.3854194,,,
2562,0,svm,max,balanced,cached_mxbai,1554,1782200049.553813,,,
4486,0,svm,max,balanced,cached_mxbai,1555,1782200049.7123601,,,
9947,0,svm,max,balanced,cached_mxbai,1556,1782200049.881784,,,
4138,0,svm,max,balanced,cached_mxbai,1557,1782200050.0520158,,,
3399,0,svm,max,balanced,cached_mxbai,1558,1782200050.2193458,,,
7231,0,svm,max,balanced,cached_mxbai,1559,1782200050.3803346,,,
5110,0,svm,max,balanced,cached_mxbai,1560,1782200050.5485046,,,
4675,0,svm,max,balanced,cached_mxbai,1561,1782200050.7180521,,,
3656,0,svm,max,balanced,cached_mxbai,1562,1782200050.8872852,,,
9582,0,svm,max,balanced,cached_mxbai,1563,1782200051.0563798,,,
173,0,svm,max,balanced,cached_mxbai,1564,1782200051.225062,,,
709,0,svm,max,balanced,cached_mxbai,1565,1782200051.3943286,,,
4826,0,svm,max,balanced,cached_mxbai,1566,1782200051.5642018,,,
3109,0,svm,max,balanced,cached_mxbai,1567,1782200051.732826,,,
2433,0,svm,max,balanced,cached_mxbai,1568,1782200051.9015012,,,
1261,0,svm,max,balanced,cached_mxbai,1569,1782200052.070207,,,
3783,0,svm,max,balanced,cached_mxbai,1570,1782200052.2380488,,,
4397,0,svm,max,balanced,cached_mxbai,1571,1782200052.4068604,,,
6235,0,svm,max,balanced,cached_mxbai,1572,1782200052.5762398,,,
9547,0,svm,max,balanced,cached_mxbai,1573,1782200052.7449582,,,
1912,0,svm,max,balanced,cached_mxbai,1574,1782200052.9132318,,,
5496,0,svm,max,balanced,cached_mxbai,1575,1782200053.078979,,,
5608,0,svm,max,balanced,cached_mxbai,1576,1782200053.244757,,,
8355,0,svm,max,balanced,cached_mxbai,1577,1782200053.4114988,,,
5198,0,svm,max,balanced,cached_mxbai,1578,1782200053.5770068,,,
4410,0,svm,max,balanced,cached_mxbai,1579,1782200053.7432535,,,
4021,0,svm,max,balanced,cached_mxbai,1580,1782200053.910056,,,
4501,0,svm,max,balanced,cached_mxbai,1581,1782200054.0771754,,,
9798,0,svm,max,balanced,cached_mxbai,1582,1782200054.245273,,,
8303,0,svm,max,balanced,cached_mxbai,1583,1782200054.4127169,,,
3654,0,svm,max,balanced,cached_mxbai,1584,1782200054.5805078,,,
1039,0,svm,max,balanced,cached_mxbai,1585,1782200054.747682,,,
9219,0,svm,max,balanced,cached_mxbai,1586,1782200054.9171102,,,
6270,0,svm,max,balanced,cached_mxbai,1587,1782200055.0872293,,,
4699,0,svm,max,balanced,cached_mxbai,1588,1782200055.2632444,,,
3801,0,svm,max,balanced,cached_mxbai,1589,1782200055.4375894,,,
4241,0,svm,max,balanced,cached_mxbai,1590,1782200055.6051855,,,
57,0,svm,max,balanced,cached_mxbai,1591,1782200055.7719524,,,
10206,0,svm,max,balanced,cached_mxbai,1592,1782200055.9387171,,,
9773,0,svm,max,balanced,cached_mxbai,1593,1782200056.1053212,,,
5805,0,svm,max,balanced,cached_mxbai,1594,1782200056.2725358,,,
4498,0,svm,max,balanced,cached_mxbai,1595,1782200056.4395902,,,
8828,0,svm,max,balanced,cached_mxbai,1596,1782200056.606726,,,
3385,0,svm,max,balanced,cached_mxbai,1597,1782200056.772926,,,
4757,0,svm,max,balanced,cached_mxbai,1598,1782200056.9402807,,,
8660,0,svm,max,balanced,cached_mxbai,1599,1782200057.1070907,,,
7879,0,svm,max,balanced,cached_mxbai,1600,1782200057.2744272,,,
4622,0,svm,max,balanced,cached_mxbai,1601,1782200057.44162,,,
9878,0,svm,max,balanced,cached_mxbai,1602,1782200057.6097536,,,
5223,0,svm,max,balanced,cached_mxbai,1603,1782200057.776024,,,
1321,0,svm,max,balanced,cached_mxbai,1604,1782200057.9427476,,,
443,0,svm,max,balanced,cached_mxbai,1605,1782200058.1097772,,,
4497,0,svm,max,balanced,cached_mxbai,1606,1782200058.2774446,,,
9911,0,svm,max,balanced,cached_mxbai,1607,1782200058.445061,,,
3556,0,svm,max,balanced,cached_mxbai,1608,1782200058.6118212,,,
4693,0,svm,max,balanced,cached_mxbai,1609,1782200058.7794023,,,
9442,0,svm,max,balanced,cached_mxbai,1610,1782200058.9314377,,,
4763,0,svm,max,balanced,cached_mxbai,1611,1782200059.0865855,,,
4847,0,svm,max,balanced,cached_mxbai,1612,1782200059.2391615,,,
3165,0,svm,max,balanced,cached_mxbai,1613,1782200059.3921902,,,
9496,0,svm,max,balanced,cached_mxbai,1614,1782200059.5467682,,,
604,0,svm,max,balanced,cached_mxbai,1615,1782200059.7013717,,,
3788,0,svm,max,balanced,cached_mxbai,1616,1782200059.8552363,,,
2782,0,svm,max,balanced,cached_mxbai,1617,1782200060.0086207,,,
4392,0,svm,max,balanced,cached_mxbai,1618,1782200060.1620593,,,
1241,0,svm,max,balanced,cached_mxbai,1619,1782200060.314826,,,
6056,0,svm,max,balanced,cached_mxbai,1620,1782200060.4676917,,,
1855,0,svm,max,balanced,cached_mxbai,1621,1782200060.6222804,,,
9433,0,svm,max,balanced,cached_mxbai,1622,1782200060.7764475,,,
4750,0,svm,max,balanced,cached_mxbai,1623,1782200060.929454,,,
5226,0,svm,max,balanced,cached_mxbai,1624,1782200061.0852652,,,
3083,0,svm,max,balanced,cached_mxbai,1625,1782200061.2395015,,,
10521,0,svm,max,balanced,cached_mxbai,1626,1782200061.393911,,,
9115,0,svm,max,balanced,cached_mxbai,1627,1782200061.5477629,,,
8847,0,svm,max,balanced,cached_mxbai,1628,1782200061.7017288,,,
4323,0,svm,max,balanced,cached_mxbai,1629,1782200061.855665,,,
3609,0,svm,max,balanced,cached_mxbai,1630,1782200062.0082362,,,
1278,0,svm,max,balanced,cached_mxbai,1631,1782200062.162777,,,
5621,0,svm,max,balanced,cached_mxbai,1632,1782200062.3166816,,,
4896,0,svm,max,balanced,cached_mxbai,1633,1782200062.471298,,,
3689,0,svm,max,balanced,cached_mxbai,1634,1782200062.6252668,,,
1796,0,svm,max,balanced,cached_mxbai,1635,1782200062.7784395,,,
9624,0,svm,max,balanced,cached_mxbai,1636,1782200062.9314997,,,
5823,0,svm,max,balanced,cached_mxbai,1637,1782200063.0864272,,,
4091,0,svm,max,balanced,cached_mxbai,1638,1782200063.2423627,,,
4090,0,svm,max,balanced,cached_mxbai,1639,1782200063.3994591,,,
3554,0,svm,max,balanced,cached_mxbai,1640,1782200063.5562289,,,
6003,0,svm,max,balanced,cached_mxbai,1641,1782200063.7114594,,,
4517,0,svm,max,balanced,cached_mxbai,1642,1782200063.864885,,,
4069,0,svm,max,balanced,cached_mxbai,1643,1782200064.018398,,,
8404,0,svm,max,balanced,cached_mxbai,1644,1782200064.1738617,,,
2541,0,svm,max,balanced,cached_mxbai,1645,1782200064.3414867,,,
8301,0,svm,max,balanced,cached_mxbai,1646,1782200064.5078113,,,
5952,0,svm,max,balanced,cached_mxbai,1647,1782200064.6796355,,,
1498,0,svm,max,balanced,cached_mxbai,1648,1782200064.8412561,,,
4483,0,svm,max,balanced,cached_mxbai,1649,1782200064.997524,,,
5292,0,svm,max,balanced,cached_mxbai,1650,1782200065.1753817,,,
5100,0,svm,max,balanced,cached_mxbai,1651,1782200065.3622987,,,
4521,0,svm,max,balanced,cached_mxbai,1652,1782200065.5232832,,,
4219,0,svm,max,balanced,cached_mxbai,1653,1782200065.681354,,,
3183,0,svm,max,balanced,cached_mxbai,1654,1782200065.8377254,,,
6548,0,svm,max,balanced,cached_mxbai,1655,1782200065.9948194,,,
8479,0,svm,max,balanced,cached_mxbai,1656,1782200066.1540728,,,
5128,0,svm,max,balanced,cached_mxbai,1657,1782200066.3113804,,,
5066,0,svm,max,balanced,cached_mxbai,1658,1782200066.4696627,,,
4245,0,svm,max,balanced,cached_mxbai,1659,1782200066.6269157,,,
8907,0,svm,max,balanced,cached_mxbai,1660,1782200066.78321,,,
6324,0,svm,max,balanced,cached_mxbai,1661,1782200066.9394271,,,
4122,0,svm,max,balanced,cached_mxbai,1662,1782200067.097734,,,
10153,0,svm,max,balanced,cached_mxbai,1663,1782200067.25521,,,
4766,0,svm,max,balanced,cached_mxbai,1664,1782200067.416607,,,
4438,0,svm,max,balanced,cached_mxbai,1665,1782200067.574171,,,
7959,0,svm,max,balanced,cached_mxbai,1666,1782200067.731407,,,
1416,0,svm,max,balanced,cached_mxbai,1667,1782200067.890489,,,
8658,0,svm,max,balanced,cached_mxbai,1668,1782200068.049119,,,
7706,0,svm,max,balanced,cached_mxbai,1669,1782200068.2100003,,,
2856,0,svm,max,balanced,cached_mxbai,1670,1782200068.383396,,,
4246,0,svm,max,balanced,cached_mxbai,1671,1782200068.5523992,,,
769,0,svm,max,balanced,cached_mxbai,1672,1782200068.7100108,,,
5155,0,svm,max,balanced,cached_mxbai,1673,1782200068.8684666,,,
3909,0,svm,max,balanced,cached_mxbai,1674,1782200069.0265064,,,
6328,0,svm,max,balanced,cached_mxbai,1675,1782200069.1846788,,,
4601,0,svm,max,balanced,cached_mxbai,1676,1782200069.3438501,,,
981,0,svm,max,balanced,cached_mxbai,1677,1782200069.5031118,,,
6815,0,svm,max,balanced,cached_mxbai,1678,1782200069.6638365,,,
3840,0,svm,max,balanced,cached_mxbai,1679,1782200069.8285263,,,
6069,0,svm,max,balanced,cached_mxbai,1680,1782200069.9994104,,,
4719,0,svm,max,balanced,cached_mxbai,1681,1782200070.159704,,,
6537,0,svm,max,balanced,cached_mxbai,1682,1782200070.3198938,,,
4571,0,svm,max,balanced,cached_mxbai,1683,1782200070.480541,,,
178,0,svm,max,balanced,cached_mxbai,1684,1782200070.6391835,,,
8218,0,svm,max,balanced,cached_mxbai,1685,1782200070.7984426,,,
4257,0,svm,max,balanced,cached_mxbai,1686,1782200070.9571285,,,
7871,0,svm,max,balanced,cached_mxbai,1687,1782200071.1168962,,,
639,0,svm,max,balanced,cached_mxbai,1688,1782200071.287643,,,
8694,0,svm,max,balanced,cached_mxbai,1689,1782200071.4626188,,,
3832,0,svm,max,balanced,cached_mxbai,1690,1782200071.6218414,,,
10108,0,svm,max,balanced,cached_mxbai,1691,1782200071.7818575,,,
9714,0,svm,max,balanced,cached_mxbai,1692,1782200071.9408302,,,
4851,0,svm,max,balanced,cached_mxbai,1693,1782200072.099685,,,
3404,0,svm,max,balanced,cached_mxbai,1694,1782200072.2606006,,,
9948,0,svm,max,balanced,cached_mxbai,1695,1782200072.4222343,,,
6585,0,svm,max,balanced,cached_mxbai,1696,1782200072.5829241,,,
4400,0,svm,max,balanced,cached_mxbai,1697,1782200072.7401383,,,
10271,0,svm,max,balanced,cached_mxbai,1698,1782200072.909825,,,
8636,0,svm,max,balanced,cached_mxbai,1699,1782200073.0819218,,,
7355,0,svm,max,balanced,cached_mxbai,1700,1782200073.2520704,,,
7546,0,svm,max,balanced,cached_mxbai,1701,1782200073.4132807,,,
4305,0,svm,max,balanced,cached_mxbai,1702,1782200073.5747952,,,
3552,0,svm,max,balanced,cached_mxbai,1703,1782200073.7479365,,,
5079,0,svm,max,balanced,cached_mxbai,1704,1782200073.9210184,,,
3293,0,svm,max,balanced,cached_mxbai,1705,1782200074.0814312,,,
5777,0,svm,max,balanced,cached_mxbai,1706,1782200074.252982,,,
4749,0,svm,max,balanced,cached_mxbai,1707,1782200074.4123368,,,
3446,0,svm,max,balanced,cached_mxbai,1708,1782200074.573869,,,
81,0,svm,max,balanced,cached_mxbai,1709,1782200074.735141,,,
2781,0,svm,max,balanced,cached_mxbai,1710,1782200074.909483,,,
4334,0,svm,max,balanced,cached_mxbai,1711,1782200075.078603,,,
3889,0,svm,max,balanced,cached_mxbai,1712,1782200075.2657492,,,
427,0,svm,max,balanced,cached_mxbai,1713,1782200075.436665,,,
4606,0,svm,max,balanced,cached_mxbai,1714,1782200075.6124961,,,
9031,0,svm,max,balanced,cached_mxbai,1715,1782200075.786702,,,
8693,0,svm,max,balanced,cached_mxbai,1716,1782200075.9631362,,,
4502,0,svm,max,balanced,cached_mxbai,1717,1782200076.1240745,,,
594,0,svm,max,balanced,cached_mxbai,1718,1782200076.2954895,,,
2431,0,svm,max,balanced,cached_mxbai,1719,1782200076.468314,,,
3428,0,svm,max,balanced,cached_mxbai,1720,1782200076.6427977,,,
5781,0,svm,max,balanced,cached_mxbai,1721,1782200076.815947,,,
4808,0,svm,max,balanced,cached_mxbai,1722,1782200076.9882283,,,
5723,0,svm,max,balanced,cached_mxbai,1723,1782200077.1619563,,,
4649,0,svm,max,balanced,cached_mxbai,1724,1782200077.3348753,,,
3797,0,svm,max,balanced,cached_mxbai,1725,1782200077.5096092,,,
6042,0,svm,max,balanced,cached_mxbai,1726,1782200077.6837137,,,
5240,0,svm,max,balanced,cached_mxbai,1727,1782200077.8565645,,,
3248,0,svm,max,balanced,cached_mxbai,1728,1782200078.0287783,,,
3330,0,svm,max,balanced,cached_mxbai,1729,1782200078.200704,,,
817,0,svm,max,balanced,cached_mxbai,1730,1782200078.3746073,,,
7768,0,svm,max,balanced,cached_mxbai,1731,1782200078.5498123,,,
6233,0,svm,max,balanced,cached_mxbai,1732,1782200078.7256594,,,
4542,0,svm,max,balanced,cached_mxbai,1733,1782200078.8992379,,,
5167,0,svm,max,balanced,cached_mxbai,1734,1782200079.0725484,,,
4809,0,svm,max,balanced,cached_mxbai,1735,1782200079.2460988,,,
4042,0,svm,max,balanced,cached_mxbai,1736,1782200079.4193773,,,
5352,0,svm,max,balanced,cached_mxbai,1737,1782200079.593698,,,
2670,0,svm,max,balanced,cached_mxbai,1738,1782200079.7695453,,,
5052,0,svm,max,balanced,cached_mxbai,1739,1782200079.9426425,,,
2187,0,svm,max,balanced,cached_mxbai,1740,1782200080.1147985,,,
5667,0,svm,max,balanced,cached_mxbai,1741,1782200080.288787,,,
4313,0,svm,max,balanced,cached_mxbai,1742,1782200080.4637487,,,
5099,0,svm,max,balanced,cached_mxbai,1743,1782200080.6397748,,,
5038,0,svm,max,balanced,cached_mxbai,1744,1782200080.814709,,,
6699,0,svm,max,balanced,cached_mxbai,1745,1782200080.9907722,,,
9407,0,svm,max,balanced,cached_mxbai,1746,1782200081.1663678,,,
3577,0,svm,max,balanced,cached_mxbai,1747,1782200081.340515,,,
7055,0,svm,max,balanced,cached_mxbai,1748,1782200081.5152047,,,
9254,0,svm,max,balanced,cached_mxbai,1749,1782200081.6901822,,,
4943,0,svm,max,balanced,cached_mxbai,1750,1782200081.8654933,,,
6167,0,svm,max,balanced,cached_mxbai,1751,1782200082.041172,,,
4784,0,svm,max,balanced,cached_mxbai,1752,1782200082.2191668,,,
3200,0,svm,max,balanced,cached_mxbai,1753,1782200082.3964174,,,
9768,0,svm,max,balanced,cached_mxbai,1754,1782200082.57538,,,
8798,0,svm,max,balanced,cached_mxbai,1755,1782200082.754691,,,
5188,0,svm,max,balanced,cached_mxbai,1756,1782200082.9328833,,,
1704,0,svm,max,balanced,cached_mxbai,1757,1782200083.1129487,,,
4551,0,svm,max,balanced,cached_mxbai,1758,1782200083.2960513,,,
5076,0,svm,max,balanced,cached_mxbai,1759,1782200083.4797742,,,
9437,0,svm,max,balanced,cached_mxbai,1760,1782200083.6607683,,,
6323,0,svm,max,balanced,cached_mxbai,1761,1782200083.8401043,,,
3504,0,svm,max,balanced,cached_mxbai,1762,1782200084.0191824,,,
7216,0,svm,max,balanced,cached_mxbai,1763,1782200084.1978738,,,
5103,0,svm,max,balanced,cached_mxbai,1764,1782200084.3756294,,,
4920,0,svm,max,balanced,cached_mxbai,1765,1782200084.553546,,,
10381,0,svm,max,balanced,cached_mxbai,1766,1782200084.7348182,,,
5027,0,svm,max,balanced,cached_mxbai,1767,1782200084.9142778,,,
8952,0,svm,max,balanced,cached_mxbai,1768,1782200085.0965152,,,
10046,0,svm,max,balanced,cached_mxbai,1769,1782200085.314792,,,
5069,0,svm,max,balanced,cached_mxbai,1770,1782200085.5171578,,,
4309,0,svm,max,balanced,cached_mxbai,1771,1782200085.7275107,,,
577,0,svm,max,balanced,cached_mxbai,1772,1782200085.9300494,,,
4990,0,svm,max,balanced,cached_mxbai,1773,1782200086.1292176,,,
9291,0,svm,max,balanced,cached_mxbai,1774,1782200086.3249125,,,
3533,0,svm,max,balanced,cached_mxbai,1775,1782200086.5225334,,,
7137,0,svm,max,balanced,cached_mxbai,1776,1782200086.7207782,,,
10309,0,svm,max,balanced,cached_mxbai,1777,1782200086.9178152,,,
3445,0,svm,max,balanced,cached_mxbai,1778,1782200087.11704,,,
3331,0,svm,max,balanced,cached_mxbai,1779,1782200087.3138573,,,
9520,0,svm,max,balanced,cached_mxbai,1780,1782200087.509946,,,
5519,0,svm,max,balanced,cached_mxbai,1781,1782200087.7094924,,,
787,0,svm,max,balanced,cached_mxbai,1782,1782200087.9074645,,,
4566,0,svm,max,balanced,cached_mxbai,1783,1782200088.1049016,,,
1427,0,svm,max,balanced,cached_mxbai,1784,1782200088.3018317,,,
1999,0,svm,max,balanced,cached_mxbai,1785,1782200088.4981084,,,
5009,0,svm,max,balanced,cached_mxbai,1786,1782200088.6966841,,,
10235,0,svm,max,balanced,cached_mxbai,1787,1782200088.8952913,,,
8536,0,svm,max,balanced,cached_mxbai,1788,1782200089.0961485,,,
9628,0,svm,max,balanced,cached_mxbai,1789,1782200089.3119385,,,
3171,0,svm,max,balanced,cached_mxbai,1790,1782200089.517781,,,
10036,0,svm,max,balanced,cached_mxbai,1791,1782200089.7307787,,,
4701,0,svm,max,balanced,cached_mxbai,1792,1782200089.9462163,,,
5896,0,svm,max,balanced,cached_mxbai,1793,1782200090.1624708,,,
7279,0,svm,max,balanced,cached_mxbai,1794,1782200090.3657315,,,
8483,0,svm,max,balanced,cached_mxbai,1795,1782200090.5647964,,,
3664,0,svm,max,balanced,cached_mxbai,1796,1782200090.762458,,,
6642,0,svm,max,balanced,cached_mxbai,1797,1782200090.9594393,,,
6293,0,svm,max,balanced,cached_mxbai,1798,1782200091.1573253,,,
4716,0,svm,max,balanced,cached_mxbai,1799,1782200091.3565784,,,
7681,0,svm,max,balanced,cached_mxbai,1800,1782200091.5548975,,,
3924,0,svm,max,balanced,cached_mxbai,1801,1782200091.7553754,,,
10410,0,svm,max,balanced,cached_mxbai,1802,1782200091.954753,,,
8829,0,svm,max,balanced,cached_mxbai,1803,1782200092.153309,,,
27,0,svm,max,balanced,cached_mxbai,1804,1782200092.3532786,,,
4035,0,svm,max,balanced,cached_mxbai,1805,1782200092.5571175,,,
5139,0,svm,max,balanced,cached_mxbai,1806,1782200092.761524,,,
7203,0,svm,max,balanced,cached_mxbai,1807,1782200092.9652598,,,
5452,0,svm,max,balanced,cached_mxbai,1808,1782200093.1679769,,,
4180,0,svm,max,balanced,cached_mxbai,1809,1782200093.3693147,,,
4759,0,svm,max,balanced,cached_mxbai,1810,1782200093.5726974,,,
7947,0,svm,max,balanced,cached_mxbai,1811,1782200093.7840986,,,
8373,0,svm,max,balanced,cached_mxbai,1812,1782200093.9946246,,,
3231,0,svm,max,balanced,cached_mxbai,1813,1782200094.203698,,,
4801,0,svm,max,balanced,cached_mxbai,1814,1782200094.4108944,,,
10158,0,svm,max,balanced,cached_mxbai,1815,1782200094.6187532,,,
6212,0,svm,max,balanced,cached_mxbai,1816,1782200094.826254,,,
3811,0,svm,max,balanced,cached_mxbai,1817,1782200095.036628,,,
5346,0,svm,max,balanced,cached_mxbai,1818,1782200095.2554336,,,
4959,0,svm,max,balanced,cached_mxbai,1819,1782200095.470295,,,
7438,0,svm,max,balanced,cached_mxbai,1820,1782200095.681084,,,
2137,0,svm,max,balanced,cached_mxbai,1821,1782200095.8904407,,,
4097,0,svm,max,balanced,cached_mxbai,1822,1782200096.100043,,,
5881,0,svm,max,balanced,cached_mxbai,1823,1782200096.3096507,,,
1255,0,svm,max,balanced,cached_mxbai,1824,1782200096.5187197,,,
5234,0,svm,max,balanced,cached_mxbai,1825,1782200096.729735,,,
4482,0,svm,max,balanced,cached_mxbai,1826,1782200096.9404283,,,
5080,0,svm,max,balanced,cached_mxbai,1827,1782200097.1577678,,,
6357,0,svm,max,balanced,cached_mxbai,1828,1782200097.3711107,,,
5799,0,svm,max,balanced,cached_mxbai,1829,1782200097.5817723,,,
6816,0,svm,max,balanced,cached_mxbai,1830,1782200097.7932818,,,
4343,0,svm,max,balanced,cached_mxbai,1831,1782200098.005509,,,
3729,0,svm,max,balanced,cached_mxbai,1832,1782200098.2311687,,,
4682,0,svm,max,balanced,cached_mxbai,1833,1782200098.445634,,,
5650,0,svm,max,balanced,cached_mxbai,1834,1782200098.6568434,,,
9849,0,svm,max,balanced,cached_mxbai,1835,1782200098.865153,,,
52,0,svm,max,balanced,cached_mxbai,1836,1782200099.071599,,,
195,0,svm,max,balanced,cached_mxbai,1837,1782200099.2775414,,,
7058,0,svm,max,balanced,cached_mxbai,1838,1782200099.4851854,,,
1143,0,svm,max,balanced,cached_mxbai,1839,1782200099.6916595,,,
8619,0,svm,max,balanced,cached_mxbai,1840,1782200099.9019654,,,
8979,0,svm,max,balanced,cached_mxbai,1841,1782200100.1062667,,,
5213,0,svm,max,balanced,cached_mxbai,1842,1782200100.314362,,,
3809,0,svm,max,balanced,cached_mxbai,1843,1782200100.52283,,,
4741,0,svm,max,balanced,cached_mxbai,1844,1782200100.7311046,,,
4737,0,svm,max,balanced,cached_mxbai,1845,1782200100.9393919,,,
9113,0,svm,max,balanced,cached_mxbai,1846,1782200101.1486168,,,
1032,0,svm,max,balanced,cached_mxbai,1847,1782200101.3641644,,,
7155,0,svm,max,balanced,cached_mxbai,1848,1782200101.5705843,,,
3047,0,svm,max,balanced,cached_mxbai,1849,1782200101.7757187,,,
8191,0,svm,max,balanced,cached_mxbai,1850,1782200101.9794302,,,
4954,0,svm,max,balanced,cached_mxbai,1851,1782200102.1852102,,,
2021,0,svm,max,balanced,cached_mxbai,1852,1782200102.3907151,,,
3724,0,svm,max,balanced,cached_mxbai,1853,1782200102.599179,,,
7717,0,svm,max,balanced,cached_mxbai,1854,1782200102.8077395,,,
6822,0,svm,max,balanced,cached_mxbai,1855,1782200103.0147598,,,
1641,0,svm,max,balanced,cached_mxbai,1856,1782200103.2209485,,,
1131,0,svm,max,balanced,cached_mxbai,1857,1782200103.4279337,,,
4987,0,svm,max,balanced,cached_mxbai,1858,1782200103.6342504,,,
229,0,svm,max,balanced,cached_mxbai,1859,1782200103.841247,,,
92,0,svm,max,balanced,cached_mxbai,1860,1782200104.0494206,,,
7363,0,svm,max,balanced,cached_mxbai,1861,1782200104.25581,,,
7199,0,svm,max,balanced,cached_mxbai,1862,1782200104.4644952,,,
9299,0,svm,max,balanced,cached_mxbai,1863,1782200104.6710708,,,
4394,0,svm,max,balanced,cached_mxbai,1864,1782200104.880414,,,
7683,0,svm,max,balanced,cached_mxbai,1865,1782200105.0927455,,,
5045,0,svm,max,balanced,cached_mxbai,1866,1782200105.3160753,,,
10034,0,svm,max,balanced,cached_mxbai,1867,1782200105.5248017,,,
3921,0,svm,max,balanced,cached_mxbai,1868,1782200105.7347093,,,
7050,0,svm,max,balanced,cached_mxbai,1869,1782200105.9448383,,,
7257,0,svm,max,balanced,cached_mxbai,1870,1782200106.153422,,,
4627,0,svm,max,balanced,cached_mxbai,1871,1782200106.3613663,,,
806,0,svm,max,balanced,cached_mxbai,1872,1782200106.5702374,,,
4608,0,svm,max,balanced,cached_mxbai,1873,1782200106.7794228,,,
7178,0,svm,max,balanced,cached_mxbai,1874,1782200106.9867747,,,
80,0,svm,max,balanced,cached_mxbai,1875,1782200107.19441,,,
7000,0,svm,max,balanced,cached_mxbai,1876,1782200107.4033709,,,
1370,0,svm,max,balanced,cached_mxbai,1877,1782200107.6130056,,,
7697,0,svm,max,balanced,cached_mxbai,1878,1782200107.8252554,,,
3400,0,svm,max,balanced,cached_mxbai,1879,1782200108.0330777,,,
1863,0,svm,max,balanced,cached_mxbai,1880,1782200108.2421353,,,
78,0,svm,max,balanced,cached_mxbai,1881,1782200108.4509358,,,
6153,0,svm,max,balanced,cached_mxbai,1882,1782200108.6595688,,,
4689,0,svm,max,balanced,cached_mxbai,1883,1782200108.8701525,,,
7233,0,svm,max,balanced,cached_mxbai,1884,1782200109.0800228,,,
5862,0,svm,max,balanced,cached_mxbai,1885,1782200109.2945712,,,
5084,0,svm,max,balanced,cached_mxbai,1886,1782200109.506866,,,
6431,0,svm,max,balanced,cached_mxbai,1887,1782200109.717335,,,
8430,0,svm,max,balanced,cached_mxbai,1888,1782200109.9377303,,,
5759,0,svm,max,balanced,cached_mxbai,1889,1782200110.1517582,,,
2319,0,svm,max,balanced,cached_mxbai,1890,1782200110.3651917,,,
4963,0,svm,max,balanced,cached_mxbai,1891,1782200110.5987144,,,
3602,0,svm,max,balanced,cached_mxbai,1892,1782200110.814064,,,
7077,0,svm,max,balanced,cached_mxbai,1893,1782200111.0294714,,,
10446,0,svm,max,balanced,cached_mxbai,1894,1782200111.2460551,,,
10422,0,svm,max,balanced,cached_mxbai,1895,1782200111.4615803,,,
4617,0,svm,max,balanced,cached_mxbai,1896,1782200111.676855,,,
5231,0,svm,max,balanced,cached_mxbai,1897,1782200111.893794,,,
3152,0,svm,max,balanced,cached_mxbai,1898,1782200112.1140494,,,
5592,0,svm,max,balanced,cached_mxbai,1899,1782200112.334538,,,
7318,0,svm,max,balanced,cached_mxbai,1900,1782200112.5549903,,,
1808,0,svm,max,balanced,cached_mxbai,1901,1782200112.7764268,,,
9369,0,svm,max,balanced,cached_mxbai,1902,1782200112.9984546,,,
5043,0,svm,max,balanced,cached_mxbai,1903,1782200113.220733,,,
7418,0,svm,max,balanced,cached_mxbai,1904,1782200113.4406092,,,
5119,0,svm,max,balanced,cached_mxbai,1905,1782200113.661231,,,
3776,0,svm,max,balanced,cached_mxbai,1906,1782200113.8852987,,,
2773,0,svm,max,balanced,cached_mxbai,1907,1782200114.1067905,,,
4745,0,svm,max,balanced,cached_mxbai,1908,1782200114.328256,,,
8337,0,svm,max,balanced,cached_mxbai,1909,1782200114.5490913,,,
7091,0,svm,max,balanced,cached_mxbai,1910,1782200114.7702136,,,
9704,0,svm,max,balanced,cached_mxbai,1911,1782200114.9968653,,,
4493,0,svm,max,balanced,cached_mxbai,1912,1782200115.2250614,,,
6060,0,svm,max,balanced,cached_mxbai,1913,1782200115.475241,,,
3753,0,svm,max,balanced,cached_mxbai,1914,1782200115.6987362,,,
5087,0,svm,max,balanced,cached_mxbai,1915,1782200115.9262826,,,
124,0,svm,max,balanced,cached_mxbai,1916,1782200116.150885,,,
809,0,svm,max,balanced,cached_mxbai,1917,1782200116.3723986,,,
4660,0,svm,max,balanced,cached_mxbai,1918,1782200116.5958126,,,
5842,0,svm,max,balanced,cached_mxbai,1919,1782200116.8170798,,,
8105,0,svm,max,balanced,cached_mxbai,1920,1782200117.040957,,,
1566,0,svm,max,balanced,cached_mxbai,1921,1782200117.2623649,,,
10120,0,svm,max,balanced,cached_mxbai,1922,1782200117.4858556,,,
3709,0,svm,max,balanced,cached_mxbai,1923,1782200117.707583,,,
3211,0,svm,max,balanced,cached_mxbai,1924,1782200117.9374008,,,
1040,0,svm,max,balanced,cached_mxbai,1925,1782200118.1613374,,,
3998,0,svm,max,balanced,cached_mxbai,1926,1782200118.3830833,,,
3549,0,svm,max,balanced,cached_mxbai,1927,1782200118.606176,,,
1502,0,svm,max,balanced,cached_mxbai,1928,1782200118.8289516,,,
4437,0,svm,max,balanced,cached_mxbai,1929,1782200119.0525477,,,
422,0,svm,max,balanced,cached_mxbai,1930,1782200119.276055,,,
8610,0,svm,max,balanced,cached_mxbai,1931,1782200119.4970224,,,
8210,0,svm,max,balanced,cached_mxbai,1932,1782200119.720784,,,
6390,0,svm,max,balanced,cached_mxbai,1933,1782200119.9451153,,,
5136,0,svm,max,balanced,cached_mxbai,1934,1782200120.1700764,,,
2473,0,svm,max,balanced,cached_mxbai,1935,1782200120.393736,,,
10252,0,svm,max,balanced,cached_mxbai,1936,1782200120.6335976,,,
8996,0,svm,max,balanced,cached_mxbai,1937,1782200120.8658423,,,
6616,0,svm,max,balanced,cached_mxbai,1938,1782200121.0913763,,,
2819,0,svm,max,balanced,cached_mxbai,1939,1782200121.315445,,,
6216,0,svm,max,balanced,cached_mxbai,1940,1782200121.538061,,,
7369,0,svm,max,balanced,cached_mxbai,1941,1782200121.7608118,,,
3364,0,svm,max,balanced,cached_mxbai,1942,1782200122.0079741,,,
9603,0,svm,max,balanced,cached_mxbai,1943,1782200122.2345912,,,
10557,0,svm,max,balanced,cached_mxbai,1944,1782200122.4595332,,,
8367,0,svm,max,balanced,cached_mxbai,1945,1782200122.6939023,,,
9370,0,svm,max,balanced,cached_mxbai,1946,1782200122.9183376,,,
4344,0,svm,max,balanced,cached_mxbai,1947,1782200123.1435359,,,
5129,0,svm,max,balanced,cached_mxbai,1948,1782200123.3792975,,,
1084,0,svm,max,balanced,cached_mxbai,1949,1782200123.601272,,,
9572,0,svm,max,balanced,cached_mxbai,1950,1782200123.8255708,,,
8024,0,svm,max,balanced,cached_mxbai,1951,1782200124.0476778,,,
4843,0,svm,max,balanced,cached_mxbai,1952,1782200124.26926,,,
242,0,svm,max,balanced,cached_mxbai,1953,1782200124.488124,,,
95,0,svm,max,balanced,cached_mxbai,1954,1782200124.70751,,,
5310,0,svm,max,balanced,cached_mxbai,1955,1782200124.9296308,,,
4150,0,svm,max,balanced,cached_mxbai,1956,1782200125.170076,,,
4823,0,svm,max,balanced,cached_mxbai,1957,1782200125.4176273,,,
7276,0,svm,max,balanced,cached_mxbai,1958,1782200125.6404285,,,
5205,0,svm,max,balanced,cached_mxbai,1959,1782200125.8625426,,,
4477,0,svm,max,balanced,cached_mxbai,1960,1782200126.0840986,,,
5971,0,svm,max,balanced,cached_mxbai,1961,1782200126.3061364,,,
6478,0,svm,max,balanced,cached_mxbai,1962,1782200126.526524,,,
3285,0,svm,max,balanced,cached_mxbai,1963,1782200126.7474327,,,
5042,0,svm,max,balanced,cached_mxbai,1964,1782200126.9685853,,,
7550,0,svm,max,balanced,cached_mxbai,1965,1782200127.1900277,,,
1731,0,svm,max,balanced,cached_mxbai,1966,1782200127.4128385,,,
2948,0,svm,max,balanced,cached_mxbai,1967,1782200127.6332905,,,
5696,0,svm,max,balanced,cached_mxbai,1968,1782200127.8551939,,,
8088,1,svm,max,balanced,cached_mxbai,1969,1782200128.077329,,,
6045,0,svm,max,balanced,cached_mxbai,1970,1782200128.2988088,,,
9457,0,svm,max,balanced,cached_mxbai,1971,1782200128.5208046,,,
6284,0,svm,max,balanced,cached_mxbai,1972,1782200128.7415733,,,
4325,0,svm,max,balanced,cached_mxbai,1973,1782200128.9648263,,,
1439,0,svm,max,balanced,cached_mxbai,1974,1782200129.1883197,,,
3495,0,svm,max,balanced,cached_mxbai,1975,1782200129.4137545,,,
8717,0,svm,max,balanced,cached_mxbai,1976,1782200129.6373355,,,
3705,0,svm,max,balanced,cached_mxbai,1977,1782200129.86196,,,
9804,0,svm,max,balanced,cached_mxbai,1978,1782200130.0882156,,,
4576,0,svm,max,balanced,cached_mxbai,1979,1782200130.3125522,,,
66,0,svm,max,balanced,cached_mxbai,1980,1782200130.5372083,,,
8770,0,svm,max,balanced,cached_mxbai,1981,1782200130.7603612,,,
4806,0,svm,max,balanced,cached_mxbai,1982,1782200131.0053227,,,
1022,0,svm,max,balanced,cached_mxbai,1983,1782200131.2411795,,,
1594,0,svm,max,balanced,cached_mxbai,1984,1782200131.489165,,,
3233,0,svm,max,balanced,cached_mxbai,1985,1782200131.7145767,,,
5562,0,svm,max,balanced,cached_mxbai,1986,1782200131.940497,,,
4123,0,svm,max,balanced,cached_mxbai,1987,1782200132.1876085,,,
1926,0,svm,max,balanced,cached_mxbai,1988,1782200132.4113662,,,
4269,0,svm,max,balanced,cached_mxbai,1989,1782200132.6388428,,,
3606,0,svm,max,balanced,cached_mxbai,1990,1782200132.8645546,,,
1093,0,svm,max,balanced,cached_mxbai,1991,1782200133.0914526,,,
1486,0,svm,max,balanced,cached_mxbai,1992,1782200133.316038,,,
7312,0,svm,max,balanced,cached_mxbai,1993,1782200133.540067,,,
8335,0,svm,max,balanced,cached_mxbai,1994,1782200133.7647362,,,
9321,0,svm,max,balanced,cached_mxbai,1995,1782200134.0003707,,,
9277,0,svm,max,balanced,cached_mxbai,1996,1782200134.2334816,,,
8194,0,svm,max,balanced,cached_mxbai,1997,1782200134.4607048,,,
6353,0,svm,max,balanced,cached_mxbai,1998,1782200134.68682,,,
3346,0,svm,max,balanced,cached_mxbai,1999,1782200134.9129705,,,
4550,0,svm,max,balanced,cached_mxbai,2000,1782200135.1468139,,,
6989,0,svm,max,balanced,cached_mxbai,2001,1782200135.3996556,,,
8554,0,svm,max,balanced,cached_mxbai,2002,1782200135.6263118,,,
3412,0,svm,max,balanced,cached_mxbai,2003,1782200135.853261,,,
3264,0,svm,max,balanced,cached_mxbai,2004,1782200136.082644,,,
5734,0,svm,max,balanced,cached_mxbai,2005,1782200136.3104413,,,
5255,0,svm,max,balanced,cached_mxbai,2006,1782200136.536761,,,
2373,0,svm,max,balanced,cached_mxbai,2007,1782200136.763329,,,
6185,0,svm,max,balanced,cached_mxbai,2008,1782200136.9911327,,,
3496,0,svm,max,balanced,cached_mxbai,2009,1782200137.2210875,,,
4855,0,svm,max,balanced,cached_mxbai,2010,1782200137.4478188,,,
38,0,svm,max,balanced,cached_mxbai,2011,1782200137.674899,,,
6462,0,svm,max,balanced,cached_mxbai,2012,1782200137.9046566,,,
2892,0,svm,max,balanced,cached_mxbai,2013,1782200138.1336994,,,
10006,0,svm,max,balanced,cached_mxbai,2014,1782200138.3623466,,,
1006,0,svm,max,balanced,cached_mxbai,2015,1782200138.5892348,,,
7374,0,svm,max,balanced,cached_mxbai,2016,1782200138.8157346,,,
9473,0,svm,max,balanced,cached_mxbai,2017,1782200139.043817,,,
8761,0,svm,max,balanced,cached_mxbai,2018,1782200139.2735267,,,
4810,0,svm,max,balanced,cached_mxbai,2019,1782200139.5010464,,,
7950,0,svm,max,balanced,cached_mxbai,2020,1782200139.7288759,,,
9877,0,svm,max,balanced,cached_mxbai,2021,1782200139.9592113,,,
1761,0,svm,max,balanced,cached_mxbai,2022,1782200140.1886992,,,
6976,0,svm,max,balanced,cached_mxbai,2023,1782200140.412074,,,
7099,0,svm,max,balanced,cached_mxbai,2024,1782200140.6361597,,,
5007,0,svm,max,balanced,cached_mxbai,2025,1782200140.8584824,,,
2040,0,svm,max,balanced,cached_mxbai,2026,1782200141.0833943,,,
3274,0,svm,max,balanced,cached_mxbai,2027,1782200141.3080547,,,
6359,0,svm,max,balanced,cached_mxbai,2028,1782200141.530064,,,
2293,0,svm,max,balanced,cached_mxbai,2029,1782200141.7528577,,,
4186,0,svm,max,balanced,cached_mxbai,2030,1782200141.978933,,,
9733,0,svm,max,balanced,cached_mxbai,2031,1782200142.2040174,,,
4857,0,svm,max,balanced,cached_mxbai,2032,1782200142.429909,,,
3683,0,svm,max,balanced,cached_mxbai,2033,1782200142.6552763,,,
4852,0,svm,max,balanced,cached_mxbai,2034,1782200142.878858,,,
672,0,svm,max,balanced,cached_mxbai,2035,1782200143.1057127,,,
2184,0,svm,max,balanced,cached_mxbai,2036,1782200143.3303065,,,
365,0,svm,max,balanced,cached_mxbai,2037,1782200143.5526664,,,
8388,0,svm,max,balanced,cached_mxbai,2038,1782200143.7757516,,,
4731,0,svm,max,balanced,cached_mxbai,2039,1782200144.0152457,,,
3245,0,svm,max,balanced,cached_mxbai,2040,1782200144.2561424,,,
4581,0,svm,max,balanced,cached_mxbai,2041,1782200144.4802198,,,
4082,0,svm,max,balanced,cached_mxbai,2042,1782200144.704742,,,
7446,0,svm,max,balanced,cached_mxbai,2043,1782200144.9318259,,,
3700,0,svm,max,balanced,cached_mxbai,2044,1782200145.170851,,,
5462,0,svm,max,balanced,cached_mxbai,2045,1782200145.416018,,,
4525,0,svm,max,balanced,cached_mxbai,2046,1782200145.6443193,,,
9144,0,svm,max,balanced,cached_mxbai,2047,1782200145.8717597,,,
1896,0,svm,max,balanced,cached_mxbai,2048,1782200146.0986216,,,
6424,0,svm,max,balanced,cached_mxbai,2049,1782200146.3295531,,,
4929,0,svm,max,balanced,cached_mxbai,2050,1782200146.559293,,,
8504,0,svm,max,balanced,cached_mxbai,2051,1782200146.790881,,,
8322,0,svm,max,balanced,cached_mxbai,2052,1782200147.0205946,,,
3054,0,svm,max,balanced,cached_mxbai,2053,1782200147.252179,,,
6899,0,svm,max,balanced,cached_mxbai,2054,1782200147.4834578,,,
8082,0,svm,max,balanced,cached_mxbai,2055,1782200147.7171073,,,
8111,0,svm,max,balanced,cached_mxbai,2056,1782200147.949154,,,
1546,0,svm,max,balanced,cached_mxbai,2057,1782200148.1859283,,,
7061,0,svm,max,balanced,cached_mxbai,2058,1782200148.4201677,,,
4183,0,svm,max,balanced,cached_mxbai,2059,1782200148.6552696,,,
5068,0,svm,max,balanced,cached_mxbai,2060,1782200148.9154384,,,
826,0,svm,max,balanced,cached_mxbai,2061,1782200149.1835253,,,
8583,0,svm,max,balanced,cached_mxbai,2062,1782200149.4454281,,,
3232,0,svm,max,balanced,cached_mxbai,2063,1782200149.694031,,,
4329,0,svm,max,balanced,cached_mxbai,2064,1782200149.9460096,,,
3210,0,svm,max,balanced,cached_mxbai,2065,1782200150.207647,,,
4730,0,svm,max,balanced,cached_mxbai,2066,1782200150.4690228,,,
8283,0,svm,max,balanced,cached_mxbai,2067,1782200150.7166789,,,
6286,0,svm,max,balanced,cached_mxbai,2068,1782200150.9794846,,,
10403,0,svm,max,balanced,cached_mxbai,2069,1782200151.2410123,,,
4596,0,svm,max,balanced,cached_mxbai,2070,1782200151.4890068,,,
3419,0,svm,max,balanced,cached_mxbai,2071,1782200151.7579753,,,
64,0,svm,max,balanced,cached_mxbai,2072,1782200151.9993289,,,
4286,0,svm,max,balanced,cached_mxbai,2073,1782200152.2439737,,,
4407,0,svm,max,balanced,cached_mxbai,2074,1782200152.492691,,,
5463,0,svm,max,balanced,cached_mxbai,2075,1782200152.742265,,,
4755,0,svm,max,balanced,cached_mxbai,2076,1782200153.016628,,,
3867,0,svm,max,balanced,cached_mxbai,2077,1782200153.2887375,,,
5104,0,svm,max,balanced,cached_mxbai,2078,1782200153.531223,,,
3213,0,svm,max,balanced,cached_mxbai,2079,1782200153.7672598,,,
1073,0,svm,max,balanced,cached_mxbai,2080,1782200154.009616,,,
3622,0,svm,max,balanced,cached_mxbai,2081,1782200154.252034,,,
1914,0,svm,max,balanced,cached_mxbai,2082,1782200154.502306,,,
3497,0,svm,max,balanced,cached_mxbai,2083,1782200154.744963,,,
5005,0,svm,max,balanced,cached_mxbai,2084,1782200154.9811957,,,
3993,0,svm,max,balanced,cached_mxbai,2085,1782200155.2356238,,,
9611,0,svm,max,balanced,cached_mxbai,2086,1782200155.5050986,,,
7130,0,svm,max,balanced,cached_mxbai,2087,1782200155.7399466,,,
5466,0,svm,max,balanced,cached_mxbai,2088,1782200155.9761329,,,
121,0,svm,max,balanced,cached_mxbai,2089,1782200156.2235544,,,
3403,0,svm,max,balanced,cached_mxbai,2090,1782200156.470234,,,
5295,0,svm,max,balanced,cached_mxbai,2091,1782200156.7220383,,,
6765,0,svm,max,balanced,cached_mxbai,2092,1782200156.9615986,,,
5003,0,svm,max,balanced,cached_mxbai,2093,1782200157.207976,,,
417,0,svm,max,balanced,cached_mxbai,2094,1782200157.4476178,,,
2121,0,svm,max,balanced,cached_mxbai,2095,1782200157.6882474,,,
7304,0,svm,max,balanced,cached_mxbai,2096,1782200157.9260404,,,
5178,0,svm,max,balanced,cached_mxbai,2097,1782200158.180076,,,
5163,0,svm,max,balanced,cached_mxbai,2098,1782200158.4236448,,,
4747,0,svm,max,balanced,cached_mxbai,2099,1782200158.6678758,,,
1351,0,svm,max,balanced,cached_mxbai,2100,1782200158.9166856,,,
4251,0,svm,max,balanced,cached_mxbai,2101,1782200159.1643643,,,
4370,0,svm,max,balanced,cached_mxbai,2102,1782200159.4100049,,,
2421,0,svm,max,balanced,cached_mxbai,2103,1782200159.6581082,,,
5114,0,svm,max,balanced,cached_mxbai,2104,1782200159.8949273,,,
4876,0,svm,max,balanced,cached_mxbai,2105,1782200160.1337929,,,
9559,0,svm,max,balanced,cached_mxbai,2106,1782200160.388183,,,
10491,0,svm,max,balanced,cached_mxbai,2107,1782200160.625125,,,
9741,0,svm,max,balanced,cached_mxbai,2108,1782200160.8615706,,,
9089,0,svm,max,balanced,cached_mxbai,2109,1782200161.1055763,,,
3764,0,svm,max,balanced,cached_mxbai,2110,1782200161.370594,,,
8263,0,svm,max,balanced,cached_mxbai,2111,1782200161.6117334,,,
8370,0,svm,max,balanced,cached_mxbai,2112,1782200161.8493142,,,
7951,0,svm,max,balanced,cached_mxbai,2113,1782200162.103578,,,
919,0,svm,max,balanced,cached_mxbai,2114,1782200162.3437698,,,
6105,0,svm,max,balanced,cached_mxbai,2115,1782200162.5889618,,,
10210,0,svm,max,balanced,cached_mxbai,2116,1782200162.8378537,,,
4861,0,svm,max,balanced,cached_mxbai,2117,1782200163.082492,,,
4282,0,svm,max,balanced,cached_mxbai,2118,1782200163.3227556,,,
4132,0,svm,max,balanced,cached_mxbai,2119,1782200163.5625012,,,
4276,0,svm,max,balanced,cached_mxbai,2120,1782200163.803579,,,
4022,0,svm,max,balanced,cached_mxbai,2121,1782200164.1825354,,,
7552,0,svm,max,balanced,cached_mxbai,2122,1782200164.4508624,,,
6546,0,svm,max,balanced,cached_mxbai,2123,1782200164.6947625,,,
5203,0,svm,max,balanced,cached_mxbai,2124,1782200164.9374108,,,
3637,0,svm,max,balanced,cached_mxbai,2125,1782200165.1893768,,,
1604,0,svm,max,balanced,cached_mxbai,2126,1782200165.4615865,,,
3704,0,svm,max,balanced,cached_mxbai,2127,1782200165.7037733,,,
8462,0,svm,max,balanced,cached_mxbai,2128,1782200165.9471395,,,
3062,0,svm,max,balanced,cached_mxbai,2129,1782200166.192003,,,
5048,0,svm,max,balanced,cached_mxbai,2130,1782200166.447363,,,
4242,0,svm,max,balanced,cached_mxbai,2131,1782200166.702027,,,
5044,0,svm,max,balanced,cached_mxbai,2132,1782200166.9459224,,,
244,0,svm,max,balanced,cached_mxbai,2133,1782200167.1970978,,,
7733,0,svm,max,balanced,cached_mxbai,2134,1782200167.4424732,,,
9472,0,svm,max,balanced,cached_mxbai,2135,1782200167.6829317,,,
2544,0,svm,max,balanced,cached_mxbai,2136,1782200167.9218054,,,
2690,0,svm,max,balanced,cached_mxbai,2137,1782200168.1626801,,,
5549,0,svm,max,balanced,cached_mxbai,2138,1782200168.4032466,,,
2702,0,svm,max,balanced,cached_mxbai,2139,1782200168.6463566,,,
3710,0,svm,max,balanced,cached_mxbai,2140,1782200168.8852408,,,
1178,0,svm,max,balanced,cached_mxbai,2141,1782200169.1282463,,,
4335,0,svm,max,balanced,cached_mxbai,2142,1782200169.3703256,,,
669,0,svm,max,balanced,cached_mxbai,2143,1782200169.6132665,,,
4175,0,svm,max,balanced,cached_mxbai,2144,1782200169.860319,,,
3855,0,svm,max,balanced,cached_mxbai,2145,1782200170.1250377,,,
6654,0,svm,max,balanced,cached_mxbai,2146,1782200170.368157,,,
4462,0,svm,max,balanced,cached_mxbai,2147,1782200170.6347601,,,
5260,0,svm,max,balanced,cached_mxbai,2148,1782200170.8775005,,,
9856,0,svm,max,balanced,cached_mxbai,2149,1782200171.1225824,,,
7609,0,svm,max,balanced,cached_mxbai,2150,1782200171.368264,,,
6310,0,svm,max,balanced,cached_mxbai,2151,1782200171.6128979,,,
7495,0,svm,max,balanced,cached_mxbai,2152,1782200171.8616872,,,
8488,0,svm,max,balanced,cached_mxbai,2153,1782200172.10486,,,
5140,0,svm,max,balanced,cached_mxbai,2154,1782200172.3467436,,,
8833,0,svm,max,balanced,cached_mxbai,2155,1782200172.5889914,,,
4917,0,svm,max,balanced,cached_mxbai,2156,1782200172.8315208,,,
3604,0,svm,max,balanced,cached_mxbai,2157,1782200173.0746193,,,
8832,1,svm,max,balanced,cached_mxbai,2158,1782200173.3220541,,,
7776,0,svm,max,balanced,cached_mxbai,2159,1782200173.581782,,,
6988,0,svm,max,balanced,cached_mxbai,2160,1782200173.8368824,,,
288,0,svm,max,balanced,cached_mxbai,2161,1782200174.0818493,,,
8920,0,svm,max,balanced,cached_mxbai,2162,1782200174.3279343,,,
7258,0,svm,max,balanced,cached_mxbai,2163,1782200174.5726306,,,
8190,0,svm,max,balanced,cached_mxbai,2164,1782200174.8153763,,,
9292,0,svm,max,balanced,cached_mxbai,2165,1782200175.0697298,,,
4585,0,svm,max,balanced,cached_mxbai,2166,1782200175.349125,,,
4212,0,svm,max,balanced,cached_mxbai,2167,1782200175.603259,,,
3673,0,svm,max,balanced,cached_mxbai,2168,1782200175.851971,,,
4979,0,svm,max,balanced,cached_mxbai,2169,1782200176.10294,,,
1606,0,svm,max,balanced,cached_mxbai,2170,1782200176.3549285,,,
7127,0,svm,max,balanced,cached_mxbai,2171,1782200176.607996,,,
3430,0,svm,max,balanced,cached_mxbai,2172,1782200176.8611581,,,
4775,0,svm,max,balanced,cached_mxbai,2173,1782200177.1162457,,,
3842,0,svm,max,balanced,cached_mxbai,2174,1782200177.3718138,,,
3108,0,svm,max,balanced,cached_mxbai,2175,1782200177.625353,,,
6276,0,svm,max,balanced,cached_mxbai,2176,1782200177.877732,,,
222,0,svm,max,balanced,cached_mxbai,2177,1782200178.1343732,,,
5097,0,svm,max,balanced,cached_mxbai,2178,1782200178.375744,,,
1446,0,svm,max,balanced,cached_mxbai,2179,1782200178.619391,,,
10281,0,svm,max,balanced,cached_mxbai,2180,1782200178.870838,,,
4877,0,svm,max,balanced,cached_mxbai,2181,1782200179.1179428,,,
9602,0,svm,max,balanced,cached_mxbai,2182,1782200179.3692315,,,
3980,0,svm,max,balanced,cached_mxbai,2183,1782200179.6155999,,,
1465,0,svm,max,balanced,cached_mxbai,2184,1782200179.8634467,,,
10119,0,svm,max,balanced,cached_mxbai,2185,1782200180.110084,,,
9011,0,svm,max,balanced,cached_mxbai,2186,1782200180.3608904,,,
3947,0,svm,max,balanced,cached_mxbai,2187,1782200180.6070151,,,
653,0,svm,max,balanced,cached_mxbai,2188,1782200180.876561,,,
4115,0,svm,max,balanced,cached_mxbai,2189,1782200181.1306467,,,
8831,0,svm,max,balanced,cached_mxbai,2190,1782200181.381459,,,
9195,0,svm,max,balanced,cached_mxbai,2191,1782200181.6317668,,,
5033,0,svm,max,balanced,cached_mxbai,2192,1782200181.8867185,,,
7891,0,svm,max,balanced,cached_mxbai,2193,1782200182.142467,,,
1253,0,svm,max,balanced,cached_mxbai,2194,1782200182.3971343,,,
8073,0,svm,max,balanced,cached_mxbai,2195,1782200182.6604617,,,
7917,0,svm,max,balanced,cached_mxbai,2196,1782200182.9081178,,,
267,0,svm,max,balanced,cached_mxbai,2197,1782200183.1575089,,,
2557,0,svm,max,balanced,cached_mxbai,2198,1782200183.4045334,,,
3551,0,svm,max,balanced,cached_mxbai,2199,1782200183.656913,,,
10129,0,svm,max,balanced,cached_mxbai,2200,1782200183.9073293,,,
4444,0,svm,max,balanced,cached_mxbai,2201,1782200184.1556394,,,
4825,0,svm,max,balanced,cached_mxbai,2202,1782200184.40588,,,
3272,0,svm,max,balanced,cached_mxbai,2203,1782200184.6515224,,,
7048,0,svm,max,balanced,cached_mxbai,2204,1782200184.896936,,,
7560,0,svm,max,balanced,cached_mxbai,2205,1782200185.1574984,,,
3715,0,svm,max,balanced,cached_mxbai,2206,1782200185.4267824,,,
4844,0,svm,max,balanced,cached_mxbai,2207,1782200185.674032,,,
8265,0,svm,max,balanced,cached_mxbai,2208,1782200185.9192102,,,
8816,0,svm,max,balanced,cached_mxbai,2209,1782200186.1657126,,,
9688,0,svm,max,balanced,cached_mxbai,2210,1782200186.416225,,,
7230,0,svm,max,balanced,cached_mxbai,2211,1782200186.668635,,,
9206,0,svm,max,balanced,cached_mxbai,2212,1782200186.9132016,,,
3745,0,svm,max,balanced,cached_mxbai,2213,1782200187.1589093,,,
1429,0,svm,max,balanced,cached_mxbai,2214,1782200187.4105213,,,
7101,0,svm,max,balanced,cached_mxbai,2215,1782200187.6600826,,,
4094,0,svm,max,balanced,cached_mxbai,2216,1782200187.9116986,,,
7507,0,svm,max,balanced,cached_mxbai,2217,1782200188.1650438,,,
2461,0,svm,max,balanced,cached_mxbai,2218,1782200188.4139085,,,
4931,0,svm,max,balanced,cached_mxbai,2219,1782200188.6649368,,,
8436,0,svm,max,balanced,cached_mxbai,2220,1782200188.9180527,,,
5041,0,svm,max,balanced,cached_mxbai,2221,1782200189.1652398,,,
3887,0,svm,max,balanced,cached_mxbai,2222,1782200189.4155638,,,
45,0,svm,max,balanced,cached_mxbai,2223,1782200189.6624491,,,
448,0,svm,max,balanced,cached_mxbai,2224,1782200189.9129145,,,
5157,0,svm,max,balanced,cached_mxbai,2225,1782200190.15853,,,
4880,0,svm,max,balanced,cached_mxbai,2226,1782200190.406147,,,
6531,0,svm,max,balanced,cached_mxbai,2227,1782200190.653002,,,
5444,0,svm,max,balanced,cached_mxbai,2228,1782200190.8992677,,,
747,0,svm,max,balanced,cached_mxbai,2229,1782200191.1560233,,,
4814,0,svm,max,balanced,cached_mxbai,2230,1782200191.412693,,,
4604,0,svm,max,balanced,cached_mxbai,2231,1782200191.6667893,,,
5595,0,svm,max,balanced,cached_mxbai,2232,1782200191.9209247,,,
1086,0,svm,max,balanced,cached_mxbai,2233,1782200192.1834528,,,
4287,0,svm,max,balanced,cached_mxbai,2234,1782200192.4432883,,,
4774,0,svm,max,balanced,cached_mxbai,2235,1782200192.7100637,,,
7324,0,svm,max,balanced,cached_mxbai,2236,1782200192.970402,,,
4935,0,svm,max,balanced,cached_mxbai,2237,1782200193.2428885,,,
8680,0,svm,max,balanced,cached_mxbai,2238,1782200193.503112,,,
3949,0,svm,max,balanced,cached_mxbai,2239,1782200193.7575014,,,
5712,0,svm,max,balanced,cached_mxbai,2240,1782200194.0105956,,,
8657,0,svm,max,balanced,cached_mxbai,2241,1782200194.2670867,,,
665,0,svm,max,balanced,cached_mxbai,2242,1782200194.5325851,,,
6170,0,svm,max,balanced,cached_mxbai,2243,1782200194.7927485,,,
1930,0,svm,max,balanced,cached_mxbai,2244,1782200195.0643759,,,
3514,0,svm,max,balanced,cached_mxbai,2245,1782200195.3429418,,,
5142,0,svm,max,balanced,cached_mxbai,2246,1782200195.6038291,,,
6425,0,svm,max,balanced,cached_mxbai,2247,1782200195.8656304,,,
4909,0,svm,max,balanced,cached_mxbai,2248,1782200196.1211464,,,
7931,0,svm,max,balanced,cached_mxbai,2249,1782200196.3816342,,,
1739,0,svm,max,balanced,cached_mxbai,2250,1782200196.6513155,,,
10386,0,svm,max,balanced,cached_mxbai,2251,1782200196.9194782,,,
5354,0,svm,max,balanced,cached_mxbai,2252,1782200197.1812272,,,
6230,0,svm,max,balanced,cached_mxbai,2253,1782200197.4548423,,,
4348,0,svm,max,balanced,cached_mxbai,2254,1782200197.7234156,,,
4,0,svm,max,balanced,cached_mxbai,2255,1782200197.9822192,,,
1315,0,svm,max,balanced,cached_mxbai,2256,1782200198.2486284,,,
3825,0,svm,max,balanced,cached_mxbai,2257,1782200198.5186217,,,
3607,0,svm,max,balanced,cached_mxbai,2258,1782200198.7825253,,,
9659,0,svm,max,balanced,cached_mxbai,2259,1782200199.0451689,,,
5747,0,svm,max,balanced,cached_mxbai,2260,1782200199.309685,,,
5037,0,svm,max,balanced,cached_mxbai,2261,1782200199.5751698,,,
8220,0,svm,max,balanced,cached_mxbai,2262,1782200199.8411493,,,
10192,0,svm,max,balanced,cached_mxbai,2263,1782200200.1058047,,,
1671,0,svm,max,balanced,cached_mxbai,2264,1782200200.3775945,,,
4366,0,svm,max,balanced,cached_mxbai,2265,1782200200.642966,,,
5035,0,svm,max,balanced,cached_mxbai,2266,1782200200.9080946,,,
3626,0,svm,max,balanced,cached_mxbai,2267,1782200201.1817658,,,
8031,0,svm,max,balanced,cached_mxbai,2268,1782200201.4468255,,,
4395,0,svm,max,balanced,cached_mxbai,2269,1782200201.7096217,,,
8732,0,svm,max,balanced,cached_mxbai,2270,1782200201.972766,,,
723,0,svm,max,balanced,cached_mxbai,2271,1782200202.23603,,,
3570,0,svm,max,balanced,cached_mxbai,2272,1782200202.5119874,,,
2436,0,svm,max,balanced,cached_mxbai,2273,1782200202.7947752,,,
4903,0,svm,max,balanced,cached_mxbai,2274,1782200203.0745134,,,
4129,0,svm,max,balanced,cached_mxbai,2275,1782200203.3623276,,,
1226,0,svm,max,balanced,cached_mxbai,2276,1782200203.645088,,,
1500,0,svm,max,balanced,cached_mxbai,2277,1782200203.9220517,,,
4726,0,svm,max,balanced,cached_mxbai,2278,1782200204.215689,,,
3665,0,svm,max,balanced,cached_mxbai,2279,1782200204.4953194,,,
6426,0,svm,max,balanced,cached_mxbai,2280,1782200204.7708483,,,
9303,0,svm,max,balanced,cached_mxbai,2281,1782200205.0502274,,,
4324,0,svm,max,balanced,cached_mxbai,2282,1782200205.3455787,,,
4332,0,svm,max,balanced,cached_mxbai,2283,1782200205.6184583,,,
5248,0,svm,max,balanced,cached_mxbai,2284,1782200205.8875973,,,
6706,0,svm,max,balanced,cached_mxbai,2285,1782200206.1588023,,,
4584,0,svm,max,balanced,cached_mxbai,2286,1782200206.428093,,,
3148,0,svm,max,balanced,cached_mxbai,2287,1782200206.6980262,,,
566,0,svm,max,balanced,cached_mxbai,2288,1782200206.9681597,,,
4184,0,svm,max,balanced,cached_mxbai,2289,1782200207.2384086,,,
5277,0,svm,max,balanced,cached_mxbai,2290,1782200207.5058575,,,
4211,0,svm,max,balanced,cached_mxbai,2291,1782200207.7749734,,,
951,0,svm,max,balanced,cached_mxbai,2292,1782200208.0430963,,,
3913,0,svm,max,balanced,cached_mxbai,2293,1782200208.3154652,,,
10497,0,svm,max,balanced,cached_mxbai,2294,1782200208.5885248,,,
10349,1,svm,max,balanced,cached_mxbai,2295,1782200208.8650138,,,
5851,0,svm,max,balanced,cached_mxbai,2296,1782200209.1653187,,,
5685,0,svm,max,balanced,cached_mxbai,2297,1782200209.4433043,,,
177,0,svm,max,balanced,cached_mxbai,2298,1782200209.7448227,,,
9789,0,svm,max,balanced,cached_mxbai,2299,1782200210.0360677,,,
3717,0,svm,max,balanced,cached_mxbai,2300,1782200210.3239002,,,
7716,0,svm,max,balanced,cached_mxbai,2301,1782200210.6105468,,,
1108,0,svm,max,balanced,cached_mxbai,2302,1782200210.9023237,,,
170,0,svm,max,balanced,cached_mxbai,2303,1782200211.1985614,,,
5793,0,svm,max,balanced,cached_mxbai,2304,1782200211.501428,,,
9899,0,svm,max,balanced,cached_mxbai,2305,1782200211.7979302,,,
3816,0,svm,max,balanced,cached_mxbai,2306,1782200212.089495,,,
1934,0,svm,max,balanced,cached_mxbai,2307,1782200212.3742652,,,
7074,0,svm,max,balanced,cached_mxbai,2308,1782200212.6520467,,,
3856,0,svm,max,balanced,cached_mxbai,2309,1782200212.9324234,,,
6063,0,svm,max,balanced,cached_mxbai,2310,1782200213.202609,,,
3220,0,svm,max,balanced,cached_mxbai,2311,1782200213.46302,,,
464,0,svm,max,balanced,cached_mxbai,2312,1782200213.7332678,,,
8627,0,svm,max,balanced,cached_mxbai,2313,1782200214.0105646,,,
9188,0,svm,max,balanced,cached_mxbai,2314,1782200214.2896032,,,
9788,0,svm,max,balanced,cached_mxbai,2315,1782200214.563671,,,
169,0,svm,max,balanced,cached_mxbai,2316,1782200214.8499284,,,
1060,0,svm,max,balanced,cached_mxbai,2317,1782200215.1449897,,,
5126,0,svm,max,balanced,cached_mxbai,2318,1782200215.451784,,,
10066,0,svm,max,balanced,cached_mxbai,2319,1782200215.7400205,,,
10432,0,svm,max,balanced,cached_mxbai,2320,1782200216.0310476,,,
862,0,svm,max,balanced,cached_mxbai,2321,1782200216.314994,,,
109,0,svm,max,balanced,cached_mxbai,2322,1782200216.601252,,,
4007,0,svm,max,balanced,cached_mxbai,2323,1782200216.8878212,,,
4796,0,svm,max,balanced,cached_mxbai,2324,1782200217.1696756,,,
3156,0,svm,max,balanced,cached_mxbai,2325,1782200217.4544203,,,
5190,0,svm,max,balanced,cached_mxbai,2326,1782200217.7463038,,,
4621,0,svm,max,balanced,cached_mxbai,2327,1782200218.0332325,,,
191,0,svm,max,balanced,cached_mxbai,2328,1782200218.3128655,,,
3794,0,svm,max,balanced,cached_mxbai,2329,1782200218.597758,,,
2,0,svm,max,balanced,cached_mxbai,2330,1782200218.884005,,,
3865,0,svm,max,balanced,cached_mxbai,2331,1782200219.1738608,,,
4545,0,svm,max,balanced,cached_mxbai,2332,1782200219.4668286,,,
5991,0,svm,max,balanced,cached_mxbai,2333,1782200219.7515604,,,
3734,0,svm,max,balanced,cached_mxbai,2334,1782200220.0320833,,,
4610,0,svm,max,balanced,cached_mxbai,2335,1782200220.3033714,,,
3712,0,svm,max,balanced,cached_mxbai,2336,1782200220.5751157,,,
5026,0,svm,max,balanced,cached_mxbai,2337,1782200220.8455503,,,
10064,0,svm,max,balanced,cached_mxbai,2338,1782200221.116818,,,
915,0,svm,max,balanced,cached_mxbai,2339,1782200221.3892431,,,
5935,0,svm,max,balanced,cached_mxbai,2340,1782200221.662807,,,
5164,0,svm,max,balanced,cached_mxbai,2341,1782200221.9357843,,,
10325,0,svm,max,balanced,cached_mxbai,2342,1782200222.2070055,,,
10534,0,svm,max,balanced,cached_mxbai,2343,1782200222.4809368,,,
4327,0,svm,max,balanced,cached_mxbai,2344,1782200222.7588892,,,
1306,0,svm,max,balanced,cached_mxbai,2345,1782200223.0404751,,,
3881,0,svm,max,balanced,cached_mxbai,2346,1782200223.3197567,,,
254,0,svm,max,balanced,cached_mxbai,2347,1782200223.6052048,,,
5228,0,svm,max,balanced,cached_mxbai,2348,1782200223.8899608,,,
4949,0,svm,max,balanced,cached_mxbai,2349,1782200224.166829,,,
4314,0,svm,max,balanced,cached_mxbai,2350,1782200224.4494212,,,
6925,0,svm,max,balanced,cached_mxbai,2351,1782200224.7300608,,,
7164,0,svm,max,balanced,cached_mxbai,2352,1782200225.016712,,,
3,0,svm,max,balanced,cached_mxbai,2353,1782200225.3302367,,,
4671,0,svm,max,balanced,cached_mxbai,2354,1782200225.6184504,,,
3698,0,svm,max,balanced,cached_mxbai,2355,1782200225.8962834,,,
6385,0,svm,max,balanced,cached_mxbai,2356,1782200226.1825545,,,
4866,0,svm,max,balanced,cached_mxbai,2357,1782200226.4608479,,,
8737,0,svm,max,balanced,cached_mxbai,2358,1782200226.7409272,,,
4983,0,svm,max,balanced,cached_mxbai,2359,1782200227.0238893,,,
5122,0,svm,max,balanced,cached_mxbai,2360,1782200227.3036609,,,
3528,0,svm,max,balanced,cached_mxbai,2361,1782200227.5769808,,,
9622,0,svm,max,balanced,cached_mxbai,2362,1782200227.85165,,,
703,0,svm,max,balanced,cached_mxbai,2363,1782200228.1403096,,,
4795,0,svm,max,balanced,cached_mxbai,2364,1782200228.4123504,,,
33,0,svm,max,balanced,cached_mxbai,2365,1782200228.6895466,,,
3456,0,svm,max,balanced,cached_mxbai,2366,1782200228.968436,,,
7059,0,svm,max,balanced,cached_mxbai,2367,1782200229.2564557,,,
1809,0,svm,max,balanced,cached_mxbai,2368,1782200229.5504344,,,
2346,0,svm,max,balanced,cached_mxbai,2369,1782200229.8333342,,,
5135,0,svm,max,balanced,cached_mxbai,2370,1782200230.1104145,,,
9530,0,svm,max,balanced,cached_mxbai,2371,1782200230.399884,,,
5224,0,svm,max,balanced,cached_mxbai,2372,1782200230.6819365,,,
3351,0,svm,max,balanced,cached_mxbai,2373,1782200230.9685228,,,
10402,0,svm,max,balanced,cached_mxbai,2374,1782200231.2493868,,,
3367,0,svm,max,balanced,cached_mxbai,2375,1782200231.5295212,,,
752,0,svm,max,balanced,cached_mxbai,2376,1782200231.8106582,,,
4156,0,svm,max,balanced,cached_mxbai,2377,1782200232.095469,,,
8642,0,svm,max,balanced,cached_mxbai,2378,1782200232.3719385,,,
9341,0,svm,max,balanced,cached_mxbai,2379,1782200232.6624768,,,
4769,0,svm,max,balanced,cached_mxbai,2380,1782200232.9589298,,,
4266,0,svm,max,balanced,cached_mxbai,2381,1782200233.2415378,,,
2769,0,svm,max,balanced,cached_mxbai,2382,1782200233.524135,,,
3703,0,svm,max,balanced,cached_mxbai,2383,1782200233.8023317,,,
4614,0,svm,max,balanced,cached_mxbai,2384,1782200234.0754268,,,
10360,0,svm,max,balanced,cached_mxbai,2385,1782200234.3467603,,,
10536,0,svm,max,balanced,cached_mxbai,2386,1782200234.6229753,,,
5094,0,svm,max,balanced,cached_mxbai,2387,1782200234.8940108,,,
10096,0,svm,max,balanced,cached_mxbai,2388,1782200235.172304,,,
5539,0,svm,max,balanced,cached_mxbai,2389,1782200235.484704,,,
6555,0,svm,max,balanced,cached_mxbai,2390,1782200235.7571468,,,
7349,0,svm,max,balanced,cached_mxbai,2391,1782200236.0312176,,,
5015,0,svm,max,balanced,cached_mxbai,2392,1782200236.306086,,,
7805,0,svm,max,balanced,cached_mxbai,2393,1782200236.5806134,,,
5117,0,svm,max,balanced,cached_mxbai,2394,1782200236.8589947,,,
4972,0,svm,max,balanced,cached_mxbai,2395,1782200237.143155,,,
8309,0,svm,max,balanced,cached_mxbai,2396,1782200237.421989,,,
4694,0,svm,max,balanced,cached_mxbai,2397,1782200237.7038765,,,
3674,0,svm,max,balanced,cached_mxbai,2398,1782200237.9835918,,,
5459,0,svm,max,balanced,cached_mxbai,2399,1782200238.2679372,,,
2673,0,svm,max,balanced,cached_mxbai,2400,1782200238.5534956,,,
8033,0,svm,max,balanced,cached_mxbai,2401,1782200238.8343945,,,
5166,0,svm,max,balanced,cached_mxbai,2402,1782200239.108637,,,
7709,0,svm,max,balanced,cached_mxbai,2403,1782200239.3827312,,,
3662,0,svm,max,balanced,cached_mxbai,2404,1782200239.6543815,,,
8144,0,svm,max,balanced,cached_mxbai,2405,1782200239.9291444,,,
5864,0,svm,max,balanced,cached_mxbai,2406,1782200240.211807,,,
4300,0,svm,max,balanced,cached_mxbai,2407,1782200240.4955578,,,
9505,0,svm,max,balanced,cached_mxbai,2408,1782200240.7678704,,,
3405,0,svm,max,balanced,cached_mxbai,2409,1782200241.0410233,,,
4518,0,svm,max,balanced,cached_mxbai,2410,1782200241.314548,,,
9106,0,svm,max,balanced,cached_mxbai,2411,1782200241.5956888,,,
4052,0,svm,max,balanced,cached_mxbai,2412,1782200241.8802521,,,
3581,0,svm,max,balanced,cached_mxbai,2413,1782200242.177945,,,
6896,0,svm,max,balanced,cached_mxbai,2414,1782200242.471309,,,
1197,0,svm,max,balanced,cached_mxbai,2415,1782200242.7526076,,,
10002,0,svm,max,balanced,cached_mxbai,2416,1782200243.038136,,,
3215,0,svm,max,balanced,cached_mxbai,2417,1782200243.3243172,,,
115,0,svm,max,balanced,cached_mxbai,2418,1782200243.6077445,,,
3730,0,svm,max,balanced,cached_mxbai,2419,1782200243.8943741,,,
6835,0,svm,max,balanced,cached_mxbai,2420,1782200244.183012,,,
3642,0,svm,max,balanced,cached_mxbai,2421,1782200244.4645739,,,
388,0,svm,max,balanced,cached_mxbai,2422,1782200244.744669,,,
5057,0,svm,max,balanced,cached_mxbai,2423,1782200245.0376859,,,
3163,0,svm,max,balanced,cached_mxbai,2424,1782200245.3487532,,,
4428,0,svm,max,balanced,cached_mxbai,2425,1782200245.6242127,,,
4028,0,svm,max,balanced,cached_mxbai,2426,1782200245.9126368,,,
10445,0,svm,max,balanced,cached_mxbai,2427,1782200246.2006633,,,
7570,0,svm,max,balanced,cached_mxbai,2428,1782200246.484644,,,
6759,0,svm,max,balanced,cached_mxbai,2429,1782200246.7757926,,,
561,0,svm,max,balanced,cached_mxbai,2430,1782200247.0754666,,,
7307,0,svm,max,balanced,cached_mxbai,2431,1782200247.3769503,,,
4859,0,svm,max,balanced,cached_mxbai,2432,1782200247.6706045,,,
5121,0,svm,max,balanced,cached_mxbai,2433,1782200247.9678938,,,
3663,0,svm,max,balanced,cached_mxbai,2434,1782200248.2734313,,,
4206,0,svm,max,balanced,cached_mxbai,2435,1782200248.5667038,,,
7041,0,svm,max,balanced,cached_mxbai,2436,1782200248.8667312,,,
5124,0,svm,max,balanced,cached_mxbai,2437,1782200249.1608565,,,
8871,0,svm,max,balanced,cached_mxbai,2438,1782200249.4492445,,,
73,0,svm,max,balanced,cached_mxbai,2439,1782200249.738342,,,
5428,0,svm,max,balanced,cached_mxbai,2440,1782200250.0262744,,,
2868,0,svm,max,balanced,cached_mxbai,2441,1782200250.3533256,,,
3406,0,svm,max,balanced,cached_mxbai,2442,1782200250.6761649,,,
4878,0,svm,max,balanced,cached_mxbai,2443,1782200251.0016673,,,
9335,0,svm,max,balanced,cached_mxbai,2444,1782200251.328717,,,
4898,0,svm,max,balanced,cached_mxbai,2445,1782200251.6560187,,,
10125,0,svm,max,balanced,cached_mxbai,2446,1782200251.9940994,,,
5392,0,svm,max,balanced,cached_mxbai,2447,1782200252.3271484,,,
4651,0,svm,max,balanced,cached_mxbai,2448,1782200252.674599,,,
3467,0,svm,max,balanced,cached_mxbai,2449,1782200253.0122492,,,
8950,0,svm,max,balanced,cached_mxbai,2450,1782200253.369451,,,
6225,0,svm,max,balanced,cached_mxbai,2451,1782200253.727097,,,
4997,0,svm,max,balanced,cached_mxbai,2452,1782200254.0774539,,,
1107,0,svm,max,balanced,cached_mxbai,2453,1782200254.4211667,,,
513,0,svm,max,balanced,cached_mxbai,2454,1782200254.750798,,,
1590,0,svm,max,balanced,cached_mxbai,2455,1782200255.114944,,,
10080,0,svm,max,balanced,cached_mxbai,2456,1782200255.4961774,,,
4945,0,svm,max,balanced,cached_mxbai,2457,1782200255.8602653,,,
394,0,svm,max,balanced,cached_mxbai,2458,1782200256.19899,,,
3937,0,svm,max,balanced,cached_mxbai,2459,1782200256.531657,,,
8476,0,svm,max,balanced,cached_mxbai,2460,1782200256.8690987,,,
9046,0,svm,max,balanced,cached_mxbai,2461,1782200257.2111135,,,
5787,0,svm,max,balanced,cached_mxbai,2462,1782200257.5449424,,,
3560,0,svm,max,balanced,cached_mxbai,2463,1782200257.881264,,,
4672,0,svm,max,balanced,cached_mxbai,2464,1782200258.2214284,,,
8060,0,svm,max,balanced,cached_mxbai,2465,1782200258.561713,,,
1400,0,svm,max,balanced,cached_mxbai,2466,1782200258.9100447,,,
905,0,svm,max,balanced,cached_mxbai,2467,1782200259.2567143,,,
1058,0,svm,max,balanced,cached_mxbai,2468,1782200259.5974588,,,
6473,0,svm,max,balanced,cached_mxbai,2469,1782200259.9417224,,,
5433,0,svm,max,balanced,cached_mxbai,2470,1782200260.2907016,,,
4218,0,svm,max,balanced,cached_mxbai,2471,1782200260.624928,,,
4924,0,svm,max,balanced,cached_mxbai,2472,1782200260.9693115,,,
6240,0,svm,max,balanced,cached_mxbai,2473,1782200261.3178234,,,
10464,0,svm,max,balanced,cached_mxbai,2474,1782200261.6744597,,,
1183,0,svm,max,balanced,cached_mxbai,2475,1782200262.0260217,,,
7715,0,svm,max,balanced,cached_mxbai,2476,1782200262.379251,,,
4696,0,svm,max,balanced,cached_mxbai,2477,1782200262.7181072,,,
6178,0,svm,max,balanced,cached_mxbai,2478,1782200263.0539885,,,
8891,0,svm,max,balanced,cached_mxbai,2479,1782200263.4017336,,,
8005,0,svm,max,balanced,cached_mxbai,2480,1782200263.7558434,,,
2439,0,svm,max,balanced,cached_mxbai,2481,1782200264.093378,,,
4925,0,svm,max,balanced,cached_mxbai,2482,1782200264.4346716,,,
7007,0,svm,max,balanced,cached_mxbai,2483,1782200264.774973,,,
5215,0,svm,max,balanced,cached_mxbai,2484,1782200265.1164424,,,
4238,0,svm,max,balanced,cached_mxbai,2485,1782200265.480093,,,
104,0,svm,max,balanced,cached_mxbai,2486,1782200265.8173282,,,
3203,0,svm,max,balanced,cached_mxbai,2487,1782200266.1552641,,,
3379,0,svm,max,balanced,cached_mxbai,2488,1782200266.4864635,,,
4402,0,svm,max,balanced,cached_mxbai,2489,1782200266.8193321,,,
3658,0,svm,max,balanced,cached_mxbai,2490,1782200267.1535985,,,
5427,0,svm,max,balanced,cached_mxbai,2491,1782200267.4875622,,,
1011,0,svm,max,balanced,cached_mxbai,2492,1782200267.823155,,,
9389,0,svm,max,balanced,cached_mxbai,2493,1782200268.1610541,,,
4888,0,svm,max,balanced,cached_mxbai,2494,1782200268.5135748,,,
2799,0,svm,max,balanced,cached_mxbai,2495,1782200268.848707,,,
3542,0,svm,max,balanced,cached_mxbai,2496,1782200269.1831799,,,
3585,0,svm,max,balanced,cached_mxbai,2497,1782200269.47814,,,
3503,0,svm,max,balanced,cached_mxbai,2498,1782200269.782774,,,
6433,0,svm,max,balanced,cached_mxbai,2499,1782200270.079332,,,
4768,0,svm,max,balanced,cached_mxbai,2500,1782200270.3897252,,,
3951,0,svm,max,balanced,cached_mxbai,2501,1782200270.6996322,,,
5800,0,svm,max,balanced,cached_mxbai,2502,1782200271.0074914,,,
8351,0,svm,max,balanced,cached_mxbai,2503,1782200271.32032,,,
2535,0,svm,max,balanced,cached_mxbai,2504,1782200271.6475313,,,
9593,0,svm,max,balanced,cached_mxbai,2505,1782200271.963,,,
8325,0,svm,max,balanced,cached_mxbai,2506,1782200272.2723496,,,
1323,0,svm,max,balanced,cached_mxbai,2507,1782200272.5725765,,,
7271,0,svm,max,balanced,cached_mxbai,2508,1782200272.8606431,,,
5382,0,svm,max,balanced,cached_mxbai,2509,1782200273.1596825,,,
6773,0,svm,max,balanced,cached_mxbai,2510,1782200273.4714055,,,
4841,0,svm,max,balanced,cached_mxbai,2511,1782200273.7845647,,,
868,0,svm,max,balanced,cached_mxbai,2512,1782200274.0963452,,,
4367,0,svm,max,balanced,cached_mxbai,2513,1782200274.3973734,,,
7350,0,svm,max,balanced,cached_mxbai,2514,1782200274.69984,,,
4500,0,svm,max,balanced,cached_mxbai,2515,1782200275.0023978,,,
1490,0,svm,max,balanced,cached_mxbai,2516,1782200275.3269446,,,
9950,0,svm,max,balanced,cached_mxbai,2517,1782200275.6271389,,,
299,0,svm,max,balanced,cached_mxbai,2518,1782200275.9379606,,,
3772,0,svm,max,balanced,cached_mxbai,2519,1782200276.247808,,,
1937,0,svm,max,balanced,cached_mxbai,2520,1782200276.556122,,,
5233,0,svm,max,balanced,cached_mxbai,2521,1782200276.8631046,,,
3733,0,svm,max,balanced,cached_mxbai,2522,1782200277.1772628,,,
9748,0,svm,max,balanced,cached_mxbai,2523,1782200277.4746525,,,
9554,0,svm,max,balanced,cached_mxbai,2524,1782200277.7827644,,,
9795,0,svm,max,balanced,cached_mxbai,2525,1782200278.0870228,,,
8579,0,svm,max,balanced,cached_mxbai,2526,1782200278.39649,,,
4999,0,svm,max,balanced,cached_mxbai,2527,1782200278.7058032,,,
6579,0,svm,max,balanced,cached_mxbai,2528,1782200279.0544958,,,
1539,0,svm,max,balanced,cached_mxbai,2529,1782200279.4043338,,,
10190,0,svm,max,balanced,cached_mxbai,2530,1782200279.7445052,,,
9014,0,svm,max,balanced,cached_mxbai,2531,1782200280.0525966,,,
5170,0,svm,max,balanced,cached_mxbai,2532,1782200280.372607,,,
4944,0,svm,max,balanced,cached_mxbai,2533,1782200280.690656,,,
3584,0,svm,max,balanced,cached_mxbai,2534,1782200281.0017726,,,
8949,0,svm,max,balanced,cached_mxbai,2535,1782200281.3213181,,,
9319,0,svm,max,balanced,cached_mxbai,2536,1782200281.6369312,,,
4921,0,svm,max,balanced,cached_mxbai,2537,1782200281.9567826,,,
835,0,svm,max,balanced,cached_mxbai,2538,1782200282.2728958,,,
8612,0,svm,max,balanced,cached_mxbai,2539,1782200282.5860083,,,
7578,0,svm,max,balanced,cached_mxbai,2540,1782200282.8984587,,,
3879,0,svm,max,balanced,cached_mxbai,2541,1782200283.2034068,,,
10070,0,svm,max,balanced,cached_mxbai,2542,1782200283.5102003,,,
4913,0,svm,max,balanced,cached_mxbai,2543,1782200283.8148553,,,
3110,0,svm,max,balanced,cached_mxbai,2544,1782200284.1193945,,,
9735,0,svm,max,balanced,cached_mxbai,2545,1782200284.4234214,,,
5585,0,svm,max,balanced,cached_mxbai,2546,1782200284.726134,,,
4803,0,svm,max,balanced,cached_mxbai,2547,1782200285.0366886,,,
4194,0,svm,max,balanced,cached_mxbai,2548,1782200285.3632624,,,
3651,0,svm,max,balanced,cached_mxbai,2549,1782200285.6763866,,,
7107,0,svm,max,balanced,cached_mxbai,2550,1782200285.9821048,,,
3122,0,svm,max,balanced,cached_mxbai,2551,1782200286.2920074,,,
10130,0,svm,max,balanced,cached_mxbai,2552,1782200286.599658,,,
7667,0,svm,max,balanced,cached_mxbai,2553,1782200286.9081087,,,
10543,0,svm,max,balanced,cached_mxbai,2554,1782200287.2161202,,,
5827,0,svm,max,balanced,cached_mxbai,2555,1782200287.523486,,,
65,0,svm,max,balanced,cached_mxbai,2556,1782200287.8302994,,,
7455,0,svm,max,balanced,cached_mxbai,2557,1782200288.142576,,,
4516,0,svm,max,balanced,cached_mxbai,2558,1782200288.4700482,,,
3208,0,svm,max,balanced,cached_mxbai,2559,1782200288.784845,,,
4208,0,svm,max,balanced,cached_mxbai,2560,1782200289.0900073,,,
1281,0,svm,max,balanced,cached_mxbai,2561,1782200289.3972068,,,
7518,0,svm,max,balanced,cached_mxbai,2562,1782200289.704634,,,
4630,0,svm,max,balanced,cached_mxbai,2563,1782200290.015889,,,
8424,0,svm,max,balanced,cached_mxbai,2564,1782200290.3219836,,,
4213,0,svm,max,balanced,cached_mxbai,2565,1782200290.6270857,,,
3883,0,svm,max,balanced,cached_mxbai,2566,1782200290.9326923,,,
10546,0,svm,max,balanced,cached_mxbai,2567,1782200291.23562,,,
10085,0,svm,max,balanced,cached_mxbai,2568,1782200291.5481076,,,
5741,0,svm,max,balanced,cached_mxbai,2569,1782200291.8567502,,,
5794,0,svm,max,balanced,cached_mxbai,2570,1782200292.18182,,,
795,0,svm,max,balanced,cached_mxbai,2571,1782200292.4887307,,,
8039,0,svm,max,balanced,cached_mxbai,2572,1782200292.7986171,,,
1866,0,svm,max,balanced,cached_mxbai,2573,1782200293.1170516,,,
818,0,svm,max,balanced,cached_mxbai,2574,1782200293.4359977,,,
9354,0,svm,max,balanced,cached_mxbai,2575,1782200293.759856,,,
28,0,svm,max,balanced,cached_mxbai,2576,1782200294.0791018,,,
3442,0,svm,max,balanced,cached_mxbai,2577,1782200294.3925738,,,
9977,0,svm,max,balanced,cached_mxbai,2578,1782200294.714589,,,
3131,0,svm,max,balanced,cached_mxbai,2579,1782200295.0419528,,,
1758,0,svm,max,balanced,cached_mxbai,2580,1782200295.3872912,,,
9197,0,svm,max,balanced,cached_mxbai,2581,1782200295.718018,,,
4992,0,svm,max,balanced,cached_mxbai,2582,1782200296.0445473,,,
54,0,svm,max,balanced,cached_mxbai,2583,1782200296.3809438,,,
9931,0,svm,max,balanced,cached_mxbai,2584,1782200296.7040575,,,
3828,0,svm,max,balanced,cached_mxbai,2585,1782200297.0246391,,,
4609,0,svm,max,balanced,cached_mxbai,2586,1782200297.348393,,,
7338,0,svm,max,balanced,cached_mxbai,2587,1782200297.6735632,,,
4172,0,svm,max,balanced,cached_mxbai,2588,1782200297.995877,,,
523,0,svm,max,balanced,cached_mxbai,2589,1782200298.3150783,,,
3814,0,svm,max,balanced,cached_mxbai,2590,1782200298.6304119,,,
1715,0,svm,max,balanced,cached_mxbai,2591,1782200298.9503446,,,
8699,0,svm,max,balanced,cached_mxbai,2592,1782200299.2744474,,,
4073,0,svm,max,balanced,cached_mxbai,2593,1782200299.601695,,,
4900,0,svm,max,balanced,cached_mxbai,2594,1782200299.9174488,,,
3648,0,svm,max,balanced,cached_mxbai,2595,1782200300.2358341,,,
8054,0,svm,max,balanced,cached_mxbai,2596,1782200300.5520594,,,
1324,0,svm,max,balanced,cached_mxbai,2597,1782200300.9041848,,,
5187,0,svm,max,balanced,cached_mxbai,2598,1782200301.2497315,,,
9283,0,svm,max,balanced,cached_mxbai,2599,1782200301.5976589,,,
424,0,svm,max,balanced,cached_mxbai,2600,1782200301.9491584,,,
4492,0,svm,max,balanced,cached_mxbai,2601,1782200302.3189273,,,
1376,0,svm,max,balanced,cached_mxbai,2602,1782200302.6757908,,,
3833,0,svm,max,balanced,cached_mxbai,2603,1782200303.031509,,,
6593,0,svm,max,balanced,cached_mxbai,2604,1782200303.384139,,,
4989,0,svm,max,balanced,cached_mxbai,2605,1782200303.735375,,,
6404,0,svm,max,balanced,cached_mxbai,2606,1782200304.087109,,,
4019,0,svm,max,balanced,cached_mxbai,2607,1782200304.442262,,,
1069,0,svm,max,balanced,cached_mxbai,2608,1782200304.8000376,,,
10358,0,svm,max,balanced,cached_mxbai,2609,1782200305.1753213,,,
1635,0,svm,max,balanced,cached_mxbai,2610,1782200305.5469549,,,
758,0,svm,max,balanced,cached_mxbai,2611,1782200305.8992925,,,
6061,0,svm,max,balanced,cached_mxbai,2612,1782200306.243293,,,
4879,0,svm,max,balanced,cached_mxbai,2613,1782200306.598977,,,
3927,0,svm,max,balanced,cached_mxbai,2614,1782200306.9453123,,,
3535,0,svm,max,balanced,cached_mxbai,2615,1782200307.2968113,,,
4485,0,svm,max,balanced,cached_mxbai,2616,1782200307.6152046,,,
1670,0,svm,max,balanced,cached_mxbai,2617,1782200307.9338562,,,
10295,0,svm,max,balanced,cached_mxbai,2618,1782200308.2496097,,,
8180,0,svm,max,balanced,cached_mxbai,2619,1782200308.5898585,,,
10506,0,svm,max,balanced,cached_mxbai,2620,1782200308.9385662,,,
3708,0,svm,max,balanced,cached_mxbai,2621,1782200309.2876785,,,
289,0,svm,max,balanced,cached_mxbai,2622,1782200309.631612,,,
4470,0,svm,max,balanced,cached_mxbai,2623,1782200309.9794865,,,
5613,0,svm,max,balanced,cached_mxbai,2624,1782200310.3439548,,,
9869,0,svm,max,balanced,cached_mxbai,2625,1782200310.6894948,,,
8654,0,svm,max,balanced,cached_mxbai,2626,1782200311.035946,,,
7970,0,svm,max,balanced,cached_mxbai,2627,1782200311.3844702,,,
4916,0,svm,max,balanced,cached_mxbai,2628,1782200311.728533,,,
3714,0,svm,max,balanced,cached_mxbai,2629,1782200312.0930002,,,
9056,0,svm,max,balanced,cached_mxbai,2630,1782200312.45235,,,
4337,0,svm,max,balanced,cached_mxbai,2631,1782200312.8169053,,,
9909,0,svm,max,balanced,cached_mxbai,2632,1782200313.1768014,,,
6486,0,svm,max,balanced,cached_mxbai,2633,1782200313.5319955,,,
1787,0,svm,max,balanced,cached_mxbai,2634,1782200313.890935,,,
1891,0,svm,max,balanced,cached_mxbai,2635,1782200314.252984,,,
4981,0,svm,max,balanced,cached_mxbai,2636,1782200314.6193283,,,
3617,0,svm,max,balanced,cached_mxbai,2637,1782200314.9921432,,,
688,0,svm,max,balanced,cached_mxbai,2638,1782200315.3778841,,,
7424,0,svm,max,balanced,cached_mxbai,2639,1782200315.7432828,,,
1548,0,svm,max,balanced,cached_mxbai,2640,1782200316.1138086,,,
10218,0,svm,max,balanced,cached_mxbai,2641,1782200316.4766905,,,
5152,0,svm,max,balanced,cached_mxbai,2642,1782200316.8430908,,,
3295,0,svm,max,balanced,cached_mxbai,2643,1782200317.213633,,,
2129,0,svm,max,balanced,cached_mxbai,2644,1782200317.5738761,,,
2586,0,svm,max,balanced,cached_mxbai,2645,1782200317.9440317,,,
5439,0,svm,max,balanced,cached_mxbai,2646,1782200318.3018353,,,
8782,0,svm,max,balanced,cached_mxbai,2647,1782200318.670392,,,
4524,0,svm,max,balanced,cached_mxbai,2648,1782200319.0327458,,,
3490,0,svm,max,balanced,cached_mxbai,2649,1782200319.3966513,,,
9660,0,svm,max,balanced,cached_mxbai,2650,1782200319.7577813,,,
3312,0,svm,max,balanced,cached_mxbai,2651,1782200320.1138997,,,
3388,0,svm,max,balanced,cached_mxbai,2652,1782200320.4741564,,,
4105,0,svm,max,balanced,cached_mxbai,2653,1782200320.8307033,,,
4613,0,svm,max,balanced,cached_mxbai,2654,1782200321.207918,,,
4018,0,svm,max,balanced,cached_mxbai,2655,1782200321.5664322,,,
5497,0,svm,max,balanced,cached_mxbai,2656,1782200321.9266922,,,
10370,0,svm,max,balanced,cached_mxbai,2657,1782200322.2848122,,,
1481,0,svm,max,balanced,cached_mxbai,2658,1782200322.6529794,,,
897,0,svm,max,balanced,cached_mxbai,2659,1782200323.030185,,,
4690,0,svm,max,balanced,cached_mxbai,2660,1782200323.3937201,,,
1609,0,svm,max,balanced,cached_mxbai,2661,1782200323.765367,,,
3358,0,svm,max,balanced,cached_mxbai,2662,1782200324.1423185,,,
3457,0,svm,max,balanced,cached_mxbai,2663,1782200324.5244074,,,
512,0,svm,max,balanced,cached_mxbai,2664,1782200324.8941615,,,
4303,0,svm,max,balanced,cached_mxbai,2665,1782200325.2861967,,,
6489,0,svm,max,balanced,cached_mxbai,2666,1782200325.6721928,,,
7529,0,svm,max,balanced,cached_mxbai,2667,1782200326.0716405,,,
6443,0,svm,max,balanced,cached_mxbai,2668,1782200326.4439337,,,
9386,0,svm,max,balanced,cached_mxbai,2669,1782200326.8169453,,,
8012,0,svm,max,balanced,cached_mxbai,2670,1782200327.195325,,,
1200,0,svm,max,balanced,cached_mxbai,2671,1782200327.5686853,,,
4158,0,svm,max,balanced,cached_mxbai,2672,1782200327.9562144,,,
2256,0,svm,max,balanced,cached_mxbai,2673,1782200328.3374937,,,
8248,0,svm,max,balanced,cached_mxbai,2674,1782200328.7119274,,,
5803,0,svm,max,balanced,cached_mxbai,2675,1782200329.0918696,,,
2417,0,svm,max,balanced,cached_mxbai,2676,1782200329.4761374,,,
9791,0,svm,max,balanced,cached_mxbai,2677,1782200329.8553236,,,
8762,0,svm,max,balanced,cached_mxbai,2678,1782200330.2230659,,,
5811,0,svm,max,balanced,cached_mxbai,2679,1782200330.5945876,,,
6334,0,svm,max,balanced,cached_mxbai,2680,1782200330.967114,,,
7038,0,svm,max,balanced,cached_mxbai,2681,1782200331.3336751,,,
1661,0,svm,max,balanced,cached_mxbai,2682,1782200331.6989768,,,
6973,0,svm,max,balanced,cached_mxbai,2683,1782200332.0688214,,,
10387,0,svm,max,balanced,cached_mxbai,2684,1782200332.4355843,,,
4182,0,svm,max,balanced,cached_mxbai,2685,1782200332.801008,,,
4762,0,svm,max,balanced,cached_mxbai,2686,1782200333.176573,,,
6291,0,svm,max,balanced,cached_mxbai,2687,1782200333.539577,,,
10282,0,svm,max,balanced,cached_mxbai,2688,1782200333.906731,,,
3525,0,svm,max,balanced,cached_mxbai,2689,1782200334.268015,,,
9366,0,svm,max,balanced,cached_mxbai,2690,1782200334.6298857,,,
4560,0,svm,max,balanced,cached_mxbai,2691,1782200334.9968305,,,
4404,0,svm,max,balanced,cached_mxbai,2692,1782200335.3823493,,,
4118,0,svm,max,balanced,cached_mxbai,2693,1782200335.7460058,,,
10433,0,svm,max,balanced,cached_mxbai,2694,1782200336.1261303,,,
2951,0,svm,max,balanced,cached_mxbai,2695,1782200336.489832,,,
690,0,svm,max,balanced,cached_mxbai,2696,1782200336.8523345,,,
428,0,svm,max,balanced,cached_mxbai,2697,1782200337.224434,,,
6445,0,svm,max,balanced,cached_mxbai,2698,1782200337.5960402,,,
3249,0,svm,max,balanced,cached_mxbai,2699,1782200337.9801793,,,
4695,0,svm,max,balanced,cached_mxbai,2700,1782200338.3481956,,,
10587,0,svm,max,balanced,cached_mxbai,2701,1782200338.7297683,,,
8615,0,svm,max,balanced,cached_mxbai,2702,1782200339.104997,,,
2082,0,svm,max,balanced,cached_mxbai,2703,1782200339.460952,,,
7870,0,svm,max,balanced,cached_mxbai,2704,1782200339.8160884,,,
3384,0,svm,max,balanced,cached_mxbai,2705,1782200340.183162,,,
5291,0,svm,max,balanced,cached_mxbai,2706,1782200340.5430324,,,
6557,0,svm,max,balanced,cached_mxbai,2707,1782200340.899364,,,
3321,0,svm,max,balanced,cached_mxbai,2708,1782200341.2604997,,,
4133,0,svm,max,balanced,cached_mxbai,2709,1782200341.6210883,,,
3845,0,svm,max,balanced,cached_mxbai,2710,1782200341.9837596,,,
4724,0,svm,max,balanced,cached_mxbai,2711,1782200342.3471944,,,
3725,0,svm,max,balanced,cached_mxbai,2712,1782200342.7136843,,,
10216,0,svm,max,balanced,cached_mxbai,2713,1782200343.0804365,,,
4908,0,svm,max,balanced,cached_mxbai,2714,1782200343.4432333,,,
7913,0,svm,max,balanced,cached_mxbai,2715,1782200343.8048313,,,
5196,0,svm,max,balanced,cached_mxbai,2716,1782200344.1662765,,,
1310,0,svm,max,balanced,cached_mxbai,2717,1782200344.5269456,,,
685,0,svm,max,balanced,cached_mxbai,2718,1782200344.885974,,,
7191,0,svm,max,balanced,cached_mxbai,2719,1782200345.2678206,,,
9117,0,svm,max,balanced,cached_mxbai,2720,1782200345.6386304,,,
4339,0,svm,max,balanced,cached_mxbai,2721,1782200346.002745,,,
4143,0,svm,max,balanced,cached_mxbai,2722,1782200346.3687732,,,
7341,0,svm,max,balanced,cached_mxbai,2723,1782200346.7288077,,,
8974,0,svm,max,balanced,cached_mxbai,2724,1782200347.0950866,,,
2487,0,svm,max,balanced,cached_mxbai,2725,1782200347.4624987,,,
9003,0,svm,max,balanced,cached_mxbai,2726,1782200347.8423846,,,
3246,0,svm,max,balanced,cached_mxbai,2727,1782200348.2179246,,,
4578,0,svm,max,balanced,cached_mxbai,2728,1782200348.593747,,,
8805,0,svm,max,balanced,cached_mxbai,2729,1782200348.961744,,,
10233,0,svm,max,balanced,cached_mxbai,2730,1782200349.3330357,,,
3546,0,svm,max,balanced,cached_mxbai,2731,1782200349.7022612,,,
5978,0,svm,max,balanced,cached_mxbai,2732,1782200350.0762148,,,
8193,0,svm,max,balanced,cached_mxbai,2733,1782200350.4438453,,,
10004,0,svm,max,balanced,cached_mxbai,2734,1782200350.806375,,,
3579,0,svm,max,balanced,cached_mxbai,2735,1782200351.1643271,,,
9318,0,svm,max,balanced,cached_mxbai,2736,1782200351.527318,,,
7285,0,svm,max,balanced,cached_mxbai,2737,1782200351.8861248,,,
4640,0,svm,max,balanced,cached_mxbai,2738,1782200352.2465014,,,
8051,0,svm,max,balanced,cached_mxbai,2739,1782200352.605783,,,
7429,0,svm,max,balanced,cached_mxbai,2740,1782200352.9650548,,,
8025,0,svm,max,balanced,cached_mxbai,2741,1782200353.3295648,,,
550,0,svm,max,balanced,cached_mxbai,2742,1782200353.7024674,,,
5758,0,svm,max,balanced,cached_mxbai,2743,1782200354.0924535,,,
4820,0,svm,max,balanced,cached_mxbai,2744,1782200354.4667885,,,
42,0,svm,max,balanced,cached_mxbai,2745,1782200354.835729,,,
4535,0,svm,max,balanced,cached_mxbai,2746,1782200355.2200487,,,
1527,0,svm,max,balanced,cached_mxbai,2747,1782200355.614853,,,
5241,0,svm,max,balanced,cached_mxbai,2748,1782200355.993545,,,
3565,0,svm,max,balanced,cached_mxbai,2749,1782200356.363294,,,
1274,0,svm,max,balanced,cached_mxbai,2750,1782200356.7304788,,,
406,0,svm,max,balanced,cached_mxbai,2751,1782200357.0945997,,,
5810,0,svm,max,balanced,cached_mxbai,2752,1782200357.4598534,,,
8152,0,svm,max,balanced,cached_mxbai,2753,1782200357.826301,,,
3513,0,svm,max,balanced,cached_mxbai,2754,1782200358.1932914,,,
9790,0,svm,max,balanced,cached_mxbai,2755,1782200358.5579162,,,
3968,0,svm,max,balanced,cached_mxbai,2756,1782200358.9185045,,,
3079,0,svm,max,balanced,cached_mxbai,2757,1782200359.2886224,,,
6717,0,svm,max,balanced,cached_mxbai,2758,1782200359.6577935,,,
9105,0,svm,max,balanced,cached_mxbai,2759,1782200360.0249841,,,
701,0,svm,max,balanced,cached_mxbai,2760,1782200360.3967516,,,
5194,0,svm,max,balanced,cached_mxbai,2761,1782200360.7655706,,,
4758,0,svm,max,balanced,cached_mxbai,2762,1782200361.1333892,,,
1592,0,svm,max,balanced,cached_mxbai,2763,1782200361.5016215,,,
1435,0,svm,max,balanced,cached_mxbai,2764,1782200361.8715663,,,
1085,0,svm,max,balanced,cached_mxbai,2765,1782200362.2560248,,,
3755,0,svm,max,balanced,cached_mxbai,2766,1782200362.6418052,,,
5752,0,svm,max,balanced,cached_mxbai,2767,1782200363.0165462,,,
5271,0,svm,max,balanced,cached_mxbai,2768,1782200363.375719,,,
9649,0,svm,max,balanced,cached_mxbai,2769,1782200363.7273746,,,
3976,0,svm,max,balanced,cached_mxbai,2770,1782200364.0814989,,,
3202,0,svm,max,balanced,cached_mxbai,2771,1782200364.428755,,,
9314,0,svm,max,balanced,cached_mxbai,2772,1782200364.777612,,,
785,0,svm,max,balanced,cached_mxbai,2773,1782200365.1396477,,,
1148,0,svm,max,balanced,cached_mxbai,2774,1782200365.5125241,,,
4760,0,svm,max,balanced,cached_mxbai,2775,1782200365.8705864,,,
3681,0,svm,max,balanced,cached_mxbai,2776,1782200366.2485738,,,
5514,0,svm,max,balanced,cached_mxbai,2777,1782200366.6048594,,,
5183,0,svm,max,balanced,cached_mxbai,2778,1782200366.9700058,,,
3839,0,svm,max,balanced,cached_mxbai,2779,1782200367.3406744,,,
5949,0,svm,max,balanced,cached_mxbai,2780,1782200367.712161,,,
4472,0,svm,max,balanced,cached_mxbai,2781,1782200368.085247,,,
9712,0,svm,max,balanced,cached_mxbai,2782,1782200368.4599092,,,
4993,0,svm,max,balanced,cached_mxbai,2783,1782200368.8232589,,,
1789,0,svm,max,balanced,cached_mxbai,2784,1782200369.187507,,,
7277,0,svm,max,balanced,cached_mxbai,2785,1782200369.558915,,,
8859,0,svm,max,balanced,cached_mxbai,2786,1782200369.9275239,,,
9925,0,svm,max,balanced,cached_mxbai,2787,1782200370.2902648,,,
8779,0,svm,max,balanced,cached_mxbai,2788,1782200370.6512322,,,
2910,0,svm,max,balanced,cached_mxbai,2789,1782200371.011018,,,
75,0,svm,max,balanced,cached_mxbai,2790,1782200371.373665,,,
3773,0,svm,max,balanced,cached_mxbai,2791,1782200371.7366843,,,
1720,0,svm,max,balanced,cached_mxbai,2792,1782200372.10264,,,
1007,0,svm,max,balanced,cached_mxbai,2793,1782200372.4664161,,,
1260,0,svm,max,balanced,cached_mxbai,2794,1782200372.8288717,,,
3411,0,svm,max,balanced,cached_mxbai,2795,1782200373.1947196,,,
712,0,svm,max,balanced,cached_mxbai,2796,1782200373.5550694,,,
9048,0,svm,max,balanced,cached_mxbai,2797,1782200373.9138417,,,
3751,0,svm,max,balanced,cached_mxbai,2798,1782200374.2756464,,,
648,0,svm,max,balanced,cached_mxbai,2799,1782200374.6331275,,,
7248,0,svm,max,balanced,cached_mxbai,2800,1782200374.9896195,,,
3610,0,svm,max,balanced,cached_mxbai,2801,1782200375.3670628,,,
1046,0,svm,max,balanced,cached_mxbai,2802,1782200375.7277064,,,
9610,0,svm,max,balanced,cached_mxbai,2803,1782200376.085724,,,
4234,0,svm,max,balanced,cached_mxbai,2804,1782200376.449007,,,
31,0,svm,max,balanced,cached_mxbai,2805,1782200376.8038602,,,
1361,0,svm,max,balanced,cached_mxbai,2806,1782200377.1614523,,,
120,0,svm,max,balanced,cached_mxbai,2807,1782200377.525175,,,
10584,0,svm,max,balanced,cached_mxbai,2808,1782200377.8884377,,,
4443,0,svm,max,balanced,cached_mxbai,2809,1782200378.2517524,,,
3365,0,svm,max,balanced,cached_mxbai,2810,1782200378.616446,,,
203,0,svm,max,balanced,cached_mxbai,2811,1782200378.974974,,,
4583,0,svm,max,balanced,cached_mxbai,2812,1782200379.3437572,,,
10183,0,svm,max,balanced,cached_mxbai,2813,1782200379.7035644,,,
5893,0,svm,max,balanced,cached_mxbai,2814,1782200380.064302,,,
3822,0,svm,max,balanced,cached_mxbai,2815,1782200380.4259212,,,
2072,0,svm,max,balanced,cached_mxbai,2816,1782200380.78853,,,
4713,0,svm,max,balanced,cached_mxbai,2817,1782200381.150219,,,
5098,0,svm,max,balanced,cached_mxbai,2818,1782200381.5148506,,,
5054,0,svm,max,balanced,cached_mxbai,2819,1782200381.8762183,,,
8085,0,svm,max,balanced,cached_mxbai,2820,1782200382.240718,,,
4294,0,svm,max,balanced,cached_mxbai,2821,1782200382.603721,,,
9592,0,svm,max,balanced,cached_mxbai,2822,1782200382.9655497,,,
7590,0,svm,max,balanced,cached_mxbai,2823,1782200383.3496847,,,
2569,0,svm,max,balanced,cached_mxbai,2824,1782200383.7136521,,,
1100,0,svm,max,balanced,cached_mxbai,2825,1782200384.0757303,,,
3875,0,svm,max,balanced,cached_mxbai,2826,1782200384.4388425,,,
389,0,svm,max,balanced,cached_mxbai,2827,1782200384.800338,,,
3268,0,svm,max,balanced,cached_mxbai,2828,1782200385.184022,,,
155,0,svm,max,balanced,cached_mxbai,2829,1782200385.5761597,,,
10472,0,svm,max,balanced,cached_mxbai,2830,1782200385.9497418,,,
9858,0,svm,max,balanced,cached_mxbai,2831,1782200386.3141854,,,
7376,0,svm,max,balanced,cached_mxbai,2832,1782200386.6818793,,,
8130,0,svm,max,balanced,cached_mxbai,2833,1782200387.0582962,,,
5062,0,svm,max,balanced,cached_mxbai,2834,1782200387.4397666,,,
10364,0,svm,max,balanced,cached_mxbai,2835,1782200387.8068612,,,
4113,0,svm,max,balanced,cached_mxbai,2836,1782200388.1752136,,,
3916,0,svm,max,balanced,cached_mxbai,2837,1782200388.5524728,,,
1595,0,svm,max,balanced,cached_mxbai,2838,1782200388.9281726,,,
9886,0,svm,max,balanced,cached_mxbai,2839,1782200389.2942917,,,
8269,0,svm,max,balanced,cached_mxbai,2840,1782200389.6645353,,,
1983,0,svm,max,balanced,cached_mxbai,2841,1782200390.0299168,,,
5050,0,svm,max,balanced,cached_mxbai,2842,1782200390.3973,,,
1714,0,svm,max,balanced,cached_mxbai,2843,1782200390.7637472,,,
9053,0,svm,max,balanced,cached_mxbai,2844,1782200391.1320987,,,
943,0,svm,max,balanced,cached_mxbai,2845,1782200391.49882,,,
10485,0,svm,max,balanced,cached_mxbai,2846,1782200391.8681962,,,
6236,0,svm,max,balanced,cached_mxbai,2847,1782200392.2408884,,,
7476,0,svm,max,balanced,cached_mxbai,2848,1782200392.6184711,,,
10061,0,svm,max,balanced,cached_mxbai,2849,1782200392.9872782,,,
8057,0,svm,max,balanced,cached_mxbai,2850,1782200393.3676963,,,
1886,0,svm,max,balanced,cached_mxbai,2851,1782200393.735655,,,
3349,0,svm,max,balanced,cached_mxbai,2852,1782200394.106185,,,
5920,0,svm,max,balanced,cached_mxbai,2853,1782200394.4717069,,,
1458,0,svm,max,balanced,cached_mxbai,2854,1782200394.8429139,,,
5640,0,svm,max,balanced,cached_mxbai,2855,1782200395.228212,,,
3739,0,svm,max,balanced,cached_mxbai,2856,1782200395.6247447,,,
2379,0,svm,max,balanced,cached_mxbai,2857,1782200395.9975843,,,
4095,0,svm,max,balanced,cached_mxbai,2858,1782200396.3700864,,,
2055,0,svm,max,balanced,cached_mxbai,2859,1782200396.7455611,,,
4039,0,svm,max,balanced,cached_mxbai,2860,1782200397.1173925,,,
9002,0,svm,max,balanced,cached_mxbai,2861,1782200397.4878123,,,
3599,0,svm,max,balanced,cached_mxbai,2862,1782200397.8609588,,,
8818,0,svm,max,balanced,cached_mxbai,2863,1782200398.2319288,,,
4512,0,svm,max,balanced,cached_mxbai,2864,1782200398.6090107,,,
3481,0,svm,max,balanced,cached_mxbai,2865,1782200398.9817684,,,
7015,0,svm,max,balanced,cached_mxbai,2866,1782200399.3517466,,,
5146,0,svm,max,balanced,cached_mxbai,2867,1782200399.7246768,,,
5892,0,svm,max,balanced,cached_mxbai,2868,1782200400.1082342,,,
8546,0,svm,max,balanced,cached_mxbai,2869,1782200400.477516,,,
7511,0,svm,max,balanced,cached_mxbai,2870,1782200400.8519692,,,
4607,0,svm,max,balanced,cached_mxbai,2871,1782200401.2185636,,,
6928,0,svm,max,balanced,cached_mxbai,2872,1782200401.5917892,,,
4409,0,svm,max,balanced,cached_mxbai,2873,1782200401.96537,,,
7499,0,svm,max,balanced,cached_mxbai,2874,1782200402.3386211,,,
4824,0,svm,max,balanced,cached_mxbai,2875,1782200402.708498,,,
1503,0,svm,max,balanced,cached_mxbai,2876,1782200403.0968258,,,
8565,0,svm,max,balanced,cached_mxbai,2877,1782200403.471843,,,
8098,0,svm,max,balanced,cached_mxbai,2878,1782200403.8496866,,,
9873,0,svm,max,balanced,cached_mxbai,2879,1782200404.2212338,,,
4002,0,svm,max,balanced,cached_mxbai,2880,1782200404.5916262,,,
1422,0,svm,max,balanced,cached_mxbai,2881,1782200404.965378,,,
5236,0,svm,max,balanced,cached_mxbai,2882,1782200405.3625998,,,
2034,0,svm,max,balanced,cached_mxbai,2883,1782200405.7359078,,,
4544,0,svm,max,balanced,cached_mxbai,2884,1782200406.1167283,,,
3900,0,svm,max,balanced,cached_mxbai,2885,1782200406.4908533,,,
1627,0,svm,max,balanced,cached_mxbai,2886,1782200406.8619626,,,
7827,0,svm,max,balanced,cached_mxbai,2887,1782200407.23592,,,
3815,0,svm,max,balanced,cached_mxbai,2888,1782200407.6087677,,,
2667,0,svm,max,balanced,cached_mxbai,2889,1782200407.9840338,,,
3134,0,svm,max,balanced,cached_mxbai,2890,1782200408.357841,,,
7163,0,svm,max,balanced,cached_mxbai,2891,1782200408.7360992,,,
2587,0,svm,max,balanced,cached_mxbai,2892,1782200409.1110945,,,
9879,0,svm,max,balanced,cached_mxbai,2893,1782200409.4844773,,,
9109,0,svm,max,balanced,cached_mxbai,2894,1782200409.860437,,,
6939,0,svm,max,balanced,cached_mxbai,2895,1782200410.2387867,,,
224,0,svm,max,balanced,cached_mxbai,2896,1782200410.6149578,,,
3537,0,svm,max,balanced,cached_mxbai,2897,1782200410.9893947,,,
1632,0,svm,max,balanced,cached_mxbai,2898,1782200411.3630536,,,
3417,0,svm,max,balanced,cached_mxbai,2899,1782200411.7372193,,,
3105,0,svm,max,balanced,cached_mxbai,2900,1782200412.115478,,,
5619,0,svm,max,balanced,cached_mxbai,2901,1782200412.4905376,,,
9546,0,svm,max,balanced,cached_mxbai,2902,1782200412.8670883,,,
9777,0,svm,max,balanced,cached_mxbai,2903,1782200413.2427578,,,
7617,0,svm,max,balanced,cached_mxbai,2904,1782200413.6234775,,,
4872,0,svm,max,balanced,cached_mxbai,2905,1782200414.0042133,,,
8645,0,svm,max,balanced,cached_mxbai,2906,1782200414.3804684,,,
3453,0,svm,max,balanced,cached_mxbai,2907,1782200414.7577403,,,
4478,0,svm,max,balanced,cached_mxbai,2908,1782200415.141229,,,
794,0,svm,max,balanced,cached_mxbai,2909,1782200415.5412476,,,
3686,0,svm,max,balanced,cached_mxbai,2910,1782200415.9209416,,,
9949,0,svm,max,balanced,cached_mxbai,2911,1782200416.301693,,,
5247,0,svm,max,balanced,cached_mxbai,2912,1782200416.6828759,,,
4346,0,svm,max,balanced,cached_mxbai,2913,1782200417.0591397,,,
3746,0,svm,max,balanced,cached_mxbai,2914,1782200417.438067,,,
5384,0,svm,max,balanced,cached_mxbai,2915,1782200417.815089,,,
6714,0,svm,max,balanced,cached_mxbai,2916,1782200418.1939504,,,
4235,0,svm,max,balanced,cached_mxbai,2917,1782200418.5711544,,,
4704,0,svm,max,balanced,cached_mxbai,2918,1782200418.9528186,,,
6221,0,svm,max,balanced,cached_mxbai,2919,1782200419.3307152,,,
8109,0,svm,max,balanced,cached_mxbai,2920,1782200419.710985,,,
8475,0,svm,max,balanced,cached_mxbai,2921,1782200420.0833771,,,
445,0,svm,max,balanced,cached_mxbai,2922,1782200420.45305,,,
8931,0,svm,max,balanced,cached_mxbai,2923,1782200420.8236625,,,
8414,0,svm,max,balanced,cached_mxbai,2924,1782200421.1946917,,,
446,0,svm,max,balanced,cached_mxbai,2925,1782200421.5641541,,,
5545,0,svm,max,balanced,cached_mxbai,2926,1782200421.9353607,,,
4940,0,svm,max,balanced,cached_mxbai,2927,1782200422.3060825,,,
5923,0,svm,max,balanced,cached_mxbai,2928,1782200422.6777835,,,
3970,0,svm,max,balanced,cached_mxbai,2929,1782200423.049498,,,
5420,0,svm,max,balanced,cached_mxbai,2930,1782200423.4201481,,,
3589,0,svm,max,balanced,cached_mxbai,2931,1782200423.7911327,,,
1365,0,svm,max,balanced,cached_mxbai,2932,1782200424.1640778,,,
6356,0,svm,max,balanced,cached_mxbai,2933,1782200424.5340312,,,
4274,0,svm,max,balanced,cached_mxbai,2934,1782200424.9076948,,,
10115,0,svm,max,balanced,cached_mxbai,2935,1782200425.3081117,,,
4232,0,svm,max,balanced,cached_mxbai,2936,1782200425.6843722,,,
5540,0,svm,max,balanced,cached_mxbai,2937,1782200426.0588336,,,
3228,0,svm,max,balanced,cached_mxbai,2938,1782200426.4297547,,,
1482,0,svm,max,balanced,cached_mxbai,2939,1782200426.8014293,,,
2372,0,svm,max,balanced,cached_mxbai,2940,1782200427.1728222,,,
4942,0,svm,max,balanced,cached_mxbai,2941,1782200427.5469635,,,
7004,0,svm,max,balanced,cached_mxbai,2942,1782200427.9187086,,,
87,0,svm,max,balanced,cached_mxbai,2943,1782200428.3012412,,,
8562,0,svm,max,balanced,cached_mxbai,2944,1782200428.677964,,,
2646,0,svm,max,balanced,cached_mxbai,2945,1782200429.060844,,,
1101,0,svm,max,balanced,cached_mxbai,2946,1782200429.4431005,,,
7287,0,svm,max,balanced,cached_mxbai,2947,1782200429.825582,,,
5432,0,svm,max,balanced,cached_mxbai,2948,1782200430.2111273,,,
3465,0,svm,max,balanced,cached_mxbai,2949,1782200430.5910003,,,
979,0,svm,max,balanced,cached_mxbai,2950,1782200430.9724393,,,
9526,0,svm,max,balanced,cached_mxbai,2951,1782200431.3600385,,,
3103,0,svm,max,balanced,cached_mxbai,2952,1782200431.7420704,,,
1544,0,svm,max,balanced,cached_mxbai,2953,1782200432.1268933,,,
922,0,svm,max,balanced,cached_mxbai,2954,1782200432.510625,,,
7677,0,svm,max,balanced,cached_mxbai,2955,1782200432.8951273,,,
5004,0,svm,max,balanced,cached_mxbai,2956,1782200433.2835057,,,
4084,0,svm,max,balanced,cached_mxbai,2957,1782200433.6664422,,,
1510,0,svm,max,balanced,cached_mxbai,2958,1782200434.052772,,,
616,0,svm,max,balanced,cached_mxbai,2959,1782200434.4367895,,,
7516,0,svm,max,balanced,cached_mxbai,2960,1782200434.8200464,,,
9055,0,svm,max,balanced,cached_mxbai,2961,1782200435.2087505,,,
1700,0,svm,max,balanced,cached_mxbai,2962,1782200435.612386,,,
3466,0,svm,max,balanced,cached_mxbai,2963,1782200435.996468,,,
4678,0,svm,max,balanced,cached_mxbai,2964,1782200436.3799815,,,
1404,0,svm,max,balanced,cached_mxbai,2965,1782200436.7642052,,,
4065,0,svm,max,balanced,cached_mxbai,2966,1782200437.1511662,,,
4580,0,svm,max,balanced,cached_mxbai,2967,1782200437.537281,,,
734,0,svm,max,balanced,cached_mxbai,2968,1782200437.9225516,,,
4187,0,svm,max,balanced,cached_mxbai,2969,1782200438.3118532,,,
1940,0,svm,max,balanced,cached_mxbai,2970,1782200438.6975977,,,
6371,0,svm,max,balanced,cached_mxbai,2971,1782200439.084898,,,
6363,0,svm,max,balanced,cached_mxbai,2972,1782200439.4697168,,,
7437,0,svm,max,balanced,cached_mxbai,2973,1782200439.8562248,,,
2766,0,svm,max,balanced,cached_mxbai,2974,1782200440.244887,,,
5579,0,svm,max,balanced,cached_mxbai,2975,1782200440.630816,,,
2949,0,svm,max,balanced,cached_mxbai,2976,1782200441.0171626,,,
3046,0,svm,max,balanced,cached_mxbai,2977,1782200441.4052806,,,
10222,0,svm,max,balanced,cached_mxbai,2978,1782200441.790827,,,
5748,0,svm,max,balanced,cached_mxbai,2979,1782200442.1798205,,,
245,0,svm,max,balanced,cached_mxbai,2980,1782200442.565695,,,
4057,0,svm,max,balanced,cached_mxbai,2981,1782200442.9500802,,,
7275,0,svm,max,balanced,cached_mxbai,2982,1782200443.3357735,,,
3996,0,svm,max,balanced,cached_mxbai,2983,1782200443.7203166,,,
9140,0,svm,max,balanced,cached_mxbai,2984,1782200444.1089127,,,
7533,0,svm,max,balanced,cached_mxbai,2985,1782200444.5042074,,,
3522,0,svm,max,balanced,cached_mxbai,2986,1782200444.8962011,,,
337,0,svm,max,balanced,cached_mxbai,2987,1782200445.307844,,,
1515,0,svm,max,balanced,cached_mxbai,2988,1782200445.7069497,,,
7763,0,svm,max,balanced,cached_mxbai,2989,1782200446.1035917,,,
8936,0,svm,max,balanced,cached_mxbai,2990,1782200446.4940321,,,
343,0,svm,max,balanced,cached_mxbai,2991,1782200446.8854594,,,
6944,0,svm,max,balanced,cached_mxbai,2992,1782200447.2798939,,,
5818,0,svm,max,balanced,cached_mxbai,2993,1782200447.6672127,,,
7674,0,svm,max,balanced,cached_mxbai,2994,1782200448.0603812,,,
1375,0,svm,max,balanced,cached_mxbai,2995,1782200448.4505997,,,
4401,0,svm,max,balanced,cached_mxbai,2996,1782200448.842239,,,
1686,0,svm,max,balanced,cached_mxbai,2997,1782200449.2375004,,,
615,0,svm,max,balanced,cached_mxbai,2998,1782200449.634986,,,
4174,0,svm,max,balanced,cached_mxbai,2999,1782200450.0291824,,,
175,0,svm,max,balanced,cached_mxbai,3000,1782200450.427018,,,
3964,0,svm,max,balanced,cached_mxbai,3001,1782200450.8229127,,,
7670,0,svm,max,balanced,cached_mxbai,3002,1782200451.1994421,,,
10376,0,svm,max,balanced,cached_mxbai,3003,1782200451.580135,,,
334,0,svm,max,balanced,cached_mxbai,3004,1782200451.9559932,,,
5849,0,svm,max,balanced,cached_mxbai,3005,1782200452.3342104,,,
4842,0,svm,max,balanced,cached_mxbai,3006,1782200452.711487,,,
3310,0,svm,max,balanced,cached_mxbai,3007,1782200453.090403,,,
9541,0,svm,max,balanced,cached_mxbai,3008,1782200453.4701087,,,
5127,0,svm,max,balanced,cached_mxbai,3009,1782200453.8475106,,,
1988,0,svm,max,balanced,cached_mxbai,3010,1782200454.2269108,,,
6774,0,svm,max,balanced,cached_mxbai,3011,1782200454.623033,,,
9587,0,svm,max,balanced,cached_mxbai,3012,1782200454.9979541,,,
82,0,svm,max,balanced,cached_mxbai,3013,1782200455.3891,,,
5914,0,svm,max,balanced,cached_mxbai,3014,1782200455.7576008,,,
671,0,svm,max,balanced,cached_mxbai,3015,1782200456.1289122,,,
2332,0,svm,max,balanced,cached_mxbai,3016,1782200456.4994073,,,
5784,0,svm,max,balanced,cached_mxbai,3017,1782200456.8702948,,,
3636,0,svm,max,balanced,cached_mxbai,3018,1782200457.2432694,,,
9823,0,svm,max,balanced,cached_mxbai,3019,1782200457.6133726,,,
200,0,svm,max,balanced,cached_mxbai,3020,1782200457.9828255,,,
9523,0,svm,max,balanced,cached_mxbai,3021,1782200458.3536203,,,
9391,0,svm,max,balanced,cached_mxbai,3022,1782200458.7266226,,,
1144,0,svm,max,balanced,cached_mxbai,3023,1782200459.1036408,,,
5144,0,svm,max,balanced,cached_mxbai,3024,1782200459.477664,,,
9656,0,svm,max,balanced,cached_mxbai,3025,1782200459.872036,,,
4110,0,svm,max,balanced,cached_mxbai,3026,1782200460.2475111,,,
4509,0,svm,max,balanced,cached_mxbai,3027,1782200460.6200302,,,
5408,0,svm,max,balanced,cached_mxbai,3028,1782200460.993071,,,
3897,0,svm,max,balanced,cached_mxbai,3029,1782200461.3808002,,,
3180,0,svm,max,balanced,cached_mxbai,3030,1782200461.771484,,,
618,0,svm,max,balanced,cached_mxbai,3031,1782200462.151915,,,
10467,0,svm,max,balanced,cached_mxbai,3032,1782200462.5304666,,,
8814,0,svm,max,balanced,cached_mxbai,3033,1782200462.9066112,,,
3505,0,svm,max,balanced,cached_mxbai,3034,1782200463.2857788,,,
4739,0,svm,max,balanced,cached_mxbai,3035,1782200463.662303,,,
9668,0,svm,max,balanced,cached_mxbai,3036,1782200464.0574644,,,
1273,0,svm,max,balanced,cached_mxbai,3037,1782200464.4601722,,,
4408,0,svm,max,balanced,cached_mxbai,3038,1782200464.8556113,,,
4078,0,svm,max,balanced,cached_mxbai,3039,1782200465.2661574,,,
4418,0,svm,max,balanced,cached_mxbai,3040,1782200465.6671486,,,
1801,0,svm,max,balanced,cached_mxbai,3041,1782200466.068047,,,
4357,0,svm,max,balanced,cached_mxbai,3042,1782200466.470247,,,
6081,0,svm,max,balanced,cached_mxbai,3043,1782200466.8672633,,,
9890,0,svm,max,balanced,cached_mxbai,3044,1782200467.2663727,,,
4579,0,svm,max,balanced,cached_mxbai,3045,1782200467.662862,,,
5993,0,svm,max,balanced,cached_mxbai,3046,1782200468.0616548,,,
100,0,svm,max,balanced,cached_mxbai,3047,1782200468.462446,,,
7991,0,svm,max,balanced,cached_mxbai,3048,1782200468.8612194,,,
8409,0,svm,max,balanced,cached_mxbai,3049,1782200469.2592046,,,
2791,0,svm,max,balanced,cached_mxbai,3050,1782200469.6633112,,,
4349,0,svm,max,balanced,cached_mxbai,3051,1782200470.0623147,,,
4904,0,svm,max,balanced,cached_mxbai,3052,1782200470.460976,,,
1701,0,svm,max,balanced,cached_mxbai,3053,1782200470.8596315,,,
3410,0,svm,max,balanced,cached_mxbai,3054,1782200471.261139,,,
9163,0,svm,max,balanced,cached_mxbai,3055,1782200471.659553,,,
7322,0,svm,max,balanced,cached_mxbai,3056,1782200472.0586681,,,
9327,0,svm,max,balanced,cached_mxbai,3057,1782200472.4621246,,,
5249,0,svm,max,balanced,cached_mxbai,3058,1782200472.8604798,,,
8207,0,svm,max,balanced,cached_mxbai,3059,1782200473.2614813,,,
6252,0,svm,max,balanced,cached_mxbai,3060,1782200473.6600232,,,
9463,0,svm,max,balanced,cached_mxbai,3061,1782200474.0570486,,,
1196,0,svm,max,balanced,cached_mxbai,3062,1782200474.4686656,,,
6287,0,svm,max,balanced,cached_mxbai,3063,1782200474.866607,,,
4756,0,svm,max,balanced,cached_mxbai,3064,1782200475.2845836,,,
5654,0,svm,max,balanced,cached_mxbai,3065,1782200475.6862714,,,
2321,0,svm,max,balanced,cached_mxbai,3066,1782200476.0850334,,,
522,0,svm,max,balanced,cached_mxbai,3067,1782200476.483285,,,
423,1,svm,max,balanced,cached_mxbai,3068,1782200476.8792515,,,
