record_id,label,classifier,querier,balancer,feature_extractor,training_set,time,note,tags,user_id
7352,1,,,,,,1782200477.1151135,,,
6883,0,,,,,,1782200477.1151135,,,
5913,1,svm,max,balanced,cached_mxbai,2,1782200477.1607542,,,
4393,1,svm,max,balanced,cached_mxbai,3,1782200477.2094102,,,
10423,1,svm,max,balanced,cached_mxbai,4,1782200477.2565637,,,
10176,1,svm,max,balanced,cached_mxbai,5,1782200477.3042245,,,
9026,0,svm,max,balanced,cached_mxbai,6,1782200477.3521423,,,
7339,1,svm,max,balanced,cached_mxbai,7,1782200477.400134,,,
5970,0,svm,max,balanced,cached_mxbai,8,1782200477.4481688,,,
7547,1,svm,max,balanced,cached_mxbai,9,1782200477.4960504,,,
7548,1,svm,max,balanced,cached_mxbai,10,1782200477.5435088,,,
8411,1,svm,max,balanced,cached_mxbai,11,1782200477.5912564,,,
3247,0,svm,max,balanced,cached_mxbai,12,1782200477.6391292,,,
9772,1,svm,max,balanced,cached_mxbai,13,1782200477.68685,,,
6484,1,svm,max,balanced,cached_mxbai,14,1782200477.7348704,,,
3702,1,svm,max,balanced,cached_mxbai,15,1782200477.7825344,,,
5481,0,svm,max,balanced,cached_mxbai,16,1782200477.8316886,,,
5950,1,svm,max,balanced,cached_mxbai,17,1782200477.8796387,,,
1230,0,svm,max,balanced,cached_mxbai,18,1782200477.927788,,,
5976,0,svm,max,balanced,cached_mxbai,19,1782200477.975528,,,
1621,1,svm,max,balanced,cached_mxbai,20,1782200478.0255063,,,
6884,0,svm,max,balanced,cached_mxbai,21,1782200478.0748482,,,
1960,0,svm,max,balanced,cached_mxbai,22,1782200478.1241655,,,
7914,1,svm,max,balanced,cached_mxbai,23,1782200478.17373,,,
1245,0,svm,max,balanced,cached_mxbai,24,1782200478.2243237,,,
7479,0,svm,max,balanced,cached_mxbai,25,1782200478.2736,,,
6481,0,svm,max,balanced,cached_mxbai,26,1782200478.323229,,,
10454,0,svm,max,balanced,cached_mxbai,27,1782200478.372874,,,
7333,1,svm,max,balanced,cached_mxbai,28,1782200478.422904,,,
7904,1,svm,max,balanced,cached_mxbai,29,1782200478.4720953,,,
6419,1,svm,max,balanced,cached_mxbai,30,1782200478.5214972,,,
1159,1,svm,max,balanced,cached_mxbai,31,1782200478.5705292,,,
9891,0,svm,max,balanced,cached_mxbai,32,1782200478.620321,,,
6050,0,svm,max,balanced,cached_mxbai,33,1782200478.6698391,,,
3489,0,svm,max,balanced,cached_mxbai,34,1782200478.7199185,,,
6097,1,svm,max,balanced,cached_mxbai,35,1782200478.7697575,,,
9589,0,svm,max,balanced,cached_mxbai,36,1782200478.8222215,,,
1005,0,svm,max,balanced,cached_mxbai,37,1782200478.8721545,,,
882,0,svm,max,balanced,cached_mxbai,38,1782200478.9217138,,,
7368,0,svm,max,balanced,cached_mxbai,39,1782200478.9712522,,,
5647,1,svm,max,balanced,cached_mxbai,40,1782200479.0217247,,,
7026,0,svm,max,balanced,cached_mxbai,41,1782200479.072088,,,
9344,1,svm,max,balanced,cached_mxbai,42,1782200479.123684,,,
5656,1,svm,max,balanced,cached_mxbai,43,1782200479.1738446,,,
8434,1,svm,max,balanced,cached_mxbai,44,1782200479.2252345,,,
3820,1,svm,max,balanced,cached_mxbai,45,1782200479.2760453,,,
10220,1,svm,max,balanced,cached_mxbai,46,1782200479.3270066,,,
9004,1,svm,max,balanced,cached_mxbai,47,1782200479.3771703,,,
1802,1,svm,max,balanced,cached_mxbai,48,1782200479.4289584,,,
6767,0,svm,max,balanced,cached_mxbai,49,1782200479.4788444,,,
8552,0,svm,max,balanced,cached_mxbai,50,1782200479.5296273,,,
1833,1,svm,max,balanced,cached_mxbai,51,1782200479.580958,,,
8412,1,svm,max,balanced,cached_mxbai,52,1782200479.6310608,,,
7598,0,svm,max,balanced,cached_mxbai,53,1782200479.681725,,,
6283,1,svm,max,balanced,cached_mxbai,54,1782200479.7318053,,,
1141,1,svm,max,balanced,cached_mxbai,55,1782200479.7819128,,,
7373,1,svm,max,balanced,cached_mxbai,56,1782200479.834079,,,
8719,1,svm,max,balanced,cached_mxbai,57,1782200479.8847637,,,
8718,0,svm,max,balanced,cached_mxbai,58,1782200479.935635,,,
8843,0,svm,max,balanced,cached_mxbai,59,1782200479.986471,,,
9498,1,svm,max,balanced,cached_mxbai,60,1782200480.0376139,,,
10015,1,svm,max,balanced,cached_mxbai,61,1782200480.088819,,,
9685,1,svm,max,balanced,cached_mxbai,62,1782200480.1399925,,,
6376,0,svm,max,balanced,cached_mxbai,63,1782200480.1921263,,,
9360,0,svm,max,balanced,cached_mxbai,64,1782200480.2452974,,,
7928,0,svm,max,balanced,cached_mxbai,65,1782200480.2979379,,,
8594,1,svm,max,balanced,cached_mxbai,66,1782200480.3492155,,,
6637,1,svm,max,balanced,cached_mxbai,67,1782200480.4008229,,,
4083,0,svm,max,balanced,cached_mxbai,68,1782200480.4523377,,,
6902,1,svm,max,balanced,cached_mxbai,69,1782200480.5039654,,,
6904,1,svm,max,balanced,cached_mxbai,70,1782200480.5558543,,,
4468,0,svm,max,balanced,cached_mxbai,71,1782200480.6074731,,,
8378,0,svm,max,balanced,cached_mxbai,72,1782200480.658676,,,
9380,0,svm,max,balanced,cached_mxbai,73,1782200480.7102036,,,
10029,0,svm,max,balanced,cached_mxbai,74,1782200480.7617328,,,
6197,0,svm,max,balanced,cached_mxbai,75,1782200480.8143356,,,
5115,0,svm,max,balanced,cached_mxbai,76,1782200480.8655531,,,
1428,0,svm,max,balanced,cached_mxbai,77,1782200480.9172983,,,
10523,1,svm,max,balanced,cached_mxbai,78,1782200480.9699662,,,
5369,1,svm,max,balanced,cached_mxbai,79,1782200481.0226283,,,
649,0,svm,max,balanced,cached_mxbai,80,1782200481.074796,,,
8295,0,svm,max,balanced,cached_mxbai,81,1782200481.1264353,,,
5353,1,svm,max,balanced,cached_mxbai,82,1782200481.1786852,,,
3931,1,svm,max,balanced,cached_mxbai,83,1782200481.2310083,,,
5301,1,svm,max,balanced,cached_mxbai,84,1782200481.2847302,,,
9959,1,svm,max,balanced,cached_mxbai,85,1782200481.3374317,,,
8537,1,svm,max,balanced,cached_mxbai,86,1782200481.3896286,,,
5297,0,svm,max,balanced,cached_mxbai,87,1782200481.4422128,,,
5333,0,svm,max,balanced,cached_mxbai,88,1782200481.4948592,,,
8535,1,svm,max,balanced,cached_mxbai,89,1782200481.5473988,,,
5302,1,svm,max,balanced,cached_mxbai,90,1782200481.5993958,,,
5298,1,svm,max,balanced,cached_mxbai,91,1782200481.6516037,,,
831,1,svm,max,balanced,cached_mxbai,92,1782200481.7039611,,,
839,0,svm,max,balanced,cached_mxbai,93,1782200481.7562108,,,
1674,0,svm,max,balanced,cached_mxbai,94,1782200481.810224,,,
10053,0,svm,max,balanced,cached_mxbai,95,1782200481.8629212,,,
982,0,svm,max,balanced,cached_mxbai,96,1782200481.9163039,,,
6673,1,svm,max,balanced,cached_mxbai,97,1782200481.974587,,,
10447,1,svm,max,balanced,cached_mxbai,98,1782200482.0295346,,,
3590,0,svm,max,balanced,cached_mxbai,99,1782200482.0828154,,,
8163,1,svm,max,balanced,cached_mxbai,100,1782200482.1358242,,,
5739,1,svm,max,balanced,cached_mxbai,101,1782200482.1905959,,,
6053,1,svm,max,balanced,cached_mxbai,102,1782200482.2440405,,,
7863,1,svm,max,balanced,cached_mxbai,103,1782200482.2989798,,,
8649,1,svm,max,balanced,cached_mxbai,104,1782200482.3525324,,,
1747,1,svm,max,balanced,cached_mxbai,105,1782200482.4060001,,,
1748,0,svm,max,balanced,cached_mxbai,106,1782200482.4598107,,,
5081,0,svm,max,balanced,cached_mxbai,107,1782200482.5125337,,,
8094,1,svm,max,balanced,cached_mxbai,108,1782200482.5658116,,,
7655,1,svm,max,balanced,cached_mxbai,109,1782200482.618749,,,
10035,0,svm,max,balanced,cached_mxbai,110,1782200482.6716375,,,
10456,0,svm,max,balanced,cached_mxbai,111,1782200482.7246258,,,
7153,1,svm,max,balanced,cached_mxbai,112,1782200482.777839,,,
9658,0,svm,max,balanced,cached_mxbai,113,1782200482.8321438,,,
8775,0,svm,max,balanced,cached_mxbai,114,1782200482.8860435,,,
5082,0,svm,max,balanced,cached_mxbai,115,1782200482.93982,,,
5646,1,svm,max,balanced,cached_mxbai,116,1782200482.9931746,,,
9686,1,svm,max,balanced,cached_mxbai,117,1782200483.0468285,,,
521,0,svm,max,balanced,cached_mxbai,118,1782200483.1017148,,,
8314,1,svm,max,balanced,cached_mxbai,119,1782200483.155995,,,
4455,0,svm,max,balanced,cached_mxbai,120,1782200483.2109494,,,
9142,0,svm,max,balanced,cached_mxbai,121,1782200483.2658958,,,
9787,1,svm,max,balanced,cached_mxbai,122,1782200483.32038,,,
9527,1,svm,max,balanced,cached_mxbai,123,1782200483.3740585,,,
2751,0,svm,max,balanced,cached_mxbai,124,1782200483.4280648,,,
4456,0,svm,max,balanced,cached_mxbai,125,1782200483.481975,,,
3190,0,svm,max,balanced,cached_mxbai,126,1782200483.5362437,,,
7413,1,svm,max,balanced,cached_mxbai,127,1782200483.590748,,,
10147,1,svm,max,balanced,cached_mxbai,128,1782200483.6448488,,,
8503,1,svm,max,balanced,cached_mxbai,129,1782200483.698584,,,
1728,1,svm,max,balanced,cached_mxbai,130,1782200483.7525392,,,
7877,1,svm,max,balanced,cached_mxbai,131,1782200483.8066714,,,
7412,0,svm,max,balanced,cached_mxbai,132,1782200483.8627925,,,
1726,1,svm,max,balanced,cached_mxbai,133,1782200483.9182456,,,
4452,0,svm,max,balanced,cached_mxbai,134,1782200483.973134,,,
1311,0,svm,max,balanced,cached_mxbai,135,1782200484.0280292,,,
9077,0,svm,max,balanced,cached_mxbai,136,1782200484.0820735,,,
3019,1,svm,max,balanced,cached_mxbai,137,1782200484.1363564,,,
7724,1,svm,max,balanced,cached_mxbai,138,1782200484.191395,,,
4549,0,svm,max,balanced,cached_mxbai,139,1782200484.247609,,,
5670,0,svm,max,balanced,cached_mxbai,140,1782200484.3039894,,,
8656,0,svm,max,balanced,cached_mxbai,141,1782200484.3602426,,,
8807,0,svm,max,balanced,cached_mxbai,142,1782200484.4188633,,,
10324,0,svm,max,balanced,cached_mxbai,143,1782200484.4790032,,,
989,0,svm,max,balanced,cached_mxbai,144,1782200484.5388074,,,
1488,0,svm,max,balanced,cached_mxbai,145,1782200484.5984337,,,
2011,0,svm,max,balanced,cached_mxbai,146,1782200484.6558979,,,
8087,1,svm,max,balanced,cached_mxbai,147,1782200484.7106252,,,
7179,0,svm,max,balanced,cached_mxbai,148,1782200484.7665474,,,
5749,1,svm,max,balanced,cached_mxbai,149,1782200484.8234358,,,
5750,0,svm,max,balanced,cached_mxbai,150,1782200484.8785148,,,
6627,0,svm,max,balanced,cached_mxbai,151,1782200484.9334967,,,
9740,0,svm,max,balanced,cached_mxbai,152,1782200484.9889736,,,
8620,0,svm,max,balanced,cached_mxbai,153,1782200485.053572,,,
1786,0,svm,max,balanced,cached_mxbai,154,1782200485.1109502,,,
9720,0,svm,max,balanced,cached_mxbai,155,1782200485.1687515,,,
9525,0,svm,max,balanced,cached_mxbai,156,1782200485.230325,,,
10512,1,svm,max,balanced,cached_mxbai,157,1782200485.2991188,,,
5972,0,svm,max,balanced,cached_mxbai,158,1782200485.3657155,,,
1028,0,svm,max,balanced,cached_mxbai,159,1782200485.422542,,,
4547,0,svm,max,balanced,cached_mxbai,160,1782200485.4787529,,,
8306,1,svm,max,balanced,cached_mxbai,161,1782200485.5357926,,,
8460,0,svm,max,balanced,cached_mxbai,162,1782200485.5917354,,,
6628,0,svm,max,balanced,cached_mxbai,163,1782200485.6468515,,,
4457,0,svm,max,balanced,cached_mxbai,164,1782200485.7019017,,,
1002,1,svm,max,balanced,cached_mxbai,165,1782200485.7575312,,,
5715,0,svm,max,balanced,cached_mxbai,166,1782200485.813581,,,
8442,0,svm,max,balanced,cached_mxbai,167,1782200485.8700035,,,
7340,0,svm,max,balanced,cached_mxbai,168,1782200485.9253325,,,
4591,0,svm,max,balanced,cached_mxbai,169,1782200485.9812748,,,
4558,0,svm,max,balanced,cached_mxbai,170,1782200486.0376143,,,
3451,1,svm,max,balanced,cached_mxbai,171,1782200486.0934944,,,
9835,0,svm,max,balanced,cached_mxbai,172,1782200486.1498632,,,
9750,1,svm,max,balanced,cached_mxbai,173,1782200486.2065911,,,
1676,0,svm,max,balanced,cached_mxbai,174,1782200486.2636874,,,
8401,0,svm,max,balanced,cached_mxbai,175,1782200486.3249774,,,
4345,0,svm,max,balanced,cached_mxbai,176,1782200486.3820283,,,
6174,0,svm,max,balanced,cached_mxbai,177,1782200486.4392455,,,
7878,0,svm,max,balanced,cached_mxbai,178,1782200486.496155,,,
1675,1,svm,max,balanced,cached_mxbai,179,1782200486.5528781,,,
9170,1,svm,max,balanced,cached_mxbai,180,1782200486.6102793,,,
4534,0,svm,max,balanced,cached_mxbai,181,1782200486.6664817,,,
3077,0,svm,max,balanced,cached_mxbai,182,1782200486.7230098,,,
6111,0,svm,max,balanced,cached_mxbai,183,1782200486.7800114,,,
9325,1,svm,max,balanced,cached_mxbai,184,1782200486.8377223,,,
681,0,svm,max,balanced,cached_mxbai,185,1782200486.894243,,,
8247,1,svm,max,balanced,cached_mxbai,186,1782200486.951074,,,
8505,0,svm,max,balanced,cached_mxbai,187,1782200487.0080917,,,
5888,1,svm,max,balanced,cached_mxbai,188,1782200487.0651643,,,
1110,0,svm,max,balanced,cached_mxbai,189,1782200487.1228442,,,
10051,0,svm,max,balanced,cached_mxbai,190,1782200487.1799414,,,
5299,0,svm,max,balanced,cached_mxbai,191,1782200487.2372277,,,
6617,0,svm,max,balanced,cached_mxbai,192,1782200487.2965267,,,
7561,0,svm,max,balanced,cached_mxbai,193,1782200487.3544066,,,
8730,0,svm,max,balanced,cached_mxbai,194,1782200487.4117136,,,
1272,0,svm,max,balanced,cached_mxbai,195,1782200487.4695725,,,
6783,0,svm,max,balanced,cached_mxbai,196,1782200487.5274684,,,
9346,1,svm,max,balanced,cached_mxbai,197,1782200487.5843341,,,
10037,0,svm,max,balanced,cached_mxbai,198,1782200487.6405058,,,
4508,0,svm,max,balanced,cached_mxbai,199,1782200487.6968622,,,
4950,0,svm,max,balanced,cached_mxbai,200,1782200487.7528446,,,
6257,0,svm,max,balanced,cached_mxbai,201,1782200487.8092437,,,
5724,1,svm,max,balanced,cached_mxbai,202,1782200487.866631,,,
4326,0,svm,max,balanced,cached_mxbai,203,1782200487.9229448,,,
2294,0,svm,max,balanced,cached_mxbai,204,1782200487.9800594,,,
9107,0,svm,max,balanced,cached_mxbai,205,1782200488.0374541,,,
8801,0,svm,max,balanced,cached_mxbai,206,1782200488.0948546,,,
5714,1,svm,max,balanced,cached_mxbai,207,1782200488.1518006,,,
8926,0,svm,max,balanced,cached_mxbai,208,1782200488.2090898,,,
4283,0,svm,max,balanced,cached_mxbai,209,1782200488.2682388,,,
6479,0,svm,max,balanced,cached_mxbai,210,1782200488.328955,,,
3509,0,svm,max,balanced,cached_mxbai,211,1782200488.3864763,,,
5296,0,svm,max,balanced,cached_mxbai,212,1782200488.4439096,,,
10062,0,svm,max,balanced,cached_mxbai,213,1782200488.5009804,,,
4425,0,svm,max,balanced,cached_mxbai,214,1782200488.5593703,,,
3692,0,svm,max,balanced,cached_mxbai,215,1782200488.6166053,,,
4464,1,svm,max,balanced,cached_mxbai,216,1782200488.6740863,,,
5059,0,svm,max,balanced,cached_mxbai,217,1782200488.7314365,,,
6632,1,svm,max,balanced,cached_mxbai,218,1782200488.7894106,,,
6630,0,svm,max,balanced,cached_mxbai,219,1782200488.848598,,,
6268,0,svm,max,balanced,cached_mxbai,220,1782200488.9072697,,,
6520,0,svm,max,balanced,cached_mxbai,221,1782200488.9657776,,,
4460,0,svm,max,balanced,cached_mxbai,222,1782200489.0249784,,,
657,0,svm,max,balanced,cached_mxbai,223,1782200489.0840125,,,
1649,0,svm,max,balanced,cached_mxbai,224,1782200489.1418426,,,
1645,1,svm,max,balanced,cached_mxbai,225,1782200489.2009108,,,
5565,0,svm,max,balanced,cached_mxbai,226,1782200489.2603004,,,
3021,0,svm,max,balanced,cached_mxbai,227,1782200489.3202434,,,
5492,0,svm,max,balanced,cached_mxbai,228,1782200489.3797162,,,
4718,0,svm,max,balanced,cached_mxbai,229,1782200489.4389744,,,
5986,1,svm,max,balanced,cached_mxbai,230,1782200489.498247,,,
7754,0,svm,max,balanced,cached_mxbai,231,1782200489.5583355,,,
4423,0,svm,max,balanced,cached_mxbai,232,1782200489.6179845,,,
3135,0,svm,max,balanced,cached_mxbai,233,1782200489.6767073,,,
8047,1,svm,max,balanced,cached_mxbai,234,1782200489.7357972,,,
8815,1,svm,max,balanced,cached_mxbai,235,1782200489.7946353,,,
3464,0,svm,max,balanced,cached_mxbai,236,1782200489.8551633,,,
6098,0,svm,max,balanced,cached_mxbai,237,1782200489.9138186,,,
6227,0,svm,max,balanced,cached_mxbai,238,1782200489.9726036,,,
543,0,svm,max,balanced,cached_mxbai,239,1782200490.0320458,,,
4448,0,svm,max,balanced,cached_mxbai,240,1782200490.0909247,,,
5782,0,svm,max,balanced,cached_mxbai,241,1782200490.1503136,,,
7176,0,svm,max,balanced,cached_mxbai,242,1782200490.2101693,,,
4450,0,svm,max,balanced,cached_mxbai,243,1782200490.270093,,,
10563,1,svm,max,balanced,cached_mxbai,244,1782200490.3321087,,,
5865,0,svm,max,balanced,cached_mxbai,245,1782200490.3914847,,,
4786,0,svm,max,balanced,cached_mxbai,246,1782200490.4508028,,,
9944,0,svm,max,balanced,cached_mxbai,247,1782200490.510129,,,
1038,0,svm,max,balanced,cached_mxbai,248,1782200490.5696213,,,
4752,0,svm,max,balanced,cached_mxbai,249,1782200490.6297846,,,
5985,0,svm,max,balanced,cached_mxbai,250,1782200490.6890926,,,
5071,0,svm,max,balanced,cached_mxbai,251,1782200490.7501817,,,
4751,0,svm,max,balanced,cached_mxbai,252,1782200490.8103,,,
5305,0,svm,max,balanced,cached_mxbai,253,1782200490.8720112,,,
9462,0,svm,max,balanced,cached_mxbai,254,1782200490.9324007,,,
9168,0,svm,max,balanced,cached_mxbai,255,1782200490.993011,,,
7278,0,svm,max,balanced,cached_mxbai,256,1782200491.0526476,,,
5141,0,svm,max,balanced,cached_mxbai,257,1782200491.1131217,,,
4666,0,svm,max,balanced,cached_mxbai,258,1782200491.1742222,,,
1271,0,svm,max,balanced,cached_mxbai,259,1782200491.234904,,,
10028,1,svm,max,balanced,cached_mxbai,260,1782200491.2952726,,,
9027,0,svm,max,balanced,cached_mxbai,261,1782200491.3569396,,,
5948,0,svm,max,balanced,cached_mxbai,262,1782200491.418144,,,
8787,0,svm,max,balanced,cached_mxbai,263,1782200491.479039,,,
6665,0,svm,max,balanced,cached_mxbai,264,1782200491.5399625,,,
1552,0,svm,max,balanced,cached_mxbai,265,1782200491.6010914,,,
4592,0,svm,max,balanced,cached_mxbai,266,1782200491.661485,,,
6508,0,svm,max,balanced,cached_mxbai,267,1782200491.7221756,,,
5322,0,svm,max,balanced,cached_mxbai,268,1782200491.7835803,,,
5624,0,svm,max,balanced,cached_mxbai,269,1782200491.8454905,,,
4504,0,svm,max,balanced,cached_mxbai,270,1782200491.9064124,,,
9758,0,svm,max,balanced,cached_mxbai,271,1782200491.9671886,,,
1554,0,svm,max,balanced,cached_mxbai,272,1782200492.028809,,,
5085,0,svm,max,balanced,cached_mxbai,273,1782200492.0900216,,,
5560,0,svm,max,balanced,cached_mxbai,274,1782200492.1506495,,,
4986,0,svm,max,balanced,cached_mxbai,275,1782200492.212261,,,
7942,0,svm,max,balanced,cached_mxbai,276,1782200492.2766824,,,
845,0,svm,max,balanced,cached_mxbai,277,1782200492.3409839,,,
1729,0,svm,max,balanced,cached_mxbai,278,1782200492.4039857,,,
6158,0,svm,max,balanced,cached_mxbai,279,1782200492.4672563,,,
6716,0,svm,max,balanced,cached_mxbai,280,1782200492.5303304,,,
4210,0,svm,max,balanced,cached_mxbai,281,1782200492.5941823,,,
6624,0,svm,max,balanced,cached_mxbai,282,1782200492.6573145,,,
5606,0,svm,max,balanced,cached_mxbai,283,1782200492.7205105,,,
7172,0,svm,max,balanced,cached_mxbai,284,1782200492.7827725,,,
4529,0,svm,max,balanced,cached_mxbai,285,1782200492.8459172,,,
7711,0,svm,max,balanced,cached_mxbai,286,1782200492.9105446,,,
1081,0,svm,max,balanced,cached_mxbai,287,1782200492.9745736,,,
10101,0,svm,max,balanced,cached_mxbai,288,1782200493.0389314,,,
9989,1,svm,max,balanced,cached_mxbai,289,1782200493.1025813,,,
4971,0,svm,max,balanced,cached_mxbai,290,1782200493.165814,,,
7288,0,svm,max,balanced,cached_mxbai,291,1782200493.2294705,,,
3908,0,svm,max,balanced,cached_mxbai,292,1782200493.2927508,,,
6480,0,svm,max,balanced,cached_mxbai,293,1782200493.3569818,,,
8561,0,svm,max,balanced,cached_mxbai,294,1782200493.4213653,,,
10502,0,svm,max,balanced,cached_mxbai,295,1782200493.4853156,,,
3372,0,svm,max,balanced,cached_mxbai,296,1782200493.5499752,,,
6874,0,svm,max,balanced,cached_mxbai,297,1782200493.6140277,,,
6018,0,svm,max,balanced,cached_mxbai,298,1782200493.6778872,,,
7905,0,svm,max,balanced,cached_mxbai,299,1782200493.7429104,,,
5368,1,svm,max,balanced,cached_mxbai,300,1782200493.8068416,,,
2958,0,svm,max,balanced,cached_mxbai,301,1782200493.8718276,,,
9468,0,svm,max,balanced,cached_mxbai,302,1782200493.935383,,,
2681,0,svm,max,balanced,cached_mxbai,303,1782200493.9995327,,,
9892,0,svm,max,balanced,cached_mxbai,304,1782200494.0643973,,,
589,0,svm,max,balanced,cached_mxbai,305,1782200494.1283553,,,
1232,0,svm,max,balanced,cached_mxbai,306,1782200494.192039,,,
8643,0,svm,max,balanced,cached_mxbai,307,1782200494.2603428,,,
8117,0,svm,max,balanced,cached_mxbai,308,1782200494.3308315,,,
9774,0,svm,max,balanced,cached_mxbai,309,1782200494.399115,,,
8366,0,svm,max,balanced,cached_mxbai,310,1782200494.4644132,,,
6633,0,svm,max,balanced,cached_mxbai,311,1782200494.5300875,,,
3102,0,svm,max,balanced,cached_mxbai,312,1782200494.5950181,,,
4548,0,svm,max,balanced,cached_mxbai,313,1782200494.6595993,,,
8691,0,svm,max,balanced,cached_mxbai,314,1782200494.72404,,,
1491,0,svm,max,balanced,cached_mxbai,315,1782200494.788908,,,
4461,0,svm,max,balanced,cached_mxbai,316,1782200494.8546462,,,
7012,0,svm,max,balanced,cached_mxbai,317,1782200494.9206355,,,
10590,0,svm,max,balanced,cached_mxbai,318,1782200494.9852774,,,
4887,0,svm,max,balanced,cached_mxbai,319,1782200495.0539176,,,
1819,0,svm,max,balanced,cached_mxbai,320,1782200495.120151,,,
5293,0,svm,max,balanced,cached_mxbai,321,1782200495.188268,,,
6921,0,svm,max,balanced,cached_mxbai,322,1782200495.269357,,,
7299,0,svm,max,balanced,cached_mxbai,323,1782200495.3565338,,,
5561,0,svm,max,balanced,cached_mxbai,324,1782200495.4231553,,,
2800,0,svm,max,balanced,cached_mxbai,325,1782200495.4893308,,,
4466,0,svm,max,balanced,cached_mxbai,326,1782200495.5551364,,,
3176,0,svm,max,balanced,cached_mxbai,327,1782200495.6198168,,,
4413,0,svm,max,balanced,cached_mxbai,328,1782200495.684757,,,
4436,0,svm,max,balanced,cached_mxbai,329,1782200495.750948,,,
4465,0,svm,max,balanced,cached_mxbai,330,1782200495.8162158,,,
9025,0,svm,max,balanced,cached_mxbai,331,1782200495.8833928,,,
8596,0,svm,max,balanced,cached_mxbai,332,1782200495.9486532,,,
4643,0,svm,max,balanced,cached_mxbai,333,1782200496.0155046,,,
8651,0,svm,max,balanced,cached_mxbai,334,1782200496.0825462,,,
5306,0,svm,max,balanced,cached_mxbai,335,1782200496.148889,,,
7200,0,svm,max,balanced,cached_mxbai,336,1782200496.2152572,,,
4293,0,svm,max,balanced,cached_mxbai,337,1782200496.283019,,,
7851,0,svm,max,balanced,cached_mxbai,338,1782200496.3520024,,,
1424,0,svm,max,balanced,cached_mxbai,339,1782200496.420487,,,
8971,0,svm,max,balanced,cached_mxbai,340,1782200496.4876132,,,
4467,0,svm,max,balanced,cached_mxbai,341,1782200496.5555663,,,
5209,0,svm,max,balanced,cached_mxbai,342,1782200496.622197,,,
7686,0,svm,max,balanced,cached_mxbai,343,1782200496.6887994,,,
6496,0,svm,max,balanced,cached_mxbai,344,1782200496.7557569,,,
4338,0,svm,max,balanced,cached_mxbai,345,1782200496.823673,,,
4029,0,svm,max,balanced,cached_mxbai,346,1782200496.8917835,,,
5586,0,svm,max,balanced,cached_mxbai,347,1782200496.9585989,,,
220,0,svm,max,balanced,cached_mxbai,348,1782200497.0279179,,,
3221,0,svm,max,balanced,cached_mxbai,349,1782200497.0957074,,,
8532,0,svm,max,balanced,cached_mxbai,350,1782200497.1633344,,,
4055,0,svm,max,balanced,cached_mxbai,351,1782200497.233899,,,
2489,0,svm,max,balanced,cached_mxbai,352,1782200497.3025107,,,
7790,0,svm,max,balanced,cached_mxbai,353,1782200497.3697772,,,
8145,0,svm,max,balanced,cached_mxbai,354,1782200497.4376993,,,
4406,0,svm,max,balanced,cached_mxbai,355,1782200497.5054443,,,
4748,0,svm,max,balanced,cached_mxbai,356,1782200497.5724192,,,
1083,0,svm,max,balanced,cached_mxbai,357,1782200497.6402628,,,
5193,0,svm,max,balanced,cached_mxbai,358,1782200497.7079694,,,
4973,0,svm,max,balanced,cached_mxbai,359,1782200497.7759411,,,
8334,0,svm,max,balanced,cached_mxbai,360,1782200497.8443067,,,
8806,1,svm,max,balanced,cached_mxbai,361,1782200497.914269,,,
5792,0,svm,max,balanced,cached_mxbai,362,1782200497.9822257,,,
3768,0,svm,max,balanced,cached_mxbai,363,1782200498.0496309,,,
9684,0,svm,max,balanced,cached_mxbai,364,1782200498.1167603,,,
662,0,svm,max,balanced,cached_mxbai,365,1782200498.1840296,,,
4077,0,svm,max,balanced,cached_mxbai,366,1782200498.251625,,,
6448,0,svm,max,balanced,cached_mxbai,367,1782200498.3197658,,,
4743,0,svm,max,balanced,cached_mxbai,368,1782200498.3880455,,,
7215,0,svm,max,balanced,cached_mxbai,369,1782200498.4600863,,,
1906,0,svm,max,balanced,cached_mxbai,370,1782200498.5293207,,,
1047,1,svm,max,balanced,cached_mxbai,371,1782200498.5977485,,,
725,0,svm,max,balanced,cached_mxbai,372,1782200498.6667461,,,
7184,0,svm,max,balanced,cached_mxbai,373,1782200498.7360744,,,
5967,1,svm,max,balanced,cached_mxbai,374,1782200498.8052316,,,
9805,0,svm,max,balanced,cached_mxbai,375,1782200498.8751805,,,
6781,1,svm,max,balanced,cached_mxbai,376,1782200498.943184,,,
6782,0,svm,max,balanced,cached_mxbai,377,1782200499.0120301,,,
9430,0,svm,max,balanced,cached_mxbai,378,1782200499.0802414,,,
8188,0,svm,max,balanced,cached_mxbai,379,1782200499.149287,,,
5257,0,svm,max,balanced,cached_mxbai,380,1782200499.2189772,,,
9770,1,svm,max,balanced,cached_mxbai,381,1782200499.2881703,,,
1145,0,svm,max,balanced,cached_mxbai,382,1782200499.3570487,,,
1817,0,svm,max,balanced,cached_mxbai,383,1782200499.4312682,,,
7147,0,svm,max,balanced,cached_mxbai,384,1782200499.50101,,,
3343,0,svm,max,balanced,cached_mxbai,385,1782200499.571806,,,
3433,0,svm,max,balanced,cached_mxbai,386,1782200499.641675,,,
10209,0,svm,max,balanced,cached_mxbai,387,1782200499.7099617,,,
6377,0,svm,max,balanced,cached_mxbai,388,1782200499.778491,,,
1001,0,svm,max,balanced,cached_mxbai,389,1782200499.8479774,,,
8375,0,svm,max,balanced,cached_mxbai,390,1782200499.9196782,,,
9255,0,svm,max,balanced,cached_mxbai,391,1782200499.9904833,,,
4965,0,svm,max,balanced,cached_mxbai,392,1782200500.0603848,,,
4308,0,svm,max,balanced,cached_mxbai,393,1782200500.1308136,,,
8465,0,svm,max,balanced,cached_mxbai,394,1782200500.2014806,,,
4628,0,svm,max,balanced,cached_mxbai,395,1782200500.2724688,,,
3145,1,svm,max,balanced,cached_mxbai,396,1782200500.3435972,,,
6779,1,svm,max,balanced,cached_mxbai,397,1782200500.4143903,,,
3891,0,svm,max,balanced,cached_mxbai,398,1782200500.4892254,,,
3718,0,svm,max,balanced,cached_mxbai,399,1782200500.5591547,,,
3389,0,svm,max,balanced,cached_mxbai,400,1782200500.6293645,,,
9204,0,svm,max,balanced,cached_mxbai,401,1782200500.6998408,,,
4036,0,svm,max,balanced,cached_mxbai,402,1782200500.7705424,,,
6519,0,svm,max,balanced,cached_mxbai,403,1782200500.8425083,,,
7017,0,svm,max,balanced,cached_mxbai,404,1782200500.914812,,,
3568,0,svm,max,balanced,cached_mxbai,405,1782200500.9856722,,,
8485,0,svm,max,balanced,cached_mxbai,406,1782200501.0566096,,,
4738,0,svm,max,balanced,cached_mxbai,407,1782200501.127422,,,
3027,0,svm,max,balanced,cached_mxbai,408,1782200501.1986883,,,
7435,0,svm,max,balanced,cached_mxbai,409,1782200501.270462,,,
99,0,svm,max,balanced,cached_mxbai,410,1782200501.3429174,,,
958,0,svm,max,balanced,cached_mxbai,411,1782200501.4148803,,,
6258,1,svm,max,balanced,cached_mxbai,412,1782200501.4904263,,,
1228,0,svm,max,balanced,cached_mxbai,413,1782200501.5617752,,,
1191,0,svm,max,balanced,cached_mxbai,414,1782200501.6337156,,,
10146,0,svm,max,balanced,cached_mxbai,415,1782200501.7046237,,,
10016,1,svm,max,balanced,cached_mxbai,416,1782200501.7776182,,,
4885,0,svm,max,balanced,cached_mxbai,417,1782200501.852492,,,
4064,0,svm,max,balanced,cached_mxbai,418,1782200501.924968,,,
1489,0,svm,max,balanced,cached_mxbai,419,1782200501.996483,,,
6464,0,svm,max,balanced,cached_mxbai,420,1782200502.0669816,,,
1061,0,svm,max,balanced,cached_mxbai,421,1782200502.1385863,,,
1708,0,svm,max,balanced,cached_mxbai,422,1782200502.2098188,,,
1004,0,svm,max,balanced,cached_mxbai,423,1782200502.2826805,,,
3804,0,svm,max,balanced,cached_mxbai,424,1782200502.3559887,,,
4353,0,svm,max,balanced,cached_mxbai,425,1782200502.4301689,,,
8887,0,svm,max,balanced,cached_mxbai,426,1782200502.5066266,,,
7678,0,svm,max,balanced,cached_mxbai,427,1782200502.5803704,,,
5941,0,svm,max,balanced,cached_mxbai,428,1782200502.6538806,,,
8395,0,svm,max,balanced,cached_mxbai,429,1782200502.7257917,,,
4451,0,svm,max,balanced,cached_mxbai,430,1782200502.7981641,,,
5521,0,svm,max,balanced,cached_mxbai,431,1782200502.870165,,,
5176,0,svm,max,balanced,cached_mxbai,432,1782200502.9429467,,,
4557,0,svm,max,balanced,cached_mxbai,433,1782200503.0156329,,,
5769,0,svm,max,balanced,cached_mxbai,434,1782200503.088651,,,
4688,0,svm,max,balanced,cached_mxbai,435,1782200503.1610317,,,
2705,0,svm,max,balanced,cached_mxbai,436,1782200503.23394,,,
5975,0,svm,max,balanced,cached_mxbai,437,1782200503.3067589,,,
4531,0,svm,max,balanced,cached_mxbai,438,1782200503.3794608,,,
3576,0,svm,max,balanced,cached_mxbai,439,1782200503.452967,,,
5563,0,svm,max,balanced,cached_mxbai,440,1782200503.529626,,,
9702,0,svm,max,balanced,cached_mxbai,441,1782200503.6022468,,,
3963,0,svm,max,balanced,cached_mxbai,442,1782200503.6752646,,,
558,0,svm,max,balanced,cached_mxbai,443,1782200503.7479715,,,
7943,0,svm,max,balanced,cached_mxbai,444,1782200503.8223298,,,
5210,0,svm,max,balanced,cached_mxbai,445,1782200503.896637,,,
4785,0,svm,max,balanced,cached_mxbai,446,1782200503.9696298,,,
6916,0,svm,max,balanced,cached_mxbai,447,1782200504.0443356,,,
3961,0,svm,max,balanced,cached_mxbai,448,1782200504.1186552,,,
4778,0,svm,max,balanced,cached_mxbai,449,1782200504.1918519,,,
3459,0,svm,max,balanced,cached_mxbai,450,1782200504.2661972,,,
4881,0,svm,max,balanced,cached_mxbai,451,1782200504.3417778,,,
6640,0,svm,max,balanced,cached_mxbai,452,1782200504.4157364,,,
3679,0,svm,max,balanced,cached_mxbai,453,1782200504.4957118,,,
8714,0,svm,max,balanced,cached_mxbai,454,1782200504.5694883,,,
1599,0,svm,max,balanced,cached_mxbai,455,1782200504.6448076,,,
7421,0,svm,max,balanced,cached_mxbai,456,1782200504.718539,,,
10215,0,svm,max,balanced,cached_mxbai,457,1782200504.7926154,,,
5414,0,svm,max,balanced,cached_mxbai,458,1782200504.8673065,,,
4829,0,svm,max,balanced,cached_mxbai,459,1782200504.9419782,,,
7140,0,svm,max,balanced,cached_mxbai,460,1782200505.0190837,,,
6926,0,svm,max,balanced,cached_mxbai,461,1782200505.099458,,,
7784,0,svm,max,balanced,cached_mxbai,462,1782200505.1765077,,,
832,0,svm,max,balanced,cached_mxbai,463,1782200505.269991,,,
9600,0,svm,max,balanced,cached_mxbai,464,1782200505.3804648,,,
4805,0,svm,max,balanced,cached_mxbai,465,1782200505.4568071,,,
6881,1,svm,max,balanced,cached_mxbai,466,1782200505.5365202,,,
3243,0,svm,max,balanced,cached_mxbai,467,1782200505.6108887,,,
3144,0,svm,max,balanced,cached_mxbai,468,1782200505.6861708,,,
8422,1,svm,max,balanced,cached_mxbai,469,1782200505.7619476,,,
7896,0,svm,max,balanced,cached_mxbai,470,1782200505.8370836,,,
3775,0,svm,max,balanced,cached_mxbai,471,1782200505.9138384,,,
7392,0,svm,max,balanced,cached_mxbai,472,1782200505.9898317,,,
6738,0,svm,max,balanced,cached_mxbai,473,1782200506.065119,,,
10052,0,svm,max,balanced,cached_mxbai,474,1782200506.1426604,,,
6891,0,svm,max,balanced,cached_mxbai,475,1782200506.2187362,,,
6490,0,svm,max,balanced,cached_mxbai,476,1782200506.295909,,,
4947,0,svm,max,balanced,cached_mxbai,477,1782200506.3727534,,,
3065,0,svm,max,balanced,cached_mxbai,478,1782200506.4478915,,,
4567,0,svm,max,balanced,cached_mxbai,479,1782200506.5286846,,,
183,0,svm,max,balanced,cached_mxbai,480,1782200506.6055331,,,
838,0,svm,max,balanced,cached_mxbai,481,1782200506.6810815,,,
6100,0,svm,max,balanced,cached_mxbai,482,1782200506.7571766,,,
2076,0,svm,max,balanced,cached_mxbai,483,1782200506.833948,,,
4390,0,svm,max,balanced,cached_mxbai,484,1782200506.910583,,,
4661,0,svm,max,balanced,cached_mxbai,485,1782200506.9867537,,,
5633,0,svm,max,balanced,cached_mxbai,486,1782200507.0631642,,,
7104,0,svm,max,balanced,cached_mxbai,487,1782200507.139425,,,
4396,0,svm,max,balanced,cached_mxbai,488,1782200507.2159033,,,
4449,0,svm,max,balanced,cached_mxbai,489,1782200507.2925918,,,
4720,0,svm,max,balanced,cached_mxbai,490,1782200507.369674,,,
8015,0,svm,max,balanced,cached_mxbai,491,1782200507.4464793,,,
3630,0,svm,max,balanced,cached_mxbai,492,1782200507.5281441,,,
5008,0,svm,max,balanced,cached_mxbai,493,1782200507.6049585,,,
10591,0,svm,max,balanced,cached_mxbai,494,1782200507.6831412,,,
1520,0,svm,max,balanced,cached_mxbai,495,1782200507.7598994,,,
5102,0,svm,max,balanced,cached_mxbai,496,1782200507.8373282,,,
3672,0,svm,max,balanced,cached_mxbai,497,1782200507.914988,,,
4487,0,svm,max,balanced,cached_mxbai,498,1782200507.9906623,,,
9552,0,svm,max,balanced,cached_mxbai,499,1782200508.067932,,,
3919,0,svm,max,balanced,cached_mxbai,500,1782200508.1455488,,,
9830,0,svm,max,balanced,cached_mxbai,501,1782200508.2229748,,,
8991,0,svm,max,balanced,cached_mxbai,502,1782200508.3015604,,,
8556,0,svm,max,balanced,cached_mxbai,503,1782200508.377961,,,
3974,0,svm,max,balanced,cached_mxbai,504,1782200508.4555128,,,
4471,0,svm,max,balanced,cached_mxbai,505,1782200508.5366108,,,
3926,0,svm,max,balanced,cached_mxbai,506,1782200508.6149657,,,
4746,0,svm,max,balanced,cached_mxbai,507,1782200508.6940265,,,
6133,0,svm,max,balanced,cached_mxbai,508,1782200508.7729595,,,
7080,1,svm,max,balanced,cached_mxbai,509,1782200508.8525226,,,
3032,0,svm,max,balanced,cached_mxbai,510,1782200508.9325163,,,
675,0,svm,max,balanced,cached_mxbai,511,1782200509.0105274,,,
10227,0,svm,max,balanced,cached_mxbai,512,1782200509.0885139,,,
3150,0,svm,max,balanced,cached_mxbai,513,1782200509.1668053,,,
4116,0,svm,max,balanced,cached_mxbai,514,1782200509.2448213,,,
1403,0,svm,max,balanced,cached_mxbai,515,1782200509.3248148,,,
4154,0,svm,max,balanced,cached_mxbai,516,1782200509.4029408,,,
9022,0,svm,max,balanced,cached_mxbai,517,1782200509.481041,,,
8595,0,svm,max,balanced,cached_mxbai,518,1782200509.5645633,,,
7305,0,svm,max,balanced,cached_mxbai,519,1782200509.6428244,,,
4072,0,svm,max,balanced,cached_mxbai,520,1782200509.7211666,,,
4597,0,svm,max,balanced,cached_mxbai,521,1782200509.8007917,,,
74,0,svm,max,balanced,cached_mxbai,522,1782200509.8791695,,,
143,0,svm,max,balanced,cached_mxbai,523,1782200509.960438,,,
4779,0,svm,max,balanced,cached_mxbai,524,1782200510.0392284,,,
5556,0,svm,max,balanced,cached_mxbai,525,1782200510.1189897,,,
4626,0,svm,max,balanced,cached_mxbai,526,1782200510.1991587,,,
6518,0,svm,max,balanced,cached_mxbai,527,1782200510.2777932,,,
8377,0,svm,max,balanced,cached_mxbai,528,1782200510.3572338,,,
7534,0,svm,max,balanced,cached_mxbai,529,1782200510.4375913,,,
10522,0,svm,max,balanced,cached_mxbai,530,1782200510.5174615,,,
9461,1,svm,max,balanced,cached_mxbai,531,1782200510.6006894,,,
114,0,svm,max,balanced,cached_mxbai,532,1782200510.6822762,,,
3787,0,svm,max,balanced,cached_mxbai,533,1782200510.7622182,,,
1391,0,svm,max,balanced,cached_mxbai,534,1782200510.844489,,,
1810,0,svm,max,balanced,cached_mxbai,535,1782200510.926771,,,
3415,0,svm,max,balanced,cached_mxbai,536,1782200511.009269,,,
5857,0,svm,max,balanced,cached_mxbai,537,1782200511.0913355,,,
9124,0,svm,max,balanced,cached_mxbai,538,1782200511.1720438,,,
6255,0,svm,max,balanced,cached_mxbai,539,1782200511.2540076,,,
4616,0,svm,max,balanced,cached_mxbai,540,1782200511.336996,,,
8605,0,svm,max,balanced,cached_mxbai,541,1782200511.4176648,,,
6618,0,svm,max,balanced,cached_mxbai,542,1782200511.5004737,,,
4520,0,svm,max,balanced,cached_mxbai,543,1782200511.5859773,,,
2625,0,svm,max,balanced,cached_mxbai,544,1782200511.668472,,,
3435,0,svm,max,balanced,cached_mxbai,545,1782200511.7501073,,,
5767,0,svm,max,balanced,cached_mxbai,546,1782200511.8330863,,,
4494,0,svm,max,balanced,cached_mxbai,547,1782200511.915581,,,
3668,0,svm,max,balanced,cached_mxbai,548,1782200511.998419,,,
559,0,svm,max,balanced,cached_mxbai,549,1782200512.081841,,,
5172,0,svm,max,balanced,cached_mxbai,550,1782200512.1642203,,,
10452,0,svm,max,balanced,cached_mxbai,551,1782200512.247588,,,
4721,0,svm,max,balanced,cached_mxbai,552,1782200512.3314912,,,
9517,0,svm,max,balanced,cached_mxbai,553,1782200512.414632,,,
10273,0,svm,max,balanced,cached_mxbai,554,1782200512.4976072,,,
3618,0,svm,max,balanced,cached_mxbai,555,1782200512.5853326,,,
4511,0,svm,max,balanced,cached_mxbai,556,1782200512.6685002,,,
10026,0,svm,max,balanced,cached_mxbai,557,1782200512.7517087,,,
3296,0,svm,max,balanced,cached_mxbai,558,1782200512.8351731,,,
667,0,svm,max,balanced,cached_mxbai,559,1782200512.920257,,,
8471,0,svm,max,balanced,cached_mxbai,560,1782200513.0037227,,,
4669,0,svm,max,balanced,cached_mxbai,561,1782200513.0868304,,,
5179,0,svm,max,balanced,cached_mxbai,562,1782200513.1701913,,,
10424,0,svm,max,balanced,cached_mxbai,563,1782200513.2541635,,,
1033,0,svm,max,balanced,cached_mxbai,564,1782200513.3383198,,,
6732,0,svm,max,balanced,cached_mxbai,565,1782200513.4219785,,,
9960,0,svm,max,balanced,cached_mxbai,566,1782200513.5059998,,,
3929,0,svm,max,balanced,cached_mxbai,567,1782200513.5954404,,,
4976,0,svm,max,balanced,cached_mxbai,568,1782200513.6798375,,,
4787,0,svm,max,balanced,cached_mxbai,569,1782200513.7636719,,,
3224,0,svm,max,balanced,cached_mxbai,570,1782200513.8484943,,,
9743,0,svm,max,balanced,cached_mxbai,571,1782200513.93431,,,
5780,0,svm,max,balanced,cached_mxbai,572,1782200514.0188353,,,
9476,0,svm,max,balanced,cached_mxbai,573,1782200514.1033313,,,
1867,0,svm,max,balanced,cached_mxbai,574,1782200514.187332,,,
6400,0,svm,max,balanced,cached_mxbai,575,1782200514.271598,,,
10532,0,svm,max,balanced,cached_mxbai,576,1782200514.3567767,,,
5049,0,svm,max,balanced,cached_mxbai,577,1782200514.4425457,,,
9907,0,svm,max,balanced,cached_mxbai,578,1782200514.5271802,,,
2901,0,svm,max,balanced,cached_mxbai,579,1782200514.6172597,,,
6889,0,svm,max,balanced,cached_mxbai,580,1782200514.701296,,,
6074,0,svm,max,balanced,cached_mxbai,581,1782200514.7861822,,,
6420,0,svm,max,balanced,cached_mxbai,582,1782200514.8729382,,,
4698,0,svm,max,balanced,cached_mxbai,583,1782200514.9599428,,,
5083,0,svm,max,balanced,cached_mxbai,584,1782200515.051747,,,
4707,0,svm,max,balanced,cached_mxbai,585,1782200515.139078,,,
3806,0,svm,max,balanced,cached_mxbai,586,1782200515.2322028,,,
8077,0,svm,max,balanced,cached_mxbai,587,1782200515.3375776,,,
3623,0,svm,max,balanced,cached_mxbai,588,1782200515.424705,,,
4506,0,svm,max,balanced,cached_mxbai,589,1782200515.5122397,,,
7011,0,svm,max,balanced,cached_mxbai,590,1782200515.6016567,,,
4505,0,svm,max,balanced,cached_mxbai,591,1782200515.6866734,,,
5056,0,svm,max,balanced,cached_mxbai,592,1782200515.7739084,,,
4373,0,svm,max,balanced,cached_mxbai,593,1782200515.8620532,,,
6192,0,svm,max,balanced,cached_mxbai,594,1782200515.9482005,,,
3101,0,svm,max,balanced,cached_mxbai,595,1782200516.0345576,,,
3627,0,svm,max,balanced,cached_mxbai,596,1782200516.1197803,,,
1682,0,svm,max,balanced,cached_mxbai,597,1782200516.2044692,,,
7549,0,svm,max,balanced,cached_mxbai,598,1782200516.2895741,,,
7453,1,svm,max,balanced,cached_mxbai,599,1782200516.3761053,,,
7148,0,svm,max,balanced,cached_mxbai,600,1782200516.4622967,,,
3726,0,svm,max,balanced,cached_mxbai,601,1782200516.5474067,,,
6130,0,svm,max,balanced,cached_mxbai,602,1782200516.6366944,,,
5019,0,svm,max,balanced,cached_mxbai,603,1782200516.7235382,,,
1389,0,svm,max,balanced,cached_mxbai,604,1782200516.8104935,,,
4100,0,svm,max,balanced,cached_mxbai,605,1782200516.895915,,,
699,0,svm,max,balanced,cached_mxbai,606,1782200516.982459,,,
4770,0,svm,max,balanced,cached_mxbai,607,1782200517.0688334,,,
8326,0,svm,max,balanced,cached_mxbai,608,1782200517.1569386,,,
1820,0,svm,max,balanced,cached_mxbai,609,1782200517.243334,,,
6428,0,svm,max,balanced,cached_mxbai,610,1782200517.330025,,,
7666,0,svm,max,balanced,cached_mxbai,611,1782200517.4165606,,,
745,0,svm,max,balanced,cached_mxbai,612,1782200517.5009038,,,
4499,0,svm,max,balanced,cached_mxbai,613,1782200517.5902224,,,
430,0,svm,max,balanced,cached_mxbai,614,1782200517.6746793,,,
8225,0,svm,max,balanced,cached_mxbai,615,1782200517.7590475,,,
5218,0,svm,max,balanced,cached_mxbai,616,1782200517.844369,,,
6778,0,svm,max,balanced,cached_mxbai,617,1782200517.9307826,,,
5451,0,svm,max,balanced,cached_mxbai,618,1782200518.0168605,,,
5168,0,svm,max,balanced,cached_mxbai,619,1782200518.1038704,,,
5457,0,svm,max,balanced,cached_mxbai,620,1782200518.1903224,,,
7662,0,svm,max,balanced,cached_mxbai,621,1782200518.2749465,,,
7460,0,svm,max,balanced,cached_mxbai,622,1782200518.362244,,,
9182,0,svm,max,balanced,cached_mxbai,623,1782200518.4503882,,,
4686,0,svm,max,balanced,cached_mxbai,624,1782200518.5392714,,,
9908,0,svm,max,balanced,cached_mxbai,625,1782200518.6320233,,,
4538,0,svm,max,balanced,cached_mxbai,626,1782200518.7190166,,,
4088,0,svm,max,balanced,cached_mxbai,627,1782200518.8065124,,,
5092,0,svm,max,balanced,cached_mxbai,628,1782200518.89188,,,
1734,0,svm,max,balanced,cached_mxbai,629,1782200518.9790952,,,
4625,0,svm,max,balanced,cached_mxbai,630,1782200519.0668578,,,
1051,0,svm,max,balanced,cached_mxbai,631,1782200519.1545744,,,
5321,0,svm,max,balanced,cached_mxbai,632,1782200519.2420714,,,
532,0,svm,max,balanced,cached_mxbai,633,1782200519.3285162,,,
8168,0,svm,max,balanced,cached_mxbai,634,1782200519.4160473,,,
3455,0,svm,max,balanced,cached_mxbai,635,1782200519.505116,,,
4350,0,svm,max,balanced,cached_mxbai,636,1782200519.593433,,,
4552,0,svm,max,balanced,cached_mxbai,637,1782200519.6871388,,,
3416,0,svm,max,balanced,cached_mxbai,638,1782200519.7748404,,,
7596,0,svm,max,balanced,cached_mxbai,639,1782200519.8634205,,,
9249,0,svm,max,balanced,cached_mxbai,640,1782200519.9530597,,,
4427,0,svm,max,balanced,cached_mxbai,641,1782200520.0413291,,,
676,0,svm,max,balanced,cached_mxbai,642,1782200520.1297212,,,
3761,0,svm,max,balanced,cached_mxbai,643,1782200520.219611,,,
1879,0,svm,max,balanced,cached_mxbai,644,1782200520.307395,,,
6530,0,svm,max,balanced,cached_mxbai,645,1782200520.3970258,,,
6725,0,svm,max,balanced,cached_mxbai,646,1782200520.4860396,,,
4532,0,svm,max,balanced,cached_mxbai,647,1782200520.5772161,,,
8257,0,svm,max,balanced,cached_mxbai,648,1782200520.6709597,,,
4289,0,svm,max,balanced,cached_mxbai,649,1782200520.759081,,,
4797,0,svm,max,balanced,cached_mxbai,650,1782200520.8495398,,,
9625,0,svm,max,balanced,cached_mxbai,651,1782200520.9382174,,,
4134,0,svm,max,balanced,cached_mxbai,652,1782200521.029299,,,
5137,0,svm,max,balanced,cached_mxbai,653,1782200521.1185615,,,
9806,0,svm,max,balanced,cached_mxbai,654,1782200521.2069778,,,
8999,0,svm,max,balanced,cached_mxbai,655,1782200521.2966275,,,
4153,0,svm,max,balanced,cached_mxbai,656,1782200521.3884563,,,
7317,1,svm,max,balanced,cached_mxbai,657,1782200521.479642,,,
4793,0,svm,max,balanced,cached_mxbai,658,1782200521.5746257,,,
4941,0,svm,max,balanced,cached_mxbai,659,1782200521.6726387,,,
3106,0,svm,max,balanced,cached_mxbai,660,1782200521.7637408,,,
4527,0,svm,max,balanced,cached_mxbai,661,1782200521.853392,,,
4659,0,svm,max,balanced,cached_mxbai,662,1782200521.9420028,,,
4723,0,svm,max,balanced,cached_mxbai,663,1782200522.0351312,,,
5773,0,svm,max,balanced,cached_mxbai,664,1782200522.1267738,,,
4599,0,svm,max,balanced,cached_mxbai,665,1782200522.2191417,,,
10317,0,svm,max,balanced,cached_mxbai,666,1782200522.3109767,,,
9813,0,svm,max,balanced,cached_mxbai,667,1782200522.4032602,,,
9564,0,svm,max,balanced,cached_mxbai,668,1782200522.4947057,,,
5338,0,svm,max,balanced,cached_mxbai,669,1782200522.585157,,,
4788,0,svm,max,balanced,cached_mxbai,670,1782200522.6835713,,,
545,0,svm,max,balanced,cached_mxbai,671,1782200522.77635,,,
4565,0,svm,max,balanced,cached_mxbai,672,1782200522.866939,,,
9678,0,svm,max,balanced,cached_mxbai,673,1782200522.9601026,,,
3273,0,svm,max,balanced,cached_mxbai,674,1782200523.053535,,,
8655,0,svm,max,balanced,cached_mxbai,675,1782200523.1436608,,,
5061,0,svm,max,balanced,cached_mxbai,676,1782200523.2354538,,,
1350,0,svm,max,balanced,cached_mxbai,677,1782200523.3260653,,,
7864,0,svm,max,balanced,cached_mxbai,678,1782200523.4183235,,,
842,1,svm,max,balanced,cached_mxbai,679,1782200523.5113013,,,
4930,0,svm,max,balanced,cached_mxbai,680,1782200523.6021473,,,
4792,0,svm,max,balanced,cached_mxbai,681,1782200523.698603,,,
8884,0,svm,max,balanced,cached_mxbai,682,1782200523.7887933,,,
1233,0,svm,max,balanced,cached_mxbai,683,1782200523.8810952,,,
2408,0,svm,max,balanced,cached_mxbai,684,1782200523.972925,,,
1883,0,svm,max,balanced,cached_mxbai,685,1782200524.065519,,,
4677,0,svm,max,balanced,cached_mxbai,686,1782200524.157832,,,
5394,0,svm,max,balanced,cached_mxbai,687,1782200524.2504647,,,
5403,0,svm,max,balanced,cached_mxbai,688,1782200524.3437104,,,
8888,0,svm,max,balanced,cached_mxbai,689,1782200524.437915,,,
5028,0,svm,max,balanced,cached_mxbai,690,1782200524.5321064,,,
7741,0,svm,max,balanced,cached_mxbai,691,1782200524.6255405,,,
5307,0,svm,max,balanced,cached_mxbai,692,1782200524.7237108,,,
4554,0,svm,max,balanced,cached_mxbai,693,1782200524.8175113,,,
9829,0,svm,max,balanced,cached_mxbai,694,1782200524.9079056,,,
4875,0,svm,max,balanced,cached_mxbai,695,1782200525.0032,,,
6146,0,svm,max,balanced,cached_mxbai,696,1782200525.1117172,,,
5584,0,svm,max,balanced,cached_mxbai,697,1782200525.2069342,,,
7121,0,svm,max,balanced,cached_mxbai,698,1782200525.320748,,,
516,0,svm,max,balanced,cached_mxbai,699,1782200525.4174497,,,
3852,0,svm,max,balanced,cached_mxbai,700,1782200525.5113802,,,
4541,0,svm,max,balanced,cached_mxbai,701,1782200525.6063232,,,
4109,0,svm,max,balanced,cached_mxbai,702,1782200525.7019887,,,
4391,0,svm,max,balanced,cached_mxbai,703,1782200525.7978568,,,
6528,0,svm,max,balanced,cached_mxbai,704,1782200525.889756,,,
8692,0,svm,max,balanced,cached_mxbai,705,1782200525.9849508,,,
4952,0,svm,max,balanced,cached_mxbai,706,1782200526.0788565,,,
59,0,svm,max,balanced,cached_mxbai,707,1782200526.1745653,,,
3869,0,svm,max,balanced,cached_mxbai,708,1782200526.2679658,,,
5313,0,svm,max,balanced,cached_mxbai,709,1782200526.3605874,,,
4711,0,svm,max,balanced,cached_mxbai,710,1782200526.4565222,,,
5323,0,svm,max,balanced,cached_mxbai,711,1782200526.5503883,,,
8972,0,svm,max,balanced,cached_mxbai,712,1782200526.6469717,,,
1901,0,svm,max,balanced,cached_mxbai,713,1782200526.7419317,,,
1360,0,svm,max,balanced,cached_mxbai,714,1782200526.8380754,,,
1472,0,svm,max,balanced,cached_mxbai,715,1782200526.9344122,,,
4593,0,svm,max,balanced,cached_mxbai,716,1782200527.029967,,,
702,0,svm,max,balanced,cached_mxbai,717,1782200527.127382,,,
5232,0,svm,max,balanced,cached_mxbai,718,1782200527.2230356,,,
2758,0,svm,max,balanced,cached_mxbai,719,1782200527.3216286,,,
3778,0,svm,max,balanced,cached_mxbai,720,1782200527.421723,,,
7226,0,svm,max,balanced,cached_mxbai,721,1782200527.5174782,,,
1777,0,svm,max,balanced,cached_mxbai,722,1782200527.6155677,,,
4342,0,svm,max,balanced,cached_mxbai,723,1782200527.7118154,,,
4569,0,svm,max,balanced,cached_mxbai,724,1782200527.808445,,,
2110,0,svm,max,balanced,cached_mxbai,725,1782200527.9040296,,,
4683,0,svm,max,balanced,cached_mxbai,726,1782200528.0010986,,,
3747,0,svm,max,balanced,cached_mxbai,727,1782200528.0981245,,,
4692,0,svm,max,balanced,cached_mxbai,728,1782200528.193428,,,
613,0,svm,max,balanced,cached_mxbai,729,1782200528.2881389,,,
10389,0,svm,max,balanced,cached_mxbai,730,1782200528.38405,,,
9779,0,svm,max,balanced,cached_mxbai,731,1782200528.4794736,,,
3600,0,svm,max,balanced,cached_mxbai,732,1782200528.5741987,,,
4637,0,svm,max,balanced,cached_mxbai,733,1782200528.6698496,,,
1049,0,svm,max,balanced,cached_mxbai,734,1782200528.768135,,,
5219,0,svm,max,balanced,cached_mxbai,735,1782200528.8670006,,,
8780,0,svm,max,balanced,cached_mxbai,736,1782200528.9628384,,,
9528,0,svm,max,balanced,cached_mxbai,737,1782200529.0618236,,,
5766,0,svm,max,balanced,cached_mxbai,738,1782200529.1614735,,,
6761,0,svm,max,balanced,cached_mxbai,739,1782200529.2585444,,,
3088,0,svm,max,balanced,cached_mxbai,740,1782200529.3578234,,,
3479,0,svm,max,balanced,cached_mxbai,741,1782200529.4549406,,,
1550,0,svm,max,balanced,cached_mxbai,742,1782200529.551482,,,
4868,0,svm,max,balanced,cached_mxbai,743,1782200529.6515517,,,
5276,0,svm,max,balanced,cached_mxbai,744,1782200529.7496226,,,
5227,0,svm,max,balanced,cached_mxbai,745,1782200529.8475237,,,
3888,0,svm,max,balanced,cached_mxbai,746,1782200529.9455764,,,
5207,0,svm,max,balanced,cached_mxbai,747,1782200530.0460558,,,
4927,0,svm,max,balanced,cached_mxbai,748,1782200530.146183,,,
3827,0,svm,max,balanced,cached_mxbai,749,1782200530.2426078,,,
1213,0,svm,max,balanced,cached_mxbai,750,1782200530.3418756,,,
4458,0,svm,max,balanced,cached_mxbai,751,1782200530.438898,,,
8800,0,svm,max,balanced,cached_mxbai,752,1782200530.5375366,,,
3666,0,svm,max,balanced,cached_mxbai,753,1782200530.6320875,,,
4496,0,svm,max,balanced,cached_mxbai,754,1782200530.7317796,,,
666,0,svm,max,balanced,cached_mxbai,755,1782200530.8294668,,,
5208,0,svm,max,balanced,cached_mxbai,756,1782200530.9313354,,,
2100,0,svm,max,balanced,cached_mxbai,757,1782200531.0347872,,,
4420,0,svm,max,balanced,cached_mxbai,758,1782200531.1368046,,,
3687,0,svm,max,balanced,cached_mxbai,759,1782200531.2373054,,,
7270,0,svm,max,balanced,cached_mxbai,760,1782200531.3381789,,,
8044,0,svm,max,balanced,cached_mxbai,761,1782200531.4393158,,,
2191,0,svm,max,balanced,cached_mxbai,762,1782200531.5416868,,,
4902,0,svm,max,balanced,cached_mxbai,763,1782200531.6410449,,,
8120,0,svm,max,balanced,cached_mxbai,764,1782200531.7416933,,,
10033,0,svm,max,balanced,cached_mxbai,765,1782200531.8446264,,,
9969,0,svm,max,balanced,cached_mxbai,766,1782200531.9465885,,,
9531,0,svm,max,balanced,cached_mxbai,767,1782200532.0481927,,,
4473,0,svm,max,balanced,cached_mxbai,768,1782200532.1495662,,,
9323,0,svm,max,balanced,cached_mxbai,769,1782200532.2511568,,,
5242,0,svm,max,balanced,cached_mxbai,770,1782200532.3531973,,,
7064,0,svm,max,balanced,cached_mxbai,771,1782200532.4556334,,,
2762,0,svm,max,balanced,cached_mxbai,772,1782200532.5577183,,,
6483,0,svm,max,balanced,cached_mxbai,773,1782200532.6592607,,,
10241,0,svm,max,balanced,cached_mxbai,774,1782200532.761207,,,
10549,0,svm,max,balanced,cached_mxbai,775,1782200532.8615675,,,
4706,0,svm,max,balanced,cached_mxbai,776,1782200532.9634542,,,
8261,0,svm,max,balanced,cached_mxbai,777,1782200533.0642545,,,
3982,0,svm,max,balanced,cached_mxbai,778,1782200533.1658828,,,
10232,0,svm,max,balanced,cached_mxbai,779,1782200533.268259,,,
5383,0,svm,max,balanced,cached_mxbai,780,1782200533.371169,,,
50,0,svm,max,balanced,cached_mxbai,781,1782200533.4738717,,,
4611,0,svm,max,balanced,cached_mxbai,782,1782200533.5765147,,,
3614,0,svm,max,balanced,cached_mxbai,783,1782200533.6802025,,,
5651,0,svm,max,balanced,cached_mxbai,784,1782200533.7822993,,,
6912,0,svm,max,balanced,cached_mxbai,785,1782200533.8848507,,,
3252,0,svm,max,balanced,cached_mxbai,786,1782200533.9874723,,,
8118,0,svm,max,balanced,cached_mxbai,787,1782200534.090643,,,
134,0,svm,max,balanced,cached_mxbai,788,1782200534.1944492,,,
760,0,svm,max,balanced,cached_mxbai,789,1782200534.2979991,,,
6914,0,svm,max,balanced,cached_mxbai,790,1782200534.4026976,,,
5160,0,svm,max,balanced,cached_mxbai,791,1782200534.5051205,,,
7616,0,svm,max,balanced,cached_mxbai,792,1782200534.610819,,,
4528,0,svm,max,balanced,cached_mxbai,793,1782200534.7161293,,,
32,0,svm,max,balanced,cached_mxbai,794,1782200534.8227932,,,
896,0,svm,max,balanced,cached_mxbai,795,1782200534.9294498,,,
663,0,svm,max,balanced,cached_mxbai,796,1782200535.0371685,,,
4058,0,svm,max,balanced,cached_mxbai,797,1782200535.1473637,,,
2240,0,svm,max,balanced,cached_mxbai,798,1782200535.2858295,,,
5074,0,svm,max,balanced,cached_mxbai,799,1782200535.4115856,,,
6039,0,svm,max,balanced,cached_mxbai,800,1782200535.5155554,,,
8531,0,svm,max,balanced,cached_mxbai,801,1782200535.6220644,,,
4670,0,svm,max,balanced,cached_mxbai,802,1782200535.7295568,,,
1547,0,svm,max,balanced,cached_mxbai,803,1782200535.8404248,,,
4570,0,svm,max,balanced,cached_mxbai,804,1782200535.9454346,,,
5072,0,svm,max,balanced,cached_mxbai,805,1782200536.0508852,,,
7016,0,svm,max,balanced,cached_mxbai,806,1782200536.1577005,,,
8055,0,svm,max,balanced,cached_mxbai,807,1782200536.2627153,,,
5564,0,svm,max,balanced,cached_mxbai,808,1782200536.3690782,,,
9538,0,svm,max,balanced,cached_mxbai,809,1782200536.4741545,,,
3894,0,svm,max,balanced,cached_mxbai,810,1782200536.5786798,,,
4867,0,svm,max,balanced,cached_mxbai,811,1782200536.6831372,,,
9041,0,svm,max,balanced,cached_mxbai,812,1782200536.7886581,,,
4209,0,svm,max,balanced,cached_mxbai,813,1782200536.8996134,,,
6831,0,svm,max,balanced,cached_mxbai,814,1782200537.0071182,,,
4889,0,svm,max,balanced,cached_mxbai,815,1782200537.1157565,,,
4964,0,svm,max,balanced,cached_mxbai,816,1782200537.2229192,,,
10110,0,svm,max,balanced,cached_mxbai,817,1782200537.3303862,,,
1198,0,svm,max,balanced,cached_mxbai,818,1782200537.4388537,,,
4662,0,svm,max,balanced,cached_mxbai,819,1782200537.546534,,,
9069,0,svm,max,balanced,cached_mxbai,820,1782200537.6517224,,,
7483,0,svm,max,balanced,cached_mxbai,821,1782200537.7586224,,,
5017,0,svm,max,balanced,cached_mxbai,822,1782200537.8644755,,,
3347,0,svm,max,balanced,cached_mxbai,823,1782200537.9701688,,,
4476,0,svm,max,balanced,cached_mxbai,824,1782200538.0802188,,,
907,0,svm,max,balanced,cached_mxbai,825,1782200538.1880505,,,
3194,0,svm,max,balanced,cached_mxbai,826,1782200538.2956805,,,
2113,0,svm,max,balanced,cached_mxbai,827,1782200538.4037943,,,
4573,0,svm,max,balanced,cached_mxbai,828,1782200538.5141737,,,
3923,0,svm,max,balanced,cached_mxbai,829,1782200538.6222768,,,
4299,0,svm,max,balanced,cached_mxbai,830,1782200538.7329,,,
4612,0,svm,max,balanced,cached_mxbai,831,1782200538.8416898,,,
6417,0,svm,max,balanced,cached_mxbai,832,1782200538.9502873,,,
8255,0,svm,max,balanced,cached_mxbai,833,1782200539.0591576,,,
4709,0,svm,max,balanced,cached_mxbai,834,1782200539.1674466,,,
3912,0,svm,max,balanced,cached_mxbai,835,1782200539.2762218,,,
4619,0,svm,max,balanced,cached_mxbai,836,1782200539.3845737,,,
8467,0,svm,max,balanced,cached_mxbai,837,1782200539.4912076,,,
8982,0,svm,max,balanced,cached_mxbai,838,1782200539.5996823,,,
4834,0,svm,max,balanced,cached_mxbai,839,1782200539.705913,,,
10291,0,svm,max,balanced,cached_mxbai,840,1782200539.8154833,,,
6340,0,svm,max,balanced,cached_mxbai,841,1782200539.9243054,,,
698,0,svm,max,balanced,cached_mxbai,842,1782200540.0347638,,,
4988,0,svm,max,balanced,cached_mxbai,843,1782200540.144049,,,
4633,0,svm,max,balanced,cached_mxbai,844,1782200540.2555768,,,
86,0,svm,max,balanced,cached_mxbai,845,1782200540.3671815,,,
3639,0,svm,max,balanced,cached_mxbai,846,1782200540.4773676,,,
2279,0,svm,max,balanced,cached_mxbai,847,1782200540.5887997,,,
9131,0,svm,max,balanced,cached_mxbai,848,1782200540.6980176,,,
8602,0,svm,max,balanced,cached_mxbai,849,1782200540.810915,,,
4598,0,svm,max,balanced,cached_mxbai,850,1782200540.919725,,,
4582,0,svm,max,balanced,cached_mxbai,851,1782200541.0311642,,,
5591,0,svm,max,balanced,cached_mxbai,852,1782200541.141303,,,
3934,0,svm,max,balanced,cached_mxbai,853,1782200541.2517664,,,
4453,0,svm,max,balanced,cached_mxbai,854,1782200541.361169,,,
3661,0,svm,max,balanced,cached_mxbai,855,1782200541.4737263,,,
5330,0,svm,max,balanced,cached_mxbai,856,1782200541.586071,,,
7264,0,svm,max,balanced,cached_mxbai,857,1782200541.695868,,,
4657,0,svm,max,balanced,cached_mxbai,858,1782200541.8074176,,,
591,0,svm,max,balanced,cached_mxbai,859,1782200541.9176848,,,
7217,0,svm,max,balanced,cached_mxbai,860,1782200542.031776,,,
7182,0,svm,max,balanced,cached_mxbai,861,1782200542.142278,,,
9945,0,svm,max,balanced,cached_mxbai,862,1782200542.2553792,,,
3409,0,svm,max,balanced,cached_mxbai,863,1782200542.366199,,,
3097,0,svm,max,balanced,cached_mxbai,864,1782200542.4776936,,,
4636,0,svm,max,balanced,cached_mxbai,865,1782200542.590205,,,
5125,0,svm,max,balanced,cached_mxbai,866,1782200542.70078,,,
10290,0,svm,max,balanced,cached_mxbai,867,1782200542.8149507,,,
2559,0,svm,max,balanced,cached_mxbai,868,1782200542.9303782,,,
7009,0,svm,max,balanced,cached_mxbai,869,1782200543.0438418,,,
9725,0,svm,max,balanced,cached_mxbai,870,1782200543.1576297,,,
6718,0,svm,max,balanced,cached_mxbai,871,1782200543.269201,,,
402,0,svm,max,balanced,cached_mxbai,872,1782200543.38018,,,
4510,0,svm,max,balanced,cached_mxbai,873,1782200543.4939976,,,
1070,0,svm,max,balanced,cached_mxbai,874,1782200543.6085722,,,
5096,0,svm,max,balanced,cached_mxbai,875,1782200543.7221842,,,
4445,0,svm,max,balanced,cached_mxbai,876,1782200543.837466,,,
4176,0,svm,max,balanced,cached_mxbai,877,1782200543.9542913,,,
4994,0,svm,max,balanced,cached_mxbai,878,1782200544.070616,,,
10136,1,svm,max,balanced,cached_mxbai,879,1782200544.1823542,,,
7269,0,svm,max,balanced,cached_mxbai,880,1782200544.293696,,,
9199,0,svm,max,balanced,cached_mxbai,881,1782200544.408819,,,
8995,0,svm,max,balanced,cached_mxbai,882,1782200544.5236752,,,
10337,0,svm,max,balanced,cached_mxbai,883,1782200544.651641,,,
4435,0,svm,max,balanced,cached_mxbai,884,1782200544.7785654,,,
5199,0,svm,max,balanced,cached_mxbai,885,1782200544.906638,,,
8179,0,svm,max,balanced,cached_mxbai,886,1782200545.0493863,,,
4222,0,svm,max,balanced,cached_mxbai,887,1782200545.1730118,,,
1721,1,svm,max,balanced,cached_mxbai,888,1782200545.3306925,,,
4495,0,svm,max,balanced,cached_mxbai,889,1782200545.4549417,,,
5272,0,svm,max,balanced,cached_mxbai,890,1782200545.5696297,,,
5329,0,svm,max,balanced,cached_mxbai,891,1782200545.684274,,,
6830,0,svm,max,balanced,cached_mxbai,892,1782200545.7965941,,,
10435,1,svm,max,balanced,cached_mxbai,893,1782200545.914762,,,
9132,0,svm,max,balanced,cached_mxbai,894,1782200546.0294583,,,
1561,0,svm,max,balanced,cached_mxbai,895,1782200546.1443827,,,
3523,0,svm,max,balanced,cached_mxbai,896,1782200546.2596347,,,
9836,0,svm,max,balanced,cached_mxbai,897,1782200546.3747501,,,
8315,0,svm,max,balanced,cached_mxbai,898,1782200546.4889283,,,
6444,0,svm,max,balanced,cached_mxbai,899,1782200546.6046956,,,
7168,0,svm,max,balanced,cached_mxbai,900,1782200546.7170126,,,
4722,0,svm,max,balanced,cached_mxbai,901,1782200546.836981,,,
3742,0,svm,max,balanced,cached_mxbai,902,1782200546.94971,,,
6553,0,svm,max,balanced,cached_mxbai,903,1782200547.0662766,,,
1312,0,svm,max,balanced,cached_mxbai,904,1782200547.1792629,,,
9749,0,svm,max,balanced,cached_mxbai,905,1782200547.2925365,,,
4559,0,svm,max,balanced,cached_mxbai,906,1782200547.406501,,,
3502,0,svm,max,balanced,cached_mxbai,907,1782200547.520255,,,
2832,0,svm,max,balanced,cached_mxbai,908,1782200547.6337278,,,
7595,0,svm,max,balanced,cached_mxbai,909,1782200547.7489383,,,
7767,0,svm,max,balanced,cached_mxbai,910,1782200547.8707073,,,
9747,0,svm,max,balanced,cached_mxbai,911,1782200547.9855733,,,
4933,0,svm,max,balanced,cached_mxbai,912,1782200548.1062539,,,
5410,0,svm,max,balanced,cached_mxbai,913,1782200548.2225552,,,
4648,0,svm,max,balanced,cached_mxbai,914,1782200548.3393574,,,
8696,0,svm,max,balanced,cached_mxbai,915,1782200548.4566195,,,
5426,0,svm,max,balanced,cached_mxbai,916,1782200548.5730896,,,
6398,0,svm,max,balanced,cached_mxbai,917,1782200548.6893275,,,
4586,0,svm,max,balanced,cached_mxbai,918,1782200548.808839,,,
5016,0,svm,max,balanced,cached_mxbai,919,1782200548.931923,,,
3538,0,svm,max,balanced,cached_mxbai,920,1782200549.0484002,,,
1385,0,svm,max,balanced,cached_mxbai,921,1782200549.1648974,,,
4086,0,svm,max,balanced,cached_mxbai,922,1782200549.2826357,,,
4862,0,svm,max,balanced,cached_mxbai,923,1782200549.4009702,,,
7434,0,svm,max,balanced,cached_mxbai,924,1782200549.518971,,,
6238,0,svm,max,balanced,cached_mxbai,925,1782200549.6361425,,,
5185,0,svm,max,balanced,cached_mxbai,926,1782200549.7526753,,,
4139,0,svm,max,balanced,cached_mxbai,927,1782200549.8745224,,,
1585,0,svm,max,balanced,cached_mxbai,928,1782200549.9937658,,,
10225,0,svm,max,balanced,cached_mxbai,929,1782200550.1156828,,,
10177,0,svm,max,balanced,cached_mxbai,930,1782200550.233023,,,
7597,0,svm,max,balanced,cached_mxbai,931,1782200550.3507469,,,
4703,0,svm,max,balanced,cached_mxbai,932,1782200550.4692845,,,
3494,0,svm,max,balanced,cached_mxbai,933,1782200550.58797,,,
3569,0,svm,max,balanced,cached_mxbai,934,1782200550.7083614,,,
6629,0,svm,max,balanced,cached_mxbai,935,1782200550.8298447,,,
2330,0,svm,max,balanced,cached_mxbai,936,1782200550.9556334,,,
1911,0,svm,max,balanced,cached_mxbai,937,1782200551.0778322,,,
677,0,svm,max,balanced,cached_mxbai,938,1782200551.1960359,,,
5039,0,svm,max,balanced,cached_mxbai,939,1782200551.3146286,,,
8063,0,svm,max,balanced,cached_mxbai,940,1782200551.43123,,,
10169,0,svm,max,balanced,cached_mxbai,941,1782200551.5499725,,,
8428,0,svm,max,balanced,cached_mxbai,942,1782200551.67055,,,
4136,0,svm,max,balanced,cached_mxbai,943,1782200551.7884865,,,
3099,0,svm,max,balanced,cached_mxbai,944,1782200551.9121711,,,
3914,0,svm,max,balanced,cached_mxbai,945,1782200552.0306544,,,
5111,0,svm,max,balanced,cached_mxbai,946,1782200552.1514556,,,
4642,0,svm,max,balanced,cached_mxbai,947,1782200552.2741628,,,
6646,0,svm,max,balanced,cached_mxbai,948,1782200552.3959577,,,
5365,0,svm,max,balanced,cached_mxbai,949,1782200552.5181475,,,
4836,0,svm,max,balanced,cached_mxbai,950,1782200552.6371331,,,
5145,0,svm,max,balanced,cached_mxbai,951,1782200552.7556055,,,
25,0,svm,max,balanced,cached_mxbai,952,1782200552.8809786,,,
4588,0,svm,max,balanced,cached_mxbai,953,1782200553.0027313,,,
9996,0,svm,max,balanced,cached_mxbai,954,1782200553.1246142,,,
3558,0,svm,max,balanced,cached_mxbai,955,1782200553.2460434,,,
3185,0,svm,max,balanced,cached_mxbai,956,1782200553.365217,,,
6634,0,svm,max,balanced,cached_mxbai,957,1782200553.4870656,,,
5013,0,svm,max,balanced,cached_mxbai,958,1782200553.606538,,,
8092,0,svm,max,balanced,cached_mxbai,959,1782200553.7291305,,,
1003,0,svm,max,balanced,cached_mxbai,960,1782200553.850975,,,
6842,0,svm,max,balanced,cached_mxbai,961,1782200553.9766738,,,
3748,0,svm,max,balanced,cached_mxbai,962,1782200554.0978153,,,
3994,0,svm,max,balanced,cached_mxbai,963,1782200554.2174063,,,
4744,0,svm,max,balanced,cached_mxbai,964,1782200554.3396823,,,
4166,0,svm,max,balanced,cached_mxbai,965,1782200554.4624765,,,
4680,0,svm,max,balanced,cached_mxbai,966,1782200554.5822732,,,
9763,0,svm,max,balanced,cached_mxbai,967,1782200554.7019746,,,
9213,0,svm,max,balanced,cached_mxbai,968,1782200554.8247182,,,
9293,0,svm,max,balanced,cached_mxbai,969,1782200554.947514,,,
3873,0,svm,max,balanced,cached_mxbai,970,1782200555.074613,,,
4729,0,svm,max,balanced,cached_mxbai,971,1782200555.199246,,,
387,0,svm,max,balanced,cached_mxbai,972,1782200555.3527427,,,
5134,0,svm,max,balanced,cached_mxbai,973,1782200555.474107,,,
4424,0,svm,max,balanced,cached_mxbai,974,1782200555.5968912,,,
4515,0,svm,max,balanced,cached_mxbai,975,1782200555.7190797,,,
3960,0,svm,max,balanced,cached_mxbai,976,1782200555.8400357,,,
3945,0,svm,max,balanced,cached_mxbai,977,1782200555.9619982,,,
1149,0,svm,max,balanced,cached_mxbai,978,1782200556.0847871,,,
1008,0,svm,max,balanced,cached_mxbai,979,1782200556.2057116,,,
3836,0,svm,max,balanced,cached_mxbai,980,1782200556.3252153,,,
3080,0,svm,max,balanced,cached_mxbai,981,1782200556.450018,,,
6499,0,svm,max,balanced,cached_mxbai,982,1782200556.5721054,,,
4951,0,svm,max,balanced,cached_mxbai,983,1782200556.6987948,,,
5996,0,svm,max,balanced,cached_mxbai,984,1782200556.8232136,,,
8993,0,svm,max,balanced,cached_mxbai,985,1782200556.94769,,,
4813,0,svm,max,balanced,cached_mxbai,986,1782200557.0719895,,,
3209,0,svm,max,balanced,cached_mxbai,987,1782200557.1956322,,,
5449,0,svm,max,balanced,cached_mxbai,988,1782200557.3192632,,,
10112,0,svm,max,balanced,cached_mxbai,989,1782200557.4438214,,,
3187,0,svm,max,balanced,cached_mxbai,990,1782200557.5672529,,,
3767,0,svm,max,balanced,cached_mxbai,991,1782200557.6909187,,,
4905,0,svm,max,balanced,cached_mxbai,992,1782200557.815626,,,
9122,0,svm,max,balanced,cached_mxbai,993,1782200557.9401815,,,
955,0,svm,max,balanced,cached_mxbai,994,1782200558.064623,,,
6631,0,svm,max,balanced,cached_mxbai,995,1782200558.1892772,,,
8153,0,svm,max,balanced,cached_mxbai,996,1782200558.314534,,,
5244,0,svm,max,balanced,cached_mxbai,997,1782200558.4432595,,,
4434,0,svm,max,balanced,cached_mxbai,998,1782200558.569073,,,
4635,0,svm,max,balanced,cached_mxbai,999,1782200558.694242,,,
7262,0,svm,max,balanced,cached_mxbai,1000,1782200558.8201442,,,
5077,0,svm,max,balanced,cached_mxbai,1001,1782200558.9508674,,,
8563,0,svm,max,balanced,cached_mxbai,1002,1782200559.0764174,,,
4104,0,svm,max,balanced,cached_mxbai,1003,1782200559.2014263,,,
8049,0,svm,max,balanced,cached_mxbai,1004,1782200559.3264122,,,
6438,0,svm,max,balanced,cached_mxbai,1005,1782200559.4528213,,,
10484,0,svm,max,balanced,cached_mxbai,1006,1782200559.579805,,,
2259,0,svm,max,balanced,cached_mxbai,1007,1782200559.704973,,,
3197,0,svm,max,balanced,cached_mxbai,1008,1782200559.833712,,,
6607,0,svm,max,balanced,cached_mxbai,1009,1782200559.9565177,,,
8839,0,svm,max,balanced,cached_mxbai,1010,1782200560.0827627,,,
6411,0,svm,max,balanced,cached_mxbai,1011,1782200560.2115595,,,
4217,0,svm,max,balanced,cached_mxbai,1012,1782200560.343257,,,
4121,0,svm,max,balanced,cached_mxbai,1013,1782200560.4772923,,,
10000,0,svm,max,balanced,cached_mxbai,1014,1782200560.6055005,,,
4705,0,svm,max,balanced,cached_mxbai,1015,1782200560.731408,,,
6013,0,svm,max,balanced,cached_mxbai,1016,1782200560.8598564,,,
6991,0,svm,max,balanced,cached_mxbai,1017,1782200560.9891202,,,
4912,0,svm,max,balanced,cached_mxbai,1018,1782200561.1203277,,,
10122,0,svm,max,balanced,cached_mxbai,1019,1782200561.2488244,,,
5154,0,svm,max,balanced,cached_mxbai,1020,1782200561.3772323,,,
4162,0,svm,max,balanced,cached_mxbai,1021,1782200561.5051057,,,
2428,0,svm,max,balanced,cached_mxbai,1022,1782200561.6327667,,,
8598,0,svm,max,balanced,cached_mxbai,1023,1782200561.7594402,,,
8909,0,svm,max,balanced,cached_mxbai,1024,1782200561.871929,,,
9957,0,svm,max,balanced,cached_mxbai,1025,1782200561.9846988,,,
6326,0,svm,max,balanced,cached_mxbai,1026,1782200562.0967507,,,
5078,0,svm,max,balanced,cached_mxbai,1027,1782200562.2088382,,,
3458,0,svm,max,balanced,cached_mxbai,1028,1782200562.3212967,,,
5238,0,svm,max,balanced,cached_mxbai,1029,1782200562.4333968,,,
7002,0,svm,max,balanced,cached_mxbai,1030,1782200562.5465057,,,
4886,0,svm,max,balanced,cached_mxbai,1031,1782200562.6585104,,,
6798,0,svm,max,balanced,cached_mxbai,1032,1782200562.7698727,,,
7490,0,svm,max,balanced,cached_mxbai,1033,1782200562.8811426,,,
6136,0,svm,max,balanced,cached_mxbai,1034,1782200562.9932332,,,
2258,0,svm,max,balanced,cached_mxbai,1035,1782200563.1059835,,,
4522,0,svm,max,balanced,cached_mxbai,1036,1782200563.2230976,,,
23,0,svm,max,balanced,cached_mxbai,1037,1782200563.3354657,,,
828,0,svm,max,balanced,cached_mxbai,1038,1782200563.4488006,,,
620,0,svm,max,balanced,cached_mxbai,1039,1782200563.5603902,,,
4507,0,svm,max,balanced,cached_mxbai,1040,1782200563.6714423,,,
7577,0,svm,max,balanced,cached_mxbai,1041,1782200563.78254,,,
10057,0,svm,max,balanced,cached_mxbai,1042,1782200563.8955886,,,
4574,0,svm,max,balanced,cached_mxbai,1043,1782200564.0092666,,,
6743,0,svm,max,balanced,cached_mxbai,1044,1782200564.1227438,,,
6150,0,svm,max,balanced,cached_mxbai,1045,1782200564.2357917,,,
7390,0,svm,max,balanced,cached_mxbai,1046,1782200564.3477206,,,
7207,0,svm,max,balanced,cached_mxbai,1047,1782200564.4626498,,,
1840,0,svm,max,balanced,cached_mxbai,1048,1782200564.5771253,,,
5034,0,svm,max,balanced,cached_mxbai,1049,1782200564.6926188,,,
8597,0,svm,max,balanced,cached_mxbai,1050,1782200564.80925,,,
8486,0,svm,max,balanced,cached_mxbai,1051,1782200564.9240704,,,
5968,0,svm,max,balanced,cached_mxbai,1052,1782200565.0462523,,,
4364,0,svm,max,balanced,cached_mxbai,1053,1782200565.1639333,,,
9429,0,svm,max,balanced,cached_mxbai,1054,1782200565.3007479,,,
4773,0,svm,max,balanced,cached_mxbai,1055,1782200565.433463,,,
5398,0,svm,max,balanced,cached_mxbai,1056,1782200565.562814,,,
2429,0,svm,max,balanced,cached_mxbai,1057,1782200565.6775634,,,
3543,0,svm,max,balanced,cached_mxbai,1058,1782200565.7919996,,,
4513,0,svm,max,balanced,cached_mxbai,1059,1782200565.9066312,,,
72,0,svm,max,balanced,cached_mxbai,1060,1782200566.021314,,,
4985,0,svm,max,balanced,cached_mxbai,1061,1782200566.1370873,,,
5088,0,svm,max,balanced,cached_mxbai,1062,1782200566.2513652,,,
3677,0,svm,max,balanced,cached_mxbai,1063,1782200566.3655868,,,
10493,0,svm,max,balanced,cached_mxbai,1064,1782200566.480197,,,
4812,0,svm,max,balanced,cached_mxbai,1065,1782200566.597596,,,
6120,0,svm,max,balanced,cached_mxbai,1066,1782200566.7141867,,,
7108,0,svm,max,balanced,cached_mxbai,1067,1782200566.829424,,,
4568,0,svm,max,balanced,cached_mxbai,1068,1782200566.9436707,,,
4112,0,svm,max,balanced,cached_mxbai,1069,1782200567.059485,,,
1048,0,svm,max,balanced,cached_mxbai,1070,1782200567.1775017,,,
5093,0,svm,max,balanced,cached_mxbai,1071,1782200567.2923057,,,
4484,0,svm,max,balanced,cached_mxbai,1072,1782200567.4069502,,,
3583,0,svm,max,balanced,cached_mxbai,1073,1782200567.5225725,,,
10031,0,svm,max,balanced,cached_mxbai,1074,1782200567.6377304,,,
6121,0,svm,max,balanced,cached_mxbai,1075,1782200567.752088,,,
3147,0,svm,max,balanced,cached_mxbai,1076,1782200567.8673732,,,
4564,0,svm,max,balanced,cached_mxbai,1077,1782200567.983244,,,
4295,0,svm,max,balanced,cached_mxbai,1078,1782200568.1007853,,,
4026,0,svm,max,balanced,cached_mxbai,1079,1782200568.2172499,,,
6421,0,svm,max,balanced,cached_mxbai,1080,1782200568.333063,,,
2745,0,svm,max,balanced,cached_mxbai,1081,1782200568.4489603,,,
8530,0,svm,max,balanced,cached_mxbai,1082,1782200568.5671647,,,
4587,0,svm,max,balanced,cached_mxbai,1083,1782200568.6846352,,,
1461,0,svm,max,balanced,cached_mxbai,1084,1782200568.8011708,,,
7702,0,svm,max,balanced,cached_mxbai,1085,1782200568.9167237,,,
9759,0,svm,max,balanced,cached_mxbai,1086,1782200569.0323584,,,
4673,0,svm,max,balanced,cached_mxbai,1087,1782200569.1499264,,,
5516,0,svm,max,balanced,cached_mxbai,1088,1782200569.266201,,,
6147,0,svm,max,balanced,cached_mxbai,1089,1782200569.3825939,,,
3515,0,svm,max,balanced,cached_mxbai,1090,1782200569.4990358,,,
6485,0,svm,max,balanced,cached_mxbai,1091,1782200569.6158822,,,
4523,0,svm,max,balanced,cached_mxbai,1092,1782200569.7312732,,,
5468,0,svm,max,balanced,cached_mxbai,1093,1782200569.8475556,,,
3081,0,svm,max,balanced,cached_mxbai,1094,1782200569.9635103,,,
4514,0,svm,max,balanced,cached_mxbai,1095,1782200570.081426,,,
1082,0,svm,max,balanced,cached_mxbai,1096,1782200570.1996112,,,
3969,0,svm,max,balanced,cached_mxbai,1097,1782200570.315568,,,
2803,0,svm,max,balanced,cached_mxbai,1098,1782200570.433273,,,
2053,0,svm,max,balanced,cached_mxbai,1099,1782200570.553255,,,
7351,1,svm,max,balanced,cached_mxbai,1100,1782200570.670657,,,
9683,0,svm,max,balanced,cached_mxbai,1101,1782200570.7866654,,,
4962,0,svm,max,balanced,cached_mxbai,1102,1782200570.9032998,,,
9028,0,svm,max,balanced,cached_mxbai,1103,1782200571.0206218,,,
5131,0,svm,max,balanced,cached_mxbai,1104,1782200571.1415663,,,
4131,0,svm,max,balanced,cached_mxbai,1105,1782200571.2602355,,,
5116,0,svm,max,balanced,cached_mxbai,1106,1782200571.3768022,,,
6249,0,svm,max,balanced,cached_mxbai,1107,1782200571.4939532,,,
5237,0,svm,max,balanced,cached_mxbai,1108,1782200571.6126723,,,
7948,0,svm,max,balanced,cached_mxbai,1109,1782200571.730229,,,
37,0,svm,max,balanced,cached_mxbai,1110,1782200571.8481228,,,
9394,0,svm,max,balanced,cached_mxbai,1111,1782200571.9653914,,,
5165,0,svm,max,balanced,cached_mxbai,1112,1782200572.083896,,,
4631,0,svm,max,balanced,cached_mxbai,1113,1782200572.2027123,,,
5870,0,svm,max,balanced,cached_mxbai,1114,1782200572.320644,,,
6609,0,svm,max,balanced,cached_mxbai,1115,1782200572.4381287,,,
7804,0,svm,max,balanced,cached_mxbai,1116,1782200572.5560436,,,
4595,0,svm,max,balanced,cached_mxbai,1117,1782200572.6741104,,,
2264,0,svm,max,balanced,cached_mxbai,1118,1782200572.7912676,,,
5235,0,svm,max,balanced,cached_mxbai,1119,1782200572.9088166,,,
3954,0,svm,max,balanced,cached_mxbai,1120,1782200573.0278683,,,
10308,0,svm,max,balanced,cached_mxbai,1121,1782200573.1502192,,,
4870,0,svm,max,balanced,cached_mxbai,1122,1782200573.2682495,,,
10166,0,svm,max,balanced,cached_mxbai,1123,1782200573.3881257,,,
421,0,svm,max,balanced,cached_mxbai,1124,1782200573.5057652,,,
8126,0,svm,max,balanced,cached_mxbai,1125,1782200573.6260126,,,
4415,0,svm,max,balanced,cached_mxbai,1126,1782200573.7443964,,,
4910,0,svm,max,balanced,cached_mxbai,1127,1782200573.8632262,,,
5425,0,svm,max,balanced,cached_mxbai,1128,1782200573.9815812,,,
6126,0,svm,max,balanced,cached_mxbai,1129,1782200574.101177,,,
5112,0,svm,max,balanced,cached_mxbai,1130,1782200574.2220895,,,
3720,0,svm,max,balanced,cached_mxbai,1131,1782200574.3399186,,,
2306,0,svm,max,balanced,cached_mxbai,1132,1782200574.4599333,,,
4684,0,svm,max,balanced,cached_mxbai,1133,1782200574.5806668,,,
6414,0,svm,max,balanced,cached_mxbai,1134,1782200574.7008858,,,
3586,0,svm,max,balanced,cached_mxbai,1135,1782200574.8216403,,,
2943,0,svm,max,balanced,cached_mxbai,1136,1782200574.9399667,,,
413,0,svm,max,balanced,cached_mxbai,1137,1782200575.074549,,,
3280,0,svm,max,balanced,cached_mxbai,1138,1782200575.1964812,,,
4895,0,svm,max,balanced,cached_mxbai,1139,1782200575.3359137,,,
3657,0,svm,max,balanced,cached_mxbai,1140,1782200575.459624,,,
5581,0,svm,max,balanced,cached_mxbai,1141,1782200575.585947,,,
6601,0,svm,max,balanced,cached_mxbai,1142,1782200575.704858,,,
2627,0,svm,max,balanced,cached_mxbai,1143,1782200575.824362,,,
4710,0,svm,max,balanced,cached_mxbai,1144,1782200575.9424982,,,
9876,0,svm,max,balanced,cached_mxbai,1145,1782200576.0610502,,,
4459,0,svm,max,balanced,cached_mxbai,1146,1782200576.184168,,,
3886,0,svm,max,balanced,cached_mxbai,1147,1782200576.3029027,,,
1287,0,svm,max,balanced,cached_mxbai,1148,1782200576.4220836,,,
6936,0,svm,max,balanced,cached_mxbai,1149,1782200576.542851,,,
4480,0,svm,max,balanced,cached_mxbai,1150,1782200576.6637545,,,
1492,0,svm,max,balanced,cached_mxbai,1151,1782200576.7826133,,,
130,0,svm,max,balanced,cached_mxbai,1152,1782200576.9022489,,,
4602,0,svm,max,balanced,cached_mxbai,1153,1782200577.0217688,,,
571,0,svm,max,balanced,cached_mxbai,1154,1782200577.1435766,,,
131,0,svm,max,balanced,cached_mxbai,1155,1782200577.256664,,,
6298,0,svm,max,balanced,cached_mxbai,1156,1782200577.370124,,,
5018,0,svm,max,balanced,cached_mxbai,1157,1782200577.4843218,,,
4815,0,svm,max,balanced,cached_mxbai,1158,1782200577.5987387,,,
8036,0,svm,max,balanced,cached_mxbai,1159,1782200577.711791,,,
3423,0,svm,max,balanced,cached_mxbai,1160,1782200577.8252618,,,
2216,0,svm,max,balanced,cached_mxbai,1161,1782200577.938676,,,
4481,0,svm,max,balanced,cached_mxbai,1162,1782200578.0522375,,,
8911,0,svm,max,balanced,cached_mxbai,1163,1782200578.1685193,,,
3757,0,svm,max,balanced,cached_mxbai,1164,1782200578.2821662,,,
3981,0,svm,max,balanced,cached_mxbai,1165,1782200578.395207,,,
7468,0,svm,max,balanced,cached_mxbai,1166,1782200578.50946,,,
4961,0,svm,max,balanced,cached_mxbai,1167,1782200578.6241663,,,
3170,0,svm,max,balanced,cached_mxbai,1168,1782200578.7378643,,,
7001,0,svm,max,balanced,cached_mxbai,1169,1782200578.851567,,,
10531,0,svm,max,balanced,cached_mxbai,1170,1782200578.9649906,,,
3475,0,svm,max,balanced,cached_mxbai,1171,1782200579.0787666,,,
8560,0,svm,max,balanced,cached_mxbai,1172,1782200579.1968672,,,
5063,0,svm,max,balanced,cached_mxbai,1173,1782200579.3106418,,,
7947,0,svm,max,balanced,cached_mxbai,1174,1782200579.4253757,,,
3644,0,svm,max,balanced,cached_mxbai,1175,1782200579.5399845,,,
7500,0,svm,max,balanced,cached_mxbai,1176,1782200579.6539304,,,
4442,0,svm,max,balanced,cached_mxbai,1177,1782200579.7680056,,,
2235,0,svm,max,balanced,cached_mxbai,1178,1782200579.8817112,,,
8848,0,svm,max,balanced,cached_mxbai,1179,1782200579.9955628,,,
4928,0,svm,max,balanced,cached_mxbai,1180,1782200580.111582,,,
47,0,svm,max,balanced,cached_mxbai,1181,1782200580.2304466,,,
4053,0,svm,max,balanced,cached_mxbai,1182,1782200580.3452487,,,
8355,0,svm,max,balanced,cached_mxbai,1183,1782200580.4598463,,,
8473,0,svm,max,balanced,cached_mxbai,1184,1782200580.5746396,,,
6643,1,svm,max,balanced,cached_mxbai,1185,1782200580.6896694,,,
6278,0,svm,max,balanced,cached_mxbai,1186,1782200580.8041005,,,
6644,1,svm,max,balanced,cached_mxbai,1187,1782200580.9181333,,,
9128,1,svm,max,balanced,cached_mxbai,1188,1782200581.0332446,,,
8116,1,svm,max,balanced,cached_mxbai,1189,1782200581.148864,,,
7102,0,svm,max,balanced,cached_mxbai,1190,1782200581.2725227,,,
3098,0,svm,max,balanced,cached_mxbai,1191,1782200581.395647,,,
5058,0,svm,max,balanced,cached_mxbai,1192,1782200581.517052,,,
10230,0,svm,max,balanced,cached_mxbai,1193,1782200581.6394079,,,
10390,0,svm,max,balanced,cached_mxbai,1194,1782200581.7615557,,,
4712,0,svm,max,balanced,cached_mxbai,1195,1782200581.8836725,,,
7464,0,svm,max,balanced,cached_mxbai,1196,1782200582.0053048,,,
8586,0,svm,max,balanced,cached_mxbai,1197,1782200582.1281912,,,
7910,0,svm,max,balanced,cached_mxbai,1198,1782200582.255922,,,
4687,0,svm,max,balanced,cached_mxbai,1199,1782200582.3733146,,,
4936,0,svm,max,balanced,cached_mxbai,1200,1782200582.48961,,,
2341,0,svm,max,balanced,cached_mxbai,1201,1782200582.6051273,,,
4362,0,svm,max,balanced,cached_mxbai,1202,1782200582.7204525,,,
6838,0,svm,max,balanced,cached_mxbai,1203,1782200582.8365495,,,
7996,0,svm,max,balanced,cached_mxbai,1204,1782200582.9525528,,,
4977,0,svm,max,balanced,cached_mxbai,1205,1782200583.0699368,,,
918,0,svm,max,balanced,cached_mxbai,1206,1782200583.19104,,,
6545,0,svm,max,balanced,cached_mxbai,1207,1782200583.3087926,,,
7087,0,svm,max,balanced,cached_mxbai,1208,1782200583.4253674,,,
4932,0,svm,max,balanced,cached_mxbai,1209,1782200583.5426576,,,
849,0,svm,max,balanced,cached_mxbai,1210,1782200583.6590655,,,
1694,0,svm,max,balanced,cached_mxbai,1211,1782200583.7742112,,,
10508,0,svm,max,balanced,cached_mxbai,1212,1782200583.888949,,,
9382,0,svm,max,balanced,cached_mxbai,1213,1782200584.0047488,,,
7088,0,svm,max,balanced,cached_mxbai,1214,1782200584.1193357,,,
7478,0,svm,max,balanced,cached_mxbai,1215,1782200584.238554,,,
5089,0,svm,max,balanced,cached_mxbai,1216,1782200584.3528297,,,
9411,0,svm,max,balanced,cached_mxbai,1217,1782200584.4692433,,,
4736,0,svm,max,balanced,cached_mxbai,1218,1782200584.585898,,,
3669,0,svm,max,balanced,cached_mxbai,1219,1782200584.7007608,,,
7327,0,svm,max,balanced,cached_mxbai,1220,1782200584.8174467,,,
4389,0,svm,max,balanced,cached_mxbai,1221,1782200584.9325824,,,
4839,0,svm,max,balanced,cached_mxbai,1222,1782200585.0637827,,,
26,0,svm,max,balanced,cached_mxbai,1223,1782200585.183994,,,
5095,0,svm,max,balanced,cached_mxbai,1224,1782200585.321047,,,
8100,0,svm,max,balanced,cached_mxbai,1225,1782200585.4518974,,,
7661,0,svm,max,balanced,cached_mxbai,1226,1782200585.5687656,,,
1724,0,svm,max,balanced,cached_mxbai,1227,1782200585.6847243,,,
6727,0,svm,max,balanced,cached_mxbai,1228,1782200585.8006034,,,
8709,0,svm,max,balanced,cached_mxbai,1229,1782200585.9227402,,,
6432,0,svm,max,balanced,cached_mxbai,1230,1782200586.045487,,,
4789,0,svm,max,balanced,cached_mxbai,1231,1782200586.169814,,,
859,0,svm,max,balanced,cached_mxbai,1232,1782200586.296272,,,
7335,0,svm,max,balanced,cached_mxbai,1233,1782200586.4197671,,,
4974,0,svm,max,balanced,cached_mxbai,1234,1782200586.542732,,,
1445,1,svm,max,balanced,cached_mxbai,1235,1782200586.6664066,,,
6602,0,svm,max,balanced,cached_mxbai,1236,1782200586.7902606,,,
3500,0,svm,max,balanced,cached_mxbai,1237,1782200586.914471,,,
9240,0,svm,max,balanced,cached_mxbai,1238,1782200587.037105,,,
3115,0,svm,max,balanced,cached_mxbai,1239,1782200587.1632519,,,
3486,0,svm,max,balanced,cached_mxbai,1240,1782200587.293208,,,
1161,0,svm,max,balanced,cached_mxbai,1241,1782200587.4183197,,,
2352,0,svm,max,balanced,cached_mxbai,1242,1782200587.5419571,,,
3519,0,svm,max,balanced,cached_mxbai,1243,1782200587.6656687,,,
2161,0,svm,max,balanced,cached_mxbai,1244,1782200587.789521,,,
9009,0,svm,max,balanced,cached_mxbai,1245,1782200587.9135616,,,
1536,0,svm,max,balanced,cached_mxbai,1246,1782200588.0369978,,,
9664,0,svm,max,balanced,cached_mxbai,1247,1782200588.161448,,,
5001,0,svm,max,balanced,cached_mxbai,1248,1782200588.2905977,,,
5387,0,svm,max,balanced,cached_mxbai,1249,1782200588.4155157,,,
5000,0,svm,max,balanced,cached_mxbai,1250,1782200588.5393198,,,
3987,0,svm,max,balanced,cached_mxbai,1251,1782200588.664084,,,
3588,0,svm,max,balanced,cached_mxbai,1252,1782200588.7872796,,,
4845,0,svm,max,balanced,cached_mxbai,1253,1782200588.9138808,,,
3242,0,svm,max,balanced,cached_mxbai,1254,1782200589.0375764,,,
1746,0,svm,max,balanced,cached_mxbai,1255,1782200589.1620638,,,
5022,0,svm,max,balanced,cached_mxbai,1256,1782200589.2907877,,,
3957,0,svm,max,balanced,cached_mxbai,1257,1782200589.415439,,,
4811,0,svm,max,balanced,cached_mxbai,1258,1782200589.5406768,,,
7259,0,svm,max,balanced,cached_mxbai,1259,1782200589.6657252,,,
4781,0,svm,max,balanced,cached_mxbai,1260,1782200589.7929435,,,
9912,0,svm,max,balanced,cached_mxbai,1261,1782200589.9188545,,,
3756,0,svm,max,balanced,cached_mxbai,1262,1782200590.0439224,,,
7066,0,svm,max,balanced,cached_mxbai,1263,1782200590.1681433,,,
3291,0,svm,max,balanced,cached_mxbai,1264,1782200590.299366,,,
2447,0,svm,max,balanced,cached_mxbai,1265,1782200590.4237168,,,
8507,0,svm,max,balanced,cached_mxbai,1266,1782200590.549338,,,
3605,0,svm,max,balanced,cached_mxbai,1267,1782200590.673884,,,
6322,0,svm,max,balanced,cached_mxbai,1268,1782200590.7979643,,,
6907,0,svm,max,balanced,cached_mxbai,1269,1782200590.9220436,,,
4403,0,svm,max,balanced,cached_mxbai,1270,1782200591.0484915,,,
9180,0,svm,max,balanced,cached_mxbai,1271,1782200591.1745703,,,
3345,0,svm,max,balanced,cached_mxbai,1272,1782200591.310261,,,
7171,0,svm,max,balanced,cached_mxbai,1273,1782200591.436005,,,
3431,0,svm,max,balanced,cached_mxbai,1274,1782200591.5619254,,,
1968,0,svm,max,balanced,cached_mxbai,1275,1782200591.6878343,,,
6458,0,svm,max,balanced,cached_mxbai,1276,1782200591.813161,,,
5221,0,svm,max,balanced,cached_mxbai,1277,1782200591.9385958,,,
6358,0,svm,max,balanced,cached_mxbai,1278,1782200592.064582,,,
3564,0,svm,max,balanced,cached_mxbai,1279,1782200592.1902337,,,
4646,0,svm,max,balanced,cached_mxbai,1280,1782200592.319969,,,
6355,0,svm,max,balanced,cached_mxbai,1281,1782200592.4459994,,,
4653,0,svm,max,balanced,cached_mxbai,1282,1782200592.5711873,,,
6670,0,svm,max,balanced,cached_mxbai,1283,1782200592.6976173,,,
3984,0,svm,max,balanced,cached_mxbai,1284,1782200592.8234754,,,
4892,0,svm,max,balanced,cached_mxbai,1285,1782200592.9489868,,,
6574,0,svm,max,balanced,cached_mxbai,1286,1782200593.0771196,,,
3052,0,svm,max,balanced,cached_mxbai,1287,1782200593.206422,,,
5992,0,svm,max,balanced,cached_mxbai,1288,1782200593.3429923,,,
4818,0,svm,max,balanced,cached_mxbai,1289,1782200593.4741719,,,
4351,0,svm,max,balanced,cached_mxbai,1290,1782200593.6020749,,,
10399,0,svm,max,balanced,cached_mxbai,1291,1782200593.7304018,,,
7771,0,svm,max,balanced,cached_mxbai,1292,1782200593.8578424,,,
4215,0,svm,max,balanced,cached_mxbai,1293,1782200593.984219,,,
2770,0,svm,max,balanced,cached_mxbai,1294,1782200594.112499,,,
6137,0,svm,max,balanced,cached_mxbai,1295,1782200594.2426443,,,
5186,0,svm,max,balanced,cached_mxbai,1296,1782200594.371282,,,
7232,0,svm,max,balanced,cached_mxbai,1297,1782200594.5000744,,,
4198,0,svm,max,balanced,cached_mxbai,1298,1782200594.6288035,,,
9834,0,svm,max,balanced,cached_mxbai,1299,1782200594.7555606,,,
4790,0,svm,max,balanced,cached_mxbai,1300,1782200594.88499,,,
9209,0,svm,max,balanced,cached_mxbai,1301,1782200595.017395,,,
4416,0,svm,max,balanced,cached_mxbai,1302,1782200595.1526089,,,
8544,0,svm,max,balanced,cached_mxbai,1303,1782200595.3122914,,,
4231,0,svm,max,balanced,cached_mxbai,1304,1782200595.4451914,,,
4926,0,svm,max,balanced,cached_mxbai,1305,1782200595.5750203,,,
8410,0,svm,max,balanced,cached_mxbai,1306,1782200595.7047899,,,
6945,0,svm,max,balanced,cached_mxbai,1307,1782200595.8350923,,,
9108,0,svm,max,balanced,cached_mxbai,1308,1782200595.9656892,,,
4011,0,svm,max,balanced,cached_mxbai,1309,1782200596.093993,,,
4655,0,svm,max,balanced,cached_mxbai,1310,1782200596.2266414,,,
1156,0,svm,max,balanced,cached_mxbai,1311,1782200596.3620393,,,
3188,0,svm,max,balanced,cached_mxbai,1312,1782200596.4918497,,,
9272,0,svm,max,balanced,cached_mxbai,1313,1782200596.6269262,,,
9083,0,svm,max,balanced,cached_mxbai,1314,1782200596.75659,,,
4291,0,svm,max,balanced,cached_mxbai,1315,1782200596.886902,,,
4417,0,svm,max,balanced,cached_mxbai,1316,1782200597.0165553,,,
7744,0,svm,max,balanced,cached_mxbai,1317,1782200597.14598,,,
7169,0,svm,max,balanced,cached_mxbai,1318,1782200597.284676,,,
7961,0,svm,max,balanced,cached_mxbai,1319,1782200597.4156103,,,
3033,0,svm,max,balanced,cached_mxbai,1320,1782200597.5455732,,,
7527,0,svm,max,balanced,cached_mxbai,1321,1782200597.6764154,,,
4958,0,svm,max,balanced,cached_mxbai,1322,1782200597.807483,,,
3350,0,svm,max,balanced,cached_mxbai,1323,1782200597.9378407,,,
9290,0,svm,max,balanced,cached_mxbai,1324,1782200598.0687127,,,
9797,0,svm,max,balanced,cached_mxbai,1325,1782200598.1990147,,,
4412,0,svm,max,balanced,cached_mxbai,1326,1782200598.3366106,,,
3952,0,svm,max,balanced,cached_mxbai,1327,1782200598.4678795,,,
9604,0,svm,max,balanced,cached_mxbai,1328,1782200598.5985937,,,
4846,0,svm,max,balanced,cached_mxbai,1329,1782200598.7293563,,,
3693,0,svm,max,balanced,cached_mxbai,1330,1782200598.8612733,,,
1852,0,svm,max,balanced,cached_mxbai,1331,1782200598.992096,,,
9160,0,svm,max,balanced,cached_mxbai,1332,1782200599.123706,,,
8282,0,svm,max,balanced,cached_mxbai,1333,1782200599.256164,,,
4772,0,svm,max,balanced,cached_mxbai,1334,1782200599.3924935,,,
10060,0,svm,max,balanced,cached_mxbai,1335,1782200599.5244584,,,
6482,0,svm,max,balanced,cached_mxbai,1336,1782200599.656229,,,
4419,0,svm,max,balanced,cached_mxbai,1337,1782200599.7858207,,,
7632,0,svm,max,balanced,cached_mxbai,1338,1782200599.9168475,,,
7079,0,svm,max,balanced,cached_mxbai,1339,1782200600.0472767,,,
3061,0,svm,max,balanced,cached_mxbai,1340,1782200600.1779835,,,
10326,0,svm,max,balanced,cached_mxbai,1341,1782200600.3142278,,,
5575,0,svm,max,balanced,cached_mxbai,1342,1782200600.4455118,,,
4537,0,svm,max,balanced,cached_mxbai,1343,1782200600.5766246,,,
7691,0,svm,max,balanced,cached_mxbai,1344,1782200600.709299,,,
8812,0,svm,max,balanced,cached_mxbai,1345,1782200600.8414822,,,
10058,0,svm,max,balanced,cached_mxbai,1346,1782200600.97243,,,
6748,0,svm,max,balanced,cached_mxbai,1347,1782200601.1052482,,,
5902,0,svm,max,balanced,cached_mxbai,1348,1782200601.2377067,,,
5511,0,svm,max,balanced,cached_mxbai,1349,1782200601.3748884,,,
6338,0,svm,max,balanced,cached_mxbai,1350,1782200601.5074463,,,
4469,0,svm,max,balanced,cached_mxbai,1351,1782200601.6389122,,,
4012,0,svm,max,balanced,cached_mxbai,1352,1782200601.770484,,,
4098,0,svm,max,balanced,cached_mxbai,1353,1782200601.902661,,,
570,0,svm,max,balanced,cached_mxbai,1354,1782200602.052481,,,
4865,0,svm,max,balanced,cached_mxbai,1355,1782200602.2007442,,,
5108,0,svm,max,balanced,cached_mxbai,1356,1782200602.3524613,,,
7149,0,svm,max,balanced,cached_mxbai,1357,1782200602.4858267,,,
8679,0,svm,max,balanced,cached_mxbai,1358,1782200602.6170266,,,
4700,0,svm,max,balanced,cached_mxbai,1359,1782200602.747342,,,
9449,0,svm,max,balanced,cached_mxbai,1360,1782200602.880627,,,
8050,0,svm,max,balanced,cached_mxbai,1361,1782200603.0139248,,,
3282,0,svm,max,balanced,cached_mxbai,1362,1782200603.1465626,,,
4111,0,svm,max,balanced,cached_mxbai,1363,1782200603.279272,,,
2965,0,svm,max,balanced,cached_mxbai,1364,1782200603.416952,,,
4575,0,svm,max,balanced,cached_mxbai,1365,1782200603.5503821,,,
9623,0,svm,max,balanced,cached_mxbai,1366,1782200603.683721,,,
3440,0,svm,max,balanced,cached_mxbai,1367,1782200603.815317,,,
5014,0,svm,max,balanced,cached_mxbai,1368,1782200603.9525058,,,
5552,0,svm,max,balanced,cached_mxbai,1369,1782200604.0857139,,,
6005,0,svm,max,balanced,cached_mxbai,1370,1782200604.218431,,,
4331,0,svm,max,balanced,cached_mxbai,1371,1782200604.3573954,,,
5161,0,svm,max,balanced,cached_mxbai,1372,1782200604.4922721,,,
4893,0,svm,max,balanced,cached_mxbai,1373,1782200604.6254978,,,
7265,0,svm,max,balanced,cached_mxbai,1374,1782200604.7607024,,,
1262,0,svm,max,balanced,cached_mxbai,1375,1782200604.8980787,,,
2066,0,svm,max,balanced,cached_mxbai,1376,1782200605.0502594,,,
4411,0,svm,max,balanced,cached_mxbai,1377,1782200605.187458,,,
8497,0,svm,max,balanced,cached_mxbai,1378,1782200605.3600788,,,
5212,0,svm,max,balanced,cached_mxbai,1379,1782200605.494261,,,
3146,0,svm,max,balanced,cached_mxbai,1380,1782200605.6290033,,,
4530,0,svm,max,balanced,cached_mxbai,1381,1782200605.7626967,,,
759,0,svm,max,balanced,cached_mxbai,1382,1782200605.8975945,,,
1078,0,svm,max,balanced,cached_mxbai,1383,1782200606.0307996,,,
5245,0,svm,max,balanced,cached_mxbai,1384,1782200606.1641362,,,
4804,0,svm,max,balanced,cached_mxbai,1385,1782200606.2970104,,,
6285,0,svm,max,balanced,cached_mxbai,1386,1782200606.4310417,,,
5939,0,svm,max,balanced,cached_mxbai,1387,1782200606.5666862,,,
3434,0,svm,max,balanced,cached_mxbai,1388,1782200606.701681,,,
9171,0,svm,max,balanced,cached_mxbai,1389,1782200606.8347824,,,
4733,0,svm,max,balanced,cached_mxbai,1390,1782200606.9677656,,,
5839,1,svm,max,balanced,cached_mxbai,1391,1782200607.1011646,,,
7743,0,svm,max,balanced,cached_mxbai,1392,1782200607.2345557,,,
2254,0,svm,max,balanced,cached_mxbai,1393,1782200607.3723202,,,
3634,0,svm,max,balanced,cached_mxbai,1394,1782200607.5072594,,,
7712,0,svm,max,balanced,cached_mxbai,1395,1782200607.6428797,,,
5024,0,svm,max,balanced,cached_mxbai,1396,1782200607.7758515,,,
4261,0,svm,max,balanced,cached_mxbai,1397,1782200607.9101768,,,
5956,0,svm,max,balanced,cached_mxbai,1398,1782200608.044308,,,
4882,0,svm,max,balanced,cached_mxbai,1399,1782200608.178923,,,
8038,0,svm,max,balanced,cached_mxbai,1400,1782200608.3127394,,,
4799,0,svm,max,balanced,cached_mxbai,1401,1782200608.4467833,,,
4652,0,svm,max,balanced,cached_mxbai,1402,1782200608.580214,,,
8889,0,svm,max,balanced,cached_mxbai,1403,1782200608.7147596,,,
3506,0,svm,max,balanced,cached_mxbai,1404,1782200608.848225,,,
4632,0,svm,max,balanced,cached_mxbai,1405,1782200608.9824207,,,
4668,0,svm,max,balanced,cached_mxbai,1406,1782200609.1170251,,,
273,0,svm,max,balanced,cached_mxbai,1407,1782200609.2517037,,,
3507,0,svm,max,balanced,cached_mxbai,1408,1782200609.3865488,,,
1234,0,svm,max,balanced,cached_mxbai,1409,1782200609.5210598,,,
5106,0,svm,max,balanced,cached_mxbai,1410,1782200609.656606,,,
4970,0,svm,max,balanced,cached_mxbai,1411,1782200609.7909098,,,
9897,0,svm,max,balanced,cached_mxbai,1412,1782200609.925607,,,
2039,0,svm,max,balanced,cached_mxbai,1413,1782200610.0602272,,,
3763,0,svm,max,balanced,cached_mxbai,1414,1782200610.1955452,,,
3044,0,svm,max,balanced,cached_mxbai,1415,1782200610.3302784,,,
5036,0,svm,max,balanced,cached_mxbai,1416,1782200610.466823,,,
3236,0,svm,max,balanced,cached_mxbai,1417,1782200610.6030488,,,
4853,0,svm,max,balanced,cached_mxbai,1418,1782200610.7410083,,,
7728,0,svm,max,balanced,cached_mxbai,1419,1782200610.8780367,,,
3988,0,svm,max,balanced,cached_mxbai,1420,1782200611.0144355,,,
8547,0,svm,max,balanced,cached_mxbai,1421,1782200611.1492548,,,
4664,0,svm,max,balanced,cached_mxbai,1422,1782200611.284843,,,
10492,0,svm,max,balanced,cached_mxbai,1423,1782200611.4204323,,,
6162,0,svm,max,balanced,cached_mxbai,1424,1782200611.556194,,,
2831,0,svm,max,balanced,cached_mxbai,1425,1782200611.6919944,,,
8918,0,svm,max,balanced,cached_mxbai,1426,1782200611.828023,,,
4463,0,svm,max,balanced,cached_mxbai,1427,1782200611.962308,,,
4142,0,svm,max,balanced,cached_mxbai,1428,1782200612.0987928,,,
5086,0,svm,max,balanced,cached_mxbai,1429,1782200612.2342882,,,
4629,0,svm,max,balanced,cached_mxbai,1430,1782200612.3715231,,,
6771,0,svm,max,balanced,cached_mxbai,1431,1782200612.5090759,,,
4319,0,svm,max,balanced,cached_mxbai,1432,1782200612.6455138,,,
5159,0,svm,max,balanced,cached_mxbai,1433,1782200612.7822983,,,
3130,0,svm,max,balanced,cached_mxbai,1434,1782200612.9184506,,,
2583,0,svm,max,balanced,cached_mxbai,1435,1782200613.0556026,,,
6569,0,svm,max,balanced,cached_mxbai,1436,1782200613.1937337,,,
4615,0,svm,max,balanced,cached_mxbai,1437,1782200613.331412,,,
9410,0,svm,max,balanced,cached_mxbai,1438,1782200613.4885013,,,
1646,0,svm,max,balanced,cached_mxbai,1439,1782200613.6444337,,,
4106,0,svm,max,balanced,cached_mxbai,1440,1782200613.7809846,,,
6461,0,svm,max,balanced,cached_mxbai,1441,1782200613.9177713,,,
5153,0,svm,max,balanced,cached_mxbai,1442,1782200614.0542545,,,
8228,0,svm,max,balanced,cached_mxbai,1443,1782200614.1902304,,,
9864,0,svm,max,balanced,cached_mxbai,1444,1782200614.328556,,,
692,0,svm,max,balanced,cached_mxbai,1445,1782200614.4678035,,,
4489,0,svm,max,balanced,cached_mxbai,1446,1782200614.6052644,,,
3805,0,svm,max,balanced,cached_mxbai,1447,1782200614.7455516,,,
4708,0,svm,max,balanced,cached_mxbai,1448,1782200614.8873749,,,
8158,0,svm,max,balanced,cached_mxbai,1449,1782200615.030524,,,
8928,0,svm,max,balanced,cached_mxbai,1450,1782200615.1706545,,,
4966,0,svm,max,balanced,cached_mxbai,1451,1782200615.347419,,,
3024,0,svm,max,balanced,cached_mxbai,1452,1782200615.4862459,,,
4045,0,svm,max,balanced,cached_mxbai,1453,1782200615.625045,,,
5643,0,svm,max,balanced,cached_mxbai,1454,1782200615.7627418,,,
5010,0,svm,max,balanced,cached_mxbai,1455,1782200615.9015386,,,
8463,0,svm,max,balanced,cached_mxbai,1456,1782200616.044794,,,
10239,0,svm,max,balanced,cached_mxbai,1457,1782200616.186847,,,
10088,0,svm,max,balanced,cached_mxbai,1458,1782200616.3251173,,,
7897,0,svm,max,balanced,cached_mxbai,1459,1782200616.464092,,,
3905,0,svm,max,balanced,cached_mxbai,1460,1782200616.603587,,,
4991,0,svm,max,balanced,cached_mxbai,1461,1782200616.7435155,,,
4148,0,svm,max,balanced,cached_mxbai,1462,1782200616.8844151,,,
4336,0,svm,max,balanced,cached_mxbai,1463,1782200617.023832,,,
4654,0,svm,max,balanced,cached_mxbai,1464,1782200617.1619115,,,
5487,0,svm,max,balanced,cached_mxbai,1465,1782200617.3006299,,,
6196,0,svm,max,balanced,cached_mxbai,1466,1782200617.4397154,,,
4553,0,svm,max,balanced,cached_mxbai,1467,1782200617.5795515,,,
4014,0,svm,max,balanced,cached_mxbai,1468,1782200617.7193398,,,
4676,0,svm,max,balanced,cached_mxbai,1469,1782200617.8586016,,,
9371,0,svm,max,balanced,cached_mxbai,1470,1782200617.9991949,,,
10551,0,svm,max,balanced,cached_mxbai,1471,1782200618.1396976,,,
4975,0,svm,max,balanced,cached_mxbai,1472,1782200618.279848,,,
1613,0,svm,max,balanced,cached_mxbai,1473,1782200618.4187992,,,
9176,0,svm,max,balanced,cached_mxbai,1474,1782200618.558305,,,
4764,0,svm,max,balanced,cached_mxbai,1475,1782200618.6971214,,,
8759,0,svm,max,balanced,cached_mxbai,1476,1782200618.8378844,,,
10065,0,svm,max,balanced,cached_mxbai,1477,1782200618.978595,,,
5672,0,svm,max,balanced,cached_mxbai,1478,1782200619.1172743,,,
10242,0,svm,max,balanced,cached_mxbai,1479,1782200619.2560585,,,
4539,0,svm,max,balanced,cached_mxbai,1480,1782200619.3949065,,,
9098,0,svm,max,balanced,cached_mxbai,1481,1782200619.5359466,,,
4284,0,svm,max,balanced,cached_mxbai,1482,1782200619.6764498,,,
5151,0,svm,max,balanced,cached_mxbai,1483,1782200619.8179646,,,
8885,0,svm,max,balanced,cached_mxbai,1484,1782200619.9578462,,,
4600,0,svm,max,balanced,cached_mxbai,1485,1782200620.097321,,,
5984,0,svm,max,balanced,cached_mxbai,1486,1782200620.2553093,,,
8797,0,svm,max,balanced,cached_mxbai,1487,1782200620.3957047,,,
3640,0,svm,max,balanced,cached_mxbai,1488,1782200620.5568507,,,
6671,0,svm,max,balanced,cached_mxbai,1489,1782200620.6980517,,,
4863,0,svm,max,balanced,cached_mxbai,1490,1782200620.84167,,,
8046,0,svm,max,balanced,cached_mxbai,1491,1782200620.9837878,,,
3562,0,svm,max,balanced,cached_mxbai,1492,1782200621.1231332,,,
3932,0,svm,max,balanced,cached_mxbai,1493,1782200621.2785265,,,
9137,0,svm,max,balanced,cached_mxbai,1494,1782200621.4182541,,,
10451,0,svm,max,balanced,cached_mxbai,1495,1782200621.560821,,,
4488,0,svm,max,balanced,cached_mxbai,1496,1782200621.718815,,,
8123,0,svm,max,balanced,cached_mxbai,1497,1782200621.8765967,,,
4996,0,svm,max,balanced,cached_mxbai,1498,1782200622.034579,,,
6975,0,svm,max,balanced,cached_mxbai,1499,1782200622.175314,,,
10081,0,svm,max,balanced,cached_mxbai,1500,1782200622.3157756,,,
9798,0,svm,max,balanced,cached_mxbai,1501,1782200622.4563997,,,
7477,0,svm,max,balanced,cached_mxbai,1502,1782200622.597359,,,
4372,0,svm,max,balanced,cached_mxbai,1503,1782200622.738117,,,
1222,0,svm,max,balanced,cached_mxbai,1504,1782200622.878137,,,
10133,0,svm,max,balanced,cached_mxbai,1505,1782200623.018683,,,
4562,0,svm,max,balanced,cached_mxbai,1506,1782200623.1596234,,,
796,0,svm,max,balanced,cached_mxbai,1507,1782200623.3007803,,,
113,0,svm,max,balanced,cached_mxbai,1508,1782200623.456881,,,
6319,0,svm,max,balanced,cached_mxbai,1509,1782200623.6138732,,,
3629,0,svm,max,balanced,cached_mxbai,1510,1782200623.7597094,,,
6949,0,svm,max,balanced,cached_mxbai,1511,1782200623.9085891,,,
5220,0,svm,max,balanced,cached_mxbai,1512,1782200624.0511918,,,
4957,0,svm,max,balanced,cached_mxbai,1513,1782200624.2065444,,,
4982,0,svm,max,balanced,cached_mxbai,1514,1782200624.3627527,,,
2873,0,svm,max,balanced,cached_mxbai,1515,1782200624.5186503,,,
5396,0,svm,max,balanced,cached_mxbai,1516,1782200624.6752565,,,
3991,0,svm,max,balanced,cached_mxbai,1517,1782200624.8206763,,,
1912,0,svm,max,balanced,cached_mxbai,1518,1782200624.9779322,,,
5138,0,svm,max,balanced,cached_mxbai,1519,1782200625.1403205,,,
4490,0,svm,max,balanced,cached_mxbai,1520,1782200625.3271756,,,
4322,0,svm,max,balanced,cached_mxbai,1521,1782200625.4844093,,,
7873,0,svm,max,balanced,cached_mxbai,1522,1782200625.6420276,,,
3460,0,svm,max,balanced,cached_mxbai,1523,1782200625.799525,,,
4725,0,svm,max,balanced,cached_mxbai,1524,1782200625.9570363,,,
6122,0,svm,max,balanced,cached_mxbai,1525,1782200626.1140711,,,
6151,0,svm,max,balanced,cached_mxbai,1526,1782200626.2726777,,,
4207,0,svm,max,balanced,cached_mxbai,1527,1782200626.4410415,,,
6138,0,svm,max,balanced,cached_mxbai,1528,1782200626.5996075,,,
8629,0,svm,max,balanced,cached_mxbai,1529,1782200626.7596457,,,
8272,0,svm,max,balanced,cached_mxbai,1530,1782200626.9181206,,,
3844,0,svm,max,balanced,cached_mxbai,1531,1782200627.0750992,,,
1476,0,svm,max,balanced,cached_mxbai,1532,1782200627.2320957,,,
7933,0,svm,max,balanced,cached_mxbai,1533,1782200627.3889122,,,
3752,0,svm,max,balanced,cached_mxbai,1534,1782200627.5450485,,,
4827,0,svm,max,balanced,cached_mxbai,1535,1782200627.7015293,,,
3399,0,svm,max,balanced,cached_mxbai,1536,1782200627.8581223,,,
9947,0,svm,max,balanced,cached_mxbai,1537,1782200628.0153394,,,
8004,0,svm,max,balanced,cached_mxbai,1538,1782200628.1716564,,,
5969,0,svm,max,balanced,cached_mxbai,1539,1782200628.3284557,,,
4454,0,svm,max,balanced,cached_mxbai,1540,1782200628.485848,,,
5110,0,svm,max,balanced,cached_mxbai,1541,1782200628.6436741,,,
3938,0,svm,max,balanced,cached_mxbai,1542,1782200628.8016145,,,
3109,0,svm,max,balanced,cached_mxbai,1543,1782200628.9582648,,,
10545,0,svm,max,balanced,cached_mxbai,1544,1782200629.116985,,,
4675,0,svm,max,balanced,cached_mxbai,1545,1782200629.2768798,,,
4138,0,svm,max,balanced,cached_mxbai,1546,1782200629.4419703,,,
160,0,svm,max,balanced,cached_mxbai,1547,1782200629.6019485,,,
8580,0,svm,max,balanced,cached_mxbai,1548,1782200629.7630026,,,
4968,0,svm,max,balanced,cached_mxbai,1549,1782200629.9215765,,,
7714,0,svm,max,balanced,cached_mxbai,1550,1782200630.0792208,,,
5325,0,svm,max,balanced,cached_mxbai,1551,1782200630.2383351,,,
1261,0,svm,max,balanced,cached_mxbai,1552,1782200630.3960483,,,
6235,0,svm,max,balanced,cached_mxbai,1553,1782200630.555843,,,
5608,0,svm,max,balanced,cached_mxbai,1554,1782200630.7212052,,,
2433,0,svm,max,balanced,cached_mxbai,1555,1782200630.8810976,,,
9582,0,svm,max,balanced,cached_mxbai,1556,1782200631.0492575,,,
4826,0,svm,max,balanced,cached_mxbai,1557,1782200631.207632,,,
9219,0,svm,max,balanced,cached_mxbai,1558,1782200631.3744087,,,
173,0,svm,max,balanced,cached_mxbai,1559,1782200631.5420747,,,
2562,0,svm,max,balanced,cached_mxbai,1560,1782200631.7102327,,,
7231,0,svm,max,balanced,cached_mxbai,1561,1782200631.8791254,,,
4486,0,svm,max,balanced,cached_mxbai,1562,1782200632.0465345,,,
3656,0,svm,max,balanced,cached_mxbai,1563,1782200632.2135577,,,
5198,0,svm,max,balanced,cached_mxbai,1564,1782200632.3814716,,,
4410,0,svm,max,balanced,cached_mxbai,1565,1782200632.549384,,,
709,0,svm,max,balanced,cached_mxbai,1566,1782200632.717399,,,
3783,0,svm,max,balanced,cached_mxbai,1567,1782200632.8876996,,,
4021,0,svm,max,balanced,cached_mxbai,1568,1782200633.057371,,,
4397,0,svm,max,balanced,cached_mxbai,1569,1782200633.2257366,,,
4634,0,svm,max,balanced,cached_mxbai,1570,1782200633.3928013,,,
7879,0,svm,max,balanced,cached_mxbai,1571,1782200633.5615935,,,
3654,0,svm,max,balanced,cached_mxbai,1572,1782200633.730328,,,
4501,0,svm,max,balanced,cached_mxbai,1573,1782200633.898242,,,
5496,0,svm,max,balanced,cached_mxbai,1574,1782200634.0666287,,,
8303,0,svm,max,balanced,cached_mxbai,1575,1782200634.2343252,,,
57,0,svm,max,balanced,cached_mxbai,1576,1782200634.4020445,,,
4278,0,svm,max,balanced,cached_mxbai,1577,1782200634.5717425,,,
8828,0,svm,max,balanced,cached_mxbai,1578,1782200634.7407649,,,
3385,0,svm,max,balanced,cached_mxbai,1579,1782200634.9106371,,,
9433,0,svm,max,balanced,cached_mxbai,1580,1782200635.078366,,,
9442,0,svm,max,balanced,cached_mxbai,1581,1782200635.2566981,,,
4622,0,svm,max,balanced,cached_mxbai,1582,1782200635.443972,,,
4241,0,svm,max,balanced,cached_mxbai,1583,1782200635.624099,,,
9547,0,svm,max,balanced,cached_mxbai,1584,1782200635.794643,,,
4498,0,svm,max,balanced,cached_mxbai,1585,1782200635.9809186,,,
6270,0,svm,max,balanced,cached_mxbai,1586,1782200636.1686988,,,
1321,0,svm,max,balanced,cached_mxbai,1587,1782200636.3545806,,,
5805,0,svm,max,balanced,cached_mxbai,1588,1782200636.5427732,,,
4699,0,svm,max,balanced,cached_mxbai,1589,1782200636.7232287,,,
5223,0,svm,max,balanced,cached_mxbai,1590,1782200636.892256,,,
2541,0,svm,max,balanced,cached_mxbai,1591,1782200637.0607,,,
3801,0,svm,max,balanced,cached_mxbai,1592,1782200637.229023,,,
4757,0,svm,max,balanced,cached_mxbai,1593,1782200637.3955355,,,
9878,0,svm,max,balanced,cached_mxbai,1594,1782200637.561549,,,
8660,0,svm,max,balanced,cached_mxbai,1595,1782200637.731554,,,
9773,0,svm,max,balanced,cached_mxbai,1596,1782200637.8976912,,,
10206,0,svm,max,balanced,cached_mxbai,1597,1782200638.0647078,,,
7768,0,svm,max,balanced,cached_mxbai,1598,1782200638.2307076,,,
1039,0,svm,max,balanced,cached_mxbai,1599,1782200638.3979268,,,
4847,0,svm,max,balanced,cached_mxbai,1600,1782200638.5643926,,,
3556,0,svm,max,balanced,cached_mxbai,1601,1782200638.734808,,,
4497,0,svm,max,balanced,cached_mxbai,1602,1782200638.9060934,,,
3165,0,svm,max,balanced,cached_mxbai,1603,1782200639.0723233,,,
443,0,svm,max,balanced,cached_mxbai,1604,1782200639.238892,,,
1031,0,svm,max,balanced,cached_mxbai,1605,1782200639.405514,,,
4763,0,svm,max,balanced,cached_mxbai,1606,1782200639.5722444,,,
4693,0,svm,max,balanced,cached_mxbai,1607,1782200639.7430875,,,
9911,0,svm,max,balanced,cached_mxbai,1608,1782200639.9109638,,,
3689,0,svm,max,balanced,cached_mxbai,1609,1782200640.0628335,,,
3609,0,svm,max,balanced,cached_mxbai,1610,1782200640.214727,,,
3183,0,svm,max,balanced,cached_mxbai,1611,1782200640.3669279,,,
10521,0,svm,max,balanced,cached_mxbai,1612,1782200640.5201156,,,
4483,0,svm,max,balanced,cached_mxbai,1613,1782200640.6778462,,,
5621,0,svm,max,balanced,cached_mxbai,1614,1782200640.8319075,,,
9496,0,svm,max,balanced,cached_mxbai,1615,1782200640.9872968,,,
4750,0,svm,max,balanced,cached_mxbai,1616,1782200641.1389718,,,
3083,0,svm,max,balanced,cached_mxbai,1617,1782200641.2920785,,,
6056,0,svm,max,balanced,cached_mxbai,1618,1782200641.4456854,,,
8847,0,svm,max,balanced,cached_mxbai,1619,1782200641.5981503,,,
3554,0,svm,max,balanced,cached_mxbai,1620,1782200641.7550573,,,
5128,0,svm,max,balanced,cached_mxbai,1621,1782200641.9091513,,,
2782,0,svm,max,balanced,cached_mxbai,1622,1782200642.0628586,,,
1241,0,svm,max,balanced,cached_mxbai,1623,1782200642.2149196,,,
3788,0,svm,max,balanced,cached_mxbai,1624,1782200642.3709688,,,
6069,0,svm,max,balanced,cached_mxbai,1625,1782200642.5242732,,,
4896,0,svm,max,balanced,cached_mxbai,1626,1782200642.6815262,,,
9115,0,svm,max,balanced,cached_mxbai,1627,1782200642.8362677,,,
1796,0,svm,max,balanced,cached_mxbai,1628,1782200642.9924047,,,
4392,0,svm,max,balanced,cached_mxbai,1629,1782200643.1504645,,,
4246,0,svm,max,balanced,cached_mxbai,1630,1782200643.3071814,,,
1278,0,svm,max,balanced,cached_mxbai,1631,1782200643.4615986,,,
9624,0,svm,max,balanced,cached_mxbai,1632,1782200643.6158044,,,
5823,0,svm,max,balanced,cached_mxbai,1633,1782200643.7732902,,,
5155,0,svm,max,balanced,cached_mxbai,1634,1782200643.9278784,,,
5292,0,svm,max,balanced,cached_mxbai,1635,1782200644.0816457,,,
1855,0,svm,max,balanced,cached_mxbai,1636,1782200644.2362046,,,
6003,0,svm,max,balanced,cached_mxbai,1637,1782200644.3899124,,,
4323,0,svm,max,balanced,cached_mxbai,1638,1782200644.5438855,,,
4091,0,svm,max,balanced,cached_mxbai,1639,1782200644.701074,,,
8479,0,svm,max,balanced,cached_mxbai,1640,1782200644.856559,,,
4069,0,svm,max,balanced,cached_mxbai,1641,1782200645.011279,,,
1498,0,svm,max,balanced,cached_mxbai,1642,1782200645.1738358,,,
4517,0,svm,max,balanced,cached_mxbai,1643,1782200645.3633304,,,
5226,0,svm,max,balanced,cached_mxbai,1644,1782200645.5182512,,,
3909,0,svm,max,balanced,cached_mxbai,1645,1782200645.6725984,,,
6815,0,svm,max,balanced,cached_mxbai,1646,1782200645.8294704,,,
8404,0,svm,max,balanced,cached_mxbai,1647,1782200645.985771,,,
8301,0,svm,max,balanced,cached_mxbai,1648,1782200646.1406095,,,
5952,0,svm,max,balanced,cached_mxbai,1649,1782200646.2962043,,,
5066,0,svm,max,balanced,cached_mxbai,1650,1782200646.4537232,,,
1416,0,svm,max,balanced,cached_mxbai,1651,1782200646.6089044,,,
3840,0,svm,max,balanced,cached_mxbai,1652,1782200646.7640734,,,
4245,0,svm,max,balanced,cached_mxbai,1653,1782200646.922624,,,
8658,0,svm,max,balanced,cached_mxbai,1654,1782200647.0788865,,,
5100,0,svm,max,balanced,cached_mxbai,1655,1782200647.2366858,,,
4521,0,svm,max,balanced,cached_mxbai,1656,1782200647.393777,,,
4090,0,svm,max,balanced,cached_mxbai,1657,1782200647.550553,,,
2187,0,svm,max,balanced,cached_mxbai,1658,1782200647.7047808,,,
4851,0,svm,max,balanced,cached_mxbai,1659,1782200647.8615434,,,
604,0,svm,max,balanced,cached_mxbai,1660,1782200648.0189233,,,
6324,0,svm,max,balanced,cached_mxbai,1661,1782200648.1741,,,
8907,0,svm,max,balanced,cached_mxbai,1662,1782200648.329906,,,
4122,0,svm,max,balanced,cached_mxbai,1663,1782200648.4879556,,,
4257,0,svm,max,balanced,cached_mxbai,1664,1782200648.6462617,,,
7959,0,svm,max,balanced,cached_mxbai,1665,1782200648.8033364,,,
7706,0,svm,max,balanced,cached_mxbai,1666,1782200648.9608681,,,
6537,0,svm,max,balanced,cached_mxbai,1667,1782200649.1188374,,,
10153,0,svm,max,balanced,cached_mxbai,1668,1782200649.2753406,,,
981,0,svm,max,balanced,cached_mxbai,1669,1782200649.4322066,,,
7355,0,svm,max,balanced,cached_mxbai,1670,1782200649.5888274,,,
4219,0,svm,max,balanced,cached_mxbai,1671,1782200649.7447243,,,
2856,0,svm,max,balanced,cached_mxbai,1672,1782200649.9019878,,,
5781,0,svm,max,balanced,cached_mxbai,1673,1782200650.0594833,,,
4766,0,svm,max,balanced,cached_mxbai,1674,1782200650.216461,,,
6585,0,svm,max,balanced,cached_mxbai,1675,1782200650.3731802,,,
9948,0,svm,max,balanced,cached_mxbai,1676,1782200650.5323062,,,
8636,0,svm,max,balanced,cached_mxbai,1677,1782200650.6901622,,,
3404,0,svm,max,balanced,cached_mxbai,1678,1782200650.848674,,,
7871,0,svm,max,balanced,cached_mxbai,1679,1782200651.0066583,,,
4601,0,svm,max,balanced,cached_mxbai,1680,1782200651.1645718,,,
178,0,svm,max,balanced,cached_mxbai,1681,1782200651.3219213,,,
4438,0,svm,max,balanced,cached_mxbai,1682,1782200651.4801555,,,
6548,0,svm,max,balanced,cached_mxbai,1683,1782200651.6377637,,,
769,0,svm,max,balanced,cached_mxbai,1684,1782200651.7955222,,,
4571,0,svm,max,balanced,cached_mxbai,1685,1782200651.9526763,,,
8218,0,svm,max,balanced,cached_mxbai,1686,1782200652.1210115,,,
6328,0,svm,max,balanced,cached_mxbai,1687,1782200652.2798626,,,
10108,0,svm,max,balanced,cached_mxbai,1688,1782200652.438328,,,
9714,0,svm,max,balanced,cached_mxbai,1689,1782200652.5961015,,,
4400,0,svm,max,balanced,cached_mxbai,1690,1782200652.7536633,,,
8694,0,svm,max,balanced,cached_mxbai,1691,1782200652.9133136,,,
3832,0,svm,max,balanced,cached_mxbai,1692,1782200653.0720322,,,
639,0,svm,max,balanced,cached_mxbai,1693,1782200653.2301364,,,
3552,0,svm,max,balanced,cached_mxbai,1694,1782200653.3878608,,,
4606,0,svm,max,balanced,cached_mxbai,1695,1782200653.5462992,,,
4305,0,svm,max,balanced,cached_mxbai,1696,1782200653.7046642,,,
7546,0,svm,max,balanced,cached_mxbai,1697,1782200653.863688,,,
3293,0,svm,max,balanced,cached_mxbai,1698,1782200654.0221336,,,
594,0,svm,max,balanced,cached_mxbai,1699,1782200654.1801934,,,
5777,0,svm,max,balanced,cached_mxbai,1700,1782200654.3491485,,,
3428,0,svm,max,balanced,cached_mxbai,1701,1782200654.5086348,,,
4749,0,svm,max,balanced,cached_mxbai,1702,1782200654.678955,,,
3446,0,svm,max,balanced,cached_mxbai,1703,1782200654.8389606,,,
817,0,svm,max,balanced,cached_mxbai,1704,1782200654.9999726,,,
10271,0,svm,max,balanced,cached_mxbai,1705,1782200655.1616147,,,
4502,0,svm,max,balanced,cached_mxbai,1706,1782200655.3397985,,,
9031,0,svm,max,balanced,cached_mxbai,1707,1782200655.510429,,,
2781,0,svm,max,balanced,cached_mxbai,1708,1782200655.6679769,,,
5079,0,svm,max,balanced,cached_mxbai,1709,1782200655.842602,,,
4649,0,svm,max,balanced,cached_mxbai,1710,1782200656.013003,,,
3889,0,svm,max,balanced,cached_mxbai,1711,1782200656.1711226,,,
2670,0,svm,max,balanced,cached_mxbai,1712,1782200656.341881,,,
4334,0,svm,max,balanced,cached_mxbai,1713,1782200656.5260336,,,
6233,0,svm,max,balanced,cached_mxbai,1714,1782200656.6965668,,,
6323,0,svm,max,balanced,cached_mxbai,1715,1782200656.868165,,,
5352,0,svm,max,balanced,cached_mxbai,1716,1782200657.029187,,,
427,0,svm,max,balanced,cached_mxbai,1717,1782200657.1880965,,,
5667,0,svm,max,balanced,cached_mxbai,1718,1782200657.346179,,,
4719,0,svm,max,balanced,cached_mxbai,1719,1782200657.5167737,,,
4542,0,svm,max,balanced,cached_mxbai,1720,1782200657.687507,,,
5167,0,svm,max,balanced,cached_mxbai,1721,1782200657.8623106,,,
3200,0,svm,max,balanced,cached_mxbai,1722,1782200658.0331695,,,
8693,0,svm,max,balanced,cached_mxbai,1723,1782200658.2036538,,,
3248,0,svm,max,balanced,cached_mxbai,1724,1782200658.3732088,,,
4808,0,svm,max,balanced,cached_mxbai,1725,1782200658.5445383,,,
8798,0,svm,max,balanced,cached_mxbai,1726,1782200658.71645,,,
5188,0,svm,max,balanced,cached_mxbai,1727,1782200658.8940754,,,
2431,0,svm,max,balanced,cached_mxbai,1728,1782200659.0687551,,,
5240,0,svm,max,balanced,cached_mxbai,1729,1782200659.2401958,,,
997,0,svm,max,balanced,cached_mxbai,1730,1782200659.4256947,,,
3330,0,svm,max,balanced,cached_mxbai,1731,1782200659.6006527,,,
4809,0,svm,max,balanced,cached_mxbai,1732,1782200659.7756145,,,
4313,0,svm,max,balanced,cached_mxbai,1733,1782200659.951206,,,
5099,0,svm,max,balanced,cached_mxbai,1734,1782200660.1243546,,,
81,0,svm,max,balanced,cached_mxbai,1735,1782200660.2956717,,,
4042,0,svm,max,balanced,cached_mxbai,1736,1782200660.4680724,,,
5723,0,svm,max,balanced,cached_mxbai,1737,1782200660.6393285,,,
5052,0,svm,max,balanced,cached_mxbai,1738,1782200660.8124158,,,
6042,0,svm,max,balanced,cached_mxbai,1739,1782200660.985333,,,
4920,0,svm,max,balanced,cached_mxbai,1740,1782200661.1581652,,,
3664,0,svm,max,balanced,cached_mxbai,1741,1782200661.3321688,,,
7055,0,svm,max,balanced,cached_mxbai,1742,1782200661.5082204,,,
3577,0,svm,max,balanced,cached_mxbai,1743,1782200661.6799455,,,
9407,0,svm,max,balanced,cached_mxbai,1744,1782200661.8567557,,,
1704,0,svm,max,balanced,cached_mxbai,1745,1782200662.0320182,,,
5038,0,svm,max,balanced,cached_mxbai,1746,1782200662.2047312,,,
6699,0,svm,max,balanced,cached_mxbai,1747,1782200662.3814538,,,
9254,0,svm,max,balanced,cached_mxbai,1748,1782200662.5568056,,,
5103,0,svm,max,balanced,cached_mxbai,1749,1782200662.7298455,,,
4943,0,svm,max,balanced,cached_mxbai,1750,1782200662.9060514,,,
8952,0,svm,max,balanced,cached_mxbai,1751,1782200663.085148,,,
5076,0,svm,max,balanced,cached_mxbai,1752,1782200663.2606084,,,
9768,0,svm,max,balanced,cached_mxbai,1753,1782200663.4345813,,,
3797,0,svm,max,balanced,cached_mxbai,1754,1782200663.6088152,,,
4990,0,svm,max,balanced,cached_mxbai,1755,1782200663.7831304,,,
6167,0,svm,max,balanced,cached_mxbai,1756,1782200663.9587717,,,
4551,0,svm,max,balanced,cached_mxbai,1757,1782200664.1356647,,,
195,0,svm,max,balanced,cached_mxbai,1758,1782200664.3098266,,,
577,0,svm,max,balanced,cached_mxbai,1759,1782200664.4861355,,,
4309,0,svm,max,balanced,cached_mxbai,1760,1782200664.660283,,,
4784,0,svm,max,balanced,cached_mxbai,1761,1782200664.8357255,,,
7216,0,svm,max,balanced,cached_mxbai,1762,1782200665.0130994,,,
3504,0,svm,max,balanced,cached_mxbai,1763,1782200665.208662,,,
3533,0,svm,max,balanced,cached_mxbai,1764,1782200665.3993,,,
9291,0,svm,max,balanced,cached_mxbai,1765,1782200665.5741394,,,
4566,0,svm,max,balanced,cached_mxbai,1766,1782200665.7498758,,,
787,0,svm,max,balanced,cached_mxbai,1767,1782200665.9250078,,,
9520,0,svm,max,balanced,cached_mxbai,1768,1782200666.102955,,,
1255,0,svm,max,balanced,cached_mxbai,1769,1782200666.2791045,,,
6642,0,svm,max,balanced,cached_mxbai,1770,1782200666.4580555,,,
5009,0,svm,max,balanced,cached_mxbai,1771,1782200666.6577802,,,
8829,0,svm,max,balanced,cached_mxbai,1772,1782200666.8356245,,,
92,0,svm,max,balanced,cached_mxbai,1773,1782200667.0143814,,,
4701,0,svm,max,balanced,cached_mxbai,1774,1782200667.1929657,,,
9628,0,svm,max,balanced,cached_mxbai,1775,1782200667.3708882,,,
7137,0,svm,max,balanced,cached_mxbai,1776,1782200667.5482643,,,
10046,0,svm,max,balanced,cached_mxbai,1777,1782200667.724112,,,
10309,0,svm,max,balanced,cached_mxbai,1778,1782200667.901414,,,
6212,0,svm,max,balanced,cached_mxbai,1779,1782200668.079426,,,
10381,0,svm,max,balanced,cached_mxbai,1780,1782200668.2562225,,,
3445,0,svm,max,balanced,cached_mxbai,1781,1782200668.4326253,,,
5519,0,svm,max,balanced,cached_mxbai,1782,1782200668.609867,,,
1427,0,svm,max,balanced,cached_mxbai,1783,1782200668.7862177,,,
5027,0,svm,max,balanced,cached_mxbai,1784,1782200668.9639146,,,
3047,0,svm,max,balanced,cached_mxbai,1785,1782200669.140294,,,
5896,0,svm,max,balanced,cached_mxbai,1786,1782200669.3171556,,,
5069,0,svm,max,balanced,cached_mxbai,1787,1782200669.4950845,,,
8536,0,svm,max,balanced,cached_mxbai,1788,1782200669.6712852,,,
4035,0,svm,max,balanced,cached_mxbai,1789,1782200669.849402,,,
5234,0,svm,max,balanced,cached_mxbai,1790,1782200670.0275948,,,
6816,0,svm,max,balanced,cached_mxbai,1791,1782200670.205056,,,
3231,0,svm,max,balanced,cached_mxbai,1792,1782200670.3829525,,,
6293,0,svm,max,balanced,cached_mxbai,1793,1782200670.5602453,,,
4716,0,svm,max,balanced,cached_mxbai,1794,1782200670.737439,,,
7681,0,svm,max,balanced,cached_mxbai,1795,1782200670.915616,,,
10158,0,svm,max,balanced,cached_mxbai,1796,1782200671.096301,,,
10036,0,svm,max,balanced,cached_mxbai,1797,1782200671.2759485,,,
7279,0,svm,max,balanced,cached_mxbai,1798,1782200671.4556596,,,
3924,0,svm,max,balanced,cached_mxbai,1799,1782200671.635612,,,
5213,0,svm,max,balanced,cached_mxbai,1800,1782200671.813864,,,
1999,0,svm,max,balanced,cached_mxbai,1801,1782200671.9926674,,,
4801,0,svm,max,balanced,cached_mxbai,1802,1782200672.1708627,,,
5346,0,svm,max,balanced,cached_mxbai,1803,1782200672.3497221,,,
4343,0,svm,max,balanced,cached_mxbai,1804,1782200672.5296795,,,
7438,0,svm,max,balanced,cached_mxbai,1805,1782200672.7076836,,,
5452,0,svm,max,balanced,cached_mxbai,1806,1782200672.8871262,,,
3171,0,svm,max,balanced,cached_mxbai,1807,1782200673.0697339,,,
5881,0,svm,max,balanced,cached_mxbai,1808,1782200673.2637963,,,
9437,0,svm,max,balanced,cached_mxbai,1809,1782200673.4529493,,,
7203,0,svm,max,balanced,cached_mxbai,1810,1782200673.64095,,,
4180,0,svm,max,balanced,cached_mxbai,1811,1782200673.8286467,,,
4959,0,svm,max,balanced,cached_mxbai,1812,1782200674.0184247,,,
5650,0,svm,max,balanced,cached_mxbai,1813,1782200674.207775,,,
27,0,svm,max,balanced,cached_mxbai,1814,1782200674.3969808,,,
4627,0,svm,max,balanced,cached_mxbai,1815,1782200674.5862672,,,
5080,0,svm,max,balanced,cached_mxbai,1816,1782200674.7746022,,,
3811,0,svm,max,balanced,cached_mxbai,1817,1782200674.9640167,,,
10410,0,svm,max,balanced,cached_mxbai,1818,1782200675.1571193,,,
2137,0,svm,max,balanced,cached_mxbai,1819,1782200675.3689437,,,
10115,0,svm,max,balanced,cached_mxbai,1820,1782200675.5595312,,,
4097,0,svm,max,balanced,cached_mxbai,1821,1782200675.7504873,,,
5799,0,svm,max,balanced,cached_mxbai,1822,1782200675.9416752,,,
4482,0,svm,max,balanced,cached_mxbai,1823,1782200676.132421,,,
3331,0,svm,max,balanced,cached_mxbai,1824,1782200676.3215292,,,
9849,0,svm,max,balanced,cached_mxbai,1825,1782200676.5157955,,,
8373,0,svm,max,balanced,cached_mxbai,1826,1782200676.7062156,,,
52,0,svm,max,balanced,cached_mxbai,1827,1782200676.8977227,,,
10235,0,svm,max,balanced,cached_mxbai,1828,1782200677.0909338,,,
6357,0,svm,max,balanced,cached_mxbai,1829,1782200677.2818017,,,
5139,0,svm,max,balanced,cached_mxbai,1830,1782200677.4736507,,,
4954,0,svm,max,balanced,cached_mxbai,1831,1782200677.664636,,,
8483,0,svm,max,balanced,cached_mxbai,1832,1782200677.8560712,,,
2021,0,svm,max,balanced,cached_mxbai,1833,1782200678.048476,,,
8619,0,svm,max,balanced,cached_mxbai,1834,1782200678.2370791,,,
1143,0,svm,max,balanced,cached_mxbai,1835,1782200678.4232137,,,
3809,0,svm,max,balanced,cached_mxbai,1836,1782200678.6110697,,,
8979,0,svm,max,balanced,cached_mxbai,1837,1782200678.7974963,,,
8191,0,svm,max,balanced,cached_mxbai,1838,1782200678.9844236,,,
7257,0,svm,max,balanced,cached_mxbai,1839,1782200679.1734655,,,
4682,0,svm,max,balanced,cached_mxbai,1840,1782200679.3597708,,,
1032,0,svm,max,balanced,cached_mxbai,1841,1782200679.5482733,,,
9113,0,svm,max,balanced,cached_mxbai,1842,1782200679.7381265,,,
7155,0,svm,max,balanced,cached_mxbai,1843,1782200679.9259727,,,
4741,0,svm,max,balanced,cached_mxbai,1844,1782200680.114754,,,
3729,0,svm,max,balanced,cached_mxbai,1845,1782200680.302562,,,
8430,0,svm,max,balanced,cached_mxbai,1846,1782200680.4954097,,,
3724,0,svm,max,balanced,cached_mxbai,1847,1782200680.6842732,,,
5045,0,svm,max,balanced,cached_mxbai,1848,1782200680.872431,,,
3921,0,svm,max,balanced,cached_mxbai,1849,1782200681.0619888,,,
4737,0,svm,max,balanced,cached_mxbai,1850,1782200681.247614,,,
7199,0,svm,max,balanced,cached_mxbai,1851,1782200681.4327924,,,
7058,0,svm,max,balanced,cached_mxbai,1852,1782200681.6168215,,,
229,0,svm,max,balanced,cached_mxbai,1853,1782200681.8018904,,,
1641,0,svm,max,balanced,cached_mxbai,1854,1782200681.9856858,,,
4394,0,svm,max,balanced,cached_mxbai,1855,1782200682.170066,,,
4759,0,svm,max,balanced,cached_mxbai,1856,1782200682.3544164,,,
7717,0,svm,max,balanced,cached_mxbai,1857,1782200682.53898,,,
9299,0,svm,max,balanced,cached_mxbai,1858,1782200682.7235792,,,
10034,0,svm,max,balanced,cached_mxbai,1859,1782200682.9087648,,,
1863,0,svm,max,balanced,cached_mxbai,1860,1782200683.0955927,,,
7683,0,svm,max,balanced,cached_mxbai,1861,1782200683.2811172,,,
5084,0,svm,max,balanced,cached_mxbai,1862,1782200683.4663618,,,
3400,0,svm,max,balanced,cached_mxbai,1863,1782200683.6520755,,,
4987,0,svm,max,balanced,cached_mxbai,1864,1782200683.8373811,,,
9704,0,svm,max,balanced,cached_mxbai,1865,1782200684.0226393,,,
1131,0,svm,max,balanced,cached_mxbai,1866,1782200684.2079837,,,
4608,0,svm,max,balanced,cached_mxbai,1867,1782200684.3927047,,,
7233,0,svm,max,balanced,cached_mxbai,1868,1782200684.5820858,,,
7418,0,svm,max,balanced,cached_mxbai,1869,1782200684.7682176,,,
7363,0,svm,max,balanced,cached_mxbai,1870,1782200684.9596748,,,
7050,0,svm,max,balanced,cached_mxbai,1871,1782200685.1597304,,,
8996,0,svm,max,balanced,cached_mxbai,1872,1782200685.3699975,,,
7178,0,svm,max,balanced,cached_mxbai,1873,1782200685.5582619,,,
80,0,svm,max,balanced,cached_mxbai,1874,1782200685.744825,,,
1370,0,svm,max,balanced,cached_mxbai,1875,1782200685.9329908,,,
6822,0,svm,max,balanced,cached_mxbai,1876,1782200686.1228302,,,
7000,0,svm,max,balanced,cached_mxbai,1877,1782200686.3101394,,,
4689,0,svm,max,balanced,cached_mxbai,1878,1782200686.4963791,,,
5862,0,svm,max,balanced,cached_mxbai,1879,1782200686.6846383,,,
78,0,svm,max,balanced,cached_mxbai,1880,1782200686.8709314,,,
3152,0,svm,max,balanced,cached_mxbai,1881,1782200687.0607255,,,
7697,0,svm,max,balanced,cached_mxbai,1882,1782200687.2476132,,,
3776,0,svm,max,balanced,cached_mxbai,1883,1782200687.4341214,,,
5759,0,svm,max,balanced,cached_mxbai,1884,1782200687.6214485,,,
124,0,svm,max,balanced,cached_mxbai,1885,1782200687.8080623,,,
4963,0,svm,max,balanced,cached_mxbai,1886,1782200687.9961224,,,
10422,0,svm,max,balanced,cached_mxbai,1887,1782200688.183844,,,
6431,0,svm,max,balanced,cached_mxbai,1888,1782200688.3703241,,,
5119,0,svm,max,balanced,cached_mxbai,1889,1782200688.563541,,,
4745,0,svm,max,balanced,cached_mxbai,1890,1782200688.7549875,,,
7318,0,svm,max,balanced,cached_mxbai,1891,1782200688.9476159,,,
5592,0,svm,max,balanced,cached_mxbai,1892,1782200689.1435704,,,
806,0,svm,max,balanced,cached_mxbai,1893,1782200689.3363984,,,
7077,0,svm,max,balanced,cached_mxbai,1894,1782200689.5289533,,,
2319,0,svm,max,balanced,cached_mxbai,1895,1782200689.7243388,,,
6153,0,svm,max,balanced,cached_mxbai,1896,1782200689.919852,,,
4493,0,svm,max,balanced,cached_mxbai,1897,1782200690.1167164,,,
6060,0,svm,max,balanced,cached_mxbai,1898,1782200690.314638,,,
3709,0,svm,max,balanced,cached_mxbai,1899,1782200690.51358,,,
3211,0,svm,max,balanced,cached_mxbai,1900,1782200690.7105765,,,
5043,0,svm,max,balanced,cached_mxbai,1901,1782200690.9069858,,,
1084,0,svm,max,balanced,cached_mxbai,1902,1782200691.1070743,,,
2773,0,svm,max,balanced,cached_mxbai,1903,1782200691.30448,,,
8210,0,svm,max,balanced,cached_mxbai,1904,1782200691.5028265,,,
5231,0,svm,max,balanced,cached_mxbai,1905,1782200691.7016199,,,
5842,0,svm,max,balanced,cached_mxbai,1906,1782200691.8995538,,,
10446,0,svm,max,balanced,cached_mxbai,1907,1782200692.098094,,,
9369,0,svm,max,balanced,cached_mxbai,1908,1782200692.2983904,,,
4617,0,svm,max,balanced,cached_mxbai,1909,1782200692.5095541,,,
5087,0,svm,max,balanced,cached_mxbai,1910,1782200692.7141068,,,
3602,0,svm,max,balanced,cached_mxbai,1911,1782200692.9122732,,,
1502,0,svm,max,balanced,cached_mxbai,1912,1782200693.1120076,,,
4660,0,svm,max,balanced,cached_mxbai,1913,1782200693.3107271,,,
2473,0,svm,max,balanced,cached_mxbai,1914,1782200693.508995,,,
7091,0,svm,max,balanced,cached_mxbai,1915,1782200693.7082558,,,
3753,0,svm,max,balanced,cached_mxbai,1916,1782200693.9071314,,,
809,0,svm,max,balanced,cached_mxbai,1917,1782200694.1087208,,,
7891,0,svm,max,balanced,cached_mxbai,1918,1782200694.3087902,,,
5129,0,svm,max,balanced,cached_mxbai,1919,1782200694.5077128,,,
9572,0,svm,max,balanced,cached_mxbai,1920,1782200694.7077959,,,
9370,0,svm,max,balanced,cached_mxbai,1921,1782200694.9060736,,,
6216,0,svm,max,balanced,cached_mxbai,1922,1782200695.1169355,,,
3998,0,svm,max,balanced,cached_mxbai,1923,1782200695.3384185,,,
1808,0,svm,max,balanced,cached_mxbai,1924,1782200695.5381255,,,
8105,0,svm,max,balanced,cached_mxbai,1925,1782200695.738055,,,
3549,0,svm,max,balanced,cached_mxbai,1926,1782200695.936533,,,
1566,0,svm,max,balanced,cached_mxbai,1927,1782200696.1360443,,,
4175,0,svm,max,balanced,cached_mxbai,1928,1782200696.3374326,,,
10252,0,svm,max,balanced,cached_mxbai,1929,1782200696.5377789,,,
422,0,svm,max,balanced,cached_mxbai,1930,1782200696.73743,,,
1040,0,svm,max,balanced,cached_mxbai,1931,1782200696.9370313,,,
5136,0,svm,max,balanced,cached_mxbai,1932,1782200697.1408625,,,
4437,0,svm,max,balanced,cached_mxbai,1933,1782200697.3438752,,,
6616,0,svm,max,balanced,cached_mxbai,1934,1782200697.5441792,,,
6390,0,svm,max,balanced,cached_mxbai,1935,1782200697.7436275,,,
7950,0,svm,max,balanced,cached_mxbai,1936,1782200697.944205,,,
2819,0,svm,max,balanced,cached_mxbai,1937,1782200698.1452403,,,
4477,0,svm,max,balanced,cached_mxbai,1938,1782200698.3476524,,,
8024,0,svm,max,balanced,cached_mxbai,1939,1782200698.548234,,,
9603,0,svm,max,balanced,cached_mxbai,1940,1782200698.7515955,,,
8337,0,svm,max,balanced,cached_mxbai,1941,1782200698.95202,,,
4843,0,svm,max,balanced,cached_mxbai,1942,1782200699.1560166,,,
242,0,svm,max,balanced,cached_mxbai,1943,1782200699.3579323,,,
8610,0,svm,max,balanced,cached_mxbai,1944,1782200699.560209,,,
10120,0,svm,max,balanced,cached_mxbai,1945,1782200699.7617345,,,
8367,0,svm,max,balanced,cached_mxbai,1946,1782200699.9717133,,,
4344,0,svm,max,balanced,cached_mxbai,1947,1782200700.1688483,,,
7369,0,svm,max,balanced,cached_mxbai,1948,1782200700.367576,,,
3364,0,svm,max,balanced,cached_mxbai,1949,1782200700.56515,,,
4211,0,svm,max,balanced,cached_mxbai,1950,1782200700.7621057,,,
10557,0,svm,max,balanced,cached_mxbai,1951,1782200700.9581215,,,
6478,0,svm,max,balanced,cached_mxbai,1952,1782200701.1581905,,,
5310,0,svm,max,balanced,cached_mxbai,1953,1782200701.3598688,,,
3412,0,svm,max,balanced,cached_mxbai,1954,1782200701.561292,,,
3285,0,svm,max,balanced,cached_mxbai,1955,1782200701.761153,,,
2293,0,svm,max,balanced,cached_mxbai,1956,1782200701.9588804,,,
4823,0,svm,max,balanced,cached_mxbai,1957,1782200702.157145,,,
4150,0,svm,max,balanced,cached_mxbai,1958,1782200702.3571098,,,
5205,0,svm,max,balanced,cached_mxbai,1959,1782200702.5581481,,,
5696,0,svm,max,balanced,cached_mxbai,1960,1782200702.756032,,,
7550,0,svm,max,balanced,cached_mxbai,1961,1782200702.954048,,,
5042,0,svm,max,balanced,cached_mxbai,1962,1782200703.1554854,,,
5178,0,svm,max,balanced,cached_mxbai,1963,1782200703.356752,,,
8088,1,svm,max,balanced,cached_mxbai,1964,1782200703.5550168,,,
6045,0,svm,max,balanced,cached_mxbai,1965,1782200703.7536783,,,
9457,0,svm,max,balanced,cached_mxbai,1966,1782200703.951808,,,
4325,0,svm,max,balanced,cached_mxbai,1967,1782200704.1510937,,,
3495,0,svm,max,balanced,cached_mxbai,1968,1782200704.352336,,,
6284,0,svm,max,balanced,cached_mxbai,1969,1782200704.551148,,,
1439,0,svm,max,balanced,cached_mxbai,1970,1782200704.7504249,,,
8717,0,svm,max,balanced,cached_mxbai,1971,1782200704.9500802,,,
9804,0,svm,max,balanced,cached_mxbai,1972,1782200705.1557324,,,
4576,0,svm,max,balanced,cached_mxbai,1973,1782200705.3827245,,,
66,0,svm,max,balanced,cached_mxbai,1974,1782200705.5834076,,,
3705,0,svm,max,balanced,cached_mxbai,1975,1782200705.7844737,,,
8770,0,svm,max,balanced,cached_mxbai,1976,1782200705.9843667,,,
4806,0,svm,max,balanced,cached_mxbai,1977,1782200706.1843555,,,
3233,0,svm,max,balanced,cached_mxbai,1978,1782200706.383002,,,
1022,0,svm,max,balanced,cached_mxbai,1979,1782200706.5816708,,,
1594,0,svm,max,balanced,cached_mxbai,1980,1782200706.7792923,,,
4123,0,svm,max,balanced,cached_mxbai,1981,1782200706.9784126,,,
5562,0,svm,max,balanced,cached_mxbai,1982,1782200707.1848466,,,
3606,0,svm,max,balanced,cached_mxbai,1983,1782200707.386295,,,
1093,0,svm,max,balanced,cached_mxbai,1984,1782200707.5875602,,,
1926,0,svm,max,balanced,cached_mxbai,1985,1782200707.7872107,,,
4269,0,svm,max,balanced,cached_mxbai,1986,1782200707.9872084,,,
8194,0,svm,max,balanced,cached_mxbai,1987,1782200708.2131262,,,
9321,0,svm,max,balanced,cached_mxbai,1988,1782200708.416258,,,
9277,0,svm,max,balanced,cached_mxbai,1989,1782200708.619084,,,
7312,0,svm,max,balanced,cached_mxbai,1990,1782200708.8400044,,,
8335,0,svm,max,balanced,cached_mxbai,1991,1782200709.0427983,,,
3346,0,svm,max,balanced,cached_mxbai,1992,1782200709.2698593,,,
1486,0,svm,max,balanced,cached_mxbai,1993,1782200709.472736,,,
4550,0,svm,max,balanced,cached_mxbai,1994,1782200709.698089,,,
6989,0,svm,max,balanced,cached_mxbai,1995,1782200709.9009044,,,
10006,0,svm,max,balanced,cached_mxbai,1996,1782200710.1029842,,,
5255,0,svm,max,balanced,cached_mxbai,1997,1782200710.3087974,,,
6353,0,svm,max,balanced,cached_mxbai,1998,1782200710.5132916,,,
5734,0,svm,max,balanced,cached_mxbai,1999,1782200710.715892,,,
1761,0,svm,max,balanced,cached_mxbai,2000,1782200710.9178734,,,
3496,0,svm,max,balanced,cached_mxbai,2001,1782200711.1214585,,,
1006,0,svm,max,balanced,cached_mxbai,2002,1782200711.3289618,,,
2373,0,svm,max,balanced,cached_mxbai,2003,1782200711.53231,,,
3264,0,svm,max,balanced,cached_mxbai,2004,1782200711.734584,,,
6462,0,svm,max,balanced,cached_mxbai,2005,1782200711.9378216,,,
6185,0,svm,max,balanced,cached_mxbai,2006,1782200712.140214,,,
4186,0,svm,max,balanced,cached_mxbai,2007,1782200712.3548825,,,
8554,0,svm,max,balanced,cached_mxbai,2008,1782200712.585682,,,
7374,0,svm,max,balanced,cached_mxbai,2009,1782200712.8301876,,,
6359,0,svm,max,balanced,cached_mxbai,2010,1782200713.0683343,,,
2040,0,svm,max,balanced,cached_mxbai,2011,1782200713.3074076,,,
4855,0,svm,max,balanced,cached_mxbai,2012,1782200713.5435767,,,
95,0,svm,max,balanced,cached_mxbai,2013,1782200713.7702475,,,
9473,0,svm,max,balanced,cached_mxbai,2014,1782200714.0025191,,,
1546,0,svm,max,balanced,cached_mxbai,2015,1782200714.2394803,,,
9877,0,svm,max,balanced,cached_mxbai,2016,1782200714.473831,,,
2892,0,svm,max,balanced,cached_mxbai,2017,1782200714.696827,,,
4810,0,svm,max,balanced,cached_mxbai,2018,1782200714.911702,,,
7099,0,svm,max,balanced,cached_mxbai,2019,1782200715.1272352,,,
365,0,svm,max,balanced,cached_mxbai,2020,1782200715.3931403,,,
8761,0,svm,max,balanced,cached_mxbai,2021,1782200715.6202354,,,
5007,0,svm,max,balanced,cached_mxbai,2022,1782200715.8286736,,,
672,0,svm,max,balanced,cached_mxbai,2023,1782200716.0308495,,,
4857,0,svm,max,balanced,cached_mxbai,2024,1782200716.2357078,,,
3683,0,svm,max,balanced,cached_mxbai,2025,1782200716.4386046,,,
3274,0,svm,max,balanced,cached_mxbai,2026,1782200716.67001,,,
9733,0,svm,max,balanced,cached_mxbai,2027,1782200716.88917,,,
38,0,svm,max,balanced,cached_mxbai,2028,1782200717.102441,,,
6976,0,svm,max,balanced,cached_mxbai,2029,1782200717.304037,,,
3700,0,svm,max,balanced,cached_mxbai,2030,1782200717.5042906,,,
4852,0,svm,max,balanced,cached_mxbai,2031,1782200717.7076435,,,
2184,0,svm,max,balanced,cached_mxbai,2032,1782200717.9104228,,,
4581,0,svm,max,balanced,cached_mxbai,2033,1782200718.1119347,,,
5971,0,svm,max,balanced,cached_mxbai,2034,1782200718.3237934,,,
3245,0,svm,max,balanced,cached_mxbai,2035,1782200718.5265563,,,
8388,0,svm,max,balanced,cached_mxbai,2036,1782200718.726503,,,
4731,0,svm,max,balanced,cached_mxbai,2037,1782200718.926278,,,
7276,0,svm,max,balanced,cached_mxbai,2038,1782200719.1270318,,,
6424,0,svm,max,balanced,cached_mxbai,2039,1782200719.327855,,,
4525,0,svm,max,balanced,cached_mxbai,2040,1782200719.530123,,,
1896,0,svm,max,balanced,cached_mxbai,2041,1782200719.7371585,,,
8504,0,svm,max,balanced,cached_mxbai,2042,1782200719.9488983,,,
4082,0,svm,max,balanced,cached_mxbai,2043,1782200720.1556144,,,
9144,0,svm,max,balanced,cached_mxbai,2044,1782200720.3660781,,,
4929,0,svm,max,balanced,cached_mxbai,2045,1782200720.6011257,,,
5462,0,svm,max,balanced,cached_mxbai,2046,1782200720.8360434,,,
4183,0,svm,max,balanced,cached_mxbai,2047,1782200721.0653906,,,
6899,0,svm,max,balanced,cached_mxbai,2048,1782200721.2976947,,,
3867,0,svm,max,balanced,cached_mxbai,2049,1782200721.5339682,,,
4329,0,svm,max,balanced,cached_mxbai,2050,1782200721.7736661,,,
5068,0,svm,max,balanced,cached_mxbai,2051,1782200722.0133636,,,
4286,0,svm,max,balanced,cached_mxbai,2052,1782200722.2477305,,,
10403,0,svm,max,balanced,cached_mxbai,2053,1782200722.4941115,,,
6286,0,svm,max,balanced,cached_mxbai,2054,1782200722.7401514,,,
3054,0,svm,max,balanced,cached_mxbai,2055,1782200722.9825602,,,
8322,0,svm,max,balanced,cached_mxbai,2056,1782200723.2239006,,,
4407,0,svm,max,balanced,cached_mxbai,2057,1782200723.471195,,,
8583,0,svm,max,balanced,cached_mxbai,2058,1782200723.7152517,,,
7061,0,svm,max,balanced,cached_mxbai,2059,1782200723.9535162,,,
4596,0,svm,max,balanced,cached_mxbai,2060,1782200724.1933622,,,
8111,0,svm,max,balanced,cached_mxbai,2061,1782200724.4330661,,,
826,0,svm,max,balanced,cached_mxbai,2062,1782200724.6785905,,,
3419,0,svm,max,balanced,cached_mxbai,2063,1782200724.9196181,,,
3232,0,svm,max,balanced,cached_mxbai,2064,1782200725.171071,,,
3210,0,svm,max,balanced,cached_mxbai,2065,1782200725.4347584,,,
4755,0,svm,max,balanced,cached_mxbai,2066,1782200725.678418,,,
8082,0,svm,max,balanced,cached_mxbai,2067,1782200725.914162,,,
3497,0,svm,max,balanced,cached_mxbai,2068,1782200726.1459725,,,
5104,0,svm,max,balanced,cached_mxbai,2069,1782200726.3760839,,,
7446,0,svm,max,balanced,cached_mxbai,2070,1782200726.616652,,,
64,0,svm,max,balanced,cached_mxbai,2071,1782200726.8761835,,,
8283,0,svm,max,balanced,cached_mxbai,2072,1782200727.144988,,,
1073,0,svm,max,balanced,cached_mxbai,2073,1782200727.4073899,,,
5114,0,svm,max,balanced,cached_mxbai,2074,1782200727.6619356,,,
4730,0,svm,max,balanced,cached_mxbai,2075,1782200727.892829,,,
3622,0,svm,max,balanced,cached_mxbai,2076,1782200728.149876,,,
1914,0,svm,max,balanced,cached_mxbai,2077,1782200728.3847518,,,
5005,0,svm,max,balanced,cached_mxbai,2078,1782200728.6212318,,,
417,0,svm,max,balanced,cached_mxbai,2079,1782200728.860692,,,
5463,0,svm,max,balanced,cached_mxbai,2080,1782200729.0948584,,,
2121,0,svm,max,balanced,cached_mxbai,2081,1782200729.327744,,,
3213,0,svm,max,balanced,cached_mxbai,2082,1782200729.5599234,,,
3403,0,svm,max,balanced,cached_mxbai,2083,1782200729.7926562,,,
3993,0,svm,max,balanced,cached_mxbai,2084,1782200730.0253086,,,
9611,0,svm,max,balanced,cached_mxbai,2085,1782200730.270962,,,
5295,0,svm,max,balanced,cached_mxbai,2086,1782200730.5115209,,,
5466,0,svm,max,balanced,cached_mxbai,2087,1782200730.7508218,,,
6765,0,svm,max,balanced,cached_mxbai,2088,1782200731.1796145,,,
9472,0,svm,max,balanced,cached_mxbai,2089,1782200731.5313997,,,
7304,0,svm,max,balanced,cached_mxbai,2090,1782200731.8007357,,,
121,0,svm,max,balanced,cached_mxbai,2091,1782200732.0419204,,,
7130,0,svm,max,balanced,cached_mxbai,2092,1782200732.2777405,,,
7951,0,svm,max,balanced,cached_mxbai,2093,1782200732.5117176,,,
919,0,svm,max,balanced,cached_mxbai,2094,1782200732.74589,,,
9741,0,svm,max,balanced,cached_mxbai,2095,1782200733.005703,,,
4348,0,svm,max,balanced,cached_mxbai,2096,1782200733.2538764,,,
5003,0,svm,max,balanced,cached_mxbai,2097,1782200733.4975362,,,
1351,0,svm,max,balanced,cached_mxbai,2098,1782200733.7359576,,,
2948,0,svm,max,balanced,cached_mxbai,2099,1782200733.9798934,,,
10491,0,svm,max,balanced,cached_mxbai,2100,1782200734.2171917,,,
8370,0,svm,max,balanced,cached_mxbai,2101,1782200734.4566858,,,
4444,0,svm,max,balanced,cached_mxbai,2102,1782200734.6948924,,,
8462,0,svm,max,balanced,cached_mxbai,2103,1782200734.9351742,,,
3764,0,svm,max,balanced,cached_mxbai,2104,1782200735.17544,,,
4276,0,svm,max,balanced,cached_mxbai,2105,1782200735.4536524,,,
1490,0,svm,max,balanced,cached_mxbai,2106,1782200735.691065,,,
4282,0,svm,max,balanced,cached_mxbai,2107,1782200735.92758,,,
4022,0,svm,max,balanced,cached_mxbai,2108,1782200736.1652172,,,
4876,0,svm,max,balanced,cached_mxbai,2109,1782200736.4006805,,,
8263,0,svm,max,balanced,cached_mxbai,2110,1782200736.6371121,,,
6546,0,svm,max,balanced,cached_mxbai,2111,1782200736.8733487,,,
3062,0,svm,max,balanced,cached_mxbai,2112,1782200737.1109262,,,
2702,0,svm,max,balanced,cached_mxbai,2113,1782200737.3544714,,,
9559,0,svm,max,balanced,cached_mxbai,2114,1782200737.5931575,,,
4747,0,svm,max,balanced,cached_mxbai,2115,1782200737.8318992,,,
3604,0,svm,max,balanced,cached_mxbai,2116,1782200738.0700262,,,
4242,0,svm,max,balanced,cached_mxbai,2117,1782200738.3057532,,,
5044,0,svm,max,balanced,cached_mxbai,2118,1782200738.542954,,,
7733,0,svm,max,balanced,cached_mxbai,2119,1782200738.7814658,,,
244,0,svm,max,balanced,cached_mxbai,2120,1782200739.0179136,,,
4251,0,svm,max,balanced,cached_mxbai,2121,1782200739.2576644,,,
9089,0,svm,max,balanced,cached_mxbai,2122,1782200739.5001245,,,
1604,0,svm,max,balanced,cached_mxbai,2123,1782200739.7380557,,,
3637,0,svm,max,balanced,cached_mxbai,2124,1782200739.9763377,,,
4861,0,svm,max,balanced,cached_mxbai,2125,1782200740.217064,,,
4132,0,svm,max,balanced,cached_mxbai,2126,1782200740.456836,,,
5203,0,svm,max,balanced,cached_mxbai,2127,1782200740.705217,,,
5549,0,svm,max,balanced,cached_mxbai,2128,1782200740.9643166,,,
3704,0,svm,max,balanced,cached_mxbai,2129,1782200741.209939,,,
4370,0,svm,max,balanced,cached_mxbai,2130,1782200741.454812,,,
2690,0,svm,max,balanced,cached_mxbai,2131,1782200741.7001743,,,
5048,0,svm,max,balanced,cached_mxbai,2132,1782200741.9445457,,,
6105,0,svm,max,balanced,cached_mxbai,2133,1782200742.1872556,,,
5163,0,svm,max,balanced,cached_mxbai,2134,1782200742.4299912,,,
2544,0,svm,max,balanced,cached_mxbai,2135,1782200742.6807098,,,
2421,0,svm,max,balanced,cached_mxbai,2136,1782200742.9314253,,,
10210,0,svm,max,balanced,cached_mxbai,2137,1782200743.185111,,,
8833,0,svm,max,balanced,cached_mxbai,2138,1782200743.4425714,,,
1178,0,svm,max,balanced,cached_mxbai,2139,1782200743.6995227,,,
9856,0,svm,max,balanced,cached_mxbai,2140,1782200743.940185,,,
6310,0,svm,max,balanced,cached_mxbai,2141,1782200744.188451,,,
8488,0,svm,max,balanced,cached_mxbai,2142,1782200744.4697826,,,
5140,0,svm,max,balanced,cached_mxbai,2143,1782200744.7445548,,,
7495,0,svm,max,balanced,cached_mxbai,2144,1782200745.005507,,,
4335,0,svm,max,balanced,cached_mxbai,2145,1782200745.288105,,,
4462,0,svm,max,balanced,cached_mxbai,2146,1782200745.568458,,,
951,0,svm,max,balanced,cached_mxbai,2147,1782200745.8240385,,,
8555,0,svm,max,balanced,cached_mxbai,2148,1782200746.0856137,,,
10119,0,svm,max,balanced,cached_mxbai,2149,1782200746.3475807,,,
4917,0,svm,max,balanced,cached_mxbai,2150,1782200746.6151693,,,
3710,0,svm,max,balanced,cached_mxbai,2151,1782200746.8732684,,,
669,0,svm,max,balanced,cached_mxbai,2152,1782200747.127095,,,
7186,0,svm,max,balanced,cached_mxbai,2153,1782200747.3868988,,,
7917,0,svm,max,balanced,cached_mxbai,2154,1782200747.6481245,,,
10349,1,svm,max,balanced,cached_mxbai,2155,1782200747.9020605,,,
3715,0,svm,max,balanced,cached_mxbai,2156,1782200748.1589255,,,
5685,0,svm,max,balanced,cached_mxbai,2157,1782200748.4238272,,,
5444,0,svm,max,balanced,cached_mxbai,2158,1782200748.6856508,,,
5851,0,svm,max,balanced,cached_mxbai,2159,1782200748.949556,,,
177,0,svm,max,balanced,cached_mxbai,2160,1782200749.2091844,,,
3717,0,svm,max,balanced,cached_mxbai,2161,1782200749.4751484,,,
9789,0,svm,max,balanced,cached_mxbai,2162,1782200749.7340143,,,
7716,0,svm,max,balanced,cached_mxbai,2163,1782200749.9894052,,,
4909,0,svm,max,balanced,cached_mxbai,2164,1782200750.2479057,,,
9899,0,svm,max,balanced,cached_mxbai,2165,1782200750.5022762,,,
5190,0,svm,max,balanced,cached_mxbai,2166,1782200750.7659051,,,
1253,0,svm,max,balanced,cached_mxbai,2167,1782200751.0224595,,,
8920,0,svm,max,balanced,cached_mxbai,2168,1782200751.2782881,,,
5793,0,svm,max,balanced,cached_mxbai,2169,1782200751.533728,,,
6230,0,svm,max,balanced,cached_mxbai,2170,1782200751.7945347,,,
3514,0,svm,max,balanced,cached_mxbai,2171,1782200752.0503185,,,
10325,0,svm,max,balanced,cached_mxbai,2172,1782200752.3065841,,,
3816,0,svm,max,balanced,cached_mxbai,2173,1782200752.5590124,,,
3825,0,svm,max,balanced,cached_mxbai,2174,1782200752.8141623,,,
169,0,svm,max,balanced,cached_mxbai,2175,1782200753.074898,,,
4825,0,svm,max,balanced,cached_mxbai,2176,1782200753.3318837,,,
6063,0,svm,max,balanced,cached_mxbai,2177,1782200753.5904899,,,
8031,0,svm,max,balanced,cached_mxbai,2178,1782200753.8456786,,,
3665,0,svm,max,balanced,cached_mxbai,2179,1782200754.100288,,,
8680,0,svm,max,balanced,cached_mxbai,2180,1782200754.3527565,,,
3855,0,svm,max,balanced,cached_mxbai,2181,1782200754.6068375,,,
5033,0,svm,max,balanced,cached_mxbai,2182,1782200754.8615053,,,
4903,0,svm,max,balanced,cached_mxbai,2183,1782200755.1317966,,,
1200,0,svm,max,balanced,cached_mxbai,2184,1782200755.4095206,,,
9788,0,svm,max,balanced,cached_mxbai,2185,1782200755.665737,,,
3156,0,svm,max,balanced,cached_mxbai,2186,1782200755.9232779,,,
3745,0,svm,max,balanced,cached_mxbai,2187,1782200756.1846614,,,
7230,0,svm,max,balanced,cached_mxbai,2188,1782200756.4447699,,,
4935,0,svm,max,balanced,cached_mxbai,2189,1782200756.7024794,,,
288,0,svm,max,balanced,cached_mxbai,2190,1782200756.971034,,,
3865,0,svm,max,balanced,cached_mxbai,2191,1782200757.2348168,,,
8657,0,svm,max,balanced,cached_mxbai,2192,1782200757.4980452,,,
3881,0,svm,max,balanced,cached_mxbai,2193,1782200757.7734756,,,
1108,0,svm,max,balanced,cached_mxbai,2194,1782200758.0367994,,,
9659,0,svm,max,balanced,cached_mxbai,2195,1782200758.3011644,,,
7074,0,svm,max,balanced,cached_mxbai,2196,1782200758.5721796,,,
7164,0,svm,max,balanced,cached_mxbai,2197,1782200758.8402874,,,
5126,0,svm,max,balanced,cached_mxbai,2198,1782200759.1015396,,,
7931,0,svm,max,balanced,cached_mxbai,2199,1782200759.3640292,,,
3794,0,svm,max,balanced,cached_mxbai,2200,1782200759.6232467,,,
10064,0,svm,max,balanced,cached_mxbai,2201,1782200759.9002929,,,
4366,0,svm,max,balanced,cached_mxbai,2202,1782200760.176214,,,
1934,0,svm,max,balanced,cached_mxbai,2203,1782200760.4420996,,,
464,0,svm,max,balanced,cached_mxbai,2204,1782200760.703918,,,
4621,0,svm,max,balanced,cached_mxbai,2205,1782200760.964185,,,
170,0,svm,max,balanced,cached_mxbai,2206,1782200761.218287,,,
2461,0,svm,max,balanced,cached_mxbai,2207,1782200761.48406,,,
6988,0,svm,max,balanced,cached_mxbai,2208,1782200761.7373796,,,
9195,0,svm,max,balanced,cached_mxbai,2209,1782200761.992639,,,
4880,0,svm,max,balanced,cached_mxbai,2210,1782200762.2458458,,,
3703,0,svm,max,balanced,cached_mxbai,2211,1782200762.4943948,,,
10066,0,svm,max,balanced,cached_mxbai,2212,1782200762.742143,,,
5747,0,svm,max,balanced,cached_mxbai,2213,1782200762.9939122,,,
9206,0,svm,max,balanced,cached_mxbai,2214,1782200763.2489202,,,
653,0,svm,max,balanced,cached_mxbai,2215,1782200763.506836,,,
3856,0,svm,max,balanced,cached_mxbai,2216,1782200763.7558022,,,
7773,0,svm,max,balanced,cached_mxbai,2217,1782200764.0146563,,,
4844,0,svm,max,balanced,cached_mxbai,2218,1782200764.2633498,,,
10534,0,svm,max,balanced,cached_mxbai,2219,1782200764.5155246,,,
4324,0,svm,max,balanced,cached_mxbai,2220,1782200764.7649112,,,
6654,0,svm,max,balanced,cached_mxbai,2221,1782200765.020445,,,
4156,0,svm,max,balanced,cached_mxbai,2222,1782200765.323839,,,
6240,0,svm,max,balanced,cached_mxbai,2223,1782200765.5886314,,,
5166,0,svm,max,balanced,cached_mxbai,2224,1782200765.8497663,,,
8436,0,svm,max,balanced,cached_mxbai,2225,1782200766.1011584,,,
8073,0,svm,max,balanced,cached_mxbai,2226,1782200766.3515422,,,
4332,0,svm,max,balanced,cached_mxbai,2227,1782200766.6026156,,,
8831,0,svm,max,balanced,cached_mxbai,2228,1782200766.8520997,,,
4,0,svm,max,balanced,cached_mxbai,2229,1782200767.1043737,,,
7552,0,svm,max,balanced,cached_mxbai,2230,1782200767.3577793,,,
1060,0,svm,max,balanced,cached_mxbai,2231,1782200767.6087925,,,
8627,0,svm,max,balanced,cached_mxbai,2232,1782200767.8610854,,,
3712,0,svm,max,balanced,cached_mxbai,2233,1782200768.1156805,,,
4796,0,svm,max,balanced,cached_mxbai,2234,1782200768.3671281,,,
3220,0,svm,max,balanced,cached_mxbai,2235,1782200768.6250365,,,
4979,0,svm,max,balanced,cached_mxbai,2236,1782200768.8838902,,,
915,0,svm,max,balanced,cached_mxbai,2237,1782200769.1436534,,,
9622,0,svm,max,balanced,cached_mxbai,2238,1782200769.4023635,,,
254,0,svm,max,balanced,cached_mxbai,2239,1782200769.6569602,,,
8476,0,svm,max,balanced,cached_mxbai,2240,1782200769.9165645,,,
5097,0,svm,max,balanced,cached_mxbai,2241,1782200770.172165,,,
4795,0,svm,max,balanced,cached_mxbai,2242,1782200770.4493048,,,
7041,0,svm,max,balanced,cached_mxbai,2243,1782200770.716892,,,
3456,0,svm,max,balanced,cached_mxbai,2244,1782200770.9775367,,,
3980,0,svm,max,balanced,cached_mxbai,2245,1782200771.2367287,,,
3215,0,svm,max,balanced,cached_mxbai,2246,1782200771.5046847,,,
8832,1,svm,max,balanced,cached_mxbai,2247,1782200771.7659647,,,
7776,0,svm,max,balanced,cached_mxbai,2248,1782200772.0259678,,,
7258,0,svm,max,balanced,cached_mxbai,2249,1782200772.2830718,,,
222,0,svm,max,balanced,cached_mxbai,2250,1782200772.5449533,,,
9292,0,svm,max,balanced,cached_mxbai,2251,1782200772.802919,,,
3108,0,svm,max,balanced,cached_mxbai,2252,1782200773.0642622,,,
4212,0,svm,max,balanced,cached_mxbai,2253,1782200773.3246572,,,
8190,0,svm,max,balanced,cached_mxbai,2254,1782200773.585265,,,
4585,0,svm,max,balanced,cached_mxbai,2255,1782200773.844039,,,
3673,0,svm,max,balanced,cached_mxbai,2256,1782200774.1044607,,,
267,0,svm,max,balanced,cached_mxbai,2257,1782200774.358078,,,
10281,0,svm,max,balanced,cached_mxbai,2258,1782200774.6125,,,
6276,0,svm,max,balanced,cached_mxbai,2259,1782200774.867619,,,
1606,0,svm,max,balanced,cached_mxbai,2260,1782200775.1279876,,,
3430,0,svm,max,balanced,cached_mxbai,2261,1782200775.4102018,,,
1446,0,svm,max,balanced,cached_mxbai,2262,1782200775.6728337,,,
4775,0,svm,max,balanced,cached_mxbai,2263,1782200775.9297335,,,
7127,0,svm,max,balanced,cached_mxbai,2264,1782200776.1889093,,,
3842,0,svm,max,balanced,cached_mxbai,2265,1782200776.4451282,,,
4877,0,svm,max,balanced,cached_mxbai,2266,1782200776.699321,,,
6170,0,svm,max,balanced,cached_mxbai,2267,1782200776.9629512,,,
9011,0,svm,max,balanced,cached_mxbai,2268,1782200777.224754,,,
1465,0,svm,max,balanced,cached_mxbai,2269,1782200777.4868019,,,
3551,0,svm,max,balanced,cached_mxbai,2270,1782200777.747546,,,
8816,0,svm,max,balanced,cached_mxbai,2271,1782200778.0102396,,,
10432,0,svm,max,balanced,cached_mxbai,2272,1782200778.2705886,,,
4604,0,svm,max,balanced,cached_mxbai,2273,1782200778.532158,,,
9602,0,svm,max,balanced,cached_mxbai,2274,1782200778.7924361,,,
2557,0,svm,max,balanced,cached_mxbai,2275,1782200779.0564725,,,
7101,0,svm,max,balanced,cached_mxbai,2276,1782200779.3156257,,,
1429,0,svm,max,balanced,cached_mxbai,2277,1782200779.5768828,,,
1500,0,svm,max,balanced,cached_mxbai,2278,1782200779.8415875,,,
7048,0,svm,max,balanced,cached_mxbai,2279,1782200780.1056607,,,
665,0,svm,max,balanced,cached_mxbai,2280,1782200780.3677087,,,
3947,0,svm,max,balanced,cached_mxbai,2281,1782200780.631891,,,
5354,0,svm,max,balanced,cached_mxbai,2282,1782200780.892712,,,
2,0,svm,max,balanced,cached_mxbai,2283,1782200781.1563008,,,
448,0,svm,max,balanced,cached_mxbai,2284,1782200781.421679,,,
3887,0,svm,max,balanced,cached_mxbai,2285,1782200781.685991,,,
862,0,svm,max,balanced,cached_mxbai,2286,1782200781.9498754,,,
6531,0,svm,max,balanced,cached_mxbai,2287,1782200782.212799,,,
9188,0,svm,max,balanced,cached_mxbai,2288,1782200782.4742355,,,
45,0,svm,max,balanced,cached_mxbai,2289,1782200782.7378814,,,
1739,0,svm,max,balanced,cached_mxbai,2290,1782200783.0014296,,,
7324,0,svm,max,balanced,cached_mxbai,2291,1782200783.2637715,,,
4774,0,svm,max,balanced,cached_mxbai,2292,1782200783.5307963,,,
4287,0,svm,max,balanced,cached_mxbai,2293,1782200783.7955883,,,
8265,0,svm,max,balanced,cached_mxbai,2294,1782200784.0588992,,,
3272,0,svm,max,balanced,cached_mxbai,2295,1782200784.3212907,,,
5037,0,svm,max,balanced,cached_mxbai,2296,1782200784.5928226,,,
5991,0,svm,max,balanced,cached_mxbai,2297,1782200784.8653436,,,
3626,0,svm,max,balanced,cached_mxbai,2298,1782200785.150822,,,
4129,0,svm,max,balanced,cached_mxbai,2299,1782200785.4616299,,,
4931,0,svm,max,balanced,cached_mxbai,2300,1782200785.7317557,,,
1671,0,svm,max,balanced,cached_mxbai,2301,1782200786.008801,,,
10386,0,svm,max,balanced,cached_mxbai,2302,1782200786.2802672,,,
8220,0,svm,max,balanced,cached_mxbai,2303,1782200786.5528836,,,
109,0,svm,max,balanced,cached_mxbai,2304,1782200786.8224463,,,
4545,0,svm,max,balanced,cached_mxbai,2305,1782200787.094669,,,
5712,0,svm,max,balanced,cached_mxbai,2306,1782200787.3592734,,,
5595,0,svm,max,balanced,cached_mxbai,2307,1782200787.6290443,,,
6706,0,svm,max,balanced,cached_mxbai,2308,1782200787.899403,,,
6425,0,svm,max,balanced,cached_mxbai,2309,1782200788.1713438,,,
4814,0,svm,max,balanced,cached_mxbai,2310,1782200788.4420528,,,
7507,0,svm,max,balanced,cached_mxbai,2311,1782200788.7132385,,,
10192,0,svm,max,balanced,cached_mxbai,2312,1782200788.985997,,,
3949,0,svm,max,balanced,cached_mxbai,2313,1782200789.2577026,,,
5041,0,svm,max,balanced,cached_mxbai,2314,1782200789.5297508,,,
5164,0,svm,max,balanced,cached_mxbai,2315,1782200789.8027132,,,
4327,0,svm,max,balanced,cached_mxbai,2316,1782200790.0739138,,,
5935,0,svm,max,balanced,cached_mxbai,2317,1782200790.349843,,,
191,0,svm,max,balanced,cached_mxbai,2318,1782200790.6205895,,,
10129,0,svm,max,balanced,cached_mxbai,2319,1782200790.8923628,,,
4610,0,svm,max,balanced,cached_mxbai,2320,1782200791.1647966,,,
747,0,svm,max,balanced,cached_mxbai,2321,1782200791.4447248,,,
3663,0,svm,max,balanced,cached_mxbai,2322,1782200791.7214208,,,
1306,0,svm,max,balanced,cached_mxbai,2323,1782200791.9948373,,,
752,0,svm,max,balanced,cached_mxbai,2324,1782200792.2687616,,,
8737,0,svm,max,balanced,cached_mxbai,2325,1782200792.5433059,,,
4584,0,svm,max,balanced,cached_mxbai,2326,1782200792.8162465,,,
7560,0,svm,max,balanced,cached_mxbai,2327,1782200793.0891438,,,
5228,0,svm,max,balanced,cached_mxbai,2328,1782200793.3668504,,,
4866,0,svm,max,balanced,cached_mxbai,2329,1782200793.6443915,,,
5157,0,svm,max,balanced,cached_mxbai,2330,1782200793.9182696,,,
5142,0,svm,max,balanced,cached_mxbai,2331,1782200794.195209,,,
3,0,svm,max,balanced,cached_mxbai,2332,1782200794.472982,,,
4671,0,svm,max,balanced,cached_mxbai,2333,1782200794.7482493,,,
33,0,svm,max,balanced,cached_mxbai,2334,1782200795.0227304,,,
4314,0,svm,max,balanced,cached_mxbai,2335,1782200795.3199987,,,
3528,0,svm,max,balanced,cached_mxbai,2336,1782200795.5982974,,,
3662,0,svm,max,balanced,cached_mxbai,2337,1782200795.8755372,,,
2436,0,svm,max,balanced,cached_mxbai,2338,1782200796.1519423,,,
5122,0,svm,max,balanced,cached_mxbai,2339,1782200796.4319944,,,
3734,0,svm,max,balanced,cached_mxbai,2340,1782200796.7100224,,,
4983,0,svm,max,balanced,cached_mxbai,2341,1782200796.989034,,,
3698,0,svm,max,balanced,cached_mxbai,2342,1782200797.2695317,,,
4094,0,svm,max,balanced,cached_mxbai,2343,1782200797.5485957,,,
6925,0,svm,max,balanced,cached_mxbai,2344,1782200797.8282802,,,
1315,0,svm,max,balanced,cached_mxbai,2345,1782200798.1069605,,,
5026,0,svm,max,balanced,cached_mxbai,2346,1782200798.3870609,,,
4007,0,svm,max,balanced,cached_mxbai,2347,1782200798.6653645,,,
6385,0,svm,max,balanced,cached_mxbai,2348,1782200798.9437306,,,
5224,0,svm,max,balanced,cached_mxbai,2349,1782200799.222034,,,
9688,0,svm,max,balanced,cached_mxbai,2350,1782200799.5004826,,,
7609,0,svm,max,balanced,cached_mxbai,2351,1782200799.7707517,,,
3367,0,svm,max,balanced,cached_mxbai,2352,1782200800.053304,,,
10360,0,svm,max,balanced,cached_mxbai,2353,1782200800.324672,,,
1809,0,svm,max,balanced,cached_mxbai,2354,1782200800.5970013,,,
703,0,svm,max,balanced,cached_mxbai,2355,1782200800.8670335,,,
4949,0,svm,max,balanced,cached_mxbai,2356,1782200801.141971,,,
5094,0,svm,max,balanced,cached_mxbai,2357,1782200801.4139261,,,
3607,0,svm,max,balanced,cached_mxbai,2358,1782200801.6896493,,,
3951,0,svm,max,balanced,cached_mxbai,2359,1782200801.9598663,,,
9530,0,svm,max,balanced,cached_mxbai,2360,1782200802.233141,,,
9341,0,svm,max,balanced,cached_mxbai,2361,1782200802.5052419,,,
4184,0,svm,max,balanced,cached_mxbai,2362,1782200802.7783344,,,
3351,0,svm,max,balanced,cached_mxbai,2363,1782200803.0525625,,,
4266,0,svm,max,balanced,cached_mxbai,2364,1782200803.324971,,,
4769,0,svm,max,balanced,cached_mxbai,2365,1782200803.6002965,,,
723,0,svm,max,balanced,cached_mxbai,2366,1782200803.8731909,,,
5117,0,svm,max,balanced,cached_mxbai,2367,1782200804.1448336,,,
7709,0,svm,max,balanced,cached_mxbai,2368,1782200804.4173334,,,
7059,0,svm,max,balanced,cached_mxbai,2369,1782200804.6951954,,,
7349,0,svm,max,balanced,cached_mxbai,2370,1782200804.9713917,,,
2673,0,svm,max,balanced,cached_mxbai,2371,1782200805.2548304,,,
5135,0,svm,max,balanced,cached_mxbai,2372,1782200805.5368912,,,
2346,0,svm,max,balanced,cached_mxbai,2373,1782200805.812633,,,
4694,0,svm,max,balanced,cached_mxbai,2374,1782200806.0905795,,,
10402,0,svm,max,balanced,cached_mxbai,2375,1782200806.362259,,,
8144,0,svm,max,balanced,cached_mxbai,2376,1782200806.635513,,,
10497,0,svm,max,balanced,cached_mxbai,2377,1782200806.9127843,,,
7805,0,svm,max,balanced,cached_mxbai,2378,1782200807.1839924,,,
6555,0,svm,max,balanced,cached_mxbai,2379,1782200807.459843,,,
4972,0,svm,max,balanced,cached_mxbai,2380,1782200807.7351062,,,
6426,0,svm,max,balanced,cached_mxbai,2381,1782200808.0061526,,,
8642,0,svm,max,balanced,cached_mxbai,2382,1782200808.278479,,,
2769,0,svm,max,balanced,cached_mxbai,2383,1782200808.552511,,,
5015,0,svm,max,balanced,cached_mxbai,2384,1782200808.8296885,,,
1590,0,svm,max,balanced,cached_mxbai,2385,1782200809.109572,,,
10096,0,svm,max,balanced,cached_mxbai,2386,1782200809.38954,,,
7570,0,svm,max,balanced,cached_mxbai,2387,1782200809.6648278,,,
5459,0,svm,max,balanced,cached_mxbai,2388,1782200809.9418235,,,
4206,0,svm,max,balanced,cached_mxbai,2389,1782200810.2194867,,,
4726,0,svm,max,balanced,cached_mxbai,2390,1782200810.496419,,,
115,0,svm,max,balanced,cached_mxbai,2391,1782200810.771124,,,
10536,0,svm,max,balanced,cached_mxbai,2392,1782200811.0497096,,,
3581,0,svm,max,balanced,cached_mxbai,2393,1782200811.322769,,,
5539,0,svm,max,balanced,cached_mxbai,2394,1782200811.60049,,,
8033,0,svm,max,balanced,cached_mxbai,2395,1782200811.878173,,,
4395,0,svm,max,balanced,cached_mxbai,2396,1782200812.1528368,,,
3913,0,svm,max,balanced,cached_mxbai,2397,1782200812.4333403,,,
4614,0,svm,max,balanced,cached_mxbai,2398,1782200812.7118125,,,
394,0,svm,max,balanced,cached_mxbai,2399,1782200812.9944162,,,
9106,0,svm,max,balanced,cached_mxbai,2400,1782200813.2682662,,,
8871,0,svm,max,balanced,cached_mxbai,2401,1782200813.548571,,,
5248,0,svm,max,balanced,cached_mxbai,2402,1782200813.8254368,,,
3674,0,svm,max,balanced,cached_mxbai,2403,1782200814.1041985,,,
6896,0,svm,max,balanced,cached_mxbai,2404,1782200814.3816788,,,
1226,0,svm,max,balanced,cached_mxbai,2405,1782200814.6558177,,,
4428,0,svm,max,balanced,cached_mxbai,2406,1782200814.931205,,,
4518,0,svm,max,balanced,cached_mxbai,2407,1782200815.2302876,,,
8309,0,svm,max,balanced,cached_mxbai,2408,1782200815.5298865,,,
7766,0,svm,max,balanced,cached_mxbai,2409,1782200815.816719,,,
3163,0,svm,max,balanced,cached_mxbai,2410,1782200816.1074443,,,
388,0,svm,max,balanced,cached_mxbai,2411,1782200816.4034076,,,
3406,0,svm,max,balanced,cached_mxbai,2412,1782200816.6991875,,,
4859,0,svm,max,balanced,cached_mxbai,2413,1782200816.992317,,,
4300,0,svm,max,balanced,cached_mxbai,2414,1782200817.2961643,,,
10002,0,svm,max,balanced,cached_mxbai,2415,1782200817.5937302,,,
9505,0,svm,max,balanced,cached_mxbai,2416,1782200817.9025612,,,
1197,0,svm,max,balanced,cached_mxbai,2417,1782200818.2051392,,,
5864,0,svm,max,balanced,cached_mxbai,2418,1782200818.5083988,,,
561,0,svm,max,balanced,cached_mxbai,2419,1782200818.7969177,,,
4288,0,svm,max,balanced,cached_mxbai,2420,1782200819.071052,,,
6835,0,svm,max,balanced,cached_mxbai,2421,1782200819.34255,,,
3642,0,svm,max,balanced,cached_mxbai,2422,1782200819.6143808,,,
5124,0,svm,max,balanced,cached_mxbai,2423,1782200819.8878508,,,
6759,0,svm,max,balanced,cached_mxbai,2424,1782200820.1619678,,,
10445,0,svm,max,balanced,cached_mxbai,2425,1782200820.435636,,,
5428,0,svm,max,balanced,cached_mxbai,2426,1782200820.7088208,,,
3730,0,svm,max,balanced,cached_mxbai,2427,1782200820.9854758,,,
8732,0,svm,max,balanced,cached_mxbai,2428,1782200821.2578673,,,
5121,0,svm,max,balanced,cached_mxbai,2429,1782200821.534411,,,
4028,0,svm,max,balanced,cached_mxbai,2430,1782200821.8089554,,,
513,0,svm,max,balanced,cached_mxbai,2431,1782200822.0857055,,,
5433,0,svm,max,balanced,cached_mxbai,2432,1782200822.359875,,,
7307,0,svm,max,balanced,cached_mxbai,2433,1782200822.6408875,,,
2868,0,svm,max,balanced,cached_mxbai,2434,1782200822.9219542,,,
1107,0,svm,max,balanced,cached_mxbai,2435,1782200823.2026563,,,
73,0,svm,max,balanced,cached_mxbai,2436,1782200823.5169945,,,
4651,0,svm,max,balanced,cached_mxbai,2437,1782200823.8252738,,,
5392,0,svm,max,balanced,cached_mxbai,2438,1782200824.1350138,,,
3405,0,svm,max,balanced,cached_mxbai,2439,1782200824.4472573,,,
4052,0,svm,max,balanced,cached_mxbai,2440,1782200824.7675705,,,
4945,0,svm,max,balanced,cached_mxbai,2441,1782200825.081877,,,
1323,0,svm,max,balanced,cached_mxbai,2442,1782200825.409052,,,
4898,0,svm,max,balanced,cached_mxbai,2443,1782200825.721431,,,
4115,0,svm,max,balanced,cached_mxbai,2444,1782200826.032162,,,
10125,0,svm,max,balanced,cached_mxbai,2445,1782200826.3449328,,,
5057,0,svm,max,balanced,cached_mxbai,2446,1782200826.6580741,,,
6473,0,svm,max,balanced,cached_mxbai,2447,1782200826.971991,,,
7715,0,svm,max,balanced,cached_mxbai,2448,1782200827.287092,,,
1183,0,svm,max,balanced,cached_mxbai,2449,1782200827.6009543,,,
8060,0,svm,max,balanced,cached_mxbai,2450,1782200827.9122329,,,
3560,0,svm,max,balanced,cached_mxbai,2451,1782200828.2253716,,,
9335,0,svm,max,balanced,cached_mxbai,2452,1782200828.5435114,,,
8950,0,svm,max,balanced,cached_mxbai,2453,1782200828.857021,,,
4878,0,svm,max,balanced,cached_mxbai,2454,1782200829.1695104,,,
3937,0,svm,max,balanced,cached_mxbai,2455,1782200829.483728,,,
4238,0,svm,max,balanced,cached_mxbai,2456,1782200829.794202,,,
10080,0,svm,max,balanced,cached_mxbai,2457,1782200830.110121,,,
4925,0,svm,max,balanced,cached_mxbai,2458,1782200830.4217653,,,
4997,0,svm,max,balanced,cached_mxbai,2459,1782200830.7399385,,,
9046,0,svm,max,balanced,cached_mxbai,2460,1782200831.0514634,,,
3467,0,svm,max,balanced,cached_mxbai,2461,1782200831.3670974,,,
3585,0,svm,max,balanced,cached_mxbai,2462,1782200831.6900623,,,
4924,0,svm,max,balanced,cached_mxbai,2463,1782200832.0085337,,,
2439,0,svm,max,balanced,cached_mxbai,2464,1782200832.3228815,,,
10464,0,svm,max,balanced,cached_mxbai,2465,1782200832.6426992,,,
905,0,svm,max,balanced,cached_mxbai,2466,1782200832.957983,,,
4672,0,svm,max,balanced,cached_mxbai,2467,1782200833.2722785,,,
1930,0,svm,max,balanced,cached_mxbai,2468,1782200833.5879486,,,
1058,0,svm,max,balanced,cached_mxbai,2469,1782200833.903595,,,
6178,0,svm,max,balanced,cached_mxbai,2470,1782200834.2142253,,,
5787,0,svm,max,balanced,cached_mxbai,2471,1782200834.5288174,,,
1400,0,svm,max,balanced,cached_mxbai,2472,1782200834.8438318,,,
3542,0,svm,max,balanced,cached_mxbai,2473,1782200835.1685731,,,
4696,0,svm,max,balanced,cached_mxbai,2474,1782200835.5132775,,,
6433,0,svm,max,balanced,cached_mxbai,2475,1782200835.834788,,,
4218,0,svm,max,balanced,cached_mxbai,2476,1782200836.1539316,,,
8005,0,svm,max,balanced,cached_mxbai,2477,1782200836.4725046,,,
8891,0,svm,max,balanced,cached_mxbai,2478,1782200836.7887216,,,
3503,0,svm,max,balanced,cached_mxbai,2479,1782200837.103358,,,
868,0,svm,max,balanced,cached_mxbai,2480,1782200837.415706,,,
5233,0,svm,max,balanced,cached_mxbai,2481,1782200837.7368546,,,
6225,0,svm,max,balanced,cached_mxbai,2482,1782200838.0517862,,,
1011,0,svm,max,balanced,cached_mxbai,2483,1782200838.3660645,,,
104,0,svm,max,balanced,cached_mxbai,2484,1782200838.6965923,,,
3203,0,svm,max,balanced,cached_mxbai,2485,1782200839.016748,,,
5035,0,svm,max,balanced,cached_mxbai,2486,1782200839.331277,,,
3570,0,svm,max,balanced,cached_mxbai,2487,1782200839.6499748,,,
7007,0,svm,max,balanced,cached_mxbai,2488,1782200839.9688365,,,
4999,0,svm,max,balanced,cached_mxbai,2489,1782200840.2882562,,,
4402,0,svm,max,balanced,cached_mxbai,2490,1782200840.6033063,,,
4888,0,svm,max,balanced,cached_mxbai,2491,1782200840.9199393,,,
9389,0,svm,max,balanced,cached_mxbai,2492,1782200841.2428007,,,
9748,0,svm,max,balanced,cached_mxbai,2493,1782200841.5589738,,,
2799,0,svm,max,balanced,cached_mxbai,2494,1782200841.877525,,,
3733,0,svm,max,balanced,cached_mxbai,2495,1782200842.196255,,,
1731,0,svm,max,balanced,cached_mxbai,2496,1782200842.511422,,,
3658,0,svm,max,balanced,cached_mxbai,2497,1782200842.8279037,,,
2535,0,svm,max,balanced,cached_mxbai,2498,1782200843.1488948,,,
5215,0,svm,max,balanced,cached_mxbai,2499,1782200843.4645085,,,
5277,0,svm,max,balanced,cached_mxbai,2500,1782200843.7490926,,,
4768,0,svm,max,balanced,cached_mxbai,2501,1782200844.035057,,,
8351,0,svm,max,balanced,cached_mxbai,2502,1782200844.3165994,,,
9303,0,svm,max,balanced,cached_mxbai,2503,1782200844.5962317,,,
9593,0,svm,max,balanced,cached_mxbai,2504,1782200844.878597,,,
5427,0,svm,max,balanced,cached_mxbai,2505,1782200845.1729317,,,
7271,0,svm,max,balanced,cached_mxbai,2506,1782200845.4781678,,,
6773,0,svm,max,balanced,cached_mxbai,2507,1782200845.7607188,,,
3379,0,svm,max,balanced,cached_mxbai,2508,1782200846.042254,,,
9554,0,svm,max,balanced,cached_mxbai,2509,1782200846.3259983,,,
4841,0,svm,max,balanced,cached_mxbai,2510,1782200846.6099627,,,
5800,0,svm,max,balanced,cached_mxbai,2511,1782200846.8945515,,,
5260,0,svm,max,balanced,cached_mxbai,2512,1782200847.179734,,,
1937,0,svm,max,balanced,cached_mxbai,2513,1782200847.463774,,,
4367,0,svm,max,balanced,cached_mxbai,2514,1782200847.7466059,,,
8325,0,svm,max,balanced,cached_mxbai,2515,1782200848.0289822,,,
5382,0,svm,max,balanced,cached_mxbai,2516,1782200848.3124743,,,
8579,0,svm,max,balanced,cached_mxbai,2517,1782200848.6078076,,,
3772,0,svm,max,balanced,cached_mxbai,2518,1782200848.8941247,,,
299,0,svm,max,balanced,cached_mxbai,2519,1782200849.1789036,,,
4500,0,svm,max,balanced,cached_mxbai,2520,1782200849.4639084,,,
9950,0,svm,max,balanced,cached_mxbai,2521,1782200849.7506828,,,
9319,0,svm,max,balanced,cached_mxbai,2522,1782200850.0367515,,,
3584,0,svm,max,balanced,cached_mxbai,2523,1782200850.3212695,,,
8612,0,svm,max,balanced,cached_mxbai,2524,1782200850.6044135,,,
8949,0,svm,max,balanced,cached_mxbai,2525,1782200850.888383,,,
4921,0,svm,max,balanced,cached_mxbai,2526,1782200851.176136,,,
10070,0,svm,max,balanced,cached_mxbai,2527,1782200851.4614666,,,
6579,0,svm,max,balanced,cached_mxbai,2528,1782200851.7491047,,,
9014,0,svm,max,balanced,cached_mxbai,2529,1782200852.0381427,,,
9795,0,svm,max,balanced,cached_mxbai,2530,1782200852.3314383,,,
3148,0,svm,max,balanced,cached_mxbai,2531,1782200852.6255016,,,
10190,0,svm,max,balanced,cached_mxbai,2532,1782200852.9189343,,,
5827,0,svm,max,balanced,cached_mxbai,2533,1782200853.2131605,,,
7350,0,svm,max,balanced,cached_mxbai,2534,1782200853.507325,,,
835,0,svm,max,balanced,cached_mxbai,2535,1782200853.8042169,,,
3110,0,svm,max,balanced,cached_mxbai,2536,1782200854.1007578,,,
10130,0,svm,max,balanced,cached_mxbai,2537,1782200854.393955,,,
4944,0,svm,max,balanced,cached_mxbai,2538,1782200854.6870077,,,
3879,0,svm,max,balanced,cached_mxbai,2539,1782200854.982833,,,
7578,0,svm,max,balanced,cached_mxbai,2540,1782200855.2979052,,,
5170,0,svm,max,balanced,cached_mxbai,2541,1782200855.5909705,,,
3651,0,svm,max,balanced,cached_mxbai,2542,1782200855.887159,,,
4803,0,svm,max,balanced,cached_mxbai,2543,1782200856.1817243,,,
9735,0,svm,max,balanced,cached_mxbai,2544,1782200856.4766686,,,
7455,0,svm,max,balanced,cached_mxbai,2545,1782200856.77155,,,
4194,0,svm,max,balanced,cached_mxbai,2546,1782200857.0721092,,,
7107,0,svm,max,balanced,cached_mxbai,2547,1782200857.3650072,,,
7667,0,svm,max,balanced,cached_mxbai,2548,1782200857.668036,,,
5585,0,svm,max,balanced,cached_mxbai,2549,1782200857.965157,,,
7518,0,svm,max,balanced,cached_mxbai,2550,1782200858.262125,,,
4913,0,svm,max,balanced,cached_mxbai,2551,1782200858.556737,,,
65,0,svm,max,balanced,cached_mxbai,2552,1782200858.8537343,,,
9197,0,svm,max,balanced,cached_mxbai,2553,1782200859.1507592,,,
1324,0,svm,max,balanced,cached_mxbai,2554,1782200859.444841,,,
1539,0,svm,max,balanced,cached_mxbai,2555,1782200859.740157,,,
10546,0,svm,max,balanced,cached_mxbai,2556,1782200860.0312712,,,
1281,0,svm,max,balanced,cached_mxbai,2557,1782200860.322517,,,
5794,0,svm,max,balanced,cached_mxbai,2558,1782200860.6135645,,,
4208,0,svm,max,balanced,cached_mxbai,2559,1782200860.9040759,,,
4213,0,svm,max,balanced,cached_mxbai,2560,1782200861.1944604,,,
4516,0,svm,max,balanced,cached_mxbai,2561,1782200861.4811943,,,
3122,0,svm,max,balanced,cached_mxbai,2562,1782200861.771264,,,
10543,0,svm,max,balanced,cached_mxbai,2563,1782200862.0621145,,,
3208,0,svm,max,balanced,cached_mxbai,2564,1782200862.3522277,,,
4630,0,svm,max,balanced,cached_mxbai,2565,1782200862.6435008,,,
8424,0,svm,max,balanced,cached_mxbai,2566,1782200862.9355662,,,
4172,0,svm,max,balanced,cached_mxbai,2567,1782200863.2271092,,,
3828,0,svm,max,balanced,cached_mxbai,2568,1782200863.5178258,,,
8039,0,svm,max,balanced,cached_mxbai,2569,1782200863.8079937,,,
28,0,svm,max,balanced,cached_mxbai,2570,1782200864.1031404,,,
1866,0,svm,max,balanced,cached_mxbai,2571,1782200864.3941412,,,
9931,0,svm,max,balanced,cached_mxbai,2572,1782200864.6856418,,,
9283,0,svm,max,balanced,cached_mxbai,2573,1782200864.9859204,,,
4609,0,svm,max,balanced,cached_mxbai,2574,1782200865.3216848,,,
7338,0,svm,max,balanced,cached_mxbai,2575,1782200865.624426,,,
6593,0,svm,max,balanced,cached_mxbai,2576,1782200865.9248822,,,
10085,0,svm,max,balanced,cached_mxbai,2577,1782200866.2279768,,,
3883,0,svm,max,balanced,cached_mxbai,2578,1782200866.526585,,,
54,0,svm,max,balanced,cached_mxbai,2579,1782200866.823849,,,
795,0,svm,max,balanced,cached_mxbai,2580,1782200867.1272712,,,
3131,0,svm,max,balanced,cached_mxbai,2581,1782200867.432,,,
5741,0,svm,max,balanced,cached_mxbai,2582,1782200867.732863,,,
4900,0,svm,max,balanced,cached_mxbai,2583,1782200868.0347357,,,
3648,0,svm,max,balanced,cached_mxbai,2584,1782200868.3370075,,,
1086,0,svm,max,balanced,cached_mxbai,2585,1782200868.6382608,,,
818,0,svm,max,balanced,cached_mxbai,2586,1782200868.9440358,,,
3442,0,svm,max,balanced,cached_mxbai,2587,1782200869.2443717,,,
523,0,svm,max,balanced,cached_mxbai,2588,1782200869.5446458,,,
1715,0,svm,max,balanced,cached_mxbai,2589,1782200869.8446503,,,
4073,0,svm,max,balanced,cached_mxbai,2590,1782200870.1484375,,,
9354,0,svm,max,balanced,cached_mxbai,2591,1782200870.4479847,,,
9977,0,svm,max,balanced,cached_mxbai,2592,1782200870.7454042,,,
8054,0,svm,max,balanced,cached_mxbai,2593,1782200871.0514274,,,
3833,0,svm,max,balanced,cached_mxbai,2594,1782200871.3535376,,,
4992,0,svm,max,balanced,cached_mxbai,2595,1782200871.6543353,,,
8699,0,svm,max,balanced,cached_mxbai,2596,1782200871.9584603,,,
3927,0,svm,max,balanced,cached_mxbai,2597,1782200872.263521,,,
424,0,svm,max,balanced,cached_mxbai,2598,1782200872.5642793,,,
4019,0,svm,max,balanced,cached_mxbai,2599,1782200872.8653822,,,
4492,0,svm,max,balanced,cached_mxbai,2600,1782200873.1666431,,,
10358,0,svm,max,balanced,cached_mxbai,2601,1782200873.4687164,,,
9056,0,svm,max,balanced,cached_mxbai,2602,1782200873.7714777,,,
3814,0,svm,max,balanced,cached_mxbai,2603,1782200874.0769682,,,
6404,0,svm,max,balanced,cached_mxbai,2604,1782200874.3794472,,,
1376,0,svm,max,balanced,cached_mxbai,2605,1782200874.7126176,,,
5187,0,svm,max,balanced,cached_mxbai,2606,1782200875.0220482,,,
1758,0,svm,max,balanced,cached_mxbai,2607,1782200875.373757,,,
1069,0,svm,max,balanced,cached_mxbai,2608,1782200875.7048516,,,
4879,0,svm,max,balanced,cached_mxbai,2609,1782200876.0405643,,,
6061,0,svm,max,balanced,cached_mxbai,2610,1782200876.3448095,,,
3535,0,svm,max,balanced,cached_mxbai,2611,1782200876.6491616,,,
4989,0,svm,max,balanced,cached_mxbai,2612,1782200876.9540834,,,
4470,0,svm,max,balanced,cached_mxbai,2613,1782200877.2623367,,,
1670,0,svm,max,balanced,cached_mxbai,2614,1782200877.568109,,,
3714,0,svm,max,balanced,cached_mxbai,2615,1782200877.8720887,,,
1635,0,svm,max,balanced,cached_mxbai,2616,1782200878.1765363,,,
289,0,svm,max,balanced,cached_mxbai,2617,1782200878.479261,,,
4485,0,svm,max,balanced,cached_mxbai,2618,1782200878.7837973,,,
10295,0,svm,max,balanced,cached_mxbai,2619,1782200879.0890913,,,
4916,0,svm,max,balanced,cached_mxbai,2620,1782200879.394852,,,
3708,0,svm,max,balanced,cached_mxbai,2621,1782200879.697868,,,
10506,0,svm,max,balanced,cached_mxbai,2622,1782200880.0031154,,,
8180,0,svm,max,balanced,cached_mxbai,2623,1782200880.309162,,,
6486,0,svm,max,balanced,cached_mxbai,2624,1782200880.6451013,,,
9909,0,svm,max,balanced,cached_mxbai,2625,1782200880.9805028,,,
4337,0,svm,max,balanced,cached_mxbai,2626,1782200881.2890735,,,
5613,0,svm,max,balanced,cached_mxbai,2627,1782200881.625009,,,
10218,0,svm,max,balanced,cached_mxbai,2628,1782200881.9614577,,,
758,0,svm,max,balanced,cached_mxbai,2629,1782200882.3018901,,,
8654,0,svm,max,balanced,cached_mxbai,2630,1782200882.6402833,,,
1891,0,svm,max,balanced,cached_mxbai,2631,1782200882.978505,,,
3617,0,svm,max,balanced,cached_mxbai,2632,1782200883.3193004,,,
1481,0,svm,max,balanced,cached_mxbai,2633,1782200883.6586514,,,
688,0,svm,max,balanced,cached_mxbai,2634,1782200883.9969559,,,
1548,0,svm,max,balanced,cached_mxbai,2635,1782200884.3360457,,,
2586,0,svm,max,balanced,cached_mxbai,2636,1782200884.672538,,,
7424,0,svm,max,balanced,cached_mxbai,2637,1782200885.0094054,,,
9869,0,svm,max,balanced,cached_mxbai,2638,1782200885.369433,,,
4981,0,svm,max,balanced,cached_mxbai,2639,1782200885.7195866,,,
3295,0,svm,max,balanced,cached_mxbai,2640,1782200886.0562615,,,
5152,0,svm,max,balanced,cached_mxbai,2641,1782200886.3995059,,,
2129,0,svm,max,balanced,cached_mxbai,2642,1782200886.739818,,,
566,0,svm,max,balanced,cached_mxbai,2643,1782200887.0828235,,,
3490,0,svm,max,balanced,cached_mxbai,2644,1782200887.4269688,,,
3358,0,svm,max,balanced,cached_mxbai,2645,1782200887.7687,,,
1787,0,svm,max,balanced,cached_mxbai,2646,1782200888.1131878,,,
4018,0,svm,max,balanced,cached_mxbai,2647,1782200888.455849,,,
7970,0,svm,max,balanced,cached_mxbai,2648,1782200888.7974675,,,
4524,0,svm,max,balanced,cached_mxbai,2649,1782200889.1443956,,,
4105,0,svm,max,balanced,cached_mxbai,2650,1782200889.4851668,,,
8782,0,svm,max,balanced,cached_mxbai,2651,1782200889.8273938,,,
3388,0,svm,max,balanced,cached_mxbai,2652,1782200890.1717107,,,
4613,0,svm,max,balanced,cached_mxbai,2653,1782200890.5183725,,,
10370,0,svm,max,balanced,cached_mxbai,2654,1782200890.867158,,,
3457,0,svm,max,balanced,cached_mxbai,2655,1782200891.2115495,,,
5439,0,svm,max,balanced,cached_mxbai,2656,1782200891.551998,,,
9660,0,svm,max,balanced,cached_mxbai,2657,1782200891.8956423,,,
6443,0,svm,max,balanced,cached_mxbai,2658,1782200892.2411866,,,
4690,0,svm,max,balanced,cached_mxbai,2659,1782200892.5821958,,,
3312,0,svm,max,balanced,cached_mxbai,2660,1782200892.9232168,,,
897,0,svm,max,balanced,cached_mxbai,2661,1782200893.2655277,,,
1609,0,svm,max,balanced,cached_mxbai,2662,1782200893.6014457,,,
5497,0,svm,max,balanced,cached_mxbai,2663,1782200893.9369376,,,
512,0,svm,max,balanced,cached_mxbai,2664,1782200894.2703373,,,
4303,0,svm,max,balanced,cached_mxbai,2665,1782200894.6070614,,,
7529,0,svm,max,balanced,cached_mxbai,2666,1782200894.9411838,,,
8012,0,svm,max,balanced,cached_mxbai,2667,1782200895.2988672,,,
9386,0,svm,max,balanced,cached_mxbai,2668,1782200895.6339197,,,
10387,0,svm,max,balanced,cached_mxbai,2669,1782200895.9695995,,,
6334,0,svm,max,balanced,cached_mxbai,2670,1782200896.309767,,,
7038,0,svm,max,balanced,cached_mxbai,2671,1782200896.6615467,,,
6489,0,svm,max,balanced,cached_mxbai,2672,1782200897.0088735,,,
6291,0,svm,max,balanced,cached_mxbai,2673,1782200897.359558,,,
5811,0,svm,max,balanced,cached_mxbai,2674,1782200897.7125566,,,
8248,0,svm,max,balanced,cached_mxbai,2675,1782200898.063773,,,
8762,0,svm,max,balanced,cached_mxbai,2676,1782200898.4133646,,,
5803,0,svm,max,balanced,cached_mxbai,2677,1782200898.7575214,,,
9791,0,svm,max,balanced,cached_mxbai,2678,1782200899.106828,,,
2256,0,svm,max,balanced,cached_mxbai,2679,1782200899.4451973,,,
6445,0,svm,max,balanced,cached_mxbai,2680,1782200899.7818365,,,
10282,0,svm,max,balanced,cached_mxbai,2681,1782200900.1256235,,,
4404,0,svm,max,balanced,cached_mxbai,2682,1782200900.4726365,,,
6973,0,svm,max,balanced,cached_mxbai,2683,1782200900.813793,,,
3525,0,svm,max,balanced,cached_mxbai,2684,1782200901.164753,,,
4762,0,svm,max,balanced,cached_mxbai,2685,1782200901.5151815,,,
8615,0,svm,max,balanced,cached_mxbai,2686,1782200901.8605802,,,
9366,0,svm,max,balanced,cached_mxbai,2687,1782200902.208485,,,
4118,0,svm,max,balanced,cached_mxbai,2688,1782200902.5608935,,,
2951,0,svm,max,balanced,cached_mxbai,2689,1782200902.9033124,,,
3321,0,svm,max,balanced,cached_mxbai,2690,1782200903.2496026,,,
690,0,svm,max,balanced,cached_mxbai,2691,1782200903.596495,,,
4182,0,svm,max,balanced,cached_mxbai,2692,1782200903.9445903,,,
1661,0,svm,max,balanced,cached_mxbai,2693,1782200904.293851,,,
3249,0,svm,max,balanced,cached_mxbai,2694,1782200904.6372523,,,
4695,0,svm,max,balanced,cached_mxbai,2695,1782200904.97989,,,
10587,0,svm,max,balanced,cached_mxbai,2696,1782200905.3560834,,,
2082,0,svm,max,balanced,cached_mxbai,2697,1782200905.705228,,,
10433,0,svm,max,balanced,cached_mxbai,2698,1782200906.0462782,,,
4560,0,svm,max,balanced,cached_mxbai,2699,1782200906.3892477,,,
7913,0,svm,max,balanced,cached_mxbai,2700,1782200906.7292142,,,
4158,0,svm,max,balanced,cached_mxbai,2701,1782200907.0755992,,,
5291,0,svm,max,balanced,cached_mxbai,2702,1782200907.4282568,,,
428,0,svm,max,balanced,cached_mxbai,2703,1782200907.7748973,,,
10216,0,svm,max,balanced,cached_mxbai,2704,1782200908.122131,,,
3384,0,svm,max,balanced,cached_mxbai,2705,1782200908.4748762,,,
7870,0,svm,max,balanced,cached_mxbai,2706,1782200908.842165,,,
8974,0,svm,max,balanced,cached_mxbai,2707,1782200909.2148032,,,
1310,0,svm,max,balanced,cached_mxbai,2708,1782200909.5860124,,,
2417,0,svm,max,balanced,cached_mxbai,2709,1782200909.9310718,,,
3725,0,svm,max,balanced,cached_mxbai,2710,1782200910.2748275,,,
4724,0,svm,max,balanced,cached_mxbai,2711,1782200910.6176732,,,
4908,0,svm,max,balanced,cached_mxbai,2712,1782200910.9584816,,,
7341,0,svm,max,balanced,cached_mxbai,2713,1782200911.300533,,,
4143,0,svm,max,balanced,cached_mxbai,2714,1782200911.643761,,,
4133,0,svm,max,balanced,cached_mxbai,2715,1782200911.9942865,,,
7429,0,svm,max,balanced,cached_mxbai,2716,1782200912.338878,,,
5241,0,svm,max,balanced,cached_mxbai,2717,1782200912.6836014,,,
5196,0,svm,max,balanced,cached_mxbai,2718,1782200913.0251105,,,
9117,0,svm,max,balanced,cached_mxbai,2719,1782200913.376243,,,
6557,0,svm,max,balanced,cached_mxbai,2720,1782200913.7221131,,,
4339,0,svm,max,balanced,cached_mxbai,2721,1782200914.0677571,,,
3845,0,svm,max,balanced,cached_mxbai,2722,1782200914.410766,,,
685,0,svm,max,balanced,cached_mxbai,2723,1782200914.7521842,,,
7191,0,svm,max,balanced,cached_mxbai,2724,1782200915.0974674,,,
9003,0,svm,max,balanced,cached_mxbai,2725,1782200915.4649856,,,
4640,0,svm,max,balanced,cached_mxbai,2726,1782200915.8180094,,,
3246,0,svm,max,balanced,cached_mxbai,2727,1782200916.1802888,,,
550,0,svm,max,balanced,cached_mxbai,2728,1782200916.5416946,,,
2487,0,svm,max,balanced,cached_mxbai,2729,1782200916.8957248,,,
5758,0,svm,max,balanced,cached_mxbai,2730,1782200917.248634,,,
1274,0,svm,max,balanced,cached_mxbai,2731,1782200917.6057177,,,
7285,0,svm,max,balanced,cached_mxbai,2732,1782200917.9596624,,,
4820,0,svm,max,balanced,cached_mxbai,2733,1782200918.3174443,,,
9318,0,svm,max,balanced,cached_mxbai,2734,1782200918.6751056,,,
8193,0,svm,max,balanced,cached_mxbai,2735,1782200919.0330513,,,
4578,0,svm,max,balanced,cached_mxbai,2736,1782200919.3908598,,,
5978,0,svm,max,balanced,cached_mxbai,2737,1782200919.7521796,,,
3579,0,svm,max,balanced,cached_mxbai,2738,1782200920.1189837,,,
10233,0,svm,max,balanced,cached_mxbai,2739,1782200920.475684,,,
8805,0,svm,max,balanced,cached_mxbai,2740,1782200920.8377135,,,
1527,0,svm,max,balanced,cached_mxbai,2741,1782200921.1944287,,,
42,0,svm,max,balanced,cached_mxbai,2742,1782200921.5578375,,,
8025,0,svm,max,balanced,cached_mxbai,2743,1782200921.9149103,,,
8051,0,svm,max,balanced,cached_mxbai,2744,1782200922.2707047,,,
650,0,svm,max,balanced,cached_mxbai,2745,1782200922.6287313,,,
3565,0,svm,max,balanced,cached_mxbai,2746,1782200922.9853892,,,
10004,0,svm,max,balanced,cached_mxbai,2747,1782200923.3401093,,,
3839,0,svm,max,balanced,cached_mxbai,2748,1782200923.7122672,,,
8152,0,svm,max,balanced,cached_mxbai,2749,1782200924.0729852,,,
3610,0,svm,max,balanced,cached_mxbai,2750,1782200924.4304748,,,
406,0,svm,max,balanced,cached_mxbai,2751,1782200924.7880888,,,
4535,0,svm,max,balanced,cached_mxbai,2752,1782200925.143137,,,
9610,0,svm,max,balanced,cached_mxbai,2753,1782200925.513171,,,
9790,0,svm,max,balanced,cached_mxbai,2754,1782200925.8633668,,,
9314,0,svm,max,balanced,cached_mxbai,2755,1782200926.2146916,,,
701,0,svm,max,balanced,cached_mxbai,2756,1782200926.5771136,,,
5752,0,svm,max,balanced,cached_mxbai,2757,1782200926.930345,,,
5271,0,svm,max,balanced,cached_mxbai,2758,1782200927.2813222,,,
3079,0,svm,max,balanced,cached_mxbai,2759,1782200927.6396902,,,
5194,0,svm,max,balanced,cached_mxbai,2760,1782200927.9892864,,,
785,0,svm,max,balanced,cached_mxbai,2761,1782200928.3389106,,,
7277,0,svm,max,balanced,cached_mxbai,2762,1782200928.700815,,,
1789,0,svm,max,balanced,cached_mxbai,2763,1782200929.0498533,,,
1435,0,svm,max,balanced,cached_mxbai,2764,1782200929.400181,,,
5810,0,svm,max,balanced,cached_mxbai,2765,1782200929.7746599,,,
9649,0,svm,max,balanced,cached_mxbai,2766,1782200930.1271582,,,
3513,0,svm,max,balanced,cached_mxbai,2767,1782200930.4781075,,,
3546,0,svm,max,balanced,cached_mxbai,2768,1782200930.8345335,,,
6717,0,svm,max,balanced,cached_mxbai,2769,1782200931.1872082,,,
9712,0,svm,max,balanced,cached_mxbai,2770,1782200931.5475466,,,
4758,0,svm,max,balanced,cached_mxbai,2771,1782200931.9004068,,,
1592,0,svm,max,balanced,cached_mxbai,2772,1782200932.2691538,,,
1085,0,svm,max,balanced,cached_mxbai,2773,1782200932.635034,,,
4760,0,svm,max,balanced,cached_mxbai,2774,1782200932.9953105,,,
5949,0,svm,max,balanced,cached_mxbai,2775,1782200933.3582242,,,
3202,0,svm,max,balanced,cached_mxbai,2776,1782200933.7249327,,,
4472,0,svm,max,balanced,cached_mxbai,2777,1782200934.0885057,,,
3751,0,svm,max,balanced,cached_mxbai,2778,1782200934.4467852,,,
1148,0,svm,max,balanced,cached_mxbai,2779,1782200934.8193424,,,
5183,0,svm,max,balanced,cached_mxbai,2780,1782200935.1870022,,,
3755,0,svm,max,balanced,cached_mxbai,2781,1782200935.5680337,,,
3976,0,svm,max,balanced,cached_mxbai,2782,1782200935.9298203,,,
4993,0,svm,max,balanced,cached_mxbai,2783,1782200936.2883844,,,
5514,0,svm,max,balanced,cached_mxbai,2784,1782200936.6552932,,,
3681,0,svm,max,balanced,cached_mxbai,2785,1782200937.0182815,,,
9925,0,svm,max,balanced,cached_mxbai,2786,1782200937.380282,,,
648,0,svm,max,balanced,cached_mxbai,2787,1782200937.7459106,,,
10584,0,svm,max,balanced,cached_mxbai,2788,1782200938.1072543,,,
8779,0,svm,max,balanced,cached_mxbai,2789,1782200938.4638715,,,
1260,0,svm,max,balanced,cached_mxbai,2790,1782200938.8282325,,,
1720,0,svm,max,balanced,cached_mxbai,2791,1782200939.1914606,,,
75,0,svm,max,balanced,cached_mxbai,2792,1782200939.556242,,,
2910,0,svm,max,balanced,cached_mxbai,2793,1782200939.9290917,,,
3968,0,svm,max,balanced,cached_mxbai,2794,1782200940.291505,,,
8859,0,svm,max,balanced,cached_mxbai,2795,1782200940.6532726,,,
9048,0,svm,max,balanced,cached_mxbai,2796,1782200941.042606,,,
7248,0,svm,max,balanced,cached_mxbai,2797,1782200941.4250686,,,
31,0,svm,max,balanced,cached_mxbai,2798,1782200941.794904,,,
3411,0,svm,max,balanced,cached_mxbai,2799,1782200942.1725333,,,
712,0,svm,max,balanced,cached_mxbai,2800,1782200942.5460205,,,
9105,0,svm,max,balanced,cached_mxbai,2801,1782200942.909626,,,
1046,0,svm,max,balanced,cached_mxbai,2802,1782200943.2691116,,,
120,0,svm,max,balanced,cached_mxbai,2803,1782200943.6347165,,,
1361,0,svm,max,balanced,cached_mxbai,2804,1782200943.9989042,,,
4234,0,svm,max,balanced,cached_mxbai,2805,1782200944.3682172,,,
3365,0,svm,max,balanced,cached_mxbai,2806,1782200944.7319574,,,
4443,0,svm,max,balanced,cached_mxbai,2807,1782200945.100311,,,
2072,0,svm,max,balanced,cached_mxbai,2808,1782200945.480771,,,
3773,0,svm,max,balanced,cached_mxbai,2809,1782200945.8454237,,,
1007,0,svm,max,balanced,cached_mxbai,2810,1782200946.20645,,,
4583,0,svm,max,balanced,cached_mxbai,2811,1782200946.5675871,,,
5098,0,svm,max,balanced,cached_mxbai,2812,1782200946.9304125,,,
203,0,svm,max,balanced,cached_mxbai,2813,1782200947.2921581,,,
10183,0,svm,max,balanced,cached_mxbai,2814,1782200947.6591084,,,
8085,0,svm,max,balanced,cached_mxbai,2815,1782200948.0259264,,,
5054,0,svm,max,balanced,cached_mxbai,2816,1782200948.389087,,,
5893,0,svm,max,balanced,cached_mxbai,2817,1782200948.757489,,,
3822,0,svm,max,balanced,cached_mxbai,2818,1782200949.1207716,,,
4294,0,svm,max,balanced,cached_mxbai,2819,1782200949.4848843,,,
2569,0,svm,max,balanced,cached_mxbai,2820,1782200949.8523803,,,
9592,0,svm,max,balanced,cached_mxbai,2821,1782200950.2181551,,,
7590,0,svm,max,balanced,cached_mxbai,2822,1782200950.5840375,,,
1100,0,svm,max,balanced,cached_mxbai,2823,1782200950.9516299,,,
7376,0,svm,max,balanced,cached_mxbai,2824,1782200951.3159132,,,
10472,0,svm,max,balanced,cached_mxbai,2825,1782200951.681638,,,
3875,0,svm,max,balanced,cached_mxbai,2826,1782200952.0444558,,,
4713,0,svm,max,balanced,cached_mxbai,2827,1782200952.405867,,,
389,0,svm,max,balanced,cached_mxbai,2828,1782200952.770197,,,
10364,0,svm,max,balanced,cached_mxbai,2829,1782200953.1407094,,,
8269,0,svm,max,balanced,cached_mxbai,2830,1782200953.506086,,,
5062,0,svm,max,balanced,cached_mxbai,2831,1782200953.872767,,,
9858,0,svm,max,balanced,cached_mxbai,2832,1782200954.24263,,,
8130,0,svm,max,balanced,cached_mxbai,2833,1782200954.611073,,,
1458,0,svm,max,balanced,cached_mxbai,2834,1782200954.979305,,,
3916,0,svm,max,balanced,cached_mxbai,2835,1782200955.3721902,,,
6236,0,svm,max,balanced,cached_mxbai,2836,1782200955.7446475,,,
155,0,svm,max,balanced,cached_mxbai,2837,1782200956.1177247,,,
4113,0,svm,max,balanced,cached_mxbai,2838,1782200956.4849076,,,
1595,0,svm,max,balanced,cached_mxbai,2839,1782200956.8678732,,,
3268,0,svm,max,balanced,cached_mxbai,2840,1782200957.2364612,,,
8057,0,svm,max,balanced,cached_mxbai,2841,1782200957.6059563,,,
1983,0,svm,max,balanced,cached_mxbai,2842,1782200957.9774976,,,
9053,0,svm,max,balanced,cached_mxbai,2843,1782200958.3471966,,,
5050,0,svm,max,balanced,cached_mxbai,2844,1782200958.7157278,,,
9886,0,svm,max,balanced,cached_mxbai,2845,1782200959.0862162,,,
3739,0,svm,max,balanced,cached_mxbai,2846,1782200959.453297,,,
5640,0,svm,max,balanced,cached_mxbai,2847,1782200959.8257186,,,
5920,0,svm,max,balanced,cached_mxbai,2848,1782200960.195531,,,
3349,0,svm,max,balanced,cached_mxbai,2849,1782200960.5692878,,,
7476,0,svm,max,balanced,cached_mxbai,2850,1782200960.9396386,,,
10485,0,svm,max,balanced,cached_mxbai,2851,1782200961.3126843,,,
2055,0,svm,max,balanced,cached_mxbai,2852,1782200961.6903305,,,
4039,0,svm,max,balanced,cached_mxbai,2853,1782200962.0771205,,,
10061,0,svm,max,balanced,cached_mxbai,2854,1782200962.462885,,,
1714,0,svm,max,balanced,cached_mxbai,2855,1782200962.8498201,,,
4095,0,svm,max,balanced,cached_mxbai,2856,1782200963.2312272,,,
1886,0,svm,max,balanced,cached_mxbai,2857,1782200963.6070411,,,
9002,0,svm,max,balanced,cached_mxbai,2858,1782200963.9800026,,,
3481,0,svm,max,balanced,cached_mxbai,2859,1782200964.357743,,,
2379,0,svm,max,balanced,cached_mxbai,2860,1782200964.7417698,,,
3599,0,svm,max,balanced,cached_mxbai,2861,1782200965.136952,,,
8565,0,svm,max,balanced,cached_mxbai,2862,1782200965.5602424,,,
943,0,svm,max,balanced,cached_mxbai,2863,1782200965.9462786,,,
1503,0,svm,max,balanced,cached_mxbai,2864,1782200966.3269823,,,
4512,0,svm,max,balanced,cached_mxbai,2865,1782200966.7045317,,,
4409,0,svm,max,balanced,cached_mxbai,2866,1782200967.0862336,,,
8546,0,svm,max,balanced,cached_mxbai,2867,1782200967.4668756,,,
5146,0,svm,max,balanced,cached_mxbai,2868,1782200967.8478076,,,
7015,0,svm,max,balanced,cached_mxbai,2869,1782200968.2277038,,,
7511,0,svm,max,balanced,cached_mxbai,2870,1782200968.6111538,,,
8818,0,svm,max,balanced,cached_mxbai,2871,1782200968.9932916,,,
4824,0,svm,max,balanced,cached_mxbai,2872,1782200969.3764784,,,
6928,0,svm,max,balanced,cached_mxbai,2873,1782200969.7550654,,,
4002,0,svm,max,balanced,cached_mxbai,2874,1782200970.1370115,,,
3105,0,svm,max,balanced,cached_mxbai,2875,1782200970.5153024,,,
1627,0,svm,max,balanced,cached_mxbai,2876,1782200970.8944926,,,
7499,0,svm,max,balanced,cached_mxbai,2877,1782200971.279342,,,
2034,0,svm,max,balanced,cached_mxbai,2878,1782200971.6621158,,,
3900,0,svm,max,balanced,cached_mxbai,2879,1782200972.0496671,,,
4544,0,svm,max,balanced,cached_mxbai,2880,1782200972.4329574,,,
3134,0,svm,max,balanced,cached_mxbai,2881,1782200972.8084016,,,
1422,0,svm,max,balanced,cached_mxbai,2882,1782200973.18954,,,
5236,0,svm,max,balanced,cached_mxbai,2883,1782200973.5853968,,,
9109,0,svm,max,balanced,cached_mxbai,2884,1782200973.9752426,,,
9879,0,svm,max,balanced,cached_mxbai,2885,1782200974.3625383,,,
2587,0,svm,max,balanced,cached_mxbai,2886,1782200974.7472048,,,
5892,0,svm,max,balanced,cached_mxbai,2887,1782200975.1425693,,,
7617,0,svm,max,balanced,cached_mxbai,2888,1782200975.5584688,,,
8098,0,svm,max,balanced,cached_mxbai,2889,1782200975.9514654,,,
4607,0,svm,max,balanced,cached_mxbai,2890,1782200976.3357997,,,
3815,0,svm,max,balanced,cached_mxbai,2891,1782200976.714889,,,
9873,0,svm,max,balanced,cached_mxbai,2892,1782200977.0978692,,,
7163,0,svm,max,balanced,cached_mxbai,2893,1782200977.477053,,,
2667,0,svm,max,balanced,cached_mxbai,2894,1782200977.855605,,,
3537,0,svm,max,balanced,cached_mxbai,2895,1782200978.2429292,,,
1632,0,svm,max,balanced,cached_mxbai,2896,1782200978.620189,,,
7827,0,svm,max,balanced,cached_mxbai,2897,1782200978.9995966,,,
6939,0,svm,max,balanced,cached_mxbai,2898,1782200979.3747895,,,
224,0,svm,max,balanced,cached_mxbai,2899,1782200979.7499146,,,
1101,0,svm,max,balanced,cached_mxbai,2900,1782200980.129397,,,
9777,0,svm,max,balanced,cached_mxbai,2901,1782200980.5059116,,,
3417,0,svm,max,balanced,cached_mxbai,2902,1782200980.8813558,,,
9546,0,svm,max,balanced,cached_mxbai,2903,1782200981.261152,,,
5619,0,svm,max,balanced,cached_mxbai,2904,1782200981.636744,,,
4478,0,svm,max,balanced,cached_mxbai,2905,1782200982.0145047,,,
8645,0,svm,max,balanced,cached_mxbai,2906,1782200982.3916488,,,
794,0,svm,max,balanced,cached_mxbai,2907,1782200982.770119,,,
87,0,svm,max,balanced,cached_mxbai,2908,1782200983.1489422,,,
3686,0,svm,max,balanced,cached_mxbai,2909,1782200983.5254889,,,
4872,0,svm,max,balanced,cached_mxbai,2910,1782200983.9049134,,,
3453,0,svm,max,balanced,cached_mxbai,2911,1782200984.285112,,,
9949,0,svm,max,balanced,cached_mxbai,2912,1782200984.6665108,,,
5247,0,svm,max,balanced,cached_mxbai,2913,1782200985.0585585,,,
4346,0,svm,max,balanced,cached_mxbai,2914,1782200985.46585,,,
4235,0,svm,max,balanced,cached_mxbai,2915,1782200985.8525286,,,
7004,0,svm,max,balanced,cached_mxbai,2916,1782200986.2419293,,,
6221,0,svm,max,balanced,cached_mxbai,2917,1782200986.6300244,,,
4704,0,svm,max,balanced,cached_mxbai,2918,1782200987.0129008,,,
5545,0,svm,max,balanced,cached_mxbai,2919,1782200987.3979738,,,
5384,0,svm,max,balanced,cached_mxbai,2920,1782200987.7798147,,,
5923,0,svm,max,balanced,cached_mxbai,2921,1782200988.1638522,,,
446,0,svm,max,balanced,cached_mxbai,2922,1782200988.5455596,,,
8414,0,svm,max,balanced,cached_mxbai,2923,1782200988.9326859,,,
1365,0,svm,max,balanced,cached_mxbai,2924,1782200989.309995,,,
6714,0,svm,max,balanced,cached_mxbai,2925,1782200989.7011669,,,
8109,0,svm,max,balanced,cached_mxbai,2926,1782200990.0830982,,,
3746,0,svm,max,balanced,cached_mxbai,2927,1782200990.4526277,,,
445,0,svm,max,balanced,cached_mxbai,2928,1782200990.8214216,,,
4232,0,svm,max,balanced,cached_mxbai,2929,1782200991.1941428,,,
3589,0,svm,max,balanced,cached_mxbai,2930,1782200991.5640717,,,
4940,0,svm,max,balanced,cached_mxbai,2931,1782200991.9358797,,,
8931,0,svm,max,balanced,cached_mxbai,2932,1782200992.3102634,,,
8475,0,svm,max,balanced,cached_mxbai,2933,1782200992.6840796,,,
6356,0,svm,max,balanced,cached_mxbai,2934,1782200993.0580785,,,
5420,0,svm,max,balanced,cached_mxbai,2935,1782200993.4322166,,,
3970,0,svm,max,balanced,cached_mxbai,2936,1782200993.8066442,,,
7287,0,svm,max,balanced,cached_mxbai,2937,1782200994.1832864,,,
5540,0,svm,max,balanced,cached_mxbai,2938,1782200994.557335,,,
3228,0,svm,max,balanced,cached_mxbai,2939,1782200994.9324303,,,
2372,0,svm,max,balanced,cached_mxbai,2940,1782200995.3307767,,,
1482,0,svm,max,balanced,cached_mxbai,2941,1782200995.711222,,,
3465,0,svm,max,balanced,cached_mxbai,2942,1782200996.0880966,,,
4942,0,svm,max,balanced,cached_mxbai,2943,1782200996.477125,,,
334,0,svm,max,balanced,cached_mxbai,2944,1782200996.8579493,,,
8562,0,svm,max,balanced,cached_mxbai,2945,1782200997.242981,,,
4274,0,svm,max,balanced,cached_mxbai,2946,1782200997.631779,,,
9526,0,svm,max,balanced,cached_mxbai,2947,1782200998.020435,,,
3103,0,svm,max,balanced,cached_mxbai,2948,1782200998.4051251,,,
979,0,svm,max,balanced,cached_mxbai,2949,1782200998.7843387,,,
4084,0,svm,max,balanced,cached_mxbai,2950,1782200999.1738243,,,
5004,0,svm,max,balanced,cached_mxbai,2951,1782200999.567607,,,
5432,0,svm,max,balanced,cached_mxbai,2952,1782200999.982681,,,
1544,0,svm,max,balanced,cached_mxbai,2953,1782201000.4148088,,,
7677,0,svm,max,balanced,cached_mxbai,2954,1782201000.8377767,,,
922,0,svm,max,balanced,cached_mxbai,2955,1782201001.233231,,,
616,0,svm,max,balanced,cached_mxbai,2956,1782201001.6278958,,,
7516,0,svm,max,balanced,cached_mxbai,2957,1782201002.0201323,,,
2646,0,svm,max,balanced,cached_mxbai,2958,1782201002.4110398,,,
9055,0,svm,max,balanced,cached_mxbai,2959,1782201002.8001456,,,
1510,0,svm,max,balanced,cached_mxbai,2960,1782201003.1951976,,,
3466,0,svm,max,balanced,cached_mxbai,2961,1782201003.5855112,,,
4678,0,svm,max,balanced,cached_mxbai,2962,1782201003.9705434,,,
1404,0,svm,max,balanced,cached_mxbai,2963,1782201004.360789,,,
6371,0,svm,max,balanced,cached_mxbai,2964,1782201004.7454093,,,
4580,0,svm,max,balanced,cached_mxbai,2965,1782201005.1426334,,,
734,0,svm,max,balanced,cached_mxbai,2966,1782201005.5528388,,,
4187,0,svm,max,balanced,cached_mxbai,2967,1782201005.946646,,,
6363,0,svm,max,balanced,cached_mxbai,2968,1782201006.3389983,,,
1940,0,svm,max,balanced,cached_mxbai,2969,1782201006.7306318,,,
1700,0,svm,max,balanced,cached_mxbai,2970,1782201007.1236145,,,
7437,0,svm,max,balanced,cached_mxbai,2971,1782201007.5186532,,,
4065,0,svm,max,balanced,cached_mxbai,2972,1782201007.9122562,,,
5579,0,svm,max,balanced,cached_mxbai,2973,1782201008.3221545,,,
10222,0,svm,max,balanced,cached_mxbai,2974,1782201008.7286828,,,
3522,0,svm,max,balanced,cached_mxbai,2975,1782201009.1323605,,,
337,0,svm,max,balanced,cached_mxbai,2976,1782201009.535328,,,
2766,0,svm,max,balanced,cached_mxbai,2977,1782201009.9384491,,,
3046,0,svm,max,balanced,cached_mxbai,2978,1782201010.3333037,,,
1515,0,svm,max,balanced,cached_mxbai,2979,1782201010.738651,,,
4057,0,svm,max,balanced,cached_mxbai,2980,1782201011.1332657,,,
7763,0,svm,max,balanced,cached_mxbai,2981,1782201011.5277703,,,
2949,0,svm,max,balanced,cached_mxbai,2982,1782201011.9214556,,,
5748,0,svm,max,balanced,cached_mxbai,2983,1782201012.318238,,,
7670,0,svm,max,balanced,cached_mxbai,2984,1782201012.7139485,,,
245,0,svm,max,balanced,cached_mxbai,2985,1782201013.1070209,,,
5818,0,svm,max,balanced,cached_mxbai,2986,1782201013.5047872,,,
7275,0,svm,max,balanced,cached_mxbai,2987,1782201013.8983214,,,
343,0,svm,max,balanced,cached_mxbai,2988,1782201014.2950218,,,
8936,0,svm,max,balanced,cached_mxbai,2989,1782201014.6908536,,,
615,0,svm,max,balanced,cached_mxbai,2990,1782201015.093883,,,
7674,0,svm,max,balanced,cached_mxbai,2991,1782201015.5185227,,,
7533,0,svm,max,balanced,cached_mxbai,2992,1782201015.9145243,,,
4401,0,svm,max,balanced,cached_mxbai,2993,1782201016.3132026,,,
1686,0,svm,max,balanced,cached_mxbai,2994,1782201016.7107968,,,
3996,0,svm,max,balanced,cached_mxbai,2995,1782201017.1036868,,,
6944,0,svm,max,balanced,cached_mxbai,2996,1782201017.5021107,,,
9140,0,svm,max,balanced,cached_mxbai,2997,1782201017.88186,,,
3964,0,svm,max,balanced,cached_mxbai,2998,1782201018.2565272,,,
9523,0,svm,max,balanced,cached_mxbai,2999,1782201018.6369486,,,
10376,0,svm,max,balanced,cached_mxbai,3000,1782201019.0120149,,,
4174,0,svm,max,balanced,cached_mxbai,3001,1782201019.3919773,,,
6774,0,svm,max,balanced,cached_mxbai,3002,1782201019.7708316,,,
5127,0,svm,max,balanced,cached_mxbai,3003,1782201020.1475036,,,
4842,0,svm,max,balanced,cached_mxbai,3004,1782201020.530948,,,
9541,0,svm,max,balanced,cached_mxbai,3005,1782201020.9151645,,,
175,0,svm,max,balanced,cached_mxbai,3006,1782201021.291132,,,
82,0,svm,max,balanced,cached_mxbai,3007,1782201021.6695936,,,
5914,0,svm,max,balanced,cached_mxbai,3008,1782201022.045383,,,
3310,0,svm,max,balanced,cached_mxbai,3009,1782201022.4276917,,,
9587,0,svm,max,balanced,cached_mxbai,3010,1782201022.8181963,,,
4089,0,svm,max,balanced,cached_mxbai,3011,1782201023.1944518,,,
3897,0,svm,max,balanced,cached_mxbai,3012,1782201023.5734696,,,
2332,0,svm,max,balanced,cached_mxbai,3013,1782201023.9567208,,,
6081,0,svm,max,balanced,cached_mxbai,3014,1782201024.3332644,,,
3636,0,svm,max,balanced,cached_mxbai,3015,1782201024.713429,,,
5784,0,svm,max,balanced,cached_mxbai,3016,1782201025.1030364,,,
5408,0,svm,max,balanced,cached_mxbai,3017,1782201025.5069985,,,
5849,0,svm,max,balanced,cached_mxbai,3018,1782201025.8869793,,,
1988,0,svm,max,balanced,cached_mxbai,3019,1782201026.265262,,,
9823,0,svm,max,balanced,cached_mxbai,3020,1782201026.650729,,,
200,0,svm,max,balanced,cached_mxbai,3021,1782201027.0320842,,,
3505,0,svm,max,balanced,cached_mxbai,3022,1782201027.4112453,,,
9391,0,svm,max,balanced,cached_mxbai,3023,1782201027.795257,,,
5144,0,svm,max,balanced,cached_mxbai,3024,1782201028.178615,,,
1375,0,svm,max,balanced,cached_mxbai,3025,1782201028.5576205,,,
4509,0,svm,max,balanced,cached_mxbai,3026,1782201028.9355366,,,
1144,0,svm,max,balanced,cached_mxbai,3027,1782201029.3155296,,,
10467,0,svm,max,balanced,cached_mxbai,3028,1782201029.7031584,,,
618,0,svm,max,balanced,cached_mxbai,3029,1782201030.0819438,,,
9656,0,svm,max,balanced,cached_mxbai,3030,1782201030.461719,,,
1273,0,svm,max,balanced,cached_mxbai,3031,1782201030.8701036,,,
2791,0,svm,max,balanced,cached_mxbai,3032,1782201031.2522402,,,
1801,0,svm,max,balanced,cached_mxbai,3033,1782201031.635249,,,
4357,0,svm,max,balanced,cached_mxbai,3034,1782201032.0140882,,,
4739,0,svm,max,balanced,cached_mxbai,3035,1782201032.3978045,,,
9103,0,svm,max,balanced,cached_mxbai,3036,1782201032.803933,,,
9668,0,svm,max,balanced,cached_mxbai,3037,1782201033.2060976,,,
100,0,svm,max,balanced,cached_mxbai,3038,1782201033.610747,,,
7991,0,svm,max,balanced,cached_mxbai,3039,1782201034.0175862,,,
4408,0,svm,max,balanced,cached_mxbai,3040,1782201034.4191554,,,
4078,0,svm,max,balanced,cached_mxbai,3041,1782201034.8213048,,,
5993,0,svm,max,balanced,cached_mxbai,3042,1782201035.240943,,,
8409,0,svm,max,balanced,cached_mxbai,3043,1782201035.6714745,,,
3180,0,svm,max,balanced,cached_mxbai,3044,1782201036.0767622,,,
9890,0,svm,max,balanced,cached_mxbai,3045,1782201036.4959383,,,
9163,0,svm,max,balanced,cached_mxbai,3046,1782201036.9025874,,,
4579,0,svm,max,balanced,cached_mxbai,3047,1782201037.3116732,,,
4418,0,svm,max,balanced,cached_mxbai,3048,1782201037.7183206,,,
671,0,svm,max,balanced,cached_mxbai,3049,1782201038.1229331,,,
4110,0,svm,max,balanced,cached_mxbai,3050,1782201038.5274475,,,
8814,0,svm,max,balanced,cached_mxbai,3051,1782201038.9284778,,,
4904,0,svm,max,balanced,cached_mxbai,3052,1782201039.330231,,,
3410,0,svm,max,balanced,cached_mxbai,3053,1782201039.733865,,,
8207,0,svm,max,balanced,cached_mxbai,3054,1782201040.1347892,,,
4062,0,svm,max,balanced,cached_mxbai,3055,1782201040.538312,,,
5249,0,svm,max,balanced,cached_mxbai,3056,1782201040.9425156,,,
6287,0,svm,max,balanced,cached_mxbai,3057,1782201041.349005,,,
4756,0,svm,max,balanced,cached_mxbai,3058,1782201041.7539694,,,
2743,0,svm,max,balanced,cached_mxbai,3059,1782201042.1575904,,,
5654,0,svm,max,balanced,cached_mxbai,3060,1782201042.5633893,,,
1701,0,svm,max,balanced,cached_mxbai,3061,1782201042.974379,,,
9327,0,svm,max,balanced,cached_mxbai,3062,1782201043.378086,,,
6440,0,svm,max,balanced,cached_mxbai,3063,1782201043.78113,,,
5828,0,svm,max,balanced,cached_mxbai,3064,1782201044.186236,,,
6252,0,svm,max,balanced,cached_mxbai,3065,1782201044.5976377,,,
1196,0,svm,max,balanced,cached_mxbai,3066,1782201045.0043044,,,
9463,0,svm,max,balanced,cached_mxbai,3067,1782201045.433362,,,
2321,0,svm,max,balanced,cached_mxbai,3068,1782201045.849654,,,
763,0,svm,max,balanced,cached_mxbai,3069,1782201046.2612224,,,
1545,0,svm,max,balanced,cached_mxbai,3070,1782201046.6726356,,,
1711,0,svm,max,balanced,cached_mxbai,3071,1782201047.0843234,,,
423,1,svm,max,balanced,cached_mxbai,3072,1782201047.49504,,,
