record_id,label,classifier,querier,balancer,feature_extractor,training_set,time,note,tags,user_id
1141,1,,,,,,1782218503.356389,,,
3817,0,,,,,,1782218503.356389,,,
3451,1,svm,max,balanced,cached_mxbai,2,1782218503.4024172,,,
8411,1,svm,max,balanced,cached_mxbai,3,1782218503.451316,,,
6283,1,svm,max,balanced,cached_mxbai,4,1782218503.4997997,,,
3702,1,svm,max,balanced,cached_mxbai,5,1782218503.5495887,,,
10176,1,svm,max,balanced,cached_mxbai,6,1782218503.5978694,,,
7339,1,svm,max,balanced,cached_mxbai,7,1782218503.6475527,,,
5481,0,svm,max,balanced,cached_mxbai,8,1782218503.6957333,,,
10423,1,svm,max,balanced,cached_mxbai,9,1782218503.7448993,,,
5913,1,svm,max,balanced,cached_mxbai,10,1782218503.7951043,,,
4393,1,svm,max,balanced,cached_mxbai,11,1782218503.8461611,,,
9026,0,svm,max,balanced,cached_mxbai,12,1782218503.895669,,,
5970,0,svm,max,balanced,cached_mxbai,13,1782218503.9443269,,,
6484,1,svm,max,balanced,cached_mxbai,14,1782218503.9938774,,,
5950,1,svm,max,balanced,cached_mxbai,15,1782218504.0449393,,,
9772,1,svm,max,balanced,cached_mxbai,16,1782218504.093729,,,
6481,0,svm,max,balanced,cached_mxbai,17,1782218504.1418622,,,
6097,1,svm,max,balanced,cached_mxbai,18,1782218504.1905289,,,
1960,0,svm,max,balanced,cached_mxbai,19,1782218504.239708,,,
3247,0,svm,max,balanced,cached_mxbai,20,1782218504.2887788,,,
6050,0,svm,max,balanced,cached_mxbai,21,1782218504.3384871,,,
1230,0,svm,max,balanced,cached_mxbai,22,1782218504.388444,,,
7547,1,svm,max,balanced,cached_mxbai,23,1782218504.4376256,,,
7548,1,svm,max,balanced,cached_mxbai,24,1782218504.4871469,,,
7352,1,svm,max,balanced,cached_mxbai,25,1782218504.5363674,,,
10454,0,svm,max,balanced,cached_mxbai,26,1782218504.5850446,,,
1621,1,svm,max,balanced,cached_mxbai,27,1782218504.6328611,,,
9589,0,svm,max,balanced,cached_mxbai,28,1782218504.6830475,,,
1245,0,svm,max,balanced,cached_mxbai,29,1782218504.7326925,,,
3692,0,svm,max,balanced,cached_mxbai,30,1782218504.7821176,,,
7368,0,svm,max,balanced,cached_mxbai,31,1782218504.8327942,,,
9344,1,svm,max,balanced,cached_mxbai,32,1782218504.8835323,,,
10220,1,svm,max,balanced,cached_mxbai,33,1782218504.9341667,,,
5656,1,svm,max,balanced,cached_mxbai,34,1782218504.9846547,,,
9004,1,svm,max,balanced,cached_mxbai,35,1782218505.0382853,,,
1802,1,svm,max,balanced,cached_mxbai,36,1782218505.0904803,,,
6767,0,svm,max,balanced,cached_mxbai,37,1782218505.1414046,,,
5976,0,svm,max,balanced,cached_mxbai,38,1782218505.1913447,,,
9380,0,svm,max,balanced,cached_mxbai,39,1782218505.2486472,,,
8434,1,svm,max,balanced,cached_mxbai,40,1782218505.3229032,,,
3820,1,svm,max,balanced,cached_mxbai,41,1782218505.3845384,,,
1833,1,svm,max,balanced,cached_mxbai,42,1782218505.4345226,,,
8412,1,svm,max,balanced,cached_mxbai,43,1782218505.4887102,,,
8843,0,svm,max,balanced,cached_mxbai,44,1782218505.5393195,,,
10015,1,svm,max,balanced,cached_mxbai,45,1782218505.5892637,,,
9498,1,svm,max,balanced,cached_mxbai,46,1782218505.639779,,,
7373,1,svm,max,balanced,cached_mxbai,47,1782218505.6901505,,,
8719,1,svm,max,balanced,cached_mxbai,48,1782218505.7409852,,,
8718,0,svm,max,balanced,cached_mxbai,49,1782218505.791882,,,
7598,0,svm,max,balanced,cached_mxbai,50,1782218505.8441575,,,
10029,0,svm,max,balanced,cached_mxbai,51,1782218505.8976133,,,
8378,0,svm,max,balanced,cached_mxbai,52,1782218505.9491801,,,
4083,0,svm,max,balanced,cached_mxbai,53,1782218506.0008464,,,
7026,0,svm,max,balanced,cached_mxbai,54,1782218506.052823,,,
7479,0,svm,max,balanced,cached_mxbai,55,1782218506.1056082,,,
6197,0,svm,max,balanced,cached_mxbai,56,1782218506.1571226,,,
9360,0,svm,max,balanced,cached_mxbai,57,1782218506.2094502,,,
6904,1,svm,max,balanced,cached_mxbai,58,1782218506.2610247,,,
6902,1,svm,max,balanced,cached_mxbai,59,1782218506.3128312,,,
6637,1,svm,max,balanced,cached_mxbai,60,1782218506.3643909,,,
5115,0,svm,max,balanced,cached_mxbai,61,1782218506.416028,,,
8594,1,svm,max,balanced,cached_mxbai,62,1782218506.4672012,,,
9740,0,svm,max,balanced,cached_mxbai,63,1782218506.5179484,,,
5333,0,svm,max,balanced,cached_mxbai,64,1782218506.5684059,,,
5647,1,svm,max,balanced,cached_mxbai,65,1782218506.6194582,,,
7904,1,svm,max,balanced,cached_mxbai,66,1782218506.67038,,,
7914,1,svm,max,balanced,cached_mxbai,67,1782218506.7216887,,,
6884,0,svm,max,balanced,cached_mxbai,68,1782218506.7729025,,,
6419,1,svm,max,balanced,cached_mxbai,69,1782218506.8255725,,,
882,0,svm,max,balanced,cached_mxbai,70,1782218506.8771994,,,
649,0,svm,max,balanced,cached_mxbai,71,1782218506.9289603,,,
4456,0,svm,max,balanced,cached_mxbai,72,1782218506.9801161,,,
8552,0,svm,max,balanced,cached_mxbai,73,1782218507.032649,,,
9835,0,svm,max,balanced,cached_mxbai,74,1782218507.0863037,,,
1428,0,svm,max,balanced,cached_mxbai,75,1782218507.1394968,,,
5369,1,svm,max,balanced,cached_mxbai,76,1782218507.1918378,,,
10523,1,svm,max,balanced,cached_mxbai,77,1782218507.2454133,,,
3590,0,svm,max,balanced,cached_mxbai,78,1782218507.2982764,,,
5972,0,svm,max,balanced,cached_mxbai,79,1782218507.352009,,,
1159,1,svm,max,balanced,cached_mxbai,80,1782218507.4046903,,,
9891,0,svm,max,balanced,cached_mxbai,81,1782218507.458754,,,
8087,1,svm,max,balanced,cached_mxbai,82,1782218507.5124083,,,
5646,1,svm,max,balanced,cached_mxbai,83,1782218507.5660174,,,
9527,1,svm,max,balanced,cached_mxbai,84,1782218507.6194205,,,
9787,1,svm,max,balanced,cached_mxbai,85,1782218507.673107,,,
2751,0,svm,max,balanced,cached_mxbai,86,1782218507.7265081,,,
7340,0,svm,max,balanced,cached_mxbai,87,1782218507.7794697,,,
7412,0,svm,max,balanced,cached_mxbai,88,1782218507.8349593,,,
10447,1,svm,max,balanced,cached_mxbai,89,1782218507.887838,,,
8775,0,svm,max,balanced,cached_mxbai,90,1782218507.9414434,,,
3931,1,svm,max,balanced,cached_mxbai,91,1782218507.99475,,,
5353,1,svm,max,balanced,cached_mxbai,92,1782218508.0477824,,,
10456,0,svm,max,balanced,cached_mxbai,93,1782218508.1018329,,,
5749,1,svm,max,balanced,cached_mxbai,94,1782218508.15581,,,
5750,0,svm,max,balanced,cached_mxbai,95,1782218508.2096088,,,
7928,0,svm,max,balanced,cached_mxbai,96,1782218508.2635262,,,
6628,0,svm,max,balanced,cached_mxbai,97,1782218508.3165991,,,
9142,0,svm,max,balanced,cached_mxbai,98,1782218508.3702574,,,
9944,0,svm,max,balanced,cached_mxbai,99,1782218508.4249306,,,
8295,0,svm,max,balanced,cached_mxbai,100,1782218508.478204,,,
1272,0,svm,max,balanced,cached_mxbai,101,1782218508.5322924,,,
6376,0,svm,max,balanced,cached_mxbai,102,1782218508.58724,,,
5301,1,svm,max,balanced,cached_mxbai,103,1782218508.6415524,,,
8537,1,svm,max,balanced,cached_mxbai,104,1782218508.6970382,,,
9959,1,svm,max,balanced,cached_mxbai,105,1782218508.7541306,,,
8535,1,svm,max,balanced,cached_mxbai,106,1782218508.811179,,,
5298,1,svm,max,balanced,cached_mxbai,107,1782218508.8672624,,,
5297,0,svm,max,balanced,cached_mxbai,108,1782218508.9238412,,,
5302,1,svm,max,balanced,cached_mxbai,109,1782218508.9789226,,,
831,1,svm,max,balanced,cached_mxbai,110,1782218509.0348566,,,
839,0,svm,max,balanced,cached_mxbai,111,1782218509.0921707,,,
1674,0,svm,max,balanced,cached_mxbai,112,1782218509.148388,,,
10053,0,svm,max,balanced,cached_mxbai,113,1782218509.2062047,,,
6673,1,svm,max,balanced,cached_mxbai,114,1782218509.2625158,,,
8649,1,svm,max,balanced,cached_mxbai,115,1782218509.3196764,,,
7863,1,svm,max,balanced,cached_mxbai,116,1782218509.3742723,,,
1747,1,svm,max,balanced,cached_mxbai,117,1782218509.4301627,,,
1748,0,svm,max,balanced,cached_mxbai,118,1782218509.4867203,,,
6053,1,svm,max,balanced,cached_mxbai,119,1782218509.5437112,,,
5081,0,svm,max,balanced,cached_mxbai,120,1782218509.599816,,,
5739,1,svm,max,balanced,cached_mxbai,121,1782218509.654196,,,
8163,1,svm,max,balanced,cached_mxbai,122,1782218509.7107754,,,
521,0,svm,max,balanced,cached_mxbai,123,1782218509.766725,,,
982,0,svm,max,balanced,cached_mxbai,124,1782218509.8233173,,,
9685,1,svm,max,balanced,cached_mxbai,125,1782218509.8798904,,,
8094,1,svm,max,balanced,cached_mxbai,126,1782218509.9368272,,,
9658,0,svm,max,balanced,cached_mxbai,127,1782218509.9926069,,,
7153,1,svm,max,balanced,cached_mxbai,128,1782218510.0503619,,,
3190,0,svm,max,balanced,cached_mxbai,129,1782218510.107056,,,
6257,0,svm,max,balanced,cached_mxbai,130,1782218510.1641195,,,
7655,1,svm,max,balanced,cached_mxbai,131,1782218510.2198224,,,
9686,1,svm,max,balanced,cached_mxbai,132,1782218510.2774038,,,
10035,0,svm,max,balanced,cached_mxbai,133,1782218510.333706,,,
8314,1,svm,max,balanced,cached_mxbai,134,1782218510.3894923,,,
2294,0,svm,max,balanced,cached_mxbai,135,1782218510.444334,,,
5082,0,svm,max,balanced,cached_mxbai,136,1782218510.4993548,,,
1675,1,svm,max,balanced,cached_mxbai,137,1782218510.5563164,,,
4457,0,svm,max,balanced,cached_mxbai,138,1782218510.612547,,,
9720,0,svm,max,balanced,cached_mxbai,139,1782218510.6686862,,,
6174,0,svm,max,balanced,cached_mxbai,140,1782218510.7234547,,,
3019,1,svm,max,balanced,cached_mxbai,141,1782218510.7797651,,,
10512,1,svm,max,balanced,cached_mxbai,142,1782218510.8369398,,,
7413,1,svm,max,balanced,cached_mxbai,143,1782218510.8939602,,,
8503,1,svm,max,balanced,cached_mxbai,144,1782218510.950811,,,
1728,1,svm,max,balanced,cached_mxbai,145,1782218511.007437,,,
4558,0,svm,max,balanced,cached_mxbai,146,1782218511.065339,,,
7877,1,svm,max,balanced,cached_mxbai,147,1782218511.123627,,,
7333,1,svm,max,balanced,cached_mxbai,148,1782218511.1806407,,,
10147,1,svm,max,balanced,cached_mxbai,149,1782218511.2388191,,,
1726,1,svm,max,balanced,cached_mxbai,150,1782218511.2975812,,,
7724,1,svm,max,balanced,cached_mxbai,151,1782218511.3544023,,,
4549,0,svm,max,balanced,cached_mxbai,152,1782218511.4110894,,,
8807,0,svm,max,balanced,cached_mxbai,153,1782218511.46854,,,
1311,0,svm,max,balanced,cached_mxbai,154,1782218511.526324,,,
1028,0,svm,max,balanced,cached_mxbai,155,1782218511.5844216,,,
5670,0,svm,max,balanced,cached_mxbai,156,1782218511.6410568,,,
8656,0,svm,max,balanced,cached_mxbai,157,1782218511.6980958,,,
989,0,svm,max,balanced,cached_mxbai,158,1782218511.7562373,,,
4547,0,svm,max,balanced,cached_mxbai,159,1782218511.8139403,,,
8306,1,svm,max,balanced,cached_mxbai,160,1782218511.8731108,,,
9077,0,svm,max,balanced,cached_mxbai,161,1782218511.9322388,,,
5888,1,svm,max,balanced,cached_mxbai,162,1782218511.99077,,,
8620,0,svm,max,balanced,cached_mxbai,163,1782218512.0508618,,,
4452,0,svm,max,balanced,cached_mxbai,164,1782218512.1096685,,,
9750,1,svm,max,balanced,cached_mxbai,165,1782218512.1689641,,,
9525,0,svm,max,balanced,cached_mxbai,166,1782218512.2278666,,,
5383,0,svm,max,balanced,cached_mxbai,167,1782218512.2890139,,,
7878,0,svm,max,balanced,cached_mxbai,168,1782218512.348869,,,
10324,0,svm,max,balanced,cached_mxbai,169,1782218512.4095705,,,
7179,0,svm,max,balanced,cached_mxbai,170,1782218512.468541,,,
4591,0,svm,max,balanced,cached_mxbai,171,1782218512.52812,,,
1488,0,svm,max,balanced,cached_mxbai,172,1782218512.588961,,,
4345,0,svm,max,balanced,cached_mxbai,173,1782218512.6460674,,,
2011,0,svm,max,balanced,cached_mxbai,174,1782218512.7036214,,,
5715,0,svm,max,balanced,cached_mxbai,175,1782218512.7625363,,,
1786,0,svm,max,balanced,cached_mxbai,176,1782218512.8208852,,,
8401,0,svm,max,balanced,cached_mxbai,177,1782218512.8810155,,,
8442,0,svm,max,balanced,cached_mxbai,178,1782218512.9414508,,,
4455,0,svm,max,balanced,cached_mxbai,179,1782218512.9996448,,,
9170,1,svm,max,balanced,cached_mxbai,180,1782218513.0576584,,,
4534,0,svm,max,balanced,cached_mxbai,181,1782218513.1185644,,,
5322,0,svm,max,balanced,cached_mxbai,182,1782218513.1784546,,,
6111,0,svm,max,balanced,cached_mxbai,183,1782218513.236862,,,
9107,0,svm,max,balanced,cached_mxbai,184,1782218513.296492,,,
9325,1,svm,max,balanced,cached_mxbai,185,1782218513.3549974,,,
8247,1,svm,max,balanced,cached_mxbai,186,1782218513.4136438,,,
4508,0,svm,max,balanced,cached_mxbai,187,1782218513.4750605,,,
5299,0,svm,max,balanced,cached_mxbai,188,1782218513.5327473,,,
4751,0,svm,max,balanced,cached_mxbai,189,1782218513.5916939,,,
6627,0,svm,max,balanced,cached_mxbai,190,1782218513.6508982,,,
10051,0,svm,max,balanced,cached_mxbai,191,1782218513.7097187,,,
5141,0,svm,max,balanced,cached_mxbai,192,1782218513.7690053,,,
1676,0,svm,max,balanced,cached_mxbai,193,1782218513.8292553,,,
4950,0,svm,max,balanced,cached_mxbai,194,1782218513.8908632,,,
7561,0,svm,max,balanced,cached_mxbai,195,1782218513.9505548,,,
8730,0,svm,max,balanced,cached_mxbai,196,1782218514.0085883,,,
1110,0,svm,max,balanced,cached_mxbai,197,1782218514.067359,,,
6520,0,svm,max,balanced,cached_mxbai,198,1782218514.127925,,,
9346,1,svm,max,balanced,cached_mxbai,199,1782218514.1874409,,,
5724,1,svm,max,balanced,cached_mxbai,200,1782218514.246896,,,
8460,0,svm,max,balanced,cached_mxbai,201,1782218514.3080602,,,
4425,0,svm,max,balanced,cached_mxbai,202,1782218514.3677301,,,
6783,0,svm,max,balanced,cached_mxbai,203,1782218514.4268188,,,
4464,1,svm,max,balanced,cached_mxbai,204,1782218514.4872034,,,
3077,0,svm,max,balanced,cached_mxbai,205,1782218514.547599,,,
8505,0,svm,max,balanced,cached_mxbai,206,1782218514.6109624,,,
10062,0,svm,max,balanced,cached_mxbai,207,1782218514.6749246,,,
1002,1,svm,max,balanced,cached_mxbai,208,1782218514.737181,,,
5714,1,svm,max,balanced,cached_mxbai,209,1782218514.7981293,,,
6617,0,svm,max,balanced,cached_mxbai,210,1782218514.8610063,,,
4423,0,svm,max,balanced,cached_mxbai,211,1782218514.924844,,,
3021,0,svm,max,balanced,cached_mxbai,212,1782218514.9862761,,,
6268,0,svm,max,balanced,cached_mxbai,213,1782218515.0631988,,,
681,0,svm,max,balanced,cached_mxbai,214,1782218515.126436,,,
5565,0,svm,max,balanced,cached_mxbai,215,1782218515.188075,,,
8926,0,svm,max,balanced,cached_mxbai,216,1782218515.2592154,,,
8801,0,svm,max,balanced,cached_mxbai,217,1782218515.3523126,,,
5296,0,svm,max,balanced,cached_mxbai,218,1782218515.4146655,,,
7278,0,svm,max,balanced,cached_mxbai,219,1782218515.475719,,,
6632,1,svm,max,balanced,cached_mxbai,220,1782218515.5361092,,,
6630,0,svm,max,balanced,cached_mxbai,221,1782218515.596361,,,
4460,0,svm,max,balanced,cached_mxbai,222,1782218515.6556652,,,
5059,0,svm,max,balanced,cached_mxbai,223,1782218515.7159834,,,
7754,0,svm,max,balanced,cached_mxbai,224,1782218515.7784135,,,
1649,0,svm,max,balanced,cached_mxbai,225,1782218515.8425863,,,
4718,0,svm,max,balanced,cached_mxbai,226,1782218515.9065187,,,
10037,0,svm,max,balanced,cached_mxbai,227,1782218515.9683404,,,
1645,1,svm,max,balanced,cached_mxbai,228,1782218516.0296354,,,
3135,0,svm,max,balanced,cached_mxbai,229,1782218516.0908635,,,
845,0,svm,max,balanced,cached_mxbai,230,1782218516.1530929,,,
3489,0,svm,max,balanced,cached_mxbai,231,1782218516.216079,,,
4468,0,svm,max,balanced,cached_mxbai,232,1782218516.2787945,,,
8047,1,svm,max,balanced,cached_mxbai,233,1782218516.3385966,,,
8815,1,svm,max,balanced,cached_mxbai,234,1782218516.399863,,,
6098,0,svm,max,balanced,cached_mxbai,235,1782218516.4613583,,,
6227,0,svm,max,balanced,cached_mxbai,236,1782218516.5226138,,,
4326,0,svm,max,balanced,cached_mxbai,237,1782218516.5848756,,,
5986,1,svm,max,balanced,cached_mxbai,238,1782218516.6476114,,,
10028,1,svm,max,balanced,cached_mxbai,239,1782218516.7098005,,,
9027,0,svm,max,balanced,cached_mxbai,240,1782218516.7715409,,,
9462,0,svm,max,balanced,cached_mxbai,241,1782218516.834344,,,
8787,0,svm,max,balanced,cached_mxbai,242,1782218516.897709,,,
4283,0,svm,max,balanced,cached_mxbai,243,1782218516.9601207,,,
6479,0,svm,max,balanced,cached_mxbai,244,1782218517.0221984,,,
5985,0,svm,max,balanced,cached_mxbai,245,1782218517.086924,,,
3464,0,svm,max,balanced,cached_mxbai,246,1782218517.15274,,,
4450,0,svm,max,balanced,cached_mxbai,247,1782218517.2155147,,,
5782,0,svm,max,balanced,cached_mxbai,248,1782218517.2800384,,,
5492,0,svm,max,balanced,cached_mxbai,249,1782218517.3412907,,,
4786,0,svm,max,balanced,cached_mxbai,250,1782218517.4026818,,,
1005,0,svm,max,balanced,cached_mxbai,251,1782218517.4640422,,,
4752,0,svm,max,balanced,cached_mxbai,252,1782218517.524318,,,
543,0,svm,max,balanced,cached_mxbai,253,1782218517.5871663,,,
4448,0,svm,max,balanced,cached_mxbai,254,1782218517.6488614,,,
6448,0,svm,max,balanced,cached_mxbai,255,1782218517.710197,,,
6665,0,svm,max,balanced,cached_mxbai,256,1782218517.7738035,,,
5865,0,svm,max,balanced,cached_mxbai,257,1782218517.8371134,,,
5071,0,svm,max,balanced,cached_mxbai,258,1782218517.901231,,,
3509,0,svm,max,balanced,cached_mxbai,259,1782218517.9629927,,,
10563,1,svm,max,balanced,cached_mxbai,260,1782218518.0271268,,,
6480,0,svm,max,balanced,cached_mxbai,261,1782218518.0903864,,,
4504,0,svm,max,balanced,cached_mxbai,262,1782218518.1542041,,,
1552,0,svm,max,balanced,cached_mxbai,263,1782218518.218504,,,
4592,0,svm,max,balanced,cached_mxbai,264,1782218518.2837687,,,
7176,0,svm,max,balanced,cached_mxbai,265,1782218518.3469424,,,
5606,0,svm,max,balanced,cached_mxbai,266,1782218518.4110868,,,
5948,0,svm,max,balanced,cached_mxbai,267,1782218518.4732797,,,
5624,0,svm,max,balanced,cached_mxbai,268,1782218518.535449,,,
4666,0,svm,max,balanced,cached_mxbai,269,1782218518.598669,,,
4986,0,svm,max,balanced,cached_mxbai,270,1782218518.6616504,,,
1729,0,svm,max,balanced,cached_mxbai,271,1782218518.7258952,,,
6508,0,svm,max,balanced,cached_mxbai,272,1782218518.7914724,,,
5085,0,svm,max,balanced,cached_mxbai,273,1782218518.8552957,,,
1271,0,svm,max,balanced,cached_mxbai,274,1782218518.9190676,,,
9168,0,svm,max,balanced,cached_mxbai,275,1782218518.9815302,,,
1554,0,svm,max,balanced,cached_mxbai,276,1782218519.0434008,,,
5305,0,svm,max,balanced,cached_mxbai,277,1782218519.107097,,,
7172,0,svm,max,balanced,cached_mxbai,278,1782218519.1724322,,,
6624,0,svm,max,balanced,cached_mxbai,279,1782218519.2383358,,,
7942,0,svm,max,balanced,cached_mxbai,280,1782218519.3118365,,,
5560,0,svm,max,balanced,cached_mxbai,281,1782218519.3764706,,,
4210,0,svm,max,balanced,cached_mxbai,282,1782218519.4392624,,,
8971,0,svm,max,balanced,cached_mxbai,283,1782218519.5021956,,,
6158,0,svm,max,balanced,cached_mxbai,284,1782218519.5652676,,,
6018,0,svm,max,balanced,cached_mxbai,285,1782218519.6293917,,,
7711,0,svm,max,balanced,cached_mxbai,286,1782218519.691855,,,
657,0,svm,max,balanced,cached_mxbai,287,1782218519.756684,,,
4529,0,svm,max,balanced,cached_mxbai,288,1782218519.8205962,,,
9989,1,svm,max,balanced,cached_mxbai,289,1782218519.887197,,,
4971,0,svm,max,balanced,cached_mxbai,290,1782218519.9556584,,,
3908,0,svm,max,balanced,cached_mxbai,291,1782218520.0213218,,,
6874,0,svm,max,balanced,cached_mxbai,292,1782218520.0845563,,,
9758,0,svm,max,balanced,cached_mxbai,293,1782218520.1489646,,,
7905,0,svm,max,balanced,cached_mxbai,294,1782218520.2134118,,,
10502,0,svm,max,balanced,cached_mxbai,295,1782218520.2790694,,,
3372,0,svm,max,balanced,cached_mxbai,296,1782218520.3459685,,,
10101,0,svm,max,balanced,cached_mxbai,297,1782218520.4112096,,,
1424,0,svm,max,balanced,cached_mxbai,298,1782218520.475942,,,
6716,0,svm,max,balanced,cached_mxbai,299,1782218520.5399566,,,
2800,0,svm,max,balanced,cached_mxbai,300,1782218520.6100962,,,
589,0,svm,max,balanced,cached_mxbai,301,1782218520.6747844,,,
5368,1,svm,max,balanced,cached_mxbai,302,1782218520.7398574,,,
2958,0,svm,max,balanced,cached_mxbai,303,1782218520.8059433,,,
9468,0,svm,max,balanced,cached_mxbai,304,1782218520.87151,,,
4643,0,svm,max,balanced,cached_mxbai,305,1782218520.9374483,,,
8561,0,svm,max,balanced,cached_mxbai,306,1782218521.0024488,,,
5209,0,svm,max,balanced,cached_mxbai,307,1782218521.068811,,,
8117,0,svm,max,balanced,cached_mxbai,308,1782218521.13394,,,
9892,0,svm,max,balanced,cached_mxbai,309,1782218521.2002213,,,
8643,0,svm,max,balanced,cached_mxbai,310,1782218521.2642202,,,
5293,0,svm,max,balanced,cached_mxbai,311,1782218521.3326027,,,
1232,0,svm,max,balanced,cached_mxbai,312,1782218521.3983562,,,
4548,0,svm,max,balanced,cached_mxbai,313,1782218521.4630234,,,
1081,0,svm,max,balanced,cached_mxbai,314,1782218521.5278223,,,
4461,0,svm,max,balanced,cached_mxbai,315,1782218521.591898,,,
8691,0,svm,max,balanced,cached_mxbai,316,1782218521.657595,,,
6633,0,svm,max,balanced,cached_mxbai,317,1782218521.724334,,,
7200,0,svm,max,balanced,cached_mxbai,318,1782218521.7901034,,,
6496,0,svm,max,balanced,cached_mxbai,319,1782218521.8554766,,,
4466,0,svm,max,balanced,cached_mxbai,320,1782218521.923446,,,
5210,0,svm,max,balanced,cached_mxbai,321,1782218521.9925265,,,
4338,0,svm,max,balanced,cached_mxbai,322,1782218522.0578117,,,
1819,0,svm,max,balanced,cached_mxbai,323,1782218522.1256754,,,
9774,0,svm,max,balanced,cached_mxbai,324,1782218522.1948197,,,
4413,0,svm,max,balanced,cached_mxbai,325,1782218522.2601788,,,
1038,0,svm,max,balanced,cached_mxbai,326,1782218522.328702,,,
4887,0,svm,max,balanced,cached_mxbai,327,1782218522.3944323,,,
8596,0,svm,max,balanced,cached_mxbai,328,1782218522.463883,,,
8366,0,svm,max,balanced,cached_mxbai,329,1782218522.5296357,,,
5561,0,svm,max,balanced,cached_mxbai,330,1782218522.5950146,,,
7299,0,svm,max,balanced,cached_mxbai,331,1782218522.6627963,,,
5586,0,svm,max,balanced,cached_mxbai,332,1782218522.731294,,,
7012,0,svm,max,balanced,cached_mxbai,333,1782218522.8001652,,,
4467,0,svm,max,balanced,cached_mxbai,334,1782218522.868763,,,
9025,0,svm,max,balanced,cached_mxbai,335,1782218522.9422727,,,
8651,0,svm,max,balanced,cached_mxbai,336,1782218523.0157833,,,
5306,0,svm,max,balanced,cached_mxbai,337,1782218523.0879068,,,
4465,0,svm,max,balanced,cached_mxbai,338,1782218523.1570907,,,
3176,0,svm,max,balanced,cached_mxbai,339,1782218523.2260132,,,
6921,0,svm,max,balanced,cached_mxbai,340,1782218523.2947602,,,
4029,0,svm,max,balanced,cached_mxbai,341,1782218523.3625698,,,
183,0,svm,max,balanced,cached_mxbai,342,1782218523.430389,,,
2489,0,svm,max,balanced,cached_mxbai,343,1782218523.4996083,,,
7686,0,svm,max,balanced,cached_mxbai,344,1782218523.5667596,,,
4406,0,svm,max,balanced,cached_mxbai,345,1782218523.6352868,,,
7851,0,svm,max,balanced,cached_mxbai,346,1782218523.704347,,,
1491,0,svm,max,balanced,cached_mxbai,347,1782218523.7724915,,,
4036,0,svm,max,balanced,cached_mxbai,348,1782218523.8405085,,,
8806,1,svm,max,balanced,cached_mxbai,349,1782218523.9086013,,,
5792,0,svm,max,balanced,cached_mxbai,350,1782218523.9757497,,,
6781,1,svm,max,balanced,cached_mxbai,351,1782218524.04403,,,
6782,0,svm,max,balanced,cached_mxbai,352,1782218524.111662,,,
4436,0,svm,max,balanced,cached_mxbai,353,1782218524.179943,,,
1083,0,svm,max,balanced,cached_mxbai,354,1782218524.2473006,,,
9805,0,svm,max,balanced,cached_mxbai,355,1782218524.3197274,,,
9684,0,svm,max,balanced,cached_mxbai,356,1782218524.387531,,,
4055,0,svm,max,balanced,cached_mxbai,357,1782218524.458276,,,
7790,0,svm,max,balanced,cached_mxbai,358,1782218524.530064,,,
4293,0,svm,max,balanced,cached_mxbai,359,1782218524.5999212,,,
2681,0,svm,max,balanced,cached_mxbai,360,1782218524.6716497,,,
9430,0,svm,max,balanced,cached_mxbai,361,1782218524.7422762,,,
5941,0,svm,max,balanced,cached_mxbai,362,1782218524.814056,,,
4748,0,svm,max,balanced,cached_mxbai,363,1782218524.8854218,,,
5967,1,svm,max,balanced,cached_mxbai,364,1782218524.9582329,,,
9770,1,svm,max,balanced,cached_mxbai,365,1782218525.036021,,,
8188,0,svm,max,balanced,cached_mxbai,366,1782218525.107744,,,
7215,0,svm,max,balanced,cached_mxbai,367,1782218525.1791804,,,
5257,0,svm,max,balanced,cached_mxbai,368,1782218525.2589114,,,
1906,0,svm,max,balanced,cached_mxbai,369,1782218525.352338,,,
1047,1,svm,max,balanced,cached_mxbai,370,1782218525.422688,,,
7184,0,svm,max,balanced,cached_mxbai,371,1782218525.49478,,,
725,0,svm,max,balanced,cached_mxbai,372,1782218525.565346,,,
3102,0,svm,max,balanced,cached_mxbai,373,1782218525.6360726,,,
1817,0,svm,max,balanced,cached_mxbai,374,1782218525.7087996,,,
7147,0,svm,max,balanced,cached_mxbai,375,1782218525.7808266,,,
220,0,svm,max,balanced,cached_mxbai,376,1782218525.8530529,,,
4965,0,svm,max,balanced,cached_mxbai,377,1782218525.9237852,,,
1145,0,svm,max,balanced,cached_mxbai,378,1782218525.996651,,,
8145,0,svm,max,balanced,cached_mxbai,379,1782218526.067573,,,
3343,0,svm,max,balanced,cached_mxbai,380,1782218526.1380472,,,
1004,0,svm,max,balanced,cached_mxbai,381,1782218526.2091565,,,
4743,0,svm,max,balanced,cached_mxbai,382,1782218526.280863,,,
9255,0,svm,max,balanced,cached_mxbai,383,1782218526.3565137,,,
8334,0,svm,max,balanced,cached_mxbai,384,1782218526.4282823,,,
3768,0,svm,max,balanced,cached_mxbai,385,1782218526.5000653,,,
4973,0,svm,max,balanced,cached_mxbai,386,1782218526.5708792,,,
1001,0,svm,max,balanced,cached_mxbai,387,1782218526.6445537,,,
4077,0,svm,max,balanced,cached_mxbai,388,1782218526.7170856,,,
10209,0,svm,max,balanced,cached_mxbai,389,1782218526.7890322,,,
1489,0,svm,max,balanced,cached_mxbai,390,1782218526.8609574,,,
8375,0,svm,max,balanced,cached_mxbai,391,1782218526.9333375,,,
4628,0,svm,max,balanced,cached_mxbai,392,1782218527.0078464,,,
4308,0,svm,max,balanced,cached_mxbai,393,1782218527.081694,,,
8465,0,svm,max,balanced,cached_mxbai,394,1782218527.1559896,,,
7678,0,svm,max,balanced,cached_mxbai,395,1782218527.2322998,,,
9702,0,svm,max,balanced,cached_mxbai,396,1782218527.311828,,,
1810,0,svm,max,balanced,cached_mxbai,397,1782218527.3866456,,,
8485,0,svm,max,balanced,cached_mxbai,398,1782218527.4606595,,,
7534,0,svm,max,balanced,cached_mxbai,399,1782218527.5358334,,,
3145,1,svm,max,balanced,cached_mxbai,400,1782218527.6095147,,,
6779,1,svm,max,balanced,cached_mxbai,401,1782218527.6843393,,,
3891,0,svm,max,balanced,cached_mxbai,402,1782218527.7567022,,,
3718,0,svm,max,balanced,cached_mxbai,403,1782218527.8302324,,,
3144,0,svm,max,balanced,cached_mxbai,404,1782218527.9038835,,,
99,0,svm,max,balanced,cached_mxbai,405,1782218527.9769151,,,
3389,0,svm,max,balanced,cached_mxbai,406,1782218528.052081,,,
4557,0,svm,max,balanced,cached_mxbai,407,1782218528.126012,,,
7017,0,svm,max,balanced,cached_mxbai,408,1782218528.199043,,,
10016,1,svm,max,balanced,cached_mxbai,409,1782218528.27406,,,
6519,0,svm,max,balanced,cached_mxbai,410,1782218528.3499553,,,
6258,1,svm,max,balanced,cached_mxbai,411,1782218528.4245152,,,
1228,0,svm,max,balanced,cached_mxbai,412,1782218528.4975076,,,
4064,0,svm,max,balanced,cached_mxbai,413,1782218528.5729606,,,
10146,0,svm,max,balanced,cached_mxbai,414,1782218528.6465683,,,
7288,0,svm,max,balanced,cached_mxbai,415,1782218528.7218807,,,
4738,0,svm,max,balanced,cached_mxbai,416,1782218528.797603,,,
6464,0,svm,max,balanced,cached_mxbai,417,1782218528.8698854,,,
3804,0,svm,max,balanced,cached_mxbai,418,1782218528.94234,,,
4885,0,svm,max,balanced,cached_mxbai,419,1782218529.0160758,,,
4688,0,svm,max,balanced,cached_mxbai,420,1782218529.090444,,,
8532,0,svm,max,balanced,cached_mxbai,421,1782218529.1649036,,,
4531,0,svm,max,balanced,cached_mxbai,422,1782218529.239321,,,
3568,0,svm,max,balanced,cached_mxbai,423,1782218529.3136008,,,
6377,0,svm,max,balanced,cached_mxbai,424,1782218529.387618,,,
6640,0,svm,max,balanced,cached_mxbai,425,1782218529.4613984,,,
1061,0,svm,max,balanced,cached_mxbai,426,1782218529.535936,,,
4353,0,svm,max,balanced,cached_mxbai,427,1782218529.6085608,,,
7435,0,svm,max,balanced,cached_mxbai,428,1782218529.6837137,,,
8887,0,svm,max,balanced,cached_mxbai,429,1782218529.7581487,,,
2705,0,svm,max,balanced,cached_mxbai,430,1782218529.8340595,,,
5769,0,svm,max,balanced,cached_mxbai,431,1782218529.9088635,,,
3027,0,svm,max,balanced,cached_mxbai,432,1782218529.9850953,,,
5975,0,svm,max,balanced,cached_mxbai,433,1782218530.061943,,,
5563,0,svm,max,balanced,cached_mxbai,434,1782218530.1369035,,,
8395,0,svm,max,balanced,cached_mxbai,435,1782218530.2115993,,,
7140,0,svm,max,balanced,cached_mxbai,436,1782218530.2869103,,,
5176,0,svm,max,balanced,cached_mxbai,437,1782218530.3645313,,,
4778,0,svm,max,balanced,cached_mxbai,438,1782218530.4404874,,,
3576,0,svm,max,balanced,cached_mxbai,439,1782218530.5174758,,,
4829,0,svm,max,balanced,cached_mxbai,440,1782218530.5931158,,,
5414,0,svm,max,balanced,cached_mxbai,441,1782218530.6709182,,,
9204,0,svm,max,balanced,cached_mxbai,442,1782218530.747498,,,
958,0,svm,max,balanced,cached_mxbai,443,1782218530.8248305,,,
4451,0,svm,max,balanced,cached_mxbai,444,1782218530.9014692,,,
1599,0,svm,max,balanced,cached_mxbai,445,1782218530.976623,,,
10215,0,svm,max,balanced,cached_mxbai,446,1782218531.0530784,,,
4881,0,svm,max,balanced,cached_mxbai,447,1782218531.1298437,,,
3963,0,svm,max,balanced,cached_mxbai,448,1782218531.205387,,,
1708,0,svm,max,balanced,cached_mxbai,449,1782218531.2807422,,,
1191,0,svm,max,balanced,cached_mxbai,450,1782218531.3595378,,,
558,0,svm,max,balanced,cached_mxbai,451,1782218531.4371438,,,
7943,0,svm,max,balanced,cached_mxbai,452,1782218531.5149765,,,
3433,0,svm,max,balanced,cached_mxbai,453,1782218531.5909822,,,
4785,0,svm,max,balanced,cached_mxbai,454,1782218531.6680884,,,
3459,0,svm,max,balanced,cached_mxbai,455,1782218531.744663,,,
6916,0,svm,max,balanced,cached_mxbai,456,1782218531.8222497,,,
7784,0,svm,max,balanced,cached_mxbai,457,1782218531.8993964,,,
3961,0,svm,max,balanced,cached_mxbai,458,1782218531.976778,,,
6891,0,svm,max,balanced,cached_mxbai,459,1782218532.0568724,,,
4746,0,svm,max,balanced,cached_mxbai,460,1782218532.135691,,,
3679,0,svm,max,balanced,cached_mxbai,461,1782218532.2106688,,,
8714,0,svm,max,balanced,cached_mxbai,462,1782218532.2891393,,,
4626,0,svm,max,balanced,cached_mxbai,463,1782218532.367208,,,
6881,1,svm,max,balanced,cached_mxbai,464,1782218532.445797,,,
3243,0,svm,max,balanced,cached_mxbai,465,1782218532.5237293,,,
74,0,svm,max,balanced,cached_mxbai,466,1782218532.6020212,,,
8422,1,svm,max,balanced,cached_mxbai,467,1782218532.678475,,,
7896,0,svm,max,balanced,cached_mxbai,468,1782218532.7553458,,,
3775,0,svm,max,balanced,cached_mxbai,469,1782218532.8344417,,,
6738,0,svm,max,balanced,cached_mxbai,470,1782218532.912648,,,
7392,0,svm,max,balanced,cached_mxbai,471,1782218532.989108,,,
4396,0,svm,max,balanced,cached_mxbai,472,1782218533.0652554,,,
838,0,svm,max,balanced,cached_mxbai,473,1782218533.1435363,,,
9907,0,svm,max,balanced,cached_mxbai,474,1782218533.2200074,,,
10052,0,svm,max,balanced,cached_mxbai,475,1782218533.297673,,,
5633,0,svm,max,balanced,cached_mxbai,476,1782218533.3765087,,,
4805,0,svm,max,balanced,cached_mxbai,477,1782218533.4551065,,,
4390,0,svm,max,balanced,cached_mxbai,478,1782218533.5330517,,,
8991,0,svm,max,balanced,cached_mxbai,479,1782218533.6128857,,,
3672,0,svm,max,balanced,cached_mxbai,480,1782218533.6917984,,,
10591,0,svm,max,balanced,cached_mxbai,481,1782218533.7705567,,,
4487,0,svm,max,balanced,cached_mxbai,482,1782218533.8487663,,,
6100,0,svm,max,balanced,cached_mxbai,483,1782218533.9275284,,,
3065,0,svm,max,balanced,cached_mxbai,484,1782218534.0059059,,,
9600,0,svm,max,balanced,cached_mxbai,485,1782218534.0871022,,,
4720,0,svm,max,balanced,cached_mxbai,486,1782218534.1670275,,,
832,0,svm,max,balanced,cached_mxbai,487,1782218534.2430754,,,
5521,0,svm,max,balanced,cached_mxbai,488,1782218534.3222418,,,
1520,0,svm,max,balanced,cached_mxbai,489,1782218534.4006543,,,
6133,0,svm,max,balanced,cached_mxbai,490,1782218534.479839,,,
5008,0,svm,max,balanced,cached_mxbai,491,1782218534.5584717,,,
8015,0,svm,max,balanced,cached_mxbai,492,1782218534.6367235,,,
7104,0,svm,max,balanced,cached_mxbai,493,1782218534.7144501,,,
5102,0,svm,max,balanced,cached_mxbai,494,1782218534.792434,,,
3630,0,svm,max,balanced,cached_mxbai,495,1782218534.8708694,,,
4567,0,svm,max,balanced,cached_mxbai,496,1782218534.9493706,,,
4449,0,svm,max,balanced,cached_mxbai,497,1782218535.0343928,,,
4947,0,svm,max,balanced,cached_mxbai,498,1782218535.1162896,,,
6926,0,svm,max,balanced,cached_mxbai,499,1782218535.1950364,,,
3919,0,svm,max,balanced,cached_mxbai,500,1782218535.294632,,,
675,0,svm,max,balanced,cached_mxbai,501,1782218535.3840158,,,
4471,0,svm,max,balanced,cached_mxbai,502,1782218535.4637074,,,
4116,0,svm,max,balanced,cached_mxbai,503,1782218535.543425,,,
4661,0,svm,max,balanced,cached_mxbai,504,1782218535.622912,,,
3926,0,svm,max,balanced,cached_mxbai,505,1782218535.7004037,,,
6255,0,svm,max,balanced,cached_mxbai,506,1782218535.7812011,,,
4072,0,svm,max,balanced,cached_mxbai,507,1782218535.8606796,,,
4597,0,svm,max,balanced,cached_mxbai,508,1782218535.9389908,,,
6490,0,svm,max,balanced,cached_mxbai,509,1782218536.0180798,,,
5193,0,svm,max,balanced,cached_mxbai,510,1782218536.0995662,,,
9830,0,svm,max,balanced,cached_mxbai,511,1782218536.1788378,,,
3974,0,svm,max,balanced,cached_mxbai,512,1782218536.2597315,,,
9124,0,svm,max,balanced,cached_mxbai,513,1782218536.3421957,,,
4779,0,svm,max,balanced,cached_mxbai,514,1782218536.4250705,,,
9743,0,svm,max,balanced,cached_mxbai,515,1782218536.5061586,,,
662,0,svm,max,balanced,cached_mxbai,516,1782218536.5890868,,,
7421,0,svm,max,balanced,cached_mxbai,517,1782218536.6710567,,,
559,0,svm,max,balanced,cached_mxbai,518,1782218536.7500527,,,
7305,0,svm,max,balanced,cached_mxbai,519,1782218536.8300238,,,
5556,0,svm,max,balanced,cached_mxbai,520,1782218536.9098847,,,
9552,0,svm,max,balanced,cached_mxbai,521,1782218536.9889014,,,
8377,0,svm,max,balanced,cached_mxbai,522,1782218537.0683365,,,
1403,0,svm,max,balanced,cached_mxbai,523,1782218537.149804,,,
2901,0,svm,max,balanced,cached_mxbai,524,1782218537.2316148,,,
143,0,svm,max,balanced,cached_mxbai,525,1782218537.312658,,,
9461,1,svm,max,balanced,cached_mxbai,526,1782218537.40101,,,
114,0,svm,max,balanced,cached_mxbai,527,1782218537.4863937,,,
2076,0,svm,max,balanced,cached_mxbai,528,1782218537.5714912,,,
5857,0,svm,max,balanced,cached_mxbai,529,1782218537.6565423,,,
3787,0,svm,max,balanced,cached_mxbai,530,1782218537.740486,,,
8556,0,svm,max,balanced,cached_mxbai,531,1782218537.8243873,,,
1391,0,svm,max,balanced,cached_mxbai,532,1782218537.9049487,,,
6618,0,svm,max,balanced,cached_mxbai,533,1782218537.986342,,,
4616,0,svm,max,balanced,cached_mxbai,534,1782218538.0687973,,,
3415,0,svm,max,balanced,cached_mxbai,535,1782218538.150173,,,
4721,0,svm,max,balanced,cached_mxbai,536,1782218538.2335472,,,
8605,0,svm,max,balanced,cached_mxbai,537,1782218538.318263,,,
9960,0,svm,max,balanced,cached_mxbai,538,1782218538.4022508,,,
10590,0,svm,max,balanced,cached_mxbai,539,1782218538.48492,,,
8595,0,svm,max,balanced,cached_mxbai,540,1782218538.5683231,,,
9517,0,svm,max,balanced,cached_mxbai,541,1782218538.649827,,,
4154,0,svm,max,balanced,cached_mxbai,542,1782218538.7330666,,,
5767,0,svm,max,balanced,cached_mxbai,543,1782218538.8162425,,,
7011,0,svm,max,balanced,cached_mxbai,544,1782218538.8977616,,,
4511,0,svm,max,balanced,cached_mxbai,545,1782218538.9809065,,,
3150,0,svm,max,balanced,cached_mxbai,546,1782218539.0631468,,,
8077,0,svm,max,balanced,cached_mxbai,547,1782218539.148386,,,
4494,0,svm,max,balanced,cached_mxbai,548,1782218539.2343705,,,
5172,0,svm,max,balanced,cached_mxbai,549,1782218539.316986,,,
7080,1,svm,max,balanced,cached_mxbai,550,1782218539.400226,,,
10227,0,svm,max,balanced,cached_mxbai,551,1782218539.4827435,,,
6889,0,svm,max,balanced,cached_mxbai,552,1782218539.564657,,,
3032,0,svm,max,balanced,cached_mxbai,553,1782218539.647416,,,
8471,0,svm,max,balanced,cached_mxbai,554,1782218539.7291272,,,
3668,0,svm,max,balanced,cached_mxbai,555,1782218539.8132348,,,
4787,0,svm,max,balanced,cached_mxbai,556,1782218539.897074,,,
2625,0,svm,max,balanced,cached_mxbai,557,1782218539.9803157,,,
10026,0,svm,max,balanced,cached_mxbai,558,1782218540.0645912,,,
10424,0,svm,max,balanced,cached_mxbai,559,1782218540.1468637,,,
3929,0,svm,max,balanced,cached_mxbai,560,1782218540.2303236,,,
5179,0,svm,max,balanced,cached_mxbai,561,1782218540.3130713,,,
4520,0,svm,max,balanced,cached_mxbai,562,1782218540.3989325,,,
6518,0,svm,max,balanced,cached_mxbai,563,1782218540.4821622,,,
3224,0,svm,max,balanced,cached_mxbai,564,1782218540.568483,,,
4669,0,svm,max,balanced,cached_mxbai,565,1782218540.6540003,,,
6420,0,svm,max,balanced,cached_mxbai,566,1782218540.736651,,,
10273,0,svm,max,balanced,cached_mxbai,567,1782218540.8206072,,,
6732,0,svm,max,balanced,cached_mxbai,568,1782218540.904852,,,
3618,0,svm,max,balanced,cached_mxbai,569,1782218540.9890704,,,
10452,0,svm,max,balanced,cached_mxbai,570,1782218541.0738757,,,
3101,0,svm,max,balanced,cached_mxbai,571,1782218541.1599631,,,
7453,1,svm,max,balanced,cached_mxbai,572,1782218541.2430553,,,
3296,0,svm,max,balanced,cached_mxbai,573,1782218541.3270915,,,
10532,0,svm,max,balanced,cached_mxbai,574,1782218541.4135623,,,
4100,0,svm,max,balanced,cached_mxbai,575,1782218541.4953854,,,
1033,0,svm,max,balanced,cached_mxbai,576,1782218541.5795474,,,
667,0,svm,max,balanced,cached_mxbai,577,1782218541.663563,,,
4723,0,svm,max,balanced,cached_mxbai,578,1782218541.748236,,,
5056,0,svm,max,balanced,cached_mxbai,579,1782218541.8339305,,,
4770,0,svm,max,balanced,cached_mxbai,580,1782218541.9196663,,,
1389,0,svm,max,balanced,cached_mxbai,581,1782218542.0051198,,,
5083,0,svm,max,balanced,cached_mxbai,582,1782218542.0891094,,,
1682,0,svm,max,balanced,cached_mxbai,583,1782218542.177984,,,
6074,0,svm,max,balanced,cached_mxbai,584,1782218542.2662358,,,
1867,0,svm,max,balanced,cached_mxbai,585,1782218542.3516088,,,
4373,0,svm,max,balanced,cached_mxbai,586,1782218542.4383183,,,
5780,0,svm,max,balanced,cached_mxbai,587,1782218542.5278342,,,
10522,0,svm,max,balanced,cached_mxbai,588,1782218542.6154938,,,
5049,0,svm,max,balanced,cached_mxbai,589,1782218542.704167,,,
3726,0,svm,max,balanced,cached_mxbai,590,1782218542.7902582,,,
9476,0,svm,max,balanced,cached_mxbai,591,1782218542.8755195,,,
4505,0,svm,max,balanced,cached_mxbai,592,1782218542.9613132,,,
6725,0,svm,max,balanced,cached_mxbai,593,1782218543.048167,,,
5019,0,svm,max,balanced,cached_mxbai,594,1782218543.135772,,,
3435,0,svm,max,balanced,cached_mxbai,595,1782218543.223571,,,
4707,0,svm,max,balanced,cached_mxbai,596,1782218543.3101888,,,
3623,0,svm,max,balanced,cached_mxbai,597,1782218543.4016643,,,
3806,0,svm,max,balanced,cached_mxbai,598,1782218543.4921374,,,
4698,0,svm,max,balanced,cached_mxbai,599,1782218543.5783017,,,
7148,0,svm,max,balanced,cached_mxbai,600,1782218543.6632786,,,
7460,0,svm,max,balanced,cached_mxbai,601,1782218543.7492933,,,
4506,0,svm,max,balanced,cached_mxbai,602,1782218543.8371334,,,
9022,0,svm,max,balanced,cached_mxbai,603,1782218543.9280512,,,
6130,0,svm,max,balanced,cached_mxbai,604,1782218544.0153036,,,
3627,0,svm,max,balanced,cached_mxbai,605,1782218544.1031983,,,
6428,0,svm,max,balanced,cached_mxbai,606,1782218544.1939278,,,
4976,0,svm,max,balanced,cached_mxbai,607,1782218544.282521,,,
9908,0,svm,max,balanced,cached_mxbai,608,1782218544.3726556,,,
1820,0,svm,max,balanced,cached_mxbai,609,1782218544.4621081,,,
5168,0,svm,max,balanced,cached_mxbai,610,1782218544.5500631,,,
5321,0,svm,max,balanced,cached_mxbai,611,1782218544.6372583,,,
4499,0,svm,max,balanced,cached_mxbai,612,1782218544.7262983,,,
430,0,svm,max,balanced,cached_mxbai,613,1782218544.817995,,,
699,0,svm,max,balanced,cached_mxbai,614,1782218544.908826,,,
7549,0,svm,max,balanced,cached_mxbai,615,1782218545.0001745,,,
59,0,svm,max,balanced,cached_mxbai,616,1782218545.0996978,,,
4686,0,svm,max,balanced,cached_mxbai,617,1782218545.191791,,,
7666,0,svm,max,balanced,cached_mxbai,618,1782218545.2948558,,,
5451,0,svm,max,balanced,cached_mxbai,619,1782218545.394771,,,
1051,0,svm,max,balanced,cached_mxbai,620,1782218545.4897668,,,
5092,0,svm,max,balanced,cached_mxbai,621,1782218545.5795743,,,
4625,0,svm,max,balanced,cached_mxbai,622,1782218545.6698117,,,
532,0,svm,max,balanced,cached_mxbai,623,1782218545.7586374,,,
4565,0,svm,max,balanced,cached_mxbai,624,1782218545.8497448,,,
8168,0,svm,max,balanced,cached_mxbai,625,1782218545.9410026,,,
3455,0,svm,max,balanced,cached_mxbai,626,1782218546.031687,,,
9182,0,svm,max,balanced,cached_mxbai,627,1782218546.1210577,,,
4427,0,svm,max,balanced,cached_mxbai,628,1782218546.2113569,,,
4538,0,svm,max,balanced,cached_mxbai,629,1782218546.301349,,,
5457,0,svm,max,balanced,cached_mxbai,630,1782218546.3928924,,,
7662,0,svm,max,balanced,cached_mxbai,631,1782218546.4855294,,,
9625,0,svm,max,balanced,cached_mxbai,632,1782218546.5771003,,,
676,0,svm,max,balanced,cached_mxbai,633,1782218546.6690614,,,
7596,0,svm,max,balanced,cached_mxbai,634,1782218546.7605786,,,
8326,0,svm,max,balanced,cached_mxbai,635,1782218546.8528693,,,
4552,0,svm,max,balanced,cached_mxbai,636,1782218546.9457731,,,
745,0,svm,max,balanced,cached_mxbai,637,1782218547.0390522,,,
3761,0,svm,max,balanced,cached_mxbai,638,1782218547.1305623,,,
4350,0,svm,max,balanced,cached_mxbai,639,1782218547.2227194,,,
6400,0,svm,max,balanced,cached_mxbai,640,1782218547.3166618,,,
6192,0,svm,max,balanced,cached_mxbai,641,1782218547.4120517,,,
1879,0,svm,max,balanced,cached_mxbai,642,1782218547.504595,,,
4289,0,svm,max,balanced,cached_mxbai,643,1782218547.599267,,,
9249,0,svm,max,balanced,cached_mxbai,644,1782218547.69964,,,
7317,1,svm,max,balanced,cached_mxbai,645,1782218547.7963152,,,
4793,0,svm,max,balanced,cached_mxbai,646,1782218547.8925042,,,
3416,0,svm,max,balanced,cached_mxbai,647,1782218547.9883354,,,
4797,0,svm,max,balanced,cached_mxbai,648,1782218548.0823307,,,
3106,0,svm,max,balanced,cached_mxbai,649,1782218548.1749508,,,
4941,0,svm,max,balanced,cached_mxbai,650,1782218548.2676108,,,
4134,0,svm,max,balanced,cached_mxbai,651,1782218548.3598855,,,
545,0,svm,max,balanced,cached_mxbai,652,1782218548.4566026,,,
6530,0,svm,max,balanced,cached_mxbai,653,1782218548.5506523,,,
4599,0,svm,max,balanced,cached_mxbai,654,1782218548.6440907,,,
10317,0,svm,max,balanced,cached_mxbai,655,1782218548.7374387,,,
5218,0,svm,max,balanced,cached_mxbai,656,1782218548.8338048,,,
9678,0,svm,max,balanced,cached_mxbai,657,1782218548.927371,,,
4659,0,svm,max,balanced,cached_mxbai,658,1782218549.0235822,,,
5773,0,svm,max,balanced,cached_mxbai,659,1782218549.1191785,,,
9564,0,svm,max,balanced,cached_mxbai,660,1782218549.2158213,,,
842,1,svm,max,balanced,cached_mxbai,661,1782218549.3116026,,,
8225,0,svm,max,balanced,cached_mxbai,662,1782218549.409639,,,
4930,0,svm,max,balanced,cached_mxbai,663,1782218549.5046139,,,
4792,0,svm,max,balanced,cached_mxbai,664,1782218549.596186,,,
5403,0,svm,max,balanced,cached_mxbai,665,1782218549.6897976,,,
4677,0,svm,max,balanced,cached_mxbai,666,1782218549.782558,,,
5313,0,svm,max,balanced,cached_mxbai,667,1782218549.8754995,,,
1883,0,svm,max,balanced,cached_mxbai,668,1782218549.969086,,,
5028,0,svm,max,balanced,cached_mxbai,669,1782218550.061495,,,
4527,0,svm,max,balanced,cached_mxbai,670,1782218550.156041,,,
9806,0,svm,max,balanced,cached_mxbai,671,1782218550.2504497,,,
8884,0,svm,max,balanced,cached_mxbai,672,1782218550.3470263,,,
6146,0,svm,max,balanced,cached_mxbai,673,1782218550.4436793,,,
2408,0,svm,max,balanced,cached_mxbai,674,1782218550.5436673,,,
3221,0,svm,max,balanced,cached_mxbai,675,1782218550.635705,,,
3273,0,svm,max,balanced,cached_mxbai,676,1782218550.7299838,,,
8655,0,svm,max,balanced,cached_mxbai,677,1782218550.8244972,,,
9829,0,svm,max,balanced,cached_mxbai,678,1782218550.9229352,,,
4593,0,svm,max,balanced,cached_mxbai,679,1782218551.019972,,,
8888,0,svm,max,balanced,cached_mxbai,680,1782218551.1139154,,,
5584,0,svm,max,balanced,cached_mxbai,681,1782218551.2117162,,,
7741,0,svm,max,balanced,cached_mxbai,682,1782218551.3083172,,,
5219,0,svm,max,balanced,cached_mxbai,683,1782218551.406086,,,
4952,0,svm,max,balanced,cached_mxbai,684,1782218551.506549,,,
7121,0,svm,max,balanced,cached_mxbai,685,1782218551.6039374,,,
4875,0,svm,max,balanced,cached_mxbai,686,1782218551.7002525,,,
4153,0,svm,max,balanced,cached_mxbai,687,1782218551.7971425,,,
6778,0,svm,max,balanced,cached_mxbai,688,1782218551.8968642,,,
2758,0,svm,max,balanced,cached_mxbai,689,1782218551.9948559,,,
5394,0,svm,max,balanced,cached_mxbai,690,1782218552.0932953,,,
3852,0,svm,max,balanced,cached_mxbai,691,1782218552.1918674,,,
7864,0,svm,max,balanced,cached_mxbai,692,1782218552.2912211,,,
4711,0,svm,max,balanced,cached_mxbai,693,1782218552.386859,,,
1734,0,svm,max,balanced,cached_mxbai,694,1782218552.4832642,,,
5338,0,svm,max,balanced,cached_mxbai,695,1782218552.5835233,,,
4391,0,svm,max,balanced,cached_mxbai,696,1782218552.683646,,,
3778,0,svm,max,balanced,cached_mxbai,697,1782218552.7798593,,,
1233,0,svm,max,balanced,cached_mxbai,698,1782218552.8789794,,,
4109,0,svm,max,balanced,cached_mxbai,699,1782218552.9745479,,,
4088,0,svm,max,balanced,cached_mxbai,700,1782218553.0733964,,,
3869,0,svm,max,balanced,cached_mxbai,701,1782218553.168827,,,
4554,0,svm,max,balanced,cached_mxbai,702,1782218553.2727802,,,
5307,0,svm,max,balanced,cached_mxbai,703,1782218553.3718123,,,
4788,0,svm,max,balanced,cached_mxbai,704,1782218553.4745626,,,
8692,0,svm,max,balanced,cached_mxbai,705,1782218553.5734596,,,
9969,0,svm,max,balanced,cached_mxbai,706,1782218553.6707368,,,
5232,0,svm,max,balanced,cached_mxbai,707,1782218553.7655969,,,
5061,0,svm,max,balanced,cached_mxbai,708,1782218553.8633254,,,
1350,0,svm,max,balanced,cached_mxbai,709,1782218553.9605815,,,
5323,0,svm,max,balanced,cached_mxbai,710,1782218554.0563812,,,
8972,0,svm,max,balanced,cached_mxbai,711,1782218554.1523144,,,
6528,0,svm,max,balanced,cached_mxbai,712,1782218554.24901,,,
1360,0,svm,max,balanced,cached_mxbai,713,1782218554.3496768,,,
4532,0,svm,max,balanced,cached_mxbai,714,1782218554.4478788,,,
1472,0,svm,max,balanced,cached_mxbai,715,1782218554.5460885,,,
8257,0,svm,max,balanced,cached_mxbai,716,1782218554.6476386,,,
5137,0,svm,max,balanced,cached_mxbai,717,1782218554.7459476,,,
7226,0,svm,max,balanced,cached_mxbai,718,1782218554.8448665,,,
4458,0,svm,max,balanced,cached_mxbai,719,1782218554.9429169,,,
1777,0,svm,max,balanced,cached_mxbai,720,1782218555.0418096,,,
9813,0,svm,max,balanced,cached_mxbai,721,1782218555.1403806,,,
2110,0,svm,max,balanced,cached_mxbai,722,1782218555.262152,,,
4541,0,svm,max,balanced,cached_mxbai,723,1782218555.3854187,,,
516,0,svm,max,balanced,cached_mxbai,724,1782218555.488278,,,
4692,0,svm,max,balanced,cached_mxbai,725,1782218555.5865235,,,
3747,0,svm,max,balanced,cached_mxbai,726,1782218555.688116,,,
9528,0,svm,max,balanced,cached_mxbai,727,1782218555.7881331,,,
613,0,svm,max,balanced,cached_mxbai,728,1782218555.8873668,,,
4569,0,svm,max,balanced,cached_mxbai,729,1782218555.9910219,,,
702,0,svm,max,balanced,cached_mxbai,730,1782218556.0919466,,,
4683,0,svm,max,balanced,cached_mxbai,731,1782218556.1899297,,,
1550,0,svm,max,balanced,cached_mxbai,732,1782218556.2899168,,,
5207,0,svm,max,balanced,cached_mxbai,733,1782218556.393936,,,
4868,0,svm,max,balanced,cached_mxbai,734,1782218556.4962118,,,
3600,0,svm,max,balanced,cached_mxbai,735,1782218556.597192,,,
9779,0,svm,max,balanced,cached_mxbai,736,1782218556.697041,,,
1049,0,svm,max,balanced,cached_mxbai,737,1782218556.7959592,,,
4637,0,svm,max,balanced,cached_mxbai,738,1782218556.89688,,,
4342,0,svm,max,balanced,cached_mxbai,739,1782218556.9991252,,,
1901,0,svm,max,balanced,cached_mxbai,740,1782218557.1094384,,,
6761,0,svm,max,balanced,cached_mxbai,741,1782218557.2206008,,,
2100,0,svm,max,balanced,cached_mxbai,742,1782218557.3361492,,,
5766,0,svm,max,balanced,cached_mxbai,743,1782218557.4540634,,,
10389,0,svm,max,balanced,cached_mxbai,744,1782218557.562811,,,
8780,0,svm,max,balanced,cached_mxbai,745,1782218557.670482,,,
8800,0,svm,max,balanced,cached_mxbai,746,1782218557.7767408,,,
3479,0,svm,max,balanced,cached_mxbai,747,1782218557.878142,,,
3827,0,svm,max,balanced,cached_mxbai,748,1782218557.980468,,,
4927,0,svm,max,balanced,cached_mxbai,749,1782218558.0811632,,,
5208,0,svm,max,balanced,cached_mxbai,750,1782218558.1857834,,,
4496,0,svm,max,balanced,cached_mxbai,751,1782218558.2887912,,,
134,0,svm,max,balanced,cached_mxbai,752,1782218558.390617,,,
5227,0,svm,max,balanced,cached_mxbai,753,1782218558.4957666,,,
5276,0,svm,max,balanced,cached_mxbai,754,1782218558.600453,,,
3888,0,svm,max,balanced,cached_mxbai,755,1782218558.7029955,,,
3088,0,svm,max,balanced,cached_mxbai,756,1782218558.8080146,,,
5242,0,svm,max,balanced,cached_mxbai,757,1782218558.912027,,,
666,0,svm,max,balanced,cached_mxbai,758,1782218559.0174837,,,
7270,0,svm,max,balanced,cached_mxbai,759,1782218559.1195867,,,
3687,0,svm,max,balanced,cached_mxbai,760,1782218559.2206104,,,
4473,0,svm,max,balanced,cached_mxbai,761,1782218559.32298,,,
9531,0,svm,max,balanced,cached_mxbai,762,1782218559.4259553,,,
1213,0,svm,max,balanced,cached_mxbai,763,1782218559.528765,,,
2762,0,svm,max,balanced,cached_mxbai,764,1782218559.628455,,,
10241,0,svm,max,balanced,cached_mxbai,765,1782218559.7297966,,,
3666,0,svm,max,balanced,cached_mxbai,766,1782218559.8289292,,,
8044,0,svm,max,balanced,cached_mxbai,767,1782218559.9311557,,,
1547,0,svm,max,balanced,cached_mxbai,768,1782218560.0332425,,,
4420,0,svm,max,balanced,cached_mxbai,769,1782218560.1366549,,,
8120,0,svm,max,balanced,cached_mxbai,770,1782218560.2393227,,,
4902,0,svm,max,balanced,cached_mxbai,771,1782218560.3458478,,,
9323,0,svm,max,balanced,cached_mxbai,772,1782218560.4512918,,,
10033,0,svm,max,balanced,cached_mxbai,773,1782218560.5577219,,,
3982,0,svm,max,balanced,cached_mxbai,774,1782218560.6627414,,,
7064,0,svm,max,balanced,cached_mxbai,775,1782218560.76637,,,
4706,0,svm,max,balanced,cached_mxbai,776,1782218560.8694582,,,
8261,0,svm,max,balanced,cached_mxbai,777,1782218560.973764,,,
5160,0,svm,max,balanced,cached_mxbai,778,1782218561.0804734,,,
2191,0,svm,max,balanced,cached_mxbai,779,1782218561.1826837,,,
4611,0,svm,max,balanced,cached_mxbai,780,1782218561.289469,,,
896,0,svm,max,balanced,cached_mxbai,781,1782218561.39442,,,
6912,0,svm,max,balanced,cached_mxbai,782,1782218561.49783,,,
760,0,svm,max,balanced,cached_mxbai,783,1782218561.6068895,,,
10232,0,svm,max,balanced,cached_mxbai,784,1782218561.7108848,,,
6914,0,svm,max,balanced,cached_mxbai,785,1782218561.8137248,,,
4889,0,svm,max,balanced,cached_mxbai,786,1782218561.9163783,,,
3252,0,svm,max,balanced,cached_mxbai,787,1782218562.0230775,,,
10110,0,svm,max,balanced,cached_mxbai,788,1782218562.1270113,,,
4058,0,svm,max,balanced,cached_mxbai,789,1782218562.2328496,,,
4867,0,svm,max,balanced,cached_mxbai,790,1782218562.3390062,,,
6039,0,svm,max,balanced,cached_mxbai,791,1782218562.4511058,,,
2240,0,svm,max,balanced,cached_mxbai,792,1782218562.55744,,,
8531,0,svm,max,balanced,cached_mxbai,793,1782218562.6663344,,,
7616,0,svm,max,balanced,cached_mxbai,794,1782218562.7704213,,,
5564,0,svm,max,balanced,cached_mxbai,795,1782218562.8733087,,,
5074,0,svm,max,balanced,cached_mxbai,796,1782218562.9825077,,,
5651,0,svm,max,balanced,cached_mxbai,797,1782218563.0881596,,,
50,0,svm,max,balanced,cached_mxbai,798,1782218563.1941407,,,
32,0,svm,max,balanced,cached_mxbai,799,1782218563.3021595,,,
3614,0,svm,max,balanced,cached_mxbai,800,1782218563.4110804,,,
4612,0,svm,max,balanced,cached_mxbai,801,1782218563.5208528,,,
6483,0,svm,max,balanced,cached_mxbai,802,1782218563.6294167,,,
663,0,svm,max,balanced,cached_mxbai,803,1782218563.7368512,,,
4670,0,svm,max,balanced,cached_mxbai,804,1782218563.842266,,,
5072,0,svm,max,balanced,cached_mxbai,805,1782218563.9457662,,,
8999,0,svm,max,balanced,cached_mxbai,806,1782218564.0536146,,,
3347,0,svm,max,balanced,cached_mxbai,807,1782218564.160282,,,
4528,0,svm,max,balanced,cached_mxbai,808,1782218564.267326,,,
6831,0,svm,max,balanced,cached_mxbai,809,1782218564.3756707,,,
4964,0,svm,max,balanced,cached_mxbai,810,1782218564.4836216,,,
5017,0,svm,max,balanced,cached_mxbai,811,1782218564.5928261,,,
2113,0,svm,max,balanced,cached_mxbai,812,1782218564.7016501,,,
9538,0,svm,max,balanced,cached_mxbai,813,1782218564.8157704,,,
9041,0,svm,max,balanced,cached_mxbai,814,1782218564.929861,,,
8118,0,svm,max,balanced,cached_mxbai,815,1782218565.0526404,,,
8055,0,svm,max,balanced,cached_mxbai,816,1782218565.15905,,,
3194,0,svm,max,balanced,cached_mxbai,817,1782218565.2844868,,,
4570,0,svm,max,balanced,cached_mxbai,818,1782218565.419837,,,
1198,0,svm,max,balanced,cached_mxbai,819,1782218565.5319808,,,
4709,0,svm,max,balanced,cached_mxbai,820,1782218565.6431887,,,
1070,0,svm,max,balanced,cached_mxbai,821,1782218565.7499473,,,
6417,0,svm,max,balanced,cached_mxbai,822,1782218565.8614805,,,
4209,0,svm,max,balanced,cached_mxbai,823,1782218565.9721053,,,
8255,0,svm,max,balanced,cached_mxbai,824,1782218566.082144,,,
7483,0,svm,max,balanced,cached_mxbai,825,1782218566.1909802,,,
10549,0,svm,max,balanced,cached_mxbai,826,1782218566.3027394,,,
4573,0,svm,max,balanced,cached_mxbai,827,1782218566.4205425,,,
9069,0,svm,max,balanced,cached_mxbai,828,1782218566.5383456,,,
4662,0,svm,max,balanced,cached_mxbai,829,1782218566.6509607,,,
4299,0,svm,max,balanced,cached_mxbai,830,1782218566.7653313,,,
7016,0,svm,max,balanced,cached_mxbai,831,1782218566.8800974,,,
4476,0,svm,max,balanced,cached_mxbai,832,1782218566.993913,,,
3912,0,svm,max,balanced,cached_mxbai,833,1782218567.108739,,,
8982,0,svm,max,balanced,cached_mxbai,834,1782218567.219747,,,
3894,0,svm,max,balanced,cached_mxbai,835,1782218567.3366036,,,
8467,0,svm,max,balanced,cached_mxbai,836,1782218567.4545438,,,
6340,0,svm,max,balanced,cached_mxbai,837,1782218567.5739474,,,
3923,0,svm,max,balanced,cached_mxbai,838,1782218567.6906261,,,
4834,0,svm,max,balanced,cached_mxbai,839,1782218567.8084981,,,
9122,0,svm,max,balanced,cached_mxbai,840,1782218567.9178376,,,
698,0,svm,max,balanced,cached_mxbai,841,1782218568.028005,,,
4619,0,svm,max,balanced,cached_mxbai,842,1782218568.1375911,,,
4988,0,svm,max,balanced,cached_mxbai,843,1782218568.2467527,,,
4633,0,svm,max,balanced,cached_mxbai,844,1782218568.3603141,,,
3097,0,svm,max,balanced,cached_mxbai,845,1782218568.479628,,,
7264,0,svm,max,balanced,cached_mxbai,846,1782218568.5931952,,,
5330,0,svm,max,balanced,cached_mxbai,847,1782218568.7053328,,,
8602,0,svm,max,balanced,cached_mxbai,848,1782218568.823088,,,
9131,0,svm,max,balanced,cached_mxbai,849,1782218568.9371388,,,
4582,0,svm,max,balanced,cached_mxbai,850,1782218569.0521917,,,
2279,0,svm,max,balanced,cached_mxbai,851,1782218569.16333,,,
3934,0,svm,max,balanced,cached_mxbai,852,1782218569.2746265,,,
3639,0,svm,max,balanced,cached_mxbai,853,1782218569.3857796,,,
4598,0,svm,max,balanced,cached_mxbai,854,1782218569.5003061,,,
591,0,svm,max,balanced,cached_mxbai,855,1782218569.6116881,,,
3661,0,svm,max,balanced,cached_mxbai,856,1782218569.7232242,,,
4636,0,svm,max,balanced,cached_mxbai,857,1782218569.8356144,,,
7182,0,svm,max,balanced,cached_mxbai,858,1782218569.947212,,,
4657,0,svm,max,balanced,cached_mxbai,859,1782218570.06134,,,
5591,0,svm,max,balanced,cached_mxbai,860,1782218570.1705074,,,
4176,0,svm,max,balanced,cached_mxbai,861,1782218570.2862656,,,
5125,0,svm,max,balanced,cached_mxbai,862,1782218570.3988092,,,
4453,0,svm,max,balanced,cached_mxbai,863,1782218570.5102208,,,
10291,0,svm,max,balanced,cached_mxbai,864,1782218570.6273348,,,
7217,0,svm,max,balanced,cached_mxbai,865,1782218570.740478,,,
86,0,svm,max,balanced,cached_mxbai,866,1782218570.8497872,,,
7009,0,svm,max,balanced,cached_mxbai,867,1782218570.9645455,,,
2559,0,svm,max,balanced,cached_mxbai,868,1782218571.078218,,,
9945,0,svm,max,balanced,cached_mxbai,869,1782218571.1916847,,,
4994,0,svm,max,balanced,cached_mxbai,870,1782218571.3064606,,,
5096,0,svm,max,balanced,cached_mxbai,871,1782218571.4230013,,,
4510,0,svm,max,balanced,cached_mxbai,872,1782218571.5374608,,,
402,0,svm,max,balanced,cached_mxbai,873,1782218571.6515472,,,
6718,0,svm,max,balanced,cached_mxbai,874,1782218571.7675467,,,
9725,0,svm,max,balanced,cached_mxbai,875,1782218571.8832817,,,
907,0,svm,max,balanced,cached_mxbai,876,1782218571.999287,,,
4445,0,svm,max,balanced,cached_mxbai,877,1782218572.1152484,,,
2832,0,svm,max,balanced,cached_mxbai,878,1782218572.2331154,,,
3409,0,svm,max,balanced,cached_mxbai,879,1782218572.3472114,,,
9749,0,svm,max,balanced,cached_mxbai,880,1782218572.4642076,,,
4515,0,svm,max,balanced,cached_mxbai,881,1782218572.5814571,,,
3945,0,svm,max,balanced,cached_mxbai,882,1782218572.6982741,,,
3742,0,svm,max,balanced,cached_mxbai,883,1782218572.815508,,,
10057,0,svm,max,balanced,cached_mxbai,884,1782218572.9306076,,,
5013,0,svm,max,balanced,cached_mxbai,885,1782218573.0556479,,,
3209,0,svm,max,balanced,cached_mxbai,886,1782218573.1720364,,,
10136,1,svm,max,balanced,cached_mxbai,887,1782218573.2919745,,,
7269,0,svm,max,balanced,cached_mxbai,888,1782218573.409743,,,
8995,0,svm,max,balanced,cached_mxbai,889,1782218573.5339696,,,
9199,0,svm,max,balanced,cached_mxbai,890,1782218573.6482668,,,
10337,0,svm,max,balanced,cached_mxbai,891,1782218573.7652266,,,
4435,0,svm,max,balanced,cached_mxbai,892,1782218573.8841643,,,
5199,0,svm,max,balanced,cached_mxbai,893,1782218574.0003006,,,
8179,0,svm,max,balanced,cached_mxbai,894,1782218574.1146023,,,
10435,1,svm,max,balanced,cached_mxbai,895,1782218574.2334104,,,
4222,0,svm,max,balanced,cached_mxbai,896,1782218574.348815,,,
1561,0,svm,max,balanced,cached_mxbai,897,1782218574.4641967,,,
1721,1,svm,max,balanced,cached_mxbai,898,1782218574.5777402,,,
4495,0,svm,max,balanced,cached_mxbai,899,1782218574.694908,,,
5272,0,svm,max,balanced,cached_mxbai,900,1782218574.8093154,,,
9132,0,svm,max,balanced,cached_mxbai,901,1782218574.9261825,,,
6830,0,svm,max,balanced,cached_mxbai,902,1782218575.0532644,,,
5329,0,svm,max,balanced,cached_mxbai,903,1782218575.170702,,,
7168,0,svm,max,balanced,cached_mxbai,904,1782218575.3208537,,,
4722,0,svm,max,balanced,cached_mxbai,905,1782218575.4460094,,,
9836,0,svm,max,balanced,cached_mxbai,906,1782218575.5658813,,,
8315,0,svm,max,balanced,cached_mxbai,907,1782218575.681655,,,
1312,0,svm,max,balanced,cached_mxbai,908,1782218575.800707,,,
6444,0,svm,max,balanced,cached_mxbai,909,1782218575.922454,,,
9747,0,svm,max,balanced,cached_mxbai,910,1782218576.0399199,,,
3523,0,svm,max,balanced,cached_mxbai,911,1782218576.1577606,,,
3538,0,svm,max,balanced,cached_mxbai,912,1782218576.2757967,,,
7595,0,svm,max,balanced,cached_mxbai,913,1782218576.3964489,,,
4586,0,svm,max,balanced,cached_mxbai,914,1782218576.5169237,,,
5426,0,svm,max,balanced,cached_mxbai,915,1782218576.6349828,,,
4559,0,svm,max,balanced,cached_mxbai,916,1782218576.7552366,,,
10290,0,svm,max,balanced,cached_mxbai,917,1782218576.873375,,,
4933,0,svm,max,balanced,cached_mxbai,918,1782218576.988605,,,
8696,0,svm,max,balanced,cached_mxbai,919,1782218577.1110005,,,
6553,0,svm,max,balanced,cached_mxbai,920,1782218577.230717,,,
4862,0,svm,max,balanced,cached_mxbai,921,1782218577.3519626,,,
5410,0,svm,max,balanced,cached_mxbai,922,1782218577.4727616,,,
1385,0,svm,max,balanced,cached_mxbai,923,1782218577.5936654,,,
6398,0,svm,max,balanced,cached_mxbai,924,1782218577.7137163,,,
4086,0,svm,max,balanced,cached_mxbai,925,1782218577.8434286,,,
5016,0,svm,max,balanced,cached_mxbai,926,1782218577.9748151,,,
7767,0,svm,max,balanced,cached_mxbai,927,1782218578.097827,,,
4648,0,svm,max,balanced,cached_mxbai,928,1782218578.2216437,,,
3502,0,svm,max,balanced,cached_mxbai,929,1782218578.3437586,,,
7434,0,svm,max,balanced,cached_mxbai,930,1782218578.4632206,,,
5185,0,svm,max,balanced,cached_mxbai,931,1782218578.5863304,,,
4836,0,svm,max,balanced,cached_mxbai,932,1782218578.7129686,,,
10177,0,svm,max,balanced,cached_mxbai,933,1782218578.8383777,,,
10225,0,svm,max,balanced,cached_mxbai,934,1782218578.9575458,,,
7597,0,svm,max,balanced,cached_mxbai,935,1782218579.079233,,,
6238,0,svm,max,balanced,cached_mxbai,936,1782218579.1981604,,,
6629,0,svm,max,balanced,cached_mxbai,937,1782218579.321526,,,
4642,0,svm,max,balanced,cached_mxbai,938,1782218579.4456303,,,
8428,0,svm,max,balanced,cached_mxbai,939,1782218579.5704181,,,
3569,0,svm,max,balanced,cached_mxbai,940,1782218579.6880755,,,
4139,0,svm,max,balanced,cached_mxbai,941,1782218579.8147862,,,
4813,0,svm,max,balanced,cached_mxbai,942,1782218579.9371653,,,
5039,0,svm,max,balanced,cached_mxbai,943,1782218580.062052,,,
3099,0,svm,max,balanced,cached_mxbai,944,1782218580.1878767,,,
1585,0,svm,max,balanced,cached_mxbai,945,1782218580.3107753,,,
2330,0,svm,max,balanced,cached_mxbai,946,1782218580.43401,,,
5145,0,svm,max,balanced,cached_mxbai,947,1782218580.5580423,,,
8063,0,svm,max,balanced,cached_mxbai,948,1782218580.6895006,,,
3494,0,svm,max,balanced,cached_mxbai,949,1782218580.8154678,,,
3914,0,svm,max,balanced,cached_mxbai,950,1782218580.9422047,,,
677,0,svm,max,balanced,cached_mxbai,951,1782218581.0718763,,,
1003,0,svm,max,balanced,cached_mxbai,952,1782218581.1984496,,,
10169,0,svm,max,balanced,cached_mxbai,953,1782218581.3257027,,,
4136,0,svm,max,balanced,cached_mxbai,954,1782218581.4524593,,,
4703,0,svm,max,balanced,cached_mxbai,955,1782218581.5803087,,,
6646,0,svm,max,balanced,cached_mxbai,956,1782218581.7062986,,,
5365,0,svm,max,balanced,cached_mxbai,957,1782218581.831061,,,
4588,0,svm,max,balanced,cached_mxbai,958,1782218581.9539926,,,
25,0,svm,max,balanced,cached_mxbai,959,1782218582.0827086,,,
3994,0,svm,max,balanced,cached_mxbai,960,1782218582.2099786,,,
3080,0,svm,max,balanced,cached_mxbai,961,1782218582.3355637,,,
1911,0,svm,max,balanced,cached_mxbai,962,1782218582.46281,,,
3873,0,svm,max,balanced,cached_mxbai,963,1782218582.5876107,,,
9996,0,svm,max,balanced,cached_mxbai,964,1782218582.7091513,,,
4905,0,svm,max,balanced,cached_mxbai,965,1782218582.834962,,,
9213,0,svm,max,balanced,cached_mxbai,966,1782218582.96076,,,
3187,0,svm,max,balanced,cached_mxbai,967,1782218583.088399,,,
9763,0,svm,max,balanced,cached_mxbai,968,1782218583.214184,,,
4680,0,svm,max,balanced,cached_mxbai,969,1782218583.339378,,,
8092,0,svm,max,balanced,cached_mxbai,970,1782218583.4660623,,,
4424,0,svm,max,balanced,cached_mxbai,971,1782218583.5957994,,,
9293,0,svm,max,balanced,cached_mxbai,972,1782218583.7235222,,,
8598,0,svm,max,balanced,cached_mxbai,973,1782218583.847246,,,
6438,0,svm,max,balanced,cached_mxbai,974,1782218583.971519,,,
5111,0,svm,max,balanced,cached_mxbai,975,1782218584.0984654,,,
3748,0,svm,max,balanced,cached_mxbai,976,1782218584.224994,,,
3185,0,svm,max,balanced,cached_mxbai,977,1782218584.3518586,,,
1149,0,svm,max,balanced,cached_mxbai,978,1782218584.4777784,,,
3558,0,svm,max,balanced,cached_mxbai,979,1782218584.6023283,,,
1008,0,svm,max,balanced,cached_mxbai,980,1782218584.7321224,,,
5996,0,svm,max,balanced,cached_mxbai,981,1782218584.859014,,,
10122,0,svm,max,balanced,cached_mxbai,982,1782218584.9848156,,,
3960,0,svm,max,balanced,cached_mxbai,983,1782218585.1210725,,,
4951,0,svm,max,balanced,cached_mxbai,984,1782218585.2673993,,,
10112,0,svm,max,balanced,cached_mxbai,985,1782218585.4079142,,,
5134,0,svm,max,balanced,cached_mxbai,986,1782218585.5376313,,,
7490,0,svm,max,balanced,cached_mxbai,987,1782218585.6664963,,,
3767,0,svm,max,balanced,cached_mxbai,988,1782218585.7928643,,,
4744,0,svm,max,balanced,cached_mxbai,989,1782218585.9164727,,,
5077,0,svm,max,balanced,cached_mxbai,990,1782218586.0454373,,,
4729,0,svm,max,balanced,cached_mxbai,991,1782218586.1704235,,,
8563,0,svm,max,balanced,cached_mxbai,992,1782218586.298253,,,
6607,0,svm,max,balanced,cached_mxbai,993,1782218586.4256325,,,
5449,0,svm,max,balanced,cached_mxbai,994,1782218586.5579858,,,
387,0,svm,max,balanced,cached_mxbai,995,1782218586.6860108,,,
5244,0,svm,max,balanced,cached_mxbai,996,1782218586.8122048,,,
8993,0,svm,max,balanced,cached_mxbai,997,1782218586.9418447,,,
4434,0,svm,max,balanced,cached_mxbai,998,1782218587.0731359,,,
8153,0,svm,max,balanced,cached_mxbai,999,1782218587.2033753,,,
6631,0,svm,max,balanced,cached_mxbai,1000,1782218587.3305562,,,
955,0,svm,max,balanced,cached_mxbai,1001,1782218587.4578943,,,
4635,0,svm,max,balanced,cached_mxbai,1002,1782218587.5913627,,,
7262,0,svm,max,balanced,cached_mxbai,1003,1782218587.7219484,,,
2259,0,svm,max,balanced,cached_mxbai,1004,1782218587.8495998,,,
4104,0,svm,max,balanced,cached_mxbai,1005,1782218587.9935634,,,
4166,0,svm,max,balanced,cached_mxbai,1006,1782218588.1235697,,,
6634,0,svm,max,balanced,cached_mxbai,1007,1782218588.2520423,,,
3197,0,svm,max,balanced,cached_mxbai,1008,1782218588.3799107,,,
4121,0,svm,max,balanced,cached_mxbai,1009,1782218588.5141222,,,
3836,0,svm,max,balanced,cached_mxbai,1010,1782218588.6486347,,,
10484,0,svm,max,balanced,cached_mxbai,1011,1782218588.781299,,,
4705,0,svm,max,balanced,cached_mxbai,1012,1782218588.9091554,,,
8909,0,svm,max,balanced,cached_mxbai,1013,1782218589.042192,,,
10000,0,svm,max,balanced,cached_mxbai,1014,1782218589.1740603,,,
6842,0,svm,max,balanced,cached_mxbai,1015,1782218589.309539,,,
4217,0,svm,max,balanced,cached_mxbai,1016,1782218589.4414203,,,
6411,0,svm,max,balanced,cached_mxbai,1017,1782218589.5786889,,,
4912,0,svm,max,balanced,cached_mxbai,1018,1782218589.7081795,,,
6499,0,svm,max,balanced,cached_mxbai,1019,1782218589.8439639,,,
1461,0,svm,max,balanced,cached_mxbai,1020,1782218589.9789057,,,
4162,0,svm,max,balanced,cached_mxbai,1021,1782218590.1116323,,,
2428,0,svm,max,balanced,cached_mxbai,1022,1782218590.2390988,,,
6991,0,svm,max,balanced,cached_mxbai,1023,1782218590.369334,,,
9957,0,svm,max,balanced,cached_mxbai,1024,1782218590.4842715,,,
6136,0,svm,max,balanced,cached_mxbai,1025,1782218590.6032364,,,
8839,0,svm,max,balanced,cached_mxbai,1026,1782218590.7215552,,,
4886,0,svm,max,balanced,cached_mxbai,1027,1782218590.8376338,,,
2258,0,svm,max,balanced,cached_mxbai,1028,1782218590.9542332,,,
1840,0,svm,max,balanced,cached_mxbai,1029,1782218591.0696943,,,
5078,0,svm,max,balanced,cached_mxbai,1030,1782218591.1839437,,,
5238,0,svm,max,balanced,cached_mxbai,1031,1782218591.3011656,,,
3458,0,svm,max,balanced,cached_mxbai,1032,1782218591.4155827,,,
7002,0,svm,max,balanced,cached_mxbai,1033,1782218591.5347803,,,
828,0,svm,max,balanced,cached_mxbai,1034,1782218591.6507878,,,
4522,0,svm,max,balanced,cached_mxbai,1035,1782218591.766619,,,
6798,0,svm,max,balanced,cached_mxbai,1036,1782218591.883481,,,
620,0,svm,max,balanced,cached_mxbai,1037,1782218591.9983175,,,
4564,0,svm,max,balanced,cached_mxbai,1038,1782218592.1136768,,,
6743,0,svm,max,balanced,cached_mxbai,1039,1782218592.2295463,,,
4507,0,svm,max,balanced,cached_mxbai,1040,1782218592.3440778,,,
5154,0,svm,max,balanced,cached_mxbai,1041,1782218592.45831,,,
9429,0,svm,max,balanced,cached_mxbai,1042,1782218592.5788512,,,
7207,0,svm,max,balanced,cached_mxbai,1043,1782218592.6965866,,,
4985,0,svm,max,balanced,cached_mxbai,1044,1782218592.8139071,,,
8049,0,svm,max,balanced,cached_mxbai,1045,1782218592.9305553,,,
4773,0,svm,max,balanced,cached_mxbai,1046,1782218593.0491543,,,
23,0,svm,max,balanced,cached_mxbai,1047,1782218593.1665578,,,
7577,0,svm,max,balanced,cached_mxbai,1048,1782218593.2860155,,,
7390,0,svm,max,balanced,cached_mxbai,1049,1782218593.4064682,,,
4364,0,svm,max,balanced,cached_mxbai,1050,1782218593.526762,,,
2429,0,svm,max,balanced,cached_mxbai,1051,1782218593.644887,,,
4513,0,svm,max,balanced,cached_mxbai,1052,1782218593.7622795,,,
8530,0,svm,max,balanced,cached_mxbai,1053,1782218593.8789334,,,
5968,0,svm,max,balanced,cached_mxbai,1054,1782218593.9946458,,,
8486,0,svm,max,balanced,cached_mxbai,1055,1782218594.111665,,,
7108,0,svm,max,balanced,cached_mxbai,1056,1782218594.2292726,,,
4568,0,svm,max,balanced,cached_mxbai,1057,1782218594.350163,,,
5088,0,svm,max,balanced,cached_mxbai,1058,1782218594.469651,,,
6013,0,svm,max,balanced,cached_mxbai,1059,1782218594.593271,,,
3583,0,svm,max,balanced,cached_mxbai,1060,1782218594.7150624,,,
5398,0,svm,max,balanced,cached_mxbai,1061,1782218594.836247,,,
3543,0,svm,max,balanced,cached_mxbai,1062,1782218594.9570496,,,
6150,0,svm,max,balanced,cached_mxbai,1063,1782218595.094154,,,
9759,0,svm,max,balanced,cached_mxbai,1064,1782218595.217224,,,
4587,0,svm,max,balanced,cached_mxbai,1065,1782218595.3690562,,,
10493,0,svm,max,balanced,cached_mxbai,1066,1782218595.490115,,,
1048,0,svm,max,balanced,cached_mxbai,1067,1782218595.6119108,,,
5093,0,svm,max,balanced,cached_mxbai,1068,1782218595.7295575,,,
2745,0,svm,max,balanced,cached_mxbai,1069,1782218595.8490922,,,
4484,0,svm,max,balanced,cached_mxbai,1070,1782218595.9708571,,,
3757,0,svm,max,balanced,cached_mxbai,1071,1782218596.090306,,,
4295,0,svm,max,balanced,cached_mxbai,1072,1782218596.2081683,,,
5034,0,svm,max,balanced,cached_mxbai,1073,1782218596.3259437,,,
72,0,svm,max,balanced,cached_mxbai,1074,1782218596.4447083,,,
3677,0,svm,max,balanced,cached_mxbai,1075,1782218596.5615988,,,
4631,0,svm,max,balanced,cached_mxbai,1076,1782218596.6802642,,,
10031,0,svm,max,balanced,cached_mxbai,1077,1782218596.7985127,,,
7702,0,svm,max,balanced,cached_mxbai,1078,1782218596.916664,,,
6120,0,svm,max,balanced,cached_mxbai,1079,1782218597.0365531,,,
4673,0,svm,max,balanced,cached_mxbai,1080,1782218597.1559427,,,
6326,0,svm,max,balanced,cached_mxbai,1081,1782218597.2749975,,,
6421,0,svm,max,balanced,cached_mxbai,1082,1782218597.3956904,,,
4026,0,svm,max,balanced,cached_mxbai,1083,1782218597.51403,,,
5468,0,svm,max,balanced,cached_mxbai,1084,1782218597.6344497,,,
4574,0,svm,max,balanced,cached_mxbai,1085,1782218597.754389,,,
6485,0,svm,max,balanced,cached_mxbai,1086,1782218597.8728218,,,
2803,0,svm,max,balanced,cached_mxbai,1087,1782218597.988942,,,
6147,0,svm,max,balanced,cached_mxbai,1088,1782218598.1095989,,,
3081,0,svm,max,balanced,cached_mxbai,1089,1782218598.2296543,,,
4514,0,svm,max,balanced,cached_mxbai,1090,1782218598.3517537,,,
7351,1,svm,max,balanced,cached_mxbai,1091,1782218598.4720592,,,
9683,0,svm,max,balanced,cached_mxbai,1092,1782218598.5930316,,,
9028,0,svm,max,balanced,cached_mxbai,1093,1782218598.7164018,,,
4962,0,svm,max,balanced,cached_mxbai,1094,1782218598.8373182,,,
5131,0,svm,max,balanced,cached_mxbai,1095,1782218598.9554217,,,
4131,0,svm,max,balanced,cached_mxbai,1096,1782218599.0760689,,,
5116,0,svm,max,balanced,cached_mxbai,1097,1782218599.1954508,,,
7948,0,svm,max,balanced,cached_mxbai,1098,1782218599.316535,,,
5516,0,svm,max,balanced,cached_mxbai,1099,1782218599.435769,,,
6249,0,svm,max,balanced,cached_mxbai,1100,1782218599.5587687,,,
1082,0,svm,max,balanced,cached_mxbai,1101,1782218599.6828487,,,
5237,0,svm,max,balanced,cached_mxbai,1102,1782218599.8053017,,,
7804,0,svm,max,balanced,cached_mxbai,1103,1782218599.9259088,,,
2306,0,svm,max,balanced,cached_mxbai,1104,1782218600.0485563,,,
37,0,svm,max,balanced,cached_mxbai,1105,1782218600.1689525,,,
5112,0,svm,max,balanced,cached_mxbai,1106,1782218600.2909622,,,
9394,0,svm,max,balanced,cached_mxbai,1107,1782218600.4112213,,,
2264,0,svm,max,balanced,cached_mxbai,1108,1782218600.5331364,,,
4112,0,svm,max,balanced,cached_mxbai,1109,1782218600.6578798,,,
4595,0,svm,max,balanced,cached_mxbai,1110,1782218600.7791817,,,
3515,0,svm,max,balanced,cached_mxbai,1111,1782218600.8996296,,,
5165,0,svm,max,balanced,cached_mxbai,1112,1782218601.0220068,,,
421,0,svm,max,balanced,cached_mxbai,1113,1782218601.1465864,,,
3586,0,svm,max,balanced,cached_mxbai,1114,1782218601.2717683,,,
4870,0,svm,max,balanced,cached_mxbai,1115,1782218601.3940856,,,
10308,0,svm,max,balanced,cached_mxbai,1116,1782218601.5160158,,,
6609,0,svm,max,balanced,cached_mxbai,1117,1782218601.6390557,,,
4415,0,svm,max,balanced,cached_mxbai,1118,1782218601.7649925,,,
2053,0,svm,max,balanced,cached_mxbai,1119,1782218601.8838544,,,
4910,0,svm,max,balanced,cached_mxbai,1120,1782218602.0033975,,,
5235,0,svm,max,balanced,cached_mxbai,1121,1782218602.124746,,,
131,0,svm,max,balanced,cached_mxbai,1122,1782218602.2444544,,,
4523,0,svm,max,balanced,cached_mxbai,1123,1782218602.3663144,,,
3954,0,svm,max,balanced,cached_mxbai,1124,1782218602.489304,,,
5870,0,svm,max,balanced,cached_mxbai,1125,1782218602.6115892,,,
8126,0,svm,max,balanced,cached_mxbai,1126,1782218602.736802,,,
2943,0,svm,max,balanced,cached_mxbai,1127,1782218602.8589816,,,
3280,0,svm,max,balanced,cached_mxbai,1128,1782218602.9823673,,,
3969,0,svm,max,balanced,cached_mxbai,1129,1782218603.106657,,,
413,0,svm,max,balanced,cached_mxbai,1130,1782218603.229661,,,
4684,0,svm,max,balanced,cached_mxbai,1131,1782218603.3542738,,,
6126,0,svm,max,balanced,cached_mxbai,1132,1782218603.4766767,,,
5581,0,svm,max,balanced,cached_mxbai,1133,1782218603.6087701,,,
10166,0,svm,max,balanced,cached_mxbai,1134,1782218603.735696,,,
6414,0,svm,max,balanced,cached_mxbai,1135,1782218603.8617861,,,
4961,0,svm,max,balanced,cached_mxbai,1136,1782218603.9878452,,,
3720,0,svm,max,balanced,cached_mxbai,1137,1782218604.1137042,,,
1287,0,svm,max,balanced,cached_mxbai,1138,1782218604.2377481,,,
4602,0,svm,max,balanced,cached_mxbai,1139,1782218604.3626418,,,
9876,0,svm,max,balanced,cached_mxbai,1140,1782218604.486106,,,
3170,0,svm,max,balanced,cached_mxbai,1141,1782218604.6131053,,,
2235,0,svm,max,balanced,cached_mxbai,1142,1782218604.7388515,,,
4895,0,svm,max,balanced,cached_mxbai,1143,1782218604.8642802,,,
6121,0,svm,max,balanced,cached_mxbai,1144,1782218604.9878879,,,
130,0,svm,max,balanced,cached_mxbai,1145,1782218605.1396577,,,
5425,0,svm,max,balanced,cached_mxbai,1146,1782218605.2897644,,,
6298,0,svm,max,balanced,cached_mxbai,1147,1782218605.4336324,,,
4815,0,svm,max,balanced,cached_mxbai,1148,1782218605.5591276,,,
6936,0,svm,max,balanced,cached_mxbai,1149,1782218605.6841233,,,
3657,0,svm,max,balanced,cached_mxbai,1150,1782218605.8132343,,,
4710,0,svm,max,balanced,cached_mxbai,1151,1782218605.9383476,,,
8597,0,svm,max,balanced,cached_mxbai,1152,1782218606.0647554,,,
3147,0,svm,max,balanced,cached_mxbai,1153,1782218606.1893082,,,
8036,0,svm,max,balanced,cached_mxbai,1154,1782218606.3077261,,,
4459,0,svm,max,balanced,cached_mxbai,1155,1782218606.4257503,,,
2627,0,svm,max,balanced,cached_mxbai,1156,1782218606.5447223,,,
4053,0,svm,max,balanced,cached_mxbai,1157,1782218606.664989,,,
4812,0,svm,max,balanced,cached_mxbai,1158,1782218606.7853293,,,
5018,0,svm,max,balanced,cached_mxbai,1159,1782218606.9046676,,,
571,0,svm,max,balanced,cached_mxbai,1160,1782218607.0231414,,,
7001,0,svm,max,balanced,cached_mxbai,1161,1782218607.1415372,,,
3886,0,svm,max,balanced,cached_mxbai,1162,1782218607.2595859,,,
4481,0,svm,max,balanced,cached_mxbai,1163,1782218607.380786,,,
1492,0,svm,max,balanced,cached_mxbai,1164,1782218607.5019624,,,
2216,0,svm,max,balanced,cached_mxbai,1165,1782218607.622582,,,
7468,0,svm,max,balanced,cached_mxbai,1166,1782218607.7421315,,,
4928,0,svm,max,balanced,cached_mxbai,1167,1782218607.8621895,,,
3423,0,svm,max,balanced,cached_mxbai,1168,1782218607.980189,,,
6601,0,svm,max,balanced,cached_mxbai,1169,1782218608.1002474,,,
3981,0,svm,max,balanced,cached_mxbai,1170,1782218608.2180722,,,
4442,0,svm,max,balanced,cached_mxbai,1171,1782218608.3370597,,,
8911,0,svm,max,balanced,cached_mxbai,1172,1782218608.4580207,,,
4480,0,svm,max,balanced,cached_mxbai,1173,1782218608.578889,,,
10531,0,svm,max,balanced,cached_mxbai,1174,1782218608.6989925,,,
7500,0,svm,max,balanced,cached_mxbai,1175,1782218608.824658,,,
3644,0,svm,max,balanced,cached_mxbai,1176,1782218608.94654,,,
47,0,svm,max,balanced,cached_mxbai,1177,1782218609.068105,,,
7947,0,svm,max,balanced,cached_mxbai,1178,1782218609.1883001,,,
5063,0,svm,max,balanced,cached_mxbai,1179,1782218609.308729,,,
3475,0,svm,max,balanced,cached_mxbai,1180,1782218609.4309852,,,
8848,0,svm,max,balanced,cached_mxbai,1181,1782218609.55128,,,
8473,0,svm,max,balanced,cached_mxbai,1182,1782218609.6707065,,,
8355,0,svm,max,balanced,cached_mxbai,1183,1782218609.7924876,,,
6643,1,svm,max,balanced,cached_mxbai,1184,1782218609.9109387,,,
6278,0,svm,max,balanced,cached_mxbai,1185,1782218610.030369,,,
6644,1,svm,max,balanced,cached_mxbai,1186,1782218610.1499317,,,
9128,1,svm,max,balanced,cached_mxbai,1187,1782218610.268669,,,
8116,1,svm,max,balanced,cached_mxbai,1188,1782218610.3887682,,,
7102,0,svm,max,balanced,cached_mxbai,1189,1782218610.5143347,,,
3098,0,svm,max,balanced,cached_mxbai,1190,1782218610.6432097,,,
5058,0,svm,max,balanced,cached_mxbai,1191,1782218610.771509,,,
10230,0,svm,max,balanced,cached_mxbai,1192,1782218610.899425,,,
10390,0,svm,max,balanced,cached_mxbai,1193,1782218611.0289192,,,
4712,0,svm,max,balanced,cached_mxbai,1194,1782218611.1567945,,,
7464,0,svm,max,balanced,cached_mxbai,1195,1782218611.2807386,,,
8586,0,svm,max,balanced,cached_mxbai,1196,1782218611.4073956,,,
7910,0,svm,max,balanced,cached_mxbai,1197,1782218611.527924,,,
4687,0,svm,max,balanced,cached_mxbai,1198,1782218611.6482422,,,
4936,0,svm,max,balanced,cached_mxbai,1199,1782218611.769334,,,
2341,0,svm,max,balanced,cached_mxbai,1200,1782218611.8900905,,,
4362,0,svm,max,balanced,cached_mxbai,1201,1782218612.0121665,,,
6838,0,svm,max,balanced,cached_mxbai,1202,1782218612.1345189,,,
7996,0,svm,max,balanced,cached_mxbai,1203,1782218612.254811,,,
4977,0,svm,max,balanced,cached_mxbai,1204,1782218612.3772578,,,
918,0,svm,max,balanced,cached_mxbai,1205,1782218612.497729,,,
6545,0,svm,max,balanced,cached_mxbai,1206,1782218612.6222715,,,
7087,0,svm,max,balanced,cached_mxbai,1207,1782218612.745086,,,
4932,0,svm,max,balanced,cached_mxbai,1208,1782218612.8674233,,,
849,0,svm,max,balanced,cached_mxbai,1209,1782218612.9909575,,,
1694,0,svm,max,balanced,cached_mxbai,1210,1782218613.1164029,,,
10508,0,svm,max,balanced,cached_mxbai,1211,1782218613.2399657,,,
9382,0,svm,max,balanced,cached_mxbai,1212,1782218613.3632529,,,
7088,0,svm,max,balanced,cached_mxbai,1213,1782218613.4841177,,,
7478,0,svm,max,balanced,cached_mxbai,1214,1782218613.609123,,,
9411,0,svm,max,balanced,cached_mxbai,1215,1782218613.7432969,,,
5089,0,svm,max,balanced,cached_mxbai,1216,1782218613.8749287,,,
4389,0,svm,max,balanced,cached_mxbai,1217,1782218613.9980955,,,
3669,0,svm,max,balanced,cached_mxbai,1218,1782218614.1250346,,,
7327,0,svm,max,balanced,cached_mxbai,1219,1782218614.2478461,,,
4839,0,svm,max,balanced,cached_mxbai,1220,1782218614.3742173,,,
4736,0,svm,max,balanced,cached_mxbai,1221,1782218614.4971576,,,
26,0,svm,max,balanced,cached_mxbai,1222,1782218614.6227543,,,
5095,0,svm,max,balanced,cached_mxbai,1223,1782218614.7466466,,,
7661,0,svm,max,balanced,cached_mxbai,1224,1782218614.8744466,,,
8100,0,svm,max,balanced,cached_mxbai,1225,1782218615.00077,,,
1724,0,svm,max,balanced,cached_mxbai,1226,1782218615.1350489,,,
6432,0,svm,max,balanced,cached_mxbai,1227,1782218615.274331,,,
8709,0,svm,max,balanced,cached_mxbai,1228,1782218615.41815,,,
4974,0,svm,max,balanced,cached_mxbai,1229,1782218615.5496697,,,
6727,0,svm,max,balanced,cached_mxbai,1230,1782218615.6819384,,,
859,0,svm,max,balanced,cached_mxbai,1231,1782218615.8160496,,,
7335,0,svm,max,balanced,cached_mxbai,1232,1782218615.947858,,,
4789,0,svm,max,balanced,cached_mxbai,1233,1782218616.086021,,,
4781,0,svm,max,balanced,cached_mxbai,1234,1782218616.2155335,,,
6602,0,svm,max,balanced,cached_mxbai,1235,1782218616.346464,,,
4790,0,svm,max,balanced,cached_mxbai,1236,1782218616.480433,,,
3588,0,svm,max,balanced,cached_mxbai,1237,1782218616.6185665,,,
3291,0,svm,max,balanced,cached_mxbai,1238,1782218616.7511725,,,
7066,0,svm,max,balanced,cached_mxbai,1239,1782218616.8851352,,,
1445,1,svm,max,balanced,cached_mxbai,1240,1782218617.0192406,,,
3500,0,svm,max,balanced,cached_mxbai,1241,1782218617.153489,,,
9240,0,svm,max,balanced,cached_mxbai,1242,1782218617.2835023,,,
3115,0,svm,max,balanced,cached_mxbai,1243,1782218617.4187365,,,
3486,0,svm,max,balanced,cached_mxbai,1244,1782218617.5529196,,,
1161,0,svm,max,balanced,cached_mxbai,1245,1782218617.6880624,,,
3519,0,svm,max,balanced,cached_mxbai,1246,1782218617.823135,,,
2352,0,svm,max,balanced,cached_mxbai,1247,1782218617.9555233,,,
2161,0,svm,max,balanced,cached_mxbai,1248,1782218618.0886376,,,
9009,0,svm,max,balanced,cached_mxbai,1249,1782218618.2211342,,,
1536,0,svm,max,balanced,cached_mxbai,1250,1782218618.3532288,,,
9664,0,svm,max,balanced,cached_mxbai,1251,1782218618.483336,,,
1746,0,svm,max,balanced,cached_mxbai,1252,1782218618.6218057,,,
3242,0,svm,max,balanced,cached_mxbai,1253,1782218618.7582114,,,
5000,0,svm,max,balanced,cached_mxbai,1254,1782218618.8940642,,,
3605,0,svm,max,balanced,cached_mxbai,1255,1782218619.024316,,,
5001,0,svm,max,balanced,cached_mxbai,1256,1782218619.157045,,,
3987,0,svm,max,balanced,cached_mxbai,1257,1782218619.2893465,,,
5387,0,svm,max,balanced,cached_mxbai,1258,1782218619.4226072,,,
5022,0,svm,max,balanced,cached_mxbai,1259,1782218619.5544562,,,
4811,0,svm,max,balanced,cached_mxbai,1260,1782218619.6881452,,,
3957,0,svm,max,balanced,cached_mxbai,1261,1782218619.8208969,,,
9912,0,svm,max,balanced,cached_mxbai,1262,1782218619.9532716,,,
4845,0,svm,max,balanced,cached_mxbai,1263,1782218620.0863419,,,
7259,0,svm,max,balanced,cached_mxbai,1264,1782218620.2180877,,,
8507,0,svm,max,balanced,cached_mxbai,1265,1782218620.350721,,,
3756,0,svm,max,balanced,cached_mxbai,1266,1782218620.4831133,,,
2447,0,svm,max,balanced,cached_mxbai,1267,1782218620.6160223,,,
9180,0,svm,max,balanced,cached_mxbai,1268,1782218620.7506468,,,
4403,0,svm,max,balanced,cached_mxbai,1269,1782218620.8863318,,,
6907,0,svm,max,balanced,cached_mxbai,1270,1782218621.0207982,,,
5221,0,svm,max,balanced,cached_mxbai,1271,1782218621.1561882,,,
3345,0,svm,max,balanced,cached_mxbai,1272,1782218621.289081,,,
6458,0,svm,max,balanced,cached_mxbai,1273,1782218621.4219656,,,
6355,0,svm,max,balanced,cached_mxbai,1274,1782218621.5546365,,,
7171,0,svm,max,balanced,cached_mxbai,1275,1782218621.6883154,,,
1968,0,svm,max,balanced,cached_mxbai,1276,1782218621.8217857,,,
3431,0,svm,max,balanced,cached_mxbai,1277,1782218621.9565709,,,
6358,0,svm,max,balanced,cached_mxbai,1278,1782218622.0900745,,,
3564,0,svm,max,balanced,cached_mxbai,1279,1782218622.2247524,,,
4646,0,svm,max,balanced,cached_mxbai,1280,1782218622.3566198,,,
4215,0,svm,max,balanced,cached_mxbai,1281,1782218622.4891999,,,
6322,0,svm,max,balanced,cached_mxbai,1282,1782218622.6249938,,,
3984,0,svm,max,balanced,cached_mxbai,1283,1782218622.7622058,,,
4653,0,svm,max,balanced,cached_mxbai,1284,1782218622.8979683,,,
6574,0,svm,max,balanced,cached_mxbai,1285,1782218623.0315843,,,
6670,0,svm,max,balanced,cached_mxbai,1286,1782218623.1685224,,,
5186,0,svm,max,balanced,cached_mxbai,1287,1782218623.3042958,,,
1156,0,svm,max,balanced,cached_mxbai,1288,1782218623.4393628,,,
4818,0,svm,max,balanced,cached_mxbai,1289,1782218623.5727932,,,
10399,0,svm,max,balanced,cached_mxbai,1290,1782218623.7053726,,,
6945,0,svm,max,balanced,cached_mxbai,1291,1782218623.8386192,,,
4892,0,svm,max,balanced,cached_mxbai,1292,1782218623.9750478,,,
5992,0,svm,max,balanced,cached_mxbai,1293,1782218624.1112044,,,
7232,0,svm,max,balanced,cached_mxbai,1294,1782218624.251306,,,
4198,0,svm,max,balanced,cached_mxbai,1295,1782218624.3856955,,,
3052,0,svm,max,balanced,cached_mxbai,1296,1782218624.5190985,,,
6137,0,svm,max,balanced,cached_mxbai,1297,1782218624.6541376,,,
9834,0,svm,max,balanced,cached_mxbai,1298,1782218624.7897236,,,
4351,0,svm,max,balanced,cached_mxbai,1299,1782218624.9265797,,,
4926,0,svm,max,balanced,cached_mxbai,1300,1782218625.065608,,,
8544,0,svm,max,balanced,cached_mxbai,1301,1782218625.201364,,,
2770,0,svm,max,balanced,cached_mxbai,1302,1782218625.3606317,,,
7771,0,svm,max,balanced,cached_mxbai,1303,1782218625.5009415,,,
4231,0,svm,max,balanced,cached_mxbai,1304,1782218625.6425378,,,
4416,0,svm,max,balanced,cached_mxbai,1305,1782218625.779326,,,
3188,0,svm,max,balanced,cached_mxbai,1306,1782218625.9165087,,,
4655,0,svm,max,balanced,cached_mxbai,1307,1782218626.0530043,,,
8560,0,svm,max,balanced,cached_mxbai,1308,1782218626.1886384,,,
4011,0,svm,max,balanced,cached_mxbai,1309,1782218626.3246474,,,
4291,0,svm,max,balanced,cached_mxbai,1310,1782218626.4581406,,,
9083,0,svm,max,balanced,cached_mxbai,1311,1782218626.596952,,,
9272,0,svm,max,balanced,cached_mxbai,1312,1782218626.7366388,,,
7961,0,svm,max,balanced,cached_mxbai,1313,1782218626.8728368,,,
4417,0,svm,max,balanced,cached_mxbai,1314,1782218627.008992,,,
3350,0,svm,max,balanced,cached_mxbai,1315,1782218627.148044,,,
6482,0,svm,max,balanced,cached_mxbai,1316,1782218627.2832694,,,
10060,0,svm,max,balanced,cached_mxbai,1317,1782218627.4220526,,,
3033,0,svm,max,balanced,cached_mxbai,1318,1782218627.5643802,,,
4412,0,svm,max,balanced,cached_mxbai,1319,1782218627.7001278,,,
7527,0,svm,max,balanced,cached_mxbai,1320,1782218627.8381681,,,
9108,0,svm,max,balanced,cached_mxbai,1321,1782218627.977984,,,
4958,0,svm,max,balanced,cached_mxbai,1322,1782218628.1150901,,,
9290,0,svm,max,balanced,cached_mxbai,1323,1782218628.2502675,,,
8410,0,svm,max,balanced,cached_mxbai,1324,1782218628.3860464,,,
7079,0,svm,max,balanced,cached_mxbai,1325,1782218628.52561,,,
7169,0,svm,max,balanced,cached_mxbai,1326,1782218628.6644495,,,
9604,0,svm,max,balanced,cached_mxbai,1327,1782218628.8026495,,,
7744,0,svm,max,balanced,cached_mxbai,1328,1782218628.9426234,,,
9160,0,svm,max,balanced,cached_mxbai,1329,1782218629.08322,,,
3952,0,svm,max,balanced,cached_mxbai,1330,1782218629.22229,,,
9797,0,svm,max,balanced,cached_mxbai,1331,1782218629.3607867,,,
4772,0,svm,max,balanced,cached_mxbai,1332,1782218629.4969268,,,
8282,0,svm,max,balanced,cached_mxbai,1333,1782218629.6335564,,,
3693,0,svm,max,balanced,cached_mxbai,1334,1782218629.770183,,,
4846,0,svm,max,balanced,cached_mxbai,1335,1782218629.9093304,,,
1852,0,svm,max,balanced,cached_mxbai,1336,1782218630.0464401,,,
4419,0,svm,max,balanced,cached_mxbai,1337,1782218630.1858954,,,
3061,0,svm,max,balanced,cached_mxbai,1338,1782218630.3223207,,,
7632,0,svm,max,balanced,cached_mxbai,1339,1782218630.458352,,,
10326,0,svm,max,balanced,cached_mxbai,1340,1782218630.5943172,,,
5575,0,svm,max,balanced,cached_mxbai,1341,1782218630.734538,,,
10058,0,svm,max,balanced,cached_mxbai,1342,1782218630.8719437,,,
4537,0,svm,max,balanced,cached_mxbai,1343,1782218631.012959,,,
6748,0,svm,max,balanced,cached_mxbai,1344,1782218631.1571226,,,
7691,0,svm,max,balanced,cached_mxbai,1345,1782218631.3040576,,,
8050,0,svm,max,balanced,cached_mxbai,1346,1782218631.4391637,,,
4469,0,svm,max,balanced,cached_mxbai,1347,1782218631.5788834,,,
6338,0,svm,max,balanced,cached_mxbai,1348,1782218631.7191653,,,
7149,0,svm,max,balanced,cached_mxbai,1349,1782218631.857027,,,
5511,0,svm,max,balanced,cached_mxbai,1350,1782218631.996248,,,
4865,0,svm,max,balanced,cached_mxbai,1351,1782218632.134102,,,
8812,0,svm,max,balanced,cached_mxbai,1352,1782218632.2718585,,,
4098,0,svm,max,balanced,cached_mxbai,1353,1782218632.410007,,,
5108,0,svm,max,balanced,cached_mxbai,1354,1782218632.5632858,,,
570,0,svm,max,balanced,cached_mxbai,1355,1782218632.7162685,,,
4700,0,svm,max,balanced,cached_mxbai,1356,1782218632.8525338,,,
8679,0,svm,max,balanced,cached_mxbai,1357,1782218632.9931483,,,
9449,0,svm,max,balanced,cached_mxbai,1358,1782218633.1322072,,,
5161,0,svm,max,balanced,cached_mxbai,1359,1782218633.2709386,,,
4853,0,svm,max,balanced,cached_mxbai,1360,1782218633.4081721,,,
4012,0,svm,max,balanced,cached_mxbai,1361,1782218633.5435574,,,
4111,0,svm,max,balanced,cached_mxbai,1362,1782218633.682052,,,
4331,0,svm,max,balanced,cached_mxbai,1363,1782218633.8170335,,,
5552,0,svm,max,balanced,cached_mxbai,1364,1782218633.9561858,,,
3440,0,svm,max,balanced,cached_mxbai,1365,1782218634.0961008,,,
5014,0,svm,max,balanced,cached_mxbai,1366,1782218634.2361593,,,
3282,0,svm,max,balanced,cached_mxbai,1367,1782218634.3755426,,,
6005,0,svm,max,balanced,cached_mxbai,1368,1782218634.5116744,,,
5902,0,svm,max,balanced,cached_mxbai,1369,1782218634.651129,,,
759,0,svm,max,balanced,cached_mxbai,1370,1782218634.79086,,,
4893,0,svm,max,balanced,cached_mxbai,1371,1782218634.9295592,,,
7265,0,svm,max,balanced,cached_mxbai,1372,1782218635.071584,,,
9623,0,svm,max,balanced,cached_mxbai,1373,1782218635.2142537,,,
9209,0,svm,max,balanced,cached_mxbai,1374,1782218635.3860888,,,
4575,0,svm,max,balanced,cached_mxbai,1375,1782218635.5245895,,,
2066,0,svm,max,balanced,cached_mxbai,1376,1782218635.6671278,,,
8497,0,svm,max,balanced,cached_mxbai,1377,1782218635.807601,,,
6285,0,svm,max,balanced,cached_mxbai,1378,1782218635.9466302,,,
1262,0,svm,max,balanced,cached_mxbai,1379,1782218636.0850363,,,
4733,0,svm,max,balanced,cached_mxbai,1380,1782218636.2239487,,,
5245,0,svm,max,balanced,cached_mxbai,1381,1782218636.3642056,,,
4882,0,svm,max,balanced,cached_mxbai,1382,1782218636.505228,,,
4319,0,svm,max,balanced,cached_mxbai,1383,1782218636.6522286,,,
4804,0,svm,max,balanced,cached_mxbai,1384,1782218636.7926285,,,
8158,0,svm,max,balanced,cached_mxbai,1385,1782218636.9354417,,,
10088,0,svm,max,balanced,cached_mxbai,1386,1782218637.082688,,,
2583,0,svm,max,balanced,cached_mxbai,1387,1782218637.2281446,,,
4148,0,svm,max,balanced,cached_mxbai,1388,1782218637.3725278,,,
5643,0,svm,max,balanced,cached_mxbai,1389,1782218637.5155132,,,
9897,0,svm,max,balanced,cached_mxbai,1390,1782218637.6602309,,,
4530,0,svm,max,balanced,cached_mxbai,1391,1782218637.8045805,,,
3434,0,svm,max,balanced,cached_mxbai,1392,1782218637.947653,,,
9773,0,svm,max,balanced,cached_mxbai,1393,1782218638.0915623,,,
5839,1,svm,max,balanced,cached_mxbai,1394,1782218638.2337446,,,
7743,0,svm,max,balanced,cached_mxbai,1395,1782218638.3782215,,,
2254,0,svm,max,balanced,cached_mxbai,1396,1782218638.5217378,,,
7712,0,svm,max,balanced,cached_mxbai,1397,1782218638.6711624,,,
3634,0,svm,max,balanced,cached_mxbai,1398,1782218638.8200567,,,
5024,0,svm,max,balanced,cached_mxbai,1399,1782218638.9639091,,,
4261,0,svm,max,balanced,cached_mxbai,1400,1782218639.1088173,,,
5956,0,svm,max,balanced,cached_mxbai,1401,1782218639.2543318,,,
8038,0,svm,max,balanced,cached_mxbai,1402,1782218639.4016302,,,
4799,0,svm,max,balanced,cached_mxbai,1403,1782218639.5469909,,,
4652,0,svm,max,balanced,cached_mxbai,1404,1782218639.696501,,,
8889,0,svm,max,balanced,cached_mxbai,1405,1782218639.8389487,,,
4668,0,svm,max,balanced,cached_mxbai,1406,1782218639.9820435,,,
3506,0,svm,max,balanced,cached_mxbai,1407,1782218640.12783,,,
273,0,svm,max,balanced,cached_mxbai,1408,1782218640.2728374,,,
4632,0,svm,max,balanced,cached_mxbai,1409,1782218640.4158368,,,
1234,0,svm,max,balanced,cached_mxbai,1410,1782218640.5583239,,,
3507,0,svm,max,balanced,cached_mxbai,1411,1782218640.7116652,,,
3044,0,svm,max,balanced,cached_mxbai,1412,1782218640.8555207,,,
5212,0,svm,max,balanced,cached_mxbai,1413,1782218640.9978733,,,
2039,0,svm,max,balanced,cached_mxbai,1414,1782218641.1446702,,,
9171,0,svm,max,balanced,cached_mxbai,1415,1782218641.289117,,,
4970,0,svm,max,balanced,cached_mxbai,1416,1782218641.4338744,,,
5106,0,svm,max,balanced,cached_mxbai,1417,1782218641.5774384,,,
3763,0,svm,max,balanced,cached_mxbai,1418,1782218641.7291038,,,
5036,0,svm,max,balanced,cached_mxbai,1419,1782218641.8725023,,,
3236,0,svm,max,balanced,cached_mxbai,1420,1782218642.0168202,,,
7728,0,svm,max,balanced,cached_mxbai,1421,1782218642.16198,,,
1078,0,svm,max,balanced,cached_mxbai,1422,1782218642.306685,,,
4664,0,svm,max,balanced,cached_mxbai,1423,1782218642.4507978,,,
4411,0,svm,max,balanced,cached_mxbai,1424,1782218642.5962589,,,
8547,0,svm,max,balanced,cached_mxbai,1425,1782218642.746607,,,
10492,0,svm,max,balanced,cached_mxbai,1426,1782218642.889291,,,
2831,0,svm,max,balanced,cached_mxbai,1427,1782218643.036159,,,
6162,0,svm,max,balanced,cached_mxbai,1428,1782218643.184246,,,
3988,0,svm,max,balanced,cached_mxbai,1429,1782218643.3291578,,,
8918,0,svm,max,balanced,cached_mxbai,1430,1782218643.474644,,,
4629,0,svm,max,balanced,cached_mxbai,1431,1782218643.620749,,,
5939,0,svm,max,balanced,cached_mxbai,1432,1782218643.7695045,,,
4142,0,svm,max,balanced,cached_mxbai,1433,1782218643.912175,,,
4463,0,svm,max,balanced,cached_mxbai,1434,1782218644.0565612,,,
5086,0,svm,max,balanced,cached_mxbai,1435,1782218644.2040393,,,
4106,0,svm,max,balanced,cached_mxbai,1436,1782218644.3510308,,,
6771,0,svm,max,balanced,cached_mxbai,1437,1782218644.496175,,,
4708,0,svm,max,balanced,cached_mxbai,1438,1782218644.6421056,,,
8928,0,svm,max,balanced,cached_mxbai,1439,1782218644.788728,,,
2965,0,svm,max,balanced,cached_mxbai,1440,1782218644.9338775,,,
8228,0,svm,max,balanced,cached_mxbai,1441,1782218645.0864246,,,
4966,0,svm,max,balanced,cached_mxbai,1442,1782218645.2386234,,,
6569,0,svm,max,balanced,cached_mxbai,1443,1782218645.4075694,,,
3130,0,svm,max,balanced,cached_mxbai,1444,1782218645.5531893,,,
5159,0,svm,max,balanced,cached_mxbai,1445,1782218645.7034268,,,
9410,0,svm,max,balanced,cached_mxbai,1446,1782218645.8477957,,,
9864,0,svm,max,balanced,cached_mxbai,1447,1782218645.992658,,,
4615,0,svm,max,balanced,cached_mxbai,1448,1782218646.1424375,,,
1646,0,svm,max,balanced,cached_mxbai,1449,1782218646.2920215,,,
692,0,svm,max,balanced,cached_mxbai,1450,1782218646.441136,,,
5153,0,svm,max,balanced,cached_mxbai,1451,1782218646.5889049,,,
6461,0,svm,max,balanced,cached_mxbai,1452,1782218646.7470093,,,
7897,0,svm,max,balanced,cached_mxbai,1453,1782218646.898204,,,
3905,0,svm,max,balanced,cached_mxbai,1454,1782218647.0478776,,,
5010,0,svm,max,balanced,cached_mxbai,1455,1782218647.1990707,,,
4045,0,svm,max,balanced,cached_mxbai,1456,1782218647.3517869,,,
4654,0,svm,max,balanced,cached_mxbai,1457,1782218647.5009582,,,
4336,0,svm,max,balanced,cached_mxbai,1458,1782218647.6497903,,,
8463,0,svm,max,balanced,cached_mxbai,1459,1782218647.804033,,,
4489,0,svm,max,balanced,cached_mxbai,1460,1782218647.9513078,,,
3024,0,svm,max,balanced,cached_mxbai,1461,1782218648.1025884,,,
3805,0,svm,max,balanced,cached_mxbai,1462,1782218648.2537365,,,
4600,0,svm,max,balanced,cached_mxbai,1463,1782218648.3999643,,,
5672,0,svm,max,balanced,cached_mxbai,1464,1782218648.547831,,,
5487,0,svm,max,balanced,cached_mxbai,1465,1782218648.7010484,,,
3146,0,svm,max,balanced,cached_mxbai,1466,1782218648.8549743,,,
4991,0,svm,max,balanced,cached_mxbai,1467,1782218649.0012147,,,
10239,0,svm,max,balanced,cached_mxbai,1468,1782218649.1507447,,,
5151,0,svm,max,balanced,cached_mxbai,1469,1782218649.296796,,,
4553,0,svm,max,balanced,cached_mxbai,1470,1782218649.4450405,,,
10242,0,svm,max,balanced,cached_mxbai,1471,1782218649.5945764,,,
9371,0,svm,max,balanced,cached_mxbai,1472,1782218649.7509341,,,
10065,0,svm,max,balanced,cached_mxbai,1473,1782218649.8999107,,,
6196,0,svm,max,balanced,cached_mxbai,1474,1782218650.0470638,,,
4676,0,svm,max,balanced,cached_mxbai,1475,1782218650.1972525,,,
4975,0,svm,max,balanced,cached_mxbai,1476,1782218650.3468423,,,
8885,0,svm,max,balanced,cached_mxbai,1477,1782218650.4952393,,,
4539,0,svm,max,balanced,cached_mxbai,1478,1782218650.6432583,,,
9098,0,svm,max,balanced,cached_mxbai,1479,1782218650.7962527,,,
1613,0,svm,max,balanced,cached_mxbai,1480,1782218650.9447634,,,
4764,0,svm,max,balanced,cached_mxbai,1481,1782218651.0922632,,,
10551,0,svm,max,balanced,cached_mxbai,1482,1782218651.2427351,,,
8759,0,svm,max,balanced,cached_mxbai,1483,1782218651.3897738,,,
10451,0,svm,max,balanced,cached_mxbai,1484,1782218651.5378368,,,
9176,0,svm,max,balanced,cached_mxbai,1485,1782218651.685561,,,
4284,0,svm,max,balanced,cached_mxbai,1486,1782218651.8379633,,,
4014,0,svm,max,balanced,cached_mxbai,1487,1782218651.987049,,,
5984,0,svm,max,balanced,cached_mxbai,1488,1782218652.1361475,,,
3932,0,svm,max,balanced,cached_mxbai,1489,1782218652.2849696,,,
4863,0,svm,max,balanced,cached_mxbai,1490,1782218652.4337459,,,
1222,0,svm,max,balanced,cached_mxbai,1491,1782218652.580258,,,
8046,0,svm,max,balanced,cached_mxbai,1492,1782218652.7328649,,,
3562,0,svm,max,balanced,cached_mxbai,1493,1782218652.882927,,,
8123,0,svm,max,balanced,cached_mxbai,1494,1782218653.0308661,,,
4996,0,svm,max,balanced,cached_mxbai,1495,1782218653.181339,,,
8797,0,svm,max,balanced,cached_mxbai,1496,1782218653.334707,,,
6975,0,svm,max,balanced,cached_mxbai,1497,1782218653.4846282,,,
7477,0,svm,max,balanced,cached_mxbai,1498,1782218653.6481333,,,
9798,0,svm,max,balanced,cached_mxbai,1499,1782218653.8030152,,,
5138,0,svm,max,balanced,cached_mxbai,1500,1782218653.9520516,,,
4488,0,svm,max,balanced,cached_mxbai,1501,1782218654.102819,,,
3991,0,svm,max,balanced,cached_mxbai,1502,1782218654.2550561,,,
3938,0,svm,max,balanced,cached_mxbai,1503,1782218654.4031968,,,
6319,0,svm,max,balanced,cached_mxbai,1504,1782218654.5522244,,,
3844,0,svm,max,balanced,cached_mxbai,1505,1782218654.7012312,,,
113,0,svm,max,balanced,cached_mxbai,1506,1782218654.8576353,,,
4562,0,svm,max,balanced,cached_mxbai,1507,1782218655.0058115,,,
3460,0,svm,max,balanced,cached_mxbai,1508,1782218655.1619163,,,
10081,0,svm,max,balanced,cached_mxbai,1509,1782218655.3384087,,,
4207,0,svm,max,balanced,cached_mxbai,1510,1782218655.4894247,,,
4322,0,svm,max,balanced,cached_mxbai,1511,1782218655.6379414,,,
8629,0,svm,max,balanced,cached_mxbai,1512,1782218655.8047872,,,
5220,0,svm,max,balanced,cached_mxbai,1513,1782218655.9663234,,,
2873,0,svm,max,balanced,cached_mxbai,1514,1782218656.1327472,,,
6949,0,svm,max,balanced,cached_mxbai,1515,1782218656.2987597,,,
3640,0,svm,max,balanced,cached_mxbai,1516,1782218656.462393,,,
1912,0,svm,max,balanced,cached_mxbai,1517,1782218656.6272495,,,
6671,0,svm,max,balanced,cached_mxbai,1518,1782218656.7935297,,,
3629,0,svm,max,balanced,cached_mxbai,1519,1782218656.9584763,,,
5396,0,svm,max,balanced,cached_mxbai,1520,1782218657.1236434,,,
4372,0,svm,max,balanced,cached_mxbai,1521,1782218657.2891772,,,
4957,0,svm,max,balanced,cached_mxbai,1522,1782218657.4551435,,,
10133,0,svm,max,balanced,cached_mxbai,1523,1782218657.618341,,,
8580,0,svm,max,balanced,cached_mxbai,1524,1782218657.7879562,,,
4490,0,svm,max,balanced,cached_mxbai,1525,1782218657.9564338,,,
1476,0,svm,max,balanced,cached_mxbai,1526,1782218658.125408,,,
4982,0,svm,max,balanced,cached_mxbai,1527,1782218658.2939312,,,
796,0,svm,max,balanced,cached_mxbai,1528,1782218658.4617674,,,
5969,0,svm,max,balanced,cached_mxbai,1529,1782218658.6321664,,,
7933,0,svm,max,balanced,cached_mxbai,1530,1782218658.8033314,,,
3752,0,svm,max,balanced,cached_mxbai,1531,1782218658.9708707,,,
6122,0,svm,max,balanced,cached_mxbai,1532,1782218659.1362972,,,
4454,0,svm,max,balanced,cached_mxbai,1533,1782218659.303059,,,
7873,0,svm,max,balanced,cached_mxbai,1534,1782218659.4690747,,,
9137,0,svm,max,balanced,cached_mxbai,1535,1782218659.6353729,,,
8272,0,svm,max,balanced,cached_mxbai,1536,1782218659.803709,,,
4725,0,svm,max,balanced,cached_mxbai,1537,1782218659.970378,,,
5621,0,svm,max,balanced,cached_mxbai,1538,1782218660.135829,,,
6138,0,svm,max,balanced,cached_mxbai,1539,1782218660.3040755,,,
4675,0,svm,max,balanced,cached_mxbai,1540,1782218660.4697697,,,
7714,0,svm,max,balanced,cached_mxbai,1541,1782218660.6359742,,,
3399,0,svm,max,balanced,cached_mxbai,1542,1782218660.80523,,,
4138,0,svm,max,balanced,cached_mxbai,1543,1782218660.9732451,,,
4827,0,svm,max,balanced,cached_mxbai,1544,1782218661.139871,,,
6151,0,svm,max,balanced,cached_mxbai,1545,1782218661.3121989,,,
8004,0,svm,max,balanced,cached_mxbai,1546,1782218661.477404,,,
9947,0,svm,max,balanced,cached_mxbai,1547,1782218661.6419237,,,
5110,0,svm,max,balanced,cached_mxbai,1548,1782218661.8084009,,,
4968,0,svm,max,balanced,cached_mxbai,1549,1782218661.974227,,,
10545,0,svm,max,balanced,cached_mxbai,1550,1782218662.1404293,,,
4486,0,svm,max,balanced,cached_mxbai,1551,1782218662.3081613,,,
160,0,svm,max,balanced,cached_mxbai,1552,1782218662.4750073,,,
9582,0,svm,max,balanced,cached_mxbai,1553,1782218662.641114,,,
4021,0,svm,max,balanced,cached_mxbai,1554,1782218662.815204,,,
5496,0,svm,max,balanced,cached_mxbai,1555,1782218662.9825568,,,
4826,0,svm,max,balanced,cached_mxbai,1556,1782218663.1556122,,,
7879,0,svm,max,balanced,cached_mxbai,1557,1782218663.329653,,,
709,0,svm,max,balanced,cached_mxbai,1558,1782218663.4968505,,,
2433,0,svm,max,balanced,cached_mxbai,1559,1782218663.6704671,,,
1261,0,svm,max,balanced,cached_mxbai,1560,1782218663.8451202,,,
9219,0,svm,max,balanced,cached_mxbai,1561,1782218664.0207107,,,
173,0,svm,max,balanced,cached_mxbai,1562,1782218664.1978097,,,
6235,0,svm,max,balanced,cached_mxbai,1563,1782218664.3713403,,,
2562,0,svm,max,balanced,cached_mxbai,1564,1782218664.5441768,,,
7231,0,svm,max,balanced,cached_mxbai,1565,1782218664.716527,,,
4410,0,svm,max,balanced,cached_mxbai,1566,1782218664.889743,,,
5198,0,svm,max,balanced,cached_mxbai,1567,1782218665.0786428,,,
3656,0,svm,max,balanced,cached_mxbai,1568,1782218665.261633,,,
5325,0,svm,max,balanced,cached_mxbai,1569,1782218665.4488742,,,
5608,0,svm,max,balanced,cached_mxbai,1570,1782218665.6276217,,,
4501,0,svm,max,balanced,cached_mxbai,1571,1782218665.8045938,,,
8303,0,svm,max,balanced,cached_mxbai,1572,1782218665.9825556,,,
3109,0,svm,max,balanced,cached_mxbai,1573,1782218666.1584337,,,
57,0,svm,max,balanced,cached_mxbai,1574,1782218666.335708,,,
3654,0,svm,max,balanced,cached_mxbai,1575,1782218666.5105395,,,
4634,0,svm,max,balanced,cached_mxbai,1576,1782218666.6851134,,,
4397,0,svm,max,balanced,cached_mxbai,1577,1782218666.8640354,,,
4278,0,svm,max,balanced,cached_mxbai,1578,1782218667.0390723,,,
9547,0,svm,max,balanced,cached_mxbai,1579,1782218667.214157,,,
1039,0,svm,max,balanced,cached_mxbai,1580,1782218667.3892527,,,
9878,0,svm,max,balanced,cached_mxbai,1581,1782218667.5648732,,,
5223,0,svm,max,balanced,cached_mxbai,1582,1782218667.7395928,,,
4622,0,svm,max,balanced,cached_mxbai,1583,1782218667.9085333,,,
4241,0,svm,max,balanced,cached_mxbai,1584,1782218668.0793214,,,
3385,0,svm,max,balanced,cached_mxbai,1585,1782218668.2534208,,,
4757,0,svm,max,balanced,cached_mxbai,1586,1782218668.4247448,,,
10206,0,svm,max,balanced,cached_mxbai,1587,1782218668.5973783,,,
8828,0,svm,max,balanced,cached_mxbai,1588,1782218668.775613,,,
9442,0,svm,max,balanced,cached_mxbai,1589,1782218668.9589,,,
8660,0,svm,max,balanced,cached_mxbai,1590,1782218669.1535926,,,
5805,0,svm,max,balanced,cached_mxbai,1591,1782218669.330807,,,
4699,0,svm,max,balanced,cached_mxbai,1592,1782218669.505189,,,
3801,0,svm,max,balanced,cached_mxbai,1593,1782218669.6791797,,,
9433,0,svm,max,balanced,cached_mxbai,1594,1782218669.8525188,,,
3783,0,svm,max,balanced,cached_mxbai,1595,1782218670.0258412,,,
6270,0,svm,max,balanced,cached_mxbai,1596,1782218670.1990073,,,
1321,0,svm,max,balanced,cached_mxbai,1597,1782218670.372896,,,
4498,0,svm,max,balanced,cached_mxbai,1598,1782218670.5460997,,,
7768,0,svm,max,balanced,cached_mxbai,1599,1782218670.7234867,,,
4693,0,svm,max,balanced,cached_mxbai,1600,1782218670.8980112,,,
4763,0,svm,max,balanced,cached_mxbai,1601,1782218671.074015,,,
4847,0,svm,max,balanced,cached_mxbai,1602,1782218671.2492728,,,
3689,0,svm,max,balanced,cached_mxbai,1603,1782218671.4225552,,,
443,0,svm,max,balanced,cached_mxbai,1604,1782218671.5956917,,,
4497,0,svm,max,balanced,cached_mxbai,1605,1782218671.7728972,,,
3165,0,svm,max,balanced,cached_mxbai,1606,1782218671.9463253,,,
9496,0,svm,max,balanced,cached_mxbai,1607,1782218672.1186037,,,
9911,0,svm,max,balanced,cached_mxbai,1608,1782218672.294419,,,
3083,0,svm,max,balanced,cached_mxbai,1609,1782218672.4524903,,,
3556,0,svm,max,balanced,cached_mxbai,1610,1782218672.6127443,,,
8847,0,svm,max,balanced,cached_mxbai,1611,1782218672.7763054,,,
2782,0,svm,max,balanced,cached_mxbai,1612,1782218672.9360814,,,
4896,0,svm,max,balanced,cached_mxbai,1613,1782218673.0946996,,,
4091,0,svm,max,balanced,cached_mxbai,1614,1782218673.2523391,,,
6056,0,svm,max,balanced,cached_mxbai,1615,1782218673.4104521,,,
3788,0,svm,max,balanced,cached_mxbai,1616,1782218673.567875,,,
5128,0,svm,max,balanced,cached_mxbai,1617,1782218673.728196,,,
10521,0,svm,max,balanced,cached_mxbai,1618,1782218673.8871,,,
9115,0,svm,max,balanced,cached_mxbai,1619,1782218674.0447035,,,
4246,0,svm,max,balanced,cached_mxbai,1620,1782218674.2026021,,,
5823,0,svm,max,balanced,cached_mxbai,1621,1782218674.3605514,,,
1855,0,svm,max,balanced,cached_mxbai,1622,1782218674.51953,,,
1416,0,svm,max,balanced,cached_mxbai,1623,1782218674.6788235,,,
4392,0,svm,max,balanced,cached_mxbai,1624,1782218674.8383229,,,
4750,0,svm,max,balanced,cached_mxbai,1625,1782218674.997541,,,
9624,0,svm,max,balanced,cached_mxbai,1626,1782218675.1639965,,,
1796,0,svm,max,balanced,cached_mxbai,1627,1782218675.33959,,,
1278,0,svm,max,balanced,cached_mxbai,1628,1782218675.5004292,,,
1241,0,svm,max,balanced,cached_mxbai,1629,1782218675.6595747,,,
3554,0,svm,max,balanced,cached_mxbai,1630,1782218675.8183439,,,
2541,0,svm,max,balanced,cached_mxbai,1631,1782218675.9765015,,,
3183,0,svm,max,balanced,cached_mxbai,1632,1782218676.1344965,,,
4483,0,svm,max,balanced,cached_mxbai,1633,1782218676.2927291,,,
5155,0,svm,max,balanced,cached_mxbai,1634,1782218676.4541764,,,
6003,0,svm,max,balanced,cached_mxbai,1635,1782218676.6121936,,,
1031,0,svm,max,balanced,cached_mxbai,1636,1782218676.773376,,,
5226,0,svm,max,balanced,cached_mxbai,1637,1782218676.93226,,,
4323,0,svm,max,balanced,cached_mxbai,1638,1782218677.091899,,,
3909,0,svm,max,balanced,cached_mxbai,1639,1782218677.2524538,,,
4517,0,svm,max,balanced,cached_mxbai,1640,1782218677.4150584,,,
4069,0,svm,max,balanced,cached_mxbai,1641,1782218677.5788186,,,
3840,0,svm,max,balanced,cached_mxbai,1642,1782218677.7433338,,,
8404,0,svm,max,balanced,cached_mxbai,1643,1782218677.9039204,,,
3609,0,svm,max,balanced,cached_mxbai,1644,1782218678.065002,,,
8301,0,svm,max,balanced,cached_mxbai,1645,1782218678.2250166,,,
5066,0,svm,max,balanced,cached_mxbai,1646,1782218678.3870444,,,
5952,0,svm,max,balanced,cached_mxbai,1647,1782218678.5488129,,,
8658,0,svm,max,balanced,cached_mxbai,1648,1782218678.7106855,,,
5292,0,svm,max,balanced,cached_mxbai,1649,1782218678.876523,,,
1498,0,svm,max,balanced,cached_mxbai,1650,1782218679.0406353,,,
5100,0,svm,max,balanced,cached_mxbai,1651,1782218679.2023156,,,
6815,0,svm,max,balanced,cached_mxbai,1652,1782218679.363467,,,
8694,0,svm,max,balanced,cached_mxbai,1653,1782218679.5276845,,,
4245,0,svm,max,balanced,cached_mxbai,1654,1782218679.6922812,,,
604,0,svm,max,balanced,cached_mxbai,1655,1782218679.8658104,,,
4851,0,svm,max,balanced,cached_mxbai,1656,1782218680.0313752,,,
178,0,svm,max,balanced,cached_mxbai,1657,1782218680.1970975,,,
10108,0,svm,max,balanced,cached_mxbai,1658,1782218680.360543,,,
6069,0,svm,max,balanced,cached_mxbai,1659,1782218680.523542,,,
8218,0,svm,max,balanced,cached_mxbai,1660,1782218680.68445,,,
8907,0,svm,max,balanced,cached_mxbai,1661,1782218680.8460753,,,
4257,0,svm,max,balanced,cached_mxbai,1662,1782218681.0070834,,,
4521,0,svm,max,balanced,cached_mxbai,1663,1782218681.16814,,,
4122,0,svm,max,balanced,cached_mxbai,1664,1782218681.3281114,,,
6537,0,svm,max,balanced,cached_mxbai,1665,1782218681.4909527,,,
6324,0,svm,max,balanced,cached_mxbai,1666,1782218681.6507838,,,
769,0,svm,max,balanced,cached_mxbai,1667,1782218681.8104382,,,
4571,0,svm,max,balanced,cached_mxbai,1668,1782218681.9713676,,,
6585,0,svm,max,balanced,cached_mxbai,1669,1782218682.1338563,,,
4438,0,svm,max,balanced,cached_mxbai,1670,1782218682.296084,,,
981,0,svm,max,balanced,cached_mxbai,1671,1782218682.4599512,,,
10153,0,svm,max,balanced,cached_mxbai,1672,1782218682.6232684,,,
2856,0,svm,max,balanced,cached_mxbai,1673,1782218682.788639,,,
4766,0,svm,max,balanced,cached_mxbai,1674,1782218682.95064,,,
9948,0,svm,max,balanced,cached_mxbai,1675,1782218683.1146548,,,
4305,0,svm,max,balanced,cached_mxbai,1676,1782218683.2792387,,,
6548,0,svm,max,balanced,cached_mxbai,1677,1782218683.4415224,,,
4601,0,svm,max,balanced,cached_mxbai,1678,1782218683.6039414,,,
6328,0,svm,max,balanced,cached_mxbai,1679,1782218683.7657988,,,
4090,0,svm,max,balanced,cached_mxbai,1680,1782218683.9280162,,,
7706,0,svm,max,balanced,cached_mxbai,1681,1782218684.092789,,,
7871,0,svm,max,balanced,cached_mxbai,1682,1782218684.2543328,,,
7959,0,svm,max,balanced,cached_mxbai,1683,1782218684.4156249,,,
3552,0,svm,max,balanced,cached_mxbai,1684,1782218684.5779614,,,
4219,0,svm,max,balanced,cached_mxbai,1685,1782218684.7431536,,,
7355,0,svm,max,balanced,cached_mxbai,1686,1782218684.9070148,,,
3832,0,svm,max,balanced,cached_mxbai,1687,1782218685.0754583,,,
8479,0,svm,max,balanced,cached_mxbai,1688,1782218685.247572,,,
9714,0,svm,max,balanced,cached_mxbai,1689,1782218685.4260106,,,
4400,0,svm,max,balanced,cached_mxbai,1690,1782218685.5923703,,,
5781,0,svm,max,balanced,cached_mxbai,1691,1782218685.758306,,,
4606,0,svm,max,balanced,cached_mxbai,1692,1782218685.9238636,,,
639,0,svm,max,balanced,cached_mxbai,1693,1782218686.0866437,,,
2187,0,svm,max,balanced,cached_mxbai,1694,1782218686.2520497,,,
8636,0,svm,max,balanced,cached_mxbai,1695,1782218686.4165082,,,
3404,0,svm,max,balanced,cached_mxbai,1696,1782218686.5818486,,,
7546,0,svm,max,balanced,cached_mxbai,1697,1782218686.7591577,,,
5777,0,svm,max,balanced,cached_mxbai,1698,1782218686.935022,,,
594,0,svm,max,balanced,cached_mxbai,1699,1782218687.0988371,,,
3293,0,svm,max,balanced,cached_mxbai,1700,1782218687.2751393,,,
4749,0,svm,max,balanced,cached_mxbai,1701,1782218687.4549136,,,
817,0,svm,max,balanced,cached_mxbai,1702,1782218687.6227858,,,
3428,0,svm,max,balanced,cached_mxbai,1703,1782218687.7905388,,,
10271,0,svm,max,balanced,cached_mxbai,1704,1782218687.9687326,,,
4502,0,svm,max,balanced,cached_mxbai,1705,1782218688.1469648,,,
3446,0,svm,max,balanced,cached_mxbai,1706,1782218688.325956,,,
2781,0,svm,max,balanced,cached_mxbai,1707,1782218688.4933825,,,
4649,0,svm,max,balanced,cached_mxbai,1708,1782218688.663025,,,
9031,0,svm,max,balanced,cached_mxbai,1709,1782218688.8499305,,,
5167,0,svm,max,balanced,cached_mxbai,1710,1782218689.0172765,,,
2670,0,svm,max,balanced,cached_mxbai,1711,1782218689.1939878,,,
3889,0,svm,max,balanced,cached_mxbai,1712,1782218689.3711963,,,
5079,0,svm,max,balanced,cached_mxbai,1713,1782218689.5486054,,,
4334,0,svm,max,balanced,cached_mxbai,1714,1782218689.7235487,,,
427,0,svm,max,balanced,cached_mxbai,1715,1782218689.9005055,,,
4719,0,svm,max,balanced,cached_mxbai,1716,1782218690.0773776,,,
5352,0,svm,max,balanced,cached_mxbai,1717,1782218690.2531607,,,
4542,0,svm,max,balanced,cached_mxbai,1718,1782218690.430722,,,
6233,0,svm,max,balanced,cached_mxbai,1719,1782218690.6086593,,,
8693,0,svm,max,balanced,cached_mxbai,1720,1782218690.7854133,,,
3200,0,svm,max,balanced,cached_mxbai,1721,1782218690.961727,,,
4808,0,svm,max,balanced,cached_mxbai,1722,1782218691.1410804,,,
6042,0,svm,max,balanced,cached_mxbai,1723,1782218691.3217444,,,
5240,0,svm,max,balanced,cached_mxbai,1724,1782218691.5001645,,,
3330,0,svm,max,balanced,cached_mxbai,1725,1782218691.67689,,,
6699,0,svm,max,balanced,cached_mxbai,1726,1782218691.8562005,,,
3248,0,svm,max,balanced,cached_mxbai,1727,1782218692.0328145,,,
4809,0,svm,max,balanced,cached_mxbai,1728,1782218692.2098985,,,
4042,0,svm,max,balanced,cached_mxbai,1729,1782218692.386754,,,
997,0,svm,max,balanced,cached_mxbai,1730,1782218692.5665872,,,
6323,0,svm,max,balanced,cached_mxbai,1731,1782218692.7493398,,,
2431,0,svm,max,balanced,cached_mxbai,1732,1782218692.9282174,,,
9768,0,svm,max,balanced,cached_mxbai,1733,1782218693.1049058,,,
8798,0,svm,max,balanced,cached_mxbai,1734,1782218693.2819648,,,
5667,0,svm,max,balanced,cached_mxbai,1735,1782218693.4590325,,,
4313,0,svm,max,balanced,cached_mxbai,1736,1782218693.6395113,,,
5052,0,svm,max,balanced,cached_mxbai,1737,1782218693.816849,,,
5723,0,svm,max,balanced,cached_mxbai,1738,1782218693.9965901,,,
5099,0,svm,max,balanced,cached_mxbai,1739,1782218694.176042,,,
81,0,svm,max,balanced,cached_mxbai,1740,1782218694.355101,,,
9407,0,svm,max,balanced,cached_mxbai,1741,1782218694.533836,,,
5188,0,svm,max,balanced,cached_mxbai,1742,1782218694.7107348,,,
3797,0,svm,max,balanced,cached_mxbai,1743,1782218694.8895533,,,
4920,0,svm,max,balanced,cached_mxbai,1744,1782218695.0734591,,,
6167,0,svm,max,balanced,cached_mxbai,1745,1782218695.260231,,,
5038,0,svm,max,balanced,cached_mxbai,1746,1782218695.4527183,,,
577,0,svm,max,balanced,cached_mxbai,1747,1782218695.632156,,,
7055,0,svm,max,balanced,cached_mxbai,1748,1782218695.8116581,,,
5650,0,svm,max,balanced,cached_mxbai,1749,1782218695.9913359,,,
4309,0,svm,max,balanced,cached_mxbai,1750,1782218696.1716022,,,
4990,0,svm,max,balanced,cached_mxbai,1751,1782218696.3523543,,,
9291,0,svm,max,balanced,cached_mxbai,1752,1782218696.534384,,,
9254,0,svm,max,balanced,cached_mxbai,1753,1782218696.7153997,,,
4943,0,svm,max,balanced,cached_mxbai,1754,1782218696.8991256,,,
10309,0,svm,max,balanced,cached_mxbai,1755,1782218697.0814006,,,
3577,0,svm,max,balanced,cached_mxbai,1756,1782218697.265753,,,
4784,0,svm,max,balanced,cached_mxbai,1757,1782218697.4454145,,,
1704,0,svm,max,balanced,cached_mxbai,1758,1782218697.626085,,,
4551,0,svm,max,balanced,cached_mxbai,1759,1782218697.8070915,,,
3533,0,svm,max,balanced,cached_mxbai,1760,1782218697.9876182,,,
5076,0,svm,max,balanced,cached_mxbai,1761,1782218698.1683083,,,
5069,0,svm,max,balanced,cached_mxbai,1762,1782218698.3490753,,,
787,0,svm,max,balanced,cached_mxbai,1763,1782218698.5310702,,,
4566,0,svm,max,balanced,cached_mxbai,1764,1782218698.7149334,,,
3504,0,svm,max,balanced,cached_mxbai,1765,1782218698.8985658,,,
5009,0,svm,max,balanced,cached_mxbai,1766,1782218699.076878,,,
6212,0,svm,max,balanced,cached_mxbai,1767,1782218699.257611,,,
5896,0,svm,max,balanced,cached_mxbai,1768,1782218699.4359097,,,
6293,0,svm,max,balanced,cached_mxbai,1769,1782218699.6174386,,,
195,0,svm,max,balanced,cached_mxbai,1770,1782218699.7988205,,,
3664,0,svm,max,balanced,cached_mxbai,1771,1782218699.9775143,,,
7137,0,svm,max,balanced,cached_mxbai,1772,1782218700.1567771,,,
10046,0,svm,max,balanced,cached_mxbai,1773,1782218700.3357012,,,
7216,0,svm,max,balanced,cached_mxbai,1774,1782218700.5168352,,,
5103,0,svm,max,balanced,cached_mxbai,1775,1782218700.6980455,,,
10381,0,svm,max,balanced,cached_mxbai,1776,1782218700.879329,,,
4701,0,svm,max,balanced,cached_mxbai,1777,1782218701.0600872,,,
8829,0,svm,max,balanced,cached_mxbai,1778,1782218701.2405825,,,
6642,0,svm,max,balanced,cached_mxbai,1779,1782218701.4204082,,,
3445,0,svm,max,balanced,cached_mxbai,1780,1782218701.6015263,,,
7681,0,svm,max,balanced,cached_mxbai,1781,1782218701.7847474,,,
4035,0,svm,max,balanced,cached_mxbai,1782,1782218701.9649131,,,
27,0,svm,max,balanced,cached_mxbai,1783,1782218702.1424851,,,
9520,0,svm,max,balanced,cached_mxbai,1784,1782218702.3213801,,,
8952,0,svm,max,balanced,cached_mxbai,1785,1782218702.500136,,,
1255,0,svm,max,balanced,cached_mxbai,1786,1782218702.6835284,,,
1427,0,svm,max,balanced,cached_mxbai,1787,1782218702.8635197,,,
3047,0,svm,max,balanced,cached_mxbai,1788,1782218703.0465195,,,
5027,0,svm,max,balanced,cached_mxbai,1789,1782218703.2272055,,,
9628,0,svm,max,balanced,cached_mxbai,1790,1782218703.408393,,,
8536,0,svm,max,balanced,cached_mxbai,1791,1782218703.5929945,,,
7438,0,svm,max,balanced,cached_mxbai,1792,1782218703.7772896,,,
5234,0,svm,max,balanced,cached_mxbai,1793,1782218703.959355,,,
8373,0,svm,max,balanced,cached_mxbai,1794,1782218704.141709,,,
10158,0,svm,max,balanced,cached_mxbai,1795,1782218704.3260822,,,
4716,0,svm,max,balanced,cached_mxbai,1796,1782218704.5093358,,,
10036,0,svm,max,balanced,cached_mxbai,1797,1782218704.6905813,,,
5213,0,svm,max,balanced,cached_mxbai,1798,1782218704.8724544,,,
4343,0,svm,max,balanced,cached_mxbai,1799,1782218705.0561748,,,
5346,0,svm,max,balanced,cached_mxbai,1800,1782218705.2371294,,,
6816,0,svm,max,balanced,cached_mxbai,1801,1782218705.4353395,,,
4801,0,svm,max,balanced,cached_mxbai,1802,1782218705.615694,,,
3924,0,svm,max,balanced,cached_mxbai,1803,1782218705.7952483,,,
1999,0,svm,max,balanced,cached_mxbai,1804,1782218705.9752164,,,
7279,0,svm,max,balanced,cached_mxbai,1805,1782218706.1562614,,,
3231,0,svm,max,balanced,cached_mxbai,1806,1782218706.3399324,,,
8483,0,svm,max,balanced,cached_mxbai,1807,1782218706.520567,,,
4954,0,svm,max,balanced,cached_mxbai,1808,1782218706.7038493,,,
10410,0,svm,max,balanced,cached_mxbai,1809,1782218706.8870926,,,
3171,0,svm,max,balanced,cached_mxbai,1810,1782218707.0696821,,,
7203,0,svm,max,balanced,cached_mxbai,1811,1782218707.2554994,,,
10115,0,svm,max,balanced,cached_mxbai,1812,1782218707.4371972,,,
9437,0,svm,max,balanced,cached_mxbai,1813,1782218707.6218522,,,
2137,0,svm,max,balanced,cached_mxbai,1814,1782218707.8122644,,,
4180,0,svm,max,balanced,cached_mxbai,1815,1782218708.0059814,,,
4959,0,svm,max,balanced,cached_mxbai,1816,1782218708.196739,,,
8619,0,svm,max,balanced,cached_mxbai,1817,1782218708.3882291,,,
5799,0,svm,max,balanced,cached_mxbai,1818,1782218708.5813012,,,
3811,0,svm,max,balanced,cached_mxbai,1819,1782218708.7810574,,,
2021,0,svm,max,balanced,cached_mxbai,1820,1782218708.975377,,,
4627,0,svm,max,balanced,cached_mxbai,1821,1782218709.1657507,,,
5139,0,svm,max,balanced,cached_mxbai,1822,1782218709.3570552,,,
4097,0,svm,max,balanced,cached_mxbai,1823,1782218709.5501199,,,
4482,0,svm,max,balanced,cached_mxbai,1824,1782218709.7421088,,,
5080,0,svm,max,balanced,cached_mxbai,1825,1782218709.9355955,,,
5452,0,svm,max,balanced,cached_mxbai,1826,1782218710.1291819,,,
5519,0,svm,max,balanced,cached_mxbai,1827,1782218710.321502,,,
6357,0,svm,max,balanced,cached_mxbai,1828,1782218710.5162091,,,
9849,0,svm,max,balanced,cached_mxbai,1829,1782218710.7132826,,,
3921,0,svm,max,balanced,cached_mxbai,1830,1782218710.9071207,,,
52,0,svm,max,balanced,cached_mxbai,1831,1782218711.1018343,,,
5881,0,svm,max,balanced,cached_mxbai,1832,1782218711.2939627,,,
3729,0,svm,max,balanced,cached_mxbai,1833,1782218711.4801612,,,
8979,0,svm,max,balanced,cached_mxbai,1834,1782218711.6701703,,,
92,0,svm,max,balanced,cached_mxbai,1835,1782218711.85938,,,
4759,0,svm,max,balanced,cached_mxbai,1836,1782218712.0528545,,,
1143,0,svm,max,balanced,cached_mxbai,1837,1782218712.243069,,,
8191,0,svm,max,balanced,cached_mxbai,1838,1782218712.4355884,,,
10235,0,svm,max,balanced,cached_mxbai,1839,1782218712.6297972,,,
4682,0,svm,max,balanced,cached_mxbai,1840,1782218712.8336012,,,
9113,0,svm,max,balanced,cached_mxbai,1841,1782218713.0311494,,,
1032,0,svm,max,balanced,cached_mxbai,1842,1782218713.22395,,,
7257,0,svm,max,balanced,cached_mxbai,1843,1782218713.413793,,,
7155,0,svm,max,balanced,cached_mxbai,1844,1782218713.6017606,,,
5045,0,svm,max,balanced,cached_mxbai,1845,1782218713.7893095,,,
3331,0,svm,max,balanced,cached_mxbai,1846,1782218713.9786987,,,
3809,0,svm,max,balanced,cached_mxbai,1847,1782218714.1683917,,,
3724,0,svm,max,balanced,cached_mxbai,1848,1782218714.3575654,,,
4741,0,svm,max,balanced,cached_mxbai,1849,1782218714.542842,,,
4737,0,svm,max,balanced,cached_mxbai,1850,1782218714.7294025,,,
7199,0,svm,max,balanced,cached_mxbai,1851,1782218714.9164138,,,
229,0,svm,max,balanced,cached_mxbai,1852,1782218715.114226,,,
7058,0,svm,max,balanced,cached_mxbai,1853,1782218715.3323877,,,
10034,0,svm,max,balanced,cached_mxbai,1854,1782218715.5186713,,,
7717,0,svm,max,balanced,cached_mxbai,1855,1782218715.7047362,,,
1641,0,svm,max,balanced,cached_mxbai,1856,1782218715.8994796,,,
4394,0,svm,max,balanced,cached_mxbai,1857,1782218716.084812,,,
8430,0,svm,max,balanced,cached_mxbai,1858,1782218716.2738519,,,
9299,0,svm,max,balanced,cached_mxbai,1859,1782218716.461077,,,
1863,0,svm,max,balanced,cached_mxbai,1860,1782218716.6481903,,,
78,0,svm,max,balanced,cached_mxbai,1861,1782218716.8355477,,,
7050,0,svm,max,balanced,cached_mxbai,1862,1782218717.022216,,,
4987,0,svm,max,balanced,cached_mxbai,1863,1782218717.2083464,,,
7683,0,svm,max,balanced,cached_mxbai,1864,1782218717.3952725,,,
7178,0,svm,max,balanced,cached_mxbai,1865,1782218717.58265,,,
4689,0,svm,max,balanced,cached_mxbai,1866,1782218717.7694314,,,
1131,0,svm,max,balanced,cached_mxbai,1867,1782218717.9562023,,,
1084,0,svm,max,balanced,cached_mxbai,1868,1782218718.141595,,,
6822,0,svm,max,balanced,cached_mxbai,1869,1782218718.328607,,,
124,0,svm,max,balanced,cached_mxbai,1870,1782218718.5142312,,,
4963,0,svm,max,balanced,cached_mxbai,1871,1782218718.7013087,,,
10422,0,svm,max,balanced,cached_mxbai,1872,1782218718.891317,,,
7418,0,svm,max,balanced,cached_mxbai,1873,1782218719.0787227,,,
4608,0,svm,max,balanced,cached_mxbai,1874,1782218719.2648728,,,
7233,0,svm,max,balanced,cached_mxbai,1875,1782218719.4528387,,,
7000,0,svm,max,balanced,cached_mxbai,1876,1782218719.6409554,,,
7363,0,svm,max,balanced,cached_mxbai,1877,1782218719.828801,,,
5862,0,svm,max,balanced,cached_mxbai,1878,1782218720.0179362,,,
3152,0,svm,max,balanced,cached_mxbai,1879,1782218720.20796,,,
3776,0,svm,max,balanced,cached_mxbai,1880,1782218720.3965335,,,
5759,0,svm,max,balanced,cached_mxbai,1881,1782218720.5847623,,,
1370,0,svm,max,balanced,cached_mxbai,1882,1782218720.7756991,,,
8996,0,svm,max,balanced,cached_mxbai,1883,1782218720.9649675,,,
7697,0,svm,max,balanced,cached_mxbai,1884,1782218721.1536338,,,
80,0,svm,max,balanced,cached_mxbai,1885,1782218721.346163,,,
5084,0,svm,max,balanced,cached_mxbai,1886,1782218721.5353525,,,
3400,0,svm,max,balanced,cached_mxbai,1887,1782218721.7244325,,,
4745,0,svm,max,balanced,cached_mxbai,1888,1782218721.9143412,,,
6431,0,svm,max,balanced,cached_mxbai,1889,1782218722.1080604,,,
9704,0,svm,max,balanced,cached_mxbai,1890,1782218722.300601,,,
5119,0,svm,max,balanced,cached_mxbai,1891,1782218722.4943159,,,
5592,0,svm,max,balanced,cached_mxbai,1892,1782218722.6845922,,,
7318,0,svm,max,balanced,cached_mxbai,1893,1782218722.8788521,,,
5043,0,svm,max,balanced,cached_mxbai,1894,1782218723.075061,,,
6060,0,svm,max,balanced,cached_mxbai,1895,1782218723.268833,,,
7077,0,svm,max,balanced,cached_mxbai,1896,1782218723.4630342,,,
2319,0,svm,max,balanced,cached_mxbai,1897,1782218723.6613626,,,
9369,0,svm,max,balanced,cached_mxbai,1898,1782218723.8569334,,,
806,0,svm,max,balanced,cached_mxbai,1899,1782218724.0543334,,,
4493,0,svm,max,balanced,cached_mxbai,1900,1782218724.256934,,,
6153,0,svm,max,balanced,cached_mxbai,1901,1782218724.4589405,,,
3211,0,svm,max,balanced,cached_mxbai,1902,1782218724.663645,,,
10446,0,svm,max,balanced,cached_mxbai,1903,1782218724.8687074,,,
3709,0,svm,max,balanced,cached_mxbai,1904,1782218725.0836189,,,
2773,0,svm,max,balanced,cached_mxbai,1905,1782218725.3067362,,,
4617,0,svm,max,balanced,cached_mxbai,1906,1782218725.510293,,,
5231,0,svm,max,balanced,cached_mxbai,1907,1782218725.7121239,,,
3602,0,svm,max,balanced,cached_mxbai,1908,1782218725.917756,,,
5087,0,svm,max,balanced,cached_mxbai,1909,1782218726.122193,,,
5842,0,svm,max,balanced,cached_mxbai,1910,1782218726.3244932,,,
8210,0,svm,max,balanced,cached_mxbai,1911,1782218726.525106,,,
4660,0,svm,max,balanced,cached_mxbai,1912,1782218726.72811,,,
1502,0,svm,max,balanced,cached_mxbai,1913,1782218726.9312794,,,
3753,0,svm,max,balanced,cached_mxbai,1914,1782218727.1341076,,,
9370,0,svm,max,balanced,cached_mxbai,1915,1782218727.337219,,,
7091,0,svm,max,balanced,cached_mxbai,1916,1782218727.5398955,,,
5129,0,svm,max,balanced,cached_mxbai,1917,1782218727.7394528,,,
8105,0,svm,max,balanced,cached_mxbai,1918,1782218727.9414845,,,
3998,0,svm,max,balanced,cached_mxbai,1919,1782218728.14457,,,
6216,0,svm,max,balanced,cached_mxbai,1920,1782218728.3483028,,,
4175,0,svm,max,balanced,cached_mxbai,1921,1782218728.5461345,,,
809,0,svm,max,balanced,cached_mxbai,1922,1782218728.7485788,,,
1566,0,svm,max,balanced,cached_mxbai,1923,1782218728.956697,,,
2473,0,svm,max,balanced,cached_mxbai,1924,1782218729.1582215,,,
10252,0,svm,max,balanced,cached_mxbai,1925,1782218729.3603356,,,
4437,0,svm,max,balanced,cached_mxbai,1926,1782218729.5615282,,,
5136,0,svm,max,balanced,cached_mxbai,1927,1782218729.7657137,,,
422,0,svm,max,balanced,cached_mxbai,1928,1782218729.9680908,,,
1808,0,svm,max,balanced,cached_mxbai,1929,1782218730.1689477,,,
1040,0,svm,max,balanced,cached_mxbai,1930,1782218730.3726504,,,
3549,0,svm,max,balanced,cached_mxbai,1931,1782218730.5754662,,,
2819,0,svm,max,balanced,cached_mxbai,1932,1782218730.781386,,,
6390,0,svm,max,balanced,cached_mxbai,1933,1782218730.9863348,,,
7950,0,svm,max,balanced,cached_mxbai,1934,1782218731.1887932,,,
7891,0,svm,max,balanced,cached_mxbai,1935,1782218731.3927295,,,
4477,0,svm,max,balanced,cached_mxbai,1936,1782218731.59651,,,
8024,0,svm,max,balanced,cached_mxbai,1937,1782218731.80186,,,
8337,0,svm,max,balanced,cached_mxbai,1938,1782218732.0053694,,,
9603,0,svm,max,balanced,cached_mxbai,1939,1782218732.2115643,,,
6616,0,svm,max,balanced,cached_mxbai,1940,1782218732.4153507,,,
8367,0,svm,max,balanced,cached_mxbai,1941,1782218732.6214855,,,
242,0,svm,max,balanced,cached_mxbai,1942,1782218732.8315976,,,
4843,0,svm,max,balanced,cached_mxbai,1943,1782218733.0392282,,,
8610,0,svm,max,balanced,cached_mxbai,1944,1782218733.244189,,,
10120,0,svm,max,balanced,cached_mxbai,1945,1782218733.4485562,,,
4344,0,svm,max,balanced,cached_mxbai,1946,1782218733.6486185,,,
9572,0,svm,max,balanced,cached_mxbai,1947,1782218733.851209,,,
7369,0,svm,max,balanced,cached_mxbai,1948,1782218734.0538955,,,
10557,0,svm,max,balanced,cached_mxbai,1949,1782218734.2550478,,,
4211,0,svm,max,balanced,cached_mxbai,1950,1782218734.4504566,,,
5310,0,svm,max,balanced,cached_mxbai,1951,1782218734.6453087,,,
6478,0,svm,max,balanced,cached_mxbai,1952,1782218734.8478193,,,
3412,0,svm,max,balanced,cached_mxbai,1953,1782218735.0498495,,,
3364,0,svm,max,balanced,cached_mxbai,1954,1782218735.2644875,,,
3285,0,svm,max,balanced,cached_mxbai,1955,1782218735.4694793,,,
4823,0,svm,max,balanced,cached_mxbai,1956,1782218735.6695986,,,
4150,0,svm,max,balanced,cached_mxbai,1957,1782218735.875758,,,
5205,0,svm,max,balanced,cached_mxbai,1958,1782218736.0846188,,,
5696,0,svm,max,balanced,cached_mxbai,1959,1782218736.2856472,,,
7550,0,svm,max,balanced,cached_mxbai,1960,1782218736.4832041,,,
5042,0,svm,max,balanced,cached_mxbai,1961,1782218736.6815445,,,
5178,0,svm,max,balanced,cached_mxbai,1962,1782218736.8821118,,,
2293,0,svm,max,balanced,cached_mxbai,1963,1782218737.084204,,,
7276,0,svm,max,balanced,cached_mxbai,1964,1782218737.2844052,,,
8088,1,svm,max,balanced,cached_mxbai,1965,1782218737.4824934,,,
6045,0,svm,max,balanced,cached_mxbai,1966,1782218737.6816003,,,
9457,0,svm,max,balanced,cached_mxbai,1967,1782218737.8825054,,,
4325,0,svm,max,balanced,cached_mxbai,1968,1782218738.081699,,,
6284,0,svm,max,balanced,cached_mxbai,1969,1782218738.2818909,,,
1439,0,svm,max,balanced,cached_mxbai,1970,1782218738.4824162,,,
3495,0,svm,max,balanced,cached_mxbai,1971,1782218738.6830573,,,
8717,0,svm,max,balanced,cached_mxbai,1972,1782218738.889625,,,
9804,0,svm,max,balanced,cached_mxbai,1973,1782218739.091685,,,
4576,0,svm,max,balanced,cached_mxbai,1974,1782218739.3116174,,,
66,0,svm,max,balanced,cached_mxbai,1975,1782218739.536831,,,
3705,0,svm,max,balanced,cached_mxbai,1976,1782218739.761714,,,
8770,0,svm,max,balanced,cached_mxbai,1977,1782218739.990536,,,
4806,0,svm,max,balanced,cached_mxbai,1978,1782218740.1946487,,,
1022,0,svm,max,balanced,cached_mxbai,1979,1782218740.4013488,,,
3233,0,svm,max,balanced,cached_mxbai,1980,1782218740.6095986,,,
1594,0,svm,max,balanced,cached_mxbai,1981,1782218740.8144832,,,
4123,0,svm,max,balanced,cached_mxbai,1982,1782218741.0211287,,,
5562,0,svm,max,balanced,cached_mxbai,1983,1782218741.2275057,,,
4269,0,svm,max,balanced,cached_mxbai,1984,1782218741.430249,,,
1093,0,svm,max,balanced,cached_mxbai,1985,1782218741.6371052,,,
3606,0,svm,max,balanced,cached_mxbai,1986,1782218741.8405967,,,
1926,0,svm,max,balanced,cached_mxbai,1987,1782218742.0451543,,,
9321,0,svm,max,balanced,cached_mxbai,1988,1782218742.2474782,,,
9277,0,svm,max,balanced,cached_mxbai,1989,1782218742.453222,,,
8194,0,svm,max,balanced,cached_mxbai,1990,1782218742.674091,,,
7312,0,svm,max,balanced,cached_mxbai,1991,1782218742.8773088,,,
3346,0,svm,max,balanced,cached_mxbai,1992,1782218743.0820737,,,
8335,0,svm,max,balanced,cached_mxbai,1993,1782218743.285814,,,
6989,0,svm,max,balanced,cached_mxbai,1994,1782218743.492226,,,
6353,0,svm,max,balanced,cached_mxbai,1995,1782218743.6951156,,,
4550,0,svm,max,balanced,cached_mxbai,1996,1782218743.899687,,,
1486,0,svm,max,balanced,cached_mxbai,1997,1782218744.1052878,,,
10006,0,svm,max,balanced,cached_mxbai,1998,1782218744.31147,,,
5255,0,svm,max,balanced,cached_mxbai,1999,1782218744.5180006,,,
2373,0,svm,max,balanced,cached_mxbai,2000,1782218744.7248871,,,
3264,0,svm,max,balanced,cached_mxbai,2001,1782218744.9341192,,,
5734,0,svm,max,balanced,cached_mxbai,2002,1782218745.143247,,,
1006,0,svm,max,balanced,cached_mxbai,2003,1782218745.373263,,,
3496,0,svm,max,balanced,cached_mxbai,2004,1782218745.581862,,,
4855,0,svm,max,balanced,cached_mxbai,2005,1782218745.796858,,,
6462,0,svm,max,balanced,cached_mxbai,2006,1782218746.0104601,,,
6185,0,svm,max,balanced,cached_mxbai,2007,1782218746.2190008,,,
38,0,svm,max,balanced,cached_mxbai,2008,1782218746.4269474,,,
8554,0,svm,max,balanced,cached_mxbai,2009,1782218746.6351125,,,
7374,0,svm,max,balanced,cached_mxbai,2010,1782218746.8412755,,,
2892,0,svm,max,balanced,cached_mxbai,2011,1782218747.049251,,,
4186,0,svm,max,balanced,cached_mxbai,2012,1782218747.253635,,,
95,0,svm,max,balanced,cached_mxbai,2013,1782218747.4603035,,,
365,0,svm,max,balanced,cached_mxbai,2014,1782218747.6683078,,,
1761,0,svm,max,balanced,cached_mxbai,2015,1782218747.873967,,,
9877,0,svm,max,balanced,cached_mxbai,2016,1782218748.080777,,,
4810,0,svm,max,balanced,cached_mxbai,2017,1782218748.2850473,,,
672,0,svm,max,balanced,cached_mxbai,2018,1782218748.4879122,,,
8761,0,svm,max,balanced,cached_mxbai,2019,1782218748.700656,,,
9473,0,svm,max,balanced,cached_mxbai,2020,1782218748.9121366,,,
5007,0,svm,max,balanced,cached_mxbai,2021,1782218749.1228669,,,
7099,0,svm,max,balanced,cached_mxbai,2022,1782218749.3311853,,,
3274,0,svm,max,balanced,cached_mxbai,2023,1782218749.536812,,,
4857,0,svm,max,balanced,cached_mxbai,2024,1782218749.7421505,,,
6976,0,svm,max,balanced,cached_mxbai,2025,1782218749.9495149,,,
8388,0,svm,max,balanced,cached_mxbai,2026,1782218750.1571198,,,
3683,0,svm,max,balanced,cached_mxbai,2027,1782218750.3593168,,,
2040,0,svm,max,balanced,cached_mxbai,2028,1782218750.5618012,,,
6359,0,svm,max,balanced,cached_mxbai,2029,1782218750.7632096,,,
4852,0,svm,max,balanced,cached_mxbai,2030,1782218750.9667308,,,
9733,0,svm,max,balanced,cached_mxbai,2031,1782218751.1698277,,,
3700,0,svm,max,balanced,cached_mxbai,2032,1782218751.3774288,,,
2184,0,svm,max,balanced,cached_mxbai,2033,1782218751.5832653,,,
5971,0,svm,max,balanced,cached_mxbai,2034,1782218751.7846384,,,
4525,0,svm,max,balanced,cached_mxbai,2035,1782218751.9889326,,,
4581,0,svm,max,balanced,cached_mxbai,2036,1782218752.1928937,,,
1896,0,svm,max,balanced,cached_mxbai,2037,1782218752.3959768,,,
9144,0,svm,max,balanced,cached_mxbai,2038,1782218752.6006167,,,
4731,0,svm,max,balanced,cached_mxbai,2039,1782218752.801327,,,
3245,0,svm,max,balanced,cached_mxbai,2040,1782218753.006144,,,
5462,0,svm,max,balanced,cached_mxbai,2041,1782218753.2073936,,,
6424,0,svm,max,balanced,cached_mxbai,2042,1782218753.4106362,,,
8504,0,svm,max,balanced,cached_mxbai,2043,1782218753.6184301,,,
5068,0,svm,max,balanced,cached_mxbai,2044,1782218753.817573,,,
4082,0,svm,max,balanced,cached_mxbai,2045,1782218754.0216453,,,
4929,0,svm,max,balanced,cached_mxbai,2046,1782218754.2244277,,,
1546,0,svm,max,balanced,cached_mxbai,2047,1782218754.434291,,,
6899,0,svm,max,balanced,cached_mxbai,2048,1782218754.6782987,,,
7446,0,svm,max,balanced,cached_mxbai,2049,1782218754.9176137,,,
4183,0,svm,max,balanced,cached_mxbai,2050,1782218755.164684,,,
3867,0,svm,max,balanced,cached_mxbai,2051,1782218755.4320364,,,
4329,0,svm,max,balanced,cached_mxbai,2052,1782218755.6780782,,,
3232,0,svm,max,balanced,cached_mxbai,2053,1782218755.9195344,,,
8322,0,svm,max,balanced,cached_mxbai,2054,1782218756.163392,,,
8583,0,svm,max,balanced,cached_mxbai,2055,1782218756.4069996,,,
8111,0,svm,max,balanced,cached_mxbai,2056,1782218756.6530783,,,
826,0,svm,max,balanced,cached_mxbai,2057,1782218756.8923016,,,
10403,0,svm,max,balanced,cached_mxbai,2058,1782218757.146554,,,
3419,0,svm,max,balanced,cached_mxbai,2059,1782218757.3903627,,,
4596,0,svm,max,balanced,cached_mxbai,2060,1782218757.6329134,,,
3054,0,svm,max,balanced,cached_mxbai,2061,1782218757.8758004,,,
7061,0,svm,max,balanced,cached_mxbai,2062,1782218758.1184716,,,
6286,0,svm,max,balanced,cached_mxbai,2063,1782218758.3588657,,,
4730,0,svm,max,balanced,cached_mxbai,2064,1782218758.6056752,,,
4407,0,svm,max,balanced,cached_mxbai,2065,1782218758.8536727,,,
8082,0,svm,max,balanced,cached_mxbai,2066,1782218759.0964165,,,
5104,0,svm,max,balanced,cached_mxbai,2067,1782218759.3364859,,,
3210,0,svm,max,balanced,cached_mxbai,2068,1782218759.5767283,,,
8283,0,svm,max,balanced,cached_mxbai,2069,1782218759.8168335,,,
3213,0,svm,max,balanced,cached_mxbai,2070,1782218760.0771701,,,
4755,0,svm,max,balanced,cached_mxbai,2071,1782218760.3254201,,,
5463,0,svm,max,balanced,cached_mxbai,2072,1782218760.5735517,,,
5114,0,svm,max,balanced,cached_mxbai,2073,1782218760.8171742,,,
1073,0,svm,max,balanced,cached_mxbai,2074,1782218761.0622027,,,
4286,0,svm,max,balanced,cached_mxbai,2075,1782218761.3097095,,,
64,0,svm,max,balanced,cached_mxbai,2076,1782218761.554131,,,
2121,0,svm,max,balanced,cached_mxbai,2077,1782218761.798106,,,
3622,0,svm,max,balanced,cached_mxbai,2078,1782218762.0411396,,,
1914,0,svm,max,balanced,cached_mxbai,2079,1782218762.2848215,,,
5005,0,svm,max,balanced,cached_mxbai,2080,1782218762.529676,,,
3993,0,svm,max,balanced,cached_mxbai,2081,1782218762.7728772,,,
7304,0,svm,max,balanced,cached_mxbai,2082,1782218763.0204508,,,
417,0,svm,max,balanced,cached_mxbai,2083,1782218763.2633955,,,
5466,0,svm,max,balanced,cached_mxbai,2084,1782218763.5044048,,,
6765,0,svm,max,balanced,cached_mxbai,2085,1782218763.7465765,,,
121,0,svm,max,balanced,cached_mxbai,2086,1782218763.9903212,,,
9611,0,svm,max,balanced,cached_mxbai,2087,1782218764.2350807,,,
5295,0,svm,max,balanced,cached_mxbai,2088,1782218764.480523,,,
3403,0,svm,max,balanced,cached_mxbai,2089,1782218764.727319,,,
4276,0,svm,max,balanced,cached_mxbai,2090,1782218764.9718318,,,
3497,0,svm,max,balanced,cached_mxbai,2091,1782218765.2332308,,,
5003,0,svm,max,balanced,cached_mxbai,2092,1782218765.4984024,,,
7130,0,svm,max,balanced,cached_mxbai,2093,1782218765.7428205,,,
9472,0,svm,max,balanced,cached_mxbai,2094,1782218765.983052,,,
919,0,svm,max,balanced,cached_mxbai,2095,1782218766.2271037,,,
2948,0,svm,max,balanced,cached_mxbai,2096,1782218766.4754415,,,
5163,0,svm,max,balanced,cached_mxbai,2097,1782218766.7200062,,,
10491,0,svm,max,balanced,cached_mxbai,2098,1782218766.9641361,,,
9741,0,svm,max,balanced,cached_mxbai,2099,1782218767.209606,,,
7951,0,svm,max,balanced,cached_mxbai,2100,1782218767.4529235,,,
8370,0,svm,max,balanced,cached_mxbai,2101,1782218767.6950667,,,
4444,0,svm,max,balanced,cached_mxbai,2102,1782218767.9408164,,,
1351,0,svm,max,balanced,cached_mxbai,2103,1782218768.1872578,,,
3764,0,svm,max,balanced,cached_mxbai,2104,1782218768.430804,,,
4876,0,svm,max,balanced,cached_mxbai,2105,1782218768.6754327,,,
2421,0,svm,max,balanced,cached_mxbai,2106,1782218768.9210887,,,
4282,0,svm,max,balanced,cached_mxbai,2107,1782218769.1612885,,,
6546,0,svm,max,balanced,cached_mxbai,2108,1782218769.4124968,,,
1490,0,svm,max,balanced,cached_mxbai,2109,1782218769.6589115,,,
8488,0,svm,max,balanced,cached_mxbai,2110,1782218769.9063632,,,
4251,0,svm,max,balanced,cached_mxbai,2111,1782218770.1672409,,,
9559,0,svm,max,balanced,cached_mxbai,2112,1782218770.4151292,,,
9089,0,svm,max,balanced,cached_mxbai,2113,1782218770.661726,,,
8263,0,svm,max,balanced,cached_mxbai,2114,1782218770.9080255,,,
4861,0,svm,max,balanced,cached_mxbai,2115,1782218771.1533093,,,
4370,0,svm,max,balanced,cached_mxbai,2116,1782218771.39895,,,
4747,0,svm,max,balanced,cached_mxbai,2117,1782218771.643808,,,
4242,0,svm,max,balanced,cached_mxbai,2118,1782218771.889555,,,
6310,0,svm,max,balanced,cached_mxbai,2119,1782218772.1396132,,,
8462,0,svm,max,balanced,cached_mxbai,2120,1782218772.3871393,,,
4348,0,svm,max,balanced,cached_mxbai,2121,1782218772.634803,,,
1604,0,svm,max,balanced,cached_mxbai,2122,1782218772.880836,,,
5549,0,svm,max,balanced,cached_mxbai,2123,1782218773.1281798,,,
2690,0,svm,max,balanced,cached_mxbai,2124,1782218773.3818278,,,
244,0,svm,max,balanced,cached_mxbai,2125,1782218773.6368744,,,
8833,0,svm,max,balanced,cached_mxbai,2126,1782218773.8864396,,,
5044,0,svm,max,balanced,cached_mxbai,2127,1782218774.135986,,,
3704,0,svm,max,balanced,cached_mxbai,2128,1782218774.387045,,,
2702,0,svm,max,balanced,cached_mxbai,2129,1782218774.6389067,,,
3604,0,svm,max,balanced,cached_mxbai,2130,1782218774.8893378,,,
5203,0,svm,max,balanced,cached_mxbai,2131,1782218775.1489232,,,
4132,0,svm,max,balanced,cached_mxbai,2132,1782218775.439306,,,
5048,0,svm,max,balanced,cached_mxbai,2133,1782218775.6962216,,,
3637,0,svm,max,balanced,cached_mxbai,2134,1782218775.9490595,,,
4022,0,svm,max,balanced,cached_mxbai,2135,1782218776.2001815,,,
7733,0,svm,max,balanced,cached_mxbai,2136,1782218776.45498,,,
4335,0,svm,max,balanced,cached_mxbai,2137,1782218776.7080026,,,
10210,0,svm,max,balanced,cached_mxbai,2138,1782218776.9564958,,,
1178,0,svm,max,balanced,cached_mxbai,2139,1782218777.2079852,,,
6105,0,svm,max,balanced,cached_mxbai,2140,1782218777.4871888,,,
5140,0,svm,max,balanced,cached_mxbai,2141,1782218777.7417443,,,
9856,0,svm,max,balanced,cached_mxbai,2142,1782218778.0210466,,,
4462,0,svm,max,balanced,cached_mxbai,2143,1782218778.2775548,,,
7495,0,svm,max,balanced,cached_mxbai,2144,1782218778.5344281,,,
951,0,svm,max,balanced,cached_mxbai,2145,1782218778.8043234,,,
3062,0,svm,max,balanced,cached_mxbai,2146,1782218779.057045,,,
2544,0,svm,max,balanced,cached_mxbai,2147,1782218779.3240037,,,
4917,0,svm,max,balanced,cached_mxbai,2148,1782218779.5947855,,,
7552,0,svm,max,balanced,cached_mxbai,2149,1782218779.8479412,,,
6654,0,svm,max,balanced,cached_mxbai,2150,1782218780.102599,,,
3570,0,svm,max,balanced,cached_mxbai,2151,1782218780.358886,,,
3710,0,svm,max,balanced,cached_mxbai,2152,1782218780.6123316,,,
669,0,svm,max,balanced,cached_mxbai,2153,1782218780.86783,,,
8832,1,svm,max,balanced,cached_mxbai,2154,1782218781.1269135,,,
7776,0,svm,max,balanced,cached_mxbai,2155,1782218781.3877466,,,
6988,0,svm,max,balanced,cached_mxbai,2156,1782218781.6548836,,,
288,0,svm,max,balanced,cached_mxbai,2157,1782218781.905882,,,
8920,0,svm,max,balanced,cached_mxbai,2158,1782218782.1576126,,,
7258,0,svm,max,balanced,cached_mxbai,2159,1782218782.4130964,,,
8190,0,svm,max,balanced,cached_mxbai,2160,1782218782.6694345,,,
9292,0,svm,max,balanced,cached_mxbai,2161,1782218782.9301789,,,
4585,0,svm,max,balanced,cached_mxbai,2162,1782218783.1879277,,,
4979,0,svm,max,balanced,cached_mxbai,2163,1782218783.4495473,,,
3673,0,svm,max,balanced,cached_mxbai,2164,1782218783.7109084,,,
1606,0,svm,max,balanced,cached_mxbai,2165,1782218783.970261,,,
7127,0,svm,max,balanced,cached_mxbai,2166,1782218784.2329392,,,
4212,0,svm,max,balanced,cached_mxbai,2167,1782218784.495168,,,
3430,0,svm,max,balanced,cached_mxbai,2168,1782218784.7648206,,,
4775,0,svm,max,balanced,cached_mxbai,2169,1782218785.03205,,,
3842,0,svm,max,balanced,cached_mxbai,2170,1782218785.313258,,,
3108,0,svm,max,balanced,cached_mxbai,2171,1782218785.5746706,,,
7186,0,svm,max,balanced,cached_mxbai,2172,1782218785.8343718,,,
6276,0,svm,max,balanced,cached_mxbai,2173,1782218786.0962436,,,
10281,0,svm,max,balanced,cached_mxbai,2174,1782218786.3602931,,,
1446,0,svm,max,balanced,cached_mxbai,2175,1782218786.6230807,,,
9602,0,svm,max,balanced,cached_mxbai,2176,1782218786.8834991,,,
5097,0,svm,max,balanced,cached_mxbai,2177,1782218787.1438966,,,
4877,0,svm,max,balanced,cached_mxbai,2178,1782218787.4045827,,,
222,0,svm,max,balanced,cached_mxbai,2179,1782218787.6655447,,,
1465,0,svm,max,balanced,cached_mxbai,2180,1782218787.9273875,,,
3980,0,svm,max,balanced,cached_mxbai,2181,1782218788.1744862,,,
10119,0,svm,max,balanced,cached_mxbai,2182,1782218788.4258852,,,
9011,0,svm,max,balanced,cached_mxbai,2183,1782218788.6772127,,,
4115,0,svm,max,balanced,cached_mxbai,2184,1782218788.9337673,,,
653,0,svm,max,balanced,cached_mxbai,2185,1782218789.1830225,,,
3947,0,svm,max,balanced,cached_mxbai,2186,1782218789.4356189,,,
9195,0,svm,max,balanced,cached_mxbai,2187,1782218789.684166,,,
267,0,svm,max,balanced,cached_mxbai,2188,1782218789.9344277,,,
5033,0,svm,max,balanced,cached_mxbai,2189,1782218790.1846118,,,
3551,0,svm,max,balanced,cached_mxbai,2190,1782218790.4336147,,,
1253,0,svm,max,balanced,cached_mxbai,2191,1782218790.6826785,,,
8073,0,svm,max,balanced,cached_mxbai,2192,1782218790.9322696,,,
2557,0,svm,max,balanced,cached_mxbai,2193,1782218791.1841872,,,
8831,0,svm,max,balanced,cached_mxbai,2194,1782218791.4346523,,,
7917,0,svm,max,balanced,cached_mxbai,2195,1782218791.6828434,,,
3715,0,svm,max,balanced,cached_mxbai,2196,1782218791.9306047,,,
4844,0,svm,max,balanced,cached_mxbai,2197,1782218792.178221,,,
8265,0,svm,max,balanced,cached_mxbai,2198,1782218792.4308286,,,
9206,0,svm,max,balanced,cached_mxbai,2199,1782218792.6781645,,,
7230,0,svm,max,balanced,cached_mxbai,2200,1782218792.930284,,,
3272,0,svm,max,balanced,cached_mxbai,2201,1782218793.179856,,,
4825,0,svm,max,balanced,cached_mxbai,2202,1782218793.4309635,,,
9688,0,svm,max,balanced,cached_mxbai,2203,1782218793.6774573,,,
7048,0,svm,max,balanced,cached_mxbai,2204,1782218793.9280343,,,
8816,0,svm,max,balanced,cached_mxbai,2205,1782218794.1783056,,,
10129,0,svm,max,balanced,cached_mxbai,2206,1782218794.4334247,,,
45,0,svm,max,balanced,cached_mxbai,2207,1782218794.682688,,,
7560,0,svm,max,balanced,cached_mxbai,2208,1782218794.9346194,,,
8436,0,svm,max,balanced,cached_mxbai,2209,1782218795.1929443,,,
3745,0,svm,max,balanced,cached_mxbai,2210,1782218795.4705384,,,
4094,0,svm,max,balanced,cached_mxbai,2211,1782218795.7201385,,,
7101,0,svm,max,balanced,cached_mxbai,2212,1782218795.9742904,,,
2461,0,svm,max,balanced,cached_mxbai,2213,1782218796.2250454,,,
5041,0,svm,max,balanced,cached_mxbai,2214,1782218796.4796638,,,
7507,0,svm,max,balanced,cached_mxbai,2215,1782218796.7310803,,,
5444,0,svm,max,balanced,cached_mxbai,2216,1782218796.9832842,,,
1429,0,svm,max,balanced,cached_mxbai,2217,1782218797.2332237,,,
5157,0,svm,max,balanced,cached_mxbai,2218,1782218797.4879465,,,
4814,0,svm,max,balanced,cached_mxbai,2219,1782218797.7411034,,,
8555,0,svm,max,balanced,cached_mxbai,2220,1782218797.993577,,,
4935,0,svm,max,balanced,cached_mxbai,2221,1782218798.2448506,,,
747,0,svm,max,balanced,cached_mxbai,2222,1782218798.4991186,,,
448,0,svm,max,balanced,cached_mxbai,2223,1782218798.7528799,,,
8657,0,svm,max,balanced,cached_mxbai,2224,1782218799.0082207,,,
6531,0,svm,max,balanced,cached_mxbai,2225,1782218799.2598493,,,
3949,0,svm,max,balanced,cached_mxbai,2226,1782218799.5155618,,,
4880,0,svm,max,balanced,cached_mxbai,2227,1782218799.7687404,,,
4287,0,svm,max,balanced,cached_mxbai,2228,1782218800.0225785,,,
3887,0,svm,max,balanced,cached_mxbai,2229,1782218800.2771554,,,
5595,0,svm,max,balanced,cached_mxbai,2230,1782218800.541412,,,
4774,0,svm,max,balanced,cached_mxbai,2231,1782218800.796847,,,
5712,0,svm,max,balanced,cached_mxbai,2232,1782218801.05773,,,
4604,0,svm,max,balanced,cached_mxbai,2233,1782218801.320276,,,
8680,0,svm,max,balanced,cached_mxbai,2234,1782218801.587446,,,
7324,0,svm,max,balanced,cached_mxbai,2235,1782218801.8512912,,,
1086,0,svm,max,balanced,cached_mxbai,2236,1782218802.115896,,,
6170,0,svm,max,balanced,cached_mxbai,2237,1782218802.3783035,,,
665,0,svm,max,balanced,cached_mxbai,2238,1782218802.645018,,,
4931,0,svm,max,balanced,cached_mxbai,2239,1782218802.9082541,,,
6230,0,svm,max,balanced,cached_mxbai,2240,1782218803.170112,,,
5142,0,svm,max,balanced,cached_mxbai,2241,1782218803.4282591,,,
5354,0,svm,max,balanced,cached_mxbai,2242,1782218803.6898735,,,
8031,0,svm,max,balanced,cached_mxbai,2243,1782218803.950954,,,
7609,0,svm,max,balanced,cached_mxbai,2244,1782218804.2125995,,,
5037,0,svm,max,balanced,cached_mxbai,2245,1782218804.4825718,,,
3514,0,svm,max,balanced,cached_mxbai,2246,1782218804.7473233,,,
1930,0,svm,max,balanced,cached_mxbai,2247,1782218805.0184681,,,
1315,0,svm,max,balanced,cached_mxbai,2248,1782218805.299267,,,
4909,0,svm,max,balanced,cached_mxbai,2249,1782218805.5730507,,,
3626,0,svm,max,balanced,cached_mxbai,2250,1782218805.8401413,,,
9659,0,svm,max,balanced,cached_mxbai,2251,1782218806.1025233,,,
6425,0,svm,max,balanced,cached_mxbai,2252,1782218806.3656125,,,
7773,0,svm,max,balanced,cached_mxbai,2253,1782218806.6301281,,,
3855,0,svm,max,balanced,cached_mxbai,2254,1782218806.8983727,,,
7931,0,svm,max,balanced,cached_mxbai,2255,1782218807.163915,,,
4129,0,svm,max,balanced,cached_mxbai,2256,1782218807.428485,,,
3825,0,svm,max,balanced,cached_mxbai,2257,1782218807.6980717,,,
1739,0,svm,max,balanced,cached_mxbai,2258,1782218807.963709,,,
4,0,svm,max,balanced,cached_mxbai,2259,1782218808.227528,,,
10386,0,svm,max,balanced,cached_mxbai,2260,1782218808.4991264,,,
3607,0,svm,max,balanced,cached_mxbai,2261,1782218808.7763052,,,
4366,0,svm,max,balanced,cached_mxbai,2262,1782218809.0482233,,,
8732,0,svm,max,balanced,cached_mxbai,2263,1782218809.3208175,,,
10192,0,svm,max,balanced,cached_mxbai,2264,1782218809.5945437,,,
5248,0,svm,max,balanced,cached_mxbai,2265,1782218809.868969,,,
4726,0,svm,max,balanced,cached_mxbai,2266,1782218810.141266,,,
1226,0,svm,max,balanced,cached_mxbai,2267,1782218810.4151027,,,
8220,0,svm,max,balanced,cached_mxbai,2268,1782218810.6909888,,,
5035,0,svm,max,balanced,cached_mxbai,2269,1782218810.9691446,,,
1671,0,svm,max,balanced,cached_mxbai,2270,1782218811.2407858,,,
1500,0,svm,max,balanced,cached_mxbai,2271,1782218811.5294342,,,
5126,0,svm,max,balanced,cached_mxbai,2272,1782218811.8163514,,,
4903,0,svm,max,balanced,cached_mxbai,2273,1782218812.1056457,,,
7805,0,svm,max,balanced,cached_mxbai,2274,1782218812.3856053,,,
3665,0,svm,max,balanced,cached_mxbai,2275,1782218812.6634948,,,
6426,0,svm,max,balanced,cached_mxbai,2276,1782218812.9412227,,,
4332,0,svm,max,balanced,cached_mxbai,2277,1782218813.2116017,,,
10497,0,svm,max,balanced,cached_mxbai,2278,1782218813.4838605,,,
7715,0,svm,max,balanced,cached_mxbai,2279,1782218813.7583857,,,
4428,0,svm,max,balanced,cached_mxbai,2280,1782218814.0370953,,,
1183,0,svm,max,balanced,cached_mxbai,2281,1782218814.3128953,,,
6433,0,svm,max,balanced,cached_mxbai,2282,1782218814.5894785,,,
6706,0,svm,max,balanced,cached_mxbai,2283,1782218814.86354,,,
10349,1,svm,max,balanced,cached_mxbai,2284,1782218815.1417186,,,
5851,0,svm,max,balanced,cached_mxbai,2285,1782218815.4460955,,,
177,0,svm,max,balanced,cached_mxbai,2286,1782218815.7176447,,,
5685,0,svm,max,balanced,cached_mxbai,2287,1782218815.9886336,,,
3717,0,svm,max,balanced,cached_mxbai,2288,1782218816.2579417,,,
9789,0,svm,max,balanced,cached_mxbai,2289,1782218816.528861,,,
7716,0,svm,max,balanced,cached_mxbai,2290,1782218816.80096,,,
170,0,svm,max,balanced,cached_mxbai,2291,1782218817.072899,,,
1108,0,svm,max,balanced,cached_mxbai,2292,1782218817.34203,,,
5793,0,svm,max,balanced,cached_mxbai,2293,1782218817.6099834,,,
9899,0,svm,max,balanced,cached_mxbai,2294,1782218817.8782196,,,
3816,0,svm,max,balanced,cached_mxbai,2295,1782218818.1493173,,,
7074,0,svm,max,balanced,cached_mxbai,2296,1782218818.4160569,,,
3856,0,svm,max,balanced,cached_mxbai,2297,1782218818.689218,,,
1934,0,svm,max,balanced,cached_mxbai,2298,1782218818.9619954,,,
6063,0,svm,max,balanced,cached_mxbai,2299,1782218819.2317462,,,
8627,0,svm,max,balanced,cached_mxbai,2300,1782218819.4986656,,,
464,0,svm,max,balanced,cached_mxbai,2301,1782218819.766212,,,
9188,0,svm,max,balanced,cached_mxbai,2302,1782218820.0334303,,,
3220,0,svm,max,balanced,cached_mxbai,2303,1782218820.3001041,,,
9788,0,svm,max,balanced,cached_mxbai,2304,1782218820.5667472,,,
1060,0,svm,max,balanced,cached_mxbai,2305,1782218820.8372743,,,
10066,0,svm,max,balanced,cached_mxbai,2306,1782218821.1154625,,,
169,0,svm,max,balanced,cached_mxbai,2307,1782218821.385961,,,
109,0,svm,max,balanced,cached_mxbai,2308,1782218821.657467,,,
5190,0,svm,max,balanced,cached_mxbai,2309,1782218821.9294596,,,
4324,0,svm,max,balanced,cached_mxbai,2310,1782218822.201784,,,
4007,0,svm,max,balanced,cached_mxbai,2311,1782218822.4711378,,,
3156,0,svm,max,balanced,cached_mxbai,2312,1782218822.780516,,,
3794,0,svm,max,balanced,cached_mxbai,2313,1782218823.0628707,,,
10432,0,svm,max,balanced,cached_mxbai,2314,1782218823.3337245,,,
862,0,svm,max,balanced,cached_mxbai,2315,1782218823.603804,,,
4796,0,svm,max,balanced,cached_mxbai,2316,1782218823.8751612,,,
3865,0,svm,max,balanced,cached_mxbai,2317,1782218824.1455138,,,
191,0,svm,max,balanced,cached_mxbai,2318,1782218824.415527,,,
4621,0,svm,max,balanced,cached_mxbai,2319,1782218824.6865094,,,
2,0,svm,max,balanced,cached_mxbai,2320,1782218824.9626958,,,
5991,0,svm,max,balanced,cached_mxbai,2321,1782218825.2431428,,,
10325,0,svm,max,balanced,cached_mxbai,2322,1782218825.545161,,,
4610,0,svm,max,balanced,cached_mxbai,2323,1782218825.8189898,,,
3734,0,svm,max,balanced,cached_mxbai,2324,1782218826.0949266,,,
3712,0,svm,max,balanced,cached_mxbai,2325,1782218826.3690844,,,
4545,0,svm,max,balanced,cached_mxbai,2326,1782218826.6450565,,,
915,0,svm,max,balanced,cached_mxbai,2327,1782218826.920583,,,
5935,0,svm,max,balanced,cached_mxbai,2328,1782218827.199919,,,
1306,0,svm,max,balanced,cached_mxbai,2329,1782218827.4782598,,,
10534,0,svm,max,balanced,cached_mxbai,2330,1782218827.7566154,,,
254,0,svm,max,balanced,cached_mxbai,2331,1782218828.0332592,,,
5228,0,svm,max,balanced,cached_mxbai,2332,1782218828.3102741,,,
4866,0,svm,max,balanced,cached_mxbai,2333,1782218828.5871503,,,
8737,0,svm,max,balanced,cached_mxbai,2334,1782218828.8725455,,,
4671,0,svm,max,balanced,cached_mxbai,2335,1782218829.1539567,,,
3881,0,svm,max,balanced,cached_mxbai,2336,1782218829.4315588,,,
6925,0,svm,max,balanced,cached_mxbai,2337,1782218829.711718,,,
5164,0,svm,max,balanced,cached_mxbai,2338,1782218829.9875915,,,
4327,0,svm,max,balanced,cached_mxbai,2339,1782218830.2935958,,,
6385,0,svm,max,balanced,cached_mxbai,2340,1782218830.5979054,,,
3663,0,svm,max,balanced,cached_mxbai,2341,1782218830.8906405,,,
4584,0,svm,max,balanced,cached_mxbai,2342,1782218831.1730316,,,
3,0,svm,max,balanced,cached_mxbai,2343,1782218831.457499,,,
7164,0,svm,max,balanced,cached_mxbai,2344,1782218831.7422042,,,
10064,0,svm,max,balanced,cached_mxbai,2345,1782218832.0256312,,,
4314,0,svm,max,balanced,cached_mxbai,2346,1782218832.3097198,,,
4983,0,svm,max,balanced,cached_mxbai,2347,1782218832.5963383,,,
3528,0,svm,max,balanced,cached_mxbai,2348,1782218832.8834038,,,
2436,0,svm,max,balanced,cached_mxbai,2349,1782218833.16749,,,
5224,0,svm,max,balanced,cached_mxbai,2350,1782218833.450679,,,
5122,0,svm,max,balanced,cached_mxbai,2351,1782218833.7356634,,,
5026,0,svm,max,balanced,cached_mxbai,2352,1782218834.0214915,,,
5747,0,svm,max,balanced,cached_mxbai,2353,1782218834.302288,,,
3698,0,svm,max,balanced,cached_mxbai,2354,1782218834.582479,,,
4795,0,svm,max,balanced,cached_mxbai,2355,1782218834.8660424,,,
3367,0,svm,max,balanced,cached_mxbai,2356,1782218835.1552374,,,
752,0,svm,max,balanced,cached_mxbai,2357,1782218835.4688647,,,
33,0,svm,max,balanced,cached_mxbai,2358,1782218835.7439308,,,
7059,0,svm,max,balanced,cached_mxbai,2359,1782218836.0245488,,,
9622,0,svm,max,balanced,cached_mxbai,2360,1782218836.3035102,,,
3456,0,svm,max,balanced,cached_mxbai,2361,1782218836.581465,,,
4949,0,svm,max,balanced,cached_mxbai,2362,1782218836.858338,,,
703,0,svm,max,balanced,cached_mxbai,2363,1782218837.135552,,,
1809,0,svm,max,balanced,cached_mxbai,2364,1782218837.4106047,,,
10360,0,svm,max,balanced,cached_mxbai,2365,1782218837.686272,,,
723,0,svm,max,balanced,cached_mxbai,2366,1782218837.9638813,,,
2346,0,svm,max,balanced,cached_mxbai,2367,1782218838.2374847,,,
5094,0,svm,max,balanced,cached_mxbai,2368,1782218838.5138018,,,
5117,0,svm,max,balanced,cached_mxbai,2369,1782218838.7968047,,,
9530,0,svm,max,balanced,cached_mxbai,2370,1782218839.0707946,,,
9341,0,svm,max,balanced,cached_mxbai,2371,1782218839.3449597,,,
4156,0,svm,max,balanced,cached_mxbai,2372,1782218839.6194077,,,
5015,0,svm,max,balanced,cached_mxbai,2373,1782218839.8995261,,,
3662,0,svm,max,balanced,cached_mxbai,2374,1782218840.1782465,,,
8642,0,svm,max,balanced,cached_mxbai,2375,1782218840.456766,,,
10402,0,svm,max,balanced,cached_mxbai,2376,1782218840.7348213,,,
5135,0,svm,max,balanced,cached_mxbai,2377,1782218841.0125782,,,
3351,0,svm,max,balanced,cached_mxbai,2378,1782218841.2931197,,,
5166,0,svm,max,balanced,cached_mxbai,2379,1782218841.5745876,,,
2769,0,svm,max,balanced,cached_mxbai,2380,1782218841.8565724,,,
10096,0,svm,max,balanced,cached_mxbai,2381,1782218842.1341372,,,
6555,0,svm,max,balanced,cached_mxbai,2382,1782218842.4131236,,,
4694,0,svm,max,balanced,cached_mxbai,2383,1782218842.6902642,,,
4266,0,svm,max,balanced,cached_mxbai,2384,1782218842.9682038,,,
10536,0,svm,max,balanced,cached_mxbai,2385,1782218843.2460272,,,
4769,0,svm,max,balanced,cached_mxbai,2386,1782218843.521264,,,
3703,0,svm,max,balanced,cached_mxbai,2387,1782218843.8035774,,,
3674,0,svm,max,balanced,cached_mxbai,2388,1782218844.0828795,,,
4972,0,svm,max,balanced,cached_mxbai,2389,1782218844.3605433,,,
5539,0,svm,max,balanced,cached_mxbai,2390,1782218844.640717,,,
8144,0,svm,max,balanced,cached_mxbai,2391,1782218844.9362063,,,
3951,0,svm,max,balanced,cached_mxbai,2392,1782218845.2394438,,,
7709,0,svm,max,balanced,cached_mxbai,2393,1782218845.5411687,,,
2673,0,svm,max,balanced,cached_mxbai,2394,1782218845.8277402,,,
8033,0,svm,max,balanced,cached_mxbai,2395,1782218846.1102502,,,
7349,0,svm,max,balanced,cached_mxbai,2396,1782218846.3923898,,,
115,0,svm,max,balanced,cached_mxbai,2397,1782218846.67227,,,
4184,0,svm,max,balanced,cached_mxbai,2398,1782218846.9535434,,,
8309,0,svm,max,balanced,cached_mxbai,2399,1782218847.233171,,,
4395,0,svm,max,balanced,cached_mxbai,2400,1782218847.5123725,,,
4614,0,svm,max,balanced,cached_mxbai,2401,1782218847.7928512,,,
7766,0,svm,max,balanced,cached_mxbai,2402,1782218848.0797791,,,
4300,0,svm,max,balanced,cached_mxbai,2403,1782218848.3609843,,,
9106,0,svm,max,balanced,cached_mxbai,2404,1782218848.6434877,,,
7570,0,svm,max,balanced,cached_mxbai,2405,1782218848.9351456,,,
10002,0,svm,max,balanced,cached_mxbai,2406,1782218849.217113,,,
6896,0,svm,max,balanced,cached_mxbai,2407,1782218849.5018907,,,
4028,0,svm,max,balanced,cached_mxbai,2408,1782218849.7834308,,,
5864,0,svm,max,balanced,cached_mxbai,2409,1782218850.0673509,,,
4052,0,svm,max,balanced,cached_mxbai,2410,1782218850.3535388,,,
4518,0,svm,max,balanced,cached_mxbai,2411,1782218850.63627,,,
9505,0,svm,max,balanced,cached_mxbai,2412,1782218850.9373965,,,
1197,0,svm,max,balanced,cached_mxbai,2413,1782218851.2218285,,,
3406,0,svm,max,balanced,cached_mxbai,2414,1782218851.505144,,,
3163,0,svm,max,balanced,cached_mxbai,2415,1782218851.7931356,,,
3215,0,svm,max,balanced,cached_mxbai,2416,1782218852.0952451,,,
3581,0,svm,max,balanced,cached_mxbai,2417,1782218852.3773222,,,
5459,0,svm,max,balanced,cached_mxbai,2418,1782218852.6612453,,,
10125,0,svm,max,balanced,cached_mxbai,2419,1782218852.9489093,,,
3642,0,svm,max,balanced,cached_mxbai,2420,1782218853.2391453,,,
388,0,svm,max,balanced,cached_mxbai,2421,1782218853.522374,,,
6759,0,svm,max,balanced,cached_mxbai,2422,1782218853.8111444,,,
4288,0,svm,max,balanced,cached_mxbai,2423,1782218854.0970294,,,
1590,0,svm,max,balanced,cached_mxbai,2424,1782218854.3787863,,,
6835,0,svm,max,balanced,cached_mxbai,2425,1782218854.6587188,,,
10445,0,svm,max,balanced,cached_mxbai,2426,1782218854.9436328,,,
4206,0,svm,max,balanced,cached_mxbai,2427,1782218855.235432,,,
3730,0,svm,max,balanced,cached_mxbai,2428,1782218855.5349095,,,
5057,0,svm,max,balanced,cached_mxbai,2429,1782218855.8176584,,,
3913,0,svm,max,balanced,cached_mxbai,2430,1782218856.1027472,,,
5428,0,svm,max,balanced,cached_mxbai,2431,1782218856.3844333,,,
4859,0,svm,max,balanced,cached_mxbai,2432,1782218856.6650352,,,
7307,0,svm,max,balanced,cached_mxbai,2433,1782218856.95067,,,
2868,0,svm,max,balanced,cached_mxbai,2434,1782218857.2359707,,,
7041,0,svm,max,balanced,cached_mxbai,2435,1782218857.519532,,,
561,0,svm,max,balanced,cached_mxbai,2436,1782218857.8011072,,,
5124,0,svm,max,balanced,cached_mxbai,2437,1782218858.0867107,,,
4878,0,svm,max,balanced,cached_mxbai,2438,1782218858.3749611,,,
5121,0,svm,max,balanced,cached_mxbai,2439,1782218858.7008104,,,
9335,0,svm,max,balanced,cached_mxbai,2440,1782218858.9888265,,,
1107,0,svm,max,balanced,cached_mxbai,2441,1782218859.2778232,,,
73,0,svm,max,balanced,cached_mxbai,2442,1782218859.6009927,,,
5392,0,svm,max,balanced,cached_mxbai,2443,1782218859.9220853,,,
8871,0,svm,max,balanced,cached_mxbai,2444,1782218860.2476315,,,
4898,0,svm,max,balanced,cached_mxbai,2445,1782218860.5706348,,,
3560,0,svm,max,balanced,cached_mxbai,2446,1782218860.8975685,,,
8950,0,svm,max,balanced,cached_mxbai,2447,1782218861.2304213,,,
513,0,svm,max,balanced,cached_mxbai,2448,1782218861.553887,,,
394,0,svm,max,balanced,cached_mxbai,2449,1782218861.8779786,,,
1323,0,svm,max,balanced,cached_mxbai,2450,1782218862.2032855,,,
4945,0,svm,max,balanced,cached_mxbai,2451,1782218862.5331757,,,
8476,0,svm,max,balanced,cached_mxbai,2452,1782218862.8584988,,,
4651,0,svm,max,balanced,cached_mxbai,2453,1782218863.18929,,,
3467,0,svm,max,balanced,cached_mxbai,2454,1782218863.5167537,,,
3937,0,svm,max,balanced,cached_mxbai,2455,1782218863.8415914,,,
8060,0,svm,max,balanced,cached_mxbai,2456,1782218864.166898,,,
6473,0,svm,max,balanced,cached_mxbai,2457,1782218864.4897256,,,
5433,0,svm,max,balanced,cached_mxbai,2458,1782218864.8135493,,,
4238,0,svm,max,balanced,cached_mxbai,2459,1782218865.1469893,,,
905,0,svm,max,balanced,cached_mxbai,2460,1782218865.502223,,,
4924,0,svm,max,balanced,cached_mxbai,2461,1782218865.83599,,,
6240,0,svm,max,balanced,cached_mxbai,2462,1782218866.1647468,,,
4997,0,svm,max,balanced,cached_mxbai,2463,1782218866.4944637,,,
9046,0,svm,max,balanced,cached_mxbai,2464,1782218866.828797,,,
1400,0,svm,max,balanced,cached_mxbai,2465,1782218867.154902,,,
8325,0,svm,max,balanced,cached_mxbai,2466,1782218867.4781785,,,
1058,0,svm,max,balanced,cached_mxbai,2467,1782218867.807303,,,
4218,0,svm,max,balanced,cached_mxbai,2468,1782218868.139868,,,
868,0,svm,max,balanced,cached_mxbai,2469,1782218868.475658,,,
10464,0,svm,max,balanced,cached_mxbai,2470,1782218868.8142507,,,
6178,0,svm,max,balanced,cached_mxbai,2471,1782218869.146616,,,
4925,0,svm,max,balanced,cached_mxbai,2472,1782218869.4749415,,,
3379,0,svm,max,balanced,cached_mxbai,2473,1782218869.804123,,,
4672,0,svm,max,balanced,cached_mxbai,2474,1782218870.13417,,,
3203,0,svm,max,balanced,cached_mxbai,2475,1782218870.459689,,,
4696,0,svm,max,balanced,cached_mxbai,2476,1782218870.7897115,,,
7007,0,svm,max,balanced,cached_mxbai,2477,1782218871.118737,,,
8891,0,svm,max,balanced,cached_mxbai,2478,1782218871.4455287,,,
2439,0,svm,max,balanced,cached_mxbai,2479,1782218871.7765002,,,
8005,0,svm,max,balanced,cached_mxbai,2480,1782218872.1086743,,,
104,0,svm,max,balanced,cached_mxbai,2481,1782218872.435245,,,
5787,0,svm,max,balanced,cached_mxbai,2482,1782218872.760796,,,
3503,0,svm,max,balanced,cached_mxbai,2483,1782218873.088895,,,
3585,0,svm,max,balanced,cached_mxbai,2484,1782218873.415949,,,
3542,0,svm,max,balanced,cached_mxbai,2485,1782218873.7419174,,,
10080,0,svm,max,balanced,cached_mxbai,2486,1782218874.0663958,,,
1011,0,svm,max,balanced,cached_mxbai,2487,1782218874.395,,,
4768,0,svm,max,balanced,cached_mxbai,2488,1782218874.7227936,,,
9389,0,svm,max,balanced,cached_mxbai,2489,1782218875.0537152,,,
3772,0,svm,max,balanced,cached_mxbai,2490,1782218875.4034874,,,
3658,0,svm,max,balanced,cached_mxbai,2491,1782218875.73659,,,
4402,0,svm,max,balanced,cached_mxbai,2492,1782218876.066695,,,
4888,0,svm,max,balanced,cached_mxbai,2493,1782218876.3977735,,,
8351,0,svm,max,balanced,cached_mxbai,2494,1782218876.7284744,,,
2799,0,svm,max,balanced,cached_mxbai,2495,1782218877.0230474,,,
1731,0,svm,max,balanced,cached_mxbai,2496,1782218877.340774,,,
2535,0,svm,max,balanced,cached_mxbai,2497,1782218877.6415534,,,
5215,0,svm,max,balanced,cached_mxbai,2498,1782218877.951666,,,
3405,0,svm,max,balanced,cached_mxbai,2499,1782218878.2530887,,,
5800,0,svm,max,balanced,cached_mxbai,2500,1782218878.546997,,,
5277,0,svm,max,balanced,cached_mxbai,2501,1782218878.8487225,,,
9748,0,svm,max,balanced,cached_mxbai,2502,1782218879.1415563,,,
5170,0,svm,max,balanced,cached_mxbai,2503,1782218879.4335203,,,
5260,0,svm,max,balanced,cached_mxbai,2504,1782218879.7286563,,,
5233,0,svm,max,balanced,cached_mxbai,2505,1782218880.018013,,,
5427,0,svm,max,balanced,cached_mxbai,2506,1782218880.3177595,,,
9593,0,svm,max,balanced,cached_mxbai,2507,1782218880.6150603,,,
4841,0,svm,max,balanced,cached_mxbai,2508,1782218880.9151556,,,
7271,0,svm,max,balanced,cached_mxbai,2509,1782218881.210116,,,
4999,0,svm,max,balanced,cached_mxbai,2510,1782218881.5070832,,,
9554,0,svm,max,balanced,cached_mxbai,2511,1782218881.8055265,,,
6225,0,svm,max,balanced,cached_mxbai,2512,1782218882.100284,,,
1937,0,svm,max,balanced,cached_mxbai,2513,1782218882.3963108,,,
8579,0,svm,max,balanced,cached_mxbai,2514,1782218882.6957526,,,
5382,0,svm,max,balanced,cached_mxbai,2515,1782218882.9966428,,,
4367,0,svm,max,balanced,cached_mxbai,2516,1782218883.2952843,,,
299,0,svm,max,balanced,cached_mxbai,2517,1782218883.5955489,,,
3733,0,svm,max,balanced,cached_mxbai,2518,1782218883.8944023,,,
4500,0,svm,max,balanced,cached_mxbai,2519,1782218884.1880333,,,
10130,0,svm,max,balanced,cached_mxbai,2520,1782218884.486999,,,
6773,0,svm,max,balanced,cached_mxbai,2521,1782218884.7807028,,,
9950,0,svm,max,balanced,cached_mxbai,2522,1782218885.0772145,,,
8949,0,svm,max,balanced,cached_mxbai,2523,1782218885.396136,,,
6579,0,svm,max,balanced,cached_mxbai,2524,1782218885.69011,,,
3148,0,svm,max,balanced,cached_mxbai,2525,1782218885.9837086,,,
9795,0,svm,max,balanced,cached_mxbai,2526,1782218886.2819395,,,
7350,0,svm,max,balanced,cached_mxbai,2527,1782218886.5785868,,,
4921,0,svm,max,balanced,cached_mxbai,2528,1782218886.8740456,,,
3584,0,svm,max,balanced,cached_mxbai,2529,1782218887.2089446,,,
10190,0,svm,max,balanced,cached_mxbai,2530,1782218887.542809,,,
9014,0,svm,max,balanced,cached_mxbai,2531,1782218887.8480897,,,
5827,0,svm,max,balanced,cached_mxbai,2532,1782218888.1513271,,,
9303,0,svm,max,balanced,cached_mxbai,2533,1782218888.4566169,,,
3879,0,svm,max,balanced,cached_mxbai,2534,1782218888.7639196,,,
4944,0,svm,max,balanced,cached_mxbai,2535,1782218889.0679498,,,
10070,0,svm,max,balanced,cached_mxbai,2536,1782218889.3752835,,,
9735,0,svm,max,balanced,cached_mxbai,2537,1782218889.685168,,,
3110,0,svm,max,balanced,cached_mxbai,2538,1782218889.9900024,,,
835,0,svm,max,balanced,cached_mxbai,2539,1782218890.29301,,,
9319,0,svm,max,balanced,cached_mxbai,2540,1782218890.598764,,,
4803,0,svm,max,balanced,cached_mxbai,2541,1782218890.9031615,,,
1539,0,svm,max,balanced,cached_mxbai,2542,1782218891.2039256,,,
3651,0,svm,max,balanced,cached_mxbai,2543,1782218891.508907,,,
1866,0,svm,max,balanced,cached_mxbai,2544,1782218891.8152936,,,
4194,0,svm,max,balanced,cached_mxbai,2545,1782218892.1173213,,,
4913,0,svm,max,balanced,cached_mxbai,2546,1782218892.4272578,,,
7578,0,svm,max,balanced,cached_mxbai,2547,1782218892.734336,,,
8039,0,svm,max,balanced,cached_mxbai,2548,1782218893.03869,,,
3122,0,svm,max,balanced,cached_mxbai,2549,1782218893.3470259,,,
7107,0,svm,max,balanced,cached_mxbai,2550,1782218893.6566894,,,
4213,0,svm,max,balanced,cached_mxbai,2551,1782218893.9633431,,,
7667,0,svm,max,balanced,cached_mxbai,2552,1782218894.2728574,,,
7518,0,svm,max,balanced,cached_mxbai,2553,1782218894.582364,,,
4516,0,svm,max,balanced,cached_mxbai,2554,1782218894.8954537,,,
4208,0,svm,max,balanced,cached_mxbai,2555,1782218895.2113037,,,
1281,0,svm,max,balanced,cached_mxbai,2556,1782218895.5443566,,,
65,0,svm,max,balanced,cached_mxbai,2557,1782218895.853745,,,
8424,0,svm,max,balanced,cached_mxbai,2558,1782218896.1475353,,,
9197,0,svm,max,balanced,cached_mxbai,2559,1782218896.4495075,,,
5794,0,svm,max,balanced,cached_mxbai,2560,1782218896.7480485,,,
4630,0,svm,max,balanced,cached_mxbai,2561,1782218897.0482745,,,
10546,0,svm,max,balanced,cached_mxbai,2562,1782218897.3505316,,,
10543,0,svm,max,balanced,cached_mxbai,2563,1782218897.6520853,,,
3208,0,svm,max,balanced,cached_mxbai,2564,1782218897.9538865,,,
7455,0,svm,max,balanced,cached_mxbai,2565,1782218898.2536669,,,
3883,0,svm,max,balanced,cached_mxbai,2566,1782218898.5547488,,,
5585,0,svm,max,balanced,cached_mxbai,2567,1782218898.8646014,,,
818,0,svm,max,balanced,cached_mxbai,2568,1782218899.1653998,,,
10085,0,svm,max,balanced,cached_mxbai,2569,1782218899.4691968,,,
3828,0,svm,max,balanced,cached_mxbai,2570,1782218899.7707758,,,
9977,0,svm,max,balanced,cached_mxbai,2571,1782218900.0805893,,,
4172,0,svm,max,balanced,cached_mxbai,2572,1782218900.3878603,,,
5741,0,svm,max,balanced,cached_mxbai,2573,1782218900.6941686,,,
28,0,svm,max,balanced,cached_mxbai,2574,1782218901.0046911,,,
4992,0,svm,max,balanced,cached_mxbai,2575,1782218901.311634,,,
8699,0,svm,max,balanced,cached_mxbai,2576,1782218901.626164,,,
9354,0,svm,max,balanced,cached_mxbai,2577,1782218901.93676,,,
54,0,svm,max,balanced,cached_mxbai,2578,1782218902.2461185,,,
4609,0,svm,max,balanced,cached_mxbai,2579,1782218902.5562544,,,
4073,0,svm,max,balanced,cached_mxbai,2580,1782218902.865766,,,
795,0,svm,max,balanced,cached_mxbai,2581,1782218903.1752133,,,
9931,0,svm,max,balanced,cached_mxbai,2582,1782218903.4875667,,,
1715,0,svm,max,balanced,cached_mxbai,2583,1782218903.8001654,,,
3442,0,svm,max,balanced,cached_mxbai,2584,1782218904.1079206,,,
523,0,svm,max,balanced,cached_mxbai,2585,1782218904.4205656,,,
7338,0,svm,max,balanced,cached_mxbai,2586,1782218904.7259088,,,
8612,0,svm,max,balanced,cached_mxbai,2587,1782218905.038154,,,
3131,0,svm,max,balanced,cached_mxbai,2588,1782218905.3687994,,,
3814,0,svm,max,balanced,cached_mxbai,2589,1782218905.6768534,,,
3648,0,svm,max,balanced,cached_mxbai,2590,1782218905.9846807,,,
4900,0,svm,max,balanced,cached_mxbai,2591,1782218906.2924972,,,
424,0,svm,max,balanced,cached_mxbai,2592,1782218906.6038096,,,
1324,0,svm,max,balanced,cached_mxbai,2593,1782218906.9170086,,,
8054,0,svm,max,balanced,cached_mxbai,2594,1782218907.224964,,,
9283,0,svm,max,balanced,cached_mxbai,2595,1782218907.53602,,,
5187,0,svm,max,balanced,cached_mxbai,2596,1782218907.847771,,,
1758,0,svm,max,balanced,cached_mxbai,2597,1782218908.1582341,,,
3833,0,svm,max,balanced,cached_mxbai,2598,1782218908.5015042,,,
4492,0,svm,max,balanced,cached_mxbai,2599,1782218908.8507235,,,
1376,0,svm,max,balanced,cached_mxbai,2600,1782218909.194523,,,
4337,0,svm,max,balanced,cached_mxbai,2601,1782218909.5391903,,,
1069,0,svm,max,balanced,cached_mxbai,2602,1782218909.8789935,,,
6404,0,svm,max,balanced,cached_mxbai,2603,1782218910.2163653,,,
4019,0,svm,max,balanced,cached_mxbai,2604,1782218910.5588098,,,
6593,0,svm,max,balanced,cached_mxbai,2605,1782218910.9126399,,,
1635,0,svm,max,balanced,cached_mxbai,2606,1782218911.2591016,,,
10358,0,svm,max,balanced,cached_mxbai,2607,1782218911.6022732,,,
4989,0,svm,max,balanced,cached_mxbai,2608,1782218911.9485474,,,
6061,0,svm,max,balanced,cached_mxbai,2609,1782218912.2606478,,,
4879,0,svm,max,balanced,cached_mxbai,2610,1782218912.6097846,,,
289,0,svm,max,balanced,cached_mxbai,2611,1782218912.9235246,,,
758,0,svm,max,balanced,cached_mxbai,2612,1782218913.2433531,,,
4470,0,svm,max,balanced,cached_mxbai,2613,1782218913.5652113,,,
1670,0,svm,max,balanced,cached_mxbai,2614,1782218913.8810747,,,
9909,0,svm,max,balanced,cached_mxbai,2615,1782218914.1956384,,,
6486,0,svm,max,balanced,cached_mxbai,2616,1782218914.512771,,,
3714,0,svm,max,balanced,cached_mxbai,2617,1782218914.8268068,,,
4916,0,svm,max,balanced,cached_mxbai,2618,1782218915.1749187,,,
4485,0,svm,max,balanced,cached_mxbai,2619,1782218915.5582747,,,
3708,0,svm,max,balanced,cached_mxbai,2620,1782218915.9047205,,,
5152,0,svm,max,balanced,cached_mxbai,2621,1782218916.26111,,,
10506,0,svm,max,balanced,cached_mxbai,2622,1782218916.6135767,,,
8180,0,svm,max,balanced,cached_mxbai,2623,1782218916.9649274,,,
3927,0,svm,max,balanced,cached_mxbai,2624,1782218917.3135524,,,
9056,0,svm,max,balanced,cached_mxbai,2625,1782218917.6665275,,,
10295,0,svm,max,balanced,cached_mxbai,2626,1782218918.0170126,,,
10218,0,svm,max,balanced,cached_mxbai,2627,1782218918.3642778,,,
5613,0,svm,max,balanced,cached_mxbai,2628,1782218918.714303,,,
9869,0,svm,max,balanced,cached_mxbai,2629,1782218919.0653183,,,
9660,0,svm,max,balanced,cached_mxbai,2630,1782218919.4211257,,,
3617,0,svm,max,balanced,cached_mxbai,2631,1782218919.7781143,,,
4981,0,svm,max,balanced,cached_mxbai,2632,1782218920.1267006,,,
3535,0,svm,max,balanced,cached_mxbai,2633,1782218920.4791806,,,
1891,0,svm,max,balanced,cached_mxbai,2634,1782218920.8282797,,,
688,0,svm,max,balanced,cached_mxbai,2635,1782218921.206624,,,
1548,0,svm,max,balanced,cached_mxbai,2636,1782218921.5975688,,,
2586,0,svm,max,balanced,cached_mxbai,2637,1782218921.9834177,,,
2129,0,svm,max,balanced,cached_mxbai,2638,1782218922.3557067,,,
4018,0,svm,max,balanced,cached_mxbai,2639,1782218922.7028418,,,
8654,0,svm,max,balanced,cached_mxbai,2640,1782218923.051714,,,
3295,0,svm,max,balanced,cached_mxbai,2641,1782218923.3957624,,,
7424,0,svm,max,balanced,cached_mxbai,2642,1782218923.7427616,,,
566,0,svm,max,balanced,cached_mxbai,2643,1782218924.0878005,,,
3490,0,svm,max,balanced,cached_mxbai,2644,1782218924.4355817,,,
4105,0,svm,max,balanced,cached_mxbai,2645,1782218924.7887678,,,
4524,0,svm,max,balanced,cached_mxbai,2646,1782218925.14224,,,
7970,0,svm,max,balanced,cached_mxbai,2647,1782218925.5128064,,,
3312,0,svm,max,balanced,cached_mxbai,2648,1782218925.8680444,,,
1787,0,svm,max,balanced,cached_mxbai,2649,1782218926.2185633,,,
5439,0,svm,max,balanced,cached_mxbai,2650,1782218926.576958,,,
10370,0,svm,max,balanced,cached_mxbai,2651,1782218926.9315941,,,
4613,0,svm,max,balanced,cached_mxbai,2652,1782218927.2804232,,,
5497,0,svm,max,balanced,cached_mxbai,2653,1782218927.6346734,,,
1481,0,svm,max,balanced,cached_mxbai,2654,1782218927.99118,,,
8782,0,svm,max,balanced,cached_mxbai,2655,1782218928.3424413,,,
3388,0,svm,max,balanced,cached_mxbai,2656,1782218928.6987488,,,
512,0,svm,max,balanced,cached_mxbai,2657,1782218929.0534942,,,
4690,0,svm,max,balanced,cached_mxbai,2658,1782218929.411373,,,
3457,0,svm,max,balanced,cached_mxbai,2659,1782218929.7681062,,,
897,0,svm,max,balanced,cached_mxbai,2660,1782218930.1220734,,,
3358,0,svm,max,balanced,cached_mxbai,2661,1782218930.4660993,,,
1609,0,svm,max,balanced,cached_mxbai,2662,1782218930.8109524,,,
6443,0,svm,max,balanced,cached_mxbai,2663,1782218931.1546803,,,
4303,0,svm,max,balanced,cached_mxbai,2664,1782218931.501015,,,
10433,0,svm,max,balanced,cached_mxbai,2665,1782218931.8552265,,,
8012,0,svm,max,balanced,cached_mxbai,2666,1782218932.2044895,,,
10387,0,svm,max,balanced,cached_mxbai,2667,1782218932.5489068,,,
6334,0,svm,max,balanced,cached_mxbai,2668,1782218932.9023566,,,
8762,0,svm,max,balanced,cached_mxbai,2669,1782218933.2506337,,,
7038,0,svm,max,balanced,cached_mxbai,2670,1782218933.5988054,,,
1200,0,svm,max,balanced,cached_mxbai,2671,1782218933.9454646,,,
9386,0,svm,max,balanced,cached_mxbai,2672,1782218934.2859974,,,
2256,0,svm,max,balanced,cached_mxbai,2673,1782218934.6328118,,,
8248,0,svm,max,balanced,cached_mxbai,2674,1782218934.980031,,,
5803,0,svm,max,balanced,cached_mxbai,2675,1782218935.3466575,,,
9791,0,svm,max,balanced,cached_mxbai,2676,1782218935.6926682,,,
7529,0,svm,max,balanced,cached_mxbai,2677,1782218936.0380206,,,
5811,0,svm,max,balanced,cached_mxbai,2678,1782218936.3873358,,,
6973,0,svm,max,balanced,cached_mxbai,2679,1782218936.744319,,,
1661,0,svm,max,balanced,cached_mxbai,2680,1782218937.1024537,,,
4404,0,svm,max,balanced,cached_mxbai,2681,1782218937.4573798,,,
6489,0,svm,max,balanced,cached_mxbai,2682,1782218937.8105445,,,
690,0,svm,max,balanced,cached_mxbai,2683,1782218938.158047,,,
7870,0,svm,max,balanced,cached_mxbai,2684,1782218938.500395,,,
4182,0,svm,max,balanced,cached_mxbai,2685,1782218938.8623576,,,
10282,0,svm,max,balanced,cached_mxbai,2686,1782218939.2105808,,,
3249,0,svm,max,balanced,cached_mxbai,2687,1782218939.5537505,,,
4118,0,svm,max,balanced,cached_mxbai,2688,1782218939.901144,,,
9366,0,svm,max,balanced,cached_mxbai,2689,1782218940.2472677,,,
4560,0,svm,max,balanced,cached_mxbai,2690,1782218940.5913796,,,
3321,0,svm,max,balanced,cached_mxbai,2691,1782218940.944597,,,
4695,0,svm,max,balanced,cached_mxbai,2692,1782218941.2948925,,,
6291,0,svm,max,balanced,cached_mxbai,2693,1782218941.6414511,,,
4158,0,svm,max,balanced,cached_mxbai,2694,1782218941.9932418,,,
8974,0,svm,max,balanced,cached_mxbai,2695,1782218942.3479977,,,
5291,0,svm,max,balanced,cached_mxbai,2696,1782218942.693284,,,
8615,0,svm,max,balanced,cached_mxbai,2697,1782218943.0446324,,,
6445,0,svm,max,balanced,cached_mxbai,2698,1782218943.3986003,,,
2951,0,svm,max,balanced,cached_mxbai,2699,1782218943.7614172,,,
3525,0,svm,max,balanced,cached_mxbai,2700,1782218944.1176317,,,
10594,1,svm,max,balanced,cached_mxbai,2701,1782218944.4677956,,,
406,0,svm,max,balanced,cached_mxbai,2702,1782218944.8237133,,,
4232,0,svm,max,balanced,cached_mxbai,2703,1782218945.1893895,,,
8193,0,svm,max,balanced,cached_mxbai,2704,1782218945.5688863,,,
4034,0,svm,max,balanced,cached_mxbai,2705,1782218945.9279604,,,
7285,0,svm,max,balanced,cached_mxbai,2706,1782218946.2854424,,,
1714,0,svm,max,balanced,cached_mxbai,2707,1782218946.645101,,,
4143,0,svm,max,balanced,cached_mxbai,2708,1782218947.0065856,,,
4294,0,svm,max,balanced,cached_mxbai,2709,1782218947.3652573,,,
224,0,svm,max,balanced,cached_mxbai,2710,1782218947.722871,,,
9117,0,svm,max,balanced,cached_mxbai,2711,1782218948.0858345,,,
4200,0,svm,max,balanced,cached_mxbai,2712,1782218948.4479342,,,
3417,0,svm,max,balanced,cached_mxbai,2713,1782218948.8190265,,,
200,0,svm,max,balanced,cached_mxbai,2714,1782218949.1840067,,,
75,0,svm,max,balanced,cached_mxbai,2715,1782218949.548139,,,
7341,0,svm,max,balanced,cached_mxbai,2716,1782218949.9173803,,,
922,0,svm,max,balanced,cached_mxbai,2717,1782218950.2740877,,,
4421,0,svm,max,balanced,cached_mxbai,2718,1782218950.6328294,,,
4062,0,svm,max,balanced,cached_mxbai,2719,1782218950.993479,,,
1592,0,svm,max,balanced,cached_mxbai,2720,1782218951.3569288,,,
3686,0,svm,max,balanced,cached_mxbai,2721,1782218951.727299,,,
10587,0,svm,max,balanced,cached_mxbai,2722,1782218952.091306,,,
9822,0,svm,max,balanced,cached_mxbai,2723,1782218952.4555428,,,
648,0,svm,max,balanced,cached_mxbai,2724,1782218952.818422,,,
445,0,svm,max,balanced,cached_mxbai,2725,1782218953.1791077,,,
10216,0,svm,max,balanced,cached_mxbai,2726,1782218953.5411136,,,
7590,0,svm,max,balanced,cached_mxbai,2727,1782218953.9051242,,,
1875,0,svm,max,balanced,cached_mxbai,2728,1782218954.268704,,,
7248,0,svm,max,balanced,cached_mxbai,2729,1782218954.6316283,,,
7499,0,svm,max,balanced,cached_mxbai,2730,1782218954.9939926,,,
9055,0,svm,max,balanced,cached_mxbai,2731,1782218955.3881426,,,
3246,0,svm,max,balanced,cached_mxbai,2732,1782218955.753405,,,
4078,0,svm,max,balanced,cached_mxbai,2733,1782218956.1206262,,,
5175,0,svm,max,balanced,cached_mxbai,2734,1782218956.4849954,,,
5196,0,svm,max,balanced,cached_mxbai,2735,1782218956.8481965,,,
7511,0,svm,max,balanced,cached_mxbai,2736,1782218957.215669,,,
5758,0,svm,max,balanced,cached_mxbai,2737,1782218957.5817826,,,
4234,0,svm,max,balanced,cached_mxbai,2738,1782218957.9492757,,,
6774,0,svm,max,balanced,cached_mxbai,2739,1782218958.3118205,,,
9143,0,svm,max,balanced,cached_mxbai,2740,1782218958.674076,,,
6363,0,svm,max,balanced,cached_mxbai,2741,1782218959.042804,,,
4409,0,svm,max,balanced,cached_mxbai,2742,1782218959.4059289,,,
9048,0,svm,max,balanced,cached_mxbai,2743,1782218959.7711437,,,
1574,0,svm,max,balanced,cached_mxbai,2744,1782218960.1465394,,,
9105,0,svm,max,balanced,cached_mxbai,2745,1782218960.5179684,,,
4159,0,svm,max,balanced,cached_mxbai,2746,1782218960.8824244,,,
4713,0,svm,max,balanced,cached_mxbai,2747,1782218961.2513251,,,
5920,0,svm,max,balanced,cached_mxbai,2748,1782218961.6235397,,,
7827,0,svm,max,balanced,cached_mxbai,2749,1782218961.9980807,,,
1711,0,svm,max,balanced,cached_mxbai,2750,1782218962.36529,,,
615,0,svm,max,balanced,cached_mxbai,2751,1782218962.735502,,,
9109,0,svm,max,balanced,cached_mxbai,2752,1782218963.1007726,,,
120,0,svm,max,balanced,cached_mxbai,2753,1782218963.4644763,,,
4820,0,svm,max,balanced,cached_mxbai,2754,1782218963.8321533,,,
3845,0,svm,max,balanced,cached_mxbai,2755,1782218964.1987064,,,
4431,0,svm,max,balanced,cached_mxbai,2756,1782218964.5651987,,,
334,0,svm,max,balanced,cached_mxbai,2757,1782218964.9337604,,,
8805,0,svm,max,balanced,cached_mxbai,2758,1782218965.3400958,,,
4842,0,svm,max,balanced,cached_mxbai,2759,1782218965.7067466,,,
10364,0,svm,max,balanced,cached_mxbai,2760,1782218966.075115,,,
785,0,svm,max,balanced,cached_mxbai,2761,1782218966.4463477,,,
1527,0,svm,max,balanced,cached_mxbai,2762,1782218966.814852,,,
1085,0,svm,max,balanced,cached_mxbai,2763,1782218967.186279,,,
3202,0,svm,max,balanced,cached_mxbai,2764,1782218967.5541794,,,
4187,0,svm,max,balanced,cached_mxbai,2765,1782218967.9275892,,,
6509,0,svm,max,balanced,cached_mxbai,2766,1782218968.302062,,,
4346,0,svm,max,balanced,cached_mxbai,2767,1782218968.672742,,,
5249,0,svm,max,balanced,cached_mxbai,2768,1782218969.0540621,,,
5271,0,svm,max,balanced,cached_mxbai,2769,1782218969.4237652,,,
4762,0,svm,max,balanced,cached_mxbai,2770,1782218969.7921233,,,
10516,0,svm,max,balanced,cached_mxbai,2771,1782218970.165019,,,
3784,0,svm,max,balanced,cached_mxbai,2772,1782218970.5340292,,,
1375,0,svm,max,balanced,cached_mxbai,2773,1782218970.9038994,,,
3268,0,svm,max,balanced,cached_mxbai,2774,1782218971.276316,,,
1789,0,svm,max,balanced,cached_mxbai,2775,1782218971.6450913,,,
4065,0,svm,max,balanced,cached_mxbai,2776,1782218972.020011,,,
1148,0,svm,max,balanced,cached_mxbai,2777,1782218972.3951173,,,
10004,0,svm,max,balanced,cached_mxbai,2778,1782218972.7647018,,,
5893,0,svm,max,balanced,cached_mxbai,2779,1782218973.141877,,,
7376,0,svm,max,balanced,cached_mxbai,2780,1782218973.5114746,,,
3822,0,svm,max,balanced,cached_mxbai,2781,1782218973.877064,,,
4578,0,svm,max,balanced,cached_mxbai,2782,1782218974.2516832,,,
10472,0,svm,max,balanced,cached_mxbai,2783,1782218974.6259124,,,
3565,0,svm,max,balanced,cached_mxbai,2784,1782218974.9984055,,,
9314,0,svm,max,balanced,cached_mxbai,2785,1782218975.3914888,,,
5949,0,svm,max,balanced,cached_mxbai,2786,1782218975.7629592,,,
4535,0,svm,max,balanced,cached_mxbai,2787,1782218976.1353338,,,
4133,0,svm,max,balanced,cached_mxbai,2788,1782218976.505484,,,
2417,0,svm,max,balanced,cached_mxbai,2789,1782218976.8912258,,,
4057,0,svm,max,balanced,cached_mxbai,2790,1782218977.265052,,,
3513,0,svm,max,balanced,cached_mxbai,2791,1782218977.637939,,,
10466,0,svm,max,balanced,cached_mxbai,2792,1782218978.010433,,,
6557,0,svm,max,balanced,cached_mxbai,2793,1782218978.389397,,,
5978,0,svm,max,balanced,cached_mxbai,2794,1782218978.7645082,,,
1361,0,svm,max,balanced,cached_mxbai,2795,1782218979.1422715,,,
6928,0,svm,max,balanced,cached_mxbai,2796,1782218979.521113,,,
1595,0,svm,max,balanced,cached_mxbai,2797,1782218979.9009368,,,
4216,0,svm,max,balanced,cached_mxbai,2798,1782218980.2779093,,,
389,0,svm,max,balanced,cached_mxbai,2799,1782218980.650938,,,
1720,0,svm,max,balanced,cached_mxbai,2800,1782218981.0297828,,,
701,0,svm,max,balanced,cached_mxbai,2801,1782218981.4062042,,,
9391,0,svm,max,balanced,cached_mxbai,2802,1782218981.7794578,,,
1632,0,svm,max,balanced,cached_mxbai,2803,1782218982.1531992,,,
3091,0,svm,max,balanced,cached_mxbai,2804,1782218982.5210643,,,
9649,0,svm,max,balanced,cached_mxbai,2805,1782218982.8931904,,,
6780,0,svm,max,balanced,cached_mxbai,2806,1782218983.2689345,,,
3725,0,svm,max,balanced,cached_mxbai,2807,1782218983.6466923,,,
7191,0,svm,max,balanced,cached_mxbai,2808,1782218984.017544,,,
4349,0,svm,max,balanced,cached_mxbai,2809,1782218984.389692,,,
1310,0,svm,max,balanced,cached_mxbai,2810,1782218984.7597785,,,
734,0,svm,max,balanced,cached_mxbai,2811,1782218985.137262,,,
1274,0,svm,max,balanced,cached_mxbai,2812,1782218985.5383127,,,
3916,0,svm,max,balanced,cached_mxbai,2813,1782218985.91225,,,
10233,0,svm,max,balanced,cached_mxbai,2814,1782218986.2861958,,,
6041,0,svm,max,balanced,cached_mxbai,2815,1782218986.6589088,,,
3537,0,svm,max,balanced,cached_mxbai,2816,1782218987.033806,,,
9949,0,svm,max,balanced,cached_mxbai,2817,1782218987.4067912,,,
5183,0,svm,max,balanced,cached_mxbai,2818,1782218987.7781174,,,
3579,0,svm,max,balanced,cached_mxbai,2819,1782218988.1568272,,,
10485,0,svm,max,balanced,cached_mxbai,2820,1782218988.534111,,,
4724,0,svm,max,balanced,cached_mxbai,2821,1782218988.9169888,,,
4274,0,svm,max,balanced,cached_mxbai,2822,1782218989.2994587,,,
5194,0,svm,max,balanced,cached_mxbai,2823,1782218989.6792116,,,
8109,0,svm,max,balanced,cached_mxbai,2824,1782218990.0543616,,,
9574,0,svm,max,balanced,cached_mxbai,2825,1782218990.4320574,,,
8085,0,svm,max,balanced,cached_mxbai,2826,1782218990.8089745,,,
245,0,svm,max,balanced,cached_mxbai,2827,1782218991.190744,,,
3079,0,svm,max,balanced,cached_mxbai,2828,1782218991.57323,,,
4095,0,svm,max,balanced,cached_mxbai,2829,1782218991.9529405,,,
1365,0,svm,max,balanced,cached_mxbai,2830,1782218992.3339314,,,
6356,0,svm,max,balanced,cached_mxbai,2831,1782218992.7096243,,,
3839,0,svm,max,balanced,cached_mxbai,2832,1782218993.0878932,,,
3996,0,svm,max,balanced,cached_mxbai,2833,1782218993.464136,,,
9879,0,svm,max,balanced,cached_mxbai,2834,1782218993.8377666,,,
1422,0,svm,max,balanced,cached_mxbai,2835,1782218994.2196918,,,
9823,0,svm,max,balanced,cached_mxbai,2836,1782218994.5955625,,,
1100,0,svm,max,balanced,cached_mxbai,2837,1782218994.9701343,,,
8057,0,svm,max,balanced,cached_mxbai,2838,1782218995.3654928,,,
3384,0,svm,max,balanced,cached_mxbai,2839,1782218995.7439826,,,
4908,0,svm,max,balanced,cached_mxbai,2840,1782218996.1213346,,,
85,0,svm,max,balanced,cached_mxbai,2841,1782218996.4957097,,,
6717,0,svm,max,balanced,cached_mxbai,2842,1782218996.8736622,,,
4472,0,svm,max,balanced,cached_mxbai,2843,1782218997.253577,,,
8475,0,svm,max,balanced,cached_mxbai,2844,1782218997.630331,,,
4160,0,svm,max,balanced,cached_mxbai,2845,1782218998.0087557,,,
5236,0,svm,max,balanced,cached_mxbai,2846,1782218998.389679,,,
5062,0,svm,max,balanced,cached_mxbai,2847,1782218998.7729893,,,
2034,0,svm,max,balanced,cached_mxbai,2848,1782218999.1530654,,,
8562,0,svm,max,balanced,cached_mxbai,2849,1782218999.5372262,,,
4317,0,svm,max,balanced,cached_mxbai,2850,1782218999.9137697,,,
1627,0,svm,max,balanced,cached_mxbai,2851,1782219000.2933822,,,
1260,0,svm,max,balanced,cached_mxbai,2852,1782219000.6727211,,,
7617,0,svm,max,balanced,cached_mxbai,2853,1782219001.0515654,,,
5951,0,svm,max,balanced,cached_mxbai,2854,1782219001.4358466,,,
5146,0,svm,max,balanced,cached_mxbai,2855,1782219001.8166146,,,
203,0,svm,max,balanced,cached_mxbai,2856,1782219002.2009242,,,
5748,0,svm,max,balanced,cached_mxbai,2857,1782219002.582299,,,
9141,0,svm,max,balanced,cached_mxbai,2858,1782219002.9604354,,,
3349,0,svm,max,balanced,cached_mxbai,2859,1782219003.3520813,,,
5914,0,svm,max,balanced,cached_mxbai,2860,1782219003.7303002,,,
1458,0,svm,max,balanced,cached_mxbai,2861,1782219004.1117957,,,
5818,0,svm,max,balanced,cached_mxbai,2862,1782219004.4929347,,,
5182,0,svm,max,balanced,cached_mxbai,2863,1782219004.8701332,,,
5050,0,svm,max,balanced,cached_mxbai,2864,1782219005.263852,,,
1121,0,svm,max,balanced,cached_mxbai,2865,1782219005.648545,,,
9712,0,svm,max,balanced,cached_mxbai,2866,1782219006.0281084,,,
3228,0,svm,max,balanced,cached_mxbai,2867,1782219006.4100733,,,
3505,0,svm,max,balanced,cached_mxbai,2868,1782219006.796188,,,
7163,0,svm,max,balanced,cached_mxbai,2869,1782219007.178209,,,
9003,0,svm,max,balanced,cached_mxbai,2870,1782219007.5643728,,,
7052,0,svm,max,balanced,cached_mxbai,2871,1782219007.951712,,,
2072,0,svm,max,balanced,cached_mxbai,2872,1782219008.3386676,,,
6287,0,svm,max,balanced,cached_mxbai,2873,1782219008.7388544,,,
9526,0,svm,max,balanced,cached_mxbai,2874,1782219009.1351337,,,
7277,0,svm,max,balanced,cached_mxbai,2875,1782219009.531695,,,
9771,0,svm,max,balanced,cached_mxbai,2876,1782219009.9390998,,,
3976,0,svm,max,balanced,cached_mxbai,2877,1782219010.3443658,,,
4544,0,svm,max,balanced,cached_mxbai,2878,1782219010.7407632,,,
7287,0,svm,max,balanced,cached_mxbai,2879,1782219011.1391444,,,
3755,0,svm,max,balanced,cached_mxbai,2880,1782219011.5361335,,,
3815,0,svm,max,balanced,cached_mxbai,2881,1782219011.930292,,,
4824,0,svm,max,balanced,cached_mxbai,2882,1782219012.3312497,,,
7476,0,svm,max,balanced,cached_mxbai,2883,1782219012.749674,,,
9153,0,svm,max,balanced,cached_mxbai,2884,1782219013.1565397,,,
4339,0,svm,max,balanced,cached_mxbai,2885,1782219013.5426273,,,
9925,0,svm,max,balanced,cached_mxbai,2886,1782219013.9290504,,,
1700,0,svm,max,balanced,cached_mxbai,2887,1782219014.3156397,,,
5619,0,svm,max,balanced,cached_mxbai,2888,1782219014.7028582,,,
1435,0,svm,max,balanced,cached_mxbai,2889,1782219015.0965946,,,
5180,0,svm,max,balanced,cached_mxbai,2890,1782219015.5064218,,,
979,0,svm,max,balanced,cached_mxbai,2891,1782219015.890504,,,
3968,0,svm,max,balanced,cached_mxbai,2892,1782219016.2865376,,,
685,0,svm,max,balanced,cached_mxbai,2893,1782219016.6797948,,,
5266,0,svm,max,balanced,cached_mxbai,2894,1782219017.0770442,,,
5144,0,svm,max,balanced,cached_mxbai,2895,1782219017.4716508,,,
4418,0,svm,max,balanced,cached_mxbai,2896,1782219017.8648088,,,
9318,0,svm,max,balanced,cached_mxbai,2897,1782219018.2540255,,,
616,0,svm,max,balanced,cached_mxbai,2898,1782219018.650863,,,
5784,0,svm,max,balanced,cached_mxbai,2899,1782219019.0525973,,,
10061,0,svm,max,balanced,cached_mxbai,2900,1782219019.4452126,,,
5098,0,svm,max,balanced,cached_mxbai,2901,1782219019.8286119,,,
5514,0,svm,max,balanced,cached_mxbai,2902,1782219020.2147512,,,
10584,0,svm,max,balanced,cached_mxbai,2903,1782219020.6021404,,,
4640,0,svm,max,balanced,cached_mxbai,2904,1782219020.9900813,,,
4113,0,svm,max,balanced,cached_mxbai,2905,1782219021.3840685,,,
4250,0,svm,max,balanced,cached_mxbai,2906,1782219021.7791147,,,
1510,0,svm,max,balanced,cached_mxbai,2907,1782219022.1702921,,,
5810,0,svm,max,balanced,cached_mxbai,2908,1782219022.5574567,,,
8779,0,svm,max,balanced,cached_mxbai,2909,1782219022.943319,,,
7159,0,svm,max,balanced,cached_mxbai,2910,1782219023.3317924,,,
3795,0,svm,max,balanced,cached_mxbai,2911,1782219023.720489,,,
1983,0,svm,max,balanced,cached_mxbai,2912,1782219024.1110713,,,
5432,0,svm,max,balanced,cached_mxbai,2913,1782219024.497672,,,
5408,0,svm,max,balanced,cached_mxbai,2914,1782219024.8827891,,,
4760,0,svm,max,balanced,cached_mxbai,2915,1782219025.29931,,,
10183,0,svm,max,balanced,cached_mxbai,2916,1782219025.6912293,,,
1101,0,svm,max,balanced,cached_mxbai,2917,1782219026.0817552,,,
2082,0,svm,max,balanced,cached_mxbai,2918,1782219026.4753897,,,
5370,0,svm,max,balanced,cached_mxbai,2919,1782219026.8711228,,,
4607,0,svm,max,balanced,cached_mxbai,2920,1782219027.263918,,,
4872,0,svm,max,balanced,cached_mxbai,2921,1782219027.6520658,,,
8936,0,svm,max,balanced,cached_mxbai,2922,1782219028.0441084,,,
3946,0,svm,max,balanced,cached_mxbai,2923,1782219028.4332938,,,
550,0,svm,max,balanced,cached_mxbai,2924,1782219028.8293376,,,
3812,0,svm,max,balanced,cached_mxbai,2925,1782219029.225024,,,
9777,0,svm,max,balanced,cached_mxbai,2926,1782219029.6213942,,,
8025,0,svm,max,balanced,cached_mxbai,2927,1782219030.0165598,,,
3167,0,svm,max,balanced,cached_mxbai,2928,1782219030.4107587,,,
5241,0,svm,max,balanced,cached_mxbai,2929,1782219030.8028889,,,
7763,0,svm,max,balanced,cached_mxbai,2930,1782219031.1966193,,,
9592,0,svm,max,balanced,cached_mxbai,2931,1782219031.5916033,,,
10467,0,svm,max,balanced,cached_mxbai,2932,1782219031.9878314,,,
1482,0,svm,max,balanced,cached_mxbai,2933,1782219032.3803763,,,
8546,0,svm,max,balanced,cached_mxbai,2934,1782219032.7750447,,,
5579,0,svm,max,balanced,cached_mxbai,2935,1782219033.1817095,,,
650,0,svm,max,balanced,cached_mxbai,2936,1782219033.5809186,,,
5640,0,svm,max,balanced,cached_mxbai,2937,1782219033.9697485,,,
2910,0,svm,max,balanced,cached_mxbai,2938,1782219034.360068,,,
3999,0,svm,max,balanced,cached_mxbai,2939,1782219034.7495706,,,
1463,0,svm,max,balanced,cached_mxbai,2940,1782219035.144648,,,
207,0,svm,max,balanced,cached_mxbai,2941,1782219035.5575252,,,
4368,0,svm,max,balanced,cached_mxbai,2942,1782219035.9538388,,,
5907,0,svm,max,balanced,cached_mxbai,2943,1782219036.3478694,,,
4942,0,svm,max,balanced,cached_mxbai,2944,1782219036.7414827,,,
3134,0,svm,max,balanced,cached_mxbai,2945,1782219037.1359625,,,
2667,0,svm,max,balanced,cached_mxbai,2946,1782219037.5317202,,,
10198,0,svm,max,balanced,cached_mxbai,2947,1782219037.9296615,,,
3348,0,svm,max,balanced,cached_mxbai,2948,1782219038.3292582,,,
423,1,svm,max,balanced,cached_mxbai,2949,1782219038.7285514,,,
7346,0,svm,max,balanced,cached_mxbai,2950,1782219039.1249793,,,
7815,0,svm,max,balanced,cached_mxbai,2951,1782219039.5180664,,,
1044,0,svm,max,balanced,cached_mxbai,2952,1782219039.91257,,,
2378,0,svm,max,balanced,cached_mxbai,2953,1782219040.307911,,,
6714,0,svm,max,balanced,cached_mxbai,2954,1782219040.699516,,,
1740,0,svm,max,balanced,cached_mxbai,2955,1782219041.0926228,,,
8269,0,svm,max,balanced,cached_mxbai,2956,1782219041.4849453,,,
5343,0,svm,max,balanced,cached_mxbai,2957,1782219041.8795319,,,
5637,0,svm,max,balanced,cached_mxbai,2958,1782219042.275233,,,
2791,0,svm,max,balanced,cached_mxbai,2959,1782219042.67053,,,
42,0,svm,max,balanced,cached_mxbai,2960,1782219043.075378,,,
8040,0,svm,max,balanced,cached_mxbai,2961,1782219043.4807549,,,
8477,0,svm,max,balanced,cached_mxbai,2962,1782219043.874416,,,
7865,0,svm,max,balanced,cached_mxbai,2963,1782219044.268578,,,
6440,0,svm,max,balanced,cached_mxbai,2964,1782219044.6690924,,,
10345,0,svm,max,balanced,cached_mxbai,2965,1782219045.0745442,,,
1404,0,svm,max,balanced,cached_mxbai,2966,1782219045.490277,,,
4357,0,svm,max,balanced,cached_mxbai,2967,1782219045.8943284,,,
2531,0,svm,max,balanced,cached_mxbai,2968,1782219046.2900727,,,
2743,0,svm,max,balanced,cached_mxbai,2969,1782219046.6850653,,,
5490,0,svm,max,balanced,cached_mxbai,2970,1782219047.0817041,,,
5828,0,svm,max,balanced,cached_mxbai,2971,1782219047.477092,,,
6371,0,svm,max,balanced,cached_mxbai,2972,1782219047.8748617,,,
4235,0,svm,max,balanced,cached_mxbai,2973,1782219048.275578,,,
1686,0,svm,max,balanced,cached_mxbai,2974,1782219048.6729577,,,
7670,0,svm,max,balanced,cached_mxbai,2975,1782219049.0757318,,,
5752,0,svm,max,balanced,cached_mxbai,2976,1782219049.4731023,,,
237,0,svm,max,balanced,cached_mxbai,2977,1782219049.8590927,,,
1544,0,svm,max,balanced,cached_mxbai,2978,1782219050.2572272,,,
3727,0,svm,max,balanced,cached_mxbai,2979,1782219050.651516,,,
4081,0,svm,max,balanced,cached_mxbai,2980,1782219051.040461,,,
8284,0,svm,max,balanced,cached_mxbai,2981,1782219051.4336464,,,
5923,0,svm,max,balanced,cached_mxbai,2982,1782219051.840722,,,
454,0,svm,max,balanced,cached_mxbai,2983,1782219052.2288387,,,
6086,0,svm,max,balanced,cached_mxbai,2984,1782219052.6165302,,,
732,0,svm,max,balanced,cached_mxbai,2985,1782219053.0052793,,,
87,0,svm,max,balanced,cached_mxbai,2986,1782219053.4039605,,,
4110,0,svm,max,balanced,cached_mxbai,2987,1782219053.802127,,,
9821,0,svm,max,balanced,cached_mxbai,2988,1782219054.1989934,,,
712,0,svm,max,balanced,cached_mxbai,2989,1782219054.5944958,,,
5350,0,svm,max,balanced,cached_mxbai,2990,1782219054.9919245,,,
3992,0,svm,max,balanced,cached_mxbai,2991,1782219055.409718,,,
9002,0,svm,max,balanced,cached_mxbai,2992,1782219055.8097587,,,
8098,0,svm,max,balanced,cached_mxbai,2993,1782219056.2092495,,,
3897,0,svm,max,balanced,cached_mxbai,2994,1782219056.6096892,,,
3601,0,svm,max,balanced,cached_mxbai,2995,1782219057.012602,,,
6695,0,svm,max,balanced,cached_mxbai,2996,1782219057.4272492,,,
6442,0,svm,max,balanced,cached_mxbai,2997,1782219057.8283026,,,
3366,0,svm,max,balanced,cached_mxbai,2998,1782219058.2370896,,,
4938,0,svm,max,balanced,cached_mxbai,2999,1782219058.6393876,,,
4356,0,svm,max,balanced,cached_mxbai,3000,1782219059.0492427,,,
5247,0,svm,max,balanced,cached_mxbai,3001,1782219059.451616,,,
1046,0,svm,max,balanced,cached_mxbai,3002,1782219059.8524525,,,
4023,0,svm,max,balanced,cached_mxbai,3003,1782219060.255562,,,
10376,0,svm,max,balanced,cached_mxbai,3004,1782219060.660577,,,
2507,0,svm,max,balanced,cached_mxbai,3005,1782219061.0639808,,,
2500,0,svm,max,balanced,cached_mxbai,3006,1782219061.4648108,,,
3481,0,svm,max,balanced,cached_mxbai,3007,1782219061.8676052,,,
8617,0,svm,max,balanced,cached_mxbai,3008,1782219062.2708113,,,
446,0,svm,max,balanced,cached_mxbai,3009,1782219062.6708837,,,
1196,0,svm,max,balanced,cached_mxbai,3010,1782219063.073892,,,
6650,0,svm,max,balanced,cached_mxbai,3011,1782219063.4789166,,,
3610,0,svm,max,balanced,cached_mxbai,3012,1782219063.8818665,,,
3466,0,svm,max,balanced,cached_mxbai,3013,1782219064.2856724,,,
179,0,svm,max,balanced,cached_mxbai,3014,1782219064.6876142,,,
1677,0,svm,max,balanced,cached_mxbai,3015,1782219065.0951917,,,
2978,0,svm,max,balanced,cached_mxbai,3016,1782219065.5304942,,,
4145,0,svm,max,balanced,cached_mxbai,3017,1782219065.9361336,,,
9890,0,svm,max,balanced,cached_mxbai,3018,1782219066.3427196,,,
9610,0,svm,max,balanced,cached_mxbai,3019,1782219066.7469788,,,
9886,0,svm,max,balanced,cached_mxbai,3020,1782219067.150572,,,
175,0,svm,max,balanced,cached_mxbai,3021,1782219067.554688,,,
4089,0,svm,max,balanced,cached_mxbai,3022,1782219067.9619265,,,
3575,0,svm,max,balanced,cached_mxbai,3023,1782219068.3686295,,,
638,0,svm,max,balanced,cached_mxbai,3024,1782219068.775138,,,
3861,0,svm,max,balanced,cached_mxbai,3025,1782219069.179889,,,
9790,0,svm,max,balanced,cached_mxbai,3026,1782219069.5863376,,,
1765,0,svm,max,balanced,cached_mxbai,3027,1782219069.9878466,,,
1736,0,svm,max,balanced,cached_mxbai,3028,1782219070.3946438,,,
1988,0,svm,max,balanced,cached_mxbai,3029,1782219070.7951484,,,
9825,0,svm,max,balanced,cached_mxbai,3030,1782219071.2011478,,,
8648,0,svm,max,balanced,cached_mxbai,3031,1782219071.6045053,,,
9241,0,svm,max,balanced,cached_mxbai,3032,1782219072.0099716,,,
6979,0,svm,max,balanced,cached_mxbai,3033,1782219072.4193175,,,
4658,0,svm,max,balanced,cached_mxbai,3034,1782219072.8235376,,,
9687,0,svm,max,balanced,cached_mxbai,3035,1782219073.2333186,,,
1861,0,svm,max,balanced,cached_mxbai,3036,1782219073.6412714,,,
8814,0,svm,max,balanced,cached_mxbai,3037,1782219074.049408,,,
6236,0,svm,max,balanced,cached_mxbai,3038,1782219074.4591985,,,
931,0,svm,max,balanced,cached_mxbai,3039,1782219074.865843,,,
3180,0,svm,max,balanced,cached_mxbai,3040,1782219075.287735,,,
5921,0,svm,max,balanced,cached_mxbai,3041,1782219075.699576,,,
943,0,svm,max,balanced,cached_mxbai,3042,1782219076.102106,,,
4002,0,svm,max,balanced,cached_mxbai,3043,1782219076.5044637,,,
1886,0,svm,max,balanced,cached_mxbai,3044,1782219076.903335,,,
7275,0,svm,max,balanced,cached_mxbai,3045,1782219077.301986,,,
3970,0,svm,max,balanced,cached_mxbai,3046,1782219077.695159,,,
2487,0,svm,max,balanced,cached_mxbai,3047,1782219078.0944438,,,
10222,0,svm,max,balanced,cached_mxbai,3048,1782219078.49457,,,
9541,0,svm,max,balanced,cached_mxbai,3049,1782219078.8980236,,,
3421,0,svm,max,balanced,cached_mxbai,3050,1782219079.2931771,,,
2818,0,svm,max,balanced,cached_mxbai,3051,1782219079.6875615,,,
9103,0,svm,max,balanced,cached_mxbai,3052,1782219080.099187,,,
3046,0,svm,max,balanced,cached_mxbai,3053,1782219080.5038698,,,
10585,0,svm,max,balanced,cached_mxbai,3054,1782219080.9061232,,,
7913,0,svm,max,balanced,cached_mxbai,3055,1782219081.3087814,,,
8943,0,svm,max,balanced,cached_mxbai,3056,1782219081.7087119,,,
7322,0,svm,max,balanced,cached_mxbai,3057,1782219082.1158214,,,
3738,0,svm,max,balanced,cached_mxbai,3058,1782219082.5151463,,,
9358,0,svm,max,balanced,cached_mxbai,3059,1782219082.912692,,,
9049,0,svm,max,balanced,cached_mxbai,3060,1782219083.3193908,,,
6313,0,svm,max,balanced,cached_mxbai,3061,1782219083.7256472,,,
3826,0,svm,max,balanced,cached_mxbai,3062,1782219084.1257522,,,
6382,0,svm,max,balanced,cached_mxbai,3063,1782219084.5246482,,,
4980,0,svm,max,balanced,cached_mxbai,3064,1782219084.9207857,,,
4758,0,svm,max,balanced,cached_mxbai,3065,1782219085.351228,,,
5206,0,svm,max,balanced,cached_mxbai,3066,1782219085.751544,,,
150,0,svm,max,balanced,cached_mxbai,3067,1782219086.1518185,,,
5479,0,svm,max,balanced,cached_mxbai,3068,1782219086.5547316,,,
6009,0,svm,max,balanced,cached_mxbai,3069,1782219086.9558494,,,
7615,0,svm,max,balanced,cached_mxbai,3070,1782219087.36141,,,
5075,0,svm,max,balanced,cached_mxbai,3071,1782219087.7619216,,,
8645,0,svm,max,balanced,cached_mxbai,3072,1782219088.1672606,,,
1763,0,svm,max,balanced,cached_mxbai,3073,1782219088.5719473,,,
9873,0,svm,max,balanced,cached_mxbai,3074,1782219088.9768395,,,
8174,0,svm,max,balanced,cached_mxbai,3075,1782219089.383529,,,
428,0,svm,max,balanced,cached_mxbai,3076,1782219089.7821558,,,
1800,0,svm,max,balanced,cached_mxbai,3077,1782219090.2202084,,,
5054,0,svm,max,balanced,cached_mxbai,3078,1782219090.6229591,,,
4039,0,svm,max,balanced,cached_mxbai,3079,1782219091.0260267,,,
3868,0,svm,max,balanced,cached_mxbai,3080,1782219091.4343517,,,
7273,0,svm,max,balanced,cached_mxbai,3081,1782219091.8390627,,,
3853,0,svm,max,balanced,cached_mxbai,3082,1782219092.2417734,,,
1672,0,svm,max,balanced,cached_mxbai,3083,1782219092.643643,,,
4580,0,svm,max,balanced,cached_mxbai,3084,1782219093.0517235,,,
9306,0,svm,max,balanced,cached_mxbai,3085,1782219093.4599886,,,
9656,0,svm,max,balanced,cached_mxbai,3086,1782219093.862308,,,
3411,0,svm,max,balanced,cached_mxbai,3087,1782219094.2668495,,,
31,0,svm,max,balanced,cached_mxbai,3088,1782219094.6702383,,,
8152,0,svm,max,balanced,cached_mxbai,3089,1782219095.0765722,,,
10453,0,svm,max,balanced,cached_mxbai,3090,1782219095.5245988,,,
3758,0,svm,max,balanced,cached_mxbai,3091,1782219095.9330556,,,
5149,0,svm,max,balanced,cached_mxbai,3092,1782219096.340282,,,
89,0,svm,max,balanced,cached_mxbai,3093,1782219096.7448275,,,
3310,0,svm,max,balanced,cached_mxbai,3094,1782219097.1515896,,,
4443,0,svm,max,balanced,cached_mxbai,3095,1782219097.5579774,,,
2276,0,svm,max,balanced,cached_mxbai,3096,1782219097.9649575,,,
4432,0,svm,max,balanced,cached_mxbai,3097,1782219098.374629,,,
4478,0,svm,max,balanced,cached_mxbai,3098,1782219098.785032,,,
4340,0,svm,max,balanced,cached_mxbai,3099,1782219099.194737,,,
3760,0,svm,max,balanced,cached_mxbai,3100,1782219099.616015,,,
879,0,svm,max,balanced,cached_mxbai,3101,1782219100.0295293,,,
5843,0,svm,max,balanced,cached_mxbai,3102,1782219100.4469728,,,
3751,0,svm,max,balanced,cached_mxbai,3103,1782219100.8569746,,,
1508,0,svm,max,balanced,cached_mxbai,3104,1782219101.2742748,,,
4678,0,svm,max,balanced,cached_mxbai,3105,1782219101.687922,,,
82,0,svm,max,balanced,cached_mxbai,3106,1782219102.0984876,,,
3599,0,svm,max,balanced,cached_mxbai,3107,1782219102.5116725,,,
8931,0,svm,max,balanced,cached_mxbai,3108,1782219102.9188857,,,
7156,0,svm,max,balanced,cached_mxbai,3109,1782219103.3344126,,,
343,0,svm,max,balanced,cached_mxbai,3110,1782219103.750863,,,
8288,0,svm,max,balanced,cached_mxbai,3111,1782219104.1566143,,,
5384,0,svm,max,balanced,cached_mxbai,3112,1782219104.5649817,,,
2321,0,svm,max,balanced,cached_mxbai,3113,1782219104.9726799,,,
10032,0,svm,max,balanced,cached_mxbai,3114,1782219105.4067812,,,
3465,0,svm,max,balanced,cached_mxbai,3115,1782219105.8159647,,,
2379,0,svm,max,balanced,cached_mxbai,3116,1782219106.2261217,,,
4993,0,svm,max,balanced,cached_mxbai,3117,1782219106.635351,,,
605,0,svm,max,balanced,cached_mxbai,3118,1782219107.0411112,,,
7671,0,svm,max,balanced,cached_mxbai,3119,1782219107.4525964,,,
4579,0,svm,max,balanced,cached_mxbai,3120,1782219107.873926,,,
9983,0,svm,max,balanced,cached_mxbai,3121,1782219108.284048,,,
4125,0,svm,max,balanced,cached_mxbai,3122,1782219108.6958516,,,
1007,0,svm,max,balanced,cached_mxbai,3123,1782219109.112494,,,
7937,0,svm,max,balanced,cached_mxbai,3124,1782219109.5219917,,,
9463,0,svm,max,balanced,cached_mxbai,3125,1782219109.931431,,,
4254,0,svm,max,balanced,cached_mxbai,3126,1782219110.3397188,,,
9903,0,svm,max,balanced,cached_mxbai,3127,1782219110.7452123,,,
5849,0,svm,max,balanced,cached_mxbai,3128,1782219111.1477575,,,
8090,0,svm,max,balanced,cached_mxbai,3129,1782219111.5582225,,,
7677,0,svm,max,balanced,cached_mxbai,3130,1782219111.9748986,,,
3103,0,svm,max,balanced,cached_mxbai,3131,1782219112.3822165,,,
9587,0,svm,max,balanced,cached_mxbai,3132,1782219112.7875805,,,
5390,0,svm,max,balanced,cached_mxbai,3133,1782219113.1916523,,,
6218,0,svm,max,balanced,cached_mxbai,3134,1782219113.6084192,,,
4776,0,svm,max,balanced,cached_mxbai,3135,1782219114.0217218,,,
2646,0,svm,max,balanced,cached_mxbai,3136,1782219114.4312754,,,
5688,0,svm,max,balanced,cached_mxbai,3137,1782219114.839387,,,
1399,0,svm,max,balanced,cached_mxbai,3138,1782219115.2570765,,,
8859,0,svm,max,balanced,cached_mxbai,3139,1782219115.6773996,,,
4556,0,svm,max,balanced,cached_mxbai,3140,1782219116.0857368,,,
1545,0,svm,max,balanced,cached_mxbai,3141,1782219116.497257,,,
6715,0,svm,max,balanced,cached_mxbai,3142,1782219116.9086833,,,
894,0,svm,max,balanced,cached_mxbai,3143,1782219117.3346434,,,
8161,0,svm,max,balanced,cached_mxbai,3144,1782219117.752152,,,
6855,0,svm,max,balanced,cached_mxbai,3145,1782219118.1684275,,,
2332,0,svm,max,balanced,cached_mxbai,3146,1782219118.5866969,,,
7698,0,svm,max,balanced,cached_mxbai,3147,1782219119.0139198,,,
10163,0,svm,max,balanced,cached_mxbai,3148,1782219119.4342844,,,
3746,0,svm,max,balanced,cached_mxbai,3149,1782219119.8622696,,,
5261,0,svm,max,balanced,cached_mxbai,3150,1782219120.2787318,,,
4819,0,svm,max,balanced,cached_mxbai,3151,1782219120.6932461,,,
7731,0,svm,max,balanced,cached_mxbai,3152,1782219121.1049778,,,
3128,0,svm,max,balanced,cached_mxbai,3153,1782219121.5172782,,,
9546,0,svm,max,balanced,cached_mxbai,3154,1782219121.9380448,,,
7326,0,svm,max,balanced,cached_mxbai,3155,1782219122.3577058,,,
6474,0,svm,max,balanced,cached_mxbai,3156,1782219122.7814786,,,
40,0,svm,max,balanced,cached_mxbai,3157,1782219123.220526,,,
555,0,svm,max,balanced,cached_mxbai,3158,1782219123.6475084,,,
6689,0,svm,max,balanced,cached_mxbai,3159,1782219124.0815873,,,
1940,0,svm,max,balanced,cached_mxbai,3160,1782219124.495485,,,
8856,0,svm,max,balanced,cached_mxbai,3161,1782219124.9076452,,,
3546,0,svm,max,balanced,cached_mxbai,3162,1782219125.3470113,,,
6698,0,svm,max,balanced,cached_mxbai,3163,1782219125.76576,,,
4385,0,svm,max,balanced,cached_mxbai,3164,1782219126.1782906,,,
9668,0,svm,max,balanced,cached_mxbai,3165,1782219126.6106033,,,
7419,0,svm,max,balanced,cached_mxbai,3166,1782219127.0220938,,,
1503,0,svm,max,balanced,cached_mxbai,3167,1782219127.4359107,,,
4321,0,svm,max,balanced,cached_mxbai,3168,1782219127.849126,,,
7692,0,svm,max,balanced,cached_mxbai,3169,1782219128.2634504,,,
4639,0,svm,max,balanced,cached_mxbai,3170,1782219128.6794157,,,
1757,0,svm,max,balanced,cached_mxbai,3171,1782219129.097408,,,
7991,0,svm,max,balanced,cached_mxbai,3172,1782219129.5141823,,,
3739,0,svm,max,balanced,cached_mxbai,3173,1782219129.9297009,,,
2567,0,svm,max,balanced,cached_mxbai,3174,1782219130.3458414,,,
4408,0,svm,max,balanced,cached_mxbai,3175,1782219130.7638571,,,
416,0,svm,max,balanced,cached_mxbai,3176,1782219131.1799629,,,
3105,0,svm,max,balanced,cached_mxbai,3177,1782219131.5990467,,,
6144,0,svm,max,balanced,cached_mxbai,3178,1782219132.0132232,,,
5004,0,svm,max,balanced,cached_mxbai,3179,1782219132.4379487,,,
1551,0,svm,max,balanced,cached_mxbai,3180,1782219132.854685,,,
151,0,svm,max,balanced,cached_mxbai,3181,1782219133.2696996,,,
3636,0,svm,max,balanced,cached_mxbai,3182,1782219133.6874259,,,
5431,0,svm,max,balanced,cached_mxbai,3183,1782219134.114299,,,
100,0,svm,max,balanced,cached_mxbai,3184,1782219134.5416462,,,
7650,0,svm,max,balanced,cached_mxbai,3185,1782219134.9664145,,,
9700,0,svm,max,balanced,cached_mxbai,3186,1782219135.4230945,,,
1273,0,svm,max,balanced,cached_mxbai,3187,1782219135.8471742,,,
9858,0,svm,max,balanced,cached_mxbai,3188,1782219136.2580554,,,
1924,0,svm,max,balanced,cached_mxbai,3189,1782219136.6714604,,,
7674,0,svm,max,balanced,cached_mxbai,3190,1782219137.0800772,,,
8414,0,svm,max,balanced,cached_mxbai,3191,1782219137.500939,,,
3990,0,svm,max,balanced,cached_mxbai,3192,1782219137.918044,,,
4583,0,svm,max,balanced,cached_mxbai,3193,1782219138.3352268,,,
3365,0,svm,max,balanced,cached_mxbai,3194,1782219138.7530532,,,
10269,0,svm,max,balanced,cached_mxbai,3195,1782219139.1666162,,,
5540,0,svm,max,balanced,cached_mxbai,3196,1782219139.602754,,,
949,0,svm,max,balanced,cached_mxbai,3197,1782219140.0255585,,,
6081,0,svm,max,balanced,cached_mxbai,3198,1782219140.4438066,,,
5127,0,svm,max,balanced,cached_mxbai,3199,1782219140.8646722,,,
8207,0,svm,max,balanced,cached_mxbai,3200,1782219141.2812622,,,
4178,0,svm,max,balanced,cached_mxbai,3201,1782219141.7002552,,,
4848,0,svm,max,balanced,cached_mxbai,3202,1782219142.122099,,,
3051,0,svm,max,balanced,cached_mxbai,3203,1782219142.550236,,,
8173,0,svm,max,balanced,cached_mxbai,3204,1782219142.974834,,,
3681,0,svm,max,balanced,cached_mxbai,3205,1782219143.3966718,,,
7449,0,svm,max,balanced,cached_mxbai,3206,1782219143.8252127,,,
4904,0,svm,max,balanced,cached_mxbai,3207,1782219144.2503514,,,
8715,0,svm,max,balanced,cached_mxbai,3208,1782219144.678205,,,
6373,0,svm,max,balanced,cached_mxbai,3209,1782219145.1092215,,,
2197,0,svm,max,balanced,cached_mxbai,3210,1782219145.5496516,,,
6584,0,svm,max,balanced,cached_mxbai,3211,1782219145.9784923,,,
4802,0,svm,max,balanced,cached_mxbai,3212,1782219146.4008374,,,
162,0,svm,max,balanced,cached_mxbai,3213,1782219146.8255043,,,
3258,0,svm,max,balanced,cached_mxbai,3214,1782219147.2417755,,,
6052,0,svm,max,balanced,cached_mxbai,3215,1782219147.664322,,,
1187,0,svm,max,balanced,cached_mxbai,3216,1782219148.084541,,,
8409,0,svm,max,balanced,cached_mxbai,3217,1782219148.5050302,,,
337,0,svm,max,balanced,cached_mxbai,3218,1782219148.9348536,,,
5546,0,svm,max,balanced,cached_mxbai,3219,1782219149.4139998,,,
673,0,svm,max,balanced,cached_mxbai,3220,1782219149.8362937,,,
4833,0,svm,max,balanced,cached_mxbai,3221,1782219150.2588918,,,
3964,0,svm,max,balanced,cached_mxbai,3222,1782219150.6953635,,,
7608,0,svm,max,balanced,cached_mxbai,3223,1782219151.1198072,,,
6939,0,svm,max,balanced,cached_mxbai,3224,1782219151.543717,,,
5730,0,svm,max,balanced,cached_mxbai,3225,1782219151.969392,,,
7532,0,svm,max,balanced,cached_mxbai,3226,1782219152.3964734,,,
1331,0,svm,max,balanced,cached_mxbai,3227,1782219152.8195338,,,
7783,0,svm,max,balanced,cached_mxbai,3228,1782219153.2961783,,,
8287,0,svm,max,balanced,cached_mxbai,3229,1782219153.775562,,,
128,0,svm,max,balanced,cached_mxbai,3230,1782219154.196117,,,
7533,0,svm,max,balanced,cached_mxbai,3231,1782219154.6212435,,,
1137,0,svm,max,balanced,cached_mxbai,3232,1782219155.1019385,,,
3896,0,svm,max,balanced,cached_mxbai,3233,1782219155.5397599,,,
8181,0,svm,max,balanced,cached_mxbai,3234,1782219155.968955,,,
5889,0,svm,max,balanced,cached_mxbai,3235,1782219156.3944607,,,
5073,0,svm,max,balanced,cached_mxbai,3236,1782219156.8194559,,,
2700,0,svm,max,balanced,cached_mxbai,3237,1782219157.2430875,,,
4940,0,svm,max,balanced,cached_mxbai,3238,1782219157.6679862,,,
3437,0,svm,max,balanced,cached_mxbai,3239,1782219158.0922143,,,
956,0,svm,max,balanced,cached_mxbai,3240,1782219158.5164309,,,
3567,0,svm,max,balanced,cached_mxbai,3241,1782219158.9452825,,,
4401,0,svm,max,balanced,cached_mxbai,3242,1782219159.3707252,,,
198,0,svm,max,balanced,cached_mxbai,3243,1782219159.800149,,,
3149,0,svm,max,balanced,cached_mxbai,3244,1782219160.2277467,,,
3172,0,svm,max,balanced,cached_mxbai,3245,1782219160.6551456,,,
4794,0,svm,max,balanced,cached_mxbai,3246,1782219161.0807714,,,
2587,0,svm,max,balanced,cached_mxbai,3247,1782219161.506533,,,
797,0,svm,max,balanced,cached_mxbai,3248,1782219161.9372163,,,
7472,0,svm,max,balanced,cached_mxbai,3249,1782219162.365222,,,
2766,0,svm,max,balanced,cached_mxbai,3250,1782219162.7964568,,,
7807,0,svm,max,balanced,cached_mxbai,3251,1782219163.2252069,,,
8565,0,svm,max,balanced,cached_mxbai,3252,1782219163.6565483,,,
7696,0,svm,max,balanced,cached_mxbai,3253,1782219164.0831249,,,
3910,0,svm,max,balanced,cached_mxbai,3254,1782219164.5091026,,,
5993,0,svm,max,balanced,cached_mxbai,3255,1782219164.9476569,,,
7886,0,svm,max,balanced,cached_mxbai,3256,1782219165.397727,,,
5101,0,svm,max,balanced,cached_mxbai,3257,1782219165.8343728,,,
7429,0,svm,max,balanced,cached_mxbai,3258,1782219166.2645464,,,
8264,0,svm,max,balanced,cached_mxbai,3259,1782219166.695504,,,
5545,0,svm,max,balanced,cached_mxbai,3260,1782219167.1267035,,,
4780,0,svm,max,balanced,cached_mxbai,3261,1782219167.5536127,,,
5162,0,svm,max,balanced,cached_mxbai,3262,1782219167.982775,,,
7437,0,svm,max,balanced,cached_mxbai,3263,1782219168.4095714,,,
4405,0,svm,max,balanced,cached_mxbai,3264,1782219168.843888,,,
3678,0,svm,max,balanced,cached_mxbai,3265,1782219169.2766352,,,
2569,0,svm,max,balanced,cached_mxbai,3266,1782219169.7089703,,,
8568,0,svm,max,balanced,cached_mxbai,3267,1782219170.1385398,,,
5109,0,svm,max,balanced,cached_mxbai,3268,1782219170.571866,,,
3113,0,svm,max,balanced,cached_mxbai,3269,1782219171.001566,,,
6586,0,svm,max,balanced,cached_mxbai,3270,1782219171.4337075,,,
6252,0,svm,max,balanced,cached_mxbai,3271,1782219171.8688445,,,
936,0,svm,max,balanced,cached_mxbai,3272,1782219172.3075376,,,
9053,0,svm,max,balanced,cached_mxbai,3273,1782219172.7445424,,,
4084,0,svm,max,balanced,cached_mxbai,3274,1782219173.1790893,,,
794,0,svm,max,balanced,cached_mxbai,3275,1782219173.6102235,,,
4897,0,svm,max,balanced,cached_mxbai,3276,1782219174.0437038,,,
3275,0,svm,max,balanced,cached_mxbai,3277,1782219174.47272,,,
8051,0,svm,max,balanced,cached_mxbai,3278,1782219174.903835,,,
1673,0,svm,max,balanced,cached_mxbai,3279,1782219175.3551188,,,
8482,0,svm,max,balanced,cached_mxbai,3280,1782219175.788587,,,
2872,0,svm,max,balanced,cached_mxbai,3281,1782219176.2242038,,,
2203,0,svm,max,balanced,cached_mxbai,3282,1782219176.6554947,,,
4174,0,svm,max,balanced,cached_mxbai,3283,1782219177.0902374,,,
3522,0,svm,max,balanced,cached_mxbai,3284,1782219177.5827613,,,
155,0,svm,max,balanced,cached_mxbai,3285,1782219178.0709584,,,
8203,0,svm,max,balanced,cached_mxbai,3286,1782219178.5005298,,,
6927,0,svm,max,balanced,cached_mxbai,3287,1782219178.9357975,,,
7042,0,svm,max,balanced,cached_mxbai,3288,1782219179.3645384,,,
4603,0,svm,max,balanced,cached_mxbai,3289,1782219179.797414,,,
7621,0,svm,max,balanced,cached_mxbai,3290,1782219180.2360024,,,
4656,0,svm,max,balanced,cached_mxbai,3291,1782219180.6680763,,,
3473,0,svm,max,balanced,cached_mxbai,3292,1782219181.1024394,,,
2917,0,svm,max,balanced,cached_mxbai,3293,1782219181.532953,,,
6578,0,svm,max,balanced,cached_mxbai,3294,1782219181.9643984,,,
1618,0,svm,max,balanced,cached_mxbai,3295,1782219182.3961692,,,
6737,0,svm,max,balanced,cached_mxbai,3296,1782219182.8281999,,,
2414,0,svm,max,balanced,cached_mxbai,3297,1782219183.2656455,,,
4263,0,svm,max,balanced,cached_mxbai,3298,1782219183.6967938,,,
9555,0,svm,max,balanced,cached_mxbai,3299,1782219184.1276875,,,
7386,0,svm,max,balanced,cached_mxbai,3300,1782219184.5602624,,,
4835,0,svm,max,balanced,cached_mxbai,3301,1782219184.9938548,,,
10199,0,svm,max,balanced,cached_mxbai,3302,1782219185.4496388,,,
7788,0,svm,max,balanced,cached_mxbai,3303,1782219185.894124,,,
8818,0,svm,max,balanced,cached_mxbai,3304,1782219186.3267388,,,
230,0,svm,max,balanced,cached_mxbai,3305,1782219186.7715957,,,
3719,0,svm,max,balanced,cached_mxbai,3306,1782219187.218399,,,
1515,0,svm,max,balanced,cached_mxbai,3307,1782219187.6621947,,,
6348,0,svm,max,balanced,cached_mxbai,3308,1782219188.10616,,,
7936,0,svm,max,balanced,cached_mxbai,3309,1782219188.5547822,,,
4864,0,svm,max,balanced,cached_mxbai,3310,1782219189.0012045,,,
9427,0,svm,max,balanced,cached_mxbai,3311,1782219189.4511535,,,
354,0,svm,max,balanced,cached_mxbai,3312,1782219189.8977234,,,
112,0,svm,max,balanced,cached_mxbai,3313,1782219190.3432105,,,
2270,0,svm,max,balanced,cached_mxbai,3314,1782219190.7894073,,,
4934,0,svm,max,balanced,cached_mxbai,3315,1782219191.2378395,,,
6666,0,svm,max,balanced,cached_mxbai,3316,1782219191.6839998,,,
1701,0,svm,max,balanced,cached_mxbai,3317,1782219192.1341972,,,
2028,0,svm,max,balanced,cached_mxbai,3318,1782219192.579315,,,
7436,0,svm,max,balanced,cached_mxbai,3319,1782219193.0290234,,,
3621,0,svm,max,balanced,cached_mxbai,3320,1782219193.4762158,,,
630,0,svm,max,balanced,cached_mxbai,3321,1782219193.925076,,,
2855,0,svm,max,balanced,cached_mxbai,3322,1782219194.375284,,,
5878,0,svm,max,balanced,cached_mxbai,3323,1782219194.819486,,,
4998,0,svm,max,balanced,cached_mxbai,3324,1782219195.2868922,,,
2250,0,svm,max,balanced,cached_mxbai,3325,1782219195.7276285,,,
3453,0,svm,max,balanced,cached_mxbai,3326,1782219196.1699119,,,
441,0,svm,max,balanced,cached_mxbai,3327,1782219196.6116853,,,
5118,0,svm,max,balanced,cached_mxbai,3328,1782219197.0568259,,,
6405,0,svm,max,balanced,cached_mxbai,3329,1782219197.4993057,,,
9863,0,svm,max,balanced,cached_mxbai,3330,1782219197.9428494,,,
3706,0,svm,max,balanced,cached_mxbai,3331,1782219198.386616,,,
4512,0,svm,max,balanced,cached_mxbai,3332,1782219198.8386102,,,
4071,0,svm,max,balanced,cached_mxbai,3333,1782219199.2856367,,,
4623,0,svm,max,balanced,cached_mxbai,3334,1782219199.732886,,,
4433,0,svm,max,balanced,cached_mxbai,3335,1782219200.175228,,,
618,0,svm,max,balanced,cached_mxbai,3336,1782219200.626032,,,
4005,0,svm,max,balanced,cached_mxbai,3337,1782219201.0683343,,,
1091,0,svm,max,balanced,cached_mxbai,3338,1782219201.511772,,,
7015,0,svm,max,balanced,cached_mxbai,3339,1782219201.9596925,,,
7224,0,svm,max,balanced,cached_mxbai,3340,1782219202.4056659,,,
4739,0,svm,max,balanced,cached_mxbai,3341,1782219202.8497107,,,
4146,0,svm,max,balanced,cached_mxbai,3342,1782219203.2949274,,,
8773,0,svm,max,balanced,cached_mxbai,3343,1782219203.7478843,,,
411,0,svm,max,balanced,cached_mxbai,3344,1782219204.2050538,,,
601,0,svm,max,balanced,cached_mxbai,3345,1782219204.6538353,,,
830,0,svm,max,balanced,cached_mxbai,3346,1782219205.1225402,,,
7316,0,svm,max,balanced,cached_mxbai,3347,1782219205.6079037,,,
9163,0,svm,max,balanced,cached_mxbai,3348,1782219206.0628722,,,
9179,0,svm,max,balanced,cached_mxbai,3349,1782219206.5097468,,,
8576,0,svm,max,balanced,cached_mxbai,3350,1782219206.9609735,,,
7234,0,svm,max,balanced,cached_mxbai,3351,1782219207.4118664,,,
7053,0,svm,max,balanced,cached_mxbai,3352,1782219207.8660643,,,
5892,0,svm,max,balanced,cached_mxbai,3353,1782219208.3177783,,,
5158,0,svm,max,balanced,cached_mxbai,3354,1782219208.7709851,,,
9373,0,svm,max,balanced,cached_mxbai,3355,1782219209.2286713,,,
9140,0,svm,max,balanced,cached_mxbai,3356,1782219209.6770327,,,
4641,0,svm,max,balanced,cached_mxbai,3357,1782219210.1284134,,,
1340,0,svm,max,balanced,cached_mxbai,3358,1782219210.580171,,,
659,0,svm,max,balanced,cached_mxbai,3359,1782219211.0330048,,,
3860,0,svm,max,balanced,cached_mxbai,3360,1782219211.487895,,,
8947,0,svm,max,balanced,cached_mxbai,3361,1782219211.937779,,,
4777,0,svm,max,balanced,cached_mxbai,3362,1782219212.3899214,,,
1395,0,svm,max,balanced,cached_mxbai,3363,1782219212.845112,,,
3325,0,svm,max,balanced,cached_mxbai,3364,1782219213.3083246,,,
8327,0,svm,max,balanced,cached_mxbai,3365,1782219213.7631695,,,
8728,0,svm,max,balanced,cached_mxbai,3366,1782219214.2162628,,,
6262,0,svm,max,balanced,cached_mxbai,3367,1782219214.668288,,,
7004,0,svm,max,balanced,cached_mxbai,3368,1782219215.1264808,,,
9626,0,svm,max,balanced,cached_mxbai,3369,1782219215.6037607,,,
6728,0,svm,max,balanced,cached_mxbai,3370,1782219216.0666912,,,
4756,0,svm,max,balanced,cached_mxbai,3371,1782219216.5213542,,,
8406,0,svm,max,balanced,cached_mxbai,3372,1782219216.9719605,,,
3086,0,svm,max,balanced,cached_mxbai,3373,1782219217.4235365,,,
270,0,svm,max,balanced,cached_mxbai,3374,1782219217.8763833,,,
5123,0,svm,max,balanced,cached_mxbai,3375,1782219218.3277519,,,
10366,0,svm,max,balanced,cached_mxbai,3376,1782219218.7836452,,,
1195,0,svm,max,balanced,cached_mxbai,3377,1782219219.2363648,,,
8611,0,svm,max,balanced,cached_mxbai,3378,1782219219.6998155,,,
3287,0,svm,max,balanced,cached_mxbai,3379,1782219220.1569188,,,
6756,0,svm,max,balanced,cached_mxbai,3380,1782219220.613492,,,
9336,0,svm,max,balanced,cached_mxbai,3381,1782219221.0706832,,,
5806,0,svm,max,balanced,cached_mxbai,3382,1782219221.5235536,,,
4594,0,svm,max,balanced,cached_mxbai,3383,1782219221.9754465,,,
754,0,svm,max,balanced,cached_mxbai,3384,1782219222.4330049,,,
9327,0,svm,max,balanced,cached_mxbai,3385,1782219222.8854334,,,
4387,0,svm,max,balanced,cached_mxbai,3386,1782219223.3408504,,,
1207,0,svm,max,balanced,cached_mxbai,3387,1782219223.7903357,,,
5420,0,svm,max,balanced,cached_mxbai,3388,1782219224.2440784,,,
3773,0,svm,max,balanced,cached_mxbai,3389,1782219224.69874,,,
36,0,svm,max,balanced,cached_mxbai,3390,1782219225.1598685,,,
225,0,svm,max,balanced,cached_mxbai,3391,1782219225.6555536,,,
5105,0,svm,max,balanced,cached_mxbai,3392,1782219226.1199403,,,
2372,0,svm,max,balanced,cached_mxbai,3393,1782219226.5798728,,,
9721,0,svm,max,balanced,cached_mxbai,3394,1782219227.0639217,,,
4850,0,svm,max,balanced,cached_mxbai,3395,1782219227.5235605,,,
4074,0,svm,max,balanced,cached_mxbai,3396,1782219227.9843116,,,
6554,0,svm,max,balanced,cached_mxbai,3397,1782219228.441454,,,
1132,0,svm,max,balanced,cached_mxbai,3398,1782219228.9041953,,,
3545,0,svm,max,balanced,cached_mxbai,3399,1782219229.3578448,,,
7892,0,svm,max,balanced,cached_mxbai,3400,1782219229.8183165,,,
4922,0,svm,max,balanced,cached_mxbai,3401,1782219230.2760475,,,
7757,0,svm,max,balanced,cached_mxbai,3402,1782219230.7415602,,,
4704,0,svm,max,balanced,cached_mxbai,3403,1782219231.2002726,,,
878,0,svm,max,balanced,cached_mxbai,3404,1782219231.661512,,,
6731,0,svm,max,balanced,cached_mxbai,3405,1782219232.126418,,,
10020,0,svm,max,balanced,cached_mxbai,3406,1782219232.5853965,,,
4199,0,svm,max,balanced,cached_mxbai,3407,1782219233.0406961,,,
6662,0,svm,max,balanced,cached_mxbai,3408,1782219233.4974802,,,
7883,0,svm,max,balanced,cached_mxbai,3409,1782219233.961512,,,
3985,0,svm,max,balanced,cached_mxbai,3410,1782219234.422909,,,
4220,0,svm,max,balanced,cached_mxbai,3411,1782219234.8822846,,,
3620,0,svm,max,balanced,cached_mxbai,3412,1782219235.3550868,,,
4891,0,svm,max,balanced,cached_mxbai,3413,1782219235.813951,,,
3975,0,svm,max,balanced,cached_mxbai,3414,1782219236.273459,,,
4009,0,svm,max,balanced,cached_mxbai,3415,1782219236.737481,,,
2551,0,svm,max,balanced,cached_mxbai,3416,1782219237.2014368,,,
5192,0,svm,max,balanced,cached_mxbai,3417,1782219237.6561413,,,
5882,0,svm,max,balanced,cached_mxbai,3418,1782219238.1143422,,,
7123,0,svm,max,balanced,cached_mxbai,3419,1782219238.605526,,,
671,0,svm,max,balanced,cached_mxbai,3420,1782219239.0728965,,,
4572,0,svm,max,balanced,cached_mxbai,3421,1782219239.5396664,,,
4171,0,svm,max,balanced,cached_mxbai,3422,1782219240.006376,,,
3573,0,svm,max,balanced,cached_mxbai,3423,1782219240.4768317,,,
6057,0,svm,max,balanced,cached_mxbai,3424,1782219240.9415576,,,
10017,0,svm,max,balanced,cached_mxbai,3425,1782219241.4080322,,,
3765,0,svm,max,balanced,cached_mxbai,3426,1782219241.8713994,,,
1477,0,svm,max,balanced,cached_mxbai,3427,1782219242.3332913,,,
522,0,svm,max,balanced,cached_mxbai,3428,1782219242.8011177,,,
4384,0,svm,max,balanced,cached_mxbai,3429,1782219243.2675931,,,
7700,0,svm,max,balanced,cached_mxbai,3430,1782219243.7339318,,,
4883,0,svm,max,balanced,cached_mxbai,3431,1782219244.1937785,,,
3824,0,svm,max,balanced,cached_mxbai,3432,1782219244.6521692,,,
3499,0,svm,max,balanced,cached_mxbai,3433,1782219245.116572,,,
6772,0,svm,max,balanced,cached_mxbai,3434,1782219245.597312,,,
10126,0,svm,max,balanced,cached_mxbai,3435,1782219246.0600865,,,
9619,0,svm,max,balanced,cached_mxbai,3436,1782219246.5182917,,,
3907,0,svm,max,balanced,cached_mxbai,3437,1782219246.9776418,,,
3766,0,svm,max,balanced,cached_mxbai,3438,1782219247.4404843,,,
4832,0,svm,max,balanced,cached_mxbai,3439,1782219247.9056187,,,
4430,0,svm,max,balanced,cached_mxbai,3440,1782219248.3655531,,,
7746,0,svm,max,balanced,cached_mxbai,3441,1782219248.8283665,,,
167,0,svm,max,balanced,cached_mxbai,3442,1782219249.2955735,,,
8466,0,svm,max,balanced,cached_mxbai,3443,1782219249.7581162,,,
3948,0,svm,max,balanced,cached_mxbai,3444,1782219250.218135,,,
7221,0,svm,max,balanced,cached_mxbai,3445,1782219250.6785946,,,
6814,0,svm,max,balanced,cached_mxbai,3446,1782219251.1399608,,,
4439,0,svm,max,balanced,cached_mxbai,3447,1782219251.601069,,,
7782,0,svm,max,balanced,cached_mxbai,3448,1782219252.0644364,,,
5906,0,svm,max,balanced,cached_mxbai,3449,1782219252.5280678,,,
6290,0,svm,max,balanced,cached_mxbai,3450,1782219252.9921875,,,
4170,0,svm,max,balanced,cached_mxbai,3451,1782219253.4545255,,,
8785,0,svm,max,balanced,cached_mxbai,3452,1782219253.9206192,,,
674,0,svm,max,balanced,cached_mxbai,3453,1782219254.381141,,,
3263,0,svm,max,balanced,cached_mxbai,3454,1782219254.8486574,,,
4060,0,svm,max,balanced,cached_mxbai,3455,1782219255.3382535,,,
6221,0,svm,max,balanced,cached_mxbai,3456,1782219255.8050213,,,
9939,0,svm,max,balanced,cached_mxbai,3457,1782219256.2732081,,,
3189,0,svm,max,balanced,cached_mxbai,3458,1782219256.736868,,,
9426,0,svm,max,balanced,cached_mxbai,3459,1782219257.2035997,,,
9331,0,svm,max,balanced,cached_mxbai,3460,1782219257.6677413,,,
1144,0,svm,max,balanced,cached_mxbai,3461,1782219258.1325676,,,
4691,0,svm,max,balanced,cached_mxbai,3462,1782219258.5985339,,,
1612,0,svm,max,balanced,cached_mxbai,3463,1782219259.0656705,,,
7581,0,svm,max,balanced,cached_mxbai,3464,1782219259.5286572,,,
7606,0,svm,max,balanced,cached_mxbai,3465,1782219259.9951906,,,
10332,0,svm,max,balanced,cached_mxbai,3466,1782219260.4592826,,,
4509,0,svm,max,balanced,cached_mxbai,3467,1782219260.9239182,,,
3979,0,svm,max,balanced,cached_mxbai,3468,1782219261.3911877,,,
763,0,svm,max,balanced,cached_mxbai,3469,1782219261.8604186,,,
108,0,svm,max,balanced,cached_mxbai,3470,1782219262.33027,,,
2805,0,svm,max,balanced,cached_mxbai,3471,1782219262.7952065,,,
651,0,svm,max,balanced,cached_mxbai,3472,1782219263.2616675,,,
7729,0,svm,max,balanced,cached_mxbai,3473,1782219263.7291439,,,
5659,0,svm,max,balanced,cached_mxbai,3474,1782219264.1943107,,,
7657,0,svm,max,balanced,cached_mxbai,3475,1782219264.6628737,,,
2344,0,svm,max,balanced,cached_mxbai,3476,1782219265.1394114,,,
6868,0,svm,max,balanced,cached_mxbai,3477,1782219265.6278877,,,
4248,0,svm,max,balanced,cached_mxbai,3478,1782219266.1093767,,,
3596,0,svm,max,balanced,cached_mxbai,3479,1782219266.5830836,,,
2415,0,svm,max,balanced,cached_mxbai,3480,1782219267.0580428,,,
1478,0,svm,max,balanced,cached_mxbai,3481,1782219267.5248733,,,
3214,0,svm,max,balanced,cached_mxbai,3482,1782219267.9946165,,,
6206,0,svm,max,balanced,cached_mxbai,3483,1782219268.4648507,,,
3875,0,svm,max,balanced,cached_mxbai,3484,1782219268.9374726,,,
3060,0,svm,max,balanced,cached_mxbai,3485,1782219269.4050689,,,
4849,0,svm,max,balanced,cached_mxbai,3486,1782219269.879071,,,
9469,0,svm,max,balanced,cached_mxbai,3487,1782219270.3487625,,,
2949,0,svm,max,balanced,cached_mxbai,3488,1782219270.8223183,,,
1495,0,svm,max,balanced,cached_mxbai,3489,1782219271.2996368,,,
3410,0,svm,max,balanced,cached_mxbai,3490,1782219271.7994106,,,
3589,0,svm,max,balanced,cached_mxbai,3491,1782219272.2697563,,,
772,0,svm,max,balanced,cached_mxbai,3492,1782219272.7456696,,,
2460,0,svm,max,balanced,cached_mxbai,3493,1782219273.214727,,,
7494,0,svm,max,balanced,cached_mxbai,3494,1782219273.688586,,,
2215,0,svm,max,balanced,cached_mxbai,3495,1782219274.1626444,,,
1359,0,svm,max,balanced,cached_mxbai,3496,1782219274.6368315,,,
8157,0,svm,max,balanced,cached_mxbai,3497,1782219275.1094813,,,
4239,0,svm,max,balanced,cached_mxbai,3498,1782219275.5989118,,,
5829,0,svm,max,balanced,cached_mxbai,3499,1782219276.0768552,,,
5133,0,svm,max,balanced,cached_mxbai,3500,1782219276.554768,,,
1624,0,svm,max,balanced,cached_mxbai,3501,1782219277.0351365,,,
3884,0,svm,max,balanced,cached_mxbai,3502,1782219277.5180144,,,
5607,0,svm,max,balanced,cached_mxbai,3503,1782219277.9998221,,,
4347,0,svm,max,balanced,cached_mxbai,3504,1782219278.4853008,,,
1801,0,svm,max,balanced,cached_mxbai,3505,1782219278.9640143,,,
10562,0,svm,max,balanced,cached_mxbai,3506,1782219279.4412122,,,
2229,0,svm,max,balanced,cached_mxbai,3507,1782219279.9221141,,,
8130,0,svm,max,balanced,cached_mxbai,3508,1782219280.3984668,,,
3337,0,svm,max,balanced,cached_mxbai,3509,1782219280.8848085,,,
3978,0,svm,max,balanced,cached_mxbai,3510,1782219281.3619902,,,
5195,0,svm,max,balanced,cached_mxbai,3511,1782219281.8468096,,,
10089,0,svm,max,balanced,cached_mxbai,3512,1782219282.3202865,,,
2464,0,svm,max,balanced,cached_mxbai,3513,1782219282.7921736,,,
10284,0,svm,max,balanced,cached_mxbai,3514,1782219283.2612076,,,
4590,0,svm,max,balanced,cached_mxbai,3515,1782219283.7267327,,,
9458,0,svm,max,balanced,cached_mxbai,3516,1782219284.196911,,,
1140,0,svm,max,balanced,cached_mxbai,3517,1782219284.6693556,,,
374,0,svm,max,balanced,cached_mxbai,3518,1782219285.1470811,,,
1783,0,svm,max,balanced,cached_mxbai,3519,1782219285.6419373,,,
4075,0,svm,max,balanced,cached_mxbai,3520,1782219286.1273215,,,
2351,0,svm,max,balanced,cached_mxbai,3521,1782219286.5975323,,,
5006,0,svm,max,balanced,cached_mxbai,3522,1782219287.0700405,,,
6567,0,svm,max,balanced,cached_mxbai,3523,1782219287.539489,,,
5770,0,svm,max,balanced,cached_mxbai,3524,1782219288.010085,,,
6247,0,svm,max,balanced,cached_mxbai,3525,1782219288.4817002,,,
4027,0,svm,max,balanced,cached_mxbai,3526,1782219288.9532042,,,
10331,0,svm,max,balanced,cached_mxbai,3527,1782219289.4226487,,,
9375,0,svm,max,balanced,cached_mxbai,3528,1782219289.8934069,,,
3276,0,svm,max,balanced,cached_mxbai,3529,1782219290.364883,,,
8641,0,svm,max,balanced,cached_mxbai,3530,1782219290.8336737,,,
9734,0,svm,max,balanced,cached_mxbai,3531,1782219291.305974,,,
5191,0,svm,max,balanced,cached_mxbai,3532,1782219291.7733865,,,
1913,0,svm,max,balanced,cached_mxbai,3533,1782219292.2584875,,,
3356,0,svm,max,balanced,cached_mxbai,3534,1782219292.732567,,,
3613,0,svm,max,balanced,cached_mxbai,3535,1782219293.2208624,,,
5980,0,svm,max,balanced,cached_mxbai,3536,1782219293.6937544,,,
2496,0,svm,max,balanced,cached_mxbai,3537,1782219294.1685684,,,
6142,0,svm,max,balanced,cached_mxbai,3538,1782219294.6476958,,,
4059,0,svm,max,balanced,cached_mxbai,3539,1782219295.1272442,,,
9300,0,svm,max,balanced,cached_mxbai,3540,1782219295.6235275,,,
8000,0,svm,max,balanced,cached_mxbai,3541,1782219296.1055171,,,
7325,0,svm,max,balanced,cached_mxbai,3542,1782219296.5771961,,,
4906,0,svm,max,balanced,cached_mxbai,3543,1782219297.0740833,,,
9523,0,svm,max,balanced,cached_mxbai,3544,1782219297.5574727,,,
1180,0,svm,max,balanced,cached_mxbai,3545,1782219298.0358057,,,
7645,0,svm,max,balanced,cached_mxbai,3546,1782219298.5116153,,,
6498,0,svm,max,balanced,cached_mxbai,3547,1782219299.0142026,,,
9898,0,svm,max,balanced,cached_mxbai,3548,1782219299.489423,,,
10371,0,svm,max,balanced,cached_mxbai,3549,1782219299.9648876,,,
2438,0,svm,max,balanced,cached_mxbai,3550,1782219300.4400482,,,
3069,0,svm,max,balanced,cached_mxbai,3551,1782219300.9187603,,,
1868,0,svm,max,balanced,cached_mxbai,3552,1782219301.3963377,,,
6742,0,svm,max,balanced,cached_mxbai,3553,1782219301.877263,,,
6571,0,svm,max,balanced,cached_mxbai,3554,1782219302.3570797,,,
4858,0,svm,max,balanced,cached_mxbai,3555,1782219302.8398614,,,
4024,0,svm,max,balanced,cached_mxbai,3556,1782219303.3267422,,,
10260,0,svm,max,balanced,cached_mxbai,3557,1782219303.8101342,,,
6610,0,svm,max,balanced,cached_mxbai,3558,1782219304.2942576,,,
935,0,svm,max,balanced,cached_mxbai,3559,1782219304.7770164,,,
1881,0,svm,max,balanced,cached_mxbai,3560,1782219305.275672,,,
991,0,svm,max,balanced,cached_mxbai,3561,1782219305.7529573,,,
5641,0,svm,max,balanced,cached_mxbai,3562,1782219306.239581,,,
7999,0,svm,max,balanced,cached_mxbai,3563,1782219306.7299705,,,
4312,0,svm,max,balanced,cached_mxbai,3564,1782219307.2107494,,,
7138,0,svm,max,balanced,cached_mxbai,3565,1782219307.689401,,,
4644,0,svm,max,balanced,cached_mxbai,3566,1782219308.1707432,,,
2789,0,svm,max,balanced,cached_mxbai,3567,1782219308.648463,,,
4067,0,svm,max,balanced,cached_mxbai,3568,1782219309.1252048,,,
9175,0,svm,max,balanced,cached_mxbai,3569,1782219309.6042192,,,
5065,0,svm,max,balanced,cached_mxbai,3570,1782219310.0822043,,,
10544,0,svm,max,balanced,cached_mxbai,3571,1782219310.5622497,,,
7509,0,svm,max,balanced,cached_mxbai,3572,1782219311.0443563,,,
6944,0,svm,max,balanced,cached_mxbai,3573,1782219311.523914,,,
300,0,svm,max,balanced,cached_mxbai,3574,1782219311.9982097,,,
7218,0,svm,max,balanced,cached_mxbai,3575,1782219312.4800801,,,
9072,0,svm,max,balanced,cached_mxbai,3576,1782219312.960549,,,
2211,0,svm,max,balanced,cached_mxbai,3577,1782219313.446935,,,
5796,0,svm,max,balanced,cached_mxbai,3578,1782219313.9279683,,,
2515,0,svm,max,balanced,cached_mxbai,3579,1782219314.4155796,,,
6294,0,svm,max,balanced,cached_mxbai,3580,1782219314.8993108,,,
6341,0,svm,max,balanced,cached_mxbai,3581,1782219315.408106,,,
6998,0,svm,max,balanced,cached_mxbai,3582,1782219315.9048002,,,
8357,0,svm,max,balanced,cached_mxbai,3583,1782219316.4058375,,,
3269,0,svm,max,balanced,cached_mxbai,3584,1782219316.8921063,,,
718,0,svm,max,balanced,cached_mxbai,3585,1782219317.3763177,,,
10468,0,svm,max,balanced,cached_mxbai,3586,1782219317.8625216,,,
10434,0,svm,max,balanced,cached_mxbai,3587,1782219318.348579,,,
7755,0,svm,max,balanced,cached_mxbai,3588,1782219318.837527,,,
9729,0,svm,max,balanced,cached_mxbai,3589,1782219319.3249872,,,
2130,0,svm,max,balanced,cached_mxbai,3590,1782219319.8375416,,,
5885,0,svm,max,balanced,cached_mxbai,3591,1782219320.3643982,,,
3304,0,svm,max,balanced,cached_mxbai,3592,1782219320.8524158,,,
3303,0,svm,max,balanced,cached_mxbai,3593,1782219321.334382,,,
8585,0,svm,max,balanced,cached_mxbai,3594,1782219321.819247,,,
49,0,svm,max,balanced,cached_mxbai,3595,1782219322.3156953,,,
9784,0,svm,max,balanced,cached_mxbai,3596,1782219322.8020685,,,
7444,0,svm,max,balanced,cached_mxbai,3597,1782219323.2905886,,,
7528,0,svm,max,balanced,cached_mxbai,3598,1782219323.7751968,,,
5855,0,svm,max,balanced,cached_mxbai,3599,1782219324.2635276,,,
10541,0,svm,max,balanced,cached_mxbai,3600,1782219324.7515526,,,
4899,0,svm,max,balanced,cached_mxbai,3601,1782219325.2506073,,,
5582,0,svm,max,balanced,cached_mxbai,3602,1782219325.7335577,,,
4665,0,svm,max,balanced,cached_mxbai,3603,1782219326.2161517,,,
5528,0,svm,max,balanced,cached_mxbai,3604,1782219326.69821,,,
6890,0,svm,max,balanced,cached_mxbai,3605,1782219327.1853595,,,
1268,0,svm,max,balanced,cached_mxbai,3606,1782219327.6739156,,,
395,0,svm,max,balanced,cached_mxbai,3607,1782219328.1610146,,,
1065,0,svm,max,balanced,cached_mxbai,3608,1782219328.6468875,,,
1903,0,svm,max,balanced,cached_mxbai,3609,1782219329.1395836,,,
3652,0,svm,max,balanced,cached_mxbai,3610,1782219329.6284664,,,
3911,0,svm,max,balanced,cached_mxbai,3611,1782219330.1112435,,,
4681,0,svm,max,balanced,cached_mxbai,3612,1782219330.5929742,,,
7124,0,svm,max,balanced,cached_mxbai,3613,1782219331.0810218,,,
3463,0,svm,max,balanced,cached_mxbai,3614,1782219331.5702367,,,
3219,0,svm,max,balanced,cached_mxbai,3615,1782219332.0551455,,,
8783,0,svm,max,balanced,cached_mxbai,3616,1782219332.5390491,,,
2445,0,svm,max,balanced,cached_mxbai,3617,1782219333.024105,,,
3807,0,svm,max,balanced,cached_mxbai,3618,1782219333.5115218,,,
9330,0,svm,max,balanced,cached_mxbai,3619,1782219333.9956012,,,
5156,0,svm,max,balanced,cached_mxbai,3620,1782219334.477861,,,
7037,0,svm,max,balanced,cached_mxbai,3621,1782219334.9596522,,,
9223,0,svm,max,balanced,cached_mxbai,3622,1782219335.4702523,,,
924,0,svm,max,balanced,cached_mxbai,3623,1782219335.958717,,,
1332,0,svm,max,balanced,cached_mxbai,3624,1782219336.4495463,,,
5768,0,svm,max,balanced,cached_mxbai,3625,1782219336.932819,,,
1301,0,svm,max,balanced,cached_mxbai,3626,1782219337.4292922,,,
3518,0,svm,max,balanced,cached_mxbai,3627,1782219337.9149892,,,
6368,0,svm,max,balanced,cached_mxbai,3628,1782219338.401758,,,
2922,0,svm,max,balanced,cached_mxbai,3629,1782219338.892779,,,
3450,0,svm,max,balanced,cached_mxbai,3630,1782219339.3806112,,,
4117,0,svm,max,balanced,cached_mxbai,3631,1782219339.868966,,,
56,0,svm,max,balanced,cached_mxbai,3632,1782219340.3604388,,,
8883,0,svm,max,balanced,cached_mxbai,3633,1782219340.8518357,,,
4685,0,svm,max,balanced,cached_mxbai,3634,1782219341.3440888,,,
196,0,svm,max,balanced,cached_mxbai,3635,1782219341.8399966,,,
5554,0,svm,max,balanced,cached_mxbai,3636,1782219342.3289888,,,
3900,0,svm,max,balanced,cached_mxbai,3637,1782219342.821993,,,
5434,0,svm,max,balanced,cached_mxbai,3638,1782219343.3059943,,,
1567,0,svm,max,balanced,cached_mxbai,3639,1782219343.7939954,,,
9166,0,svm,max,balanced,cached_mxbai,3640,1782219344.2872243,,,
6253,0,svm,max,balanced,cached_mxbai,3641,1782219344.774794,,,
1780,0,svm,max,balanced,cached_mxbai,3642,1782219345.2848253,,,
4901,0,svm,max,balanced,cached_mxbai,3643,1782219345.7746363,,,
3721,0,svm,max,balanced,cached_mxbai,3644,1782219346.280702,,,
5654,0,svm,max,balanced,cached_mxbai,3645,1782219346.7782595,,,
9298,0,svm,max,balanced,cached_mxbai,3646,1782219347.271033,,,
1256,0,svm,max,balanced,cached_mxbai,3647,1782219347.7616932,,,
2801,0,svm,max,balanced,cached_mxbai,3648,1782219348.2505462,,,
2553,0,svm,max,balanced,cached_mxbai,3649,1782219348.7527769,,,
8763,0,svm,max,balanced,cached_mxbai,3650,1782219349.2622302,,,
4140,0,svm,max,balanced,cached_mxbai,3651,1782219349.7701383,,,
980,0,svm,max,balanced,cached_mxbai,3652,1782219350.2580595,,,
609,0,svm,max,balanced,cached_mxbai,3653,1782219350.7497337,,,
2677,0,svm,max,balanced,cached_mxbai,3654,1782219351.2519104,,,
4605,0,svm,max,balanced,cached_mxbai,3655,1782219351.7391865,,,
3659,0,svm,max,balanced,cached_mxbai,3656,1782219352.2333915,,,
8702,0,svm,max,balanced,cached_mxbai,3657,1782219352.722901,,,
7938,0,svm,max,balanced,cached_mxbai,3658,1782219353.2111664,,,
8548,0,svm,max,balanced,cached_mxbai,3659,1782219353.7006555,,,
126,0,svm,max,balanced,cached_mxbai,3660,1782219354.2010186,,,
3313,0,svm,max,balanced,cached_mxbai,3661,1782219354.6986027,,,
10010,0,svm,max,balanced,cached_mxbai,3662,1782219355.204445,,,
140,0,svm,max,balanced,cached_mxbai,3663,1782219355.7326458,,,
4169,0,svm,max,balanced,cached_mxbai,3664,1782219356.2337306,,,
4271,0,svm,max,balanced,cached_mxbai,3665,1782219356.7389472,,,
1749,0,svm,max,balanced,cached_mxbai,3666,1782219357.2510285,,,
6600,0,svm,max,balanced,cached_mxbai,3667,1782219357.7575266,,,
5553,0,svm,max,balanced,cached_mxbai,3668,1782219358.2636182,,,
1265,0,svm,max,balanced,cached_mxbai,3669,1782219358.7702217,,,
5070,0,svm,max,balanced,cached_mxbai,3670,1782219359.2725234,,,
10314,0,svm,max,balanced,cached_mxbai,3671,1782219359.7755115,,,
7008,0,svm,max,balanced,cached_mxbai,3672,1782219360.2829576,,,
3368,0,svm,max,balanced,cached_mxbai,3673,1782219360.7906933,,,
6082,0,svm,max,balanced,cached_mxbai,3674,1782219361.294783,,,
4233,0,svm,max,balanced,cached_mxbai,3675,1782219361.7991302,,,
8258,0,svm,max,balanced,cached_mxbai,3676,1782219362.3036182,,,
3818,0,svm,max,balanced,cached_mxbai,3677,1782219362.8089917,,,
8184,0,svm,max,balanced,cached_mxbai,3678,1782219363.3145175,,,
8374,0,svm,max,balanced,cached_mxbai,3679,1782219363.8228412,,,
1034,0,svm,max,balanced,cached_mxbai,3680,1782219364.3315635,,,
5222,0,svm,max,balanced,cached_mxbai,3681,1782219364.833208,,,
3520,0,svm,max,balanced,cached_mxbai,3682,1782219365.3524754,,,
8399,0,svm,max,balanced,cached_mxbai,3683,1782219365.860856,,,
7208,0,svm,max,balanced,cached_mxbai,3684,1782219366.3661556,,,
1979,0,svm,max,balanced,cached_mxbai,3685,1782219366.8739357,,,
4128,0,svm,max,balanced,cached_mxbai,3686,1782219367.3824098,,,
5246,0,svm,max,balanced,cached_mxbai,3687,1782219367.8890378,,,
1308,0,svm,max,balanced,cached_mxbai,3688,1782219368.39709,,,
8328,0,svm,max,balanced,cached_mxbai,3689,1782219368.9050164,,,
7818,0,svm,max,balanced,cached_mxbai,3690,1782219369.4122922,,,
7688,0,svm,max,balanced,cached_mxbai,3691,1782219369.9187274,,,
4822,0,svm,max,balanced,cached_mxbai,3692,1782219370.4368582,,,
7261,0,svm,max,balanced,cached_mxbai,3693,1782219370.9502308,,,
1998,0,svm,max,balanced,cached_mxbai,3694,1782219371.4575937,,,
163,0,svm,max,balanced,cached_mxbai,3695,1782219371.966822,,,
9497,0,svm,max,balanced,cached_mxbai,3696,1782219372.4771993,,,
1282,0,svm,max,balanced,cached_mxbai,3697,1782219372.9930882,,,
764,0,svm,max,balanced,cached_mxbai,3698,1782219373.5045152,,,
3207,0,svm,max,balanced,cached_mxbai,3699,1782219374.0155165,,,
1295,0,svm,max,balanced,cached_mxbai,3700,1782219374.5255342,,,
10102,0,svm,max,balanced,cached_mxbai,3701,1782219375.040139,,,
5032,0,svm,max,balanced,cached_mxbai,3702,1782219375.5636232,,,
5523,0,svm,max,balanced,cached_mxbai,3703,1782219376.074914,,,
1798,0,svm,max,balanced,cached_mxbai,3704,1782219376.6095178,,,
6452,0,svm,max,balanced,cached_mxbai,3705,1782219377.1474526,,,
306,0,svm,max,balanced,cached_mxbai,3706,1782219377.6682858,,,
2693,0,svm,max,balanced,cached_mxbai,3707,1782219378.1773822,,,
4249,0,svm,max,balanced,cached_mxbai,3708,1782219378.6873026,,,
3529,0,svm,max,balanced,cached_mxbai,3709,1782219379.1949146,,,
10069,0,svm,max,balanced,cached_mxbai,3710,1782219379.7024202,,,
186,0,svm,max,balanced,cached_mxbai,3711,1782219380.2125502,,,
4196,0,svm,max,balanced,cached_mxbai,3712,1782219380.7215116,,,
6709,0,svm,max,balanced,cached_mxbai,3713,1782219381.2326193,,,
3675,0,svm,max,balanced,cached_mxbai,3714,1782219381.7392004,,,
7297,0,svm,max,balanced,cached_mxbai,3715,1782219382.2501464,,,
4714,0,svm,max,balanced,cached_mxbai,3716,1782219382.7597365,,,
168,0,svm,max,balanced,cached_mxbai,3717,1782219383.2701678,,,
8008,0,svm,max,balanced,cached_mxbai,3718,1782219383.782482,,,
1363,0,svm,max,balanced,cached_mxbai,3719,1782219384.2906158,,,
3397,0,svm,max,balanced,cached_mxbai,3720,1782219384.805057,,,
5489,0,svm,max,balanced,cached_mxbai,3721,1782219385.3420703,,,
9900,0,svm,max,balanced,cached_mxbai,3722,1782219385.8506415,,,
8509,0,svm,max,balanced,cached_mxbai,3723,1782219386.3625476,,,
9362,0,svm,max,balanced,cached_mxbai,3724,1782219386.870165,,,
7093,0,svm,max,balanced,cached_mxbai,3725,1782219387.384494,,,
1889,0,svm,max,balanced,cached_mxbai,3726,1782219387.8988583,,,
7965,0,svm,max,balanced,cached_mxbai,3727,1782219388.4129965,,,
1907,0,svm,max,balanced,cached_mxbai,3728,1782219388.9232898,,,
456,0,svm,max,balanced,cached_mxbai,3729,1782219389.4399576,,,
8206,0,svm,max,balanced,cached_mxbai,3730,1782219389.9508636,,,
5030,0,svm,max,balanced,cached_mxbai,3731,1782219390.4756515,,,
2337,0,svm,max,balanced,cached_mxbai,3732,1782219390.9923964,,,
2780,0,svm,max,balanced,cached_mxbai,3733,1782219391.5105045,,,
148,0,svm,max,balanced,cached_mxbai,3734,1782219392.0241094,,,
5453,0,svm,max,balanced,cached_mxbai,3735,1782219392.542885,,,
8963,0,svm,max,balanced,cached_mxbai,3736,1782219393.0583286,,,
6978,0,svm,max,balanced,cached_mxbai,3737,1782219393.5810232,,,
3116,0,svm,max,balanced,cached_mxbai,3738,1782219394.0989947,,,
2055,0,svm,max,balanced,cached_mxbai,3739,1782219394.6183846,,,
7198,0,svm,max,balanced,cached_mxbai,3740,1782219395.1395905,,,
7525,0,svm,max,balanced,cached_mxbai,3741,1782219395.6768727,,,
6470,0,svm,max,balanced,cached_mxbai,3742,1782219396.2010002,,,
10256,0,svm,max,balanced,cached_mxbai,3743,1782219396.7265525,,,
165,0,svm,max,balanced,cached_mxbai,3744,1782219397.251587,,,
6495,0,svm,max,balanced,cached_mxbai,3745,1782219397.7885854,,,
9419,0,svm,max,balanced,cached_mxbai,3746,1782219398.3079417,,,
4446,0,svm,max,balanced,cached_mxbai,3747,1782219398.823231,,,
8112,0,svm,max,balanced,cached_mxbai,3748,1782219399.340812,,,
3511,0,svm,max,balanced,cached_mxbai,3749,1782219399.8556075,,,
1648,0,svm,max,balanced,cached_mxbai,3750,1782219400.3773072,,,
4995,0,svm,max,balanced,cached_mxbai,3751,1782219400.9379754,,,
3635,0,svm,max,balanced,cached_mxbai,3752,1782219401.4601846,,,
156,0,svm,max,balanced,cached_mxbai,3753,1782219401.9786444,,,
581,0,svm,max,balanced,cached_mxbai,3754,1782219402.500692,,,
3892,0,svm,max,balanced,cached_mxbai,3755,1782219403.0188496,,,
7222,0,svm,max,balanced,cached_mxbai,3756,1782219403.5510814,,,
8603,0,svm,max,balanced,cached_mxbai,3757,1782219404.076348,,,
3859,0,svm,max,balanced,cached_mxbai,3758,1782219404.5976696,,,
4727,0,svm,max,balanced,cached_mxbai,3759,1782219405.120415,,,
268,0,svm,max,balanced,cached_mxbai,3760,1782219405.661888,,,
2566,0,svm,max,balanced,cached_mxbai,3761,1782219406.1878781,,,
875,0,svm,max,balanced,cached_mxbai,3762,1782219406.7070258,,,
5648,0,svm,max,balanced,cached_mxbai,3763,1782219407.220174,,,
8129,0,svm,max,balanced,cached_mxbai,3764,1782219407.739992,,,
4765,0,svm,max,balanced,cached_mxbai,3765,1782219408.2580247,,,
9234,0,svm,max,balanced,cached_mxbai,3766,1782219408.7760687,,,
661,0,svm,max,balanced,cached_mxbai,3767,1782219409.296332,,,
930,0,svm,max,balanced,cached_mxbai,3768,1782219409.8135197,,,
2793,0,svm,max,balanced,cached_mxbai,3769,1782219410.333626,,,
2301,0,svm,max,balanced,cached_mxbai,3770,1782219410.8526113,,,
8393,0,svm,max,balanced,cached_mxbai,3771,1782219411.3726652,,,
4041,0,svm,max,balanced,cached_mxbai,3772,1782219411.8900099,,,
4376,0,svm,max,balanced,cached_mxbai,3773,1782219412.416799,,,
6083,0,svm,max,balanced,cached_mxbai,3774,1782219412.9319713,,,
4270,0,svm,max,balanced,cached_mxbai,3775,1782219413.453559,,,
9264,0,svm,max,balanced,cached_mxbai,3776,1782219413.9748678,,,
2582,0,svm,max,balanced,cached_mxbai,3777,1782219414.4963853,,,
1257,0,svm,max,balanced,cached_mxbai,3778,1782219415.01357,,,
3244,0,svm,max,balanced,cached_mxbai,3779,1782219415.5461776,,,
1543,0,svm,max,balanced,cached_mxbai,3780,1782219416.0716488,,,
4197,0,svm,max,balanced,cached_mxbai,3781,1782219416.5907643,,,
7193,0,svm,max,balanced,cached_mxbai,3782,1782219417.1212287,,,
8104,0,svm,max,balanced,cached_mxbai,3783,1782219417.6550782,,,
2300,0,svm,max,balanced,cached_mxbai,3784,1782219418.1783738,,,
2916,0,svm,max,balanced,cached_mxbai,3785,1782219418.699487,,,
6037,0,svm,max,balanced,cached_mxbai,3786,1782219419.2213056,,,
9013,0,svm,max,balanced,cached_mxbai,3787,1782219419.7448456,,,
248,0,svm,max,balanced,cached_mxbai,3788,1782219420.266797,,,
721,0,svm,max,balanced,cached_mxbai,3789,1782219420.7890158,,,
5171,0,svm,max,balanced,cached_mxbai,3790,1782219421.310836,,,
8464,0,svm,max,balanced,cached_mxbai,3791,1782219421.8308496,,,
1179,0,svm,max,balanced,cached_mxbai,3792,1782219422.3494434,,,
10353,0,svm,max,balanced,cached_mxbai,3793,1782219422.8755429,,,
1336,0,svm,max,balanced,cached_mxbai,3794,1782219423.3998456,,,
932,0,svm,max,balanced,cached_mxbai,3795,1782219423.91961,,,
5064,0,svm,max,balanced,cached_mxbai,3796,1782219424.441975,,,
7073,0,svm,max,balanced,cached_mxbai,3797,1782219424.9635165,,,
9644,0,svm,max,balanced,cached_mxbai,3798,1782219425.5041611,,,
1343,0,svm,max,balanced,cached_mxbai,3799,1782219426.0320568,,,
10286,0,svm,max,balanced,cached_mxbai,3800,1782219426.5580313,,,
8502,0,svm,max,balanced,cached_mxbai,3801,1782219427.0878148,,,
6652,0,svm,max,balanced,cached_mxbai,3802,1782219427.6069171,,,
6214,0,svm,max,balanced,cached_mxbai,3803,1782219428.1270838,,,
154,0,svm,max,balanced,cached_mxbai,3804,1782219428.6515253,,,
4195,0,svm,max,balanced,cached_mxbai,3805,1782219429.1780999,,,
4536,0,svm,max,balanced,cached_mxbai,3806,1782219429.6960487,,,
7298,0,svm,max,balanced,cached_mxbai,3807,1782219430.2207751,,,
4969,0,svm,max,balanced,cached_mxbai,3808,1782219430.7401273,,,
6403,0,svm,max,balanced,cached_mxbai,3809,1782219431.2696497,,,
3205,0,svm,max,balanced,cached_mxbai,3810,1782219431.792472,,,
3443,0,svm,max,balanced,cached_mxbai,3811,1782219432.3155951,,,
7824,0,svm,max,balanced,cached_mxbai,3812,1782219432.8388925,,,
6828,0,svm,max,balanced,cached_mxbai,3813,1782219433.3614883,,,
10469,0,svm,max,balanced,cached_mxbai,3814,1782219433.88841,,,
5374,0,svm,max,balanced,cached_mxbai,3815,1782219434.4103973,,,
4939,0,svm,max,balanced,cached_mxbai,3816,1782219434.9317963,,,
3480,0,svm,max,balanced,cached_mxbai,3817,1782219435.4810638,,,
2353,0,svm,max,balanced,cached_mxbai,3818,1782219436.0094774,,,
3944,0,svm,max,balanced,cached_mxbai,3819,1782219436.548617,,,
5379,0,svm,max,balanced,cached_mxbai,3820,1782219437.0763228,,,
8028,0,svm,max,balanced,cached_mxbai,3821,1782219437.6078007,,,
5147,0,svm,max,balanced,cached_mxbai,3822,1782219438.1334703,,,
7745,0,svm,max,balanced,cached_mxbai,3823,1782219438.660525,,,
7922,0,svm,max,balanced,cached_mxbai,3824,1782219439.1875155,,,
6342,0,svm,max,balanced,cached_mxbai,3825,1782219439.7244995,,,
8238,0,svm,max,balanced,cached_mxbai,3826,1782219440.2508807,,,
7941,0,svm,max,balanced,cached_mxbai,3827,1782219440.7746594,,,
6583,0,svm,max,balanced,cached_mxbai,3828,1782219441.3025694,,,
4735,0,svm,max,balanced,cached_mxbai,3829,1782219441.829704,,,
8529,0,svm,max,balanced,cached_mxbai,3830,1782219442.3617184,,,
5832,0,svm,max,balanced,cached_mxbai,3831,1782219442.8852532,,,
1702,0,svm,max,balanced,cached_mxbai,3832,1782219443.412045,,,
2984,0,svm,max,balanced,cached_mxbai,3833,1782219443.9520993,,,
7899,0,svm,max,balanced,cached_mxbai,3834,1782219444.4956446,,,
3871,0,svm,max,balanced,cached_mxbai,3835,1782219445.0266147,,,
4108,0,svm,max,balanced,cached_mxbai,3836,1782219445.5766544,,,
2650,0,svm,max,balanced,cached_mxbai,3837,1782219446.1029782,,,
5189,0,svm,max,balanced,cached_mxbai,3838,1782219446.6271818,,,
1803,0,svm,max,balanced,cached_mxbai,3839,1782219447.1517243,,,
6938,0,svm,max,balanced,cached_mxbai,3840,1782219447.6846318,,,
7908,0,svm,max,balanced,cached_mxbai,3841,1782219448.2129862,,,
298,0,svm,max,balanced,cached_mxbai,3842,1782219448.7430105,,,
3063,0,svm,max,balanced,cached_mxbai,3843,1782219449.2803047,,,
3595,0,svm,max,balanced,cached_mxbai,3844,1782219449.8139803,,,
3876,0,svm,max,balanced,cached_mxbai,3845,1782219450.348156,,,
2063,0,svm,max,balanced,cached_mxbai,3846,1782219450.8775625,,,
7665,0,svm,max,balanced,cached_mxbai,3847,1782219451.4092283,,,
7512,0,svm,max,balanced,cached_mxbai,3848,1782219451.9371798,,,
3240,0,svm,max,balanced,cached_mxbai,3849,1782219452.4652684,,,
5150,0,svm,max,balanced,cached_mxbai,3850,1782219452.9929168,,,
3655,0,svm,max,balanced,cached_mxbai,3851,1782219453.5257056,,,
9484,0,svm,max,balanced,cached_mxbai,3852,1782219454.0588007,,,
7439,0,svm,max,balanced,cached_mxbai,3853,1782219454.5864174,,,
1089,0,svm,max,balanced,cached_mxbai,3854,1782219455.1175592,,,
9630,0,svm,max,balanced,cached_mxbai,3855,1782219455.6652899,,,
9385,0,svm,max,balanced,cached_mxbai,3856,1782219456.1954565,,,
7566,0,svm,max,balanced,cached_mxbai,3857,1782219456.7284145,,,
6476,0,svm,max,balanced,cached_mxbai,3858,1782219457.259128,,,
729,0,svm,max,balanced,cached_mxbai,3859,1782219457.7925794,,,
5230,0,svm,max,balanced,cached_mxbai,3860,1782219458.3201373,,,
6439,0,svm,max,balanced,cached_mxbai,3861,1782219458.8463542,,,
83,0,svm,max,balanced,cached_mxbai,3862,1782219459.3765614,,,
7161,0,svm,max,balanced,cached_mxbai,3863,1782219459.9061766,,,
1985,0,svm,max,balanced,cached_mxbai,3864,1782219460.4372315,,,
7381,0,svm,max,balanced,cached_mxbai,3865,1782219460.9655616,,,
7397,0,svm,max,balanced,cached_mxbai,3866,1782219461.4937325,,,
4259,0,svm,max,balanced,cached_mxbai,3867,1782219462.0218248,,,
10094,0,svm,max,balanced,cached_mxbai,3868,1782219462.548807,,,
4056,0,svm,max,balanced,cached_mxbai,3869,1782219463.0790741,,,
93,0,svm,max,balanced,cached_mxbai,3870,1782219463.6106246,,,
9378,0,svm,max,balanced,cached_mxbai,3871,1782219464.1328487,,,
3478,0,svm,max,balanced,cached_mxbai,3872,1782219464.651719,,,
7522,0,svm,max,balanced,cached_mxbai,3873,1782219465.172574,,,
7918,0,svm,max,balanced,cached_mxbai,3874,1782219465.7235148,,,
985,0,svm,max,balanced,cached_mxbai,3875,1782219466.2456775,,,
2687,0,svm,max,balanced,cached_mxbai,3876,1782219466.7641237,,,
6152,0,svm,max,balanced,cached_mxbai,3877,1782219467.2801657,,,
9540,0,svm,max,balanced,cached_mxbai,3878,1782219467.8397074,,,
7323,0,svm,max,balanced,cached_mxbai,3879,1782219468.3746665,,,
5945,0,svm,max,balanced,cached_mxbai,3880,1782219468.9005797,,,
3429,0,svm,max,balanced,cached_mxbai,3881,1782219469.4277093,,,
1890,0,svm,max,balanced,cached_mxbai,3882,1782219469.9562092,,,
6500,0,svm,max,balanced,cached_mxbai,3883,1782219470.4766502,,,
588,0,svm,max,balanced,cached_mxbai,3884,1782219470.9947066,,,
2440,0,svm,max,balanced,cached_mxbai,3885,1782219471.51308,,,
9286,0,svm,max,balanced,cached_mxbai,3886,1782219472.0360954,,,
8664,0,svm,max,balanced,cached_mxbai,3887,1782219472.567659,,,
2209,0,svm,max,balanced,cached_mxbai,3888,1782219473.0858026,,,
10208,0,svm,max,balanced,cached_mxbai,3889,1782219473.6049213,,,
3329,0,svm,max,balanced,cached_mxbai,3890,1782219474.126579,,,
2605,0,svm,max,balanced,cached_mxbai,3891,1782219474.6478531,,,
8026,0,svm,max,balanced,cached_mxbai,3892,1782219475.1692247,,,
691,0,svm,max,balanced,cached_mxbai,3893,1782219475.7107887,,,
8653,0,svm,max,balanced,cached_mxbai,3894,1782219476.2278507,,,
5816,0,svm,max,balanced,cached_mxbai,3895,1782219476.7524369,,,
6908,0,svm,max,balanced,cached_mxbai,3896,1782219477.2771163,,,
7402,0,svm,max,balanced,cached_mxbai,3897,1782219477.801376,,,
8449,0,svm,max,balanced,cached_mxbai,3898,1782219478.3233569,,,
687,0,svm,max,balanced,cached_mxbai,3899,1782219478.8478212,,,
5055,0,svm,max,balanced,cached_mxbai,3900,1782219479.3681123,,,
6409,0,svm,max,balanced,cached_mxbai,3901,1782219479.8887253,,,
8899,0,svm,max,balanced,cached_mxbai,3902,1782219480.410914,,,
3483,0,svm,max,balanced,cached_mxbai,3903,1782219480.9323184,,,
10498,0,svm,max,balanced,cached_mxbai,3904,1782219481.458562,,,
6386,0,svm,max,balanced,cached_mxbai,3905,1782219481.9794586,,,
1209,0,svm,max,balanced,cached_mxbai,3906,1782219482.504591,,,
6090,0,svm,max,balanced,cached_mxbai,3907,1782219483.0287406,,,
6127,0,svm,max,balanced,cached_mxbai,3908,1782219483.5529962,,,
4361,0,svm,max,balanced,cached_mxbai,3909,1782219484.076311,,,
7388,0,svm,max,balanced,cached_mxbai,3910,1782219484.6009443,,,
3591,0,svm,max,balanced,cached_mxbai,3911,1782219485.1268458,,,
1307,0,svm,max,balanced,cached_mxbai,3912,1782219485.669129,,,
8227,0,svm,max,balanced,cached_mxbai,3913,1782219486.1922715,,,
6450,0,svm,max,balanced,cached_mxbai,3914,1782219486.7175856,,,
4821,0,svm,max,balanced,cached_mxbai,3915,1782219487.242683,,,
2079,0,svm,max,balanced,cached_mxbai,3916,1782219487.768173,,,
8254,0,svm,max,balanced,cached_mxbai,3917,1782219488.303888,,,
8637,0,svm,max,balanced,cached_mxbai,3918,1782219488.8498573,,,
408,0,svm,max,balanced,cached_mxbai,3919,1782219489.3759146,,,
3667,0,svm,max,balanced,cached_mxbai,3920,1782219489.901846,,,
4918,0,svm,max,balanced,cached_mxbai,3921,1782219490.424096,,,
2122,0,svm,max,balanced,cached_mxbai,3922,1782219490.9591339,,,
5181,0,svm,max,balanced,cached_mxbai,3923,1782219491.4865854,,,
9302,0,svm,max,balanced,cached_mxbai,3924,1782219492.014639,,,
942,0,svm,max,balanced,cached_mxbai,3925,1782219492.536589,,,
7516,0,svm,max,balanced,cached_mxbai,3926,1782219493.0577152,,,
5922,0,svm,max,balanced,cached_mxbai,3927,1782219493.5813005,,,
10462,0,svm,max,balanced,cached_mxbai,3928,1782219494.1073208,,,
9071,0,svm,max,balanced,cached_mxbai,3929,1782219494.6331754,,,
3391,0,svm,max,balanced,cached_mxbai,3930,1782219495.1627548,,,
1831,0,svm,max,balanced,cached_mxbai,3931,1782219495.7241824,,,
7503,0,svm,max,balanced,cached_mxbai,3932,1782219496.2516892,,,
3813,0,svm,max,balanced,cached_mxbai,3933,1782219496.7794046,,,
3582,0,svm,max,balanced,cached_mxbai,3934,1782219497.3008587,,,
10086,0,svm,max,balanced,cached_mxbai,3935,1782219497.8267627,,,
320,0,svm,max,balanced,cached_mxbai,3936,1782219498.3628528,,,
8559,0,svm,max,balanced,cached_mxbai,3937,1782219498.9104784,,,
9097,0,svm,max,balanced,cached_mxbai,3938,1782219499.4389665,,,
3476,0,svm,max,balanced,cached_mxbai,3939,1782219499.9697645,,,
5120,0,svm,max,balanced,cached_mxbai,3940,1782219500.495466,,,
2336,0,svm,max,balanced,cached_mxbai,3941,1782219501.0796616,,,
8400,0,svm,max,balanced,cached_mxbai,3942,1782219501.6624942,,,
5708,0,svm,max,balanced,cached_mxbai,3943,1782219502.1956398,,,
9575,0,svm,max,balanced,cached_mxbai,3944,1782219502.790714,,,
9000,0,svm,max,balanced,cached_mxbai,3945,1782219503.375264,,,
2454,0,svm,max,balanced,cached_mxbai,3946,1782219503.9621003,,,
10318,0,svm,max,balanced,cached_mxbai,3947,1782219504.547902,,,
3688,0,svm,max,balanced,cached_mxbai,3948,1782219505.1430142,,,
5464,0,svm,max,balanced,cached_mxbai,3949,1782219505.7492824,,,
4237,0,svm,max,balanced,cached_mxbai,3950,1782219506.3364842,,,
9470,0,svm,max,balanced,cached_mxbai,3951,1782219506.9232068,,,
6776,0,svm,max,balanced,cached_mxbai,3952,1782219507.5050323,,,
4048,0,svm,max,balanced,cached_mxbai,3953,1782219508.0818071,,,
5988,0,svm,max,balanced,cached_mxbai,3954,1782219508.6649477,,,
1596,0,svm,max,balanced,cached_mxbai,3955,1782219509.250914,,,
8167,0,svm,max,balanced,cached_mxbai,3956,1782219509.8296862,,,
9342,0,svm,max,balanced,cached_mxbai,3957,1782219510.4130836,,,
9904,0,svm,max,balanced,cached_mxbai,3958,1782219510.9975333,,,
5012,0,svm,max,balanced,cached_mxbai,3959,1782219511.5938847,,,
10392,0,svm,max,balanced,cached_mxbai,3960,1782219512.1931784,,,
2305,0,svm,max,balanced,cached_mxbai,3961,1782219512.7833893,,,
322,0,svm,max,balanced,cached_mxbai,3962,1782219513.3722007,,,
110,0,svm,max,balanced,cached_mxbai,3963,1782219513.9593325,,,
9333,0,svm,max,balanced,cached_mxbai,3964,1782219514.540209,,,
9165,0,svm,max,balanced,cached_mxbai,3965,1782219515.130374,,,
4919,0,svm,max,balanced,cached_mxbai,3966,1782219515.7467499,,,
9383,0,svm,max,balanced,cached_mxbai,3967,1782219516.342388,,,
5655,0,svm,max,balanced,cached_mxbai,3968,1782219516.93757,,,
4107,0,svm,max,balanced,cached_mxbai,3969,1782219517.5277514,,,
5342,0,svm,max,balanced,cached_mxbai,3970,1782219518.1199353,,,
6790,0,svm,max,balanced,cached_mxbai,3971,1782219518.7113333,,,
4258,0,svm,max,balanced,cached_mxbai,3972,1782219519.3100474,,,
8905,0,svm,max,balanced,cached_mxbai,3973,1782219519.904606,,,
6163,0,svm,max,balanced,cached_mxbai,3974,1782219520.498079,,,
9317,0,svm,max,balanced,cached_mxbai,3975,1782219521.0293136,,,
10510,0,svm,max,balanced,cached_mxbai,3976,1782219521.5533178,,,
8045,0,svm,max,balanced,cached_mxbai,3977,1782219522.0821354,,,
7337,0,svm,max,balanced,cached_mxbai,3978,1782219522.6072614,,,
2585,0,svm,max,balanced,cached_mxbai,3979,1782219523.1356978,,,
5450,0,svm,max,balanced,cached_mxbai,3980,1782219523.6634002,,,
3386,0,svm,max,balanced,cached_mxbai,3981,1782219524.188822,,,
3090,0,svm,max,balanced,cached_mxbai,3982,1782219524.7241166,,,
9648,0,svm,max,balanced,cached_mxbai,3983,1782219525.2779794,,,
3020,0,svm,max,balanced,cached_mxbai,3984,1782219525.8208065,,,
7443,0,svm,max,balanced,cached_mxbai,3985,1782219526.3520823,,,
8356,0,svm,max,balanced,cached_mxbai,3986,1782219526.8860536,,,
3966,0,svm,max,balanced,cached_mxbai,3987,1782219527.4138594,,,
4386,0,svm,max,balanced,cached_mxbai,3988,1782219527.9454644,,,
1887,0,svm,max,balanced,cached_mxbai,3989,1782219528.4790843,,,
6493,0,svm,max,balanced,cached_mxbai,3990,1782219529.006987,,,
8976,0,svm,max,balanced,cached_mxbai,3991,1782219529.54264,,,
7315,0,svm,max,balanced,cached_mxbai,3992,1782219530.0845294,,,
7320,0,svm,max,balanced,cached_mxbai,3993,1782219530.61497,,,
2024,0,svm,max,balanced,cached_mxbai,3994,1782219531.1457455,,,
4015,0,svm,max,balanced,cached_mxbai,3995,1782219531.6738598,,,
9583,0,svm,max,balanced,cached_mxbai,3996,1782219532.2076337,,,
378,0,svm,max,balanced,cached_mxbai,3997,1782219532.7396834,,,
4155,0,svm,max,balanced,cached_mxbai,3998,1782219533.2717636,,,
2858,0,svm,max,balanced,cached_mxbai,3999,1782219533.8039596,,,
4618,0,svm,max,balanced,cached_mxbai,4000,1782219534.335906,,,
3771,0,svm,max,balanced,cached_mxbai,4001,1782219534.9446836,,,
1973,0,svm,max,balanced,cached_mxbai,4002,1782219535.5923712,,,
3680,0,svm,max,balanced,cached_mxbai,4003,1782219536.2087755,,,
4740,0,svm,max,balanced,cached_mxbai,4004,1782219536.82215,,,
5775,0,svm,max,balanced,cached_mxbai,4005,1782219537.438063,,,
9637,0,svm,max,balanced,cached_mxbai,4006,1782219537.97227,,,
2908,0,svm,max,balanced,cached_mxbai,4007,1782219538.5053232,,,
9532,0,svm,max,balanced,cached_mxbai,4008,1782219539.0381582,,,
6856,0,svm,max,balanced,cached_mxbai,4009,1782219539.5700634,,,
3338,0,svm,max,balanced,cached_mxbai,4010,1782219540.1016045,,,
4441,0,svm,max,balanced,cached_mxbai,4011,1782219540.6212966,,,
4767,0,svm,max,balanced,cached_mxbai,4012,1782219541.1456833,,,
3785,0,svm,max,balanced,cached_mxbai,4013,1782219541.6688054,,,
5735,0,svm,max,balanced,cached_mxbai,4014,1782219542.1930866,,,
1041,0,svm,max,balanced,cached_mxbai,4015,1782219542.7186868,,,
1658,0,svm,max,balanced,cached_mxbai,4016,1782219543.2479265,,,
8340,0,svm,max,balanced,cached_mxbai,4017,1782219543.7735012,,,
8527,0,svm,max,balanced,cached_mxbai,4018,1782219544.308436,,,
549,0,svm,max,balanced,cached_mxbai,4019,1782219544.8283312,,,
2218,0,svm,max,balanced,cached_mxbai,4020,1782219545.371482,,,
9494,0,svm,max,balanced,cached_mxbai,4021,1782219545.8919852,,,
4907,0,svm,max,balanced,cached_mxbai,4022,1782219546.4185057,,,
1254,0,svm,max,balanced,cached_mxbai,4023,1782219546.9374294,,,
4173,0,svm,max,balanced,cached_mxbai,4024,1782219547.4597933,,,
8927,0,svm,max,balanced,cached_mxbai,4025,1782219547.986469,,,
824,0,svm,max,balanced,cached_mxbai,4026,1782219548.506248,,,
172,0,svm,max,balanced,cached_mxbai,4027,1782219549.0265687,,,
4399,0,svm,max,balanced,cached_mxbai,4028,1782219549.5491214,,,
7143,0,svm,max,balanced,cached_mxbai,4029,1782219550.0729854,,,
9627,0,svm,max,balanced,cached_mxbai,4030,1782219550.594849,,,
103,0,svm,max,balanced,cached_mxbai,4031,1782219551.1189172,,,
3407,0,svm,max,balanced,cached_mxbai,4032,1782219551.639515,,,
6775,0,svm,max,balanced,cached_mxbai,4033,1782219552.1641653,,,
1859,0,svm,max,balanced,cached_mxbai,4034,1782219552.6941867,,,
69,0,svm,max,balanced,cached_mxbai,4035,1782219553.2192159,,,
4381,0,svm,max,balanced,cached_mxbai,4036,1782219553.7467022,,,
4292,0,svm,max,balanced,cached_mxbai,4037,1782219554.2720604,,,
133,0,svm,max,balanced,cached_mxbai,4038,1782219554.7951381,,,
8753,0,svm,max,balanced,cached_mxbai,4039,1782219555.3396618,,,
10592,0,svm,max,balanced,cached_mxbai,4040,1782219555.8660965,,,
4013,0,svm,max,balanced,cached_mxbai,4041,1782219556.3975801,,,
194,0,svm,max,balanced,cached_mxbai,4042,1782219556.920241,,,
540,0,svm,max,balanced,cached_mxbai,4043,1782219557.4448152,,,
4697,0,svm,max,balanced,cached_mxbai,4044,1782219557.9701173,,,
4010,0,svm,max,balanced,cached_mxbai,4045,1782219558.5097792,,,
4063,0,svm,max,balanced,cached_mxbai,4046,1782219559.0703964,,,
7693,0,svm,max,balanced,cached_mxbai,4047,1782219559.6188824,,,
7057,0,svm,max,balanced,cached_mxbai,4048,1782219560.1439893,,,
3863,0,svm,max,balanced,cached_mxbai,4049,1782219560.669268,,,
5877,0,svm,max,balanced,cached_mxbai,4050,1782219561.2035055,,,
633,0,svm,max,balanced,cached_mxbai,4051,1782219561.726778,,,
4191,0,svm,max,balanced,cached_mxbai,4052,1782219562.260093,,,
414,0,svm,max,balanced,cached_mxbai,4053,1782219562.786248,,,
3676,0,svm,max,balanced,cached_mxbai,4054,1782219563.3118887,,,
6360,0,svm,max,balanced,cached_mxbai,4055,1782219563.8372455,,,
4503,0,svm,max,balanced,cached_mxbai,4056,1782219564.3630278,,,
3935,0,svm,max,balanced,cached_mxbai,4057,1782219564.8870997,,,
6416,0,svm,max,balanced,cached_mxbai,4058,1782219565.4473913,,,
1710,0,svm,max,balanced,cached_mxbai,4059,1782219565.9789627,,,
8457,0,svm,max,balanced,cached_mxbai,4060,1782219566.5035381,,,
5484,0,svm,max,balanced,cached_mxbai,4061,1782219567.034063,,,
9399,0,svm,max,balanced,cached_mxbai,4062,1782219567.5575585,,,
4577,0,svm,max,balanced,cached_mxbai,4063,1782219568.0853512,,,
6303,0,svm,max,balanced,cached_mxbai,4064,1782219568.6257782,,,
9227,0,svm,max,balanced,cached_mxbai,4065,1782219569.1676087,,,
3055,0,svm,max,balanced,cached_mxbai,4066,1782219569.6921096,,,
5385,0,svm,max,balanced,cached_mxbai,4067,1782219570.2207394,,,
5197,0,svm,max,balanced,cached_mxbai,4068,1782219570.7426627,,,
7183,0,svm,max,balanced,cached_mxbai,4069,1782219571.2682145,,,
8285,0,svm,max,balanced,cached_mxbai,4070,1782219571.7882946,,,
102,0,svm,max,balanced,cached_mxbai,4071,1782219572.318419,,,
821,0,svm,max,balanced,cached_mxbai,4072,1782219572.8458912,,,
5243,0,svm,max,balanced,cached_mxbai,4073,1782219573.3738523,,,
6302,0,svm,max,balanced,cached_mxbai,4074,1782219573.9004903,,,
4093,0,svm,max,balanced,cached_mxbai,4075,1782219574.4273796,,,
3851,0,svm,max,balanced,cached_mxbai,4076,1782219574.9537218,,,
8195,0,svm,max,balanced,cached_mxbai,4077,1782219575.4946527,,,
7742,0,svm,max,balanced,cached_mxbai,4078,1782219576.0195448,,,
10589,0,svm,max,balanced,cached_mxbai,4079,1782219576.5480614,,,
3790,0,svm,max,balanced,cached_mxbai,4080,1782219577.0790787,,,
3508,0,svm,max,balanced,cached_mxbai,4081,1782219577.6064165,,,
9368,0,svm,max,balanced,cached_mxbai,4082,1782219578.1320753,,,
5911,0,svm,max,balanced,cached_mxbai,4083,1782219578.6610658,,,
3271,0,svm,max,balanced,cached_mxbai,4084,1782219579.195604,,,
8857,0,svm,max,balanced,cached_mxbai,4085,1782219579.7271056,,,
4561,0,svm,max,balanced,cached_mxbai,4086,1782219580.2576673,,,
1990,0,svm,max,balanced,cached_mxbai,4087,1782219580.7928934,,,
3118,0,svm,max,balanced,cached_mxbai,4088,1782219581.3236086,,,
3071,0,svm,max,balanced,cached_mxbai,4089,1782219581.852569,,,
3723,0,svm,max,balanced,cached_mxbai,4090,1782219582.3799627,,,
9082,0,svm,max,balanced,cached_mxbai,4091,1782219582.9118884,,,
8313,0,svm,max,balanced,cached_mxbai,4092,1782219583.4410226,,,
9694,0,svm,max,balanced,cached_mxbai,4093,1782219583.9792247,,,
3660,0,svm,max,balanced,cached_mxbai,4094,1782219584.5074897,,,
5594,0,svm,max,balanced,cached_mxbai,4095,1782219585.0452967,,,
9036,0,svm,max,balanced,cached_mxbai,4096,1782219585.5934803,,,
6686,0,svm,max,balanced,cached_mxbai,4097,1782219586.1264665,,,
8571,0,svm,max,balanced,cached_mxbai,4098,1782219586.6569893,,,
5107,0,svm,max,balanced,cached_mxbai,4099,1782219587.1878457,,,
2047,0,svm,max,balanced,cached_mxbai,4100,1782219587.7202852,,,
8614,0,svm,max,balanced,cached_mxbai,4101,1782219588.255732,,,
4076,0,svm,max,balanced,cached_mxbai,4102,1782219588.7911105,,,
10275,0,svm,max,balanced,cached_mxbai,4103,1782219589.334804,,,
6012,0,svm,max,balanced,cached_mxbai,4104,1782219589.8728344,,,
5764,0,svm,max,balanced,cached_mxbai,4105,1782219590.4064353,,,
4272,0,svm,max,balanced,cached_mxbai,4106,1782219590.938132,,,
2548,0,svm,max,balanced,cached_mxbai,4107,1782219591.4668446,,,
6948,0,svm,max,balanced,cached_mxbai,4108,1782219591.9979877,,,
5919,0,svm,max,balanced,cached_mxbai,4109,1782219592.5269368,,,
7542,0,svm,max,balanced,cached_mxbai,4110,1782219593.0612931,,,
5938,0,svm,max,balanced,cached_mxbai,4111,1782219593.5901875,,,
3559,0,svm,max,balanced,cached_mxbai,4112,1782219594.1297746,,,
239,0,svm,max,balanced,cached_mxbai,4113,1782219594.661147,,,
1074,0,svm,max,balanced,cached_mxbai,4114,1782219595.1985648,,,
1054,0,svm,max,balanced,cached_mxbai,4115,1782219595.7510555,,,
1406,0,svm,max,balanced,cached_mxbai,4116,1782219596.2846107,,,
1535,0,svm,max,balanced,cached_mxbai,4117,1782219596.814879,,,
3154,0,svm,max,balanced,cached_mxbai,4118,1782219597.3740335,,,
3139,0,svm,max,balanced,cached_mxbai,4119,1782219597.9076273,,,
6472,0,svm,max,balanced,cached_mxbai,4120,1782219598.4452183,,,
1904,0,svm,max,balanced,cached_mxbai,4121,1782219598.9805317,,,
9080,0,svm,max,balanced,cached_mxbai,4122,1782219599.5156047,,,
1744,0,svm,max,balanced,cached_mxbai,4123,1782219600.0521753,,,
6184,0,svm,max,balanced,cached_mxbai,4124,1782219600.5878253,,,
867,0,svm,max,balanced,cached_mxbai,4125,1782219601.1308763,,,
988,0,svm,max,balanced,cached_mxbai,4126,1782219601.688055,,,
7025,0,svm,max,balanced,cached_mxbai,4127,1782219602.2408798,,,
5927,0,svm,max,balanced,cached_mxbai,4128,1782219602.779035,,,
7314,0,svm,max,balanced,cached_mxbai,4129,1782219603.3210793,,,
3395,0,svm,max,balanced,cached_mxbai,4130,1782219603.8568,,,
393,0,svm,max,balanced,cached_mxbai,4131,1782219604.3935676,,,
7599,0,svm,max,balanced,cached_mxbai,4132,1782219604.9295871,,,
9932,0,svm,max,balanced,cached_mxbai,4133,1782219605.482462,,,
7835,0,svm,max,balanced,cached_mxbai,4134,1782219606.0231712,,,
9500,0,svm,max,balanced,cached_mxbai,4135,1782219606.5584047,,,
3498,0,svm,max,balanced,cached_mxbai,4136,1782219607.0979075,,,
252,0,svm,max,balanced,cached_mxbai,4137,1782219607.6340475,,,
9127,0,svm,max,balanced,cached_mxbai,4138,1782219608.172633,,,
67,0,svm,max,balanced,cached_mxbai,4139,1782219608.7106335,,,
5113,0,svm,max,balanced,cached_mxbai,4140,1782219609.2537878,,,
6997,0,svm,max,balanced,cached_mxbai,4141,1782219609.7876487,,,
7791,0,svm,max,balanced,cached_mxbai,4142,1782219610.3259776,,,
8487,0,svm,max,balanced,cached_mxbai,4143,1782219610.866576,,,
8674,0,svm,max,balanced,cached_mxbai,4144,1782219611.4027953,,,
8765,0,svm,max,balanced,cached_mxbai,4145,1782219611.940325,,,
8703,0,svm,max,balanced,cached_mxbai,4146,1782219612.4782326,,,
1598,0,svm,max,balanced,cached_mxbai,4147,1782219613.0165675,,,
3066,0,svm,max,balanced,cached_mxbai,4148,1782219613.5555663,,,
1201,0,svm,max,balanced,cached_mxbai,4149,1782219614.0978813,,,
2658,0,svm,max,balanced,cached_mxbai,4150,1782219614.6397336,,,
9662,0,svm,max,balanced,cached_mxbai,4151,1782219615.1887367,,,
5966,0,svm,max,balanced,cached_mxbai,4152,1782219615.7522151,,,
3369,0,svm,max,balanced,cached_mxbai,4153,1782219616.2970707,,,
7426,0,svm,max,balanced,cached_mxbai,4154,1782219616.8329434,,,
6157,0,svm,max,balanced,cached_mxbai,4155,1782219617.367383,,,
7785,0,svm,max,balanced,cached_mxbai,4156,1782219617.9034154,,,
2744,0,svm,max,balanced,cached_mxbai,4157,1782219618.4422739,,,
70,0,svm,max,balanced,cached_mxbai,4158,1782219618.9823985,,,
4911,0,svm,max,balanced,cached_mxbai,4159,1782219619.521614,,,
9982,0,svm,max,balanced,cached_mxbai,4160,1782219620.0611098,,,
920,0,svm,max,balanced,cached_mxbai,4161,1782219620.596649,,,
1390,0,svm,max,balanced,cached_mxbai,4162,1782219621.138018,,,
122,0,svm,max,balanced,cached_mxbai,4163,1782219621.6752934,,,
9639,0,svm,max,balanced,cached_mxbai,4164,1782219622.2166016,,,
1436,0,svm,max,balanced,cached_mxbai,4165,1782219622.7534208,,,
5411,0,svm,max,balanced,cached_mxbai,4166,1782219623.291455,,,
7223,0,svm,max,balanced,cached_mxbai,4167,1782219623.8308685,,,
4043,0,svm,max,balanced,cached_mxbai,4168,1782219624.370067,,,
1636,0,svm,max,balanced,cached_mxbai,4169,1782219624.9073346,,,
5173,0,svm,max,balanced,cached_mxbai,4170,1782219625.4794483,,,
4948,0,svm,max,balanced,cached_mxbai,4171,1782219626.014379,,,
4033,0,svm,max,balanced,cached_mxbai,4172,1782219626.541267,,,
2902,0,svm,max,balanced,cached_mxbai,4173,1782219627.068716,,,
1828,0,svm,max,balanced,cached_mxbai,4174,1782219627.5981665,,,
8222,0,svm,max,balanced,cached_mxbai,4175,1782219628.1283574,,,
1309,0,svm,max,balanced,cached_mxbai,4176,1782219628.6558673,,,
1955,0,svm,max,balanced,cached_mxbai,4177,1782219629.1896238,,,
9987,0,svm,max,balanced,cached_mxbai,4178,1782219629.7182322,,,
9895,0,svm,max,balanced,cached_mxbai,4179,1782219630.2493243,,,
983,0,svm,max,balanced,cached_mxbai,4180,1782219630.7772858,,,
4388,0,svm,max,balanced,cached_mxbai,4181,1782219631.3104959,,,
4563,0,svm,max,balanced,cached_mxbai,4182,1782219631.8408632,,,
3858,0,svm,max,balanced,cached_mxbai,4183,1782219632.3721023,,,
4149,0,svm,max,balanced,cached_mxbai,4184,1782219632.9060738,,,
3193,0,svm,max,balanced,cached_mxbai,4185,1782219633.4376616,,,
9471,0,svm,max,balanced,cached_mxbai,4186,1782219633.967507,,,
1313,0,svm,max,balanced,cached_mxbai,4187,1782219634.5083668,,,
3779,0,svm,max,balanced,cached_mxbai,4188,1782219635.0467687,,,
3439,0,svm,max,balanced,cached_mxbai,4189,1782219635.5938187,,,
4647,0,svm,max,balanced,cached_mxbai,4190,1782219636.1290488,,,
9534,0,svm,max,balanced,cached_mxbai,4191,1782219636.662575,,,
435,0,svm,max,balanced,cached_mxbai,4192,1782219637.2040465,,,
8589,0,svm,max,balanced,cached_mxbai,4193,1782219637.738402,,,
6620,0,svm,max,balanced,cached_mxbai,4194,1782219638.286268,,,
5626,0,svm,max,balanced,cached_mxbai,4195,1782219638.818503,,,
1876,0,svm,max,balanced,cached_mxbai,4196,1782219639.364964,,,
10552,0,svm,max,balanced,cached_mxbai,4197,1782219639.9805858,,,
3319,0,svm,max,balanced,cached_mxbai,4198,1782219640.5331388,,,
6852,0,svm,max,balanced,cached_mxbai,4199,1782219641.1478605,,,
5217,0,svm,max,balanced,cached_mxbai,4200,1782219641.7622056,,,
1540,0,svm,max,balanced,cached_mxbai,4201,1782219642.3755486,,,
9598,0,svm,max,balanced,cached_mxbai,4202,1782219642.9110389,,,
7934,0,svm,max,balanced,cached_mxbai,4203,1782219643.4506946,,,
5474,0,svm,max,balanced,cached_mxbai,4204,1782219644.0652497,,,
2313,0,svm,max,balanced,cached_mxbai,4205,1782219644.6099935,,,
3882,0,svm,max,balanced,cached_mxbai,4206,1782219645.157759,,,
145,0,svm,max,balanced,cached_mxbai,4207,1782219645.72868,,,
3324,0,svm,max,balanced,cached_mxbai,4208,1782219646.2827573,,,
9680,0,svm,max,balanced,cached_mxbai,4209,1782219646.8279045,,,
7624,0,svm,max,balanced,cached_mxbai,4210,1782219647.3682861,,,
1579,0,svm,max,balanced,cached_mxbai,4211,1782219647.9111967,,,
8869,0,svm,max,balanced,cached_mxbai,4212,1782219648.4599404,,,
1553,0,svm,max,balanced,cached_mxbai,4213,1782219649.014006,,,
9722,0,svm,max,balanced,cached_mxbai,4214,1782219649.5878398,,,
7501,0,svm,max,balanced,cached_mxbai,4215,1782219650.1774635,,,
3598,0,svm,max,balanced,cached_mxbai,4216,1782219650.720439,,,
147,0,svm,max,balanced,cached_mxbai,4217,1782219651.2654705,,,
4650,0,svm,max,balanced,cached_mxbai,4218,1782219651.801231,,,
9400,0,svm,max,balanced,cached_mxbai,4219,1782219652.3526518,,,
161,0,svm,max,balanced,cached_mxbai,4220,1782219652.8950462,,,
9807,0,svm,max,balanced,cached_mxbai,4221,1782219653.442698,,,
10262,0,svm,max,balanced,cached_mxbai,4222,1782219653.9872136,,,
439,0,svm,max,balanced,cached_mxbai,4223,1782219654.5336807,,,
7954,0,svm,max,balanced,cached_mxbai,4224,1782219655.0792012,,,
3299,0,svm,max,balanced,cached_mxbai,4225,1782219655.6345644,,,
6217,0,svm,max,balanced,cached_mxbai,4226,1782219656.1759365,,,
7543,0,svm,max,balanced,cached_mxbai,4227,1782219656.721381,,,
8663,0,svm,max,balanced,cached_mxbai,4228,1782219657.2784512,,,
8632,0,svm,max,balanced,cached_mxbai,4229,1782219657.8221383,,,
5040,0,svm,max,balanced,cached_mxbai,4230,1782219658.3674214,,,
3880,0,svm,max,balanced,cached_mxbai,4231,1782219658.913515,,,
301,0,svm,max,balanced,cached_mxbai,4232,1782219659.4602985,,,
2160,0,svm,max,balanced,cached_mxbai,4233,1782219660.0086846,,,
5130,0,svm,max,balanced,cached_mxbai,4234,1782219660.5562608,,,
3823,0,svm,max,balanced,cached_mxbai,4235,1782219661.099498,,,
5300,0,svm,max,balanced,cached_mxbai,4236,1782219661.6426568,,,
684,0,svm,max,balanced,cached_mxbai,4237,1782219662.1915326,,,
525,0,svm,max,balanced,cached_mxbai,4238,1782219662.7386253,,,
1994,0,svm,max,balanced,cached_mxbai,4239,1782219663.2817173,,,
1718,0,svm,max,balanced,cached_mxbai,4240,1782219663.8291554,,,
6243,0,svm,max,balanced,cached_mxbai,4241,1782219664.3760571,,,
8323,0,svm,max,balanced,cached_mxbai,4242,1782219664.9232347,,,
8425,0,svm,max,balanced,cached_mxbai,4243,1782219665.4879606,,,
3906,0,svm,max,balanced,cached_mxbai,4244,1782219666.0312932,,,
6898,0,svm,max,balanced,cached_mxbai,4245,1782219666.5758235,,,
7280,0,svm,max,balanced,cached_mxbai,4246,1782219667.121211,,,
5837,0,svm,max,balanced,cached_mxbai,4247,1782219667.6772144,,,
3898,0,svm,max,balanced,cached_mxbai,4248,1782219668.248585,,,
1130,0,svm,max,balanced,cached_mxbai,4249,1782219668.7926078,,,
3799,0,svm,max,balanced,cached_mxbai,4250,1782219669.3400724,,,
2994,0,svm,max,balanced,cached_mxbai,4251,1782219669.8870761,,,
4838,0,svm,max,balanced,cached_mxbai,4252,1782219670.448013,,,
6079,0,svm,max,balanced,cached_mxbai,4253,1782219671.0003684,,,
4085,0,svm,max,balanced,cached_mxbai,4254,1782219671.5545938,,,
1152,0,svm,max,balanced,cached_mxbai,4255,1782219672.1019597,,,
537,0,svm,max,balanced,cached_mxbai,4256,1782219672.6537454,,,
9958,0,svm,max,balanced,cached_mxbai,4257,1782219673.2030933,,,
776,0,svm,max,balanced,cached_mxbai,4258,1782219673.7509665,,,
8204,0,svm,max,balanced,cached_mxbai,4259,1782219674.300709,,,
1794,0,svm,max,balanced,cached_mxbai,4260,1782219674.8511662,,,
3711,0,svm,max,balanced,cached_mxbai,4261,1782219675.423222,,,
3454,0,svm,max,balanced,cached_mxbai,4262,1782219675.9708998,,,
3100,0,svm,max,balanced,cached_mxbai,4263,1782219676.523049,,,
5477,0,svm,max,balanced,cached_mxbai,4264,1782219677.0725484,,,
2767,0,svm,max,balanced,cached_mxbai,4265,1782219677.624683,,,
1617,0,svm,max,balanced,cached_mxbai,4266,1782219678.1757731,,,
8341,0,svm,max,balanced,cached_mxbai,4267,1782219678.7237155,,,
7558,0,svm,max,balanced,cached_mxbai,4268,1782219679.2741635,,,
4240,0,svm,max,balanced,cached_mxbai,4269,1782219679.822874,,,
3530,0,svm,max,balanced,cached_mxbai,4270,1782219680.3851244,,,
3311,0,svm,max,balanced,cached_mxbai,4271,1782219680.9365873,,,
4715,0,svm,max,balanced,cached_mxbai,4272,1782219681.4939065,,,
9169,0,svm,max,balanced,cached_mxbai,4273,1782219682.0539026,,,
602,0,svm,max,balanced,cached_mxbai,4274,1782219682.601999,,,
1206,0,svm,max,balanced,cached_mxbai,4275,1782219683.147226,,,
9367,0,svm,max,balanced,cached_mxbai,4276,1782219683.6950698,,,
4267,0,svm,max,balanced,cached_mxbai,4277,1782219684.2477353,,,
192,0,svm,max,balanced,cached_mxbai,4278,1782219684.7956903,,,
3517,0,svm,max,balanced,cached_mxbai,4279,1782219685.3699796,,,
9043,0,svm,max,balanced,cached_mxbai,4280,1782219685.9194117,,,
4831,0,svm,max,balanced,cached_mxbai,4281,1782219686.4630673,,,
5642,0,svm,max,balanced,cached_mxbai,4282,1782219687.014028,,,
8672,0,svm,max,balanced,cached_mxbai,4283,1782219687.5601525,,,
6332,0,svm,max,balanced,cached_mxbai,4284,1782219688.1067576,,,
9924,0,svm,max,balanced,cached_mxbai,4285,1782219688.6542706,,,
7450,0,svm,max,balanced,cached_mxbai,4286,1782219689.2048447,,,
7640,0,svm,max,balanced,cached_mxbai,4287,1782219689.754341,,,
3837,0,svm,max,balanced,cached_mxbai,4288,1782219690.3067212,,,
1521,0,svm,max,balanced,cached_mxbai,4289,1782219690.8577483,,,
1204,0,svm,max,balanced,cached_mxbai,4290,1782219691.4111447,,,
8549,0,svm,max,balanced,cached_mxbai,4291,1782219691.960497,,,
4479,0,svm,max,balanced,cached_mxbai,4292,1782219692.5160046,,,
9597,0,svm,max,balanced,cached_mxbai,4293,1782219693.067771,,,
1967,0,svm,max,balanced,cached_mxbai,4294,1782219693.624839,,,
9655,0,svm,max,balanced,cached_mxbai,4295,1782219694.1782417,,,
1185,0,svm,max,balanced,cached_mxbai,4296,1782219694.7314768,,,
10548,0,svm,max,balanced,cached_mxbai,4297,1782219695.3052657,,,
3438,0,svm,max,balanced,cached_mxbai,4298,1782219695.8592312,,,
1475,0,svm,max,balanced,cached_mxbai,4299,1782219696.4160068,,,
10072,0,svm,max,balanced,cached_mxbai,4300,1782219696.9869618,,,
4298,0,svm,max,balanced,cached_mxbai,4301,1782219697.5373008,,,
1630,0,svm,max,balanced,cached_mxbai,4302,1782219698.091667,,,
3037,0,svm,max,balanced,cached_mxbai,4303,1782219698.6440272,,,
7885,0,svm,max,balanced,cached_mxbai,4304,1782219699.1966517,,,
7613,0,svm,max,balanced,cached_mxbai,4305,1782219699.750438,,,
3854,0,svm,max,balanced,cached_mxbai,4306,1782219700.3066895,,,
2934,0,svm,max,balanced,cached_mxbai,4307,1782219700.8842602,,,
10265,0,svm,max,balanced,cached_mxbai,4308,1782219701.4471128,,,
8922,0,svm,max,balanced,cached_mxbai,4309,1782219702.0032318,,,
3769,0,svm,max,balanced,cached_mxbai,4310,1782219702.5611086,,,
3014,0,svm,max,balanced,cached_mxbai,4311,1782219703.1202943,,,
7513,0,svm,max,balanced,cached_mxbai,4312,1782219703.6818674,,,
2763,0,svm,max,balanced,cached_mxbai,4313,1782219704.2411113,,,
9246,0,svm,max,balanced,cached_mxbai,4314,1782219704.7978978,,,
5541,0,svm,max,balanced,cached_mxbai,4315,1782219705.3771992,,,
7990,0,svm,max,balanced,cached_mxbai,4316,1782219705.9470413,,,
1208,0,svm,max,balanced,cached_mxbai,4317,1782219706.5077915,,,
9444,0,svm,max,balanced,cached_mxbai,4318,1782219707.0692296,,,
899,0,svm,max,balanced,cached_mxbai,4319,1782219707.6279054,,,
668,0,svm,max,balanced,cached_mxbai,4320,1782219708.1831503,,,
6999,0,svm,max,balanced,cached_mxbai,4321,1782219708.741465,,,
4040,0,svm,max,balanced,cached_mxbai,4322,1782219709.2973049,,,
3915,0,svm,max,balanced,cached_mxbai,4323,1782219709.8537033,,,
280,0,svm,max,balanced,cached_mxbai,4324,1782219710.4126525,,,
3096,0,svm,max,balanced,cached_mxbai,4325,1782219710.9838984,,,
10347,0,svm,max,balanced,cached_mxbai,4326,1782219711.5574353,,,
9946,0,svm,max,balanced,cached_mxbai,4327,1782219712.1189811,,,
3068,0,svm,max,balanced,cached_mxbai,4328,1782219712.6751382,,,
9641,0,svm,max,balanced,cached_mxbai,4329,1782219713.2300553,,,
2509,0,svm,max,balanced,cached_mxbai,4330,1782219713.7866595,,,
6043,0,svm,max,balanced,cached_mxbai,4331,1782219714.3419573,,,
5532,0,svm,max,balanced,cached_mxbai,4332,1782219714.8984945,,,
3749,0,svm,max,balanced,cached_mxbai,4333,1782219715.4729385,,,
5930,0,svm,max,balanced,cached_mxbai,4334,1782219716.0292344,,,
3628,0,svm,max,balanced,cached_mxbai,4335,1782219716.5960164,,,
2608,0,svm,max,balanced,cached_mxbai,4336,1782219717.1666017,,,
2930,0,svm,max,balanced,cached_mxbai,4337,1782219717.727749,,,
2411,0,svm,max,balanced,cached_mxbai,4338,1782219718.2858512,,,
3469,0,svm,max,balanced,cached_mxbai,4339,1782219718.8410587,,,
4285,0,svm,max,balanced,cached_mxbai,4340,1782219719.401834,,,
3133,0,svm,max,balanced,cached_mxbai,4341,1782219719.9583075,,,
4050,0,svm,max,balanced,cached_mxbai,4342,1782219720.5169785,,,
3541,0,svm,max,balanced,cached_mxbai,4343,1782219721.0790198,,,
4860,0,svm,max,balanced,cached_mxbai,4344,1782219721.6360533,,,
2730,0,svm,max,balanced,cached_mxbai,4345,1782219722.1946967,,,
2593,0,svm,max,balanced,cached_mxbai,4346,1782219722.76553,,,
2778,0,svm,max,balanced,cached_mxbai,4347,1782219723.348843,,,
8350,0,svm,max,balanced,cached_mxbai,4348,1782219723.908632,,,
761,0,svm,max,balanced,cached_mxbai,4349,1782219724.469737,,,
214,0,svm,max,balanced,cached_mxbai,4350,1782219725.0294173,,,
8898,0,svm,max,balanced,cached_mxbai,4351,1782219725.6064374,,,
8147,0,svm,max,balanced,cached_mxbai,4352,1782219726.1671586,,,
3631,0,svm,max,balanced,cached_mxbai,4353,1782219726.727144,,,
4798,0,svm,max,balanced,cached_mxbai,4354,1782219727.2919576,,,
1337,0,svm,max,balanced,cached_mxbai,4355,1782219727.8560867,,,
3315,0,svm,max,balanced,cached_mxbai,4356,1782219728.41413,,,
8932,0,svm,max,balanced,cached_mxbai,4357,1782219728.9780254,,,
5898,0,svm,max,balanced,cached_mxbai,4358,1782219729.5394862,,,
4946,0,svm,max,balanced,cached_mxbai,4359,1782219730.1061423,,,
1838,0,svm,max,balanced,cached_mxbai,4360,1782219730.6691756,,,
7957,0,svm,max,balanced,cached_mxbai,4361,1782219731.2361302,,,
8538,0,svm,max,balanced,cached_mxbai,4362,1782219731.7968438,,,
6023,0,svm,max,balanced,cached_mxbai,4363,1782219732.3637397,,,
2786,0,svm,max,balanced,cached_mxbai,4364,1782219732.9254353,,,
2644,0,svm,max,balanced,cached_mxbai,4365,1782219733.4934661,,,
1512,0,svm,max,balanced,cached_mxbai,4366,1782219734.0617974,,,
1221,0,svm,max,balanced,cached_mxbai,4367,1782219734.6246097,,,
6592,0,svm,max,balanced,cached_mxbai,4368,1782219735.193947,,,
2968,0,svm,max,balanced,cached_mxbai,4369,1782219735.8006012,,,
68,0,svm,max,balanced,cached_mxbai,4370,1782219736.3618767,,,
4137,0,svm,max,balanced,cached_mxbai,4371,1782219736.9222956,,,
8894,0,svm,max,balanced,cached_mxbai,4372,1782219737.4806705,,,
6556,0,svm,max,balanced,cached_mxbai,4373,1782219738.0432045,,,
5279,0,svm,max,balanced,cached_mxbai,4374,1782219738.6038153,,,
3186,0,svm,max,balanced,cached_mxbai,4375,1782219739.1675942,,,
4025,0,svm,max,balanced,cached_mxbai,4376,1782219739.7291644,,,
2146,0,svm,max,balanced,cached_mxbai,4377,1782219740.3132114,,,
6016,0,svm,max,balanced,cached_mxbai,4378,1782219740.9282148,,,
10581,0,svm,max,balanced,cached_mxbai,4379,1782219741.5193667,,,
1997,0,svm,max,balanced,cached_mxbai,4380,1782219742.0816576,,,
719,0,svm,max,balanced,cached_mxbai,4381,1782219742.6519544,,,
6141,0,svm,max,balanced,cached_mxbai,4382,1782219743.2145715,,,
4429,0,svm,max,balanced,cached_mxbai,4383,1782219743.784215,,,
10340,0,svm,max,balanced,cached_mxbai,4384,1782219744.348179,,,
4984,0,svm,max,balanced,cached_mxbai,4385,1782219744.9132574,,,
141,0,svm,max,balanced,cached_mxbai,4386,1782219745.5112958,,,
6653,0,svm,max,balanced,cached_mxbai,4387,1782219746.0782013,,,
2986,0,svm,max,balanced,cached_mxbai,4388,1782219746.6490347,,,
455,0,svm,max,balanced,cached_mxbai,4389,1782219747.2132666,,,
6299,0,svm,max,balanced,cached_mxbai,4390,1782219747.778142,,,
6073,0,svm,max,balanced,cached_mxbai,4391,1782219748.3429093,,,
7013,0,svm,max,balanced,cached_mxbai,4392,1782219748.907437,,,
5910,0,svm,max,balanced,cached_mxbai,4393,1782219749.4813771,,,
7628,0,svm,max,balanced,cached_mxbai,4394,1782219750.042437,,,
6354,0,svm,max,balanced,cached_mxbai,4395,1782219750.610741,,,
2580,0,svm,max,balanced,cached_mxbai,4396,1782219751.1807852,,,
731,0,svm,max,balanced,cached_mxbai,4397,1782219751.7490132,,,
5402,0,svm,max,balanced,cached_mxbai,4398,1782219752.3189688,,,
848,0,svm,max,balanced,cached_mxbai,4399,1782219752.887551,,,
1871,0,svm,max,balanced,cached_mxbai,4400,1782219753.4509447,,,
9181,0,svm,max,balanced,cached_mxbai,4401,1782219754.0165384,,,
5740,0,svm,max,balanced,cached_mxbai,4402,1782219754.677872,,,
3408,0,svm,max,balanced,cached_mxbai,4403,1782219755.3582184,,,
7003,0,svm,max,balanced,cached_mxbai,4404,1782219755.9328284,,,
1825,0,svm,max,balanced,cached_mxbai,4405,1782219756.5935402,,,
6897,0,svm,max,balanced,cached_mxbai,4406,1782219757.2541254,,,
5836,0,svm,max,balanced,cached_mxbai,4407,1782219757.8941364,,,
10068,0,svm,max,balanced,cached_mxbai,4408,1782219758.5383546,,,
9490,0,svm,max,balanced,cached_mxbai,4409,1782219759.1822684,,,
5694,0,svm,max,balanced,cached_mxbai,4410,1782219759.8230715,,,
803,0,svm,max,balanced,cached_mxbai,4411,1782219760.470205,,,
10519,0,svm,max,balanced,cached_mxbai,4412,1782219761.120335,,,
63,0,svm,max,balanced,cached_mxbai,4413,1782219761.6872923,,,
4152,0,svm,max,balanced,cached_mxbai,4414,1782219762.2558336,,,
7620,0,svm,max,balanced,cached_mxbai,4415,1782219762.8282328,,,
8873,0,svm,max,balanced,cached_mxbai,4416,1782219763.3959694,,,
2394,0,svm,max,balanced,cached_mxbai,4417,1782219763.970795,,,
90,0,svm,max,balanced,cached_mxbai,4418,1782219764.5403304,,,
8630,0,svm,max,balanced,cached_mxbai,4419,1782219765.120399,,,
4856,0,svm,max,balanced,cached_mxbai,4420,1782219765.7141562,,,
7459,0,svm,max,balanced,cached_mxbai,4421,1782219766.2941158,,,
449,0,svm,max,balanced,cached_mxbai,4422,1782219766.878149,,,
9347,0,svm,max,balanced,cached_mxbai,4423,1782219767.4519112,,,
3085,0,svm,max,balanced,cached_mxbai,4424,1782219768.021661,,,
3334,0,svm,max,balanced,cached_mxbai,4425,1782219768.6016605,,,
3191,0,svm,max,balanced,cached_mxbai,4426,1782219769.1675785,,,
5201,0,svm,max,balanced,cached_mxbai,4427,1782219769.740978,,,
9372,0,svm,max,balanced,cached_mxbai,4428,1782219770.3137884,,,
9511,0,svm,max,balanced,cached_mxbai,4429,1782219770.8868887,,,
9205,0,svm,max,balanced,cached_mxbai,4430,1782219771.5597181,,,
4054,0,svm,max,balanced,cached_mxbai,4431,1782219772.1308558,,,
2785,0,svm,max,balanced,cached_mxbai,4432,1782219772.801601,,,
7484,0,svm,max,balanced,cached_mxbai,4433,1782219773.3722932,,,
6937,0,svm,max,balanced,cached_mxbai,4434,1782219773.9412248,,,
5143,0,svm,max,balanced,cached_mxbai,4435,1782219774.5115674,,,
9178,0,svm,max,balanced,cached_mxbai,4436,1782219775.0836523,,,
3267,0,svm,max,balanced,cached_mxbai,4437,1782219775.6679418,,,
5738,0,svm,max,balanced,cached_mxbai,4438,1782219776.2385159,,,
4181,0,svm,max,balanced,cached_mxbai,4439,1782219776.8120248,,,
5772,0,svm,max,balanced,cached_mxbai,4440,1782219777.3881917,,,
2924,0,svm,max,balanced,cached_mxbai,4441,1782219777.9581738,,,
4953,0,svm,max,balanced,cached_mxbai,4442,1782219778.5244808,,,
5498,0,svm,max,balanced,cached_mxbai,4443,1782219779.0946684,,,
1668,0,svm,max,balanced,cached_mxbai,4444,1782219779.6688528,,,
5675,0,svm,max,balanced,cached_mxbai,4445,1782219780.242016,,,
9212,0,svm,max,balanced,cached_mxbai,4446,1782219780.8205357,,,
5664,0,svm,max,balanced,cached_mxbai,4447,1782219781.3950014,,,
1454,0,svm,max,balanced,cached_mxbai,4448,1782219781.971596,,,
3362,0,svm,max,balanced,cached_mxbai,4449,1782219782.5444853,,,
4754,0,svm,max,balanced,cached_mxbai,4450,1782219783.119543,,,
10236,0,svm,max,balanced,cached_mxbai,4451,1782219783.691642,,,
8304,0,svm,max,balanced,cached_mxbai,4452,1782219784.264953,,,
1569,0,svm,max,balanced,cached_mxbai,4453,1782219784.8373165,,,
10421,0,svm,max,balanced,cached_mxbai,4454,1782219785.427539,,,
987,0,svm,max,balanced,cached_mxbai,4455,1782219786.0106614,,,
3928,0,svm,max,balanced,cached_mxbai,4456,1782219786.5918853,,,
3531,0,svm,max,balanced,cached_mxbai,4457,1782219787.2602718,,,
5887,0,svm,max,balanced,cached_mxbai,4458,1782219787.9295542,,,
7889,0,svm,max,balanced,cached_mxbai,4459,1782219788.5971138,,,
2462,0,svm,max,balanced,cached_mxbai,4460,1782219789.2621806,,,
1467,0,svm,max,balanced,cached_mxbai,4461,1782219789.9314966,,,
5868,0,svm,max,balanced,cached_mxbai,4462,1782219790.598667,,,
376,0,svm,max,balanced,cached_mxbai,4463,1782219791.2672524,,,
7718,0,svm,max,balanced,cached_mxbai,4464,1782219791.934154,,,
744,0,svm,max,balanced,cached_mxbai,4465,1782219792.5927098,,,
3532,0,svm,max,balanced,cached_mxbai,4466,1782219793.2456884,,,
2607,0,svm,max,balanced,cached_mxbai,4467,1782219793.9061909,,,
3123,0,svm,max,balanced,cached_mxbai,4468,1782219794.5598774,,,
5337,0,svm,max,balanced,cached_mxbai,4469,1782219795.2222936,,,
9745,0,svm,max,balanced,cached_mxbai,4470,1782219795.9077494,,,
6561,0,svm,max,balanced,cached_mxbai,4471,1782219796.5852485,,,
8177,0,svm,max,balanced,cached_mxbai,4472,1782219797.22669,,,
5225,0,svm,max,balanced,cached_mxbai,4473,1782219797.8679132,,,
2446,0,svm,max,balanced,cached_mxbai,4474,1782219798.5383337,,,
2561,0,svm,max,balanced,cached_mxbai,4475,1782219799.192443,,,
2194,0,svm,max,balanced,cached_mxbai,4476,1782219799.8417795,,,
753,0,svm,max,balanced,cached_mxbai,4477,1782219800.4921935,,,
9705,0,svm,max,balanced,cached_mxbai,4478,1782219801.1518068,,,
9667,0,svm,max,balanced,cached_mxbai,4479,1782219801.807946,,,
2177,0,svm,max,balanced,cached_mxbai,4480,1782219802.4655752,,,
3394,0,svm,max,balanced,cached_mxbai,4481,1782219803.1229155,,,
2338,0,svm,max,balanced,cached_mxbai,4482,1782219803.7762089,,,
8108,0,svm,max,balanced,cached_mxbai,4483,1782219804.4286695,,,
2695,0,svm,max,balanced,cached_mxbai,4484,1782219805.091298,,,
8978,0,svm,max,balanced,cached_mxbai,4485,1782219805.7586873,,,
9486,0,svm,max,balanced,cached_mxbai,4486,1782219806.411254,,,
6031,0,svm,max,balanced,cached_mxbai,4487,1782219807.0652416,,,
3958,0,svm,max,balanced,cached_mxbai,4488,1782219807.7176993,,,
7829,0,svm,max,balanced,cached_mxbai,4489,1782219808.376604,,,
2284,0,svm,max,balanced,cached_mxbai,4490,1782219809.0355814,,,
7188,0,svm,max,balanced,cached_mxbai,4491,1782219809.6861737,,,
953,0,svm,max,balanced,cached_mxbai,4492,1782219810.3435514,,,
1804,0,svm,max,balanced,cached_mxbai,4493,1782219810.9985707,,,
2988,0,svm,max,balanced,cached_mxbai,4494,1782219811.6554997,,,
8187,0,svm,max,balanced,cached_mxbai,4495,1782219812.315017,,,
5047,0,svm,max,balanced,cached_mxbai,4496,1782219812.9730356,,,
6076,0,svm,max,balanced,cached_mxbai,4497,1782219813.6201427,,,
8948,0,svm,max,balanced,cached_mxbai,4498,1782219814.2809482,,,
3114,0,svm,max,balanced,cached_mxbai,4499,1782219814.9349184,,,
8781,0,svm,max,balanced,cached_mxbai,4500,1782219815.6229305,,,
1956,0,svm,max,balanced,cached_mxbai,4501,1782219816.2830868,,,
2186,0,svm,max,balanced,cached_mxbai,4502,1782219816.9466357,,,
1067,0,svm,max,balanced,cached_mxbai,4503,1782219817.608345,,,
8727,0,svm,max,balanced,cached_mxbai,4504,1782219818.2708106,,,
7209,0,svm,max,balanced,cached_mxbai,4505,1782219818.9328475,,,
7039,0,svm,max,balanced,cached_mxbai,4506,1782219819.584987,,,
119,0,svm,max,balanced,cached_mxbai,4507,1782219820.2436109,,,
6701,0,svm,max,balanced,cached_mxbai,4508,1782219820.903235,,,
7713,0,svm,max,balanced,cached_mxbai,4509,1782219821.5641916,,,
3340,0,svm,max,balanced,cached_mxbai,4510,1782219822.2211232,,,
2528,0,svm,max,balanced,cached_mxbai,4511,1782219822.892467,,,
1558,0,svm,max,balanced,cached_mxbai,4512,1782219823.5512142,,,
8277,0,svm,max,balanced,cached_mxbai,4513,1782219824.2111847,,,
6259,0,svm,max,balanced,cached_mxbai,4514,1782219824.8682876,,,
9717,0,svm,max,balanced,cached_mxbai,4515,1782219825.545465,,,
211,0,svm,max,balanced,cached_mxbai,4516,1782219826.2017617,,,
3259,0,svm,max,balanced,cached_mxbai,4517,1782219826.8624742,,,
3425,0,svm,max,balanced,cached_mxbai,4518,1782219827.517108,,,
4830,0,svm,max,balanced,cached_mxbai,4519,1782219828.176813,,,
8613,0,svm,max,balanced,cached_mxbai,4520,1782219828.8337984,,,
1037,0,svm,max,balanced,cached_mxbai,4521,1782219829.4970782,,,
7068,0,svm,max,balanced,cached_mxbai,4522,1782219830.1585326,,,
10481,0,svm,max,balanced,cached_mxbai,4523,1782219830.8176384,,,
3638,0,svm,max,balanced,cached_mxbai,4524,1782219831.502202,,,
88,0,svm,max,balanced,cached_mxbai,4525,1782219832.2102556,,,
2380,0,svm,max,balanced,cached_mxbai,4526,1782219832.871602,,,
9744,0,svm,max,balanced,cached_mxbai,4527,1782219833.5319023,,,
658,0,svm,max,balanced,cached_mxbai,4528,1782219834.1966848,,,
9202,0,svm,max,balanced,cached_mxbai,4529,1782219834.8597107,,,
976,0,svm,max,balanced,cached_mxbai,4530,1782219835.5445948,,,
8872,0,svm,max,balanced,cached_mxbai,4531,1782219836.1484332,,,
6352,0,svm,max,balanced,cached_mxbai,4532,1782219836.7472153,,,
6388,0,svm,max,balanced,cached_mxbai,4533,1782219837.356754,,,
3352,0,svm,max,balanced,cached_mxbai,4534,1782219837.9536803,,,
3153,0,svm,max,balanced,cached_mxbai,4535,1782219838.5500486,,,
7752,0,svm,max,balanced,cached_mxbai,4536,1782219839.149905,,,
4890,0,svm,max,balanced,cached_mxbai,4537,1782219839.7446895,,,
7471,0,svm,max,balanced,cached_mxbai,4538,1782219840.341608,,,
2219,0,svm,max,balanced,cached_mxbai,4539,1782219840.9405208,,,
9697,0,svm,max,balanced,cached_mxbai,4540,1782219841.5399795,,,
4247,0,svm,max,balanced,cached_mxbai,4541,1782219842.1442554,,,
5051,0,svm,max,balanced,cached_mxbai,4542,1782219842.7445126,,,
6447,0,svm,max,balanced,cached_mxbai,4543,1782219843.347936,,,
1188,0,svm,max,balanced,cached_mxbai,4544,1782219843.9474437,,,
1263,0,svm,max,balanced,cached_mxbai,4545,1782219844.5446095,,,
1434,0,svm,max,balanced,cached_mxbai,4546,1782219845.1469622,,,
3470,0,svm,max,balanced,cached_mxbai,4547,1782219845.7681274,,,
4645,0,svm,max,balanced,cached_mxbai,4548,1782219846.3704088,,,
5211,0,svm,max,balanced,cached_mxbai,4549,1782219846.9770727,,,
1691,0,svm,max,balanced,cached_mxbai,4550,1782219847.5802946,,,
8616,0,svm,max,balanced,cached_mxbai,4551,1782219848.180766,,,
444,0,svm,max,balanced,cached_mxbai,4552,1782219848.781616,,,
8659,0,svm,max,balanced,cached_mxbai,4553,1782219849.38775,,,
8070,0,svm,max,balanced,cached_mxbai,4554,1782219849.9854352,,,
8106,0,svm,max,balanced,cached_mxbai,4555,1782219850.579915,,,
6806,0,svm,max,balanced,cached_mxbai,4556,1782219851.1828852,,,
1591,0,svm,max,balanced,cached_mxbai,4557,1782219851.7816231,,,
906,0,svm,max,balanced,cached_mxbai,4558,1782219852.3912199,,,
10172,0,svm,max,balanced,cached_mxbai,4559,1782219852.9918776,,,
5627,0,svm,max,balanced,cached_mxbai,4560,1782219853.594818,,,
9161,0,svm,max,balanced,cached_mxbai,4561,1782219854.1946824,,,
2754,0,svm,max,balanced,cached_mxbai,4562,1782219854.7978265,,,
972,0,svm,max,balanced,cached_mxbai,4563,1782219855.4207847,,,
8113,0,svm,max,balanced,cached_mxbai,4564,1782219856.023829,,,
8992,0,svm,max,balanced,cached_mxbai,4565,1782219856.625679,,,
2925,0,svm,max,balanced,cached_mxbai,4566,1782219857.2278392,,,
4099,0,svm,max,balanced,cached_mxbai,4567,1782219857.8294837,,,
9441,0,svm,max,balanced,cached_mxbai,4568,1782219858.4320188,,,
3472,0,svm,max,balanced,cached_mxbai,4569,1782219859.0347335,,,
8302,0,svm,max,balanced,cached_mxbai,4570,1782219859.6407065,,,
4956,0,svm,max,balanced,cached_mxbai,4571,1782219860.2511947,,,
3547,0,svm,max,balanced,cached_mxbai,4572,1782219860.8637927,,,
7997,0,svm,max,balanced,cached_mxbai,4573,1782219861.4725769,,,
3265,0,svm,max,balanced,cached_mxbai,4574,1782219862.0778525,,,
9192,0,svm,max,balanced,cached_mxbai,4575,1782219862.7001317,,,
5533,0,svm,max,balanced,cached_mxbai,4576,1782219863.308275,,,
5204,0,svm,max,balanced,cached_mxbai,4577,1782219863.909157,,,
3967,0,svm,max,balanced,cached_mxbai,4578,1782219864.5327702,,,
3138,0,svm,max,balanced,cached_mxbai,4579,1782219865.1472228,,,
5824,0,svm,max,balanced,cached_mxbai,4580,1782219865.7720752,,,
8886,0,svm,max,balanced,cached_mxbai,4581,1782219866.3768797,,,
6987,0,svm,max,balanced,cached_mxbai,4582,1782219866.9810753,,,
1882,0,svm,max,balanced,cached_mxbai,4583,1782219867.5917404,,,
3501,0,svm,max,balanced,cached_mxbai,4584,1782219868.2029934,,,
4854,0,svm,max,balanced,cached_mxbai,4585,1782219868.802648,,,
7736,0,svm,max,balanced,cached_mxbai,4586,1782219869.412658,,,
5169,0,svm,max,balanced,cached_mxbai,4587,1782219870.0922806,,,
8478,0,svm,max,balanced,cached_mxbai,4588,1782219870.77423,,,
8566,0,svm,max,balanced,cached_mxbai,4589,1782219871.456863,,,
2604,0,svm,max,balanced,cached_mxbai,4590,1782219872.1376023,,,
5929,0,svm,max,balanced,cached_mxbai,4591,1782219872.8209724,,,
7389,0,svm,max,balanced,cached_mxbai,4592,1782219873.4285421,,,
1725,0,svm,max,balanced,cached_mxbai,4593,1782219874.0339825,,,
2581,0,svm,max,balanced,cached_mxbai,4594,1782219874.717165,,,
5046,0,svm,max,balanced,cached_mxbai,4595,1782219875.417523,,,
10459,0,svm,max,balanced,cached_mxbai,4596,1782219876.1018069,,,
1593,0,svm,max,balanced,cached_mxbai,4597,1782219876.788853,,,
802,0,svm,max,balanced,cached_mxbai,4598,1782219877.4754586,,,
8748,0,svm,max,balanced,cached_mxbai,4599,1782219878.1616094,,,
4000,0,svm,max,balanced,cached_mxbai,4600,1782219878.8425431,,,
8064,0,svm,max,balanced,cached_mxbai,4601,1782219879.5312712,,,
3018,0,svm,max,balanced,cached_mxbai,4602,1782219880.213287,,,
2784,0,svm,max,balanced,cached_mxbai,4603,1782219880.8966832,,,
4447,0,svm,max,balanced,cached_mxbai,4604,1782219881.5873067,,,
4791,0,svm,max,balanced,cached_mxbai,4605,1782219882.277999,,,
10533,0,svm,max,balanced,cached_mxbai,4606,1782219882.9605286,,,
5404,0,svm,max,balanced,cached_mxbai,4607,1782219883.6465878,,,
6088,0,svm,max,balanced,cached_mxbai,4608,1782219884.3314018,,,
801,0,svm,max,balanced,cached_mxbai,4609,1782219885.026537,,,
3361,0,svm,max,balanced,cached_mxbai,4610,1782219885.7310808,,,
7840,0,svm,max,balanced,cached_mxbai,4611,1782219886.3388891,,,
7447,0,svm,max,balanced,cached_mxbai,4612,1782219886.9470682,,,
9561,0,svm,max,balanced,cached_mxbai,4613,1782219887.6311266,,,
7414,0,svm,max,balanced,cached_mxbai,4614,1782219888.3154852,,,
640,0,svm,max,balanced,cached_mxbai,4615,1782219889.0100985,,,
6621,0,svm,max,balanced,cached_mxbai,4616,1782219889.6967525,,,
4817,0,svm,max,balanced,cached_mxbai,4617,1782219890.3828444,,,
10090,0,svm,max,balanced,cached_mxbai,4618,1782219891.0761492,,,
903,0,svm,max,balanced,cached_mxbai,4619,1782219891.7667441,,,
6389,0,svm,max,balanced,cached_mxbai,4620,1782219892.456633,,,
4157,0,svm,max,balanced,cached_mxbai,4621,1782219893.1489885,,,
6872,0,svm,max,balanced,cached_mxbai,4622,1782219893.7566836,,,
3750,0,svm,max,balanced,cached_mxbai,4623,1782219894.363784,,,
3942,0,svm,max,balanced,cached_mxbai,4624,1782219894.9745576,,,
3318,0,svm,max,balanced,cached_mxbai,4625,1782219895.5991974,,,
9711,0,svm,max,balanced,cached_mxbai,4626,1782219896.287361,,,
4783,0,svm,max,balanced,cached_mxbai,4627,1782219896.976647,,,
5812,0,svm,max,balanced,cached_mxbai,4628,1782219897.6853783,,,
886,0,svm,max,balanced,cached_mxbai,4629,1782219898.3722975,,,
1171,0,svm,max,balanced,cached_mxbai,4630,1782219899.061655,,,
8983,0,svm,max,balanced,cached_mxbai,4631,1782219899.7429647,,,
2084,0,svm,max,balanced,cached_mxbai,4632,1782219900.4318712,,,
6087,0,svm,max,balanced,cached_mxbai,4633,1782219901.1258955,,,
9271,0,svm,max,balanced,cached_mxbai,4634,1782219901.817012,,,
5884,0,svm,max,balanced,cached_mxbai,4635,1782219902.5202034,,,
2631,0,svm,max,balanced,cached_mxbai,4636,1782219903.2122045,,,
1025,0,svm,max,balanced,cached_mxbai,4637,1782219903.9051676,,,
990,0,svm,max,balanced,cached_mxbai,4638,1782219904.5945325,,,
8604,0,svm,max,balanced,cached_mxbai,4639,1782219905.2106624,,,
2738,0,svm,max,balanced,cached_mxbai,4640,1782219905.8528252,,,
1142,0,svm,max,balanced,cached_mxbai,4641,1782219906.4666326,,,
4255,0,svm,max,balanced,cached_mxbai,4642,1782219907.079073,,,
8866,0,svm,max,balanced,cached_mxbai,4643,1782219907.696025,,,
3653,0,svm,max,balanced,cached_mxbai,4644,1782219908.3093002,,,
1189,0,svm,max,balanced,cached_mxbai,4645,1782219908.9253752,,,
7103,0,svm,max,balanced,cached_mxbai,4646,1782219909.5374646,,,
9353,0,svm,max,balanced,cached_mxbai,4647,1782219910.155511,,,
3468,0,svm,max,balanced,cached_mxbai,4648,1782219910.7675016,,,
4260,0,svm,max,balanced,cached_mxbai,4649,1782219911.3824174,,,
3682,0,svm,max,balanced,cached_mxbai,4650,1782219911.997172,,,
2292,0,svm,max,balanced,cached_mxbai,4651,1782219912.6075418,,,
1766,0,svm,max,balanced,cached_mxbai,4652,1782219913.2199023,,,
5184,0,svm,max,balanced,cached_mxbai,4653,1782219913.834757,,,
3696,0,svm,max,balanced,cached_mxbai,4654,1782219914.526677,,,
4101,0,svm,max,balanced,cached_mxbai,4655,1782219915.2336013,,,
9933,0,svm,max,balanced,cached_mxbai,4656,1782219915.9528182,,,
664,0,svm,max,balanced,cached_mxbai,4657,1782219916.6452386,,,
6140,0,svm,max,balanced,cached_mxbai,4658,1782219917.3402522,,,
5395,0,svm,max,balanced,cached_mxbai,4659,1782219918.0346744,,,
208,0,svm,max,balanced,cached_mxbai,4660,1782219918.7271476,,,
612,0,svm,max,balanced,cached_mxbai,4661,1782219919.416968,,,
3870,0,svm,max,balanced,cached_mxbai,4662,1782219920.1146827,,,
5341,0,svm,max,balanced,cached_mxbai,4663,1782219920.8029213,,,
7955,0,svm,max,balanced,cached_mxbai,4664,1782219921.4964056,,,
1727,0,svm,max,balanced,cached_mxbai,4665,1782219922.1959064,,,
5349,0,svm,max,balanced,cached_mxbai,4666,1782219922.9586086,,,
2945,0,svm,max,balanced,cached_mxbai,4667,1782219923.6721926,,,
4046,0,svm,max,balanced,cached_mxbai,4668,1782219924.3954506,,,
2921,0,svm,max,balanced,cached_mxbai,4669,1782219925.0809867,,,
6960,0,svm,max,balanced,cached_mxbai,4670,1782219925.7709873,,,
4355,0,svm,max,balanced,cached_mxbai,4671,1782219926.450095,,,
5717,0,svm,max,balanced,cached_mxbai,4672,1782219927.152712,,,
8127,0,svm,max,balanced,cached_mxbai,4673,1782219927.8383026,,,
1035,0,svm,max,balanced,cached_mxbai,4674,1782219928.5205193,,,
3777,0,svm,max,balanced,cached_mxbai,4675,1782219929.2008135,,,
8769,0,svm,max,balanced,cached_mxbai,4676,1782219929.8853905,,,
6885,0,svm,max,balanced,cached_mxbai,4677,1782219930.5711062,,,
55,0,svm,max,balanced,cached_mxbai,4678,1782219931.2639217,,,
4359,0,svm,max,balanced,cached_mxbai,4679,1782219931.941917,,,
9955,0,svm,max,balanced,cached_mxbai,4680,1782219932.6276112,,,
9086,0,svm,max,balanced,cached_mxbai,4681,1782219933.309267,,,
7576,0,svm,max,balanced,cached_mxbai,4682,1782219933.9915948,,,
3587,0,svm,max,balanced,cached_mxbai,4683,1782219934.6730394,,,
7740,0,svm,max,balanced,cached_mxbai,4684,1782219935.3698483,,,
5686,0,svm,max,balanced,cached_mxbai,4685,1782219936.0504882,,,
5214,0,svm,max,balanced,cached_mxbai,4686,1782219936.7285535,,,
9230,0,svm,max,balanced,cached_mxbai,4687,1782219937.409714,,,
3580,0,svm,max,balanced,cached_mxbai,4688,1782219938.0966763,,,
10441,0,svm,max,balanced,cached_mxbai,4689,1782219938.7829845,,,
189,0,svm,max,balanced,cached_mxbai,4690,1782219939.4660907,,,
7367,0,svm,max,balanced,cached_mxbai,4691,1782219940.1516745,,,
5683,0,svm,max,balanced,cached_mxbai,4692,1782219940.8367965,,,
8364,0,svm,max,balanced,cached_mxbai,4693,1782219941.5231633,,,
7747,0,svm,max,balanced,cached_mxbai,4694,1782219942.2078779,,,
1622,0,svm,max,balanced,cached_mxbai,4695,1782219942.8939917,,,
554,0,svm,max,balanced,cached_mxbai,4696,1782219943.5896244,,,
3035,0,svm,max,balanced,cached_mxbai,4697,1782219944.2735732,,,
3381,0,svm,max,balanced,cached_mxbai,4698,1782219944.9622872,,,
8742,0,svm,max,balanced,cached_mxbai,4699,1782219945.6655736,,,
1688,0,svm,max,balanced,cached_mxbai,4700,1782219946.3481646,,,
7212,0,svm,max,balanced,cached_mxbai,4701,1782219947.0311635,,,
978,0,svm,max,balanced,cached_mxbai,4702,1782219947.7095072,,,
9066,0,svm,max,balanced,cached_mxbai,4703,1782219948.4019978,,,
7238,0,svm,max,balanced,cached_mxbai,4704,1782219949.0874863,,,
5909,0,svm,max,balanced,cached_mxbai,4705,1782219949.7722638,,,
5438,0,svm,max,balanced,cached_mxbai,4706,1782219950.456311,,,
4807,0,svm,max,balanced,cached_mxbai,4707,1782219951.1428392,,,
3864,0,svm,max,balanced,cached_mxbai,4708,1782219951.822578,,,
6812,0,svm,max,balanced,cached_mxbai,4709,1782219952.5157728,,,
4307,0,svm,max,balanced,cached_mxbai,4710,1782219953.2169013,,,
4265,0,svm,max,balanced,cached_mxbai,4711,1782219953.9105563,,,
4440,0,svm,max,balanced,cached_mxbai,4712,1782219954.5938473,,,
863,0,svm,max,balanced,cached_mxbai,4713,1782219955.2957087,,,
8600,0,svm,max,balanced,cached_mxbai,4714,1782219955.9759796,,,
6996,0,svm,max,balanced,cached_mxbai,4715,1782219956.6657279,,,
8241,0,svm,max,balanced,cached_mxbai,4716,1782219957.3604887,,,
4268,0,svm,max,balanced,cached_mxbai,4717,1782219958.04825,,,
6367,0,svm,max,balanced,cached_mxbai,4718,1782219958.7296066,,,
2274,0,svm,max,balanced,cached_mxbai,4719,1782219959.4205806,,,
9913,0,svm,max,balanced,cached_mxbai,4720,1782219960.1065712,,,
984,0,svm,max,balanced,cached_mxbai,4721,1782219960.794078,,,
766,0,svm,max,balanced,cached_mxbai,4722,1782219961.4830494,,,
5639,0,svm,max,balanced,cached_mxbai,4723,1782219962.173697,,,
2742,0,svm,max,balanced,cached_mxbai,4724,1782219962.857957,,,
10382,0,svm,max,balanced,cached_mxbai,4725,1782219963.559502,,,
961,0,svm,max,balanced,cached_mxbai,4726,1782219964.2536087,,,
4177,0,svm,max,balanced,cached_mxbai,4727,1782219964.944444,,,
3270,0,svm,max,balanced,cached_mxbai,4728,1782219965.6497655,,,
9986,0,svm,max,balanced,cached_mxbai,4729,1782219966.3450139,,,
2227,0,svm,max,balanced,cached_mxbai,4730,1782219967.045013,,,
6075,0,svm,max,balanced,cached_mxbai,4731,1782219967.7421267,,,
9304,0,svm,max,balanced,cached_mxbai,4732,1782219968.437067,,,
4320,0,svm,max,balanced,cached_mxbai,4733,1782219969.1356695,,,
670,0,svm,max,balanced,cached_mxbai,4734,1782219969.8292103,,,
2404,0,svm,max,balanced,cached_mxbai,4735,1782219970.5244734,,,
1610,0,svm,max,balanced,cached_mxbai,4736,1782219971.2179945,,,
8607,0,svm,max,balanced,cached_mxbai,4737,1782219971.908777,,,
2641,0,svm,max,balanced,cached_mxbai,4738,1782219972.6032019,,,
4937,0,svm,max,balanced,cached_mxbai,4739,1782219973.2960439,,,
877,0,svm,max,balanced,cached_mxbai,4740,1782219973.9867826,,,
10196,0,svm,max,balanced,cached_mxbai,4741,1782219974.683077,,,
562,0,svm,max,balanced,cached_mxbai,4742,1782219975.4047096,,,
3371,0,svm,max,balanced,cached_mxbai,4743,1782219976.0975204,,,
9395,0,svm,max,balanced,cached_mxbai,4744,1782219976.786156,,,
2210,0,svm,max,balanced,cached_mxbai,4745,1782219977.4779491,,,
1538,0,svm,max,balanced,cached_mxbai,4746,1782219978.1680324,,,
7789,0,svm,max,balanced,cached_mxbai,4747,1782219978.858635,,,
6271,0,svm,max,balanced,cached_mxbai,4748,1782219979.544771,,,
7638,0,svm,max,balanced,cached_mxbai,4749,1782219980.2382686,,,
726,0,svm,max,balanced,cached_mxbai,4750,1782219980.9266026,,,
10194,0,svm,max,balanced,cached_mxbai,4751,1782219981.6206267,,,
10355,0,svm,max,balanced,cached_mxbai,4752,1782219982.312697,,,
5838,0,svm,max,balanced,cached_mxbai,4753,1782219983.002731,,,
2365,0,svm,max,balanced,cached_mxbai,4754,1782219983.6955888,,,
4375,0,svm,max,balanced,cached_mxbai,4755,1782219984.3913705,,,
2555,0,svm,max,balanced,cached_mxbai,4756,1782219985.0851822,,,
3192,0,svm,max,balanced,cached_mxbai,4757,1782219985.7916677,,,
6195,0,svm,max,balanced,cached_mxbai,4758,1782219986.482551,,,
1322,0,svm,max,balanced,cached_mxbai,4759,1782219987.1806266,,,
3670,0,svm,max,balanced,cached_mxbai,4760,1782219987.8704565,,,
6697,0,svm,max,balanced,cached_mxbai,4761,1782219988.5630078,,,
10128,0,svm,max,balanced,cached_mxbai,4762,1782219989.2738292,,,
3691,0,svm,max,balanced,cached_mxbai,4763,1782219989.981653,,,
6070,0,svm,max,balanced,cached_mxbai,4764,1782219990.6905015,,,
1514,0,svm,max,balanced,cached_mxbai,4765,1782219991.4004157,,,
8352,0,svm,max,balanced,cached_mxbai,4766,1782219992.1046371,,,
1629,0,svm,max,balanced,cached_mxbai,4767,1782219992.8186977,,,
1344,0,svm,max,balanced,cached_mxbai,4768,1782219993.5269306,,,
4624,0,svm,max,balanced,cached_mxbai,4769,1782219994.2444587,,,
7822,0,svm,max,balanced,cached_mxbai,4770,1782219994.9536586,,,
1411,0,svm,max,balanced,cached_mxbai,4771,1782219995.685278,,,
4066,0,svm,max,balanced,cached_mxbai,4772,1782219996.4015875,,,
4555,0,svm,max,balanced,cached_mxbai,4773,1782219997.1265953,,,
6277,0,svm,max,balanced,cached_mxbai,4774,1782219997.8449297,,,
1910,0,svm,max,balanced,cached_mxbai,4775,1782219998.5612357,,,
2367,0,svm,max,balanced,cached_mxbai,4776,1782219999.2713177,,,
3373,0,svm,max,balanced,cached_mxbai,4777,1782220000.003744,,,
2096,0,svm,max,balanced,cached_mxbai,4778,1782220000.7186549,,,
3182,0,svm,max,balanced,cached_mxbai,4779,1782220001.437434,,,
6391,0,svm,max,balanced,cached_mxbai,4780,1782220002.147985,,,
777,0,svm,max,balanced,cached_mxbai,4781,1782220002.8644319,,,
5254,0,svm,max,balanced,cached_mxbai,4782,1782220003.5836182,,,
2676,0,svm,max,balanced,cached_mxbai,4783,1782220004.2945173,,,
9923,0,svm,max,balanced,cached_mxbai,4784,1782220005.0188112,,,
4363,0,svm,max,balanced,cached_mxbai,4785,1782220005.7575257,,,
10419,0,svm,max,balanced,cached_mxbai,4786,1782220006.4895582,,,
2941,0,svm,max,balanced,cached_mxbai,4787,1782220007.2149088,,,
5660,0,svm,max,balanced,cached_mxbai,4788,1782220007.9446373,,,
10408,0,svm,max,balanced,cached_mxbai,4789,1782220008.6709015,,,
3111,0,svm,max,balanced,cached_mxbai,4790,1782220009.3970256,,,
10111,0,svm,max,balanced,cached_mxbai,4791,1782220010.1237776,,,
1781,0,svm,max,balanced,cached_mxbai,4792,1782220010.8550208,,,
2483,0,svm,max,balanced,cached_mxbai,4793,1782220011.596814,,,
10221,0,svm,max,balanced,cached_mxbai,4794,1782220012.3208199,,,
9715,0,svm,max,balanced,cached_mxbai,4795,1782220013.030755,,,
3482,0,svm,max,balanced,cached_mxbai,4796,1782220013.8246827,,,
9232,0,svm,max,balanced,cached_mxbai,4797,1782220014.5789447,,,
2613,0,svm,max,balanced,cached_mxbai,4798,1782220015.315035,,,
4782,0,svm,max,balanced,cached_mxbai,4799,1782220016.0202544,,,
7868,0,svm,max,balanced,cached_mxbai,4800,1782220016.7290425,,,
2995,0,svm,max,balanced,cached_mxbai,4801,1782220017.4389975,,,
4316,0,svm,max,balanced,cached_mxbai,4802,1782220018.1461933,,,
8382,0,svm,max,balanced,cached_mxbai,4803,1782220018.8536074,,,
3376,0,svm,max,balanced,cached_mxbai,4804,1782220019.5674388,,,
10593,0,svm,max,balanced,cached_mxbai,4805,1782220020.2848396,,,
7404,0,svm,max,balanced,cached_mxbai,4806,1782220021.0074916,,,
1466,0,svm,max,balanced,cached_mxbai,4807,1782220021.7493393,,,
7219,0,svm,max,balanced,cached_mxbai,4808,1782220022.4644837,,,
4638,0,svm,max,balanced,cached_mxbai,4809,1782220023.1875832,,,
6849,0,svm,max,balanced,cached_mxbai,4810,1782220023.903931,,,
3936,0,svm,max,balanced,cached_mxbai,4811,1782220024.61951,,,
1996,0,svm,max,balanced,cached_mxbai,4812,1782220025.3492463,,,
596,0,svm,max,balanced,cached_mxbai,4813,1782220026.0607228,,,
2821,0,svm,max,balanced,cached_mxbai,4814,1782220026.7806153,,,
2059,0,svm,max,balanced,cached_mxbai,4815,1782220027.5192194,,,
10174,0,svm,max,balanced,cached_mxbai,4816,1782220028.231024,,,
660,0,svm,max,balanced,cached_mxbai,4817,1782220028.948566,,,
1158,0,svm,max,balanced,cached_mxbai,4818,1782220029.6684892,,,
4382,0,svm,max,balanced,cached_mxbai,4819,1782220030.3814468,,,
8682,0,svm,max,balanced,cached_mxbai,4820,1782220031.0937173,,,
9884,0,svm,max,balanced,cached_mxbai,4821,1782220031.8059015,,,
4674,0,svm,max,balanced,cached_mxbai,4822,1782220032.517032,,,
1776,0,svm,max,balanced,cached_mxbai,4823,1782220033.2343333,,,
7332,0,svm,max,balanced,cached_mxbai,4824,1782220033.9444919,,,
2938,0,svm,max,balanced,cached_mxbai,4825,1782220034.6757834,,,
4275,0,svm,max,balanced,cached_mxbai,4826,1782220035.4242861,,,
3422,0,svm,max,balanced,cached_mxbai,4827,1782220036.135522,,,
10322,0,svm,max,balanced,cached_mxbai,4828,1782220036.842542,,,
8081,0,svm,max,balanced,cached_mxbai,4829,1782220037.5483751,,,
2619,0,svm,max,balanced,cached_mxbai,4830,1782220038.2549417,,,
10426,0,svm,max,balanced,cached_mxbai,4831,1782220038.9659312,,,
10328,0,svm,max,balanced,cached_mxbai,4832,1782220039.6758523,,,
4167,0,svm,max,balanced,cached_mxbai,4833,1782220040.3873012,,,
7387,0,svm,max,balanced,cached_mxbai,4834,1782220041.09804,,,
4223,0,svm,max,balanced,cached_mxbai,4835,1782220041.8186576,,,
1050,0,svm,max,balanced,cached_mxbai,4836,1782220042.5252697,,,
7486,0,svm,max,balanced,cached_mxbai,4837,1782220043.2425432,,,
8278,0,svm,max,balanced,cached_mxbai,4838,1782220043.9578817,,,
450,0,svm,max,balanced,cached_mxbai,4839,1782220044.6823096,,,
9294,0,svm,max,balanced,cached_mxbai,4840,1782220045.427647,,,
755,0,svm,max,balanced,cached_mxbai,4841,1782220046.1504362,,,
2802,0,svm,max,balanced,cached_mxbai,4842,1782220046.8649242,,,
1494,0,svm,max,balanced,cached_mxbai,4843,1782220047.5760612,,,
2825,0,svm,max,balanced,cached_mxbai,4844,1782220048.2880375,,,
9218,0,svm,max,balanced,cached_mxbai,4845,1782220049.0004804,,,
71,0,svm,max,balanced,cached_mxbai,4846,1782220049.708616,,,
6035,0,svm,max,balanced,cached_mxbai,4847,1782220050.4226258,,,
1314,0,svm,max,balanced,cached_mxbai,4848,1782220051.1351786,,,
3786,0,svm,max,balanced,cached_mxbai,4849,1782220051.8510005,,,
3834,0,svm,max,balanced,cached_mxbai,4850,1782220052.561132,,,
8739,0,svm,max,balanced,cached_mxbai,4851,1782220053.27686,,,
5021,0,svm,max,balanced,cached_mxbai,4852,1782220053.9890292,,,
219,0,svm,max,balanced,cached_mxbai,4853,1782220054.699442,,,
6685,0,svm,max,balanced,cached_mxbai,4854,1782220055.4369392,,,
1788,0,svm,max,balanced,cached_mxbai,4855,1782220056.1662974,,,
6315,0,svm,max,balanced,cached_mxbai,4856,1782220056.8900323,,,
3173,0,svm,max,balanced,cached_mxbai,4857,1782220057.616315,,,
3333,0,svm,max,balanced,cached_mxbai,4858,1782220058.3444316,,,
2866,0,svm,max,balanced,cached_mxbai,4859,1782220059.0660882,,,
1096,0,svm,max,balanced,cached_mxbai,4860,1782220059.7879286,,,
5804,0,svm,max,balanced,cached_mxbai,4861,1782220060.517169,,,
6752,0,svm,max,balanced,cached_mxbai,4862,1782220061.22813,,,
5544,0,svm,max,balanced,cached_mxbai,4863,1782220061.9552345,,,
5710,0,svm,max,balanced,cached_mxbai,4864,1782220062.6782672,,,
9058,0,svm,max,balanced,cached_mxbai,4865,1782220063.416285,,,
277,0,svm,max,balanced,cached_mxbai,4866,1782220064.1374876,,,
5890,0,svm,max,balanced,cached_mxbai,4867,1782220064.862217,,,
2775,0,svm,max,balanced,cached_mxbai,4868,1782220065.6067631,,,
2051,0,svm,max,balanced,cached_mxbai,4869,1782220066.3218515,,,
10160,0,svm,max,balanced,cached_mxbai,4870,1782220067.043248,,,
7401,0,svm,max,balanced,cached_mxbai,4871,1782220067.766131,,,
5421,0,svm,max,balanced,cached_mxbai,4872,1782220068.4854937,,,
8851,0,svm,max,balanced,cached_mxbai,4873,1782220069.1999683,,,
8626,0,svm,max,balanced,cached_mxbai,4874,1782220069.9122088,,,
5023,0,svm,max,balanced,cached_mxbai,4875,1782220070.6290052,,,
7214,0,svm,max,balanced,cached_mxbai,4876,1782220071.343591,,,
4189,0,svm,max,balanced,cached_mxbai,4877,1782220072.0605445,,,
1298,0,svm,max,balanced,cached_mxbai,4878,1782220072.778272,,,
6177,0,svm,max,balanced,cached_mxbai,4879,1782220073.4932718,,,
4354,0,svm,max,balanced,cached_mxbai,4880,1782220074.2090678,,,
6942,0,svm,max,balanced,cached_mxbai,4881,1782220074.926497,,,
3484,0,svm,max,balanced,cached_mxbai,4882,1782220075.662252,,,
5736,0,svm,max,balanced,cached_mxbai,4883,1782220076.3786767,,,
3838,0,svm,max,balanced,cached_mxbai,4884,1782220077.097468,,,
9645,0,svm,max,balanced,cached_mxbai,4885,1782220077.8149025,,,
8965,0,svm,max,balanced,cached_mxbai,4886,1782220078.5300694,,,
2085,0,svm,max,balanced,cached_mxbai,4887,1782220079.247559,,,
7579,0,svm,max,balanced,cached_mxbai,4888,1782220079.9629257,,,
3792,0,svm,max,balanced,cached_mxbai,4889,1782220080.6809082,,,
9991,0,svm,max,balanced,cached_mxbai,4890,1782220081.398106,,,
1471,0,svm,max,balanced,cached_mxbai,4891,1782220082.1156611,,,
9781,0,svm,max,balanced,cached_mxbai,4892,1782220082.8314645,,,
3127,0,svm,max,balanced,cached_mxbai,4893,1782220083.5520318,,,
10043,0,svm,max,balanced,cached_mxbai,4894,1782220084.2693899,,,
3574,0,svm,max,balanced,cached_mxbai,4895,1782220084.9904842,,,
5239,0,svm,max,balanced,cached_mxbai,4896,1782220085.7189631,,,
4070,0,svm,max,balanced,cached_mxbai,4897,1782220086.4411082,,,
2719,0,svm,max,balanced,cached_mxbai,4898,1782220087.15782,,,
409,0,svm,max,balanced,cached_mxbai,4899,1782220087.882566,,,
4474,0,svm,max,balanced,cached_mxbai,4900,1782220088.6060333,,,
3076,0,svm,max,balanced,cached_mxbai,4901,1782220089.3294716,,,
166,0,svm,max,balanced,cached_mxbai,4902,1782220090.0528574,,,
9015,0,svm,max,balanced,cached_mxbai,4903,1782220090.7814655,,,
7687,0,svm,max,balanced,cached_mxbai,4904,1782220091.506936,,,
10219,0,svm,max,balanced,cached_mxbai,4905,1782220092.2302687,,,
517,0,svm,max,balanced,cached_mxbai,4906,1782220092.9517915,,,
8391,0,svm,max,balanced,cached_mxbai,4907,1782220093.6778667,,,
2594,0,svm,max,balanced,cached_mxbai,4908,1782220094.401921,,,
9865,0,svm,max,balanced,cached_mxbai,4909,1782220095.1375215,,,
3119,0,svm,max,balanced,cached_mxbai,4910,1782220095.8786275,,,
6223,0,svm,max,balanced,cached_mxbai,4911,1782220096.607199,,,
4297,0,svm,max,balanced,cached_mxbai,4912,1782220097.332527,,,
10205,0,svm,max,balanced,cached_mxbai,4913,1782220098.0619836,,,
7407,0,svm,max,balanced,cached_mxbai,4914,1782220098.7855,,,
8318,0,svm,max,balanced,cached_mxbai,4915,1782220099.5092163,,,
1858,0,svm,max,balanced,cached_mxbai,4916,1782220100.2326581,,,
1680,0,svm,max,balanced,cached_mxbai,4917,1782220100.959786,,,
6552,0,svm,max,balanced,cached_mxbai,4918,1782220101.681127,,,
3603,0,svm,max,balanced,cached_mxbai,4919,1782220102.4125676,,,
10310,0,svm,max,balanced,cached_mxbai,4920,1782220103.142795,,,
4141,0,svm,max,balanced,cached_mxbai,4921,1782220103.874573,,,
4049,0,svm,max,balanced,cached_mxbai,4922,1782220104.6569262,,,
6406,0,svm,max,balanced,cached_mxbai,4923,1782220105.450932,,,
4742,0,svm,max,balanced,cached_mxbai,4924,1782220106.173777,,,
8827,0,svm,max,balanced,cached_mxbai,4925,1782220106.8773015,,,
10365,0,svm,max,balanced,cached_mxbai,4926,1782220107.5793293,,,
3732,0,svm,max,balanced,cached_mxbai,4927,1782220108.2808335,,,
2371,0,svm,max,balanced,cached_mxbai,4928,1782220108.990962,,,
7040,0,svm,max,balanced,cached_mxbai,4929,1782220109.7066689,,,
4816,0,svm,max,balanced,cached_mxbai,4930,1782220110.4146457,,,
10496,0,svm,max,balanced,cached_mxbai,4931,1782220111.1216228,,,
6919,0,svm,max,balanced,cached_mxbai,4932,1782220111.824321,,,
5703,0,svm,max,balanced,cached_mxbai,4933,1782220112.5268064,,,
5304,0,svm,max,balanced,cached_mxbai,4934,1782220113.2297516,,,
1974,0,svm,max,balanced,cached_mxbai,4935,1782220113.9358096,,,
1342,0,svm,max,balanced,cached_mxbai,4936,1782220114.6453774,,,
6851,0,svm,max,balanced,cached_mxbai,4937,1782220115.3901222,,,
2675,0,svm,max,balanced,cached_mxbai,4938,1782220116.119193,,,
8496,0,svm,max,balanced,cached_mxbai,4939,1782220116.8594096,,,
841,0,svm,max,balanced,cached_mxbai,4940,1782220117.6023371,,,
9311,0,svm,max,balanced,cached_mxbai,4941,1782220118.3631253,,,
3436,0,svm,max,balanced,cached_mxbai,4942,1782220119.1067288,,,
6757,0,svm,max,balanced,cached_mxbai,4943,1782220119.8483179,,,
5875,0,svm,max,balanced,cached_mxbai,4944,1782220120.5933137,,,
6909,0,svm,max,balanced,cached_mxbai,4945,1782220121.3343198,,,
2252,0,svm,max,balanced,cached_mxbai,4946,1782220122.0816193,,,
9322,0,svm,max,balanced,cached_mxbai,4947,1782220122.8182385,,,
9261,0,svm,max,balanced,cached_mxbai,4948,1782220123.559887,,,
107,0,svm,max,balanced,cached_mxbai,4949,1782220124.301119,,,
2049,0,svm,max,balanced,cached_mxbai,4950,1782220125.0643537,,,
8521,0,svm,max,balanced,cached_mxbai,4951,1782220125.8196628,,,
3239,0,svm,max,balanced,cached_mxbai,4952,1782220126.5518596,,,
2424,0,svm,max,balanced,cached_mxbai,4953,1782220127.2616665,,,
4923,0,svm,max,balanced,cached_mxbai,4954,1782220127.9849374,,,
1908,0,svm,max,balanced,cached_mxbai,4955,1782220128.7229536,,,
1742,0,svm,max,balanced,cached_mxbai,4956,1782220129.4513974,,,
321,0,svm,max,balanced,cached_mxbai,4957,1782220130.180177,,,
9005,0,svm,max,balanced,cached_mxbai,4958,1782220130.913117,,,
9415,0,svm,max,balanced,cached_mxbai,4959,1782220131.6366594,,,
4371,0,svm,max,balanced,cached_mxbai,4960,1782220132.3502736,,,
419,0,svm,max,balanced,cached_mxbai,4961,1782220133.054617,,,
5031,0,svm,max,balanced,cached_mxbai,4962,1782220133.7556243,,,
5997,0,svm,max,balanced,cached_mxbai,4963,1782220134.4596298,,,
5869,0,svm,max,balanced,cached_mxbai,4964,1782220135.188527,,,
1111,0,svm,max,balanced,cached_mxbai,4965,1782220135.9284484,,,
9707,0,svm,max,balanced,cached_mxbai,4966,1782220136.64429,,,
7607,0,svm,max,balanced,cached_mxbai,4967,1782220137.3770585,,,
9063,0,svm,max,balanced,cached_mxbai,4968,1782220138.092247,,,
8986,0,svm,max,balanced,cached_mxbai,4969,1782220138.8198254,,,
3997,0,svm,max,balanced,cached_mxbai,4970,1782220139.5408175,,,
7980,0,svm,max,balanced,cached_mxbai,4971,1782220140.2799628,,,
9061,0,svm,max,balanced,cached_mxbai,4972,1782220141.001909,,,
3810,0,svm,max,balanced,cached_mxbai,4973,1782220141.7135508,,,
3612,0,svm,max,balanced,cached_mxbai,4974,1782220142.4286811,,,
5785,0,svm,max,balanced,cached_mxbai,4975,1782220143.1475556,,,
7485,0,svm,max,balanced,cached_mxbai,4976,1782220143.8609817,,,
9485,0,svm,max,balanced,cached_mxbai,4977,1782220144.5716052,,,
6347,0,svm,max,balanced,cached_mxbai,4978,1782220145.3189456,,,
2879,0,svm,max,balanced,cached_mxbai,4979,1782220146.031756,,,
4667,0,svm,max,balanced,cached_mxbai,4980,1782220146.763317,,,
10537,0,svm,max,balanced,cached_mxbai,4981,1782220147.4907382,,,
276,0,svm,max,balanced,cached_mxbai,4982,1782220148.218482,,,
8091,0,svm,max,balanced,cached_mxbai,4983,1782220148.9499037,,,
4092,0,svm,max,balanced,cached_mxbai,4984,1782220149.680372,,,
6183,0,svm,max,balanced,cached_mxbai,4985,1782220150.4091046,,,
4163,0,svm,max,balanced,cached_mxbai,4986,1782220151.1236622,,,
3857,0,svm,max,balanced,cached_mxbai,4987,1782220151.8498554,,,
4728,0,svm,max,balanced,cached_mxbai,4988,1782220152.57643,,,
8854,0,svm,max,balanced,cached_mxbai,4989,1782220153.2890477,,,
678,0,svm,max,balanced,cached_mxbai,4990,1782220154.008831,,,
1135,0,svm,max,balanced,cached_mxbai,4991,1782220154.7227101,,,
3461,0,svm,max,balanced,cached_mxbai,4992,1782220155.4616256,,,
2953,0,svm,max,balanced,cached_mxbai,4993,1782220156.1763535,,,
7252,0,svm,max,balanced,cached_mxbai,4994,1782220156.8916824,,,
8519,0,svm,max,balanced,cached_mxbai,4995,1782220157.6005743,,,
6166,0,svm,max,balanced,cached_mxbai,4996,1782220158.3129761,,,
8987,0,svm,max,balanced,cached_mxbai,4997,1782220159.0338578,,,
3744,0,svm,max,balanced,cached_mxbai,4998,1782220159.8588088,,,
4360,0,svm,max,balanced,cached_mxbai,4999,1782220160.5783198,,,
3933,0,svm,max,balanced,cached_mxbai,5000,1782220161.3153806,,,
5340,0,svm,max,balanced,cached_mxbai,5001,1782220162.0450916,,,
2501,0,svm,max,balanced,cached_mxbai,5002,1782220162.7703857,,,
3616,0,svm,max,balanced,cached_mxbai,5003,1782220163.4950123,,,
396,0,svm,max,balanced,cached_mxbai,5004,1782220164.2189903,,,
2722,0,svm,max,balanced,cached_mxbai,5005,1782220164.9388845,,,
2709,0,svm,max,balanced,cached_mxbai,5006,1782220165.6830895,,,
10040,0,svm,max,balanced,cached_mxbai,5007,1782220166.397235,,,
2125,0,svm,max,balanced,cached_mxbai,5008,1782220167.1148708,,,
7132,0,svm,max,balanced,cached_mxbai,5009,1782220167.8302608,,,
3740,0,svm,max,balanced,cached_mxbai,5010,1782220168.5580072,,,
1826,0,svm,max,balanced,cached_mxbai,5011,1782220169.281249,,,
8874,0,svm,max,balanced,cached_mxbai,5012,1782220170.003634,,,
1109,0,svm,max,balanced,cached_mxbai,5013,1782220170.7278838,,,
9338,0,svm,max,balanced,cached_mxbai,5014,1782220171.4603868,,,
7267,0,svm,max,balanced,cached_mxbai,5015,1782220172.1811109,,,
5746,0,svm,max,balanced,cached_mxbai,5016,1782220172.8988323,,,
4224,0,svm,max,balanced,cached_mxbai,5017,1782220173.6125934,,,
757,0,svm,max,balanced,cached_mxbai,5018,1782220174.3329263,,,
6915,0,svm,max,balanced,cached_mxbai,5019,1782220175.0598242,,,
10294,0,svm,max,balanced,cached_mxbai,5020,1782220175.7940042,,,
8661,0,svm,max,balanced,cached_mxbai,5021,1782220176.5128553,,,
10257,0,svm,max,balanced,cached_mxbai,5022,1782220177.2312856,,,
4369,0,svm,max,balanced,cached_mxbai,5023,1782220177.9554229,,,
6719,0,svm,max,balanced,cached_mxbai,5024,1782220178.6796508,,,
9253,0,svm,max,balanced,cached_mxbai,5025,1782220179.4050283,,,
7075,0,svm,max,balanced,cached_mxbai,5026,1782220180.1326706,,,
3534,0,svm,max,balanced,cached_mxbai,5027,1782220180.8555243,,,
199,0,svm,max,balanced,cached_mxbai,5028,1782220181.5963163,,,
8137,0,svm,max,balanced,cached_mxbai,5029,1782220182.3224142,,,
5356,0,svm,max,balanced,cached_mxbai,5030,1782220183.0506248,,,
5229,0,svm,max,balanced,cached_mxbai,5031,1782220183.7700436,,,
8764,0,svm,max,balanced,cached_mxbai,5032,1782220184.5023997,,,
1963,0,svm,max,balanced,cached_mxbai,5033,1782220185.2393706,,,
6194,0,svm,max,balanced,cached_mxbai,5034,1782220185.9877508,,,
3212,0,svm,max,balanced,cached_mxbai,5035,1782220186.714091,,,
9412,0,svm,max,balanced,cached_mxbai,5036,1782220187.4438238,,,
1580,0,svm,max,balanced,cached_mxbai,5037,1782220188.171968,,,
7545,0,svm,max,balanced,cached_mxbai,5038,1782220188.901125,,,
3649,0,svm,max,balanced,cached_mxbai,5039,1782220189.631732,,,
4130,0,svm,max,balanced,cached_mxbai,5040,1782220190.350337,,,
6015,0,svm,max,balanced,cached_mxbai,5041,1782220191.0687962,,,
3034,0,svm,max,balanced,cached_mxbai,5042,1782220191.7863667,,,
4533,0,svm,max,balanced,cached_mxbai,5043,1782220192.5027692,,,
3387,0,svm,max,balanced,cached_mxbai,5044,1782220193.2242434,,,
1190,0,svm,max,balanced,cached_mxbai,5045,1782220193.9445064,,,
8458,0,svm,max,balanced,cached_mxbai,5046,1782220194.6800492,,,
9418,0,svm,max,balanced,cached_mxbai,5047,1782220195.4394822,,,
9510,0,svm,max,balanced,cached_mxbai,5048,1782220196.181974,,,
152,0,svm,max,balanced,cached_mxbai,5049,1782220196.9023306,,,
8577,0,svm,max,balanced,cached_mxbai,5050,1782220197.6325958,,,
3017,0,svm,max,balanced,cached_mxbai,5051,1782220198.3510535,,,
7646,0,svm,max,balanced,cached_mxbai,5052,1782220199.071947,,,
184,0,svm,max,balanced,cached_mxbai,5053,1782220199.7959063,,,
5460,0,svm,max,balanced,cached_mxbai,5054,1782220200.518316,,,
3965,0,svm,max,balanced,cached_mxbai,5055,1782220201.244354,,,
6392,0,svm,max,balanced,cached_mxbai,5056,1782220201.9700935,,,
9250,0,svm,max,balanced,cached_mxbai,5057,1782220202.6934242,,,
4869,0,svm,max,balanced,cached_mxbai,5058,1782220203.4213045,,,
3261,0,svm,max,balanced,cached_mxbai,5059,1782220204.1473346,,,
1587,0,svm,max,balanced,cached_mxbai,5060,1782220204.8694994,,,
6046,0,svm,max,balanced,cached_mxbai,5061,1782220205.6144648,,,
5367,0,svm,max,balanced,cached_mxbai,5062,1782220206.3409524,,,
6378,0,svm,max,balanced,cached_mxbai,5063,1782220207.0627928,,,
901,0,svm,max,balanced,cached_mxbai,5064,1782220207.7841122,,,
8244,0,svm,max,balanced,cached_mxbai,5065,1782220208.5100503,,,
9222,0,svm,max,balanced,cached_mxbai,5066,1782220209.2432864,,,
6796,0,svm,max,balanced,cached_mxbai,5067,1782220209.968763,,,
9487,0,svm,max,balanced,cached_mxbai,5068,1782220210.7098067,,,
8592,0,svm,max,balanced,cached_mxbai,5069,1782220211.4559574,,,
8499,0,svm,max,balanced,cached_mxbai,5070,1782220212.1852927,,,
9713,0,svm,max,balanced,cached_mxbai,5071,1782220212.9312675,,,
4193,0,svm,max,balanced,cached_mxbai,5072,1782220213.6731606,,,
6995,0,svm,max,balanced,cached_mxbai,5073,1782220214.4256237,,,
3462,0,svm,max,balanced,cached_mxbai,5074,1782220215.1823263,,,
6034,0,svm,max,balanced,cached_mxbai,5075,1782220215.9751413,,,
10476,0,svm,max,balanced,cached_mxbai,5076,1782220216.7265651,,,
2809,0,svm,max,balanced,cached_mxbai,5077,1782220217.470744,,,
77,0,svm,max,balanced,cached_mxbai,5078,1782220218.2216308,,,
10191,0,svm,max,balanced,cached_mxbai,5079,1782220218.9674895,,,
3390,0,svm,max,balanced,cached_mxbai,5080,1782220219.7164776,,,
1634,0,svm,max,balanced,cached_mxbai,5081,1782220220.4714541,,,
5258,0,svm,max,balanced,cached_mxbai,5082,1782220221.219425,,,
1059,0,svm,max,balanced,cached_mxbai,5083,1782220221.9668,,,
2067,0,svm,max,balanced,cached_mxbai,5084,1782220222.7122624,,,
1126,0,svm,max,balanced,cached_mxbai,5085,1782220223.4684398,,,
3357,0,svm,max,balanced,cached_mxbai,5086,1782220224.2230678,,,
7380,0,svm,max,balanced,cached_mxbai,5087,1782220224.973083,,,
4203,0,svm,max,balanced,cached_mxbai,5088,1782220225.7493482,,,
6760,0,svm,max,balanced,cached_mxbai,5089,1782220226.5022068,,,
2199,0,svm,max,balanced,cached_mxbai,5090,1782220227.2581575,,,
3540,0,svm,max,balanced,cached_mxbai,5091,1782220228.0146003,,,
10298,0,svm,max,balanced,cached_mxbai,5092,1782220228.7622359,,,
1173,0,svm,max,balanced,cached_mxbai,5093,1782220229.520788,,,
6753,0,svm,max,balanced,cached_mxbai,5094,1782220230.2799904,,,
3550,0,svm,max,balanced,cached_mxbai,5095,1782220231.0536406,,,
954,0,svm,max,balanced,cached_mxbai,5096,1782220231.810059,,,
3359,0,svm,max,balanced,cached_mxbai,5097,1782220232.5658174,,,
2170,0,svm,max,balanced,cached_mxbai,5098,1782220233.3252375,,,
9297,0,svm,max,balanced,cached_mxbai,5099,1782220234.0805817,,,
2112,0,svm,max,balanced,cached_mxbai,5100,1782220234.838003,,,
569,0,svm,max,balanced,cached_mxbai,5101,1782220235.609415,,,
9845,0,svm,max,balanced,cached_mxbai,5102,1782220236.3562882,,,
6312,0,svm,max,balanced,cached_mxbai,5103,1782220237.1099384,,,
1976,0,svm,max,balanced,cached_mxbai,5104,1782220237.8603237,,,
4620,0,svm,max,balanced,cached_mxbai,5105,1782220238.6169078,,,
8014,0,svm,max,balanced,cached_mxbai,5106,1782220239.371481,,,
1962,0,svm,max,balanced,cached_mxbai,5107,1782220240.1258821,,,
8216,0,svm,max,balanced,cached_mxbai,5108,1782220240.8767545,,,
9695,0,svm,max,balanced,cached_mxbai,5109,1782220241.6295757,,,
3571,0,svm,max,balanced,cached_mxbai,5110,1782220242.377558,,,
2014,0,svm,max,balanced,cached_mxbai,5111,1782220243.1245089,,,
8251,0,svm,max,balanced,cached_mxbai,5112,1782220243.8774688,,,
8066,0,svm,max,balanced,cached_mxbai,5113,1782220244.6322732,,,
6469,0,svm,max,balanced,cached_mxbai,5114,1782220245.407093,,,
447,0,svm,max,balanced,cached_mxbai,5115,1782220246.163247,,,
10114,0,svm,max,balanced,cached_mxbai,5116,1782220246.9181237,,,
8286,0,svm,max,balanced,cached_mxbai,5117,1782220247.6696959,,,
3184,0,svm,max,balanced,cached_mxbai,5118,1782220248.4317534,,,
7994,0,svm,max,balanced,cached_mxbai,5119,1782220249.199971,,,
3893,0,svm,max,balanced,cached_mxbai,5120,1782220249.953064,,,
8186,0,svm,max,balanced,cached_mxbai,5121,1782220250.7111626,,,
6362,0,svm,max,balanced,cached_mxbai,5122,1782220251.46516,,,
3292,0,svm,max,balanced,cached_mxbai,5123,1782220252.2290335,,,
2610,0,svm,max,balanced,cached_mxbai,5124,1782220252.9881442,,,
3803,0,svm,max,balanced,cached_mxbai,5125,1782220253.7526863,,,
3521,0,svm,max,balanced,cached_mxbai,5126,1782220254.516585,,,
1516,0,svm,max,balanced,cached_mxbai,5127,1782220255.2820406,,,
4038,0,svm,max,balanced,cached_mxbai,5128,1782220256.0345352,,,
8558,0,svm,max,balanced,cached_mxbai,5129,1782220256.7862074,,,
5067,0,svm,max,balanced,cached_mxbai,5130,1782220257.540891,,,
5429,0,svm,max,balanced,cached_mxbai,5131,1782220258.29337,,,
1151,0,svm,max,balanced,cached_mxbai,5132,1782220259.0408788,,,
551,0,svm,max,balanced,cached_mxbai,5133,1782220259.7963364,,,
9883,0,svm,max,balanced,cached_mxbai,5134,1782220260.5633028,,,
1296,0,svm,max,balanced,cached_mxbai,5135,1782220261.3251204,,,
4422,0,svm,max,balanced,cached_mxbai,5136,1782220262.0800803,,,
8165,0,svm,max,balanced,cached_mxbai,5137,1782220262.8372352,,,
8688,0,svm,max,balanced,cached_mxbai,5138,1782220263.5958085,,,
6724,0,svm,max,balanced,cached_mxbai,5139,1782220264.3530548,,,
5598,0,svm,max,balanced,cached_mxbai,5140,1782220265.1095943,,,
6672,0,svm,max,balanced,cached_mxbai,5141,1782220265.8870766,,,
4192,0,svm,max,balanced,cached_mxbai,5142,1782220266.652864,,,
4204,0,svm,max,balanced,cached_mxbai,5143,1782220267.4220247,,,
6511,0,svm,max,balanced,cached_mxbai,5144,1782220268.1886148,,,
3298,0,svm,max,balanced,cached_mxbai,5145,1782220268.9577832,,,
7685,0,svm,max,balanced,cached_mxbai,5146,1782220269.723333,,,
9518,0,svm,max,balanced,cached_mxbai,5147,1782220270.485482,,,
1259,0,svm,max,balanced,cached_mxbai,5148,1782220271.2576294,,,
6300,0,svm,max,balanced,cached_mxbai,5149,1782220272.0264955,,,
3780,0,svm,max,balanced,cached_mxbai,5150,1782220272.7954507,,,
5801,0,svm,max,balanced,cached_mxbai,5151,1782220273.5699754,,,
2817,0,svm,max,balanced,cached_mxbai,5152,1782220274.34679,,,
885,0,svm,max,balanced,cached_mxbai,5153,1782220275.126558,,,
3647,0,svm,max,balanced,cached_mxbai,5154,1782220275.9009736,,,
6739,0,svm,max,balanced,cached_mxbai,5155,1782220276.6584704,,,
5934,0,svm,max,balanced,cached_mxbai,5156,1782220277.414153,,,
9708,0,svm,max,balanced,cached_mxbai,5157,1782220278.1725178,,,
1079,0,svm,max,balanced,cached_mxbai,5158,1782220278.9308157,,,
4800,0,svm,max,balanced,cached_mxbai,5159,1782220279.6875668,,,
8056,0,svm,max,balanced,cached_mxbai,5160,1782220280.4463336,,,
767,0,svm,max,balanced,cached_mxbai,5161,1782220281.2122035,,,
7290,0,svm,max,balanced,cached_mxbai,5162,1782220281.9697282,,,
9979,0,svm,max,balanced,cached_mxbai,5163,1782220282.7268937,,,
410,0,svm,max,balanced,cached_mxbai,5164,1782220283.4932601,,,
6963,0,svm,max,balanced,cached_mxbai,5165,1782220284.2551196,,,
5177,0,svm,max,balanced,cached_mxbai,5166,1782220285.0158422,,,
6924,0,svm,max,balanced,cached_mxbai,5167,1782220285.8102336,,,
3593,0,svm,max,balanced,cached_mxbai,5168,1782220286.6223953,,,
7723,0,svm,max,balanced,cached_mxbai,5169,1782220287.4005468,,,
4978,0,svm,max,balanced,cached_mxbai,5170,1782220288.138486,,,
9162,0,svm,max,balanced,cached_mxbai,5171,1782220288.8962748,,,
142,0,svm,max,balanced,cached_mxbai,5172,1782220289.6544197,,,
5628,0,svm,max,balanced,cached_mxbai,5173,1782220290.3956573,,,
5362,0,svm,max,balanced,cached_mxbai,5174,1782220291.1318576,,,
6047,0,svm,max,balanced,cached_mxbai,5175,1782220291.8692248,,,
9926,0,svm,max,balanced,cached_mxbai,5176,1782220292.6279545,,,
314,0,svm,max,balanced,cached_mxbai,5177,1782220293.3988233,,,
3592,0,svm,max,balanced,cached_mxbai,5178,1782220294.156138,,,
10455,0,svm,max,balanced,cached_mxbai,5179,1782220294.9383645,,,
10596,1,svm,max,balanced,cached_mxbai,5180,1782220295.7379687,,,
10595,1,svm,max,balanced,cached_mxbai,5181,1782220296.5247653,,,
