record_id,label,classifier,querier,balancer,feature_extractor,training_set,time,note,tags,user_id
1141,1,,,,,,1782240866.3938968,,,
3817,0,,,,,,1782240866.3938968,,,
3451,1,svm,max,balanced,cached_mxbai,2,1782240866.4399142,,,
8411,1,svm,max,balanced,cached_mxbai,3,1782240866.4897811,,,
6283,1,svm,max,balanced,cached_mxbai,4,1782240866.5423687,,,
3702,1,svm,max,balanced,cached_mxbai,5,1782240866.5906532,,,
10176,1,svm,max,balanced,cached_mxbai,6,1782240866.6384385,,,
7339,1,svm,max,balanced,cached_mxbai,7,1782240866.687157,,,
5481,0,svm,max,balanced,cached_mxbai,8,1782240866.7355871,,,
10423,1,svm,max,balanced,cached_mxbai,9,1782240866.7834663,,,
5913,1,svm,max,balanced,cached_mxbai,10,1782240866.83108,,,
4393,1,svm,max,balanced,cached_mxbai,11,1782240866.8795235,,,
9026,0,svm,max,balanced,cached_mxbai,12,1782240866.9283085,,,
5970,0,svm,max,balanced,cached_mxbai,13,1782240866.976821,,,
6484,1,svm,max,balanced,cached_mxbai,14,1782240867.0253282,,,
5950,1,svm,max,balanced,cached_mxbai,15,1782240867.0744255,,,
9772,1,svm,max,balanced,cached_mxbai,16,1782240867.12305,,,
6481,0,svm,max,balanced,cached_mxbai,17,1782240867.1717668,,,
6097,1,svm,max,balanced,cached_mxbai,18,1782240867.2212176,,,
1960,0,svm,max,balanced,cached_mxbai,19,1782240867.2702458,,,
3247,0,svm,max,balanced,cached_mxbai,20,1782240867.318884,,,
6050,0,svm,max,balanced,cached_mxbai,21,1782240867.367819,,,
1230,0,svm,max,balanced,cached_mxbai,22,1782240867.4166381,,,
7547,1,svm,max,balanced,cached_mxbai,23,1782240867.4664447,,,
7548,1,svm,max,balanced,cached_mxbai,24,1782240867.5167944,,,
7352,1,svm,max,balanced,cached_mxbai,25,1782240867.5684762,,,
10454,0,svm,max,balanced,cached_mxbai,26,1782240867.6180694,,,
1621,1,svm,max,balanced,cached_mxbai,27,1782240867.667336,,,
9589,0,svm,max,balanced,cached_mxbai,28,1782240867.7336109,,,
1245,0,svm,max,balanced,cached_mxbai,29,1782240867.7823546,,,
3692,0,svm,max,balanced,cached_mxbai,30,1782240867.8322337,,,
7368,0,svm,max,balanced,cached_mxbai,31,1782240867.881216,,,
9344,1,svm,max,balanced,cached_mxbai,32,1782240867.9310129,,,
10220,1,svm,max,balanced,cached_mxbai,33,1782240867.980618,,,
5656,1,svm,max,balanced,cached_mxbai,34,1782240868.030162,,,
9004,1,svm,max,balanced,cached_mxbai,35,1782240868.0794547,,,
1802,1,svm,max,balanced,cached_mxbai,36,1782240868.128753,,,
6767,0,svm,max,balanced,cached_mxbai,37,1782240868.1782868,,,
5976,0,svm,max,balanced,cached_mxbai,38,1782240868.2284608,,,
9380,0,svm,max,balanced,cached_mxbai,39,1782240868.278165,,,
8434,1,svm,max,balanced,cached_mxbai,40,1782240868.3278756,,,
3820,1,svm,max,balanced,cached_mxbai,41,1782240868.377331,,,
1833,1,svm,max,balanced,cached_mxbai,42,1782240868.4277086,,,
8412,1,svm,max,balanced,cached_mxbai,43,1782240868.4778214,,,
8843,0,svm,max,balanced,cached_mxbai,44,1782240868.5277398,,,
10015,1,svm,max,balanced,cached_mxbai,45,1782240868.580105,,,
9498,1,svm,max,balanced,cached_mxbai,46,1782240868.6307216,,,
7373,1,svm,max,balanced,cached_mxbai,47,1782240868.6826298,,,
8719,1,svm,max,balanced,cached_mxbai,48,1782240868.7322073,,,
8718,0,svm,max,balanced,cached_mxbai,49,1782240868.7818058,,,
7598,0,svm,max,balanced,cached_mxbai,50,1782240868.8319767,,,
10029,0,svm,max,balanced,cached_mxbai,51,1782240868.8824558,,,
8378,0,svm,max,balanced,cached_mxbai,52,1782240868.9329329,,,
4083,0,svm,max,balanced,cached_mxbai,53,1782240868.9834616,,,
7026,0,svm,max,balanced,cached_mxbai,54,1782240869.0336916,,,
7479,0,svm,max,balanced,cached_mxbai,55,1782240869.0838084,,,
6197,0,svm,max,balanced,cached_mxbai,56,1782240869.133892,,,
9360,0,svm,max,balanced,cached_mxbai,57,1782240869.183738,,,
6904,1,svm,max,balanced,cached_mxbai,58,1782240869.2358067,,,
6902,1,svm,max,balanced,cached_mxbai,59,1782240869.2861512,,,
6637,1,svm,max,balanced,cached_mxbai,60,1782240869.3367748,,,
5115,0,svm,max,balanced,cached_mxbai,61,1782240869.3870351,,,
8594,1,svm,max,balanced,cached_mxbai,62,1782240869.4396253,,,
9740,0,svm,max,balanced,cached_mxbai,63,1782240869.490908,,,
5333,0,svm,max,balanced,cached_mxbai,64,1782240869.5438066,,,
5647,1,svm,max,balanced,cached_mxbai,65,1782240869.5957086,,,
7904,1,svm,max,balanced,cached_mxbai,66,1782240869.6466398,,,
7914,1,svm,max,balanced,cached_mxbai,67,1782240869.6994984,,,
6884,0,svm,max,balanced,cached_mxbai,68,1782240869.7508695,,,
6419,1,svm,max,balanced,cached_mxbai,69,1782240869.8022282,,,
882,0,svm,max,balanced,cached_mxbai,70,1782240869.853923,,,
649,0,svm,max,balanced,cached_mxbai,71,1782240869.905764,,,
4456,0,svm,max,balanced,cached_mxbai,72,1782240869.958044,,,
8552,0,svm,max,balanced,cached_mxbai,73,1782240870.010003,,,
9835,0,svm,max,balanced,cached_mxbai,74,1782240870.0624895,,,
1428,0,svm,max,balanced,cached_mxbai,75,1782240870.1150901,,,
5369,1,svm,max,balanced,cached_mxbai,76,1782240870.1668792,,,
10523,1,svm,max,balanced,cached_mxbai,77,1782240870.2204556,,,
3590,0,svm,max,balanced,cached_mxbai,78,1782240870.2737534,,,
5972,0,svm,max,balanced,cached_mxbai,79,1782240870.3263254,,,
1159,1,svm,max,balanced,cached_mxbai,80,1782240870.3813047,,,
9891,0,svm,max,balanced,cached_mxbai,81,1782240870.4348383,,,
8087,1,svm,max,balanced,cached_mxbai,82,1782240870.4885428,,,
5646,1,svm,max,balanced,cached_mxbai,83,1782240870.5427837,,,
9527,1,svm,max,balanced,cached_mxbai,84,1782240870.5968025,,,
9787,1,svm,max,balanced,cached_mxbai,85,1782240870.6490703,,,
2751,0,svm,max,balanced,cached_mxbai,86,1782240870.7028825,,,
7340,0,svm,max,balanced,cached_mxbai,87,1782240870.754807,,,
7412,0,svm,max,balanced,cached_mxbai,88,1782240870.8078744,,,
10447,1,svm,max,balanced,cached_mxbai,89,1782240870.8602943,,,
8775,0,svm,max,balanced,cached_mxbai,90,1782240870.915345,,,
3931,1,svm,max,balanced,cached_mxbai,91,1782240870.9719865,,,
5353,1,svm,max,balanced,cached_mxbai,92,1782240871.0270274,,,
10456,0,svm,max,balanced,cached_mxbai,93,1782240871.0806704,,,
5749,1,svm,max,balanced,cached_mxbai,94,1782240871.1330292,,,
5750,0,svm,max,balanced,cached_mxbai,95,1782240871.1853104,,,
7928,0,svm,max,balanced,cached_mxbai,96,1782240871.2386732,,,
6628,0,svm,max,balanced,cached_mxbai,97,1782240871.293309,,,
9142,0,svm,max,balanced,cached_mxbai,98,1782240871.3461123,,,
9944,0,svm,max,balanced,cached_mxbai,99,1782240871.4003105,,,
8295,0,svm,max,balanced,cached_mxbai,100,1782240871.4528391,,,
1272,0,svm,max,balanced,cached_mxbai,101,1782240871.5050902,,,
6376,0,svm,max,balanced,cached_mxbai,102,1782240871.5596187,,,
5301,1,svm,max,balanced,cached_mxbai,103,1782240871.6161714,,,
8537,1,svm,max,balanced,cached_mxbai,104,1782240871.6702483,,,
9959,1,svm,max,balanced,cached_mxbai,105,1782240871.7255285,,,
8535,1,svm,max,balanced,cached_mxbai,106,1782240871.7796686,,,
5298,1,svm,max,balanced,cached_mxbai,107,1782240871.8340337,,,
5297,0,svm,max,balanced,cached_mxbai,108,1782240871.8885465,,,
5302,1,svm,max,balanced,cached_mxbai,109,1782240871.9425547,,,
831,1,svm,max,balanced,cached_mxbai,110,1782240871.99717,,,
839,0,svm,max,balanced,cached_mxbai,111,1782240872.0508418,,,
1674,0,svm,max,balanced,cached_mxbai,112,1782240872.1054256,,,
10053,0,svm,max,balanced,cached_mxbai,113,1782240872.1595745,,,
6673,1,svm,max,balanced,cached_mxbai,114,1782240872.214419,,,
8649,1,svm,max,balanced,cached_mxbai,115,1782240872.2695045,,,
7863,1,svm,max,balanced,cached_mxbai,116,1782240872.325416,,,
1747,1,svm,max,balanced,cached_mxbai,117,1782240872.379867,,,
1748,0,svm,max,balanced,cached_mxbai,118,1782240872.4347389,,,
6053,1,svm,max,balanced,cached_mxbai,119,1782240872.4892173,,,
5081,0,svm,max,balanced,cached_mxbai,120,1782240872.5443683,,,
5739,1,svm,max,balanced,cached_mxbai,121,1782240872.6005557,,,
8163,1,svm,max,balanced,cached_mxbai,122,1782240872.6557786,,,
521,0,svm,max,balanced,cached_mxbai,123,1782240872.7118971,,,
982,0,svm,max,balanced,cached_mxbai,124,1782240872.7673624,,,
9685,1,svm,max,balanced,cached_mxbai,125,1782240872.8223352,,,
8094,1,svm,max,balanced,cached_mxbai,126,1782240872.8769274,,,
9658,0,svm,max,balanced,cached_mxbai,127,1782240872.933605,,,
7153,1,svm,max,balanced,cached_mxbai,128,1782240872.9897645,,,
3190,0,svm,max,balanced,cached_mxbai,129,1782240873.044258,,,
6257,0,svm,max,balanced,cached_mxbai,130,1782240873.0988812,,,
7655,1,svm,max,balanced,cached_mxbai,131,1782240873.1535485,,,
9686,1,svm,max,balanced,cached_mxbai,132,1782240873.208999,,,
10035,0,svm,max,balanced,cached_mxbai,133,1782240873.2649941,,,
8314,1,svm,max,balanced,cached_mxbai,134,1782240873.3202374,,,
2294,0,svm,max,balanced,cached_mxbai,135,1782240873.3753052,,,
5082,0,svm,max,balanced,cached_mxbai,136,1782240873.430526,,,
1675,1,svm,max,balanced,cached_mxbai,137,1782240873.4861171,,,
4457,0,svm,max,balanced,cached_mxbai,138,1782240873.542759,,,
9720,0,svm,max,balanced,cached_mxbai,139,1782240873.5987759,,,
6174,0,svm,max,balanced,cached_mxbai,140,1782240873.6545777,,,
3019,1,svm,max,balanced,cached_mxbai,141,1782240873.7115293,,,
10512,1,svm,max,balanced,cached_mxbai,142,1782240873.7668383,,,
7413,1,svm,max,balanced,cached_mxbai,143,1782240873.8224602,,,
8503,1,svm,max,balanced,cached_mxbai,144,1782240873.8778741,,,
1728,1,svm,max,balanced,cached_mxbai,145,1782240873.932966,,,
4558,0,svm,max,balanced,cached_mxbai,146,1782240873.9917686,,,
7877,1,svm,max,balanced,cached_mxbai,147,1782240874.0475323,,,
7333,1,svm,max,balanced,cached_mxbai,148,1782240874.1028183,,,
10147,1,svm,max,balanced,cached_mxbai,149,1782240874.157817,,,
1726,1,svm,max,balanced,cached_mxbai,150,1782240874.2132723,,,
7724,1,svm,max,balanced,cached_mxbai,151,1782240874.2692683,,,
4549,0,svm,max,balanced,cached_mxbai,152,1782240874.3250222,,,
8807,0,svm,max,balanced,cached_mxbai,153,1782240874.3800275,,,
1311,0,svm,max,balanced,cached_mxbai,154,1782240874.4355094,,,
1028,0,svm,max,balanced,cached_mxbai,155,1782240874.490836,,,
5670,0,svm,max,balanced,cached_mxbai,156,1782240874.5513494,,,
8656,0,svm,max,balanced,cached_mxbai,157,1782240874.6130788,,,
989,0,svm,max,balanced,cached_mxbai,158,1782240874.6695757,,,
4547,0,svm,max,balanced,cached_mxbai,159,1782240874.7271984,,,
8306,1,svm,max,balanced,cached_mxbai,160,1782240874.784399,,,
9077,0,svm,max,balanced,cached_mxbai,161,1782240874.8406203,,,
5888,1,svm,max,balanced,cached_mxbai,162,1782240874.896375,,,
8620,0,svm,max,balanced,cached_mxbai,163,1782240874.9526799,,,
4452,0,svm,max,balanced,cached_mxbai,164,1782240875.008731,,,
9750,1,svm,max,balanced,cached_mxbai,165,1782240875.0673761,,,
9525,0,svm,max,balanced,cached_mxbai,166,1782240875.124122,,,
5383,0,svm,max,balanced,cached_mxbai,167,1782240875.1808226,,,
7878,0,svm,max,balanced,cached_mxbai,168,1782240875.2566652,,,
10324,0,svm,max,balanced,cached_mxbai,169,1782240875.336707,,,
7179,0,svm,max,balanced,cached_mxbai,170,1782240875.399848,,,
4591,0,svm,max,balanced,cached_mxbai,171,1782240875.4569783,,,
1488,0,svm,max,balanced,cached_mxbai,172,1782240875.5144165,,,
4345,0,svm,max,balanced,cached_mxbai,173,1782240875.5719483,,,
2011,0,svm,max,balanced,cached_mxbai,174,1782240875.6294363,,,
5715,0,svm,max,balanced,cached_mxbai,175,1782240875.6855717,,,
1786,0,svm,max,balanced,cached_mxbai,176,1782240875.7445157,,,
8401,0,svm,max,balanced,cached_mxbai,177,1782240875.802295,,,
8442,0,svm,max,balanced,cached_mxbai,178,1782240875.8588643,,,
4455,0,svm,max,balanced,cached_mxbai,179,1782240875.9156845,,,
9170,1,svm,max,balanced,cached_mxbai,180,1782240875.9721093,,,
4534,0,svm,max,balanced,cached_mxbai,181,1782240876.0286994,,,
5322,0,svm,max,balanced,cached_mxbai,182,1782240876.0863273,,,
6111,0,svm,max,balanced,cached_mxbai,183,1782240876.1439347,,,
9107,0,svm,max,balanced,cached_mxbai,184,1782240876.201366,,,
9325,1,svm,max,balanced,cached_mxbai,185,1782240876.2595131,,,
8247,1,svm,max,balanced,cached_mxbai,186,1782240876.3191648,,,
4508,0,svm,max,balanced,cached_mxbai,187,1782240876.3770149,,,
5299,0,svm,max,balanced,cached_mxbai,188,1782240876.4359424,,,
4751,0,svm,max,balanced,cached_mxbai,189,1782240876.4938052,,,
6627,0,svm,max,balanced,cached_mxbai,190,1782240876.5536854,,,
10051,0,svm,max,balanced,cached_mxbai,191,1782240876.612773,,,
5141,0,svm,max,balanced,cached_mxbai,192,1782240876.6706991,,,
1676,0,svm,max,balanced,cached_mxbai,193,1782240876.7295198,,,
4950,0,svm,max,balanced,cached_mxbai,194,1782240876.7878747,,,
7561,0,svm,max,balanced,cached_mxbai,195,1782240876.8465943,,,
8730,0,svm,max,balanced,cached_mxbai,196,1782240876.9047356,,,
1110,0,svm,max,balanced,cached_mxbai,197,1782240876.9631376,,,
6520,0,svm,max,balanced,cached_mxbai,198,1782240877.021504,,,
9346,1,svm,max,balanced,cached_mxbai,199,1782240877.0809777,,,
5724,1,svm,max,balanced,cached_mxbai,200,1782240877.1381705,,,
8460,0,svm,max,balanced,cached_mxbai,201,1782240877.1967154,,,
4425,0,svm,max,balanced,cached_mxbai,202,1782240877.2553842,,,
6783,0,svm,max,balanced,cached_mxbai,203,1782240877.313888,,,
4464,1,svm,max,balanced,cached_mxbai,204,1782240877.3718507,,,
3077,0,svm,max,balanced,cached_mxbai,205,1782240877.4303732,,,
8505,0,svm,max,balanced,cached_mxbai,206,1782240877.488874,,,
10062,0,svm,max,balanced,cached_mxbai,207,1782240877.5468369,,,
1002,1,svm,max,balanced,cached_mxbai,208,1782240877.6057746,,,
5714,1,svm,max,balanced,cached_mxbai,209,1782240877.6651309,,,
6617,0,svm,max,balanced,cached_mxbai,210,1782240877.7229137,,,
4423,0,svm,max,balanced,cached_mxbai,211,1782240877.7823188,,,
3021,0,svm,max,balanced,cached_mxbai,212,1782240877.8410115,,,
6268,0,svm,max,balanced,cached_mxbai,213,1782240877.8998368,,,
681,0,svm,max,balanced,cached_mxbai,214,1782240877.9580352,,,
5565,0,svm,max,balanced,cached_mxbai,215,1782240878.0177789,,,
8926,0,svm,max,balanced,cached_mxbai,216,1782240878.076446,,,
8801,0,svm,max,balanced,cached_mxbai,217,1782240878.13449,,,
5296,0,svm,max,balanced,cached_mxbai,218,1782240878.192901,,,
7278,0,svm,max,balanced,cached_mxbai,219,1782240878.2525978,,,
6632,1,svm,max,balanced,cached_mxbai,220,1782240878.3119838,,,
6630,0,svm,max,balanced,cached_mxbai,221,1782240878.3711948,,,
4460,0,svm,max,balanced,cached_mxbai,222,1782240878.4306908,,,
5059,0,svm,max,balanced,cached_mxbai,223,1782240878.490339,,,
7754,0,svm,max,balanced,cached_mxbai,224,1782240878.5494566,,,
1649,0,svm,max,balanced,cached_mxbai,225,1782240878.61021,,,
4718,0,svm,max,balanced,cached_mxbai,226,1782240878.6700788,,,
10037,0,svm,max,balanced,cached_mxbai,227,1782240878.730808,,,
1645,1,svm,max,balanced,cached_mxbai,228,1782240878.7906058,,,
3135,0,svm,max,balanced,cached_mxbai,229,1782240878.8501816,,,
845,0,svm,max,balanced,cached_mxbai,230,1782240878.9098885,,,
3489,0,svm,max,balanced,cached_mxbai,231,1782240878.969676,,,
4468,0,svm,max,balanced,cached_mxbai,232,1782240879.0308409,,,
8047,1,svm,max,balanced,cached_mxbai,233,1782240879.0896935,,,
8815,1,svm,max,balanced,cached_mxbai,234,1782240879.149758,,,
6098,0,svm,max,balanced,cached_mxbai,235,1782240879.210929,,,
6227,0,svm,max,balanced,cached_mxbai,236,1782240879.2709088,,,
10594,1,svm,max,balanced,cached_mxbai,237,1782240879.3307083,,,
4326,0,svm,max,balanced,cached_mxbai,238,1782240879.3908982,,,
6479,0,svm,max,balanced,cached_mxbai,239,1782240879.4525082,,,
657,0,svm,max,balanced,cached_mxbai,240,1782240879.5131013,,,
4283,0,svm,max,balanced,cached_mxbai,241,1782240879.572605,,,
5986,1,svm,max,balanced,cached_mxbai,242,1782240879.6331093,,,
10028,1,svm,max,balanced,cached_mxbai,243,1782240879.6931152,,,
9027,0,svm,max,balanced,cached_mxbai,244,1782240879.755349,,,
8787,0,svm,max,balanced,cached_mxbai,245,1782240879.8157175,,,
5985,0,svm,max,balanced,cached_mxbai,246,1782240879.875628,,,
3464,0,svm,max,balanced,cached_mxbai,247,1782240879.937173,,,
5782,0,svm,max,balanced,cached_mxbai,248,1782240879.9974895,,,
4450,0,svm,max,balanced,cached_mxbai,249,1782240880.058204,,,
3509,0,svm,max,balanced,cached_mxbai,250,1782240880.1180978,,,
543,0,svm,max,balanced,cached_mxbai,251,1782240880.1772678,,,
4448,0,svm,max,balanced,cached_mxbai,252,1782240880.2385042,,,
6448,0,svm,max,balanced,cached_mxbai,253,1782240880.2986686,,,
6665,0,svm,max,balanced,cached_mxbai,254,1782240880.3605947,,,
5865,0,svm,max,balanced,cached_mxbai,255,1782240880.4234138,,,
7176,0,svm,max,balanced,cached_mxbai,256,1782240880.4847784,,,
4786,0,svm,max,balanced,cached_mxbai,257,1782240880.5448341,,,
6480,0,svm,max,balanced,cached_mxbai,258,1782240880.6053796,,,
5071,0,svm,max,balanced,cached_mxbai,259,1782240880.6659513,,,
1552,0,svm,max,balanced,cached_mxbai,260,1782240880.727406,,,
4592,0,svm,max,balanced,cached_mxbai,261,1782240880.7883954,,,
5948,0,svm,max,balanced,cached_mxbai,262,1782240880.848665,,,
4752,0,svm,max,balanced,cached_mxbai,263,1782240880.9106789,,,
6508,0,svm,max,balanced,cached_mxbai,264,1782240880.9715376,,,
5492,0,svm,max,balanced,cached_mxbai,265,1782240881.0334032,,,
5606,0,svm,max,balanced,cached_mxbai,266,1782240881.0954638,,,
8596,0,svm,max,balanced,cached_mxbai,267,1782240881.1561007,,,
4504,0,svm,max,balanced,cached_mxbai,268,1782240881.2195282,,,
4666,0,svm,max,balanced,cached_mxbai,269,1782240881.284505,,,
9758,0,svm,max,balanced,cached_mxbai,270,1782240881.3477902,,,
7851,0,svm,max,balanced,cached_mxbai,271,1782240881.41025,,,
1554,0,svm,max,balanced,cached_mxbai,272,1782240881.4719481,,,
589,0,svm,max,balanced,cached_mxbai,273,1782240881.5348454,,,
10563,1,svm,max,balanced,cached_mxbai,274,1782240881.5973995,,,
1271,0,svm,max,balanced,cached_mxbai,275,1782240881.6602101,,,
4971,0,svm,max,balanced,cached_mxbai,276,1782240881.7222383,,,
6624,0,svm,max,balanced,cached_mxbai,277,1782240881.7848828,,,
5305,0,svm,max,balanced,cached_mxbai,278,1782240881.8475146,,,
8117,0,svm,max,balanced,cached_mxbai,279,1782240881.9106271,,,
6496,0,svm,max,balanced,cached_mxbai,280,1782240881.972285,,,
6158,0,svm,max,balanced,cached_mxbai,281,1782240882.0354977,,,
8366,0,svm,max,balanced,cached_mxbai,282,1782240882.0983083,,,
9462,0,svm,max,balanced,cached_mxbai,283,1782240882.1606064,,,
9168,0,svm,max,balanced,cached_mxbai,284,1782240882.2223606,,,
4529,0,svm,max,balanced,cached_mxbai,285,1782240882.2865465,,,
7711,0,svm,max,balanced,cached_mxbai,286,1782240882.3503904,,,
1081,0,svm,max,balanced,cached_mxbai,287,1782240882.4165585,,,
4210,0,svm,max,balanced,cached_mxbai,288,1782240882.4780223,,,
2800,0,svm,max,balanced,cached_mxbai,289,1782240882.5417778,,,
5560,0,svm,max,balanced,cached_mxbai,290,1782240882.605497,,,
6716,0,svm,max,balanced,cached_mxbai,291,1782240882.668485,,,
8561,0,svm,max,balanced,cached_mxbai,292,1782240882.7319934,,,
4986,0,svm,max,balanced,cached_mxbai,293,1782240882.7945106,,,
2958,0,svm,max,balanced,cached_mxbai,294,1782240882.8574219,,,
6874,0,svm,max,balanced,cached_mxbai,295,1782240882.9222245,,,
6018,0,svm,max,balanced,cached_mxbai,296,1782240882.9865863,,,
9989,1,svm,max,balanced,cached_mxbai,297,1782240883.0499852,,,
5085,0,svm,max,balanced,cached_mxbai,298,1782240883.1133077,,,
3908,0,svm,max,balanced,cached_mxbai,299,1782240883.1765788,,,
8691,0,svm,max,balanced,cached_mxbai,300,1782240883.2394614,,,
5624,0,svm,max,balanced,cached_mxbai,301,1782240883.302947,,,
1232,0,svm,max,balanced,cached_mxbai,302,1782240883.3651712,,,
10502,0,svm,max,balanced,cached_mxbai,303,1782240883.4292154,,,
3372,0,svm,max,balanced,cached_mxbai,304,1782240883.493259,,,
10101,0,svm,max,balanced,cached_mxbai,305,1782240883.5577946,,,
9774,0,svm,max,balanced,cached_mxbai,306,1782240883.6213007,,,
6633,0,svm,max,balanced,cached_mxbai,307,1782240883.686025,,,
9770,1,svm,max,balanced,cached_mxbai,308,1782240883.7511425,,,
8188,0,svm,max,balanced,cached_mxbai,309,1782240883.815303,,,
9468,0,svm,max,balanced,cached_mxbai,310,1782240883.8786557,,,
1005,0,svm,max,balanced,cached_mxbai,311,1782240883.9426296,,,
8643,0,svm,max,balanced,cached_mxbai,312,1782240884.005622,,,
4461,0,svm,max,balanced,cached_mxbai,313,1782240884.069162,,,
1145,0,svm,max,balanced,cached_mxbai,314,1782240884.1338806,,,
7172,0,svm,max,balanced,cached_mxbai,315,1782240884.1977804,,,
4548,0,svm,max,balanced,cached_mxbai,316,1782240884.2627063,,,
7942,0,svm,max,balanced,cached_mxbai,317,1782240884.3296351,,,
5368,1,svm,max,balanced,cached_mxbai,318,1782240884.3957398,,,
4643,0,svm,max,balanced,cached_mxbai,319,1782240884.46153,,,
1729,0,svm,max,balanced,cached_mxbai,320,1782240884.525881,,,
3459,0,svm,max,balanced,cached_mxbai,321,1782240884.590153,,,
5209,0,svm,max,balanced,cached_mxbai,322,1782240884.6609523,,,
9892,0,svm,max,balanced,cached_mxbai,323,1782240884.7310138,,,
1424,0,svm,max,balanced,cached_mxbai,324,1782240884.8028111,,,
1491,0,svm,max,balanced,cached_mxbai,325,1782240884.8696992,,,
4413,0,svm,max,balanced,cached_mxbai,326,1782240884.934963,,,
4466,0,svm,max,balanced,cached_mxbai,327,1782240885.0002291,,,
7905,0,svm,max,balanced,cached_mxbai,328,1782240885.0809884,,,
6921,0,svm,max,balanced,cached_mxbai,329,1782240885.1467876,,,
1819,0,svm,max,balanced,cached_mxbai,330,1782240885.2180572,,,
5293,0,svm,max,balanced,cached_mxbai,331,1782240885.3174841,,,
4338,0,svm,max,balanced,cached_mxbai,332,1782240885.3931508,,,
9025,0,svm,max,balanced,cached_mxbai,333,1782240885.4579735,,,
7200,0,svm,max,balanced,cached_mxbai,334,1782240885.523903,,,
8651,0,svm,max,balanced,cached_mxbai,335,1782240885.5894132,,,
4029,0,svm,max,balanced,cached_mxbai,336,1782240885.6557074,,,
4965,0,svm,max,balanced,cached_mxbai,337,1782240885.7233121,,,
1038,0,svm,max,balanced,cached_mxbai,338,1782240885.793793,,,
4406,0,svm,max,balanced,cached_mxbai,339,1782240885.8602178,,,
4465,0,svm,max,balanced,cached_mxbai,340,1782240885.9266098,,,
5306,0,svm,max,balanced,cached_mxbai,341,1782240885.9935374,,,
7790,0,svm,max,balanced,cached_mxbai,342,1782240886.0603964,,,
1906,0,svm,max,balanced,cached_mxbai,343,1782240886.126375,,,
1047,1,svm,max,balanced,cached_mxbai,344,1782240886.1923969,,,
725,0,svm,max,balanced,cached_mxbai,345,1782240886.2591956,,,
7184,0,svm,max,balanced,cached_mxbai,346,1782240886.326716,,,
4293,0,svm,max,balanced,cached_mxbai,347,1782240886.3944361,,,
8971,0,svm,max,balanced,cached_mxbai,348,1782240886.460208,,,
7288,0,svm,max,balanced,cached_mxbai,349,1782240886.5254204,,,
2681,0,svm,max,balanced,cached_mxbai,350,1782240886.5916831,,,
5967,1,svm,max,balanced,cached_mxbai,351,1782240886.6607373,,,
6781,1,svm,max,balanced,cached_mxbai,352,1782240886.7278218,,,
6782,0,svm,max,balanced,cached_mxbai,353,1782240886.796378,,,
9805,0,svm,max,balanced,cached_mxbai,354,1782240886.8618493,,,
3102,0,svm,max,balanced,cached_mxbai,355,1782240886.9275467,,,
1004,0,svm,max,balanced,cached_mxbai,356,1782240886.9919004,,,
220,0,svm,max,balanced,cached_mxbai,357,1782240887.0590627,,,
5210,0,svm,max,balanced,cached_mxbai,358,1782240887.128092,,,
5561,0,svm,max,balanced,cached_mxbai,359,1782240887.1955967,,,
7299,0,svm,max,balanced,cached_mxbai,360,1782240887.261566,,,
9430,0,svm,max,balanced,cached_mxbai,361,1782240887.3317027,,,
1817,0,svm,max,balanced,cached_mxbai,362,1782240887.3996,,,
7686,0,svm,max,balanced,cached_mxbai,363,1782240887.4674368,,,
4471,0,svm,max,balanced,cached_mxbai,364,1782240887.535936,,,
3343,0,svm,max,balanced,cached_mxbai,365,1782240887.6035547,,,
8806,1,svm,max,balanced,cached_mxbai,366,1782240887.671136,,,
5792,0,svm,max,balanced,cached_mxbai,367,1782240887.7394385,,,
1083,0,svm,max,balanced,cached_mxbai,368,1782240887.8085837,,,
3768,0,svm,max,balanced,cached_mxbai,369,1782240887.8765311,,,
4055,0,svm,max,balanced,cached_mxbai,370,1782240887.9450128,,,
183,0,svm,max,balanced,cached_mxbai,371,1782240888.0136812,,,
2489,0,svm,max,balanced,cached_mxbai,372,1782240888.0822139,,,
9684,0,svm,max,balanced,cached_mxbai,373,1782240888.1507554,,,
7012,0,svm,max,balanced,cached_mxbai,374,1782240888.219094,,,
8334,0,svm,max,balanced,cached_mxbai,375,1782240888.2884707,,,
8532,0,svm,max,balanced,cached_mxbai,376,1782240888.3575826,,,
4628,0,svm,max,balanced,cached_mxbai,377,1782240888.4290092,,,
3176,0,svm,max,balanced,cached_mxbai,378,1782240888.5003471,,,
7678,0,svm,max,balanced,cached_mxbai,379,1782240888.571347,,,
4467,0,svm,max,balanced,cached_mxbai,380,1782240888.6403952,,,
4436,0,svm,max,balanced,cached_mxbai,381,1782240888.7126904,,,
8145,0,svm,max,balanced,cached_mxbai,382,1782240888.7831783,,,
10209,0,svm,max,balanced,cached_mxbai,383,1782240888.853996,,,
7147,0,svm,max,balanced,cached_mxbai,384,1782240888.9228928,,,
4887,0,svm,max,balanced,cached_mxbai,385,1782240888.991631,,,
4308,0,svm,max,balanced,cached_mxbai,386,1782240889.0614655,,,
10595,1,svm,max,balanced,cached_mxbai,387,1782240889.1313002,,,
5257,0,svm,max,balanced,cached_mxbai,388,1782240889.2007158,,,
3145,1,svm,max,balanced,cached_mxbai,389,1782240889.2711735,,,
6779,1,svm,max,balanced,cached_mxbai,390,1782240889.3408089,,,
3718,0,svm,max,balanced,cached_mxbai,391,1782240889.4102983,,,
3891,0,svm,max,balanced,cached_mxbai,392,1782240889.480586,,,
3144,0,svm,max,balanced,cached_mxbai,393,1782240889.5501845,,,
4036,0,svm,max,balanced,cached_mxbai,394,1782240889.6205091,,,
99,0,svm,max,balanced,cached_mxbai,395,1782240889.6900408,,,
9600,0,svm,max,balanced,cached_mxbai,396,1782240889.7600513,,,
3027,0,svm,max,balanced,cached_mxbai,397,1782240889.8293853,,,
6258,1,svm,max,balanced,cached_mxbai,398,1782240889.8981063,,,
1228,0,svm,max,balanced,cached_mxbai,399,1782240889.9685087,,,
4077,0,svm,max,balanced,cached_mxbai,400,1782240890.0377502,,,
10146,0,svm,max,balanced,cached_mxbai,401,1782240890.1077325,,,
9204,0,svm,max,balanced,cached_mxbai,402,1782240890.1775753,,,
7017,0,svm,max,balanced,cached_mxbai,403,1782240890.2485864,,,
4743,0,svm,max,balanced,cached_mxbai,404,1782240890.3197515,,,
5633,0,svm,max,balanced,cached_mxbai,405,1782240890.3897421,,,
3672,0,svm,max,balanced,cached_mxbai,406,1782240890.4604337,,,
7215,0,svm,max,balanced,cached_mxbai,407,1782240890.5321574,,,
4973,0,svm,max,balanced,cached_mxbai,408,1782240890.60227,,,
10016,1,svm,max,balanced,cached_mxbai,409,1782240890.6728988,,,
6519,0,svm,max,balanced,cached_mxbai,410,1782240890.7456517,,,
1489,0,svm,max,balanced,cached_mxbai,411,1782240890.818579,,,
8485,0,svm,max,balanced,cached_mxbai,412,1782240890.8898604,,,
1001,0,svm,max,balanced,cached_mxbai,413,1782240890.9623272,,,
8887,0,svm,max,balanced,cached_mxbai,414,1782240891.034324,,,
6891,0,svm,max,balanced,cached_mxbai,415,1782240891.1058311,,,
3568,0,svm,max,balanced,cached_mxbai,416,1782240891.1772747,,,
4353,0,svm,max,balanced,cached_mxbai,417,1782240891.2490864,,,
3576,0,svm,max,balanced,cached_mxbai,418,1782240891.3216803,,,
5941,0,svm,max,balanced,cached_mxbai,419,1782240891.3922558,,,
4885,0,svm,max,balanced,cached_mxbai,420,1782240891.4620712,,,
9255,0,svm,max,balanced,cached_mxbai,421,1782240891.5345354,,,
10590,0,svm,max,balanced,cached_mxbai,422,1782240891.6060169,,,
6464,0,svm,max,balanced,cached_mxbai,423,1782240891.6778023,,,
4738,0,svm,max,balanced,cached_mxbai,424,1782240891.7519395,,,
8605,0,svm,max,balanced,cached_mxbai,425,1782240891.826133,,,
5586,0,svm,max,balanced,cached_mxbai,426,1782240891.9004424,,,
8375,0,svm,max,balanced,cached_mxbai,427,1782240891.9726129,,,
5975,0,svm,max,balanced,cached_mxbai,428,1782240892.0461822,,,
1061,0,svm,max,balanced,cached_mxbai,429,1782240892.117526,,,
4829,0,svm,max,balanced,cached_mxbai,430,1782240892.1894965,,,
8465,0,svm,max,balanced,cached_mxbai,431,1782240892.2620218,,,
2705,0,svm,max,balanced,cached_mxbai,432,1782240892.337509,,,
6640,0,svm,max,balanced,cached_mxbai,433,1782240892.4127128,,,
5563,0,svm,max,balanced,cached_mxbai,434,1782240892.4868803,,,
4451,0,svm,max,balanced,cached_mxbai,435,1782240892.5608423,,,
8395,0,svm,max,balanced,cached_mxbai,436,1782240892.63353,,,
7140,0,svm,max,balanced,cached_mxbai,437,1782240892.707679,,,
3679,0,svm,max,balanced,cached_mxbai,438,1782240892.7814643,,,
4557,0,svm,max,balanced,cached_mxbai,439,1782240892.8560295,,,
5176,0,svm,max,balanced,cached_mxbai,440,1782240892.9300144,,,
5769,0,svm,max,balanced,cached_mxbai,441,1782240893.00377,,,
4567,0,svm,max,balanced,cached_mxbai,442,1782240893.0764706,,,
7943,0,svm,max,balanced,cached_mxbai,443,1782240893.1489115,,,
10215,0,svm,max,balanced,cached_mxbai,444,1782240893.2213001,,,
1599,0,svm,max,balanced,cached_mxbai,445,1782240893.294416,,,
3433,0,svm,max,balanced,cached_mxbai,446,1782240893.3686297,,,
4688,0,svm,max,balanced,cached_mxbai,447,1782240893.441768,,,
4778,0,svm,max,balanced,cached_mxbai,448,1782240893.5161128,,,
3961,0,svm,max,balanced,cached_mxbai,449,1782240893.5890055,,,
6377,0,svm,max,balanced,cached_mxbai,450,1782240893.6618214,,,
3243,0,svm,max,balanced,cached_mxbai,451,1782240893.7352118,,,
9022,0,svm,max,balanced,cached_mxbai,452,1782240893.8088303,,,
4396,0,svm,max,balanced,cached_mxbai,453,1782240893.8837104,,,
10596,1,svm,max,balanced,cached_mxbai,454,1782240893.9566956,,,
9945,0,svm,max,balanced,cached_mxbai,455,1782240894.0317068,,,
558,0,svm,max,balanced,cached_mxbai,456,1782240894.1046703,,,
3668,0,svm,max,balanced,cached_mxbai,457,1782240894.178243,,,
6133,0,svm,max,balanced,cached_mxbai,458,1782240894.2528625,,,
8595,0,svm,max,balanced,cached_mxbai,459,1782240894.327631,,,
958,0,svm,max,balanced,cached_mxbai,460,1782240894.4021974,,,
1191,0,svm,max,balanced,cached_mxbai,461,1782240894.4775424,,,
6490,0,svm,max,balanced,cached_mxbai,462,1782240894.551001,,,
4881,0,svm,max,balanced,cached_mxbai,463,1782240894.625514,,,
3804,0,svm,max,balanced,cached_mxbai,464,1782240894.700289,,,
5767,0,svm,max,balanced,cached_mxbai,465,1782240894.7759323,,,
1520,0,svm,max,balanced,cached_mxbai,466,1782240894.8519745,,,
6916,0,svm,max,balanced,cached_mxbai,467,1782240894.9270158,,,
5008,0,svm,max,balanced,cached_mxbai,468,1782240895.001048,,,
10591,0,svm,max,balanced,cached_mxbai,469,1782240895.0893674,,,
3389,0,svm,max,balanced,cached_mxbai,470,1782240895.1637995,,,
9830,0,svm,max,balanced,cached_mxbai,471,1782240895.258457,,,
5414,0,svm,max,balanced,cached_mxbai,472,1782240895.357009,,,
5049,0,svm,max,balanced,cached_mxbai,473,1782240895.4335756,,,
8015,0,svm,max,balanced,cached_mxbai,474,1782240895.5102956,,,
4064,0,svm,max,balanced,cached_mxbai,475,1782240895.5863142,,,
6926,0,svm,max,balanced,cached_mxbai,476,1782240895.6609566,,,
4720,0,svm,max,balanced,cached_mxbai,477,1782240895.7379894,,,
4770,0,svm,max,balanced,cached_mxbai,478,1782240895.8168893,,,
4449,0,svm,max,balanced,cached_mxbai,479,1782240895.8926451,,,
3065,0,svm,max,balanced,cached_mxbai,480,1782240895.9706702,,,
4748,0,svm,max,balanced,cached_mxbai,481,1782240896.048502,,,
6881,1,svm,max,balanced,cached_mxbai,482,1782240896.1253076,,,
1391,0,svm,max,balanced,cached_mxbai,483,1782240896.200786,,,
4072,0,svm,max,balanced,cached_mxbai,484,1782240896.276779,,,
5521,0,svm,max,balanced,cached_mxbai,485,1782240896.3562791,,,
8422,1,svm,max,balanced,cached_mxbai,486,1782240896.4350052,,,
7896,0,svm,max,balanced,cached_mxbai,487,1782240896.5126605,,,
6738,0,svm,max,balanced,cached_mxbai,488,1782240896.587839,,,
3775,0,svm,max,balanced,cached_mxbai,489,1782240896.66326,,,
10052,0,svm,max,balanced,cached_mxbai,490,1782240896.740675,,,
10026,0,svm,max,balanced,cached_mxbai,491,1782240896.820333,,,
832,0,svm,max,balanced,cached_mxbai,492,1782240896.8979836,,,
8991,0,svm,max,balanced,cached_mxbai,493,1782240896.9734397,,,
10273,0,svm,max,balanced,cached_mxbai,494,1782240897.0501995,,,
4531,0,svm,max,balanced,cached_mxbai,495,1782240897.131229,,,
5556,0,svm,max,balanced,cached_mxbai,496,1782240897.2099264,,,
4805,0,svm,max,balanced,cached_mxbai,497,1782240897.2864652,,,
9743,0,svm,max,balanced,cached_mxbai,498,1782240897.3645003,,,
9249,0,svm,max,balanced,cached_mxbai,499,1782240897.4415839,,,
838,0,svm,max,balanced,cached_mxbai,500,1782240897.5208108,,,
9907,0,svm,max,balanced,cached_mxbai,501,1782240897.5991697,,,
559,0,svm,max,balanced,cached_mxbai,502,1782240897.6774352,,,
8714,0,svm,max,balanced,cached_mxbai,503,1782240897.7559168,,,
7435,0,svm,max,balanced,cached_mxbai,504,1782240897.8346653,,,
4487,0,svm,max,balanced,cached_mxbai,505,1782240897.9123247,,,
74,0,svm,max,balanced,cached_mxbai,506,1782240897.9903727,,,
1708,0,svm,max,balanced,cached_mxbai,507,1782240898.0689592,,,
5179,0,svm,max,balanced,cached_mxbai,508,1782240898.146609,,,
10424,0,svm,max,balanced,cached_mxbai,509,1782240898.2248976,,,
4427,0,svm,max,balanced,cached_mxbai,510,1782240898.302922,,,
4390,0,svm,max,balanced,cached_mxbai,511,1782240898.3831863,,,
9702,0,svm,max,balanced,cached_mxbai,512,1782240898.4638948,,,
3963,0,svm,max,balanced,cached_mxbai,513,1782240898.543051,,,
7549,0,svm,max,balanced,cached_mxbai,514,1782240898.6205926,,,
675,0,svm,max,balanced,cached_mxbai,515,1782240898.6985848,,,
4785,0,svm,max,balanced,cached_mxbai,516,1782240898.7767124,,,
5102,0,svm,max,balanced,cached_mxbai,517,1782240898.8560984,,,
7080,1,svm,max,balanced,cached_mxbai,518,1782240898.935621,,,
3032,0,svm,max,balanced,cached_mxbai,519,1782240899.0150936,,,
10227,0,svm,max,balanced,cached_mxbai,520,1782240899.0932603,,,
7104,0,svm,max,balanced,cached_mxbai,521,1782240899.1720731,,,
4350,0,svm,max,balanced,cached_mxbai,522,1782240899.2505083,,,
3150,0,svm,max,balanced,cached_mxbai,523,1782240899.3309455,,,
8982,0,svm,max,balanced,cached_mxbai,524,1782240899.4096327,,,
4154,0,svm,max,balanced,cached_mxbai,525,1782240899.4885955,,,
8556,0,svm,max,balanced,cached_mxbai,526,1782240899.5679069,,,
1403,0,svm,max,balanced,cached_mxbai,527,1782240899.6467323,,,
4787,0,svm,max,balanced,cached_mxbai,528,1782240899.7244322,,,
2076,0,svm,max,balanced,cached_mxbai,529,1782240899.8054068,,,
4669,0,svm,max,balanced,cached_mxbai,530,1782240899.8845155,,,
5193,0,svm,max,balanced,cached_mxbai,531,1782240899.9656146,,,
662,0,svm,max,balanced,cached_mxbai,532,1782240900.044532,,,
7421,0,svm,max,balanced,cached_mxbai,533,1782240900.1232784,,,
4779,0,svm,max,balanced,cached_mxbai,534,1782240900.2019567,,,
3919,0,svm,max,balanced,cached_mxbai,535,1782240900.2827137,,,
699,0,svm,max,balanced,cached_mxbai,536,1782240900.3691812,,,
4661,0,svm,max,balanced,cached_mxbai,537,1782240900.4503145,,,
6889,0,svm,max,balanced,cached_mxbai,538,1782240900.5320551,,,
9461,1,svm,max,balanced,cached_mxbai,539,1782240900.612411,,,
114,0,svm,max,balanced,cached_mxbai,540,1782240900.6916025,,,
1350,0,svm,max,balanced,cached_mxbai,541,1782240900.7708666,,,
9552,0,svm,max,balanced,cached_mxbai,542,1782240900.852934,,,
5857,0,svm,max,balanced,cached_mxbai,543,1782240900.9316883,,,
3415,0,svm,max,balanced,cached_mxbai,544,1782240901.0107932,,,
9124,0,svm,max,balanced,cached_mxbai,545,1782240901.0918043,,,
3618,0,svm,max,balanced,cached_mxbai,546,1782240901.1715858,,,
4511,0,svm,max,balanced,cached_mxbai,547,1782240901.2536428,,,
6518,0,svm,max,balanced,cached_mxbai,548,1782240901.3332329,,,
5083,0,svm,max,balanced,cached_mxbai,549,1782240901.41418,,,
3623,0,svm,max,balanced,cached_mxbai,550,1782240901.4958935,,,
6100,0,svm,max,balanced,cached_mxbai,551,1782240901.5767736,,,
6618,0,svm,max,balanced,cached_mxbai,552,1782240901.6579351,,,
4626,0,svm,max,balanced,cached_mxbai,553,1782240901.7398405,,,
4597,0,svm,max,balanced,cached_mxbai,554,1782240901.8236005,,,
3296,0,svm,max,balanced,cached_mxbai,555,1782240901.9059894,,,
1810,0,svm,max,balanced,cached_mxbai,556,1782240901.9890094,,,
7392,0,svm,max,balanced,cached_mxbai,557,1782240902.0706527,,,
4505,0,svm,max,balanced,cached_mxbai,558,1782240902.1523,,,
4494,0,svm,max,balanced,cached_mxbai,559,1782240902.2326703,,,
4373,0,svm,max,balanced,cached_mxbai,560,1782240902.3141665,,,
5056,0,svm,max,balanced,cached_mxbai,561,1782240902.397334,,,
5780,0,svm,max,balanced,cached_mxbai,562,1782240902.4808514,,,
3929,0,svm,max,balanced,cached_mxbai,563,1782240902.563789,,,
3101,0,svm,max,balanced,cached_mxbai,564,1782240902.646042,,,
3974,0,svm,max,balanced,cached_mxbai,565,1782240902.7281199,,,
6420,0,svm,max,balanced,cached_mxbai,566,1782240902.8119125,,,
7148,0,svm,max,balanced,cached_mxbai,567,1782240902.8943439,,,
8377,0,svm,max,balanced,cached_mxbai,568,1782240902.979071,,,
6255,0,svm,max,balanced,cached_mxbai,569,1782240903.061964,,,
9476,0,svm,max,balanced,cached_mxbai,570,1782240903.144695,,,
4520,0,svm,max,balanced,cached_mxbai,571,1782240903.2296212,,,
3787,0,svm,max,balanced,cached_mxbai,572,1782240903.3137274,,,
2625,0,svm,max,balanced,cached_mxbai,573,1782240903.3975413,,,
3806,0,svm,max,balanced,cached_mxbai,574,1782240903.480806,,,
7534,0,svm,max,balanced,cached_mxbai,575,1782240903.5645406,,,
7270,0,svm,max,balanced,cached_mxbai,576,1782240903.6479287,,,
4976,0,svm,max,balanced,cached_mxbai,577,1782240903.7302961,,,
5137,0,svm,max,balanced,cached_mxbai,578,1782240903.8150342,,,
6192,0,svm,max,balanced,cached_mxbai,579,1782240903.9015424,,,
3630,0,svm,max,balanced,cached_mxbai,580,1782240903.9912424,,,
4947,0,svm,max,balanced,cached_mxbai,581,1782240904.0779607,,,
1820,0,svm,max,balanced,cached_mxbai,582,1782240904.1629856,,,
4616,0,svm,max,balanced,cached_mxbai,583,1782240904.2476037,,,
4116,0,svm,max,balanced,cached_mxbai,584,1782240904.3335967,,,
7453,1,svm,max,balanced,cached_mxbai,585,1782240904.4190118,,,
430,0,svm,max,balanced,cached_mxbai,586,1782240904.5032377,,,
5172,0,svm,max,balanced,cached_mxbai,587,1782240904.5882611,,,
4721,0,svm,max,balanced,cached_mxbai,588,1782240904.6731513,,,
10532,0,svm,max,balanced,cached_mxbai,589,1782240904.756658,,,
1033,0,svm,max,balanced,cached_mxbai,590,1782240904.8428226,,,
3926,0,svm,max,balanced,cached_mxbai,591,1782240904.928503,,,
3726,0,svm,max,balanced,cached_mxbai,592,1782240905.012429,,,
4625,0,svm,max,balanced,cached_mxbai,593,1782240905.100203,,,
3435,0,svm,max,balanced,cached_mxbai,594,1782240905.1844876,,,
7305,0,svm,max,balanced,cached_mxbai,595,1782240905.2898338,,,
6074,0,svm,max,balanced,cached_mxbai,596,1782240905.3881629,,,
7864,0,svm,max,balanced,cached_mxbai,597,1782240905.4750526,,,
9517,0,svm,max,balanced,cached_mxbai,598,1782240905.560601,,,
8168,0,svm,max,balanced,cached_mxbai,599,1782240905.6443799,,,
4499,0,svm,max,balanced,cached_mxbai,600,1782240905.7309754,,,
545,0,svm,max,balanced,cached_mxbai,601,1782240905.8181515,,,
10522,0,svm,max,balanced,cached_mxbai,602,1782240905.902963,,,
9625,0,svm,max,balanced,cached_mxbai,603,1782240905.987088,,,
5019,0,svm,max,balanced,cached_mxbai,604,1782240906.0735495,,,
676,0,svm,max,balanced,cached_mxbai,605,1782240906.1598146,,,
3106,0,svm,max,balanced,cached_mxbai,606,1782240906.2446687,,,
6732,0,svm,max,balanced,cached_mxbai,607,1782240906.3293989,,,
1472,0,svm,max,balanced,cached_mxbai,608,1782240906.4169824,,,
8257,0,svm,max,balanced,cached_mxbai,609,1782240906.5031981,,,
4506,0,svm,max,balanced,cached_mxbai,610,1782240906.5885236,,,
3627,0,svm,max,balanced,cached_mxbai,611,1782240906.6732078,,,
2110,0,svm,max,balanced,cached_mxbai,612,1782240906.7603,,,
4707,0,svm,max,balanced,cached_mxbai,613,1782240906.848164,,,
5218,0,svm,max,balanced,cached_mxbai,614,1782240906.9369154,,,
1051,0,svm,max,balanced,cached_mxbai,615,1782240907.0232513,,,
4134,0,svm,max,balanced,cached_mxbai,616,1782240907.1098337,,,
9908,0,svm,max,balanced,cached_mxbai,617,1782240907.1969252,,,
9829,0,svm,max,balanced,cached_mxbai,618,1782240907.2858691,,,
8326,0,svm,max,balanced,cached_mxbai,619,1782240907.374834,,,
4875,0,svm,max,balanced,cached_mxbai,620,1782240907.4634051,,,
5321,0,svm,max,balanced,cached_mxbai,621,1782240907.5502133,,,
1682,0,svm,max,balanced,cached_mxbai,622,1782240907.6380267,,,
4698,0,svm,max,balanced,cached_mxbai,623,1782240907.7248435,,,
3224,0,svm,max,balanced,cached_mxbai,624,1782240907.8135085,,,
2901,0,svm,max,balanced,cached_mxbai,625,1782240907.9059234,,,
4420,0,svm,max,balanced,cached_mxbai,626,1782240907.9953465,,,
745,0,svm,max,balanced,cached_mxbai,627,1782240908.0849013,,,
5457,0,svm,max,balanced,cached_mxbai,628,1782240908.1735382,,,
3827,0,svm,max,balanced,cached_mxbai,629,1782240908.2605596,,,
4686,0,svm,max,balanced,cached_mxbai,630,1782240908.349904,,,
8471,0,svm,max,balanced,cached_mxbai,631,1782240908.444132,,,
143,0,svm,max,balanced,cached_mxbai,632,1782240908.5358193,,,
3416,0,svm,max,balanced,cached_mxbai,633,1782240908.6269472,,,
4746,0,svm,max,balanced,cached_mxbai,634,1782240908.715994,,,
5208,0,svm,max,balanced,cached_mxbai,635,1782240908.805087,,,
9806,0,svm,max,balanced,cached_mxbai,636,1782240908.8970916,,,
1867,0,svm,max,balanced,cached_mxbai,637,1782240908.9871237,,,
8077,0,svm,max,balanced,cached_mxbai,638,1782240909.0760891,,,
760,0,svm,max,balanced,cached_mxbai,639,1782240909.1648288,,,
6400,0,svm,max,balanced,cached_mxbai,640,1782240909.2550855,,,
4538,0,svm,max,balanced,cached_mxbai,641,1782240909.3462188,,,
532,0,svm,max,balanced,cached_mxbai,642,1782240909.4366744,,,
7662,0,svm,max,balanced,cached_mxbai,643,1782240909.5257561,,,
1389,0,svm,max,balanced,cached_mxbai,644,1782240909.6140468,,,
8780,0,svm,max,balanced,cached_mxbai,645,1782240909.702024,,,
4289,0,svm,max,balanced,cached_mxbai,646,1782240909.7912705,,,
7226,0,svm,max,balanced,cached_mxbai,647,1782240909.8849528,,,
7784,0,svm,max,balanced,cached_mxbai,648,1782240909.9749403,,,
8118,0,svm,max,balanced,cached_mxbai,649,1782240910.0652645,,,
6428,0,svm,max,balanced,cached_mxbai,650,1782240910.1551654,,,
4100,0,svm,max,balanced,cached_mxbai,651,1782240910.246241,,,
5168,0,svm,max,balanced,cached_mxbai,652,1782240910.3351803,,,
5451,0,svm,max,balanced,cached_mxbai,653,1782240910.4265728,,,
1213,0,svm,max,balanced,cached_mxbai,654,1782240910.515697,,,
4788,0,svm,max,balanced,cached_mxbai,655,1782240910.6068308,,,
6130,0,svm,max,balanced,cached_mxbai,656,1782240910.694937,,,
7121,0,svm,max,balanced,cached_mxbai,657,1782240910.7855837,,,
4458,0,svm,max,balanced,cached_mxbai,658,1782240910.8792503,,,
698,0,svm,max,balanced,cached_mxbai,659,1782240910.9704976,,,
4364,0,svm,max,balanced,cached_mxbai,660,1782240911.061537,,,
4527,0,svm,max,balanced,cached_mxbai,661,1782240911.1558418,,,
134,0,svm,max,balanced,cached_mxbai,662,1782240911.246398,,,
4522,0,svm,max,balanced,cached_mxbai,663,1782240911.3364995,,,
4299,0,svm,max,balanced,cached_mxbai,664,1782240911.4270186,,,
4109,0,svm,max,balanced,cached_mxbai,665,1782240911.518859,,,
4793,0,svm,max,balanced,cached_mxbai,666,1782240911.6092002,,,
5092,0,svm,max,balanced,cached_mxbai,667,1782240911.7019148,,,
667,0,svm,max,balanced,cached_mxbai,668,1782240911.795387,,,
8225,0,svm,max,balanced,cached_mxbai,669,1782240911.889679,,,
7666,0,svm,max,balanced,cached_mxbai,670,1782240911.984363,,,
4088,0,svm,max,balanced,cached_mxbai,671,1782240912.0776348,,,
3761,0,svm,max,balanced,cached_mxbai,672,1782240912.1695917,,,
8655,0,svm,max,balanced,cached_mxbai,673,1782240912.2615747,,,
4565,0,svm,max,balanced,cached_mxbai,674,1782240912.355076,,,
3747,0,svm,max,balanced,cached_mxbai,675,1782240912.4516926,,,
4797,0,svm,max,balanced,cached_mxbai,676,1782240912.5453393,,,
8120,0,svm,max,balanced,cached_mxbai,677,1782240912.6385746,,,
5323,0,svm,max,balanced,cached_mxbai,678,1782240912.7299674,,,
1879,0,svm,max,balanced,cached_mxbai,679,1782240912.8236122,,,
9779,0,svm,max,balanced,cached_mxbai,680,1782240912.9187818,,,
4593,0,svm,max,balanced,cached_mxbai,681,1782240913.01657,,,
6530,0,svm,max,balanced,cached_mxbai,682,1782240913.1099806,,,
8888,0,svm,max,balanced,cached_mxbai,683,1782240913.205077,,,
4599,0,svm,max,balanced,cached_mxbai,684,1782240913.2989724,,,
9960,0,svm,max,balanced,cached_mxbai,685,1782240913.3915164,,,
4052,0,svm,max,balanced,cached_mxbai,686,1782240913.4858959,,,
9969,0,svm,max,balanced,cached_mxbai,687,1782240913.5813239,,,
6761,0,svm,max,balanced,cached_mxbai,688,1782240913.6741827,,,
9678,0,svm,max,balanced,cached_mxbai,689,1782240913.7665222,,,
9182,0,svm,max,balanced,cached_mxbai,690,1782240913.8618567,,,
2408,0,svm,max,balanced,cached_mxbai,691,1782240913.957969,,,
7460,0,svm,max,balanced,cached_mxbai,692,1782240914.0498672,,,
1734,0,svm,max,balanced,cached_mxbai,693,1782240914.1422348,,,
4941,0,svm,max,balanced,cached_mxbai,694,1782240914.2359884,,,
9564,0,svm,max,balanced,cached_mxbai,695,1782240914.3313308,,,
4153,0,svm,max,balanced,cached_mxbai,696,1782240914.4271457,,,
7596,0,svm,max,balanced,cached_mxbai,697,1782240914.5197368,,,
4683,0,svm,max,balanced,cached_mxbai,698,1782240914.614327,,,
5232,0,svm,max,balanced,cached_mxbai,699,1782240914.7084193,,,
1777,0,svm,max,balanced,cached_mxbai,700,1782240914.8037188,,,
4445,0,svm,max,balanced,cached_mxbai,701,1782240914.898731,,,
4598,0,svm,max,balanced,cached_mxbai,702,1782240914.9957497,,,
10452,0,svm,max,balanced,cached_mxbai,703,1782240915.0976152,,,
4532,0,svm,max,balanced,cached_mxbai,704,1782240915.1976845,,,
50,0,svm,max,balanced,cached_mxbai,705,1782240915.3327377,,,
1360,0,svm,max,balanced,cached_mxbai,706,1782240915.4405453,,,
8972,0,svm,max,balanced,cached_mxbai,707,1782240915.5378616,,,
6842,0,svm,max,balanced,cached_mxbai,708,1782240915.6325715,,,
7741,0,svm,max,balanced,cached_mxbai,709,1782240915.7278507,,,
3869,0,svm,max,balanced,cached_mxbai,710,1782240915.8239102,,,
4552,0,svm,max,balanced,cached_mxbai,711,1782240915.9233983,,,
3600,0,svm,max,balanced,cached_mxbai,712,1782240916.019625,,,
10241,0,svm,max,balanced,cached_mxbai,713,1782240916.117462,,,
4988,0,svm,max,balanced,cached_mxbai,714,1782240916.2135844,,,
842,1,svm,max,balanced,cached_mxbai,715,1782240916.3098004,,,
4930,0,svm,max,balanced,cached_mxbai,716,1782240916.4068763,,,
4792,0,svm,max,balanced,cached_mxbai,717,1782240916.5072627,,,
1233,0,svm,max,balanced,cached_mxbai,718,1782240916.6075404,,,
5403,0,svm,max,balanced,cached_mxbai,719,1782240916.7054203,,,
8884,0,svm,max,balanced,cached_mxbai,720,1782240916.8013937,,,
4541,0,svm,max,balanced,cached_mxbai,721,1782240916.899927,,,
5307,0,svm,max,balanced,cached_mxbai,722,1782240917.000683,,,
4723,0,svm,max,balanced,cached_mxbai,723,1782240917.0972915,,,
6778,0,svm,max,balanced,cached_mxbai,724,1782240917.1931534,,,
10389,0,svm,max,balanced,cached_mxbai,725,1782240917.2885954,,,
7317,1,svm,max,balanced,cached_mxbai,726,1782240917.3875027,,,
4659,0,svm,max,balanced,cached_mxbai,727,1782240917.4834595,,,
4391,0,svm,max,balanced,cached_mxbai,728,1782240917.5794742,,,
1883,0,svm,max,balanced,cached_mxbai,729,1782240917.6764631,,,
3455,0,svm,max,balanced,cached_mxbai,730,1782240917.7716136,,,
4677,0,svm,max,balanced,cached_mxbai,731,1782240917.8709714,,,
3273,0,svm,max,balanced,cached_mxbai,732,1782240917.9730663,,,
4554,0,svm,max,balanced,cached_mxbai,733,1782240918.0705144,,,
9813,0,svm,max,balanced,cached_mxbai,734,1782240918.1667945,,,
2762,0,svm,max,balanced,cached_mxbai,735,1782240918.2658494,,,
4692,0,svm,max,balanced,cached_mxbai,736,1782240918.363111,,,
10317,0,svm,max,balanced,cached_mxbai,737,1782240918.4617372,,,
6417,0,svm,max,balanced,cached_mxbai,738,1782240918.5588906,,,
2758,0,svm,max,balanced,cached_mxbai,739,1782240918.655766,,,
1198,0,svm,max,balanced,cached_mxbai,740,1782240918.7535586,,,
4868,0,svm,max,balanced,cached_mxbai,741,1782240918.8530767,,,
8692,0,svm,max,balanced,cached_mxbai,742,1782240918.9512086,,,
5313,0,svm,max,balanced,cached_mxbai,743,1782240919.049407,,,
9122,0,svm,max,balanced,cached_mxbai,744,1782240919.1482546,,,
8044,0,svm,max,balanced,cached_mxbai,745,1782240919.2472022,,,
5160,0,svm,max,balanced,cached_mxbai,746,1782240919.3453684,,,
1049,0,svm,max,balanced,cached_mxbai,747,1782240919.4451656,,,
3778,0,svm,max,balanced,cached_mxbai,748,1782240919.5456545,,,
4637,0,svm,max,balanced,cached_mxbai,749,1782240919.6430595,,,
5028,0,svm,max,balanced,cached_mxbai,750,1782240919.7406409,,,
3888,0,svm,max,balanced,cached_mxbai,751,1782240919.8395247,,,
1550,0,svm,max,balanced,cached_mxbai,752,1782240919.9387226,,,
4927,0,svm,max,balanced,cached_mxbai,753,1782240920.0386364,,,
3347,0,svm,max,balanced,cached_mxbai,754,1782240920.137822,,,
5207,0,svm,max,balanced,cached_mxbai,755,1782240920.2380867,,,
5773,0,svm,max,balanced,cached_mxbai,756,1782240920.3373094,,,
6146,0,svm,max,balanced,cached_mxbai,757,1782240920.43536,,,
5365,0,svm,max,balanced,cached_mxbai,758,1782240920.5322564,,,
5227,0,svm,max,balanced,cached_mxbai,759,1782240920.6315198,,,
9131,0,svm,max,balanced,cached_mxbai,760,1782240920.7293885,,,
6485,0,svm,max,balanced,cached_mxbai,761,1782240920.8285267,,,
4569,0,svm,max,balanced,cached_mxbai,762,1782240920.9290354,,,
9531,0,svm,max,balanced,cached_mxbai,763,1782240921.0311375,,,
3934,0,svm,max,balanced,cached_mxbai,764,1782240921.1315958,,,
613,0,svm,max,balanced,cached_mxbai,765,1782240921.2296226,,,
3479,0,svm,max,balanced,cached_mxbai,766,1782240921.3293896,,,
3088,0,svm,max,balanced,cached_mxbai,767,1782240921.4274006,,,
7595,0,svm,max,balanced,cached_mxbai,768,1782240921.5269132,,,
9528,0,svm,max,balanced,cached_mxbai,769,1782240921.628602,,,
4662,0,svm,max,balanced,cached_mxbai,770,1782240921.7290347,,,
7011,0,svm,max,balanced,cached_mxbai,771,1782240921.838519,,,
32,0,svm,max,balanced,cached_mxbai,772,1782240921.9503458,,,
4496,0,svm,max,balanced,cached_mxbai,773,1782240922.0522296,,,
6483,0,svm,max,balanced,cached_mxbai,774,1782240922.15088,,,
4342,0,svm,max,balanced,cached_mxbai,775,1782240922.2520578,,,
4711,0,svm,max,balanced,cached_mxbai,776,1782240922.3538828,,,
3894,0,svm,max,balanced,cached_mxbai,777,1782240922.455806,,,
9538,0,svm,max,balanced,cached_mxbai,778,1782240922.5589879,,,
3852,0,svm,max,balanced,cached_mxbai,779,1782240922.6597006,,,
4952,0,svm,max,balanced,cached_mxbai,780,1782240922.7605643,,,
7009,0,svm,max,balanced,cached_mxbai,781,1782240922.860502,,,
4611,0,svm,max,balanced,cached_mxbai,782,1782240922.9635327,,,
10291,0,svm,max,balanced,cached_mxbai,783,1782240923.065006,,,
3221,0,svm,max,balanced,cached_mxbai,784,1782240923.165744,,,
896,0,svm,max,balanced,cached_mxbai,785,1782240923.2666304,,,
2100,0,svm,max,balanced,cached_mxbai,786,1782240923.3658361,,,
3252,0,svm,max,balanced,cached_mxbai,787,1782240923.4678712,,,
5394,0,svm,max,balanced,cached_mxbai,788,1782240923.5678325,,,
8531,0,svm,max,balanced,cached_mxbai,789,1782240923.6722932,,,
4528,0,svm,max,balanced,cached_mxbai,790,1782240923.7751036,,,
4994,0,svm,max,balanced,cached_mxbai,791,1782240923.8768957,,,
6718,0,svm,max,balanced,cached_mxbai,792,1782240923.979485,,,
2113,0,svm,max,balanced,cached_mxbai,793,1782240924.0825827,,,
7064,0,svm,max,balanced,cached_mxbai,794,1782240924.1851585,,,
5061,0,svm,max,balanced,cached_mxbai,795,1782240924.284317,,,
6914,0,svm,max,balanced,cached_mxbai,796,1782240924.386324,,,
8261,0,svm,max,balanced,cached_mxbai,797,1782240924.4880989,,,
2240,0,svm,max,balanced,cached_mxbai,798,1782240924.5896003,,,
9213,0,svm,max,balanced,cached_mxbai,799,1782240924.6903648,,,
7616,0,svm,max,balanced,cached_mxbai,800,1782240924.7944338,,,
3614,0,svm,max,balanced,cached_mxbai,801,1782240924.8983607,,,
5242,0,svm,max,balanced,cached_mxbai,802,1782240925.0011165,,,
4619,0,svm,max,balanced,cached_mxbai,803,1782240925.1282294,,,
702,0,svm,max,balanced,cached_mxbai,804,1782240925.2424202,,,
7016,0,svm,max,balanced,cached_mxbai,805,1782240925.3731725,,,
5584,0,svm,max,balanced,cached_mxbai,806,1782240925.4791923,,,
5072,0,svm,max,balanced,cached_mxbai,807,1782240925.5840154,,,
1547,0,svm,max,balanced,cached_mxbai,808,1782240925.6870968,,,
4673,0,svm,max,balanced,cached_mxbai,809,1782240925.7938428,,,
6725,0,svm,max,balanced,cached_mxbai,810,1782240925.9002826,,,
6039,0,svm,max,balanced,cached_mxbai,811,1782240926.0027697,,,
516,0,svm,max,balanced,cached_mxbai,812,1782240926.106615,,,
4582,0,svm,max,balanced,cached_mxbai,813,1782240926.209767,,,
5276,0,svm,max,balanced,cached_mxbai,814,1782240926.3156977,,,
6138,0,svm,max,balanced,cached_mxbai,815,1782240926.4219215,,,
4573,0,svm,max,balanced,cached_mxbai,816,1782240926.5251815,,,
5766,0,svm,max,balanced,cached_mxbai,817,1782240926.6315508,,,
4612,0,svm,max,balanced,cached_mxbai,818,1782240926.7356255,,,
3982,0,svm,max,balanced,cached_mxbai,819,1782240926.842318,,,
4709,0,svm,max,balanced,cached_mxbai,820,1782240926.9469967,,,
59,0,svm,max,balanced,cached_mxbai,821,1782240927.0547779,,,
4473,0,svm,max,balanced,cached_mxbai,822,1782240927.1618524,,,
3209,0,svm,max,balanced,cached_mxbai,823,1782240927.2686567,,,
8467,0,svm,max,balanced,cached_mxbai,824,1782240927.374083,,,
3912,0,svm,max,balanced,cached_mxbai,825,1782240927.4796126,,,
4867,0,svm,max,balanced,cached_mxbai,826,1782240927.585255,,,
666,0,svm,max,balanced,cached_mxbai,827,1782240927.6909935,,,
4295,0,svm,max,balanced,cached_mxbai,828,1782240927.7975655,,,
4889,0,svm,max,balanced,cached_mxbai,829,1782240927.904729,,,
9323,0,svm,max,balanced,cached_mxbai,830,1782240928.0122337,,,
7217,0,svm,max,balanced,cached_mxbai,831,1782240928.118862,,,
5077,0,svm,max,balanced,cached_mxbai,832,1782240928.2246687,,,
5013,0,svm,max,balanced,cached_mxbai,833,1782240928.3281596,,,
3687,0,svm,max,balanced,cached_mxbai,834,1782240928.4325619,,,
5074,0,svm,max,balanced,cached_mxbai,835,1782240928.5389333,,,
8800,0,svm,max,balanced,cached_mxbai,836,1782240928.6453817,,,
6553,0,svm,max,balanced,cached_mxbai,837,1782240928.7517214,,,
4162,0,svm,max,balanced,cached_mxbai,838,1782240928.856054,,,
9725,0,svm,max,balanced,cached_mxbai,839,1782240928.9634094,,,
1901,0,svm,max,balanced,cached_mxbai,840,1782240929.0722127,,,
10136,1,svm,max,balanced,cached_mxbai,841,1782240929.1811485,,,
7269,0,svm,max,balanced,cached_mxbai,842,1782240929.289969,,,
8995,0,svm,max,balanced,cached_mxbai,843,1782240929.3969836,,,
9199,0,svm,max,balanced,cached_mxbai,844,1782240929.5060802,,,
3666,0,svm,max,balanced,cached_mxbai,845,1782240929.6123216,,,
4657,0,svm,max,balanced,cached_mxbai,846,1782240929.7183607,,,
4209,0,svm,max,balanced,cached_mxbai,847,1782240929.8273287,,,
4058,0,svm,max,balanced,cached_mxbai,848,1782240929.9376585,,,
4559,0,svm,max,balanced,cached_mxbai,849,1782240930.0499823,,,
907,0,svm,max,balanced,cached_mxbai,850,1782240930.1597636,,,
4435,0,svm,max,balanced,cached_mxbai,851,1782240930.2668035,,,
6912,0,svm,max,balanced,cached_mxbai,852,1782240930.3759153,,,
8055,0,svm,max,balanced,cached_mxbai,853,1782240930.4860566,,,
7483,0,svm,max,balanced,cached_mxbai,854,1782240930.5981193,,,
8179,0,svm,max,balanced,cached_mxbai,855,1782240930.70838,,,
8696,0,svm,max,balanced,cached_mxbai,856,1782240930.8191035,,,
4722,0,svm,max,balanced,cached_mxbai,857,1782240930.9316766,,,
4648,0,svm,max,balanced,cached_mxbai,858,1782240931.043581,,,
5651,0,svm,max,balanced,cached_mxbai,859,1782240931.1553888,,,
4121,0,svm,max,balanced,cached_mxbai,860,1782240931.2681124,,,
4706,0,svm,max,balanced,cached_mxbai,861,1782240931.3779373,,,
5219,0,svm,max,balanced,cached_mxbai,862,1782240931.4910784,,,
6607,0,svm,max,balanced,cached_mxbai,863,1782240931.602132,,,
10169,0,svm,max,balanced,cached_mxbai,864,1782240931.7121313,,,
2259,0,svm,max,balanced,cached_mxbai,865,1782240931.8226337,,,
4670,0,svm,max,balanced,cached_mxbai,866,1782240931.9365647,,,
1312,0,svm,max,balanced,cached_mxbai,867,1782240932.0485845,,,
3099,0,svm,max,balanced,cached_mxbai,868,1782240932.162266,,,
3494,0,svm,max,balanced,cached_mxbai,869,1782240932.2725997,,,
10177,0,svm,max,balanced,cached_mxbai,870,1782240932.3846111,,,
10232,0,svm,max,balanced,cached_mxbai,871,1782240932.4975295,,,
5096,0,svm,max,balanced,cached_mxbai,872,1782240932.610069,,,
997,0,svm,max,balanced,cached_mxbai,873,1782240932.72084,,,
2279,0,svm,max,balanced,cached_mxbai,874,1782240932.8346262,,,
10337,0,svm,max,balanced,cached_mxbai,875,1782240932.9493785,,,
5199,0,svm,max,balanced,cached_mxbai,876,1782240933.0628405,,,
3097,0,svm,max,balanced,cached_mxbai,877,1782240933.174802,,,
5017,0,svm,max,balanced,cached_mxbai,878,1782240933.288345,,,
7264,0,svm,max,balanced,cached_mxbai,879,1782240933.4031782,,,
4570,0,svm,max,balanced,cached_mxbai,880,1782240933.5162582,,,
10110,0,svm,max,balanced,cached_mxbai,881,1782240933.6325974,,,
8315,0,svm,max,balanced,cached_mxbai,882,1782240933.7452908,,,
5039,0,svm,max,balanced,cached_mxbai,883,1782240933.8579655,,,
4176,0,svm,max,balanced,cached_mxbai,884,1782240933.9721448,,,
6340,0,svm,max,balanced,cached_mxbai,885,1782240934.0869513,,,
3994,0,svm,max,balanced,cached_mxbai,886,1782240934.2042546,,,
86,0,svm,max,balanced,cached_mxbai,887,1782240934.3181722,,,
4902,0,svm,max,balanced,cached_mxbai,888,1782240934.4343183,,,
8598,0,svm,max,balanced,cached_mxbai,889,1782240934.5498562,,,
9041,0,svm,max,balanced,cached_mxbai,890,1782240934.6654806,,,
2559,0,svm,max,balanced,cached_mxbai,891,1782240934.7819185,,,
6831,0,svm,max,balanced,cached_mxbai,892,1782240934.8979778,,,
7597,0,svm,max,balanced,cached_mxbai,893,1782240935.012669,,,
2258,0,svm,max,balanced,cached_mxbai,894,1782240935.1343813,,,
4139,0,svm,max,balanced,cached_mxbai,895,1782240935.2619948,,,
2216,0,svm,max,balanced,cached_mxbai,896,1782240935.4094276,,,
591,0,svm,max,balanced,cached_mxbai,897,1782240935.5256515,,,
4588,0,svm,max,balanced,cached_mxbai,898,1782240935.6426632,,,
1070,0,svm,max,balanced,cached_mxbai,899,1782240935.7575774,,,
5338,0,svm,max,balanced,cached_mxbai,900,1782240935.8721545,,,
7108,0,svm,max,balanced,cached_mxbai,901,1782240935.9904182,,,
4086,0,svm,max,balanced,cached_mxbai,902,1782240936.1061587,,,
3742,0,svm,max,balanced,cached_mxbai,903,1782240936.222186,,,
10057,0,svm,max,balanced,cached_mxbai,904,1782240936.3377564,,,
4515,0,svm,max,balanced,cached_mxbai,905,1782240936.4555573,,,
4222,0,svm,max,balanced,cached_mxbai,906,1782240936.5712101,,,
4729,0,svm,max,balanced,cached_mxbai,907,1782240936.683621,,,
10225,0,svm,max,balanced,cached_mxbai,908,1782240936.79868,,,
10493,0,svm,max,balanced,cached_mxbai,909,1782240936.915664,,,
9749,0,svm,max,balanced,cached_mxbai,910,1782240937.0395691,,,
3538,0,svm,max,balanced,cached_mxbai,911,1782240937.1585047,,,
5237,0,svm,max,balanced,cached_mxbai,912,1782240937.2755535,,,
4635,0,svm,max,balanced,cached_mxbai,913,1782240937.3917992,,,
3836,0,svm,max,balanced,cached_mxbai,914,1782240937.5093353,,,
3194,0,svm,max,balanced,cached_mxbai,915,1782240937.6242225,,,
4586,0,svm,max,balanced,cached_mxbai,916,1782240937.7382865,,,
7490,0,svm,max,balanced,cached_mxbai,917,1782240937.8525064,,,
9069,0,svm,max,balanced,cached_mxbai,918,1782240937.9700491,,,
3923,0,svm,max,balanced,cached_mxbai,919,1782240938.0845559,,,
4453,0,svm,max,balanced,cached_mxbai,920,1782240938.2009733,,,
10290,0,svm,max,balanced,cached_mxbai,921,1782240938.3150291,,,
5330,0,svm,max,balanced,cached_mxbai,922,1782240938.4319913,,,
5131,0,svm,max,balanced,cached_mxbai,923,1782240938.5477748,,,
6528,0,svm,max,balanced,cached_mxbai,924,1782240938.664164,,,
3080,0,svm,max,balanced,cached_mxbai,925,1782240938.781575,,,
1721,1,svm,max,balanced,cached_mxbai,926,1782240938.9049604,,,
4495,0,svm,max,balanced,cached_mxbai,927,1782240939.028387,,,
5272,0,svm,max,balanced,cached_mxbai,928,1782240939.1485655,,,
5329,0,svm,max,balanced,cached_mxbai,929,1782240939.2681315,,,
9132,0,svm,max,balanced,cached_mxbai,930,1782240939.390118,,,
6830,0,svm,max,balanced,cached_mxbai,931,1782240939.509429,,,
7168,0,svm,max,balanced,cached_mxbai,932,1782240939.6304848,,,
4836,0,svm,max,balanced,cached_mxbai,933,1782240939.7482169,,,
6444,0,svm,max,balanced,cached_mxbai,934,1782240939.8636484,,,
5088,0,svm,max,balanced,cached_mxbai,935,1782240939.9817295,,,
9747,0,svm,max,balanced,cached_mxbai,936,1782240940.1028888,,,
4862,0,svm,max,balanced,cached_mxbai,937,1782240940.224591,,,
4834,0,svm,max,balanced,cached_mxbai,938,1782240940.3429577,,,
1003,0,svm,max,balanced,cached_mxbai,939,1782240940.4615803,,,
10435,1,svm,max,balanced,cached_mxbai,940,1782240940.5814292,,,
10033,0,svm,max,balanced,cached_mxbai,941,1782240940.6998646,,,
7767,0,svm,max,balanced,cached_mxbai,942,1782240940.8173158,,,
3523,0,svm,max,balanced,cached_mxbai,943,1782240940.9464488,,,
3914,0,svm,max,balanced,cached_mxbai,944,1782240941.065583,,,
9836,0,svm,max,balanced,cached_mxbai,945,1782240941.189569,,,
6398,0,svm,max,balanced,cached_mxbai,946,1782240941.308576,,,
1561,0,svm,max,balanced,cached_mxbai,947,1782240941.4278462,,,
4933,0,svm,max,balanced,cached_mxbai,948,1782240941.546967,,,
828,0,svm,max,balanced,cached_mxbai,949,1782240941.665653,,,
10549,0,svm,max,balanced,cached_mxbai,950,1782240941.7844465,,,
5111,0,svm,max,balanced,cached_mxbai,951,1782240941.9035313,,,
4633,0,svm,max,balanced,cached_mxbai,952,1782240942.0225608,,,
2306,0,svm,max,balanced,cached_mxbai,953,1782240942.1449547,,,
3569,0,svm,max,balanced,cached_mxbai,954,1782240942.2686815,,,
8602,0,svm,max,balanced,cached_mxbai,955,1782240942.3890967,,,
3960,0,svm,max,balanced,cached_mxbai,956,1782240942.5100827,,,
4705,0,svm,max,balanced,cached_mxbai,957,1782240942.6317194,,,
4112,0,svm,max,balanced,cached_mxbai,958,1782240942.7536,,,
5244,0,svm,max,balanced,cached_mxbai,959,1782240942.8760126,,,
4964,0,svm,max,balanced,cached_mxbai,960,1782240942.999085,,,
8153,0,svm,max,balanced,cached_mxbai,961,1782240943.119822,,,
5134,0,svm,max,balanced,cached_mxbai,962,1782240943.2486393,,,
4564,0,svm,max,balanced,cached_mxbai,963,1782240943.373199,,,
5410,0,svm,max,balanced,cached_mxbai,964,1782240943.495106,,,
5591,0,svm,max,balanced,cached_mxbai,965,1782240943.6186655,,,
10122,0,svm,max,balanced,cached_mxbai,966,1782240943.7407,,,
9763,0,svm,max,balanced,cached_mxbai,967,1782240943.8658922,,,
4166,0,svm,max,balanced,cached_mxbai,968,1782240943.9917147,,,
8063,0,svm,max,balanced,cached_mxbai,969,1782240944.1160705,,,
5145,0,svm,max,balanced,cached_mxbai,970,1782240944.2449703,,,
1008,0,svm,max,balanced,cached_mxbai,971,1782240944.3692672,,,
955,0,svm,max,balanced,cached_mxbai,972,1782240944.4935315,,,
4951,0,svm,max,balanced,cached_mxbai,973,1782240944.6151042,,,
1385,0,svm,max,balanced,cached_mxbai,974,1782240944.7392461,,,
2832,0,svm,max,balanced,cached_mxbai,975,1782240944.8778017,,,
3502,0,svm,max,balanced,cached_mxbai,976,1782240945.0241878,,,
5016,0,svm,max,balanced,cached_mxbai,977,1782240945.1657462,,,
5870,0,svm,max,balanced,cached_mxbai,978,1782240945.3308856,,,
6238,0,svm,max,balanced,cached_mxbai,979,1782240945.4777641,,,
6411,0,svm,max,balanced,cached_mxbai,980,1782240945.6039274,,,
4680,0,svm,max,balanced,cached_mxbai,981,1782240945.7283351,,,
5426,0,svm,max,balanced,cached_mxbai,982,1782240945.8533342,,,
2330,0,svm,max,balanced,cached_mxbai,983,1782240945.9783993,,,
6634,0,svm,max,balanced,cached_mxbai,984,1782240946.1073022,,,
1840,0,svm,max,balanced,cached_mxbai,985,1782240946.2301636,,,
7351,1,svm,max,balanced,cached_mxbai,986,1782240946.3515148,,,
4962,0,svm,max,balanced,cached_mxbai,987,1782240946.4760292,,,
9028,0,svm,max,balanced,cached_mxbai,988,1782240946.6009305,,,
9683,0,svm,max,balanced,cached_mxbai,989,1782240946.7230499,,,
421,0,svm,max,balanced,cached_mxbai,990,1782240946.8465037,,,
5116,0,svm,max,balanced,cached_mxbai,991,1782240946.9746602,,,
4053,0,svm,max,balanced,cached_mxbai,992,1782240947.0982797,,,
7577,0,svm,max,balanced,cached_mxbai,993,1782240947.2227721,,,
2627,0,svm,max,balanced,cached_mxbai,994,1782240947.347671,,,
3639,0,svm,max,balanced,cached_mxbai,995,1782240947.472682,,,
1048,0,svm,max,balanced,cached_mxbai,996,1782240947.597263,,,
5564,0,svm,max,balanced,cached_mxbai,997,1782240947.722145,,,
6136,0,svm,max,balanced,cached_mxbai,998,1782240947.8448358,,,
8036,0,svm,max,balanced,cached_mxbai,999,1782240947.9700484,,,
620,0,svm,max,balanced,cached_mxbai,1000,1782240948.0960352,,,
5125,0,svm,max,balanced,cached_mxbai,1001,1782240948.2230995,,,
4419,0,svm,max,balanced,cached_mxbai,1002,1782240948.3517268,,,
7434,0,svm,max,balanced,cached_mxbai,1003,1782240948.483593,,,
3586,0,svm,max,balanced,cached_mxbai,1004,1782240948.6089134,,,
6249,0,svm,max,balanced,cached_mxbai,1005,1782240948.7367787,,,
9876,0,svm,max,balanced,cached_mxbai,1006,1782240948.867982,,,
7182,0,svm,max,balanced,cached_mxbai,1007,1782240949.0048335,,,
4744,0,svm,max,balanced,cached_mxbai,1008,1782240949.1322856,,,
6748,0,svm,max,balanced,cached_mxbai,1009,1782240949.2599583,,,
10166,0,svm,max,balanced,cached_mxbai,1010,1782240949.3854473,,,
4104,0,svm,max,balanced,cached_mxbai,1011,1782240949.511898,,,
8482,0,svm,max,balanced,cached_mxbai,1012,1782240949.6379595,,,
6438,0,svm,max,balanced,cached_mxbai,1013,1782240949.7643006,,,
9996,0,svm,max,balanced,cached_mxbai,1014,1782240949.8886993,,,
4513,0,svm,max,balanced,cached_mxbai,1015,1782240950.017985,,,
1585,0,svm,max,balanced,cached_mxbai,1016,1782240950.1417782,,,
5449,0,svm,max,balanced,cached_mxbai,1017,1782240950.2699184,,,
7871,0,svm,max,balanced,cached_mxbai,1018,1782240950.3941817,,,
9582,0,svm,max,balanced,cached_mxbai,1019,1782240950.522282,,,
4631,0,svm,max,balanced,cached_mxbai,1020,1782240950.6466753,,,
10516,0,svm,max,balanced,cached_mxbai,1021,1782240950.7708714,,,
3170,0,svm,max,balanced,cached_mxbai,1022,1782240950.8977575,,,
1149,0,svm,max,balanced,cached_mxbai,1023,1782240951.0250285,,,
443,0,svm,max,balanced,cached_mxbai,1024,1782240951.1403716,,,
8999,0,svm,max,balanced,cached_mxbai,1025,1782240951.257704,,,
9429,0,svm,max,balanced,cached_mxbai,1026,1782240951.3720899,,,
677,0,svm,max,balanced,cached_mxbai,1027,1782240951.4879029,,,
3873,0,svm,max,balanced,cached_mxbai,1028,1782240951.6039026,,,
1911,0,svm,max,balanced,cached_mxbai,1029,1782240951.716996,,,
3081,0,svm,max,balanced,cached_mxbai,1030,1782240951.8316858,,,
9394,0,svm,max,balanced,cached_mxbai,1031,1782240951.9464152,,,
663,0,svm,max,balanced,cached_mxbai,1032,1782240952.0634696,,,
4905,0,svm,max,balanced,cached_mxbai,1033,1782240952.1780293,,,
387,0,svm,max,balanced,cached_mxbai,1034,1782240952.2945144,,,
5398,0,svm,max,balanced,cached_mxbai,1035,1782240952.4100723,,,
3187,0,svm,max,balanced,cached_mxbai,1036,1782240952.526041,,,
4703,0,svm,max,balanced,cached_mxbai,1037,1782240952.6419857,,,
8158,0,svm,max,balanced,cached_mxbai,1038,1782240952.7556288,,,
4476,0,svm,max,balanced,cached_mxbai,1039,1782240952.869469,,,
6120,0,svm,max,balanced,cached_mxbai,1040,1782240952.9872446,,,
4912,0,svm,max,balanced,cached_mxbai,1041,1782240953.10046,,,
402,0,svm,max,balanced,cached_mxbai,1042,1782240953.2144508,,,
2191,0,svm,max,balanced,cached_mxbai,1043,1782240953.3294907,,,
4642,0,svm,max,balanced,cached_mxbai,1044,1782240953.4450965,,,
37,0,svm,max,balanced,cached_mxbai,1045,1782240953.5609457,,,
8126,0,svm,max,balanced,cached_mxbai,1046,1782240953.6744199,,,
4434,0,svm,max,balanced,cached_mxbai,1047,1782240953.788714,,,
4484,0,svm,max,balanced,cached_mxbai,1048,1782240953.9040027,,,
5112,0,svm,max,balanced,cached_mxbai,1049,1782240954.0216215,,,
10484,0,svm,max,balanced,cached_mxbai,1050,1782240954.1368246,,,
2803,0,svm,max,balanced,cached_mxbai,1051,1782240954.2523453,,,
5238,0,svm,max,balanced,cached_mxbai,1052,1782240954.3690743,,,
9293,0,svm,max,balanced,cached_mxbai,1053,1782240954.483584,,,
4636,0,svm,max,balanced,cached_mxbai,1054,1782240954.599606,,,
8092,0,svm,max,balanced,cached_mxbai,1055,1782240954.7146294,,,
6499,0,svm,max,balanced,cached_mxbai,1056,1782240954.829665,,,
1287,0,svm,max,balanced,cached_mxbai,1057,1782240954.9445655,,,
4985,0,svm,max,balanced,cached_mxbai,1058,1782240955.078056,,,
5235,0,svm,max,balanced,cached_mxbai,1059,1782240955.1930687,,,
4424,0,svm,max,balanced,cached_mxbai,1060,1782240955.3422246,,,
10112,0,svm,max,balanced,cached_mxbai,1061,1782240955.4585257,,,
8486,0,svm,max,balanced,cached_mxbai,1062,1782240955.5779397,,,
4217,0,svm,max,balanced,cached_mxbai,1063,1782240955.6925862,,,
2429,0,svm,max,balanced,cached_mxbai,1064,1782240955.8098035,,,
5996,0,svm,max,balanced,cached_mxbai,1065,1782240955.9241717,,,
3423,0,svm,max,balanced,cached_mxbai,1066,1782240956.0379903,,,
3748,0,svm,max,balanced,cached_mxbai,1067,1782240956.1505997,,,
8530,0,svm,max,balanced,cached_mxbai,1068,1782240956.266107,,,
4568,0,svm,max,balanced,cached_mxbai,1069,1782240956.3822625,,,
4136,0,svm,max,balanced,cached_mxbai,1070,1782240956.497993,,,
3543,0,svm,max,balanced,cached_mxbai,1071,1782240956.6128957,,,
5018,0,svm,max,balanced,cached_mxbai,1072,1782240956.7298856,,,
6991,0,svm,max,balanced,cached_mxbai,1073,1782240956.8476255,,,
4886,0,svm,max,balanced,cached_mxbai,1074,1782240956.9637582,,,
8255,0,svm,max,balanced,cached_mxbai,1075,1782240957.084112,,,
6629,0,svm,max,balanced,cached_mxbai,1076,1782240957.203562,,,
4684,0,svm,max,balanced,cached_mxbai,1077,1782240957.323098,,,
5185,0,svm,max,balanced,cached_mxbai,1078,1782240957.4405138,,,
6013,0,svm,max,balanced,cached_mxbai,1079,1782240957.5573084,,,
25,0,svm,max,balanced,cached_mxbai,1080,1782240957.6756659,,,
4928,0,svm,max,balanced,cached_mxbai,1081,1782240957.7924888,,,
3515,0,svm,max,balanced,cached_mxbai,1082,1782240957.9083612,,,
6945,0,svm,max,balanced,cached_mxbai,1083,1782240958.0243304,,,
3197,0,svm,max,balanced,cached_mxbai,1084,1782240958.1413517,,,
3677,0,svm,max,balanced,cached_mxbai,1085,1782240958.2589405,,,
6121,0,svm,max,balanced,cached_mxbai,1086,1782240958.3780115,,,
8563,0,svm,max,balanced,cached_mxbai,1087,1782240958.4989972,,,
4595,0,svm,max,balanced,cached_mxbai,1088,1782240958.620431,,,
4442,0,svm,max,balanced,cached_mxbai,1089,1782240958.7386787,,,
10088,0,svm,max,balanced,cached_mxbai,1090,1782240958.85572,,,
5078,0,svm,max,balanced,cached_mxbai,1091,1782240958.9731512,,,
4764,0,svm,max,balanced,cached_mxbai,1092,1782240959.088852,,,
1492,0,svm,max,balanced,cached_mxbai,1093,1782240959.2034662,,,
9370,0,svm,max,balanced,cached_mxbai,1094,1782240959.3214996,,,
4523,0,svm,max,balanced,cached_mxbai,1095,1782240959.4386146,,,
9759,0,svm,max,balanced,cached_mxbai,1096,1782240959.5575926,,,
8709,0,svm,max,balanced,cached_mxbai,1097,1782240959.6761394,,,
3644,0,svm,max,balanced,cached_mxbai,1098,1782240959.7927654,,,
5165,0,svm,max,balanced,cached_mxbai,1099,1782240959.9120471,,,
8428,0,svm,max,balanced,cached_mxbai,1100,1782240960.034528,,,
4507,0,svm,max,balanced,cached_mxbai,1101,1782240960.1524117,,,
7262,0,svm,max,balanced,cached_mxbai,1102,1782240960.2690737,,,
8993,0,svm,max,balanced,cached_mxbai,1103,1782240960.388874,,,
9773,0,svm,max,balanced,cached_mxbai,1104,1782240960.507606,,,
4736,0,svm,max,balanced,cached_mxbai,1105,1782240960.625325,,,
7804,0,svm,max,balanced,cached_mxbai,1106,1782240960.7455297,,,
3475,0,svm,max,balanced,cached_mxbai,1107,1782240960.863949,,,
10000,0,svm,max,balanced,cached_mxbai,1108,1782240960.9819756,,,
9957,0,svm,max,balanced,cached_mxbai,1109,1782240961.1014984,,,
8848,0,svm,max,balanced,cached_mxbai,1110,1782240961.2200036,,,
2235,0,svm,max,balanced,cached_mxbai,1111,1782240961.339112,,,
8507,0,svm,max,balanced,cached_mxbai,1112,1782240961.4574158,,,
4131,0,svm,max,balanced,cached_mxbai,1113,1782240961.5769346,,,
4313,0,svm,max,balanced,cached_mxbai,1114,1782240961.6981096,,,
2428,0,svm,max,balanced,cached_mxbai,1115,1782240961.8182344,,,
3431,0,svm,max,balanced,cached_mxbai,1116,1782240961.9402301,,,
4587,0,svm,max,balanced,cached_mxbai,1117,1782240962.0615652,,,
10308,0,svm,max,balanced,cached_mxbai,1118,1782240962.1808755,,,
130,0,svm,max,balanced,cached_mxbai,1119,1782240962.3004904,,,
6646,0,svm,max,balanced,cached_mxbai,1120,1782240962.421289,,,
4870,0,svm,max,balanced,cached_mxbai,1121,1782240962.5418124,,,
2541,0,svm,max,balanced,cached_mxbai,1122,1782240962.6647918,,,
3767,0,svm,max,balanced,cached_mxbai,1123,1782240962.7869427,,,
2745,0,svm,max,balanced,cached_mxbai,1124,1782240962.9070246,,,
6798,0,svm,max,balanced,cached_mxbai,1125,1782240963.030213,,,
6643,1,svm,max,balanced,cached_mxbai,1126,1782240963.1529918,,,
7468,0,svm,max,balanced,cached_mxbai,1127,1782240963.2743738,,,
5034,0,svm,max,balanced,cached_mxbai,1128,1782240963.3957412,,,
6644,1,svm,max,balanced,cached_mxbai,1129,1782240963.5161493,,,
9128,1,svm,max,balanced,cached_mxbai,1130,1782240963.6370265,,,
8116,1,svm,max,balanced,cached_mxbai,1131,1782240963.7585995,,,
10390,0,svm,max,balanced,cached_mxbai,1132,1782240963.8782663,,,
7102,0,svm,max,balanced,cached_mxbai,1133,1782240963.9988058,,,
10230,0,svm,max,balanced,cached_mxbai,1134,1782240964.1195004,,,
3098,0,svm,max,balanced,cached_mxbai,1135,1782240964.2394254,,,
6278,0,svm,max,balanced,cached_mxbai,1136,1782240964.3594964,,,
7464,0,svm,max,balanced,cached_mxbai,1137,1782240964.4795494,,,
4712,0,svm,max,balanced,cached_mxbai,1138,1782240964.6045926,,,
5058,0,svm,max,balanced,cached_mxbai,1139,1782240964.7302513,,,
4936,0,svm,max,balanced,cached_mxbai,1140,1782240964.8537736,,,
8586,0,svm,max,balanced,cached_mxbai,1141,1782240964.9747288,,,
7910,0,svm,max,balanced,cached_mxbai,1142,1782240965.1069233,,,
7996,0,svm,max,balanced,cached_mxbai,1143,1782240965.2340715,,,
4687,0,svm,max,balanced,cached_mxbai,1144,1782240965.3901029,,,
4362,0,svm,max,balanced,cached_mxbai,1145,1782240965.5115504,,,
4895,0,svm,max,balanced,cached_mxbai,1146,1782240965.6414373,,,
918,0,svm,max,balanced,cached_mxbai,1147,1782240965.7649071,,,
2341,0,svm,max,balanced,cached_mxbai,1148,1782240965.8869264,,,
4815,0,svm,max,balanced,cached_mxbai,1149,1782240966.008787,,,
6838,0,svm,max,balanced,cached_mxbai,1150,1782240966.132141,,,
6150,0,svm,max,balanced,cached_mxbai,1151,1782240966.2538128,,,
7087,0,svm,max,balanced,cached_mxbai,1152,1782240966.3763564,,,
6545,0,svm,max,balanced,cached_mxbai,1153,1782240966.4990277,,,
10508,0,svm,max,balanced,cached_mxbai,1154,1782240966.62292,,,
4481,0,svm,max,balanced,cached_mxbai,1155,1782240966.7475593,,,
3886,0,svm,max,balanced,cached_mxbai,1156,1782240966.8715081,,,
4977,0,svm,max,balanced,cached_mxbai,1157,1782240966.9955082,,,
6432,0,svm,max,balanced,cached_mxbai,1158,1782240967.1189132,,,
9382,0,svm,max,balanced,cached_mxbai,1159,1782240967.2419083,,,
4932,0,svm,max,balanced,cached_mxbai,1160,1782240967.3700612,,,
849,0,svm,max,balanced,cached_mxbai,1161,1782240967.497206,,,
4781,0,svm,max,balanced,cached_mxbai,1162,1782240967.622802,,,
9664,0,svm,max,balanced,cached_mxbai,1163,1782240967.7489893,,,
5095,0,svm,max,balanced,cached_mxbai,1164,1782240967.8714135,,,
7066,0,svm,max,balanced,cached_mxbai,1165,1782240967.994967,,,
1694,0,svm,max,balanced,cached_mxbai,1166,1782240968.1178548,,,
9411,0,svm,max,balanced,cached_mxbai,1167,1782240968.2406466,,,
859,0,svm,max,balanced,cached_mxbai,1168,1782240968.3627827,,,
6727,0,svm,max,balanced,cached_mxbai,1169,1782240968.4866283,,,
8100,0,svm,max,balanced,cached_mxbai,1170,1782240968.612487,,,
4480,0,svm,max,balanced,cached_mxbai,1171,1782240968.739878,,,
3458,0,svm,max,balanced,cached_mxbai,1172,1782240968.8692229,,,
5089,0,svm,max,balanced,cached_mxbai,1173,1782240968.9976277,,,
7327,0,svm,max,balanced,cached_mxbai,1174,1782240969.12433,,,
7478,0,svm,max,balanced,cached_mxbai,1175,1782240969.2486463,,,
26,0,svm,max,balanced,cached_mxbai,1176,1782240969.370678,,,
9449,0,svm,max,balanced,cached_mxbai,1177,1782240969.493335,,,
4389,0,svm,max,balanced,cached_mxbai,1178,1782240969.6187828,,,
3588,0,svm,max,balanced,cached_mxbai,1179,1782240969.7425666,,,
4839,0,svm,max,balanced,cached_mxbai,1180,1782240969.8666697,,,
3669,0,svm,max,balanced,cached_mxbai,1181,1782240969.9952345,,,
9240,0,svm,max,balanced,cached_mxbai,1182,1782240970.1258888,,,
1724,0,svm,max,balanced,cached_mxbai,1183,1782240970.252516,,,
10060,0,svm,max,balanced,cached_mxbai,1184,1782240970.3777003,,,
4789,0,svm,max,balanced,cached_mxbai,1185,1782240970.5035863,,,
4417,0,svm,max,balanced,cached_mxbai,1186,1782240970.6301355,,,
7232,0,svm,max,balanced,cached_mxbai,1187,1782240970.7565863,,,
3280,0,svm,max,balanced,cached_mxbai,1188,1782240970.8834512,,,
8812,0,svm,max,balanced,cached_mxbai,1189,1782240971.011108,,,
7259,0,svm,max,balanced,cached_mxbai,1190,1782240971.1352825,,,
4646,0,svm,max,balanced,cached_mxbai,1191,1782240971.2603734,,,
7149,0,svm,max,balanced,cached_mxbai,1192,1782240971.3837147,,,
6322,0,svm,max,balanced,cached_mxbai,1193,1782240971.506841,,,
4469,0,svm,max,balanced,cached_mxbai,1194,1782240971.6302385,,,
3954,0,svm,max,balanced,cached_mxbai,1195,1782240971.7528102,,,
5516,0,svm,max,balanced,cached_mxbai,1196,1782240971.8758547,,,
4961,0,svm,max,balanced,cached_mxbai,1197,1782240971.9998758,,,
3115,0,svm,max,balanced,cached_mxbai,1198,1782240972.123135,,,
4351,0,svm,max,balanced,cached_mxbai,1199,1782240972.2472253,,,
4910,0,svm,max,balanced,cached_mxbai,1200,1782240972.3730822,,,
8049,0,svm,max,balanced,cached_mxbai,1201,1782240972.4992034,,,
7079,0,svm,max,balanced,cached_mxbai,1202,1782240972.6279783,,,
5387,0,svm,max,balanced,cached_mxbai,1203,1782240972.757954,,,
5093,0,svm,max,balanced,cached_mxbai,1204,1782240972.8865893,,,
9180,0,svm,max,balanced,cached_mxbai,1205,1782240973.0157862,,,
10031,0,svm,max,balanced,cached_mxbai,1206,1782240973.1431234,,,
9160,0,svm,max,balanced,cached_mxbai,1207,1782240973.2702084,,,
9209,0,svm,max,balanced,cached_mxbai,1208,1782240973.397527,,,
1536,0,svm,max,balanced,cached_mxbai,1209,1782240973.5253656,,,
4790,0,svm,max,balanced,cached_mxbai,1210,1782240973.6566226,,,
4403,0,svm,max,balanced,cached_mxbai,1211,1782240973.7858653,,,
9912,0,svm,max,balanced,cached_mxbai,1212,1782240973.9156115,,,
6358,0,svm,max,balanced,cached_mxbai,1213,1782240974.0435202,,,
4700,0,svm,max,balanced,cached_mxbai,1214,1782240974.1701548,,,
6670,0,svm,max,balanced,cached_mxbai,1215,1782240974.298251,,,
5552,0,svm,max,balanced,cached_mxbai,1216,1782240974.4261694,,,
6298,0,svm,max,balanced,cached_mxbai,1217,1782240974.5539455,,,
594,0,svm,max,balanced,cached_mxbai,1218,1782240974.678783,,,
4510,0,svm,max,balanced,cached_mxbai,1219,1782240974.8033216,,,
5221,0,svm,max,balanced,cached_mxbai,1220,1782240974.9289052,,,
4653,0,svm,max,balanced,cached_mxbai,1221,1782240975.0610318,,,
3345,0,svm,max,balanced,cached_mxbai,1222,1782240975.188877,,,
4319,0,svm,max,balanced,cached_mxbai,1223,1782240975.3489866,,,
9797,0,svm,max,balanced,cached_mxbai,1224,1782240975.4789908,,,
4813,0,svm,max,balanced,cached_mxbai,1225,1782240975.6061893,,,
7661,0,svm,max,balanced,cached_mxbai,1226,1782240975.7377577,,,
8911,0,svm,max,balanced,cached_mxbai,1227,1782240975.876855,,,
759,0,svm,max,balanced,cached_mxbai,1228,1782240976.0039427,,,
6147,0,svm,max,balanced,cached_mxbai,1229,1782240976.1375988,,,
4710,0,svm,max,balanced,cached_mxbai,1230,1782240976.270073,,,
4291,0,svm,max,balanced,cached_mxbai,1231,1782240976.400141,,,
4530,0,svm,max,balanced,cached_mxbai,1232,1782240976.529777,,,
1445,1,svm,max,balanced,cached_mxbai,1233,1782240976.6595564,,,
3500,0,svm,max,balanced,cached_mxbai,1234,1782240976.788993,,,
4026,0,svm,max,balanced,cached_mxbai,1235,1782240976.920174,,,
6602,0,svm,max,balanced,cached_mxbai,1236,1782240977.0515609,,,
7335,0,svm,max,balanced,cached_mxbai,1237,1782240977.1804712,,,
3486,0,svm,max,balanced,cached_mxbai,1238,1782240977.3105257,,,
3564,0,svm,max,balanced,cached_mxbai,1239,1782240977.4416358,,,
1161,0,svm,max,balanced,cached_mxbai,1240,1782240977.5707712,,,
3756,0,svm,max,balanced,cached_mxbai,1241,1782240977.7008533,,,
9108,0,svm,max,balanced,cached_mxbai,1242,1782240977.8282838,,,
6907,0,svm,max,balanced,cached_mxbai,1243,1782240977.9574244,,,
2352,0,svm,max,balanced,cached_mxbai,1244,1782240978.088108,,,
3519,0,svm,max,balanced,cached_mxbai,1245,1782240978.2163842,,,
2161,0,svm,max,balanced,cached_mxbai,1246,1782240978.34428,,,
6743,0,svm,max,balanced,cached_mxbai,1247,1782240978.4742546,,,
5000,0,svm,max,balanced,cached_mxbai,1248,1782240978.6027339,,,
6482,0,svm,max,balanced,cached_mxbai,1249,1782240978.7347126,,,
7500,0,svm,max,balanced,cached_mxbai,1250,1782240978.865355,,,
7088,0,svm,max,balanced,cached_mxbai,1251,1782240978.9951296,,,
9798,0,svm,max,balanced,cached_mxbai,1252,1782240979.1244547,,,
1746,0,svm,max,balanced,cached_mxbai,1253,1782240979.2534597,,,
5968,0,svm,max,balanced,cached_mxbai,1254,1782240979.384446,,,
4011,0,svm,max,balanced,cached_mxbai,1255,1782240979.515866,,,
9083,0,svm,max,balanced,cached_mxbai,1256,1782240979.6456451,,,
8597,0,svm,max,balanced,cached_mxbai,1257,1782240979.774195,,,
4845,0,svm,max,balanced,cached_mxbai,1258,1782240979.9031208,,,
4215,0,svm,max,balanced,cached_mxbai,1259,1782240980.0357018,,,
2053,0,svm,max,balanced,cached_mxbai,1260,1782240980.1661987,,,
5022,0,svm,max,balanced,cached_mxbai,1261,1782240980.296683,,,
3558,0,svm,max,balanced,cached_mxbai,1262,1782240980.4250407,,,
10239,0,svm,max,balanced,cached_mxbai,1263,1782240980.55413,,,
9009,0,svm,max,balanced,cached_mxbai,1264,1782240980.6855812,,,
5108,0,svm,max,balanced,cached_mxbai,1265,1782240980.8160384,,,
7390,0,svm,max,balanced,cached_mxbai,1266,1782240980.9453094,,,
2447,0,svm,max,balanced,cached_mxbai,1267,1782240981.0764668,,,
3242,0,svm,max,balanced,cached_mxbai,1268,1782240981.208329,,,
6355,0,svm,max,balanced,cached_mxbai,1269,1782240981.3381252,,,
3969,0,svm,max,balanced,cached_mxbai,1270,1782240981.4684849,,,
6458,0,svm,max,balanced,cached_mxbai,1271,1782240981.6001313,,,
3984,0,svm,max,balanced,cached_mxbai,1272,1782240981.728731,,,
4818,0,svm,max,balanced,cached_mxbai,1273,1782240981.8585298,,,
5186,0,svm,max,balanced,cached_mxbai,1274,1782240981.9877086,,,
8629,0,svm,max,balanced,cached_mxbai,1275,1782240982.1165555,,,
4811,0,svm,max,balanced,cached_mxbai,1276,1782240982.2452857,,,
7169,0,svm,max,balanced,cached_mxbai,1277,1782240982.3743005,,,
1156,0,svm,max,balanced,cached_mxbai,1278,1782240982.5053198,,,
5154,0,svm,max,balanced,cached_mxbai,1279,1782240982.6375694,,,
7961,0,svm,max,balanced,cached_mxbai,1280,1782240982.7662556,,,
8046,0,svm,max,balanced,cached_mxbai,1281,1782240982.895525,,,
5245,0,svm,max,balanced,cached_mxbai,1282,1782240983.0277886,,,
1078,0,svm,max,balanced,cached_mxbai,1283,1782240983.1572878,,,
7527,0,svm,max,balanced,cached_mxbai,1284,1782240983.2877843,,,
4772,0,svm,max,balanced,cached_mxbai,1285,1782240983.4184117,,,
5575,0,svm,max,balanced,cached_mxbai,1286,1782240983.55072,,,
5001,0,svm,max,balanced,cached_mxbai,1287,1782240983.6827593,,,
4412,0,svm,max,balanced,cached_mxbai,1288,1782240983.8127093,,,
3720,0,svm,max,balanced,cached_mxbai,1289,1782240983.941078,,,
10326,0,svm,max,balanced,cached_mxbai,1290,1782240984.0709908,,,
4733,0,svm,max,balanced,cached_mxbai,1291,1782240984.2025163,,,
6421,0,svm,max,balanced,cached_mxbai,1292,1782240984.3334632,,,
7171,0,svm,max,balanced,cached_mxbai,1293,1782240984.463884,,,
3957,0,svm,max,balanced,cached_mxbai,1294,1782240984.595059,,,
5992,0,svm,max,balanced,cached_mxbai,1295,1782240984.7261271,,,
4865,0,svm,max,balanced,cached_mxbai,1296,1782240984.8558722,,,
6137,0,svm,max,balanced,cached_mxbai,1297,1782240984.9868352,,,
4198,0,svm,max,balanced,cached_mxbai,1298,1782240985.1434233,,,
6609,0,svm,max,balanced,cached_mxbai,1299,1782240985.301451,,,
47,0,svm,max,balanced,cached_mxbai,1300,1782240985.4388404,,,
4804,0,svm,max,balanced,cached_mxbai,1301,1782240985.5766664,,,
5138,0,svm,max,balanced,cached_mxbai,1302,1782240985.7085898,,,
9834,0,svm,max,balanced,cached_mxbai,1303,1782240985.8403776,,,
72,0,svm,max,balanced,cached_mxbai,1304,1782240985.9741433,,,
4846,0,svm,max,balanced,cached_mxbai,1305,1782240986.1076539,,,
9176,0,svm,max,balanced,cached_mxbai,1306,1782240986.2399879,,,
413,0,svm,max,balanced,cached_mxbai,1307,1782240986.372,,,
3291,0,svm,max,balanced,cached_mxbai,1308,1782240986.5038311,,,
3987,0,svm,max,balanced,cached_mxbai,1309,1782240986.6416724,,,
2943,0,svm,max,balanced,cached_mxbai,1310,1782240986.7792046,,,
7771,0,svm,max,balanced,cached_mxbai,1311,1782240986.9126654,,,
3188,0,svm,max,balanced,cached_mxbai,1312,1782240987.045352,,,
7879,0,svm,max,balanced,cached_mxbai,1313,1782240987.1764157,,,
4575,0,svm,max,balanced,cached_mxbai,1314,1782240987.307746,,,
10521,0,svm,max,balanced,cached_mxbai,1315,1782240987.4405744,,,
6338,0,svm,max,balanced,cached_mxbai,1316,1782240987.5769649,,,
7702,0,svm,max,balanced,cached_mxbai,1317,1782240987.7105224,,,
5010,0,svm,max,balanced,cached_mxbai,1318,1782240987.8430777,,,
4241,0,svm,max,balanced,cached_mxbai,1319,1782240987.9748356,,,
8410,0,svm,max,balanced,cached_mxbai,1320,1782240988.1056156,,,
3440,0,svm,max,balanced,cached_mxbai,1321,1782240988.2368424,,,
4459,0,svm,max,balanced,cached_mxbai,1322,1782240988.3687584,,,
160,0,svm,max,balanced,cached_mxbai,1323,1782240988.5025535,,,
571,0,svm,max,balanced,cached_mxbai,1324,1782240988.6397626,,,
3952,0,svm,max,balanced,cached_mxbai,1325,1782240988.7732878,,,
4974,0,svm,max,balanced,cached_mxbai,1326,1782240988.9050128,,,
9272,0,svm,max,balanced,cached_mxbai,1327,1782240989.0373778,,,
4098,0,svm,max,balanced,cached_mxbai,1328,1782240989.1697092,,,
9098,0,svm,max,balanced,cached_mxbai,1329,1782240989.302683,,,
6631,0,svm,max,balanced,cached_mxbai,1330,1782240989.4368255,,,
3052,0,svm,max,balanced,cached_mxbai,1331,1782240989.572868,,,
9171,0,svm,max,balanced,cached_mxbai,1332,1782240989.7072554,,,
8759,0,svm,max,balanced,cached_mxbai,1333,1782240989.839336,,,
4537,0,svm,max,balanced,cached_mxbai,1334,1782240989.9718144,,,
6671,0,svm,max,balanced,cached_mxbai,1335,1782240990.104547,,,
5014,0,svm,max,balanced,cached_mxbai,1336,1782240990.2365594,,,
3282,0,svm,max,balanced,cached_mxbai,1337,1782240990.3679764,,,
7691,0,svm,max,balanced,cached_mxbai,1338,1782240990.501966,,,
3185,0,svm,max,balanced,cached_mxbai,1339,1782240990.6423044,,,
2965,0,svm,max,balanced,cached_mxbai,1340,1782240990.779171,,,
4892,0,svm,max,balanced,cached_mxbai,1341,1782240990.913527,,,
6270,0,svm,max,balanced,cached_mxbai,1342,1782240991.0464423,,,
3945,0,svm,max,balanced,cached_mxbai,1343,1782240991.1789355,,,
4454,0,svm,max,balanced,cached_mxbai,1344,1782240991.312115,,,
1262,0,svm,max,balanced,cached_mxbai,1345,1782240991.444444,,,
78,0,svm,max,balanced,cached_mxbai,1346,1782240991.5814857,,,
5939,0,svm,max,balanced,cached_mxbai,1347,1782240991.7189202,,,
7632,0,svm,max,balanced,cached_mxbai,1348,1782240991.8535311,,,
4553,0,svm,max,balanced,cached_mxbai,1349,1782240991.987669,,,
8889,0,svm,max,balanced,cached_mxbai,1350,1782240992.1233108,,,
3236,0,svm,max,balanced,cached_mxbai,1351,1782240992.2563076,,,
4574,0,svm,max,balanced,cached_mxbai,1352,1782240992.389563,,,
5086,0,svm,max,balanced,cached_mxbai,1353,1782240992.5205448,,,
3905,0,svm,max,balanced,cached_mxbai,1354,1782240992.660991,,,
3434,0,svm,max,balanced,cached_mxbai,1355,1782240992.7996516,,,
4926,0,svm,max,balanced,cached_mxbai,1356,1782240992.9340332,,,
4091,0,svm,max,balanced,cached_mxbai,1357,1782240993.0688124,,,
10065,0,svm,max,balanced,cached_mxbai,1358,1782240993.201597,,,
10058,0,svm,max,balanced,cached_mxbai,1359,1782240993.3348212,,,
1082,0,svm,max,balanced,cached_mxbai,1360,1782240993.4691756,,,
3033,0,svm,max,balanced,cached_mxbai,1361,1782240993.6081915,,,
9290,0,svm,max,balanced,cached_mxbai,1362,1782240993.7428567,,,
3932,0,svm,max,balanced,cached_mxbai,1363,1782240993.8766088,,,
4231,0,svm,max,balanced,cached_mxbai,1364,1782240994.0105557,,,
4893,0,svm,max,balanced,cached_mxbai,1365,1782240994.1433206,,,
8497,0,svm,max,balanced,cached_mxbai,1366,1782240994.2759864,,,
4970,0,svm,max,balanced,cached_mxbai,1367,1782240994.4092495,,,
3556,0,svm,max,balanced,cached_mxbai,1368,1782240994.54317,,,
4411,0,svm,max,balanced,cached_mxbai,1369,1782240994.683911,,,
4111,0,svm,max,balanced,cached_mxbai,1370,1782240994.8181407,,,
6414,0,svm,max,balanced,cached_mxbai,1371,1782240994.9513183,,,
2770,0,svm,max,balanced,cached_mxbai,1372,1782240995.1004107,,,
9604,0,svm,max,balanced,cached_mxbai,1373,1782240995.2495136,,,
1852,0,svm,max,balanced,cached_mxbai,1374,1782240995.406879,,,
5581,0,svm,max,balanced,cached_mxbai,1375,1782240995.5411851,,,
1968,0,svm,max,balanced,cached_mxbai,1376,1782240995.6763372,,,
4012,0,svm,max,balanced,cached_mxbai,1377,1782240995.812389,,,
3061,0,svm,max,balanced,cached_mxbai,1378,1782240995.9462368,,,
9410,0,svm,max,balanced,cached_mxbai,1379,1782240996.0798438,,,
4416,0,svm,max,balanced,cached_mxbai,1380,1782240996.2159824,,,
8679,0,svm,max,balanced,cached_mxbai,1381,1782240996.3500297,,,
5969,0,svm,max,balanced,cached_mxbai,1382,1782240996.4885452,,,
131,0,svm,max,balanced,cached_mxbai,1383,1782240996.6273932,,,
4799,0,svm,max,balanced,cached_mxbai,1384,1782240996.7688658,,,
3661,0,svm,max,balanced,cached_mxbai,1385,1782240996.911276,,,
3562,0,svm,max,balanced,cached_mxbai,1386,1782240997.0492504,,,
4463,0,svm,max,balanced,cached_mxbai,1387,1782240997.1898687,,,
709,0,svm,max,balanced,cached_mxbai,1388,1782240997.3262904,,,
4045,0,svm,max,balanced,cached_mxbai,1389,1782240997.463948,,,
3605,0,svm,max,balanced,cached_mxbai,1390,1782240997.601074,,,
2873,0,svm,max,balanced,cached_mxbai,1391,1782240997.741604,,,
5643,0,svm,max,balanced,cached_mxbai,1392,1782240997.8836086,,,
4142,0,svm,max,balanced,cached_mxbai,1393,1782240998.022166,,,
4490,0,svm,max,balanced,cached_mxbai,1394,1782240998.1622553,,,
113,0,svm,max,balanced,cached_mxbai,1395,1782240998.3003893,,,
5468,0,svm,max,balanced,cached_mxbai,1396,1782240998.4375873,,,
5212,0,svm,max,balanced,cached_mxbai,1397,1782240998.5750365,,,
8547,0,svm,max,balanced,cached_mxbai,1398,1782240998.713846,,,
2066,0,svm,max,balanced,cached_mxbai,1399,1782240998.8507638,,,
4812,0,svm,max,balanced,cached_mxbai,1400,1782240998.9885259,,,
6060,0,svm,max,balanced,cached_mxbai,1401,1782240999.1281683,,,
8473,0,svm,max,balanced,cached_mxbai,1402,1782240999.2672236,,,
2264,0,svm,max,balanced,cached_mxbai,1403,1782240999.4066563,,,
8123,0,svm,max,balanced,cached_mxbai,1404,1782240999.5456352,,,
8560,0,svm,max,balanced,cached_mxbai,1405,1782240999.684721,,,
10531,0,svm,max,balanced,cached_mxbai,1406,1782240999.8238366,,,
7477,0,svm,max,balanced,cached_mxbai,1407,1782240999.9631095,,,
5511,0,svm,max,balanced,cached_mxbai,1408,1782241000.1031709,,,
4655,0,svm,max,balanced,cached_mxbai,1409,1782241000.261158,,,
6574,0,svm,max,balanced,cached_mxbai,1410,1782241000.4115033,,,
6936,0,svm,max,balanced,cached_mxbai,1411,1782241000.565005,,,
4693,0,svm,max,balanced,cached_mxbai,1412,1782241000.71729,,,
8797,0,svm,max,balanced,cached_mxbai,1413,1782241000.8669991,,,
4634,0,svm,max,balanced,cached_mxbai,1414,1782241001.0248473,,,
3507,0,svm,max,balanced,cached_mxbai,1415,1782241001.1821682,,,
5161,0,svm,max,balanced,cached_mxbai,1416,1782241001.333418,,,
1200,0,svm,max,balanced,cached_mxbai,1417,1782241001.4799597,,,
5425,0,svm,max,balanced,cached_mxbai,1418,1782241001.6335351,,,
4853,0,svm,max,balanced,cached_mxbai,1419,1782241001.7749336,,,
4284,0,svm,max,balanced,cached_mxbai,1420,1782241001.9245727,,,
6601,0,svm,max,balanced,cached_mxbai,1421,1782241002.0760887,,,
3693,0,svm,max,balanced,cached_mxbai,1422,1782241002.2331276,,,
4489,0,svm,max,balanced,cached_mxbai,1423,1782241002.385324,,,
7744,0,svm,max,balanced,cached_mxbai,1424,1782241002.5303447,,,
3171,0,svm,max,balanced,cached_mxbai,1425,1782241002.6757994,,,
6326,0,svm,max,balanced,cached_mxbai,1426,1782241002.8185008,,,
570,0,svm,max,balanced,cached_mxbai,1427,1782241002.9636724,,,
4958,0,svm,max,balanced,cached_mxbai,1428,1782241003.1186793,,,
3460,0,svm,max,balanced,cached_mxbai,1429,1782241003.263489,,,
6196,0,svm,max,balanced,cached_mxbai,1430,1782241003.40514,,,
1476,0,svm,max,balanced,cached_mxbai,1431,1782241003.546509,,,
2583,0,svm,max,balanced,cached_mxbai,1432,1782241003.6936152,,,
6005,0,svm,max,balanced,cached_mxbai,1433,1782241003.8391998,,,
4763,0,svm,max,balanced,cached_mxbai,1434,1782241003.9818194,,,
3385,0,svm,max,balanced,cached_mxbai,1435,1782241004.123124,,,
3183,0,svm,max,balanced,cached_mxbai,1436,1782241004.2661817,,,
4654,0,svm,max,balanced,cached_mxbai,1437,1782241004.4077694,,,
8885,0,svm,max,balanced,cached_mxbai,1438,1782241004.5490785,,,
2254,0,svm,max,balanced,cached_mxbai,1439,1782241004.7022378,,,
4514,0,svm,max,balanced,cached_mxbai,1440,1782241004.853324,,,
5110,0,svm,max,balanced,cached_mxbai,1441,1782241005.009111,,,
3024,0,svm,max,balanced,cached_mxbai,1442,1782241005.1718516,,,
8463,0,svm,max,balanced,cached_mxbai,1443,1782241005.3538148,,,
1646,0,svm,max,balanced,cached_mxbai,1444,1782241005.4992907,,,
5157,0,svm,max,balanced,cached_mxbai,1445,1782241005.642244,,,
4757,0,svm,max,balanced,cached_mxbai,1446,1782241005.788747,,,
8580,0,svm,max,balanced,cached_mxbai,1447,1782241005.9331691,,,
5100,0,svm,max,balanced,cached_mxbai,1448,1782241006.0778923,,,
5063,0,svm,max,balanced,cached_mxbai,1449,1782241006.217991,,,
10081,0,svm,max,balanced,cached_mxbai,1450,1782241006.3582222,,,
8282,0,svm,max,balanced,cached_mxbai,1451,1782241006.5000079,,,
5036,0,svm,max,balanced,cached_mxbai,1452,1782241006.6410935,,,
8918,0,svm,max,balanced,cached_mxbai,1453,1782241006.784066,,,
8355,0,svm,max,balanced,cached_mxbai,1454,1782241006.9281716,,,
8050,0,svm,max,balanced,cached_mxbai,1455,1782241007.072456,,,
8228,0,svm,max,balanced,cached_mxbai,1456,1782241007.214894,,,
4261,0,svm,max,balanced,cached_mxbai,1457,1782241007.3614542,,,
4668,0,svm,max,balanced,cached_mxbai,1458,1782241007.5044317,,,
7714,0,svm,max,balanced,cached_mxbai,1459,1782241007.6529942,,,
4982,0,svm,max,balanced,cached_mxbai,1460,1782241007.8064592,,,
8839,0,svm,max,balanced,cached_mxbai,1461,1782241007.9585464,,,
4629,0,svm,max,balanced,cached_mxbai,1462,1782241008.1129453,,,
9947,0,svm,max,balanced,cached_mxbai,1463,1782241008.2773373,,,
10399,0,svm,max,balanced,cached_mxbai,1464,1782241008.4323978,,,
3988,0,svm,max,balanced,cached_mxbai,1465,1782241008.5847967,,,
10064,0,svm,max,balanced,cached_mxbai,1466,1782241008.7378836,,,
4562,0,svm,max,balanced,cached_mxbai,1467,1782241008.890162,,,
5952,0,svm,max,balanced,cached_mxbai,1468,1782241009.0403373,,,
6310,0,svm,max,balanced,cached_mxbai,1469,1782241009.1855652,,,
4827,0,svm,max,balanced,cached_mxbai,1470,1782241009.332607,,,
10551,0,svm,max,balanced,cached_mxbai,1471,1782241009.4816177,,,
5151,0,svm,max,balanced,cached_mxbai,1472,1782241009.6392689,,,
5153,0,svm,max,balanced,cached_mxbai,1473,1782241009.7956324,,,
4632,0,svm,max,balanced,cached_mxbai,1474,1782241009.9585605,,,
6771,0,svm,max,balanced,cached_mxbai,1475,1782241010.1209059,,,
4968,0,svm,max,balanced,cached_mxbai,1476,1782241010.2782497,,,
3583,0,svm,max,balanced,cached_mxbai,1477,1782241010.430579,,,
3147,0,svm,max,balanced,cached_mxbai,1478,1782241010.5784159,,,
10451,0,svm,max,balanced,cached_mxbai,1479,1782241010.7294016,,,
692,0,svm,max,balanced,cached_mxbai,1480,1782241010.8784282,,,
4622,0,svm,max,balanced,cached_mxbai,1481,1782241011.0316563,,,
6548,0,svm,max,balanced,cached_mxbai,1482,1782241011.1818235,,,
9864,0,svm,max,balanced,cached_mxbai,1483,1782241011.3349183,,,
3640,0,svm,max,balanced,cached_mxbai,1484,1782241011.4978166,,,
5396,0,svm,max,balanced,cached_mxbai,1485,1782241011.6505218,,,
4652,0,svm,max,balanced,cached_mxbai,1486,1782241011.8004262,,,
9623,0,svm,max,balanced,cached_mxbai,1487,1782241011.9505124,,,
178,0,svm,max,balanced,cached_mxbai,1488,1782241012.1016295,,,
4207,0,svm,max,balanced,cached_mxbai,1489,1782241012.251375,,,
4014,0,svm,max,balanced,cached_mxbai,1490,1782241012.4006023,,,
8909,0,svm,max,balanced,cached_mxbai,1491,1782241012.5506177,,,
8544,0,svm,max,balanced,cached_mxbai,1492,1782241012.70068,,,
4882,0,svm,max,balanced,cached_mxbai,1493,1782241012.8520465,,,
6478,0,svm,max,balanced,cached_mxbai,1494,1782241013.0109715,,,
7948,0,svm,max,balanced,cached_mxbai,1495,1782241013.1687245,,,
4331,0,svm,max,balanced,cached_mxbai,1496,1782241013.3220713,,,
8038,0,svm,max,balanced,cached_mxbai,1497,1782241013.4772155,,,
3146,0,svm,max,balanced,cached_mxbai,1498,1782241013.6356091,,,
4826,0,svm,max,balanced,cached_mxbai,1499,1782241013.8020368,,,
2562,0,svm,max,balanced,cached_mxbai,1500,1782241013.9561746,,,
23,0,svm,max,balanced,cached_mxbai,1501,1782241014.1066265,,,
9254,0,svm,max,balanced,cached_mxbai,1502,1782241014.260996,,,
6585,0,svm,max,balanced,cached_mxbai,1503,1782241014.4119773,,,
4749,0,svm,max,balanced,cached_mxbai,1504,1782241014.561218,,,
4372,0,svm,max,balanced,cached_mxbai,1505,1782241014.7102463,,,
7712,0,svm,max,balanced,cached_mxbai,1506,1782241014.8621576,,,
1613,0,svm,max,balanced,cached_mxbai,1507,1782241015.0265586,,,
4483,0,svm,max,balanced,cached_mxbai,1508,1782241015.189969,,,
4415,0,svm,max,balanced,cached_mxbai,1509,1782241015.3663402,,,
10235,0,svm,max,balanced,cached_mxbai,1510,1782241015.5192592,,,
10242,0,svm,max,balanced,cached_mxbai,1511,1782241015.6710086,,,
5159,0,svm,max,balanced,cached_mxbai,1512,1782241015.8240602,,,
7418,0,svm,max,balanced,cached_mxbai,1513,1782241015.974927,,,
7265,0,svm,max,balanced,cached_mxbai,1514,1782241016.1257806,,,
5066,0,svm,max,balanced,cached_mxbai,1515,1782241016.2781668,,,
9137,0,svm,max,balanced,cached_mxbai,1516,1782241016.4394212,,,
6235,0,svm,max,balanced,cached_mxbai,1517,1782241016.5947912,,,
9371,0,svm,max,balanced,cached_mxbai,1518,1782241016.7476475,,,
6461,0,svm,max,balanced,cached_mxbai,1519,1782241016.9006965,,,
4675,0,svm,max,balanced,cached_mxbai,1520,1782241017.0543196,,,
4138,0,svm,max,balanced,cached_mxbai,1521,1782241017.2150776,,,
5902,0,svm,max,balanced,cached_mxbai,1522,1782241017.371811,,,
4325,0,svm,max,balanced,cached_mxbai,1523,1782241017.5230103,,,
1039,0,svm,max,balanced,cached_mxbai,1524,1782241017.6825905,,,
5956,0,svm,max,balanced,cached_mxbai,1525,1782241017.8467972,,,
6949,0,svm,max,balanced,cached_mxbai,1526,1782241018.0028431,,,
3165,0,svm,max,balanced,cached_mxbai,1527,1782241018.1553226,,,
6642,0,svm,max,balanced,cached_mxbai,1528,1782241018.3131938,,,
4991,0,svm,max,balanced,cached_mxbai,1529,1782241018.4727104,,,
4397,0,svm,max,balanced,cached_mxbai,1530,1782241018.620685,,,
3350,0,svm,max,balanced,cached_mxbai,1531,1782241018.768091,,,
5487,0,svm,max,balanced,cached_mxbai,1532,1782241018.9185145,,,
7706,0,svm,max,balanced,cached_mxbai,1533,1782241019.08178,,,
8693,0,svm,max,balanced,cached_mxbai,1534,1782241019.2438164,,,
4488,0,svm,max,balanced,cached_mxbai,1535,1782241019.3915045,,,
1731,0,svm,max,balanced,cached_mxbai,1536,1782241019.5410202,,,
10545,0,svm,max,balanced,cached_mxbai,1537,1782241019.697319,,,
4042,0,svm,max,balanced,cached_mxbai,1538,1782241019.8558238,,,
4246,0,svm,max,balanced,cached_mxbai,1539,1782241020.0050154,,,
4676,0,svm,max,balanced,cached_mxbai,1540,1782241020.1618652,,,
3629,0,svm,max,balanced,cached_mxbai,1541,1782241020.3194115,,,
8272,0,svm,max,balanced,cached_mxbai,1542,1782241020.4820938,,,
6975,0,svm,max,balanced,cached_mxbai,1543,1782241020.6427372,,,
3763,0,svm,max,balanced,cached_mxbai,1544,1782241020.804131,,,
796,0,svm,max,balanced,cached_mxbai,1545,1782241020.9609413,,,
1912,0,svm,max,balanced,cached_mxbai,1546,1782241021.1145751,,,
1032,0,svm,max,balanced,cached_mxbai,1547,1782241021.275848,,,
4257,0,svm,max,balanced,cached_mxbai,1548,1782241021.434762,,,
5839,1,svm,max,balanced,cached_mxbai,1549,1782241021.6005325,,,
7743,0,svm,max,balanced,cached_mxbai,1550,1782241021.7763593,,,
5024,0,svm,max,balanced,cached_mxbai,1551,1782241021.9663072,,,
3634,0,svm,max,balanced,cached_mxbai,1552,1782241022.142974,,,
4664,0,svm,max,balanced,cached_mxbai,1553,1782241022.3156462,,,
4106,0,svm,max,balanced,cached_mxbai,1554,1782241022.5048497,,,
2039,0,svm,max,balanced,cached_mxbai,1555,1782241022.6935532,,,
3506,0,svm,max,balanced,cached_mxbai,1556,1782241022.8848944,,,
4996,0,svm,max,balanced,cached_mxbai,1557,1782241023.0675125,,,
4863,0,svm,max,balanced,cached_mxbai,1558,1782241023.2406533,,,
273,0,svm,max,balanced,cached_mxbai,1559,1782241023.4144497,,,
8373,0,svm,max,balanced,cached_mxbai,1560,1782241023.5855782,,,
4615,0,svm,max,balanced,cached_mxbai,1561,1782241023.756967,,,
10206,0,svm,max,balanced,cached_mxbai,1562,1782241023.929896,,,
4957,0,svm,max,balanced,cached_mxbai,1563,1782241024.1007965,,,
4600,0,svm,max,balanced,cached_mxbai,1564,1782241024.2712748,,,
6162,0,svm,max,balanced,cached_mxbai,1565,1782241024.4428031,,,
6122,0,svm,max,balanced,cached_mxbai,1566,1782241024.613284,,,
4966,0,svm,max,balanced,cached_mxbai,1567,1782241024.7836068,,,
1131,0,svm,max,balanced,cached_mxbai,1568,1782241024.9564881,,,
1234,0,svm,max,balanced,cached_mxbai,1569,1782241025.1315742,,,
5106,0,svm,max,balanced,cached_mxbai,1570,1782241025.3080804,,,
4486,0,svm,max,balanced,cached_mxbai,1571,1782241025.475499,,,
6328,0,svm,max,balanced,cached_mxbai,1572,1782241025.655373,,,
8928,0,svm,max,balanced,cached_mxbai,1573,1782241025.8405657,,,
6319,0,svm,max,balanced,cached_mxbai,1574,1782241026.0176678,,,
1222,0,svm,max,balanced,cached_mxbai,1575,1782241026.1834958,,,
3991,0,svm,max,balanced,cached_mxbai,1576,1782241026.3498905,,,
4708,0,svm,max,balanced,cached_mxbai,1577,1782241026.5163097,,,
6126,0,svm,max,balanced,cached_mxbai,1578,1782241026.6815503,,,
7728,0,svm,max,balanced,cached_mxbai,1579,1782241026.8484864,,,
3805,0,svm,max,balanced,cached_mxbai,1580,1782241027.0151777,,,
4975,0,svm,max,balanced,cached_mxbai,1581,1782241027.1826127,,,
4725,0,svm,max,balanced,cached_mxbai,1582,1782241027.3489223,,,
173,0,svm,max,balanced,cached_mxbai,1583,1782241027.5156152,,,
5325,0,svm,max,balanced,cached_mxbai,1584,1782241027.6888063,,,
5984,0,svm,max,balanced,cached_mxbai,1585,1782241027.8650117,,,
4122,0,svm,max,balanced,cached_mxbai,1586,1782241028.039404,,,
4392,0,svm,max,balanced,cached_mxbai,1587,1782241028.204779,,,
7933,0,svm,max,balanced,cached_mxbai,1588,1782241028.3693202,,,
6056,0,svm,max,balanced,cached_mxbai,1589,1782241028.5355246,,,
4323,0,svm,max,balanced,cached_mxbai,1590,1782241028.7069957,,,
4322,0,svm,max,balanced,cached_mxbai,1591,1782241028.8737385,,,
4571,0,svm,max,balanced,cached_mxbai,1592,1782241029.0411367,,,
3399,0,svm,max,balanced,cached_mxbai,1593,1782241029.2086525,,,
3654,0,svm,max,balanced,cached_mxbai,1594,1782241029.3818078,,,
8979,0,svm,max,balanced,cached_mxbai,1595,1782241029.558203,,,
4773,0,svm,max,balanced,cached_mxbai,1596,1782241029.7444432,,,
10271,0,svm,max,balanced,cached_mxbai,1597,1782241029.9311304,,,
9878,0,svm,max,balanced,cached_mxbai,1598,1782241030.1010115,,,
8658,0,svm,max,balanced,cached_mxbai,1599,1782241030.2744107,,,
3656,0,svm,max,balanced,cached_mxbai,1600,1782241030.4429736,,,
7231,0,svm,max,balanced,cached_mxbai,1601,1782241030.6091466,,,
3832,0,svm,max,balanced,cached_mxbai,1602,1782241030.7755244,,,
4069,0,svm,max,balanced,cached_mxbai,1603,1782241030.9510028,,,
4539,0,svm,max,balanced,cached_mxbai,1604,1782241031.1301727,,,
7897,0,svm,max,balanced,cached_mxbai,1605,1782241031.2974741,,,
3047,0,svm,max,balanced,cached_mxbai,1606,1782241031.4744775,,,
4847,0,svm,max,balanced,cached_mxbai,1607,1782241031.6503305,,,
5823,0,svm,max,balanced,cached_mxbai,1608,1782241031.8259912,,,
1321,0,svm,max,balanced,cached_mxbai,1609,1782241032.0042334,,,
1031,0,svm,max,balanced,cached_mxbai,1610,1782241032.1841125,,,
3130,0,svm,max,balanced,cached_mxbai,1611,1782241032.3619778,,,
4035,0,svm,max,balanced,cached_mxbai,1612,1782241032.5408466,,,
5220,0,svm,max,balanced,cached_mxbai,1613,1782241032.71748,,,
7717,0,svm,max,balanced,cached_mxbai,1614,1782241032.898439,,,
3044,0,svm,max,balanced,cached_mxbai,1615,1782241033.080165,,,
7001,0,svm,max,balanced,cached_mxbai,1616,1782241033.257067,,,
6699,0,svm,max,balanced,cached_mxbai,1617,1782241033.4365573,,,
6569,0,svm,max,balanced,cached_mxbai,1618,1782241033.6127317,,,
2831,0,svm,max,balanced,cached_mxbai,1619,1782241033.7885985,,,
3504,0,svm,max,balanced,cached_mxbai,1620,1782241033.96705,,,
3788,0,svm,max,balanced,cached_mxbai,1621,1782241034.1420941,,,
9897,0,svm,max,balanced,cached_mxbai,1622,1782241034.3167295,,,
4750,0,svm,max,balanced,cached_mxbai,1623,1782241034.494163,,,
4410,0,svm,max,balanced,cached_mxbai,1624,1782241034.6731703,,,
4784,0,svm,max,balanced,cached_mxbai,1625,1782241034.8517973,,,
2187,0,svm,max,balanced,cached_mxbai,1626,1782241035.0311096,,,
5805,0,svm,max,balanced,cached_mxbai,1627,1782241035.2132385,,,
3783,0,svm,max,balanced,cached_mxbai,1628,1782241035.4421546,,,
8303,0,svm,max,balanced,cached_mxbai,1629,1782241035.6330616,,,
1461,0,svm,max,balanced,cached_mxbai,1630,1782241035.8213038,,,
8404,0,svm,max,balanced,cached_mxbai,1631,1782241036.0216048,,,
4716,0,svm,max,balanced,cached_mxbai,1632,1782241036.2236493,,,
10492,0,svm,max,balanced,cached_mxbai,1633,1782241036.4218197,,,
3083,0,svm,max,balanced,cached_mxbai,1634,1782241036.6162834,,,
5226,0,svm,max,balanced,cached_mxbai,1635,1782241036.800057,,,
2021,0,svm,max,balanced,cached_mxbai,1636,1782241036.9808962,,,
9911,0,svm,max,balanced,cached_mxbai,1637,1782241037.1587853,,,
9948,0,svm,max,balanced,cached_mxbai,1638,1782241037.334933,,,
4498,0,svm,max,balanced,cached_mxbai,1639,1782241037.5153613,,,
7768,0,svm,max,balanced,cached_mxbai,1640,1782241037.6945078,,,
2856,0,svm,max,balanced,cached_mxbai,1641,1782241037.874043,,,
9624,0,svm,max,balanced,cached_mxbai,1642,1782241038.0496945,,,
577,0,svm,max,balanced,cached_mxbai,1643,1782241038.2224429,,,
5198,0,svm,max,balanced,cached_mxbai,1644,1782241038.3985465,,,
5052,0,svm,max,balanced,cached_mxbai,1645,1782241038.573714,,,
6537,0,svm,max,balanced,cached_mxbai,1646,1782241038.7475684,,,
6151,0,svm,max,balanced,cached_mxbai,1647,1782241038.9224842,,,
6323,0,svm,max,balanced,cached_mxbai,1648,1782241039.102782,,,
5292,0,svm,max,balanced,cached_mxbai,1649,1782241039.2789254,,,
4497,0,svm,max,balanced,cached_mxbai,1650,1782241039.4586377,,,
10133,0,svm,max,balanced,cached_mxbai,1651,1782241039.6340945,,,
4896,0,svm,max,balanced,cached_mxbai,1652,1782241039.8089886,,,
6069,0,svm,max,balanced,cached_mxbai,1653,1782241039.9849153,,,
8847,0,svm,max,balanced,cached_mxbai,1654,1782241040.1606836,,,
4309,0,svm,max,balanced,cached_mxbai,1655,1782241040.3195686,,,
3428,0,svm,max,balanced,cached_mxbai,1656,1782241040.4780135,,,
5781,0,svm,max,balanced,cached_mxbai,1657,1782241040.6359665,,,
1261,0,svm,max,balanced,cached_mxbai,1658,1782241040.7946727,,,
639,0,svm,max,balanced,cached_mxbai,1659,1782241040.9549253,,,
4809,0,svm,max,balanced,cached_mxbai,1660,1782241041.1152077,,,
3844,0,svm,max,balanced,cached_mxbai,1661,1782241041.2731965,,,
5260,0,svm,max,balanced,cached_mxbai,1662,1782241041.4308677,,,
2293,0,svm,max,balanced,cached_mxbai,1663,1782241041.5896487,,,
4148,0,svm,max,balanced,cached_mxbai,1664,1782241041.7473073,,,
604,0,svm,max,balanced,cached_mxbai,1665,1782241041.9088619,,,
4219,0,svm,max,balanced,cached_mxbai,1666,1782241042.0691788,,,
4334,0,svm,max,balanced,cached_mxbai,1667,1782241042.2286344,,,
4990,0,svm,max,balanced,cached_mxbai,1668,1782241042.387364,,,
8301,0,svm,max,balanced,cached_mxbai,1669,1782241042.5467293,,,
9714,0,svm,max,balanced,cached_mxbai,1670,1782241042.7075963,,,
9219,0,svm,max,balanced,cached_mxbai,1671,1782241042.867434,,,
2433,0,svm,max,balanced,cached_mxbai,1672,1782241043.0318873,,,
3577,0,svm,max,balanced,cached_mxbai,1673,1782241043.1915846,,,
7216,0,svm,max,balanced,cached_mxbai,1674,1782241043.3497276,,,
3109,0,svm,max,balanced,cached_mxbai,1675,1782241043.5087388,,,
5009,0,svm,max,balanced,cached_mxbai,1676,1782241043.6726868,,,
5608,0,svm,max,balanced,cached_mxbai,1677,1782241043.833567,,,
4021,0,svm,max,balanced,cached_mxbai,1678,1782241043.994851,,,
4542,0,svm,max,balanced,cached_mxbai,1679,1782241044.1555724,,,
1863,0,svm,max,balanced,cached_mxbai,1680,1782241044.3169782,,,
1875,0,svm,max,balanced,cached_mxbai,1681,1782241044.4777641,,,
8660,0,svm,max,balanced,cached_mxbai,1682,1782241044.6378105,,,
5896,0,svm,max,balanced,cached_mxbai,1683,1782241044.798386,,,
4719,0,svm,max,balanced,cached_mxbai,1684,1782241044.9639022,,,
7000,0,svm,max,balanced,cached_mxbai,1685,1782241045.145182,,,
3330,0,svm,max,balanced,cached_mxbai,1686,1782241045.3264365,,,
7891,0,svm,max,balanced,cached_mxbai,1687,1782241045.4899213,,,
9804,0,svm,max,balanced,cached_mxbai,1688,1782241045.6522486,,,
8907,0,svm,max,balanced,cached_mxbai,1689,1782241045.814097,,,
57,0,svm,max,balanced,cached_mxbai,1690,1782241045.9759543,,,
3446,0,svm,max,balanced,cached_mxbai,1691,1782241046.1414192,,,
5672,0,svm,max,balanced,cached_mxbai,1692,1782241046.3027585,,,
4517,0,svm,max,balanced,cached_mxbai,1693,1782241046.4673305,,,
9031,0,svm,max,balanced,cached_mxbai,1694,1782241046.632674,,,
4438,0,svm,max,balanced,cached_mxbai,1695,1782241046.7941656,,,
8636,0,svm,max,balanced,cached_mxbai,1696,1782241046.9606805,,,
1241,0,svm,max,balanced,cached_mxbai,1697,1782241047.1292393,,,
3924,0,svm,max,balanced,cached_mxbai,1698,1782241047.292745,,,
2781,0,svm,max,balanced,cached_mxbai,1699,1782241047.45616,,,
1855,0,svm,max,balanced,cached_mxbai,1700,1782241047.6188135,,,
2782,0,svm,max,balanced,cached_mxbai,1701,1782241047.7817228,,,
8798,0,svm,max,balanced,cached_mxbai,1702,1782241047.9456906,,,
4501,0,svm,max,balanced,cached_mxbai,1703,1782241048.1115654,,,
1416,0,svm,max,balanced,cached_mxbai,1704,1782241048.2746425,,,
5128,0,svm,max,balanced,cached_mxbai,1705,1782241048.4379923,,,
4699,0,svm,max,balanced,cached_mxbai,1706,1782241048.6010087,,,
9704,0,svm,max,balanced,cached_mxbai,1707,1782241048.7639923,,,
3909,0,svm,max,balanced,cached_mxbai,1708,1782241048.9261234,,,
9115,0,svm,max,balanced,cached_mxbai,1709,1782241049.0891416,,,
394,0,svm,max,balanced,cached_mxbai,1710,1782241049.2530642,,,
769,0,svm,max,balanced,cached_mxbai,1711,1782241049.4177527,,,
8627,0,svm,max,balanced,cached_mxbai,1712,1782241049.5809984,,,
9291,0,svm,max,balanced,cached_mxbai,1713,1782241049.745314,,,
4649,0,svm,max,balanced,cached_mxbai,1714,1782241049.9087102,,,
4278,0,svm,max,balanced,cached_mxbai,1715,1782241050.0735579,,,
3533,0,svm,max,balanced,cached_mxbai,1716,1782241050.2374997,,,
8828,0,svm,max,balanced,cached_mxbai,1717,1782241050.400902,,,
7002,0,svm,max,balanced,cached_mxbai,1718,1782241050.5664933,,,
9433,0,svm,max,balanced,cached_mxbai,1719,1782241050.7318509,,,
4606,0,svm,max,balanced,cached_mxbai,1720,1782241050.8952796,,,
4336,0,svm,max,balanced,cached_mxbai,1721,1782241051.0616138,,,
7550,0,svm,max,balanced,cached_mxbai,1722,1782241051.2476616,,,
5167,0,svm,max,balanced,cached_mxbai,1723,1782241051.433084,,,
4601,0,svm,max,balanced,cached_mxbai,1724,1782241051.596597,,,
3938,0,svm,max,balanced,cached_mxbai,1725,1782241051.7816048,,,
4521,0,svm,max,balanced,cached_mxbai,1726,1782241051.9678752,,,
4180,0,svm,max,balanced,cached_mxbai,1727,1782241052.1526277,,,
6815,0,svm,max,balanced,cached_mxbai,1728,1782241052.3381314,,,
92,0,svm,max,balanced,cached_mxbai,1729,1782241052.5234048,,,
5188,0,svm,max,balanced,cached_mxbai,1730,1782241052.7082293,,,
5103,0,svm,max,balanced,cached_mxbai,1731,1782241052.8962095,,,
4602,0,svm,max,balanced,cached_mxbai,1732,1782241053.0880094,,,
3705,0,svm,max,balanced,cached_mxbai,1733,1782241053.2758088,,,
4400,0,svm,max,balanced,cached_mxbai,1734,1782241053.4614213,,,
6324,0,svm,max,balanced,cached_mxbai,1735,1782241053.6465926,,,
81,0,svm,max,balanced,cached_mxbai,1736,1782241053.8318403,,,
3801,0,svm,max,balanced,cached_mxbai,1737,1782241054.017726,,,
64,0,svm,max,balanced,cached_mxbai,1738,1782241054.2069855,,,
8483,0,svm,max,balanced,cached_mxbai,1739,1782241054.388758,,,
3293,0,svm,max,balanced,cached_mxbai,1740,1782241054.5706897,,,
6003,0,svm,max,balanced,cached_mxbai,1741,1782241054.7558908,,,
8367,0,svm,max,balanced,cached_mxbai,1742,1782241054.9384124,,,
8191,0,svm,max,balanced,cached_mxbai,1743,1782241055.1265807,,,
4305,0,svm,max,balanced,cached_mxbai,1744,1782241055.3299887,,,
9299,0,svm,max,balanced,cached_mxbai,1745,1782241055.5156403,,,
4766,0,svm,max,balanced,cached_mxbai,1746,1782241055.702024,,,
3752,0,svm,max,balanced,cached_mxbai,1747,1782241055.8898158,,,
3609,0,svm,max,balanced,cached_mxbai,1748,1782241056.0774786,,,
7546,0,svm,max,balanced,cached_mxbai,1749,1782241056.264228,,,
5038,0,svm,max,balanced,cached_mxbai,1750,1782241056.4521663,,,
4097,0,svm,max,balanced,cached_mxbai,1751,1782241056.644854,,,
5240,0,svm,max,balanced,cached_mxbai,1752,1782241056.8362985,,,
9496,0,svm,max,balanced,cached_mxbai,1753,1782241057.024461,,,
2773,0,svm,max,balanced,cached_mxbai,1754,1782241057.2135792,,,
5621,0,svm,max,balanced,cached_mxbai,1755,1782241057.4024537,,,
4959,0,svm,max,balanced,cached_mxbai,1756,1782241057.5886853,,,
422,0,svm,max,balanced,cached_mxbai,1757,1782241057.7748759,,,
4617,0,svm,max,balanced,cached_mxbai,1758,1782241057.9649384,,,
195,0,svm,max,balanced,cached_mxbai,1759,1782241058.1543348,,,
3346,0,svm,max,balanced,cached_mxbai,1760,1782241058.3436818,,,
7137,0,svm,max,balanced,cached_mxbai,1761,1782241058.5311534,,,
9442,0,svm,max,balanced,cached_mxbai,1762,1782241058.7188072,,,
7318,0,svm,max,balanced,cached_mxbai,1763,1782241058.9071965,,,
4801,0,svm,max,balanced,cached_mxbai,1764,1782241059.0961716,,,
5223,0,svm,max,balanced,cached_mxbai,1765,1782241059.283976,,,
7363,0,svm,max,balanced,cached_mxbai,1766,1782241059.4745731,,,
7055,0,svm,max,balanced,cached_mxbai,1767,1782241059.662799,,,
3417,0,svm,max,balanced,cached_mxbai,1768,1782241059.8516414,,,
1498,0,svm,max,balanced,cached_mxbai,1769,1782241060.042249,,,
5352,0,svm,max,balanced,cached_mxbai,1770,1782241060.2336845,,,
7199,0,svm,max,balanced,cached_mxbai,1771,1782241060.423557,,,
8004,0,svm,max,balanced,cached_mxbai,1772,1782241060.612847,,,
5205,0,svm,max,balanced,cached_mxbai,1773,1782241060.8016503,,,
6216,0,svm,max,balanced,cached_mxbai,1774,1782241060.991293,,,
1796,0,svm,max,balanced,cached_mxbai,1775,1782241061.1817617,,,
5080,0,svm,max,balanced,cached_mxbai,1776,1782241061.3723593,,,
8430,0,svm,max,balanced,cached_mxbai,1777,1782241061.5647757,,,
6285,0,svm,max,balanced,cached_mxbai,1778,1782241061.7557626,,,
3409,0,svm,max,balanced,cached_mxbai,1779,1782241061.9458544,,,
1278,0,svm,max,balanced,cached_mxbai,1780,1782241062.1368084,,,
4701,0,svm,max,balanced,cached_mxbai,1781,1782241062.3295016,,,
5496,0,svm,max,balanced,cached_mxbai,1782,1782241062.521336,,,
5777,0,svm,max,balanced,cached_mxbai,1783,1782241062.71254,,,
6153,0,svm,max,balanced,cached_mxbai,1784,1782241062.903337,,,
3689,0,svm,max,balanced,cached_mxbai,1785,1782241063.1008158,,,
4493,0,svm,max,balanced,cached_mxbai,1786,1782241063.2984962,,,
9628,0,svm,max,balanced,cached_mxbai,1787,1782241063.4909916,,,
27,0,svm,max,balanced,cached_mxbai,1788,1782241063.6843312,,,
4186,0,svm,max,balanced,cached_mxbai,1789,1782241063.879552,,,
4082,0,svm,max,balanced,cached_mxbai,1790,1782241064.0728807,,,
6233,0,svm,max,balanced,cached_mxbai,1791,1782241064.265228,,,
4943,0,svm,max,balanced,cached_mxbai,1792,1782241064.458341,,,
1084,0,svm,max,balanced,cached_mxbai,1793,1782241064.640864,,,
6293,0,svm,max,balanced,cached_mxbai,1794,1782241064.8274524,,,
8263,0,svm,max,balanced,cached_mxbai,1795,1782241065.0101879,,,
10046,0,svm,max,balanced,cached_mxbai,1796,1782241065.195057,,,
9407,0,svm,max,balanced,cached_mxbai,1797,1782241065.4062204,,,
3445,0,svm,max,balanced,cached_mxbai,1798,1782241065.5949242,,,
3947,0,svm,max,balanced,cached_mxbai,1799,1782241065.7794378,,,
9768,0,svm,max,balanced,cached_mxbai,1800,1782241065.9639034,,,
8829,0,svm,max,balanced,cached_mxbai,1801,1782241066.1499245,,,
4608,0,svm,max,balanced,cached_mxbai,1802,1782241066.3378508,,,
3840,0,svm,max,balanced,cached_mxbai,1803,1782241066.5232172,,,
5346,0,svm,max,balanced,cached_mxbai,1804,1782241066.7113159,,,
4482,0,svm,max,balanced,cached_mxbai,1805,1782241066.9090784,,,
7438,0,svm,max,balanced,cached_mxbai,1806,1782241067.0919383,,,
5069,0,svm,max,balanced,cached_mxbai,1807,1782241067.2759533,,,
9574,0,svm,max,balanced,cached_mxbai,1808,1782241067.4588268,,,
4808,0,svm,max,balanced,cached_mxbai,1809,1782241067.6411097,,,
10153,0,svm,max,balanced,cached_mxbai,1810,1782241067.8228838,,,
7959,0,svm,max,balanced,cached_mxbai,1811,1782241068.00684,,,
3889,0,svm,max,balanced,cached_mxbai,1812,1782241068.1906624,,,
4343,0,svm,max,balanced,cached_mxbai,1813,1782241068.3754606,,,
7355,0,svm,max,balanced,cached_mxbai,1814,1782241068.55967,,,
3757,0,svm,max,balanced,cached_mxbai,1815,1782241068.7419076,,,
5099,0,svm,max,balanced,cached_mxbai,1816,1782241068.9272234,,,
2431,0,svm,max,balanced,cached_mxbai,1817,1782241069.1218512,,,
3233,0,svm,max,balanced,cached_mxbai,1818,1782241069.3134968,,,
8694,0,svm,max,balanced,cached_mxbai,1819,1782241069.5126257,,,
3809,0,svm,max,balanced,cached_mxbai,1820,1782241069.704975,,,
3331,0,svm,max,balanced,cached_mxbai,1821,1782241069.8937123,,,
1502,0,svm,max,balanced,cached_mxbai,1822,1782241070.0787468,,,
80,0,svm,max,balanced,cached_mxbai,1823,1782241070.2631207,,,
4920,0,svm,max,balanced,cached_mxbai,1824,1782241070.4493017,,,
4502,0,svm,max,balanced,cached_mxbai,1825,1782241070.634963,,,
8952,0,svm,max,balanced,cached_mxbai,1826,1782241070.818234,,,
1490,0,svm,max,balanced,cached_mxbai,1827,1782241071.0026138,,,
4737,0,svm,max,balanced,cached_mxbai,1828,1782241071.1881108,,,
4404,0,svm,max,balanced,cached_mxbai,1829,1782241071.3752453,,,
10158,0,svm,max,balanced,cached_mxbai,1830,1782241071.5617824,,,
4627,0,svm,max,balanced,cached_mxbai,1831,1782241071.7480955,,,
6167,0,svm,max,balanced,cached_mxbai,1832,1782241071.9340858,,,
4090,0,svm,max,balanced,cached_mxbai,1833,1782241072.1236205,,,
3200,0,svm,max,balanced,cached_mxbai,1834,1782241072.3100855,,,
4954,0,svm,max,balanced,cached_mxbai,1835,1782241072.4975424,,,
5650,0,svm,max,balanced,cached_mxbai,1836,1782241072.6842458,,,
8082,0,svm,max,balanced,cached_mxbai,1837,1782241072.8714125,,,
3211,0,svm,max,balanced,cached_mxbai,1838,1782241073.062374,,,
1926,0,svm,max,balanced,cached_mxbai,1839,1782241073.2506905,,,
7050,0,svm,max,balanced,cached_mxbai,1840,1782241073.4424646,,,
4682,0,svm,max,balanced,cached_mxbai,1841,1782241073.6315665,,,
3552,0,svm,max,balanced,cached_mxbai,1842,1782241073.8172903,,,
4551,0,svm,max,balanced,cached_mxbai,1843,1782241074.005491,,,
3921,0,svm,max,balanced,cached_mxbai,1844,1782241074.193808,,,
5166,0,svm,max,balanced,cached_mxbai,1845,1782241074.3813853,,,
5043,0,svm,max,balanced,cached_mxbai,1846,1782241074.5688953,,,
5667,0,svm,max,balanced,cached_mxbai,1847,1782241074.7543786,,,
9437,0,svm,max,balanced,cached_mxbai,1848,1782241074.9423013,,,
1427,0,svm,max,balanced,cached_mxbai,1849,1782241075.134294,,,
5519,0,svm,max,balanced,cached_mxbai,1850,1782241075.3410416,,,
229,0,svm,max,balanced,cached_mxbai,1851,1782241075.5326731,,,
4745,0,svm,max,balanced,cached_mxbai,1852,1782241075.7211814,,,
2819,0,svm,max,balanced,cached_mxbai,1853,1782241075.9127285,,,
817,0,svm,max,balanced,cached_mxbai,1854,1782241076.1037557,,,
5452,0,svm,max,balanced,cached_mxbai,1855,1782241076.2930012,,,
10129,0,svm,max,balanced,cached_mxbai,1856,1782241076.4851105,,,
5076,0,svm,max,balanced,cached_mxbai,1857,1782241076.6809316,,,
6185,0,svm,max,balanced,cached_mxbai,1858,1782241076.8753152,,,
10381,0,svm,max,balanced,cached_mxbai,1859,1782241077.073565,,,
5007,0,svm,max,balanced,cached_mxbai,1860,1782241077.2711964,,,
3797,0,svm,max,balanced,cached_mxbai,1861,1782241077.4661546,,,
7178,0,svm,max,balanced,cached_mxbai,1862,1782241077.6627789,,,
3981,0,svm,max,balanced,cached_mxbai,1863,1782241077.8571174,,,
4851,0,svm,max,balanced,cached_mxbai,1864,1782241078.0475028,,,
2040,0,svm,max,balanced,cached_mxbai,1865,1782241078.2371562,,,
7950,0,svm,max,balanced,cached_mxbai,1866,1782241078.427523,,,
6042,0,svm,max,balanced,cached_mxbai,1867,1782241078.617413,,,
5045,0,svm,max,balanced,cached_mxbai,1868,1782241078.804684,,,
427,0,svm,max,balanced,cached_mxbai,1869,1782241078.9957423,,,
3951,0,svm,max,balanced,cached_mxbai,1870,1782241079.1994624,,,
4245,0,svm,max,balanced,cached_mxbai,1871,1782241079.398584,,,
5234,0,svm,max,balanced,cached_mxbai,1872,1782241079.593947,,,
9849,0,svm,max,balanced,cached_mxbai,1873,1782241079.7874126,,,
5759,0,svm,max,balanced,cached_mxbai,1874,1782241079.981081,,,
5213,0,svm,max,balanced,cached_mxbai,1875,1782241080.1759696,,,
8337,0,svm,max,balanced,cached_mxbai,1876,1782241080.3781447,,,
3404,0,svm,max,balanced,cached_mxbai,1877,1782241080.5775576,,,
4963,0,svm,max,balanced,cached_mxbai,1878,1782241080.7740252,,,
8536,0,svm,max,balanced,cached_mxbai,1879,1782241080.969155,,,
7681,0,svm,max,balanced,cached_mxbai,1880,1782241081.1665473,,,
1809,0,svm,max,balanced,cached_mxbai,1881,1782241081.3634658,,,
4132,0,svm,max,balanced,cached_mxbai,1882,1782241081.5641532,,,
3400,0,svm,max,balanced,cached_mxbai,1883,1782241081.7639294,,,
7203,0,svm,max,balanced,cached_mxbai,1884,1782241081.9639258,,,
7279,0,svm,max,balanced,cached_mxbai,1885,1782241082.1605783,,,
8111,0,svm,max,balanced,cached_mxbai,1886,1782241082.355192,,,
4344,0,svm,max,balanced,cached_mxbai,1887,1782241082.5533695,,,
9869,0,svm,max,balanced,cached_mxbai,1888,1782241082.7465684,,,
7257,0,svm,max,balanced,cached_mxbai,1889,1782241082.9391465,,,
6212,0,svm,max,balanced,cached_mxbai,1890,1782241083.1305218,,,
7155,0,svm,max,balanced,cached_mxbai,1891,1782241083.3334408,,,
4741,0,svm,max,balanced,cached_mxbai,1892,1782241083.5378807,,,
6357,0,svm,max,balanced,cached_mxbai,1893,1782241083.7400115,,,
5592,0,svm,max,balanced,cached_mxbai,1894,1782241083.9421093,,,
9321,0,svm,max,balanced,cached_mxbai,1895,1782241084.145048,,,
4175,0,svm,max,balanced,cached_mxbai,1896,1782241084.3511746,,,
9113,0,svm,max,balanced,cached_mxbai,1897,1782241084.556404,,,
5295,0,svm,max,balanced,cached_mxbai,1898,1782241084.7614295,,,
4211,0,svm,max,balanced,cached_mxbai,1899,1782241084.9658146,,,
4759,0,svm,max,balanced,cached_mxbai,1900,1782241085.1640928,,,
10006,0,svm,max,balanced,cached_mxbai,1901,1782241085.38488,,,
1370,0,svm,max,balanced,cached_mxbai,1902,1782241085.5802035,,,
1086,0,svm,max,balanced,cached_mxbai,1903,1782241085.7749977,,,
4232,0,svm,max,balanced,cached_mxbai,1904,1782241085.9700181,,,
1896,0,svm,max,balanced,cached_mxbai,1905,1782241086.1642945,,,
9659,0,svm,max,balanced,cached_mxbai,1906,1782241086.362769,,,
7947,0,svm,max,balanced,cached_mxbai,1907,1782241086.5574095,,,
5881,0,svm,max,balanced,cached_mxbai,1908,1782241086.7518752,,,
8479,0,svm,max,balanced,cached_mxbai,1909,1782241086.9438653,,,
5310,0,svm,max,balanced,cached_mxbai,1910,1782241087.136367,,,
1255,0,svm,max,balanced,cached_mxbai,1911,1782241087.3335192,,,
1143,0,svm,max,balanced,cached_mxbai,1912,1782241087.5322173,,,
8833,0,svm,max,balanced,cached_mxbai,1913,1782241087.7280529,,,
4550,0,svm,max,balanced,cached_mxbai,1914,1782241087.9252963,,,
4576,0,svm,max,balanced,cached_mxbai,1915,1782241088.1204343,,,
10557,0,svm,max,balanced,cached_mxbai,1916,1782241088.3164907,,,
1999,0,svm,max,balanced,cached_mxbai,1917,1782241088.5177839,,,
8680,0,svm,max,balanced,cached_mxbai,1918,1782241088.713988,,,
5119,0,svm,max,balanced,cached_mxbai,1919,1782241088.9112425,,,
9369,0,svm,max,balanced,cached_mxbai,1920,1782241089.107604,,,
3248,0,svm,max,balanced,cached_mxbai,1921,1782241089.3023076,,,
3549,0,svm,max,balanced,cached_mxbai,1922,1782241089.4993088,,,
4987,0,svm,max,balanced,cached_mxbai,1923,1782241089.6940515,,,
7733,0,svm,max,balanced,cached_mxbai,1924,1782241089.8918083,,,
3811,0,svm,max,balanced,cached_mxbai,1925,1782241090.090607,,,
1060,0,svm,max,balanced,cached_mxbai,1926,1782241090.2855268,,,
5136,0,svm,max,balanced,cached_mxbai,1927,1782241090.4856143,,,
4477,0,svm,max,balanced,cached_mxbai,1928,1782241090.6817772,,,
3554,0,svm,max,balanced,cached_mxbai,1929,1782241090.8772392,,,
5228,0,svm,max,balanced,cached_mxbai,1930,1782241091.073071,,,
4437,0,svm,max,balanced,cached_mxbai,1931,1782241091.267562,,,
981,0,svm,max,balanced,cached_mxbai,1932,1782241091.4618695,,,
10252,0,svm,max,balanced,cached_mxbai,1933,1782241091.6575773,,,
8657,0,svm,max,balanced,cached_mxbai,1934,1782241091.8513842,,,
3724,0,svm,max,balanced,cached_mxbai,1935,1782241092.0506876,,,
1040,0,svm,max,balanced,cached_mxbai,1936,1782241092.2477243,,,
6816,0,svm,max,balanced,cached_mxbai,1937,1782241092.4450164,,,
3867,0,svm,max,balanced,cached_mxbai,1938,1782241092.6432157,,,
9197,0,svm,max,balanced,cached_mxbai,1939,1782241092.8425305,,,
4566,0,svm,max,balanced,cached_mxbai,1940,1782241093.0488153,,,
787,0,svm,max,balanced,cached_mxbai,1941,1782241093.2467883,,,
5971,0,svm,max,balanced,cached_mxbai,1942,1782241093.4471955,,,
8105,0,svm,max,balanced,cached_mxbai,1943,1782241093.647829,,,
4581,0,svm,max,balanced,cached_mxbai,1944,1782241093.8483734,,,
5027,0,svm,max,balanced,cached_mxbai,1945,1782241094.0492136,,,
4394,0,svm,max,balanced,cached_mxbai,1946,1782241094.2487917,,,
3412,0,svm,max,balanced,cached_mxbai,1947,1782241094.4473119,,,
4855,0,svm,max,balanced,cached_mxbai,1948,1782241094.6451042,,,
3729,0,svm,max,balanced,cached_mxbai,1949,1782241094.8455734,,,
2436,0,svm,max,balanced,cached_mxbai,1950,1782241095.0493686,,,
5862,0,svm,max,balanced,cached_mxbai,1951,1782241095.2690563,,,
10422,0,svm,max,balanced,cached_mxbai,1952,1782241095.486523,,,
4329,0,svm,max,balanced,cached_mxbai,1953,1782241095.694185,,,
1704,0,svm,max,balanced,cached_mxbai,1954,1782241095.8935733,,,
3274,0,svm,max,balanced,cached_mxbai,1955,1782241096.093046,,,
7091,0,svm,max,balanced,cached_mxbai,1956,1782241096.2915921,,,
7276,0,svm,max,balanced,cached_mxbai,1957,1782241096.4918292,,,
2137,0,svm,max,balanced,cached_mxbai,1958,1782241096.690725,,,
8283,0,svm,max,balanced,cached_mxbai,1959,1782241096.8900218,,,
6822,0,svm,max,balanced,cached_mxbai,1960,1782241097.0956635,,,
4294,0,svm,max,balanced,cached_mxbai,1961,1782241097.2931266,,,
5696,0,svm,max,balanced,cached_mxbai,1962,1782241097.4999557,,,
2473,0,svm,max,balanced,cached_mxbai,1963,1782241097.6977277,,,
4150,0,svm,max,balanced,cached_mxbai,1964,1782241097.8953063,,,
6431,0,svm,max,balanced,cached_mxbai,1965,1782241098.0993462,,,
9520,0,svm,max,balanced,cached_mxbai,1966,1782241098.3024962,,,
7058,0,svm,max,balanced,cached_mxbai,1967,1782241098.509058,,,
7697,0,svm,max,balanced,cached_mxbai,1968,1782241098.7142107,,,
8370,0,svm,max,balanced,cached_mxbai,1969,1782241098.917996,,,
5155,0,svm,max,balanced,cached_mxbai,1970,1782241099.1229637,,,
10410,0,svm,max,balanced,cached_mxbai,1971,1782241099.3275821,,,
3709,0,svm,max,balanced,cached_mxbai,1972,1782241099.5357943,,,
2544,0,svm,max,balanced,cached_mxbai,1973,1782241099.741772,,,
38,0,svm,max,balanced,cached_mxbai,1974,1782241099.9465487,,,
124,0,svm,max,balanced,cached_mxbai,1975,1782241100.1514404,,,
8610,0,svm,max,balanced,cached_mxbai,1976,1782241100.3569157,,,
4823,0,svm,max,balanced,cached_mxbai,1977,1782241100.5637982,,,
3134,0,svm,max,balanced,cached_mxbai,1978,1782241100.7630882,,,
3816,0,svm,max,balanced,cached_mxbai,1979,1782241100.9641805,,,
4731,0,svm,max,balanced,cached_mxbai,1980,1782241101.1720352,,,
3657,0,svm,max,balanced,cached_mxbai,1981,1782241101.3779705,,,
406,0,svm,max,balanced,cached_mxbai,1982,1782241101.5888612,,,
10108,0,svm,max,balanced,cached_mxbai,1983,1782241101.7941701,,,
826,0,svm,max,balanced,cached_mxbai,1984,1782241102.0004425,,,
5084,0,svm,max,balanced,cached_mxbai,1985,1782241102.217738,,,
3865,0,svm,max,balanced,cached_mxbai,1986,1782241102.4290228,,,
4843,0,svm,max,balanced,cached_mxbai,1987,1782241102.6355906,,,
5231,0,svm,max,balanced,cached_mxbai,1988,1782241102.843007,,,
8031,0,svm,max,balanced,cached_mxbai,1989,1782241103.054788,,,
9603,0,svm,max,balanced,cached_mxbai,1990,1782241103.262048,,,
8194,0,svm,max,balanced,cached_mxbai,1991,1782241103.4698765,,,
4366,0,svm,max,balanced,cached_mxbai,1992,1782241103.679176,,,
4660,0,svm,max,balanced,cached_mxbai,1993,1782241103.8917024,,,
8218,0,svm,max,balanced,cached_mxbai,1994,1782241104.1008327,,,
2670,0,svm,max,balanced,cached_mxbai,1995,1782241104.3109648,,,
1011,0,svm,max,balanced,cached_mxbai,1996,1782241104.522042,,,
3231,0,svm,max,balanced,cached_mxbai,1997,1782241104.7318406,,,
5068,0,svm,max,balanced,cached_mxbai,1998,1782241104.9418209,,,
922,0,svm,max,balanced,cached_mxbai,1999,1782241105.1680317,,,
6616,0,svm,max,balanced,cached_mxbai,2000,1782241105.40192,,,
8996,0,svm,max,balanced,cached_mxbai,2001,1782241105.614369,,,
4585,0,svm,max,balanced,cached_mxbai,2002,1782241105.823252,,,
3152,0,svm,max,balanced,cached_mxbai,2003,1782241106.0331302,,,
5104,0,svm,max,balanced,cached_mxbai,2004,1782241106.2410548,,,
7324,0,svm,max,balanced,cached_mxbai,2005,1782241106.452686,,,
3264,0,svm,max,balanced,cached_mxbai,2006,1782241106.6637876,,,
7507,0,svm,max,balanced,cached_mxbai,2007,1782241106.8714504,,,
1761,0,svm,max,balanced,cached_mxbai,2008,1782241107.0827658,,,
7233,0,svm,max,balanced,cached_mxbai,2009,1782241107.2970438,,,
10036,0,svm,max,balanced,cached_mxbai,2010,1782241107.5092747,,,
4810,0,svm,max,balanced,cached_mxbai,2011,1782241107.7198696,,,
95,0,svm,max,balanced,cached_mxbai,2012,1782241107.9302084,,,
3054,0,svm,max,balanced,cached_mxbai,2013,1782241108.1411734,,,
5087,0,svm,max,balanced,cached_mxbai,2014,1782241108.3525286,,,
3495,0,svm,max,balanced,cached_mxbai,2015,1782241108.5626876,,,
3062,0,svm,max,balanced,cached_mxbai,2016,1782241108.7730844,,,
1566,0,svm,max,balanced,cached_mxbai,2017,1782241108.9822216,,,
5140,0,svm,max,balanced,cached_mxbai,2018,1782241109.192037,,,
7873,0,svm,max,balanced,cached_mxbai,2019,1782241109.4031436,,,
4857,0,svm,max,balanced,cached_mxbai,2020,1782241109.6141105,,,
806,0,svm,max,balanced,cached_mxbai,2021,1782241109.8221376,,,
8033,0,svm,max,balanced,cached_mxbai,2022,1782241110.03131,,,
3213,0,svm,max,balanced,cached_mxbai,2023,1782241110.2420316,,,
8024,0,svm,max,balanced,cached_mxbai,2024,1782241110.449187,,,
4689,0,svm,max,balanced,cached_mxbai,2025,1782241110.6582353,,,
7609,0,svm,max,balanced,cached_mxbai,2026,1782241110.864863,,,
9303,0,svm,max,balanced,cached_mxbai,2027,1782241111.0702856,,,
3949,0,svm,max,balanced,cached_mxbai,2028,1782241111.2747242,,,
2373,0,svm,max,balanced,cached_mxbai,2029,1782241111.4851036,,,
7827,0,svm,max,balanced,cached_mxbai,2030,1782241111.6993673,,,
8462,0,svm,max,balanced,cached_mxbai,2031,1782241111.909452,,,
2948,0,svm,max,balanced,cached_mxbai,2032,1782241112.120165,,,
7683,0,svm,max,balanced,cached_mxbai,2033,1782241112.3296738,,,
10446,0,svm,max,balanced,cached_mxbai,2034,1782241112.5419815,,,
5005,0,svm,max,balanced,cached_mxbai,2035,1782241112.7548862,,,
5079,0,svm,max,balanced,cached_mxbai,2036,1782241112.9657574,,,
7715,0,svm,max,balanced,cached_mxbai,2037,1782241113.1712842,,,
8088,1,svm,max,balanced,cached_mxbai,2038,1782241113.375388,,,
6045,0,svm,max,balanced,cached_mxbai,2039,1782241113.5879,,,
5842,0,svm,max,balanced,cached_mxbai,2040,1782241113.7989507,,,
8770,0,svm,max,balanced,cached_mxbai,2041,1782241114.0101821,,,
4123,0,svm,max,balanced,cached_mxbai,2042,1782241114.2232664,,,
6284,0,svm,max,balanced,cached_mxbai,2043,1782241114.434644,,,
9457,0,svm,max,balanced,cached_mxbai,2044,1782241114.6468847,,,
1439,0,svm,max,balanced,cached_mxbai,2045,1782241114.8580208,,,
3606,0,svm,max,balanced,cached_mxbai,2046,1782241115.1005218,,,
4806,0,svm,max,balanced,cached_mxbai,2047,1782241115.358944,,,
3467,0,svm,max,balanced,cached_mxbai,2048,1782241115.597702,,,
8717,0,svm,max,balanced,cached_mxbai,2049,1782241115.8369765,,,
6359,0,svm,max,balanced,cached_mxbai,2050,1782241116.0802789,,,
6353,0,svm,max,balanced,cached_mxbai,2051,1782241116.3188865,,,
1594,0,svm,max,balanced,cached_mxbai,2052,1782241116.5569687,,,
1022,0,svm,max,balanced,cached_mxbai,2053,1782241116.798526,,,
6765,0,svm,max,balanced,cached_mxbai,2054,1782241117.0374527,,,
5042,0,svm,max,balanced,cached_mxbai,2055,1782241117.276275,,,
6989,0,svm,max,balanced,cached_mxbai,2056,1782241117.5157192,,,
951,0,svm,max,balanced,cached_mxbai,2057,1782241117.7536623,,,
9572,0,svm,max,balanced,cached_mxbai,2058,1782241117.9937835,,,
4287,0,svm,max,balanced,cached_mxbai,2059,1782241118.2339118,,,
3998,0,svm,max,balanced,cached_mxbai,2060,1782241118.4723392,,,
1006,0,svm,max,balanced,cached_mxbai,2061,1782241118.710475,,,
8335,0,svm,max,balanced,cached_mxbai,2062,1782241118.9478517,,,
66,0,svm,max,balanced,cached_mxbai,2063,1782241119.1859374,,,
8554,0,svm,max,balanced,cached_mxbai,2064,1782241119.4183097,,,
3285,0,svm,max,balanced,cached_mxbai,2065,1782241119.6578622,,,
2121,0,svm,max,balanced,cached_mxbai,2066,1782241119.901057,,,
4269,0,svm,max,balanced,cached_mxbai,2067,1782241120.135954,,,
3570,0,svm,max,balanced,cached_mxbai,2068,1782241120.373784,,,
365,0,svm,max,balanced,cached_mxbai,2069,1782241120.6129236,,,
5799,0,svm,max,balanced,cached_mxbai,2070,1782241120.847705,,,
8583,0,svm,max,balanced,cached_mxbai,2071,1782241121.081101,,,
6579,0,svm,max,balanced,cached_mxbai,2072,1782241121.3154325,,,
4596,0,svm,max,balanced,cached_mxbai,2073,1782241121.5437849,,,
5723,0,svm,max,balanced,cached_mxbai,2074,1782241121.7717934,,,
10386,0,svm,max,balanced,cached_mxbai,2075,1782241122.0051255,,,
653,0,svm,max,balanced,cached_mxbai,2076,1782241122.233961,,,
417,0,svm,max,balanced,cached_mxbai,2077,1782241122.47055,,,
6988,0,svm,max,balanced,cached_mxbai,2078,1782241122.7079124,,,
10120,0,svm,max,balanced,cached_mxbai,2079,1782241122.9484918,,,
1486,0,svm,max,balanced,cached_mxbai,2080,1782241123.1888711,,,
5734,0,svm,max,balanced,cached_mxbai,2081,1782241123.4271736,,,
9144,0,svm,max,balanced,cached_mxbai,2082,1782241123.666324,,,
3496,0,svm,max,balanced,cached_mxbai,2083,1782241123.912514,,,
6976,0,svm,max,balanced,cached_mxbai,2084,1782241124.1542752,,,
1093,0,svm,max,balanced,cached_mxbai,2085,1782241124.3990824,,,
10349,1,svm,max,balanced,cached_mxbai,2086,1782241124.6670744,,,
3622,0,svm,max,balanced,cached_mxbai,2087,1782241124.9056509,,,
3715,0,svm,max,balanced,cached_mxbai,2088,1782241125.146387,,,
5685,0,svm,max,balanced,cached_mxbai,2089,1782241125.4097326,,,
5444,0,svm,max,balanced,cached_mxbai,2090,1782241125.6551595,,,
2892,0,svm,max,balanced,cached_mxbai,2091,1782241125.8993304,,,
177,0,svm,max,balanced,cached_mxbai,2092,1782241126.1425173,,,
5851,0,svm,max,balanced,cached_mxbai,2093,1782241126.3836172,,,
9789,0,svm,max,balanced,cached_mxbai,2094,1782241126.6285179,,,
3717,0,svm,max,balanced,cached_mxbai,2095,1782241126.8875115,,,
4286,0,svm,max,balanced,cached_mxbai,2096,1782241127.1542563,,,
5793,0,svm,max,balanced,cached_mxbai,2097,1782241127.421426,,,
1253,0,svm,max,balanced,cached_mxbai,2098,1782241127.6761603,,,
6063,0,svm,max,balanced,cached_mxbai,2099,1782241127.9206765,,,
5549,0,svm,max,balanced,cached_mxbai,2100,1782241128.1649487,,,
3156,0,svm,max,balanced,cached_mxbai,2101,1782241128.4082854,,,
4852,0,svm,max,balanced,cached_mxbai,2102,1782241128.6549516,,,
3764,0,svm,max,balanced,cached_mxbai,2103,1782241128.8985844,,,
1914,0,svm,max,balanced,cached_mxbai,2104,1782241129.141227,,,
1546,0,svm,max,balanced,cached_mxbai,2105,1782241129.384768,,,
254,0,svm,max,balanced,cached_mxbai,2106,1782241129.6323211,,,
4730,0,svm,max,balanced,cached_mxbai,2107,1782241129.882294,,,
3665,0,svm,max,balanced,cached_mxbai,2108,1782241130.1260629,,,
6240,0,svm,max,balanced,cached_mxbai,2109,1782241130.3688126,,,
6230,0,svm,max,balanced,cached_mxbai,2110,1782241130.6161308,,,
4795,0,svm,max,balanced,cached_mxbai,2111,1782241130.85956,,,
170,0,svm,max,balanced,cached_mxbai,2112,1782241131.1061537,,,
2184,0,svm,max,balanced,cached_mxbai,2113,1782241131.3501964,,,
7716,0,svm,max,balanced,cached_mxbai,2114,1782241131.6051562,,,
6390,0,svm,max,balanced,cached_mxbai,2115,1782241131.8501914,,,
3745,0,svm,max,balanced,cached_mxbai,2116,1782241132.0976722,,,
2690,0,svm,max,balanced,cached_mxbai,2117,1782241132.3425424,,,
4324,0,svm,max,balanced,cached_mxbai,2118,1782241132.5878701,,,
4903,0,svm,max,balanced,cached_mxbai,2119,1782241132.8328688,,,
9877,0,svm,max,balanced,cached_mxbai,2120,1782241133.0841131,,,
3210,0,svm,max,balanced,cached_mxbai,2121,1782241133.3284078,,,
6486,0,svm,max,balanced,cached_mxbai,2122,1782241133.5715075,,,
9206,0,svm,max,balanced,cached_mxbai,2123,1782241133.8148358,,,
3855,0,svm,max,balanced,cached_mxbai,2124,1782241134.0612311,,,
7312,0,svm,max,balanced,cached_mxbai,2125,1782241134.309278,,,
10210,0,svm,max,balanced,cached_mxbai,2126,1782241134.5547094,,,
4671,0,svm,max,balanced,cached_mxbai,2127,1782241134.8009353,,,
9741,0,svm,max,balanced,cached_mxbai,2128,1782241135.051135,,,
8504,0,svm,max,balanced,cached_mxbai,2129,1782241135.3298163,,,
7374,0,svm,max,balanced,cached_mxbai,2130,1782241135.5872722,,,
4407,0,svm,max,balanced,cached_mxbai,2131,1782241135.84222,,,
9899,0,svm,max,balanced,cached_mxbai,2132,1782241136.0918274,,,
4972,0,svm,max,balanced,cached_mxbai,2133,1782241136.3634732,,,
5462,0,svm,max,balanced,cached_mxbai,2134,1782241136.6364267,,,
3514,0,svm,max,balanced,cached_mxbai,2135,1782241136.8833065,,,
121,0,svm,max,balanced,cached_mxbai,2136,1782241137.1642394,,,
5255,0,svm,max,balanced,cached_mxbai,2137,1782241137.4362009,,,
9547,0,svm,max,balanced,cached_mxbai,2138,1782241137.7189066,,,
3245,0,svm,max,balanced,cached_mxbai,2139,1782241137.9973998,,,
7304,0,svm,max,balanced,cached_mxbai,2140,1782241138.272767,,,
7061,0,svm,max,balanced,cached_mxbai,2141,1782241138.523595,,,
4614,0,svm,max,balanced,cached_mxbai,2142,1782241138.8047795,,,
6925,0,svm,max,balanced,cached_mxbai,2143,1782241139.0599318,,,
7164,0,svm,max,balanced,cached_mxbai,2144,1782241139.3373964,,,
2461,0,svm,max,balanced,cached_mxbai,2145,1782241139.5862625,,,
5190,0,svm,max,balanced,cached_mxbai,2146,1782241139.8379285,,,
9611,0,svm,max,balanced,cached_mxbai,2147,1782241140.088887,,,
8920,0,svm,max,balanced,cached_mxbai,2148,1782241140.3667958,,,
5048,0,svm,max,balanced,cached_mxbai,2149,1782241140.6497574,,,
3993,0,svm,max,balanced,cached_mxbai,2150,1782241140.925225,,,
3406,0,svm,max,balanced,cached_mxbai,2151,1782241141.198485,,,
5139,0,svm,max,balanced,cached_mxbai,2152,1782241141.4815683,,,
4877,0,svm,max,balanced,cached_mxbai,2153,1782241141.7551682,,,
9195,0,svm,max,balanced,cached_mxbai,2154,1782241142.0086927,,,
4755,0,svm,max,balanced,cached_mxbai,2155,1782241142.2595577,,,
10402,0,svm,max,balanced,cached_mxbai,2156,1782241142.5117376,,,
10309,0,svm,max,balanced,cached_mxbai,2157,1782241142.7674973,,,
169,0,svm,max,balanced,cached_mxbai,2158,1782241143.0274935,,,
4621,0,svm,max,balanced,cached_mxbai,2159,1782241143.2782073,,,
3683,0,svm,max,balanced,cached_mxbai,2160,1782241143.5295618,,,
7446,0,svm,max,balanced,cached_mxbai,2161,1782241143.7829895,,,
9733,0,svm,max,balanced,cached_mxbai,2162,1782241144.0355318,,,
1465,0,svm,max,balanced,cached_mxbai,2163,1782241144.293848,,,
8322,0,svm,max,balanced,cached_mxbai,2164,1782241144.55672,,,
3367,0,svm,max,balanced,cached_mxbai,2165,1782241144.8187983,,,
4444,0,svm,max,balanced,cached_mxbai,2166,1782241145.0761137,,,
5114,0,svm,max,balanced,cached_mxbai,2167,1782241145.3514886,,,
4694,0,svm,max,balanced,cached_mxbai,2168,1782241145.6048043,,,
1108,0,svm,max,balanced,cached_mxbai,2169,1782241145.862837,,,
1714,0,svm,max,balanced,cached_mxbai,2170,1782241146.1167586,,,
6462,0,svm,max,balanced,cached_mxbai,2171,1782241146.369757,,,
7951,0,svm,max,balanced,cached_mxbai,2172,1782241146.6204023,,,
7207,0,svm,max,balanced,cached_mxbai,2173,1782241146.8842916,,,
4525,0,svm,max,balanced,cached_mxbai,2174,1782241147.1377337,,,
8210,0,svm,max,balanced,cached_mxbai,2175,1782241147.394682,,,
3710,0,svm,max,balanced,cached_mxbai,2176,1782241147.6515722,,,
9089,0,svm,max,balanced,cached_mxbai,2177,1782241147.924013,,,
4251,0,svm,max,balanced,cached_mxbai,2178,1782241148.176576,,,
3704,0,svm,max,balanced,cached_mxbai,2179,1782241148.4598444,,,
4935,0,svm,max,balanced,cached_mxbai,2180,1782241148.711559,,,
9735,0,svm,max,balanced,cached_mxbai,2181,1782241148.9945858,,,
9788,0,svm,max,balanced,cached_mxbai,2182,1782241149.2756832,,,
6899,0,svm,max,balanced,cached_mxbai,2183,1782241149.5557644,,,
10403,0,svm,max,balanced,cached_mxbai,2184,1782241149.8366659,,,
3220,0,svm,max,balanced,cached_mxbai,2185,1782241150.1201804,,,
8615,0,svm,max,balanced,cached_mxbai,2186,1782241150.4008865,,,
8388,0,svm,max,balanced,cached_mxbai,2187,1782241150.6841564,,,
5044,0,svm,max,balanced,cached_mxbai,2188,1782241150.9682064,,,
424,0,svm,max,balanced,cached_mxbai,2189,1782241151.2521684,,,
672,0,svm,max,balanced,cached_mxbai,2190,1782241151.535955,,,
3664,0,svm,max,balanced,cached_mxbai,2191,1782241151.8208904,,,
6654,0,svm,max,balanced,cached_mxbai,2192,1782241152.1055717,,,
4184,0,svm,max,balanced,cached_mxbai,2193,1782241152.3886704,,,
3560,0,svm,max,balanced,cached_mxbai,2194,1782241152.6702988,,,
5003,0,svm,max,balanced,cached_mxbai,2195,1782241152.9590158,,,
3700,0,svm,max,balanced,cached_mxbai,2196,1782241153.243748,,,
5747,0,svm,max,balanced,cached_mxbai,2197,1782241153.5384448,,,
52,0,svm,max,balanced,cached_mxbai,2198,1782241153.8285892,,,
1739,0,svm,max,balanced,cached_mxbai,2199,1782241154.1158652,,,
5178,0,svm,max,balanced,cached_mxbai,2200,1782241154.4048762,,,
4861,0,svm,max,balanced,cached_mxbai,2201,1782241154.6888995,,,
3881,0,svm,max,balanced,cached_mxbai,2202,1782241154.976705,,,
5712,0,svm,max,balanced,cached_mxbai,2203,1782241155.2909026,,,
3208,0,svm,max,balanced,cached_mxbai,2204,1782241155.5928915,,,
5129,0,svm,max,balanced,cached_mxbai,2205,1782241155.8914897,,,
5135,0,svm,max,balanced,cached_mxbai,2206,1782241156.1794658,,,
4768,0,svm,max,balanced,cached_mxbai,2207,1782241156.4665112,,,
6509,0,svm,max,balanced,cached_mxbai,2208,1782241156.7516694,,,
3403,0,svm,max,balanced,cached_mxbai,2209,1782241157.0397937,,,
4925,0,svm,max,balanced,cached_mxbai,2210,1782241157.3285449,,,
6546,0,svm,max,balanced,cached_mxbai,2211,1782241157.614903,,,
9559,0,svm,max,balanced,cached_mxbai,2212,1782241157.8901498,,,
9856,0,svm,max,balanced,cached_mxbai,2213,1782241158.1471984,,,
3856,0,svm,max,balanced,cached_mxbai,2214,1782241158.4040315,,,
5126,0,svm,max,balanced,cached_mxbai,2215,1782241158.6599212,,,
7130,0,svm,max,balanced,cached_mxbai,2216,1782241158.915761,,,
4909,0,svm,max,balanced,cached_mxbai,2217,1782241159.1752517,,,
8761,0,svm,max,balanced,cached_mxbai,2218,1782241159.4307015,,,
1073,0,svm,max,balanced,cached_mxbai,2219,1782241159.7164016,,,
7578,0,svm,max,balanced,cached_mxbai,2220,1782241159.9719503,,,
10119,0,svm,max,balanced,cached_mxbai,2221,1782241160.2302628,,,
919,0,svm,max,balanced,cached_mxbai,2222,1782241160.5214953,,,
9822,0,svm,max,balanced,cached_mxbai,2223,1782241160.8156528,,,
8619,0,svm,max,balanced,cached_mxbai,2224,1782241161.1089163,,,
3637,0,svm,max,balanced,cached_mxbai,2225,1782241161.395758,,,
4880,0,svm,max,balanced,cached_mxbai,2226,1782241161.6836636,,,
7931,0,svm,max,balanced,cached_mxbai,2227,1782241161.97497,,,
4866,0,svm,max,balanced,cached_mxbai,2228,1782241162.264961,,,
7773,0,svm,max,balanced,cached_mxbai,2229,1782241162.555259,,,
10066,0,svm,max,balanced,cached_mxbai,2230,1782241162.8519294,,,
334,0,svm,max,balanced,cached_mxbai,2231,1782241163.1486146,,,
4183,0,svm,max,balanced,cached_mxbai,2232,1782241163.4435408,,,
3703,0,svm,max,balanced,cached_mxbai,2233,1782241163.7372472,,,
4276,0,svm,max,balanced,cached_mxbai,2234,1782241164.0293279,,,
665,0,svm,max,balanced,cached_mxbai,2235,1782241164.3212726,,,
5164,0,svm,max,balanced,cached_mxbai,2236,1782241164.6136663,,,
4332,0,svm,max,balanced,cached_mxbai,2237,1782241164.8781574,,,
9277,0,svm,max,balanced,cached_mxbai,2238,1782241165.180719,,,
242,0,svm,max,balanced,cached_mxbai,2239,1782241165.507159,,,
9473,0,svm,max,balanced,cached_mxbai,2240,1782241165.799996,,,
5466,0,svm,max,balanced,cached_mxbai,2241,1782241166.0905123,,,
4844,0,svm,max,balanced,cached_mxbai,2242,1782241166.3558676,,,
1351,0,svm,max,balanced,cached_mxbai,2243,1782241166.6202903,,,
7041,0,svm,max,balanced,cached_mxbai,2244,1782241166.8843372,,,
3794,0,svm,max,balanced,cached_mxbai,2245,1782241167.1481378,,,
4129,0,svm,max,balanced,cached_mxbai,2246,1782241167.414412,,,
5203,0,svm,max,balanced,cached_mxbai,2247,1782241167.678235,,,
1934,0,svm,max,balanced,cached_mxbai,2248,1782241167.9436631,,,
8816,0,svm,max,balanced,cached_mxbai,2249,1782241168.2182066,,,
10546,0,svm,max,balanced,cached_mxbai,2250,1782241168.4883792,,,
3602,0,svm,max,balanced,cached_mxbai,2251,1782241168.755232,,,
4949,0,svm,max,balanced,cached_mxbai,2252,1782241169.0219395,,,
2319,0,svm,max,balanced,cached_mxbai,2253,1782241169.289456,,,
5121,0,svm,max,balanced,cached_mxbai,2254,1782241169.557752,,,
8073,0,svm,max,balanced,cached_mxbai,2255,1782241169.8238845,,,
4876,0,svm,max,balanced,cached_mxbai,2256,1782241170.0892937,,,
8436,0,svm,max,balanced,cached_mxbai,2257,1782241170.3581357,,,
4610,0,svm,max,balanced,cached_mxbai,2258,1782241170.6285794,,,
244,0,svm,max,balanced,cached_mxbai,2259,1782241170.897847,,,
3456,0,svm,max,balanced,cached_mxbai,2260,1782241171.1714046,,,
5562,0,svm,max,balanced,cached_mxbai,2261,1782241171.4381008,,,
734,0,svm,max,balanced,cached_mxbai,2262,1782241171.7035828,,,
4335,0,svm,max,balanced,cached_mxbai,2263,1782241171.97336,,,
5354,0,svm,max,balanced,cached_mxbai,2264,1782241172.2438538,,,
4022,0,svm,max,balanced,cached_mxbai,2265,1782241172.5123715,,,
4747,0,svm,max,balanced,cached_mxbai,2266,1782241172.7816863,,,
2346,0,svm,max,balanced,cached_mxbai,2267,1782241173.0835595,,,
4462,0,svm,max,balanced,cached_mxbai,2268,1782241173.3518817,,,
7186,0,svm,max,balanced,cached_mxbai,2269,1782241173.6436875,,,
669,0,svm,max,balanced,cached_mxbai,2270,1782241173.9374316,,,
1058,0,svm,max,balanced,cached_mxbai,2271,1782241174.2304053,,,
4200,0,svm,max,balanced,cached_mxbai,2272,1782241174.5242136,,,
3674,0,svm,max,balanced,cached_mxbai,2273,1782241174.816959,,,
5015,0,svm,max,balanced,cached_mxbai,2274,1782241175.1139777,,,
4206,0,svm,max,balanced,cached_mxbai,2275,1782241175.4291787,,,
109,0,svm,max,balanced,cached_mxbai,2276,1782241175.726721,,,
8832,1,svm,max,balanced,cached_mxbai,2277,1782241176.02311,,,
7776,0,svm,max,balanced,cached_mxbai,2278,1782241176.2851272,,,
7258,0,svm,max,balanced,cached_mxbai,2279,1782241176.547958,,,
288,0,svm,max,balanced,cached_mxbai,2280,1782241176.8095803,,,
4212,0,svm,max,balanced,cached_mxbai,2281,1782241177.0731218,,,
9292,0,svm,max,balanced,cached_mxbai,2282,1782241177.3356578,,,
3108,0,svm,max,balanced,cached_mxbai,2283,1782241177.599715,,,
267,0,svm,max,balanced,cached_mxbai,2284,1782241177.8635607,,,
222,0,svm,max,balanced,cached_mxbai,2285,1782241178.1361039,,,
8190,0,svm,max,balanced,cached_mxbai,2286,1782241178.4067607,,,
5097,0,svm,max,balanced,cached_mxbai,2287,1782241178.677203,,,
7101,0,svm,max,balanced,cached_mxbai,2288,1782241178.9490557,,,
747,0,svm,max,balanced,cached_mxbai,2289,1782241179.2192972,,,
10432,0,svm,max,balanced,cached_mxbai,2290,1782241179.4904149,,,
6276,0,svm,max,balanced,cached_mxbai,2291,1782241179.7608562,,,
10281,0,svm,max,balanced,cached_mxbai,2292,1782241180.0306962,,,
4604,0,svm,max,balanced,cached_mxbai,2293,1782241180.298834,,,
3842,0,svm,max,balanced,cached_mxbai,2294,1782241180.5700555,,,
9011,0,svm,max,balanced,cached_mxbai,2295,1782241180.838898,,,
4979,0,svm,max,balanced,cached_mxbai,2296,1782241181.1092632,,,
6170,0,svm,max,balanced,cached_mxbai,2297,1782241181.378599,,,
8265,0,svm,max,balanced,cached_mxbai,2298,1782241181.647434,,,
5033,0,svm,max,balanced,cached_mxbai,2299,1782241181.9173892,,,
7077,0,svm,max,balanced,cached_mxbai,2300,1782241182.1876886,,,
3673,0,svm,max,balanced,cached_mxbai,2301,1782241182.4569902,,,
3430,0,svm,max,balanced,cached_mxbai,2302,1782241182.7264318,,,
6425,0,svm,max,balanced,cached_mxbai,2303,1782241183.0056872,,,
3887,0,svm,max,balanced,cached_mxbai,2304,1782241183.281958,,,
7805,0,svm,max,balanced,cached_mxbai,2305,1782241183.5539773,,,
8654,0,svm,max,balanced,cached_mxbai,2306,1782241183.827217,,,
7048,0,svm,max,balanced,cached_mxbai,2307,1782241184.0992498,,,
4775,0,svm,max,balanced,cached_mxbai,2308,1782241184.3733387,,,
3825,0,svm,max,balanced,cached_mxbai,2309,1782241184.6438313,,,
5463,0,svm,max,balanced,cached_mxbai,2310,1782241184.9181528,,,
4825,0,svm,max,balanced,cached_mxbai,2311,1782241185.192878,,,
3772,0,svm,max,balanced,cached_mxbai,2312,1782241185.485172,,,
3528,0,svm,max,balanced,cached_mxbai,2313,1782241185.7557347,,,
1606,0,svm,max,balanced,cached_mxbai,2314,1782241186.031891,,,
4931,0,svm,max,balanced,cached_mxbai,2315,1782241186.3027864,,,
4282,0,svm,max,balanced,cached_mxbai,2316,1782241186.5776727,,,
4370,0,svm,max,balanced,cached_mxbai,2317,1782241186.851913,,,
3551,0,svm,max,balanced,cached_mxbai,2318,1782241187.12739,,,
5935,0,svm,max,balanced,cached_mxbai,2319,1782241187.4025555,,,
7285,0,svm,max,balanced,cached_mxbai,2320,1782241187.6766648,,,
3364,0,svm,max,balanced,cached_mxbai,2321,1782241187.9516737,,,
6178,0,svm,max,balanced,cached_mxbai,2322,1782241188.2309916,,,
4726,0,svm,max,balanced,cached_mxbai,2323,1782241188.507161,,,
7127,0,svm,max,balanced,cached_mxbai,2324,1782241188.7844217,,,
3734,0,svm,max,balanced,cached_mxbai,2325,1782241189.0623398,,,
3351,0,svm,max,balanced,cached_mxbai,2326,1782241189.3408225,,,
862,0,svm,max,balanced,cached_mxbai,2327,1782241189.6184716,,,
8039,0,svm,max,balanced,cached_mxbai,2328,1782241189.8941858,,,
6759,0,svm,max,balanced,cached_mxbai,2329,1782241190.170902,,,
6531,0,svm,max,balanced,cached_mxbai,2330,1782241190.449737,,,
3642,0,svm,max,balanced,cached_mxbai,2331,1782241190.7260404,,,
2,0,svm,max,balanced,cached_mxbai,2332,1782241191.0083497,,,
448,0,svm,max,balanced,cached_mxbai,2333,1782241191.2849712,,,
4929,0,svm,max,balanced,cached_mxbai,2334,1782241191.5613496,,,
752,0,svm,max,balanced,cached_mxbai,2335,1782241191.836195,,,
7917,0,svm,max,balanced,cached_mxbai,2336,1782241192.1109848,,,
8831,0,svm,max,balanced,cached_mxbai,2337,1782241192.385631,,,
4327,0,svm,max,balanced,cached_mxbai,2338,1782241192.658646,,,
9188,0,svm,max,balanced,cached_mxbai,2339,1782241192.9342942,,,
6706,0,svm,max,balanced,cached_mxbai,2340,1782241193.2069983,,,
1315,0,svm,max,balanced,cached_mxbai,2341,1782241193.483193,,,
9505,0,svm,max,balanced,cached_mxbai,2342,1782241193.758259,,,
2557,0,svm,max,balanced,cached_mxbai,2343,1782241194.0338953,,,
7766,0,svm,max,balanced,cached_mxbai,2344,1782241194.3088138,,,
3730,0,svm,max,balanced,cached_mxbai,2345,1782241194.5832775,,,
3607,0,svm,max,balanced,cached_mxbai,2346,1782241194.8573952,,,
10192,0,svm,max,balanced,cached_mxbai,2347,1782241195.1358163,,,
1604,0,svm,max,balanced,cached_mxbai,2348,1782241195.44556,,,
7369,0,svm,max,balanced,cached_mxbai,2349,1782241195.7233624,,,
5163,0,svm,max,balanced,cached_mxbai,2350,1782241195.9994903,,,
1197,0,svm,max,balanced,cached_mxbai,2351,1782241196.2780213,,,
191,0,svm,max,balanced,cached_mxbai,2352,1782241196.5575066,,,
33,0,svm,max,balanced,cached_mxbai,2353,1782241196.8372843,,,
703,0,svm,max,balanced,cached_mxbai,2354,1782241197.1238315,,,
10360,0,svm,max,balanced,cached_mxbai,2355,1782241197.4036672,,,
8871,0,svm,max,balanced,cached_mxbai,2356,1782241197.6831288,,,
8144,0,svm,max,balanced,cached_mxbai,2357,1782241197.9625418,,,
4774,0,svm,max,balanced,cached_mxbai,2358,1782241198.2403069,,,
723,0,svm,max,balanced,cached_mxbai,2359,1782241198.5196128,,,
7338,0,svm,max,balanced,cached_mxbai,2360,1782241198.797266,,,
3163,0,svm,max,balanced,cached_mxbai,2361,1782241199.0787504,,,
6385,0,svm,max,balanced,cached_mxbai,2362,1782241199.362173,,,
9688,0,svm,max,balanced,cached_mxbai,2363,1782241199.641997,,,
10387,0,svm,max,balanced,cached_mxbai,2364,1782241199.9240117,,,
10491,0,svm,max,balanced,cached_mxbai,2365,1782241200.2023835,,,
8488,0,svm,max,balanced,cached_mxbai,2366,1782241200.4871576,,,
6835,0,svm,max,balanced,cached_mxbai,2367,1782241200.7758691,,,
3272,0,svm,max,balanced,cached_mxbai,2368,1782241201.0575774,,,
7552,0,svm,max,balanced,cached_mxbai,2369,1782241201.3529184,,,
4584,0,svm,max,balanced,cached_mxbai,2370,1782241201.6428618,,,
7349,0,svm,max,balanced,cached_mxbai,2371,1782241201.9297185,,,
7518,0,svm,max,balanced,cached_mxbai,2372,1782241202.2123387,,,
8220,0,svm,max,balanced,cached_mxbai,2373,1782241202.4929006,,,
1429,0,svm,max,balanced,cached_mxbai,2374,1782241202.7748446,,,
9143,0,svm,max,balanced,cached_mxbai,2375,1782241203.0618036,,,
4917,0,svm,max,balanced,cached_mxbai,2376,1782241203.3445232,,,
1069,0,svm,max,balanced,cached_mxbai,2377,1782241203.6270862,,,
6286,0,svm,max,balanced,cached_mxbai,2378,1782241203.9120913,,,
3776,0,svm,max,balanced,cached_mxbai,2379,1782241204.1935709,,,
8642,0,svm,max,balanced,cached_mxbai,2380,1782241204.47533,,,
4696,0,svm,max,balanced,cached_mxbai,2381,1782241204.7559142,,,
3913,0,svm,max,balanced,cached_mxbai,2382,1782241205.0436308,,,
1446,0,svm,max,balanced,cached_mxbai,2383,1782241205.3430479,,,
4094,0,svm,max,balanced,cached_mxbai,2384,1782241205.624492,,,
4007,0,svm,max,balanced,cached_mxbai,2385,1782241205.9098907,,,
3419,0,svm,max,balanced,cached_mxbai,2386,1782241206.1953099,,,
2702,0,svm,max,balanced,cached_mxbai,2387,1782241206.4770596,,,
7230,0,svm,max,balanced,cached_mxbai,2388,1782241206.7609549,,,
5991,0,svm,max,balanced,cached_mxbai,2389,1782241207.0502794,,,
2769,0,svm,max,balanced,cached_mxbai,2390,1782241207.3335898,,,
10433,0,svm,max,balanced,cached_mxbai,2391,1782241207.6180725,,,
9389,0,svm,max,balanced,cached_mxbai,2392,1782241207.9006042,,,
8891,0,svm,max,balanced,cached_mxbai,2393,1782241208.1857228,,,
7107,0,svm,max,balanced,cached_mxbai,2394,1782241208.4692075,,,
4769,0,svm,max,balanced,cached_mxbai,2395,1782241208.7524323,,,
5170,0,svm,max,balanced,cached_mxbai,2396,1782241209.0358846,,,
4,0,svm,max,balanced,cached_mxbai,2397,1782241209.3171275,,,
4238,0,svm,max,balanced,cached_mxbai,2398,1782241209.599904,,,
1715,0,svm,max,balanced,cached_mxbai,2399,1782241209.8853009,,,
4796,0,svm,max,balanced,cached_mxbai,2400,1782241210.1687095,,,
3980,0,svm,max,balanced,cached_mxbai,2401,1782241210.4519808,,,
1178,0,svm,max,balanced,cached_mxbai,2402,1782241210.7354493,,,
5459,0,svm,max,balanced,cached_mxbai,2403,1782241211.019471,,,
7667,0,svm,max,balanced,cached_mxbai,2404,1782241211.3053339,,,
5122,0,svm,max,balanced,cached_mxbai,2405,1782241211.590379,,,
9950,0,svm,max,balanced,cached_mxbai,2406,1782241211.8755174,,,
4402,0,svm,max,balanced,cached_mxbai,2407,1782241212.1628072,,,
5539,0,svm,max,balanced,cached_mxbai,2408,1782241212.450173,,,
3203,0,svm,max,balanced,cached_mxbai,2409,1782241212.7343225,,,
9056,0,svm,max,balanced,cached_mxbai,2410,1782241213.02986,,,
4814,0,svm,max,balanced,cached_mxbai,2411,1782241213.315304,,,
1866,0,svm,max,balanced,cached_mxbai,2412,1782241213.602892,,,
10070,0,svm,max,balanced,cached_mxbai,2413,1782241213.8925717,,,
3,0,svm,max,balanced,cached_mxbai,2414,1782241214.1841364,,,
7560,0,svm,max,balanced,cached_mxbai,2415,1782241214.472475,,,
4651,0,svm,max,balanced,cached_mxbai,2416,1782241214.7592146,,,
10536,0,svm,max,balanced,cached_mxbai,2417,1782241215.0519104,,,
3148,0,svm,max,balanced,cached_mxbai,2418,1782241215.3612106,,,
10190,0,svm,max,balanced,cached_mxbai,2419,1782241215.6496842,,,
9472,0,svm,max,balanced,cached_mxbai,2420,1782241215.9399633,,,
1400,0,svm,max,balanced,cached_mxbai,2421,1782241216.2264733,,,
1635,0,svm,max,balanced,cached_mxbai,2422,1782241216.5137029,,,
9530,0,svm,max,balanced,cached_mxbai,2423,1782241216.8011298,,,
5124,0,svm,max,balanced,cached_mxbai,2424,1782241217.088984,,,
809,0,svm,max,balanced,cached_mxbai,2425,1782241217.374856,,,
1306,0,svm,max,balanced,cached_mxbai,2426,1782241217.6628885,,,
3365,0,svm,max,balanced,cached_mxbai,2427,1782241217.9716268,,,
1641,0,svm,max,balanced,cached_mxbai,2428,1782241218.2777023,,,
464,0,svm,max,balanced,cached_mxbai,2429,1782241218.5896683,,,
4913,0,svm,max,balanced,cached_mxbai,2430,1782241218.900807,,,
9554,0,svm,max,balanced,cached_mxbai,2431,1782241219.1896932,,,
10080,0,svm,max,balanced,cached_mxbai,2432,1782241219.4777286,,,
3733,0,svm,max,balanced,cached_mxbai,2433,1782241219.7646601,,,
4859,0,svm,max,balanced,cached_mxbai,2434,1782241220.0545185,,,
6445,0,svm,max,balanced,cached_mxbai,2435,1782241220.344306,,,
3753,0,svm,max,balanced,cached_mxbai,2436,1782241220.6323378,,,
4028,0,svm,max,balanced,cached_mxbai,2437,1782241220.923085,,,
10130,0,svm,max,balanced,cached_mxbai,2438,1782241221.21151,,,
1500,0,svm,max,balanced,cached_mxbai,2439,1782241221.4999852,,,
5428,0,svm,max,balanced,cached_mxbai,2440,1782241221.7888794,,,
5037,0,svm,max,balanced,cached_mxbai,2441,1782241222.081103,,,
7271,0,svm,max,balanced,cached_mxbai,2442,1782241222.3706722,,,
9046,0,svm,max,balanced,cached_mxbai,2443,1782241222.6615474,,,
4916,0,svm,max,balanced,cached_mxbai,2444,1782241222.959181,,,
3584,0,svm,max,balanced,cached_mxbai,2445,1782241223.2530458,,,
4888,0,svm,max,balanced,cached_mxbai,2446,1782241223.5485597,,,
3698,0,svm,max,balanced,cached_mxbai,2447,1782241223.8396382,,,
10587,0,svm,max,balanced,cached_mxbai,2448,1782241224.1324594,,,
3845,0,svm,max,balanced,cached_mxbai,2449,1782241224.422455,,,
9354,0,svm,max,balanced,cached_mxbai,2450,1782241224.7136471,,,
5758,0,svm,max,balanced,cached_mxbai,2451,1782241225.003423,,,
818,0,svm,max,balanced,cached_mxbai,2452,1782241225.315641,,,
4999,0,svm,max,balanced,cached_mxbai,2453,1782241225.6057067,,,
5152,0,svm,max,balanced,cached_mxbai,2454,1782241225.897892,,,
8732,0,svm,max,balanced,cached_mxbai,2455,1782241226.1879587,,,
7590,0,svm,max,balanced,cached_mxbai,2456,1782241226.4787514,,,
1808,0,svm,max,balanced,cached_mxbai,2457,1782241226.7708654,,,
73,0,svm,max,balanced,cached_mxbai,2458,1782241227.0657625,,,
3232,0,svm,max,balanced,cached_mxbai,2459,1782241227.3661864,,,
2673,0,svm,max,balanced,cached_mxbai,2460,1782241227.6615198,,,
289,0,svm,max,balanced,cached_mxbai,2461,1782241227.9571571,,,
10445,0,svm,max,balanced,cached_mxbai,2462,1782241228.2505977,,,
5787,0,svm,max,balanced,cached_mxbai,2463,1782241228.541252,,,
3585,0,svm,max,balanced,cached_mxbai,2464,1782241228.8362744,,,
5142,0,svm,max,balanced,cached_mxbai,2465,1782241229.1275418,,,
7455,0,svm,max,balanced,cached_mxbai,2466,1782241229.419712,,,
4535,0,svm,max,balanced,cached_mxbai,2467,1782241229.712484,,,
9341,0,svm,max,balanced,cached_mxbai,2468,1782241230.0070403,,,
115,0,svm,max,balanced,cached_mxbai,2469,1782241230.3287685,,,
5041,0,svm,max,balanced,cached_mxbai,2470,1782241230.6585937,,,
8005,0,svm,max,balanced,cached_mxbai,2471,1782241230.946253,,,
5433,0,svm,max,balanced,cached_mxbai,2472,1782241231.2704208,,,
7074,0,svm,max,balanced,cached_mxbai,2473,1782241231.592209,,,
1100,0,svm,max,balanced,cached_mxbai,2474,1782241231.9153883,,,
4518,0,svm,max,balanced,cached_mxbai,2475,1782241232.2381215,,,
9622,0,svm,max,balanced,cached_mxbai,2476,1782241232.5241826,,,
1671,0,svm,max,balanced,cached_mxbai,2477,1782241232.8116767,,,
10125,0,svm,max,balanced,cached_mxbai,2478,1782241233.1447191,,,
3626,0,svm,max,balanced,cached_mxbai,2479,1782241233.4303603,,,
10464,0,svm,max,balanced,cached_mxbai,2480,1782241233.7149556,,,
1539,0,svm,max,balanced,cached_mxbai,2481,1782241234.0008957,,,
8309,0,svm,max,balanced,cached_mxbai,2482,1782241234.2970695,,,
4924,0,svm,max,balanced,cached_mxbai,2483,1782241234.5847023,,,
4314,0,svm,max,balanced,cached_mxbai,2484,1782241234.8741193,,,
4428,0,svm,max,balanced,cached_mxbai,2485,1782241235.167857,,,
2535,0,svm,max,balanced,cached_mxbai,2486,1782241235.4861794,,,
1548,0,svm,max,balanced,cached_mxbai,2487,1782241235.776396,,,
4300,0,svm,max,balanced,cached_mxbai,2488,1782241236.0668108,,,
5249,0,svm,max,balanced,cached_mxbai,2489,1782241236.3552837,,,
5057,0,svm,max,balanced,cached_mxbai,2490,1782241236.680817,,,
2868,0,svm,max,balanced,cached_mxbai,2491,1782241236.968588,,,
9386,0,svm,max,balanced,cached_mxbai,2492,1782241237.293634,,,
561,0,svm,max,balanced,cached_mxbai,2493,1782241237.617439,,,
3581,0,svm,max,balanced,cached_mxbai,2494,1782241237.9055882,,,
4921,0,svm,max,balanced,cached_mxbai,2495,1782241238.2357802,,,
3379,0,svm,max,balanced,cached_mxbai,2496,1782241238.5618649,,,
1670,0,svm,max,balanced,cached_mxbai,2497,1782241238.8804224,,,
9106,0,svm,max,balanced,cached_mxbai,2498,1782241239.1752615,,,
8699,0,svm,max,balanced,cached_mxbai,2499,1782241239.4968538,,,
4545,0,svm,max,balanced,cached_mxbai,2500,1782241239.8218453,,,
6061,0,svm,max,balanced,cached_mxbai,2501,1782241240.142675,,,
7570,0,svm,max,balanced,cached_mxbai,2502,1782241240.4663038,,,
9977,0,svm,max,balanced,cached_mxbai,2503,1782241240.7860422,,,
5595,0,svm,max,balanced,cached_mxbai,2504,1782241241.1095033,,,
2439,0,svm,max,balanced,cached_mxbai,2505,1782241241.4325843,,,
3295,0,svm,max,balanced,cached_mxbai,2506,1782241241.7527764,,,
4983,0,svm,max,balanced,cached_mxbai,2507,1782241242.0756142,,,
1323,0,svm,max,balanced,cached_mxbai,2508,1782241242.4044416,,,
7709,0,svm,max,balanced,cached_mxbai,2509,1782241242.7033796,,,
6473,0,svm,max,balanced,cached_mxbai,2510,1782241243.0389647,,,
10034,0,svm,max,balanced,cached_mxbai,2511,1782241243.3374677,,,
5248,0,svm,max,balanced,cached_mxbai,2512,1782241243.6682744,,,
3651,0,svm,max,balanced,cached_mxbai,2513,1782241244.0008402,,,
10216,0,svm,max,balanced,cached_mxbai,2514,1782241244.3280666,,,
8612,0,svm,max,balanced,cached_mxbai,2515,1782241244.6588647,,,
5062,0,svm,max,balanced,cached_mxbai,2516,1782241244.9879649,,,
3712,0,svm,max,balanced,cached_mxbai,2517,1782241245.3340704,,,
9748,0,svm,max,balanced,cached_mxbai,2518,1782241245.6647635,,,
688,0,svm,max,balanced,cached_mxbai,2519,1782241245.996113,,,
4242,0,svm,max,balanced,cached_mxbai,2520,1782241246.3287086,,,
2417,0,svm,max,balanced,cached_mxbai,2521,1782241246.6593115,,,
5094,0,svm,max,balanced,cached_mxbai,2522,1782241246.9872353,,,
8737,0,svm,max,balanced,cached_mxbai,2523,1782241247.3165357,,,
8424,0,svm,max,balanced,cached_mxbai,2524,1782241247.6423266,,,
4516,0,svm,max,balanced,cached_mxbai,2525,1782241247.9715025,,,
4348,0,svm,max,balanced,cached_mxbai,2526,1782241248.3039358,,,
512,0,svm,max,balanced,cached_mxbai,2527,1782241248.634376,,,
915,0,svm,max,balanced,cached_mxbai,2528,1782241248.9854794,,,
1590,0,svm,max,balanced,cached_mxbai,2529,1782241249.321192,,,
5224,0,svm,max,balanced,cached_mxbai,2530,1782241249.6520853,,,
2799,0,svm,max,balanced,cached_mxbai,2531,1782241249.981694,,,
7341,0,svm,max,balanced,cached_mxbai,2532,1782241250.3104577,,,
1107,0,svm,max,balanced,cached_mxbai,2533,1782241250.6400878,,,
7059,0,svm,max,balanced,cached_mxbai,2534,1782241250.9732492,,,
3122,0,svm,max,balanced,cached_mxbai,2535,1782241251.3046165,,,
9048,0,svm,max,balanced,cached_mxbai,2536,1782241251.634514,,,
8130,0,svm,max,balanced,cached_mxbai,2537,1782241251.9647772,,,
4115,0,svm,max,balanced,cached_mxbai,2538,1782241252.2954736,,,
6555,0,svm,max,balanced,cached_mxbai,2539,1782241252.6261213,,,
5382,0,svm,max,balanced,cached_mxbai,2540,1782241252.9643602,,,
10370,0,svm,max,balanced,cached_mxbai,2541,1782241253.2982528,,,
9283,0,svm,max,balanced,cached_mxbai,2542,1782241253.6317332,,,
3215,0,svm,max,balanced,cached_mxbai,2543,1782241253.96262,,,
7038,0,svm,max,balanced,cached_mxbai,2544,1782241254.295973,,,
4878,0,svm,max,balanced,cached_mxbai,2545,1782241254.6285584,,,
7007,0,svm,max,balanced,cached_mxbai,2546,1782241254.9597569,,,
3663,0,svm,max,balanced,cached_mxbai,2547,1782241255.3098824,,,
28,0,svm,max,balanced,cached_mxbai,2548,1782241255.6439943,,,
4172,0,svm,max,balanced,cached_mxbai,2549,1782241255.9776955,,,
10543,0,svm,max,balanced,cached_mxbai,2550,1782241256.3124282,,,
3246,0,svm,max,balanced,cached_mxbai,2551,1782241256.6449058,,,
4578,0,svm,max,balanced,cached_mxbai,2552,1782241256.978571,,,
10534,0,svm,max,balanced,cached_mxbai,2553,1782241257.3251753,,,
5949,0,svm,max,balanced,cached_mxbai,2554,1782241257.6581707,,,
1281,0,svm,max,balanced,cached_mxbai,2555,1782241257.990152,,,
4609,0,svm,max,balanced,cached_mxbai,2556,1782241258.3266325,,,
10085,0,svm,max,balanced,cached_mxbai,2557,1782241258.6614254,,,
4208,0,svm,max,balanced,cached_mxbai,2558,1782241258.9989393,,,
1937,0,svm,max,balanced,cached_mxbai,2559,1782241259.335142,,,
5794,0,svm,max,balanced,cached_mxbai,2560,1782241259.6692264,,,
905,0,svm,max,balanced,cached_mxbai,2561,1782241260.0024867,,,
5864,0,svm,max,balanced,cached_mxbai,2562,1782241260.335481,,,
9931,0,svm,max,balanced,cached_mxbai,2563,1782241260.6693265,,,
4500,0,svm,max,balanced,cached_mxbai,2564,1782241261.003776,,,
7307,0,svm,max,balanced,cached_mxbai,2565,1782241261.3429244,,,
3883,0,svm,max,balanced,cached_mxbai,2566,1782241261.6771133,,,
7495,0,svm,max,balanced,cached_mxbai,2567,1782241262.0107665,,,
4218,0,svm,max,balanced,cached_mxbai,2568,1782241262.349216,,,
9117,0,svm,max,balanced,cached_mxbai,2569,1782241262.683042,,,
4672,0,svm,max,balanced,cached_mxbai,2570,1782241263.02696,,,
3542,0,svm,max,balanced,cached_mxbai,2571,1782241263.3618677,,,
10096,0,svm,max,balanced,cached_mxbai,2572,1782241263.6944466,,,
5127,0,svm,max,balanced,cached_mxbai,2573,1782241264.0279522,,,
3321,0,svm,max,balanced,cached_mxbai,2574,1782241264.3657072,,,
4630,0,svm,max,balanced,cached_mxbai,2575,1782241264.6999965,,,
3535,0,svm,max,balanced,cached_mxbai,2576,1782241265.038173,,,
1592,0,svm,max,balanced,cached_mxbai,2577,1782241265.393674,,,
4762,0,svm,max,balanced,cached_mxbai,2578,1782241265.731445,,,
8950,0,svm,max,balanced,cached_mxbai,2579,1782241266.0691857,,,
4409,0,svm,max,balanced,cached_mxbai,2580,1782241266.4071386,,,
8949,0,svm,max,balanced,cached_mxbai,2581,1782241266.7358446,,,
4841,0,svm,max,balanced,cached_mxbai,2582,1782241267.0679436,,,
5800,0,svm,max,balanced,cached_mxbai,2583,1782241267.4129052,,,
9602,0,svm,max,balanced,cached_mxbai,2584,1782241267.7582767,,,
1720,0,svm,max,balanced,cached_mxbai,2585,1782241268.0917852,,,
10218,0,svm,max,balanced,cached_mxbai,2586,1782241268.4237716,,,
7099,0,svm,max,balanced,cached_mxbai,2587,1782241268.7549367,,,
3497,0,svm,max,balanced,cached_mxbai,2588,1782241269.0910847,,,
4900,0,svm,max,balanced,cached_mxbai,2589,1782241269.4245882,,,
8193,0,svm,max,balanced,cached_mxbai,2590,1782241269.7553802,,,
4367,0,svm,max,balanced,cached_mxbai,2591,1782241270.0866747,,,
224,0,svm,max,balanced,cached_mxbai,2592,1782241270.4225729,,,
4695,0,svm,max,balanced,cached_mxbai,2593,1782241270.7541304,,,
4945,0,svm,max,balanced,cached_mxbai,2594,1782241271.0856555,,,
5893,0,svm,max,balanced,cached_mxbai,2595,1782241271.429203,,,
5117,0,svm,max,balanced,cached_mxbai,2596,1782241271.7647727,,,
4898,0,svm,max,balanced,cached_mxbai,2597,1782241272.0974643,,,
6443,0,svm,max,balanced,cached_mxbai,2598,1782241272.4308674,,,
4820,0,svm,max,balanced,cached_mxbai,2599,1782241272.763524,,,
54,0,svm,max,balanced,cached_mxbai,2600,1782241273.1019695,,,
3110,0,svm,max,balanced,cached_mxbai,2601,1782241273.4368725,,,
3405,0,svm,max,balanced,cached_mxbai,2602,1782241273.7690096,,,
3503,0,svm,max,balanced,cached_mxbai,2603,1782241274.1106029,,,
8351,0,svm,max,balanced,cached_mxbai,2604,1782241274.4407823,,,
5035,0,svm,max,balanced,cached_mxbai,2605,1782241274.777942,,,
6105,0,svm,max,balanced,cached_mxbai,2606,1782241275.1189325,,,
9335,0,svm,max,balanced,cached_mxbai,2607,1782241275.4826853,,,
4034,0,svm,max,balanced,cached_mxbai,2608,1782241275.8220844,,,
9593,0,svm,max,balanced,cached_mxbai,2609,1782241276.1616206,,,
6896,0,svm,max,balanced,cached_mxbai,2610,1782241276.496012,,,
4105,0,svm,max,balanced,cached_mxbai,2611,1782241276.8299968,,,
10325,0,svm,max,balanced,cached_mxbai,2612,1782241277.1667151,,,
3312,0,svm,max,balanced,cached_mxbai,2613,1782241277.50151,,,
9318,0,svm,max,balanced,cached_mxbai,2614,1782241277.8373199,,,
3833,0,svm,max,balanced,cached_mxbai,2615,1782241278.1770523,,,
3662,0,svm,max,balanced,cached_mxbai,2616,1782241278.5160987,,,
523,0,svm,max,balanced,cached_mxbai,2617,1782241278.8497813,,,
9610,0,svm,max,balanced,cached_mxbai,2618,1782241279.1865537,,,
5026,0,svm,max,balanced,cached_mxbai,2619,1782241279.522955,,,
5291,0,svm,max,balanced,cached_mxbai,2620,1782241279.8568065,,,
6773,0,svm,max,balanced,cached_mxbai,2621,1782241280.1923087,,,
10295,0,svm,max,balanced,cached_mxbai,2622,1782241280.5290277,,,
5545,0,svm,max,balanced,cached_mxbai,2623,1782241280.8634484,,,
4492,0,svm,max,balanced,cached_mxbai,2624,1782241281.2035005,,,
3658,0,svm,max,balanced,cached_mxbai,2625,1782241281.5413103,,,
9712,0,svm,max,balanced,cached_mxbai,2626,1782241281.8835447,,,
6928,0,svm,max,balanced,cached_mxbai,2627,1782241282.2330928,,,
5439,0,svm,max,balanced,cached_mxbai,2628,1782241282.5697134,,,
6489,0,svm,max,balanced,cached_mxbai,2629,1782241282.9083657,,,
2129,0,svm,max,balanced,cached_mxbai,2630,1782241283.2505875,,,
8555,0,svm,max,balanced,cached_mxbai,2631,1782241283.5914898,,,
2421,0,svm,max,balanced,cached_mxbai,2632,1782241283.9316177,,,
3565,0,svm,max,balanced,cached_mxbai,2633,1782241284.2707245,,,
4981,0,svm,max,balanced,cached_mxbai,2634,1782241284.606485,,,
4266,0,svm,max,balanced,cached_mxbai,2635,1782241284.9437675,,,
4288,0,svm,max,balanced,cached_mxbai,2636,1782241285.3204408,,,
4944,0,svm,max,balanced,cached_mxbai,2637,1782241285.6623259,,,
1740,0,svm,max,balanced,cached_mxbai,2638,1782241286.0039082,,,
868,0,svm,max,balanced,cached_mxbai,2639,1782241286.3441708,,,
3599,0,svm,max,balanced,cached_mxbai,2640,1782241286.6836076,,,
4879,0,svm,max,balanced,cached_mxbai,2641,1782241287.0232134,,,
10497,0,svm,max,balanced,cached_mxbai,2642,1782241287.3634644,,,
1930,0,svm,max,balanced,cached_mxbai,2643,1782241287.7028246,,,
1787,0,svm,max,balanced,cached_mxbai,2644,1782241288.0449326,,,
1324,0,svm,max,balanced,cached_mxbai,2645,1782241288.3871913,,,
4872,0,svm,max,balanced,cached_mxbai,2646,1782241288.7258203,,,
1196,0,svm,max,balanced,cached_mxbai,2647,1782241289.068037,,,
388,0,svm,max,balanced,cached_mxbai,2648,1782241289.4115217,,,
7937,0,svm,max,balanced,cached_mxbai,2649,1782241289.7554657,,,
3937,0,svm,max,balanced,cached_mxbai,2650,1782241290.0946503,,,
4803,0,svm,max,balanced,cached_mxbai,2651,1782241290.4359932,,,
3879,0,svm,max,balanced,cached_mxbai,2652,1782241290.7830203,,,
104,0,svm,max,balanced,cached_mxbai,2653,1782241291.1227713,,,
513,0,svm,max,balanced,cached_mxbai,2654,1782241291.4700534,,,
3513,0,svm,max,balanced,cached_mxbai,2655,1782241291.813281,,,
6404,0,svm,max,balanced,cached_mxbai,2656,1782241292.1620743,,,
4143,0,svm,max,balanced,cached_mxbai,2657,1782241292.5115614,,,
3466,0,svm,max,balanced,cached_mxbai,2658,1782241292.8596191,,,
445,0,svm,max,balanced,cached_mxbai,2659,1782241293.2146049,,,
1481,0,svm,max,balanced,cached_mxbai,2660,1782241293.5643492,,,
4062,0,svm,max,balanced,cached_mxbai,2661,1782241293.9106534,,,
4992,0,svm,max,balanced,cached_mxbai,2662,1782241294.2620828,,,
8054,0,svm,max,balanced,cached_mxbai,2663,1782241294.6127913,,,
207,0,svm,max,balanced,cached_mxbai,2664,1782241294.9600453,,,
4724,0,svm,max,balanced,cached_mxbai,2665,1782241295.3270607,,,
8060,0,svm,max,balanced,cached_mxbai,2666,1782241295.6777675,,,
8648,0,svm,max,balanced,cached_mxbai,2667,1782241296.0257483,,,
5978,0,svm,max,balanced,cached_mxbai,2668,1782241296.378921,,,
2951,0,svm,max,balanced,cached_mxbai,2669,1782241296.7288666,,,
3751,0,svm,max,balanced,cached_mxbai,2670,1782241297.0780492,,,
45,0,svm,max,balanced,cached_mxbai,2671,1782241297.429597,,,
5392,0,svm,max,balanced,cached_mxbai,2672,1782241297.7805111,,,
8579,0,svm,max,balanced,cached_mxbai,2673,1782241298.1310225,,,
1148,0,svm,max,balanced,cached_mxbai,2674,1782241298.4808657,,,
6225,0,svm,max,balanced,cached_mxbai,2675,1782241298.8306534,,,
3249,0,svm,max,balanced,cached_mxbai,2676,1782241299.1802468,,,
10002,0,svm,max,balanced,cached_mxbai,2677,1782241299.5316293,,,
4640,0,svm,max,balanced,cached_mxbai,2678,1782241299.8800712,,,
6433,0,svm,max,balanced,cached_mxbai,2679,1782241300.2337542,,,
9003,0,svm,max,balanced,cached_mxbai,2680,1782241300.6003716,,,
3202,0,svm,max,balanced,cached_mxbai,2681,1782241300.9537768,,,
1183,0,svm,max,balanced,cached_mxbai,2682,1782241301.310617,,,
4073,0,svm,max,balanced,cached_mxbai,2683,1782241301.6663136,,,
7424,0,svm,max,balanced,cached_mxbai,2684,1782241302.0183134,,,
6973,0,svm,max,balanced,cached_mxbai,2685,1782241302.3718462,,,
75,0,svm,max,balanced,cached_mxbai,2686,1782241302.7279854,,,
4156,0,svm,max,balanced,cached_mxbai,2687,1782241303.087772,,,
3815,0,svm,max,balanced,cached_mxbai,2688,1782241303.4440515,,,
9823,0,svm,max,balanced,cached_mxbai,2689,1782241303.7963023,,,
6334,0,svm,max,balanced,cached_mxbai,2690,1782241304.1561646,,,
4470,0,svm,max,balanced,cached_mxbai,2691,1782241304.511239,,,
3525,0,svm,max,balanced,cached_mxbai,2692,1782241304.8698938,,,
5920,0,svm,max,balanced,cached_mxbai,2693,1782241305.2336702,,,
4303,0,svm,max,balanced,cached_mxbai,2694,1782241305.6180973,,,
7376,0,svm,max,balanced,cached_mxbai,2695,1782241305.9772625,,,
690,0,svm,max,balanced,cached_mxbai,2696,1782241306.334389,,,
5914,0,svm,max,balanced,cached_mxbai,2697,1782241306.6869328,,,
795,0,svm,max,balanced,cached_mxbai,2698,1782241307.039389,,,
9319,0,svm,max,balanced,cached_mxbai,2699,1782241307.3948767,,,
4018,0,svm,max,balanced,cached_mxbai,2700,1782241307.7462277,,,
1274,0,svm,max,balanced,cached_mxbai,2701,1782241308.0996196,,,
5187,0,svm,max,balanced,cached_mxbai,2702,1782241308.4535458,,,
3968,0,svm,max,balanced,cached_mxbai,2703,1782241308.802569,,,
10233,0,svm,max,balanced,cached_mxbai,2704,1782241309.1872692,,,
4997,0,svm,max,balanced,cached_mxbai,2705,1782241309.565276,,,
8325,0,svm,max,balanced,cached_mxbai,2706,1782241309.9467998,,,
6717,0,svm,max,balanced,cached_mxbai,2707,1782241310.301829,,,
8805,0,svm,max,balanced,cached_mxbai,2708,1782241310.655871,,,
3505,0,svm,max,balanced,cached_mxbai,2709,1782241311.0109115,,,
5144,0,svm,max,balanced,cached_mxbai,2710,1782241311.36646,,,
5241,0,svm,max,balanced,cached_mxbai,2711,1782241311.7197206,,,
3490,0,svm,max,balanced,cached_mxbai,2712,1782241312.0713003,,,
4613,0,svm,max,balanced,cached_mxbai,2713,1782241312.425886,,,
2587,0,svm,max,balanced,cached_mxbai,2714,1782241312.7849221,,,
1085,0,svm,max,balanced,cached_mxbai,2715,1782241313.1443315,,,
4690,0,svm,max,balanced,cached_mxbai,2716,1782241313.5029852,,,
4337,0,svm,max,balanced,cached_mxbai,2717,1782241313.8589582,,,
7529,0,svm,max,balanced,cached_mxbai,2718,1782241314.2167387,,,
1891,0,svm,max,balanced,cached_mxbai,2719,1782241314.5746663,,,
9791,0,svm,max,balanced,cached_mxbai,2720,1782241314.931575,,,
1789,0,svm,max,balanced,cached_mxbai,2721,1782241315.3082483,,,
9795,0,svm,max,balanced,cached_mxbai,2722,1782241315.6644716,,,
7277,0,svm,max,balanced,cached_mxbai,2723,1782241316.0186956,,,
648,0,svm,max,balanced,cached_mxbai,2724,1782241316.3705914,,,
6557,0,svm,max,balanced,cached_mxbai,2725,1782241316.7269025,,,
8248,0,svm,max,balanced,cached_mxbai,2726,1782241317.0847127,,,
1361,0,svm,max,balanced,cached_mxbai,2727,1782241317.44529,,,
299,0,svm,max,balanced,cached_mxbai,2728,1782241317.8023362,,,
200,0,svm,max,balanced,cached_mxbai,2729,1782241318.1600373,,,
5050,0,svm,max,balanced,cached_mxbai,2730,1782241318.5123577,,,
3739,0,svm,max,balanced,cached_mxbai,2731,1782241318.8675344,,,
8476,0,svm,max,balanced,cached_mxbai,2732,1782241319.2231905,,,
1101,0,svm,max,balanced,cached_mxbai,2733,1782241319.5798016,,,
4118,0,svm,max,balanced,cached_mxbai,2734,1782241319.939793,,,
9055,0,svm,max,balanced,cached_mxbai,2735,1782241320.2960043,,,
4346,0,svm,max,balanced,cached_mxbai,2736,1782241320.660462,,,
5420,0,svm,max,balanced,cached_mxbai,2737,1782241321.022434,,,
3349,0,svm,max,balanced,cached_mxbai,2738,1782241321.3813255,,,
3457,0,svm,max,balanced,cached_mxbai,2739,1782241321.741437,,,
5271,0,svm,max,balanced,cached_mxbai,2740,1782241322.1117973,,,
3131,0,svm,max,balanced,cached_mxbai,2741,1782241322.4895146,,,
7970,0,svm,max,balanced,cached_mxbai,2742,1782241322.8779478,,,
8782,0,svm,max,balanced,cached_mxbai,2743,1782241323.2542148,,,
2586,0,svm,max,balanced,cached_mxbai,2744,1782241323.617006,,,
10358,0,svm,max,balanced,cached_mxbai,2745,1782241323.9801447,,,
712,0,svm,max,balanced,cached_mxbai,2746,1782241324.3431454,,,
7870,0,svm,max,balanced,cached_mxbai,2747,1782241324.7089944,,,
9105,0,svm,max,balanced,cached_mxbai,2748,1782241325.0783467,,,
5497,0,svm,max,balanced,cached_mxbai,2749,1782241325.4615636,,,
5054,0,svm,max,balanced,cached_mxbai,2750,1782241325.831506,,,
8040,0,svm,max,balanced,cached_mxbai,2751,1782241326.194536,,,
9314,0,svm,max,balanced,cached_mxbai,2752,1782241326.556401,,,
7191,0,svm,max,balanced,cached_mxbai,2753,1782241326.92241,,,
650,0,svm,max,balanced,cached_mxbai,2754,1782241327.2864912,,,
685,0,svm,max,balanced,cached_mxbai,2755,1782241327.6467037,,,
3610,0,svm,max,balanced,cached_mxbai,2756,1782241328.013301,,,
5613,0,svm,max,balanced,cached_mxbai,2757,1782241328.3742366,,,
3976,0,svm,max,balanced,cached_mxbai,2758,1782241328.7364752,,,
2034,0,svm,max,balanced,cached_mxbai,2759,1782241329.1005187,,,
245,0,svm,max,balanced,cached_mxbai,2760,1782241329.4727838,,,
4560,0,svm,max,balanced,cached_mxbai,2761,1782241329.8514771,,,
4213,0,svm,max,balanced,cached_mxbai,2762,1782241330.2187324,,,
1226,0,svm,max,balanced,cached_mxbai,2763,1782241330.586196,,,
1365,0,svm,max,balanced,cached_mxbai,2764,1782241330.9566963,,,
5196,0,svm,max,balanced,cached_mxbai,2765,1782241331.321805,,,
2256,0,svm,max,balanced,cached_mxbai,2766,1782241331.6884358,,,
9366,0,svm,max,balanced,cached_mxbai,2767,1782241332.050849,,,
428,0,svm,max,balanced,cached_mxbai,2768,1782241332.4072578,,,
4019,0,svm,max,balanced,cached_mxbai,2769,1782241332.768285,,,
9109,0,svm,max,balanced,cached_mxbai,2770,1782241333.1304507,,,
1574,0,svm,max,balanced,cached_mxbai,2771,1782241333.5015767,,,
9649,0,svm,max,balanced,cached_mxbai,2772,1782241333.8625047,,,
4395,0,svm,max,balanced,cached_mxbai,2773,1782241334.2270985,,,
5741,0,svm,max,balanced,cached_mxbai,2774,1782241334.5863698,,,
65,0,svm,max,balanced,cached_mxbai,2775,1782241334.9465895,,,
4146,0,svm,max,balanced,cached_mxbai,2776,1782241335.3297033,,,
758,0,svm,max,balanced,cached_mxbai,2777,1782241335.6932094,,,
4908,0,svm,max,balanced,cached_mxbai,2778,1782241336.0592618,,,
3714,0,svm,max,balanced,cached_mxbai,2779,1782241336.4249053,,,
8012,0,svm,max,balanced,cached_mxbai,2780,1782241336.7849953,,,
10282,0,svm,max,balanced,cached_mxbai,2781,1782241337.1498888,,,
5818,0,svm,max,balanced,cached_mxbai,2782,1782241337.5148482,,,
4989,0,svm,max,balanced,cached_mxbai,2783,1782241337.874905,,,
3686,0,svm,max,balanced,cached_mxbai,2784,1782241338.237039,,,
3648,0,svm,max,balanced,cached_mxbai,2785,1782241338.6002164,,,
9909,0,svm,max,balanced,cached_mxbai,2786,1782241338.9615664,,,
9790,0,svm,max,balanced,cached_mxbai,2787,1782241339.320395,,,
2949,0,svm,max,balanced,cached_mxbai,2788,1782241339.67899,,,
85,0,svm,max,balanced,cached_mxbai,2789,1782241340.055055,,,
1458,0,svm,max,balanced,cached_mxbai,2790,1782241340.4162998,,,
3579,0,svm,max,balanced,cached_mxbai,2791,1782241340.772332,,,
9660,0,svm,max,balanced,cached_mxbai,2792,1782241341.1327505,,,
8546,0,svm,max,balanced,cached_mxbai,2793,1782241341.491316,,,
1310,0,svm,max,balanced,cached_mxbai,2794,1782241341.847005,,,
4485,0,svm,max,balanced,cached_mxbai,2795,1782241342.208159,,,
1609,0,svm,max,balanced,cached_mxbai,2796,1782241342.5662901,,,
1632,0,svm,max,balanced,cached_mxbai,2797,1782241342.927315,,,
7163,0,svm,max,balanced,cached_mxbai,2798,1782241343.2912626,,,
10004,0,svm,max,balanced,cached_mxbai,2799,1782241343.651493,,,
3758,0,svm,max,balanced,cached_mxbai,2800,1782241344.010481,,,
2487,0,svm,max,balanced,cached_mxbai,2801,1782241344.3685725,,,
3814,0,svm,max,balanced,cached_mxbai,2802,1782241344.7249653,,,
5183,0,svm,max,balanced,cached_mxbai,2803,1782241345.0950422,,,
6774,0,svm,max,balanced,cached_mxbai,2804,1782241345.4764721,,,
7287,0,svm,max,balanced,cached_mxbai,2805,1782241345.8392255,,,
3760,0,svm,max,balanced,cached_mxbai,2806,1782241346.200779,,,
7429,0,svm,max,balanced,cached_mxbai,2807,1782241346.5632842,,,
4942,0,svm,max,balanced,cached_mxbai,2808,1782241346.9248948,,,
1376,0,svm,max,balanced,cached_mxbai,2809,1782241347.2877586,,,
4472,0,svm,max,balanced,cached_mxbai,2810,1782241347.6492858,,,
3755,0,svm,max,balanced,cached_mxbai,2811,1782241348.011426,,,
4443,0,svm,max,balanced,cached_mxbai,2812,1782241348.373155,,,
5827,0,svm,max,balanced,cached_mxbai,2813,1782241348.7352345,,,
7991,0,svm,max,balanced,cached_mxbai,2814,1782241349.0990562,,,
9014,0,svm,max,balanced,cached_mxbai,2815,1782241349.4684925,,,
10506,0,svm,max,balanced,cached_mxbai,2816,1782241349.8306026,,,
5585,0,svm,max,balanced,cached_mxbai,2817,1782241350.1930034,,,
835,0,svm,max,balanced,cached_mxbai,2818,1782241350.5614712,,,
3708,0,svm,max,balanced,cached_mxbai,2819,1782241350.9252825,,,
7439,0,svm,max,balanced,cached_mxbai,2820,1782241351.2918596,,,
5408,0,svm,max,balanced,cached_mxbai,2821,1782241351.6580765,,,
120,0,svm,max,balanced,cached_mxbai,2822,1782241352.0323095,,,
5803,0,svm,max,balanced,cached_mxbai,2823,1782241352.4108543,,,
5810,0,svm,max,balanced,cached_mxbai,2824,1782241352.7808433,,,
3795,0,svm,max,balanced,cached_mxbai,2825,1782241353.1586597,,,
5233,0,svm,max,balanced,cached_mxbai,2826,1782241353.5357893,,,
3348,0,svm,max,balanced,cached_mxbai,2827,1782241353.9038186,,,
3964,0,svm,max,balanced,cached_mxbai,2828,1782241354.2779176,,,
2910,0,svm,max,balanced,cached_mxbai,2829,1782241354.6528974,,,
615,0,svm,max,balanced,cached_mxbai,2830,1782241355.0262783,,,
2766,0,svm,max,balanced,cached_mxbai,2831,1782241355.417703,,,
1260,0,svm,max,balanced,cached_mxbai,2832,1782241355.7924514,,,
9391,0,svm,max,balanced,cached_mxbai,2833,1782241356.1668,,,
5427,0,svm,max,balanced,cached_mxbai,2834,1782241356.5377452,,,
389,0,svm,max,balanced,cached_mxbai,2835,1782241356.902129,,,
5180,0,svm,max,balanced,cached_mxbai,2836,1782241357.2684684,,,
10466,0,svm,max,balanced,cached_mxbai,2837,1782241357.6336415,,,
3725,0,svm,max,balanced,cached_mxbai,2838,1782241357.9983711,,,
4583,0,svm,max,balanced,cached_mxbai,2839,1782241358.36227,,,
1404,0,svm,max,balanced,cached_mxbai,2840,1782241358.7278388,,,
8859,0,svm,max,balanced,cached_mxbai,2841,1782241359.097503,,,
550,0,svm,max,balanced,cached_mxbai,2842,1782241359.4644642,,,
1435,0,svm,max,balanced,cached_mxbai,2843,1782241359.8288946,,,
897,0,svm,max,balanced,cached_mxbai,2844,1782241360.1954389,,,
4760,0,svm,max,balanced,cached_mxbai,2845,1782241360.56487,,,
3268,0,svm,max,balanced,cached_mxbai,2846,1782241360.9314864,,,
7617,0,svm,max,balanced,cached_mxbai,2847,1782241361.2979093,,,
4078,0,svm,max,balanced,cached_mxbai,2848,1782241361.6634376,,,
8779,0,svm,max,balanced,cached_mxbai,2849,1782241362.0302784,,,
7437,0,svm,max,balanced,cached_mxbai,2850,1782241362.3979151,,,
4317,0,svm,max,balanced,cached_mxbai,2851,1782241362.7638848,,,
4993,0,svm,max,balanced,cached_mxbai,2852,1782241363.1342263,,,
42,0,svm,max,balanced,cached_mxbai,2853,1782241363.5098512,,,
10061,0,svm,max,balanced,cached_mxbai,2854,1782241363.8852725,,,
9879,0,svm,max,balanced,cached_mxbai,2855,1782241364.2666817,,,
3522,0,svm,max,balanced,cached_mxbai,2856,1782241364.645424,,,
8152,0,svm,max,balanced,cached_mxbai,2857,1782241365.031395,,,
949,0,svm,max,balanced,cached_mxbai,2858,1782241365.4270551,,,
3589,0,svm,max,balanced,cached_mxbai,2859,1782241365.8079212,,,
5811,0,svm,max,balanced,cached_mxbai,2860,1782241366.1874118,,,
6593,0,svm,max,balanced,cached_mxbai,2861,1782241366.5789714,,,
3411,0,svm,max,balanced,cached_mxbai,2862,1782241366.9610412,,,
4713,0,svm,max,balanced,cached_mxbai,2863,1782241367.3420825,,,
3384,0,svm,max,balanced,cached_mxbai,2864,1782241367.7197235,,,
4339,0,svm,max,balanced,cached_mxbai,2865,1782241368.1022613,,,
8180,0,svm,max,balanced,cached_mxbai,2866,1782241368.4846334,,,
6206,0,svm,max,balanced,cached_mxbai,2867,1782241368.8675344,,,
1545,0,svm,max,balanced,cached_mxbai,2868,1782241369.2487056,,,
3822,0,svm,max,balanced,cached_mxbai,2869,1782241369.6285741,,,
1661,0,svm,max,balanced,cached_mxbai,2870,1782241370.0077827,,,
5175,0,svm,max,balanced,cached_mxbai,2871,1782241370.388185,,,
9949,0,svm,max,balanced,cached_mxbai,2872,1782241370.7644334,,,
3784,0,svm,max,balanced,cached_mxbai,2873,1782241371.142685,,,
3828,0,svm,max,balanced,cached_mxbai,2874,1782241371.5206416,,,
1711,0,svm,max,balanced,cached_mxbai,2875,1782241371.8963354,,,
4524,0,svm,max,balanced,cached_mxbai,2876,1782241372.2763698,,,
3970,0,svm,max,balanced,cached_mxbai,2877,1782241372.6553214,,,
1595,0,svm,max,balanced,cached_mxbai,2878,1782241373.039773,,,
9373,0,svm,max,balanced,cached_mxbai,2879,1782241373.4184432,,,
3621,0,svm,max,balanced,cached_mxbai,2880,1782241373.7930741,,,
203,0,svm,max,balanced,cached_mxbai,2881,1782241374.1707423,,,
616,0,svm,max,balanced,cached_mxbai,2882,1782241374.5525312,,,
3465,0,svm,max,balanced,cached_mxbai,2883,1782241374.9309921,,,
3826,0,svm,max,balanced,cached_mxbai,2884,1782241375.3294973,,,
8085,0,svm,max,balanced,cached_mxbai,2885,1782241375.7084622,,,
5432,0,svm,max,balanced,cached_mxbai,2886,1782241376.096013,,,
9858,0,svm,max,balanced,cached_mxbai,2887,1782241376.480711,,,
4824,0,svm,max,balanced,cached_mxbai,2888,1782241376.8679478,,,
1503,0,svm,max,balanced,cached_mxbai,2889,1782241377.2616174,,,
8025,0,svm,max,balanced,cached_mxbai,2890,1782241377.6467886,,,
785,0,svm,max,balanced,cached_mxbai,2891,1782241378.0194485,,,
5579,0,svm,max,balanced,cached_mxbai,2892,1782241378.3932188,,,
3481,0,svm,max,balanced,cached_mxbai,2893,1782241378.7682517,,,
2072,0,svm,max,balanced,cached_mxbai,2894,1782241379.1512804,,,
6944,0,svm,max,balanced,cached_mxbai,2895,1782241379.5348868,,,
4158,0,svm,max,balanced,cached_mxbai,2896,1782241379.909327,,,
8762,0,svm,max,balanced,cached_mxbai,2897,1782241380.2830935,,,
3900,0,svm,max,balanced,cached_mxbai,2898,1782241380.6629002,,,
4431,0,svm,max,balanced,cached_mxbai,2899,1782241381.0401824,,,
5892,0,svm,max,balanced,cached_mxbai,2900,1782241381.4259262,,,
5748,0,svm,max,balanced,cached_mxbai,2901,1782241381.8027577,,,
7015,0,svm,max,balanced,cached_mxbai,2902,1782241382.189484,,,
4758,0,svm,max,balanced,cached_mxbai,2903,1782241382.5736578,,,
6979,0,svm,max,balanced,cached_mxbai,2904,1782241382.95071,,,
4194,0,svm,max,balanced,cached_mxbai,2905,1782241383.3304167,,,
3992,0,svm,max,balanced,cached_mxbai,2906,1782241383.7091866,,,
4349,0,svm,max,balanced,cached_mxbai,2907,1782241384.0893068,,,
5619,0,svm,max,balanced,cached_mxbai,2908,1782241384.4652202,,,
4641,0,svm,max,balanced,cached_mxbai,2909,1782241384.8437157,,,
5277,0,svm,max,balanced,cached_mxbai,2910,1782241385.227143,,,
6426,0,svm,max,balanced,cached_mxbai,2911,1782241385.626916,,,
10364,0,svm,max,balanced,cached_mxbai,2912,1782241386.0042193,,,
3537,0,svm,max,balanced,cached_mxbai,2913,1782241386.379678,,,
10183,0,svm,max,balanced,cached_mxbai,2914,1782241386.7519019,,,
4216,0,svm,max,balanced,cached_mxbai,2915,1782241387.130086,,,
7533,0,svm,max,balanced,cached_mxbai,2916,1782241387.51203,,,
3228,0,svm,max,balanced,cached_mxbai,2917,1782241387.8880389,,,
4780,0,svm,max,balanced,cached_mxbai,2918,1782241388.266623,,,
6939,0,svm,max,balanced,cached_mxbai,2919,1782241388.6467078,,,
3086,0,svm,max,balanced,cached_mxbai,2920,1782241389.0269315,,,
3358,0,svm,max,balanced,cached_mxbai,2921,1782241389.4035292,,,
3046,0,svm,max,balanced,cached_mxbai,2922,1782241389.7799892,,,
3839,0,svm,max,balanced,cached_mxbai,2923,1782241390.1640632,,,
6356,0,svm,max,balanced,cached_mxbai,2924,1782241390.5421555,,,
4133,0,svm,max,balanced,cached_mxbai,2925,1782241390.919935,,,
1515,0,svm,max,balanced,cached_mxbai,2926,1782241391.3079448,,,
8477,0,svm,max,balanced,cached_mxbai,2927,1782241391.6950412,,,
4842,0,svm,max,balanced,cached_mxbai,2928,1782241392.082395,,,
1627,0,svm,max,balanced,cached_mxbai,2929,1782241392.4620671,,,
5640,0,svm,max,balanced,cached_mxbai,2930,1782241392.8515353,,,
2507,0,svm,max,balanced,cached_mxbai,2931,1782241393.2462747,,,
4182,0,svm,max,balanced,cached_mxbai,2932,1782241393.6411555,,,
5194,0,svm,max,balanced,cached_mxbai,2933,1782241394.0210857,,,
3927,0,svm,max,balanced,cached_mxbai,2934,1782241394.4046292,,,
9890,0,svm,max,balanced,cached_mxbai,2935,1782241394.7848163,,,
6586,0,svm,max,balanced,cached_mxbai,2936,1782241395.171774,,,
4250,0,svm,max,balanced,cached_mxbai,2937,1782241395.5864866,,,
3875,0,svm,max,balanced,cached_mxbai,2938,1782241395.9686031,,,
4509,0,svm,max,balanced,cached_mxbai,2939,1782241396.3565788,,,
10485,0,svm,max,balanced,cached_mxbai,2940,1782241396.7388518,,,
3442,0,svm,max,balanced,cached_mxbai,2941,1782241397.119066,,,
423,1,svm,max,balanced,cached_mxbai,2942,1782241397.4992075,,,
