record_id,label,classifier,querier,balancer,feature_extractor,training_set,time,note,tags,user_id
6632,1,,,,,,1782235682.9452717,,,
9976,0,,,,,,1782235682.9452717,,,
6631,0,svm,max,balanced,cached_mxbai,2,1782235682.9912612,,,
6633,0,svm,max,balanced,cached_mxbai,3,1782235683.039129,,,
6630,0,svm,max,balanced,cached_mxbai,4,1782235683.0871203,,,
4538,0,svm,max,balanced,cached_mxbai,5,1782235683.1351202,,,
7305,0,svm,max,balanced,cached_mxbai,6,1782235683.1825845,,,
8730,0,svm,max,balanced,cached_mxbai,7,1782235683.230492,,,
4397,0,svm,max,balanced,cached_mxbai,8,1782235683.2778707,,,
8412,1,svm,max,balanced,cached_mxbai,9,1782235683.3255022,,,
7373,1,svm,max,balanced,cached_mxbai,10,1782235683.3724494,,,
6174,0,svm,max,balanced,cached_mxbai,11,1782235683.4192095,,,
4971,0,svm,max,balanced,cached_mxbai,12,1782235683.4675224,,,
8163,1,svm,max,balanced,cached_mxbai,13,1782235683.51526,,,
8718,0,svm,max,balanced,cached_mxbai,14,1782235683.5640206,,,
8719,1,svm,max,balanced,cached_mxbai,15,1782235683.6134794,,,
4083,0,svm,max,balanced,cached_mxbai,16,1782235683.6615486,,,
9740,0,svm,max,balanced,cached_mxbai,17,1782235683.710514,,,
3077,0,svm,max,balanced,cached_mxbai,18,1782235683.7581563,,,
8295,0,svm,max,balanced,cached_mxbai,19,1782235683.8064291,,,
6637,1,svm,max,balanced,cached_mxbai,20,1782235683.854282,,,
8537,1,svm,max,balanced,cached_mxbai,21,1782235683.902094,,,
8535,1,svm,max,balanced,cached_mxbai,22,1782235683.9498267,,,
5298,1,svm,max,balanced,cached_mxbai,23,1782235683.997099,,,
4457,0,svm,max,balanced,cached_mxbai,24,1782235684.0453777,,,
5302,1,svm,max,balanced,cached_mxbai,25,1782235684.0939415,,,
831,1,svm,max,balanced,cached_mxbai,26,1782235684.1413767,,,
839,0,svm,max,balanced,cached_mxbai,27,1782235684.188844,,,
9959,1,svm,max,balanced,cached_mxbai,28,1782235684.2369187,,,
6212,0,svm,max,balanced,cached_mxbai,29,1782235684.2850916,,,
1674,0,svm,max,balanced,cached_mxbai,30,1782235684.3337994,,,
8378,0,svm,max,balanced,cached_mxbai,31,1782235684.3819883,,,
5297,0,svm,max,balanced,cached_mxbai,32,1782235684.4301648,,,
5353,1,svm,max,balanced,cached_mxbai,33,1782235684.4786103,,,
3931,1,svm,max,balanced,cached_mxbai,34,1782235684.5262797,,,
4293,0,svm,max,balanced,cached_mxbai,35,1782235684.57554,,,
5739,1,svm,max,balanced,cached_mxbai,36,1782235684.6250079,,,
5301,1,svm,max,balanced,cached_mxbai,37,1782235684.673849,,,
982,0,svm,max,balanced,cached_mxbai,38,1782235684.722313,,,
6053,1,svm,max,balanced,cached_mxbai,39,1782235684.7707238,,,
9498,1,svm,max,balanced,cached_mxbai,40,1782235684.8205063,,,
6673,1,svm,max,balanced,cached_mxbai,41,1782235684.8709316,,,
8649,1,svm,max,balanced,cached_mxbai,42,1782235684.9206123,,,
7863,1,svm,max,balanced,cached_mxbai,43,1782235684.969956,,,
9658,0,svm,max,balanced,cached_mxbai,44,1782235685.0250204,,,
5081,0,svm,max,balanced,cached_mxbai,45,1782235685.0791876,,,
8094,1,svm,max,balanced,cached_mxbai,46,1782235685.1281545,,,
7864,0,svm,max,balanced,cached_mxbai,47,1782235685.1772141,,,
4558,0,svm,max,balanced,cached_mxbai,48,1782235685.2392595,,,
4283,0,svm,max,balanced,cached_mxbai,49,1782235685.3004892,,,
9685,1,svm,max,balanced,cached_mxbai,50,1782235685.3593075,,,
8411,1,svm,max,balanced,cached_mxbai,51,1782235685.4085774,,,
1141,1,svm,max,balanced,cached_mxbai,52,1782235685.4581912,,,
5481,0,svm,max,balanced,cached_mxbai,53,1782235685.5094852,,,
7928,0,svm,max,balanced,cached_mxbai,54,1782235685.5649316,,,
10456,0,svm,max,balanced,cached_mxbai,55,1782235685.6200778,,,
10176,1,svm,max,balanced,cached_mxbai,56,1782235685.6697552,,,
6484,1,svm,max,balanced,cached_mxbai,57,1782235685.7191472,,,
9772,1,svm,max,balanced,cached_mxbai,58,1782235685.767595,,,
6097,1,svm,max,balanced,cached_mxbai,59,1782235685.8188126,,,
7339,1,svm,max,balanced,cached_mxbai,60,1782235685.8691103,,,
3702,1,svm,max,balanced,cached_mxbai,61,1782235685.9224193,,,
1960,0,svm,max,balanced,cached_mxbai,62,1782235685.9746606,,,
10423,1,svm,max,balanced,cached_mxbai,63,1782235686.0248916,,,
5950,1,svm,max,balanced,cached_mxbai,64,1782235686.0747197,,,
6283,1,svm,max,balanced,cached_mxbai,65,1782235686.1247137,,,
1230,0,svm,max,balanced,cached_mxbai,66,1782235686.1748886,,,
6481,0,svm,max,balanced,cached_mxbai,67,1782235686.2254133,,,
9026,0,svm,max,balanced,cached_mxbai,68,1782235686.2760024,,,
5647,1,svm,max,balanced,cached_mxbai,69,1782235686.3265626,,,
882,0,svm,max,balanced,cached_mxbai,70,1782235686.3769007,,,
5913,1,svm,max,balanced,cached_mxbai,71,1782235686.4279342,,,
4393,1,svm,max,balanced,cached_mxbai,72,1782235686.4788,,,
7547,1,svm,max,balanced,cached_mxbai,73,1782235686.5293777,,,
5970,0,svm,max,balanced,cached_mxbai,74,1782235686.5812607,,,
1621,1,svm,max,balanced,cached_mxbai,75,1782235686.633433,,,
6419,1,svm,max,balanced,cached_mxbai,76,1782235686.6847198,,,
7479,0,svm,max,balanced,cached_mxbai,77,1782235686.7353837,,,
7548,1,svm,max,balanced,cached_mxbai,78,1782235686.7869103,,,
9589,0,svm,max,balanced,cached_mxbai,79,1782235686.8394787,,,
9720,0,svm,max,balanced,cached_mxbai,80,1782235686.8921363,,,
10454,0,svm,max,balanced,cached_mxbai,81,1782235686.9443076,,,
9344,1,svm,max,balanced,cached_mxbai,82,1782235686.9959426,,,
8434,1,svm,max,balanced,cached_mxbai,83,1782235687.047048,,,
3820,1,svm,max,balanced,cached_mxbai,84,1782235687.0987432,,,
7904,1,svm,max,balanced,cached_mxbai,85,1782235687.1500475,,,
3247,0,svm,max,balanced,cached_mxbai,86,1782235687.2012773,,,
1833,1,svm,max,balanced,cached_mxbai,87,1782235687.2525835,,,
9787,1,svm,max,balanced,cached_mxbai,88,1782235687.3038323,,,
5656,1,svm,max,balanced,cached_mxbai,89,1782235687.3547692,,,
10220,1,svm,max,balanced,cached_mxbai,90,1782235687.4064617,,,
5976,0,svm,max,balanced,cached_mxbai,91,1782235687.4578664,,,
9527,1,svm,max,balanced,cached_mxbai,92,1782235687.5098732,,,
1159,1,svm,max,balanced,cached_mxbai,93,1782235687.5625618,,,
9891,0,svm,max,balanced,cached_mxbai,94,1782235687.6152894,,,
7598,0,svm,max,balanced,cached_mxbai,95,1782235687.667712,,,
7352,1,svm,max,balanced,cached_mxbai,96,1782235687.7196825,,,
7368,0,svm,max,balanced,cached_mxbai,97,1782235687.7711358,,,
1428,0,svm,max,balanced,cached_mxbai,98,1782235687.8240795,,,
7914,1,svm,max,balanced,cached_mxbai,99,1782235687.8767908,,,
2751,0,svm,max,balanced,cached_mxbai,100,1782235687.929168,,,
1245,0,svm,max,balanced,cached_mxbai,101,1782235687.9820452,,,
8594,1,svm,max,balanced,cached_mxbai,102,1782235688.035786,,,
5646,1,svm,max,balanced,cached_mxbai,103,1782235688.0899827,,,
5369,1,svm,max,balanced,cached_mxbai,104,1782235688.142776,,,
10523,1,svm,max,balanced,cached_mxbai,105,1782235688.1958683,,,
6376,0,svm,max,balanced,cached_mxbai,106,1782235688.251573,,,
6884,0,svm,max,balanced,cached_mxbai,107,1782235688.305669,,,
5115,0,svm,max,balanced,cached_mxbai,108,1782235688.3581855,,,
9004,1,svm,max,balanced,cached_mxbai,109,1782235688.4120238,,,
6767,0,svm,max,balanced,cached_mxbai,110,1782235688.4642823,,,
6050,0,svm,max,balanced,cached_mxbai,111,1782235688.5174,,,
6904,1,svm,max,balanced,cached_mxbai,112,1782235688.5707538,,,
8552,0,svm,max,balanced,cached_mxbai,113,1782235688.6262825,,,
7026,0,svm,max,balanced,cached_mxbai,114,1782235688.6819007,,,
6902,1,svm,max,balanced,cached_mxbai,115,1782235688.7350771,,,
1802,1,svm,max,balanced,cached_mxbai,116,1782235688.7881403,,,
9380,0,svm,max,balanced,cached_mxbai,117,1782235688.8421612,,,
6197,0,svm,max,balanced,cached_mxbai,118,1782235688.8972967,,,
10029,0,svm,max,balanced,cached_mxbai,119,1782235688.9514894,,,
5749,1,svm,max,balanced,cached_mxbai,120,1782235689.0060105,,,
8087,1,svm,max,balanced,cached_mxbai,121,1782235689.0615025,,,
3451,1,svm,max,balanced,cached_mxbai,122,1782235689.118036,,,
10447,1,svm,max,balanced,cached_mxbai,123,1782235689.1723838,,,
3590,0,svm,max,balanced,cached_mxbai,124,1782235689.2263,,,
5670,0,svm,max,balanced,cached_mxbai,125,1782235689.2798452,,,
10015,1,svm,max,balanced,cached_mxbai,126,1782235689.33285,,,
10512,1,svm,max,balanced,cached_mxbai,127,1782235689.3864784,,,
5750,0,svm,max,balanced,cached_mxbai,128,1782235689.4405885,,,
1676,0,svm,max,balanced,cached_mxbai,129,1782235689.4946349,,,
8775,0,svm,max,balanced,cached_mxbai,130,1782235689.5481894,,,
7340,0,svm,max,balanced,cached_mxbai,131,1782235689.6028562,,,
7412,0,svm,max,balanced,cached_mxbai,132,1782235689.6607652,,,
3019,1,svm,max,balanced,cached_mxbai,133,1782235689.715161,,,
8314,1,svm,max,balanced,cached_mxbai,134,1782235689.7693317,,,
4456,0,svm,max,balanced,cached_mxbai,135,1782235689.8235435,,,
5972,0,svm,max,balanced,cached_mxbai,136,1782235689.8792562,,,
6628,0,svm,max,balanced,cached_mxbai,137,1782235689.9346247,,,
649,0,svm,max,balanced,cached_mxbai,138,1782235689.9901636,,,
8843,0,svm,max,balanced,cached_mxbai,139,1782235690.045134,,,
7153,1,svm,max,balanced,cached_mxbai,140,1782235690.0998013,,,
7655,1,svm,max,balanced,cached_mxbai,141,1782235690.1549475,,,
9686,1,svm,max,balanced,cached_mxbai,142,1782235690.20995,,,
521,0,svm,max,balanced,cached_mxbai,143,1782235690.2651684,,,
2011,0,svm,max,balanced,cached_mxbai,144,1782235690.3198192,,,
6627,0,svm,max,balanced,cached_mxbai,145,1782235690.373945,,,
7333,1,svm,max,balanced,cached_mxbai,146,1782235690.4280565,,,
7413,1,svm,max,balanced,cached_mxbai,147,1782235690.482152,,,
1028,0,svm,max,balanced,cached_mxbai,148,1782235690.537256,,,
1747,1,svm,max,balanced,cached_mxbai,149,1782235690.5929387,,,
1748,0,svm,max,balanced,cached_mxbai,150,1782235690.6475132,,,
8401,0,svm,max,balanced,cached_mxbai,151,1782235690.7065094,,,
9360,0,svm,max,balanced,cached_mxbai,152,1782235690.761185,,,
10035,0,svm,max,balanced,cached_mxbai,153,1782235690.817006,,,
4547,0,svm,max,balanced,cached_mxbai,154,1782235690.8721013,,,
3489,0,svm,max,balanced,cached_mxbai,155,1782235690.9276803,,,
8620,0,svm,max,balanced,cached_mxbai,156,1782235690.9824317,,,
9107,0,svm,max,balanced,cached_mxbai,157,1782235691.0370398,,,
2800,0,svm,max,balanced,cached_mxbai,158,1782235691.0928762,,,
9325,1,svm,max,balanced,cached_mxbai,159,1782235691.1477683,,,
7179,0,svm,max,balanced,cached_mxbai,160,1782235691.2020884,,,
8503,1,svm,max,balanced,cached_mxbai,161,1782235691.257035,,,
7877,1,svm,max,balanced,cached_mxbai,162,1782235691.311614,,,
10147,1,svm,max,balanced,cached_mxbai,163,1782235691.3664522,,,
1728,1,svm,max,balanced,cached_mxbai,164,1782235691.4212167,,,
9077,0,svm,max,balanced,cached_mxbai,165,1782235691.4772167,,,
8807,0,svm,max,balanced,cached_mxbai,166,1782235691.532493,,,
8306,1,svm,max,balanced,cached_mxbai,167,1782235691.588106,,,
4549,0,svm,max,balanced,cached_mxbai,168,1782235691.6442637,,,
5082,0,svm,max,balanced,cached_mxbai,169,1782235691.7036645,,,
7878,0,svm,max,balanced,cached_mxbai,170,1782235691.758635,,,
10324,0,svm,max,balanced,cached_mxbai,171,1782235691.8144162,,,
8656,0,svm,max,balanced,cached_mxbai,172,1782235691.869494,,,
9142,0,svm,max,balanced,cached_mxbai,173,1782235691.9259968,,,
1488,0,svm,max,balanced,cached_mxbai,174,1782235691.9821217,,,
5715,0,svm,max,balanced,cached_mxbai,175,1782235692.0385602,,,
9835,0,svm,max,balanced,cached_mxbai,176,1782235692.0959244,,,
8247,1,svm,max,balanced,cached_mxbai,177,1782235692.1522768,,,
4534,0,svm,max,balanced,cached_mxbai,178,1782235692.2098675,,,
9750,1,svm,max,balanced,cached_mxbai,179,1782235692.2663126,,,
4508,0,svm,max,balanced,cached_mxbai,180,1782235692.322651,,,
9525,0,svm,max,balanced,cached_mxbai,181,1782235692.3792925,,,
4455,0,svm,max,balanced,cached_mxbai,182,1782235692.4359858,,,
681,0,svm,max,balanced,cached_mxbai,183,1782235692.4928808,,,
10053,0,svm,max,balanced,cached_mxbai,184,1782235692.548755,,,
5888,1,svm,max,balanced,cached_mxbai,185,1782235692.6072252,,,
1726,1,svm,max,balanced,cached_mxbai,186,1782235692.6633394,,,
10051,0,svm,max,balanced,cached_mxbai,187,1782235692.7253358,,,
10062,0,svm,max,balanced,cached_mxbai,188,1782235692.7828755,,,
4345,0,svm,max,balanced,cached_mxbai,189,1782235692.8400192,,,
4591,0,svm,max,balanced,cached_mxbai,190,1782235692.8967097,,,
6617,0,svm,max,balanced,cached_mxbai,191,1782235692.955691,,,
5333,0,svm,max,balanced,cached_mxbai,192,1782235693.0122142,,,
1272,0,svm,max,balanced,cached_mxbai,193,1782235693.0690868,,,
3135,0,svm,max,balanced,cached_mxbai,194,1782235693.124449,,,
6479,0,svm,max,balanced,cached_mxbai,195,1782235693.1807718,,,
8442,0,svm,max,balanced,cached_mxbai,196,1782235693.237962,,,
4950,0,svm,max,balanced,cached_mxbai,197,1782235693.295534,,,
4452,0,svm,max,balanced,cached_mxbai,198,1782235693.3525705,,,
3190,0,svm,max,balanced,cached_mxbai,199,1782235693.4100578,,,
7561,0,svm,max,balanced,cached_mxbai,200,1782235693.466509,,,
3692,0,svm,max,balanced,cached_mxbai,201,1782235693.524417,,,
7724,1,svm,max,balanced,cached_mxbai,202,1782235693.5818825,,,
4504,0,svm,max,balanced,cached_mxbai,203,1782235693.6405792,,,
6783,0,svm,max,balanced,cached_mxbai,204,1782235693.7032995,,,
3509,0,svm,max,balanced,cached_mxbai,205,1782235693.761394,,,
8460,0,svm,max,balanced,cached_mxbai,206,1782235693.81861,,,
1002,1,svm,max,balanced,cached_mxbai,207,1782235693.876462,,,
5714,1,svm,max,balanced,cached_mxbai,208,1782235693.9343536,,,
6111,0,svm,max,balanced,cached_mxbai,209,1782235693.9925027,,,
7754,0,svm,max,balanced,cached_mxbai,210,1782235694.0502484,,,
4423,0,svm,max,balanced,cached_mxbai,211,1782235694.1089506,,,
3021,0,svm,max,balanced,cached_mxbai,212,1782235694.1668181,,,
5565,0,svm,max,balanced,cached_mxbai,213,1782235694.2248464,,,
4751,0,svm,max,balanced,cached_mxbai,214,1782235694.2824087,,,
989,0,svm,max,balanced,cached_mxbai,215,1782235694.3399432,,,
7851,0,svm,max,balanced,cached_mxbai,216,1782235694.398284,,,
1786,0,svm,max,balanced,cached_mxbai,217,1782235694.4561546,,,
1110,0,svm,max,balanced,cached_mxbai,218,1782235694.5139816,,,
1645,1,svm,max,balanced,cached_mxbai,219,1782235694.5714316,,,
5986,1,svm,max,balanced,cached_mxbai,220,1782235694.6306307,,,
4460,0,svm,max,balanced,cached_mxbai,221,1782235694.6881006,,,
5059,0,svm,max,balanced,cached_mxbai,222,1782235694.7498248,,,
4718,0,svm,max,balanced,cached_mxbai,223,1782235694.8079698,,,
4448,0,svm,max,balanced,cached_mxbai,224,1782235694.8663943,,,
6268,0,svm,max,balanced,cached_mxbai,225,1782235694.924462,,,
9944,0,svm,max,balanced,cached_mxbai,226,1782235694.983169,,,
5724,1,svm,max,balanced,cached_mxbai,227,1782235695.0464509,,,
4786,0,svm,max,balanced,cached_mxbai,228,1782235695.105146,,,
8926,0,svm,max,balanced,cached_mxbai,229,1782235695.1635928,,,
8047,1,svm,max,balanced,cached_mxbai,230,1782235695.2260883,,,
6227,0,svm,max,balanced,cached_mxbai,231,1782235695.3239775,,,
2294,0,svm,max,balanced,cached_mxbai,232,1782235695.3872766,,,
4464,1,svm,max,balanced,cached_mxbai,233,1782235695.445481,,,
5299,0,svm,max,balanced,cached_mxbai,234,1782235695.505159,,,
8815,1,svm,max,balanced,cached_mxbai,235,1782235695.5656252,,,
6098,0,svm,max,balanced,cached_mxbai,236,1782235695.6325629,,,
6520,0,svm,max,balanced,cached_mxbai,237,1782235695.6980224,,,
1005,0,svm,max,balanced,cached_mxbai,238,1782235695.7620807,,,
4326,0,svm,max,balanced,cached_mxbai,239,1782235695.825082,,,
7278,0,svm,max,balanced,cached_mxbai,240,1782235695.8851519,,,
1311,0,svm,max,balanced,cached_mxbai,241,1782235695.9463012,,,
4752,0,svm,max,balanced,cached_mxbai,242,1782235696.006607,,,
6158,0,svm,max,balanced,cached_mxbai,243,1782235696.0654738,,,
1675,1,svm,max,balanced,cached_mxbai,244,1782235696.1235795,,,
9170,1,svm,max,balanced,cached_mxbai,245,1782235696.1817284,,,
8505,0,svm,max,balanced,cached_mxbai,246,1782235696.2405274,,,
9346,1,svm,max,balanced,cached_mxbai,247,1782235696.3006485,,,
8801,0,svm,max,balanced,cached_mxbai,248,1782235696.3589966,,,
5296,0,svm,max,balanced,cached_mxbai,249,1782235696.4177337,,,
5071,0,svm,max,balanced,cached_mxbai,250,1782235696.476683,,,
5985,0,svm,max,balanced,cached_mxbai,251,1782235696.5377455,,,
6716,0,svm,max,balanced,cached_mxbai,252,1782235696.5976834,,,
6257,0,svm,max,balanced,cached_mxbai,253,1782235696.657602,,,
10028,1,svm,max,balanced,cached_mxbai,254,1782235696.7172632,,,
9027,0,svm,max,balanced,cached_mxbai,255,1782235696.776012,,,
8787,0,svm,max,balanced,cached_mxbai,256,1782235696.8358135,,,
5948,0,svm,max,balanced,cached_mxbai,257,1782235696.894875,,,
4425,0,svm,max,balanced,cached_mxbai,258,1782235696.9552426,,,
6508,0,svm,max,balanced,cached_mxbai,259,1782235697.0151734,,,
5322,0,svm,max,balanced,cached_mxbai,260,1782235697.0760345,,,
9758,0,svm,max,balanced,cached_mxbai,261,1782235697.136748,,,
1554,0,svm,max,balanced,cached_mxbai,262,1782235697.196925,,,
10563,1,svm,max,balanced,cached_mxbai,263,1782235697.257021,,,
4592,0,svm,max,balanced,cached_mxbai,264,1782235697.3179107,,,
5865,0,svm,max,balanced,cached_mxbai,265,1782235697.3778536,,,
1649,0,svm,max,balanced,cached_mxbai,266,1782235697.4385118,,,
4867,0,svm,max,balanced,cached_mxbai,267,1782235697.499469,,,
9462,0,svm,max,balanced,cached_mxbai,268,1782235697.5606785,,,
4450,0,svm,max,balanced,cached_mxbai,269,1782235697.6224256,,,
7942,0,svm,max,balanced,cached_mxbai,270,1782235697.6834693,,,
5141,0,svm,max,balanced,cached_mxbai,271,1782235697.744488,,,
8532,0,svm,max,balanced,cached_mxbai,272,1782235697.8052182,,,
6624,0,svm,max,balanced,cached_mxbai,273,1782235697.8658366,,,
5560,0,svm,max,balanced,cached_mxbai,274,1782235697.9270673,,,
4210,0,svm,max,balanced,cached_mxbai,275,1782235697.9890616,,,
5782,0,svm,max,balanced,cached_mxbai,276,1782235698.0511334,,,
4338,0,svm,max,balanced,cached_mxbai,277,1782235698.111111,,,
6665,0,svm,max,balanced,cached_mxbai,278,1782235698.1721168,,,
9892,0,svm,max,balanced,cached_mxbai,279,1782235698.2332458,,,
543,0,svm,max,balanced,cached_mxbai,280,1782235698.294658,,,
3464,0,svm,max,balanced,cached_mxbai,281,1782235698.355426,,,
4468,0,svm,max,balanced,cached_mxbai,282,1782235698.4174564,,,
4666,0,svm,max,balanced,cached_mxbai,283,1782235698.4785552,,,
10037,0,svm,max,balanced,cached_mxbai,284,1782235698.5412915,,,
1729,0,svm,max,balanced,cached_mxbai,285,1782235698.6038935,,,
6448,0,svm,max,balanced,cached_mxbai,286,1782235698.6667225,,,
10101,0,svm,max,balanced,cached_mxbai,287,1782235698.7294152,,,
7176,0,svm,max,balanced,cached_mxbai,288,1782235698.7914119,,,
7172,0,svm,max,balanced,cached_mxbai,289,1782235698.8528044,,,
6480,0,svm,max,balanced,cached_mxbai,290,1782235698.9150095,,,
845,0,svm,max,balanced,cached_mxbai,291,1782235698.977997,,,
4529,0,svm,max,balanced,cached_mxbai,292,1782235699.040617,,,
3372,0,svm,max,balanced,cached_mxbai,293,1782235699.1028647,,,
2958,0,svm,max,balanced,cached_mxbai,294,1782235699.1649578,,,
5624,0,svm,max,balanced,cached_mxbai,295,1782235699.2266195,,,
657,0,svm,max,balanced,cached_mxbai,296,1782235699.2883925,,,
7711,0,svm,max,balanced,cached_mxbai,297,1782235699.349828,,,
5606,0,svm,max,balanced,cached_mxbai,298,1782235699.4127107,,,
8561,0,svm,max,balanced,cached_mxbai,299,1782235699.4741557,,,
4986,0,svm,max,balanced,cached_mxbai,300,1782235699.5377488,,,
4029,0,svm,max,balanced,cached_mxbai,301,1782235699.6003623,,,
6018,0,svm,max,balanced,cached_mxbai,302,1782235699.663427,,,
9774,0,svm,max,balanced,cached_mxbai,303,1782235699.7252955,,,
8691,0,svm,max,balanced,cached_mxbai,304,1782235699.7886915,,,
4413,0,svm,max,balanced,cached_mxbai,305,1782235699.8506892,,,
1552,0,svm,max,balanced,cached_mxbai,306,1782235699.9139388,,,
1081,0,svm,max,balanced,cached_mxbai,307,1782235699.9775255,,,
7905,0,svm,max,balanced,cached_mxbai,308,1782235700.0427947,,,
1271,0,svm,max,balanced,cached_mxbai,309,1782235700.106501,,,
9168,0,svm,max,balanced,cached_mxbai,310,1782235700.170316,,,
4548,0,svm,max,balanced,cached_mxbai,311,1782235700.2353163,,,
8971,0,svm,max,balanced,cached_mxbai,312,1782235700.2988782,,,
7200,0,svm,max,balanced,cached_mxbai,313,1782235700.3627908,,,
9989,1,svm,max,balanced,cached_mxbai,314,1782235700.4260979,,,
3908,0,svm,max,balanced,cached_mxbai,315,1782235700.4881544,,,
5085,0,svm,max,balanced,cached_mxbai,316,1782235700.551667,,,
9468,0,svm,max,balanced,cached_mxbai,317,1782235700.616078,,,
4466,0,svm,max,balanced,cached_mxbai,318,1782235700.6796918,,,
7012,0,svm,max,balanced,cached_mxbai,319,1782235700.7439635,,,
4461,0,svm,max,balanced,cached_mxbai,320,1782235700.8073869,,,
5492,0,svm,max,balanced,cached_mxbai,321,1782235700.870899,,,
4965,0,svm,max,balanced,cached_mxbai,322,1782235700.935055,,,
10590,0,svm,max,balanced,cached_mxbai,323,1782235701.0002747,,,
6874,0,svm,max,balanced,cached_mxbai,324,1782235701.065124,,,
5368,1,svm,max,balanced,cached_mxbai,325,1782235701.1291988,,,
1819,0,svm,max,balanced,cached_mxbai,326,1782235701.1934226,,,
8366,0,svm,max,balanced,cached_mxbai,327,1782235701.2576344,,,
1232,0,svm,max,balanced,cached_mxbai,328,1782235701.3218343,,,
5306,0,svm,max,balanced,cached_mxbai,329,1782235701.3858404,,,
8117,0,svm,max,balanced,cached_mxbai,330,1782235701.450323,,,
9025,0,svm,max,balanced,cached_mxbai,331,1782235701.5158002,,,
589,0,svm,max,balanced,cached_mxbai,332,1782235701.5817788,,,
10502,0,svm,max,balanced,cached_mxbai,333,1782235701.6481473,,,
7686,0,svm,max,balanced,cached_mxbai,334,1782235701.7142951,,,
4887,0,svm,max,balanced,cached_mxbai,335,1782235701.7790859,,,
1038,0,svm,max,balanced,cached_mxbai,336,1782235701.8442175,,,
6921,0,svm,max,balanced,cached_mxbai,337,1782235701.9087687,,,
1083,0,svm,max,balanced,cached_mxbai,338,1782235701.9743085,,,
8806,1,svm,max,balanced,cached_mxbai,339,1782235702.0410151,,,
5792,0,svm,max,balanced,cached_mxbai,340,1782235702.1086576,,,
4436,0,svm,max,balanced,cached_mxbai,341,1782235702.1748486,,,
4055,0,svm,max,balanced,cached_mxbai,342,1782235702.2405946,,,
183,0,svm,max,balanced,cached_mxbai,343,1782235702.3060796,,,
3768,0,svm,max,balanced,cached_mxbai,344,1782235702.3712106,,,
5561,0,svm,max,balanced,cached_mxbai,345,1782235702.436872,,,
3102,0,svm,max,balanced,cached_mxbai,346,1782235702.50206,,,
5293,0,svm,max,balanced,cached_mxbai,347,1782235702.5691245,,,
4465,0,svm,max,balanced,cached_mxbai,348,1782235702.636908,,,
3176,0,svm,max,balanced,cached_mxbai,349,1782235702.7021828,,,
6496,0,svm,max,balanced,cached_mxbai,350,1782235702.7685657,,,
8651,0,svm,max,balanced,cached_mxbai,351,1782235702.8357599,,,
1491,0,svm,max,balanced,cached_mxbai,352,1782235702.902879,,,
8643,0,svm,max,balanced,cached_mxbai,353,1782235702.9705763,,,
5941,0,svm,max,balanced,cached_mxbai,354,1782235703.0367265,,,
4467,0,svm,max,balanced,cached_mxbai,355,1782235703.1046932,,,
5209,0,svm,max,balanced,cached_mxbai,356,1782235703.1719134,,,
7299,0,svm,max,balanced,cached_mxbai,357,1782235703.2393692,,,
8334,0,svm,max,balanced,cached_mxbai,358,1782235703.3102136,,,
4743,0,svm,max,balanced,cached_mxbai,359,1782235703.3822315,,,
4077,0,svm,max,balanced,cached_mxbai,360,1782235703.4504166,,,
7215,0,svm,max,balanced,cached_mxbai,361,1782235703.518322,,,
8596,0,svm,max,balanced,cached_mxbai,362,1782235703.5878313,,,
2489,0,svm,max,balanced,cached_mxbai,363,1782235703.6555085,,,
220,0,svm,max,balanced,cached_mxbai,364,1782235703.7222862,,,
7790,0,svm,max,balanced,cached_mxbai,365,1782235703.7909117,,,
8145,0,svm,max,balanced,cached_mxbai,366,1782235703.858457,,,
4643,0,svm,max,balanced,cached_mxbai,367,1782235703.9258673,,,
3961,0,svm,max,balanced,cached_mxbai,368,1782235703.9937234,,,
4036,0,svm,max,balanced,cached_mxbai,369,1782235704.0638208,,,
4973,0,svm,max,balanced,cached_mxbai,370,1782235704.1337125,,,
1810,0,svm,max,balanced,cached_mxbai,371,1782235704.2031248,,,
6926,0,svm,max,balanced,cached_mxbai,372,1782235704.272442,,,
5586,0,svm,max,balanced,cached_mxbai,373,1782235704.3419054,,,
8465,0,svm,max,balanced,cached_mxbai,374,1782235704.4115264,,,
9430,0,svm,max,balanced,cached_mxbai,375,1782235704.479524,,,
9684,0,svm,max,balanced,cached_mxbai,376,1782235704.5490496,,,
1424,0,svm,max,balanced,cached_mxbai,377,1782235704.6200907,,,
4308,0,svm,max,balanced,cached_mxbai,378,1782235704.6919641,,,
662,0,svm,max,balanced,cached_mxbai,379,1782235704.7602956,,,
6377,0,svm,max,balanced,cached_mxbai,380,1782235704.8299465,,,
4406,0,svm,max,balanced,cached_mxbai,381,1782235704.8995547,,,
5305,0,svm,max,balanced,cached_mxbai,382,1782235704.968621,,,
5967,1,svm,max,balanced,cached_mxbai,383,1782235705.0649462,,,
9805,0,svm,max,balanced,cached_mxbai,384,1782235705.1390023,,,
6781,1,svm,max,balanced,cached_mxbai,385,1782235705.2092934,,,
6782,0,svm,max,balanced,cached_mxbai,386,1782235705.298569,,,
5257,0,svm,max,balanced,cached_mxbai,387,1782235705.3777637,,,
7678,0,svm,max,balanced,cached_mxbai,388,1782235705.4463055,,,
9770,1,svm,max,balanced,cached_mxbai,389,1782235705.5166662,,,
8188,0,svm,max,balanced,cached_mxbai,390,1782235705.5891047,,,
7147,0,svm,max,balanced,cached_mxbai,391,1782235705.6611712,,,
8375,0,svm,max,balanced,cached_mxbai,392,1782235705.731728,,,
1145,0,svm,max,balanced,cached_mxbai,393,1782235705.8006785,,,
1906,0,svm,max,balanced,cached_mxbai,394,1782235705.870136,,,
1001,0,svm,max,balanced,cached_mxbai,395,1782235705.9396017,,,
3343,0,svm,max,balanced,cached_mxbai,396,1782235706.00778,,,
1047,1,svm,max,balanced,cached_mxbai,397,1782235706.0781913,,,
7184,0,svm,max,balanced,cached_mxbai,398,1782235706.148386,,,
725,0,svm,max,balanced,cached_mxbai,399,1782235706.2184963,,,
1817,0,svm,max,balanced,cached_mxbai,400,1782235706.2873764,,,
4748,0,svm,max,balanced,cached_mxbai,401,1782235706.3568158,,,
1489,0,svm,max,balanced,cached_mxbai,402,1782235706.4270716,,,
3145,1,svm,max,balanced,cached_mxbai,403,1782235706.4959388,,,
3718,0,svm,max,balanced,cached_mxbai,404,1782235706.5710878,,,
6779,1,svm,max,balanced,cached_mxbai,405,1782235706.6444416,,,
3891,0,svm,max,balanced,cached_mxbai,406,1782235706.713792,,,
6519,0,svm,max,balanced,cached_mxbai,407,1782235706.7879052,,,
3389,0,svm,max,balanced,cached_mxbai,408,1782235706.8574643,,,
99,0,svm,max,balanced,cached_mxbai,409,1782235706.9280627,,,
3027,0,svm,max,balanced,cached_mxbai,410,1782235706.9987679,,,
7017,0,svm,max,balanced,cached_mxbai,411,1782235707.0708005,,,
9204,0,svm,max,balanced,cached_mxbai,412,1782235707.141634,,,
2681,0,svm,max,balanced,cached_mxbai,413,1782235707.212944,,,
9124,0,svm,max,balanced,cached_mxbai,414,1782235707.2824826,,,
10016,1,svm,max,balanced,cached_mxbai,415,1782235707.3526783,,,
4885,0,svm,max,balanced,cached_mxbai,416,1782235707.4238126,,,
3568,0,svm,max,balanced,cached_mxbai,417,1782235707.4942863,,,
6258,1,svm,max,balanced,cached_mxbai,418,1782235707.5654767,,,
1228,0,svm,max,balanced,cached_mxbai,419,1782235707.6358354,,,
10146,0,svm,max,balanced,cached_mxbai,420,1782235707.7080026,,,
6464,0,svm,max,balanced,cached_mxbai,421,1782235707.7796488,,,
8485,0,svm,max,balanced,cached_mxbai,422,1782235707.849804,,,
3963,0,svm,max,balanced,cached_mxbai,423,1782235707.9209979,,,
1004,0,svm,max,balanced,cached_mxbai,424,1782235707.991843,,,
8887,0,svm,max,balanced,cached_mxbai,425,1782235708.064154,,,
7435,0,svm,max,balanced,cached_mxbai,426,1782235708.1346595,,,
4353,0,svm,max,balanced,cached_mxbai,427,1782235708.20681,,,
3804,0,svm,max,balanced,cached_mxbai,428,1782235708.2773845,,,
4628,0,svm,max,balanced,cached_mxbai,429,1782235708.3491504,,,
5176,0,svm,max,balanced,cached_mxbai,430,1782235708.4197764,,,
3576,0,svm,max,balanced,cached_mxbai,431,1782235708.4907608,,,
958,0,svm,max,balanced,cached_mxbai,432,1782235708.5635655,,,
5769,0,svm,max,balanced,cached_mxbai,433,1782235708.6356595,,,
4661,0,svm,max,balanced,cached_mxbai,434,1782235708.7058766,,,
9255,0,svm,max,balanced,cached_mxbai,435,1782235708.7778068,,,
6881,1,svm,max,balanced,cached_mxbai,436,1782235708.850352,,,
6640,0,svm,max,balanced,cached_mxbai,437,1782235708.9231136,,,
2705,0,svm,max,balanced,cached_mxbai,438,1782235708.9948888,,,
4064,0,svm,max,balanced,cached_mxbai,439,1782235709.0675573,,,
3433,0,svm,max,balanced,cached_mxbai,440,1782235709.1390362,,,
3243,0,svm,max,balanced,cached_mxbai,441,1782235709.212095,,,
5563,0,svm,max,balanced,cached_mxbai,442,1782235709.283863,,,
4531,0,svm,max,balanced,cached_mxbai,443,1782235709.3559053,,,
3679,0,svm,max,balanced,cached_mxbai,444,1782235709.427888,,,
4738,0,svm,max,balanced,cached_mxbai,445,1782235709.4991217,,,
5975,0,svm,max,balanced,cached_mxbai,446,1782235709.5718033,,,
7288,0,svm,max,balanced,cached_mxbai,447,1782235709.6453984,,,
1061,0,svm,max,balanced,cached_mxbai,448,1782235709.7189736,,,
558,0,svm,max,balanced,cached_mxbai,449,1782235709.7925355,,,
10215,0,svm,max,balanced,cached_mxbai,450,1782235709.8655455,,,
4881,0,svm,max,balanced,cached_mxbai,451,1782235709.9386492,,,
4451,0,svm,max,balanced,cached_mxbai,452,1782235710.0122187,,,
1708,0,svm,max,balanced,cached_mxbai,453,1782235710.0863721,,,
7140,0,svm,max,balanced,cached_mxbai,454,1782235710.1599417,,,
8422,1,svm,max,balanced,cached_mxbai,455,1782235710.2336166,,,
7896,0,svm,max,balanced,cached_mxbai,456,1782235710.30773,,,
8395,0,svm,max,balanced,cached_mxbai,457,1782235710.3804119,,,
1191,0,svm,max,balanced,cached_mxbai,458,1782235710.4549036,,,
6738,0,svm,max,balanced,cached_mxbai,459,1782235710.5293822,,,
7392,0,svm,max,balanced,cached_mxbai,460,1782235710.6034665,,,
1599,0,svm,max,balanced,cached_mxbai,461,1782235710.6776097,,,
4688,0,svm,max,balanced,cached_mxbai,462,1782235710.7507555,,,
5521,0,svm,max,balanced,cached_mxbai,463,1782235710.8238955,,,
4506,0,svm,max,balanced,cached_mxbai,464,1782235710.8968923,,,
3065,0,svm,max,balanced,cached_mxbai,465,1782235710.9698985,,,
6891,0,svm,max,balanced,cached_mxbai,466,1782235711.044437,,,
5210,0,svm,max,balanced,cached_mxbai,467,1782235711.1195357,,,
9600,0,svm,max,balanced,cached_mxbai,468,1782235711.1923935,,,
4778,0,svm,max,balanced,cached_mxbai,469,1782235711.26719,,,
4805,0,svm,max,balanced,cached_mxbai,470,1782235711.3415415,,,
6490,0,svm,max,balanced,cached_mxbai,471,1782235711.4159925,,,
10052,0,svm,max,balanced,cached_mxbai,472,1782235711.489457,,,
3144,0,svm,max,balanced,cached_mxbai,473,1782235711.564588,,,
6916,0,svm,max,balanced,cached_mxbai,474,1782235711.6391325,,,
5633,0,svm,max,balanced,cached_mxbai,475,1782235711.7138572,,,
4396,0,svm,max,balanced,cached_mxbai,476,1782235711.7888973,,,
8991,0,svm,max,balanced,cached_mxbai,477,1782235711.863307,,,
3459,0,svm,max,balanced,cached_mxbai,478,1782235711.9377534,,,
9702,0,svm,max,balanced,cached_mxbai,479,1782235712.0127938,,,
9907,0,svm,max,balanced,cached_mxbai,480,1782235712.0873995,,,
2076,0,svm,max,balanced,cached_mxbai,481,1782235712.1629019,,,
4487,0,svm,max,balanced,cached_mxbai,482,1782235712.2384453,,,
3919,0,svm,max,balanced,cached_mxbai,483,1782235712.313733,,,
4390,0,svm,max,balanced,cached_mxbai,484,1782235712.388892,,,
7943,0,svm,max,balanced,cached_mxbai,485,1782235712.4641252,,,
4829,0,svm,max,balanced,cached_mxbai,486,1782235712.5400763,,,
6100,0,svm,max,balanced,cached_mxbai,487,1782235712.6181853,,,
7421,0,svm,max,balanced,cached_mxbai,488,1782235712.6960254,,,
10591,0,svm,max,balanced,cached_mxbai,489,1782235712.7728524,,,
4557,0,svm,max,balanced,cached_mxbai,490,1782235712.851031,,,
3775,0,svm,max,balanced,cached_mxbai,491,1782235712.928299,,,
7104,0,svm,max,balanced,cached_mxbai,492,1782235713.003289,,,
5102,0,svm,max,balanced,cached_mxbai,493,1782235713.0794883,,,
4947,0,svm,max,balanced,cached_mxbai,494,1782235713.155918,,,
4449,0,svm,max,balanced,cached_mxbai,495,1782235713.2325308,,,
10209,0,svm,max,balanced,cached_mxbai,496,1782235713.308396,,,
8015,0,svm,max,balanced,cached_mxbai,497,1782235713.3844442,,,
4746,0,svm,max,balanced,cached_mxbai,498,1782235713.4598987,,,
4720,0,svm,max,balanced,cached_mxbai,499,1782235713.535545,,,
1520,0,svm,max,balanced,cached_mxbai,500,1782235713.613547,,,
832,0,svm,max,balanced,cached_mxbai,501,1782235713.692528,,,
6133,0,svm,max,balanced,cached_mxbai,502,1782235713.769171,,,
7534,0,svm,max,balanced,cached_mxbai,503,1782235713.8476799,,,
838,0,svm,max,balanced,cached_mxbai,504,1782235713.925598,,,
559,0,svm,max,balanced,cached_mxbai,505,1782235714.002155,,,
5780,0,svm,max,balanced,cached_mxbai,506,1782235714.0785675,,,
9743,0,svm,max,balanced,cached_mxbai,507,1782235714.1557138,,,
4785,0,svm,max,balanced,cached_mxbai,508,1782235714.2333813,,,
5092,0,svm,max,balanced,cached_mxbai,509,1782235714.309839,,,
9552,0,svm,max,balanced,cached_mxbai,510,1782235714.3871195,,,
4779,0,svm,max,balanced,cached_mxbai,511,1782235714.4631305,,,
5556,0,svm,max,balanced,cached_mxbai,512,1782235714.5392764,,,
8714,0,svm,max,balanced,cached_mxbai,513,1782235714.6163363,,,
4072,0,svm,max,balanced,cached_mxbai,514,1782235714.6950393,,,
4626,0,svm,max,balanced,cached_mxbai,515,1782235714.7732103,,,
3806,0,svm,max,balanced,cached_mxbai,516,1782235714.8501115,,,
3672,0,svm,max,balanced,cached_mxbai,517,1782235714.928334,,,
9830,0,svm,max,balanced,cached_mxbai,518,1782235715.0072231,,,
3726,0,svm,max,balanced,cached_mxbai,519,1782235715.087946,,,
7080,1,svm,max,balanced,cached_mxbai,520,1782235715.166008,,,
10227,0,svm,max,balanced,cached_mxbai,521,1782235715.259228,,,
675,0,svm,max,balanced,cached_mxbai,522,1782235715.3576972,,,
4154,0,svm,max,balanced,cached_mxbai,523,1782235715.435575,,,
3150,0,svm,max,balanced,cached_mxbai,524,1782235715.5130985,,,
3974,0,svm,max,balanced,cached_mxbai,525,1782235715.5937796,,,
4597,0,svm,max,balanced,cached_mxbai,526,1782235715.6802216,,,
8595,0,svm,max,balanced,cached_mxbai,527,1782235715.7608411,,,
4116,0,svm,max,balanced,cached_mxbai,528,1782235715.8394947,,,
1403,0,svm,max,balanced,cached_mxbai,529,1782235715.919072,,,
4616,0,svm,max,balanced,cached_mxbai,530,1782235716.0009472,,,
9461,1,svm,max,balanced,cached_mxbai,531,1782235716.0853505,,,
114,0,svm,max,balanced,cached_mxbai,532,1782235716.1635656,,,
3787,0,svm,max,balanced,cached_mxbai,533,1782235716.242693,,,
8605,0,svm,max,balanced,cached_mxbai,534,1782235716.3213754,,,
74,0,svm,max,balanced,cached_mxbai,535,1782235716.39893,,,
5857,0,svm,max,balanced,cached_mxbai,536,1782235716.4778798,,,
5193,0,svm,max,balanced,cached_mxbai,537,1782235716.5589867,,,
6518,0,svm,max,balanced,cached_mxbai,538,1782235716.638849,,,
8377,0,svm,max,balanced,cached_mxbai,539,1782235716.721474,,,
3415,0,svm,max,balanced,cached_mxbai,540,1782235716.8014326,,,
2625,0,svm,max,balanced,cached_mxbai,541,1782235716.8803706,,,
5414,0,svm,max,balanced,cached_mxbai,542,1782235716.959913,,,
9517,0,svm,max,balanced,cached_mxbai,543,1782235717.0403085,,,
1391,0,svm,max,balanced,cached_mxbai,544,1782235717.121079,,,
4567,0,svm,max,balanced,cached_mxbai,545,1782235717.201544,,,
143,0,svm,max,balanced,cached_mxbai,546,1782235717.279837,,,
6618,0,svm,max,balanced,cached_mxbai,547,1782235717.3596077,,,
4494,0,svm,max,balanced,cached_mxbai,548,1782235717.438762,,,
8556,0,svm,max,balanced,cached_mxbai,549,1782235717.5200512,,,
3630,0,svm,max,balanced,cached_mxbai,550,1782235717.5986774,,,
3926,0,svm,max,balanced,cached_mxbai,551,1782235717.6790812,,,
4520,0,svm,max,balanced,cached_mxbai,552,1782235717.7590466,,,
10273,0,svm,max,balanced,cached_mxbai,553,1782235717.8378036,,,
3668,0,svm,max,balanced,cached_mxbai,554,1782235717.9184246,,,
9022,0,svm,max,balanced,cached_mxbai,555,1782235717.9991875,,,
3101,0,svm,max,balanced,cached_mxbai,556,1782235718.080088,,,
7453,1,svm,max,balanced,cached_mxbai,557,1782235718.1615217,,,
3929,0,svm,max,balanced,cached_mxbai,558,1782235718.2407863,,,
3296,0,svm,max,balanced,cached_mxbai,559,1782235718.3228874,,,
3032,0,svm,max,balanced,cached_mxbai,560,1782235718.403232,,,
5172,0,svm,max,balanced,cached_mxbai,561,1782235718.484833,,,
10532,0,svm,max,balanced,cached_mxbai,562,1782235718.566494,,,
5179,0,svm,max,balanced,cached_mxbai,563,1782235718.64777,,,
1033,0,svm,max,balanced,cached_mxbai,564,1782235718.7292407,,,
4721,0,svm,max,balanced,cached_mxbai,565,1782235718.8102047,,,
6255,0,svm,max,balanced,cached_mxbai,566,1782235718.8921287,,,
667,0,svm,max,balanced,cached_mxbai,567,1782235718.9729283,,,
3435,0,svm,max,balanced,cached_mxbai,568,1782235719.0545146,,,
4511,0,svm,max,balanced,cached_mxbai,569,1782235719.1359997,,,
5767,0,svm,max,balanced,cached_mxbai,570,1782235719.2183833,,,
10452,0,svm,max,balanced,cached_mxbai,571,1782235719.29999,,,
6732,0,svm,max,balanced,cached_mxbai,572,1782235719.3818743,,,
4669,0,svm,max,balanced,cached_mxbai,573,1782235719.4636319,,,
6428,0,svm,max,balanced,cached_mxbai,574,1782235719.5465746,,,
1682,0,svm,max,balanced,cached_mxbai,575,1782235719.6295285,,,
9476,0,svm,max,balanced,cached_mxbai,576,1782235719.712114,,,
5056,0,svm,max,balanced,cached_mxbai,577,1782235719.7945662,,,
6420,0,svm,max,balanced,cached_mxbai,578,1782235719.8784301,,,
4787,0,svm,max,balanced,cached_mxbai,579,1782235719.9598897,,,
5049,0,svm,max,balanced,cached_mxbai,580,1782235720.0416036,,,
10424,0,svm,max,balanced,cached_mxbai,581,1782235720.1243796,,,
8077,0,svm,max,balanced,cached_mxbai,582,1782235720.2081852,,,
3224,0,svm,max,balanced,cached_mxbai,583,1782235720.2919686,,,
4770,0,svm,max,balanced,cached_mxbai,584,1782235720.3781154,,,
3623,0,svm,max,balanced,cached_mxbai,585,1782235720.4638882,,,
1389,0,svm,max,balanced,cached_mxbai,586,1782235720.548203,,,
4471,0,svm,max,balanced,cached_mxbai,587,1782235720.6321807,,,
1867,0,svm,max,balanced,cached_mxbai,588,1782235720.7153354,,,
1820,0,svm,max,balanced,cached_mxbai,589,1782235720.7982347,,,
6074,0,svm,max,balanced,cached_mxbai,590,1782235720.8804846,,,
10026,0,svm,max,balanced,cached_mxbai,591,1782235720.962283,,,
6725,0,svm,max,balanced,cached_mxbai,592,1782235721.0447018,,,
4723,0,svm,max,balanced,cached_mxbai,593,1782235721.1295936,,,
3618,0,svm,max,balanced,cached_mxbai,594,1782235721.2132142,,,
2901,0,svm,max,balanced,cached_mxbai,595,1782235721.2951875,,,
8326,0,svm,max,balanced,cached_mxbai,596,1782235721.3817146,,,
10522,0,svm,max,balanced,cached_mxbai,597,1782235721.4648376,,,
4505,0,svm,max,balanced,cached_mxbai,598,1782235721.5478823,,,
4707,0,svm,max,balanced,cached_mxbai,599,1782235721.6316204,,,
8168,0,svm,max,balanced,cached_mxbai,600,1782235721.7158966,,,
4976,0,svm,max,balanced,cached_mxbai,601,1782235721.7999125,,,
699,0,svm,max,balanced,cached_mxbai,602,1782235721.8849328,,,
5083,0,svm,max,balanced,cached_mxbai,603,1782235721.9685,,,
4698,0,svm,max,balanced,cached_mxbai,604,1782235722.0520144,,,
745,0,svm,max,balanced,cached_mxbai,605,1782235722.1353774,,,
7666,0,svm,max,balanced,cached_mxbai,606,1782235722.2221558,,,
430,0,svm,max,balanced,cached_mxbai,607,1782235722.3080728,,,
4499,0,svm,max,balanced,cached_mxbai,608,1782235722.3913875,,,
3627,0,svm,max,balanced,cached_mxbai,609,1782235722.4757206,,,
532,0,svm,max,balanced,cached_mxbai,610,1782235722.5599027,,,
6130,0,svm,max,balanced,cached_mxbai,611,1782235722.6437445,,,
7549,0,svm,max,balanced,cached_mxbai,612,1782235722.7299798,,,
9960,0,svm,max,balanced,cached_mxbai,613,1782235722.8142598,,,
4100,0,svm,max,balanced,cached_mxbai,614,1782235722.8999703,,,
5019,0,svm,max,balanced,cached_mxbai,615,1782235722.9890575,,,
8471,0,svm,max,balanced,cached_mxbai,616,1782235723.0761893,,,
7148,0,svm,max,balanced,cached_mxbai,617,1782235723.163577,,,
5168,0,svm,max,balanced,cached_mxbai,618,1782235723.251928,,,
5321,0,svm,max,balanced,cached_mxbai,619,1782235723.3396149,,,
3416,0,svm,max,balanced,cached_mxbai,620,1782235723.42609,,,
7784,0,svm,max,balanced,cached_mxbai,621,1782235723.5132194,,,
9908,0,svm,max,balanced,cached_mxbai,622,1782235723.6011171,,,
4686,0,svm,max,balanced,cached_mxbai,623,1782235723.6885242,,,
7460,0,svm,max,balanced,cached_mxbai,624,1782235723.7771115,,,
6889,0,svm,max,balanced,cached_mxbai,625,1782235723.8634396,,,
5451,0,svm,max,balanced,cached_mxbai,626,1782235723.9512165,,,
5008,0,svm,max,balanced,cached_mxbai,627,1782235724.0389326,,,
9829,0,svm,max,balanced,cached_mxbai,628,1782235724.1283472,,,
4625,0,svm,max,balanced,cached_mxbai,629,1782235724.217149,,,
4373,0,svm,max,balanced,cached_mxbai,630,1782235724.30528,,,
5457,0,svm,max,balanced,cached_mxbai,631,1782235724.3946774,,,
1051,0,svm,max,balanced,cached_mxbai,632,1782235724.4824297,,,
3455,0,svm,max,balanced,cached_mxbai,633,1782235724.5710318,,,
3761,0,svm,max,balanced,cached_mxbai,634,1782235724.6604033,,,
4427,0,svm,max,balanced,cached_mxbai,635,1782235724.7500718,,,
5394,0,svm,max,balanced,cached_mxbai,636,1782235724.8389535,,,
1734,0,svm,max,balanced,cached_mxbai,637,1782235724.9284236,,,
7662,0,svm,max,balanced,cached_mxbai,638,1782235725.023666,,,
7226,0,svm,max,balanced,cached_mxbai,639,1782235725.1181686,,,
4289,0,svm,max,balanced,cached_mxbai,640,1782235725.2071478,,,
676,0,svm,max,balanced,cached_mxbai,641,1782235725.325431,,,
7011,0,svm,max,balanced,cached_mxbai,642,1782235725.4288542,,,
4522,0,svm,max,balanced,cached_mxbai,643,1782235725.5171254,,,
9182,0,svm,max,balanced,cached_mxbai,644,1782235725.6062903,,,
6192,0,svm,max,balanced,cached_mxbai,645,1782235725.6968215,,,
4552,0,svm,max,balanced,cached_mxbai,646,1782235725.7873092,,,
6530,0,svm,max,balanced,cached_mxbai,647,1782235725.8757713,,,
8655,0,svm,max,balanced,cached_mxbai,648,1782235725.9700985,,,
7596,0,svm,max,balanced,cached_mxbai,649,1782235726.0595784,,,
9678,0,svm,max,balanced,cached_mxbai,650,1782235726.1482406,,,
9625,0,svm,max,balanced,cached_mxbai,651,1782235726.2385511,,,
7317,1,svm,max,balanced,cached_mxbai,652,1782235726.3278787,,,
4793,0,svm,max,balanced,cached_mxbai,653,1782235726.419572,,,
4941,0,svm,max,balanced,cached_mxbai,654,1782235726.5109956,,,
3106,0,svm,max,balanced,cached_mxbai,655,1782235726.5996544,,,
4599,0,svm,max,balanced,cached_mxbai,656,1782235726.6901648,,,
4134,0,svm,max,balanced,cached_mxbai,657,1782235726.7814171,,,
4659,0,svm,max,balanced,cached_mxbai,658,1782235726.8730636,,,
545,0,svm,max,balanced,cached_mxbai,659,1782235726.9670355,,,
4797,0,svm,max,balanced,cached_mxbai,660,1782235727.0565581,,,
5218,0,svm,max,balanced,cached_mxbai,661,1782235727.1464548,,,
10317,0,svm,max,balanced,cached_mxbai,662,1782235727.2379503,,,
5773,0,svm,max,balanced,cached_mxbai,663,1782235727.3280332,,,
9249,0,svm,max,balanced,cached_mxbai,664,1782235727.4210515,,,
5137,0,svm,max,balanced,cached_mxbai,665,1782235727.5115583,,,
9813,0,svm,max,balanced,cached_mxbai,666,1782235727.6022115,,,
2758,0,svm,max,balanced,cached_mxbai,667,1782235727.691507,,,
1350,0,svm,max,balanced,cached_mxbai,668,1782235727.7829118,,,
842,1,svm,max,balanced,cached_mxbai,669,1782235727.8750126,,,
8225,0,svm,max,balanced,cached_mxbai,670,1782235727.9690785,,,
4930,0,svm,max,balanced,cached_mxbai,671,1782235728.059543,,,
4792,0,svm,max,balanced,cached_mxbai,672,1782235728.1500716,,,
4677,0,svm,max,balanced,cached_mxbai,673,1782235728.240659,,,
8884,0,svm,max,balanced,cached_mxbai,674,1782235728.333219,,,
4565,0,svm,max,balanced,cached_mxbai,675,1782235728.4236956,,,
5028,0,svm,max,balanced,cached_mxbai,676,1782235728.515242,,,
5403,0,svm,max,balanced,cached_mxbai,677,1782235728.6071453,,,
1883,0,svm,max,balanced,cached_mxbai,678,1782235728.698072,,,
4527,0,svm,max,balanced,cached_mxbai,679,1782235728.7905612,,,
9806,0,svm,max,balanced,cached_mxbai,680,1782235728.8833623,,,
7741,0,svm,max,balanced,cached_mxbai,681,1782235728.9799697,,,
9564,0,svm,max,balanced,cached_mxbai,682,1782235729.0724883,,,
1879,0,svm,max,balanced,cached_mxbai,683,1782235729.1646366,,,
5307,0,svm,max,balanced,cached_mxbai,684,1782235729.2580454,,,
2408,0,svm,max,balanced,cached_mxbai,685,1782235729.3490798,,,
3273,0,svm,max,balanced,cached_mxbai,686,1782235729.4404,,,
6146,0,svm,max,balanced,cached_mxbai,687,1782235729.5318365,,,
5313,0,svm,max,balanced,cached_mxbai,688,1782235729.6266716,,,
4875,0,svm,max,balanced,cached_mxbai,689,1782235729.7227643,,,
6778,0,svm,max,balanced,cached_mxbai,690,1782235729.8147297,,,
4109,0,svm,max,balanced,cached_mxbai,691,1782235729.9089477,,,
8888,0,svm,max,balanced,cached_mxbai,692,1782235730.0096984,,,
4153,0,svm,max,balanced,cached_mxbai,693,1782235730.1044993,,,
5584,0,svm,max,balanced,cached_mxbai,694,1782235730.1961565,,,
4788,0,svm,max,balanced,cached_mxbai,695,1782235730.2920642,,,
516,0,svm,max,balanced,cached_mxbai,696,1782235730.3865905,,,
3852,0,svm,max,balanced,cached_mxbai,697,1782235730.4816313,,,
4554,0,svm,max,balanced,cached_mxbai,698,1782235730.5753183,,,
7121,0,svm,max,balanced,cached_mxbai,699,1782235730.6696348,,,
8692,0,svm,max,balanced,cached_mxbai,700,1782235730.7644262,,,
4952,0,svm,max,balanced,cached_mxbai,701,1782235730.8616245,,,
3778,0,svm,max,balanced,cached_mxbai,702,1782235730.9538863,,,
3869,0,svm,max,balanced,cached_mxbai,703,1782235731.0470474,,,
8972,0,svm,max,balanced,cached_mxbai,704,1782235731.1411097,,,
2110,0,svm,max,balanced,cached_mxbai,705,1782235731.2335851,,,
6528,0,svm,max,balanced,cached_mxbai,706,1782235731.3310397,,,
4593,0,svm,max,balanced,cached_mxbai,707,1782235731.4253883,,,
59,0,svm,max,balanced,cached_mxbai,708,1782235731.5208702,,,
5323,0,svm,max,balanced,cached_mxbai,709,1782235731.6181622,,,
5061,0,svm,max,balanced,cached_mxbai,710,1782235731.7178025,,,
1360,0,svm,max,balanced,cached_mxbai,711,1782235731.8212163,,,
4692,0,svm,max,balanced,cached_mxbai,712,1782235731.917573,,,
4541,0,svm,max,balanced,cached_mxbai,713,1782235732.0144582,,,
1472,0,svm,max,balanced,cached_mxbai,714,1782235732.1102538,,,
5232,0,svm,max,balanced,cached_mxbai,715,1782235732.205483,,,
4711,0,svm,max,balanced,cached_mxbai,716,1782235732.301569,,,
1901,0,svm,max,balanced,cached_mxbai,717,1782235732.3973281,,,
1550,0,svm,max,balanced,cached_mxbai,718,1782235732.4933176,,,
4342,0,svm,max,balanced,cached_mxbai,719,1782235732.5912294,,,
4683,0,svm,max,balanced,cached_mxbai,720,1782235732.684942,,,
702,0,svm,max,balanced,cached_mxbai,721,1782235732.7817874,,,
4350,0,svm,max,balanced,cached_mxbai,722,1782235732.8780203,,,
613,0,svm,max,balanced,cached_mxbai,723,1782235732.982207,,,
10389,0,svm,max,balanced,cached_mxbai,724,1782235733.078607,,,
3747,0,svm,max,balanced,cached_mxbai,725,1782235733.1736615,,,
4391,0,svm,max,balanced,cached_mxbai,726,1782235733.2697518,,,
5338,0,svm,max,balanced,cached_mxbai,727,1782235733.367528,,,
1233,0,svm,max,balanced,cached_mxbai,728,1782235733.4674134,,,
8257,0,svm,max,balanced,cached_mxbai,729,1782235733.5672526,,,
4088,0,svm,max,balanced,cached_mxbai,730,1782235733.6664183,,,
6761,0,svm,max,balanced,cached_mxbai,731,1782235733.7637467,,,
1777,0,svm,max,balanced,cached_mxbai,732,1782235733.8618317,,,
3221,0,svm,max,balanced,cached_mxbai,733,1782235733.9622147,,,
1049,0,svm,max,balanced,cached_mxbai,734,1782235734.0589194,,,
4532,0,svm,max,balanced,cached_mxbai,735,1782235734.154699,,,
3600,0,svm,max,balanced,cached_mxbai,736,1782235734.250207,,,
9779,0,svm,max,balanced,cached_mxbai,737,1782235734.348729,,,
4569,0,svm,max,balanced,cached_mxbai,738,1782235734.447436,,,
9528,0,svm,max,balanced,cached_mxbai,739,1782235734.5444462,,,
5766,0,svm,max,balanced,cached_mxbai,740,1782235734.6393044,,,
4458,0,svm,max,balanced,cached_mxbai,741,1782235734.7389815,,,
8780,0,svm,max,balanced,cached_mxbai,742,1782235734.8363132,,,
8800,0,svm,max,balanced,cached_mxbai,743,1782235734.933274,,,
5207,0,svm,max,balanced,cached_mxbai,744,1782235735.0452926,,,
5227,0,svm,max,balanced,cached_mxbai,745,1782235735.145132,,,
3827,0,svm,max,balanced,cached_mxbai,746,1782235735.2539487,,,
1213,0,svm,max,balanced,cached_mxbai,747,1782235735.3673255,,,
3888,0,svm,max,balanced,cached_mxbai,748,1782235735.4669635,,,
4637,0,svm,max,balanced,cached_mxbai,749,1782235735.5662646,,,
7270,0,svm,max,balanced,cached_mxbai,750,1782235735.664257,,,
4868,0,svm,max,balanced,cached_mxbai,751,1782235735.7646303,,,
2191,0,svm,max,balanced,cached_mxbai,752,1782235735.8647707,,,
8120,0,svm,max,balanced,cached_mxbai,753,1782235735.9642277,,,
4927,0,svm,max,balanced,cached_mxbai,754,1782235736.0618918,,,
4420,0,svm,max,balanced,cached_mxbai,755,1782235736.1596458,,,
3687,0,svm,max,balanced,cached_mxbai,756,1782235736.2594535,,,
666,0,svm,max,balanced,cached_mxbai,757,1782235736.3628626,,,
4496,0,svm,max,balanced,cached_mxbai,758,1782235736.465861,,,
5208,0,svm,max,balanced,cached_mxbai,759,1782235736.5656505,,,
8044,0,svm,max,balanced,cached_mxbai,760,1782235736.666472,,,
3666,0,svm,max,balanced,cached_mxbai,761,1782235736.765549,,,
5276,0,svm,max,balanced,cached_mxbai,762,1782235736.8662162,,,
2100,0,svm,max,balanced,cached_mxbai,763,1782235736.9643362,,,
5219,0,svm,max,balanced,cached_mxbai,764,1782235737.0661578,,,
3479,0,svm,max,balanced,cached_mxbai,765,1782235737.1695557,,,
5591,0,svm,max,balanced,cached_mxbai,766,1782235737.268206,,,
9531,0,svm,max,balanced,cached_mxbai,767,1782235737.3691766,,,
3088,0,svm,max,balanced,cached_mxbai,768,1782235737.4703062,,,
4058,0,svm,max,balanced,cached_mxbai,769,1782235737.5728571,,,
4473,0,svm,max,balanced,cached_mxbai,770,1782235737.6731763,,,
9323,0,svm,max,balanced,cached_mxbai,771,1782235737.775664,,,
7064,0,svm,max,balanced,cached_mxbai,772,1782235737.876316,,,
6914,0,svm,max,balanced,cached_mxbai,773,1782235737.9770112,,,
32,0,svm,max,balanced,cached_mxbai,774,1782235738.077578,,,
3614,0,svm,max,balanced,cached_mxbai,775,1782235738.1781306,,,
2762,0,svm,max,balanced,cached_mxbai,776,1782235738.2786973,,,
10549,0,svm,max,balanced,cached_mxbai,777,1782235738.380763,,,
6483,0,svm,max,balanced,cached_mxbai,778,1782235738.482704,,,
10241,0,svm,max,balanced,cached_mxbai,779,1782235738.5834064,,,
5160,0,svm,max,balanced,cached_mxbai,780,1782235738.6850784,,,
7016,0,svm,max,balanced,cached_mxbai,781,1782235738.789029,,,
10033,0,svm,max,balanced,cached_mxbai,782,1782235738.8925748,,,
896,0,svm,max,balanced,cached_mxbai,783,1782235738.9950821,,,
3982,0,svm,max,balanced,cached_mxbai,784,1782235739.096775,,,
4706,0,svm,max,balanced,cached_mxbai,785,1782235739.2011423,,,
134,0,svm,max,balanced,cached_mxbai,786,1782235739.3061485,,,
10232,0,svm,max,balanced,cached_mxbai,787,1782235739.409179,,,
7616,0,svm,max,balanced,cached_mxbai,788,1782235739.511995,,,
4611,0,svm,max,balanced,cached_mxbai,789,1782235739.613745,,,
8261,0,svm,max,balanced,cached_mxbai,790,1782235739.7214208,,,
9969,0,svm,max,balanced,cached_mxbai,791,1782235739.8289878,,,
5242,0,svm,max,balanced,cached_mxbai,792,1782235739.9360428,,,
4902,0,svm,max,balanced,cached_mxbai,793,1782235740.0438647,,,
1547,0,svm,max,balanced,cached_mxbai,794,1782235740.148801,,,
8999,0,svm,max,balanced,cached_mxbai,795,1782235740.252946,,,
5651,0,svm,max,balanced,cached_mxbai,796,1782235740.354728,,,
5383,0,svm,max,balanced,cached_mxbai,797,1782235740.4585311,,,
8531,0,svm,max,balanced,cached_mxbai,798,1782235740.5634902,,,
6039,0,svm,max,balanced,cached_mxbai,799,1782235740.666122,,,
5074,0,svm,max,balanced,cached_mxbai,800,1782235740.772267,,,
3252,0,svm,max,balanced,cached_mxbai,801,1782235740.8751037,,,
5564,0,svm,max,balanced,cached_mxbai,802,1782235740.9795678,,,
6400,0,svm,max,balanced,cached_mxbai,803,1782235741.086514,,,
50,0,svm,max,balanced,cached_mxbai,804,1782235741.188631,,,
8118,0,svm,max,balanced,cached_mxbai,805,1782235741.2921042,,,
760,0,svm,max,balanced,cached_mxbai,806,1782235741.3956437,,,
4570,0,svm,max,balanced,cached_mxbai,807,1782235741.498091,,,
6912,0,svm,max,balanced,cached_mxbai,808,1782235741.605291,,,
8055,0,svm,max,balanced,cached_mxbai,809,1782235741.711137,,,
4670,0,svm,max,balanced,cached_mxbai,810,1782235741.8183203,,,
9538,0,svm,max,balanced,cached_mxbai,811,1782235741.9212258,,,
4528,0,svm,max,balanced,cached_mxbai,812,1782235742.0262299,,,
3894,0,svm,max,balanced,cached_mxbai,813,1782235742.1367264,,,
6417,0,svm,max,balanced,cached_mxbai,814,1782235742.243118,,,
2240,0,svm,max,balanced,cached_mxbai,815,1782235742.3478444,,,
4299,0,svm,max,balanced,cached_mxbai,816,1782235742.4548743,,,
3347,0,svm,max,balanced,cached_mxbai,817,1782235742.5607557,,,
4612,0,svm,max,balanced,cached_mxbai,818,1782235742.6673098,,,
8255,0,svm,max,balanced,cached_mxbai,819,1782235742.7736511,,,
5017,0,svm,max,balanced,cached_mxbai,820,1782235742.8795536,,,
3912,0,svm,max,balanced,cached_mxbai,821,1782235742.987903,,,
4476,0,svm,max,balanced,cached_mxbai,822,1782235743.0986667,,,
2113,0,svm,max,balanced,cached_mxbai,823,1782235743.2049377,,,
9131,0,svm,max,balanced,cached_mxbai,824,1782235743.311273,,,
3194,0,svm,max,balanced,cached_mxbai,825,1782235743.41855,,,
6831,0,svm,max,balanced,cached_mxbai,826,1782235743.5248334,,,
4662,0,svm,max,balanced,cached_mxbai,827,1782235743.6313572,,,
698,0,svm,max,balanced,cached_mxbai,828,1782235743.7367344,,,
4964,0,svm,max,balanced,cached_mxbai,829,1782235743.8457572,,,
1198,0,svm,max,balanced,cached_mxbai,830,1782235743.9525232,,,
4889,0,svm,max,balanced,cached_mxbai,831,1782235744.0595632,,,
3923,0,svm,max,balanced,cached_mxbai,832,1782235744.1715944,,,
9041,0,svm,max,balanced,cached_mxbai,833,1782235744.278111,,,
5072,0,svm,max,balanced,cached_mxbai,834,1782235744.383469,,,
10110,0,svm,max,balanced,cached_mxbai,835,1782235744.489543,,,
9069,0,svm,max,balanced,cached_mxbai,836,1782235744.5997994,,,
6340,0,svm,max,balanced,cached_mxbai,837,1782235744.7111082,,,
4573,0,svm,max,balanced,cached_mxbai,838,1782235744.821838,,,
8982,0,svm,max,balanced,cached_mxbai,839,1782235744.9291396,,,
4209,0,svm,max,balanced,cached_mxbai,840,1782235745.0394313,,,
4619,0,svm,max,balanced,cached_mxbai,841,1782235745.151634,,,
10291,0,svm,max,balanced,cached_mxbai,842,1782235745.2895684,,,
4633,0,svm,max,balanced,cached_mxbai,843,1782235745.416175,,,
663,0,svm,max,balanced,cached_mxbai,844,1782235745.5235035,,,
86,0,svm,max,balanced,cached_mxbai,845,1782235745.6337373,,,
7483,0,svm,max,balanced,cached_mxbai,846,1782235745.741694,,,
3097,0,svm,max,balanced,cached_mxbai,847,1782235745.8530078,,,
3639,0,svm,max,balanced,cached_mxbai,848,1782235745.9605095,,,
2279,0,svm,max,balanced,cached_mxbai,849,1782235746.0696814,,,
591,0,svm,max,balanced,cached_mxbai,850,1782235746.1823168,,,
4598,0,svm,max,balanced,cached_mxbai,851,1782235746.2926958,,,
6718,0,svm,max,balanced,cached_mxbai,852,1782235746.4041872,,,
7269,0,svm,max,balanced,cached_mxbai,853,1782235746.513007,,,
3661,0,svm,max,balanced,cached_mxbai,854,1782235746.6215358,,,
8467,0,svm,max,balanced,cached_mxbai,855,1782235746.731203,,,
4657,0,svm,max,balanced,cached_mxbai,856,1782235746.8441827,,,
4582,0,svm,max,balanced,cached_mxbai,857,1782235746.952597,,,
7264,0,svm,max,balanced,cached_mxbai,858,1782235747.060869,,,
9836,0,svm,max,balanced,cached_mxbai,859,1782235747.1763148,,,
5330,0,svm,max,balanced,cached_mxbai,860,1782235747.2846835,,,
402,0,svm,max,balanced,cached_mxbai,861,1782235747.3935199,,,
4709,0,svm,max,balanced,cached_mxbai,862,1782235747.5056248,,,
3409,0,svm,max,balanced,cached_mxbai,863,1782235747.6162176,,,
4988,0,svm,max,balanced,cached_mxbai,864,1782235747.7248049,,,
6842,0,svm,max,balanced,cached_mxbai,865,1782235747.8439252,,,
4510,0,svm,max,balanced,cached_mxbai,866,1782235747.9591804,,,
4445,0,svm,max,balanced,cached_mxbai,867,1782235748.0803554,,,
7182,0,svm,max,balanced,cached_mxbai,868,1782235748.1932223,,,
9945,0,svm,max,balanced,cached_mxbai,869,1782235748.304951,,,
7217,0,svm,max,balanced,cached_mxbai,870,1782235748.4184513,,,
4648,0,svm,max,balanced,cached_mxbai,871,1782235748.5322888,,,
10290,0,svm,max,balanced,cached_mxbai,872,1782235748.6429791,,,
1070,0,svm,max,balanced,cached_mxbai,873,1782235748.7534592,,,
5096,0,svm,max,balanced,cached_mxbai,874,1782235748.8665636,,,
9725,0,svm,max,balanced,cached_mxbai,875,1782235748.9777334,,,
3934,0,svm,max,balanced,cached_mxbai,876,1782235749.0942745,,,
2559,0,svm,max,balanced,cached_mxbai,877,1782235749.2120786,,,
4176,0,svm,max,balanced,cached_mxbai,878,1782235749.3252757,,,
7009,0,svm,max,balanced,cached_mxbai,879,1782235749.4367402,,,
4515,0,svm,max,balanced,cached_mxbai,880,1782235749.5485585,,,
9749,0,svm,max,balanced,cached_mxbai,881,1782235749.663125,,,
4994,0,svm,max,balanced,cached_mxbai,882,1782235749.777085,,,
5125,0,svm,max,balanced,cached_mxbai,883,1782235749.894291,,,
8602,0,svm,max,balanced,cached_mxbai,884,1782235750.0054438,,,
8696,0,svm,max,balanced,cached_mxbai,885,1782235750.1196718,,,
4453,0,svm,max,balanced,cached_mxbai,886,1782235750.237747,,,
3209,0,svm,max,balanced,cached_mxbai,887,1782235750.351264,,,
3458,0,svm,max,balanced,cached_mxbai,888,1782235750.4657657,,,
5410,0,svm,max,balanced,cached_mxbai,889,1782235750.5775764,,,
4636,0,svm,max,balanced,cached_mxbai,890,1782235750.6887622,,,
10057,0,svm,max,balanced,cached_mxbai,891,1782235750.801968,,,
10136,1,svm,max,balanced,cached_mxbai,892,1782235750.9160085,,,
9199,0,svm,max,balanced,cached_mxbai,893,1782235751.0299153,,,
8995,0,svm,max,balanced,cached_mxbai,894,1782235751.1455538,,,
5199,0,svm,max,balanced,cached_mxbai,895,1782235751.2679632,,,
10337,0,svm,max,balanced,cached_mxbai,896,1782235751.3830457,,,
4435,0,svm,max,balanced,cached_mxbai,897,1782235751.4978998,,,
1721,1,svm,max,balanced,cached_mxbai,898,1782235751.6117363,,,
4495,0,svm,max,balanced,cached_mxbai,899,1782235751.7252698,,,
5272,0,svm,max,balanced,cached_mxbai,900,1782235751.8397763,,,
4722,0,svm,max,balanced,cached_mxbai,901,1782235751.95244,,,
5329,0,svm,max,balanced,cached_mxbai,902,1782235752.071489,,,
10435,1,svm,max,balanced,cached_mxbai,903,1782235752.191179,,,
4222,0,svm,max,balanced,cached_mxbai,904,1782235752.307028,,,
9132,0,svm,max,balanced,cached_mxbai,905,1782235752.4233,,,
6830,0,svm,max,balanced,cached_mxbai,906,1782235752.541003,,,
907,0,svm,max,balanced,cached_mxbai,907,1782235752.6552143,,,
1561,0,svm,max,balanced,cached_mxbai,908,1782235752.7726974,,,
8315,0,svm,max,balanced,cached_mxbai,909,1782235752.8913918,,,
3523,0,svm,max,balanced,cached_mxbai,910,1782235753.0090485,,,
8179,0,svm,max,balanced,cached_mxbai,911,1782235753.1217616,,,
6444,0,svm,max,balanced,cached_mxbai,912,1782235753.2412546,,,
7168,0,svm,max,balanced,cached_mxbai,913,1782235753.3567698,,,
3742,0,svm,max,balanced,cached_mxbai,914,1782235753.4731202,,,
4559,0,svm,max,balanced,cached_mxbai,915,1782235753.5865672,,,
2832,0,svm,max,balanced,cached_mxbai,916,1782235753.702026,,,
3538,0,svm,max,balanced,cached_mxbai,917,1782235753.8191829,,,
6553,0,svm,max,balanced,cached_mxbai,918,1782235753.9348607,,,
6398,0,svm,max,balanced,cached_mxbai,919,1782235754.0512605,,,
7767,0,svm,max,balanced,cached_mxbai,920,1782235754.1676414,,,
5426,0,svm,max,balanced,cached_mxbai,921,1782235754.28751,,,
7595,0,svm,max,balanced,cached_mxbai,922,1782235754.4038234,,,
1312,0,svm,max,balanced,cached_mxbai,923,1782235754.5212348,,,
4933,0,svm,max,balanced,cached_mxbai,924,1782235754.638221,,,
4862,0,svm,max,balanced,cached_mxbai,925,1782235754.7543323,,,
3502,0,svm,max,balanced,cached_mxbai,926,1782235754.8730485,,,
9747,0,svm,max,balanced,cached_mxbai,927,1782235754.9894164,,,
4586,0,svm,max,balanced,cached_mxbai,928,1782235755.119289,,,
1385,0,svm,max,balanced,cached_mxbai,929,1782235755.2511196,,,
4086,0,svm,max,balanced,cached_mxbai,930,1782235755.4007664,,,
10177,0,svm,max,balanced,cached_mxbai,931,1782235755.519414,,,
10225,0,svm,max,balanced,cached_mxbai,932,1782235755.6377287,,,
5185,0,svm,max,balanced,cached_mxbai,933,1782235755.769113,,,
7434,0,svm,max,balanced,cached_mxbai,934,1782235755.9154463,,,
4139,0,svm,max,balanced,cached_mxbai,935,1782235756.040804,,,
6238,0,svm,max,balanced,cached_mxbai,936,1782235756.171878,,,
5016,0,svm,max,balanced,cached_mxbai,937,1782235756.3115551,,,
1585,0,svm,max,balanced,cached_mxbai,938,1782235756.4349475,,,
1911,0,svm,max,balanced,cached_mxbai,939,1782235756.567032,,,
3494,0,svm,max,balanced,cached_mxbai,940,1782235756.6904984,,,
2330,0,svm,max,balanced,cached_mxbai,941,1782235756.8100827,,,
5996,0,svm,max,balanced,cached_mxbai,942,1782235756.928596,,,
3569,0,svm,max,balanced,cached_mxbai,943,1782235757.0466278,,,
7597,0,svm,max,balanced,cached_mxbai,944,1782235757.1636999,,,
8063,0,svm,max,balanced,cached_mxbai,945,1782235757.28562,,,
8428,0,svm,max,balanced,cached_mxbai,946,1782235757.4006436,,,
3994,0,svm,max,balanced,cached_mxbai,947,1782235757.5187006,,,
5365,0,svm,max,balanced,cached_mxbai,948,1782235757.6408665,,,
3099,0,svm,max,balanced,cached_mxbai,949,1782235757.7618306,,,
5039,0,svm,max,balanced,cached_mxbai,950,1782235757.8820617,,,
4588,0,svm,max,balanced,cached_mxbai,951,1782235758.0034354,,,
6646,0,svm,max,balanced,cached_mxbai,952,1782235758.1227002,,,
4136,0,svm,max,balanced,cached_mxbai,953,1782235758.2455382,,,
4836,0,svm,max,balanced,cached_mxbai,954,1782235758.3632238,,,
4410,0,svm,max,balanced,cached_mxbai,955,1782235758.4820354,,,
10169,0,svm,max,balanced,cached_mxbai,956,1782235758.6007903,,,
5145,0,svm,max,balanced,cached_mxbai,957,1782235758.7228029,,,
4642,0,svm,max,balanced,cached_mxbai,958,1782235758.8424973,,,
677,0,svm,max,balanced,cached_mxbai,959,1782235758.9645178,,,
3914,0,svm,max,balanced,cached_mxbai,960,1782235759.087934,,,
1003,0,svm,max,balanced,cached_mxbai,961,1782235759.209151,,,
3187,0,svm,max,balanced,cached_mxbai,962,1782235759.3338017,,,
5111,0,svm,max,balanced,cached_mxbai,963,1782235759.4551065,,,
5013,0,svm,max,balanced,cached_mxbai,964,1782235759.57727,,,
9996,0,svm,max,balanced,cached_mxbai,965,1782235759.6988573,,,
6629,0,svm,max,balanced,cached_mxbai,966,1782235759.8188853,,,
4434,0,svm,max,balanced,cached_mxbai,967,1782235759.9416225,,,
4703,0,svm,max,balanced,cached_mxbai,968,1782235760.0650198,,,
6013,0,svm,max,balanced,cached_mxbai,969,1782235760.1855154,,,
9213,0,svm,max,balanced,cached_mxbai,970,1782235760.312938,,,
3960,0,svm,max,balanced,cached_mxbai,971,1782235760.4362311,,,
4680,0,svm,max,balanced,cached_mxbai,972,1782235760.5590105,,,
3558,0,svm,max,balanced,cached_mxbai,973,1782235760.679452,,,
3185,0,svm,max,balanced,cached_mxbai,974,1782235760.8028965,,,
10122,0,svm,max,balanced,cached_mxbai,975,1782235760.9267578,,,
3748,0,svm,max,balanced,cached_mxbai,976,1782235761.0469928,,,
1149,0,svm,max,balanced,cached_mxbai,977,1782235761.1743186,,,
9293,0,svm,max,balanced,cached_mxbai,978,1782235761.2992516,,,
8092,0,svm,max,balanced,cached_mxbai,979,1782235761.4215298,,,
9763,0,svm,max,balanced,cached_mxbai,980,1782235761.5448174,,,
4951,0,svm,max,balanced,cached_mxbai,981,1782235761.6654882,,,
25,0,svm,max,balanced,cached_mxbai,982,1782235761.7858076,,,
955,0,svm,max,balanced,cached_mxbai,983,1782235761.9104183,,,
4744,0,svm,max,balanced,cached_mxbai,984,1782235762.0355706,,,
4729,0,svm,max,balanced,cached_mxbai,985,1782235762.1595993,,,
5134,0,svm,max,balanced,cached_mxbai,986,1782235762.2863204,,,
5077,0,svm,max,balanced,cached_mxbai,987,1782235762.4092224,,,
3767,0,svm,max,balanced,cached_mxbai,988,1782235762.5347042,,,
8563,0,svm,max,balanced,cached_mxbai,989,1782235762.6589763,,,
4424,0,svm,max,balanced,cached_mxbai,990,1782235762.7797282,,,
2258,0,svm,max,balanced,cached_mxbai,991,1782235762.9049807,,,
6634,0,svm,max,balanced,cached_mxbai,992,1782235763.034581,,,
387,0,svm,max,balanced,cached_mxbai,993,1782235763.1600075,,,
6438,0,svm,max,balanced,cached_mxbai,994,1782235763.28845,,,
6411,0,svm,max,balanced,cached_mxbai,995,1782235763.4139538,,,
5449,0,svm,max,balanced,cached_mxbai,996,1782235763.5396407,,,
7577,0,svm,max,balanced,cached_mxbai,997,1782235763.6655173,,,
10112,0,svm,max,balanced,cached_mxbai,998,1782235763.7883983,,,
8153,0,svm,max,balanced,cached_mxbai,999,1782235763.917106,,,
5244,0,svm,max,balanced,cached_mxbai,1000,1782235764.0590694,,,
3873,0,svm,max,balanced,cached_mxbai,1001,1782235764.2003124,,,
3197,0,svm,max,balanced,cached_mxbai,1002,1782235764.33256,,,
3945,0,svm,max,balanced,cached_mxbai,1003,1782235764.4640915,,,
4813,0,svm,max,balanced,cached_mxbai,1004,1782235764.591707,,,
4166,0,svm,max,balanced,cached_mxbai,1005,1782235764.715711,,,
4104,0,svm,max,balanced,cached_mxbai,1006,1782235764.845024,,,
8839,0,svm,max,balanced,cached_mxbai,1007,1782235764.9707105,,,
6607,0,svm,max,balanced,cached_mxbai,1008,1782235765.1104884,,,
4905,0,svm,max,balanced,cached_mxbai,1009,1782235765.2504296,,,
1008,0,svm,max,balanced,cached_mxbai,1010,1782235765.4001145,,,
3080,0,svm,max,balanced,cached_mxbai,1011,1782235765.528182,,,
8993,0,svm,max,balanced,cached_mxbai,1012,1782235765.6546392,,,
4912,0,svm,max,balanced,cached_mxbai,1013,1782235765.7806056,,,
6499,0,svm,max,balanced,cached_mxbai,1014,1782235765.91026,,,
4162,0,svm,max,balanced,cached_mxbai,1015,1782235766.0382638,,,
4217,0,svm,max,balanced,cached_mxbai,1016,1782235766.166922,,,
828,0,svm,max,balanced,cached_mxbai,1017,1782235766.2932243,,,
10000,0,svm,max,balanced,cached_mxbai,1018,1782235766.4209814,,,
7002,0,svm,max,balanced,cached_mxbai,1019,1782235766.5519843,,,
4121,0,svm,max,balanced,cached_mxbai,1020,1782235766.6843452,,,
4635,0,svm,max,balanced,cached_mxbai,1021,1782235766.8116255,,,
6991,0,svm,max,balanced,cached_mxbai,1022,1782235766.9387968,,,
7262,0,svm,max,balanced,cached_mxbai,1023,1782235767.06862,,,
3836,0,svm,max,balanced,cached_mxbai,1024,1782235767.1814756,,,
9122,0,svm,max,balanced,cached_mxbai,1025,1782235767.2930386,,,
6798,0,svm,max,balanced,cached_mxbai,1026,1782235767.403872,,,
8598,0,svm,max,balanced,cached_mxbai,1027,1782235767.51594,,,
6326,0,svm,max,balanced,cached_mxbai,1028,1782235767.6285982,,,
5238,0,svm,max,balanced,cached_mxbai,1029,1782235767.7448,,,
4705,0,svm,max,balanced,cached_mxbai,1030,1782235767.8588452,,,
8909,0,svm,max,balanced,cached_mxbai,1031,1782235767.971579,,,
9429,0,svm,max,balanced,cached_mxbai,1032,1782235768.0832496,,,
5078,0,svm,max,balanced,cached_mxbai,1033,1782235768.1949286,,,
5154,0,svm,max,balanced,cached_mxbai,1034,1782235768.3086116,,,
4886,0,svm,max,balanced,cached_mxbai,1035,1782235768.4212525,,,
2428,0,svm,max,balanced,cached_mxbai,1036,1782235768.5350797,,,
2259,0,svm,max,balanced,cached_mxbai,1037,1782235768.6481848,,,
7490,0,svm,max,balanced,cached_mxbai,1038,1782235768.761846,,,
10484,0,svm,max,balanced,cached_mxbai,1039,1782235768.8772597,,,
1840,0,svm,max,balanced,cached_mxbai,1040,1782235768.9892137,,,
4564,0,svm,max,balanced,cached_mxbai,1041,1782235769.1024642,,,
6136,0,svm,max,balanced,cached_mxbai,1042,1782235769.2170744,,,
6421,0,svm,max,balanced,cached_mxbai,1043,1782235769.332587,,,
6743,0,svm,max,balanced,cached_mxbai,1044,1782235769.4534698,,,
9957,0,svm,max,balanced,cached_mxbai,1045,1782235769.5686314,,,
4507,0,svm,max,balanced,cached_mxbai,1046,1782235769.6829932,,,
8049,0,svm,max,balanced,cached_mxbai,1047,1782235769.797605,,,
4773,0,svm,max,balanced,cached_mxbai,1048,1782235769.9135082,,,
23,0,svm,max,balanced,cached_mxbai,1049,1782235770.027788,,,
4985,0,svm,max,balanced,cached_mxbai,1050,1782235770.142002,,,
620,0,svm,max,balanced,cached_mxbai,1051,1782235770.2602403,,,
4834,0,svm,max,balanced,cached_mxbai,1052,1782235770.3772736,,,
7207,0,svm,max,balanced,cached_mxbai,1053,1782235770.4925985,,,
2745,0,svm,max,balanced,cached_mxbai,1054,1782235770.6084356,,,
5398,0,svm,max,balanced,cached_mxbai,1055,1782235770.7228339,,,
8530,0,svm,max,balanced,cached_mxbai,1056,1782235770.8383753,,,
4568,0,svm,max,balanced,cached_mxbai,1057,1782235770.954575,,,
5968,0,svm,max,balanced,cached_mxbai,1058,1782235771.067638,,,
4513,0,svm,max,balanced,cached_mxbai,1059,1782235771.1820767,,,
6120,0,svm,max,balanced,cached_mxbai,1060,1782235771.29633,,,
3543,0,svm,max,balanced,cached_mxbai,1061,1782235771.409049,,,
7390,0,svm,max,balanced,cached_mxbai,1062,1782235771.5224426,,,
7108,0,svm,max,balanced,cached_mxbai,1063,1782235771.6378171,,,
4364,0,svm,max,balanced,cached_mxbai,1064,1782235771.7523637,,,
72,0,svm,max,balanced,cached_mxbai,1065,1782235771.8711853,,,
5034,0,svm,max,balanced,cached_mxbai,1066,1782235771.9847295,,,
3677,0,svm,max,balanced,cached_mxbai,1067,1782235772.099148,,,
10493,0,svm,max,balanced,cached_mxbai,1068,1782235772.213792,,,
6150,0,svm,max,balanced,cached_mxbai,1069,1782235772.327494,,,
5088,0,svm,max,balanced,cached_mxbai,1070,1782235772.4456854,,,
7702,0,svm,max,balanced,cached_mxbai,1071,1782235772.560535,,,
6485,0,svm,max,balanced,cached_mxbai,1072,1782235772.6760106,,,
4587,0,svm,max,balanced,cached_mxbai,1073,1782235772.7936578,,,
5516,0,svm,max,balanced,cached_mxbai,1074,1782235772.9114702,,,
4026,0,svm,max,balanced,cached_mxbai,1075,1782235773.0277135,,,
1461,0,svm,max,balanced,cached_mxbai,1076,1782235773.1411028,,,
9759,0,svm,max,balanced,cached_mxbai,1077,1782235773.2566845,,,
4673,0,svm,max,balanced,cached_mxbai,1078,1782235773.3730922,,,
2429,0,svm,max,balanced,cached_mxbai,1079,1782235773.4900944,,,
8486,0,svm,max,balanced,cached_mxbai,1080,1782235773.6067586,,,
4112,0,svm,max,balanced,cached_mxbai,1081,1782235773.72407,,,
4484,0,svm,max,balanced,cached_mxbai,1082,1782235773.842592,,,
3583,0,svm,max,balanced,cached_mxbai,1083,1782235773.9605565,,,
1048,0,svm,max,balanced,cached_mxbai,1084,1782235774.0769036,,,
4631,0,svm,max,balanced,cached_mxbai,1085,1782235774.1915684,,,
5093,0,svm,max,balanced,cached_mxbai,1086,1782235774.3075082,,,
3147,0,svm,max,balanced,cached_mxbai,1087,1782235774.421723,,,
3515,0,svm,max,balanced,cached_mxbai,1088,1782235774.5366087,,,
4574,0,svm,max,balanced,cached_mxbai,1089,1782235774.6545904,,,
6121,0,svm,max,balanced,cached_mxbai,1090,1782235774.7715447,,,
6147,0,svm,max,balanced,cached_mxbai,1091,1782235774.890165,,,
10031,0,svm,max,balanced,cached_mxbai,1092,1782235775.0054922,,,
8597,0,svm,max,balanced,cached_mxbai,1093,1782235775.1252558,,,
4812,0,svm,max,balanced,cached_mxbai,1094,1782235775.250511,,,
3969,0,svm,max,balanced,cached_mxbai,1095,1782235775.3918798,,,
7351,1,svm,max,balanced,cached_mxbai,1096,1782235775.5075734,,,
9683,0,svm,max,balanced,cached_mxbai,1097,1782235775.624798,,,
4962,0,svm,max,balanced,cached_mxbai,1098,1782235775.744068,,,
9028,0,svm,max,balanced,cached_mxbai,1099,1782235775.8621066,,,
5131,0,svm,max,balanced,cached_mxbai,1100,1782235775.979698,,,
5116,0,svm,max,balanced,cached_mxbai,1101,1782235776.0954843,,,
6249,0,svm,max,balanced,cached_mxbai,1102,1782235776.209731,,,
4131,0,svm,max,balanced,cached_mxbai,1103,1782235776.3241773,,,
5870,0,svm,max,balanced,cached_mxbai,1104,1782235776.4397693,,,
5237,0,svm,max,balanced,cached_mxbai,1105,1782235776.5606449,,,
9394,0,svm,max,balanced,cached_mxbai,1106,1782235776.686413,,,
1082,0,svm,max,balanced,cached_mxbai,1107,1782235776.8033874,,,
5165,0,svm,max,balanced,cached_mxbai,1108,1782235776.9205878,,,
2306,0,svm,max,balanced,cached_mxbai,1109,1782235777.036717,,,
2264,0,svm,max,balanced,cached_mxbai,1110,1782235777.152746,,,
7804,0,svm,max,balanced,cached_mxbai,1111,1782235777.268845,,,
37,0,svm,max,balanced,cached_mxbai,1112,1782235777.3861678,,,
4595,0,svm,max,balanced,cached_mxbai,1113,1782235777.5055864,,,
7948,0,svm,max,balanced,cached_mxbai,1114,1782235777.6226487,,,
5112,0,svm,max,balanced,cached_mxbai,1115,1782235777.7407966,,,
6126,0,svm,max,balanced,cached_mxbai,1116,1782235777.8597836,,,
6609,0,svm,max,balanced,cached_mxbai,1117,1782235777.978107,,,
10166,0,svm,max,balanced,cached_mxbai,1118,1782235778.0952394,,,
4523,0,svm,max,balanced,cached_mxbai,1119,1782235778.21249,,,
10308,0,svm,max,balanced,cached_mxbai,1120,1782235778.3318267,,,
4415,0,svm,max,balanced,cached_mxbai,1121,1782235778.4524364,,,
4870,0,svm,max,balanced,cached_mxbai,1122,1782235778.5722754,,,
131,0,svm,max,balanced,cached_mxbai,1123,1782235778.6920698,,,
3954,0,svm,max,balanced,cached_mxbai,1124,1782235778.810203,,,
5235,0,svm,max,balanced,cached_mxbai,1125,1782235778.9309845,,,
4910,0,svm,max,balanced,cached_mxbai,1126,1782235779.0496678,,,
2627,0,svm,max,balanced,cached_mxbai,1127,1782235779.1685817,,,
8126,0,svm,max,balanced,cached_mxbai,1128,1782235779.2880301,,,
421,0,svm,max,balanced,cached_mxbai,1129,1782235779.4075832,,,
3081,0,svm,max,balanced,cached_mxbai,1130,1782235779.528881,,,
2053,0,svm,max,balanced,cached_mxbai,1131,1782235779.6509454,,,
9382,0,svm,max,balanced,cached_mxbai,1132,1782235779.7724373,,,
6414,0,svm,max,balanced,cached_mxbai,1133,1782235779.8970432,,,
1492,0,svm,max,balanced,cached_mxbai,1134,1782235780.0150151,,,
5425,0,svm,max,balanced,cached_mxbai,1135,1782235780.135007,,,
4602,0,svm,max,balanced,cached_mxbai,1136,1782235780.2555616,,,
6298,0,svm,max,balanced,cached_mxbai,1137,1782235780.3741808,,,
413,0,svm,max,balanced,cached_mxbai,1138,1782235780.4948967,,,
3586,0,svm,max,balanced,cached_mxbai,1139,1782235780.6147447,,,
2943,0,svm,max,balanced,cached_mxbai,1140,1782235780.7347083,,,
3280,0,svm,max,balanced,cached_mxbai,1141,1782235780.8580263,,,
4684,0,svm,max,balanced,cached_mxbai,1142,1782235780.9824882,,,
1287,0,svm,max,balanced,cached_mxbai,1143,1782235781.1030838,,,
2235,0,svm,max,balanced,cached_mxbai,1144,1782235781.223634,,,
5581,0,svm,max,balanced,cached_mxbai,1145,1782235781.3435655,,,
3657,0,svm,max,balanced,cached_mxbai,1146,1782235781.465276,,,
3720,0,svm,max,balanced,cached_mxbai,1147,1782235781.585391,,,
4895,0,svm,max,balanced,cached_mxbai,1148,1782235781.7052484,,,
6936,0,svm,max,balanced,cached_mxbai,1149,1782235781.829596,,,
5468,0,svm,max,balanced,cached_mxbai,1150,1782235781.957644,,,
130,0,svm,max,balanced,cached_mxbai,1151,1782235782.0815713,,,
6601,0,svm,max,balanced,cached_mxbai,1152,1782235782.1960325,,,
4480,0,svm,max,balanced,cached_mxbai,1153,1782235782.3106115,,,
3170,0,svm,max,balanced,cached_mxbai,1154,1782235782.424467,,,
9876,0,svm,max,balanced,cached_mxbai,1155,1782235782.5392752,,,
4710,0,svm,max,balanced,cached_mxbai,1156,1782235782.654095,,,
6727,0,svm,max,balanced,cached_mxbai,1157,1782235782.769072,,,
5018,0,svm,max,balanced,cached_mxbai,1158,1782235782.88381,,,
9411,0,svm,max,balanced,cached_mxbai,1159,1782235783.0018368,,,
3886,0,svm,max,balanced,cached_mxbai,1160,1782235783.1156886,,,
7001,0,svm,max,balanced,cached_mxbai,1161,1782235783.230109,,,
7468,0,svm,max,balanced,cached_mxbai,1162,1782235783.3438148,,,
3981,0,svm,max,balanced,cached_mxbai,1163,1782235783.4592354,,,
4481,0,svm,max,balanced,cached_mxbai,1164,1782235783.5736864,,,
3423,0,svm,max,balanced,cached_mxbai,1165,1782235783.6874332,,,
2216,0,svm,max,balanced,cached_mxbai,1166,1782235783.803177,,,
10531,0,svm,max,balanced,cached_mxbai,1167,1782235783.9184935,,,
2803,0,svm,max,balanced,cached_mxbai,1168,1782235784.0360727,,,
7771,0,svm,max,balanced,cached_mxbai,1169,1782235784.1525207,,,
4053,0,svm,max,balanced,cached_mxbai,1170,1782235784.2686634,,,
4514,0,svm,max,balanced,cached_mxbai,1171,1782235784.3842285,,,
4442,0,svm,max,balanced,cached_mxbai,1172,1782235784.5010834,,,
6643,1,svm,max,balanced,cached_mxbai,1173,1782235784.6165185,,,
6278,0,svm,max,balanced,cached_mxbai,1174,1782235784.733924,,,
6644,1,svm,max,balanced,cached_mxbai,1175,1782235784.8522828,,,
9128,1,svm,max,balanced,cached_mxbai,1176,1782235784.9714062,,,
8116,1,svm,max,balanced,cached_mxbai,1177,1782235785.096083,,,
7102,0,svm,max,balanced,cached_mxbai,1178,1782235785.2215652,,,
3098,0,svm,max,balanced,cached_mxbai,1179,1782235785.3691003,,,
5058,0,svm,max,balanced,cached_mxbai,1180,1782235785.491887,,,
10230,0,svm,max,balanced,cached_mxbai,1181,1782235785.616162,,,
10390,0,svm,max,balanced,cached_mxbai,1182,1782235785.7386143,,,
4712,0,svm,max,balanced,cached_mxbai,1183,1782235785.8636703,,,
7464,0,svm,max,balanced,cached_mxbai,1184,1782235785.9913735,,,
8586,0,svm,max,balanced,cached_mxbai,1185,1782235786.1079826,,,
7910,0,svm,max,balanced,cached_mxbai,1186,1782235786.2237737,,,
4687,0,svm,max,balanced,cached_mxbai,1187,1782235786.3404353,,,
4936,0,svm,max,balanced,cached_mxbai,1188,1782235786.4558814,,,
2341,0,svm,max,balanced,cached_mxbai,1189,1782235786.570644,,,
4362,0,svm,max,balanced,cached_mxbai,1190,1782235786.6998384,,,
6838,0,svm,max,balanced,cached_mxbai,1191,1782235786.8174832,,,
4815,0,svm,max,balanced,cached_mxbai,1192,1782235786.944553,,,
7996,0,svm,max,balanced,cached_mxbai,1193,1782235787.0606997,,,
7087,0,svm,max,balanced,cached_mxbai,1194,1782235787.1757324,,,
4977,0,svm,max,balanced,cached_mxbai,1195,1782235787.2937112,,,
6545,0,svm,max,balanced,cached_mxbai,1196,1782235787.4116518,,,
918,0,svm,max,balanced,cached_mxbai,1197,1782235787.5279217,,,
1694,0,svm,max,balanced,cached_mxbai,1198,1782235787.6446018,,,
849,0,svm,max,balanced,cached_mxbai,1199,1782235787.7621694,,,
4932,0,svm,max,balanced,cached_mxbai,1200,1782235787.8804083,,,
8036,0,svm,max,balanced,cached_mxbai,1201,1782235787.9955516,,,
10508,0,svm,max,balanced,cached_mxbai,1202,1782235788.1122363,,,
7478,0,svm,max,balanced,cached_mxbai,1203,1782235788.2283976,,,
5089,0,svm,max,balanced,cached_mxbai,1204,1782235788.344683,,,
7088,0,svm,max,balanced,cached_mxbai,1205,1782235788.4611804,,,
4389,0,svm,max,balanced,cached_mxbai,1206,1782235788.5760593,,,
3669,0,svm,max,balanced,cached_mxbai,1207,1782235788.6930747,,,
4839,0,svm,max,balanced,cached_mxbai,1208,1782235788.8126986,,,
4736,0,svm,max,balanced,cached_mxbai,1209,1782235788.9333806,,,
5095,0,svm,max,balanced,cached_mxbai,1210,1782235789.051459,,,
1724,0,svm,max,balanced,cached_mxbai,1211,1782235789.1679366,,,
26,0,svm,max,balanced,cached_mxbai,1212,1782235789.2858224,,,
4790,0,svm,max,balanced,cached_mxbai,1213,1782235789.4044487,,,
7661,0,svm,max,balanced,cached_mxbai,1214,1782235789.523913,,,
7327,0,svm,max,balanced,cached_mxbai,1215,1782235789.642016,,,
6432,0,svm,max,balanced,cached_mxbai,1216,1782235789.7599823,,,
4961,0,svm,max,balanced,cached_mxbai,1217,1782235789.8799887,,,
7335,0,svm,max,balanced,cached_mxbai,1218,1782235789.9999175,,,
859,0,svm,max,balanced,cached_mxbai,1219,1782235790.1168704,,,
8709,0,svm,max,balanced,cached_mxbai,1220,1782235790.2335172,,,
4974,0,svm,max,balanced,cached_mxbai,1221,1782235790.3512568,,,
1445,1,svm,max,balanced,cached_mxbai,1222,1782235790.4708655,,,
8100,0,svm,max,balanced,cached_mxbai,1223,1782235790.5880117,,,
3500,0,svm,max,balanced,cached_mxbai,1224,1782235790.7041721,,,
6602,0,svm,max,balanced,cached_mxbai,1225,1782235790.820988,,,
9240,0,svm,max,balanced,cached_mxbai,1226,1782235790.9401035,,,
3115,0,svm,max,balanced,cached_mxbai,1227,1782235791.058898,,,
3486,0,svm,max,balanced,cached_mxbai,1228,1782235791.1755407,,,
1161,0,svm,max,balanced,cached_mxbai,1229,1782235791.299579,,,
2352,0,svm,max,balanced,cached_mxbai,1230,1782235791.4237251,,,
3519,0,svm,max,balanced,cached_mxbai,1231,1782235791.5509074,,,
9009,0,svm,max,balanced,cached_mxbai,1232,1782235791.6783195,,,
1536,0,svm,max,balanced,cached_mxbai,1233,1782235791.804589,,,
2161,0,svm,max,balanced,cached_mxbai,1234,1782235791.9347966,,,
9664,0,svm,max,balanced,cached_mxbai,1235,1782235792.062389,,,
5001,0,svm,max,balanced,cached_mxbai,1236,1782235792.1889331,,,
3588,0,svm,max,balanced,cached_mxbai,1237,1782235792.3137465,,,
5387,0,svm,max,balanced,cached_mxbai,1238,1782235792.4400787,,,
3564,0,svm,max,balanced,cached_mxbai,1239,1782235792.5689063,,,
5022,0,svm,max,balanced,cached_mxbai,1240,1782235792.6927414,,,
3987,0,svm,max,balanced,cached_mxbai,1241,1782235792.8180163,,,
4845,0,svm,max,balanced,cached_mxbai,1242,1782235792.947691,,,
5000,0,svm,max,balanced,cached_mxbai,1243,1782235793.0735865,,,
3242,0,svm,max,balanced,cached_mxbai,1244,1782235793.1987102,,,
1746,0,svm,max,balanced,cached_mxbai,1245,1782235793.324174,,,
9912,0,svm,max,balanced,cached_mxbai,1246,1782235793.4509044,,,
7500,0,svm,max,balanced,cached_mxbai,1247,1782235793.5816746,,,
4811,0,svm,max,balanced,cached_mxbai,1248,1782235793.7093823,,,
7066,0,svm,max,balanced,cached_mxbai,1249,1782235793.8350265,,,
4781,0,svm,max,balanced,cached_mxbai,1250,1782235793.9652398,,,
7259,0,svm,max,balanced,cached_mxbai,1251,1782235794.0908568,,,
6322,0,svm,max,balanced,cached_mxbai,1252,1782235794.2169805,,,
3957,0,svm,max,balanced,cached_mxbai,1253,1782235794.343481,,,
8507,0,svm,max,balanced,cached_mxbai,1254,1782235794.4702904,,,
2447,0,svm,max,balanced,cached_mxbai,1255,1782235794.5982008,,,
3431,0,svm,max,balanced,cached_mxbai,1256,1782235794.7228477,,,
4789,0,svm,max,balanced,cached_mxbai,1257,1782235794.8483865,,,
7171,0,svm,max,balanced,cached_mxbai,1258,1782235794.9779694,,,
6907,0,svm,max,balanced,cached_mxbai,1259,1782235795.1076436,,,
3291,0,svm,max,balanced,cached_mxbai,1260,1782235795.2438335,,,
6458,0,svm,max,balanced,cached_mxbai,1261,1782235795.4089887,,,
1968,0,svm,max,balanced,cached_mxbai,1262,1782235795.5352592,,,
3345,0,svm,max,balanced,cached_mxbai,1263,1782235795.6625726,,,
9180,0,svm,max,balanced,cached_mxbai,1264,1782235795.7894387,,,
8911,0,svm,max,balanced,cached_mxbai,1265,1782235795.9178395,,,
4403,0,svm,max,balanced,cached_mxbai,1266,1782235796.045753,,,
3605,0,svm,max,balanced,cached_mxbai,1267,1782235796.17295,,,
6358,0,svm,max,balanced,cached_mxbai,1268,1782235796.3005207,,,
6574,0,svm,max,balanced,cached_mxbai,1269,1782235796.4278846,,,
4646,0,svm,max,balanced,cached_mxbai,1270,1782235796.554835,,,
3756,0,svm,max,balanced,cached_mxbai,1271,1782235796.6828697,,,
6355,0,svm,max,balanced,cached_mxbai,1272,1782235796.8088331,,,
8410,0,svm,max,balanced,cached_mxbai,1273,1782235796.9385998,,,
4215,0,svm,max,balanced,cached_mxbai,1274,1782235797.0687609,,,
8544,0,svm,max,balanced,cached_mxbai,1275,1782235797.2031987,,,
9209,0,svm,max,balanced,cached_mxbai,1276,1782235797.3344011,,,
4653,0,svm,max,balanced,cached_mxbai,1277,1782235797.466168,,,
5221,0,svm,max,balanced,cached_mxbai,1278,1782235797.5979748,,,
6670,0,svm,max,balanced,cached_mxbai,1279,1782235797.726725,,,
5186,0,svm,max,balanced,cached_mxbai,1280,1782235797.8557136,,,
3984,0,svm,max,balanced,cached_mxbai,1281,1782235797.987839,,,
4818,0,svm,max,balanced,cached_mxbai,1282,1782235798.11686,,,
6137,0,svm,max,balanced,cached_mxbai,1283,1782235798.2461996,,,
4892,0,svm,max,balanced,cached_mxbai,1284,1782235798.377302,,,
9834,0,svm,max,balanced,cached_mxbai,1285,1782235798.506259,,,
10399,0,svm,max,balanced,cached_mxbai,1286,1782235798.6354566,,,
4928,0,svm,max,balanced,cached_mxbai,1287,1782235798.7649896,,,
4351,0,svm,max,balanced,cached_mxbai,1288,1782235798.8952627,,,
8848,0,svm,max,balanced,cached_mxbai,1289,1782235799.0271347,,,
6945,0,svm,max,balanced,cached_mxbai,1290,1782235799.1572573,,,
4231,0,svm,max,balanced,cached_mxbai,1291,1782235799.2869196,,,
3052,0,svm,max,balanced,cached_mxbai,1292,1782235799.4175851,,,
47,0,svm,max,balanced,cached_mxbai,1293,1782235799.5481439,,,
4926,0,svm,max,balanced,cached_mxbai,1294,1782235799.67967,,,
3188,0,svm,max,balanced,cached_mxbai,1295,1782235799.8096755,,,
9272,0,svm,max,balanced,cached_mxbai,1296,1782235799.9403877,,,
4459,0,svm,max,balanced,cached_mxbai,1297,1782235800.0749815,,,
9108,0,svm,max,balanced,cached_mxbai,1298,1782235800.2046957,,,
5992,0,svm,max,balanced,cached_mxbai,1299,1782235800.3336394,,,
7232,0,svm,max,balanced,cached_mxbai,1300,1782235800.4636493,,,
4198,0,svm,max,balanced,cached_mxbai,1301,1782235800.5931273,,,
4011,0,svm,max,balanced,cached_mxbai,1302,1782235800.7226367,,,
4416,0,svm,max,balanced,cached_mxbai,1303,1782235800.8540978,,,
6482,0,svm,max,balanced,cached_mxbai,1304,1782235800.9872265,,,
4655,0,svm,max,balanced,cached_mxbai,1305,1782235801.1186285,,,
3350,0,svm,max,balanced,cached_mxbai,1306,1782235801.2495475,,,
8560,0,svm,max,balanced,cached_mxbai,1307,1782235801.382512,,,
7169,0,svm,max,balanced,cached_mxbai,1308,1782235801.5152156,,,
4291,0,svm,max,balanced,cached_mxbai,1309,1782235801.647471,,,
1156,0,svm,max,balanced,cached_mxbai,1310,1782235801.7789643,,,
9604,0,svm,max,balanced,cached_mxbai,1311,1782235801.9115717,,,
4417,0,svm,max,balanced,cached_mxbai,1312,1782235802.044133,,,
9083,0,svm,max,balanced,cached_mxbai,1313,1782235802.1747682,,,
7744,0,svm,max,balanced,cached_mxbai,1314,1782235802.3064978,,,
2770,0,svm,max,balanced,cached_mxbai,1315,1782235802.4461496,,,
3033,0,svm,max,balanced,cached_mxbai,1316,1782235802.5829365,,,
10058,0,svm,max,balanced,cached_mxbai,1317,1782235802.7183166,,,
3693,0,svm,max,balanced,cached_mxbai,1318,1782235802.8508406,,,
4846,0,svm,max,balanced,cached_mxbai,1319,1782235802.9853337,,,
3952,0,svm,max,balanced,cached_mxbai,1320,1782235803.1185112,,,
7527,0,svm,max,balanced,cached_mxbai,1321,1782235803.2508225,,,
9449,0,svm,max,balanced,cached_mxbai,1322,1782235803.3846798,,,
7961,0,svm,max,balanced,cached_mxbai,1323,1782235803.517801,,,
4412,0,svm,max,balanced,cached_mxbai,1324,1782235803.6496122,,,
4772,0,svm,max,balanced,cached_mxbai,1325,1782235803.7801898,,,
1852,0,svm,max,balanced,cached_mxbai,1326,1782235803.9123874,,,
4958,0,svm,max,balanced,cached_mxbai,1327,1782235804.0468557,,,
7632,0,svm,max,balanced,cached_mxbai,1328,1782235804.1792734,,,
9290,0,svm,max,balanced,cached_mxbai,1329,1782235804.3127508,,,
8812,0,svm,max,balanced,cached_mxbai,1330,1782235804.4450495,,,
9160,0,svm,max,balanced,cached_mxbai,1331,1782235804.5799818,,,
10060,0,svm,max,balanced,cached_mxbai,1332,1782235804.7149937,,,
9797,0,svm,max,balanced,cached_mxbai,1333,1782235804.8486466,,,
3061,0,svm,max,balanced,cached_mxbai,1334,1782235804.9836829,,,
4419,0,svm,max,balanced,cached_mxbai,1335,1782235805.120176,,,
8282,0,svm,max,balanced,cached_mxbai,1336,1782235805.2776935,,,
7691,0,svm,max,balanced,cached_mxbai,1337,1782235805.4281669,,,
3475,0,svm,max,balanced,cached_mxbai,1338,1782235805.5615847,,,
4865,0,svm,max,balanced,cached_mxbai,1339,1782235805.6985052,,,
5575,0,svm,max,balanced,cached_mxbai,1340,1782235805.8315113,,,
5161,0,svm,max,balanced,cached_mxbai,1341,1782235805.9649894,,,
5511,0,svm,max,balanced,cached_mxbai,1342,1782235806.0979805,,,
4469,0,svm,max,balanced,cached_mxbai,1343,1782235806.2346337,,,
6748,0,svm,max,balanced,cached_mxbai,1344,1782235806.3697705,,,
10326,0,svm,max,balanced,cached_mxbai,1345,1782235806.505652,,,
4537,0,svm,max,balanced,cached_mxbai,1346,1782235806.6450746,,,
4148,0,svm,max,balanced,cached_mxbai,1347,1782235806.7792652,,,
6338,0,svm,max,balanced,cached_mxbai,1348,1782235806.9135227,,,
8050,0,svm,max,balanced,cached_mxbai,1349,1782235807.0519116,,,
7079,0,svm,max,balanced,cached_mxbai,1350,1782235807.185886,,,
4012,0,svm,max,balanced,cached_mxbai,1351,1782235807.319643,,,
4575,0,svm,max,balanced,cached_mxbai,1352,1782235807.4532108,,,
570,0,svm,max,balanced,cached_mxbai,1353,1782235807.5862405,,,
4331,0,svm,max,balanced,cached_mxbai,1354,1782235807.739605,,,
5552,0,svm,max,balanced,cached_mxbai,1355,1782235807.889861,,,
3440,0,svm,max,balanced,cached_mxbai,1356,1782235808.026704,,,
4700,0,svm,max,balanced,cached_mxbai,1357,1782235808.1619382,,,
6005,0,svm,max,balanced,cached_mxbai,1358,1782235808.295297,,,
4111,0,svm,max,balanced,cached_mxbai,1359,1782235808.4323921,,,
8679,0,svm,max,balanced,cached_mxbai,1360,1782235808.5655339,,,
9623,0,svm,max,balanced,cached_mxbai,1361,1782235808.7037826,,,
7149,0,svm,max,balanced,cached_mxbai,1362,1782235808.837875,,,
4098,0,svm,max,balanced,cached_mxbai,1363,1782235808.9737031,,,
2965,0,svm,max,balanced,cached_mxbai,1364,1782235809.1087232,,,
3282,0,svm,max,balanced,cached_mxbai,1365,1782235809.2434468,,,
5902,0,svm,max,balanced,cached_mxbai,1366,1782235809.3792162,,,
10088,0,svm,max,balanced,cached_mxbai,1367,1782235809.5141153,,,
571,0,svm,max,balanced,cached_mxbai,1368,1782235809.651775,,,
5939,0,svm,max,balanced,cached_mxbai,1369,1782235809.7858353,,,
4530,0,svm,max,balanced,cached_mxbai,1370,1782235809.9207747,,,
4893,0,svm,max,balanced,cached_mxbai,1371,1782235810.0589175,,,
759,0,svm,max,balanced,cached_mxbai,1372,1782235810.1935513,,,
6285,0,svm,max,balanced,cached_mxbai,1373,1782235810.330485,,,
5245,0,svm,max,balanced,cached_mxbai,1374,1782235810.4655876,,,
4764,0,svm,max,balanced,cached_mxbai,1375,1782235810.5998242,,,
8473,0,svm,max,balanced,cached_mxbai,1376,1782235810.7385676,,,
9773,0,svm,max,balanced,cached_mxbai,1377,1782235810.8756144,,,
2066,0,svm,max,balanced,cached_mxbai,1378,1782235811.012837,,,
4853,0,svm,max,balanced,cached_mxbai,1379,1782235811.1489544,,,
8497,0,svm,max,balanced,cached_mxbai,1380,1782235811.283874,,,
3434,0,svm,max,balanced,cached_mxbai,1381,1782235811.4152937,,,
4882,0,svm,max,balanced,cached_mxbai,1382,1782235811.5486503,,,
4319,0,svm,max,balanced,cached_mxbai,1383,1782235811.6865978,,,
1262,0,svm,max,balanced,cached_mxbai,1384,1782235811.820994,,,
4804,0,svm,max,balanced,cached_mxbai,1385,1782235811.956461,,,
9897,0,svm,max,balanced,cached_mxbai,1386,1782235812.093606,,,
3236,0,svm,max,balanced,cached_mxbai,1387,1782235812.2280545,,,
1078,0,svm,max,balanced,cached_mxbai,1388,1782235812.3624873,,,
5014,0,svm,max,balanced,cached_mxbai,1389,1782235812.4981427,,,
7265,0,svm,max,balanced,cached_mxbai,1390,1782235812.6336353,,,
10551,0,svm,max,balanced,cached_mxbai,1391,1782235812.7744753,,,
5212,0,svm,max,balanced,cached_mxbai,1392,1782235812.9114306,,,
8463,0,svm,max,balanced,cached_mxbai,1393,1782235813.0528443,,,
4411,0,svm,max,balanced,cached_mxbai,1394,1782235813.188098,,,
8158,0,svm,max,balanced,cached_mxbai,1395,1782235813.323096,,,
5839,1,svm,max,balanced,cached_mxbai,1396,1782235813.4600246,,,
7743,0,svm,max,balanced,cached_mxbai,1397,1782235813.5972114,,,
7712,0,svm,max,balanced,cached_mxbai,1398,1782235813.7368708,,,
2254,0,svm,max,balanced,cached_mxbai,1399,1782235813.8730001,,,
3634,0,svm,max,balanced,cached_mxbai,1400,1782235814.0149698,,,
5024,0,svm,max,balanced,cached_mxbai,1401,1782235814.1526809,,,
4261,0,svm,max,balanced,cached_mxbai,1402,1782235814.2897267,,,
5956,0,svm,max,balanced,cached_mxbai,1403,1782235814.4255223,,,
4799,0,svm,max,balanced,cached_mxbai,1404,1782235814.5612953,,,
8038,0,svm,max,balanced,cached_mxbai,1405,1782235814.7028294,,,
4652,0,svm,max,balanced,cached_mxbai,1406,1782235814.8409398,,,
3506,0,svm,max,balanced,cached_mxbai,1407,1782235814.9766843,,,
4668,0,svm,max,balanced,cached_mxbai,1408,1782235815.1296062,,,
8889,0,svm,max,balanced,cached_mxbai,1409,1782235815.2867937,,,
273,0,svm,max,balanced,cached_mxbai,1410,1782235815.4348252,,,
4632,0,svm,max,balanced,cached_mxbai,1411,1782235815.5700855,,,
3507,0,svm,max,balanced,cached_mxbai,1412,1782235815.710187,,,
3044,0,svm,max,balanced,cached_mxbai,1413,1782235815.845842,,,
5106,0,svm,max,balanced,cached_mxbai,1414,1782235815.984499,,,
2039,0,svm,max,balanced,cached_mxbai,1415,1782235816.1244543,,,
4970,0,svm,max,balanced,cached_mxbai,1416,1782235816.2611482,,,
9171,0,svm,max,balanced,cached_mxbai,1417,1782235816.3965013,,,
1234,0,svm,max,balanced,cached_mxbai,1418,1782235816.532876,,,
5108,0,svm,max,balanced,cached_mxbai,1419,1782235816.6691399,,,
3763,0,svm,max,balanced,cached_mxbai,1420,1782235816.809809,,,
5036,0,svm,max,balanced,cached_mxbai,1421,1782235816.9463327,,,
3988,0,svm,max,balanced,cached_mxbai,1422,1782235817.0881546,,,
7728,0,svm,max,balanced,cached_mxbai,1423,1782235817.2253282,,,
4664,0,svm,max,balanced,cached_mxbai,1424,1782235817.3626711,,,
8547,0,svm,max,balanced,cached_mxbai,1425,1782235817.500201,,,
5086,0,svm,max,balanced,cached_mxbai,1426,1782235817.638974,,,
4733,0,svm,max,balanced,cached_mxbai,1427,1782235817.780486,,,
6162,0,svm,max,balanced,cached_mxbai,1428,1782235817.9190884,,,
4463,0,svm,max,balanced,cached_mxbai,1429,1782235818.0660617,,,
10492,0,svm,max,balanced,cached_mxbai,1430,1782235818.2063348,,,
5159,0,svm,max,balanced,cached_mxbai,1431,1782235818.344226,,,
8918,0,svm,max,balanced,cached_mxbai,1432,1782235818.4821274,,,
4708,0,svm,max,balanced,cached_mxbai,1433,1782235818.619777,,,
3130,0,svm,max,balanced,cached_mxbai,1434,1782235818.759596,,,
4142,0,svm,max,balanced,cached_mxbai,1435,1782235818.897867,,,
4991,0,svm,max,balanced,cached_mxbai,1436,1782235819.0369413,,,
4966,0,svm,max,balanced,cached_mxbai,1437,1782235819.1747634,,,
1646,0,svm,max,balanced,cached_mxbai,1438,1782235819.3136127,,,
2583,0,svm,max,balanced,cached_mxbai,1439,1782235819.4506137,,,
3024,0,svm,max,balanced,cached_mxbai,1440,1782235819.588957,,,
4106,0,svm,max,balanced,cached_mxbai,1441,1782235819.7303538,,,
4629,0,svm,max,balanced,cached_mxbai,1442,1782235819.8865373,,,
6771,0,svm,max,balanced,cached_mxbai,1443,1782235820.0265117,,,
8928,0,svm,max,balanced,cached_mxbai,1444,1782235820.168701,,,
5153,0,svm,max,balanced,cached_mxbai,1445,1782235820.3087938,,,
6569,0,svm,max,balanced,cached_mxbai,1446,1782235820.4488225,,,
8228,0,svm,max,balanced,cached_mxbai,1447,1782235820.5880313,,,
5063,0,svm,max,balanced,cached_mxbai,1448,1782235820.728204,,,
3905,0,svm,max,balanced,cached_mxbai,1449,1782235820.8669071,,,
9410,0,svm,max,balanced,cached_mxbai,1450,1782235821.006952,,,
2831,0,svm,max,balanced,cached_mxbai,1451,1782235821.148482,,,
692,0,svm,max,balanced,cached_mxbai,1452,1782235821.2887502,,,
4615,0,svm,max,balanced,cached_mxbai,1453,1782235821.4274802,,,
4045,0,svm,max,balanced,cached_mxbai,1454,1782235821.5667336,,,
6196,0,svm,max,balanced,cached_mxbai,1455,1782235821.7071426,,,
6461,0,svm,max,balanced,cached_mxbai,1456,1782235821.8474302,,,
5643,0,svm,max,balanced,cached_mxbai,1457,1782235821.9866009,,,
3644,0,svm,max,balanced,cached_mxbai,1458,1782235822.129399,,,
4336,0,svm,max,balanced,cached_mxbai,1459,1782235822.2691965,,,
4489,0,svm,max,balanced,cached_mxbai,1460,1782235822.4081354,,,
10065,0,svm,max,balanced,cached_mxbai,1461,1782235822.5481777,,,
7897,0,svm,max,balanced,cached_mxbai,1462,1782235822.6891704,,,
9864,0,svm,max,balanced,cached_mxbai,1463,1782235822.8330026,,,
5010,0,svm,max,balanced,cached_mxbai,1464,1782235822.97728,,,
3562,0,svm,max,balanced,cached_mxbai,1465,1782235823.1178944,,,
10239,0,svm,max,balanced,cached_mxbai,1466,1782235823.258182,,,
10242,0,svm,max,balanced,cached_mxbai,1467,1782235823.3998628,,,
9371,0,svm,max,balanced,cached_mxbai,1468,1782235823.539993,,,
4676,0,svm,max,balanced,cached_mxbai,1469,1782235823.6802137,,,
8885,0,svm,max,balanced,cached_mxbai,1470,1782235823.818715,,,
1613,0,svm,max,balanced,cached_mxbai,1471,1782235823.957248,,,
5151,0,svm,max,balanced,cached_mxbai,1472,1782235824.0994174,,,
4553,0,svm,max,balanced,cached_mxbai,1473,1782235824.240332,,,
9098,0,svm,max,balanced,cached_mxbai,1474,1782235824.3799481,,,
4654,0,svm,max,balanced,cached_mxbai,1475,1782235824.5202754,,,
5672,0,svm,max,balanced,cached_mxbai,1476,1782235824.6628993,,,
4975,0,svm,max,balanced,cached_mxbai,1477,1782235824.803731,,,
3805,0,svm,max,balanced,cached_mxbai,1478,1782235824.9428253,,,
5487,0,svm,max,balanced,cached_mxbai,1479,1782235825.0980453,,,
4539,0,svm,max,balanced,cached_mxbai,1480,1782235825.2512083,,,
9176,0,svm,max,balanced,cached_mxbai,1481,1782235825.4030101,,,
8123,0,svm,max,balanced,cached_mxbai,1482,1782235825.5421147,,,
1222,0,svm,max,balanced,cached_mxbai,1483,1782235825.6824071,,,
4600,0,svm,max,balanced,cached_mxbai,1484,1782235825.8225079,,,
113,0,svm,max,balanced,cached_mxbai,1485,1782235825.962156,,,
3146,0,svm,max,balanced,cached_mxbai,1486,1782235826.1063023,,,
4014,0,svm,max,balanced,cached_mxbai,1487,1782235826.2662966,,,
3932,0,svm,max,balanced,cached_mxbai,1488,1782235826.4067268,,,
6319,0,svm,max,balanced,cached_mxbai,1489,1782235826.546879,,,
10451,0,svm,max,balanced,cached_mxbai,1490,1782235826.6888154,,,
4562,0,svm,max,balanced,cached_mxbai,1491,1782235826.848939,,,
796,0,svm,max,balanced,cached_mxbai,1492,1782235826.9922903,,,
6671,0,svm,max,balanced,cached_mxbai,1493,1782235827.135833,,,
4284,0,svm,max,balanced,cached_mxbai,1494,1782235827.277134,,,
8046,0,svm,max,balanced,cached_mxbai,1495,1782235827.4176507,,,
8797,0,svm,max,balanced,cached_mxbai,1496,1782235827.5598521,,,
4996,0,svm,max,balanced,cached_mxbai,1497,1782235827.715402,,,
5984,0,svm,max,balanced,cached_mxbai,1498,1782235827.8591866,,,
8759,0,svm,max,balanced,cached_mxbai,1499,1782235828.0081027,,,
3460,0,svm,max,balanced,cached_mxbai,1500,1782235828.1551747,,,
6975,0,svm,max,balanced,cached_mxbai,1501,1782235828.299389,,,
5138,0,svm,max,balanced,cached_mxbai,1502,1782235828.4436097,,,
4488,0,svm,max,balanced,cached_mxbai,1503,1782235828.588054,,,
8580,0,svm,max,balanced,cached_mxbai,1504,1782235828.7323797,,,
5220,0,svm,max,balanced,cached_mxbai,1505,1782235828.8765483,,,
3629,0,svm,max,balanced,cached_mxbai,1506,1782235829.0207691,,,
10081,0,svm,max,balanced,cached_mxbai,1507,1782235829.166371,,,
4863,0,svm,max,balanced,cached_mxbai,1508,1782235829.3103857,,,
7477,0,svm,max,balanced,cached_mxbai,1509,1782235829.454178,,,
3640,0,svm,max,balanced,cached_mxbai,1510,1782235829.5992086,,,
2873,0,svm,max,balanced,cached_mxbai,1511,1782235829.7426758,,,
8828,0,svm,max,balanced,cached_mxbai,1512,1782235829.8879454,,,
3991,0,svm,max,balanced,cached_mxbai,1513,1782235830.0331302,,,
4490,0,svm,max,balanced,cached_mxbai,1514,1782235830.180346,,,
3752,0,svm,max,balanced,cached_mxbai,1515,1782235830.3260627,,,
4982,0,svm,max,balanced,cached_mxbai,1516,1782235830.469936,,,
1476,0,svm,max,balanced,cached_mxbai,1517,1782235830.630592,,,
5396,0,svm,max,balanced,cached_mxbai,1518,1782235830.7907293,,,
4207,0,svm,max,balanced,cached_mxbai,1519,1782235830.9344513,,,
8004,0,svm,max,balanced,cached_mxbai,1520,1782235831.0813763,,,
4372,0,svm,max,balanced,cached_mxbai,1521,1782235831.2407627,,,
5969,0,svm,max,balanced,cached_mxbai,1522,1782235831.401866,,,
8629,0,svm,max,balanced,cached_mxbai,1523,1782235831.5620217,,,
10133,0,svm,max,balanced,cached_mxbai,1524,1782235831.7238042,,,
4454,0,svm,max,balanced,cached_mxbai,1525,1782235831.883097,,,
4322,0,svm,max,balanced,cached_mxbai,1526,1782235832.0454497,,,
6122,0,svm,max,balanced,cached_mxbai,1527,1782235832.205685,,,
7873,0,svm,max,balanced,cached_mxbai,1528,1782235832.3646932,,,
4675,0,svm,max,balanced,cached_mxbai,1529,1782235832.5227554,,,
9947,0,svm,max,balanced,cached_mxbai,1530,1782235832.683517,,,
10545,0,svm,max,balanced,cached_mxbai,1531,1782235832.8436337,,,
4957,0,svm,max,balanced,cached_mxbai,1532,1782235833.0060878,,,
5223,0,svm,max,balanced,cached_mxbai,1533,1782235833.1661594,,,
3399,0,svm,max,balanced,cached_mxbai,1534,1782235833.324808,,,
3844,0,svm,max,balanced,cached_mxbai,1535,1782235833.4844015,,,
7933,0,svm,max,balanced,cached_mxbai,1536,1782235833.643995,,,
160,0,svm,max,balanced,cached_mxbai,1537,1782235833.80624,,,
9798,0,svm,max,balanced,cached_mxbai,1538,1782235833.9664392,,,
4725,0,svm,max,balanced,cached_mxbai,1539,1782235834.127223,,,
8355,0,svm,max,balanced,cached_mxbai,1540,1782235834.2882884,,,
9137,0,svm,max,balanced,cached_mxbai,1541,1782235834.4484737,,,
1912,0,svm,max,balanced,cached_mxbai,1542,1782235834.608895,,,
3938,0,svm,max,balanced,cached_mxbai,1543,1782235834.769105,,,
2562,0,svm,max,balanced,cached_mxbai,1544,1782235834.928821,,,
4827,0,svm,max,balanced,cached_mxbai,1545,1782235835.095899,,,
4138,0,svm,max,balanced,cached_mxbai,1546,1782235835.2726452,,,
8272,0,svm,max,balanced,cached_mxbai,1547,1782235835.4454837,,,
4486,0,svm,max,balanced,cached_mxbai,1548,1782235835.612501,,,
3801,0,svm,max,balanced,cached_mxbai,1549,1782235835.77541,,,
5110,0,svm,max,balanced,cached_mxbai,1550,1782235835.936134,,,
4634,0,svm,max,balanced,cached_mxbai,1551,1782235836.100571,,,
7879,0,svm,max,balanced,cached_mxbai,1552,1782235836.2688286,,,
6949,0,svm,max,balanced,cached_mxbai,1553,1782235836.4298906,,,
9582,0,svm,max,balanced,cached_mxbai,1554,1782235836.5977457,,,
4021,0,svm,max,balanced,cached_mxbai,1555,1782235836.7662134,,,
9219,0,svm,max,balanced,cached_mxbai,1556,1782235836.9357653,,,
4968,0,svm,max,balanced,cached_mxbai,1557,1782235837.1071966,,,
5198,0,svm,max,balanced,cached_mxbai,1558,1782235837.2776217,,,
6151,0,svm,max,balanced,cached_mxbai,1559,1782235837.4464762,,,
173,0,svm,max,balanced,cached_mxbai,1560,1782235837.6150255,,,
7714,0,svm,max,balanced,cached_mxbai,1561,1782235837.7837658,,,
7231,0,svm,max,balanced,cached_mxbai,1562,1782235837.9542108,,,
9547,0,svm,max,balanced,cached_mxbai,1563,1782235838.1266458,,,
5325,0,svm,max,balanced,cached_mxbai,1564,1782235838.2987268,,,
6138,0,svm,max,balanced,cached_mxbai,1565,1782235838.4691427,,,
4826,0,svm,max,balanced,cached_mxbai,1566,1782235838.6403394,,,
4278,0,svm,max,balanced,cached_mxbai,1567,1782235838.8130019,,,
5608,0,svm,max,balanced,cached_mxbai,1568,1782235838.985777,,,
3109,0,svm,max,balanced,cached_mxbai,1569,1782235839.1604118,,,
4501,0,svm,max,balanced,cached_mxbai,1570,1782235839.3322706,,,
6235,0,svm,max,balanced,cached_mxbai,1571,1782235839.504234,,,
3654,0,svm,max,balanced,cached_mxbai,1572,1782235839.6751227,,,
8303,0,svm,max,balanced,cached_mxbai,1573,1782235839.8457818,,,
57,0,svm,max,balanced,cached_mxbai,1574,1782235840.0154517,,,
4241,0,svm,max,balanced,cached_mxbai,1575,1782235840.1874962,,,
1261,0,svm,max,balanced,cached_mxbai,1576,1782235840.3593152,,,
2433,0,svm,max,balanced,cached_mxbai,1577,1782235840.536095,,,
3385,0,svm,max,balanced,cached_mxbai,1578,1782235840.7076976,,,
9878,0,svm,max,balanced,cached_mxbai,1579,1782235840.8754852,,,
3656,0,svm,max,balanced,cached_mxbai,1580,1782235841.0469682,,,
4757,0,svm,max,balanced,cached_mxbai,1581,1782235841.219468,,,
2541,0,svm,max,balanced,cached_mxbai,1582,1782235841.3878567,,,
9442,0,svm,max,balanced,cached_mxbai,1583,1782235841.5571814,,,
5496,0,svm,max,balanced,cached_mxbai,1584,1782235841.7260156,,,
4622,0,svm,max,balanced,cached_mxbai,1585,1782235841.8972518,,,
709,0,svm,max,balanced,cached_mxbai,1586,1782235842.0705426,,,
3783,0,svm,max,balanced,cached_mxbai,1587,1782235842.2406917,,,
9433,0,svm,max,balanced,cached_mxbai,1588,1782235842.411476,,,
5805,0,svm,max,balanced,cached_mxbai,1589,1782235842.5830407,,,
4699,0,svm,max,balanced,cached_mxbai,1590,1782235842.7550051,,,
6270,0,svm,max,balanced,cached_mxbai,1591,1782235842.9299126,,,
1321,0,svm,max,balanced,cached_mxbai,1592,1782235843.1037848,,,
1039,0,svm,max,balanced,cached_mxbai,1593,1782235843.2749798,,,
7768,0,svm,max,balanced,cached_mxbai,1594,1782235843.4449768,,,
8660,0,svm,max,balanced,cached_mxbai,1595,1782235843.6176696,,,
10206,0,svm,max,balanced,cached_mxbai,1596,1782235843.7870564,,,
3556,0,svm,max,balanced,cached_mxbai,1597,1782235843.9590425,,,
4693,0,svm,max,balanced,cached_mxbai,1598,1782235844.1343853,,,
4763,0,svm,max,balanced,cached_mxbai,1599,1782235844.3053815,,,
4847,0,svm,max,balanced,cached_mxbai,1600,1782235844.4772177,,,
3689,0,svm,max,balanced,cached_mxbai,1601,1782235844.6520607,,,
9911,0,svm,max,balanced,cached_mxbai,1602,1782235844.8259306,,,
4497,0,svm,max,balanced,cached_mxbai,1603,1782235844.997948,,,
6056,0,svm,max,balanced,cached_mxbai,1604,1782235845.1760836,,,
1031,0,svm,max,balanced,cached_mxbai,1605,1782235845.3712056,,,
5226,0,svm,max,balanced,cached_mxbai,1606,1782235845.5446122,,,
8847,0,svm,max,balanced,cached_mxbai,1607,1782235845.7182705,,,
3609,0,svm,max,balanced,cached_mxbai,1608,1782235845.8908734,,,
10521,0,svm,max,balanced,cached_mxbai,1609,1782235846.0602255,,,
4498,0,svm,max,balanced,cached_mxbai,1610,1782235846.2317214,,,
3165,0,svm,max,balanced,cached_mxbai,1611,1782235846.3995569,,,
9496,0,svm,max,balanced,cached_mxbai,1612,1782235846.5664535,,,
443,0,svm,max,balanced,cached_mxbai,1613,1782235846.739143,,,
3083,0,svm,max,balanced,cached_mxbai,1614,1782235846.9284165,,,
4750,0,svm,max,balanced,cached_mxbai,1615,1782235847.0886667,,,
9115,0,svm,max,balanced,cached_mxbai,1616,1782235847.2540832,,,
5128,0,svm,max,balanced,cached_mxbai,1617,1782235847.4260292,,,
1241,0,svm,max,balanced,cached_mxbai,1618,1782235847.589168,,,
3788,0,svm,max,balanced,cached_mxbai,1619,1782235847.7520702,,,
2782,0,svm,max,balanced,cached_mxbai,1620,1782235847.9061608,,,
4246,0,svm,max,balanced,cached_mxbai,1621,1782235848.0613277,,,
1796,0,svm,max,balanced,cached_mxbai,1622,1782235848.217849,,,
1416,0,svm,max,balanced,cached_mxbai,1623,1782235848.3712833,,,
1278,0,svm,max,balanced,cached_mxbai,1624,1782235848.5253172,,,
1855,0,svm,max,balanced,cached_mxbai,1625,1782235848.6789582,,,
3554,0,svm,max,balanced,cached_mxbai,1626,1782235848.8330896,,,
4091,0,svm,max,balanced,cached_mxbai,1627,1782235848.9914293,,,
6003,0,svm,max,balanced,cached_mxbai,1628,1782235849.1471798,,,
4483,0,svm,max,balanced,cached_mxbai,1629,1782235849.3049974,,,
5952,0,svm,max,balanced,cached_mxbai,1630,1782235849.4606745,,,
4392,0,svm,max,balanced,cached_mxbai,1631,1782235849.6149652,,,
9624,0,svm,max,balanced,cached_mxbai,1632,1782235849.7678075,,,
5621,0,svm,max,balanced,cached_mxbai,1633,1782235849.9215636,,,
4517,0,svm,max,balanced,cached_mxbai,1634,1782235850.0769086,,,
6815,0,svm,max,balanced,cached_mxbai,1635,1782235850.2320235,,,
5823,0,svm,max,balanced,cached_mxbai,1636,1782235850.388439,,,
5155,0,svm,max,balanced,cached_mxbai,1637,1782235850.5443628,,,
3183,0,svm,max,balanced,cached_mxbai,1638,1782235850.7003858,,,
8479,0,svm,max,balanced,cached_mxbai,1639,1782235850.8561978,,,
8404,0,svm,max,balanced,cached_mxbai,1640,1782235851.012635,,,
4069,0,svm,max,balanced,cached_mxbai,1641,1782235851.1703904,,,
3909,0,svm,max,balanced,cached_mxbai,1642,1782235851.3274922,,,
8301,0,svm,max,balanced,cached_mxbai,1643,1782235851.4889307,,,
5066,0,svm,max,balanced,cached_mxbai,1644,1782235851.64882,,,
1498,0,svm,max,balanced,cached_mxbai,1645,1782235851.807743,,,
5292,0,svm,max,balanced,cached_mxbai,1646,1782235851.9675133,,,
2187,0,svm,max,balanced,cached_mxbai,1647,1782235852.130198,,,
4896,0,svm,max,balanced,cached_mxbai,1648,1782235852.290768,,,
6069,0,svm,max,balanced,cached_mxbai,1649,1782235852.4492288,,,
5100,0,svm,max,balanced,cached_mxbai,1650,1782235852.6069562,,,
8658,0,svm,max,balanced,cached_mxbai,1651,1782235852.7654455,,,
4323,0,svm,max,balanced,cached_mxbai,1652,1782235852.9260354,,,
4090,0,svm,max,balanced,cached_mxbai,1653,1782235853.084338,,,
3757,0,svm,max,balanced,cached_mxbai,1654,1782235853.2454543,,,
7706,0,svm,max,balanced,cached_mxbai,1655,1782235853.4043791,,,
3840,0,svm,max,balanced,cached_mxbai,1656,1782235853.5644753,,,
604,0,svm,max,balanced,cached_mxbai,1657,1782235853.729807,,,
6548,0,svm,max,balanced,cached_mxbai,1658,1782235853.8912787,,,
10108,0,svm,max,balanced,cached_mxbai,1659,1782235854.0590365,,,
8694,0,svm,max,balanced,cached_mxbai,1660,1782235854.22371,,,
6585,0,svm,max,balanced,cached_mxbai,1661,1782235854.3895428,,,
9948,0,svm,max,balanced,cached_mxbai,1662,1782235854.5535035,,,
4766,0,svm,max,balanced,cached_mxbai,1663,1782235854.7164874,,,
2856,0,svm,max,balanced,cached_mxbai,1664,1782235854.878752,,,
10153,0,svm,max,balanced,cached_mxbai,1665,1782235855.0422132,,,
6537,0,svm,max,balanced,cached_mxbai,1666,1782235855.2080932,,,
4257,0,svm,max,balanced,cached_mxbai,1667,1782235855.4128976,,,
4122,0,svm,max,balanced,cached_mxbai,1668,1782235855.5781388,,,
6324,0,svm,max,balanced,cached_mxbai,1669,1782235855.744381,,,
8907,0,svm,max,balanced,cached_mxbai,1670,1782235855.9118013,,,
981,0,svm,max,balanced,cached_mxbai,1671,1782235856.0794778,,,
4245,0,svm,max,balanced,cached_mxbai,1672,1782235856.2484727,,,
4521,0,svm,max,balanced,cached_mxbai,1673,1782235856.4149773,,,
4438,0,svm,max,balanced,cached_mxbai,1674,1782235856.5818489,,,
4571,0,svm,max,balanced,cached_mxbai,1675,1782235856.7480001,,,
769,0,svm,max,balanced,cached_mxbai,1676,1782235856.915526,,,
6328,0,svm,max,balanced,cached_mxbai,1677,1782235857.08771,,,
8218,0,svm,max,balanced,cached_mxbai,1678,1782235857.2595212,,,
7959,0,svm,max,balanced,cached_mxbai,1679,1782235857.4335334,,,
7355,0,svm,max,balanced,cached_mxbai,1680,1782235857.6111782,,,
4295,0,svm,max,balanced,cached_mxbai,1681,1782235857.789776,,,
3832,0,svm,max,balanced,cached_mxbai,1682,1782235857.9688747,,,
4219,0,svm,max,balanced,cached_mxbai,1683,1782235858.14934,,,
9714,0,svm,max,balanced,cached_mxbai,1684,1782235858.3280482,,,
4601,0,svm,max,balanced,cached_mxbai,1685,1782235858.5094218,,,
7871,0,svm,max,balanced,cached_mxbai,1686,1782235858.690306,,,
3404,0,svm,max,balanced,cached_mxbai,1687,1782235858.8730032,,,
4400,0,svm,max,balanced,cached_mxbai,1688,1782235859.0644298,,,
178,0,svm,max,balanced,cached_mxbai,1689,1782235859.2520823,,,
8636,0,svm,max,balanced,cached_mxbai,1690,1782235859.434917,,,
639,0,svm,max,balanced,cached_mxbai,1691,1782235859.6174562,,,
7546,0,svm,max,balanced,cached_mxbai,1692,1782235859.792525,,,
4606,0,svm,max,balanced,cached_mxbai,1693,1782235859.9636712,,,
5781,0,svm,max,balanced,cached_mxbai,1694,1782235860.1325643,,,
3552,0,svm,max,balanced,cached_mxbai,1695,1782235860.3002672,,,
5079,0,svm,max,balanced,cached_mxbai,1696,1782235860.469244,,,
10271,0,svm,max,balanced,cached_mxbai,1697,1782235860.6353118,,,
4502,0,svm,max,balanced,cached_mxbai,1698,1782235860.8016498,,,
594,0,svm,max,balanced,cached_mxbai,1699,1782235860.9699817,,,
5777,0,svm,max,balanced,cached_mxbai,1700,1782235861.1375167,,,
2781,0,svm,max,balanced,cached_mxbai,1701,1782235861.3056715,,,
817,0,svm,max,balanced,cached_mxbai,1702,1782235861.4836154,,,
4749,0,svm,max,balanced,cached_mxbai,1703,1782235861.680412,,,
3446,0,svm,max,balanced,cached_mxbai,1704,1782235861.8692927,,,
9031,0,svm,max,balanced,cached_mxbai,1705,1782235862.0482876,,,
4305,0,svm,max,balanced,cached_mxbai,1706,1782235862.2146637,,,
4719,0,svm,max,balanced,cached_mxbai,1707,1782235862.3899972,,,
3889,0,svm,max,balanced,cached_mxbai,1708,1782235862.568731,,,
997,0,svm,max,balanced,cached_mxbai,1709,1782235862.73522,,,
3293,0,svm,max,balanced,cached_mxbai,1710,1782235862.9136715,,,
4334,0,svm,max,balanced,cached_mxbai,1711,1782235863.0916238,,,
4851,0,svm,max,balanced,cached_mxbai,1712,1782235863.268869,,,
3428,0,svm,max,balanced,cached_mxbai,1713,1782235863.4462287,,,
2431,0,svm,max,balanced,cached_mxbai,1714,1782235863.6227736,,,
5099,0,svm,max,balanced,cached_mxbai,1715,1782235863.7845218,,,
5167,0,svm,max,balanced,cached_mxbai,1716,1782235863.945023,,,
6323,0,svm,max,balanced,cached_mxbai,1717,1782235864.1368742,,,
3248,0,svm,max,balanced,cached_mxbai,1718,1782235864.333988,,,
2670,0,svm,max,balanced,cached_mxbai,1719,1782235864.5299258,,,
8693,0,svm,max,balanced,cached_mxbai,1720,1782235864.7264173,,,
4542,0,svm,max,balanced,cached_mxbai,1721,1782235864.9148264,,,
427,0,svm,max,balanced,cached_mxbai,1722,1782235865.1160958,,,
5240,0,svm,max,balanced,cached_mxbai,1723,1782235865.3287852,,,
3330,0,svm,max,balanced,cached_mxbai,1724,1782235865.5198293,,,
4809,0,svm,max,balanced,cached_mxbai,1725,1782235865.7102363,,,
5352,0,svm,max,balanced,cached_mxbai,1726,1782235865.900966,,,
3797,0,svm,max,balanced,cached_mxbai,1727,1782235866.0924306,,,
4808,0,svm,max,balanced,cached_mxbai,1728,1782235866.285527,,,
6042,0,svm,max,balanced,cached_mxbai,1729,1782235866.4747584,,,
9768,0,svm,max,balanced,cached_mxbai,1730,1782235866.6702547,,,
8798,0,svm,max,balanced,cached_mxbai,1731,1782235866.8739781,,,
4649,0,svm,max,balanced,cached_mxbai,1732,1782235867.06826,,,
4042,0,svm,max,balanced,cached_mxbai,1733,1782235867.2605445,,,
6699,0,svm,max,balanced,cached_mxbai,1734,1782235867.4504325,,,
5038,0,svm,max,balanced,cached_mxbai,1735,1782235867.6408865,,,
9254,0,svm,max,balanced,cached_mxbai,1736,1782235867.843782,,,
7947,0,svm,max,balanced,cached_mxbai,1737,1782235868.035298,,,
81,0,svm,max,balanced,cached_mxbai,1738,1782235868.2331333,,,
3200,0,svm,max,balanced,cached_mxbai,1739,1782235868.4268212,,,
5052,0,svm,max,balanced,cached_mxbai,1740,1782235868.6305861,,,
5667,0,svm,max,balanced,cached_mxbai,1741,1782235868.8258724,,,
5723,0,svm,max,balanced,cached_mxbai,1742,1782235869.0208466,,,
6233,0,svm,max,balanced,cached_mxbai,1743,1782235869.2197132,,,
4313,0,svm,max,balanced,cached_mxbai,1744,1782235869.4160628,,,
5188,0,svm,max,balanced,cached_mxbai,1745,1782235869.60875,,,
9407,0,svm,max,balanced,cached_mxbai,1746,1782235869.8056,,,
577,0,svm,max,balanced,cached_mxbai,1747,1782235870.0033402,,,
6167,0,svm,max,balanced,cached_mxbai,1748,1782235870.2051349,,,
7055,0,svm,max,balanced,cached_mxbai,1749,1782235870.4077518,,,
1704,0,svm,max,balanced,cached_mxbai,1750,1782235870.6117723,,,
3577,0,svm,max,balanced,cached_mxbai,1751,1782235870.8121321,,,
4990,0,svm,max,balanced,cached_mxbai,1752,1782235871.0169652,,,
195,0,svm,max,balanced,cached_mxbai,1753,1782235871.222942,,,
4920,0,svm,max,balanced,cached_mxbai,1754,1782235871.4296207,,,
8952,0,svm,max,balanced,cached_mxbai,1755,1782235871.6406426,,,
4784,0,svm,max,balanced,cached_mxbai,1756,1782235871.8542497,,,
4309,0,svm,max,balanced,cached_mxbai,1757,1782235872.0672092,,,
5069,0,svm,max,balanced,cached_mxbai,1758,1782235872.2788372,,,
4943,0,svm,max,balanced,cached_mxbai,1759,1782235872.486574,,,
5103,0,svm,max,balanced,cached_mxbai,1760,1782235872.700311,,,
3664,0,svm,max,balanced,cached_mxbai,1761,1782235872.9190142,,,
5076,0,svm,max,balanced,cached_mxbai,1762,1782235873.1370804,,,
3504,0,svm,max,balanced,cached_mxbai,1763,1782235873.3529549,,,
3533,0,svm,max,balanced,cached_mxbai,1764,1782235873.5603259,,,
4566,0,svm,max,balanced,cached_mxbai,1765,1782235873.757563,,,
9291,0,svm,max,balanced,cached_mxbai,1766,1782235873.9576979,,,
6293,0,svm,max,balanced,cached_mxbai,1767,1782235874.1639519,,,
7216,0,svm,max,balanced,cached_mxbai,1768,1782235874.3759284,,,
10309,0,svm,max,balanced,cached_mxbai,1769,1782235874.5858078,,,
10046,0,svm,max,balanced,cached_mxbai,1770,1782235874.7955203,,,
7137,0,svm,max,balanced,cached_mxbai,1771,1782235875.0033817,,,
5009,0,svm,max,balanced,cached_mxbai,1772,1782235875.2210746,,,
7681,0,svm,max,balanced,cached_mxbai,1773,1782235875.442836,,,
787,0,svm,max,balanced,cached_mxbai,1774,1782235875.6512935,,,
5896,0,svm,max,balanced,cached_mxbai,1775,1782235875.858766,,,
4701,0,svm,max,balanced,cached_mxbai,1776,1782235876.060648,,,
6642,0,svm,max,balanced,cached_mxbai,1777,1782235876.2551827,,,
4551,0,svm,max,balanced,cached_mxbai,1778,1782235876.4417472,,,
6816,0,svm,max,balanced,cached_mxbai,1779,1782235876.6284227,,,
10381,0,svm,max,balanced,cached_mxbai,1780,1782235876.8133235,,,
8829,0,svm,max,balanced,cached_mxbai,1781,1782235877.0051956,,,
3445,0,svm,max,balanced,cached_mxbai,1782,1782235877.1925635,,,
8536,0,svm,max,balanced,cached_mxbai,1783,1782235877.3811617,,,
5027,0,svm,max,balanced,cached_mxbai,1784,1782235877.5673554,,,
5519,0,svm,max,balanced,cached_mxbai,1785,1782235877.7561154,,,
1427,0,svm,max,balanced,cached_mxbai,1786,1782235877.9615858,,,
3047,0,svm,max,balanced,cached_mxbai,1787,1782235878.1494846,,,
9520,0,svm,max,balanced,cached_mxbai,1788,1782235878.3379412,,,
92,0,svm,max,balanced,cached_mxbai,1789,1782235878.5384533,,,
4035,0,svm,max,balanced,cached_mxbai,1790,1782235878.7448325,,,
1255,0,svm,max,balanced,cached_mxbai,1791,1782235878.9418957,,,
9628,0,svm,max,balanced,cached_mxbai,1792,1782235879.1390374,,,
5234,0,svm,max,balanced,cached_mxbai,1793,1782235879.3343806,,,
5213,0,svm,max,balanced,cached_mxbai,1794,1782235879.5332963,,,
4716,0,svm,max,balanced,cached_mxbai,1795,1782235879.7321942,,,
4180,0,svm,max,balanced,cached_mxbai,1796,1782235879.9299567,,,
7279,0,svm,max,balanced,cached_mxbai,1797,1782235880.1274843,,,
3924,0,svm,max,balanced,cached_mxbai,1798,1782235880.3265536,,,
1999,0,svm,max,balanced,cached_mxbai,1799,1782235880.522982,,,
10036,0,svm,max,balanced,cached_mxbai,1800,1782235880.7202134,,,
5346,0,svm,max,balanced,cached_mxbai,1801,1782235880.9181209,,,
4801,0,svm,max,balanced,cached_mxbai,1802,1782235881.1155992,,,
4343,0,svm,max,balanced,cached_mxbai,1803,1782235881.318224,,,
7438,0,svm,max,balanced,cached_mxbai,1804,1782235881.5149286,,,
5650,0,svm,max,balanced,cached_mxbai,1805,1782235881.7160335,,,
27,0,svm,max,balanced,cached_mxbai,1806,1782235881.915269,,,
7203,0,svm,max,balanced,cached_mxbai,1807,1782235882.1156821,,,
2137,0,svm,max,balanced,cached_mxbai,1808,1782235882.3203833,,,
5080,0,svm,max,balanced,cached_mxbai,1809,1782235882.534564,,,
8619,0,svm,max,balanced,cached_mxbai,1810,1782235882.748717,,,
3729,0,svm,max,balanced,cached_mxbai,1811,1782235882.9676304,,,
4954,0,svm,max,balanced,cached_mxbai,1812,1782235883.1824136,,,
9437,0,svm,max,balanced,cached_mxbai,1813,1782235883.3998942,,,
10410,0,svm,max,balanced,cached_mxbai,1814,1782235883.6165516,,,
3171,0,svm,max,balanced,cached_mxbai,1815,1782235883.833915,,,
10158,0,svm,max,balanced,cached_mxbai,1816,1782235884.05105,,,
10115,0,svm,max,balanced,cached_mxbai,1817,1782235884.2660632,,,
4627,0,svm,max,balanced,cached_mxbai,1818,1782235884.4800477,,,
4097,0,svm,max,balanced,cached_mxbai,1819,1782235884.6964607,,,
3231,0,svm,max,balanced,cached_mxbai,1820,1782235884.9133103,,,
4959,0,svm,max,balanced,cached_mxbai,1821,1782235885.150678,,,
2021,0,svm,max,balanced,cached_mxbai,1822,1782235885.400368,,,
5452,0,svm,max,balanced,cached_mxbai,1823,1782235885.6150594,,,
8373,0,svm,max,balanced,cached_mxbai,1824,1782235885.8304377,,,
3811,0,svm,max,balanced,cached_mxbai,1825,1782235886.0408251,,,
4482,0,svm,max,balanced,cached_mxbai,1826,1782235886.2558339,,,
5139,0,svm,max,balanced,cached_mxbai,1827,1782235886.4694846,,,
5799,0,svm,max,balanced,cached_mxbai,1828,1782235886.6829853,,,
5881,0,svm,max,balanced,cached_mxbai,1829,1782235886.899258,,,
52,0,svm,max,balanced,cached_mxbai,1830,1782235887.1142437,,,
9849,0,svm,max,balanced,cached_mxbai,1831,1782235887.3312492,,,
6357,0,svm,max,balanced,cached_mxbai,1832,1782235887.5418088,,,
10235,0,svm,max,balanced,cached_mxbai,1833,1782235887.7514315,,,
8979,0,svm,max,balanced,cached_mxbai,1834,1782235887.954428,,,
3809,0,svm,max,balanced,cached_mxbai,1835,1782235888.1431947,,,
8430,0,svm,max,balanced,cached_mxbai,1836,1782235888.3319073,,,
1032,0,svm,max,balanced,cached_mxbai,1837,1782235888.5203443,,,
4682,0,svm,max,balanced,cached_mxbai,1838,1782235888.707169,,,
3921,0,svm,max,balanced,cached_mxbai,1839,1782235888.8952103,,,
8483,0,svm,max,balanced,cached_mxbai,1840,1782235889.0827234,,,
7199,0,svm,max,balanced,cached_mxbai,1841,1782235889.27186,,,
3331,0,svm,max,balanced,cached_mxbai,1842,1782235889.4603064,,,
7155,0,svm,max,balanced,cached_mxbai,1843,1782235889.6487207,,,
9113,0,svm,max,balanced,cached_mxbai,1844,1782235889.8383665,,,
4737,0,svm,max,balanced,cached_mxbai,1845,1782235890.0239413,,,
4741,0,svm,max,balanced,cached_mxbai,1846,1782235890.2131822,,,
1143,0,svm,max,balanced,cached_mxbai,1847,1782235890.4060585,,,
7257,0,svm,max,balanced,cached_mxbai,1848,1782235890.5921288,,,
8191,0,svm,max,balanced,cached_mxbai,1849,1782235890.7773242,,,
3724,0,svm,max,balanced,cached_mxbai,1850,1782235890.9600625,,,
5045,0,svm,max,balanced,cached_mxbai,1851,1782235891.1447263,,,
229,0,svm,max,balanced,cached_mxbai,1852,1782235891.3328168,,,
7058,0,svm,max,balanced,cached_mxbai,1853,1782235891.5198197,,,
1641,0,svm,max,balanced,cached_mxbai,1854,1782235891.704921,,,
1863,0,svm,max,balanced,cached_mxbai,1855,1782235891.8908165,,,
7050,0,svm,max,balanced,cached_mxbai,1856,1782235892.074146,,,
4759,0,svm,max,balanced,cached_mxbai,1857,1782235892.2605298,,,
7717,0,svm,max,balanced,cached_mxbai,1858,1782235892.4450889,,,
10034,0,svm,max,balanced,cached_mxbai,1859,1782235892.6356912,,,
9299,0,svm,max,balanced,cached_mxbai,1860,1782235892.8211608,,,
4394,0,svm,max,balanced,cached_mxbai,1861,1782235893.0125291,,,
4987,0,svm,max,balanced,cached_mxbai,1862,1782235893.1968727,,,
7418,0,svm,max,balanced,cached_mxbai,1863,1782235893.3832517,,,
78,0,svm,max,balanced,cached_mxbai,1864,1782235893.56839,,,
3400,0,svm,max,balanced,cached_mxbai,1865,1782235893.754545,,,
7318,0,svm,max,balanced,cached_mxbai,1866,1782235893.9384923,,,
7363,0,svm,max,balanced,cached_mxbai,1867,1782235894.1225963,,,
7233,0,svm,max,balanced,cached_mxbai,1868,1782235894.3078187,,,
7000,0,svm,max,balanced,cached_mxbai,1869,1782235894.4912236,,,
5084,0,svm,max,balanced,cached_mxbai,1870,1782235894.6764464,,,
7178,0,svm,max,balanced,cached_mxbai,1871,1782235894.8615644,,,
6822,0,svm,max,balanced,cached_mxbai,1872,1782235895.0484483,,,
4608,0,svm,max,balanced,cached_mxbai,1873,1782235895.244117,,,
80,0,svm,max,balanced,cached_mxbai,1874,1782235895.452077,,,
7683,0,svm,max,balanced,cached_mxbai,1875,1782235895.6375682,,,
4963,0,svm,max,balanced,cached_mxbai,1876,1782235895.8254483,,,
5862,0,svm,max,balanced,cached_mxbai,1877,1782235896.0115638,,,
3152,0,svm,max,balanced,cached_mxbai,1878,1782235896.1969275,,,
8996,0,svm,max,balanced,cached_mxbai,1879,1782235896.3870294,,,
124,0,svm,max,balanced,cached_mxbai,1880,1782235896.5742915,,,
4689,0,svm,max,balanced,cached_mxbai,1881,1782235896.761058,,,
1131,0,svm,max,balanced,cached_mxbai,1882,1782235896.9466088,,,
3776,0,svm,max,balanced,cached_mxbai,1883,1782235897.1329195,,,
5759,0,svm,max,balanced,cached_mxbai,1884,1782235897.3216171,,,
1370,0,svm,max,balanced,cached_mxbai,1885,1782235897.5087492,,,
10422,0,svm,max,balanced,cached_mxbai,1886,1782235897.693599,,,
5119,0,svm,max,balanced,cached_mxbai,1887,1782235897.8825247,,,
7697,0,svm,max,balanced,cached_mxbai,1888,1782235898.0679548,,,
806,0,svm,max,balanced,cached_mxbai,1889,1782235898.2530537,,,
4745,0,svm,max,balanced,cached_mxbai,1890,1782235898.446767,,,
6431,0,svm,max,balanced,cached_mxbai,1891,1782235898.6399674,,,
5592,0,svm,max,balanced,cached_mxbai,1892,1782235898.8313982,,,
6060,0,svm,max,balanced,cached_mxbai,1893,1782235899.0219774,,,
7077,0,svm,max,balanced,cached_mxbai,1894,1782235899.2149734,,,
2319,0,svm,max,balanced,cached_mxbai,1895,1782235899.410684,,,
6153,0,svm,max,balanced,cached_mxbai,1896,1782235899.6036742,,,
4493,0,svm,max,balanced,cached_mxbai,1897,1782235899.7979796,,,
9704,0,svm,max,balanced,cached_mxbai,1898,1782235899.9924493,,,
3709,0,svm,max,balanced,cached_mxbai,1899,1782235900.1915383,,,
3211,0,svm,max,balanced,cached_mxbai,1900,1782235900.3993452,,,
10446,0,svm,max,balanced,cached_mxbai,1901,1782235900.6022205,,,
1084,0,svm,max,balanced,cached_mxbai,1902,1782235900.7994125,,,
5043,0,svm,max,balanced,cached_mxbai,1903,1782235900.9988246,,,
9369,0,svm,max,balanced,cached_mxbai,1904,1782235901.197993,,,
2773,0,svm,max,balanced,cached_mxbai,1905,1782235901.3985708,,,
5231,0,svm,max,balanced,cached_mxbai,1906,1782235901.6057496,,,
8210,0,svm,max,balanced,cached_mxbai,1907,1782235901.8089192,,,
5087,0,svm,max,balanced,cached_mxbai,1908,1782235902.0099084,,,
4660,0,svm,max,balanced,cached_mxbai,1909,1782235902.2096193,,,
3602,0,svm,max,balanced,cached_mxbai,1910,1782235902.4095063,,,
7891,0,svm,max,balanced,cached_mxbai,1911,1782235902.605906,,,
2473,0,svm,max,balanced,cached_mxbai,1912,1782235902.8026767,,,
1502,0,svm,max,balanced,cached_mxbai,1913,1782235903.0047011,,,
10120,0,svm,max,balanced,cached_mxbai,1914,1782235903.2001803,,,
4617,0,svm,max,balanced,cached_mxbai,1915,1782235903.397115,,,
3753,0,svm,max,balanced,cached_mxbai,1916,1782235903.5960755,,,
5129,0,svm,max,balanced,cached_mxbai,1917,1782235903.7941146,,,
7091,0,svm,max,balanced,cached_mxbai,1918,1782235903.9921012,,,
10252,0,svm,max,balanced,cached_mxbai,1919,1782235904.1886892,,,
5136,0,svm,max,balanced,cached_mxbai,1920,1782235904.3925192,,,
8105,0,svm,max,balanced,cached_mxbai,1921,1782235904.5952592,,,
3998,0,svm,max,balanced,cached_mxbai,1922,1782235904.7975473,,,
1808,0,svm,max,balanced,cached_mxbai,1923,1782235904.9974914,,,
6390,0,svm,max,balanced,cached_mxbai,1924,1782235905.202505,,,
809,0,svm,max,balanced,cached_mxbai,1925,1782235905.433749,,,
4437,0,svm,max,balanced,cached_mxbai,1926,1782235905.6343904,,,
5842,0,svm,max,balanced,cached_mxbai,1927,1782235905.8360574,,,
422,0,svm,max,balanced,cached_mxbai,1928,1782235906.0365179,,,
1566,0,svm,max,balanced,cached_mxbai,1929,1782235906.2350636,,,
4175,0,svm,max,balanced,cached_mxbai,1930,1782235906.43539,,,
1040,0,svm,max,balanced,cached_mxbai,1931,1782235906.6330814,,,
3364,0,svm,max,balanced,cached_mxbai,1932,1782235906.831072,,,
3549,0,svm,max,balanced,cached_mxbai,1933,1782235907.030284,,,
2819,0,svm,max,balanced,cached_mxbai,1934,1782235907.2295506,,,
6216,0,svm,max,balanced,cached_mxbai,1935,1782235907.4312174,,,
9370,0,svm,max,balanced,cached_mxbai,1936,1782235907.633549,,,
9572,0,svm,max,balanced,cached_mxbai,1937,1782235907.832543,,,
4477,0,svm,max,balanced,cached_mxbai,1938,1782235908.032945,,,
2293,0,svm,max,balanced,cached_mxbai,1939,1782235908.232387,,,
8024,0,svm,max,balanced,cached_mxbai,1940,1782235908.4341779,,,
7369,0,svm,max,balanced,cached_mxbai,1941,1782235908.6344995,,,
9603,0,svm,max,balanced,cached_mxbai,1942,1782235908.8366284,,,
10557,0,svm,max,balanced,cached_mxbai,1943,1782235909.0406651,,,
5310,0,svm,max,balanced,cached_mxbai,1944,1782235909.2408464,,,
6616,0,svm,max,balanced,cached_mxbai,1945,1782235909.4527974,,,
8610,0,svm,max,balanced,cached_mxbai,1946,1782235909.6637197,,,
4843,0,svm,max,balanced,cached_mxbai,1947,1782235909.8542848,,,
4211,0,svm,max,balanced,cached_mxbai,1948,1782235910.0452023,,,
8367,0,svm,max,balanced,cached_mxbai,1949,1782235910.255139,,,
8337,0,svm,max,balanced,cached_mxbai,1950,1782235910.4536028,,,
242,0,svm,max,balanced,cached_mxbai,1951,1782235910.6489887,,,
6478,0,svm,max,balanced,cached_mxbai,1952,1782235910.844302,,,
4344,0,svm,max,balanced,cached_mxbai,1953,1782235911.0402827,,,
4150,0,svm,max,balanced,cached_mxbai,1954,1782235911.2360778,,,
3285,0,svm,max,balanced,cached_mxbai,1955,1782235911.4339058,,,
3412,0,svm,max,balanced,cached_mxbai,1956,1782235911.631898,,,
7550,0,svm,max,balanced,cached_mxbai,1957,1782235911.8298519,,,
5696,0,svm,max,balanced,cached_mxbai,1958,1782235912.026209,,,
5205,0,svm,max,balanced,cached_mxbai,1959,1782235912.2232895,,,
4823,0,svm,max,balanced,cached_mxbai,1960,1782235912.4214408,,,
5178,0,svm,max,balanced,cached_mxbai,1961,1782235912.6168323,,,
5042,0,svm,max,balanced,cached_mxbai,1962,1782235912.8154285,,,
8263,0,svm,max,balanced,cached_mxbai,1963,1782235913.0179214,,,
8088,1,svm,max,balanced,cached_mxbai,1964,1782235913.2133703,,,
6045,0,svm,max,balanced,cached_mxbai,1965,1782235913.4128199,,,
9457,0,svm,max,balanced,cached_mxbai,1966,1782235913.6107576,,,
4325,0,svm,max,balanced,cached_mxbai,1967,1782235913.8086581,,,
6284,0,svm,max,balanced,cached_mxbai,1968,1782235914.0099058,,,
3495,0,svm,max,balanced,cached_mxbai,1969,1782235914.2114658,,,
1439,0,svm,max,balanced,cached_mxbai,1970,1782235914.4143248,,,
8717,0,svm,max,balanced,cached_mxbai,1971,1782235914.6134498,,,
9804,0,svm,max,balanced,cached_mxbai,1972,1782235914.829949,,,
66,0,svm,max,balanced,cached_mxbai,1973,1782235915.0389247,,,
4576,0,svm,max,balanced,cached_mxbai,1974,1782235915.2563834,,,
3705,0,svm,max,balanced,cached_mxbai,1975,1782235915.4824855,,,
8770,0,svm,max,balanced,cached_mxbai,1976,1782235915.6976466,,,
3233,0,svm,max,balanced,cached_mxbai,1977,1782235915.9068234,,,
4806,0,svm,max,balanced,cached_mxbai,1978,1782235916.112219,,,
1022,0,svm,max,balanced,cached_mxbai,1979,1782235916.3227715,,,
1093,0,svm,max,balanced,cached_mxbai,1980,1782235916.5304396,,,
1594,0,svm,max,balanced,cached_mxbai,1981,1782235916.738018,,,
5562,0,svm,max,balanced,cached_mxbai,1982,1782235916.9430337,,,
3606,0,svm,max,balanced,cached_mxbai,1983,1782235917.1577566,,,
4123,0,svm,max,balanced,cached_mxbai,1984,1782235917.3648484,,,
4269,0,svm,max,balanced,cached_mxbai,1985,1782235917.5693,,,
1926,0,svm,max,balanced,cached_mxbai,1986,1782235917.7827017,,,
3346,0,svm,max,balanced,cached_mxbai,1987,1782235917.999523,,,
8194,0,svm,max,balanced,cached_mxbai,1988,1782235918.2022748,,,
7312,0,svm,max,balanced,cached_mxbai,1989,1782235918.4219985,,,
9277,0,svm,max,balanced,cached_mxbai,1990,1782235918.6483982,,,
9321,0,svm,max,balanced,cached_mxbai,1991,1782235918.8537238,,,
8335,0,svm,max,balanced,cached_mxbai,1992,1782235919.0861213,,,
6989,0,svm,max,balanced,cached_mxbai,1993,1782235919.2937942,,,
5255,0,svm,max,balanced,cached_mxbai,1994,1782235919.500868,,,
3264,0,svm,max,balanced,cached_mxbai,1995,1782235919.7103138,,,
2373,0,svm,max,balanced,cached_mxbai,1996,1782235919.9286673,,,
1486,0,svm,max,balanced,cached_mxbai,1997,1782235920.1444426,,,
4550,0,svm,max,balanced,cached_mxbai,1998,1782235920.350768,,,
95,0,svm,max,balanced,cached_mxbai,1999,1782235920.5555139,,,
3496,0,svm,max,balanced,cached_mxbai,2000,1782235920.756792,,,
1006,0,svm,max,balanced,cached_mxbai,2001,1782235920.9654984,,,
10006,0,svm,max,balanced,cached_mxbai,2002,1782235921.1718888,,,
7374,0,svm,max,balanced,cached_mxbai,2003,1782235921.3804295,,,
6185,0,svm,max,balanced,cached_mxbai,2004,1782235921.5910838,,,
5734,0,svm,max,balanced,cached_mxbai,2005,1782235921.805824,,,
4186,0,svm,max,balanced,cached_mxbai,2006,1782235922.021391,,,
6353,0,svm,max,balanced,cached_mxbai,2007,1782235922.2316573,,,
6462,0,svm,max,balanced,cached_mxbai,2008,1782235922.4502363,,,
8554,0,svm,max,balanced,cached_mxbai,2009,1782235922.6645794,,,
4855,0,svm,max,balanced,cached_mxbai,2010,1782235922.8818724,,,
9473,0,svm,max,balanced,cached_mxbai,2011,1782235923.101426,,,
2892,0,svm,max,balanced,cached_mxbai,2012,1782235923.3145113,,,
672,0,svm,max,balanced,cached_mxbai,2013,1782235923.530852,,,
1761,0,svm,max,balanced,cached_mxbai,2014,1782235923.744222,,,
9877,0,svm,max,balanced,cached_mxbai,2015,1782235923.955877,,,
365,0,svm,max,balanced,cached_mxbai,2016,1782235924.173709,,,
4810,0,svm,max,balanced,cached_mxbai,2017,1782235924.3889468,,,
7950,0,svm,max,balanced,cached_mxbai,2018,1782235924.60686,,,
3274,0,svm,max,balanced,cached_mxbai,2019,1782235924.8150332,,,
7099,0,svm,max,balanced,cached_mxbai,2020,1782235925.026383,,,
38,0,svm,max,balanced,cached_mxbai,2021,1782235925.2344167,,,
8388,0,svm,max,balanced,cached_mxbai,2022,1782235925.4693215,,,
5007,0,svm,max,balanced,cached_mxbai,2023,1782235925.6661325,,,
3683,0,svm,max,balanced,cached_mxbai,2024,1782235925.863839,,,
4857,0,svm,max,balanced,cached_mxbai,2025,1782235926.061013,,,
8761,0,svm,max,balanced,cached_mxbai,2026,1782235926.2570837,,,
6976,0,svm,max,balanced,cached_mxbai,2027,1782235926.458046,,,
2184,0,svm,max,balanced,cached_mxbai,2028,1782235926.6597385,,,
3700,0,svm,max,balanced,cached_mxbai,2029,1782235926.8578317,,,
9733,0,svm,max,balanced,cached_mxbai,2030,1782235927.0562491,,,
2040,0,svm,max,balanced,cached_mxbai,2031,1782235927.2550557,,,
4852,0,svm,max,balanced,cached_mxbai,2032,1782235927.4566102,,,
6359,0,svm,max,balanced,cached_mxbai,2033,1782235927.6538484,,,
4581,0,svm,max,balanced,cached_mxbai,2034,1782235927.8526237,,,
5971,0,svm,max,balanced,cached_mxbai,2035,1782235928.0524871,,,
1896,0,svm,max,balanced,cached_mxbai,2036,1782235928.2510607,,,
4525,0,svm,max,balanced,cached_mxbai,2037,1782235928.452706,,,
8504,0,svm,max,balanced,cached_mxbai,2038,1782235928.6587827,,,
3245,0,svm,max,balanced,cached_mxbai,2039,1782235928.8595102,,,
6424,0,svm,max,balanced,cached_mxbai,2040,1782235929.0591872,,,
7276,0,svm,max,balanced,cached_mxbai,2041,1782235929.2598784,,,
9144,0,svm,max,balanced,cached_mxbai,2042,1782235929.460658,,,
4731,0,svm,max,balanced,cached_mxbai,2043,1782235929.6594224,,,
6899,0,svm,max,balanced,cached_mxbai,2044,1782235929.8635962,,,
4082,0,svm,max,balanced,cached_mxbai,2045,1782235930.0724545,,,
1546,0,svm,max,balanced,cached_mxbai,2046,1782235930.2760384,,,
4929,0,svm,max,balanced,cached_mxbai,2047,1782235930.4819121,,,
3867,0,svm,max,balanced,cached_mxbai,2048,1782235930.7186549,,,
4329,0,svm,max,balanced,cached_mxbai,2049,1782235930.952249,,,
5068,0,svm,max,balanced,cached_mxbai,2050,1782235931.1877863,,,
4286,0,svm,max,balanced,cached_mxbai,2051,1782235931.4198906,,,
5462,0,svm,max,balanced,cached_mxbai,2052,1782235931.6530907,,,
10403,0,svm,max,balanced,cached_mxbai,2053,1782235931.8892462,,,
1914,0,svm,max,balanced,cached_mxbai,2054,1782235932.1269217,,,
4407,0,svm,max,balanced,cached_mxbai,2055,1782235932.3607173,,,
6286,0,svm,max,balanced,cached_mxbai,2056,1782235932.5964673,,,
8583,0,svm,max,balanced,cached_mxbai,2057,1782235932.8382347,,,
8322,0,svm,max,balanced,cached_mxbai,2058,1782235933.0796578,,,
826,0,svm,max,balanced,cached_mxbai,2059,1782235933.3161464,,,
3232,0,svm,max,balanced,cached_mxbai,2060,1782235933.5528064,,,
8111,0,svm,max,balanced,cached_mxbai,2061,1782235933.7890437,,,
3210,0,svm,max,balanced,cached_mxbai,2062,1782235934.0238347,,,
4596,0,svm,max,balanced,cached_mxbai,2063,1782235934.2597005,,,
7061,0,svm,max,balanced,cached_mxbai,2064,1782235934.5002103,,,
4755,0,svm,max,balanced,cached_mxbai,2065,1782235934.7452385,,,
3054,0,svm,max,balanced,cached_mxbai,2066,1782235934.9820237,,,
4183,0,svm,max,balanced,cached_mxbai,2067,1782235935.2240682,,,
5104,0,svm,max,balanced,cached_mxbai,2068,1782235935.4837272,,,
5463,0,svm,max,balanced,cached_mxbai,2069,1782235935.718009,,,
8082,0,svm,max,balanced,cached_mxbai,2070,1782235935.9535823,,,
5114,0,svm,max,balanced,cached_mxbai,2071,1782235936.190066,,,
2121,0,svm,max,balanced,cached_mxbai,2072,1782235936.429903,,,
417,0,svm,max,balanced,cached_mxbai,2073,1782235936.666862,,,
64,0,svm,max,balanced,cached_mxbai,2074,1782235936.9043994,,,
7446,0,svm,max,balanced,cached_mxbai,2075,1782235937.1422465,,,
1073,0,svm,max,balanced,cached_mxbai,2076,1782235937.3808372,,,
6765,0,svm,max,balanced,cached_mxbai,2077,1782235937.6193595,,,
5005,0,svm,max,balanced,cached_mxbai,2078,1782235937.8588707,,,
3419,0,svm,max,balanced,cached_mxbai,2079,1782235938.1016843,,,
8283,0,svm,max,balanced,cached_mxbai,2080,1782235938.3418674,,,
3403,0,svm,max,balanced,cached_mxbai,2081,1782235938.5837197,,,
4730,0,svm,max,balanced,cached_mxbai,2082,1782235938.8219452,,,
3213,0,svm,max,balanced,cached_mxbai,2083,1782235939.0589995,,,
5466,0,svm,max,balanced,cached_mxbai,2084,1782235939.29864,,,
3993,0,svm,max,balanced,cached_mxbai,2085,1782235939.538768,,,
9611,0,svm,max,balanced,cached_mxbai,2086,1782235939.7768035,,,
5295,0,svm,max,balanced,cached_mxbai,2087,1782235940.0136027,,,
9472,0,svm,max,balanced,cached_mxbai,2088,1782235940.2532928,,,
9741,0,svm,max,balanced,cached_mxbai,2089,1782235940.4950683,,,
7130,0,svm,max,balanced,cached_mxbai,2090,1782235940.73555,,,
7304,0,svm,max,balanced,cached_mxbai,2091,1782235940.9737017,,,
7951,0,svm,max,balanced,cached_mxbai,2092,1782235941.2105474,,,
919,0,svm,max,balanced,cached_mxbai,2093,1782235941.4484818,,,
2948,0,svm,max,balanced,cached_mxbai,2094,1782235941.685735,,,
3622,0,svm,max,balanced,cached_mxbai,2095,1782235941.9244285,,,
4348,0,svm,max,balanced,cached_mxbai,2096,1782235942.1625385,,,
121,0,svm,max,balanced,cached_mxbai,2097,1782235942.4090247,,,
5003,0,svm,max,balanced,cached_mxbai,2098,1782235942.650197,,,
3497,0,svm,max,balanced,cached_mxbai,2099,1782235942.8900542,,,
4282,0,svm,max,balanced,cached_mxbai,2100,1782235943.1307914,,,
1351,0,svm,max,balanced,cached_mxbai,2101,1782235943.3690581,,,
5163,0,svm,max,balanced,cached_mxbai,2102,1782235943.6115372,,,
4276,0,svm,max,balanced,cached_mxbai,2103,1782235943.8491893,,,
8370,0,svm,max,balanced,cached_mxbai,2104,1782235944.087091,,,
1490,0,svm,max,balanced,cached_mxbai,2105,1782235944.3246095,,,
3764,0,svm,max,balanced,cached_mxbai,2106,1782235944.569509,,,
6546,0,svm,max,balanced,cached_mxbai,2107,1782235944.8139772,,,
4876,0,svm,max,balanced,cached_mxbai,2108,1782235945.0598073,,,
4251,0,svm,max,balanced,cached_mxbai,2109,1782235945.3172195,,,
9559,0,svm,max,balanced,cached_mxbai,2110,1782235945.5584183,,,
10491,0,svm,max,balanced,cached_mxbai,2111,1782235945.7985861,,,
9089,0,svm,max,balanced,cached_mxbai,2112,1782235946.0362515,,,
4370,0,svm,max,balanced,cached_mxbai,2113,1782235946.276306,,,
8488,0,svm,max,balanced,cached_mxbai,2114,1782235946.527106,,,
8462,0,svm,max,balanced,cached_mxbai,2115,1782235946.7696238,,,
7733,0,svm,max,balanced,cached_mxbai,2116,1782235947.0092611,,,
244,0,svm,max,balanced,cached_mxbai,2117,1782235947.2496803,,,
3062,0,svm,max,balanced,cached_mxbai,2118,1782235947.4904976,,,
4747,0,svm,max,balanced,cached_mxbai,2119,1782235947.7321515,,,
4242,0,svm,max,balanced,cached_mxbai,2120,1782235947.973067,,,
1604,0,svm,max,balanced,cached_mxbai,2121,1782235948.2139175,,,
4022,0,svm,max,balanced,cached_mxbai,2122,1782235948.456043,,,
2690,0,svm,max,balanced,cached_mxbai,2123,1782235948.7032864,,,
4861,0,svm,max,balanced,cached_mxbai,2124,1782235948.9459326,,,
6310,0,svm,max,balanced,cached_mxbai,2125,1782235949.186193,,,
8833,0,svm,max,balanced,cached_mxbai,2126,1782235949.427762,,,
5048,0,svm,max,balanced,cached_mxbai,2127,1782235949.6711063,,,
3710,0,svm,max,balanced,cached_mxbai,2128,1782235949.9135563,,,
2421,0,svm,max,balanced,cached_mxbai,2129,1782235950.1569507,,,
3604,0,svm,max,balanced,cached_mxbai,2130,1782235950.4014504,,,
2702,0,svm,max,balanced,cached_mxbai,2131,1782235950.644928,,,
3704,0,svm,max,balanced,cached_mxbai,2132,1782235950.8904533,,,
5203,0,svm,max,balanced,cached_mxbai,2133,1782235951.1326184,,,
2544,0,svm,max,balanced,cached_mxbai,2134,1782235951.377373,,,
5044,0,svm,max,balanced,cached_mxbai,2135,1782235951.620015,,,
4132,0,svm,max,balanced,cached_mxbai,2136,1782235951.865745,,,
6654,0,svm,max,balanced,cached_mxbai,2137,1782235952.1100013,,,
5549,0,svm,max,balanced,cached_mxbai,2138,1782235952.3530722,,,
3637,0,svm,max,balanced,cached_mxbai,2139,1782235952.5976548,,,
10210,0,svm,max,balanced,cached_mxbai,2140,1782235952.843255,,,
4335,0,svm,max,balanced,cached_mxbai,2141,1782235953.092163,,,
669,0,svm,max,balanced,cached_mxbai,2142,1782235953.3361428,,,
6105,0,svm,max,balanced,cached_mxbai,2143,1782235953.5825899,,,
1178,0,svm,max,balanced,cached_mxbai,2144,1782235953.8291426,,,
7186,0,svm,max,balanced,cached_mxbai,2145,1782235954.072079,,,
9856,0,svm,max,balanced,cached_mxbai,2146,1782235954.3163013,,,
4462,0,svm,max,balanced,cached_mxbai,2147,1782235954.5613728,,,
5140,0,svm,max,balanced,cached_mxbai,2148,1782235954.8066556,,,
7552,0,svm,max,balanced,cached_mxbai,2149,1782235955.0534742,,,
7917,0,svm,max,balanced,cached_mxbai,2150,1782235955.318129,,,
4917,0,svm,max,balanced,cached_mxbai,2151,1782235955.5649018,,,
7495,0,svm,max,balanced,cached_mxbai,2152,1782235955.8123949,,,
3855,0,svm,max,balanced,cached_mxbai,2153,1782235956.0565858,,,
8832,1,svm,max,balanced,cached_mxbai,2154,1782235956.3022003,,,
7776,0,svm,max,balanced,cached_mxbai,2155,1782235956.550823,,,
6988,0,svm,max,balanced,cached_mxbai,2156,1782235956.7990139,,,
288,0,svm,max,balanced,cached_mxbai,2157,1782235957.046601,,,
8920,0,svm,max,balanced,cached_mxbai,2158,1782235957.2929926,,,
7258,0,svm,max,balanced,cached_mxbai,2159,1782235957.5399864,,,
8190,0,svm,max,balanced,cached_mxbai,2160,1782235957.787055,,,
9292,0,svm,max,balanced,cached_mxbai,2161,1782235958.0336182,,,
4585,0,svm,max,balanced,cached_mxbai,2162,1782235958.286923,,,
3673,0,svm,max,balanced,cached_mxbai,2163,1782235958.5418398,,,
4979,0,svm,max,balanced,cached_mxbai,2164,1782235958.8131013,,,
1606,0,svm,max,balanced,cached_mxbai,2165,1782235959.0676463,,,
4212,0,svm,max,balanced,cached_mxbai,2166,1782235959.3223245,,,
7127,0,svm,max,balanced,cached_mxbai,2167,1782235959.5764656,,,
3430,0,svm,max,balanced,cached_mxbai,2168,1782235959.828026,,,
4775,0,svm,max,balanced,cached_mxbai,2169,1782235960.0804293,,,
3842,0,svm,max,balanced,cached_mxbai,2170,1782235960.3345845,,,
3108,0,svm,max,balanced,cached_mxbai,2171,1782235960.5899286,,,
6276,0,svm,max,balanced,cached_mxbai,2172,1782235960.844884,,,
222,0,svm,max,balanced,cached_mxbai,2173,1782235961.0980217,,,
5097,0,svm,max,balanced,cached_mxbai,2174,1782235961.3517559,,,
1446,0,svm,max,balanced,cached_mxbai,2175,1782235961.608802,,,
10281,0,svm,max,balanced,cached_mxbai,2176,1782235961.8638318,,,
9602,0,svm,max,balanced,cached_mxbai,2177,1782235962.1188686,,,
4877,0,svm,max,balanced,cached_mxbai,2178,1782235962.3622487,,,
3980,0,svm,max,balanced,cached_mxbai,2179,1782235962.6173897,,,
1465,0,svm,max,balanced,cached_mxbai,2180,1782235962.8621433,,,
10119,0,svm,max,balanced,cached_mxbai,2181,1782235963.1079357,,,
9011,0,svm,max,balanced,cached_mxbai,2182,1782235963.3514214,,,
3947,0,svm,max,balanced,cached_mxbai,2183,1782235963.5963745,,,
653,0,svm,max,balanced,cached_mxbai,2184,1782235963.839805,,,
267,0,svm,max,balanced,cached_mxbai,2185,1782235964.082791,,,
9195,0,svm,max,balanced,cached_mxbai,2186,1782235964.3264904,,,
4115,0,svm,max,balanced,cached_mxbai,2187,1782235964.5755856,,,
3551,0,svm,max,balanced,cached_mxbai,2188,1782235964.8264499,,,
7230,0,svm,max,balanced,cached_mxbai,2189,1782235965.077914,,,
1253,0,svm,max,balanced,cached_mxbai,2190,1782235965.3430939,,,
8831,0,svm,max,balanced,cached_mxbai,2191,1782235965.590857,,,
8073,0,svm,max,balanced,cached_mxbai,2192,1782235965.839777,,,
5033,0,svm,max,balanced,cached_mxbai,2193,1782235966.0846434,,,
9206,0,svm,max,balanced,cached_mxbai,2194,1782235966.327589,,,
4844,0,svm,max,balanced,cached_mxbai,2195,1782235966.5738156,,,
4444,0,svm,max,balanced,cached_mxbai,2196,1782235966.817045,,,
3715,0,svm,max,balanced,cached_mxbai,2197,1782235967.0587475,,,
2557,0,svm,max,balanced,cached_mxbai,2198,1782235967.3023655,,,
9688,0,svm,max,balanced,cached_mxbai,2199,1782235967.550406,,,
8816,0,svm,max,balanced,cached_mxbai,2200,1782235967.7987716,,,
8265,0,svm,max,balanced,cached_mxbai,2201,1782235968.0416236,,,
7048,0,svm,max,balanced,cached_mxbai,2202,1782235968.2855206,,,
3272,0,svm,max,balanced,cached_mxbai,2203,1782235968.531598,,,
4825,0,svm,max,balanced,cached_mxbai,2204,1782235968.7882586,,,
10129,0,svm,max,balanced,cached_mxbai,2205,1782235969.0426962,,,
7560,0,svm,max,balanced,cached_mxbai,2206,1782235969.2871733,,,
45,0,svm,max,balanced,cached_mxbai,2207,1782235969.534751,,,
8436,0,svm,max,balanced,cached_mxbai,2208,1782235969.7794864,,,
7101,0,svm,max,balanced,cached_mxbai,2209,1782235970.0238423,,,
4094,0,svm,max,balanced,cached_mxbai,2210,1782235970.2702677,,,
3745,0,svm,max,balanced,cached_mxbai,2211,1782235970.5173268,,,
7507,0,svm,max,balanced,cached_mxbai,2212,1782235970.7625973,,,
2461,0,svm,max,balanced,cached_mxbai,2213,1782235971.0078483,,,
5041,0,svm,max,balanced,cached_mxbai,2214,1782235971.2528105,,,
448,0,svm,max,balanced,cached_mxbai,2215,1782235971.4986198,,,
5157,0,svm,max,balanced,cached_mxbai,2216,1782235971.7427464,,,
6531,0,svm,max,balanced,cached_mxbai,2217,1782235971.9885366,,,
4814,0,svm,max,balanced,cached_mxbai,2218,1782235972.2342753,,,
5444,0,svm,max,balanced,cached_mxbai,2219,1782235972.4804244,,,
8555,0,svm,max,balanced,cached_mxbai,2220,1782235972.7261055,,,
4931,0,svm,max,balanced,cached_mxbai,2221,1782235972.9767904,,,
8657,0,svm,max,balanced,cached_mxbai,2222,1782235973.2226572,,,
1429,0,svm,max,balanced,cached_mxbai,2223,1782235973.4687033,,,
747,0,svm,max,balanced,cached_mxbai,2224,1782235973.716063,,,
3949,0,svm,max,balanced,cached_mxbai,2225,1782235973.9631727,,,
5712,0,svm,max,balanced,cached_mxbai,2226,1782235974.211616,,,
3887,0,svm,max,balanced,cached_mxbai,2227,1782235974.455941,,,
5595,0,svm,max,balanced,cached_mxbai,2228,1782235974.7020662,,,
4935,0,svm,max,balanced,cached_mxbai,2229,1782235974.9470732,,,
4287,0,svm,max,balanced,cached_mxbai,2230,1782235975.202964,,,
1086,0,svm,max,balanced,cached_mxbai,2231,1782235975.4791164,,,
4774,0,svm,max,balanced,cached_mxbai,2232,1782235975.7353501,,,
7324,0,svm,max,balanced,cached_mxbai,2233,1782235975.98876,,,
4604,0,svm,max,balanced,cached_mxbai,2234,1782235976.243166,,,
8680,0,svm,max,balanced,cached_mxbai,2235,1782235976.4974563,,,
4880,0,svm,max,balanced,cached_mxbai,2236,1782235976.7538114,,,
665,0,svm,max,balanced,cached_mxbai,2237,1782235977.0071394,,,
6230,0,svm,max,balanced,cached_mxbai,2238,1782235977.2670848,,,
6170,0,svm,max,balanced,cached_mxbai,2239,1782235977.5230587,,,
5142,0,svm,max,balanced,cached_mxbai,2240,1782235977.7796366,,,
7609,0,svm,max,balanced,cached_mxbai,2241,1782235978.0335636,,,
5354,0,svm,max,balanced,cached_mxbai,2242,1782235978.2880037,,,
7773,0,svm,max,balanced,cached_mxbai,2243,1782235978.5406015,,,
6425,0,svm,max,balanced,cached_mxbai,2244,1782235978.792767,,,
9659,0,svm,max,balanced,cached_mxbai,2245,1782235979.0462315,,,
8031,0,svm,max,balanced,cached_mxbai,2246,1782235979.3033292,,,
3514,0,svm,max,balanced,cached_mxbai,2247,1782235979.563593,,,
3626,0,svm,max,balanced,cached_mxbai,2248,1782235979.819913,,,
5037,0,svm,max,balanced,cached_mxbai,2249,1782235980.0764184,,,
1930,0,svm,max,balanced,cached_mxbai,2250,1782235980.3312697,,,
7931,0,svm,max,balanced,cached_mxbai,2251,1782235980.5891197,,,
1315,0,svm,max,balanced,cached_mxbai,2252,1782235980.8473744,,,
3825,0,svm,max,balanced,cached_mxbai,2253,1782235981.1056983,,,
10386,0,svm,max,balanced,cached_mxbai,2254,1782235981.3637958,,,
4909,0,svm,max,balanced,cached_mxbai,2255,1782235981.6247585,,,
3570,0,svm,max,balanced,cached_mxbai,2256,1782235981.8833258,,,
1739,0,svm,max,balanced,cached_mxbai,2257,1782235982.1514473,,,
5248,0,svm,max,balanced,cached_mxbai,2258,1782235982.4235728,,,
4366,0,svm,max,balanced,cached_mxbai,2259,1782235982.682692,,,
4,0,svm,max,balanced,cached_mxbai,2260,1782235982.941886,,,
8220,0,svm,max,balanced,cached_mxbai,2261,1782235983.2065787,,,
3607,0,svm,max,balanced,cached_mxbai,2262,1782235983.4726858,,,
10192,0,svm,max,balanced,cached_mxbai,2263,1782235983.7404585,,,
1671,0,svm,max,balanced,cached_mxbai,2264,1782235984.0040243,,,
8732,0,svm,max,balanced,cached_mxbai,2265,1782235984.2677867,,,
4129,0,svm,max,balanced,cached_mxbai,2266,1782235984.5310762,,,
1226,0,svm,max,balanced,cached_mxbai,2267,1782235984.7959356,,,
5035,0,svm,max,balanced,cached_mxbai,2268,1782235985.062677,,,
1500,0,svm,max,balanced,cached_mxbai,2269,1782235985.344321,,,
6433,0,svm,max,balanced,cached_mxbai,2270,1782235985.6071742,,,
5126,0,svm,max,balanced,cached_mxbai,2271,1782235985.8714695,,,
4903,0,svm,max,balanced,cached_mxbai,2272,1782235986.1335394,,,
3913,0,svm,max,balanced,cached_mxbai,2273,1782235986.3967783,,,
2436,0,svm,max,balanced,cached_mxbai,2274,1782235986.6659124,,,
10066,0,svm,max,balanced,cached_mxbai,2275,1782235986.9313724,,,
4428,0,svm,max,balanced,cached_mxbai,2276,1782235987.195078,,,
4332,0,svm,max,balanced,cached_mxbai,2277,1782235987.4595573,,,
9197,0,svm,max,balanced,cached_mxbai,2278,1782235987.7261453,,,
6706,0,svm,max,balanced,cached_mxbai,2279,1782235987.9928129,,,
723,0,svm,max,balanced,cached_mxbai,2280,1782235988.2583365,,,
3662,0,svm,max,balanced,cached_mxbai,2281,1782235988.523909,,,
4726,0,svm,max,balanced,cached_mxbai,2282,1782235988.8043106,,,
10349,1,svm,max,balanced,cached_mxbai,2283,1782235989.071861,,,
5851,0,svm,max,balanced,cached_mxbai,2284,1782235989.3306437,,,
5685,0,svm,max,balanced,cached_mxbai,2285,1782235989.5929086,,,
177,0,svm,max,balanced,cached_mxbai,2286,1782235989.854842,,,
3717,0,svm,max,balanced,cached_mxbai,2287,1782235990.1137288,,,
9789,0,svm,max,balanced,cached_mxbai,2288,1782235990.3728466,,,
7716,0,svm,max,balanced,cached_mxbai,2289,1782235990.633328,,,
170,0,svm,max,balanced,cached_mxbai,2290,1782235990.9028065,,,
3665,0,svm,max,balanced,cached_mxbai,2291,1782235991.1645339,,,
1108,0,svm,max,balanced,cached_mxbai,2292,1782235991.4256196,,,
5793,0,svm,max,balanced,cached_mxbai,2293,1782235991.6873796,,,
9899,0,svm,max,balanced,cached_mxbai,2294,1782235991.95063,,,
3816,0,svm,max,balanced,cached_mxbai,2295,1782235992.211082,,,
7074,0,svm,max,balanced,cached_mxbai,2296,1782235992.4709175,,,
1934,0,svm,max,balanced,cached_mxbai,2297,1782235992.7338772,,,
3856,0,svm,max,balanced,cached_mxbai,2298,1782235993.0033846,,,
464,0,svm,max,balanced,cached_mxbai,2299,1782235993.2638872,,,
6063,0,svm,max,balanced,cached_mxbai,2300,1782235993.5517356,,,
8627,0,svm,max,balanced,cached_mxbai,2301,1782235993.8433986,,,
9788,0,svm,max,balanced,cached_mxbai,2302,1782235994.1054668,,,
3220,0,svm,max,balanced,cached_mxbai,2303,1782235994.3674777,,,
4007,0,svm,max,balanced,cached_mxbai,2304,1782235994.6560826,,,
169,0,svm,max,balanced,cached_mxbai,2305,1782235994.946665,,,
9188,0,svm,max,balanced,cached_mxbai,2306,1782235995.224787,,,
4324,0,svm,max,balanced,cached_mxbai,2307,1782235995.51605,,,
5190,0,svm,max,balanced,cached_mxbai,2308,1782235995.7826414,,,
109,0,svm,max,balanced,cached_mxbai,2309,1782235996.047546,,,
10432,0,svm,max,balanced,cached_mxbai,2310,1782235996.3380437,,,
1060,0,svm,max,balanced,cached_mxbai,2311,1782235996.6022608,,,
3156,0,svm,max,balanced,cached_mxbai,2312,1782235996.8917813,,,
862,0,svm,max,balanced,cached_mxbai,2313,1782235997.1614552,,,
4796,0,svm,max,balanced,cached_mxbai,2314,1782235997.4312944,,,
3865,0,svm,max,balanced,cached_mxbai,2315,1782235997.7013073,,,
191,0,svm,max,balanced,cached_mxbai,2316,1782235997.9720337,,,
3794,0,svm,max,balanced,cached_mxbai,2317,1782235998.2434273,,,
2,0,svm,max,balanced,cached_mxbai,2318,1782235998.5143683,,,
4621,0,svm,max,balanced,cached_mxbai,2319,1782235998.802512,,,
951,0,svm,max,balanced,cached_mxbai,2320,1782235999.0761323,,,
10325,0,svm,max,balanced,cached_mxbai,2321,1782235999.3489048,,,
3734,0,svm,max,balanced,cached_mxbai,2322,1782235999.6195462,,,
4610,0,svm,max,balanced,cached_mxbai,2323,1782235999.8904963,,,
5991,0,svm,max,balanced,cached_mxbai,2324,1782236000.1625125,,,
10064,0,svm,max,balanced,cached_mxbai,2325,1782236000.434309,,,
4545,0,svm,max,balanced,cached_mxbai,2326,1782236000.705163,,,
3712,0,svm,max,balanced,cached_mxbai,2327,1782236000.9808686,,,
5935,0,svm,max,balanced,cached_mxbai,2328,1782236001.2554257,,,
915,0,svm,max,balanced,cached_mxbai,2329,1782236001.5276973,,,
8737,0,svm,max,balanced,cached_mxbai,2330,1782236001.8036838,,,
254,0,svm,max,balanced,cached_mxbai,2331,1782236002.0752294,,,
4866,0,svm,max,balanced,cached_mxbai,2332,1782236002.3457484,,,
5228,0,svm,max,balanced,cached_mxbai,2333,1782236002.6176488,,,
1306,0,svm,max,balanced,cached_mxbai,2334,1782236002.8945107,,,
10534,0,svm,max,balanced,cached_mxbai,2335,1782236003.1710615,,,
4327,0,svm,max,balanced,cached_mxbai,2336,1782236003.4447799,,,
4795,0,svm,max,balanced,cached_mxbai,2337,1782236003.7188869,,,
3881,0,svm,max,balanced,cached_mxbai,2338,1782236003.992009,,,
5164,0,svm,max,balanced,cached_mxbai,2339,1782236004.2660267,,,
3663,0,svm,max,balanced,cached_mxbai,2340,1782236004.5373256,,,
6925,0,svm,max,balanced,cached_mxbai,2341,1782236004.8119993,,,
4314,0,svm,max,balanced,cached_mxbai,2342,1782236005.0961869,,,
7164,0,svm,max,balanced,cached_mxbai,2343,1782236005.3911383,,,
6385,0,svm,max,balanced,cached_mxbai,2344,1782236005.6686678,,,
4671,0,svm,max,balanced,cached_mxbai,2345,1782236005.94383,,,
3,0,svm,max,balanced,cached_mxbai,2346,1782236006.218293,,,
4584,0,svm,max,balanced,cached_mxbai,2347,1782236006.4903915,,,
5224,0,svm,max,balanced,cached_mxbai,2348,1782236006.7676463,,,
3698,0,svm,max,balanced,cached_mxbai,2349,1782236007.0437508,,,
5026,0,svm,max,balanced,cached_mxbai,2350,1782236007.3197951,,,
5747,0,svm,max,balanced,cached_mxbai,2351,1782236007.5940664,,,
5122,0,svm,max,balanced,cached_mxbai,2352,1782236007.872919,,,
33,0,svm,max,balanced,cached_mxbai,2353,1782236008.1461794,,,
3528,0,svm,max,balanced,cached_mxbai,2354,1782236008.4238024,,,
703,0,svm,max,balanced,cached_mxbai,2355,1782236008.6965406,,,
4983,0,svm,max,balanced,cached_mxbai,2356,1782236008.9723132,,,
3456,0,svm,max,balanced,cached_mxbai,2357,1782236009.2471488,,,
9622,0,svm,max,balanced,cached_mxbai,2358,1782236009.5219376,,,
752,0,svm,max,balanced,cached_mxbai,2359,1782236009.7975821,,,
10360,0,svm,max,balanced,cached_mxbai,2360,1782236010.0748692,,,
1809,0,svm,max,balanced,cached_mxbai,2361,1782236010.349728,,,
4156,0,svm,max,balanced,cached_mxbai,2362,1782236010.6184556,,,
7059,0,svm,max,balanced,cached_mxbai,2363,1782236010.8945382,,,
3367,0,svm,max,balanced,cached_mxbai,2364,1782236011.1649454,,,
2346,0,svm,max,balanced,cached_mxbai,2365,1782236011.4341197,,,
9530,0,svm,max,balanced,cached_mxbai,2366,1782236011.7037022,,,
9341,0,svm,max,balanced,cached_mxbai,2367,1782236011.9742117,,,
5094,0,svm,max,balanced,cached_mxbai,2368,1782236012.2472756,,,
10536,0,svm,max,balanced,cached_mxbai,2369,1782236012.5253296,,,
5117,0,svm,max,balanced,cached_mxbai,2370,1782236012.8027706,,,
4949,0,svm,max,balanced,cached_mxbai,2371,1782236013.085004,,,
4266,0,svm,max,balanced,cached_mxbai,2372,1782236013.359635,,,
10402,0,svm,max,balanced,cached_mxbai,2373,1782236013.6332495,,,
3351,0,svm,max,balanced,cached_mxbai,2374,1782236013.9107218,,,
5015,0,svm,max,balanced,cached_mxbai,2375,1782236014.1818202,,,
5135,0,svm,max,balanced,cached_mxbai,2376,1782236014.4525988,,,
7805,0,svm,max,balanced,cached_mxbai,2377,1782236014.7216692,,,
6555,0,svm,max,balanced,cached_mxbai,2378,1782236014.993744,,,
10096,0,svm,max,balanced,cached_mxbai,2379,1782236015.2831342,,,
2769,0,svm,max,balanced,cached_mxbai,2380,1782236015.553514,,,
5166,0,svm,max,balanced,cached_mxbai,2381,1782236015.8258326,,,
8642,0,svm,max,balanced,cached_mxbai,2382,1782236016.1063306,,,
7709,0,svm,max,balanced,cached_mxbai,2383,1782236016.3773313,,,
3674,0,svm,max,balanced,cached_mxbai,2384,1782236016.650761,,,
4769,0,svm,max,balanced,cached_mxbai,2385,1782236016.926057,,,
4395,0,svm,max,balanced,cached_mxbai,2386,1782236017.198893,,,
8033,0,svm,max,balanced,cached_mxbai,2387,1782236017.469294,,,
7349,0,svm,max,balanced,cached_mxbai,2388,1782236017.7411902,,,
3703,0,svm,max,balanced,cached_mxbai,2389,1782236018.0146859,,,
5539,0,svm,max,balanced,cached_mxbai,2390,1782236018.2877917,,,
7766,0,svm,max,balanced,cached_mxbai,2391,1782236018.559291,,,
9106,0,svm,max,balanced,cached_mxbai,2392,1782236018.8330026,,,
115,0,svm,max,balanced,cached_mxbai,2393,1782236019.105954,,,
4972,0,svm,max,balanced,cached_mxbai,2394,1782236019.376883,,,
5459,0,svm,max,balanced,cached_mxbai,2395,1782236019.6513913,,,
8144,0,svm,max,balanced,cached_mxbai,2396,1782236019.925684,,,
4694,0,svm,max,balanced,cached_mxbai,2397,1782236020.2009013,,,
3215,0,svm,max,balanced,cached_mxbai,2398,1782236020.4768887,,,
3581,0,svm,max,balanced,cached_mxbai,2399,1782236020.7537024,,,
4184,0,svm,max,balanced,cached_mxbai,2400,1782236021.0276248,,,
8309,0,svm,max,balanced,cached_mxbai,2401,1782236021.3019805,,,
4614,0,svm,max,balanced,cached_mxbai,2402,1782236021.5755668,,,
3163,0,svm,max,balanced,cached_mxbai,2403,1782236021.8575811,,,
3951,0,svm,max,balanced,cached_mxbai,2404,1782236022.1355467,,,
10002,0,svm,max,balanced,cached_mxbai,2405,1782236022.4100327,,,
9505,0,svm,max,balanced,cached_mxbai,2406,1782236022.6842115,,,
4300,0,svm,max,balanced,cached_mxbai,2407,1782236022.9625454,,,
2673,0,svm,max,balanced,cached_mxbai,2408,1782236023.2383766,,,
6896,0,svm,max,balanced,cached_mxbai,2409,1782236023.5125906,,,
5864,0,svm,max,balanced,cached_mxbai,2410,1782236023.7882535,,,
4028,0,svm,max,balanced,cached_mxbai,2411,1782236024.0645187,,,
1197,0,svm,max,balanced,cached_mxbai,2412,1782236024.3390288,,,
10497,0,svm,max,balanced,cached_mxbai,2413,1782236024.6152134,,,
4518,0,svm,max,balanced,cached_mxbai,2414,1782236024.8945286,,,
7570,0,svm,max,balanced,cached_mxbai,2415,1782236025.1810174,,,
4052,0,svm,max,balanced,cached_mxbai,2416,1782236025.4877512,,,
4288,0,svm,max,balanced,cached_mxbai,2417,1782236025.7642167,,,
3405,0,svm,max,balanced,cached_mxbai,2418,1782236026.0398455,,,
4206,0,svm,max,balanced,cached_mxbai,2419,1782236026.3160272,,,
6835,0,svm,max,balanced,cached_mxbai,2420,1782236026.5914452,,,
1590,0,svm,max,balanced,cached_mxbai,2421,1782236026.878723,,,
4859,0,svm,max,balanced,cached_mxbai,2422,1782236027.1628306,,,
7307,0,svm,max,balanced,cached_mxbai,2423,1782236027.4451149,,,
5057,0,svm,max,balanced,cached_mxbai,2424,1782236027.7204416,,,
3730,0,svm,max,balanced,cached_mxbai,2425,1782236027.9965599,,,
388,0,svm,max,balanced,cached_mxbai,2426,1782236028.2736225,,,
3642,0,svm,max,balanced,cached_mxbai,2427,1782236028.551858,,,
8950,0,svm,max,balanced,cached_mxbai,2428,1782236028.8712883,,,
6759,0,svm,max,balanced,cached_mxbai,2429,1782236029.2082486,,,
6426,0,svm,max,balanced,cached_mxbai,2430,1782236029.5577676,,,
10445,0,svm,max,balanced,cached_mxbai,2431,1782236029.8642013,,,
5124,0,svm,max,balanced,cached_mxbai,2432,1782236030.1814349,,,
5428,0,svm,max,balanced,cached_mxbai,2433,1782236030.4951494,,,
3406,0,svm,max,balanced,cached_mxbai,2434,1782236030.8099732,,,
561,0,svm,max,balanced,cached_mxbai,2435,1782236031.1259487,,,
8871,0,svm,max,balanced,cached_mxbai,2436,1782236031.4399881,,,
394,0,svm,max,balanced,cached_mxbai,2437,1782236031.7596765,,,
7041,0,svm,max,balanced,cached_mxbai,2438,1782236032.0780873,,,
5392,0,svm,max,balanced,cached_mxbai,2439,1782236032.3919775,,,
9335,0,svm,max,balanced,cached_mxbai,2440,1782236032.703795,,,
1107,0,svm,max,balanced,cached_mxbai,2441,1782236033.0235746,,,
4878,0,svm,max,balanced,cached_mxbai,2442,1782236033.3395553,,,
73,0,svm,max,balanced,cached_mxbai,2443,1782236033.6529152,,,
3560,0,svm,max,balanced,cached_mxbai,2444,1782236033.968004,,,
5121,0,svm,max,balanced,cached_mxbai,2445,1782236034.2829888,,,
2868,0,svm,max,balanced,cached_mxbai,2446,1782236034.5978522,,,
4898,0,svm,max,balanced,cached_mxbai,2447,1782236034.9155838,,,
4945,0,svm,max,balanced,cached_mxbai,2448,1782236035.247595,,,
513,0,svm,max,balanced,cached_mxbai,2449,1782236035.5703063,,,
8476,0,svm,max,balanced,cached_mxbai,2450,1782236035.8886826,,,
8060,0,svm,max,balanced,cached_mxbai,2451,1782236036.2088482,,,
1323,0,svm,max,balanced,cached_mxbai,2452,1782236036.5240898,,,
10125,0,svm,max,balanced,cached_mxbai,2453,1782236036.8448157,,,
4672,0,svm,max,balanced,cached_mxbai,2454,1782236037.171063,,,
3467,0,svm,max,balanced,cached_mxbai,2455,1782236037.4874127,,,
7007,0,svm,max,balanced,cached_mxbai,2456,1782236037.802164,,,
4925,0,svm,max,balanced,cached_mxbai,2457,1782236038.1214669,,,
905,0,svm,max,balanced,cached_mxbai,2458,1782236038.4373012,,,
6178,0,svm,max,balanced,cached_mxbai,2459,1782236038.7503026,,,
4696,0,svm,max,balanced,cached_mxbai,2460,1782236039.0661793,,,
1400,0,svm,max,balanced,cached_mxbai,2461,1782236039.3819578,,,
5800,0,svm,max,balanced,cached_mxbai,2462,1782236039.7011197,,,
8891,0,svm,max,balanced,cached_mxbai,2463,1782236040.0189383,,,
4218,0,svm,max,balanced,cached_mxbai,2464,1782236040.3348944,,,
4924,0,svm,max,balanced,cached_mxbai,2465,1782236040.652044,,,
6240,0,svm,max,balanced,cached_mxbai,2466,1782236040.969346,,,
10464,0,svm,max,balanced,cached_mxbai,2467,1782236041.2889395,,,
3937,0,svm,max,balanced,cached_mxbai,2468,1782236041.6074831,,,
2439,0,svm,max,balanced,cached_mxbai,2469,1782236041.9312627,,,
4238,0,svm,max,balanced,cached_mxbai,2470,1782236042.2504592,,,
6473,0,svm,max,balanced,cached_mxbai,2471,1782236042.5656278,,,
4651,0,svm,max,balanced,cached_mxbai,2472,1782236042.8867693,,,
3503,0,svm,max,balanced,cached_mxbai,2473,1782236043.206438,,,
9046,0,svm,max,balanced,cached_mxbai,2474,1782236043.5240552,,,
4997,0,svm,max,balanced,cached_mxbai,2475,1782236043.8445914,,,
3585,0,svm,max,balanced,cached_mxbai,2476,1782236044.1631303,,,
5787,0,svm,max,balanced,cached_mxbai,2477,1782236044.4817455,,,
104,0,svm,max,balanced,cached_mxbai,2478,1782236044.8007524,,,
3203,0,svm,max,balanced,cached_mxbai,2479,1782236045.1221268,,,
1058,0,svm,max,balanced,cached_mxbai,2480,1782236045.45982,,,
1011,0,svm,max,balanced,cached_mxbai,2481,1782236045.7787015,,,
10080,0,svm,max,balanced,cached_mxbai,2482,1782236046.0975707,,,
8005,0,svm,max,balanced,cached_mxbai,2483,1782236046.4165475,,,
7715,0,svm,max,balanced,cached_mxbai,2484,1782236046.736673,,,
1183,0,svm,max,balanced,cached_mxbai,2485,1782236047.0545611,,,
5433,0,svm,max,balanced,cached_mxbai,2486,1782236047.3758276,,,
5215,0,svm,max,balanced,cached_mxbai,2487,1782236047.6954567,,,
4768,0,svm,max,balanced,cached_mxbai,2488,1782236048.0191379,,,
3542,0,svm,max,balanced,cached_mxbai,2489,1782236048.3408098,,,
9748,0,svm,max,balanced,cached_mxbai,2490,1782236048.660192,,,
5233,0,svm,max,balanced,cached_mxbai,2491,1782236048.9822483,,,
868,0,svm,max,balanced,cached_mxbai,2492,1782236049.3023627,,,
3658,0,svm,max,balanced,cached_mxbai,2493,1782236049.6216571,,,
6225,0,svm,max,balanced,cached_mxbai,2494,1782236049.9589694,,,
4402,0,svm,max,balanced,cached_mxbai,2495,1782236050.2827497,,,
2799,0,svm,max,balanced,cached_mxbai,2496,1782236050.56753,,,
9389,0,svm,max,balanced,cached_mxbai,2497,1782236050.8564763,,,
4888,0,svm,max,balanced,cached_mxbai,2498,1782236051.142145,,,
1731,0,svm,max,balanced,cached_mxbai,2499,1782236051.427664,,,
8351,0,svm,max,balanced,cached_mxbai,2500,1782236051.711796,,,
2535,0,svm,max,balanced,cached_mxbai,2501,1782236052.0002086,,,
7271,0,svm,max,balanced,cached_mxbai,2502,1782236052.285423,,,
9593,0,svm,max,balanced,cached_mxbai,2503,1782236052.5716884,,,
3379,0,svm,max,balanced,cached_mxbai,2504,1782236052.864433,,,
5427,0,svm,max,balanced,cached_mxbai,2505,1782236053.1552165,,,
5277,0,svm,max,balanced,cached_mxbai,2506,1782236053.44154,,,
6773,0,svm,max,balanced,cached_mxbai,2507,1782236053.7286758,,,
9554,0,svm,max,balanced,cached_mxbai,2508,1782236054.0155516,,,
4999,0,svm,max,balanced,cached_mxbai,2509,1782236054.3031237,,,
4367,0,svm,max,balanced,cached_mxbai,2510,1782236054.5892565,,,
8325,0,svm,max,balanced,cached_mxbai,2511,1782236054.8778443,,,
9303,0,svm,max,balanced,cached_mxbai,2512,1782236055.1704473,,,
5382,0,svm,max,balanced,cached_mxbai,2513,1782236055.4747205,,,
4841,0,svm,max,balanced,cached_mxbai,2514,1782236055.7614992,,,
1937,0,svm,max,balanced,cached_mxbai,2515,1782236056.0493898,,,
3148,0,svm,max,balanced,cached_mxbai,2516,1782236056.3396072,,,
9950,0,svm,max,balanced,cached_mxbai,2517,1782236056.628147,,,
299,0,svm,max,balanced,cached_mxbai,2518,1782236056.9183283,,,
3772,0,svm,max,balanced,cached_mxbai,2519,1782236057.2063925,,,
8579,0,svm,max,balanced,cached_mxbai,2520,1782236057.4958036,,,
4803,0,svm,max,balanced,cached_mxbai,2521,1782236057.7842753,,,
6579,0,svm,max,balanced,cached_mxbai,2522,1782236058.0740614,,,
3733,0,svm,max,balanced,cached_mxbai,2523,1782236058.364195,,,
4500,0,svm,max,balanced,cached_mxbai,2524,1782236058.6537113,,,
9795,0,svm,max,balanced,cached_mxbai,2525,1782236058.94546,,,
3584,0,svm,max,balanced,cached_mxbai,2526,1782236059.2348344,,,
1539,0,svm,max,balanced,cached_mxbai,2527,1782236059.5245502,,,
9014,0,svm,max,balanced,cached_mxbai,2528,1782236059.82094,,,
10070,0,svm,max,balanced,cached_mxbai,2529,1782236060.1162322,,,
4921,0,svm,max,balanced,cached_mxbai,2530,1782236060.4128015,,,
8949,0,svm,max,balanced,cached_mxbai,2531,1782236060.7085466,,,
7578,0,svm,max,balanced,cached_mxbai,2532,1782236061.0092487,,,
5170,0,svm,max,balanced,cached_mxbai,2533,1782236061.3061397,,,
7350,0,svm,max,balanced,cached_mxbai,2534,1782236061.6061904,,,
5260,0,svm,max,balanced,cached_mxbai,2535,1782236061.9114401,,,
835,0,svm,max,balanced,cached_mxbai,2536,1782236062.2163062,,,
4944,0,svm,max,balanced,cached_mxbai,2537,1782236062.5183032,,,
3110,0,svm,max,balanced,cached_mxbai,2538,1782236062.8251355,,,
10130,0,svm,max,balanced,cached_mxbai,2539,1782236063.1303785,,,
5827,0,svm,max,balanced,cached_mxbai,2540,1782236063.4299903,,,
3879,0,svm,max,balanced,cached_mxbai,2541,1782236063.7276063,,,
10190,0,svm,max,balanced,cached_mxbai,2542,1782236064.0267532,,,
9735,0,svm,max,balanced,cached_mxbai,2543,1782236064.3259413,,,
9319,0,svm,max,balanced,cached_mxbai,2544,1782236064.6230073,,,
3651,0,svm,max,balanced,cached_mxbai,2545,1782236064.9345868,,,
4194,0,svm,max,balanced,cached_mxbai,2546,1782236065.2660878,,,
4913,0,svm,max,balanced,cached_mxbai,2547,1782236065.5707269,,,
7107,0,svm,max,balanced,cached_mxbai,2548,1782236065.8660877,,,
1324,0,svm,max,balanced,cached_mxbai,2549,1782236066.163998,,,
5585,0,svm,max,balanced,cached_mxbai,2550,1782236066.4625275,,,
7518,0,svm,max,balanced,cached_mxbai,2551,1782236066.7527976,,,
4213,0,svm,max,balanced,cached_mxbai,2552,1782236067.0444407,,,
7455,0,svm,max,balanced,cached_mxbai,2553,1782236067.3406699,,,
7667,0,svm,max,balanced,cached_mxbai,2554,1782236067.6386044,,,
10546,0,svm,max,balanced,cached_mxbai,2555,1782236067.9383032,,,
1281,0,svm,max,balanced,cached_mxbai,2556,1782236068.2346194,,,
65,0,svm,max,balanced,cached_mxbai,2557,1782236068.5336146,,,
4208,0,svm,max,balanced,cached_mxbai,2558,1782236068.830261,,,
5794,0,svm,max,balanced,cached_mxbai,2559,1782236069.1215954,,,
4516,0,svm,max,balanced,cached_mxbai,2560,1782236069.4136965,,,
3122,0,svm,max,balanced,cached_mxbai,2561,1782236069.7036662,,,
3208,0,svm,max,balanced,cached_mxbai,2562,1782236069.9939742,,,
10543,0,svm,max,balanced,cached_mxbai,2563,1782236070.2861927,,,
4630,0,svm,max,balanced,cached_mxbai,2564,1782236070.5787194,,,
8424,0,svm,max,balanced,cached_mxbai,2565,1782236070.8711226,,,
10085,0,svm,max,balanced,cached_mxbai,2566,1782236071.162582,,,
3883,0,svm,max,balanced,cached_mxbai,2567,1782236071.4553833,,,
795,0,svm,max,balanced,cached_mxbai,2568,1782236071.7445693,,,
8039,0,svm,max,balanced,cached_mxbai,2569,1782236072.0366497,,,
818,0,svm,max,balanced,cached_mxbai,2570,1782236072.3281083,,,
3131,0,svm,max,balanced,cached_mxbai,2571,1782236072.6289155,,,
5741,0,svm,max,balanced,cached_mxbai,2572,1782236072.9327333,,,
28,0,svm,max,balanced,cached_mxbai,2573,1782236073.2358677,,,
4992,0,svm,max,balanced,cached_mxbai,2574,1782236073.5377712,,,
3828,0,svm,max,balanced,cached_mxbai,2575,1782236073.8396654,,,
54,0,svm,max,balanced,cached_mxbai,2576,1782236074.1397493,,,
9977,0,svm,max,balanced,cached_mxbai,2577,1782236074.4414768,,,
9931,0,svm,max,balanced,cached_mxbai,2578,1782236074.740984,,,
3442,0,svm,max,balanced,cached_mxbai,2579,1782236075.0449667,,,
1866,0,svm,max,balanced,cached_mxbai,2580,1782236075.36671,,,
7338,0,svm,max,balanced,cached_mxbai,2581,1782236075.6719203,,,
3648,0,svm,max,balanced,cached_mxbai,2582,1782236075.9734821,,,
4609,0,svm,max,balanced,cached_mxbai,2583,1782236076.278114,,,
8699,0,svm,max,balanced,cached_mxbai,2584,1782236076.5842004,,,
4172,0,svm,max,balanced,cached_mxbai,2585,1782236076.8872163,,,
9283,0,svm,max,balanced,cached_mxbai,2586,1782236077.1904202,,,
1758,0,svm,max,balanced,cached_mxbai,2587,1782236077.4957159,,,
3814,0,svm,max,balanced,cached_mxbai,2588,1782236077.79631,,,
9354,0,svm,max,balanced,cached_mxbai,2589,1782236078.1036448,,,
1715,0,svm,max,balanced,cached_mxbai,2590,1782236078.4086723,,,
4073,0,svm,max,balanced,cached_mxbai,2591,1782236078.7147925,,,
8612,0,svm,max,balanced,cached_mxbai,2592,1782236079.019936,,,
523,0,svm,max,balanced,cached_mxbai,2593,1782236079.3233168,,,
4337,0,svm,max,balanced,cached_mxbai,2594,1782236079.6284142,,,
4900,0,svm,max,balanced,cached_mxbai,2595,1782236079.9330153,,,
3833,0,svm,max,balanced,cached_mxbai,2596,1782236080.236075,,,
424,0,svm,max,balanced,cached_mxbai,2597,1782236080.5742812,,,
1376,0,svm,max,balanced,cached_mxbai,2598,1782236080.8805451,,,
8054,0,svm,max,balanced,cached_mxbai,2599,1782236081.18756,,,
4492,0,svm,max,balanced,cached_mxbai,2600,1782236081.5256696,,,
5187,0,svm,max,balanced,cached_mxbai,2601,1782236081.861733,,,
1069,0,svm,max,balanced,cached_mxbai,2602,1782236082.1979914,,,
6404,0,svm,max,balanced,cached_mxbai,2603,1782236082.535588,,,
9056,0,svm,max,balanced,cached_mxbai,2604,1782236082.8735409,,,
4019,0,svm,max,balanced,cached_mxbai,2605,1782236083.2167282,,,
6593,0,svm,max,balanced,cached_mxbai,2606,1782236083.5574608,,,
10358,0,svm,max,balanced,cached_mxbai,2607,1782236083.8931522,,,
3535,0,svm,max,balanced,cached_mxbai,2608,1782236084.2325585,,,
6061,0,svm,max,balanced,cached_mxbai,2609,1782236084.5740135,,,
4879,0,svm,max,balanced,cached_mxbai,2610,1782236084.916427,,,
3927,0,svm,max,balanced,cached_mxbai,2611,1782236085.234861,,,
4470,0,svm,max,balanced,cached_mxbai,2612,1782236085.5618832,,,
9909,0,svm,max,balanced,cached_mxbai,2613,1782236085.8735633,,,
289,0,svm,max,balanced,cached_mxbai,2614,1782236086.1839597,,,
4989,0,svm,max,balanced,cached_mxbai,2615,1782236086.4913623,,,
1670,0,svm,max,balanced,cached_mxbai,2616,1782236086.8005464,,,
4916,0,svm,max,balanced,cached_mxbai,2617,1782236087.148801,,,
3714,0,svm,max,balanced,cached_mxbai,2618,1782236087.4560082,,,
4485,0,svm,max,balanced,cached_mxbai,2619,1782236087.7964482,,,
8180,0,svm,max,balanced,cached_mxbai,2620,1782236088.136847,,,
6486,0,svm,max,balanced,cached_mxbai,2621,1782236088.4782226,,,
3708,0,svm,max,balanced,cached_mxbai,2622,1782236088.8177118,,,
10506,0,svm,max,balanced,cached_mxbai,2623,1782236089.1612177,,,
1891,0,svm,max,balanced,cached_mxbai,2624,1782236089.5050013,,,
5152,0,svm,max,balanced,cached_mxbai,2625,1782236089.8457954,,,
758,0,svm,max,balanced,cached_mxbai,2626,1782236090.189875,,,
5613,0,svm,max,balanced,cached_mxbai,2627,1782236090.5324996,,,
10295,0,svm,max,balanced,cached_mxbai,2628,1782236090.8726301,,,
1787,0,svm,max,balanced,cached_mxbai,2629,1782236091.2163804,,,
9869,0,svm,max,balanced,cached_mxbai,2630,1782236091.557847,,,
1635,0,svm,max,balanced,cached_mxbai,2631,1782236091.8997457,,,
9660,0,svm,max,balanced,cached_mxbai,2632,1782236092.2418516,,,
3617,0,svm,max,balanced,cached_mxbai,2633,1782236092.5816395,,,
2586,0,svm,max,balanced,cached_mxbai,2634,1782236092.9249473,,,
4981,0,svm,max,balanced,cached_mxbai,2635,1782236093.269987,,,
3295,0,svm,max,balanced,cached_mxbai,2636,1782236093.6133285,,,
8654,0,svm,max,balanced,cached_mxbai,2637,1782236093.9541235,,,
7424,0,svm,max,balanced,cached_mxbai,2638,1782236094.2958078,,,
566,0,svm,max,balanced,cached_mxbai,2639,1782236094.638873,,,
688,0,svm,max,balanced,cached_mxbai,2640,1782236094.9777977,,,
3490,0,svm,max,balanced,cached_mxbai,2641,1782236095.3379128,,,
1548,0,svm,max,balanced,cached_mxbai,2642,1782236095.6805289,,,
10218,0,svm,max,balanced,cached_mxbai,2643,1782236096.0304,,,
7970,0,svm,max,balanced,cached_mxbai,2644,1782236096.3754513,,,
4018,0,svm,max,balanced,cached_mxbai,2645,1782236096.720336,,,
10594,1,svm,max,balanced,cached_mxbai,2646,1782236097.0691066,,,
4232,0,svm,max,balanced,cached_mxbai,2647,1782236097.4188693,,,
7285,0,svm,max,balanced,cached_mxbai,2648,1782236097.7727153,,,
10433,0,svm,max,balanced,cached_mxbai,2649,1782236098.1330056,,,
406,0,svm,max,balanced,cached_mxbai,2650,1782236098.4836175,,,
1714,0,svm,max,balanced,cached_mxbai,2651,1782236098.7942176,,,
4034,0,svm,max,balanced,cached_mxbai,2652,1782236099.1046169,,,
4294,0,svm,max,balanced,cached_mxbai,2653,1782236099.4150028,,,
8193,0,svm,max,balanced,cached_mxbai,2654,1782236099.729612,,,
4143,0,svm,max,balanced,cached_mxbai,2655,1782236100.0814445,,,
224,0,svm,max,balanced,cached_mxbai,2656,1782236100.3937547,,,
4200,0,svm,max,balanced,cached_mxbai,2657,1782236100.7494054,,,
10370,0,svm,max,balanced,cached_mxbai,2658,1782236101.1047375,,,
4404,0,svm,max,balanced,cached_mxbai,2659,1782236101.4183357,,,
9117,0,svm,max,balanced,cached_mxbai,2660,1782236101.7344897,,,
8615,0,svm,max,balanced,cached_mxbai,2661,1782236102.0482008,,,
75,0,svm,max,balanced,cached_mxbai,2662,1782236102.3631797,,,
200,0,svm,max,balanced,cached_mxbai,2663,1782236102.6806922,,,
10587,0,svm,max,balanced,cached_mxbai,2664,1782236103.0012383,,,
7341,0,svm,max,balanced,cached_mxbai,2665,1782236103.3169591,,,
1592,0,svm,max,balanced,cached_mxbai,2666,1782236103.6317458,,,
4062,0,svm,max,balanced,cached_mxbai,2667,1782236103.9466233,,,
3417,0,svm,max,balanced,cached_mxbai,2668,1782236104.2628944,,,
5758,0,svm,max,balanced,cached_mxbai,2669,1782236104.5764437,,,
9055,0,svm,max,balanced,cached_mxbai,2670,1782236104.8916388,,,
2256,0,svm,max,balanced,cached_mxbai,2671,1782236105.2137454,,,
3321,0,svm,max,balanced,cached_mxbai,2672,1782236105.5634415,,,
9822,0,svm,max,balanced,cached_mxbai,2673,1782236105.8809514,,,
3686,0,svm,max,balanced,cached_mxbai,2674,1782236106.1979856,,,
10216,0,svm,max,balanced,cached_mxbai,2675,1782236106.5121546,,,
6334,0,svm,max,balanced,cached_mxbai,2676,1782236106.8368723,,,
6489,0,svm,max,balanced,cached_mxbai,2677,1782236107.1540263,,,
5175,0,svm,max,balanced,cached_mxbai,2678,1782236107.472211,,,
4421,0,svm,max,balanced,cached_mxbai,2679,1782236107.790966,,,
445,0,svm,max,balanced,cached_mxbai,2680,1782236108.1124582,,,
2129,0,svm,max,balanced,cached_mxbai,2681,1782236108.428912,,,
4105,0,svm,max,balanced,cached_mxbai,2682,1782236108.7498307,,,
7511,0,svm,max,balanced,cached_mxbai,2683,1782236109.065769,,,
6774,0,svm,max,balanced,cached_mxbai,2684,1782236109.3792334,,,
10387,0,svm,max,balanced,cached_mxbai,2685,1782236109.694417,,,
9143,0,svm,max,balanced,cached_mxbai,2686,1782236110.0090315,,,
4234,0,svm,max,balanced,cached_mxbai,2687,1782236110.3278997,,,
9386,0,svm,max,balanced,cached_mxbai,2688,1782236110.6459706,,,
9048,0,svm,max,balanced,cached_mxbai,2689,1782236110.9636228,,,
4409,0,svm,max,balanced,cached_mxbai,2690,1782236111.2817385,,,
4158,0,svm,max,balanced,cached_mxbai,2691,1782236111.5981705,,,
1875,0,svm,max,balanced,cached_mxbai,2692,1782236111.9148154,,,
4820,0,svm,max,balanced,cached_mxbai,2693,1782236112.2349632,,,
7590,0,svm,max,balanced,cached_mxbai,2694,1782236112.5500913,,,
9109,0,svm,max,balanced,cached_mxbai,2695,1782236112.8724189,,,
3246,0,svm,max,balanced,cached_mxbai,2696,1782236113.1939886,,,
7499,0,svm,max,balanced,cached_mxbai,2697,1782236113.5110085,,,
7248,0,svm,max,balanced,cached_mxbai,2698,1782236113.8308775,,,
648,0,svm,max,balanced,cached_mxbai,2699,1782236114.1506093,,,
6443,0,svm,max,balanced,cached_mxbai,2700,1782236114.466912,,,
1574,0,svm,max,balanced,cached_mxbai,2701,1782236114.7848494,,,
6363,0,svm,max,balanced,cached_mxbai,2702,1782236115.1091795,,,
4159,0,svm,max,balanced,cached_mxbai,2703,1782236115.4528756,,,
5439,0,svm,max,balanced,cached_mxbai,2704,1782236115.7720566,,,
10004,0,svm,max,balanced,cached_mxbai,2705,1782236116.0925903,,,
3249,0,svm,max,balanced,cached_mxbai,2706,1782236116.4106438,,,
5920,0,svm,max,balanced,cached_mxbai,2707,1782236116.729229,,,
4842,0,svm,max,balanced,cached_mxbai,2708,1782236117.0472772,,,
9105,0,svm,max,balanced,cached_mxbai,2709,1782236117.3673816,,,
10516,0,svm,max,balanced,cached_mxbai,2710,1782236117.6861267,,,
4078,0,svm,max,balanced,cached_mxbai,2711,1782236118.0051904,,,
4690,0,svm,max,balanced,cached_mxbai,2712,1782236118.3239899,,,
4118,0,svm,max,balanced,cached_mxbai,2713,1782236118.6427817,,,
615,0,svm,max,balanced,cached_mxbai,2714,1782236118.961944,,,
512,0,svm,max,balanced,cached_mxbai,2715,1782236119.283846,,,
4762,0,svm,max,balanced,cached_mxbai,2716,1782236119.6366673,,,
5196,0,svm,max,balanced,cached_mxbai,2717,1782236120.0071847,,,
4187,0,svm,max,balanced,cached_mxbai,2718,1782236120.3701284,,,
3845,0,svm,max,balanced,cached_mxbai,2719,1782236120.6948738,,,
1148,0,svm,max,balanced,cached_mxbai,2720,1782236121.0185032,,,
6509,0,svm,max,balanced,cached_mxbai,2721,1782236121.3421588,,,
3565,0,svm,max,balanced,cached_mxbai,2722,1782236121.6636722,,,
10282,0,svm,max,balanced,cached_mxbai,2723,1782236122.0172756,,,
4346,0,svm,max,balanced,cached_mxbai,2724,1782236122.3727002,,,
5249,0,svm,max,balanced,cached_mxbai,2725,1782236122.7284846,,,
922,0,svm,max,balanced,cached_mxbai,2726,1782236123.0915232,,,
4057,0,svm,max,balanced,cached_mxbai,2727,1782236123.4476671,,,
4303,0,svm,max,balanced,cached_mxbai,2728,1782236123.803988,,,
10364,0,svm,max,balanced,cached_mxbai,2729,1782236124.1580608,,,
1527,0,svm,max,balanced,cached_mxbai,2730,1782236124.5131342,,,
3537,0,svm,max,balanced,cached_mxbai,2731,1782236124.8680634,,,
1609,0,svm,max,balanced,cached_mxbai,2732,1782236125.2402904,,,
4713,0,svm,max,balanced,cached_mxbai,2733,1782236125.6109374,,,
1789,0,svm,max,balanced,cached_mxbai,2734,1782236125.9770458,,,
334,0,svm,max,balanced,cached_mxbai,2735,1782236126.3372095,,,
3784,0,svm,max,balanced,cached_mxbai,2736,1782236126.7060733,,,
8012,0,svm,max,balanced,cached_mxbai,2737,1782236127.068612,,,
1274,0,svm,max,balanced,cached_mxbai,2738,1782236127.4410584,,,
4160,0,svm,max,balanced,cached_mxbai,2739,1782236127.816523,,,
9791,0,svm,max,balanced,cached_mxbai,2740,1782236128.1899283,,,
2417,0,svm,max,balanced,cached_mxbai,2741,1782236128.5609837,,,
3202,0,svm,max,balanced,cached_mxbai,2742,1782236128.9396377,,,
3839,0,svm,max,balanced,cached_mxbai,2743,1782236129.3148553,,,
1100,0,svm,max,balanced,cached_mxbai,2744,1782236129.69001,,,
1481,0,svm,max,balanced,cached_mxbai,2745,1782236130.0624385,,,
4578,0,svm,max,balanced,cached_mxbai,2746,1782236130.430463,,,
8762,0,svm,max,balanced,cached_mxbai,2747,1782236130.8164103,,,
1310,0,svm,max,balanced,cached_mxbai,2748,1782236131.1910727,,,
3822,0,svm,max,balanced,cached_mxbai,2749,1782236131.560771,,,
5978,0,svm,max,balanced,cached_mxbai,2750,1782236131.9298577,,,
8805,0,svm,max,balanced,cached_mxbai,2751,1782236132.3048966,,,
4535,0,svm,max,balanced,cached_mxbai,2752,1782236132.6781135,,,
9574,0,svm,max,balanced,cached_mxbai,2753,1782236133.0604608,,,
5271,0,svm,max,balanced,cached_mxbai,2754,1782236133.4249356,,,
9823,0,svm,max,balanced,cached_mxbai,2755,1782236133.7967427,,,
4216,0,svm,max,balanced,cached_mxbai,2756,1782236134.1669488,,,
8782,0,svm,max,balanced,cached_mxbai,2757,1782236134.5344985,,,
3513,0,svm,max,balanced,cached_mxbai,2758,1782236134.9040675,,,
4724,0,svm,max,balanced,cached_mxbai,2759,1782236135.2915733,,,
3457,0,svm,max,balanced,cached_mxbai,2760,1782236135.6685593,,,
7038,0,svm,max,balanced,cached_mxbai,2761,1782236136.0364876,,,
1711,0,svm,max,balanced,cached_mxbai,2762,1782236136.4089422,,,
6557,0,svm,max,balanced,cached_mxbai,2763,1782236136.781622,,,
3579,0,svm,max,balanced,cached_mxbai,2764,1782236137.1576593,,,
5180,0,svm,max,balanced,cached_mxbai,2765,1782236137.532865,,,
5194,0,svm,max,balanced,cached_mxbai,2766,1782236137.9103498,,,
10233,0,svm,max,balanced,cached_mxbai,2767,1782236138.2893448,,,
785,0,svm,max,balanced,cached_mxbai,2768,1782236138.661512,,,
1595,0,svm,max,balanced,cached_mxbai,2769,1782236139.0445268,,,
1361,0,svm,max,balanced,cached_mxbai,2770,1782236139.4205165,,,
10466,0,svm,max,balanced,cached_mxbai,2771,1782236139.800734,,,
9314,0,svm,max,balanced,cached_mxbai,2772,1782236140.1792972,,,
5914,0,svm,max,balanced,cached_mxbai,2773,1782236140.5527308,,,
5497,0,svm,max,balanced,cached_mxbai,2774,1782236140.9366753,,,
4133,0,svm,max,balanced,cached_mxbai,2775,1782236141.3142514,,,
8248,0,svm,max,balanced,cached_mxbai,2776,1782236141.6906626,,,
701,0,svm,max,balanced,cached_mxbai,2777,1782236142.0676877,,,
7191,0,svm,max,balanced,cached_mxbai,2778,1782236142.4461558,,,
9949,0,svm,max,balanced,cached_mxbai,2779,1782236142.811829,,,
9391,0,svm,max,balanced,cached_mxbai,2780,1782236143.1820812,,,
120,0,svm,max,balanced,cached_mxbai,2781,1782236143.5452962,,,
9649,0,svm,max,balanced,cached_mxbai,2782,1782236143.9071975,,,
5949,0,svm,max,balanced,cached_mxbai,2783,1782236144.2711143,,,
1375,0,svm,max,balanced,cached_mxbai,2784,1782236144.634672,,,
9879,0,svm,max,balanced,cached_mxbai,2785,1782236145.0014777,,,
5803,0,svm,max,balanced,cached_mxbai,2786,1782236145.3888679,,,
3312,0,svm,max,balanced,cached_mxbai,2787,1782236145.7546031,,,
6445,0,svm,max,balanced,cached_mxbai,2788,1782236146.1205487,,,
6717,0,svm,max,balanced,cached_mxbai,2789,1782236146.4811096,,,
7827,0,svm,max,balanced,cached_mxbai,2790,1782236146.8429978,,,
2951,0,svm,max,balanced,cached_mxbai,2791,1782236147.2056174,,,
734,0,svm,max,balanced,cached_mxbai,2792,1782236147.5680313,,,
5818,0,svm,max,balanced,cached_mxbai,2793,1782236147.929698,,,
207,0,svm,max,balanced,cached_mxbai,2794,1782236148.2927227,,,
4431,0,svm,max,balanced,cached_mxbai,2795,1782236148.6587162,,,
8085,0,svm,max,balanced,cached_mxbai,2796,1782236149.020695,,,
4613,0,svm,max,balanced,cached_mxbai,2797,1782236149.3906856,,,
10472,0,svm,max,balanced,cached_mxbai,2798,1782236149.760045,,,
3091,0,svm,max,balanced,cached_mxbai,2799,1782236150.123584,,,
389,0,svm,max,balanced,cached_mxbai,2800,1782236150.494056,,,
3384,0,svm,max,balanced,cached_mxbai,2801,1782236150.8591576,,,
5619,0,svm,max,balanced,cached_mxbai,2802,1782236151.2312572,,,
7052,0,svm,max,balanced,cached_mxbai,2803,1782236151.5966291,,,
5183,0,svm,max,balanced,cached_mxbai,2804,1782236151.9625175,,,
5893,0,svm,max,balanced,cached_mxbai,2805,1782236152.3317664,,,
1632,0,svm,max,balanced,cached_mxbai,2806,1782236152.6962633,,,
4524,0,svm,max,balanced,cached_mxbai,2807,1782236153.0691056,,,
1720,0,svm,max,balanced,cached_mxbai,2808,1782236153.4441202,,,
3996,0,svm,max,balanced,cached_mxbai,2809,1782236153.811206,,,
7273,0,svm,max,balanced,cached_mxbai,2810,1782236154.1808136,,,
6973,0,svm,max,balanced,cached_mxbai,2811,1782236154.549096,,,
9327,0,svm,max,balanced,cached_mxbai,2812,1782236154.9150999,,,
3725,0,svm,max,balanced,cached_mxbai,2813,1782236155.301057,,,
4472,0,svm,max,balanced,cached_mxbai,2814,1782236155.67058,,,
4317,0,svm,max,balanced,cached_mxbai,2815,1782236156.0459535,,,
3897,0,svm,max,balanced,cached_mxbai,2816,1782236156.4251134,,,
7617,0,svm,max,balanced,cached_mxbai,2817,1782236156.8018456,,,
685,0,svm,max,balanced,cached_mxbai,2818,1782236157.1852112,,,
4908,0,svm,max,balanced,cached_mxbai,2819,1782236157.5538163,,,
4349,0,svm,max,balanced,cached_mxbai,2820,1782236157.9215126,,,
6928,0,svm,max,balanced,cached_mxbai,2821,1782236158.2897618,,,
7376,0,svm,max,balanced,cached_mxbai,2822,1782236158.6552148,,,
4065,0,svm,max,balanced,cached_mxbai,2823,1782236159.0219324,,,
5062,0,svm,max,balanced,cached_mxbai,2824,1782236159.4012249,,,
4418,0,svm,max,balanced,cached_mxbai,2825,1782236159.779489,,,
6356,0,svm,max,balanced,cached_mxbai,2826,1782236160.1578736,,,
3358,0,svm,max,balanced,cached_mxbai,2827,1782236160.5381641,,,
3505,0,svm,max,balanced,cached_mxbai,2828,1782236160.9222069,,,
3916,0,svm,max,balanced,cached_mxbai,2829,1782236161.3035176,,,
2034,0,svm,max,balanced,cached_mxbai,2830,1782236161.6803098,,,
5236,0,svm,max,balanced,cached_mxbai,2831,1782236162.069127,,,
5748,0,svm,max,balanced,cached_mxbai,2832,1782236162.4535952,,,
9141,0,svm,max,balanced,cached_mxbai,2833,1782236162.836962,,,
5146,0,svm,max,balanced,cached_mxbai,2834,1782236163.225498,,,
3079,0,svm,max,balanced,cached_mxbai,2835,1782236163.6070817,,,
3268,0,svm,max,balanced,cached_mxbai,2836,1782236163.99848,,,
1365,0,svm,max,balanced,cached_mxbai,2837,1782236164.3842392,,,
1260,0,svm,max,balanced,cached_mxbai,2838,1782236164.7638626,,,
3976,0,svm,max,balanced,cached_mxbai,2839,1782236165.149528,,,
7277,0,svm,max,balanced,cached_mxbai,2840,1782236165.553079,,,
3349,0,svm,max,balanced,cached_mxbai,2841,1782236165.9360042,,,
1627,0,svm,max,balanced,cached_mxbai,2842,1782236166.316526,,,
1200,0,svm,max,balanced,cached_mxbai,2843,1782236166.695228,,,
9771,0,svm,max,balanced,cached_mxbai,2844,1782236167.081952,,,
690,0,svm,max,balanced,cached_mxbai,2845,1782236167.456051,,,
3228,0,svm,max,balanced,cached_mxbai,2846,1782236167.8368454,,,
4182,0,svm,max,balanced,cached_mxbai,2847,1782236168.2177377,,,
6780,0,svm,max,balanced,cached_mxbai,2848,1782236168.5889661,,,
1458,0,svm,max,balanced,cached_mxbai,2849,1782236168.9754932,,,
9873,0,svm,max,balanced,cached_mxbai,2850,1782236169.3587058,,,
5050,0,svm,max,balanced,cached_mxbai,2851,1782236169.7410045,,,
616,0,svm,max,balanced,cached_mxbai,2852,1782236170.1140206,,,
9153,0,svm,max,balanced,cached_mxbai,2853,1782236170.48829,,,
550,0,svm,max,balanced,cached_mxbai,2854,1782236170.8631465,,,
3968,0,svm,max,balanced,cached_mxbai,2855,1782236171.2386138,,,
4872,0,svm,max,balanced,cached_mxbai,2856,1782236171.614725,,,
8057,0,svm,max,balanced,cached_mxbai,2857,1782236171.9875994,,,
1435,0,svm,max,balanced,cached_mxbai,2858,1782236172.3997142,,,
3999,0,svm,max,balanced,cached_mxbai,2859,1782236172.775792,,,
5408,0,svm,max,balanced,cached_mxbai,2860,1782236173.1547422,,,
7163,0,svm,max,balanced,cached_mxbai,2861,1782236173.5326638,,,
5810,0,svm,max,balanced,cached_mxbai,2862,1782236173.9066665,,,
4760,0,svm,max,balanced,cached_mxbai,2863,1782236174.2799397,,,
9712,0,svm,max,balanced,cached_mxbai,2864,1782236174.653195,,,
5432,0,svm,max,balanced,cached_mxbai,2865,1782236175.0323176,,,
5291,0,svm,max,balanced,cached_mxbai,2866,1782236175.429004,,,
5054,0,svm,max,balanced,cached_mxbai,2867,1782236175.8101406,,,
9366,0,svm,max,balanced,cached_mxbai,2868,1782236176.1928246,,,
245,0,svm,max,balanced,cached_mxbai,2869,1782236176.5687113,,,
10183,0,svm,max,balanced,cached_mxbai,2870,1782236176.9441307,,,
6291,0,svm,max,balanced,cached_mxbai,2871,1782236177.3192465,,,
3134,0,svm,max,balanced,cached_mxbai,2872,1782236177.7131739,,,
4824,0,svm,max,balanced,cached_mxbai,2873,1782236178.0899737,,,
9790,0,svm,max,balanced,cached_mxbai,2874,1782236178.474557,,,
9526,0,svm,max,balanced,cached_mxbai,2875,1782236178.872255,,,
979,0,svm,max,balanced,cached_mxbai,2876,1782236179.257447,,,
10485,0,svm,max,balanced,cached_mxbai,2877,1782236179.6336477,,,
8475,0,svm,max,balanced,cached_mxbai,2878,1782236180.0074763,,,
85,0,svm,max,balanced,cached_mxbai,2879,1782236180.3858204,,,
2082,0,svm,max,balanced,cached_mxbai,2880,1782236180.7632318,,,
4095,0,svm,max,balanced,cached_mxbai,2881,1782236181.142168,,,
8174,0,svm,max,balanced,cached_mxbai,2882,1782236181.520924,,,
4339,0,svm,max,balanced,cached_mxbai,2883,1782236181.8965309,,,
9825,0,svm,max,balanced,cached_mxbai,2884,1782236182.2735348,,,
1886,0,svm,max,balanced,cached_mxbai,2885,1782236182.6521199,,,
4113,0,svm,max,balanced,cached_mxbai,2886,1782236183.0395896,,,
3755,0,svm,max,balanced,cached_mxbai,2887,1782236183.4185429,,,
8546,0,svm,max,balanced,cached_mxbai,2888,1782236183.7973375,,,
8779,0,svm,max,balanced,cached_mxbai,2889,1782236184.175313,,,
7870,0,svm,max,balanced,cached_mxbai,2890,1782236184.5582013,,,
5266,0,svm,max,balanced,cached_mxbai,2891,1782236184.9377155,,,
9592,0,svm,max,balanced,cached_mxbai,2892,1782236185.3512506,,,
8025,0,svm,max,balanced,cached_mxbai,2893,1782236185.7298257,,,
6287,0,svm,max,balanced,cached_mxbai,2894,1782236186.1105137,,,
4274,0,svm,max,balanced,cached_mxbai,2895,1782236186.4894853,,,
4443,0,svm,max,balanced,cached_mxbai,2896,1782236186.870246,,,
2743,0,svm,max,balanced,cached_mxbai,2897,1782236187.251202,,,
3348,0,svm,max,balanced,cached_mxbai,2898,1782236187.631986,,,
1101,0,svm,max,balanced,cached_mxbai,2899,1782236188.0123816,,,
8109,0,svm,max,balanced,cached_mxbai,2900,1782236188.3909352,,,
9925,0,svm,max,balanced,cached_mxbai,2901,1782236188.767989,,,
3795,0,svm,max,balanced,cached_mxbai,2902,1782236189.1462314,,,
1121,0,svm,max,balanced,cached_mxbai,2903,1782236189.526445,,,
4942,0,svm,max,balanced,cached_mxbai,2904,1782236189.9022553,,,
9003,0,svm,max,balanced,cached_mxbai,2905,1782236190.2820885,,,
4250,0,svm,max,balanced,cached_mxbai,2906,1782236190.6595523,,,
1510,0,svm,max,balanced,cached_mxbai,2907,1782236191.038368,,,
3466,0,svm,max,balanced,cached_mxbai,2908,1782236191.418336,,,
4544,0,svm,max,balanced,cached_mxbai,2909,1782236191.798808,,,
5811,0,svm,max,balanced,cached_mxbai,2910,1782236192.177749,,,
7991,0,svm,max,balanced,cached_mxbai,2911,1782236192.5584533,,,
2667,0,svm,max,balanced,cached_mxbai,2912,1782236192.9393249,,,
7476,0,svm,max,balanced,cached_mxbai,2913,1782236193.32012,,,
4640,0,svm,max,balanced,cached_mxbai,2914,1782236193.699898,,,
5144,0,svm,max,balanced,cached_mxbai,2915,1782236194.0827398,,,
5514,0,svm,max,balanced,cached_mxbai,2916,1782236194.4616847,,,
1085,0,svm,max,balanced,cached_mxbai,2917,1782236194.845947,,,
1983,0,svm,max,balanced,cached_mxbai,2918,1782236195.240232,,,
151,0,svm,max,balanced,cached_mxbai,2919,1782236195.6337712,,,
5784,0,svm,max,balanced,cached_mxbai,2920,1782236196.020232,,,
10198,0,svm,max,balanced,cached_mxbai,2921,1782236196.40772,,,
8562,0,svm,max,balanced,cached_mxbai,2922,1782236196.7892864,,,
5127,0,svm,max,balanced,cached_mxbai,2923,1782236197.1878695,,,
4560,0,svm,max,balanced,cached_mxbai,2924,1782236197.5731158,,,
5640,0,svm,max,balanced,cached_mxbai,2925,1782236197.9582098,,,
650,0,svm,max,balanced,cached_mxbai,2926,1782236198.3423848,,,
6041,0,svm,max,balanced,cached_mxbai,2927,1782236198.7277005,,,
5182,0,svm,max,balanced,cached_mxbai,2928,1782236199.113601,,,
10467,0,svm,max,balanced,cached_mxbai,2929,1782236199.502553,,,
4695,0,svm,max,balanced,cached_mxbai,2930,1782236199.8911858,,,
3525,0,svm,max,balanced,cached_mxbai,2931,1782236200.277938,,,
4039,0,svm,max,balanced,cached_mxbai,2932,1782236200.664942,,,
155,0,svm,max,balanced,cached_mxbai,2933,1782236201.053527,,,
4607,0,svm,max,balanced,cached_mxbai,2934,1782236201.4363897,,,
87,0,svm,max,balanced,cached_mxbai,2935,1782236201.8225443,,,
9610,0,svm,max,balanced,cached_mxbai,2936,1782236202.2050464,,,
1482,0,svm,max,balanced,cached_mxbai,2937,1782236202.5955937,,,
2072,0,svm,max,balanced,cached_mxbai,2938,1782236202.9919975,,,
1686,0,svm,max,balanced,cached_mxbai,2939,1782236203.3805516,,,
4002,0,svm,max,balanced,cached_mxbai,2940,1782236203.7695582,,,
3365,0,svm,max,balanced,cached_mxbai,2941,1782236204.1549928,,,
1661,0,svm,max,balanced,cached_mxbai,2942,1782236204.5446124,,,
1700,0,svm,max,balanced,cached_mxbai,2943,1782236204.9366717,,,
5951,0,svm,max,balanced,cached_mxbai,2944,1782236205.3532856,,,
7763,0,svm,max,balanced,cached_mxbai,2945,1782236205.7445176,,,
5545,0,svm,max,balanced,cached_mxbai,2946,1782236206.1339347,,,
7287,0,svm,max,balanced,cached_mxbai,2947,1782236206.525097,,,
3992,0,svm,max,balanced,cached_mxbai,2948,1782236206.9138212,,,
1422,0,svm,max,balanced,cached_mxbai,2949,1782236207.303139,,,
3465,0,svm,max,balanced,cached_mxbai,2950,1782236207.693172,,,
9318,0,svm,max,balanced,cached_mxbai,2951,1782236208.0837889,,,
4678,0,svm,max,balanced,cached_mxbai,2952,1782236208.4763746,,,
5241,0,svm,max,balanced,cached_mxbai,2953,1782236208.865087,,,
7159,0,svm,max,balanced,cached_mxbai,2954,1782236209.2551703,,,
3599,0,svm,max,balanced,cached_mxbai,2955,1782236209.645456,,,
8648,0,svm,max,balanced,cached_mxbai,2956,1782236210.0343366,,,
1196,0,svm,max,balanced,cached_mxbai,2957,1782236210.4260259,,,
9587,0,svm,max,balanced,cached_mxbai,2958,1782236210.8192465,,,
2910,0,svm,max,balanced,cached_mxbai,2959,1782236211.2405536,,,
3812,0,svm,max,balanced,cached_mxbai,2960,1782236211.6644676,,,
7437,0,svm,max,balanced,cached_mxbai,2961,1782236212.0772665,,,
5579,0,svm,max,balanced,cached_mxbai,2962,1782236212.4715476,,,
3946,0,svm,max,balanced,cached_mxbai,2963,1782236212.864071,,,
6236,0,svm,max,balanced,cached_mxbai,2964,1782236213.2602015,,,
1924,0,svm,max,balanced,cached_mxbai,2965,1782236213.655765,,,
5247,0,svm,max,balanced,cached_mxbai,2966,1782236214.048223,,,
931,0,svm,max,balanced,cached_mxbai,2967,1782236214.4417217,,,
8152,0,svm,max,balanced,cached_mxbai,2968,1782236214.8322382,,,
7429,0,svm,max,balanced,cached_mxbai,2969,1782236215.231357,,,
3411,0,svm,max,balanced,cached_mxbai,2970,1782236215.6341324,,,
5370,0,svm,max,balanced,cached_mxbai,2971,1782236216.028661,,,
9777,0,svm,max,balanced,cached_mxbai,2972,1782236216.4189436,,,
8040,0,svm,max,balanced,cached_mxbai,2973,1782236216.8125815,,,
3180,0,svm,max,balanced,cached_mxbai,2974,1782236217.2136447,,,
203,0,svm,max,balanced,cached_mxbai,2975,1782236217.6084573,,,
3970,0,svm,max,balanced,cached_mxbai,2976,1782236217.9999278,,,
3167,0,svm,max,balanced,cached_mxbai,2977,1782236218.392846,,,
943,0,svm,max,balanced,cached_mxbai,2978,1782236218.7849267,,,
2507,0,svm,max,balanced,cached_mxbai,2979,1782236219.1793664,,,
897,0,svm,max,balanced,cached_mxbai,2980,1782236219.5740044,,,
7677,0,svm,max,balanced,cached_mxbai,2981,1782236219.9699903,,,
4993,0,svm,max,balanced,cached_mxbai,2982,1782236220.3613942,,,
8936,0,svm,max,balanced,cached_mxbai,2983,1782236220.7544994,,,
7913,0,svm,max,balanced,cached_mxbai,2984,1782236221.1477785,,,
7937,0,svm,max,balanced,cached_mxbai,2985,1782236221.5428133,,,
423,1,svm,max,balanced,cached_mxbai,2986,1782236221.9391026,,,
7346,0,svm,max,balanced,cached_mxbai,2987,1782236222.3259244,,,
7815,0,svm,max,balanced,cached_mxbai,2988,1782236222.7131195,,,
2378,0,svm,max,balanced,cached_mxbai,2989,1782236223.1028657,,,
8269,0,svm,max,balanced,cached_mxbai,2990,1782236223.4803243,,,
6714,0,svm,max,balanced,cached_mxbai,2991,1782236223.8604157,,,
1740,0,svm,max,balanced,cached_mxbai,2992,1782236224.2431695,,,
42,0,svm,max,balanced,cached_mxbai,2993,1782236224.6227503,,,
5343,0,svm,max,balanced,cached_mxbai,2994,1782236225.0069323,,,
8477,0,svm,max,balanced,cached_mxbai,2995,1782236225.4100206,,,
1044,0,svm,max,balanced,cached_mxbai,2996,1782236225.793879,,,
5637,0,svm,max,balanced,cached_mxbai,2997,1782236226.1767783,,,
2791,0,svm,max,balanced,cached_mxbai,2998,1782236226.56261,,,
7865,0,svm,max,balanced,cached_mxbai,2999,1782236226.9460163,,,
6440,0,svm,max,balanced,cached_mxbai,3000,1782236227.3319278,,,
4357,0,svm,max,balanced,cached_mxbai,3001,1782236227.7165327,,,
10345,0,svm,max,balanced,cached_mxbai,3002,1782236228.102033,,,
1404,0,svm,max,balanced,cached_mxbai,3003,1782236228.4885652,,,
4081,0,svm,max,balanced,cached_mxbai,3004,1782236228.8783035,,,
6371,0,svm,max,balanced,cached_mxbai,3005,1782236229.2634573,,,
5828,0,svm,max,balanced,cached_mxbai,3006,1782236229.6503098,,,
3366,0,svm,max,balanced,cached_mxbai,3007,1782236230.0463955,,,
5752,0,svm,max,balanced,cached_mxbai,3008,1782236230.4321213,,,
3727,0,svm,max,balanced,cached_mxbai,3009,1782236230.8159013,,,
5490,0,svm,max,balanced,cached_mxbai,3010,1782236231.2027833,,,
1544,0,svm,max,balanced,cached_mxbai,3011,1782236231.5899093,,,
7670,0,svm,max,balanced,cached_mxbai,3012,1782236231.9877353,,,
8617,0,svm,max,balanced,cached_mxbai,3013,1782236232.3708708,,,
5923,0,svm,max,balanced,cached_mxbai,3014,1782236232.756247,,,
1463,0,svm,max,balanced,cached_mxbai,3015,1782236233.1515362,,,
712,0,svm,max,balanced,cached_mxbai,3016,1782236233.5398057,,,
732,0,svm,max,balanced,cached_mxbai,3017,1782236233.9267056,,,
6695,0,svm,max,balanced,cached_mxbai,3018,1782236234.311112,,,
3601,0,svm,max,balanced,cached_mxbai,3019,1782236234.6979477,,,
4938,0,svm,max,balanced,cached_mxbai,3020,1782236235.1005535,,,
5350,0,svm,max,balanced,cached_mxbai,3021,1782236235.5201466,,,
6442,0,svm,max,balanced,cached_mxbai,3022,1782236235.9200382,,,
9821,0,svm,max,balanced,cached_mxbai,3023,1782236236.3139517,,,
3758,0,svm,max,balanced,cached_mxbai,3024,1782236236.7120495,,,
2531,0,svm,max,balanced,cached_mxbai,3025,1782236237.1060963,,,
4235,0,svm,max,balanced,cached_mxbai,3026,1782236237.50213,,,
9002,0,svm,max,balanced,cached_mxbai,3027,1782236237.8962328,,,
3481,0,svm,max,balanced,cached_mxbai,3028,1782236238.2942388,,,
8284,0,svm,max,balanced,cached_mxbai,3029,1782236238.689164,,,
454,0,svm,max,balanced,cached_mxbai,3030,1782236239.0871348,,,
3861,0,svm,max,balanced,cached_mxbai,3031,1782236239.4816153,,,
1677,0,svm,max,balanced,cached_mxbai,3032,1782236239.8786423,,,
237,0,svm,max,balanced,cached_mxbai,3033,1782236240.2734685,,,
6086,0,svm,max,balanced,cached_mxbai,3034,1782236240.6769855,,,
2500,0,svm,max,balanced,cached_mxbai,3035,1782236241.0832624,,,
4145,0,svm,max,balanced,cached_mxbai,3036,1782236241.4891324,,,
175,0,svm,max,balanced,cached_mxbai,3037,1782236241.8938713,,,
3610,0,svm,max,balanced,cached_mxbai,3038,1782236242.3016028,,,
10376,0,svm,max,balanced,cached_mxbai,3039,1782236242.705781,,,
8098,0,svm,max,balanced,cached_mxbai,3040,1782236243.1179085,,,
4023,0,svm,max,balanced,cached_mxbai,3041,1782236243.5211594,,,
1988,0,svm,max,balanced,cached_mxbai,3042,1782236243.9246845,,,
3826,0,svm,max,balanced,cached_mxbai,3043,1782236244.3258116,,,
10585,0,svm,max,balanced,cached_mxbai,3044,1782236244.7186396,,,
3046,0,svm,max,balanced,cached_mxbai,3045,1782236245.118584,,,
4356,0,svm,max,balanced,cached_mxbai,3046,1782236245.5273316,,,
2978,0,svm,max,balanced,cached_mxbai,3047,1782236245.9239771,,,
2818,0,svm,max,balanced,cached_mxbai,3048,1782236246.3236449,,,
9241,0,svm,max,balanced,cached_mxbai,3049,1782236246.721942,,,
3103,0,svm,max,balanced,cached_mxbai,3050,1782236247.1273127,,,
3421,0,svm,max,balanced,cached_mxbai,3051,1782236247.5246413,,,
446,0,svm,max,balanced,cached_mxbai,3052,1782236247.9242604,,,
5921,0,svm,max,balanced,cached_mxbai,3053,1782236248.3238778,,,
3575,0,svm,max,balanced,cached_mxbai,3054,1782236248.7219145,,,
4089,0,svm,max,balanced,cached_mxbai,3055,1782236249.1211054,,,
179,0,svm,max,balanced,cached_mxbai,3056,1782236249.5271769,,,
1736,0,svm,max,balanced,cached_mxbai,3057,1782236249.9264848,,,
5907,0,svm,max,balanced,cached_mxbai,3058,1782236250.3322303,,,
6979,0,svm,max,balanced,cached_mxbai,3059,1782236250.7360013,,,
6009,0,svm,max,balanced,cached_mxbai,3060,1782236251.141956,,,
9358,0,svm,max,balanced,cached_mxbai,3061,1782236251.5411234,,,
9886,0,svm,max,balanced,cached_mxbai,3062,1782236251.9378304,,,
5479,0,svm,max,balanced,cached_mxbai,3063,1782236252.338614,,,
4110,0,svm,max,balanced,cached_mxbai,3064,1782236252.7363558,,,
150,0,svm,max,balanced,cached_mxbai,3065,1782236253.1396165,,,
9687,0,svm,max,balanced,cached_mxbai,3066,1782236253.5405824,,,
8645,0,svm,max,balanced,cached_mxbai,3067,1782236253.9392529,,,
4658,0,svm,max,balanced,cached_mxbai,3068,1782236254.339378,,,
1765,0,svm,max,balanced,cached_mxbai,3069,1782236254.740502,,,
9541,0,svm,max,balanced,cached_mxbai,3070,1782236255.1443615,,,
4125,0,svm,max,balanced,cached_mxbai,3071,1782236255.5638728,,,
8814,0,svm,max,balanced,cached_mxbai,3072,1782236255.9674115,,,
3738,0,svm,max,balanced,cached_mxbai,3073,1782236256.3682933,,,
7275,0,svm,max,balanced,cached_mxbai,3074,1782236256.7691169,,,
5098,0,svm,max,balanced,cached_mxbai,3075,1782236257.1733077,,,
2487,0,svm,max,balanced,cached_mxbai,3076,1782236257.5756624,,,
3760,0,svm,max,balanced,cached_mxbai,3077,1782236257.9777083,,,
9656,0,svm,max,balanced,cached_mxbai,3078,1782236258.3794994,,,
1046,0,svm,max,balanced,cached_mxbai,3079,1782236258.783151,,,
10453,0,svm,max,balanced,cached_mxbai,3080,1782236259.1888015,,,
6382,0,svm,max,balanced,cached_mxbai,3081,1782236259.5942745,,,
6052,0,svm,max,balanced,cached_mxbai,3082,1782236259.99931,,,
5843,0,svm,max,balanced,cached_mxbai,3083,1782236260.4156892,,,
1861,0,svm,max,balanced,cached_mxbai,3084,1782236260.8207448,,,
4478,0,svm,max,balanced,cached_mxbai,3085,1782236261.2247965,,,
10222,0,svm,max,balanced,cached_mxbai,3086,1782236261.633819,,,
1545,0,svm,max,balanced,cached_mxbai,3087,1782236262.0400972,,,
3868,0,svm,max,balanced,cached_mxbai,3088,1782236262.4457593,,,
5206,0,svm,max,balanced,cached_mxbai,3089,1782236262.8534966,,,
3546,0,svm,max,balanced,cached_mxbai,3090,1782236263.2741337,,,
2276,0,svm,max,balanced,cached_mxbai,3091,1782236263.6847806,,,
8931,0,svm,max,balanced,cached_mxbai,3092,1782236264.0905807,,,
6650,0,svm,max,balanced,cached_mxbai,3093,1782236264.4958973,,,
8288,0,svm,max,balanced,cached_mxbai,3094,1782236264.902589,,,
428,0,svm,max,balanced,cached_mxbai,3095,1782236265.337279,,,
1763,0,svm,max,balanced,cached_mxbai,3096,1782236265.7437205,,,
5384,0,svm,max,balanced,cached_mxbai,3097,1782236266.149745,,,
3853,0,svm,max,balanced,cached_mxbai,3098,1782236266.5542371,,,
4368,0,svm,max,balanced,cached_mxbai,3099,1782236266.9603028,,,
4580,0,svm,max,balanced,cached_mxbai,3100,1782236267.366051,,,
9890,0,svm,max,balanced,cached_mxbai,3101,1782236267.7731833,,,
7156,0,svm,max,balanced,cached_mxbai,3102,1782236268.1787086,,,
1672,0,svm,max,balanced,cached_mxbai,3103,1782236268.585322,,,
7322,0,svm,max,balanced,cached_mxbai,3104,1782236268.9909394,,,
5149,0,svm,max,balanced,cached_mxbai,3105,1782236269.393135,,,
5688,0,svm,max,balanced,cached_mxbai,3106,1782236269.796892,,,
9306,0,svm,max,balanced,cached_mxbai,3107,1782236270.2026672,,,
9103,0,svm,max,balanced,cached_mxbai,3108,1782236270.607215,,,
2646,0,svm,max,balanced,cached_mxbai,3109,1782236271.0092213,,,
5075,0,svm,max,balanced,cached_mxbai,3110,1782236271.4121323,,,
9903,0,svm,max,balanced,cached_mxbai,3111,1782236271.8197012,,,
2587,0,svm,max,balanced,cached_mxbai,3112,1782236272.2240849,,,
9049,0,svm,max,balanced,cached_mxbai,3113,1782236272.6303494,,,
3746,0,svm,max,balanced,cached_mxbai,3114,1782236273.0394082,,,
1508,0,svm,max,balanced,cached_mxbai,3115,1782236273.446563,,,
9463,0,svm,max,balanced,cached_mxbai,3116,1782236273.850935,,,
4980,0,svm,max,balanced,cached_mxbai,3117,1782236274.2592213,,,
4758,0,svm,max,balanced,cached_mxbai,3118,1782236274.6700332,,,
1551,0,svm,max,balanced,cached_mxbai,3119,1782236275.0816998,,,
8943,0,svm,max,balanced,cached_mxbai,3120,1782236275.5038002,,,
4385,0,svm,max,balanced,cached_mxbai,3121,1782236275.9149816,,,
4819,0,svm,max,balanced,cached_mxbai,3122,1782236276.3241363,,,
8482,0,svm,max,balanced,cached_mxbai,3123,1782236276.733544,,,
31,0,svm,max,balanced,cached_mxbai,3124,1782236277.1495163,,,
3739,0,svm,max,balanced,cached_mxbai,3125,1782236277.5590794,,,
4579,0,svm,max,balanced,cached_mxbai,3126,1782236277.9667606,,,
1940,0,svm,max,balanced,cached_mxbai,3127,1782236278.3773398,,,
7731,0,svm,max,balanced,cached_mxbai,3128,1782236278.7863226,,,
7698,0,svm,max,balanced,cached_mxbai,3129,1782236279.1972198,,,
2379,0,svm,max,balanced,cached_mxbai,3130,1782236279.6070192,,,
3310,0,svm,max,balanced,cached_mxbai,3131,1782236280.0196226,,,
3990,0,svm,max,balanced,cached_mxbai,3132,1782236280.4325576,,,
3621,0,svm,max,balanced,cached_mxbai,3133,1782236280.8466914,,,
4408,0,svm,max,balanced,cached_mxbai,3134,1782236281.2573273,,,
2321,0,svm,max,balanced,cached_mxbai,3135,1782236281.669517,,,
4254,0,svm,max,balanced,cached_mxbai,3136,1782236282.07925,,,
5730,0,svm,max,balanced,cached_mxbai,3137,1782236282.4914782,,,
89,0,svm,max,balanced,cached_mxbai,3138,1782236282.9061394,,,
555,0,svm,max,balanced,cached_mxbai,3139,1782236283.3172145,,,
3128,0,svm,max,balanced,cached_mxbai,3140,1782236283.72945,,,
4776,0,svm,max,balanced,cached_mxbai,3141,1782236284.1434133,,,
8859,0,svm,max,balanced,cached_mxbai,3142,1782236284.557235,,,
9983,0,svm,max,balanced,cached_mxbai,3143,1782236284.9709392,,,
40,0,svm,max,balanced,cached_mxbai,3144,1782236285.4081547,,,
10061,0,svm,max,balanced,cached_mxbai,3145,1782236285.8209324,,,
1800,0,svm,max,balanced,cached_mxbai,3146,1782236286.231413,,,
6855,0,svm,max,balanced,cached_mxbai,3147,1782236286.6437523,,,
7615,0,svm,max,balanced,cached_mxbai,3148,1782236287.0565865,,,
8856,0,svm,max,balanced,cached_mxbai,3149,1782236287.4686651,,,
3051,0,svm,max,balanced,cached_mxbai,3150,1782236287.8791885,,,
6715,0,svm,max,balanced,cached_mxbai,3151,1782236288.290759,,,
879,0,svm,max,balanced,cached_mxbai,3152,1782236288.703548,,,
8409,0,svm,max,balanced,cached_mxbai,3153,1782236289.1189785,,,
5889,0,svm,max,balanced,cached_mxbai,3154,1782236289.5298302,,,
7692,0,svm,max,balanced,cached_mxbai,3155,1782236289.9423103,,,
6144,0,svm,max,balanced,cached_mxbai,3156,1782236290.3561265,,,
3388,0,svm,max,balanced,cached_mxbai,3157,1782236290.7721531,,,
7533,0,svm,max,balanced,cached_mxbai,3158,1782236291.1834655,,,
4848,0,svm,max,balanced,cached_mxbai,3159,1782236291.5935907,,,
343,0,svm,max,balanced,cached_mxbai,3160,1782236292.0048823,,,
6313,0,svm,max,balanced,cached_mxbai,3161,1782236292.4132347,,,
5431,0,svm,max,balanced,cached_mxbai,3162,1782236292.8265996,,,
4556,0,svm,max,balanced,cached_mxbai,3163,1782236293.2392573,,,
6939,0,svm,max,balanced,cached_mxbai,3164,1782236293.651598,,,
3522,0,svm,max,balanced,cached_mxbai,3165,1782236294.0698133,,,
5849,0,svm,max,balanced,cached_mxbai,3166,1782236294.4840229,,,
605,0,svm,max,balanced,cached_mxbai,3167,1782236294.9040196,,,
5109,0,svm,max,balanced,cached_mxbai,3168,1782236295.347399,,,
8173,0,svm,max,balanced,cached_mxbai,3169,1782236295.7658448,,,
7671,0,svm,max,balanced,cached_mxbai,3170,1782236296.190711,,,
2567,0,svm,max,balanced,cached_mxbai,3171,1782236296.6018481,,,
7650,0,svm,max,balanced,cached_mxbai,3172,1782236297.0149875,,,
638,0,svm,max,balanced,cached_mxbai,3173,1782236297.4267116,,,
2766,0,svm,max,balanced,cached_mxbai,3174,1782236297.8432553,,,
1187,0,svm,max,balanced,cached_mxbai,3175,1782236298.258697,,,
1757,0,svm,max,balanced,cached_mxbai,3176,1782236298.673767,,,
6474,0,svm,max,balanced,cached_mxbai,3177,1782236299.092945,,,
128,0,svm,max,balanced,cached_mxbai,3178,1782236299.5110404,,,
4401,0,svm,max,balanced,cached_mxbai,3179,1782236299.9289954,,,
5390,0,svm,max,balanced,cached_mxbai,3180,1782236300.347132,,,
1399,0,svm,max,balanced,cached_mxbai,3181,1782236300.7669914,,,
3751,0,svm,max,balanced,cached_mxbai,3182,1782236301.1858678,,,
5004,0,svm,max,balanced,cached_mxbai,3183,1782236301.6008627,,,
2332,0,svm,max,balanced,cached_mxbai,3184,1782236302.0276477,,,
10163,0,svm,max,balanced,cached_mxbai,3185,1782236302.4485056,,,
10032,0,svm,max,balanced,cached_mxbai,3186,1782236302.8726375,,,
10269,0,svm,max,balanced,cached_mxbai,3187,1782236303.295857,,,
8287,0,svm,max,balanced,cached_mxbai,3188,1782236303.7155492,,,
4340,0,svm,max,balanced,cached_mxbai,3189,1782236304.133707,,,
6081,0,svm,max,balanced,cached_mxbai,3190,1782236304.548866,,,
4583,0,svm,max,balanced,cached_mxbai,3191,1782236304.9666505,,,
3567,0,svm,max,balanced,cached_mxbai,3192,1782236305.4295158,,,
894,0,svm,max,balanced,cached_mxbai,3193,1782236305.8532012,,,
6666,0,svm,max,balanced,cached_mxbai,3194,1782236306.2730622,,,
1007,0,svm,max,balanced,cached_mxbai,3195,1782236306.695867,,,
949,0,svm,max,balanced,cached_mxbai,3196,1782236307.1188514,,,
8090,0,svm,max,balanced,cached_mxbai,3197,1782236307.538987,,,
6689,0,svm,max,balanced,cached_mxbai,3198,1782236307.9625728,,,
9546,0,svm,max,balanced,cached_mxbai,3199,1782236308.3809657,,,
7757,0,svm,max,balanced,cached_mxbai,3200,1782236308.8001637,,,
82,0,svm,max,balanced,cached_mxbai,3201,1782236309.2196095,,,
4794,0,svm,max,balanced,cached_mxbai,3202,1782236309.6395228,,,
1137,0,svm,max,balanced,cached_mxbai,3203,1782236310.0602226,,,
1273,0,svm,max,balanced,cached_mxbai,3204,1782236310.4820719,,,
9668,0,svm,max,balanced,cached_mxbai,3205,1782236310.9100134,,,
4904,0,svm,max,balanced,cached_mxbai,3206,1782236311.3303454,,,
6698,0,svm,max,balanced,cached_mxbai,3207,1782236311.7492828,,,
7326,0,svm,max,balanced,cached_mxbai,3208,1782236312.173028,,,
416,0,svm,max,balanced,cached_mxbai,3209,1782236312.5922678,,,
3636,0,svm,max,balanced,cached_mxbai,3210,1782236313.0245268,,,
7608,0,svm,max,balanced,cached_mxbai,3211,1782236313.4468164,,,
7532,0,svm,max,balanced,cached_mxbai,3212,1782236313.8716776,,,
5261,0,svm,max,balanced,cached_mxbai,3213,1782236314.294195,,,
2197,0,svm,max,balanced,cached_mxbai,3214,1782236314.7205348,,,
8181,0,svm,max,balanced,cached_mxbai,3215,1782236315.1547918,,,
8414,0,svm,max,balanced,cached_mxbai,3216,1782236315.6036403,,,
8161,0,svm,max,balanced,cached_mxbai,3217,1782236316.0332072,,,
4178,0,svm,max,balanced,cached_mxbai,3218,1782236316.4588714,,,
4639,0,svm,max,balanced,cached_mxbai,3219,1782236316.8898513,,,
673,0,svm,max,balanced,cached_mxbai,3220,1782236317.3131697,,,
4084,0,svm,max,balanced,cached_mxbai,3221,1782236317.7339292,,,
9858,0,svm,max,balanced,cached_mxbai,3222,1782236318.1595936,,,
337,0,svm,max,balanced,cached_mxbai,3223,1782236318.581022,,,
7419,0,svm,max,balanced,cached_mxbai,3224,1782236319.0092278,,,
1503,0,svm,max,balanced,cached_mxbai,3225,1782236319.43053,,,
7674,0,svm,max,balanced,cached_mxbai,3226,1782236319.8529499,,,
5540,0,svm,max,balanced,cached_mxbai,3227,1782236320.276987,,,
3258,0,svm,max,balanced,cached_mxbai,3228,1782236320.7004752,,,
5073,0,svm,max,balanced,cached_mxbai,3229,1782236321.1257694,,,
4802,0,svm,max,balanced,cached_mxbai,3230,1782236321.5504663,,,
100,0,svm,max,balanced,cached_mxbai,3231,1782236321.9770267,,,
8264,0,svm,max,balanced,cached_mxbai,3232,1782236322.399632,,,
7449,0,svm,max,balanced,cached_mxbai,3233,1782236322.826756,,,
5101,0,svm,max,balanced,cached_mxbai,3234,1782236323.26015,,,
4780,0,svm,max,balanced,cached_mxbai,3235,1782236323.6831768,,,
956,0,svm,max,balanced,cached_mxbai,3236,1782236324.1076636,,,
3149,0,svm,max,balanced,cached_mxbai,3237,1782236324.5326042,,,
162,0,svm,max,balanced,cached_mxbai,3238,1782236324.9638464,,,
8565,0,svm,max,balanced,cached_mxbai,3239,1782236325.413509,,,
6737,0,svm,max,balanced,cached_mxbai,3240,1782236325.84358,,,
7696,0,svm,max,balanced,cached_mxbai,3241,1782236326.266579,,,
1618,0,svm,max,balanced,cached_mxbai,3242,1782236326.6906416,,,
3719,0,svm,max,balanced,cached_mxbai,3243,1782236327.1164858,,,
3437,0,svm,max,balanced,cached_mxbai,3244,1782236327.5446818,,,
7782,0,svm,max,balanced,cached_mxbai,3245,1782236327.9733105,,,
4835,0,svm,max,balanced,cached_mxbai,3246,1782236328.3999248,,,
8207,0,svm,max,balanced,cached_mxbai,3247,1782236328.8268876,,,
6373,0,svm,max,balanced,cached_mxbai,3248,1782236329.269277,,,
3105,0,svm,max,balanced,cached_mxbai,3249,1782236329.7020266,,,
3896,0,svm,max,balanced,cached_mxbai,3250,1782236330.1335506,,,
6218,0,svm,max,balanced,cached_mxbai,3251,1782236330.5595787,,,
4833,0,svm,max,balanced,cached_mxbai,3252,1782236330.9886317,,,
4432,0,svm,max,balanced,cached_mxbai,3253,1782236331.4165187,,,
4897,0,svm,max,balanced,cached_mxbai,3254,1782236331.8445613,,,
7807,0,svm,max,balanced,cached_mxbai,3255,1782236332.2728543,,,
5993,0,svm,max,balanced,cached_mxbai,3256,1782236332.7010877,,,
8051,0,svm,max,balanced,cached_mxbai,3257,1782236333.135818,,,
7788,0,svm,max,balanced,cached_mxbai,3258,1782236333.5642197,,,
9898,0,svm,max,balanced,cached_mxbai,3259,1782236333.99257,,,
9700,0,svm,max,balanced,cached_mxbai,3260,1782236334.424545,,,
7783,0,svm,max,balanced,cached_mxbai,3261,1782236334.8545208,,,
4321,0,svm,max,balanced,cached_mxbai,3262,1782236335.2960184,,,
5892,0,svm,max,balanced,cached_mxbai,3263,1782236335.7220368,,,
522,0,svm,max,balanced,cached_mxbai,3264,1782236336.1557794,,,
6586,0,svm,max,balanced,cached_mxbai,3265,1782236336.5807033,,,
3287,0,svm,max,balanced,cached_mxbai,3266,1782236337.00697,,,
8715,0,svm,max,balanced,cached_mxbai,3267,1782236337.4409282,,,
7386,0,svm,max,balanced,cached_mxbai,3268,1782236337.8666167,,,
3681,0,svm,max,balanced,cached_mxbai,3269,1782236338.2969673,,,
6252,0,svm,max,balanced,cached_mxbai,3270,1782236338.7343585,,,
4623,0,svm,max,balanced,cached_mxbai,3271,1782236339.1667638,,,
4405,0,svm,max,balanced,cached_mxbai,3272,1782236339.5984128,,,
3706,0,svm,max,balanced,cached_mxbai,3273,1782236340.0341868,,,
1331,0,svm,max,balanced,cached_mxbai,3274,1782236340.4649277,,,
6578,0,svm,max,balanced,cached_mxbai,3275,1782236340.8934884,,,
4656,0,svm,max,balanced,cached_mxbai,3276,1782236341.3240185,,,
6927,0,svm,max,balanced,cached_mxbai,3277,1782236341.7519467,,,
6348,0,svm,max,balanced,cached_mxbai,3278,1782236342.1807818,,,
198,0,svm,max,balanced,cached_mxbai,3279,1782236342.605135,,,
2855,0,svm,max,balanced,cached_mxbai,3280,1782236343.0394382,,,
9721,0,svm,max,balanced,cached_mxbai,3281,1782236343.4814346,,,
8203,0,svm,max,balanced,cached_mxbai,3282,1782236343.9113286,,,
9140,0,svm,max,balanced,cached_mxbai,3283,1782236344.3438566,,,
9555,0,svm,max,balanced,cached_mxbai,3284,1782236344.7799056,,,
2250,0,svm,max,balanced,cached_mxbai,3285,1782236345.230918,,,
2872,0,svm,max,balanced,cached_mxbai,3286,1782236345.6755304,,,
4998,0,svm,max,balanced,cached_mxbai,3287,1782236346.116129,,,
112,0,svm,max,balanced,cached_mxbai,3288,1782236346.5529304,,,
9863,0,svm,max,balanced,cached_mxbai,3289,1782236346.9922562,,,
4146,0,svm,max,balanced,cached_mxbai,3290,1782236347.4321544,,,
6405,0,svm,max,balanced,cached_mxbai,3291,1782236347.869948,,,
7053,0,svm,max,balanced,cached_mxbai,3292,1782236348.308984,,,
3453,0,svm,max,balanced,cached_mxbai,3293,1782236348.7464755,,,
1515,0,svm,max,balanced,cached_mxbai,3294,1782236349.1934822,,,
7234,0,svm,max,balanced,cached_mxbai,3295,1782236349.6325958,,,
2569,0,svm,max,balanced,cached_mxbai,3296,1782236350.073174,,,
1091,0,svm,max,balanced,cached_mxbai,3297,1782236350.512689,,,
2700,0,svm,max,balanced,cached_mxbai,3298,1782236350.9547768,,,
618,0,svm,max,balanced,cached_mxbai,3299,1782236351.3912296,,,
936,0,svm,max,balanced,cached_mxbai,3300,1782236351.832533,,,
3113,0,svm,max,balanced,cached_mxbai,3301,1782236352.271329,,,
7015,0,svm,max,balanced,cached_mxbai,3302,1782236352.7124214,,,
354,0,svm,max,balanced,cached_mxbai,3303,1782236353.158265,,,
797,0,svm,max,balanced,cached_mxbai,3304,1782236353.5989642,,,
8818,0,svm,max,balanced,cached_mxbai,3305,1782236354.0398204,,,
4850,0,svm,max,balanced,cached_mxbai,3306,1782236354.4804268,,,
10199,0,svm,max,balanced,cached_mxbai,3307,1782236354.9206522,,,
3275,0,svm,max,balanced,cached_mxbai,3308,1782236355.3887627,,,
3589,0,svm,max,balanced,cached_mxbai,3309,1782236355.8330634,,,
3473,0,svm,max,balanced,cached_mxbai,3310,1782236356.279367,,,
2203,0,svm,max,balanced,cached_mxbai,3311,1782236356.7171233,,,
4603,0,svm,max,balanced,cached_mxbai,3312,1782236357.1601744,,,
7886,0,svm,max,balanced,cached_mxbai,3313,1782236357.6001022,,,
4940,0,svm,max,balanced,cached_mxbai,3314,1782236358.0425463,,,
3985,0,svm,max,balanced,cached_mxbai,3315,1782236358.4833317,,,
5123,0,svm,max,balanced,cached_mxbai,3316,1782236358.922436,,,
7472,0,svm,max,balanced,cached_mxbai,3317,1782236359.3654447,,,
630,0,svm,max,balanced,cached_mxbai,3318,1782236359.8098366,,,
830,0,svm,max,balanced,cached_mxbai,3319,1782236360.2591884,,,
4864,0,svm,max,balanced,cached_mxbai,3320,1782236360.704781,,,
4756,0,svm,max,balanced,cached_mxbai,3321,1782236361.1545799,,,
7042,0,svm,max,balanced,cached_mxbai,3322,1782236361.6010616,,,
8568,0,svm,max,balanced,cached_mxbai,3323,1782236362.0535243,,,
3910,0,svm,max,balanced,cached_mxbai,3324,1782236362.4970818,,,
3773,0,svm,max,balanced,cached_mxbai,3325,1782236362.944121,,,
5420,0,svm,max,balanced,cached_mxbai,3326,1782236363.3937707,,,
4387,0,svm,max,balanced,cached_mxbai,3327,1782236363.8396995,,,
230,0,svm,max,balanced,cached_mxbai,3328,1782236364.2844794,,,
601,0,svm,max,balanced,cached_mxbai,3329,1782236364.7257576,,,
270,0,svm,max,balanced,cached_mxbai,3330,1782236365.181601,,,
6554,0,svm,max,balanced,cached_mxbai,3331,1782236365.6465354,,,
4071,0,svm,max,balanced,cached_mxbai,3332,1782236366.090462,,,
4777,0,svm,max,balanced,cached_mxbai,3333,1782236366.530604,,,
10260,0,svm,max,balanced,cached_mxbai,3334,1782236366.9737012,,,
2270,0,svm,max,balanced,cached_mxbai,3335,1782236367.4122965,,,
5105,0,svm,max,balanced,cached_mxbai,3336,1782236367.8512688,,,
2460,0,svm,max,balanced,cached_mxbai,3337,1782236368.2948747,,,
5878,0,svm,max,balanced,cached_mxbai,3338,1782236368.7367136,,,
5118,0,svm,max,balanced,cached_mxbai,3339,1782236369.1804676,,,
7316,0,svm,max,balanced,cached_mxbai,3340,1782236369.6215718,,,
6262,0,svm,max,balanced,cached_mxbai,3341,1782236370.0668843,,,
6221,0,svm,max,balanced,cached_mxbai,3342,1782236370.5124216,,,
9427,0,svm,max,balanced,cached_mxbai,3343,1782236370.9522107,,,
9179,0,svm,max,balanced,cached_mxbai,3344,1782236371.400848,,,
2414,0,svm,max,balanced,cached_mxbai,3345,1782236371.842721,,,
4220,0,svm,max,balanced,cached_mxbai,3346,1782236372.2927444,,,
8576,0,svm,max,balanced,cached_mxbai,3347,1782236372.7380102,,,
1195,0,svm,max,balanced,cached_mxbai,3348,1782236373.187008,,,
4263,0,svm,max,balanced,cached_mxbai,3349,1782236373.6318932,,,
4934,0,svm,max,balanced,cached_mxbai,3350,1782236374.079099,,,
2917,0,svm,max,balanced,cached_mxbai,3351,1782236374.5244598,,,
3975,0,svm,max,balanced,cached_mxbai,3352,1782236374.9692929,,,
3325,0,svm,max,balanced,cached_mxbai,3353,1782236375.4341028,,,
1673,0,svm,max,balanced,cached_mxbai,3354,1782236375.881984,,,
1340,0,svm,max,balanced,cached_mxbai,3355,1782236376.3329668,,,
1140,0,svm,max,balanced,cached_mxbai,3356,1782236376.778011,,,
7436,0,svm,max,balanced,cached_mxbai,3357,1782236377.2241364,,,
9053,0,svm,max,balanced,cached_mxbai,3358,1782236377.670799,,,
4512,0,svm,max,balanced,cached_mxbai,3359,1782236378.1184928,,,
8947,0,svm,max,balanced,cached_mxbai,3360,1782236378.5688481,,,
794,0,svm,max,balanced,cached_mxbai,3361,1782236379.0139456,,,
5906,0,svm,max,balanced,cached_mxbai,3362,1782236379.4611902,,,
8785,0,svm,max,balanced,cached_mxbai,3363,1782236379.9073336,,,
8327,0,svm,max,balanced,cached_mxbai,3364,1782236380.3581352,,,
3678,0,svm,max,balanced,cached_mxbai,3365,1782236380.8043,,,
4171,0,svm,max,balanced,cached_mxbai,3366,1782236381.2557054,,,
4641,0,svm,max,balanced,cached_mxbai,3367,1782236381.702616,,,
6814,0,svm,max,balanced,cached_mxbai,3368,1782236382.1569617,,,
9626,0,svm,max,balanced,cached_mxbai,3369,1782236382.6105914,,,
5806,0,svm,max,balanced,cached_mxbai,3370,1782236383.0651414,,,
8773,0,svm,max,balanced,cached_mxbai,3371,1782236383.5129359,,,
3964,0,svm,max,balanced,cached_mxbai,3372,1782236383.9624074,,,
4074,0,svm,max,balanced,cached_mxbai,3373,1782236384.413205,,,
4922,0,svm,max,balanced,cached_mxbai,3374,1782236384.8641531,,,
7123,0,svm,max,balanced,cached_mxbai,3375,1782236385.3307729,,,
167,0,svm,max,balanced,cached_mxbai,3376,1782236385.7843077,,,
7621,0,svm,max,balanced,cached_mxbai,3377,1782236386.236101,,,
3765,0,svm,max,balanced,cached_mxbai,3378,1782236386.6885555,,,
6057,0,svm,max,balanced,cached_mxbai,3379,1782236387.1398711,,,
9163,0,svm,max,balanced,cached_mxbai,3380,1782236387.5907028,,,
3860,0,svm,max,balanced,cached_mxbai,3381,1782236388.0388422,,,
10126,0,svm,max,balanced,cached_mxbai,3382,1782236388.4901905,,,
754,0,svm,max,balanced,cached_mxbai,3383,1782236388.9398642,,,
225,0,svm,max,balanced,cached_mxbai,3384,1782236389.3965635,,,
7892,0,svm,max,balanced,cached_mxbai,3385,1782236389.8453143,,,
4594,0,svm,max,balanced,cached_mxbai,3386,1782236390.2996874,,,
7883,0,svm,max,balanced,cached_mxbai,3387,1782236390.7501843,,,
5770,0,svm,max,balanced,cached_mxbai,3388,1782236391.2048993,,,
1701,0,svm,max,balanced,cached_mxbai,3389,1782236391.656125,,,
3545,0,svm,max,balanced,cached_mxbai,3390,1782236392.1123254,,,
9523,0,svm,max,balanced,cached_mxbai,3391,1782236392.563217,,,
5546,0,svm,max,balanced,cached_mxbai,3392,1782236393.0206537,,,
2028,0,svm,max,balanced,cached_mxbai,3393,1782236393.4987993,,,
4384,0,svm,max,balanced,cached_mxbai,3394,1782236393.98415,,,
659,0,svm,max,balanced,cached_mxbai,3395,1782236394.4434295,,,
4509,0,svm,max,balanced,cached_mxbai,3396,1782236394.897971,,,
1207,0,svm,max,balanced,cached_mxbai,3397,1782236395.3866935,,,
4883,0,svm,max,balanced,cached_mxbai,3398,1782236395.8414598,,,
6756,0,svm,max,balanced,cached_mxbai,3399,1782236396.295362,,,
9373,0,svm,max,balanced,cached_mxbai,3400,1782236396.7490203,,,
5191,0,svm,max,balanced,cached_mxbai,3401,1782236397.205536,,,
7936,0,svm,max,balanced,cached_mxbai,3402,1782236397.6568184,,,
3948,0,svm,max,balanced,cached_mxbai,3403,1782236398.111174,,,
8611,0,svm,max,balanced,cached_mxbai,3404,1782236398.5665762,,,
4739,0,svm,max,balanced,cached_mxbai,3405,1782236399.0191705,,,
10584,0,svm,max,balanced,cached_mxbai,3406,1782236399.4717758,,,
2551,0,svm,max,balanced,cached_mxbai,3407,1782236399.9207273,,,
4005,0,svm,max,balanced,cached_mxbai,3408,1782236400.3785937,,,
4891,0,svm,max,balanced,cached_mxbai,3409,1782236400.8304098,,,
5192,0,svm,max,balanced,cached_mxbai,3410,1782236401.2836912,,,
6584,0,svm,max,balanced,cached_mxbai,3411,1782236401.7383497,,,
7224,0,svm,max,balanced,cached_mxbai,3412,1782236402.1956146,,,
671,0,svm,max,balanced,cached_mxbai,3413,1782236402.6500895,,,
8728,0,svm,max,balanced,cached_mxbai,3414,1782236403.1100717,,,
7221,0,svm,max,balanced,cached_mxbai,3415,1782236403.5640142,,,
5133,0,svm,max,balanced,cached_mxbai,3416,1782236404.023461,,,
6772,0,svm,max,balanced,cached_mxbai,3417,1782236404.477103,,,
1144,0,svm,max,balanced,cached_mxbai,3418,1782236404.9319017,,,
5158,0,svm,max,balanced,cached_mxbai,3419,1782236405.4037993,,,
6728,0,svm,max,balanced,cached_mxbai,3420,1782236405.8596005,,,
10020,0,svm,max,balanced,cached_mxbai,3421,1782236406.3168497,,,
8406,0,svm,max,balanced,cached_mxbai,3422,1782236406.7751265,,,
6206,0,svm,max,balanced,cached_mxbai,3423,1782236407.233533,,,
3172,0,svm,max,balanced,cached_mxbai,3424,1782236407.6912022,,,
10366,0,svm,max,balanced,cached_mxbai,3425,1782236408.1495311,,,
4199,0,svm,max,balanced,cached_mxbai,3426,1782236408.607442,,,
9426,0,svm,max,balanced,cached_mxbai,3427,1782236409.0666883,,,
4572,0,svm,max,balanced,cached_mxbai,3428,1782236409.5225925,,,
4433,0,svm,max,balanced,cached_mxbai,3429,1782236409.9788904,,,
8130,0,svm,max,balanced,cached_mxbai,3430,1782236410.438449,,,
6290,0,svm,max,balanced,cached_mxbai,3431,1782236410.8966198,,,
3824,0,svm,max,balanced,cached_mxbai,3432,1782236411.355306,,,
3450,0,svm,max,balanced,cached_mxbai,3433,1782236411.812879,,,
36,0,svm,max,balanced,cached_mxbai,3434,1782236412.271538,,,
3766,0,svm,max,balanced,cached_mxbai,3435,1782236412.7720332,,,
1801,0,svm,max,balanced,cached_mxbai,3436,1782236413.2912128,,,
4174,0,svm,max,balanced,cached_mxbai,3437,1782236413.751934,,,
7581,0,svm,max,balanced,cached_mxbai,3438,1782236414.2234628,,,
7004,0,svm,max,balanced,cached_mxbai,3439,1782236414.6832864,,,
4590,0,svm,max,balanced,cached_mxbai,3440,1782236415.148405,,,
5162,0,svm,max,balanced,cached_mxbai,3441,1782236415.6912632,,,
411,0,svm,max,balanced,cached_mxbai,3442,1782236416.1535647,,,
878,0,svm,max,balanced,cached_mxbai,3443,1782236416.6158783,,,
4009,0,svm,max,balanced,cached_mxbai,3444,1782236417.0789378,,,
9734,0,svm,max,balanced,cached_mxbai,3445,1782236417.5974119,,,
3060,0,svm,max,balanced,cached_mxbai,3446,1782236418.059005,,,
6944,0,svm,max,balanced,cached_mxbai,3447,1782236418.5740762,,,
5882,0,svm,max,balanced,cached_mxbai,3448,1782236419.0364287,,,
1477,0,svm,max,balanced,cached_mxbai,3449,1782236419.5390213,,,
4691,0,svm,max,balanced,cached_mxbai,3450,1782236419.998452,,,
3815,0,svm,max,balanced,cached_mxbai,3451,1782236420.5071697,,,
3884,0,svm,max,balanced,cached_mxbai,3452,1782236420.9707153,,,
3907,0,svm,max,balanced,cached_mxbai,3453,1782236421.4301019,,,
2372,0,svm,max,balanced,cached_mxbai,3454,1782236421.8940053,,,
10284,0,svm,max,balanced,cached_mxbai,3455,1782236422.3552542,,,
772,0,svm,max,balanced,cached_mxbai,3456,1782236422.8227913,,,
4439,0,svm,max,balanced,cached_mxbai,3457,1782236423.290155,,,
7606,0,svm,max,balanced,cached_mxbai,3458,1782236423.7555113,,,
4832,0,svm,max,balanced,cached_mxbai,3459,1782236424.279889,,,
10089,0,svm,max,balanced,cached_mxbai,3460,1782236424.7894948,,,
1132,0,svm,max,balanced,cached_mxbai,3461,1782236425.2744858,,,
3518,0,svm,max,balanced,cached_mxbai,3462,1782236425.740146,,,
3086,0,svm,max,balanced,cached_mxbai,3463,1782236426.2030003,,,
7657,0,svm,max,balanced,cached_mxbai,3464,1782236426.6670969,,,
4704,0,svm,max,balanced,cached_mxbai,3465,1782236427.1297982,,,
5659,0,svm,max,balanced,cached_mxbai,3466,1782236427.592131,,,
3875,0,svm,max,balanced,cached_mxbai,3467,1782236428.0599332,,,
2215,0,svm,max,balanced,cached_mxbai,3468,1782236428.5274844,,,
10314,0,svm,max,balanced,cached_mxbai,3469,1782236428.9906893,,,
2351,0,svm,max,balanced,cached_mxbai,3470,1782236429.4538915,,,
3263,0,svm,max,balanced,cached_mxbai,3471,1782236429.9193976,,,
7729,0,svm,max,balanced,cached_mxbai,3472,1782236430.3846002,,,
7645,0,svm,max,balanced,cached_mxbai,3473,1782236430.8501604,,,
2344,0,svm,max,balanced,cached_mxbai,3474,1782236431.3149471,,,
651,0,svm,max,balanced,cached_mxbai,3475,1782236431.7810943,,,
3499,0,svm,max,balanced,cached_mxbai,3476,1782236432.2469444,,,
1612,0,svm,max,balanced,cached_mxbai,3477,1782236432.712608,,,
6868,0,svm,max,balanced,cached_mxbai,3478,1782236433.1766205,,,
4248,0,svm,max,balanced,cached_mxbai,3479,1782236433.6415808,,,
6662,0,svm,max,balanced,cached_mxbai,3480,1782236434.1069868,,,
1478,0,svm,max,balanced,cached_mxbai,3481,1782236434.5737357,,,
4430,0,svm,max,balanced,cached_mxbai,3482,1782236435.0424843,,,
441,0,svm,max,balanced,cached_mxbai,3483,1782236435.5241864,,,
1495,0,svm,max,balanced,cached_mxbai,3484,1782236435.989725,,,
4347,0,svm,max,balanced,cached_mxbai,3485,1782236436.4536543,,,
3900,0,svm,max,balanced,cached_mxbai,3486,1782236436.9195113,,,
9469,0,svm,max,balanced,cached_mxbai,3487,1782236437.388413,,,
374,0,svm,max,balanced,cached_mxbai,3488,1782236437.8564715,,,
8157,0,svm,max,balanced,cached_mxbai,3489,1782236438.3238068,,,
9336,0,svm,max,balanced,cached_mxbai,3490,1782236438.7922292,,,
4170,0,svm,max,balanced,cached_mxbai,3491,1782236439.266237,,,
7529,0,svm,max,balanced,cached_mxbai,3492,1782236439.7366617,,,
3573,0,svm,max,balanced,cached_mxbai,3493,1782236440.2084599,,,
108,0,svm,max,balanced,cached_mxbai,3494,1782236440.677589,,,
9375,0,svm,max,balanced,cached_mxbai,3495,1782236441.150808,,,
3410,0,svm,max,balanced,cached_mxbai,3496,1782236441.6202781,,,
1359,0,svm,max,balanced,cached_mxbai,3497,1782236442.0888944,,,
2415,0,svm,max,balanced,cached_mxbai,3498,1782236442.5575533,,,
5607,0,svm,max,balanced,cached_mxbai,3499,1782236443.030308,,,
6610,0,svm,max,balanced,cached_mxbai,3500,1782236443.504152,,,
1624,0,svm,max,balanced,cached_mxbai,3501,1782236443.9734416,,,
5065,0,svm,max,balanced,cached_mxbai,3502,1782236444.4442186,,,
4027,0,svm,max,balanced,cached_mxbai,3503,1782236444.9181745,,,
8641,0,svm,max,balanced,cached_mxbai,3504,1782236445.4189768,,,
674,0,svm,max,balanced,cached_mxbai,3505,1782236445.8955631,,,
3978,0,svm,max,balanced,cached_mxbai,3506,1782236446.3695383,,,
3219,0,svm,max,balanced,cached_mxbai,3507,1782236446.8398657,,,
1913,0,svm,max,balanced,cached_mxbai,3508,1782236447.3118541,,,
6571,0,svm,max,balanced,cached_mxbai,3509,1782236447.7902298,,,
1783,0,svm,max,balanced,cached_mxbai,3510,1782236448.2686486,,,
6567,0,svm,max,balanced,cached_mxbai,3511,1782236448.7420244,,,
4906,0,svm,max,balanced,cached_mxbai,3512,1782236449.2150123,,,
9458,0,svm,max,balanced,cached_mxbai,3513,1782236449.693696,,,
4060,0,svm,max,balanced,cached_mxbai,3514,1782236450.1660876,,,
9331,0,svm,max,balanced,cached_mxbai,3515,1782236450.6448324,,,
3214,0,svm,max,balanced,cached_mxbai,3516,1782236451.1214662,,,
1332,0,svm,max,balanced,cached_mxbai,3517,1782236451.5939834,,,
8466,0,svm,max,balanced,cached_mxbai,3518,1782236452.0642507,,,
4644,0,svm,max,balanced,cached_mxbai,3519,1782236452.5381727,,,
2949,0,svm,max,balanced,cached_mxbai,3520,1782236453.0112298,,,
3596,0,svm,max,balanced,cached_mxbai,3521,1782236453.4876835,,,
5829,0,svm,max,balanced,cached_mxbai,3522,1782236453.9600015,,,
6247,0,svm,max,balanced,cached_mxbai,3523,1782236454.4383793,,,
7746,0,svm,max,balanced,cached_mxbai,3524,1782236454.913037,,,
4849,0,svm,max,balanced,cached_mxbai,3525,1782236455.4040294,,,
10434,0,svm,max,balanced,cached_mxbai,3526,1782236455.88139,,,
5195,0,svm,max,balanced,cached_mxbai,3527,1782236456.3547733,,,
1268,0,svm,max,balanced,cached_mxbai,3528,1782236456.828568,,,
5006,0,svm,max,balanced,cached_mxbai,3529,1782236457.3064275,,,
10468,0,svm,max,balanced,cached_mxbai,3530,1782236457.777754,,,
5641,0,svm,max,balanced,cached_mxbai,3531,1782236458.2499495,,,
2130,0,svm,max,balanced,cached_mxbai,3532,1782236458.7256248,,,
6082,0,svm,max,balanced,cached_mxbai,3533,1782236459.198939,,,
3276,0,svm,max,balanced,cached_mxbai,3534,1782236459.6744604,,,
7494,0,svm,max,balanced,cached_mxbai,3535,1782236460.1488793,,,
6294,0,svm,max,balanced,cached_mxbai,3536,1782236460.6270063,,,
6142,0,svm,max,balanced,cached_mxbai,3537,1782236461.1080956,,,
763,0,svm,max,balanced,cached_mxbai,3538,1782236461.5970979,,,
6998,0,svm,max,balanced,cached_mxbai,3539,1782236462.0754952,,,
4312,0,svm,max,balanced,cached_mxbai,3540,1782236462.550097,,,
2496,0,svm,max,balanced,cached_mxbai,3541,1782236463.0282505,,,
2789,0,svm,max,balanced,cached_mxbai,3542,1782236463.5023272,,,
9619,0,svm,max,balanced,cached_mxbai,3543,1782236463.9755676,,,
5980,0,svm,max,balanced,cached_mxbai,3544,1782236464.4530697,,,
2438,0,svm,max,balanced,cached_mxbai,3545,1782236464.9275224,,,
2229,0,svm,max,balanced,cached_mxbai,3546,1782236465.433377,,,
7037,0,svm,max,balanced,cached_mxbai,3547,1782236465.9095352,,,
4140,0,svm,max,balanced,cached_mxbai,3548,1782236466.388112,,,
300,0,svm,max,balanced,cached_mxbai,3549,1782236466.862532,,,
7700,0,svm,max,balanced,cached_mxbai,3550,1782236467.3384721,,,
7509,0,svm,max,balanced,cached_mxbai,3551,1782236467.8154504,,,
10331,0,svm,max,balanced,cached_mxbai,3552,1782236468.2957654,,,
7325,0,svm,max,balanced,cached_mxbai,3553,1782236468.7756808,,,
5796,0,svm,max,balanced,cached_mxbai,3554,1782236469.2549999,,,
7008,0,svm,max,balanced,cached_mxbai,3555,1782236469.7322626,,,
4239,0,svm,max,balanced,cached_mxbai,3556,1782236470.2076838,,,
3356,0,svm,max,balanced,cached_mxbai,3557,1782236470.6826012,,,
2801,0,svm,max,balanced,cached_mxbai,3558,1782236471.1567044,,,
6731,0,svm,max,balanced,cached_mxbai,3559,1782236471.6341367,,,
2211,0,svm,max,balanced,cached_mxbai,3560,1782236472.107971,,,
1395,0,svm,max,balanced,cached_mxbai,3561,1782236472.5848663,,,
8000,0,svm,max,balanced,cached_mxbai,3562,1782236473.0699298,,,
7124,0,svm,max,balanced,cached_mxbai,3563,1782236473.5516877,,,
991,0,svm,max,balanced,cached_mxbai,3564,1782236474.0284953,,,
4858,0,svm,max,balanced,cached_mxbai,3565,1782236474.5076127,,,
3979,0,svm,max,balanced,cached_mxbai,3566,1782236474.988211,,,
2445,0,svm,max,balanced,cached_mxbai,3567,1782236475.4918284,,,
1301,0,svm,max,balanced,cached_mxbai,3568,1782236475.979003,,,
9939,0,svm,max,balanced,cached_mxbai,3569,1782236476.4614387,,,
4665,0,svm,max,balanced,cached_mxbai,3570,1782236476.944459,,,
3304,0,svm,max,balanced,cached_mxbai,3571,1782236477.4240232,,,
6368,0,svm,max,balanced,cached_mxbai,3572,1782236477.9099925,,,
8585,0,svm,max,balanced,cached_mxbai,3573,1782236478.3875313,,,
10371,0,svm,max,balanced,cached_mxbai,3574,1782236478.8701055,,,
4059,0,svm,max,balanced,cached_mxbai,3575,1782236479.3481076,,,
9729,0,svm,max,balanced,cached_mxbai,3576,1782236479.8311777,,,
9223,0,svm,max,balanced,cached_mxbai,3577,1782236480.3112419,,,
3620,0,svm,max,balanced,cached_mxbai,3578,1782236480.7904167,,,
1780,0,svm,max,balanced,cached_mxbai,3579,1782236481.268179,,,
4899,0,svm,max,balanced,cached_mxbai,3580,1782236481.752847,,,
10017,0,svm,max,balanced,cached_mxbai,3581,1782236482.2316098,,,
6742,0,svm,max,balanced,cached_mxbai,3582,1782236482.722882,,,
4685,0,svm,max,balanced,cached_mxbai,3583,1782236483.2266564,,,
718,0,svm,max,balanced,cached_mxbai,3584,1782236483.709889,,,
3189,0,svm,max,balanced,cached_mxbai,3585,1782236484.1994455,,,
6495,0,svm,max,balanced,cached_mxbai,3586,1782236484.701231,,,
6498,0,svm,max,balanced,cached_mxbai,3587,1782236485.2107391,,,
5885,0,svm,max,balanced,cached_mxbai,3588,1782236485.709559,,,
3303,0,svm,max,balanced,cached_mxbai,3589,1782236486.1891744,,,
3613,0,svm,max,balanced,cached_mxbai,3590,1782236486.665183,,,
4681,0,svm,max,balanced,cached_mxbai,3591,1782236487.142477,,,
3659,0,svm,max,balanced,cached_mxbai,3592,1782236487.6194937,,,
1868,0,svm,max,balanced,cached_mxbai,3593,1782236488.110875,,,
5156,0,svm,max,balanced,cached_mxbai,3594,1782236488.5940454,,,
9072,0,svm,max,balanced,cached_mxbai,3595,1782236489.0780547,,,
8357,0,svm,max,balanced,cached_mxbai,3596,1782236489.558109,,,
5654,0,svm,max,balanced,cached_mxbai,3597,1782236490.0376992,,,
935,0,svm,max,balanced,cached_mxbai,3598,1782236490.5247152,,,
2805,0,svm,max,balanced,cached_mxbai,3599,1782236491.0051324,,,
1065,0,svm,max,balanced,cached_mxbai,3600,1782236491.4860084,,,
1256,0,svm,max,balanced,cached_mxbai,3601,1782236491.9705327,,,
7208,0,svm,max,balanced,cached_mxbai,3602,1782236492.4550784,,,
7528,0,svm,max,balanced,cached_mxbai,3603,1782236492.9381294,,,
4605,0,svm,max,balanced,cached_mxbai,3604,1782236493.4209259,,,
7218,0,svm,max,balanced,cached_mxbai,3605,1782236493.9050329,,,
1881,0,svm,max,balanced,cached_mxbai,3606,1782236494.3945668,,,
3859,0,svm,max,balanced,cached_mxbai,3607,1782236494.8805163,,,
3269,0,svm,max,balanced,cached_mxbai,3608,1782236495.3744473,,,
4024,0,svm,max,balanced,cached_mxbai,3609,1782236495.8569133,,,
1295,0,svm,max,balanced,cached_mxbai,3610,1782236496.3386738,,,
6890,0,svm,max,balanced,cached_mxbai,3611,1782236496.8205187,,,
10256,0,svm,max,balanced,cached_mxbai,3612,1782236497.30327,,,
3817,0,svm,max,balanced,cached_mxbai,3613,1782236497.7891414,,,
4117,0,svm,max,balanced,cached_mxbai,3614,1782236498.275,,,
56,0,svm,max,balanced,cached_mxbai,3615,1782236498.7618418,,,
5528,0,svm,max,balanced,cached_mxbai,3616,1782236499.248127,,,
3721,0,svm,max,balanced,cached_mxbai,3617,1782236499.7359447,,,
4901,0,svm,max,balanced,cached_mxbai,3618,1782236500.219985,,,
49,0,svm,max,balanced,cached_mxbai,3619,1782236500.7007508,,,
9784,0,svm,max,balanced,cached_mxbai,3620,1782236501.1865716,,,
4271,0,svm,max,balanced,cached_mxbai,3621,1782236501.6698325,,,
1265,0,svm,max,balanced,cached_mxbai,3622,1782236502.154952,,,
5434,0,svm,max,balanced,cached_mxbai,3623,1782236502.6409998,,,
5855,0,svm,max,balanced,cached_mxbai,3624,1782236503.1340876,,,
2553,0,svm,max,balanced,cached_mxbai,3625,1782236503.6173735,,,
6341,0,svm,max,balanced,cached_mxbai,3626,1782236504.1019788,,,
8883,0,svm,max,balanced,cached_mxbai,3627,1782236504.5893548,,,
3443,0,svm,max,balanced,cached_mxbai,3628,1782236505.0981135,,,
3337,0,svm,max,balanced,cached_mxbai,3629,1782236505.6005635,,,
4075,0,svm,max,balanced,cached_mxbai,3630,1782236506.0916986,,,
2677,0,svm,max,balanced,cached_mxbai,3631,1782236506.5741827,,,
1180,0,svm,max,balanced,cached_mxbai,3632,1782236507.0654767,,,
9330,0,svm,max,balanced,cached_mxbai,3633,1782236507.5517242,,,
3807,0,svm,max,balanced,cached_mxbai,3634,1782236508.033673,,,
7138,0,svm,max,balanced,cached_mxbai,3635,1782236508.5184698,,,
980,0,svm,max,balanced,cached_mxbai,3636,1782236509.00342,,,
4067,0,svm,max,balanced,cached_mxbai,3637,1782236509.4870155,,,
2464,0,svm,max,balanced,cached_mxbai,3638,1782236509.9718654,,,
8374,0,svm,max,balanced,cached_mxbai,3639,1782236510.460531,,,
10541,0,svm,max,balanced,cached_mxbai,3640,1782236510.9492848,,,
10332,0,svm,max,balanced,cached_mxbai,3641,1782236511.4338229,,,
8129,0,svm,max,balanced,cached_mxbai,3642,1782236511.9176984,,,
8258,0,svm,max,balanced,cached_mxbai,3643,1782236512.4014914,,,
3207,0,svm,max,balanced,cached_mxbai,3644,1782236512.8881638,,,
8783,0,svm,max,balanced,cached_mxbai,3645,1782236513.371679,,,
3520,0,svm,max,balanced,cached_mxbai,3646,1782236513.861045,,,
8184,0,svm,max,balanced,cached_mxbai,3647,1782236514.346743,,,
6709,0,svm,max,balanced,cached_mxbai,3648,1782236514.8364973,,,
3397,0,svm,max,balanced,cached_mxbai,3649,1782236515.3558261,,,
10010,0,svm,max,balanced,cached_mxbai,3650,1782236515.8449235,,,
8399,0,svm,max,balanced,cached_mxbai,3651,1782236516.3311613,,,
1034,0,svm,max,balanced,cached_mxbai,3652,1782236516.8221605,,,
8702,0,svm,max,balanced,cached_mxbai,3653,1782236517.31326,,,
1308,0,svm,max,balanced,cached_mxbai,3654,1782236517.8039913,,,
3368,0,svm,max,balanced,cached_mxbai,3655,1782236518.29211,,,
924,0,svm,max,balanced,cached_mxbai,3656,1782236518.7869797,,,
7755,0,svm,max,balanced,cached_mxbai,3657,1782236519.273607,,,
4196,0,svm,max,balanced,cached_mxbai,3658,1782236519.761804,,,
9166,0,svm,max,balanced,cached_mxbai,3659,1782236520.2476335,,,
4249,0,svm,max,balanced,cached_mxbai,3660,1782236520.7362695,,,
4822,0,svm,max,balanced,cached_mxbai,3661,1782236521.218564,,,
2566,0,svm,max,balanced,cached_mxbai,3662,1782236521.7082028,,,
2515,0,svm,max,balanced,cached_mxbai,3663,1782236522.194564,,,
1749,0,svm,max,balanced,cached_mxbai,3664,1782236522.6867743,,,
5554,0,svm,max,balanced,cached_mxbai,3665,1782236523.1743357,,,
10069,0,svm,max,balanced,cached_mxbai,3666,1782236523.658795,,,
7938,0,svm,max,balanced,cached_mxbai,3667,1782236524.1414976,,,
8963,0,svm,max,balanced,cached_mxbai,3668,1782236524.6274498,,,
5070,0,svm,max,balanced,cached_mxbai,3669,1782236525.1202996,,,
156,0,svm,max,balanced,cached_mxbai,3670,1782236525.6268852,,,
7297,0,svm,max,balanced,cached_mxbai,3671,1782236526.1183295,,,
7999,0,svm,max,balanced,cached_mxbai,3672,1782236526.6104147,,,
5246,0,svm,max,balanced,cached_mxbai,3673,1782236527.1051297,,,
3069,0,svm,max,balanced,cached_mxbai,3674,1782236527.6118274,,,
6253,0,svm,max,balanced,cached_mxbai,3675,1782236528.105617,,,
2055,0,svm,max,balanced,cached_mxbai,3676,1782236528.5971012,,,
8763,0,svm,max,balanced,cached_mxbai,3677,1782236529.0890477,,,
5032,0,svm,max,balanced,cached_mxbai,3678,1782236529.5819716,,,
7261,0,svm,max,balanced,cached_mxbai,3679,1782236530.0700274,,,
9298,0,svm,max,balanced,cached_mxbai,3680,1782236530.5600698,,,
6452,0,svm,max,balanced,cached_mxbai,3681,1782236531.0490346,,,
2693,0,svm,max,balanced,cached_mxbai,3682,1782236531.5411527,,,
4727,0,svm,max,balanced,cached_mxbai,3683,1782236532.0330708,,,
3652,0,svm,max,balanced,cached_mxbai,3684,1782236532.5390851,,,
609,0,svm,max,balanced,cached_mxbai,3685,1782236533.032953,,,
1798,0,svm,max,balanced,cached_mxbai,3686,1782236533.5375319,,,
10544,0,svm,max,balanced,cached_mxbai,3687,1782236534.0439737,,,
395,0,svm,max,balanced,cached_mxbai,3688,1782236534.5488644,,,
8548,0,svm,max,balanced,cached_mxbai,3689,1782236535.0632849,,,
7444,0,svm,max,balanced,cached_mxbai,3690,1782236535.5817292,,,
163,0,svm,max,balanced,cached_mxbai,3691,1782236536.087682,,,
1979,0,svm,max,balanced,cached_mxbai,3692,1782236536.5871496,,,
140,0,svm,max,balanced,cached_mxbai,3693,1782236537.089945,,,
7512,0,svm,max,balanced,cached_mxbai,3694,1782236537.5937574,,,
168,0,svm,max,balanced,cached_mxbai,3695,1782236538.101826,,,
2793,0,svm,max,balanced,cached_mxbai,3696,1782236538.6066978,,,
1889,0,svm,max,balanced,cached_mxbai,3697,1782236539.1178646,,,
8603,0,svm,max,balanced,cached_mxbai,3698,1782236539.625744,,,
4995,0,svm,max,balanced,cached_mxbai,3699,1782236540.1318884,,,
456,0,svm,max,balanced,cached_mxbai,3700,1782236540.6380203,,,
7818,0,svm,max,balanced,cached_mxbai,3701,1782236541.1452727,,,
8974,0,svm,max,balanced,cached_mxbai,3702,1782236541.649631,,,
581,0,svm,max,balanced,cached_mxbai,3703,1782236542.1571763,,,
3116,0,svm,max,balanced,cached_mxbai,3704,1782236542.664542,,,
9300,0,svm,max,balanced,cached_mxbai,3705,1782236543.175583,,,
10469,0,svm,max,balanced,cached_mxbai,3706,1782236543.6824052,,,
2922,0,svm,max,balanced,cached_mxbai,3707,1782236544.1934466,,,
9900,0,svm,max,balanced,cached_mxbai,3708,1782236544.701374,,,
2301,0,svm,max,balanced,cached_mxbai,3709,1782236545.225675,,,
9362,0,svm,max,balanced,cached_mxbai,3710,1782236545.7531233,,,
5523,0,svm,max,balanced,cached_mxbai,3711,1782236546.26039,,,
4714,0,svm,max,balanced,cached_mxbai,3712,1782236546.768929,,,
6938,0,svm,max,balanced,cached_mxbai,3713,1782236547.2731166,,,
3511,0,svm,max,balanced,cached_mxbai,3714,1782236547.7806528,,,
3944,0,svm,max,balanced,cached_mxbai,3715,1782236548.288928,,,
1998,0,svm,max,balanced,cached_mxbai,3716,1782236548.79861,,,
8328,0,svm,max,balanced,cached_mxbai,3717,1782236549.3074696,,,
9175,0,svm,max,balanced,cached_mxbai,3718,1782236549.8163152,,,
5768,0,svm,max,balanced,cached_mxbai,3719,1782236550.328201,,,
5582,0,svm,max,balanced,cached_mxbai,3720,1782236550.8401687,,,
5030,0,svm,max,balanced,cached_mxbai,3721,1782236551.348963,,,
8028,0,svm,max,balanced,cached_mxbai,3722,1782236551.8600922,,,
764,0,svm,max,balanced,cached_mxbai,3723,1782236552.3669238,,,
1363,0,svm,max,balanced,cached_mxbai,3724,1782236552.8779116,,,
6214,0,svm,max,balanced,cached_mxbai,3725,1782236553.387364,,,
6600,0,svm,max,balanced,cached_mxbai,3726,1782236553.8965294,,,
4233,0,svm,max,balanced,cached_mxbai,3727,1782236554.4049747,,,
7073,0,svm,max,balanced,cached_mxbai,3728,1782236554.9151025,,,
5189,0,svm,max,balanced,cached_mxbai,3729,1782236555.442122,,,
8104,0,svm,max,balanced,cached_mxbai,3730,1782236555.9520147,,,
6978,0,svm,max,balanced,cached_mxbai,3731,1782236556.4622486,,,
7908,0,svm,max,balanced,cached_mxbai,3732,1782236556.9734142,,,
5553,0,svm,max,balanced,cached_mxbai,3733,1782236557.4833164,,,
3463,0,svm,max,balanced,cached_mxbai,3734,1782236557.9979303,,,
10353,0,svm,max,balanced,cached_mxbai,3735,1782236558.5074315,,,
5489,0,svm,max,balanced,cached_mxbai,3736,1782236559.019191,,,
8464,0,svm,max,balanced,cached_mxbai,3737,1782236559.5331597,,,
7918,0,svm,max,balanced,cached_mxbai,3738,1782236560.0427458,,,
7525,0,svm,max,balanced,cached_mxbai,3739,1782236560.5595067,,,
8008,0,svm,max,balanced,cached_mxbai,3740,1782236561.0739326,,,
875,0,svm,max,balanced,cached_mxbai,3741,1782236561.5839121,,,
4446,0,svm,max,balanced,cached_mxbai,3742,1782236562.0987034,,,
3911,0,svm,max,balanced,cached_mxbai,3743,1782236562.6137187,,,
4169,0,svm,max,balanced,cached_mxbai,3744,1782236563.1306407,,,
126,0,svm,max,balanced,cached_mxbai,3745,1782236563.6451209,,,
7198,0,svm,max,balanced,cached_mxbai,3746,1782236564.1594934,,,
9644,0,svm,max,balanced,cached_mxbai,3747,1782236564.6737206,,,
1567,0,svm,max,balanced,cached_mxbai,3748,1782236565.1963437,,,
1907,0,svm,max,balanced,cached_mxbai,3749,1782236565.7495012,,,
7965,0,svm,max,balanced,cached_mxbai,3750,1782236566.2627907,,,
2780,0,svm,max,balanced,cached_mxbai,3751,1782236566.7769094,,,
3244,0,svm,max,balanced,cached_mxbai,3752,1782236567.2903214,,,
5222,0,svm,max,balanced,cached_mxbai,3753,1782236567.8054366,,,
2337,0,svm,max,balanced,cached_mxbai,3754,1782236568.3181386,,,
2300,0,svm,max,balanced,cached_mxbai,3755,1782236568.8320189,,,
6470,0,svm,max,balanced,cached_mxbai,3756,1782236569.3451061,,,
9419,0,svm,max,balanced,cached_mxbai,3757,1782236569.8553846,,,
5648,0,svm,max,balanced,cached_mxbai,3758,1782236570.3691368,,,
5171,0,svm,max,balanced,cached_mxbai,3759,1782236570.8805084,,,
4939,0,svm,max,balanced,cached_mxbai,3760,1782236571.393222,,,
10102,0,svm,max,balanced,cached_mxbai,3761,1782236571.9066646,,,
9497,0,svm,max,balanced,cached_mxbai,3762,1782236572.4204607,,,
186,0,svm,max,balanced,cached_mxbai,3763,1782236572.9375203,,,
5064,0,svm,max,balanced,cached_mxbai,3764,1782236573.446665,,,
2353,0,svm,max,balanced,cached_mxbai,3765,1782236573.9647415,,,
196,0,svm,max,balanced,cached_mxbai,3766,1782236574.4752538,,,
7193,0,svm,max,balanced,cached_mxbai,3767,1782236574.9929454,,,
7298,0,svm,max,balanced,cached_mxbai,3768,1782236575.5495129,,,
2122,0,svm,max,balanced,cached_mxbai,3769,1782236576.10279,,,
7941,0,svm,max,balanced,cached_mxbai,3770,1782236576.6151733,,,
7222,0,svm,max,balanced,cached_mxbai,3771,1782236577.1342378,,,
4765,0,svm,max,balanced,cached_mxbai,3772,1782236577.6468692,,,
10562,0,svm,max,balanced,cached_mxbai,3773,1782236578.1586046,,,
6083,0,svm,max,balanced,cached_mxbai,3774,1782236578.673752,,,
148,0,svm,max,balanced,cached_mxbai,3775,1782236579.1838837,,,
5453,0,svm,max,balanced,cached_mxbai,3776,1782236579.6968148,,,
3429,0,svm,max,balanced,cached_mxbai,3777,1782236580.2097757,,,
8112,0,svm,max,balanced,cached_mxbai,3778,1782236580.724528,,,
9234,0,svm,max,balanced,cached_mxbai,3779,1782236581.2418783,,,
1282,0,svm,max,balanced,cached_mxbai,3780,1782236581.7575,,,
4969,0,svm,max,balanced,cached_mxbai,3781,1782236582.270617,,,
4270,0,svm,max,balanced,cached_mxbai,3782,1782236582.7853339,,,
6583,0,svm,max,balanced,cached_mxbai,3783,1782236583.2977908,,,
721,0,svm,max,balanced,cached_mxbai,3784,1782236583.8121076,,,
5945,0,svm,max,balanced,cached_mxbai,3785,1782236584.3228767,,,
7439,0,svm,max,balanced,cached_mxbai,3786,1782236584.8387623,,,
7323,0,svm,max,balanced,cached_mxbai,3787,1782236585.3678284,,,
1903,0,svm,max,balanced,cached_mxbai,3788,1782236585.883061,,,
7688,0,svm,max,balanced,cached_mxbai,3789,1782236586.3997421,,,
1648,0,svm,max,balanced,cached_mxbai,3790,1782236586.9186,,,
6403,0,svm,max,balanced,cached_mxbai,3791,1782236587.4341373,,,
8502,0,svm,max,balanced,cached_mxbai,3792,1782236587.9536865,,,
930,0,svm,max,balanced,cached_mxbai,3793,1782236588.4708636,,,
3892,0,svm,max,balanced,cached_mxbai,3794,1782236588.9949393,,,
7566,0,svm,max,balanced,cached_mxbai,3795,1782236589.51015,,,
4056,0,svm,max,balanced,cached_mxbai,3796,1782236590.0296557,,,
2984,0,svm,max,balanced,cached_mxbai,3797,1782236590.5449226,,,
306,0,svm,max,balanced,cached_mxbai,3798,1782236591.0678463,,,
3476,0,svm,max,balanced,cached_mxbai,3799,1782236591.5857115,,,
3675,0,svm,max,balanced,cached_mxbai,3800,1782236592.1057553,,,
10286,0,svm,max,balanced,cached_mxbai,3801,1782236592.6243145,,,
6652,0,svm,max,balanced,cached_mxbai,3802,1782236593.154325,,,
165,0,svm,max,balanced,cached_mxbai,3803,1782236593.6847193,,,
2582,0,svm,max,balanced,cached_mxbai,3804,1782236594.2051249,,,
2440,0,svm,max,balanced,cached_mxbai,3805,1782236594.7235231,,,
4376,0,svm,max,balanced,cached_mxbai,3806,1782236595.248688,,,
8509,0,svm,max,balanced,cached_mxbai,3807,1782236595.7747405,,,
8393,0,svm,max,balanced,cached_mxbai,3808,1782236596.3045082,,,
5150,0,svm,max,balanced,cached_mxbai,3809,1782236596.8232887,,,
8238,0,svm,max,balanced,cached_mxbai,3810,1782236597.3436134,,,
4197,0,svm,max,balanced,cached_mxbai,3811,1782236597.864374,,,
3313,0,svm,max,balanced,cached_mxbai,3812,1782236598.3851666,,,
4735,0,svm,max,balanced,cached_mxbai,3813,1782236598.9059508,,,
932,0,svm,max,balanced,cached_mxbai,3814,1782236599.418118,,,
3595,0,svm,max,balanced,cached_mxbai,3815,1782236599.9269602,,,
3529,0,svm,max,balanced,cached_mxbai,3816,1782236600.4354072,,,
1343,0,svm,max,balanced,cached_mxbai,3817,1782236600.9439268,,,
3876,0,svm,max,balanced,cached_mxbai,3818,1782236601.459199,,,
1803,0,svm,max,balanced,cached_mxbai,3819,1782236601.9690511,,,
4536,0,svm,max,balanced,cached_mxbai,3820,1782236602.4781346,,,
7899,0,svm,max,balanced,cached_mxbai,3821,1782236602.997251,,,
3676,0,svm,max,balanced,cached_mxbai,3822,1782236603.5124102,,,
1336,0,svm,max,balanced,cached_mxbai,3823,1782236604.026232,,,
268,0,svm,max,balanced,cached_mxbai,3824,1782236604.5455396,,,
5147,0,svm,max,balanced,cached_mxbai,3825,1782236605.0639365,,,
1543,0,svm,max,balanced,cached_mxbai,3826,1782236605.5809715,,,
9264,0,svm,max,balanced,cached_mxbai,3827,1782236606.0884364,,,
2687,0,svm,max,balanced,cached_mxbai,3828,1782236606.602065,,,
248,0,svm,max,balanced,cached_mxbai,3829,1782236607.1051838,,,
3480,0,svm,max,balanced,cached_mxbai,3830,1782236607.6157594,,,
7745,0,svm,max,balanced,cached_mxbai,3831,1782236608.1233807,,,
83,0,svm,max,balanced,cached_mxbai,3832,1782236608.6356874,,,
6828,0,svm,max,balanced,cached_mxbai,3833,1782236609.1399708,,,
1702,0,svm,max,balanced,cached_mxbai,3834,1782236609.6450398,,,
729,0,svm,max,balanced,cached_mxbai,3835,1782236610.1501038,,,
7093,0,svm,max,balanced,cached_mxbai,3836,1782236610.6604838,,,
3635,0,svm,max,balanced,cached_mxbai,3837,1782236611.1646035,,,
3329,0,svm,max,balanced,cached_mxbai,3838,1782236611.6742506,,,
10094,0,svm,max,balanced,cached_mxbai,3839,1782236612.180061,,,
10498,0,svm,max,balanced,cached_mxbai,3840,1782236612.6857827,,,
3483,0,svm,max,balanced,cached_mxbai,3841,1782236613.1928034,,,
298,0,svm,max,balanced,cached_mxbai,3842,1782236613.6997144,,,
7922,0,svm,max,balanced,cached_mxbai,3843,1782236614.2099082,,,
8254,0,svm,max,balanced,cached_mxbai,3844,1782236614.7160108,,,
9286,0,svm,max,balanced,cached_mxbai,3845,1782236615.2321212,,,
7665,0,svm,max,balanced,cached_mxbai,3846,1782236615.7557354,,,
9540,0,svm,max,balanced,cached_mxbai,3847,1782236616.269754,,,
588,0,svm,max,balanced,cached_mxbai,3848,1782236616.7814305,,,
691,0,svm,max,balanced,cached_mxbai,3849,1782236617.284429,,,
3240,0,svm,max,balanced,cached_mxbai,3850,1782236617.7907407,,,
661,0,svm,max,balanced,cached_mxbai,3851,1782236618.3007982,,,
6152,0,svm,max,balanced,cached_mxbai,3852,1782236618.8103137,,,
985,0,svm,max,balanced,cached_mxbai,3853,1782236619.315222,,,
9071,0,svm,max,balanced,cached_mxbai,3854,1782236619.8282087,,,
2605,0,svm,max,balanced,cached_mxbai,3855,1782236620.3387568,,,
3063,0,svm,max,balanced,cached_mxbai,3856,1782236620.8469064,,,
8529,0,svm,max,balanced,cached_mxbai,3857,1782236621.356829,,,
3391,0,svm,max,balanced,cached_mxbai,3858,1782236621.867479,,,
4108,0,svm,max,balanced,cached_mxbai,3859,1782236622.3756943,,,
1985,0,svm,max,balanced,cached_mxbai,3860,1782236622.8875523,,,
5374,0,svm,max,balanced,cached_mxbai,3861,1782236623.3983412,,,
7397,0,svm,max,balanced,cached_mxbai,3862,1782236623.9122417,,,
5379,0,svm,max,balanced,cached_mxbai,3863,1782236624.4203348,,,
6500,0,svm,max,balanced,cached_mxbai,3864,1782236624.9366755,,,
2916,0,svm,max,balanced,cached_mxbai,3865,1782236625.480684,,,
9484,0,svm,max,balanced,cached_mxbai,3866,1782236625.9946826,,,
3871,0,svm,max,balanced,cached_mxbai,3867,1782236626.514232,,,
8899,0,svm,max,balanced,cached_mxbai,3868,1782236627.0286303,,,
6775,0,svm,max,balanced,cached_mxbai,3869,1782236627.5408943,,,
5832,0,svm,max,balanced,cached_mxbai,3870,1782236628.054462,,,
1209,0,svm,max,balanced,cached_mxbai,3871,1782236628.5681136,,,
6090,0,svm,max,balanced,cached_mxbai,3872,1782236629.0854633,,,
1257,0,svm,max,balanced,cached_mxbai,3873,1782236629.6003687,,,
9378,0,svm,max,balanced,cached_mxbai,3874,1782236630.1156352,,,
7503,0,svm,max,balanced,cached_mxbai,3875,1782236630.628533,,,
6037,0,svm,max,balanced,cached_mxbai,3876,1782236631.1432693,,,
9013,0,svm,max,balanced,cached_mxbai,3877,1782236631.6567845,,,
8664,0,svm,max,balanced,cached_mxbai,3878,1782236632.1688685,,,
3655,0,svm,max,balanced,cached_mxbai,3879,1782236632.6824436,,,
5816,0,svm,max,balanced,cached_mxbai,3880,1782236633.1991696,,,
1890,0,svm,max,balanced,cached_mxbai,3881,1782236633.7138135,,,
6409,0,svm,max,balanced,cached_mxbai,3882,1782236634.2306032,,,
4821,0,svm,max,balanced,cached_mxbai,3883,1782236634.7453797,,,
3205,0,svm,max,balanced,cached_mxbai,3884,1782236635.273421,,,
5230,0,svm,max,balanced,cached_mxbai,3885,1782236635.791721,,,
10318,0,svm,max,balanced,cached_mxbai,3886,1782236636.2985392,,,
7824,0,svm,max,balanced,cached_mxbai,3887,1782236636.8089416,,,
6386,0,svm,max,balanced,cached_mxbai,3888,1782236637.3219469,,,
1831,0,svm,max,balanced,cached_mxbai,3889,1782236637.911011,,,
3020,0,svm,max,balanced,cached_mxbai,3890,1782236638.5009768,,,
6476,0,svm,max,balanced,cached_mxbai,3891,1782236639.097519,,,
7161,0,svm,max,balanced,cached_mxbai,3892,1782236639.681008,,,
4041,0,svm,max,balanced,cached_mxbai,3893,1782236640.2672775,,,
2858,0,svm,max,balanced,cached_mxbai,3894,1782236640.8517914,,,
320,0,svm,max,balanced,cached_mxbai,3895,1782236641.43882,,,
4918,0,svm,max,balanced,cached_mxbai,3896,1782236642.0249104,,,
4361,0,svm,max,balanced,cached_mxbai,3897,1782236642.6144857,,,
7402,0,svm,max,balanced,cached_mxbai,3898,1782236643.2088778,,,
10392,0,svm,max,balanced,cached_mxbai,3899,1782236643.801867,,,
8206,0,svm,max,balanced,cached_mxbai,3900,1782236644.3924105,,,
2454,0,svm,max,balanced,cached_mxbai,3901,1782236644.9867,,,
4237,0,svm,max,balanced,cached_mxbai,3902,1782236645.521777,,,
7443,0,svm,max,balanced,cached_mxbai,3903,1782236646.0430384,,,
942,0,svm,max,balanced,cached_mxbai,3904,1782236646.5622861,,,
8905,0,svm,max,balanced,cached_mxbai,3905,1782236647.087446,,,
3591,0,svm,max,balanced,cached_mxbai,3906,1782236647.6064658,,,
154,0,svm,max,balanced,cached_mxbai,3907,1782236648.130888,,,
1089,0,svm,max,balanced,cached_mxbai,3908,1782236648.6527312,,,
1179,0,svm,max,balanced,cached_mxbai,3909,1782236649.1773047,,,
4919,0,svm,max,balanced,cached_mxbai,3910,1782236649.6984122,,,
9097,0,svm,max,balanced,cached_mxbai,3911,1782236650.2214086,,,
10208,0,svm,max,balanced,cached_mxbai,3912,1782236650.7435756,,,
2079,0,svm,max,balanced,cached_mxbai,3913,1782236651.266493,,,
5342,0,svm,max,balanced,cached_mxbai,3914,1782236651.7868137,,,
3667,0,svm,max,balanced,cached_mxbai,3915,1782236652.3079844,,,
8457,0,svm,max,balanced,cached_mxbai,3916,1782236652.8318067,,,
8449,0,svm,max,balanced,cached_mxbai,3917,1782236653.3583848,,,
4195,0,svm,max,balanced,cached_mxbai,3918,1782236653.9621024,,,
4618,0,svm,max,balanced,cached_mxbai,3919,1782236654.5655773,,,
9385,0,svm,max,balanced,cached_mxbai,3920,1782236655.1737216,,,
3688,0,svm,max,balanced,cached_mxbai,3921,1782236655.8017287,,,
5484,0,svm,max,balanced,cached_mxbai,3922,1782236656.4085932,,,
93,0,svm,max,balanced,cached_mxbai,3923,1782236657.013848,,,
4128,0,svm,max,balanced,cached_mxbai,3924,1782236657.6131601,,,
3723,0,svm,max,balanced,cached_mxbai,3925,1782236658.214243,,,
549,0,svm,max,balanced,cached_mxbai,3926,1782236658.8175652,,,
9630,0,svm,max,balanced,cached_mxbai,3927,1782236659.4258657,,,
3386,0,svm,max,balanced,cached_mxbai,3928,1782236660.0299485,,,
9317,0,svm,max,balanced,cached_mxbai,3929,1782236660.6284962,,,
6163,0,svm,max,balanced,cached_mxbai,3930,1782236661.2368484,,,
9470,0,svm,max,balanced,cached_mxbai,3931,1782236661.8358293,,,
7381,0,svm,max,balanced,cached_mxbai,3932,1782236662.4418838,,,
4155,0,svm,max,balanced,cached_mxbai,3933,1782236662.9658651,,,
3582,0,svm,max,balanced,cached_mxbai,3934,1782236663.4884405,,,
5181,0,svm,max,balanced,cached_mxbai,3935,1782236664.009285,,,
1990,0,svm,max,balanced,cached_mxbai,3936,1782236664.536771,,,
5120,0,svm,max,balanced,cached_mxbai,3937,1782236665.0737374,,,
6776,0,svm,max,balanced,cached_mxbai,3938,1782236665.6130357,,,
6439,0,svm,max,balanced,cached_mxbai,3939,1782236666.1372893,,,
1973,0,svm,max,balanced,cached_mxbai,3940,1782236666.6914654,,,
8167,0,svm,max,balanced,cached_mxbai,3941,1782236667.2310221,,,
5922,0,svm,max,balanced,cached_mxbai,3942,1782236667.753241,,,
8026,0,svm,max,balanced,cached_mxbai,3943,1782236668.2829766,,,
3090,0,svm,max,balanced,cached_mxbai,3944,1782236668.8115346,,,
6908,0,svm,max,balanced,cached_mxbai,3945,1782236669.338607,,,
4767,0,svm,max,balanced,cached_mxbai,3946,1782236669.8645277,,,
8400,0,svm,max,balanced,cached_mxbai,3947,1782236670.3904922,,,
322,0,svm,max,balanced,cached_mxbai,3948,1782236670.9188743,,,
5464,0,svm,max,balanced,cached_mxbai,3949,1782236671.4469302,,,
1254,0,svm,max,balanced,cached_mxbai,3950,1782236671.9772618,,,
9342,0,svm,max,balanced,cached_mxbai,3951,1782236672.502205,,,
5938,0,svm,max,balanced,cached_mxbai,3952,1782236673.0350997,,,
7337,0,svm,max,balanced,cached_mxbai,3953,1782236673.5645165,,,
8227,0,svm,max,balanced,cached_mxbai,3954,1782236674.0931084,,,
1307,0,svm,max,balanced,cached_mxbai,3955,1782236674.621414,,,
3680,0,svm,max,balanced,cached_mxbai,3956,1782236675.1531844,,,
8976,0,svm,max,balanced,cached_mxbai,3957,1782236675.6971,,,
10086,0,svm,max,balanced,cached_mxbai,3958,1782236676.2282553,,,
3818,0,svm,max,balanced,cached_mxbai,3959,1782236676.7467444,,,
4191,0,svm,max,balanced,cached_mxbai,3960,1782236677.2760084,,,
4740,0,svm,max,balanced,cached_mxbai,3961,1782236677.7972562,,,
10510,0,svm,max,balanced,cached_mxbai,3962,1782236678.324799,,,
3935,0,svm,max,balanced,cached_mxbai,3963,1782236678.8473778,,,
6450,0,svm,max,balanced,cached_mxbai,3964,1782236679.3805544,,,
3785,0,svm,max,balanced,cached_mxbai,3965,1782236679.9067209,,,
408,0,svm,max,balanced,cached_mxbai,3966,1782236680.4383519,,,
4399,0,svm,max,balanced,cached_mxbai,3967,1782236680.9630108,,,
4259,0,svm,max,balanced,cached_mxbai,3968,1782236681.489653,,,
9080,0,svm,max,balanced,cached_mxbai,3969,1782236682.0173867,,,
8653,0,svm,max,balanced,cached_mxbai,3970,1782236682.548549,,,
4015,0,svm,max,balanced,cached_mxbai,3971,1782236683.1633236,,,
7693,0,svm,max,balanced,cached_mxbai,3972,1782236683.7607615,,,
4292,0,svm,max,balanced,cached_mxbai,3973,1782236684.292428,,,
3813,0,svm,max,balanced,cached_mxbai,3974,1782236684.8229947,,,
4258,0,svm,max,balanced,cached_mxbai,3975,1782236685.365623,,,
10462,0,svm,max,balanced,cached_mxbai,3976,1782236685.894839,,,
4381,0,svm,max,balanced,cached_mxbai,3977,1782236686.422918,,,
2024,0,svm,max,balanced,cached_mxbai,3978,1782236686.9538546,,,
2650,0,svm,max,balanced,cached_mxbai,3979,1782236687.4997027,,,
8285,0,svm,max,balanced,cached_mxbai,3980,1782236688.026994,,,
8559,0,svm,max,balanced,cached_mxbai,3981,1782236688.5568104,,,
9532,0,svm,max,balanced,cached_mxbai,3982,1782236689.0931404,,,
9165,0,svm,max,balanced,cached_mxbai,3983,1782236689.6227458,,,
194,0,svm,max,balanced,cached_mxbai,3984,1782236690.1572495,,,
5450,0,svm,max,balanced,cached_mxbai,3985,1782236690.6861382,,,
6493,0,svm,max,balanced,cached_mxbai,3986,1782236691.2190166,,,
3478,0,svm,max,balanced,cached_mxbai,3987,1782236691.7504933,,,
5594,0,svm,max,balanced,cached_mxbai,3988,1782236692.2913003,,,
1596,0,svm,max,balanced,cached_mxbai,3989,1782236692.822936,,,
4386,0,svm,max,balanced,cached_mxbai,3990,1782236693.3536813,,,
2908,0,svm,max,balanced,cached_mxbai,3991,1782236693.8814116,,,
110,0,svm,max,balanced,cached_mxbai,3992,1782236694.4102697,,,
824,0,svm,max,balanced,cached_mxbai,3993,1782236694.9412313,,,
6790,0,svm,max,balanced,cached_mxbai,3994,1782236695.503223,,,
8356,0,svm,max,balanced,cached_mxbai,3995,1782236696.035049,,,
6686,0,svm,max,balanced,cached_mxbai,3996,1782236696.564101,,,
1887,0,svm,max,balanced,cached_mxbai,3997,1782236697.1004283,,,
9000,0,svm,max,balanced,cached_mxbai,3998,1782236697.6376278,,,
5055,0,svm,max,balanced,cached_mxbai,3999,1782236698.1720316,,,
7388,0,svm,max,balanced,cached_mxbai,4000,1782236698.7007232,,,
4107,0,svm,max,balanced,cached_mxbai,4001,1782236699.2359648,,,
5877,0,svm,max,balanced,cached_mxbai,4002,1782236699.7669678,,,
8527,0,svm,max,balanced,cached_mxbai,4003,1782236700.300476,,,
2336,0,svm,max,balanced,cached_mxbai,4004,1782236700.832216,,,
1041,0,svm,max,balanced,cached_mxbai,4005,1782236701.3666635,,,
687,0,svm,max,balanced,cached_mxbai,4006,1782236701.9002419,,,
540,0,svm,max,balanced,cached_mxbai,4007,1782236702.4330494,,,
9575,0,svm,max,balanced,cached_mxbai,4008,1782236702.983204,,,
1658,0,svm,max,balanced,cached_mxbai,4009,1782236703.5350235,,,
1313,0,svm,max,balanced,cached_mxbai,4010,1782236704.0695806,,,
6127,0,svm,max,balanced,cached_mxbai,4011,1782236704.6168494,,,
5775,0,svm,max,balanced,cached_mxbai,4012,1782236705.152173,,,
1859,0,svm,max,balanced,cached_mxbai,4013,1782236705.7195897,,,
3771,0,svm,max,balanced,cached_mxbai,4014,1782236706.2654963,,,
9637,0,svm,max,balanced,cached_mxbai,4015,1782236706.8088892,,,
6416,0,svm,max,balanced,cached_mxbai,4016,1782236707.3469558,,,
8753,0,svm,max,balanced,cached_mxbai,4017,1782236707.8806267,,,
7320,0,svm,max,balanced,cached_mxbai,4018,1782236708.4177854,,,
4441,0,svm,max,balanced,cached_mxbai,4019,1782236708.951182,,,
9648,0,svm,max,balanced,cached_mxbai,4020,1782236709.4876366,,,
3369,0,svm,max,balanced,cached_mxbai,4021,1782236710.0183647,,,
3338,0,svm,max,balanced,cached_mxbai,4022,1782236710.548793,,,
7143,0,svm,max,balanced,cached_mxbai,4023,1782236711.0792615,,,
9494,0,svm,max,balanced,cached_mxbai,4024,1782236711.615621,,,
3966,0,svm,max,balanced,cached_mxbai,4025,1782236712.1346343,,,
7516,0,svm,max,balanced,cached_mxbai,4026,1782236712.6546662,,,
9082,0,svm,max,balanced,cached_mxbai,4027,1782236713.178732,,,
3395,0,svm,max,balanced,cached_mxbai,4028,1782236713.7024593,,,
4561,0,svm,max,balanced,cached_mxbai,4029,1782236714.22339,,,
133,0,svm,max,balanced,cached_mxbai,4030,1782236714.7567098,,,
2585,0,svm,max,balanced,cached_mxbai,4031,1782236715.3069625,,,
2209,0,svm,max,balanced,cached_mxbai,4032,1782236715.848563,,,
1406,0,svm,max,balanced,cached_mxbai,4033,1782236716.3860178,,,
103,0,svm,max,balanced,cached_mxbai,4034,1782236716.9244397,,,
4173,0,svm,max,balanced,cached_mxbai,4035,1782236717.4583104,,,
4013,0,svm,max,balanced,cached_mxbai,4036,1782236717.9981122,,,
7426,0,svm,max,balanced,cached_mxbai,4037,1782236718.5348446,,,
5988,0,svm,max,balanced,cached_mxbai,4038,1782236719.0725665,,,
67,0,svm,max,balanced,cached_mxbai,4039,1782236719.6091363,,,
172,0,svm,max,balanced,cached_mxbai,4040,1782236720.1492534,,,
6012,0,svm,max,balanced,cached_mxbai,4041,1782236720.6843362,,,
9127,0,svm,max,balanced,cached_mxbai,4042,1782236721.2260447,,,
5012,0,svm,max,balanced,cached_mxbai,4043,1782236721.7888694,,,
9333,0,svm,max,balanced,cached_mxbai,4044,1782236722.3268151,,,
8045,0,svm,max,balanced,cached_mxbai,4045,1782236722.8730462,,,
4577,0,svm,max,balanced,cached_mxbai,4046,1782236723.4187558,,,
7057,0,svm,max,balanced,cached_mxbai,4047,1782236723.9585934,,,
8340,0,svm,max,balanced,cached_mxbai,4048,1782236724.4978602,,,
378,0,svm,max,balanced,cached_mxbai,4049,1782236725.0411227,,,
1904,0,svm,max,balanced,cached_mxbai,4050,1782236725.611897,,,
2305,0,svm,max,balanced,cached_mxbai,4051,1782236726.15202,,,
4043,0,svm,max,balanced,cached_mxbai,4052,1782236726.6910238,,,
4048,0,svm,max,balanced,cached_mxbai,4053,1782236727.232395,,,
2658,0,svm,max,balanced,cached_mxbai,4054,1782236727.772266,,,
8637,0,svm,max,balanced,cached_mxbai,4055,1782236728.3107543,,,
5735,0,svm,max,balanced,cached_mxbai,4056,1782236728.857338,,,
3407,0,svm,max,balanced,cached_mxbai,4057,1782236729.3969207,,,
10589,0,svm,max,balanced,cached_mxbai,4058,1782236729.937596,,,
9383,0,svm,max,balanced,cached_mxbai,4059,1782236730.4806,,,
2548,0,svm,max,balanced,cached_mxbai,4060,1782236731.0237155,,,
9627,0,svm,max,balanced,cached_mxbai,4061,1782236731.564992,,,
6342,0,svm,max,balanced,cached_mxbai,4062,1782236732.1085258,,,
821,0,svm,max,balanced,cached_mxbai,4063,1782236732.6503377,,,
7315,0,svm,max,balanced,cached_mxbai,4064,1782236733.1933384,,,
6184,0,svm,max,balanced,cached_mxbai,4065,1782236733.740833,,,
8323,0,svm,max,balanced,cached_mxbai,4066,1782236734.2822762,,,
3508,0,svm,max,balanced,cached_mxbai,4067,1782236734.822585,,,
4503,0,svm,max,balanced,cached_mxbai,4068,1782236735.3794665,,,
3139,0,svm,max,balanced,cached_mxbai,4069,1782236735.9237182,,,
8765,0,svm,max,balanced,cached_mxbai,4070,1782236736.4518209,,,
4010,0,svm,max,balanced,cached_mxbai,4071,1782236736.9796147,,,
4697,0,svm,max,balanced,cached_mxbai,4072,1782236737.5249712,,,
8674,0,svm,max,balanced,cached_mxbai,4073,1782236738.0713162,,,
252,0,svm,max,balanced,cached_mxbai,4074,1782236738.6137044,,,
8927,0,svm,max,balanced,cached_mxbai,4075,1782236739.1405637,,,
633,0,svm,max,balanced,cached_mxbai,4076,1782236739.669323,,,
3660,0,svm,max,balanced,cached_mxbai,4077,1782236740.2001014,,,
3154,0,svm,max,balanced,cached_mxbai,4078,1782236740.7461646,,,
4563,0,svm,max,balanced,cached_mxbai,4079,1782236741.2891288,,,
7522,0,svm,max,balanced,cached_mxbai,4080,1782236741.8331702,,,
5708,0,svm,max,balanced,cached_mxbai,4081,1782236742.3768191,,,
2047,0,svm,max,balanced,cached_mxbai,4082,1782236742.9063532,,,
9655,0,svm,max,balanced,cached_mxbai,4083,1782236743.4388354,,,
9399,0,svm,max,balanced,cached_mxbai,4084,1782236743.9727323,,,
4063,0,svm,max,balanced,cached_mxbai,4085,1782236744.5014298,,,
9904,0,svm,max,balanced,cached_mxbai,4086,1782236745.033879,,,
5107,0,svm,max,balanced,cached_mxbai,4087,1782236745.583072,,,
3118,0,svm,max,balanced,cached_mxbai,4088,1782236746.1137967,,,
3071,0,svm,max,balanced,cached_mxbai,4089,1782236746.645365,,,
4033,0,svm,max,balanced,cached_mxbai,4090,1782236747.1770377,,,
8663,0,svm,max,balanced,cached_mxbai,4091,1782236747.706894,,,
439,0,svm,max,balanced,cached_mxbai,4092,1782236748.2382495,,,
6360,0,svm,max,balanced,cached_mxbai,4093,1782236748.8422177,,,
9368,0,svm,max,balanced,cached_mxbai,4094,1782236749.3791063,,,
6303,0,svm,max,balanced,cached_mxbai,4095,1782236749.9099255,,,
4647,0,svm,max,balanced,cached_mxbai,4096,1782236750.4404361,,,
3271,0,svm,max,balanced,cached_mxbai,4097,1782236750.9722643,,,
5655,0,svm,max,balanced,cached_mxbai,4098,1782236751.5048773,,,
4093,0,svm,max,balanced,cached_mxbai,4099,1782236752.0382807,,,
5385,0,svm,max,balanced,cached_mxbai,4100,1782236752.571613,,,
8614,0,svm,max,balanced,cached_mxbai,4101,1782236753.10396,,,
5197,0,svm,max,balanced,cached_mxbai,4102,1782236753.6372888,,,
3498,0,svm,max,balanced,cached_mxbai,4103,1782236754.1700819,,,
7835,0,svm,max,balanced,cached_mxbai,4104,1782236754.7052047,,,
10592,0,svm,max,balanced,cached_mxbai,4105,1782236755.2470887,,,
6620,0,svm,max,balanced,cached_mxbai,4106,1782236755.8054152,,,
6997,0,svm,max,balanced,cached_mxbai,4107,1782236756.3364165,,,
3055,0,svm,max,balanced,cached_mxbai,4108,1782236756.8693273,,,
10275,0,svm,max,balanced,cached_mxbai,4109,1782236757.421726,,,
9583,0,svm,max,balanced,cached_mxbai,4110,1782236757.9821696,,,
1390,0,svm,max,balanced,cached_mxbai,4111,1782236758.5362356,,,
7025,0,svm,max,balanced,cached_mxbai,4112,1782236759.0653498,,,
1540,0,svm,max,balanced,cached_mxbai,4113,1782236759.594097,,,
1744,0,svm,max,balanced,cached_mxbai,4114,1782236760.1282856,,,
7183,0,svm,max,balanced,cached_mxbai,4115,1782236760.6568215,,,
1718,0,svm,max,balanced,cached_mxbai,4116,1782236761.1860073,,,
9500,0,svm,max,balanced,cached_mxbai,4117,1782236761.7221513,,,
3598,0,svm,max,balanced,cached_mxbai,4118,1782236762.2559254,,,
7542,0,svm,max,balanced,cached_mxbai,4119,1782236762.7873287,,,
684,0,svm,max,balanced,cached_mxbai,4120,1782236763.3238683,,,
8487,0,svm,max,balanced,cached_mxbai,4121,1782236763.8562617,,,
239,0,svm,max,balanced,cached_mxbai,4122,1782236764.3886075,,,
5911,0,svm,max,balanced,cached_mxbai,4123,1782236764.9191856,,,
8313,0,svm,max,balanced,cached_mxbai,4124,1782236765.468822,,,
1054,0,svm,max,balanced,cached_mxbai,4125,1782236765.9993134,,,
9302,0,svm,max,balanced,cached_mxbai,4126,1782236766.5324328,,,
7742,0,svm,max,balanced,cached_mxbai,4127,1782236767.0622587,,,
5626,0,svm,max,balanced,cached_mxbai,4128,1782236767.5954487,,,
1436,0,svm,max,balanced,cached_mxbai,4129,1782236768.1288133,,,
2160,0,svm,max,balanced,cached_mxbai,4130,1782236768.6611392,,,
3851,0,svm,max,balanced,cached_mxbai,4131,1782236769.1933706,,,
6856,0,svm,max,balanced,cached_mxbai,4132,1782236769.7256184,,,
5243,0,svm,max,balanced,cached_mxbai,4133,1782236770.258447,,,
7314,0,svm,max,balanced,cached_mxbai,4134,1782236770.7886608,,,
1876,0,svm,max,balanced,cached_mxbai,4135,1782236771.3237603,,,
1309,0,svm,max,balanced,cached_mxbai,4136,1782236771.856649,,,
8869,0,svm,max,balanced,cached_mxbai,4137,1782236772.3889832,,,
920,0,svm,max,balanced,cached_mxbai,4138,1782236772.9273252,,,
7223,0,svm,max,balanced,cached_mxbai,4139,1782236773.4621902,,,
4911,0,svm,max,balanced,cached_mxbai,4140,1782236773.9971085,,,
3530,0,svm,max,balanced,cached_mxbai,4141,1782236774.5295162,,,
6852,0,svm,max,balanced,cached_mxbai,4142,1782236775.0655916,,,
3066,0,svm,max,balanced,cached_mxbai,4143,1782236775.6118567,,,
4907,0,svm,max,balanced,cached_mxbai,4144,1782236776.146019,,,
6302,0,svm,max,balanced,cached_mxbai,4145,1782236776.6758895,,,
147,0,svm,max,balanced,cached_mxbai,4146,1782236777.2087035,,,
2218,0,svm,max,balanced,cached_mxbai,4147,1782236777.7429295,,,
301,0,svm,max,balanced,cached_mxbai,4148,1782236778.2950308,,,
8549,0,svm,max,balanced,cached_mxbai,4149,1782236778.8442178,,,
2063,0,svm,max,balanced,cached_mxbai,4150,1782236779.3789308,,,
4388,0,svm,max,balanced,cached_mxbai,4151,1782236779.9148688,,,
3823,0,svm,max,balanced,cached_mxbai,4152,1782236780.4511597,,,
5130,0,svm,max,balanced,cached_mxbai,4153,1782236780.9828596,,,
7599,0,svm,max,balanced,cached_mxbai,4154,1782236781.51507,,,
6243,0,svm,max,balanced,cached_mxbai,4155,1782236782.046599,,,
9932,0,svm,max,balanced,cached_mxbai,4156,1782236782.5827475,,,
9227,0,svm,max,balanced,cached_mxbai,4157,1782236783.125031,,,
3880,0,svm,max,balanced,cached_mxbai,4158,1782236783.6733503,,,
5113,0,svm,max,balanced,cached_mxbai,4159,1782236784.2129898,,,
4838,0,svm,max,balanced,cached_mxbai,4160,1782236784.7514575,,,
6079,0,svm,max,balanced,cached_mxbai,4161,1782236785.312008,,,
6948,0,svm,max,balanced,cached_mxbai,4162,1782236785.8490238,,,
3898,0,svm,max,balanced,cached_mxbai,4163,1782236786.3885906,,,
9598,0,svm,max,balanced,cached_mxbai,4164,1782236786.9271572,,,
7791,0,svm,max,balanced,cached_mxbai,4165,1782236787.464106,,,
983,0,svm,max,balanced,cached_mxbai,4166,1782236788.0071528,,,
3439,0,svm,max,balanced,cached_mxbai,4167,1782236788.549592,,,
988,0,svm,max,balanced,cached_mxbai,4168,1782236789.0907228,,,
1130,0,svm,max,balanced,cached_mxbai,4169,1782236789.6291413,,,
5411,0,svm,max,balanced,cached_mxbai,4170,1782236790.167466,,,
8703,0,svm,max,balanced,cached_mxbai,4171,1782236790.7068534,,,
3863,0,svm,max,balanced,cached_mxbai,4172,1782236791.2504892,,,
8571,0,svm,max,balanced,cached_mxbai,4173,1782236791.797726,,,
6157,0,svm,max,balanced,cached_mxbai,4174,1782236792.3363757,,,
8195,0,svm,max,balanced,cached_mxbai,4175,1782236792.8734846,,,
7624,0,svm,max,balanced,cached_mxbai,4176,1782236793.4337025,,,
4948,0,svm,max,balanced,cached_mxbai,4177,1782236793.9788175,,,
3790,0,svm,max,balanced,cached_mxbai,4178,1782236794.5229256,,,
3319,0,svm,max,balanced,cached_mxbai,4179,1782236795.0647774,,,
4272,0,svm,max,balanced,cached_mxbai,4180,1782236795.6205537,,,
867,0,svm,max,balanced,cached_mxbai,4181,1782236796.1598856,,,
9400,0,svm,max,balanced,cached_mxbai,4182,1782236796.6978595,,,
3193,0,svm,max,balanced,cached_mxbai,4183,1782236797.2402763,,,
9987,0,svm,max,balanced,cached_mxbai,4184,1782236797.7783587,,,
1710,0,svm,max,balanced,cached_mxbai,4185,1782236798.3189573,,,
7501,0,svm,max,balanced,cached_mxbai,4186,1782236798.8764331,,,
8222,0,svm,max,balanced,cached_mxbai,4187,1782236799.4158134,,,
5919,0,svm,max,balanced,cached_mxbai,4188,1782236799.9558313,,,
9722,0,svm,max,balanced,cached_mxbai,4189,1782236800.493704,,,
3559,0,svm,max,balanced,cached_mxbai,4190,1782236801.0298667,,,
1535,0,svm,max,balanced,cached_mxbai,4191,1782236801.5661612,,,
9895,0,svm,max,balanced,cached_mxbai,4192,1782236802.1073022,,,
9471,0,svm,max,balanced,cached_mxbai,4193,1782236802.64884,,,
2994,0,svm,max,balanced,cached_mxbai,4194,1782236803.1887105,,,
7543,0,svm,max,balanced,cached_mxbai,4195,1782236803.7991657,,,
393,0,svm,max,balanced,cached_mxbai,4196,1782236804.3384652,,,
5764,0,svm,max,balanced,cached_mxbai,4197,1782236804.9555466,,,
9694,0,svm,max,balanced,cached_mxbai,4198,1782236805.5909839,,,
3769,0,svm,max,balanced,cached_mxbai,4199,1782236806.2166395,,,
4715,0,svm,max,balanced,cached_mxbai,4200,1782236806.8364413,,,
3906,0,svm,max,balanced,cached_mxbai,4201,1782236807.4488702,,,
8857,0,svm,max,balanced,cached_mxbai,4202,1782236808.0712469,,,
7785,0,svm,max,balanced,cached_mxbai,4203,1782236808.6997852,,,
8341,0,svm,max,balanced,cached_mxbai,4204,1782236809.3421834,,,
5642,0,svm,max,balanced,cached_mxbai,4205,1782236809.9709625,,,
70,0,svm,max,balanced,cached_mxbai,4206,1782236810.5148551,,,
192,0,svm,max,balanced,cached_mxbai,4207,1782236811.1357753,,,
6898,0,svm,max,balanced,cached_mxbai,4208,1782236811.753077,,,
2767,0,svm,max,balanced,cached_mxbai,4209,1782236812.297657,,,
10552,0,svm,max,balanced,cached_mxbai,4210,1782236812.8460248,,,
9982,0,svm,max,balanced,cached_mxbai,4211,1782236813.394429,,,
7613,0,svm,max,balanced,cached_mxbai,4212,1782236813.9371023,,,
5173,0,svm,max,balanced,cached_mxbai,4213,1782236814.4829025,,,
4479,0,svm,max,balanced,cached_mxbai,4214,1782236815.0368562,,,
4149,0,svm,max,balanced,cached_mxbai,4215,1782236815.596574,,,
8538,0,svm,max,balanced,cached_mxbai,4216,1782236816.1391208,,,
69,0,svm,max,balanced,cached_mxbai,4217,1782236816.685708,,,
2763,0,svm,max,balanced,cached_mxbai,4218,1782236817.2378643,,,
10262,0,svm,max,balanced,cached_mxbai,4219,1782236817.7846763,,,
2902,0,svm,max,balanced,cached_mxbai,4220,1782236818.3294592,,,
3779,0,svm,max,balanced,cached_mxbai,4221,1782236818.8748317,,,
1617,0,svm,max,balanced,cached_mxbai,4222,1782236819.4172552,,,
122,0,svm,max,balanced,cached_mxbai,4223,1782236819.9627373,,,
10548,0,svm,max,balanced,cached_mxbai,4224,1782236820.5091689,,,
7620,0,svm,max,balanced,cached_mxbai,4225,1782236821.0559926,,,
5927,0,svm,max,balanced,cached_mxbai,4226,1782236821.603249,,,
1598,0,svm,max,balanced,cached_mxbai,4227,1782236822.1517282,,,
1636,0,svm,max,balanced,cached_mxbai,4228,1782236822.702729,,,
9639,0,svm,max,balanced,cached_mxbai,4229,1782236823.252441,,,
1579,0,svm,max,balanced,cached_mxbai,4230,1782236823.8016124,,,
5217,0,svm,max,balanced,cached_mxbai,4231,1782236824.3580961,,,
6472,0,svm,max,balanced,cached_mxbai,4232,1782236824.9081035,,,
4076,0,svm,max,balanced,cached_mxbai,4233,1782236825.47381,,,
7934,0,svm,max,balanced,cached_mxbai,4234,1782236826.0169353,,,
1828,0,svm,max,balanced,cached_mxbai,4235,1782236826.5584285,,,
7280,0,svm,max,balanced,cached_mxbai,4236,1782236827.100586,,,
3014,0,svm,max,balanced,cached_mxbai,4237,1782236827.6472743,,,
3324,0,svm,max,balanced,cached_mxbai,4238,1782236828.192585,,,
435,0,svm,max,balanced,cached_mxbai,4239,1782236828.7360594,,,
3469,0,svm,max,balanced,cached_mxbai,4240,1782236829.2852678,,,
9680,0,svm,max,balanced,cached_mxbai,4241,1782236829.8330166,,,
5474,0,svm,max,balanced,cached_mxbai,4242,1782236830.3783793,,,
602,0,svm,max,balanced,cached_mxbai,4243,1782236830.9204383,,,
8632,0,svm,max,balanced,cached_mxbai,4244,1782236831.4651067,,,
2744,0,svm,max,balanced,cached_mxbai,4245,1782236832.0140536,,,
4984,0,svm,max,balanced,cached_mxbai,4246,1782236832.561244,,,
3454,0,svm,max,balanced,cached_mxbai,4247,1782236833.1099062,,,
9662,0,svm,max,balanced,cached_mxbai,4248,1782236833.7159677,,,
5772,0,svm,max,balanced,cached_mxbai,4249,1782236834.3186104,,,
7558,0,svm,max,balanced,cached_mxbai,4250,1782236834.9252675,,,
2608,0,svm,max,balanced,cached_mxbai,4251,1782236835.4929829,,,
414,0,svm,max,balanced,cached_mxbai,4252,1782236836.104696,,,
5300,0,svm,max,balanced,cached_mxbai,4253,1782236836.7091463,,,
5040,0,svm,max,balanced,cached_mxbai,4254,1782236837.3179252,,,
668,0,svm,max,balanced,cached_mxbai,4255,1782236837.9227972,,,
3837,0,svm,max,balanced,cached_mxbai,4256,1782236838.4540007,,,
4085,0,svm,max,balanced,cached_mxbai,4257,1782236838.9889174,,,
2644,0,svm,max,balanced,cached_mxbai,4258,1782236839.5911477,,,
6217,0,svm,max,balanced,cached_mxbai,4259,1782236840.1939511,,,
3299,0,svm,max,balanced,cached_mxbai,4260,1782236840.7968938,,,
1201,0,svm,max,balanced,cached_mxbai,4261,1782236841.3978217,,,
10265,0,svm,max,balanced,cached_mxbai,4262,1782236842.0029044,,,
3882,0,svm,max,balanced,cached_mxbai,4263,1782236842.6062622,,,
3915,0,svm,max,balanced,cached_mxbai,4264,1782236843.2143033,,,
7954,0,svm,max,balanced,cached_mxbai,4265,1782236843.8239784,,,
8589,0,svm,max,balanced,cached_mxbai,4266,1782236844.4131608,,,
1074,0,svm,max,balanced,cached_mxbai,4267,1782236845.0006316,,,
8425,0,svm,max,balanced,cached_mxbai,4268,1782236845.6139226,,,
3858,0,svm,max,balanced,cached_mxbai,4269,1782236846.2053967,,,
1521,0,svm,max,balanced,cached_mxbai,4270,1782236846.7988007,,,
8204,0,svm,max,balanced,cached_mxbai,4271,1782236847.3917737,,,
1475,0,svm,max,balanced,cached_mxbai,4272,1782236847.985573,,,
2313,0,svm,max,balanced,cached_mxbai,4273,1782236848.6068556,,,
8350,0,svm,max,balanced,cached_mxbai,4274,1782236849.247619,,,
7513,0,svm,max,balanced,cached_mxbai,4275,1782236849.8815734,,,
3749,0,svm,max,balanced,cached_mxbai,4276,1782236850.481054,,,
6023,0,svm,max,balanced,cached_mxbai,4277,1782236851.0824494,,,
6332,0,svm,max,balanced,cached_mxbai,4278,1782236851.6851046,,,
3631,0,svm,max,balanced,cached_mxbai,4279,1782236852.2791584,,,
4798,0,svm,max,balanced,cached_mxbai,4280,1782236852.877914,,,
102,0,svm,max,balanced,cached_mxbai,4281,1782236853.4766552,,,
280,0,svm,max,balanced,cached_mxbai,4282,1782236854.073289,,,
7450,0,svm,max,balanced,cached_mxbai,4283,1782236854.666135,,,
525,0,svm,max,balanced,cached_mxbai,4284,1782236855.3002985,,,
4650,0,svm,max,balanced,cached_mxbai,4285,1782236855.9057088,,,
776,0,svm,max,balanced,cached_mxbai,4286,1782236856.5085528,,,
8672,0,svm,max,balanced,cached_mxbai,4287,1782236857.112749,,,
9444,0,svm,max,balanced,cached_mxbai,4288,1782236857.7290134,,,
1204,0,svm,max,balanced,cached_mxbai,4289,1782236858.3192499,,,
10072,0,svm,max,balanced,cached_mxbai,4290,1782236858.90811,,,
3854,0,svm,max,balanced,cached_mxbai,4291,1782236859.5148134,,,
3311,0,svm,max,balanced,cached_mxbai,4292,1782236860.1264288,,,
1955,0,svm,max,balanced,cached_mxbai,4293,1782236860.7330081,,,
1630,0,svm,max,balanced,cached_mxbai,4294,1782236861.3223462,,,
1206,0,svm,max,balanced,cached_mxbai,4295,1782236861.9252234,,,
6592,0,svm,max,balanced,cached_mxbai,4296,1782236862.5131643,,,
1553,0,svm,max,balanced,cached_mxbai,4297,1782236863.1059394,,,
2934,0,svm,max,balanced,cached_mxbai,4298,1782236863.7088578,,,
5930,0,svm,max,balanced,cached_mxbai,4299,1782236864.3133287,,,
145,0,svm,max,balanced,cached_mxbai,4300,1782236864.9242523,,,
4040,0,svm,max,balanced,cached_mxbai,4301,1782236865.5591507,,,
3711,0,svm,max,balanced,cached_mxbai,4302,1782236866.1755095,,,
2146,0,svm,max,balanced,cached_mxbai,4303,1782236866.7847428,,,
1994,0,svm,max,balanced,cached_mxbai,4304,1782236867.3894439,,,
1997,0,svm,max,balanced,cached_mxbai,4305,1782236867.997981,,,
10347,0,svm,max,balanced,cached_mxbai,4306,1782236868.6037166,,,
1152,0,svm,max,balanced,cached_mxbai,4307,1782236869.215565,,,
5477,0,svm,max,balanced,cached_mxbai,4308,1782236869.8361197,,,
2411,0,svm,max,balanced,cached_mxbai,4309,1782236870.4408033,,,
3068,0,svm,max,balanced,cached_mxbai,4310,1782236871.0504236,,,
2968,0,svm,max,balanced,cached_mxbai,4311,1782236871.6823022,,,
1208,0,svm,max,balanced,cached_mxbai,4312,1782236872.290251,,,
5498,0,svm,max,balanced,cached_mxbai,4313,1782236872.8414054,,,
4298,0,svm,max,balanced,cached_mxbai,4314,1782236873.3971102,,,
9036,0,svm,max,balanced,cached_mxbai,4315,1782236873.9468875,,,
3438,0,svm,max,balanced,cached_mxbai,4316,1782236874.4950068,,,
1871,0,svm,max,balanced,cached_mxbai,4317,1782236875.135343,,,
4050,0,svm,max,balanced,cached_mxbai,4318,1782236875.809454,,,
3315,0,svm,max,balanced,cached_mxbai,4319,1782236876.4305718,,,
5541,0,svm,max,balanced,cached_mxbai,4320,1782236877.0572956,,,
4831,0,svm,max,balanced,cached_mxbai,4321,1782236877.6812649,,,
9958,0,svm,max,balanced,cached_mxbai,4322,1782236878.3028078,,,
9807,0,svm,max,balanced,cached_mxbai,4323,1782236878.930655,,,
1967,0,svm,max,balanced,cached_mxbai,4324,1782236879.5535877,,,
5837,0,svm,max,balanced,cached_mxbai,4325,1782236880.1769476,,,
1512,0,svm,max,balanced,cached_mxbai,4326,1782236880.8002608,,,
9597,0,svm,max,balanced,cached_mxbai,4327,1782236881.4264033,,,
4054,0,svm,max,balanced,cached_mxbai,4328,1782236882.055553,,,
4240,0,svm,max,balanced,cached_mxbai,4329,1782236882.6848116,,,
3799,0,svm,max,balanced,cached_mxbai,4330,1782236883.3135474,,,
1825,0,svm,max,balanced,cached_mxbai,4331,1782236883.9461684,,,
7003,0,svm,max,balanced,cached_mxbai,4332,1782236884.5716808,,,
9534,0,svm,max,balanced,cached_mxbai,4333,1782236885.204511,,,
3037,0,svm,max,balanced,cached_mxbai,4334,1782236885.8647144,,,
899,0,svm,max,balanced,cached_mxbai,4335,1782236886.4911282,,,
9367,0,svm,max,balanced,cached_mxbai,4336,1782236887.0442348,,,
537,0,svm,max,balanced,cached_mxbai,4337,1782236887.5976875,,,
2509,0,svm,max,balanced,cached_mxbai,4338,1782236888.1528835,,,
2785,0,svm,max,balanced,cached_mxbai,4339,1782236888.7113595,,,
7640,0,svm,max,balanced,cached_mxbai,4340,1782236889.264367,,,
2778,0,svm,max,balanced,cached_mxbai,4341,1782236889.8260686,,,
6043,0,svm,max,balanced,cached_mxbai,4342,1782236890.3902774,,,
4946,0,svm,max,balanced,cached_mxbai,4343,1782236890.951605,,,
161,0,svm,max,balanced,cached_mxbai,4344,1782236891.5085466,,,
6999,0,svm,max,balanced,cached_mxbai,4345,1782236892.0716105,,,
3425,0,svm,max,balanced,cached_mxbai,4346,1782236892.6243787,,,
7013,0,svm,max,balanced,cached_mxbai,4347,1782236893.1877286,,,
1558,0,svm,max,balanced,cached_mxbai,4348,1782236893.7435458,,,
5898,0,svm,max,balanced,cached_mxbai,4349,1782236894.2982504,,,
1185,0,svm,max,balanced,cached_mxbai,4350,1782236894.8519099,,,
1337,0,svm,max,balanced,cached_mxbai,4351,1782236895.43228,,,
2730,0,svm,max,balanced,cached_mxbai,4352,1782236895.9951894,,,
2930,0,svm,max,balanced,cached_mxbai,4353,1782236896.5483105,,,
9043,0,svm,max,balanced,cached_mxbai,4354,1782236897.107243,,,
7990,0,svm,max,balanced,cached_mxbai,4355,1782236897.661925,,,
5887,0,svm,max,balanced,cached_mxbai,4356,1782236898.2189004,,,
3517,0,svm,max,balanced,cached_mxbai,4357,1782236898.7758727,,,
3638,0,svm,max,balanced,cached_mxbai,4358,1782236899.330392,,,
1221,0,svm,max,balanced,cached_mxbai,4359,1782236899.8879619,,,
9347,0,svm,max,balanced,cached_mxbai,4360,1782236900.4450262,,,
5966,0,svm,max,balanced,cached_mxbai,4361,1782236901.0906458,,,
1882,0,svm,max,balanced,cached_mxbai,4362,1782236901.736201,,,
214,0,svm,max,balanced,cached_mxbai,4363,1782236902.3829029,,,
731,0,svm,max,balanced,cached_mxbai,4364,1782236902.9496899,,,
4285,0,svm,max,balanced,cached_mxbai,4365,1782236903.5955877,,,
9924,0,svm,max,balanced,cached_mxbai,4366,1782236904.2469735,,,
4152,0,svm,max,balanced,cached_mxbai,4367,1782236904.896058,,,
3100,0,svm,max,balanced,cached_mxbai,4368,1782236905.568942,,,
1838,0,svm,max,balanced,cached_mxbai,4369,1782236906.2236223,,,
9641,0,svm,max,balanced,cached_mxbai,4370,1782236906.871847,,,
4137,0,svm,max,balanced,cached_mxbai,4371,1782236907.5175698,,,
6556,0,svm,max,balanced,cached_mxbai,4372,1782236908.1694047,,,
8898,0,svm,max,balanced,cached_mxbai,4373,1782236908.8172414,,,
3394,0,svm,max,balanced,cached_mxbai,4374,1782236909.4673176,,,
3096,0,svm,max,balanced,cached_mxbai,4375,1782236910.113558,,,
4754,0,svm,max,balanced,cached_mxbai,4376,1782236910.76121,,,
9946,0,svm,max,balanced,cached_mxbai,4377,1782236911.4089298,,,
761,0,svm,max,balanced,cached_mxbai,4378,1782236912.0574815,,,
9246,0,svm,max,balanced,cached_mxbai,4379,1782236912.7031178,,,
449,0,svm,max,balanced,cached_mxbai,4380,1782236913.2638972,,,
4860,0,svm,max,balanced,cached_mxbai,4381,1782236913.825475,,,
3191,0,svm,max,balanced,cached_mxbai,4382,1782236914.387006,,,
8894,0,svm,max,balanced,cached_mxbai,4383,1782236914.9483397,,,
2580,0,svm,max,balanced,cached_mxbai,4384,1782236915.5211394,,,
4429,0,svm,max,balanced,cached_mxbai,4385,1782236916.0938618,,,
5337,0,svm,max,balanced,cached_mxbai,4386,1782236916.657797,,,
5225,0,svm,max,balanced,cached_mxbai,4387,1782236917.2187564,,,
5279,0,svm,max,balanced,cached_mxbai,4388,1782236917.8724914,,,
2986,0,svm,max,balanced,cached_mxbai,4389,1782236918.5257607,,,
7628,0,svm,max,balanced,cached_mxbai,4390,1782236919.0899105,,,
3628,0,svm,max,balanced,cached_mxbai,4391,1782236919.6551461,,,
9178,0,svm,max,balanced,cached_mxbai,4392,1782236920.2254877,,,
9212,0,svm,max,balanced,cached_mxbai,4393,1782236920.7895396,,,
5664,0,svm,max,balanced,cached_mxbai,4394,1782236921.355496,,,
8187,0,svm,max,balanced,cached_mxbai,4395,1782236921.9191074,,,
5532,0,svm,max,balanced,cached_mxbai,4396,1782236922.4821036,,,
753,0,svm,max,balanced,cached_mxbai,4397,1782236923.0538719,,,
6354,0,svm,max,balanced,cached_mxbai,4398,1782236923.626289,,,
455,0,svm,max,balanced,cached_mxbai,4399,1782236924.1840768,,,
3532,0,svm,max,balanced,cached_mxbai,4400,1782236924.741339,,,
7713,0,svm,max,balanced,cached_mxbai,4401,1782236925.318093,,,
1794,0,svm,max,balanced,cached_mxbai,4402,1782236925.8767476,,,
68,0,svm,max,balanced,cached_mxbai,4403,1782236926.4357972,,,
6016,0,svm,max,balanced,cached_mxbai,4404,1782236926.993295,,,
8630,0,svm,max,balanced,cached_mxbai,4405,1782236927.5460649,,,
5738,0,svm,max,balanced,cached_mxbai,4406,1782236928.1009521,,,
3123,0,svm,max,balanced,cached_mxbai,4407,1782236928.6585395,,,
6141,0,svm,max,balanced,cached_mxbai,4408,1782236929.2148557,,,
7885,0,svm,max,balanced,cached_mxbai,4409,1782236929.7701962,,,
6076,0,svm,max,balanced,cached_mxbai,4410,1782236930.328626,,,
141,0,svm,max,balanced,cached_mxbai,4411,1782236930.8870635,,,
8616,0,svm,max,balanced,cached_mxbai,4412,1782236931.4485655,,,
719,0,svm,max,balanced,cached_mxbai,4413,1782236932.0109005,,,
10172,0,svm,max,balanced,cached_mxbai,4414,1782236932.5678668,,,
6897,0,svm,max,balanced,cached_mxbai,4415,1782236933.1337173,,,
6073,0,svm,max,balanced,cached_mxbai,4416,1782236933.6929438,,,
4856,0,svm,max,balanced,cached_mxbai,4417,1782236934.254556,,,
3408,0,svm,max,balanced,cached_mxbai,4418,1782236934.8103955,,,
6299,0,svm,max,balanced,cached_mxbai,4419,1782236935.3872924,,,
7039,0,svm,max,balanced,cached_mxbai,4420,1782236935.9550273,,,
3133,0,svm,max,balanced,cached_mxbai,4421,1782236936.517392,,,
1467,0,svm,max,balanced,cached_mxbai,4422,1782236937.087766,,,
8873,0,svm,max,balanced,cached_mxbai,4423,1782236937.6576483,,,
658,0,svm,max,balanced,cached_mxbai,4424,1782236938.2230465,,,
9511,0,svm,max,balanced,cached_mxbai,4425,1782236938.7889192,,,
6653,0,svm,max,balanced,cached_mxbai,4426,1782236939.3549786,,,
5868,0,svm,max,balanced,cached_mxbai,4427,1782236939.9509575,,,
4953,0,svm,max,balanced,cached_mxbai,4428,1782236940.5595646,,,
8147,0,svm,max,balanced,cached_mxbai,4429,1782236941.1314917,,,
6937,0,svm,max,balanced,cached_mxbai,4430,1782236941.7024422,,,
7209,0,svm,max,balanced,cached_mxbai,4431,1782236942.2699187,,,
3334,0,svm,max,balanced,cached_mxbai,4432,1782236942.8381236,,,
10236,0,svm,max,balanced,cached_mxbai,4433,1782236943.4116673,,,
6031,0,svm,max,balanced,cached_mxbai,4434,1782236943.9807222,,,
1569,0,svm,max,balanced,cached_mxbai,4435,1782236944.5447166,,,
4267,0,svm,max,balanced,cached_mxbai,4436,1782236945.1146762,,,
4025,0,svm,max,balanced,cached_mxbai,4437,1782236945.6965485,,,
376,0,svm,max,balanced,cached_mxbai,4438,1782236946.2701287,,,
8948,0,svm,max,balanced,cached_mxbai,4439,1782236946.8355894,,,
2593,0,svm,max,balanced,cached_mxbai,4440,1782236947.404567,,,
4830,0,svm,max,balanced,cached_mxbai,4441,1782236947.9719615,,,
2786,0,svm,max,balanced,cached_mxbai,4442,1782236948.5444348,,,
5836,0,svm,max,balanced,cached_mxbai,4443,1782236949.1129713,,,
3186,0,svm,max,balanced,cached_mxbai,4444,1782236949.6884954,,,
7471,0,svm,max,balanced,cached_mxbai,4445,1782236950.2591007,,,
10595,1,svm,max,balanced,cached_mxbai,4446,1782236950.8297887,,,
10596,1,svm,max,balanced,cached_mxbai,4447,1782236951.4891899,,,
