record_id,label,classifier,querier,balancer,feature_extractor,training_set,time,note,tags,user_id
7351,1,,,,,,1782229318.7260811,,,
9584,0,,,,,,1782229318.7260811,,,
4053,0,svm,max,balanced,cached_mxbai,2,1782229318.772139,,,
5151,0,svm,max,balanced,cached_mxbai,3,1782229318.8211582,,,
4250,0,svm,max,balanced,cached_mxbai,4,1782229318.8695793,,,
5967,1,svm,max,balanced,cached_mxbai,5,1782229318.9179583,,,
5970,0,svm,max,balanced,cached_mxbai,6,1782229318.9665108,,,
7368,0,svm,max,balanced,cached_mxbai,7,1782229319.0148163,,,
5140,0,svm,max,balanced,cached_mxbai,8,1782229319.061862,,,
9026,0,svm,max,balanced,cached_mxbai,9,1782229319.1095328,,,
3623,0,svm,max,balanced,cached_mxbai,10,1782229319.1570761,,,
4058,0,svm,max,balanced,cached_mxbai,11,1782229319.2050939,,,
4412,0,svm,max,balanced,cached_mxbai,12,1782229319.2538507,,,
10423,1,svm,max,balanced,cached_mxbai,13,1782229319.3013878,,,
5913,1,svm,max,balanced,cached_mxbai,14,1782229319.3487568,,,
4393,1,svm,max,balanced,cached_mxbai,15,1782229319.396309,,,
10176,1,svm,max,balanced,cached_mxbai,16,1782229319.443789,,,
7339,1,svm,max,balanced,cached_mxbai,17,1782229319.4923022,,,
7547,1,svm,max,balanced,cached_mxbai,18,1782229319.5401895,,,
7548,1,svm,max,balanced,cached_mxbai,19,1782229319.5882554,,,
8411,1,svm,max,balanced,cached_mxbai,20,1782229319.6389794,,,
1621,1,svm,max,balanced,cached_mxbai,21,1782229319.6888156,,,
3247,0,svm,max,balanced,cached_mxbai,22,1782229319.7390718,,,
6484,1,svm,max,balanced,cached_mxbai,23,1782229319.7878237,,,
5481,0,svm,max,balanced,cached_mxbai,24,1782229319.8368728,,,
9772,1,svm,max,balanced,cached_mxbai,25,1782229319.8887355,,,
3702,1,svm,max,balanced,cached_mxbai,26,1782229319.937087,,,
5950,1,svm,max,balanced,cached_mxbai,27,1782229319.9850166,,,
9344,1,svm,max,balanced,cached_mxbai,28,1782229320.0344672,,,
1141,1,svm,max,balanced,cached_mxbai,29,1782229320.083852,,,
6283,1,svm,max,balanced,cached_mxbai,30,1782229320.132614,,,
6097,1,svm,max,balanced,cached_mxbai,31,1782229320.1813996,,,
1230,0,svm,max,balanced,cached_mxbai,32,1782229320.2308059,,,
5656,1,svm,max,balanced,cached_mxbai,33,1782229320.2795305,,,
10220,1,svm,max,balanced,cached_mxbai,34,1782229320.3287928,,,
9004,1,svm,max,balanced,cached_mxbai,35,1782229320.3779604,,,
1802,1,svm,max,balanced,cached_mxbai,36,1782229320.427877,,,
8843,0,svm,max,balanced,cached_mxbai,37,1782229320.477854,,,
8434,1,svm,max,balanced,cached_mxbai,38,1782229320.526718,,,
3820,1,svm,max,balanced,cached_mxbai,39,1782229320.5774624,,,
1833,1,svm,max,balanced,cached_mxbai,40,1782229320.627029,,,
7598,0,svm,max,balanced,cached_mxbai,41,1782229320.6761842,,,
6767,0,svm,max,balanced,cached_mxbai,42,1782229320.7251253,,,
10029,0,svm,max,balanced,cached_mxbai,43,1782229320.7754948,,,
5976,0,svm,max,balanced,cached_mxbai,44,1782229320.8270514,,,
6050,0,svm,max,balanced,cached_mxbai,45,1782229320.879732,,,
10015,1,svm,max,balanced,cached_mxbai,46,1782229320.930906,,,
5647,1,svm,max,balanced,cached_mxbai,47,1782229320.9817014,,,
8594,1,svm,max,balanced,cached_mxbai,48,1782229321.032619,,,
5353,1,svm,max,balanced,cached_mxbai,49,1782229321.0832036,,,
3931,1,svm,max,balanced,cached_mxbai,50,1782229321.1347604,,,
9498,1,svm,max,balanced,cached_mxbai,51,1782229321.18657,,,
8719,1,svm,max,balanced,cached_mxbai,52,1782229321.2372706,,,
8718,0,svm,max,balanced,cached_mxbai,53,1782229321.2892876,,,
1428,0,svm,max,balanced,cached_mxbai,54,1782229321.3412585,,,
5301,1,svm,max,balanced,cached_mxbai,55,1782229321.391485,,,
9959,1,svm,max,balanced,cached_mxbai,56,1782229321.4414067,,,
8537,1,svm,max,balanced,cached_mxbai,57,1782229321.491575,,,
5298,1,svm,max,balanced,cached_mxbai,58,1782229321.541624,,,
5297,0,svm,max,balanced,cached_mxbai,59,1782229321.5919695,,,
8535,1,svm,max,balanced,cached_mxbai,60,1782229321.6423252,,,
5302,1,svm,max,balanced,cached_mxbai,61,1782229321.6924825,,,
4083,0,svm,max,balanced,cached_mxbai,62,1782229321.7426248,,,
982,0,svm,max,balanced,cached_mxbai,63,1782229321.7948956,,,
8378,0,svm,max,balanced,cached_mxbai,64,1782229321.8466933,,,
1674,0,svm,max,balanced,cached_mxbai,65,1782229321.8988347,,,
10447,1,svm,max,balanced,cached_mxbai,66,1782229321.949912,,,
6197,0,svm,max,balanced,cached_mxbai,67,1782229322.0008268,,,
7026,0,svm,max,balanced,cached_mxbai,68,1782229322.0531106,,,
6673,1,svm,max,balanced,cached_mxbai,69,1782229322.1039393,,,
3590,0,svm,max,balanced,cached_mxbai,70,1782229322.1548011,,,
882,0,svm,max,balanced,cached_mxbai,71,1782229322.2057438,,,
831,1,svm,max,balanced,cached_mxbai,72,1782229322.2577064,,,
9720,0,svm,max,balanced,cached_mxbai,73,1782229322.30901,,,
7373,1,svm,max,balanced,cached_mxbai,74,1782229322.3623676,,,
839,0,svm,max,balanced,cached_mxbai,75,1782229322.4133918,,,
8412,1,svm,max,balanced,cached_mxbai,76,1782229322.4642475,,,
4452,0,svm,max,balanced,cached_mxbai,77,1782229322.5154135,,,
6902,1,svm,max,balanced,cached_mxbai,78,1782229322.5681987,,,
6904,1,svm,max,balanced,cached_mxbai,79,1782229322.6195753,,,
10053,0,svm,max,balanced,cached_mxbai,80,1782229322.6728544,,,
10456,0,svm,max,balanced,cached_mxbai,81,1782229322.7267027,,,
6637,1,svm,max,balanced,cached_mxbai,82,1782229322.7821646,,,
5333,0,svm,max,balanced,cached_mxbai,83,1782229322.8371115,,,
8295,0,svm,max,balanced,cached_mxbai,84,1782229322.8916094,,,
6376,0,svm,max,balanced,cached_mxbai,85,1782229322.9442844,,,
1960,0,svm,max,balanced,cached_mxbai,86,1782229322.9959974,,,
9589,0,svm,max,balanced,cached_mxbai,87,1782229323.0486088,,,
9142,0,svm,max,balanced,cached_mxbai,88,1782229323.101584,,,
5115,0,svm,max,balanced,cached_mxbai,89,1782229323.1542344,,,
9380,0,svm,max,balanced,cached_mxbai,90,1782229323.2054071,,,
6053,1,svm,max,balanced,cached_mxbai,91,1782229323.2575166,,,
8649,1,svm,max,balanced,cached_mxbai,92,1782229323.308969,,,
5081,0,svm,max,balanced,cached_mxbai,93,1782229323.3608775,,,
1747,1,svm,max,balanced,cached_mxbai,94,1782229323.412806,,,
1748,0,svm,max,balanced,cached_mxbai,95,1782229323.4659753,,,
5739,1,svm,max,balanced,cached_mxbai,96,1782229323.5181794,,,
7863,1,svm,max,balanced,cached_mxbai,97,1782229323.5701976,,,
8163,1,svm,max,balanced,cached_mxbai,98,1782229323.6220522,,,
8094,1,svm,max,balanced,cached_mxbai,99,1782229323.6748433,,,
8775,0,svm,max,balanced,cached_mxbai,100,1782229323.7262099,,,
9658,0,svm,max,balanced,cached_mxbai,101,1782229323.7789278,,,
5646,1,svm,max,balanced,cached_mxbai,102,1782229323.8368707,,,
2294,0,svm,max,balanced,cached_mxbai,103,1782229323.8958986,,,
7928,0,svm,max,balanced,cached_mxbai,104,1782229323.9526296,,,
9685,1,svm,max,balanced,cached_mxbai,105,1782229324.006796,,,
845,0,svm,max,balanced,cached_mxbai,106,1782229324.0604715,,,
6481,0,svm,max,balanced,cached_mxbai,107,1782229324.1151679,,,
9740,0,svm,max,balanced,cached_mxbai,108,1782229324.1702123,,,
7655,1,svm,max,balanced,cached_mxbai,109,1782229324.2253253,,,
10035,0,svm,max,balanced,cached_mxbai,110,1782229324.278477,,,
4558,0,svm,max,balanced,cached_mxbai,111,1782229324.332028,,,
7479,0,svm,max,balanced,cached_mxbai,112,1782229324.3861566,,,
1675,1,svm,max,balanced,cached_mxbai,113,1782229324.439858,,,
4457,0,svm,max,balanced,cached_mxbai,114,1782229324.4946856,,,
521,0,svm,max,balanced,cached_mxbai,115,1782229324.5493114,,,
8730,0,svm,max,balanced,cached_mxbai,116,1782229324.6040647,,,
7179,0,svm,max,balanced,cached_mxbai,117,1782229324.6607642,,,
8087,1,svm,max,balanced,cached_mxbai,118,1782229324.715424,,,
7352,1,svm,max,balanced,cached_mxbai,119,1782229324.77001,,,
10454,0,svm,max,balanced,cached_mxbai,120,1782229324.8255782,,,
6419,1,svm,max,balanced,cached_mxbai,121,1782229324.881353,,,
7904,1,svm,max,balanced,cached_mxbai,122,1782229324.9379566,,,
1159,1,svm,max,balanced,cached_mxbai,123,1782229324.9920907,,,
5369,1,svm,max,balanced,cached_mxbai,124,1782229325.0533926,,,
10523,1,svm,max,balanced,cached_mxbai,125,1782229325.1066482,,,
8552,0,svm,max,balanced,cached_mxbai,126,1782229325.161179,,,
7914,1,svm,max,balanced,cached_mxbai,127,1782229325.234169,,,
9787,1,svm,max,balanced,cached_mxbai,128,1782229325.3164847,,,
9527,1,svm,max,balanced,cached_mxbai,129,1782229325.3787699,,,
2751,0,svm,max,balanced,cached_mxbai,130,1782229325.4327283,,,
1245,0,svm,max,balanced,cached_mxbai,131,1782229325.4875135,,,
9891,0,svm,max,balanced,cached_mxbai,132,1782229325.5413263,,,
6884,0,svm,max,balanced,cached_mxbai,133,1782229325.5978804,,,
8314,1,svm,max,balanced,cached_mxbai,134,1782229325.6541746,,,
9686,1,svm,max,balanced,cached_mxbai,135,1782229325.70908,,,
7153,1,svm,max,balanced,cached_mxbai,136,1782229325.7635748,,,
4456,0,svm,max,balanced,cached_mxbai,137,1782229325.8195632,,,
3190,0,svm,max,balanced,cached_mxbai,138,1782229325.8757648,,,
8460,0,svm,max,balanced,cached_mxbai,139,1782229325.9324014,,,
3451,1,svm,max,balanced,cached_mxbai,140,1782229325.9874039,,,
3019,1,svm,max,balanced,cached_mxbai,141,1782229326.0426817,,,
2011,0,svm,max,balanced,cached_mxbai,142,1782229326.0977917,,,
5749,1,svm,max,balanced,cached_mxbai,143,1782229326.1524336,,,
6628,0,svm,max,balanced,cached_mxbai,144,1782229326.207132,,,
7413,1,svm,max,balanced,cached_mxbai,145,1782229326.2626605,,,
7333,1,svm,max,balanced,cached_mxbai,146,1782229326.3171244,,,
7412,0,svm,max,balanced,cached_mxbai,147,1782229326.3714085,,,
10512,1,svm,max,balanced,cached_mxbai,148,1782229326.4263062,,,
5750,0,svm,max,balanced,cached_mxbai,149,1782229326.4817815,,,
5972,0,svm,max,balanced,cached_mxbai,150,1782229326.5365927,,,
8503,1,svm,max,balanced,cached_mxbai,151,1782229326.5909202,,,
7877,1,svm,max,balanced,cached_mxbai,152,1782229326.6466177,,,
1728,1,svm,max,balanced,cached_mxbai,153,1782229326.7009463,,,
10147,1,svm,max,balanced,cached_mxbai,154,1782229326.7559435,,,
1726,1,svm,max,balanced,cached_mxbai,155,1782229326.8125165,,,
8807,0,svm,max,balanced,cached_mxbai,156,1782229326.8687599,,,
5670,0,svm,max,balanced,cached_mxbai,157,1782229326.9257128,,,
9077,0,svm,max,balanced,cached_mxbai,158,1782229326.9823792,,,
1028,0,svm,max,balanced,cached_mxbai,159,1782229327.0404139,,,
5888,1,svm,max,balanced,cached_mxbai,160,1782229327.0955684,,,
8620,0,svm,max,balanced,cached_mxbai,161,1782229327.1537294,,,
9835,0,svm,max,balanced,cached_mxbai,162,1782229327.20994,,,
8306,1,svm,max,balanced,cached_mxbai,163,1782229327.2660499,,,
4549,0,svm,max,balanced,cached_mxbai,164,1782229327.321531,,,
8656,0,svm,max,balanced,cached_mxbai,165,1782229327.377086,,,
1488,0,svm,max,balanced,cached_mxbai,166,1782229327.4324617,,,
4547,0,svm,max,balanced,cached_mxbai,167,1782229327.4883049,,,
6627,0,svm,max,balanced,cached_mxbai,168,1782229327.5446393,,,
4591,0,svm,max,balanced,cached_mxbai,169,1782229327.600836,,,
9525,0,svm,max,balanced,cached_mxbai,170,1782229327.6565132,,,
10324,0,svm,max,balanced,cached_mxbai,171,1782229327.7120328,,,
8401,0,svm,max,balanced,cached_mxbai,172,1782229327.768659,,,
5082,0,svm,max,balanced,cached_mxbai,173,1782229327.8268695,,,
10051,0,svm,max,balanced,cached_mxbai,174,1782229327.8853054,,,
6174,0,svm,max,balanced,cached_mxbai,175,1782229327.9442954,,,
1676,0,svm,max,balanced,cached_mxbai,176,1782229328.0032153,,,
1272,0,svm,max,balanced,cached_mxbai,177,1782229328.061801,,,
4534,0,svm,max,balanced,cached_mxbai,178,1782229328.1188157,,,
9360,0,svm,max,balanced,cached_mxbai,179,1782229328.1762307,,,
4455,0,svm,max,balanced,cached_mxbai,180,1782229328.2338614,,,
649,0,svm,max,balanced,cached_mxbai,181,1782229328.290715,,,
9750,1,svm,max,balanced,cached_mxbai,182,1782229328.3482869,,,
7724,1,svm,max,balanced,cached_mxbai,183,1782229328.4055505,,,
4345,0,svm,max,balanced,cached_mxbai,184,1782229328.4635057,,,
6617,0,svm,max,balanced,cached_mxbai,185,1782229328.5214856,,,
989,0,svm,max,balanced,cached_mxbai,186,1782229328.578543,,,
681,0,svm,max,balanced,cached_mxbai,187,1782229328.6372738,,,
5715,0,svm,max,balanced,cached_mxbai,188,1782229328.6950822,,,
8247,1,svm,max,balanced,cached_mxbai,189,1782229328.753696,,,
4508,0,svm,max,balanced,cached_mxbai,190,1782229328.8117547,,,
7561,0,svm,max,balanced,cached_mxbai,191,1782229328.8704748,,,
3509,0,svm,max,balanced,cached_mxbai,192,1782229328.9290018,,,
1311,0,svm,max,balanced,cached_mxbai,193,1782229328.9872053,,,
4592,0,svm,max,balanced,cached_mxbai,194,1782229329.0441325,,,
9325,1,svm,max,balanced,cached_mxbai,195,1782229329.1041584,,,
10062,0,svm,max,balanced,cached_mxbai,196,1782229329.1656985,,,
7340,0,svm,max,balanced,cached_mxbai,197,1782229329.226594,,,
6257,0,svm,max,balanced,cached_mxbai,198,1782229329.28596,,,
4751,0,svm,max,balanced,cached_mxbai,199,1782229329.3442838,,,
4448,0,svm,max,balanced,cached_mxbai,200,1782229329.4020913,,,
4718,0,svm,max,balanced,cached_mxbai,201,1782229329.4605742,,,
4950,0,svm,max,balanced,cached_mxbai,202,1782229329.5194197,,,
6783,0,svm,max,balanced,cached_mxbai,203,1782229329.5763183,,,
5299,0,svm,max,balanced,cached_mxbai,204,1782229329.6341243,,,
8442,0,svm,max,balanced,cached_mxbai,205,1782229329.6917593,,,
10037,0,svm,max,balanced,cached_mxbai,206,1782229329.7498214,,,
3692,0,svm,max,balanced,cached_mxbai,207,1782229329.8078067,,,
9107,0,svm,max,balanced,cached_mxbai,208,1782229329.8679566,,,
1002,1,svm,max,balanced,cached_mxbai,209,1782229329.926874,,,
3021,0,svm,max,balanced,cached_mxbai,210,1782229329.98767,,,
5714,1,svm,max,balanced,cached_mxbai,211,1782229330.046342,,,
6479,0,svm,max,balanced,cached_mxbai,212,1782229330.1040142,,,
6111,0,svm,max,balanced,cached_mxbai,213,1782229330.1621609,,,
4423,0,svm,max,balanced,cached_mxbai,214,1782229330.2210274,,,
4504,0,svm,max,balanced,cached_mxbai,215,1782229330.2801778,,,
6268,0,svm,max,balanced,cached_mxbai,216,1782229330.340043,,,
1786,0,svm,max,balanced,cached_mxbai,217,1782229330.3989017,,,
1645,1,svm,max,balanced,cached_mxbai,218,1782229330.457709,,,
5565,0,svm,max,balanced,cached_mxbai,219,1782229330.517748,,,
6632,1,svm,max,balanced,cached_mxbai,220,1782229330.576326,,,
6630,0,svm,max,balanced,cached_mxbai,221,1782229330.6358736,,,
4464,1,svm,max,balanced,cached_mxbai,222,1782229330.695041,,,
3077,0,svm,max,balanced,cached_mxbai,223,1782229330.753398,,,
3135,0,svm,max,balanced,cached_mxbai,224,1782229330.8135898,,,
4450,0,svm,max,balanced,cached_mxbai,225,1782229330.8751924,,,
7878,0,svm,max,balanced,cached_mxbai,226,1782229330.9348285,,,
8047,1,svm,max,balanced,cached_mxbai,227,1782229330.9965396,,,
7754,0,svm,max,balanced,cached_mxbai,228,1782229331.0560381,,,
9462,0,svm,max,balanced,cached_mxbai,229,1782229331.114662,,,
5724,1,svm,max,balanced,cached_mxbai,230,1782229331.1732776,,,
9170,1,svm,max,balanced,cached_mxbai,231,1782229331.2326543,,,
8505,0,svm,max,balanced,cached_mxbai,232,1782229331.2930956,,,
8801,0,svm,max,balanced,cached_mxbai,233,1782229331.3525362,,,
4283,0,svm,max,balanced,cached_mxbai,234,1782229331.412291,,,
5986,1,svm,max,balanced,cached_mxbai,235,1782229331.4714396,,,
5985,0,svm,max,balanced,cached_mxbai,236,1782229331.5317981,,,
6227,0,svm,max,balanced,cached_mxbai,237,1782229331.5907664,,,
8815,1,svm,max,balanced,cached_mxbai,238,1782229331.6503048,,,
5071,0,svm,max,balanced,cached_mxbai,239,1782229331.710552,,,
3489,0,svm,max,balanced,cached_mxbai,240,1782229331.7717218,,,
4460,0,svm,max,balanced,cached_mxbai,241,1782229331.8321724,,,
5322,0,svm,max,balanced,cached_mxbai,242,1782229331.8939486,,,
6098,0,svm,max,balanced,cached_mxbai,243,1782229331.9544945,,,
9944,0,svm,max,balanced,cached_mxbai,244,1782229332.0138075,,,
10563,1,svm,max,balanced,cached_mxbai,245,1782229332.0738313,,,
4468,0,svm,max,balanced,cached_mxbai,246,1782229332.1338704,,,
1649,0,svm,max,balanced,cached_mxbai,247,1782229332.192971,,,
4786,0,svm,max,balanced,cached_mxbai,248,1782229332.251443,,,
7278,0,svm,max,balanced,cached_mxbai,249,1782229332.3114426,,,
9346,1,svm,max,balanced,cached_mxbai,250,1782229332.371898,,,
8926,0,svm,max,balanced,cached_mxbai,251,1782229332.4320426,,,
5059,0,svm,max,balanced,cached_mxbai,252,1782229332.491464,,,
5865,0,svm,max,balanced,cached_mxbai,253,1782229332.5526085,,,
4326,0,svm,max,balanced,cached_mxbai,254,1782229332.6128848,,,
5296,0,svm,max,balanced,cached_mxbai,255,1782229332.673191,,,
543,0,svm,max,balanced,cached_mxbai,256,1782229332.7328687,,,
1110,0,svm,max,balanced,cached_mxbai,257,1782229332.7937312,,,
10028,1,svm,max,balanced,cached_mxbai,258,1782229332.8549354,,,
9027,0,svm,max,balanced,cached_mxbai,259,1782229332.9173944,,,
5948,0,svm,max,balanced,cached_mxbai,260,1782229332.9781578,,,
5624,0,svm,max,balanced,cached_mxbai,261,1782229333.0405586,,,
6158,0,svm,max,balanced,cached_mxbai,262,1782229333.1010833,,,
4752,0,svm,max,balanced,cached_mxbai,263,1782229333.1614215,,,
5782,0,svm,max,balanced,cached_mxbai,264,1782229333.222517,,,
8787,0,svm,max,balanced,cached_mxbai,265,1782229333.2832446,,,
6520,0,svm,max,balanced,cached_mxbai,266,1782229333.3450327,,,
5492,0,svm,max,balanced,cached_mxbai,267,1782229333.406324,,,
7851,0,svm,max,balanced,cached_mxbai,268,1782229333.46692,,,
5141,0,svm,max,balanced,cached_mxbai,269,1782229333.5283418,,,
1271,0,svm,max,balanced,cached_mxbai,270,1782229333.5895033,,,
6874,0,svm,max,balanced,cached_mxbai,271,1782229333.651168,,,
4425,0,svm,max,balanced,cached_mxbai,272,1782229333.7125647,,,
4666,0,svm,max,balanced,cached_mxbai,273,1782229333.7730968,,,
3464,0,svm,max,balanced,cached_mxbai,274,1782229333.8348413,,,
5606,0,svm,max,balanced,cached_mxbai,275,1782229333.8973663,,,
5560,0,svm,max,balanced,cached_mxbai,276,1782229333.9609404,,,
6508,0,svm,max,balanced,cached_mxbai,277,1782229334.0242956,,,
4986,0,svm,max,balanced,cached_mxbai,278,1782229334.0857284,,,
7711,0,svm,max,balanced,cached_mxbai,279,1782229334.1457691,,,
1552,0,svm,max,balanced,cached_mxbai,280,1782229334.2074952,,,
5305,0,svm,max,balanced,cached_mxbai,281,1782229334.2690973,,,
7176,0,svm,max,balanced,cached_mxbai,282,1782229334.330622,,,
7172,0,svm,max,balanced,cached_mxbai,283,1782229334.3913803,,,
6665,0,svm,max,balanced,cached_mxbai,284,1782229334.4523985,,,
6018,0,svm,max,balanced,cached_mxbai,285,1782229334.5149207,,,
4210,0,svm,max,balanced,cached_mxbai,286,1782229334.5765913,,,
9770,1,svm,max,balanced,cached_mxbai,287,1782229334.6395805,,,
8532,0,svm,max,balanced,cached_mxbai,288,1782229334.7018306,,,
9168,0,svm,max,balanced,cached_mxbai,289,1782229334.764255,,,
6480,0,svm,max,balanced,cached_mxbai,290,1782229334.827278,,,
1081,0,svm,max,balanced,cached_mxbai,291,1782229334.8897562,,,
1554,0,svm,max,balanced,cached_mxbai,292,1782229334.9527674,,,
10101,0,svm,max,balanced,cached_mxbai,293,1782229335.0222702,,,
4413,0,svm,max,balanced,cached_mxbai,294,1782229335.088071,,,
7942,0,svm,max,balanced,cached_mxbai,295,1782229335.15215,,,
657,0,svm,max,balanced,cached_mxbai,296,1782229335.226672,,,
4971,0,svm,max,balanced,cached_mxbai,297,1782229335.3192651,,,
1729,0,svm,max,balanced,cached_mxbai,298,1782229335.3915763,,,
6624,0,svm,max,balanced,cached_mxbai,299,1782229335.454078,,,
8561,0,svm,max,balanced,cached_mxbai,300,1782229335.517999,,,
9892,0,svm,max,balanced,cached_mxbai,301,1782229335.5830388,,,
10502,0,svm,max,balanced,cached_mxbai,302,1782229335.6459985,,,
9758,0,svm,max,balanced,cached_mxbai,303,1782229335.7080033,,,
4529,0,svm,max,balanced,cached_mxbai,304,1782229335.770851,,,
5293,0,svm,max,balanced,cached_mxbai,305,1782229335.8347461,,,
7905,0,svm,max,balanced,cached_mxbai,306,1782229335.901138,,,
8691,0,svm,max,balanced,cached_mxbai,307,1782229335.9666293,,,
1005,0,svm,max,balanced,cached_mxbai,308,1782229336.029331,,,
9468,0,svm,max,balanced,cached_mxbai,309,1782229336.0933192,,,
2681,0,svm,max,balanced,cached_mxbai,310,1782229336.1592898,,,
2800,0,svm,max,balanced,cached_mxbai,311,1782229336.2225819,,,
9989,1,svm,max,balanced,cached_mxbai,312,1782229336.285454,,,
5085,0,svm,max,balanced,cached_mxbai,313,1782229336.350939,,,
3908,0,svm,max,balanced,cached_mxbai,314,1782229336.416845,,,
1906,0,svm,max,balanced,cached_mxbai,315,1782229336.4819658,,,
5209,0,svm,max,balanced,cached_mxbai,316,1782229336.54527,,,
8643,0,svm,max,balanced,cached_mxbai,317,1782229336.608696,,,
5561,0,svm,max,balanced,cached_mxbai,318,1782229336.6720948,,,
1424,0,svm,max,balanced,cached_mxbai,319,1782229336.7359488,,,
4461,0,svm,max,balanced,cached_mxbai,320,1782229336.7994416,,,
6716,0,svm,max,balanced,cached_mxbai,321,1782229336.8647082,,,
3372,0,svm,max,balanced,cached_mxbai,322,1782229336.9316974,,,
8188,0,svm,max,balanced,cached_mxbai,323,1782229336.9971328,,,
7200,0,svm,max,balanced,cached_mxbai,324,1782229337.0635853,,,
4338,0,svm,max,balanced,cached_mxbai,325,1782229337.1281044,,,
5368,1,svm,max,balanced,cached_mxbai,326,1782229337.1933541,,,
2958,0,svm,max,balanced,cached_mxbai,327,1782229337.2584054,,,
8366,0,svm,max,balanced,cached_mxbai,328,1782229337.3222623,,,
7299,0,svm,max,balanced,cached_mxbai,329,1782229337.3869202,,,
1491,0,svm,max,balanced,cached_mxbai,330,1782229337.4526196,,,
6633,0,svm,max,balanced,cached_mxbai,331,1782229337.5182617,,,
589,0,svm,max,balanced,cached_mxbai,332,1782229337.585654,,,
4965,0,svm,max,balanced,cached_mxbai,333,1782229337.6519902,,,
4029,0,svm,max,balanced,cached_mxbai,334,1782229337.7177527,,,
1819,0,svm,max,balanced,cached_mxbai,335,1782229337.7840269,,,
8651,0,svm,max,balanced,cached_mxbai,336,1782229337.852146,,,
1038,0,svm,max,balanced,cached_mxbai,337,1782229337.9216156,,,
4466,0,svm,max,balanced,cached_mxbai,338,1782229337.992123,,,
6921,0,svm,max,balanced,cached_mxbai,339,1782229338.06041,,,
9774,0,svm,max,balanced,cached_mxbai,340,1782229338.1274269,,,
3176,0,svm,max,balanced,cached_mxbai,341,1782229338.195936,,,
4887,0,svm,max,balanced,cached_mxbai,342,1782229338.2628112,,,
6781,1,svm,max,balanced,cached_mxbai,343,1782229338.3307807,,,
6782,0,svm,max,balanced,cached_mxbai,344,1782229338.3988314,,,
7790,0,svm,max,balanced,cached_mxbai,345,1782229338.4647143,,,
6448,0,svm,max,balanced,cached_mxbai,346,1782229338.5336285,,,
4973,0,svm,max,balanced,cached_mxbai,347,1782229338.6007845,,,
9805,0,svm,max,balanced,cached_mxbai,348,1782229338.6688364,,,
1232,0,svm,max,balanced,cached_mxbai,349,1782229338.7350478,,,
4436,0,svm,max,balanced,cached_mxbai,350,1782229338.8007734,,,
4643,0,svm,max,balanced,cached_mxbai,351,1782229338.8687825,,,
9255,0,svm,max,balanced,cached_mxbai,352,1782229338.9388402,,,
4055,0,svm,max,balanced,cached_mxbai,353,1782229339.0074046,,,
9430,0,svm,max,balanced,cached_mxbai,354,1782229339.0762596,,,
8465,0,svm,max,balanced,cached_mxbai,355,1782229339.1441207,,,
8145,0,svm,max,balanced,cached_mxbai,356,1782229339.2149007,,,
1047,1,svm,max,balanced,cached_mxbai,357,1782229339.2901855,,,
7184,0,svm,max,balanced,cached_mxbai,358,1782229339.3656113,,,
725,0,svm,max,balanced,cached_mxbai,359,1782229339.4415414,,,
2489,0,svm,max,balanced,cached_mxbai,360,1782229339.5166883,,,
7686,0,svm,max,balanced,cached_mxbai,361,1782229339.5875034,,,
5210,0,svm,max,balanced,cached_mxbai,362,1782229339.6562805,,,
8117,0,svm,max,balanced,cached_mxbai,363,1782229339.7232628,,,
8971,0,svm,max,balanced,cached_mxbai,364,1782229339.7898102,,,
4293,0,svm,max,balanced,cached_mxbai,365,1782229339.859127,,,
9025,0,svm,max,balanced,cached_mxbai,366,1782229339.92762,,,
4628,0,svm,max,balanced,cached_mxbai,367,1782229339.9977767,,,
3102,0,svm,max,balanced,cached_mxbai,368,1782229340.067512,,,
220,0,svm,max,balanced,cached_mxbai,369,1782229340.1373508,,,
1817,0,svm,max,balanced,cached_mxbai,370,1782229340.2061763,,,
8334,0,svm,max,balanced,cached_mxbai,371,1782229340.2747927,,,
4548,0,svm,max,balanced,cached_mxbai,372,1782229340.3431876,,,
7012,0,svm,max,balanced,cached_mxbai,373,1782229340.4119496,,,
1004,0,svm,max,balanced,cached_mxbai,374,1782229340.4795947,,,
4748,0,svm,max,balanced,cached_mxbai,375,1782229340.5480304,,,
1083,0,svm,max,balanced,cached_mxbai,376,1782229340.6175113,,,
4406,0,svm,max,balanced,cached_mxbai,377,1782229340.6859818,,,
6496,0,svm,max,balanced,cached_mxbai,378,1782229340.75418,,,
4552,0,svm,max,balanced,cached_mxbai,379,1782229340.8227005,,,
7435,0,svm,max,balanced,cached_mxbai,380,1782229340.891205,,,
8485,0,svm,max,balanced,cached_mxbai,381,1782229340.962336,,,
9684,0,svm,max,balanced,cached_mxbai,382,1782229341.0328445,,,
7678,0,svm,max,balanced,cached_mxbai,383,1782229341.102365,,,
4465,0,svm,max,balanced,cached_mxbai,384,1782229341.1712077,,,
1810,0,svm,max,balanced,cached_mxbai,385,1782229341.2408266,,,
8806,1,svm,max,balanced,cached_mxbai,386,1782229341.309512,,,
5792,0,svm,max,balanced,cached_mxbai,387,1782229341.3782396,,,
4077,0,svm,max,balanced,cached_mxbai,388,1782229341.4469573,,,
3433,0,svm,max,balanced,cached_mxbai,389,1782229341.516659,,,
7147,0,svm,max,balanced,cached_mxbai,390,1782229341.5869758,,,
7534,0,svm,max,balanced,cached_mxbai,391,1782229341.656078,,,
7215,0,svm,max,balanced,cached_mxbai,392,1782229341.7258313,,,
4467,0,svm,max,balanced,cached_mxbai,393,1782229341.796074,,,
3768,0,svm,max,balanced,cached_mxbai,394,1782229341.865194,,,
8375,0,svm,max,balanced,cached_mxbai,395,1782229341.9357288,,,
5306,0,svm,max,balanced,cached_mxbai,396,1782229342.0079882,,,
1489,0,svm,max,balanced,cached_mxbai,397,1782229342.0795665,,,
3145,1,svm,max,balanced,cached_mxbai,398,1782229342.1508338,,,
3718,0,svm,max,balanced,cached_mxbai,399,1782229342.2210095,,,
1145,0,svm,max,balanced,cached_mxbai,400,1782229342.2910085,,,
4036,0,svm,max,balanced,cached_mxbai,401,1782229342.3624883,,,
3891,0,svm,max,balanced,cached_mxbai,402,1782229342.434111,,,
3804,0,svm,max,balanced,cached_mxbai,403,1782229342.5055897,,,
10016,1,svm,max,balanced,cached_mxbai,404,1782229342.578222,,,
4743,0,svm,max,balanced,cached_mxbai,405,1782229342.6483402,,,
6519,0,svm,max,balanced,cached_mxbai,406,1782229342.7185447,,,
7017,0,svm,max,balanced,cached_mxbai,407,1782229342.7878847,,,
5586,0,svm,max,balanced,cached_mxbai,408,1782229342.8588936,,,
6916,0,svm,max,balanced,cached_mxbai,409,1782229342.9290633,,,
6258,1,svm,max,balanced,cached_mxbai,410,1782229343.0015454,,,
1228,0,svm,max,balanced,cached_mxbai,411,1782229343.0738285,,,
4064,0,svm,max,balanced,cached_mxbai,412,1782229343.1465702,,,
4885,0,svm,max,balanced,cached_mxbai,413,1782229343.2175384,,,
10146,0,svm,max,balanced,cached_mxbai,414,1782229343.2893412,,,
3459,0,svm,max,balanced,cached_mxbai,415,1782229343.3604145,,,
4531,0,svm,max,balanced,cached_mxbai,416,1782229343.4331694,,,
3343,0,svm,max,balanced,cached_mxbai,417,1782229343.5052037,,,
5414,0,svm,max,balanced,cached_mxbai,418,1782229343.578688,,,
7288,0,svm,max,balanced,cached_mxbai,419,1782229343.6506581,,,
1061,0,svm,max,balanced,cached_mxbai,420,1782229343.7212055,,,
2705,0,svm,max,balanced,cached_mxbai,421,1782229343.7926028,,,
3963,0,svm,max,balanced,cached_mxbai,422,1782229343.864427,,,
3027,0,svm,max,balanced,cached_mxbai,423,1782229343.9357975,,,
5769,0,svm,max,balanced,cached_mxbai,424,1782229344.008388,,,
6779,1,svm,max,balanced,cached_mxbai,425,1782229344.0821335,,,
99,0,svm,max,balanced,cached_mxbai,426,1782229344.1553159,,,
3144,0,svm,max,balanced,cached_mxbai,427,1782229344.2268305,,,
9204,0,svm,max,balanced,cached_mxbai,428,1782229344.2988772,,,
6464,0,svm,max,balanced,cached_mxbai,429,1782229344.3711183,,,
1708,0,svm,max,balanced,cached_mxbai,430,1782229344.4463966,,,
558,0,svm,max,balanced,cached_mxbai,431,1782229344.5255866,,,
4738,0,svm,max,balanced,cached_mxbai,432,1782229344.5992603,,,
1001,0,svm,max,balanced,cached_mxbai,433,1782229344.6725478,,,
8887,0,svm,max,balanced,cached_mxbai,434,1782229344.7455547,,,
4785,0,svm,max,balanced,cached_mxbai,435,1782229344.8180392,,,
3389,0,svm,max,balanced,cached_mxbai,436,1782229344.8904512,,,
6377,0,svm,max,balanced,cached_mxbai,437,1782229344.9642122,,,
5257,0,svm,max,balanced,cached_mxbai,438,1782229345.0586345,,,
958,0,svm,max,balanced,cached_mxbai,439,1782229345.1463006,,,
3568,0,svm,max,balanced,cached_mxbai,440,1782229345.2358341,,,
4451,0,svm,max,balanced,cached_mxbai,441,1782229345.3609455,,,
5563,0,svm,max,balanced,cached_mxbai,442,1782229345.435027,,,
8395,0,svm,max,balanced,cached_mxbai,443,1782229345.5082343,,,
6640,0,svm,max,balanced,cached_mxbai,444,1782229345.5839703,,,
7140,0,svm,max,balanced,cached_mxbai,445,1782229345.6578553,,,
4353,0,svm,max,balanced,cached_mxbai,446,1782229345.7312498,,,
4688,0,svm,max,balanced,cached_mxbai,447,1782229345.8058777,,,
3576,0,svm,max,balanced,cached_mxbai,448,1782229345.878976,,,
1599,0,svm,max,balanced,cached_mxbai,449,1782229345.9544458,,,
1191,0,svm,max,balanced,cached_mxbai,450,1782229346.0311189,,,
10215,0,svm,max,balanced,cached_mxbai,451,1782229346.1038177,,,
4778,0,svm,max,balanced,cached_mxbai,452,1782229346.1768103,,,
6926,0,svm,max,balanced,cached_mxbai,453,1782229346.2502491,,,
4746,0,svm,max,balanced,cached_mxbai,454,1782229346.325105,,,
5176,0,svm,max,balanced,cached_mxbai,455,1782229346.3987482,,,
5975,0,svm,max,balanced,cached_mxbai,456,1782229346.4735668,,,
4881,0,svm,max,balanced,cached_mxbai,457,1782229346.5474749,,,
8015,0,svm,max,balanced,cached_mxbai,458,1782229346.6221805,,,
7943,0,svm,max,balanced,cached_mxbai,459,1782229346.6965756,,,
3065,0,svm,max,balanced,cached_mxbai,460,1782229346.769304,,,
10209,0,svm,max,balanced,cached_mxbai,461,1782229346.8436894,,,
5941,0,svm,max,balanced,cached_mxbai,462,1782229346.9196744,,,
8714,0,svm,max,balanced,cached_mxbai,463,1782229346.9971871,,,
7784,0,svm,max,balanced,cached_mxbai,464,1782229347.0722291,,,
6100,0,svm,max,balanced,cached_mxbai,465,1782229347.1481328,,,
4557,0,svm,max,balanced,cached_mxbai,466,1782229347.2220736,,,
3221,0,svm,max,balanced,cached_mxbai,467,1782229347.2968369,,,
3679,0,svm,max,balanced,cached_mxbai,468,1782229347.3712602,,,
3726,0,svm,max,balanced,cached_mxbai,469,1782229347.4458122,,,
662,0,svm,max,balanced,cached_mxbai,470,1782229347.520193,,,
4626,0,svm,max,balanced,cached_mxbai,471,1782229347.5963054,,,
6881,1,svm,max,balanced,cached_mxbai,472,1782229347.6723742,,,
3243,0,svm,max,balanced,cached_mxbai,473,1782229347.7485275,,,
74,0,svm,max,balanced,cached_mxbai,474,1782229347.823395,,,
6891,0,svm,max,balanced,cached_mxbai,475,1782229347.8987188,,,
3961,0,svm,max,balanced,cached_mxbai,476,1782229347.9771192,,,
8422,1,svm,max,balanced,cached_mxbai,477,1782229348.0532103,,,
7896,0,svm,max,balanced,cached_mxbai,478,1782229348.1280093,,,
3775,0,svm,max,balanced,cached_mxbai,479,1782229348.2038136,,,
8991,0,svm,max,balanced,cached_mxbai,480,1782229348.2787747,,,
4487,0,svm,max,balanced,cached_mxbai,481,1782229348.3527892,,,
6738,0,svm,max,balanced,cached_mxbai,482,1782229348.4275959,,,
10052,0,svm,max,balanced,cached_mxbai,483,1782229348.503356,,,
832,0,svm,max,balanced,cached_mxbai,484,1782229348.5779352,,,
7104,0,svm,max,balanced,cached_mxbai,485,1782229348.6542385,,,
6490,0,svm,max,balanced,cached_mxbai,486,1782229348.729322,,,
3672,0,svm,max,balanced,cached_mxbai,487,1782229348.8076835,,,
4829,0,svm,max,balanced,cached_mxbai,488,1782229348.8841453,,,
7392,0,svm,max,balanced,cached_mxbai,489,1782229348.9623659,,,
838,0,svm,max,balanced,cached_mxbai,490,1782229349.0443132,,,
9600,0,svm,max,balanced,cached_mxbai,491,1782229349.1198318,,,
10591,0,svm,max,balanced,cached_mxbai,492,1782229349.1976962,,,
4805,0,svm,max,balanced,cached_mxbai,493,1782229349.274768,,,
3919,0,svm,max,balanced,cached_mxbai,494,1782229349.351216,,,
5521,0,svm,max,balanced,cached_mxbai,495,1782229349.4281452,,,
7421,0,svm,max,balanced,cached_mxbai,496,1782229349.504642,,,
4597,0,svm,max,balanced,cached_mxbai,497,1782229349.5819674,,,
4390,0,svm,max,balanced,cached_mxbai,498,1782229349.6594028,,,
4720,0,svm,max,balanced,cached_mxbai,499,1782229349.7396672,,,
4396,0,svm,max,balanced,cached_mxbai,500,1782229349.8178098,,,
183,0,svm,max,balanced,cached_mxbai,501,1782229349.89483,,,
675,0,svm,max,balanced,cached_mxbai,502,1782229349.974472,,,
3630,0,svm,max,balanced,cached_mxbai,503,1782229350.0529,,,
4779,0,svm,max,balanced,cached_mxbai,504,1782229350.1308346,,,
5633,0,svm,max,balanced,cached_mxbai,505,1782229350.2085497,,,
9552,0,svm,max,balanced,cached_mxbai,506,1782229350.2862368,,,
9124,0,svm,max,balanced,cached_mxbai,507,1782229350.3641472,,,
4661,0,svm,max,balanced,cached_mxbai,508,1782229350.441406,,,
4449,0,svm,max,balanced,cached_mxbai,509,1782229350.5187957,,,
4947,0,svm,max,balanced,cached_mxbai,510,1782229350.5955298,,,
4072,0,svm,max,balanced,cached_mxbai,511,1782229350.6746485,,,
4116,0,svm,max,balanced,cached_mxbai,512,1782229350.7519507,,,
9830,0,svm,max,balanced,cached_mxbai,513,1782229350.8309069,,,
3974,0,svm,max,balanced,cached_mxbai,514,1782229350.9096334,,,
4471,0,svm,max,balanced,cached_mxbai,515,1782229350.9898167,,,
5102,0,svm,max,balanced,cached_mxbai,516,1782229351.0689082,,,
8595,0,svm,max,balanced,cached_mxbai,517,1782229351.1463425,,,
1403,0,svm,max,balanced,cached_mxbai,518,1782229351.2260797,,,
3150,0,svm,max,balanced,cached_mxbai,519,1782229351.305737,,,
8556,0,svm,max,balanced,cached_mxbai,520,1782229351.3833263,,,
4567,0,svm,max,balanced,cached_mxbai,521,1782229351.4634597,,,
7305,0,svm,max,balanced,cached_mxbai,522,1782229351.5432978,,,
1391,0,svm,max,balanced,cached_mxbai,523,1782229351.6224427,,,
1520,0,svm,max,balanced,cached_mxbai,524,1782229351.7027285,,,
6133,0,svm,max,balanced,cached_mxbai,525,1782229351.7813091,,,
559,0,svm,max,balanced,cached_mxbai,526,1782229351.8615994,,,
9461,1,svm,max,balanced,cached_mxbai,527,1782229351.9401047,,,
114,0,svm,max,balanced,cached_mxbai,528,1782229352.0200045,,,
4308,0,svm,max,balanced,cached_mxbai,529,1782229352.1009219,,,
3787,0,svm,max,balanced,cached_mxbai,530,1782229352.1823707,,,
5857,0,svm,max,balanced,cached_mxbai,531,1782229352.2614393,,,
2076,0,svm,max,balanced,cached_mxbai,532,1782229352.3417325,,,
3224,0,svm,max,balanced,cached_mxbai,533,1782229352.420609,,,
4976,0,svm,max,balanced,cached_mxbai,534,1782229352.50056,,,
3415,0,svm,max,balanced,cached_mxbai,535,1782229352.5820389,,,
5193,0,svm,max,balanced,cached_mxbai,536,1782229352.6624048,,,
4616,0,svm,max,balanced,cached_mxbai,537,1782229352.7432442,,,
9743,0,svm,max,balanced,cached_mxbai,538,1782229352.8240108,,,
6618,0,svm,max,balanced,cached_mxbai,539,1782229352.904046,,,
2625,0,svm,max,balanced,cached_mxbai,540,1782229352.9887064,,,
5556,0,svm,max,balanced,cached_mxbai,541,1782229353.068735,,,
143,0,svm,max,balanced,cached_mxbai,542,1782229353.1498327,,,
8377,0,svm,max,balanced,cached_mxbai,543,1782229353.2321973,,,
10026,0,svm,max,balanced,cached_mxbai,544,1782229353.313035,,,
4154,0,svm,max,balanced,cached_mxbai,545,1782229353.3941033,,,
9517,0,svm,max,balanced,cached_mxbai,546,1782229353.4754298,,,
4721,0,svm,max,balanced,cached_mxbai,547,1782229353.556386,,,
9960,0,svm,max,balanced,cached_mxbai,548,1782229353.6378663,,,
2901,0,svm,max,balanced,cached_mxbai,549,1782229353.7176437,,,
5172,0,svm,max,balanced,cached_mxbai,550,1782229353.7988067,,,
3926,0,svm,max,balanced,cached_mxbai,551,1782229353.8792784,,,
6518,0,svm,max,balanced,cached_mxbai,552,1782229353.96252,,,
4494,0,svm,max,balanced,cached_mxbai,553,1782229354.0460043,,,
6255,0,svm,max,balanced,cached_mxbai,554,1782229354.1295826,,,
9907,0,svm,max,balanced,cached_mxbai,555,1782229354.2115405,,,
4520,0,svm,max,balanced,cached_mxbai,556,1782229354.2932932,,,
10452,0,svm,max,balanced,cached_mxbai,557,1782229354.372942,,,
7080,1,svm,max,balanced,cached_mxbai,558,1782229354.4543114,,,
10227,0,svm,max,balanced,cached_mxbai,559,1782229354.5348256,,,
1867,0,svm,max,balanced,cached_mxbai,560,1782229354.6180785,,,
8596,0,svm,max,balanced,cached_mxbai,561,1782229354.7008688,,,
8605,0,svm,max,balanced,cached_mxbai,562,1782229354.783667,,,
4787,0,svm,max,balanced,cached_mxbai,563,1782229354.8657494,,,
3668,0,svm,max,balanced,cached_mxbai,564,1782229354.9463384,,,
1389,0,svm,max,balanced,cached_mxbai,565,1782229355.0317278,,,
9702,0,svm,max,balanced,cached_mxbai,566,1782229355.1174793,,,
5083,0,svm,max,balanced,cached_mxbai,567,1782229355.2010128,,,
10424,0,svm,max,balanced,cached_mxbai,568,1782229355.3152518,,,
6725,0,svm,max,balanced,cached_mxbai,569,1782229355.405278,,,
3032,0,svm,max,balanced,cached_mxbai,570,1782229355.4885128,,,
1033,0,svm,max,balanced,cached_mxbai,571,1782229355.5746841,,,
4511,0,svm,max,balanced,cached_mxbai,572,1782229355.6589231,,,
10522,0,svm,max,balanced,cached_mxbai,573,1782229355.742016,,,
10532,0,svm,max,balanced,cached_mxbai,574,1782229355.8249407,,,
4100,0,svm,max,balanced,cached_mxbai,575,1782229355.9075444,,,
4505,0,svm,max,balanced,cached_mxbai,576,1782229355.9929242,,,
5179,0,svm,max,balanced,cached_mxbai,577,1782229356.077933,,,
6732,0,svm,max,balanced,cached_mxbai,578,1782229356.1612194,,,
3929,0,svm,max,balanced,cached_mxbai,579,1782229356.246786,,,
5780,0,svm,max,balanced,cached_mxbai,580,1782229356.3313062,,,
4669,0,svm,max,balanced,cached_mxbai,581,1782229356.4141889,,,
699,0,svm,max,balanced,cached_mxbai,582,1782229356.4971128,,,
4698,0,svm,max,balanced,cached_mxbai,583,1782229356.5807312,,,
3618,0,svm,max,balanced,cached_mxbai,584,1782229356.6649826,,,
3101,0,svm,max,balanced,cached_mxbai,585,1782229356.7500956,,,
7549,0,svm,max,balanced,cached_mxbai,586,1782229356.8350325,,,
3806,0,svm,max,balanced,cached_mxbai,587,1782229356.918262,,,
6130,0,svm,max,balanced,cached_mxbai,588,1782229357.002681,,,
6420,0,svm,max,balanced,cached_mxbai,589,1782229357.086592,,,
7011,0,svm,max,balanced,cached_mxbai,590,1782229357.1730897,,,
8077,0,svm,max,balanced,cached_mxbai,591,1782229357.2577853,,,
5049,0,svm,max,balanced,cached_mxbai,592,1782229357.3430085,,,
6192,0,svm,max,balanced,cached_mxbai,593,1782229357.4271843,,,
7453,1,svm,max,balanced,cached_mxbai,594,1782229357.5135765,,,
3296,0,svm,max,balanced,cached_mxbai,595,1782229357.6007385,,,
3435,0,svm,max,balanced,cached_mxbai,596,1782229357.6867018,,,
667,0,svm,max,balanced,cached_mxbai,597,1782229357.7705932,,,
7666,0,svm,max,balanced,cached_mxbai,598,1782229357.8578367,,,
4770,0,svm,max,balanced,cached_mxbai,599,1782229357.9419777,,,
4373,0,svm,max,balanced,cached_mxbai,600,1782229358.0280447,,,
6074,0,svm,max,balanced,cached_mxbai,601,1782229358.11168,,,
676,0,svm,max,balanced,cached_mxbai,602,1782229358.1965404,,,
10273,0,svm,max,balanced,cached_mxbai,603,1782229358.2809582,,,
1682,0,svm,max,balanced,cached_mxbai,604,1782229358.366452,,,
3627,0,svm,max,balanced,cached_mxbai,605,1782229358.4505165,,,
4707,0,svm,max,balanced,cached_mxbai,606,1782229358.5359366,,,
5767,0,svm,max,balanced,cached_mxbai,607,1782229358.6227098,,,
430,0,svm,max,balanced,cached_mxbai,608,1782229358.7093203,,,
4506,0,svm,max,balanced,cached_mxbai,609,1782229358.7941794,,,
9022,0,svm,max,balanced,cached_mxbai,610,1782229358.8805614,,,
5056,0,svm,max,balanced,cached_mxbai,611,1782229358.9649055,,,
745,0,svm,max,balanced,cached_mxbai,612,1782229359.0524116,,,
7148,0,svm,max,balanced,cached_mxbai,613,1782229359.138295,,,
8326,0,svm,max,balanced,cached_mxbai,614,1782229359.224641,,,
5168,0,svm,max,balanced,cached_mxbai,615,1782229359.3122756,,,
5321,0,svm,max,balanced,cached_mxbai,616,1782229359.3997965,,,
5019,0,svm,max,balanced,cached_mxbai,617,1782229359.4875016,,,
5457,0,svm,max,balanced,cached_mxbai,618,1782229359.5763006,,,
1820,0,svm,max,balanced,cached_mxbai,619,1782229359.6648903,,,
4499,0,svm,max,balanced,cached_mxbai,620,1782229359.7545588,,,
59,0,svm,max,balanced,cached_mxbai,621,1782229359.8429434,,,
10590,0,svm,max,balanced,cached_mxbai,622,1782229359.9311066,,,
6428,0,svm,max,balanced,cached_mxbai,623,1782229360.0194328,,,
9625,0,svm,max,balanced,cached_mxbai,624,1782229360.108023,,,
9182,0,svm,max,balanced,cached_mxbai,625,1782229360.1952043,,,
4686,0,svm,max,balanced,cached_mxbai,626,1782229360.2841618,,,
9908,0,svm,max,balanced,cached_mxbai,627,1782229360.3718538,,,
1051,0,svm,max,balanced,cached_mxbai,628,1782229360.4588315,,,
4625,0,svm,max,balanced,cached_mxbai,629,1782229360.5475721,,,
5092,0,svm,max,balanced,cached_mxbai,630,1782229360.6385643,,,
7460,0,svm,max,balanced,cached_mxbai,631,1782229360.7252533,,,
4565,0,svm,max,balanced,cached_mxbai,632,1782229360.813856,,,
6889,0,svm,max,balanced,cached_mxbai,633,1782229360.902909,,,
9476,0,svm,max,balanced,cached_mxbai,634,1782229360.9904227,,,
9564,0,svm,max,balanced,cached_mxbai,635,1782229361.0812721,,,
3106,0,svm,max,balanced,cached_mxbai,636,1782229361.1715229,,,
4289,0,svm,max,balanced,cached_mxbai,637,1782229361.261771,,,
5008,0,svm,max,balanced,cached_mxbai,638,1782229361.3515499,,,
9678,0,svm,max,balanced,cached_mxbai,639,1782229361.4412184,,,
8471,0,svm,max,balanced,cached_mxbai,640,1782229361.5305526,,,
4538,0,svm,max,balanced,cached_mxbai,641,1782229361.6210158,,,
9806,0,svm,max,balanced,cached_mxbai,642,1782229361.7107904,,,
7662,0,svm,max,balanced,cached_mxbai,643,1782229361.8006852,,,
8168,0,svm,max,balanced,cached_mxbai,644,1782229361.892589,,,
532,0,svm,max,balanced,cached_mxbai,645,1782229361.9812593,,,
7317,1,svm,max,balanced,cached_mxbai,646,1782229362.0784545,,,
4793,0,svm,max,balanced,cached_mxbai,647,1782229362.1672814,,,
4941,0,svm,max,balanced,cached_mxbai,648,1782229362.2611315,,,
3416,0,svm,max,balanced,cached_mxbai,649,1782229362.3534274,,,
4134,0,svm,max,balanced,cached_mxbai,650,1782229362.4450169,,,
4659,0,svm,max,balanced,cached_mxbai,651,1782229362.5362246,,,
4427,0,svm,max,balanced,cached_mxbai,652,1782229362.6295218,,,
545,0,svm,max,balanced,cached_mxbai,653,1782229362.7198951,,,
5451,0,svm,max,balanced,cached_mxbai,654,1782229362.8103416,,,
4723,0,svm,max,balanced,cached_mxbai,655,1782229362.9007554,,,
9813,0,svm,max,balanced,cached_mxbai,656,1782229362.9915802,,,
3455,0,svm,max,balanced,cached_mxbai,657,1782229363.082592,,,
4797,0,svm,max,balanced,cached_mxbai,658,1782229363.1749837,,,
6530,0,svm,max,balanced,cached_mxbai,659,1782229363.2682316,,,
10317,0,svm,max,balanced,cached_mxbai,660,1782229363.359887,,,
4527,0,svm,max,balanced,cached_mxbai,661,1782229363.4514802,,,
3273,0,svm,max,balanced,cached_mxbai,662,1782229363.5439079,,,
5773,0,svm,max,balanced,cached_mxbai,663,1782229363.6375265,,,
5137,0,svm,max,balanced,cached_mxbai,664,1782229363.7289689,,,
4788,0,svm,max,balanced,cached_mxbai,665,1782229363.8214664,,,
3747,0,svm,max,balanced,cached_mxbai,666,1782229363.9141443,,,
8884,0,svm,max,balanced,cached_mxbai,667,1782229364.0077899,,,
4599,0,svm,max,balanced,cached_mxbai,668,1782229364.1025128,,,
7596,0,svm,max,balanced,cached_mxbai,669,1782229364.1934392,,,
1350,0,svm,max,balanced,cached_mxbai,670,1782229364.2873836,,,
666,0,svm,max,balanced,cached_mxbai,671,1782229364.3791544,,,
8655,0,svm,max,balanced,cached_mxbai,672,1782229364.4724867,,,
4952,0,svm,max,balanced,cached_mxbai,673,1782229364.564791,,,
3761,0,svm,max,balanced,cached_mxbai,674,1782229364.6590965,,,
5218,0,svm,max,balanced,cached_mxbai,675,1782229364.7516408,,,
7864,0,svm,max,balanced,cached_mxbai,676,1782229364.8444276,,,
3778,0,svm,max,balanced,cached_mxbai,677,1782229364.936293,,,
842,1,svm,max,balanced,cached_mxbai,678,1782229365.036586,,,
8225,0,svm,max,balanced,cached_mxbai,679,1782229365.1288624,,,
4930,0,svm,max,balanced,cached_mxbai,680,1782229365.2267158,,,
4792,0,svm,max,balanced,cached_mxbai,681,1782229365.3412664,,,
4677,0,svm,max,balanced,cached_mxbai,682,1782229365.4404926,,,
1883,0,svm,max,balanced,cached_mxbai,683,1782229365.534972,,,
5028,0,svm,max,balanced,cached_mxbai,684,1782229365.6324227,,,
5403,0,svm,max,balanced,cached_mxbai,685,1782229365.7246358,,,
5208,0,svm,max,balanced,cached_mxbai,686,1782229365.8196385,,,
2408,0,svm,max,balanced,cached_mxbai,687,1782229365.913306,,,
1734,0,svm,max,balanced,cached_mxbai,688,1782229366.0111864,,,
9829,0,svm,max,balanced,cached_mxbai,689,1782229366.1038437,,,
1879,0,svm,max,balanced,cached_mxbai,690,1782229366.1963263,,,
7741,0,svm,max,balanced,cached_mxbai,691,1782229366.2931225,,,
5307,0,svm,max,balanced,cached_mxbai,692,1782229366.3872056,,,
5394,0,svm,max,balanced,cached_mxbai,693,1782229366.4828756,,,
4683,0,svm,max,balanced,cached_mxbai,694,1782229366.577934,,,
9969,0,svm,max,balanced,cached_mxbai,695,1782229366.6735399,,,
1233,0,svm,max,balanced,cached_mxbai,696,1782229366.7656932,,,
4391,0,svm,max,balanced,cached_mxbai,697,1782229366.8602676,,,
5313,0,svm,max,balanced,cached_mxbai,698,1782229366.95495,,,
9249,0,svm,max,balanced,cached_mxbai,699,1782229367.0499985,,,
2758,0,svm,max,balanced,cached_mxbai,700,1782229367.1452515,,,
5232,0,svm,max,balanced,cached_mxbai,701,1782229367.2438798,,,
4109,0,svm,max,balanced,cached_mxbai,702,1782229367.339205,,,
4593,0,svm,max,balanced,cached_mxbai,703,1782229367.4318626,,,
8692,0,svm,max,balanced,cached_mxbai,704,1782229367.5265803,,,
3852,0,svm,max,balanced,cached_mxbai,705,1782229367.621771,,,
3869,0,svm,max,balanced,cached_mxbai,706,1782229367.7167418,,,
4554,0,svm,max,balanced,cached_mxbai,707,1782229367.810122,,,
7121,0,svm,max,balanced,cached_mxbai,708,1782229367.9070957,,,
4153,0,svm,max,balanced,cached_mxbai,709,1782229368.0030723,,,
4875,0,svm,max,balanced,cached_mxbai,710,1782229368.0970976,,,
6778,0,svm,max,balanced,cached_mxbai,711,1782229368.1932585,,,
516,0,svm,max,balanced,cached_mxbai,712,1782229368.2907195,,,
6146,0,svm,max,balanced,cached_mxbai,713,1782229368.3880239,,,
4692,0,svm,max,balanced,cached_mxbai,714,1782229368.4849505,,,
4541,0,svm,max,balanced,cached_mxbai,715,1782229368.5810332,,,
1472,0,svm,max,balanced,cached_mxbai,716,1782229368.676256,,,
1360,0,svm,max,balanced,cached_mxbai,717,1782229368.773518,,,
4496,0,svm,max,balanced,cached_mxbai,718,1782229368.8704848,,,
702,0,svm,max,balanced,cached_mxbai,719,1782229368.9674668,,,
5584,0,svm,max,balanced,cached_mxbai,720,1782229369.0674384,,,
1049,0,svm,max,balanced,cached_mxbai,721,1782229369.165108,,,
4711,0,svm,max,balanced,cached_mxbai,722,1782229369.2645602,,,
4350,0,svm,max,balanced,cached_mxbai,723,1782229369.362637,,,
8888,0,svm,max,balanced,cached_mxbai,724,1782229369.459054,,,
1550,0,svm,max,balanced,cached_mxbai,725,1782229369.5553362,,,
10389,0,svm,max,balanced,cached_mxbai,726,1782229369.6543205,,,
8972,0,svm,max,balanced,cached_mxbai,727,1782229369.7487257,,,
5207,0,svm,max,balanced,cached_mxbai,728,1782229369.8450432,,,
8257,0,svm,max,balanced,cached_mxbai,729,1782229369.941657,,,
7270,0,svm,max,balanced,cached_mxbai,730,1782229370.0395644,,,
1777,0,svm,max,balanced,cached_mxbai,731,1782229370.137957,,,
5227,0,svm,max,balanced,cached_mxbai,732,1782229370.235515,,,
3827,0,svm,max,balanced,cached_mxbai,733,1782229370.3334978,,,
4927,0,svm,max,balanced,cached_mxbai,734,1782229370.432569,,,
3600,0,svm,max,balanced,cached_mxbai,735,1782229370.5294454,,,
5061,0,svm,max,balanced,cached_mxbai,736,1782229370.6273522,,,
5323,0,svm,max,balanced,cached_mxbai,737,1782229370.7272618,,,
4342,0,svm,max,balanced,cached_mxbai,738,1782229370.8261888,,,
4532,0,svm,max,balanced,cached_mxbai,739,1782229370.9263,,,
9779,0,svm,max,balanced,cached_mxbai,740,1782229371.0273843,,,
5338,0,svm,max,balanced,cached_mxbai,741,1782229371.1281462,,,
7595,0,svm,max,balanced,cached_mxbai,742,1782229371.2273955,,,
4458,0,svm,max,balanced,cached_mxbai,743,1782229371.326166,,,
2191,0,svm,max,balanced,cached_mxbai,744,1782229371.4234915,,,
4569,0,svm,max,balanced,cached_mxbai,745,1782229371.5234077,,,
613,0,svm,max,balanced,cached_mxbai,746,1782229371.6196866,,,
3888,0,svm,max,balanced,cached_mxbai,747,1782229371.7181926,,,
4637,0,svm,max,balanced,cached_mxbai,748,1782229371.8168647,,,
5242,0,svm,max,balanced,cached_mxbai,749,1782229371.9166143,,,
10241,0,svm,max,balanced,cached_mxbai,750,1782229372.0141332,,,
7226,0,svm,max,balanced,cached_mxbai,751,1782229372.115015,,,
1901,0,svm,max,balanced,cached_mxbai,752,1782229372.2141523,,,
4088,0,svm,max,balanced,cached_mxbai,753,1782229372.3167846,,,
8999,0,svm,max,balanced,cached_mxbai,754,1782229372.4159517,,,
6528,0,svm,max,balanced,cached_mxbai,755,1782229372.5188415,,,
3347,0,svm,max,balanced,cached_mxbai,756,1782229372.620729,,,
8800,0,svm,max,balanced,cached_mxbai,757,1782229372.7223854,,,
4420,0,svm,max,balanced,cached_mxbai,758,1782229372.8208249,,,
2100,0,svm,max,balanced,cached_mxbai,759,1782229372.9212956,,,
2110,0,svm,max,balanced,cached_mxbai,760,1782229373.0222588,,,
3894,0,svm,max,balanced,cached_mxbai,761,1782229373.1233125,,,
9528,0,svm,max,balanced,cached_mxbai,762,1782229373.2233074,,,
2762,0,svm,max,balanced,cached_mxbai,763,1782229373.3275387,,,
5766,0,svm,max,balanced,cached_mxbai,764,1782229373.429047,,,
3479,0,svm,max,balanced,cached_mxbai,765,1782229373.5303056,,,
7064,0,svm,max,balanced,cached_mxbai,766,1782229373.6311903,,,
8780,0,svm,max,balanced,cached_mxbai,767,1782229373.732408,,,
5219,0,svm,max,balanced,cached_mxbai,768,1782229373.833345,,,
4473,0,svm,max,balanced,cached_mxbai,769,1782229373.9347425,,,
1213,0,svm,max,balanced,cached_mxbai,770,1782229374.0334492,,,
32,0,svm,max,balanced,cached_mxbai,771,1782229374.1322904,,,
9531,0,svm,max,balanced,cached_mxbai,772,1782229374.2345366,,,
5564,0,svm,max,balanced,cached_mxbai,773,1782229374.337828,,,
7016,0,svm,max,balanced,cached_mxbai,774,1782229374.4397717,,,
7264,0,svm,max,balanced,cached_mxbai,775,1782229374.543967,,,
3088,0,svm,max,balanced,cached_mxbai,776,1782229374.645872,,,
5276,0,svm,max,balanced,cached_mxbai,777,1782229374.7474039,,,
760,0,svm,max,balanced,cached_mxbai,778,1782229374.847735,,,
10232,0,svm,max,balanced,cached_mxbai,779,1782229374.9486728,,,
4868,0,svm,max,balanced,cached_mxbai,780,1782229375.055274,,,
3666,0,svm,max,balanced,cached_mxbai,781,1782229375.1590643,,,
3252,0,svm,max,balanced,cached_mxbai,782,1782229375.282661,,,
4706,0,svm,max,balanced,cached_mxbai,783,1782229375.408399,,,
10549,0,svm,max,balanced,cached_mxbai,784,1782229375.5128322,,,
3687,0,svm,max,balanced,cached_mxbai,785,1782229375.6167006,,,
8044,0,svm,max,balanced,cached_mxbai,786,1782229375.7183251,,,
9069,0,svm,max,balanced,cached_mxbai,787,1782229375.8203182,,,
6912,0,svm,max,balanced,cached_mxbai,788,1782229375.9219363,,,
10033,0,svm,max,balanced,cached_mxbai,789,1782229376.0246422,,,
3982,0,svm,max,balanced,cached_mxbai,790,1782229376.127997,,,
4902,0,svm,max,balanced,cached_mxbai,791,1782229376.230533,,,
8055,0,svm,max,balanced,cached_mxbai,792,1782229376.3343499,,,
8120,0,svm,max,balanced,cached_mxbai,793,1782229376.43724,,,
4611,0,svm,max,balanced,cached_mxbai,794,1782229376.5419457,,,
9538,0,svm,max,balanced,cached_mxbai,795,1782229376.6449625,,,
9323,0,svm,max,balanced,cached_mxbai,796,1782229376.7479641,,,
9041,0,svm,max,balanced,cached_mxbai,797,1782229376.8505342,,,
6761,0,svm,max,balanced,cached_mxbai,798,1782229376.9547114,,,
1547,0,svm,max,balanced,cached_mxbai,799,1782229377.059151,,,
5160,0,svm,max,balanced,cached_mxbai,800,1782229377.1671965,,,
7009,0,svm,max,balanced,cached_mxbai,801,1782229377.271589,,,
4889,0,svm,max,balanced,cached_mxbai,802,1782229377.3779624,,,
2113,0,svm,max,balanced,cached_mxbai,803,1782229377.4820852,,,
896,0,svm,max,balanced,cached_mxbai,804,1782229377.5854042,,,
7616,0,svm,max,balanced,cached_mxbai,805,1782229377.6881309,,,
4573,0,svm,max,balanced,cached_mxbai,806,1782229377.7917166,,,
3614,0,svm,max,balanced,cached_mxbai,807,1782229377.8952928,,,
4867,0,svm,max,balanced,cached_mxbai,808,1782229377.9985518,,,
4988,0,svm,max,balanced,cached_mxbai,809,1782229378.1058702,,,
663,0,svm,max,balanced,cached_mxbai,810,1782229378.2206504,,,
4709,0,svm,max,balanced,cached_mxbai,811,1782229378.3300853,,,
5074,0,svm,max,balanced,cached_mxbai,812,1782229378.439356,,,
6483,0,svm,max,balanced,cached_mxbai,813,1782229378.5437803,,,
4582,0,svm,max,balanced,cached_mxbai,814,1782229378.650208,,,
698,0,svm,max,balanced,cached_mxbai,815,1782229378.7576504,,,
6400,0,svm,max,balanced,cached_mxbai,816,1782229378.8637068,,,
4670,0,svm,max,balanced,cached_mxbai,817,1782229378.9689083,,,
6417,0,svm,max,balanced,cached_mxbai,818,1782229379.0825553,,,
50,0,svm,max,balanced,cached_mxbai,819,1782229379.1864734,,,
4570,0,svm,max,balanced,cached_mxbai,820,1782229379.2911572,,,
10110,0,svm,max,balanced,cached_mxbai,821,1782229379.3957095,,,
8531,0,svm,max,balanced,cached_mxbai,822,1782229379.5046866,,,
4528,0,svm,max,balanced,cached_mxbai,823,1782229379.6110706,,,
7182,0,svm,max,balanced,cached_mxbai,824,1782229379.717302,,,
10136,1,svm,max,balanced,cached_mxbai,825,1782229379.824057,,,
7269,0,svm,max,balanced,cached_mxbai,826,1782229379.929859,,,
9199,0,svm,max,balanced,cached_mxbai,827,1782229380.0368528,,,
4209,0,svm,max,balanced,cached_mxbai,828,1782229380.1426368,,,
8995,0,svm,max,balanced,cached_mxbai,829,1782229380.2502217,,,
10337,0,svm,max,balanced,cached_mxbai,830,1782229380.3585222,,,
10435,1,svm,max,balanced,cached_mxbai,831,1782229380.4687662,,,
7483,0,svm,max,balanced,cached_mxbai,832,1782229380.5768661,,,
4222,0,svm,max,balanced,cached_mxbai,833,1782229380.6851027,,,
5199,0,svm,max,balanced,cached_mxbai,834,1782229380.792685,,,
6831,0,svm,max,balanced,cached_mxbai,835,1782229380.9007068,,,
907,0,svm,max,balanced,cached_mxbai,836,1782229381.0077438,,,
1312,0,svm,max,balanced,cached_mxbai,837,1782229381.1201718,,,
1070,0,svm,max,balanced,cached_mxbai,838,1782229381.2282145,,,
1721,1,svm,max,balanced,cached_mxbai,839,1782229381.3396587,,,
4495,0,svm,max,balanced,cached_mxbai,840,1782229381.4495537,,,
5272,0,svm,max,balanced,cached_mxbai,841,1782229381.5581522,,,
4657,0,svm,max,balanced,cached_mxbai,842,1782229381.6667986,,,
4559,0,svm,max,balanced,cached_mxbai,843,1782229381.7764943,,,
7168,0,svm,max,balanced,cached_mxbai,844,1782229381.8849196,,,
6039,0,svm,max,balanced,cached_mxbai,845,1782229381.996845,,,
4435,0,svm,max,balanced,cached_mxbai,846,1782229382.1069107,,,
8179,0,svm,max,balanced,cached_mxbai,847,1782229382.2130735,,,
6830,0,svm,max,balanced,cached_mxbai,848,1782229382.3225982,,,
3494,0,svm,max,balanced,cached_mxbai,849,1782229382.4329088,,,
5330,0,svm,max,balanced,cached_mxbai,850,1782229382.5437813,,,
10291,0,svm,max,balanced,cached_mxbai,851,1782229382.651781,,,
2240,0,svm,max,balanced,cached_mxbai,852,1782229382.7605088,,,
6553,0,svm,max,balanced,cached_mxbai,853,1782229382.8696296,,,
8315,0,svm,max,balanced,cached_mxbai,854,1782229382.9783359,,,
1561,0,svm,max,balanced,cached_mxbai,855,1782229383.0881114,,,
5072,0,svm,max,balanced,cached_mxbai,856,1782229383.1971278,,,
4086,0,svm,max,balanced,cached_mxbai,857,1782229383.3066638,,,
9131,0,svm,max,balanced,cached_mxbai,858,1782229383.4229496,,,
9945,0,svm,max,balanced,cached_mxbai,859,1782229383.532165,,,
4633,0,svm,max,balanced,cached_mxbai,860,1782229383.6399877,,,
3502,0,svm,max,balanced,cached_mxbai,861,1782229383.7489777,,,
6444,0,svm,max,balanced,cached_mxbai,862,1782229383.8590508,,,
3923,0,svm,max,balanced,cached_mxbai,863,1782229383.9693973,,,
8602,0,svm,max,balanced,cached_mxbai,864,1782229384.0802004,,,
3742,0,svm,max,balanced,cached_mxbai,865,1782229384.1886213,,,
5329,0,svm,max,balanced,cached_mxbai,866,1782229384.2981484,,,
4299,0,svm,max,balanced,cached_mxbai,867,1782229384.4094028,,,
86,0,svm,max,balanced,cached_mxbai,868,1782229384.5236242,,,
5125,0,svm,max,balanced,cached_mxbai,869,1782229384.6342,,,
4139,0,svm,max,balanced,cached_mxbai,870,1782229384.74574,,,
9747,0,svm,max,balanced,cached_mxbai,871,1782229384.8572133,,,
4662,0,svm,max,balanced,cached_mxbai,872,1782229384.9729733,,,
3639,0,svm,max,balanced,cached_mxbai,873,1782229385.0879173,,,
8118,0,svm,max,balanced,cached_mxbai,874,1782229385.1987872,,,
3523,0,svm,max,balanced,cached_mxbai,875,1782229385.3381035,,,
3912,0,svm,max,balanced,cached_mxbai,876,1782229385.4538786,,,
4964,0,svm,max,balanced,cached_mxbai,877,1782229385.5671346,,,
8261,0,svm,max,balanced,cached_mxbai,878,1782229385.6816542,,,
5039,0,svm,max,balanced,cached_mxbai,879,1782229385.7928443,,,
2832,0,svm,max,balanced,cached_mxbai,880,1782229385.9039998,,,
10290,0,svm,max,balanced,cached_mxbai,881,1782229386.0165749,,,
2559,0,svm,max,balanced,cached_mxbai,882,1782229386.1323369,,,
3934,0,svm,max,balanced,cached_mxbai,883,1782229386.24457,,,
1048,0,svm,max,balanced,cached_mxbai,884,1782229386.3564594,,,
5383,0,svm,max,balanced,cached_mxbai,885,1782229386.471563,,,
1198,0,svm,max,balanced,cached_mxbai,886,1782229386.5814784,,,
5651,0,svm,max,balanced,cached_mxbai,887,1782229386.697277,,,
5426,0,svm,max,balanced,cached_mxbai,888,1782229386.8104928,,,
5017,0,svm,max,balanced,cached_mxbai,889,1782229386.926735,,,
3097,0,svm,max,balanced,cached_mxbai,890,1782229387.0411065,,,
8696,0,svm,max,balanced,cached_mxbai,891,1782229387.1548069,,,
4121,0,svm,max,balanced,cached_mxbai,892,1782229387.268865,,,
9725,0,svm,max,balanced,cached_mxbai,893,1782229387.3836095,,,
6718,0,svm,max,balanced,cached_mxbai,894,1782229387.5001462,,,
4453,0,svm,max,balanced,cached_mxbai,895,1782229387.6165795,,,
6398,0,svm,max,balanced,cached_mxbai,896,1782229387.729084,,,
6238,0,svm,max,balanced,cached_mxbai,897,1782229387.8431973,,,
4722,0,svm,max,balanced,cached_mxbai,898,1782229387.957484,,,
3187,0,svm,max,balanced,cached_mxbai,899,1782229388.0717254,,,
1003,0,svm,max,balanced,cached_mxbai,900,1782229388.1864486,,,
4648,0,svm,max,balanced,cached_mxbai,901,1782229388.3030689,,,
3994,0,svm,max,balanced,cached_mxbai,902,1782229388.4199765,,,
9836,0,svm,max,balanced,cached_mxbai,903,1782229388.536212,,,
7597,0,svm,max,balanced,cached_mxbai,904,1782229388.6524432,,,
10177,0,svm,max,balanced,cached_mxbai,905,1782229388.7666798,,,
4836,0,svm,max,balanced,cached_mxbai,906,1782229388.8802154,,,
10225,0,svm,max,balanced,cached_mxbai,907,1782229388.9967482,,,
5185,0,svm,max,balanced,cached_mxbai,908,1782229389.1113985,,,
6340,0,svm,max,balanced,cached_mxbai,909,1782229389.2246857,,,
7767,0,svm,max,balanced,cached_mxbai,910,1782229389.3379774,,,
3538,0,svm,max,balanced,cached_mxbai,911,1782229389.451717,,,
8467,0,svm,max,balanced,cached_mxbai,912,1782229389.5651946,,,
4162,0,svm,max,balanced,cached_mxbai,913,1782229389.681298,,,
5016,0,svm,max,balanced,cached_mxbai,914,1782229389.795518,,,
4586,0,svm,max,balanced,cached_mxbai,915,1782229389.9116602,,,
9749,0,svm,max,balanced,cached_mxbai,916,1782229390.027817,,,
2330,0,svm,max,balanced,cached_mxbai,917,1782229390.1448615,,,
6411,0,svm,max,balanced,cached_mxbai,918,1782229390.2636611,,,
8255,0,svm,max,balanced,cached_mxbai,919,1782229390.3804438,,,
6629,0,svm,max,balanced,cached_mxbai,920,1782229390.4977908,,,
4933,0,svm,max,balanced,cached_mxbai,921,1782229390.6186554,,,
1008,0,svm,max,balanced,cached_mxbai,922,1782229390.7378643,,,
4176,0,svm,max,balanced,cached_mxbai,923,1782229390.8523104,,,
5145,0,svm,max,balanced,cached_mxbai,924,1782229390.9697738,,,
4862,0,svm,max,balanced,cached_mxbai,925,1782229391.0862849,,,
5591,0,svm,max,balanced,cached_mxbai,926,1782229391.2058175,,,
4598,0,svm,max,balanced,cached_mxbai,927,1782229391.3223984,,,
4994,0,svm,max,balanced,cached_mxbai,928,1782229391.4426045,,,
5365,0,svm,max,balanced,cached_mxbai,929,1782229391.5610917,,,
1385,0,svm,max,balanced,cached_mxbai,930,1782229391.67818,,,
402,0,svm,max,balanced,cached_mxbai,931,1782229391.7962406,,,
2279,0,svm,max,balanced,cached_mxbai,932,1782229391.913498,,,
7434,0,svm,max,balanced,cached_mxbai,933,1782229392.0345652,,,
7217,0,svm,max,balanced,cached_mxbai,934,1782229392.15069,,,
4445,0,svm,max,balanced,cached_mxbai,935,1782229392.2679422,,,
9132,0,svm,max,balanced,cached_mxbai,936,1782229392.3891282,,,
5134,0,svm,max,balanced,cached_mxbai,937,1782229392.5072238,,,
677,0,svm,max,balanced,cached_mxbai,938,1782229392.6271,,,
8063,0,svm,max,balanced,cached_mxbai,939,1782229392.7487645,,,
5410,0,svm,max,balanced,cached_mxbai,940,1782229392.872253,,,
9683,0,svm,max,balanced,cached_mxbai,941,1782229392.9906056,,,
4588,0,svm,max,balanced,cached_mxbai,942,1782229393.108483,,,
6842,0,svm,max,balanced,cached_mxbai,943,1782229393.22805,,,
5096,0,svm,max,balanced,cached_mxbai,944,1782229393.3463457,,,
1585,0,svm,max,balanced,cached_mxbai,945,1782229393.4652696,,,
5013,0,svm,max,balanced,cached_mxbai,946,1782229393.5842795,,,
4136,0,svm,max,balanced,cached_mxbai,947,1782229393.7051187,,,
5244,0,svm,max,balanced,cached_mxbai,948,1782229393.8244488,,,
4515,0,svm,max,balanced,cached_mxbai,949,1782229393.9458158,,,
8428,0,svm,max,balanced,cached_mxbai,950,1782229394.0663238,,,
7577,0,svm,max,balanced,cached_mxbai,951,1782229394.189311,,,
3914,0,svm,max,balanced,cached_mxbai,952,1782229394.3084064,,,
4619,0,svm,max,balanced,cached_mxbai,953,1782229394.4300902,,,
8153,0,svm,max,balanced,cached_mxbai,954,1782229394.5511534,,,
3748,0,svm,max,balanced,cached_mxbai,955,1782229394.6751156,,,
134,0,svm,max,balanced,cached_mxbai,956,1782229394.7984602,,,
4642,0,svm,max,balanced,cached_mxbai,957,1782229394.9217625,,,
5111,0,svm,max,balanced,cached_mxbai,958,1782229395.0502906,,,
4424,0,svm,max,balanced,cached_mxbai,959,1782229395.1739569,,,
10308,0,svm,max,balanced,cached_mxbai,960,1782229395.328169,,,
6438,0,svm,max,balanced,cached_mxbai,961,1782229395.453946,,,
9293,0,svm,max,balanced,cached_mxbai,962,1782229395.5798998,,,
10169,0,svm,max,balanced,cached_mxbai,963,1782229395.7018187,,,
25,0,svm,max,balanced,cached_mxbai,964,1782229395.8242872,,,
3558,0,svm,max,balanced,cached_mxbai,965,1782229395.944985,,,
3099,0,svm,max,balanced,cached_mxbai,966,1782229396.0677204,,,
5131,0,svm,max,balanced,cached_mxbai,967,1782229396.1920638,,,
4744,0,svm,max,balanced,cached_mxbai,968,1782229396.3125467,,,
3209,0,svm,max,balanced,cached_mxbai,969,1782229396.4334319,,,
3569,0,svm,max,balanced,cached_mxbai,970,1782229396.5594714,,,
4476,0,svm,max,balanced,cached_mxbai,971,1782229396.6843877,,,
6634,0,svm,max,balanced,cached_mxbai,972,1782229396.8080056,,,
4951,0,svm,max,balanced,cached_mxbai,973,1782229396.9290967,,,
8092,0,svm,max,balanced,cached_mxbai,974,1782229397.052532,,,
8982,0,svm,max,balanced,cached_mxbai,975,1782229397.1733658,,,
4636,0,svm,max,balanced,cached_mxbai,976,1782229397.2966688,,,
955,0,svm,max,balanced,cached_mxbai,977,1782229397.4201849,,,
8563,0,svm,max,balanced,cached_mxbai,978,1782229397.544664,,,
9122,0,svm,max,balanced,cached_mxbai,979,1782229397.6692474,,,
3873,0,svm,max,balanced,cached_mxbai,980,1782229397.792366,,,
5449,0,svm,max,balanced,cached_mxbai,981,1782229397.917119,,,
3194,0,svm,max,balanced,cached_mxbai,982,1782229398.0414715,,,
5996,0,svm,max,balanced,cached_mxbai,983,1782229398.1686306,,,
6136,0,svm,max,balanced,cached_mxbai,984,1782229398.2944849,,,
9429,0,svm,max,balanced,cached_mxbai,985,1782229398.4203608,,,
10484,0,svm,max,balanced,cached_mxbai,986,1782229398.5470784,,,
1149,0,svm,max,balanced,cached_mxbai,987,1782229398.6755624,,,
10057,0,svm,max,balanced,cached_mxbai,988,1782229398.8035154,,,
9996,0,svm,max,balanced,cached_mxbai,989,1782229398.9285164,,,
4564,0,svm,max,balanced,cached_mxbai,990,1782229399.053729,,,
9213,0,svm,max,balanced,cached_mxbai,991,1782229399.179069,,,
6499,0,svm,max,balanced,cached_mxbai,992,1782229399.304258,,,
5154,0,svm,max,balanced,cached_mxbai,993,1782229399.4343133,,,
4104,0,svm,max,balanced,cached_mxbai,994,1782229399.5579655,,,
6631,0,svm,max,balanced,cached_mxbai,995,1782229399.683306,,,
3960,0,svm,max,balanced,cached_mxbai,996,1782229399.809428,,,
4612,0,svm,max,balanced,cached_mxbai,997,1782229399.937785,,,
6013,0,svm,max,balanced,cached_mxbai,998,1782229400.0601683,,,
1911,0,svm,max,balanced,cached_mxbai,999,1782229400.183531,,,
2258,0,svm,max,balanced,cached_mxbai,1000,1782229400.3092499,,,
9763,0,svm,max,balanced,cached_mxbai,1001,1782229400.4346428,,,
5870,0,svm,max,balanced,cached_mxbai,1002,1782229400.5621605,,,
4680,0,svm,max,balanced,cached_mxbai,1003,1782229400.6915636,,,
5078,0,svm,max,balanced,cached_mxbai,1004,1782229400.8196738,,,
10122,0,svm,max,balanced,cached_mxbai,1005,1782229400.9455972,,,
3767,0,svm,max,balanced,cached_mxbai,1006,1782229401.074096,,,
4729,0,svm,max,balanced,cached_mxbai,1007,1782229401.2142446,,,
4813,0,svm,max,balanced,cached_mxbai,1008,1782229401.3567677,,,
2259,0,svm,max,balanced,cached_mxbai,1009,1782229401.499847,,,
8839,0,svm,max,balanced,cached_mxbai,1010,1782229401.6398923,,,
3197,0,svm,max,balanced,cached_mxbai,1011,1782229401.769684,,,
9028,0,svm,max,balanced,cached_mxbai,1012,1782229401.9004242,,,
10112,0,svm,max,balanced,cached_mxbai,1013,1782229402.027043,,,
9394,0,svm,max,balanced,cached_mxbai,1014,1782229402.1570716,,,
4703,0,svm,max,balanced,cached_mxbai,1015,1782229402.285529,,,
6147,0,svm,max,balanced,cached_mxbai,1016,1782229402.413133,,,
5088,0,svm,max,balanced,cached_mxbai,1017,1782229402.542698,,,
3080,0,svm,max,balanced,cached_mxbai,1018,1782229402.6719933,,,
4484,0,svm,max,balanced,cached_mxbai,1019,1782229402.804737,,,
5968,0,svm,max,balanced,cached_mxbai,1020,1782229402.9362674,,,
4434,0,svm,max,balanced,cached_mxbai,1021,1782229403.0636067,,,
10493,0,svm,max,balanced,cached_mxbai,1022,1782229403.1922462,,,
6249,0,svm,max,balanced,cached_mxbai,1023,1782229403.3208919,,,
4112,0,svm,max,balanced,cached_mxbai,1024,1782229403.4346342,,,
4217,0,svm,max,balanced,cached_mxbai,1025,1782229403.552587,,,
8993,0,svm,max,balanced,cached_mxbai,1026,1782229403.6716309,,,
4912,0,svm,max,balanced,cached_mxbai,1027,1782229403.788502,,,
3185,0,svm,max,balanced,cached_mxbai,1028,1782229403.9052155,,,
8598,0,svm,max,balanced,cached_mxbai,1029,1782229404.022396,,,
5077,0,svm,max,balanced,cached_mxbai,1030,1782229404.138236,,,
4905,0,svm,max,balanced,cached_mxbai,1031,1782229404.2520201,,,
5516,0,svm,max,balanced,cached_mxbai,1032,1782229404.364498,,,
8909,0,svm,max,balanced,cached_mxbai,1033,1782229404.4774377,,,
7002,0,svm,max,balanced,cached_mxbai,1034,1782229404.5915751,,,
6120,0,svm,max,balanced,cached_mxbai,1035,1782229404.7070308,,,
4510,0,svm,max,balanced,cached_mxbai,1036,1782229404.8359654,,,
3836,0,svm,max,balanced,cached_mxbai,1037,1782229404.9619331,,,
7262,0,svm,max,balanced,cached_mxbai,1038,1782229405.1091185,,,
4962,0,svm,max,balanced,cached_mxbai,1039,1782229405.238297,,,
3458,0,svm,max,balanced,cached_mxbai,1040,1782229405.3779955,,,
4166,0,svm,max,balanced,cached_mxbai,1041,1782229405.4914112,,,
2429,0,svm,max,balanced,cached_mxbai,1042,1782229405.608737,,,
4513,0,svm,max,balanced,cached_mxbai,1043,1782229405.7236226,,,
5398,0,svm,max,balanced,cached_mxbai,1044,1782229405.838092,,,
5238,0,svm,max,balanced,cached_mxbai,1045,1782229405.9510264,,,
9957,0,svm,max,balanced,cached_mxbai,1046,1782229406.0654259,,,
620,0,svm,max,balanced,cached_mxbai,1047,1782229406.1801958,,,
4635,0,svm,max,balanced,cached_mxbai,1048,1782229406.295094,,,
2053,0,svm,max,balanced,cached_mxbai,1049,1782229406.4083567,,,
7207,0,svm,max,balanced,cached_mxbai,1050,1782229406.5222235,,,
2428,0,svm,max,balanced,cached_mxbai,1051,1782229406.6392522,,,
1840,0,svm,max,balanced,cached_mxbai,1052,1782229406.755248,,,
3677,0,svm,max,balanced,cached_mxbai,1053,1782229406.871104,,,
4985,0,svm,max,balanced,cached_mxbai,1054,1782229406.9879713,,,
5581,0,svm,max,balanced,cached_mxbai,1055,1782229407.1031778,,,
7390,0,svm,max,balanced,cached_mxbai,1056,1782229407.217654,,,
7108,0,svm,max,balanced,cached_mxbai,1057,1782229407.3316789,,,
3515,0,svm,max,balanced,cached_mxbai,1058,1782229407.4462254,,,
1082,0,svm,max,balanced,cached_mxbai,1059,1782229407.5611215,,,
4705,0,svm,max,balanced,cached_mxbai,1060,1782229407.6801045,,,
6326,0,svm,max,balanced,cached_mxbai,1061,1782229407.7976465,,,
6646,0,svm,max,balanced,cached_mxbai,1062,1782229407.9129872,,,
7702,0,svm,max,balanced,cached_mxbai,1063,1782229408.0277271,,,
6485,0,svm,max,balanced,cached_mxbai,1064,1782229408.1445868,,,
10000,0,svm,max,balanced,cached_mxbai,1065,1782229408.2605708,,,
8530,0,svm,max,balanced,cached_mxbai,1066,1782229408.3755844,,,
4886,0,svm,max,balanced,cached_mxbai,1067,1782229408.4913025,,,
6798,0,svm,max,balanced,cached_mxbai,1068,1782229408.611073,,,
5237,0,svm,max,balanced,cached_mxbai,1069,1782229408.7313137,,,
4507,0,svm,max,balanced,cached_mxbai,1070,1782229408.8503437,,,
3543,0,svm,max,balanced,cached_mxbai,1071,1782229408.9662728,,,
3945,0,svm,max,balanced,cached_mxbai,1072,1782229409.081197,,,
4631,0,svm,max,balanced,cached_mxbai,1073,1782229409.199944,,,
2264,0,svm,max,balanced,cached_mxbai,1074,1782229409.3142169,,,
6150,0,svm,max,balanced,cached_mxbai,1075,1782229409.427737,,,
6126,0,svm,max,balanced,cached_mxbai,1076,1782229409.5415707,,,
8486,0,svm,max,balanced,cached_mxbai,1077,1782229409.6579034,,,
4364,0,svm,max,balanced,cached_mxbai,1078,1782229409.7750595,,,
4910,0,svm,max,balanced,cached_mxbai,1079,1782229409.894797,,,
8049,0,svm,max,balanced,cached_mxbai,1080,1782229410.0100856,,,
10031,0,svm,max,balanced,cached_mxbai,1081,1782229410.1254938,,,
5116,0,svm,max,balanced,cached_mxbai,1082,1782229410.2412906,,,
6121,0,svm,max,balanced,cached_mxbai,1083,1782229410.3571665,,,
828,0,svm,max,balanced,cached_mxbai,1084,1782229410.471616,,,
4673,0,svm,max,balanced,cached_mxbai,1085,1782229410.5869246,,,
6914,0,svm,max,balanced,cached_mxbai,1086,1782229410.7039535,,,
2745,0,svm,max,balanced,cached_mxbai,1087,1782229410.8195648,,,
3969,0,svm,max,balanced,cached_mxbai,1088,1782229410.934812,,,
23,0,svm,max,balanced,cached_mxbai,1089,1782229411.0498734,,,
6991,0,svm,max,balanced,cached_mxbai,1090,1782229411.170682,,,
4595,0,svm,max,balanced,cached_mxbai,1091,1782229411.303337,,,
2306,0,svm,max,balanced,cached_mxbai,1092,1782229411.4252667,,,
4415,0,svm,max,balanced,cached_mxbai,1093,1782229411.5446663,,,
4568,0,svm,max,balanced,cached_mxbai,1094,1782229411.662797,,,
3661,0,svm,max,balanced,cached_mxbai,1095,1782229411.7782707,,,
4870,0,svm,max,balanced,cached_mxbai,1096,1782229411.895751,,,
2627,0,svm,max,balanced,cached_mxbai,1097,1782229412.0142083,,,
7804,0,svm,max,balanced,cached_mxbai,1098,1782229412.1333055,,,
1461,0,svm,max,balanced,cached_mxbai,1099,1782229412.2517805,,,
5093,0,svm,max,balanced,cached_mxbai,1100,1782229412.3693674,,,
4587,0,svm,max,balanced,cached_mxbai,1101,1782229412.4865541,,,
5165,0,svm,max,balanced,cached_mxbai,1102,1782229412.605179,,,
9759,0,svm,max,balanced,cached_mxbai,1103,1782229412.7223792,,,
4522,0,svm,max,balanced,cached_mxbai,1104,1782229412.840276,,,
3757,0,svm,max,balanced,cached_mxbai,1105,1782229412.9586256,,,
4131,0,svm,max,balanced,cached_mxbai,1106,1782229413.0771577,,,
3081,0,svm,max,balanced,cached_mxbai,1107,1782229413.1956468,,,
8036,0,svm,max,balanced,cached_mxbai,1108,1782229413.3116035,,,
5468,0,svm,max,balanced,cached_mxbai,1109,1782229413.43069,,,
2803,0,svm,max,balanced,cached_mxbai,1110,1782229413.5493166,,,
5425,0,svm,max,balanced,cached_mxbai,1111,1782229413.6677947,,,
5038,0,svm,max,balanced,cached_mxbai,1112,1782229413.7848907,,,
4026,0,svm,max,balanced,cached_mxbai,1113,1782229413.9014316,,,
4459,0,svm,max,balanced,cached_mxbai,1114,1782229414.0196095,,,
6421,0,svm,max,balanced,cached_mxbai,1115,1782229414.1379454,,,
3954,0,svm,max,balanced,cached_mxbai,1116,1782229414.2582476,,,
37,0,svm,max,balanced,cached_mxbai,1117,1782229414.376201,,,
5034,0,svm,max,balanced,cached_mxbai,1118,1782229414.49493,,,
8126,0,svm,max,balanced,cached_mxbai,1119,1782229414.6133919,,,
10166,0,svm,max,balanced,cached_mxbai,1120,1782229414.7349327,,,
7948,0,svm,max,balanced,cached_mxbai,1121,1782229414.858506,,,
4523,0,svm,max,balanced,cached_mxbai,1122,1782229414.9769955,,,
6607,0,svm,max,balanced,cached_mxbai,1123,1782229415.109979,,,
4812,0,svm,max,balanced,cached_mxbai,1124,1782229415.2385173,,,
8597,0,svm,max,balanced,cached_mxbai,1125,1782229415.3962507,,,
130,0,svm,max,balanced,cached_mxbai,1126,1782229415.5153959,,,
3657,0,svm,max,balanced,cached_mxbai,1127,1782229415.6392584,,,
3280,0,svm,max,balanced,cached_mxbai,1128,1782229415.7633955,,,
3147,0,svm,max,balanced,cached_mxbai,1129,1782229415.8855014,,,
4574,0,svm,max,balanced,cached_mxbai,1130,1782229416.0079763,,,
4710,0,svm,max,balanced,cached_mxbai,1131,1782229416.1347146,,,
3170,0,svm,max,balanced,cached_mxbai,1132,1782229416.2565594,,,
6936,0,svm,max,balanced,cached_mxbai,1133,1782229416.3767834,,,
4834,0,svm,max,balanced,cached_mxbai,1134,1782229416.4974604,,,
6414,0,svm,max,balanced,cached_mxbai,1135,1782229416.6189058,,,
6743,0,svm,max,balanced,cached_mxbai,1136,1782229416.745204,,,
4480,0,svm,max,balanced,cached_mxbai,1137,1782229416.8712566,,,
72,0,svm,max,balanced,cached_mxbai,1138,1782229416.9930494,,,
3720,0,svm,max,balanced,cached_mxbai,1139,1782229417.115936,,,
4684,0,svm,max,balanced,cached_mxbai,1140,1782229417.2381406,,,
6727,0,svm,max,balanced,cached_mxbai,1141,1782229417.359474,,,
1287,0,svm,max,balanced,cached_mxbai,1142,1782229417.479934,,,
3409,0,svm,max,balanced,cached_mxbai,1143,1782229417.6010914,,,
413,0,svm,max,balanced,cached_mxbai,1144,1782229417.7256982,,,
3586,0,svm,max,balanced,cached_mxbai,1145,1782229417.8504245,,,
2943,0,svm,max,balanced,cached_mxbai,1146,1782229417.9739738,,,
4514,0,svm,max,balanced,cached_mxbai,1147,1782229418.0957246,,,
7490,0,svm,max,balanced,cached_mxbai,1148,1782229418.2192924,,,
2216,0,svm,max,balanced,cached_mxbai,1149,1782229418.3455982,,,
6601,0,svm,max,balanced,cached_mxbai,1150,1782229418.4609525,,,
4442,0,svm,max,balanced,cached_mxbai,1151,1782229418.5774221,,,
131,0,svm,max,balanced,cached_mxbai,1152,1782229418.6974974,,,
3886,0,svm,max,balanced,cached_mxbai,1153,1782229418.8165817,,,
4895,0,svm,max,balanced,cached_mxbai,1154,1782229418.9323688,,,
10531,0,svm,max,balanced,cached_mxbai,1155,1782229419.049628,,,
1492,0,svm,max,balanced,cached_mxbai,1156,1782229419.1643708,,,
5112,0,svm,max,balanced,cached_mxbai,1157,1782229419.285287,,,
4602,0,svm,max,balanced,cached_mxbai,1158,1782229419.4047177,,,
591,0,svm,max,balanced,cached_mxbai,1159,1782229419.5258048,,,
6298,0,svm,max,balanced,cached_mxbai,1160,1782229419.6484282,,,
571,0,svm,max,balanced,cached_mxbai,1161,1782229419.7738316,,,
9382,0,svm,max,balanced,cached_mxbai,1162,1782229419.8935592,,,
6609,0,svm,max,balanced,cached_mxbai,1163,1782229420.0094056,,,
47,0,svm,max,balanced,cached_mxbai,1164,1782229420.1290042,,,
4961,0,svm,max,balanced,cached_mxbai,1165,1782229420.2482855,,,
3644,0,svm,max,balanced,cached_mxbai,1166,1782229420.3659344,,,
9240,0,svm,max,balanced,cached_mxbai,1167,1782229420.4847286,,,
7468,0,svm,max,balanced,cached_mxbai,1168,1782229420.6005895,,,
2770,0,svm,max,balanced,cached_mxbai,1169,1782229420.7197425,,,
421,0,svm,max,balanced,cached_mxbai,1170,1782229420.8392384,,,
7001,0,svm,max,balanced,cached_mxbai,1171,1782229420.954926,,,
9876,0,svm,max,balanced,cached_mxbai,1172,1782229421.07087,,,
5018,0,svm,max,balanced,cached_mxbai,1173,1782229421.1873906,,,
5063,0,svm,max,balanced,cached_mxbai,1174,1782229421.321675,,,
3423,0,svm,max,balanced,cached_mxbai,1175,1782229421.4369652,,,
3981,0,svm,max,balanced,cached_mxbai,1176,1782229421.5525877,,,
4481,0,svm,max,balanced,cached_mxbai,1177,1782229421.6681678,,,
3475,0,svm,max,balanced,cached_mxbai,1178,1782229421.7869542,,,
8473,0,svm,max,balanced,cached_mxbai,1179,1782229421.902928,,,
7771,0,svm,max,balanced,cached_mxbai,1180,1782229422.0178027,,,
4815,0,svm,max,balanced,cached_mxbai,1181,1782229422.1358237,,,
6458,0,svm,max,balanced,cached_mxbai,1182,1782229422.2542713,,,
3583,0,svm,max,balanced,cached_mxbai,1183,1782229422.370633,,,
7500,0,svm,max,balanced,cached_mxbai,1184,1782229422.4855824,,,
5235,0,svm,max,balanced,cached_mxbai,1185,1782229422.603897,,,
6643,1,svm,max,balanced,cached_mxbai,1186,1782229422.7217696,,,
6278,0,svm,max,balanced,cached_mxbai,1187,1782229422.8391914,,,
6644,1,svm,max,balanced,cached_mxbai,1188,1782229422.95472,,,
9128,1,svm,max,balanced,cached_mxbai,1189,1782229423.0706935,,,
8116,1,svm,max,balanced,cached_mxbai,1190,1782229423.1946282,,,
7102,0,svm,max,balanced,cached_mxbai,1191,1782229423.322507,,,
3098,0,svm,max,balanced,cached_mxbai,1192,1782229423.4457622,,,
5058,0,svm,max,balanced,cached_mxbai,1193,1782229423.5690882,,,
10230,0,svm,max,balanced,cached_mxbai,1194,1782229423.69862,,,
10390,0,svm,max,balanced,cached_mxbai,1195,1782229423.8293438,,,
4712,0,svm,max,balanced,cached_mxbai,1196,1782229423.9557118,,,
7464,0,svm,max,balanced,cached_mxbai,1197,1782229424.0809786,,,
8586,0,svm,max,balanced,cached_mxbai,1198,1782229424.2069535,,,
7910,0,svm,max,balanced,cached_mxbai,1199,1782229424.3337326,,,
4687,0,svm,max,balanced,cached_mxbai,1200,1782229424.4527566,,,
4936,0,svm,max,balanced,cached_mxbai,1201,1782229424.5696552,,,
2341,0,svm,max,balanced,cached_mxbai,1202,1782229424.6888847,,,
6838,0,svm,max,balanced,cached_mxbai,1203,1782229424.8123152,,,
4362,0,svm,max,balanced,cached_mxbai,1204,1782229424.9353037,,,
7996,0,svm,max,balanced,cached_mxbai,1205,1782229425.0589445,,,
4977,0,svm,max,balanced,cached_mxbai,1206,1782229425.1776328,,,
7087,0,svm,max,balanced,cached_mxbai,1207,1782229425.3199227,,,
6545,0,svm,max,balanced,cached_mxbai,1208,1782229425.4508874,,,
918,0,svm,max,balanced,cached_mxbai,1209,1782229425.5713375,,,
849,0,svm,max,balanced,cached_mxbai,1210,1782229425.690919,,,
4932,0,svm,max,balanced,cached_mxbai,1211,1782229425.8109992,,,
1694,0,svm,max,balanced,cached_mxbai,1212,1782229425.9316807,,,
10508,0,svm,max,balanced,cached_mxbai,1213,1782229426.0502577,,,
7088,0,svm,max,balanced,cached_mxbai,1214,1782229426.1690347,,,
7478,0,svm,max,balanced,cached_mxbai,1215,1782229426.287764,,,
9411,0,svm,max,balanced,cached_mxbai,1216,1782229426.40525,,,
5089,0,svm,max,balanced,cached_mxbai,1217,1782229426.5246167,,,
4736,0,svm,max,balanced,cached_mxbai,1218,1782229426.6424904,,,
7327,0,svm,max,balanced,cached_mxbai,1219,1782229426.7647007,,,
3669,0,svm,max,balanced,cached_mxbai,1220,1782229426.8859172,,,
4389,0,svm,max,balanced,cached_mxbai,1221,1782229427.0036972,,,
4839,0,svm,max,balanced,cached_mxbai,1222,1782229427.1235874,,,
5095,0,svm,max,balanced,cached_mxbai,1223,1782229427.2463832,,,
1724,0,svm,max,balanced,cached_mxbai,1224,1782229427.3689373,,,
26,0,svm,max,balanced,cached_mxbai,1225,1782229427.4945168,,,
859,0,svm,max,balanced,cached_mxbai,1226,1782229427.6214192,,,
7661,0,svm,max,balanced,cached_mxbai,1227,1782229427.747002,,,
8100,0,svm,max,balanced,cached_mxbai,1228,1782229427.8758674,,,
4790,0,svm,max,balanced,cached_mxbai,1229,1782229428.0042512,,,
7335,0,svm,max,balanced,cached_mxbai,1230,1782229428.1310399,,,
4403,0,svm,max,balanced,cached_mxbai,1231,1782229428.2590132,,,
8709,0,svm,max,balanced,cached_mxbai,1232,1782229428.3848138,,,
6432,0,svm,max,balanced,cached_mxbai,1233,1782229428.5102947,,,
4789,0,svm,max,balanced,cached_mxbai,1234,1782229428.638223,,,
4781,0,svm,max,balanced,cached_mxbai,1235,1782229428.7653005,,,
6602,0,svm,max,balanced,cached_mxbai,1236,1782229428.8930125,,,
4646,0,svm,max,balanced,cached_mxbai,1237,1782229429.0191114,,,
9664,0,svm,max,balanced,cached_mxbai,1238,1782229429.1453736,,,
4974,0,svm,max,balanced,cached_mxbai,1239,1782229429.2747426,,,
3588,0,svm,max,balanced,cached_mxbai,1240,1782229429.4036815,,,
7066,0,svm,max,balanced,cached_mxbai,1241,1782229429.5298247,,,
3115,0,svm,max,balanced,cached_mxbai,1242,1782229429.6559055,,,
3291,0,svm,max,balanced,cached_mxbai,1243,1782229429.7824357,,,
5022,0,svm,max,balanced,cached_mxbai,1244,1782229429.9116306,,,
7171,0,svm,max,balanced,cached_mxbai,1245,1782229430.0383682,,,
1445,1,svm,max,balanced,cached_mxbai,1246,1782229430.1657784,,,
3500,0,svm,max,balanced,cached_mxbai,1247,1782229430.2941613,,,
3486,0,svm,max,balanced,cached_mxbai,1248,1782229430.4204922,,,
1161,0,svm,max,balanced,cached_mxbai,1249,1782229430.5478604,,,
3519,0,svm,max,balanced,cached_mxbai,1250,1782229430.6760585,,,
2161,0,svm,max,balanced,cached_mxbai,1251,1782229430.8041966,,,
1536,0,svm,max,balanced,cached_mxbai,1252,1782229430.934056,,,
2352,0,svm,max,balanced,cached_mxbai,1253,1782229431.0613081,,,
9009,0,svm,max,balanced,cached_mxbai,1254,1782229431.1906393,,,
3756,0,svm,max,balanced,cached_mxbai,1255,1782229431.3211372,,,
5387,0,svm,max,balanced,cached_mxbai,1256,1782229431.4486713,,,
4811,0,svm,max,balanced,cached_mxbai,1257,1782229431.5769482,,,
387,0,svm,max,balanced,cached_mxbai,1258,1782229431.7059743,,,
4845,0,svm,max,balanced,cached_mxbai,1259,1782229431.8378744,,,
7259,0,svm,max,balanced,cached_mxbai,1260,1782229431.9654465,,,
1746,0,svm,max,balanced,cached_mxbai,1261,1782229432.094945,,,
3242,0,svm,max,balanced,cached_mxbai,1262,1782229432.2245314,,,
5001,0,svm,max,balanced,cached_mxbai,1263,1782229432.3539593,,,
3987,0,svm,max,balanced,cached_mxbai,1264,1782229432.4815543,,,
9912,0,svm,max,balanced,cached_mxbai,1265,1782229432.6111598,,,
5000,0,svm,max,balanced,cached_mxbai,1266,1782229432.7397745,,,
3957,0,svm,max,balanced,cached_mxbai,1267,1782229432.8696241,,,
2447,0,svm,max,balanced,cached_mxbai,1268,1782229433.0008807,,,
3431,0,svm,max,balanced,cached_mxbai,1269,1782229433.1292512,,,
8507,0,svm,max,balanced,cached_mxbai,1270,1782229433.2584906,,,
6907,0,svm,max,balanced,cached_mxbai,1271,1782229433.3882115,,,
6322,0,svm,max,balanced,cached_mxbai,1272,1782229433.5202768,,,
3984,0,svm,max,balanced,cached_mxbai,1273,1782229433.651294,,,
9180,0,svm,max,balanced,cached_mxbai,1274,1782229433.7810652,,,
8911,0,svm,max,balanced,cached_mxbai,1275,1782229433.914867,,,
1968,0,svm,max,balanced,cached_mxbai,1276,1782229434.0444176,,,
3345,0,svm,max,balanced,cached_mxbai,1277,1782229434.17339,,,
5221,0,svm,max,balanced,cached_mxbai,1278,1782229434.303526,,,
9209,0,svm,max,balanced,cached_mxbai,1279,1782229434.4326482,,,
4653,0,svm,max,balanced,cached_mxbai,1280,1782229434.5611277,,,
3564,0,svm,max,balanced,cached_mxbai,1281,1782229434.6962519,,,
6358,0,svm,max,balanced,cached_mxbai,1282,1782229434.8273485,,,
10399,0,svm,max,balanced,cached_mxbai,1283,1782229434.9575918,,,
6670,0,svm,max,balanced,cached_mxbai,1284,1782229435.0912726,,,
4818,0,svm,max,balanced,cached_mxbai,1285,1782229435.2259047,,,
6355,0,svm,max,balanced,cached_mxbai,1286,1782229435.3870938,,,
4892,0,svm,max,balanced,cached_mxbai,1287,1782229435.5169497,,,
6574,0,svm,max,balanced,cached_mxbai,1288,1782229435.6490111,,,
5992,0,svm,max,balanced,cached_mxbai,1289,1782229435.778252,,,
6137,0,svm,max,balanced,cached_mxbai,1290,1782229435.9113603,,,
3052,0,svm,max,balanced,cached_mxbai,1291,1782229436.041035,,,
5186,0,svm,max,balanced,cached_mxbai,1292,1782229436.169532,,,
4351,0,svm,max,balanced,cached_mxbai,1293,1782229436.3002768,,,
4928,0,svm,max,balanced,cached_mxbai,1294,1782229436.4282055,,,
8410,0,svm,max,balanced,cached_mxbai,1295,1782229436.5576046,,,
4231,0,svm,max,balanced,cached_mxbai,1296,1782229436.6866143,,,
4215,0,svm,max,balanced,cached_mxbai,1297,1782229436.8151548,,,
8848,0,svm,max,balanced,cached_mxbai,1298,1782229436.9465783,,,
4655,0,svm,max,balanced,cached_mxbai,1299,1782229437.0810087,,,
8544,0,svm,max,balanced,cached_mxbai,1300,1782229437.2158055,,,
7232,0,svm,max,balanced,cached_mxbai,1301,1782229437.347775,,,
7961,0,svm,max,balanced,cached_mxbai,1302,1782229437.478494,,,
9834,0,svm,max,balanced,cached_mxbai,1303,1782229437.60879,,,
3188,0,svm,max,balanced,cached_mxbai,1304,1782229437.7389457,,,
4198,0,svm,max,balanced,cached_mxbai,1305,1782229437.8704202,,,
4416,0,svm,max,balanced,cached_mxbai,1306,1782229438.002449,,,
1156,0,svm,max,balanced,cached_mxbai,1307,1782229438.1339545,,,
9108,0,svm,max,balanced,cached_mxbai,1308,1782229438.268356,,,
9083,0,svm,max,balanced,cached_mxbai,1309,1782229438.4009893,,,
4926,0,svm,max,balanced,cached_mxbai,1310,1782229438.5321271,,,
9272,0,svm,max,balanced,cached_mxbai,1311,1782229438.6639612,,,
4011,0,svm,max,balanced,cached_mxbai,1312,1782229438.796889,,,
4291,0,svm,max,balanced,cached_mxbai,1313,1782229438.931435,,,
6482,0,svm,max,balanced,cached_mxbai,1314,1782229439.0636237,,,
3033,0,svm,max,balanced,cached_mxbai,1315,1782229439.193752,,,
7169,0,svm,max,balanced,cached_mxbai,1316,1782229439.3263185,,,
4575,0,svm,max,balanced,cached_mxbai,1317,1782229439.4578333,,,
9797,0,svm,max,balanced,cached_mxbai,1318,1782229439.587795,,,
9290,0,svm,max,balanced,cached_mxbai,1319,1782229439.7178876,,,
6945,0,svm,max,balanced,cached_mxbai,1320,1782229439.8507907,,,
3350,0,svm,max,balanced,cached_mxbai,1321,1782229439.9837542,,,
4417,0,svm,max,balanced,cached_mxbai,1322,1782229440.1161005,,,
3693,0,svm,max,balanced,cached_mxbai,1323,1782229440.2467284,,,
8560,0,svm,max,balanced,cached_mxbai,1324,1782229440.3816304,,,
7527,0,svm,max,balanced,cached_mxbai,1325,1782229440.51192,,,
4772,0,svm,max,balanced,cached_mxbai,1326,1782229440.6419163,,,
3952,0,svm,max,balanced,cached_mxbai,1327,1782229440.771759,,,
3605,0,svm,max,balanced,cached_mxbai,1328,1782229440.9051733,,,
4958,0,svm,max,balanced,cached_mxbai,1329,1782229441.0376287,,,
10058,0,svm,max,balanced,cached_mxbai,1330,1782229441.1687124,,,
1852,0,svm,max,balanced,cached_mxbai,1331,1782229441.3028507,,,
4419,0,svm,max,balanced,cached_mxbai,1332,1782229441.434031,,,
9604,0,svm,max,balanced,cached_mxbai,1333,1782229441.5666492,,,
7744,0,svm,max,balanced,cached_mxbai,1334,1782229441.699299,,,
2235,0,svm,max,balanced,cached_mxbai,1335,1782229441.8359082,,,
9449,0,svm,max,balanced,cached_mxbai,1336,1782229441.9740818,,,
5161,0,svm,max,balanced,cached_mxbai,1337,1782229442.1135414,,,
7079,0,svm,max,balanced,cached_mxbai,1338,1782229442.2487383,,,
8050,0,svm,max,balanced,cached_mxbai,1339,1782229442.3846304,,,
4846,0,svm,max,balanced,cached_mxbai,1340,1782229442.51821,,,
8282,0,svm,max,balanced,cached_mxbai,1341,1782229442.6529377,,,
3061,0,svm,max,balanced,cached_mxbai,1342,1782229442.7860909,,,
4537,0,svm,max,balanced,cached_mxbai,1343,1782229442.9207299,,,
7691,0,svm,max,balanced,cached_mxbai,1344,1782229443.0561697,,,
5575,0,svm,max,balanced,cached_mxbai,1345,1782229443.1893227,,,
4012,0,svm,max,balanced,cached_mxbai,1346,1782229443.3423088,,,
7632,0,svm,max,balanced,cached_mxbai,1347,1782229443.4909613,,,
10326,0,svm,max,balanced,cached_mxbai,1348,1782229443.6400008,,,
9160,0,svm,max,balanced,cached_mxbai,1349,1782229443.7728198,,,
6748,0,svm,max,balanced,cached_mxbai,1350,1782229443.9242532,,,
4865,0,svm,max,balanced,cached_mxbai,1351,1782229444.0758023,,,
10060,0,svm,max,balanced,cached_mxbai,1352,1782229444.2321904,,,
4469,0,svm,max,balanced,cached_mxbai,1353,1782229444.3681645,,,
5511,0,svm,max,balanced,cached_mxbai,1354,1782229444.5007358,,,
8812,0,svm,max,balanced,cached_mxbai,1355,1782229444.6494496,,,
4098,0,svm,max,balanced,cached_mxbai,1356,1782229444.797283,,,
570,0,svm,max,balanced,cached_mxbai,1357,1782229444.93213,,,
4700,0,svm,max,balanced,cached_mxbai,1358,1782229445.074205,,,
3282,0,svm,max,balanced,cached_mxbai,1359,1782229445.209212,,,
6005,0,svm,max,balanced,cached_mxbai,1360,1782229445.3777897,,,
7149,0,svm,max,balanced,cached_mxbai,1361,1782229445.5105522,,,
4331,0,svm,max,balanced,cached_mxbai,1362,1782229445.644612,,,
1262,0,svm,max,balanced,cached_mxbai,1363,1782229445.7777233,,,
4893,0,svm,max,balanced,cached_mxbai,1364,1782229445.9137118,,,
5552,0,svm,max,balanced,cached_mxbai,1365,1782229446.0548995,,,
3440,0,svm,max,balanced,cached_mxbai,1366,1782229446.1905303,,,
4111,0,svm,max,balanced,cached_mxbai,1367,1782229446.3281279,,,
4148,0,svm,max,balanced,cached_mxbai,1368,1782229446.463403,,,
5902,0,svm,max,balanced,cached_mxbai,1369,1782229446.5971725,,,
2066,0,svm,max,balanced,cached_mxbai,1370,1782229446.7324016,,,
759,0,svm,max,balanced,cached_mxbai,1371,1782229446.8671129,,,
6285,0,svm,max,balanced,cached_mxbai,1372,1782229447.0111005,,,
5939,0,svm,max,balanced,cached_mxbai,1373,1782229447.1454692,,,
5014,0,svm,max,balanced,cached_mxbai,1374,1782229447.2797642,,,
5108,0,svm,max,balanced,cached_mxbai,1375,1782229447.4139037,,,
4733,0,svm,max,balanced,cached_mxbai,1376,1782229447.547268,,,
7265,0,svm,max,balanced,cached_mxbai,1377,1782229447.6820278,,,
5212,0,svm,max,balanced,cached_mxbai,1378,1782229447.8196335,,,
9897,0,svm,max,balanced,cached_mxbai,1379,1782229447.9586825,,,
4804,0,svm,max,balanced,cached_mxbai,1380,1782229448.0983973,,,
9773,0,svm,max,balanced,cached_mxbai,1381,1782229448.2329469,,,
4319,0,svm,max,balanced,cached_mxbai,1382,1782229448.369715,,,
1078,0,svm,max,balanced,cached_mxbai,1383,1782229448.5062082,,,
2965,0,svm,max,balanced,cached_mxbai,1384,1782229448.6411643,,,
3434,0,svm,max,balanced,cached_mxbai,1385,1782229448.7807448,,,
4530,0,svm,max,balanced,cached_mxbai,1386,1782229448.9216332,,,
9623,0,svm,max,balanced,cached_mxbai,1387,1782229449.065737,,,
5245,0,svm,max,balanced,cached_mxbai,1388,1782229449.203532,,,
4882,0,svm,max,balanced,cached_mxbai,1389,1782229449.340539,,,
3146,0,svm,max,balanced,cached_mxbai,1390,1782229449.4779515,,,
4853,0,svm,max,balanced,cached_mxbai,1391,1782229449.6150107,,,
8679,0,svm,max,balanced,cached_mxbai,1392,1782229449.75162,,,
8497,0,svm,max,balanced,cached_mxbai,1393,1782229449.88858,,,
4411,0,svm,max,balanced,cached_mxbai,1394,1782229450.0285618,,,
9171,0,svm,max,balanced,cached_mxbai,1395,1782229450.1670036,,,
2254,0,svm,max,balanced,cached_mxbai,1396,1782229450.3056462,,,
9582,0,svm,max,balanced,cached_mxbai,1397,1782229450.4412556,,,
5643,0,svm,max,balanced,cached_mxbai,1398,1782229450.5791276,,,
4553,0,svm,max,balanced,cached_mxbai,1399,1782229450.716498,,,
3236,0,svm,max,balanced,cached_mxbai,1400,1782229450.8538713,,,
10551,0,svm,max,balanced,cached_mxbai,1401,1782229450.9928262,,,
4668,0,svm,max,balanced,cached_mxbai,1402,1782229451.1306865,,,
6771,0,svm,max,balanced,cached_mxbai,1403,1782229451.2680361,,,
2831,0,svm,max,balanced,cached_mxbai,1404,1782229451.4056334,,,
9176,0,svm,max,balanced,cached_mxbai,1405,1782229451.5437427,,,
10088,0,svm,max,balanced,cached_mxbai,1406,1782229451.6819842,,,
5839,1,svm,max,balanced,cached_mxbai,1407,1782229451.8220067,,,
7743,0,svm,max,balanced,cached_mxbai,1408,1782229451.9610517,,,
3634,0,svm,max,balanced,cached_mxbai,1409,1782229452.1009743,,,
7712,0,svm,max,balanced,cached_mxbai,1410,1782229452.240514,,,
5024,0,svm,max,balanced,cached_mxbai,1411,1782229452.3826728,,,
4261,0,svm,max,balanced,cached_mxbai,1412,1782229452.5217435,,,
5956,0,svm,max,balanced,cached_mxbai,1413,1782229452.6630359,,,
4799,0,svm,max,balanced,cached_mxbai,1414,1782229452.8025818,,,
3506,0,svm,max,balanced,cached_mxbai,1415,1782229452.942397,,,
8889,0,svm,max,balanced,cached_mxbai,1416,1782229453.083053,,,
4652,0,svm,max,balanced,cached_mxbai,1417,1782229453.2225914,,,
8038,0,svm,max,balanced,cached_mxbai,1418,1782229453.3652358,,,
4632,0,svm,max,balanced,cached_mxbai,1419,1782229453.5065887,,,
273,0,svm,max,balanced,cached_mxbai,1420,1782229453.645196,,,
2039,0,svm,max,balanced,cached_mxbai,1421,1782229453.7843769,,,
3044,0,svm,max,balanced,cached_mxbai,1422,1782229453.92476,,,
3507,0,svm,max,balanced,cached_mxbai,1423,1782229454.0675805,,,
1234,0,svm,max,balanced,cached_mxbai,1424,1782229454.2102041,,,
5106,0,svm,max,balanced,cached_mxbai,1425,1782229454.3512115,,,
4970,0,svm,max,balanced,cached_mxbai,1426,1782229454.4907787,,,
4664,0,svm,max,balanced,cached_mxbai,1427,1782229454.6304064,,,
7728,0,svm,max,balanced,cached_mxbai,1428,1782229454.770515,,,
3763,0,svm,max,balanced,cached_mxbai,1429,1782229454.9120173,,,
5036,0,svm,max,balanced,cached_mxbai,1430,1782229455.0589912,,,
5086,0,svm,max,balanced,cached_mxbai,1431,1782229455.2014797,,,
4106,0,svm,max,balanced,cached_mxbai,1432,1782229455.3785706,,,
8547,0,svm,max,balanced,cached_mxbai,1433,1782229455.5168912,,,
3988,0,svm,max,balanced,cached_mxbai,1434,1782229455.6587918,,,
4629,0,svm,max,balanced,cached_mxbai,1435,1782229455.7971556,,,
6162,0,svm,max,balanced,cached_mxbai,1436,1782229455.9393017,,,
4142,0,svm,max,balanced,cached_mxbai,1437,1782229456.084682,,,
4463,0,svm,max,balanced,cached_mxbai,1438,1782229456.2254424,,,
3024,0,svm,max,balanced,cached_mxbai,1439,1782229456.3651168,,,
1646,0,svm,max,balanced,cached_mxbai,1440,1782229456.5042732,,,
4615,0,svm,max,balanced,cached_mxbai,1441,1782229456.6446724,,,
5159,0,svm,max,balanced,cached_mxbai,1442,1782229456.7841444,,,
9864,0,svm,max,balanced,cached_mxbai,1443,1782229456.9252644,,,
8228,0,svm,max,balanced,cached_mxbai,1444,1782229457.0720422,,,
6569,0,svm,max,balanced,cached_mxbai,1445,1782229457.2149901,,,
4708,0,svm,max,balanced,cached_mxbai,1446,1782229457.3550122,,,
10492,0,svm,max,balanced,cached_mxbai,1447,1782229457.4960232,,,
8928,0,svm,max,balanced,cached_mxbai,1448,1782229457.6551528,,,
8918,0,svm,max,balanced,cached_mxbai,1449,1782229457.7970133,,,
4966,0,svm,max,balanced,cached_mxbai,1450,1782229457.9391055,,,
4991,0,svm,max,balanced,cached_mxbai,1451,1782229458.0847678,,,
3805,0,svm,max,balanced,cached_mxbai,1452,1782229458.2262547,,,
5153,0,svm,max,balanced,cached_mxbai,1453,1782229458.3678708,,,
1613,0,svm,max,balanced,cached_mxbai,1454,1782229458.5076787,,,
4045,0,svm,max,balanced,cached_mxbai,1455,1782229458.648167,,,
2583,0,svm,max,balanced,cached_mxbai,1456,1782229458.787938,,,
692,0,svm,max,balanced,cached_mxbai,1457,1782229458.9284809,,,
8759,0,svm,max,balanced,cached_mxbai,1458,1782229459.0765026,,,
4489,0,svm,max,balanced,cached_mxbai,1459,1782229459.2205348,,,
4336,0,svm,max,balanced,cached_mxbai,1460,1782229459.3631973,,,
6461,0,svm,max,balanced,cached_mxbai,1461,1782229459.5041451,,,
6196,0,svm,max,balanced,cached_mxbai,1462,1782229459.6454594,,,
5487,0,svm,max,balanced,cached_mxbai,1463,1782229459.7867227,,,
10065,0,svm,max,balanced,cached_mxbai,1464,1782229459.927273,,,
5010,0,svm,max,balanced,cached_mxbai,1465,1782229460.0690923,,,
9410,0,svm,max,balanced,cached_mxbai,1466,1782229460.20946,,,
3905,0,svm,max,balanced,cached_mxbai,1467,1782229460.3544922,,,
5672,0,svm,max,balanced,cached_mxbai,1468,1782229460.500803,,,
4600,0,svm,max,balanced,cached_mxbai,1469,1782229460.6466146,,,
9371,0,svm,max,balanced,cached_mxbai,1470,1782229460.7922964,,,
6338,0,svm,max,balanced,cached_mxbai,1471,1782229460.937663,,,
10239,0,svm,max,balanced,cached_mxbai,1472,1782229461.087209,,,
4654,0,svm,max,balanced,cached_mxbai,1473,1782229461.2345505,,,
4975,0,svm,max,balanced,cached_mxbai,1474,1782229461.3790984,,,
7897,0,svm,max,balanced,cached_mxbai,1475,1782229461.5248528,,,
4676,0,svm,max,balanced,cached_mxbai,1476,1782229461.6691222,,,
3130,0,svm,max,balanced,cached_mxbai,1477,1782229461.8156016,,,
4284,0,svm,max,balanced,cached_mxbai,1478,1782229461.9629889,,,
796,0,svm,max,balanced,cached_mxbai,1479,1782229462.110625,,,
10242,0,svm,max,balanced,cached_mxbai,1480,1782229462.2558568,,,
4764,0,svm,max,balanced,cached_mxbai,1481,1782229462.4015806,,,
3640,0,svm,max,balanced,cached_mxbai,1482,1782229462.5451229,,,
4539,0,svm,max,balanced,cached_mxbai,1483,1782229462.706548,,,
9098,0,svm,max,balanced,cached_mxbai,1484,1782229462.866781,,,
8885,0,svm,max,balanced,cached_mxbai,1485,1782229463.0280454,,,
8463,0,svm,max,balanced,cached_mxbai,1486,1782229463.1910496,,,
5984,0,svm,max,balanced,cached_mxbai,1487,1782229463.354431,,,
3562,0,svm,max,balanced,cached_mxbai,1488,1782229463.498697,,,
1222,0,svm,max,balanced,cached_mxbai,1489,1782229463.643293,,,
4562,0,svm,max,balanced,cached_mxbai,1490,1782229463.786949,,,
9798,0,svm,max,balanced,cached_mxbai,1491,1782229463.9293742,,,
4863,0,svm,max,balanced,cached_mxbai,1492,1782229464.0721455,,,
3932,0,svm,max,balanced,cached_mxbai,1493,1782229464.2168062,,,
7477,0,svm,max,balanced,cached_mxbai,1494,1782229464.3608913,,,
6975,0,svm,max,balanced,cached_mxbai,1495,1782229464.5044217,,,
8046,0,svm,max,balanced,cached_mxbai,1496,1782229464.645569,,,
4014,0,svm,max,balanced,cached_mxbai,1497,1782229464.7873728,,,
6671,0,svm,max,balanced,cached_mxbai,1498,1782229464.9297965,,,
10451,0,svm,max,balanced,cached_mxbai,1499,1782229465.0881402,,,
4996,0,svm,max,balanced,cached_mxbai,1500,1782229465.239653,,,
8123,0,svm,max,balanced,cached_mxbai,1501,1782229465.404029,,,
8797,0,svm,max,balanced,cached_mxbai,1502,1782229465.5472527,,,
3991,0,svm,max,balanced,cached_mxbai,1503,1782229465.6911318,,,
4488,0,svm,max,balanced,cached_mxbai,1504,1782229465.8342502,,,
8158,0,svm,max,balanced,cached_mxbai,1505,1782229465.9765778,,,
4410,0,svm,max,balanced,cached_mxbai,1506,1782229466.1229036,,,
3938,0,svm,max,balanced,cached_mxbai,1507,1782229466.272546,,,
2873,0,svm,max,balanced,cached_mxbai,1508,1782229466.4215434,,,
113,0,svm,max,balanced,cached_mxbai,1509,1782229466.5688992,,,
6319,0,svm,max,balanced,cached_mxbai,1510,1782229466.716505,,,
4982,0,svm,max,balanced,cached_mxbai,1511,1782229466.865994,,,
4490,0,svm,max,balanced,cached_mxbai,1512,1782229467.0126681,,,
8828,0,svm,max,balanced,cached_mxbai,1513,1782229467.1603112,,,
3629,0,svm,max,balanced,cached_mxbai,1514,1782229467.3212624,,,
10081,0,svm,max,balanced,cached_mxbai,1515,1782229467.481428,,,
5220,0,svm,max,balanced,cached_mxbai,1516,1782229467.6397538,,,
1912,0,svm,max,balanced,cached_mxbai,1517,1782229467.7984107,,,
4322,0,svm,max,balanced,cached_mxbai,1518,1782229467.9570363,,,
4207,0,svm,max,balanced,cached_mxbai,1519,1782229468.1164489,,,
7714,0,svm,max,balanced,cached_mxbai,1520,1782229468.2783098,,,
10545,0,svm,max,balanced,cached_mxbai,1521,1782229468.4407036,,,
10133,0,svm,max,balanced,cached_mxbai,1522,1782229468.6002443,,,
7873,0,svm,max,balanced,cached_mxbai,1523,1782229468.760111,,,
6122,0,svm,max,balanced,cached_mxbai,1524,1782229468.9180975,,,
4827,0,svm,max,balanced,cached_mxbai,1525,1782229469.0776277,,,
3460,0,svm,max,balanced,cached_mxbai,1526,1782229469.2401175,,,
4725,0,svm,max,balanced,cached_mxbai,1527,1782229469.40358,,,
160,0,svm,max,balanced,cached_mxbai,1528,1782229469.5633817,,,
9137,0,svm,max,balanced,cached_mxbai,1529,1782229469.7239337,,,
1476,0,svm,max,balanced,cached_mxbai,1530,1782229469.884853,,,
3844,0,svm,max,balanced,cached_mxbai,1531,1782229470.043783,,,
7933,0,svm,max,balanced,cached_mxbai,1532,1782229470.2060397,,,
9947,0,svm,max,balanced,cached_mxbai,1533,1782229470.3665526,,,
3752,0,svm,max,balanced,cached_mxbai,1534,1782229470.527815,,,
4454,0,svm,max,balanced,cached_mxbai,1535,1782229470.688607,,,
5138,0,svm,max,balanced,cached_mxbai,1536,1782229470.849427,,,
8580,0,svm,max,balanced,cached_mxbai,1537,1782229471.0099072,,,
4634,0,svm,max,balanced,cached_mxbai,1538,1782229471.1715868,,,
8272,0,svm,max,balanced,cached_mxbai,1539,1782229471.3322308,,,
7879,0,svm,max,balanced,cached_mxbai,1540,1782229471.4925218,,,
8355,0,svm,max,balanced,cached_mxbai,1541,1782229471.6565673,,,
4675,0,svm,max,balanced,cached_mxbai,1542,1782229471.818631,,,
3399,0,svm,max,balanced,cached_mxbai,1543,1782229471.981881,,,
5110,0,svm,max,balanced,cached_mxbai,1544,1782229472.1458578,,,
8629,0,svm,max,balanced,cached_mxbai,1545,1782229472.3060477,,,
6949,0,svm,max,balanced,cached_mxbai,1546,1782229472.465129,,,
4372,0,svm,max,balanced,cached_mxbai,1547,1782229472.6281111,,,
7231,0,svm,max,balanced,cached_mxbai,1548,1782229472.7876415,,,
5396,0,svm,max,balanced,cached_mxbai,1549,1782229472.948529,,,
5496,0,svm,max,balanced,cached_mxbai,1550,1782229473.1095607,,,
5969,0,svm,max,balanced,cached_mxbai,1551,1782229473.2734532,,,
3656,0,svm,max,balanced,cached_mxbai,1552,1782229473.4341779,,,
4486,0,svm,max,balanced,cached_mxbai,1553,1782229473.6029491,,,
2562,0,svm,max,balanced,cached_mxbai,1554,1782229473.7678561,,,
4957,0,svm,max,balanced,cached_mxbai,1555,1782229473.9374137,,,
5223,0,svm,max,balanced,cached_mxbai,1556,1782229474.1066425,,,
3801,0,svm,max,balanced,cached_mxbai,1557,1782229474.2797656,,,
4021,0,svm,max,balanced,cached_mxbai,1558,1782229474.4429197,,,
2433,0,svm,max,balanced,cached_mxbai,1559,1782229474.6132908,,,
4397,0,svm,max,balanced,cached_mxbai,1560,1782229474.7839699,,,
3783,0,svm,max,balanced,cached_mxbai,1561,1782229474.9587338,,,
57,0,svm,max,balanced,cached_mxbai,1562,1782229475.1561494,,,
4968,0,svm,max,balanced,cached_mxbai,1563,1782229475.3701773,,,
709,0,svm,max,balanced,cached_mxbai,1564,1782229475.558378,,,
6235,0,svm,max,balanced,cached_mxbai,1565,1782229475.7448478,,,
173,0,svm,max,balanced,cached_mxbai,1566,1782229475.9359777,,,
9219,0,svm,max,balanced,cached_mxbai,1567,1782229476.1101632,,,
4826,0,svm,max,balanced,cached_mxbai,1568,1782229476.2810853,,,
9442,0,svm,max,balanced,cached_mxbai,1569,1782229476.4505837,,,
5325,0,svm,max,balanced,cached_mxbai,1570,1782229476.6195393,,,
5198,0,svm,max,balanced,cached_mxbai,1571,1782229476.7884946,,,
1261,0,svm,max,balanced,cached_mxbai,1572,1782229476.9588096,,,
6138,0,svm,max,balanced,cached_mxbai,1573,1782229477.140466,,,
4501,0,svm,max,balanced,cached_mxbai,1574,1782229477.3213022,,,
3654,0,svm,max,balanced,cached_mxbai,1575,1782229477.4919195,,,
8303,0,svm,max,balanced,cached_mxbai,1576,1782229477.6630335,,,
5608,0,svm,max,balanced,cached_mxbai,1577,1782229477.8362324,,,
2541,0,svm,max,balanced,cached_mxbai,1578,1782229478.003917,,,
5805,0,svm,max,balanced,cached_mxbai,1579,1782229478.172321,,,
6151,0,svm,max,balanced,cached_mxbai,1580,1782229478.3429248,,,
3385,0,svm,max,balanced,cached_mxbai,1581,1782229478.511105,,,
4622,0,svm,max,balanced,cached_mxbai,1582,1782229478.6782598,,,
8004,0,svm,max,balanced,cached_mxbai,1583,1782229478.8461766,,,
9878,0,svm,max,balanced,cached_mxbai,1584,1782229479.0129893,,,
4138,0,svm,max,balanced,cached_mxbai,1585,1782229479.1795952,,,
4699,0,svm,max,balanced,cached_mxbai,1586,1782229479.3483245,,,
4241,0,svm,max,balanced,cached_mxbai,1587,1782229479.517601,,,
9547,0,svm,max,balanced,cached_mxbai,1588,1782229479.6857235,,,
9433,0,svm,max,balanced,cached_mxbai,1589,1782229479.854156,,,
4278,0,svm,max,balanced,cached_mxbai,1590,1782229480.024388,,,
1039,0,svm,max,balanced,cached_mxbai,1591,1782229480.1916556,,,
6270,0,svm,max,balanced,cached_mxbai,1592,1782229480.3591425,,,
3109,0,svm,max,balanced,cached_mxbai,1593,1782229480.5260441,,,
4757,0,svm,max,balanced,cached_mxbai,1594,1782229480.6929042,,,
8660,0,svm,max,balanced,cached_mxbai,1595,1782229480.8599098,,,
10206,0,svm,max,balanced,cached_mxbai,1596,1782229481.0277684,,,
3556,0,svm,max,balanced,cached_mxbai,1597,1782229481.1948779,,,
1031,0,svm,max,balanced,cached_mxbai,1598,1782229481.3634105,,,
4498,0,svm,max,balanced,cached_mxbai,1599,1782229481.531006,,,
1321,0,svm,max,balanced,cached_mxbai,1600,1782229481.6979165,,,
4693,0,svm,max,balanced,cached_mxbai,1601,1782229481.8652892,,,
3165,0,svm,max,balanced,cached_mxbai,1602,1782229482.0322042,,,
4497,0,svm,max,balanced,cached_mxbai,1603,1782229482.199994,,,
7768,0,svm,max,balanced,cached_mxbai,1604,1782229482.3702805,,,
4763,0,svm,max,balanced,cached_mxbai,1605,1782229482.5391884,,,
5128,0,svm,max,balanced,cached_mxbai,1606,1782229482.7079415,,,
3609,0,svm,max,balanced,cached_mxbai,1607,1782229482.876105,,,
8847,0,svm,max,balanced,cached_mxbai,1608,1782229483.0461814,,,
4773,0,svm,max,balanced,cached_mxbai,1609,1782229483.2154286,,,
9911,0,svm,max,balanced,cached_mxbai,1610,1782229483.3853245,,,
10521,0,svm,max,balanced,cached_mxbai,1611,1782229483.5414057,,,
3689,0,svm,max,balanced,cached_mxbai,1612,1782229483.6954725,,,
2782,0,svm,max,balanced,cached_mxbai,1613,1782229483.849681,,,
1855,0,svm,max,balanced,cached_mxbai,1614,1782229484.0046735,,,
6056,0,svm,max,balanced,cached_mxbai,1615,1782229484.1586866,,,
4847,0,svm,max,balanced,cached_mxbai,1616,1782229484.3142314,,,
9496,0,svm,max,balanced,cached_mxbai,1617,1782229484.4689305,,,
4483,0,svm,max,balanced,cached_mxbai,1618,1782229484.6237311,,,
5621,0,svm,max,balanced,cached_mxbai,1619,1782229484.7789795,,,
3083,0,svm,max,balanced,cached_mxbai,1620,1782229484.9360144,,,
443,0,svm,max,balanced,cached_mxbai,1621,1782229485.0942726,,,
3554,0,svm,max,balanced,cached_mxbai,1622,1782229485.2605042,,,
4246,0,svm,max,balanced,cached_mxbai,1623,1782229485.4294066,,,
5823,0,svm,max,balanced,cached_mxbai,1624,1782229485.5868275,,,
9624,0,svm,max,balanced,cached_mxbai,1625,1782229485.7488136,,,
4392,0,svm,max,balanced,cached_mxbai,1626,1782229485.9069939,,,
1278,0,svm,max,balanced,cached_mxbai,1627,1782229486.0637,,,
3788,0,svm,max,balanced,cached_mxbai,1628,1782229486.2234128,,,
1796,0,svm,max,balanced,cached_mxbai,1629,1782229486.379445,,,
5155,0,svm,max,balanced,cached_mxbai,1630,1782229486.5356817,,,
5292,0,svm,max,balanced,cached_mxbai,1631,1782229486.693792,,,
4750,0,svm,max,balanced,cached_mxbai,1632,1782229486.8518581,,,
4069,0,svm,max,balanced,cached_mxbai,1633,1782229487.0085886,,,
1241,0,svm,max,balanced,cached_mxbai,1634,1782229487.1656523,,,
4091,0,svm,max,balanced,cached_mxbai,1635,1782229487.322585,,,
4896,0,svm,max,balanced,cached_mxbai,1636,1782229487.479616,,,
9115,0,svm,max,balanced,cached_mxbai,1637,1782229487.6358647,,,
5226,0,svm,max,balanced,cached_mxbai,1638,1782229487.7936199,,,
8404,0,svm,max,balanced,cached_mxbai,1639,1782229487.950644,,,
6003,0,svm,max,balanced,cached_mxbai,1640,1782229488.1071634,,,
3840,0,svm,max,balanced,cached_mxbai,1641,1782229488.264491,,,
3909,0,svm,max,balanced,cached_mxbai,1642,1782229488.4285383,,,
5066,0,svm,max,balanced,cached_mxbai,1643,1782229488.593269,,,
1416,0,svm,max,balanced,cached_mxbai,1644,1782229488.7583885,,,
6815,0,svm,max,balanced,cached_mxbai,1645,1782229488.919538,,,
1498,0,svm,max,balanced,cached_mxbai,1646,1782229489.0779817,,,
8301,0,svm,max,balanced,cached_mxbai,1647,1782229489.2373648,,,
5952,0,svm,max,balanced,cached_mxbai,1648,1782229489.3977072,,,
4517,0,svm,max,balanced,cached_mxbai,1649,1782229489.5560868,,,
2187,0,svm,max,balanced,cached_mxbai,1650,1782229489.7159219,,,
8479,0,svm,max,balanced,cached_mxbai,1651,1782229489.8737795,,,
5100,0,svm,max,balanced,cached_mxbai,1652,1782229490.0311725,,,
4323,0,svm,max,balanced,cached_mxbai,1653,1782229490.1883268,,,
6069,0,svm,max,balanced,cached_mxbai,1654,1782229490.3470306,,,
10108,0,svm,max,balanced,cached_mxbai,1655,1782229490.5048015,,,
178,0,svm,max,balanced,cached_mxbai,1656,1782229490.662151,,,
7706,0,svm,max,balanced,cached_mxbai,1657,1782229490.8207874,,,
6585,0,svm,max,balanced,cached_mxbai,1658,1782229490.9786801,,,
604,0,svm,max,balanced,cached_mxbai,1659,1782229491.1371334,,,
2856,0,svm,max,balanced,cached_mxbai,1660,1782229491.2944546,,,
4257,0,svm,max,balanced,cached_mxbai,1661,1782229491.452416,,,
4571,0,svm,max,balanced,cached_mxbai,1662,1782229491.6113298,,,
4245,0,svm,max,balanced,cached_mxbai,1663,1782229491.7701912,,,
8907,0,svm,max,balanced,cached_mxbai,1664,1782229491.929149,,,
3183,0,svm,max,balanced,cached_mxbai,1665,1782229492.0865562,,,
8694,0,svm,max,balanced,cached_mxbai,1666,1782229492.2443016,,,
8218,0,svm,max,balanced,cached_mxbai,1667,1782229492.4031956,,,
8658,0,svm,max,balanced,cached_mxbai,1668,1782229492.5631456,,,
981,0,svm,max,balanced,cached_mxbai,1669,1782229492.7205746,,,
6537,0,svm,max,balanced,cached_mxbai,1670,1782229492.8801033,,,
4521,0,svm,max,balanced,cached_mxbai,1671,1782229493.039211,,,
6548,0,svm,max,balanced,cached_mxbai,1672,1782229493.1977115,,,
8636,0,svm,max,balanced,cached_mxbai,1673,1782229493.3576994,,,
6324,0,svm,max,balanced,cached_mxbai,1674,1782229493.5187616,,,
10153,0,svm,max,balanced,cached_mxbai,1675,1782229493.6776416,,,
4438,0,svm,max,balanced,cached_mxbai,1676,1782229493.8368783,,,
9948,0,svm,max,balanced,cached_mxbai,1677,1782229493.9946406,,,
4766,0,svm,max,balanced,cached_mxbai,1678,1782229494.153184,,,
4122,0,svm,max,balanced,cached_mxbai,1679,1782229494.3121026,,,
7959,0,svm,max,balanced,cached_mxbai,1680,1782229494.4745648,,,
3552,0,svm,max,balanced,cached_mxbai,1681,1782229494.636469,,,
4219,0,svm,max,balanced,cached_mxbai,1682,1782229494.7990198,,,
9714,0,svm,max,balanced,cached_mxbai,1683,1782229494.9606392,,,
7355,0,svm,max,balanced,cached_mxbai,1684,1782229495.1290734,,,
4400,0,svm,max,balanced,cached_mxbai,1685,1782229495.3137808,,,
5781,0,svm,max,balanced,cached_mxbai,1686,1782229495.477192,,,
7871,0,svm,max,balanced,cached_mxbai,1687,1782229495.6382563,,,
4090,0,svm,max,balanced,cached_mxbai,1688,1782229495.8021054,,,
4601,0,svm,max,balanced,cached_mxbai,1689,1782229495.9879673,,,
4295,0,svm,max,balanced,cached_mxbai,1690,1782229496.1462362,,,
769,0,svm,max,balanced,cached_mxbai,1691,1782229496.304139,,,
5777,0,svm,max,balanced,cached_mxbai,1692,1782229496.465884,,,
639,0,svm,max,balanced,cached_mxbai,1693,1782229496.6381893,,,
4606,0,svm,max,balanced,cached_mxbai,1694,1782229496.7971823,,,
3832,0,svm,max,balanced,cached_mxbai,1695,1782229496.9550922,,,
4305,0,svm,max,balanced,cached_mxbai,1696,1782229497.1350353,,,
6328,0,svm,max,balanced,cached_mxbai,1697,1782229497.294614,,,
4851,0,svm,max,balanced,cached_mxbai,1698,1782229497.455812,,,
3293,0,svm,max,balanced,cached_mxbai,1699,1782229497.6158006,,,
7546,0,svm,max,balanced,cached_mxbai,1700,1782229497.7745874,,,
3428,0,svm,max,balanced,cached_mxbai,1701,1782229497.9462733,,,
3404,0,svm,max,balanced,cached_mxbai,1702,1782229498.1057186,,,
594,0,svm,max,balanced,cached_mxbai,1703,1782229498.2656372,,,
4749,0,svm,max,balanced,cached_mxbai,1704,1782229498.4394975,,,
817,0,svm,max,balanced,cached_mxbai,1705,1782229498.6123736,,,
9031,0,svm,max,balanced,cached_mxbai,1706,1782229498.7719243,,,
3446,0,svm,max,balanced,cached_mxbai,1707,1782229498.9443717,,,
4502,0,svm,max,balanced,cached_mxbai,1708,1782229499.1177661,,,
10271,0,svm,max,balanced,cached_mxbai,1709,1782229499.2781081,,,
2781,0,svm,max,balanced,cached_mxbai,1710,1782229499.440706,,,
3889,0,svm,max,balanced,cached_mxbai,1711,1782229499.6161644,,,
6233,0,svm,max,balanced,cached_mxbai,1712,1782229499.788667,,,
4649,0,svm,max,balanced,cached_mxbai,1713,1782229499.960829,,,
5667,0,svm,max,balanced,cached_mxbai,1714,1782229500.1335719,,,
6323,0,svm,max,balanced,cached_mxbai,1715,1782229500.3060422,,,
8798,0,svm,max,balanced,cached_mxbai,1716,1782229500.480763,,,
5079,0,svm,max,balanced,cached_mxbai,1717,1782229500.6558542,,,
5352,0,svm,max,balanced,cached_mxbai,1718,1782229500.8304627,,,
4542,0,svm,max,balanced,cached_mxbai,1719,1782229501.0027137,,,
4719,0,svm,max,balanced,cached_mxbai,1720,1782229501.1760154,,,
5167,0,svm,max,balanced,cached_mxbai,1721,1782229501.3517992,,,
2670,0,svm,max,balanced,cached_mxbai,1722,1782229501.533826,,,
427,0,svm,max,balanced,cached_mxbai,1723,1782229501.7110207,,,
3200,0,svm,max,balanced,cached_mxbai,1724,1782229501.8938086,,,
2431,0,svm,max,balanced,cached_mxbai,1725,1782229502.0725212,,,
8693,0,svm,max,balanced,cached_mxbai,1726,1782229502.2507029,,,
3577,0,svm,max,balanced,cached_mxbai,1727,1782229502.4259415,,,
5240,0,svm,max,balanced,cached_mxbai,1728,1782229502.603995,,,
4334,0,svm,max,balanced,cached_mxbai,1729,1782229502.7761135,,,
3248,0,svm,max,balanced,cached_mxbai,1730,1782229502.9494684,,,
4808,0,svm,max,balanced,cached_mxbai,1731,1782229503.1254854,,,
997,0,svm,max,balanced,cached_mxbai,1732,1782229503.3000379,,,
3330,0,svm,max,balanced,cached_mxbai,1733,1782229503.476465,,,
4809,0,svm,max,balanced,cached_mxbai,1734,1782229503.6530492,,,
6699,0,svm,max,balanced,cached_mxbai,1735,1782229503.8292294,,,
9628,0,svm,max,balanced,cached_mxbai,1736,1782229504.0045598,,,
5188,0,svm,max,balanced,cached_mxbai,1737,1782229504.1786368,,,
81,0,svm,max,balanced,cached_mxbai,1738,1782229504.3539174,,,
4920,0,svm,max,balanced,cached_mxbai,1739,1782229504.5358036,,,
3664,0,svm,max,balanced,cached_mxbai,1740,1782229504.712063,,,
6042,0,svm,max,balanced,cached_mxbai,1741,1782229504.8894866,,,
9768,0,svm,max,balanced,cached_mxbai,1742,1782229505.0738258,,,
9407,0,svm,max,balanced,cached_mxbai,1743,1782229505.2634473,,,
4042,0,svm,max,balanced,cached_mxbai,1744,1782229505.4490504,,,
1704,0,svm,max,balanced,cached_mxbai,1745,1782229505.6261787,,,
7055,0,svm,max,balanced,cached_mxbai,1746,1782229505.8016248,,,
7947,0,svm,max,balanced,cached_mxbai,1747,1782229505.9965205,,,
4990,0,svm,max,balanced,cached_mxbai,1748,1782229506.172076,,,
4313,0,svm,max,balanced,cached_mxbai,1749,1782229506.3478935,,,
6212,0,svm,max,balanced,cached_mxbai,1750,1782229506.5280526,,,
5052,0,svm,max,balanced,cached_mxbai,1751,1782229506.704604,,,
6167,0,svm,max,balanced,cached_mxbai,1752,1782229506.880197,,,
4943,0,svm,max,balanced,cached_mxbai,1753,1782229507.0568643,,,
3797,0,svm,max,balanced,cached_mxbai,1754,1782229507.2347636,,,
5099,0,svm,max,balanced,cached_mxbai,1755,1782229507.4113305,,,
9254,0,svm,max,balanced,cached_mxbai,1756,1782229507.589831,,,
5076,0,svm,max,balanced,cached_mxbai,1757,1782229507.7662463,,,
5723,0,svm,max,balanced,cached_mxbai,1758,1782229507.9434352,,,
4551,0,svm,max,balanced,cached_mxbai,1759,1782229508.1210482,,,
577,0,svm,max,balanced,cached_mxbai,1760,1782229508.297223,,,
4784,0,svm,max,balanced,cached_mxbai,1761,1782229508.4746604,,,
195,0,svm,max,balanced,cached_mxbai,1762,1782229508.6532536,,,
4309,0,svm,max,balanced,cached_mxbai,1763,1782229508.8299112,,,
7216,0,svm,max,balanced,cached_mxbai,1764,1782229509.006789,,,
3533,0,svm,max,balanced,cached_mxbai,1765,1782229509.1818285,,,
8952,0,svm,max,balanced,cached_mxbai,1766,1782229509.3579516,,,
4566,0,svm,max,balanced,cached_mxbai,1767,1782229509.538515,,,
3504,0,svm,max,balanced,cached_mxbai,1768,1782229509.7182121,,,
9291,0,svm,max,balanced,cached_mxbai,1769,1782229509.8958745,,,
9520,0,svm,max,balanced,cached_mxbai,1770,1782229510.0805876,,,
1255,0,svm,max,balanced,cached_mxbai,1771,1782229510.259277,,,
6642,0,svm,max,balanced,cached_mxbai,1772,1782229510.437457,,,
5027,0,svm,max,balanced,cached_mxbai,1773,1782229510.6176455,,,
7681,0,svm,max,balanced,cached_mxbai,1774,1782229510.7956295,,,
787,0,svm,max,balanced,cached_mxbai,1775,1782229510.974978,,,
5069,0,svm,max,balanced,cached_mxbai,1776,1782229511.1533015,,,
5009,0,svm,max,balanced,cached_mxbai,1777,1782229511.3293226,,,
5103,0,svm,max,balanced,cached_mxbai,1778,1782229511.5070372,,,
10046,0,svm,max,balanced,cached_mxbai,1779,1782229511.684965,,,
7137,0,svm,max,balanced,cached_mxbai,1780,1782229511.8626056,,,
3047,0,svm,max,balanced,cached_mxbai,1781,1782229512.0412085,,,
1427,0,svm,max,balanced,cached_mxbai,1782,1782229512.222406,,,
5519,0,svm,max,balanced,cached_mxbai,1783,1782229512.4054615,,,
4701,0,svm,max,balanced,cached_mxbai,1784,1782229512.5946841,,,
5896,0,svm,max,balanced,cached_mxbai,1785,1782229512.7758763,,,
8829,0,svm,max,balanced,cached_mxbai,1786,1782229512.9573765,,,
10381,0,svm,max,balanced,cached_mxbai,1787,1782229513.142154,,,
4035,0,svm,max,balanced,cached_mxbai,1788,1782229513.322859,,,
92,0,svm,max,balanced,cached_mxbai,1789,1782229513.5036283,,,
10309,0,svm,max,balanced,cached_mxbai,1790,1782229513.686679,,,
8536,0,svm,max,balanced,cached_mxbai,1791,1782229513.8673089,,,
3445,0,svm,max,balanced,cached_mxbai,1792,1782229514.04572,,,
6293,0,svm,max,balanced,cached_mxbai,1793,1782229514.2228878,,,
6816,0,svm,max,balanced,cached_mxbai,1794,1782229514.4020324,,,
4716,0,svm,max,balanced,cached_mxbai,1795,1782229514.5846987,,,
5213,0,svm,max,balanced,cached_mxbai,1796,1782229514.7668483,,,
1999,0,svm,max,balanced,cached_mxbai,1797,1782229514.9489257,,,
5234,0,svm,max,balanced,cached_mxbai,1798,1782229515.133534,,,
10036,0,svm,max,balanced,cached_mxbai,1799,1782229515.3382115,,,
5346,0,svm,max,balanced,cached_mxbai,1800,1782229515.5190792,,,
4801,0,svm,max,balanced,cached_mxbai,1801,1782229515.7016659,,,
7438,0,svm,max,balanced,cached_mxbai,1802,1782229515.88168,,,
7279,0,svm,max,balanced,cached_mxbai,1803,1782229516.0623474,,,
4180,0,svm,max,balanced,cached_mxbai,1804,1782229516.2421467,,,
2137,0,svm,max,balanced,cached_mxbai,1805,1782229516.4225652,,,
5799,0,svm,max,balanced,cached_mxbai,1806,1782229516.6040857,,,
5881,0,svm,max,balanced,cached_mxbai,1807,1782229516.7852244,,,
10235,0,svm,max,balanced,cached_mxbai,1808,1782229516.9669816,,,
3924,0,svm,max,balanced,cached_mxbai,1809,1782229517.1468053,,,
3729,0,svm,max,balanced,cached_mxbai,1810,1782229517.33601,,,
3171,0,svm,max,balanced,cached_mxbai,1811,1782229517.5247195,,,
10410,0,svm,max,balanced,cached_mxbai,1812,1782229517.713728,,,
10158,0,svm,max,balanced,cached_mxbai,1813,1782229517.902089,,,
10115,0,svm,max,balanced,cached_mxbai,1814,1782229518.0903766,,,
4959,0,svm,max,balanced,cached_mxbai,1815,1782229518.2788527,,,
9437,0,svm,max,balanced,cached_mxbai,1816,1782229518.46753,,,
4482,0,svm,max,balanced,cached_mxbai,1817,1782229518.6596622,,,
5080,0,svm,max,balanced,cached_mxbai,1818,1782229518.849939,,,
4759,0,svm,max,balanced,cached_mxbai,1819,1782229519.0394452,,,
3231,0,svm,max,balanced,cached_mxbai,1820,1782229519.2301283,,,
4097,0,svm,max,balanced,cached_mxbai,1821,1782229519.4183264,,,
5650,0,svm,max,balanced,cached_mxbai,1822,1782229519.611041,,,
52,0,svm,max,balanced,cached_mxbai,1823,1782229519.8024487,,,
27,0,svm,max,balanced,cached_mxbai,1824,1782229519.9926715,,,
4627,0,svm,max,balanced,cached_mxbai,1825,1782229520.1810417,,,
7203,0,svm,max,balanced,cached_mxbai,1826,1782229520.3711324,,,
3811,0,svm,max,balanced,cached_mxbai,1827,1782229520.56384,,,
6357,0,svm,max,balanced,cached_mxbai,1828,1782229520.7557924,,,
5139,0,svm,max,balanced,cached_mxbai,1829,1782229520.9479842,,,
4954,0,svm,max,balanced,cached_mxbai,1830,1782229521.1392324,,,
8619,0,svm,max,balanced,cached_mxbai,1831,1782229521.329656,,,
8373,0,svm,max,balanced,cached_mxbai,1832,1782229521.519056,,,
5452,0,svm,max,balanced,cached_mxbai,1833,1782229521.7105365,,,
4343,0,svm,max,balanced,cached_mxbai,1834,1782229521.905984,,,
9849,0,svm,max,balanced,cached_mxbai,1835,1782229522.093846,,,
8979,0,svm,max,balanced,cached_mxbai,1836,1782229522.2787755,,,
3921,0,svm,max,balanced,cached_mxbai,1837,1782229522.463958,,,
8430,0,svm,max,balanced,cached_mxbai,1838,1782229522.65762,,,
8483,0,svm,max,balanced,cached_mxbai,1839,1782229522.8442128,,,
8191,0,svm,max,balanced,cached_mxbai,1840,1782229523.0300694,,,
7155,0,svm,max,balanced,cached_mxbai,1841,1782229523.2167263,,,
4682,0,svm,max,balanced,cached_mxbai,1842,1782229523.4040847,,,
1032,0,svm,max,balanced,cached_mxbai,1843,1782229523.5948424,,,
7257,0,svm,max,balanced,cached_mxbai,1844,1782229523.7855217,,,
3331,0,svm,max,balanced,cached_mxbai,1845,1782229523.9727926,,,
3809,0,svm,max,balanced,cached_mxbai,1846,1782229524.162502,,,
1143,0,svm,max,balanced,cached_mxbai,1847,1782229524.346231,,,
5045,0,svm,max,balanced,cached_mxbai,1848,1782229524.527781,,,
9113,0,svm,max,balanced,cached_mxbai,1849,1782229524.71287,,,
2021,0,svm,max,balanced,cached_mxbai,1850,1782229524.898935,,,
1641,0,svm,max,balanced,cached_mxbai,1851,1782229525.101753,,,
7058,0,svm,max,balanced,cached_mxbai,1852,1782229525.3047945,,,
229,0,svm,max,balanced,cached_mxbai,1853,1782229525.4871144,,,
4737,0,svm,max,balanced,cached_mxbai,1854,1782229525.6733487,,,
7199,0,svm,max,balanced,cached_mxbai,1855,1782229525.8557746,,,
4741,0,svm,max,balanced,cached_mxbai,1856,1782229526.0377476,,,
4394,0,svm,max,balanced,cached_mxbai,1857,1782229526.2191637,,,
3724,0,svm,max,balanced,cached_mxbai,1858,1782229526.4010751,,,
1863,0,svm,max,balanced,cached_mxbai,1859,1782229526.5846262,,,
9299,0,svm,max,balanced,cached_mxbai,1860,1782229526.7691343,,,
3400,0,svm,max,balanced,cached_mxbai,1861,1782229526.9520965,,,
10034,0,svm,max,balanced,cached_mxbai,1862,1782229527.1378684,,,
7717,0,svm,max,balanced,cached_mxbai,1863,1782229527.3220685,,,
4987,0,svm,max,balanced,cached_mxbai,1864,1782229527.5059261,,,
7683,0,svm,max,balanced,cached_mxbai,1865,1782229527.6948056,,,
7050,0,svm,max,balanced,cached_mxbai,1866,1782229527.8791716,,,
7418,0,svm,max,balanced,cached_mxbai,1867,1782229528.064045,,,
7178,0,svm,max,balanced,cached_mxbai,1868,1782229528.2472806,,,
7363,0,svm,max,balanced,cached_mxbai,1869,1782229528.429404,,,
7233,0,svm,max,balanced,cached_mxbai,1870,1782229528.6148717,,,
8996,0,svm,max,balanced,cached_mxbai,1871,1782229528.7997978,,,
4608,0,svm,max,balanced,cached_mxbai,1872,1782229528.983626,,,
80,0,svm,max,balanced,cached_mxbai,1873,1782229529.1681871,,,
5084,0,svm,max,balanced,cached_mxbai,1874,1782229529.352586,,,
1370,0,svm,max,balanced,cached_mxbai,1875,1782229529.5363243,,,
7697,0,svm,max,balanced,cached_mxbai,1876,1782229529.726628,,,
5862,0,svm,max,balanced,cached_mxbai,1877,1782229529.9130576,,,
7000,0,svm,max,balanced,cached_mxbai,1878,1782229530.0984159,,,
6822,0,svm,max,balanced,cached_mxbai,1879,1782229530.2813706,,,
3152,0,svm,max,balanced,cached_mxbai,1880,1782229530.464919,,,
4689,0,svm,max,balanced,cached_mxbai,1881,1782229530.6525567,,,
78,0,svm,max,balanced,cached_mxbai,1882,1782229530.8428254,,,
3776,0,svm,max,balanced,cached_mxbai,1883,1782229531.0279076,,,
1131,0,svm,max,balanced,cached_mxbai,1884,1782229531.2109444,,,
4963,0,svm,max,balanced,cached_mxbai,1885,1782229531.3949075,,,
5759,0,svm,max,balanced,cached_mxbai,1886,1782229531.5777655,,,
1084,0,svm,max,balanced,cached_mxbai,1887,1782229531.7662394,,,
124,0,svm,max,balanced,cached_mxbai,1888,1782229531.9541113,,,
4745,0,svm,max,balanced,cached_mxbai,1889,1782229532.1429908,,,
6390,0,svm,max,balanced,cached_mxbai,1890,1782229532.3275225,,,
6060,0,svm,max,balanced,cached_mxbai,1891,1782229532.511257,,,
3211,0,svm,max,balanced,cached_mxbai,1892,1782229532.704218,,,
5592,0,svm,max,balanced,cached_mxbai,1893,1782229532.8945906,,,
6431,0,svm,max,balanced,cached_mxbai,1894,1782229533.0870876,,,
3709,0,svm,max,balanced,cached_mxbai,1895,1782229533.2783077,,,
2319,0,svm,max,balanced,cached_mxbai,1896,1782229533.4688008,,,
6153,0,svm,max,balanced,cached_mxbai,1897,1782229533.6621134,,,
5043,0,svm,max,balanced,cached_mxbai,1898,1782229533.8541045,,,
5231,0,svm,max,balanced,cached_mxbai,1899,1782229534.0449896,,,
10422,0,svm,max,balanced,cached_mxbai,1900,1782229534.2345183,,,
2773,0,svm,max,balanced,cached_mxbai,1901,1782229534.4285314,,,
8210,0,svm,max,balanced,cached_mxbai,1902,1782229534.6308706,,,
4493,0,svm,max,balanced,cached_mxbai,1903,1782229534.8295238,,,
806,0,svm,max,balanced,cached_mxbai,1904,1782229535.0280197,,,
7318,0,svm,max,balanced,cached_mxbai,1905,1782229535.2274275,,,
9369,0,svm,max,balanced,cached_mxbai,1906,1782229535.4426858,,,
10446,0,svm,max,balanced,cached_mxbai,1907,1782229535.64219,,,
5119,0,svm,max,balanced,cached_mxbai,1908,1782229535.8412795,,,
4660,0,svm,max,balanced,cached_mxbai,1909,1782229536.0422845,,,
2473,0,svm,max,balanced,cached_mxbai,1910,1782229536.237199,,,
10120,0,svm,max,balanced,cached_mxbai,1911,1782229536.432581,,,
1502,0,svm,max,balanced,cached_mxbai,1912,1782229536.629752,,,
5129,0,svm,max,balanced,cached_mxbai,1913,1782229536.8269317,,,
7091,0,svm,max,balanced,cached_mxbai,1914,1782229537.0249667,,,
4617,0,svm,max,balanced,cached_mxbai,1915,1782229537.223363,,,
7077,0,svm,max,balanced,cached_mxbai,1916,1782229537.420099,,,
3753,0,svm,max,balanced,cached_mxbai,1917,1782229537.616588,,,
809,0,svm,max,balanced,cached_mxbai,1918,1782229537.8155313,,,
5087,0,svm,max,balanced,cached_mxbai,1919,1782229538.0125437,,,
8105,0,svm,max,balanced,cached_mxbai,1920,1782229538.2097418,,,
5842,0,svm,max,balanced,cached_mxbai,1921,1782229538.4074924,,,
4175,0,svm,max,balanced,cached_mxbai,1922,1782229538.6060035,,,
1808,0,svm,max,balanced,cached_mxbai,1923,1782229538.8077312,,,
4437,0,svm,max,balanced,cached_mxbai,1924,1782229539.0072005,,,
422,0,svm,max,balanced,cached_mxbai,1925,1782229539.2063887,,,
9704,0,svm,max,balanced,cached_mxbai,1926,1782229539.4052181,,,
3602,0,svm,max,balanced,cached_mxbai,1927,1782229539.6036155,,,
3998,0,svm,max,balanced,cached_mxbai,1928,1782229539.8058028,,,
1040,0,svm,max,balanced,cached_mxbai,1929,1782229540.0044484,,,
3364,0,svm,max,balanced,cached_mxbai,1930,1782229540.2061613,,,
1566,0,svm,max,balanced,cached_mxbai,1931,1782229540.4055536,,,
7891,0,svm,max,balanced,cached_mxbai,1932,1782229540.6065116,,,
10252,0,svm,max,balanced,cached_mxbai,1933,1782229540.8082094,,,
4477,0,svm,max,balanced,cached_mxbai,1934,1782229541.0092063,,,
9370,0,svm,max,balanced,cached_mxbai,1935,1782229541.2105129,,,
3549,0,svm,max,balanced,cached_mxbai,1936,1782229541.4110851,,,
6216,0,svm,max,balanced,cached_mxbai,1937,1782229541.6137028,,,
5136,0,svm,max,balanced,cached_mxbai,1938,1782229541.8169212,,,
9572,0,svm,max,balanced,cached_mxbai,1939,1782229542.0164826,,,
8024,0,svm,max,balanced,cached_mxbai,1940,1782229542.2159956,,,
8610,0,svm,max,balanced,cached_mxbai,1941,1782229542.417521,,,
4344,0,svm,max,balanced,cached_mxbai,1942,1782229542.621345,,,
9603,0,svm,max,balanced,cached_mxbai,1943,1782229542.823767,,,
4843,0,svm,max,balanced,cached_mxbai,1944,1782229543.0263252,,,
2293,0,svm,max,balanced,cached_mxbai,1945,1782229543.2452905,,,
7369,0,svm,max,balanced,cached_mxbai,1946,1782229543.440179,,,
5310,0,svm,max,balanced,cached_mxbai,1947,1782229543.6365304,,,
6616,0,svm,max,balanced,cached_mxbai,1948,1782229543.83324,,,
4211,0,svm,max,balanced,cached_mxbai,1949,1782229544.0283952,,,
10557,0,svm,max,balanced,cached_mxbai,1950,1782229544.2246616,,,
8367,0,svm,max,balanced,cached_mxbai,1951,1782229544.4201221,,,
6478,0,svm,max,balanced,cached_mxbai,1952,1782229544.6168904,,,
8337,0,svm,max,balanced,cached_mxbai,1953,1782229544.8186827,,,
2819,0,svm,max,balanced,cached_mxbai,1954,1782229545.017402,,,
4150,0,svm,max,balanced,cached_mxbai,1955,1782229545.2187011,,,
4823,0,svm,max,balanced,cached_mxbai,1956,1782229545.4426372,,,
242,0,svm,max,balanced,cached_mxbai,1957,1782229545.63988,,,
3285,0,svm,max,balanced,cached_mxbai,1958,1782229545.8375583,,,
8088,1,svm,max,balanced,cached_mxbai,1959,1782229546.0406284,,,
6045,0,svm,max,balanced,cached_mxbai,1960,1782229546.238269,,,
9457,0,svm,max,balanced,cached_mxbai,1961,1782229546.4333177,,,
4325,0,svm,max,balanced,cached_mxbai,1962,1782229546.6291716,,,
6284,0,svm,max,balanced,cached_mxbai,1963,1782229546.8271155,,,
8717,0,svm,max,balanced,cached_mxbai,1964,1782229547.024067,,,
5205,0,svm,max,balanced,cached_mxbai,1965,1782229547.2217095,,,
1439,0,svm,max,balanced,cached_mxbai,1966,1782229547.419741,,,
3495,0,svm,max,balanced,cached_mxbai,1967,1782229547.6160588,,,
8770,0,svm,max,balanced,cached_mxbai,1968,1782229547.8147292,,,
9804,0,svm,max,balanced,cached_mxbai,1969,1782229548.013321,,,
5042,0,svm,max,balanced,cached_mxbai,1970,1782229548.2096949,,,
4576,0,svm,max,balanced,cached_mxbai,1971,1782229548.4056346,,,
66,0,svm,max,balanced,cached_mxbai,1972,1782229548.602939,,,
3705,0,svm,max,balanced,cached_mxbai,1973,1782229548.7998104,,,
1022,0,svm,max,balanced,cached_mxbai,1974,1782229548.9975257,,,
4806,0,svm,max,balanced,cached_mxbai,1975,1782229549.1965475,,,
3233,0,svm,max,balanced,cached_mxbai,1976,1782229549.395056,,,
5562,0,svm,max,balanced,cached_mxbai,1977,1782229549.5927224,,,
4123,0,svm,max,balanced,cached_mxbai,1978,1782229549.7897944,,,
3606,0,svm,max,balanced,cached_mxbai,1979,1782229549.9919586,,,
1093,0,svm,max,balanced,cached_mxbai,1980,1782229550.1939921,,,
1594,0,svm,max,balanced,cached_mxbai,1981,1782229550.3937247,,,
1926,0,svm,max,balanced,cached_mxbai,1982,1782229550.5926673,,,
8194,0,svm,max,balanced,cached_mxbai,1983,1782229550.7921097,,,
4269,0,svm,max,balanced,cached_mxbai,1984,1782229550.9961514,,,
7312,0,svm,max,balanced,cached_mxbai,1985,1782229551.1954002,,,
9277,0,svm,max,balanced,cached_mxbai,1986,1782229551.3932338,,,
9321,0,svm,max,balanced,cached_mxbai,1987,1782229551.613446,,,
3346,0,svm,max,balanced,cached_mxbai,1988,1782229551.8124034,,,
8335,0,svm,max,balanced,cached_mxbai,1989,1782229552.0137136,,,
4550,0,svm,max,balanced,cached_mxbai,1990,1782229552.2132614,,,
1486,0,svm,max,balanced,cached_mxbai,1991,1782229552.4142876,,,
6989,0,svm,max,balanced,cached_mxbai,1992,1782229552.6219034,,,
95,0,svm,max,balanced,cached_mxbai,1993,1782229552.821578,,,
5255,0,svm,max,balanced,cached_mxbai,1994,1782229553.0233657,,,
2373,0,svm,max,balanced,cached_mxbai,1995,1782229553.223135,,,
3412,0,svm,max,balanced,cached_mxbai,1996,1782229553.4234626,,,
10006,0,svm,max,balanced,cached_mxbai,1997,1782229553.625284,,,
1761,0,svm,max,balanced,cached_mxbai,1998,1782229553.827188,,,
6353,0,svm,max,balanced,cached_mxbai,1999,1782229554.0299315,,,
3496,0,svm,max,balanced,cached_mxbai,2000,1782229554.2306573,,,
5734,0,svm,max,balanced,cached_mxbai,2001,1782229554.4299686,,,
3264,0,svm,max,balanced,cached_mxbai,2002,1782229554.630476,,,
672,0,svm,max,balanced,cached_mxbai,2003,1782229554.8349133,,,
6185,0,svm,max,balanced,cached_mxbai,2004,1782229555.041011,,,
8554,0,svm,max,balanced,cached_mxbai,2005,1782229555.2576787,,,
7374,0,svm,max,balanced,cached_mxbai,2006,1782229555.4690785,,,
4186,0,svm,max,balanced,cached_mxbai,2007,1782229555.675975,,,
1006,0,svm,max,balanced,cached_mxbai,2008,1782229555.877798,,,
2040,0,svm,max,balanced,cached_mxbai,2009,1782229556.0834818,,,
6462,0,svm,max,balanced,cached_mxbai,2010,1782229556.2859883,,,
4855,0,svm,max,balanced,cached_mxbai,2011,1782229556.4864886,,,
2892,0,svm,max,balanced,cached_mxbai,2012,1782229556.689724,,,
9473,0,svm,max,balanced,cached_mxbai,2013,1782229556.8926117,,,
4810,0,svm,max,balanced,cached_mxbai,2014,1782229557.1062374,,,
7099,0,svm,max,balanced,cached_mxbai,2015,1782229557.3083324,,,
8761,0,svm,max,balanced,cached_mxbai,2016,1782229557.5091095,,,
9877,0,svm,max,balanced,cached_mxbai,2017,1782229557.7111495,,,
7950,0,svm,max,balanced,cached_mxbai,2018,1782229557.91256,,,
4857,0,svm,max,balanced,cached_mxbai,2019,1782229558.111395,,,
365,0,svm,max,balanced,cached_mxbai,2020,1782229558.3123062,,,
5007,0,svm,max,balanced,cached_mxbai,2021,1782229558.5149388,,,
3683,0,svm,max,balanced,cached_mxbai,2022,1782229558.7190955,,,
8388,0,svm,max,balanced,cached_mxbai,2023,1782229558.9248693,,,
38,0,svm,max,balanced,cached_mxbai,2024,1782229559.1246803,,,
3274,0,svm,max,balanced,cached_mxbai,2025,1782229559.3225217,,,
4852,0,svm,max,balanced,cached_mxbai,2026,1782229559.5213423,,,
6359,0,svm,max,balanced,cached_mxbai,2027,1782229559.7224631,,,
3700,0,svm,max,balanced,cached_mxbai,2028,1782229559.9223168,,,
6976,0,svm,max,balanced,cached_mxbai,2029,1782229560.122289,,,
2184,0,svm,max,balanced,cached_mxbai,2030,1782229560.318808,,,
9733,0,svm,max,balanced,cached_mxbai,2031,1782229560.5161386,,,
4731,0,svm,max,balanced,cached_mxbai,2032,1782229560.7171683,,,
5971,0,svm,max,balanced,cached_mxbai,2033,1782229560.916481,,,
9144,0,svm,max,balanced,cached_mxbai,2034,1782229561.1165583,,,
7276,0,svm,max,balanced,cached_mxbai,2035,1782229561.3162112,,,
4581,0,svm,max,balanced,cached_mxbai,2036,1782229561.5137274,,,
4525,0,svm,max,balanced,cached_mxbai,2037,1782229561.7162004,,,
1896,0,svm,max,balanced,cached_mxbai,2038,1782229561.9170449,,,
6424,0,svm,max,balanced,cached_mxbai,2039,1782229562.1212692,,,
3245,0,svm,max,balanced,cached_mxbai,2040,1782229562.3276455,,,
8504,0,svm,max,balanced,cached_mxbai,2041,1782229562.53078,,,
4929,0,svm,max,balanced,cached_mxbai,2042,1782229562.7366393,,,
4082,0,svm,max,balanced,cached_mxbai,2043,1782229562.9399562,,,
5462,0,svm,max,balanced,cached_mxbai,2044,1782229563.1447654,,,
3867,0,svm,max,balanced,cached_mxbai,2045,1782229563.3485367,,,
4183,0,svm,max,balanced,cached_mxbai,2046,1782229563.5489902,,,
6899,0,svm,max,balanced,cached_mxbai,2047,1782229563.7580585,,,
8322,0,svm,max,balanced,cached_mxbai,2048,1782229563.99841,,,
5068,0,svm,max,balanced,cached_mxbai,2049,1782229564.2369847,,,
1546,0,svm,max,balanced,cached_mxbai,2050,1782229564.4718957,,,
7061,0,svm,max,balanced,cached_mxbai,2051,1782229564.7068057,,,
6286,0,svm,max,balanced,cached_mxbai,2052,1782229564.9447021,,,
10403,0,svm,max,balanced,cached_mxbai,2053,1782229565.1872928,,,
5696,0,svm,max,balanced,cached_mxbai,2054,1782229565.4509494,,,
3054,0,svm,max,balanced,cached_mxbai,2055,1782229565.686455,,,
4286,0,svm,max,balanced,cached_mxbai,2056,1782229565.9240217,,,
8583,0,svm,max,balanced,cached_mxbai,2057,1782229566.1887105,,,
8111,0,svm,max,balanced,cached_mxbai,2058,1782229566.4504912,,,
3210,0,svm,max,balanced,cached_mxbai,2059,1782229566.6967857,,,
4596,0,svm,max,balanced,cached_mxbai,2060,1782229566.945195,,,
3232,0,svm,max,balanced,cached_mxbai,2061,1782229567.1832693,,,
4329,0,svm,max,balanced,cached_mxbai,2062,1782229567.4188416,,,
826,0,svm,max,balanced,cached_mxbai,2063,1782229567.6525297,,,
8082,0,svm,max,balanced,cached_mxbai,2064,1782229567.8883858,,,
4755,0,svm,max,balanced,cached_mxbai,2065,1782229568.1267202,,,
3419,0,svm,max,balanced,cached_mxbai,2066,1782229568.3616233,,,
64,0,svm,max,balanced,cached_mxbai,2067,1782229568.5971003,,,
4407,0,svm,max,balanced,cached_mxbai,2068,1782229568.8371809,,,
5463,0,svm,max,balanced,cached_mxbai,2069,1782229569.0744104,,,
7446,0,svm,max,balanced,cached_mxbai,2070,1782229569.311613,,,
8283,0,svm,max,balanced,cached_mxbai,2071,1782229569.5426755,,,
1073,0,svm,max,balanced,cached_mxbai,2072,1782229569.779391,,,
5104,0,svm,max,balanced,cached_mxbai,2073,1782229570.017017,,,
5005,0,svm,max,balanced,cached_mxbai,2074,1782229570.2552943,,,
3403,0,svm,max,balanced,cached_mxbai,2075,1782229570.4902227,,,
2121,0,svm,max,balanced,cached_mxbai,2076,1782229570.7258105,,,
1914,0,svm,max,balanced,cached_mxbai,2077,1782229570.963699,,,
417,0,svm,max,balanced,cached_mxbai,2078,1782229571.2015903,,,
3213,0,svm,max,balanced,cached_mxbai,2079,1782229571.438223,,,
4730,0,svm,max,balanced,cached_mxbai,2080,1782229571.6763313,,,
7304,0,svm,max,balanced,cached_mxbai,2081,1782229571.9162652,,,
3993,0,svm,max,balanced,cached_mxbai,2082,1782229572.1568913,,,
5466,0,svm,max,balanced,cached_mxbai,2083,1782229572.3992536,,,
5114,0,svm,max,balanced,cached_mxbai,2084,1782229572.6434011,,,
5178,0,svm,max,balanced,cached_mxbai,2085,1782229572.8842955,,,
121,0,svm,max,balanced,cached_mxbai,2086,1782229573.1276622,,,
3622,0,svm,max,balanced,cached_mxbai,2087,1782229573.3676763,,,
2421,0,svm,max,balanced,cached_mxbai,2088,1782229573.6017601,,,
9611,0,svm,max,balanced,cached_mxbai,2089,1782229573.8415434,,,
7130,0,svm,max,balanced,cached_mxbai,2090,1782229574.0805593,,,
5295,0,svm,max,balanced,cached_mxbai,2091,1782229574.318806,,,
4876,0,svm,max,balanced,cached_mxbai,2092,1782229574.5571725,,,
6765,0,svm,max,balanced,cached_mxbai,2093,1782229574.7967122,,,
4370,0,svm,max,balanced,cached_mxbai,2094,1782229575.0388415,,,
4747,0,svm,max,balanced,cached_mxbai,2095,1782229575.2979295,,,
1351,0,svm,max,balanced,cached_mxbai,2096,1782229575.537862,,,
5163,0,svm,max,balanced,cached_mxbai,2097,1782229575.779822,,,
6546,0,svm,max,balanced,cached_mxbai,2098,1782229576.0227797,,,
5003,0,svm,max,balanced,cached_mxbai,2099,1782229576.279162,,,
1490,0,svm,max,balanced,cached_mxbai,2100,1782229576.5209556,,,
4282,0,svm,max,balanced,cached_mxbai,2101,1782229576.7707362,,,
3497,0,svm,max,balanced,cached_mxbai,2102,1782229577.0116205,,,
4251,0,svm,max,balanced,cached_mxbai,2103,1782229577.2521844,,,
3704,0,svm,max,balanced,cached_mxbai,2104,1782229577.493436,,,
4276,0,svm,max,balanced,cached_mxbai,2105,1782229577.734188,,,
8370,0,svm,max,balanced,cached_mxbai,2106,1782229577.9758918,,,
4861,0,svm,max,balanced,cached_mxbai,2107,1782229578.2181273,,,
3062,0,svm,max,balanced,cached_mxbai,2108,1782229578.4581256,,,
9741,0,svm,max,balanced,cached_mxbai,2109,1782229578.6980536,,,
10491,0,svm,max,balanced,cached_mxbai,2110,1782229578.942128,,,
7951,0,svm,max,balanced,cached_mxbai,2111,1782229579.1843922,,,
3764,0,svm,max,balanced,cached_mxbai,2112,1782229579.4289057,,,
8263,0,svm,max,balanced,cached_mxbai,2113,1782229579.6739876,,,
9559,0,svm,max,balanced,cached_mxbai,2114,1782229579.9200702,,,
9472,0,svm,max,balanced,cached_mxbai,2115,1782229580.1640818,,,
919,0,svm,max,balanced,cached_mxbai,2116,1782229580.409673,,,
2948,0,svm,max,balanced,cached_mxbai,2117,1782229580.6547546,,,
8462,0,svm,max,balanced,cached_mxbai,2118,1782229580.9027505,,,
10210,0,svm,max,balanced,cached_mxbai,2119,1782229581.1469505,,,
4022,0,svm,max,balanced,cached_mxbai,2120,1782229581.391237,,,
2690,0,svm,max,balanced,cached_mxbai,2121,1782229581.6328151,,,
1604,0,svm,max,balanced,cached_mxbai,2122,1782229581.8781512,,,
4242,0,svm,max,balanced,cached_mxbai,2123,1782229582.1223154,,,
8833,0,svm,max,balanced,cached_mxbai,2124,1782229582.368565,,,
9089,0,svm,max,balanced,cached_mxbai,2125,1782229582.6176293,,,
3710,0,svm,max,balanced,cached_mxbai,2126,1782229582.8613694,,,
3604,0,svm,max,balanced,cached_mxbai,2127,1782229583.1046956,,,
5048,0,svm,max,balanced,cached_mxbai,2128,1782229583.3511472,,,
4132,0,svm,max,balanced,cached_mxbai,2129,1782229583.5968075,,,
5044,0,svm,max,balanced,cached_mxbai,2130,1782229583.8442054,,,
244,0,svm,max,balanced,cached_mxbai,2131,1782229584.0901663,,,
7733,0,svm,max,balanced,cached_mxbai,2132,1782229584.3372207,,,
2702,0,svm,max,balanced,cached_mxbai,2133,1782229584.5806618,,,
3637,0,svm,max,balanced,cached_mxbai,2134,1782229584.8259277,,,
4335,0,svm,max,balanced,cached_mxbai,2135,1782229585.082877,,,
5203,0,svm,max,balanced,cached_mxbai,2136,1782229585.349486,,,
6105,0,svm,max,balanced,cached_mxbai,2137,1782229585.5945563,,,
4348,0,svm,max,balanced,cached_mxbai,2138,1782229585.8404555,,,
1178,0,svm,max,balanced,cached_mxbai,2139,1782229586.0853863,,,
6310,0,svm,max,balanced,cached_mxbai,2140,1782229586.3308136,,,
9856,0,svm,max,balanced,cached_mxbai,2141,1782229586.5744467,,,
5549,0,svm,max,balanced,cached_mxbai,2142,1782229586.8617527,,,
2544,0,svm,max,balanced,cached_mxbai,2143,1782229587.1310139,,,
4462,0,svm,max,balanced,cached_mxbai,2144,1782229587.3982587,,,
7495,0,svm,max,balanced,cached_mxbai,2145,1782229587.641478,,,
8488,0,svm,max,balanced,cached_mxbai,2146,1782229587.8847556,,,
7552,0,svm,max,balanced,cached_mxbai,2147,1782229588.1271617,,,
7186,0,svm,max,balanced,cached_mxbai,2148,1782229588.377167,,,
4917,0,svm,max,balanced,cached_mxbai,2149,1782229588.6240516,,,
951,0,svm,max,balanced,cached_mxbai,2150,1782229588.8737853,,,
7550,0,svm,max,balanced,cached_mxbai,2151,1782229589.1210897,,,
8832,1,svm,max,balanced,cached_mxbai,2152,1782229589.369199,,,
7776,0,svm,max,balanced,cached_mxbai,2153,1782229589.6153457,,,
6988,0,svm,max,balanced,cached_mxbai,2154,1782229589.8648958,,,
288,0,svm,max,balanced,cached_mxbai,2155,1782229590.1359088,,,
8920,0,svm,max,balanced,cached_mxbai,2156,1782229590.3849795,,,
7258,0,svm,max,balanced,cached_mxbai,2157,1782229590.632889,,,
8190,0,svm,max,balanced,cached_mxbai,2158,1782229590.881743,,,
9292,0,svm,max,balanced,cached_mxbai,2159,1782229591.1316543,,,
4585,0,svm,max,balanced,cached_mxbai,2160,1782229591.3934653,,,
3673,0,svm,max,balanced,cached_mxbai,2161,1782229591.650803,,,
4979,0,svm,max,balanced,cached_mxbai,2162,1782229591.913858,,,
7127,0,svm,max,balanced,cached_mxbai,2163,1782229592.1721225,,,
6654,0,svm,max,balanced,cached_mxbai,2164,1782229592.4373732,,,
1606,0,svm,max,balanced,cached_mxbai,2165,1782229592.6988337,,,
3430,0,svm,max,balanced,cached_mxbai,2166,1782229592.958632,,,
4212,0,svm,max,balanced,cached_mxbai,2167,1782229593.218915,,,
4775,0,svm,max,balanced,cached_mxbai,2168,1782229593.4761982,,,
3842,0,svm,max,balanced,cached_mxbai,2169,1782229593.7329185,,,
3108,0,svm,max,balanced,cached_mxbai,2170,1782229593.9894848,,,
6276,0,svm,max,balanced,cached_mxbai,2171,1782229594.2445395,,,
10281,0,svm,max,balanced,cached_mxbai,2172,1782229594.5016427,,,
222,0,svm,max,balanced,cached_mxbai,2173,1782229594.7570586,,,
5097,0,svm,max,balanced,cached_mxbai,2174,1782229595.0178082,,,
1446,0,svm,max,balanced,cached_mxbai,2175,1782229595.2958624,,,
9602,0,svm,max,balanced,cached_mxbai,2176,1782229595.5578697,,,
4877,0,svm,max,balanced,cached_mxbai,2177,1782229595.8184521,,,
3980,0,svm,max,balanced,cached_mxbai,2178,1782229596.0769048,,,
10119,0,svm,max,balanced,cached_mxbai,2179,1782229596.3228855,,,
1465,0,svm,max,balanced,cached_mxbai,2180,1782229596.5688033,,,
3947,0,svm,max,balanced,cached_mxbai,2181,1782229596.8169599,,,
9011,0,svm,max,balanced,cached_mxbai,2182,1782229597.0687277,,,
4115,0,svm,max,balanced,cached_mxbai,2183,1782229597.3122952,,,
653,0,svm,max,balanced,cached_mxbai,2184,1782229597.555496,,,
267,0,svm,max,balanced,cached_mxbai,2185,1782229597.7986288,,,
9195,0,svm,max,balanced,cached_mxbai,2186,1782229598.0435743,,,
3551,0,svm,max,balanced,cached_mxbai,2187,1782229598.2924871,,,
5033,0,svm,max,balanced,cached_mxbai,2188,1782229598.5389102,,,
1253,0,svm,max,balanced,cached_mxbai,2189,1782229598.7853065,,,
8073,0,svm,max,balanced,cached_mxbai,2190,1782229599.0325701,,,
7917,0,svm,max,balanced,cached_mxbai,2191,1782229599.2781188,,,
8831,0,svm,max,balanced,cached_mxbai,2192,1782229599.5228665,,,
4444,0,svm,max,balanced,cached_mxbai,2193,1782229599.766278,,,
2557,0,svm,max,balanced,cached_mxbai,2194,1782229600.0123768,,,
3715,0,svm,max,balanced,cached_mxbai,2195,1782229600.257239,,,
3272,0,svm,max,balanced,cached_mxbai,2196,1782229600.5043297,,,
4844,0,svm,max,balanced,cached_mxbai,2197,1782229600.7507038,,,
8265,0,svm,max,balanced,cached_mxbai,2198,1782229600.9967334,,,
8816,0,svm,max,balanced,cached_mxbai,2199,1782229601.2438974,,,
7230,0,svm,max,balanced,cached_mxbai,2200,1782229601.4890146,,,
9688,0,svm,max,balanced,cached_mxbai,2201,1782229601.7346275,,,
7048,0,svm,max,balanced,cached_mxbai,2202,1782229601.9811513,,,
9206,0,svm,max,balanced,cached_mxbai,2203,1782229602.2292035,,,
10129,0,svm,max,balanced,cached_mxbai,2204,1782229602.4777563,,,
45,0,svm,max,balanced,cached_mxbai,2205,1782229602.7286086,,,
7101,0,svm,max,balanced,cached_mxbai,2206,1782229602.9770885,,,
4825,0,svm,max,balanced,cached_mxbai,2207,1782229603.2242627,,,
4094,0,svm,max,balanced,cached_mxbai,2208,1782229603.4724274,,,
3745,0,svm,max,balanced,cached_mxbai,2209,1782229603.7233694,,,
7560,0,svm,max,balanced,cached_mxbai,2210,1782229603.9721217,,,
8436,0,svm,max,balanced,cached_mxbai,2211,1782229604.2213488,,,
7507,0,svm,max,balanced,cached_mxbai,2212,1782229604.4725466,,,
4931,0,svm,max,balanced,cached_mxbai,2213,1782229604.7223604,,,
2461,0,svm,max,balanced,cached_mxbai,2214,1782229604.9740598,,,
5444,0,svm,max,balanced,cached_mxbai,2215,1782229605.2442672,,,
1429,0,svm,max,balanced,cached_mxbai,2216,1782229605.5167956,,,
4814,0,svm,max,balanced,cached_mxbai,2217,1782229605.7726815,,,
8555,0,svm,max,balanced,cached_mxbai,2218,1782229606.0272624,,,
4935,0,svm,max,balanced,cached_mxbai,2219,1782229606.2768881,,,
5157,0,svm,max,balanced,cached_mxbai,2220,1782229606.5261838,,,
6531,0,svm,max,balanced,cached_mxbai,2221,1782229606.7777476,,,
448,0,svm,max,balanced,cached_mxbai,2222,1782229607.0266185,,,
5041,0,svm,max,balanced,cached_mxbai,2223,1782229607.2760227,,,
747,0,svm,max,balanced,cached_mxbai,2224,1782229607.5281508,,,
3949,0,svm,max,balanced,cached_mxbai,2225,1782229607.7765467,,,
4287,0,svm,max,balanced,cached_mxbai,2226,1782229608.0278344,,,
5595,0,svm,max,balanced,cached_mxbai,2227,1782229608.278316,,,
4880,0,svm,max,balanced,cached_mxbai,2228,1782229608.5375476,,,
3887,0,svm,max,balanced,cached_mxbai,2229,1782229608.7898479,,,
4604,0,svm,max,balanced,cached_mxbai,2230,1782229609.0424132,,,
1086,0,svm,max,balanced,cached_mxbai,2231,1782229609.310472,,,
8680,0,svm,max,balanced,cached_mxbai,2232,1782229609.5687118,,,
8657,0,svm,max,balanced,cached_mxbai,2233,1782229609.8257675,,,
4774,0,svm,max,balanced,cached_mxbai,2234,1782229610.082987,,,
7324,0,svm,max,balanced,cached_mxbai,2235,1782229610.3375719,,,
665,0,svm,max,balanced,cached_mxbai,2236,1782229610.5929587,,,
6230,0,svm,max,balanced,cached_mxbai,2237,1782229610.8464475,,,
6170,0,svm,max,balanced,cached_mxbai,2238,1782229611.1019623,,,
5142,0,svm,max,balanced,cached_mxbai,2239,1782229611.3561437,,,
5712,0,svm,max,balanced,cached_mxbai,2240,1782229611.6133077,,,
3626,0,svm,max,balanced,cached_mxbai,2241,1782229611.8692849,,,
7609,0,svm,max,balanced,cached_mxbai,2242,1782229612.1290948,,,
5037,0,svm,max,balanced,cached_mxbai,2243,1782229612.3871894,,,
8031,0,svm,max,balanced,cached_mxbai,2244,1782229612.65104,,,
1930,0,svm,max,balanced,cached_mxbai,2245,1782229612.9098098,,,
3825,0,svm,max,balanced,cached_mxbai,2246,1782229613.1676419,,,
7773,0,svm,max,balanced,cached_mxbai,2247,1782229613.4250305,,,
5354,0,svm,max,balanced,cached_mxbai,2248,1782229613.685058,,,
3855,0,svm,max,balanced,cached_mxbai,2249,1782229613.9435835,,,
7931,0,svm,max,balanced,cached_mxbai,2250,1782229614.2029803,,,
4909,0,svm,max,balanced,cached_mxbai,2251,1782229614.4615896,,,
1739,0,svm,max,balanced,cached_mxbai,2252,1782229614.7232115,,,
9659,0,svm,max,balanced,cached_mxbai,2253,1782229614.987448,,,
3570,0,svm,max,balanced,cached_mxbai,2254,1782229615.2644196,,,
1315,0,svm,max,balanced,cached_mxbai,2255,1782229615.5375986,,,
3514,0,svm,max,balanced,cached_mxbai,2256,1782229615.8025382,,,
10386,0,svm,max,balanced,cached_mxbai,2257,1782229616.064621,,,
4,0,svm,max,balanced,cached_mxbai,2258,1782229616.3246164,,,
6425,0,svm,max,balanced,cached_mxbai,2259,1782229616.5902545,,,
5248,0,svm,max,balanced,cached_mxbai,2260,1782229616.8492687,,,
10192,0,svm,max,balanced,cached_mxbai,2261,1782229617.1263747,,,
4366,0,svm,max,balanced,cached_mxbai,2262,1782229617.397148,,,
8220,0,svm,max,balanced,cached_mxbai,2263,1782229617.6640916,,,
8732,0,svm,max,balanced,cached_mxbai,2264,1782229617.9323163,,,
3607,0,svm,max,balanced,cached_mxbai,2265,1782229618.211893,,,
1226,0,svm,max,balanced,cached_mxbai,2266,1782229618.4880679,,,
4726,0,svm,max,balanced,cached_mxbai,2267,1782229618.7639496,,,
3913,0,svm,max,balanced,cached_mxbai,2268,1782229619.038212,,,
4129,0,svm,max,balanced,cached_mxbai,2269,1782229619.3115714,,,
4903,0,svm,max,balanced,cached_mxbai,2270,1782229619.5840096,,,
3662,0,svm,max,balanced,cached_mxbai,2271,1782229619.8596327,,,
2436,0,svm,max,balanced,cached_mxbai,2272,1782229620.1362863,,,
1671,0,svm,max,balanced,cached_mxbai,2273,1782229620.4104176,,,
3665,0,svm,max,balanced,cached_mxbai,2274,1782229620.6836724,,,
5035,0,svm,max,balanced,cached_mxbai,2275,1782229620.9543314,,,
7715,0,svm,max,balanced,cached_mxbai,2276,1782229621.220951,,,
1500,0,svm,max,balanced,cached_mxbai,2277,1782229621.4927788,,,
5277,0,svm,max,balanced,cached_mxbai,2278,1782229621.7685888,,,
4184,0,svm,max,balanced,cached_mxbai,2279,1782229622.0407124,,,
3148,0,svm,max,balanced,cached_mxbai,2280,1782229622.31286,,,
4332,0,svm,max,balanced,cached_mxbai,2281,1782229622.587553,,,
5747,0,svm,max,balanced,cached_mxbai,2282,1782229622.8670723,,,
6706,0,svm,max,balanced,cached_mxbai,2283,1782229623.145585,,,
6426,0,svm,max,balanced,cached_mxbai,2284,1782229623.4210234,,,
10349,1,svm,max,balanced,cached_mxbai,2285,1782229623.6897511,,,
5851,0,svm,max,balanced,cached_mxbai,2286,1782229623.9527817,,,
5685,0,svm,max,balanced,cached_mxbai,2287,1782229624.2156093,,,
177,0,svm,max,balanced,cached_mxbai,2288,1782229624.4787714,,,
3717,0,svm,max,balanced,cached_mxbai,2289,1782229624.7435794,,,
9789,0,svm,max,balanced,cached_mxbai,2290,1782229625.0091712,,,
7716,0,svm,max,balanced,cached_mxbai,2291,1782229625.2919989,,,
170,0,svm,max,balanced,cached_mxbai,2292,1782229625.5559545,,,
1108,0,svm,max,balanced,cached_mxbai,2293,1782229625.8442347,,,
5793,0,svm,max,balanced,cached_mxbai,2294,1782229626.133019,,,
9899,0,svm,max,balanced,cached_mxbai,2295,1782229626.4218237,,,
3816,0,svm,max,balanced,cached_mxbai,2296,1782229626.7110841,,,
3856,0,svm,max,balanced,cached_mxbai,2297,1782229627.0006595,,,
1934,0,svm,max,balanced,cached_mxbai,2298,1782229627.2916355,,,
7074,0,svm,max,balanced,cached_mxbai,2299,1782229627.58004,,,
6063,0,svm,max,balanced,cached_mxbai,2300,1782229627.870576,,,
464,0,svm,max,balanced,cached_mxbai,2301,1782229628.1641433,,,
4007,0,svm,max,balanced,cached_mxbai,2302,1782229628.4296165,,,
8627,0,svm,max,balanced,cached_mxbai,2303,1782229628.6945045,,,
3220,0,svm,max,balanced,cached_mxbai,2304,1782229628.9583087,,,
9788,0,svm,max,balanced,cached_mxbai,2305,1782229629.2225146,,,
169,0,svm,max,balanced,cached_mxbai,2306,1782229629.4896467,,,
10066,0,svm,max,balanced,cached_mxbai,2307,1782229629.7539573,,,
9188,0,svm,max,balanced,cached_mxbai,2308,1782229630.0178642,,,
5126,0,svm,max,balanced,cached_mxbai,2309,1782229630.3062286,,,
3156,0,svm,max,balanced,cached_mxbai,2310,1782229630.6062257,,,
1060,0,svm,max,balanced,cached_mxbai,2311,1782229630.872935,,,
10432,0,svm,max,balanced,cached_mxbai,2312,1782229631.163932,,,
109,0,svm,max,balanced,cached_mxbai,2313,1782229631.429551,,,
4324,0,svm,max,balanced,cached_mxbai,2314,1782229631.7210548,,,
5190,0,svm,max,balanced,cached_mxbai,2315,1782229632.0131233,,,
862,0,svm,max,balanced,cached_mxbai,2316,1782229632.3113902,,,
4796,0,svm,max,balanced,cached_mxbai,2317,1782229632.6179888,,,
3865,0,svm,max,balanced,cached_mxbai,2318,1782229632.9101524,,,
10325,0,svm,max,balanced,cached_mxbai,2319,1782229633.2002192,,,
4621,0,svm,max,balanced,cached_mxbai,2320,1782229633.4657042,,,
191,0,svm,max,balanced,cached_mxbai,2321,1782229633.7328446,,,
3794,0,svm,max,balanced,cached_mxbai,2322,1782229634.0066624,,,
3734,0,svm,max,balanced,cached_mxbai,2323,1782229634.2780514,,,
2,0,svm,max,balanced,cached_mxbai,2324,1782229634.55231,,,
5991,0,svm,max,balanced,cached_mxbai,2325,1782229634.828036,,,
4545,0,svm,max,balanced,cached_mxbai,2326,1782229635.1088753,,,
3712,0,svm,max,balanced,cached_mxbai,2327,1782229635.4186654,,,
10064,0,svm,max,balanced,cached_mxbai,2328,1782229635.699016,,,
5935,0,svm,max,balanced,cached_mxbai,2329,1782229635.9762793,,,
8737,0,svm,max,balanced,cached_mxbai,2330,1782229636.2525735,,,
4610,0,svm,max,balanced,cached_mxbai,2331,1782229636.5310571,,,
915,0,svm,max,balanced,cached_mxbai,2332,1782229636.8093061,,,
10534,0,svm,max,balanced,cached_mxbai,2333,1782229637.0888524,,,
4949,0,svm,max,balanced,cached_mxbai,2334,1782229637.3657615,,,
254,0,svm,max,balanced,cached_mxbai,2335,1782229637.6405964,,,
5164,0,svm,max,balanced,cached_mxbai,2336,1782229637.9205716,,,
3881,0,svm,max,balanced,cached_mxbai,2337,1782229638.195157,,,
5228,0,svm,max,balanced,cached_mxbai,2338,1782229638.472999,,,
4671,0,svm,max,balanced,cached_mxbai,2339,1782229638.7510967,,,
4866,0,svm,max,balanced,cached_mxbai,2340,1782229639.0277567,,,
4314,0,svm,max,balanced,cached_mxbai,2341,1782229639.3014617,,,
1306,0,svm,max,balanced,cached_mxbai,2342,1782229639.5782516,,,
6925,0,svm,max,balanced,cached_mxbai,2343,1782229639.8659217,,,
5122,0,svm,max,balanced,cached_mxbai,2344,1782229640.1447115,,,
3663,0,svm,max,balanced,cached_mxbai,2345,1782229640.4211316,,,
6385,0,svm,max,balanced,cached_mxbai,2346,1782229640.701726,,,
4327,0,svm,max,balanced,cached_mxbai,2347,1782229640.9814487,,,
4584,0,svm,max,balanced,cached_mxbai,2348,1782229641.266316,,,
3,0,svm,max,balanced,cached_mxbai,2349,1782229641.5460722,,,
3698,0,svm,max,balanced,cached_mxbai,2350,1782229641.8269243,,,
5026,0,svm,max,balanced,cached_mxbai,2351,1782229642.1105814,,,
7164,0,svm,max,balanced,cached_mxbai,2352,1782229642.3984907,,,
3528,0,svm,max,balanced,cached_mxbai,2353,1782229642.6862645,,,
1809,0,svm,max,balanced,cached_mxbai,2354,1782229642.9691377,,,
4983,0,svm,max,balanced,cached_mxbai,2355,1782229643.251879,,,
3456,0,svm,max,balanced,cached_mxbai,2356,1782229643.5325286,,,
10360,0,svm,max,balanced,cached_mxbai,2357,1782229643.8109286,,,
3367,0,svm,max,balanced,cached_mxbai,2358,1782229644.0891938,,,
703,0,svm,max,balanced,cached_mxbai,2359,1782229644.365892,,,
33,0,svm,max,balanced,cached_mxbai,2360,1782229644.6441433,,,
9622,0,svm,max,balanced,cached_mxbai,2361,1782229644.9255257,,,
4795,0,svm,max,balanced,cached_mxbai,2362,1782229645.2290554,,,
752,0,svm,max,balanced,cached_mxbai,2363,1782229645.5361068,,,
8642,0,svm,max,balanced,cached_mxbai,2364,1782229645.816815,,,
5224,0,svm,max,balanced,cached_mxbai,2365,1782229646.0932665,,,
4156,0,svm,max,balanced,cached_mxbai,2366,1782229646.3671477,,,
7059,0,svm,max,balanced,cached_mxbai,2367,1782229646.640446,,,
2346,0,svm,max,balanced,cached_mxbai,2368,1782229646.92382,,,
5135,0,svm,max,balanced,cached_mxbai,2369,1782229647.2093632,,,
9530,0,svm,max,balanced,cached_mxbai,2370,1782229647.4835076,,,
10402,0,svm,max,balanced,cached_mxbai,2371,1782229647.7586646,,,
3351,0,svm,max,balanced,cached_mxbai,2372,1782229648.0331752,,,
723,0,svm,max,balanced,cached_mxbai,2373,1782229648.3082,,,
9341,0,svm,max,balanced,cached_mxbai,2374,1782229648.5855944,,,
10536,0,svm,max,balanced,cached_mxbai,2375,1782229648.8594785,,,
4769,0,svm,max,balanced,cached_mxbai,2376,1782229649.1353266,,,
5117,0,svm,max,balanced,cached_mxbai,2377,1782229649.409039,,,
5094,0,svm,max,balanced,cached_mxbai,2378,1782229649.6830602,,,
10096,0,svm,max,balanced,cached_mxbai,2379,1782229649.9858453,,,
8309,0,svm,max,balanced,cached_mxbai,2380,1782229650.2630231,,,
6555,0,svm,max,balanced,cached_mxbai,2381,1782229650.537612,,,
2769,0,svm,max,balanced,cached_mxbai,2382,1782229650.8163962,,,
5166,0,svm,max,balanced,cached_mxbai,2383,1782229651.09453,,,
5015,0,svm,max,balanced,cached_mxbai,2384,1782229651.3714504,,,
3703,0,svm,max,balanced,cached_mxbai,2385,1782229651.6448233,,,
2673,0,svm,max,balanced,cached_mxbai,2386,1782229651.9224482,,,
4972,0,svm,max,balanced,cached_mxbai,2387,1782229652.195619,,,
7349,0,svm,max,balanced,cached_mxbai,2388,1782229652.4735625,,,
5539,0,svm,max,balanced,cached_mxbai,2389,1782229652.749722,,,
7805,0,svm,max,balanced,cached_mxbai,2390,1782229653.0255291,,,
7709,0,svm,max,balanced,cached_mxbai,2391,1782229653.2995887,,,
115,0,svm,max,balanced,cached_mxbai,2392,1782229653.5760443,,,
4395,0,svm,max,balanced,cached_mxbai,2393,1782229653.850776,,,
8033,0,svm,max,balanced,cached_mxbai,2394,1782229654.12818,,,
7766,0,svm,max,balanced,cached_mxbai,2395,1782229654.4023213,,,
4266,0,svm,max,balanced,cached_mxbai,2396,1782229654.6790109,,,
4694,0,svm,max,balanced,cached_mxbai,2397,1782229654.9600332,,,
10497,0,svm,max,balanced,cached_mxbai,2398,1782229655.2589545,,,
3951,0,svm,max,balanced,cached_mxbai,2399,1782229655.5448942,,,
8144,0,svm,max,balanced,cached_mxbai,2400,1782229655.8232129,,,
9106,0,svm,max,balanced,cached_mxbai,2401,1782229656.1018176,,,
4614,0,svm,max,balanced,cached_mxbai,2402,1782229656.3778393,,,
3674,0,svm,max,balanced,cached_mxbai,2403,1782229656.6509173,,,
10002,0,svm,max,balanced,cached_mxbai,2404,1782229656.9278986,,,
4300,0,svm,max,balanced,cached_mxbai,2405,1782229657.2148542,,,
3581,0,svm,max,balanced,cached_mxbai,2406,1782229657.5127828,,,
3215,0,svm,max,balanced,cached_mxbai,2407,1782229657.7870386,,,
8871,0,svm,max,balanced,cached_mxbai,2408,1782229658.0620222,,,
7570,0,svm,max,balanced,cached_mxbai,2409,1782229658.3375065,,,
6896,0,svm,max,balanced,cached_mxbai,2410,1782229658.6116533,,,
394,0,svm,max,balanced,cached_mxbai,2411,1782229658.8860397,,,
3406,0,svm,max,balanced,cached_mxbai,2412,1782229659.1628778,,,
4518,0,svm,max,balanced,cached_mxbai,2413,1782229659.4368107,,,
9505,0,svm,max,balanced,cached_mxbai,2414,1782229659.7191086,,,
1197,0,svm,max,balanced,cached_mxbai,2415,1782229660.0023777,,,
3467,0,svm,max,balanced,cached_mxbai,2416,1782229660.2865937,,,
4288,0,svm,max,balanced,cached_mxbai,2417,1782229660.5745993,,,
5459,0,svm,max,balanced,cached_mxbai,2418,1782229660.8580897,,,
3642,0,svm,max,balanced,cached_mxbai,2419,1782229661.1376188,,,
4028,0,svm,max,balanced,cached_mxbai,2420,1782229661.4206645,,,
388,0,svm,max,balanced,cached_mxbai,2421,1782229661.70403,,,
6835,0,svm,max,balanced,cached_mxbai,2422,1782229661.9905221,,,
1590,0,svm,max,balanced,cached_mxbai,2423,1782229662.2710671,,,
4859,0,svm,max,balanced,cached_mxbai,2424,1782229662.5535228,,,
10445,0,svm,max,balanced,cached_mxbai,2425,1782229662.8307407,,,
3730,0,svm,max,balanced,cached_mxbai,2426,1782229663.1109433,,,
513,0,svm,max,balanced,cached_mxbai,2427,1782229663.3899724,,,
5124,0,svm,max,balanced,cached_mxbai,2428,1782229663.6671636,,,
561,0,svm,max,balanced,cached_mxbai,2429,1782229663.947276,,,
7307,0,svm,max,balanced,cached_mxbai,2430,1782229664.2289977,,,
5057,0,svm,max,balanced,cached_mxbai,2431,1782229664.5073216,,,
4206,0,svm,max,balanced,cached_mxbai,2432,1782229664.7872126,,,
5864,0,svm,max,balanced,cached_mxbai,2433,1782229665.0735335,,,
4052,0,svm,max,balanced,cached_mxbai,2434,1782229665.3756933,,,
6759,0,svm,max,balanced,cached_mxbai,2435,1782229665.6578214,,,
3163,0,svm,max,balanced,cached_mxbai,2436,1782229665.939399,,,
4428,0,svm,max,balanced,cached_mxbai,2437,1782229666.222659,,,
8950,0,svm,max,balanced,cached_mxbai,2438,1782229666.504905,,,
5428,0,svm,max,balanced,cached_mxbai,2439,1782229666.7869964,,,
4878,0,svm,max,balanced,cached_mxbai,2440,1782229667.0697055,,,
7041,0,svm,max,balanced,cached_mxbai,2441,1782229667.3815641,,,
2868,0,svm,max,balanced,cached_mxbai,2442,1782229667.6996636,,,
73,0,svm,max,balanced,cached_mxbai,2443,1782229668.014579,,,
1107,0,svm,max,balanced,cached_mxbai,2444,1782229668.327985,,,
5392,0,svm,max,balanced,cached_mxbai,2445,1782229668.6433973,,,
4898,0,svm,max,balanced,cached_mxbai,2446,1782229668.9640038,,,
3379,0,svm,max,balanced,cached_mxbai,2447,1782229669.284866,,,
9335,0,svm,max,balanced,cached_mxbai,2448,1782229669.6037865,,,
10125,0,svm,max,balanced,cached_mxbai,2449,1782229669.9212813,,,
4672,0,svm,max,balanced,cached_mxbai,2450,1782229670.2399285,,,
3560,0,svm,max,balanced,cached_mxbai,2451,1782229670.5557747,,,
4945,0,svm,max,balanced,cached_mxbai,2452,1782229670.8737555,,,
1323,0,svm,max,balanced,cached_mxbai,2453,1782229671.1941714,,,
5121,0,svm,max,balanced,cached_mxbai,2454,1782229671.5117722,,,
8476,0,svm,max,balanced,cached_mxbai,2455,1782229671.833667,,,
8060,0,svm,max,balanced,cached_mxbai,2456,1782229672.1562715,,,
5433,0,svm,max,balanced,cached_mxbai,2457,1782229672.4759836,,,
10080,0,svm,max,balanced,cached_mxbai,2458,1782229672.7982113,,,
4925,0,svm,max,balanced,cached_mxbai,2459,1782229673.1191134,,,
4238,0,svm,max,balanced,cached_mxbai,2460,1782229673.4365044,,,
4997,0,svm,max,balanced,cached_mxbai,2461,1782229673.755032,,,
6473,0,svm,max,balanced,cached_mxbai,2462,1782229674.0779364,,,
9046,0,svm,max,balanced,cached_mxbai,2463,1782229674.3977206,,,
3937,0,svm,max,balanced,cached_mxbai,2464,1782229674.7166836,,,
4651,0,svm,max,balanced,cached_mxbai,2465,1782229675.040746,,,
3585,0,svm,max,balanced,cached_mxbai,2466,1782229675.3890054,,,
905,0,svm,max,balanced,cached_mxbai,2467,1782229675.7187862,,,
1400,0,svm,max,balanced,cached_mxbai,2468,1782229676.0410452,,,
1058,0,svm,max,balanced,cached_mxbai,2469,1782229676.362471,,,
10464,0,svm,max,balanced,cached_mxbai,2470,1782229676.6843174,,,
6178,0,svm,max,balanced,cached_mxbai,2471,1782229677.0067554,,,
5787,0,svm,max,balanced,cached_mxbai,2472,1782229677.3361752,,,
6240,0,svm,max,balanced,cached_mxbai,2473,1782229677.6597166,,,
4924,0,svm,max,balanced,cached_mxbai,2474,1782229677.9995928,,,
4218,0,svm,max,balanced,cached_mxbai,2475,1782229678.3244627,,,
104,0,svm,max,balanced,cached_mxbai,2476,1782229678.6453676,,,
3203,0,svm,max,balanced,cached_mxbai,2477,1782229678.9652553,,,
8891,0,svm,max,balanced,cached_mxbai,2478,1782229679.297592,,,
2439,0,svm,max,balanced,cached_mxbai,2479,1782229679.6272976,,,
8005,0,svm,max,balanced,cached_mxbai,2480,1782229679.957669,,,
4696,0,svm,max,balanced,cached_mxbai,2481,1782229680.2953916,,,
7007,0,svm,max,balanced,cached_mxbai,2482,1782229680.628341,,,
1011,0,svm,max,balanced,cached_mxbai,2483,1782229680.9640229,,,
3542,0,svm,max,balanced,cached_mxbai,2484,1782229681.3019674,,,
868,0,svm,max,balanced,cached_mxbai,2485,1782229681.6388679,,,
3503,0,svm,max,balanced,cached_mxbai,2486,1782229681.9734588,,,
6433,0,svm,max,balanced,cached_mxbai,2487,1782229682.310485,,,
1183,0,svm,max,balanced,cached_mxbai,2488,1782229682.6442592,,,
4768,0,svm,max,balanced,cached_mxbai,2489,1782229682.9682186,,,
6225,0,svm,max,balanced,cached_mxbai,2490,1782229683.3004618,,,
8325,0,svm,max,balanced,cached_mxbai,2491,1782229683.6290581,,,
4367,0,svm,max,balanced,cached_mxbai,2492,1782229683.956867,,,
4999,0,svm,max,balanced,cached_mxbai,2493,1782229684.2869937,,,
3405,0,svm,max,balanced,cached_mxbai,2494,1782229684.6155803,,,
2535,0,svm,max,balanced,cached_mxbai,2495,1782229684.9420083,,,
835,0,svm,max,balanced,cached_mxbai,2496,1782229685.2939873,,,
9748,0,svm,max,balanced,cached_mxbai,2497,1782229685.5860093,,,
5800,0,svm,max,balanced,cached_mxbai,2498,1782229685.8779466,,,
4888,0,svm,max,balanced,cached_mxbai,2499,1782229686.1714149,,,
9389,0,svm,max,balanced,cached_mxbai,2500,1782229686.4664407,,,
3658,0,svm,max,balanced,cached_mxbai,2501,1782229686.7589228,,,
1731,0,svm,max,balanced,cached_mxbai,2502,1782229687.0526965,,,
2799,0,svm,max,balanced,cached_mxbai,2503,1782229687.3493972,,,
8351,0,svm,max,balanced,cached_mxbai,2504,1782229687.6439219,,,
4402,0,svm,max,balanced,cached_mxbai,2505,1782229687.9498975,,,
7271,0,svm,max,balanced,cached_mxbai,2506,1782229688.246174,,,
9593,0,svm,max,balanced,cached_mxbai,2507,1782229688.5346859,,,
4841,0,svm,max,balanced,cached_mxbai,2508,1782229688.8229625,,,
7350,0,svm,max,balanced,cached_mxbai,2509,1782229689.1105373,,,
5427,0,svm,max,balanced,cached_mxbai,2510,1782229689.3986242,,,
6773,0,svm,max,balanced,cached_mxbai,2511,1782229689.6895816,,,
9554,0,svm,max,balanced,cached_mxbai,2512,1782229689.9784608,,,
3733,0,svm,max,balanced,cached_mxbai,2513,1782229690.2689517,,,
4500,0,svm,max,balanced,cached_mxbai,2514,1782229690.5573354,,,
9303,0,svm,max,balanced,cached_mxbai,2515,1782229690.8449981,,,
5233,0,svm,max,balanced,cached_mxbai,2516,1782229691.1344883,,,
5382,0,svm,max,balanced,cached_mxbai,2517,1782229691.4236867,,,
6579,0,svm,max,balanced,cached_mxbai,2518,1782229691.7150507,,,
5260,0,svm,max,balanced,cached_mxbai,2519,1782229692.0047846,,,
1937,0,svm,max,balanced,cached_mxbai,2520,1782229692.297127,,,
299,0,svm,max,balanced,cached_mxbai,2521,1782229692.594107,,,
9950,0,svm,max,balanced,cached_mxbai,2522,1782229692.8879128,,,
3772,0,svm,max,balanced,cached_mxbai,2523,1782229693.1857166,,,
8579,0,svm,max,balanced,cached_mxbai,2524,1782229693.4834034,,,
8949,0,svm,max,balanced,cached_mxbai,2525,1782229693.7742991,,,
9795,0,svm,max,balanced,cached_mxbai,2526,1782229694.0642838,,,
3584,0,svm,max,balanced,cached_mxbai,2527,1782229694.359739,,,
4921,0,svm,max,balanced,cached_mxbai,2528,1782229694.654922,,,
1539,0,svm,max,balanced,cached_mxbai,2529,1782229694.9847007,,,
9319,0,svm,max,balanced,cached_mxbai,2530,1782229695.3395739,,,
10070,0,svm,max,balanced,cached_mxbai,2531,1782229695.6680865,,,
1866,0,svm,max,balanced,cached_mxbai,2532,1782229695.9642909,,,
5827,0,svm,max,balanced,cached_mxbai,2533,1782229696.2643242,,,
10190,0,svm,max,balanced,cached_mxbai,2534,1782229696.561598,,,
5215,0,svm,max,balanced,cached_mxbai,2535,1782229696.85902,,,
9014,0,svm,max,balanced,cached_mxbai,2536,1782229697.1575916,,,
3879,0,svm,max,balanced,cached_mxbai,2537,1782229697.4552917,,,
4944,0,svm,max,balanced,cached_mxbai,2538,1782229697.7529554,,,
9735,0,svm,max,balanced,cached_mxbai,2539,1782229698.0556033,,,
3110,0,svm,max,balanced,cached_mxbai,2540,1782229698.3596299,,,
10130,0,svm,max,balanced,cached_mxbai,2541,1782229698.6624274,,,
4803,0,svm,max,balanced,cached_mxbai,2542,1782229698.9618332,,,
7578,0,svm,max,balanced,cached_mxbai,2543,1782229699.2622502,,,
5170,0,svm,max,balanced,cached_mxbai,2544,1782229699.5627208,,,
3651,0,svm,max,balanced,cached_mxbai,2545,1782229699.8615916,,,
4194,0,svm,max,balanced,cached_mxbai,2546,1782229700.162085,,,
4913,0,svm,max,balanced,cached_mxbai,2547,1782229700.462469,,,
7518,0,svm,max,balanced,cached_mxbai,2548,1782229700.765307,,,
8039,0,svm,max,balanced,cached_mxbai,2549,1782229701.0658267,,,
3122,0,svm,max,balanced,cached_mxbai,2550,1782229701.3669097,,,
7667,0,svm,max,balanced,cached_mxbai,2551,1782229701.6654503,,,
7107,0,svm,max,balanced,cached_mxbai,2552,1782229701.9658926,,,
9197,0,svm,max,balanced,cached_mxbai,2553,1782229702.2723246,,,
5585,0,svm,max,balanced,cached_mxbai,2554,1782229702.5809784,,,
1324,0,svm,max,balanced,cached_mxbai,2555,1782229702.8831894,,,
4213,0,svm,max,balanced,cached_mxbai,2556,1782229703.177567,,,
5794,0,svm,max,balanced,cached_mxbai,2557,1782229703.4854436,,,
1281,0,svm,max,balanced,cached_mxbai,2558,1782229703.7837527,,,
10546,0,svm,max,balanced,cached_mxbai,2559,1782229704.085181,,,
10543,0,svm,max,balanced,cached_mxbai,2560,1782229704.381616,,,
4630,0,svm,max,balanced,cached_mxbai,2561,1782229704.6890423,,,
65,0,svm,max,balanced,cached_mxbai,2562,1782229704.9915826,,,
7455,0,svm,max,balanced,cached_mxbai,2563,1782229705.3210514,,,
3208,0,svm,max,balanced,cached_mxbai,2564,1782229705.6217582,,,
4208,0,svm,max,balanced,cached_mxbai,2565,1782229705.921585,,,
4516,0,svm,max,balanced,cached_mxbai,2566,1782229706.2211833,,,
10085,0,svm,max,balanced,cached_mxbai,2567,1782229706.5240183,,,
8424,0,svm,max,balanced,cached_mxbai,2568,1782229706.8219218,,,
3828,0,svm,max,balanced,cached_mxbai,2569,1782229707.12694,,,
3883,0,svm,max,balanced,cached_mxbai,2570,1782229707.4328752,,,
4992,0,svm,max,balanced,cached_mxbai,2571,1782229707.73628,,,
28,0,svm,max,balanced,cached_mxbai,2572,1782229708.0383916,,,
818,0,svm,max,balanced,cached_mxbai,2573,1782229708.3445399,,,
4172,0,svm,max,balanced,cached_mxbai,2574,1782229708.6417272,,,
54,0,svm,max,balanced,cached_mxbai,2575,1782229708.9435205,,,
795,0,svm,max,balanced,cached_mxbai,2576,1782229709.248857,,,
5741,0,svm,max,balanced,cached_mxbai,2577,1782229709.5518644,,,
4609,0,svm,max,balanced,cached_mxbai,2578,1782229709.8570602,,,
7338,0,svm,max,balanced,cached_mxbai,2579,1782229710.1599734,,,
8699,0,svm,max,balanced,cached_mxbai,2580,1782229710.464983,,,
9283,0,svm,max,balanced,cached_mxbai,2581,1782229710.7696846,,,
9931,0,svm,max,balanced,cached_mxbai,2582,1782229711.0746918,,,
9354,0,svm,max,balanced,cached_mxbai,2583,1782229711.3851068,,,
3442,0,svm,max,balanced,cached_mxbai,2584,1782229711.6919222,,,
3131,0,svm,max,balanced,cached_mxbai,2585,1782229711.9989696,,,
9977,0,svm,max,balanced,cached_mxbai,2586,1782229712.308751,,,
1758,0,svm,max,balanced,cached_mxbai,2587,1782229712.623005,,,
3833,0,svm,max,balanced,cached_mxbai,2588,1782229712.929441,,,
8054,0,svm,max,balanced,cached_mxbai,2589,1782229713.236327,,,
4073,0,svm,max,balanced,cached_mxbai,2590,1782229713.5497026,,,
4900,0,svm,max,balanced,cached_mxbai,2591,1782229713.8578494,,,
8612,0,svm,max,balanced,cached_mxbai,2592,1782229714.1660244,,,
523,0,svm,max,balanced,cached_mxbai,2593,1782229714.4755747,,,
3814,0,svm,max,balanced,cached_mxbai,2594,1782229714.8142786,,,
3648,0,svm,max,balanced,cached_mxbai,2595,1782229715.1584759,,,
424,0,svm,max,balanced,cached_mxbai,2596,1782229715.5417697,,,
1715,0,svm,max,balanced,cached_mxbai,2597,1782229715.8526044,,,
10358,0,svm,max,balanced,cached_mxbai,2598,1782229716.164602,,,
5187,0,svm,max,balanced,cached_mxbai,2599,1782229716.474843,,,
1635,0,svm,max,balanced,cached_mxbai,2600,1782229716.826005,,,
4019,0,svm,max,balanced,cached_mxbai,2601,1782229717.1660798,,,
6404,0,svm,max,balanced,cached_mxbai,2602,1782229717.4775577,,,
1069,0,svm,max,balanced,cached_mxbai,2603,1782229717.823598,,,
4492,0,svm,max,balanced,cached_mxbai,2604,1782229718.1650133,,,
1376,0,svm,max,balanced,cached_mxbai,2605,1782229718.508737,,,
9056,0,svm,max,balanced,cached_mxbai,2606,1782229718.8484936,,,
6061,0,svm,max,balanced,cached_mxbai,2607,1782229719.1899574,,,
6593,0,svm,max,balanced,cached_mxbai,2608,1782229719.539792,,,
3927,0,svm,max,balanced,cached_mxbai,2609,1782229719.892773,,,
4879,0,svm,max,balanced,cached_mxbai,2610,1782229720.241314,,,
3535,0,svm,max,balanced,cached_mxbai,2611,1782229720.5585268,,,
4989,0,svm,max,balanced,cached_mxbai,2612,1782229720.8718183,,,
1670,0,svm,max,balanced,cached_mxbai,2613,1782229721.182139,,,
10295,0,svm,max,balanced,cached_mxbai,2614,1782229721.497504,,,
4470,0,svm,max,balanced,cached_mxbai,2615,1782229721.80748,,,
289,0,svm,max,balanced,cached_mxbai,2616,1782229722.1191998,,,
3714,0,svm,max,balanced,cached_mxbai,2617,1782229722.4328587,,,
10506,0,svm,max,balanced,cached_mxbai,2618,1782229722.7544873,,,
4485,0,svm,max,balanced,cached_mxbai,2619,1782229723.063231,,,
4916,0,svm,max,balanced,cached_mxbai,2620,1782229723.3735843,,,
3708,0,svm,max,balanced,cached_mxbai,2621,1782229723.6892622,,,
6486,0,svm,max,balanced,cached_mxbai,2622,1782229724.004116,,,
9909,0,svm,max,balanced,cached_mxbai,2623,1782229724.3182297,,,
8180,0,svm,max,balanced,cached_mxbai,2624,1782229724.632995,,,
3617,0,svm,max,balanced,cached_mxbai,2625,1782229724.9812818,,,
4337,0,svm,max,balanced,cached_mxbai,2626,1782229725.3491127,,,
1891,0,svm,max,balanced,cached_mxbai,2627,1782229725.7021017,,,
5613,0,svm,max,balanced,cached_mxbai,2628,1782229726.0480263,,,
2586,0,svm,max,balanced,cached_mxbai,2629,1782229726.3928003,,,
758,0,svm,max,balanced,cached_mxbai,2630,1782229726.739749,,,
5152,0,svm,max,balanced,cached_mxbai,2631,1782229727.0791972,,,
4981,0,svm,max,balanced,cached_mxbai,2632,1782229727.423216,,,
9869,0,svm,max,balanced,cached_mxbai,2633,1782229727.76723,,,
9660,0,svm,max,balanced,cached_mxbai,2634,1782229728.1116738,,,
10218,0,svm,max,balanced,cached_mxbai,2635,1782229728.4582667,,,
1548,0,svm,max,balanced,cached_mxbai,2636,1782229728.806195,,,
688,0,svm,max,balanced,cached_mxbai,2637,1782229729.1495981,,,
7424,0,svm,max,balanced,cached_mxbai,2638,1782229729.495208,,,
3295,0,svm,max,balanced,cached_mxbai,2639,1782229729.8389916,,,
4018,0,svm,max,balanced,cached_mxbai,2640,1782229730.1789575,,,
3490,0,svm,max,balanced,cached_mxbai,2641,1782229730.5219548,,,
8654,0,svm,max,balanced,cached_mxbai,2642,1782229730.864914,,,
7970,0,svm,max,balanced,cached_mxbai,2643,1782229731.2073998,,,
1787,0,svm,max,balanced,cached_mxbai,2644,1782229731.5505216,,,
3312,0,svm,max,balanced,cached_mxbai,2645,1782229731.891728,,,
4524,0,svm,max,balanced,cached_mxbai,2646,1782229732.2353816,,,
3388,0,svm,max,balanced,cached_mxbai,2647,1782229732.5866172,,,
669,0,svm,max,balanced,cached_mxbai,2648,1782229732.9320512,,,
2129,0,svm,max,balanced,cached_mxbai,2649,1782229733.277565,,,
3457,0,svm,max,balanced,cached_mxbai,2650,1782229733.6219785,,,
5497,0,svm,max,balanced,cached_mxbai,2651,1782229733.9705272,,,
4613,0,svm,max,balanced,cached_mxbai,2652,1782229734.3168306,,,
5439,0,svm,max,balanced,cached_mxbai,2653,1782229734.6630542,,,
10370,0,svm,max,balanced,cached_mxbai,2654,1782229735.0067272,,,
4105,0,svm,max,balanced,cached_mxbai,2655,1782229735.3707776,,,
566,0,svm,max,balanced,cached_mxbai,2656,1782229735.7178407,,,
1481,0,svm,max,balanced,cached_mxbai,2657,1782229736.0653176,,,
10594,1,svm,max,balanced,cached_mxbai,2658,1782229736.412261,,,
4232,0,svm,max,balanced,cached_mxbai,2659,1782229736.759542,,,
10433,0,svm,max,balanced,cached_mxbai,2660,1782229737.1232803,,,
7285,0,svm,max,balanced,cached_mxbai,2661,1782229737.4862077,,,
406,0,svm,max,balanced,cached_mxbai,2662,1782229737.8387148,,,
1714,0,svm,max,balanced,cached_mxbai,2663,1782229738.1891432,,,
4034,0,svm,max,balanced,cached_mxbai,2664,1782229738.541884,,,
4294,0,svm,max,balanced,cached_mxbai,2665,1782229738.8970425,,,
8193,0,svm,max,balanced,cached_mxbai,2666,1782229739.2474082,,,
4200,0,svm,max,balanced,cached_mxbai,2667,1782229739.5990188,,,
4143,0,svm,max,balanced,cached_mxbai,2668,1782229739.9567332,,,
224,0,svm,max,balanced,cached_mxbai,2669,1782229740.3125858,,,
9117,0,svm,max,balanced,cached_mxbai,2670,1782229740.6719222,,,
4404,0,svm,max,balanced,cached_mxbai,2671,1782229741.0300066,,,
75,0,svm,max,balanced,cached_mxbai,2672,1782229741.4025102,,,
8615,0,svm,max,balanced,cached_mxbai,2673,1782229741.7661452,,,
10587,0,svm,max,balanced,cached_mxbai,2674,1782229742.1167257,,,
7341,0,svm,max,balanced,cached_mxbai,2675,1782229742.476106,,,
200,0,svm,max,balanced,cached_mxbai,2676,1782229742.835702,,,
1592,0,svm,max,balanced,cached_mxbai,2677,1782229743.1860924,,,
3321,0,svm,max,balanced,cached_mxbai,2678,1782229743.5395093,,,
5758,0,svm,max,balanced,cached_mxbai,2679,1782229743.8916187,,,
4062,0,svm,max,balanced,cached_mxbai,2680,1782229744.2451663,,,
2256,0,svm,max,balanced,cached_mxbai,2681,1782229744.5959475,,,
9055,0,svm,max,balanced,cached_mxbai,2682,1782229744.915787,,,
3417,0,svm,max,balanced,cached_mxbai,2683,1782229745.2461736,,,
9822,0,svm,max,balanced,cached_mxbai,2684,1782229745.5781069,,,
3686,0,svm,max,balanced,cached_mxbai,2685,1782229745.8985453,,,
10216,0,svm,max,balanced,cached_mxbai,2686,1782229746.2186582,,,
6334,0,svm,max,balanced,cached_mxbai,2687,1782229746.5393755,,,
6489,0,svm,max,balanced,cached_mxbai,2688,1782229746.8609571,,,
6774,0,svm,max,balanced,cached_mxbai,2689,1782229747.1818998,,,
5175,0,svm,max,balanced,cached_mxbai,2690,1782229747.5053432,,,
7511,0,svm,max,balanced,cached_mxbai,2691,1782229747.8249857,,,
10387,0,svm,max,balanced,cached_mxbai,2692,1782229748.1603453,,,
445,0,svm,max,balanced,cached_mxbai,2693,1782229748.4935694,,,
4421,0,svm,max,balanced,cached_mxbai,2694,1782229748.8337126,,,
9048,0,svm,max,balanced,cached_mxbai,2695,1782229749.1575363,,,
9143,0,svm,max,balanced,cached_mxbai,2696,1782229749.4778657,,,
9386,0,svm,max,balanced,cached_mxbai,2697,1782229749.833476,,,
4234,0,svm,max,balanced,cached_mxbai,2698,1782229750.1875434,,,
4409,0,svm,max,balanced,cached_mxbai,2699,1782229750.5406547,,,
4158,0,svm,max,balanced,cached_mxbai,2700,1782229750.8979673,,,
648,0,svm,max,balanced,cached_mxbai,2701,1782229751.2508004,,,
4820,0,svm,max,balanced,cached_mxbai,2702,1782229751.604078,,,
7590,0,svm,max,balanced,cached_mxbai,2703,1782229751.9577703,,,
9109,0,svm,max,balanced,cached_mxbai,2704,1782229752.311538,,,
1875,0,svm,max,balanced,cached_mxbai,2705,1782229752.672066,,,
6363,0,svm,max,balanced,cached_mxbai,2706,1782229753.0266273,,,
1574,0,svm,max,balanced,cached_mxbai,2707,1782229753.3818278,,,
7499,0,svm,max,balanced,cached_mxbai,2708,1782229753.7433453,,,
3246,0,svm,max,balanced,cached_mxbai,2709,1782229754.1025534,,,
7248,0,svm,max,balanced,cached_mxbai,2710,1782229754.4573853,,,
6443,0,svm,max,balanced,cached_mxbai,2711,1782229754.814827,,,
4159,0,svm,max,balanced,cached_mxbai,2712,1782229755.1791883,,,
3249,0,svm,max,balanced,cached_mxbai,2713,1782229755.573333,,,
10004,0,svm,max,balanced,cached_mxbai,2714,1782229755.9322743,,,
4078,0,svm,max,balanced,cached_mxbai,2715,1782229756.2907429,,,
4842,0,svm,max,balanced,cached_mxbai,2716,1782229756.6457713,,,
5920,0,svm,max,balanced,cached_mxbai,2717,1782229757.0044398,,,
5196,0,svm,max,balanced,cached_mxbai,2718,1782229757.362798,,,
10516,0,svm,max,balanced,cached_mxbai,2719,1782229757.71992,,,
9105,0,svm,max,balanced,cached_mxbai,2720,1782229758.0774827,,,
512,0,svm,max,balanced,cached_mxbai,2721,1782229758.4361207,,,
4690,0,svm,max,balanced,cached_mxbai,2722,1782229758.7990932,,,
4187,0,svm,max,balanced,cached_mxbai,2723,1782229759.1614537,,,
4762,0,svm,max,balanced,cached_mxbai,2724,1782229759.5189595,,,
615,0,svm,max,balanced,cached_mxbai,2725,1782229759.879048,,,
4118,0,svm,max,balanced,cached_mxbai,2726,1782229760.2367783,,,
10282,0,svm,max,balanced,cached_mxbai,2727,1782229760.5961308,,,
1148,0,svm,max,balanced,cached_mxbai,2728,1782229760.9580743,,,
334,0,svm,max,balanced,cached_mxbai,2729,1782229761.3182638,,,
10364,0,svm,max,balanced,cached_mxbai,2730,1782229761.6714876,,,
4346,0,svm,max,balanced,cached_mxbai,2731,1782229762.0305705,,,
3845,0,svm,max,balanced,cached_mxbai,2732,1782229762.3864977,,,
5249,0,svm,max,balanced,cached_mxbai,2733,1782229762.7486887,,,
4303,0,svm,max,balanced,cached_mxbai,2734,1782229763.1185162,,,
6509,0,svm,max,balanced,cached_mxbai,2735,1782229763.4805717,,,
3784,0,svm,max,balanced,cached_mxbai,2736,1782229763.8418686,,,
1527,0,svm,max,balanced,cached_mxbai,2737,1782229764.2062945,,,
3537,0,svm,max,balanced,cached_mxbai,2738,1782229764.5656128,,,
1609,0,svm,max,balanced,cached_mxbai,2739,1782229764.925086,,,
4713,0,svm,max,balanced,cached_mxbai,2740,1782229765.3195744,,,
1789,0,svm,max,balanced,cached_mxbai,2741,1782229765.6795976,,,
8762,0,svm,max,balanced,cached_mxbai,2742,1782229766.0433939,,,
8012,0,svm,max,balanced,cached_mxbai,2743,1782229766.4000406,,,
4160,0,svm,max,balanced,cached_mxbai,2744,1782229766.7585266,,,
3565,0,svm,max,balanced,cached_mxbai,2745,1782229767.122122,,,
922,0,svm,max,balanced,cached_mxbai,2746,1782229767.4791005,,,
5271,0,svm,max,balanced,cached_mxbai,2747,1782229767.8411758,,,
1310,0,svm,max,balanced,cached_mxbai,2748,1782229768.2018914,,,
1274,0,svm,max,balanced,cached_mxbai,2749,1782229768.5619938,,,
4057,0,svm,max,balanced,cached_mxbai,2750,1782229768.9389362,,,
9791,0,svm,max,balanced,cached_mxbai,2751,1782229769.2986975,,,
2417,0,svm,max,balanced,cached_mxbai,2752,1782229769.6579418,,,
5978,0,svm,max,balanced,cached_mxbai,2753,1782229770.0229447,,,
4578,0,svm,max,balanced,cached_mxbai,2754,1782229770.3827722,,,
3202,0,svm,max,balanced,cached_mxbai,2755,1782229770.7450764,,,
1100,0,svm,max,balanced,cached_mxbai,2756,1782229771.1110644,,,
3822,0,svm,max,balanced,cached_mxbai,2757,1782229771.4781845,,,
4535,0,svm,max,balanced,cached_mxbai,2758,1782229771.8425229,,,
6557,0,svm,max,balanced,cached_mxbai,2759,1782229772.206923,,,
3839,0,svm,max,balanced,cached_mxbai,2760,1782229772.576214,,,
1711,0,svm,max,balanced,cached_mxbai,2761,1782229772.9412017,,,
7038,0,svm,max,balanced,cached_mxbai,2762,1782229773.3060133,,,
8782,0,svm,max,balanced,cached_mxbai,2763,1782229773.6706064,,,
4216,0,svm,max,balanced,cached_mxbai,2764,1782229774.0343015,,,
4724,0,svm,max,balanced,cached_mxbai,2765,1782229774.4067023,,,
9823,0,svm,max,balanced,cached_mxbai,2766,1782229774.7692196,,,
3513,0,svm,max,balanced,cached_mxbai,2767,1782229775.1369543,,,
8805,0,svm,max,balanced,cached_mxbai,2768,1782229775.5330377,,,
9314,0,svm,max,balanced,cached_mxbai,2769,1782229775.8999527,,,
10466,0,svm,max,balanced,cached_mxbai,2770,1782229776.2763393,,,
9574,0,svm,max,balanced,cached_mxbai,2771,1782229776.6558778,,,
5194,0,svm,max,balanced,cached_mxbai,2772,1782229777.0340722,,,
10233,0,svm,max,balanced,cached_mxbai,2773,1782229777.4146628,,,
785,0,svm,max,balanced,cached_mxbai,2774,1782229777.7878726,,,
5914,0,svm,max,balanced,cached_mxbai,2775,1782229778.154611,,,
1361,0,svm,max,balanced,cached_mxbai,2776,1782229778.5197196,,,
8248,0,svm,max,balanced,cached_mxbai,2777,1782229778.8940578,,,
3579,0,svm,max,balanced,cached_mxbai,2778,1782229779.2710507,,,
5180,0,svm,max,balanced,cached_mxbai,2779,1782229779.6375258,,,
1595,0,svm,max,balanced,cached_mxbai,2780,1782229780.001722,,,
4133,0,svm,max,balanced,cached_mxbai,2781,1782229780.3684509,,,
9949,0,svm,max,balanced,cached_mxbai,2782,1782229780.7354681,,,
5949,0,svm,max,balanced,cached_mxbai,2783,1782229781.104322,,,
7191,0,svm,max,balanced,cached_mxbai,2784,1782229781.4706545,,,
5803,0,svm,max,balanced,cached_mxbai,2785,1782229781.8394072,,,
120,0,svm,max,balanced,cached_mxbai,2786,1782229782.2060773,,,
9391,0,svm,max,balanced,cached_mxbai,2787,1782229782.5772038,,,
734,0,svm,max,balanced,cached_mxbai,2788,1782229782.944041,,,
701,0,svm,max,balanced,cached_mxbai,2789,1782229783.3126264,,,
6717,0,svm,max,balanced,cached_mxbai,2790,1782229783.6819913,,,
9879,0,svm,max,balanced,cached_mxbai,2791,1782229784.0503855,,,
1375,0,svm,max,balanced,cached_mxbai,2792,1782229784.4164822,,,
5818,0,svm,max,balanced,cached_mxbai,2793,1782229784.785021,,,
2951,0,svm,max,balanced,cached_mxbai,2794,1782229785.161819,,,
6445,0,svm,max,balanced,cached_mxbai,2795,1782229785.5577664,,,
1720,0,svm,max,balanced,cached_mxbai,2796,1782229785.9276578,,,
8085,0,svm,max,balanced,cached_mxbai,2797,1782229786.3019152,,,
207,0,svm,max,balanced,cached_mxbai,2798,1782229786.6817102,,,
4431,0,svm,max,balanced,cached_mxbai,2799,1782229787.0517306,,,
389,0,svm,max,balanced,cached_mxbai,2800,1782229787.4180338,,,
3091,0,svm,max,balanced,cached_mxbai,2801,1782229787.7849362,,,
9649,0,svm,max,balanced,cached_mxbai,2802,1782229788.1546943,,,
5146,0,svm,max,balanced,cached_mxbai,2803,1782229788.5230472,,,
5619,0,svm,max,balanced,cached_mxbai,2804,1782229788.8929026,,,
5183,0,svm,max,balanced,cached_mxbai,2805,1782229789.2665303,,,
10472,0,svm,max,balanced,cached_mxbai,2806,1782229789.6354594,,,
3384,0,svm,max,balanced,cached_mxbai,2807,1782229790.0044363,,,
1632,0,svm,max,balanced,cached_mxbai,2808,1782229790.3767512,,,
7827,0,svm,max,balanced,cached_mxbai,2809,1782229790.7477627,,,
5893,0,svm,max,balanced,cached_mxbai,2810,1782229791.1176765,,,
7052,0,svm,max,balanced,cached_mxbai,2811,1782229791.4864197,,,
4908,0,svm,max,balanced,cached_mxbai,2812,1782229791.8555918,,,
7273,0,svm,max,balanced,cached_mxbai,2813,1782229792.2291028,,,
6973,0,svm,max,balanced,cached_mxbai,2814,1782229792.6068258,,,
4472,0,svm,max,balanced,cached_mxbai,2815,1782229792.9777014,,,
3725,0,svm,max,balanced,cached_mxbai,2816,1782229793.349015,,,
9327,0,svm,max,balanced,cached_mxbai,2817,1782229793.7331333,,,
7617,0,svm,max,balanced,cached_mxbai,2818,1782229794.1119545,,,
3268,0,svm,max,balanced,cached_mxbai,2819,1782229794.489565,,,
7376,0,svm,max,balanced,cached_mxbai,2820,1782229794.8590467,,,
3897,0,svm,max,balanced,cached_mxbai,2821,1782229795.239895,,,
3505,0,svm,max,balanced,cached_mxbai,2822,1782229795.626475,,,
3916,0,svm,max,balanced,cached_mxbai,2823,1782229795.9953914,,,
5062,0,svm,max,balanced,cached_mxbai,2824,1782229796.3777657,,,
5236,0,svm,max,balanced,cached_mxbai,2825,1782229796.7472548,,,
2034,0,svm,max,balanced,cached_mxbai,2826,1782229797.134652,,,
4418,0,svm,max,balanced,cached_mxbai,2827,1782229797.5169399,,,
3358,0,svm,max,balanced,cached_mxbai,2828,1782229797.8959265,,,
4349,0,svm,max,balanced,cached_mxbai,2829,1782229798.2765946,,,
685,0,svm,max,balanced,cached_mxbai,2830,1782229798.6576016,,,
4065,0,svm,max,balanced,cached_mxbai,2831,1782229799.0372841,,,
6356,0,svm,max,balanced,cached_mxbai,2832,1782229799.427176,,,
6928,0,svm,max,balanced,cached_mxbai,2833,1782229799.8111064,,,
3079,0,svm,max,balanced,cached_mxbai,2834,1782229800.191939,,,
3996,0,svm,max,balanced,cached_mxbai,2835,1782229800.5721703,,,
9141,0,svm,max,balanced,cached_mxbai,2836,1782229800.9551592,,,
5748,0,svm,max,balanced,cached_mxbai,2837,1782229801.3415606,,,
1260,0,svm,max,balanced,cached_mxbai,2838,1782229801.7271965,,,
1627,0,svm,max,balanced,cached_mxbai,2839,1782229802.1105626,,,
3349,0,svm,max,balanced,cached_mxbai,2840,1782229802.4959834,,,
4317,0,svm,max,balanced,cached_mxbai,2841,1782229802.877394,,,
3976,0,svm,max,balanced,cached_mxbai,2842,1782229803.260375,,,
7277,0,svm,max,balanced,cached_mxbai,2843,1782229803.6412625,,,
690,0,svm,max,balanced,cached_mxbai,2844,1782229804.0151823,,,
1200,0,svm,max,balanced,cached_mxbai,2845,1782229804.4021108,,,
1365,0,svm,max,balanced,cached_mxbai,2846,1782229804.7838197,,,
9771,0,svm,max,balanced,cached_mxbai,2847,1782229805.167166,,,
1458,0,svm,max,balanced,cached_mxbai,2848,1782229805.5714967,,,
6780,0,svm,max,balanced,cached_mxbai,2849,1782229805.9439187,,,
4872,0,svm,max,balanced,cached_mxbai,2850,1782229806.324642,,,
550,0,svm,max,balanced,cached_mxbai,2851,1782229806.7012787,,,
3228,0,svm,max,balanced,cached_mxbai,2852,1782229807.0742683,,,
8057,0,svm,max,balanced,cached_mxbai,2853,1782229807.4573994,,,
3968,0,svm,max,balanced,cached_mxbai,2854,1782229807.831883,,,
1435,0,svm,max,balanced,cached_mxbai,2855,1782229808.206176,,,
4760,0,svm,max,balanced,cached_mxbai,2856,1782229808.5794022,,,
9153,0,svm,max,balanced,cached_mxbai,2857,1782229808.9554296,,,
9873,0,svm,max,balanced,cached_mxbai,2858,1782229809.3296494,,,
5050,0,svm,max,balanced,cached_mxbai,2859,1782229809.7039673,,,
3999,0,svm,max,balanced,cached_mxbai,2860,1782229810.0803108,,,
5291,0,svm,max,balanced,cached_mxbai,2861,1782229810.4659142,,,
9526,0,svm,max,balanced,cached_mxbai,2862,1782229810.8415754,,,
10485,0,svm,max,balanced,cached_mxbai,2863,1782229811.2176232,,,
10183,0,svm,max,balanced,cached_mxbai,2864,1782229811.5928395,,,
4824,0,svm,max,balanced,cached_mxbai,2865,1782229811.9682767,,,
245,0,svm,max,balanced,cached_mxbai,2866,1782229812.3441958,,,
9712,0,svm,max,balanced,cached_mxbai,2867,1782229812.7211237,,,
979,0,svm,max,balanced,cached_mxbai,2868,1782229813.0954845,,,
7163,0,svm,max,balanced,cached_mxbai,2869,1782229813.4716525,,,
5810,0,svm,max,balanced,cached_mxbai,2870,1782229813.8512323,,,
5432,0,svm,max,balanced,cached_mxbai,2871,1782229814.2306697,,,
5408,0,svm,max,balanced,cached_mxbai,2872,1782229814.6077566,,,
6291,0,svm,max,balanced,cached_mxbai,2873,1782229814.9857812,,,
4113,0,svm,max,balanced,cached_mxbai,2874,1782229815.3852127,,,
5054,0,svm,max,balanced,cached_mxbai,2875,1782229815.7648704,,,
9366,0,svm,max,balanced,cached_mxbai,2876,1782229816.1441412,,,
3134,0,svm,max,balanced,cached_mxbai,2877,1782229816.5238934,,,
616,0,svm,max,balanced,cached_mxbai,2878,1782229816.902601,,,
4339,0,svm,max,balanced,cached_mxbai,2879,1782229817.2792206,,,
9825,0,svm,max,balanced,cached_mxbai,2880,1782229817.6552637,,,
8475,0,svm,max,balanced,cached_mxbai,2881,1782229818.0314891,,,
8174,0,svm,max,balanced,cached_mxbai,2882,1782229818.4118714,,,
2082,0,svm,max,balanced,cached_mxbai,2883,1782229818.7921474,,,
8546,0,svm,max,balanced,cached_mxbai,2884,1782229819.172512,,,
4274,0,svm,max,balanced,cached_mxbai,2885,1782229819.554858,,,
5266,0,svm,max,balanced,cached_mxbai,2886,1782229819.9358222,,,
8779,0,svm,max,balanced,cached_mxbai,2887,1782229820.3130357,,,
9592,0,svm,max,balanced,cached_mxbai,2888,1782229820.6895907,,,
3755,0,svm,max,balanced,cached_mxbai,2889,1782229821.0702035,,,
1886,0,svm,max,balanced,cached_mxbai,2890,1782229821.4492905,,,
3348,0,svm,max,balanced,cached_mxbai,2891,1782229821.829109,,,
7870,0,svm,max,balanced,cached_mxbai,2892,1782229822.2085757,,,
4182,0,svm,max,balanced,cached_mxbai,2893,1782229822.593134,,,
85,0,svm,max,balanced,cached_mxbai,2894,1782229822.972654,,,
4443,0,svm,max,balanced,cached_mxbai,2895,1782229823.3549008,,,
4095,0,svm,max,balanced,cached_mxbai,2896,1782229823.7371104,,,
6287,0,svm,max,balanced,cached_mxbai,2897,1782229824.1201398,,,
7991,0,svm,max,balanced,cached_mxbai,2898,1782229824.5038745,,,
1101,0,svm,max,balanced,cached_mxbai,2899,1782229824.8877885,,,
9003,0,svm,max,balanced,cached_mxbai,2900,1782229825.3039026,,,
8109,0,svm,max,balanced,cached_mxbai,2901,1782229825.6982248,,,
4942,0,svm,max,balanced,cached_mxbai,2902,1782229826.0819142,,,
3795,0,svm,max,balanced,cached_mxbai,2903,1782229826.4587102,,,
9925,0,svm,max,balanced,cached_mxbai,2904,1782229826.8377779,,,
1121,0,svm,max,balanced,cached_mxbai,2905,1782229827.222574,,,
8025,0,svm,max,balanced,cached_mxbai,2906,1782229827.6096888,,,
1510,0,svm,max,balanced,cached_mxbai,2907,1782229827.9941978,,,
2667,0,svm,max,balanced,cached_mxbai,2908,1782229828.3781056,,,
5811,0,svm,max,balanced,cached_mxbai,2909,1782229828.764026,,,
3466,0,svm,max,balanced,cached_mxbai,2910,1782229829.1492128,,,
4544,0,svm,max,balanced,cached_mxbai,2911,1782229829.538605,,,
151,0,svm,max,balanced,cached_mxbai,2912,1782229829.9262595,,,
5144,0,svm,max,balanced,cached_mxbai,2913,1782229830.3104377,,,
5784,0,svm,max,balanced,cached_mxbai,2914,1782229830.6973753,,,
1983,0,svm,max,balanced,cached_mxbai,2915,1782229831.0822504,,,
9790,0,svm,max,balanced,cached_mxbai,2916,1782229831.4677546,,,
7476,0,svm,max,balanced,cached_mxbai,2917,1782229831.8565617,,,
4607,0,svm,max,balanced,cached_mxbai,2918,1782229832.2458436,,,
2743,0,svm,max,balanced,cached_mxbai,2919,1782229832.642747,,,
4640,0,svm,max,balanced,cached_mxbai,2920,1782229833.0295699,,,
6041,0,svm,max,balanced,cached_mxbai,2921,1782229833.4170225,,,
5514,0,svm,max,balanced,cached_mxbai,2922,1782229833.8091917,,,
10198,0,svm,max,balanced,cached_mxbai,2923,1782229834.1971743,,,
4695,0,svm,max,balanced,cached_mxbai,2924,1782229834.5830436,,,
87,0,svm,max,balanced,cached_mxbai,2925,1782229834.9689476,,,
5127,0,svm,max,balanced,cached_mxbai,2926,1782229835.3774352,,,
155,0,svm,max,balanced,cached_mxbai,2927,1782229835.7726638,,,
5182,0,svm,max,balanced,cached_mxbai,2928,1782229836.1646507,,,
3525,0,svm,max,balanced,cached_mxbai,2929,1782229836.5525625,,,
4560,0,svm,max,balanced,cached_mxbai,2930,1782229836.9469151,,,
650,0,svm,max,balanced,cached_mxbai,2931,1782229837.3349025,,,
5640,0,svm,max,balanced,cached_mxbai,2932,1782229837.7290442,,,
5951,0,svm,max,balanced,cached_mxbai,2933,1782229838.1185381,,,
1700,0,svm,max,balanced,cached_mxbai,2934,1782229838.5074978,,,
3992,0,svm,max,balanced,cached_mxbai,2935,1782229838.8968112,,,
4002,0,svm,max,balanced,cached_mxbai,2936,1782229839.3090215,,,
2072,0,svm,max,balanced,cached_mxbai,2937,1782229839.7221448,,,
1686,0,svm,max,balanced,cached_mxbai,2938,1782229840.1113312,,,
1661,0,svm,max,balanced,cached_mxbai,2939,1782229840.5117965,,,
4039,0,svm,max,balanced,cached_mxbai,2940,1782229840.9032896,,,
1482,0,svm,max,balanced,cached_mxbai,2941,1782229841.2939715,,,
7937,0,svm,max,balanced,cached_mxbai,2942,1782229841.6855206,,,
7287,0,svm,max,balanced,cached_mxbai,2943,1782229842.075579,,,
3946,0,svm,max,balanced,cached_mxbai,2944,1782229842.4660878,,,
7763,0,svm,max,balanced,cached_mxbai,2945,1782229842.8610337,,,
8562,0,svm,max,balanced,cached_mxbai,2946,1782229843.2517748,,,
5545,0,svm,max,balanced,cached_mxbai,2947,1782229843.6426032,,,
9610,0,svm,max,balanced,cached_mxbai,2948,1782229844.0389178,,,
2910,0,svm,max,balanced,cached_mxbai,2949,1782229844.4286885,,,
3465,0,svm,max,balanced,cached_mxbai,2950,1782229844.8259828,,,
1422,0,svm,max,balanced,cached_mxbai,2951,1782229845.2251878,,,
9318,0,svm,max,balanced,cached_mxbai,2952,1782229845.6401534,,,
3599,0,svm,max,balanced,cached_mxbai,2953,1782229846.0341415,,,
6236,0,svm,max,balanced,cached_mxbai,2954,1782229846.424508,,,
8648,0,svm,max,balanced,cached_mxbai,2955,1782229846.8208158,,,
4678,0,svm,max,balanced,cached_mxbai,2956,1782229847.2159734,,,
7159,0,svm,max,balanced,cached_mxbai,2957,1782229847.6092916,,,
3812,0,svm,max,balanced,cached_mxbai,2958,1782229848.0038147,,,
3167,0,svm,max,balanced,cached_mxbai,2959,1782229848.3935921,,,
1196,0,svm,max,balanced,cached_mxbai,2960,1782229848.7929492,,,
5241,0,svm,max,balanced,cached_mxbai,2961,1782229849.1845071,,,
3411,0,svm,max,balanced,cached_mxbai,2962,1782229849.5817237,,,
7437,0,svm,max,balanced,cached_mxbai,2963,1782229849.9809318,,,
1924,0,svm,max,balanced,cached_mxbai,2964,1782229850.37489,,,
10467,0,svm,max,balanced,cached_mxbai,2965,1782229850.7700288,,,
5247,0,svm,max,balanced,cached_mxbai,2966,1782229851.167776,,,
9777,0,svm,max,balanced,cached_mxbai,2967,1782229851.5619643,,,
8152,0,svm,max,balanced,cached_mxbai,2968,1782229851.963955,,,
423,1,svm,max,balanced,cached_mxbai,2969,1782229852.3600774,,,
5579,0,svm,max,balanced,cached_mxbai,2970,1782229852.7630608,,,
7815,0,svm,max,balanced,cached_mxbai,2971,1782229853.1606221,,,
7346,0,svm,max,balanced,cached_mxbai,2972,1782229853.55665,,,
8269,0,svm,max,balanced,cached_mxbai,2973,1782229853.9581313,,,
2378,0,svm,max,balanced,cached_mxbai,2974,1782229854.3548946,,,
6714,0,svm,max,balanced,cached_mxbai,2975,1782229854.753189,,,
1740,0,svm,max,balanced,cached_mxbai,2976,1782229855.1552076,,,
42,0,svm,max,balanced,cached_mxbai,2977,1782229855.5663486,,,
5343,0,svm,max,balanced,cached_mxbai,2978,1782229855.955134,,,
8040,0,svm,max,balanced,cached_mxbai,2979,1782229856.337976,,,
5637,0,svm,max,balanced,cached_mxbai,2980,1782229856.7322762,,,
1044,0,svm,max,balanced,cached_mxbai,2981,1782229857.1221638,,,
8477,0,svm,max,balanced,cached_mxbai,2982,1782229857.509574,,,
2791,0,svm,max,balanced,cached_mxbai,2983,1782229857.900268,,,
7865,0,svm,max,balanced,cached_mxbai,2984,1782229858.2868586,,,
6440,0,svm,max,balanced,cached_mxbai,2985,1782229858.6733768,,,
10345,0,svm,max,balanced,cached_mxbai,2986,1782229859.0637262,,,
4357,0,svm,max,balanced,cached_mxbai,2987,1782229859.4487805,,,
1404,0,svm,max,balanced,cached_mxbai,2988,1782229859.8510828,,,
4081,0,svm,max,balanced,cached_mxbai,2989,1782229860.2427094,,,
6371,0,svm,max,balanced,cached_mxbai,2990,1782229860.6372163,,,
5828,0,svm,max,balanced,cached_mxbai,2991,1782229861.0315359,,,
5752,0,svm,max,balanced,cached_mxbai,2992,1782229861.4246218,,,
8936,0,svm,max,balanced,cached_mxbai,2993,1782229861.8189118,,,
3366,0,svm,max,balanced,cached_mxbai,2994,1782229862.2146726,,,
203,0,svm,max,balanced,cached_mxbai,2995,1782229862.6130242,,,
3727,0,svm,max,balanced,cached_mxbai,2996,1782229863.0087523,,,
5490,0,svm,max,balanced,cached_mxbai,2997,1782229863.3979533,,,
1544,0,svm,max,balanced,cached_mxbai,2998,1782229863.7941134,,,
1463,0,svm,max,balanced,cached_mxbai,2999,1782229864.1879919,,,
6695,0,svm,max,balanced,cached_mxbai,3000,1782229864.5800612,,,
7670,0,svm,max,balanced,cached_mxbai,3001,1782229864.9770699,,,
8617,0,svm,max,balanced,cached_mxbai,3002,1782229865.3947835,,,
5923,0,svm,max,balanced,cached_mxbai,3003,1782229865.7903185,,,
6442,0,svm,max,balanced,cached_mxbai,3004,1782229866.1835203,,,
3601,0,svm,max,balanced,cached_mxbai,3005,1782229866.57479,,,
712,0,svm,max,balanced,cached_mxbai,3006,1782229866.9730465,,,
4938,0,svm,max,balanced,cached_mxbai,3007,1782229867.3690763,,,
5350,0,svm,max,balanced,cached_mxbai,3008,1782229867.7648668,,,
9821,0,svm,max,balanced,cached_mxbai,3009,1782229868.1665554,,,
732,0,svm,max,balanced,cached_mxbai,3010,1782229868.5673916,,,
9002,0,svm,max,balanced,cached_mxbai,3011,1782229868.9733775,,,
2531,0,svm,max,balanced,cached_mxbai,3012,1782229869.3773954,,,
4235,0,svm,max,balanced,cached_mxbai,3013,1782229869.7862267,,,
3481,0,svm,max,balanced,cached_mxbai,3014,1782229870.1989498,,,
3758,0,svm,max,balanced,cached_mxbai,3015,1782229870.5970583,,,
6086,0,svm,max,balanced,cached_mxbai,3016,1782229871.005436,,,
3861,0,svm,max,balanced,cached_mxbai,3017,1782229871.4072368,,,
454,0,svm,max,balanced,cached_mxbai,3018,1782229871.8112533,,,
8284,0,svm,max,balanced,cached_mxbai,3019,1782229872.2157922,,,
4145,0,svm,max,balanced,cached_mxbai,3020,1782229872.6304362,,,
1677,0,svm,max,balanced,cached_mxbai,3021,1782229873.043263,,,
8098,0,svm,max,balanced,cached_mxbai,3022,1782229873.4589307,,,
237,0,svm,max,balanced,cached_mxbai,3023,1782229873.8673267,,,
175,0,svm,max,balanced,cached_mxbai,3024,1782229874.2743726,,,
4356,0,svm,max,balanced,cached_mxbai,3025,1782229874.674987,,,
2500,0,svm,max,balanced,cached_mxbai,3026,1782229875.0894759,,,
1988,0,svm,max,balanced,cached_mxbai,3027,1782229875.5154626,,,
3610,0,svm,max,balanced,cached_mxbai,3028,1782229875.9261663,,,
3826,0,svm,max,balanced,cached_mxbai,3029,1782229876.3310275,,,
10585,0,svm,max,balanced,cached_mxbai,3030,1782229876.7355933,,,
3046,0,svm,max,balanced,cached_mxbai,3031,1782229877.145828,,,
9241,0,svm,max,balanced,cached_mxbai,3032,1782229877.548702,,,
2507,0,svm,max,balanced,cached_mxbai,3033,1782229877.9558003,,,
10376,0,svm,max,balanced,cached_mxbai,3034,1782229878.358861,,,
2818,0,svm,max,balanced,cached_mxbai,3035,1782229878.7670512,,,
4023,0,svm,max,balanced,cached_mxbai,3036,1782229879.1718643,,,
2978,0,svm,max,balanced,cached_mxbai,3037,1782229879.5732453,,,
179,0,svm,max,balanced,cached_mxbai,3038,1782229879.9809368,,,
3970,0,svm,max,balanced,cached_mxbai,3039,1782229880.375381,,,
3575,0,svm,max,balanced,cached_mxbai,3040,1782229880.7663946,,,
446,0,svm,max,balanced,cached_mxbai,3041,1782229881.166872,,,
943,0,svm,max,balanced,cached_mxbai,3042,1782229881.564998,,,
931,0,svm,max,balanced,cached_mxbai,3043,1782229881.9642713,,,
3103,0,svm,max,balanced,cached_mxbai,3044,1782229882.363492,,,
5921,0,svm,max,balanced,cached_mxbai,3045,1782229882.761572,,,
4089,0,svm,max,balanced,cached_mxbai,3046,1782229883.1699753,,,
3421,0,svm,max,balanced,cached_mxbai,3047,1782229883.5800478,,,
1736,0,svm,max,balanced,cached_mxbai,3048,1782229883.9775262,,,
6979,0,svm,max,balanced,cached_mxbai,3049,1782229884.3762658,,,
3180,0,svm,max,balanced,cached_mxbai,3050,1782229884.775962,,,
5907,0,svm,max,balanced,cached_mxbai,3051,1782229885.1895788,,,
4110,0,svm,max,balanced,cached_mxbai,3052,1782229885.61901,,,
9886,0,svm,max,balanced,cached_mxbai,3053,1782229886.0184698,,,
5370,0,svm,max,balanced,cached_mxbai,3054,1782229886.4190996,,,
6009,0,svm,max,balanced,cached_mxbai,3055,1782229886.8167572,,,
5479,0,svm,max,balanced,cached_mxbai,3056,1782229887.216213,,,
9687,0,svm,max,balanced,cached_mxbai,3057,1782229887.6120024,,,
150,0,svm,max,balanced,cached_mxbai,3058,1782229888.0107129,,,
897,0,svm,max,balanced,cached_mxbai,3059,1782229888.4096413,,,
9358,0,svm,max,balanced,cached_mxbai,3060,1782229888.805548,,,
1765,0,svm,max,balanced,cached_mxbai,3061,1782229889.2043862,,,
4658,0,svm,max,balanced,cached_mxbai,3062,1782229889.5992649,,,
8645,0,svm,max,balanced,cached_mxbai,3063,1782229890.0009024,,,
3738,0,svm,max,balanced,cached_mxbai,3064,1782229890.3967767,,,
9541,0,svm,max,balanced,cached_mxbai,3065,1782229890.7913642,,,
7913,0,svm,max,balanced,cached_mxbai,3066,1782229891.1916149,,,
7275,0,svm,max,balanced,cached_mxbai,3067,1782229891.5900185,,,
9656,0,svm,max,balanced,cached_mxbai,3068,1782229891.9926567,,,
4125,0,svm,max,balanced,cached_mxbai,3069,1782229892.394048,,,
2487,0,svm,max,balanced,cached_mxbai,3070,1782229892.8010747,,,
10453,0,svm,max,balanced,cached_mxbai,3071,1782229893.1990104,,,
1046,0,svm,max,balanced,cached_mxbai,3072,1782229893.5952172,,,
5098,0,svm,max,balanced,cached_mxbai,3073,1782229893.9938378,,,
5843,0,svm,max,balanced,cached_mxbai,3074,1782229894.3971124,,,
6650,0,svm,max,balanced,cached_mxbai,3075,1782229894.7949514,,,
6052,0,svm,max,balanced,cached_mxbai,3076,1782229895.2060683,,,
6382,0,svm,max,balanced,cached_mxbai,3077,1782229895.6307056,,,
3760,0,svm,max,balanced,cached_mxbai,3078,1782229896.0301235,,,
8814,0,svm,max,balanced,cached_mxbai,3079,1782229896.4302084,,,
4478,0,svm,max,balanced,cached_mxbai,3080,1782229896.8274257,,,
8931,0,svm,max,balanced,cached_mxbai,3081,1782229897.2310462,,,
10222,0,svm,max,balanced,cached_mxbai,3082,1782229897.6308415,,,
1545,0,svm,max,balanced,cached_mxbai,3083,1782229898.0314589,,,
1861,0,svm,max,balanced,cached_mxbai,3084,1782229898.432685,,,
3868,0,svm,max,balanced,cached_mxbai,3085,1782229898.8386045,,,
5206,0,svm,max,balanced,cached_mxbai,3086,1782229899.2435124,,,
3546,0,svm,max,balanced,cached_mxbai,3087,1782229899.6404889,,,
428,0,svm,max,balanced,cached_mxbai,3088,1782229900.039869,,,
8288,0,svm,max,balanced,cached_mxbai,3089,1782229900.4360726,,,
1763,0,svm,max,balanced,cached_mxbai,3090,1782229900.8373559,,,
1085,0,svm,max,balanced,cached_mxbai,3091,1782229901.2406397,,,
3853,0,svm,max,balanced,cached_mxbai,3092,1782229901.6419952,,,
5384,0,svm,max,balanced,cached_mxbai,3093,1782229902.0444798,,,
2276,0,svm,max,balanced,cached_mxbai,3094,1782229902.4474516,,,
5075,0,svm,max,balanced,cached_mxbai,3095,1782229902.853,,,
9890,0,svm,max,balanced,cached_mxbai,3096,1782229903.2555928,,,
4580,0,svm,max,balanced,cached_mxbai,3097,1782229903.6562283,,,
7156,0,svm,max,balanced,cached_mxbai,3098,1782229904.0572398,,,
4368,0,svm,max,balanced,cached_mxbai,3099,1782229904.4604058,,,
4993,0,svm,max,balanced,cached_mxbai,3100,1782229904.8599076,,,
1672,0,svm,max,balanced,cached_mxbai,3101,1782229905.2806149,,,
5688,0,svm,max,balanced,cached_mxbai,3102,1782229905.6822598,,,
5149,0,svm,max,balanced,cached_mxbai,3103,1782229906.082913,,,
7322,0,svm,max,balanced,cached_mxbai,3104,1782229906.4914901,,,
2646,0,svm,max,balanced,cached_mxbai,3105,1782229906.8961687,,,
9049,0,svm,max,balanced,cached_mxbai,3106,1782229907.295259,,,
9306,0,svm,max,balanced,cached_mxbai,3107,1782229907.6932318,,,
9903,0,svm,max,balanced,cached_mxbai,3108,1782229908.0943942,,,
8482,0,svm,max,balanced,cached_mxbai,3109,1782229908.498593,,,
2587,0,svm,max,balanced,cached_mxbai,3110,1782229908.9054506,,,
9103,0,svm,max,balanced,cached_mxbai,3111,1782229909.3114939,,,
4758,0,svm,max,balanced,cached_mxbai,3112,1782229909.710454,,,
7677,0,svm,max,balanced,cached_mxbai,3113,1782229910.114304,,,
9463,0,svm,max,balanced,cached_mxbai,3114,1782229910.5169234,,,
1508,0,svm,max,balanced,cached_mxbai,3115,1782229910.9204936,,,
3746,0,svm,max,balanced,cached_mxbai,3116,1782229911.3241727,,,
2321,0,svm,max,balanced,cached_mxbai,3117,1782229911.7259417,,,
4385,0,svm,max,balanced,cached_mxbai,3118,1782229912.132697,,,
4980,0,svm,max,balanced,cached_mxbai,3119,1782229912.5360394,,,
4579,0,svm,max,balanced,cached_mxbai,3120,1782229912.9397962,,,
31,0,svm,max,balanced,cached_mxbai,3121,1782229913.3421752,,,
3365,0,svm,max,balanced,cached_mxbai,3122,1782229913.7414382,,,
4819,0,svm,max,balanced,cached_mxbai,3123,1782229914.1472342,,,
9587,0,svm,max,balanced,cached_mxbai,3124,1782229914.549251,,,
3128,0,svm,max,balanced,cached_mxbai,3125,1782229914.9541593,,,
7731,0,svm,max,balanced,cached_mxbai,3126,1782229915.3832576,,,
2379,0,svm,max,balanced,cached_mxbai,3127,1782229915.7923641,,,
7698,0,svm,max,balanced,cached_mxbai,3128,1782229916.1995773,,,
4408,0,svm,max,balanced,cached_mxbai,3129,1782229916.6091478,,,
3739,0,svm,max,balanced,cached_mxbai,3130,1782229917.015099,,,
1940,0,svm,max,balanced,cached_mxbai,3131,1782229917.429897,,,
3310,0,svm,max,balanced,cached_mxbai,3132,1782229917.8336275,,,
1551,0,svm,max,balanced,cached_mxbai,3133,1782229918.2405884,,,
3621,0,svm,max,balanced,cached_mxbai,3134,1782229918.6446695,,,
3990,0,svm,max,balanced,cached_mxbai,3135,1782229919.0514677,,,
555,0,svm,max,balanced,cached_mxbai,3136,1782229919.4538176,,,
4776,0,svm,max,balanced,cached_mxbai,3137,1782229919.8594599,,,
8943,0,svm,max,balanced,cached_mxbai,3138,1782229920.2675982,,,
9983,0,svm,max,balanced,cached_mxbai,3139,1782229920.6860738,,,
6144,0,svm,max,balanced,cached_mxbai,3140,1782229921.0951126,,,
40,0,svm,max,balanced,cached_mxbai,3141,1782229921.510987,,,
10061,0,svm,max,balanced,cached_mxbai,3142,1782229921.9207475,,,
8856,0,svm,max,balanced,cached_mxbai,3143,1782229922.3360105,,,
4254,0,svm,max,balanced,cached_mxbai,3144,1782229922.7527828,,,
89,0,svm,max,balanced,cached_mxbai,3145,1782229923.1655092,,,
7692,0,svm,max,balanced,cached_mxbai,3146,1782229923.577063,,,
6313,0,svm,max,balanced,cached_mxbai,3147,1782229923.9905822,,,
5431,0,svm,max,balanced,cached_mxbai,3148,1782229924.4033616,,,
8409,0,svm,max,balanced,cached_mxbai,3149,1782229924.811218,,,
5730,0,svm,max,balanced,cached_mxbai,3150,1782229925.229847,,,
7615,0,svm,max,balanced,cached_mxbai,3151,1782229925.6750033,,,
6715,0,svm,max,balanced,cached_mxbai,3152,1782229926.0844774,,,
8859,0,svm,max,balanced,cached_mxbai,3153,1782229926.4979138,,,
6855,0,svm,max,balanced,cached_mxbai,3154,1782229926.9110847,,,
343,0,svm,max,balanced,cached_mxbai,3155,1782229927.3256602,,,
879,0,svm,max,balanced,cached_mxbai,3156,1782229927.7335787,,,
5889,0,svm,max,balanced,cached_mxbai,3157,1782229928.1445985,,,
4848,0,svm,max,balanced,cached_mxbai,3158,1782229928.5608625,,,
7533,0,svm,max,balanced,cached_mxbai,3159,1782229928.9742076,,,
1800,0,svm,max,balanced,cached_mxbai,3160,1782229929.388805,,,
3051,0,svm,max,balanced,cached_mxbai,3161,1782229929.8022208,,,
3522,0,svm,max,balanced,cached_mxbai,3162,1782229930.2202532,,,
5849,0,svm,max,balanced,cached_mxbai,3163,1782229930.6385288,,,
4556,0,svm,max,balanced,cached_mxbai,3164,1782229931.0488575,,,
605,0,svm,max,balanced,cached_mxbai,3165,1782229931.4613955,,,
8173,0,svm,max,balanced,cached_mxbai,3166,1782229931.8712595,,,
5109,0,svm,max,balanced,cached_mxbai,3167,1782229932.285244,,,
6939,0,svm,max,balanced,cached_mxbai,3168,1782229932.6979017,,,
894,0,svm,max,balanced,cached_mxbai,3169,1782229933.106233,,,
7671,0,svm,max,balanced,cached_mxbai,3170,1782229933.5168834,,,
2567,0,svm,max,balanced,cached_mxbai,3171,1782229933.9226353,,,
10269,0,svm,max,balanced,cached_mxbai,3172,1782229934.332666,,,
3751,0,svm,max,balanced,cached_mxbai,3173,1782229934.7438846,,,
2766,0,svm,max,balanced,cached_mxbai,3174,1782229935.1593447,,,
7650,0,svm,max,balanced,cached_mxbai,3175,1782229935.600627,,,
1757,0,svm,max,balanced,cached_mxbai,3176,1782229936.015739,,,
4401,0,svm,max,balanced,cached_mxbai,3177,1782229936.433794,,,
5390,0,svm,max,balanced,cached_mxbai,3178,1782229936.8472135,,,
128,0,svm,max,balanced,cached_mxbai,3179,1782229937.2650764,,,
6474,0,svm,max,balanced,cached_mxbai,3180,1782229937.6796856,,,
1399,0,svm,max,balanced,cached_mxbai,3181,1782229938.097417,,,
5004,0,svm,max,balanced,cached_mxbai,3182,1782229938.5126343,,,
4340,0,svm,max,balanced,cached_mxbai,3183,1782229938.9386423,,,
1187,0,svm,max,balanced,cached_mxbai,3184,1782229939.3514812,,,
10032,0,svm,max,balanced,cached_mxbai,3185,1782229939.7651837,,,
9668,0,svm,max,balanced,cached_mxbai,3186,1782229940.1777408,,,
2332,0,svm,max,balanced,cached_mxbai,3187,1782229940.5940368,,,
6081,0,svm,max,balanced,cached_mxbai,3188,1782229941.0070114,,,
8287,0,svm,max,balanced,cached_mxbai,3189,1782229941.4245768,,,
10163,0,svm,max,balanced,cached_mxbai,3190,1782229941.8434155,,,
4583,0,svm,max,balanced,cached_mxbai,3191,1782229942.258705,,,
3567,0,svm,max,balanced,cached_mxbai,3192,1782229942.683822,,,
82,0,svm,max,balanced,cached_mxbai,3193,1782229943.0986648,,,
6666,0,svm,max,balanced,cached_mxbai,3194,1782229943.513237,,,
4639,0,svm,max,balanced,cached_mxbai,3195,1782229943.9304876,,,
1007,0,svm,max,balanced,cached_mxbai,3196,1782229944.345422,,,
949,0,svm,max,balanced,cached_mxbai,3197,1782229944.7643368,,,
7608,0,svm,max,balanced,cached_mxbai,3198,1782229945.1891384,,,
6689,0,svm,max,balanced,cached_mxbai,3199,1782229945.6337814,,,
7757,0,svm,max,balanced,cached_mxbai,3200,1782229946.0527034,,,
1273,0,svm,max,balanced,cached_mxbai,3201,1782229946.4710867,,,
9546,0,svm,max,balanced,cached_mxbai,3202,1782229946.8870108,,,
1137,0,svm,max,balanced,cached_mxbai,3203,1782229947.3048637,,,
638,0,svm,max,balanced,cached_mxbai,3204,1782229947.722718,,,
4904,0,svm,max,balanced,cached_mxbai,3205,1782229948.1422708,,,
8181,0,svm,max,balanced,cached_mxbai,3206,1782229948.557844,,,
8090,0,svm,max,balanced,cached_mxbai,3207,1782229948.9790316,,,
6698,0,svm,max,balanced,cached_mxbai,3208,1782229949.395639,,,
4794,0,svm,max,balanced,cached_mxbai,3209,1782229949.8147912,,,
7326,0,svm,max,balanced,cached_mxbai,3210,1782229950.2356873,,,
3636,0,svm,max,balanced,cached_mxbai,3211,1782229950.6715443,,,
416,0,svm,max,balanced,cached_mxbai,3212,1782229951.1161342,,,
7674,0,svm,max,balanced,cached_mxbai,3213,1782229951.5387921,,,
1503,0,svm,max,balanced,cached_mxbai,3214,1782229951.9622478,,,
8161,0,svm,max,balanced,cached_mxbai,3215,1782229952.3863237,,,
2197,0,svm,max,balanced,cached_mxbai,3216,1782229952.8087342,,,
4084,0,svm,max,balanced,cached_mxbai,3217,1782229953.2299402,,,
5261,0,svm,max,balanced,cached_mxbai,3218,1782229953.6533904,,,
8414,0,svm,max,balanced,cached_mxbai,3219,1782229954.074083,,,
7532,0,svm,max,balanced,cached_mxbai,3220,1782229954.4928777,,,
4178,0,svm,max,balanced,cached_mxbai,3221,1782229954.9154055,,,
4802,0,svm,max,balanced,cached_mxbai,3222,1782229955.3527498,,,
673,0,svm,max,balanced,cached_mxbai,3223,1782229955.7749724,,,
9858,0,svm,max,balanced,cached_mxbai,3224,1782229956.1936688,,,
7419,0,svm,max,balanced,cached_mxbai,3225,1782229956.6143663,,,
5540,0,svm,max,balanced,cached_mxbai,3226,1782229957.0355902,,,
100,0,svm,max,balanced,cached_mxbai,3227,1782229957.4531305,,,
5073,0,svm,max,balanced,cached_mxbai,3228,1782229957.8722565,,,
7449,0,svm,max,balanced,cached_mxbai,3229,1782229958.292763,,,
8264,0,svm,max,balanced,cached_mxbai,3230,1782229958.7109,,,
3258,0,svm,max,balanced,cached_mxbai,3231,1782229959.1303203,,,
4780,0,svm,max,balanced,cached_mxbai,3232,1782229959.5480814,,,
5101,0,svm,max,balanced,cached_mxbai,3233,1782229959.9674797,,,
956,0,svm,max,balanced,cached_mxbai,3234,1782229960.3927872,,,
337,0,svm,max,balanced,cached_mxbai,3235,1782229960.8507094,,,
3149,0,svm,max,balanced,cached_mxbai,3236,1782229961.280856,,,
9700,0,svm,max,balanced,cached_mxbai,3237,1782229961.699112,,,
8565,0,svm,max,balanced,cached_mxbai,3238,1782229962.117982,,,
162,0,svm,max,balanced,cached_mxbai,3239,1782229962.5377364,,,
6737,0,svm,max,balanced,cached_mxbai,3240,1782229962.9582899,,,
7696,0,svm,max,balanced,cached_mxbai,3241,1782229963.37945,,,
8715,0,svm,max,balanced,cached_mxbai,3242,1782229963.7987392,,,
8207,0,svm,max,balanced,cached_mxbai,3243,1782229964.2222557,,,
3437,0,svm,max,balanced,cached_mxbai,3244,1782229964.642395,,,
7782,0,svm,max,balanced,cached_mxbai,3245,1782229965.0670812,,,
4835,0,svm,max,balanced,cached_mxbai,3246,1782229965.5100148,,,
3719,0,svm,max,balanced,cached_mxbai,3247,1782229965.9520597,,,
6373,0,svm,max,balanced,cached_mxbai,3248,1782229966.3754716,,,
3105,0,svm,max,balanced,cached_mxbai,3249,1782229966.7991946,,,
3896,0,svm,max,balanced,cached_mxbai,3250,1782229967.2189002,,,
2855,0,svm,max,balanced,cached_mxbai,3251,1782229967.6377292,,,
1618,0,svm,max,balanced,cached_mxbai,3252,1782229968.0559864,,,
7783,0,svm,max,balanced,cached_mxbai,3253,1782229968.4768848,,,
8051,0,svm,max,balanced,cached_mxbai,3254,1782229968.9062946,,,
7788,0,svm,max,balanced,cached_mxbai,3255,1782229969.328602,,,
6218,0,svm,max,balanced,cached_mxbai,3256,1782229969.7481332,,,
5993,0,svm,max,balanced,cached_mxbai,3257,1782229970.169804,,,
4432,0,svm,max,balanced,cached_mxbai,3258,1782229970.5888395,,,
4833,0,svm,max,balanced,cached_mxbai,3259,1782229971.0144744,,,
7807,0,svm,max,balanced,cached_mxbai,3260,1782229971.439205,,,
4897,0,svm,max,balanced,cached_mxbai,3261,1782229971.8734343,,,
7429,0,svm,max,balanced,cached_mxbai,3262,1782229972.2990174,,,
4321,0,svm,max,balanced,cached_mxbai,3263,1782229972.7239265,,,
3287,0,svm,max,balanced,cached_mxbai,3264,1782229973.1460106,,,
522,0,svm,max,balanced,cached_mxbai,3265,1782229973.5660882,,,
7386,0,svm,max,balanced,cached_mxbai,3266,1782229973.9943821,,,
9898,0,svm,max,balanced,cached_mxbai,3267,1782229974.4157898,,,
5892,0,svm,max,balanced,cached_mxbai,3268,1782229974.8413937,,,
6252,0,svm,max,balanced,cached_mxbai,3269,1782229975.2823732,,,
4623,0,svm,max,balanced,cached_mxbai,3270,1782229975.713588,,,
3681,0,svm,max,balanced,cached_mxbai,3271,1782229976.1378489,,,
6586,0,svm,max,balanced,cached_mxbai,3272,1782229976.5596356,,,
3706,0,svm,max,balanced,cached_mxbai,3273,1782229976.98475,,,
4405,0,svm,max,balanced,cached_mxbai,3274,1782229977.4157705,,,
1331,0,svm,max,balanced,cached_mxbai,3275,1782229977.838748,,,
4656,0,svm,max,balanced,cached_mxbai,3276,1782229978.2635221,,,
6927,0,svm,max,balanced,cached_mxbai,3277,1782229978.6858754,,,
6578,0,svm,max,balanced,cached_mxbai,3278,1782229979.1084833,,,
6348,0,svm,max,balanced,cached_mxbai,3279,1782229979.5333009,,,
198,0,svm,max,balanced,cached_mxbai,3280,1782229979.9567914,,,
8203,0,svm,max,balanced,cached_mxbai,3281,1782229980.3804712,,,
9140,0,svm,max,balanced,cached_mxbai,3282,1782229980.81651,,,
2250,0,svm,max,balanced,cached_mxbai,3283,1782229981.2503717,,,
2872,0,svm,max,balanced,cached_mxbai,3284,1782229981.6840584,,,
7053,0,svm,max,balanced,cached_mxbai,3285,1782229982.1220977,,,
3453,0,svm,max,balanced,cached_mxbai,3286,1782229982.5622087,,,
4998,0,svm,max,balanced,cached_mxbai,3287,1782229982.9999926,,,
7234,0,svm,max,balanced,cached_mxbai,3288,1782229983.4363832,,,
2700,0,svm,max,balanced,cached_mxbai,3289,1782229983.8727524,,,
618,0,svm,max,balanced,cached_mxbai,3290,1782229984.309044,,,
1515,0,svm,max,balanced,cached_mxbai,3291,1782229984.74754,,,
1091,0,svm,max,balanced,cached_mxbai,3292,1782229985.1909232,,,
9555,0,svm,max,balanced,cached_mxbai,3293,1782229985.6481,,,
2569,0,svm,max,balanced,cached_mxbai,3294,1782229986.0855575,,,
6405,0,svm,max,balanced,cached_mxbai,3295,1782229986.5245967,,,
9863,0,svm,max,balanced,cached_mxbai,3296,1782229986.965913,,,
4146,0,svm,max,balanced,cached_mxbai,3297,1782229987.4033659,,,
9721,0,svm,max,balanced,cached_mxbai,3298,1782229987.8417318,,,
112,0,svm,max,balanced,cached_mxbai,3299,1782229988.2800884,,,
797,0,svm,max,balanced,cached_mxbai,3300,1782229988.7187762,,,
936,0,svm,max,balanced,cached_mxbai,3301,1782229989.1572351,,,
3113,0,svm,max,balanced,cached_mxbai,3302,1782229989.594387,,,
4603,0,svm,max,balanced,cached_mxbai,3303,1782229990.031213,,,
8818,0,svm,max,balanced,cached_mxbai,3304,1782229990.4686685,,,
4756,0,svm,max,balanced,cached_mxbai,3305,1782229990.9085176,,,
3473,0,svm,max,balanced,cached_mxbai,3306,1782229991.3480947,,,
7015,0,svm,max,balanced,cached_mxbai,3307,1782229991.7852826,,,
3275,0,svm,max,balanced,cached_mxbai,3308,1782229992.2226698,,,
354,0,svm,max,balanced,cached_mxbai,3309,1782229992.6666179,,,
2203,0,svm,max,balanced,cached_mxbai,3310,1782229993.1075928,,,
4940,0,svm,max,balanced,cached_mxbai,3311,1782229993.5448596,,,
3589,0,svm,max,balanced,cached_mxbai,3312,1782229993.9881008,,,
10199,0,svm,max,balanced,cached_mxbai,3313,1782229994.4291048,,,
3985,0,svm,max,balanced,cached_mxbai,3314,1782229994.8678408,,,
7472,0,svm,max,balanced,cached_mxbai,3315,1782229995.3341122,,,
5123,0,svm,max,balanced,cached_mxbai,3316,1782229995.7779827,,,
630,0,svm,max,balanced,cached_mxbai,3317,1782229996.2232707,,,
830,0,svm,max,balanced,cached_mxbai,3318,1782229996.6670852,,,
7042,0,svm,max,balanced,cached_mxbai,3319,1782229997.109382,,,
4864,0,svm,max,balanced,cached_mxbai,3320,1782229997.5512376,,,
8568,0,svm,max,balanced,cached_mxbai,3321,1782229997.9938107,,,
3910,0,svm,max,balanced,cached_mxbai,3322,1782229998.4386523,,,
7886,0,svm,max,balanced,cached_mxbai,3323,1782229998.8830338,,,
4387,0,svm,max,balanced,cached_mxbai,3324,1782229999.3225832,,,
601,0,svm,max,balanced,cached_mxbai,3325,1782229999.7612193,,,
3773,0,svm,max,balanced,cached_mxbai,3326,1782230000.2058086,,,
230,0,svm,max,balanced,cached_mxbai,3327,1782230000.6437747,,,
5420,0,svm,max,balanced,cached_mxbai,3328,1782230001.0872505,,,
4777,0,svm,max,balanced,cached_mxbai,3329,1782230001.5326126,,,
270,0,svm,max,balanced,cached_mxbai,3330,1782230001.9725893,,,
4850,0,svm,max,balanced,cached_mxbai,3331,1782230002.4142866,,,
4074,0,svm,max,balanced,cached_mxbai,3332,1782230002.856221,,,
6554,0,svm,max,balanced,cached_mxbai,3333,1782230003.3009768,,,
10260,0,svm,max,balanced,cached_mxbai,3334,1782230003.7374425,,,
2270,0,svm,max,balanced,cached_mxbai,3335,1782230004.1782415,,,
5105,0,svm,max,balanced,cached_mxbai,3336,1782230004.6142437,,,
2460,0,svm,max,balanced,cached_mxbai,3337,1782230005.0717542,,,
7316,0,svm,max,balanced,cached_mxbai,3338,1782230005.5282497,,,
6262,0,svm,max,balanced,cached_mxbai,3339,1782230005.9687974,,,
5118,0,svm,max,balanced,cached_mxbai,3340,1782230006.4102504,,,
9179,0,svm,max,balanced,cached_mxbai,3341,1782230006.8581955,,,
6221,0,svm,max,balanced,cached_mxbai,3342,1782230007.3104727,,,
1195,0,svm,max,balanced,cached_mxbai,3343,1782230007.7615838,,,
5878,0,svm,max,balanced,cached_mxbai,3344,1782230008.2086163,,,
3325,0,svm,max,balanced,cached_mxbai,3345,1782230008.653913,,,
2414,0,svm,max,balanced,cached_mxbai,3346,1782230009.0969691,,,
9427,0,svm,max,balanced,cached_mxbai,3347,1782230009.5438066,,,
4263,0,svm,max,balanced,cached_mxbai,3348,1782230009.9897861,,,
4934,0,svm,max,balanced,cached_mxbai,3349,1782230010.4338443,,,
8576,0,svm,max,balanced,cached_mxbai,3350,1782230010.879147,,,
1340,0,svm,max,balanced,cached_mxbai,3351,1782230011.3276527,,,
1673,0,svm,max,balanced,cached_mxbai,3352,1782230011.7720292,,,
4220,0,svm,max,balanced,cached_mxbai,3353,1782230012.2176318,,,
1140,0,svm,max,balanced,cached_mxbai,3354,1782230012.669808,,,
2917,0,svm,max,balanced,cached_mxbai,3355,1782230013.1210117,,,
9053,0,svm,max,balanced,cached_mxbai,3356,1782230013.570557,,,
4512,0,svm,max,balanced,cached_mxbai,3357,1782230014.0193381,,,
3975,0,svm,max,balanced,cached_mxbai,3358,1782230014.473328,,,
7436,0,svm,max,balanced,cached_mxbai,3359,1782230014.9188182,,,
8947,0,svm,max,balanced,cached_mxbai,3360,1782230015.3898444,,,
794,0,svm,max,balanced,cached_mxbai,3361,1782230015.8381064,,,
5806,0,svm,max,balanced,cached_mxbai,3362,1782230016.2930229,,,
4922,0,svm,max,balanced,cached_mxbai,3363,1782230016.742216,,,
6814,0,svm,max,balanced,cached_mxbai,3364,1782230017.194078,,,
8785,0,svm,max,balanced,cached_mxbai,3365,1782230017.6442227,,,
3964,0,svm,max,balanced,cached_mxbai,3366,1782230018.0920243,,,
4641,0,svm,max,balanced,cached_mxbai,3367,1782230018.539986,,,
4171,0,svm,max,balanced,cached_mxbai,3368,1782230018.9881635,,,
3678,0,svm,max,balanced,cached_mxbai,3369,1782230019.4379487,,,
8327,0,svm,max,balanced,cached_mxbai,3370,1782230019.8880477,,,
9626,0,svm,max,balanced,cached_mxbai,3371,1782230020.339763,,,
167,0,svm,max,balanced,cached_mxbai,3372,1782230020.7880788,,,
7123,0,svm,max,balanced,cached_mxbai,3373,1782230021.279336,,,
4071,0,svm,max,balanced,cached_mxbai,3374,1782230021.765717,,,
4883,0,svm,max,balanced,cached_mxbai,3375,1782230022.2295835,,,
7892,0,svm,max,balanced,cached_mxbai,3376,1782230022.682958,,,
7621,0,svm,max,balanced,cached_mxbai,3377,1782230023.1338193,,,
6057,0,svm,max,balanced,cached_mxbai,3378,1782230023.5802948,,,
1701,0,svm,max,balanced,cached_mxbai,3379,1782230024.0255764,,,
3765,0,svm,max,balanced,cached_mxbai,3380,1782230024.4760125,,,
225,0,svm,max,balanced,cached_mxbai,3381,1782230024.9256976,,,
5770,0,svm,max,balanced,cached_mxbai,3382,1782230025.3911695,,,
7883,0,svm,max,balanced,cached_mxbai,3383,1782230025.8432627,,,
10126,0,svm,max,balanced,cached_mxbai,3384,1782230026.2910101,,,
754,0,svm,max,balanced,cached_mxbai,3385,1782230026.7428782,,,
4594,0,svm,max,balanced,cached_mxbai,3386,1782230027.1950877,,,
9163,0,svm,max,balanced,cached_mxbai,3387,1782230027.6444402,,,
3860,0,svm,max,balanced,cached_mxbai,3388,1782230028.0911124,,,
8773,0,svm,max,balanced,cached_mxbai,3389,1782230028.5484421,,,
4384,0,svm,max,balanced,cached_mxbai,3390,1782230029.000402,,,
5546,0,svm,max,balanced,cached_mxbai,3391,1782230029.4519258,,,
4509,0,svm,max,balanced,cached_mxbai,3392,1782230029.9063551,,,
4005,0,svm,max,balanced,cached_mxbai,3393,1782230030.36198,,,
659,0,svm,max,balanced,cached_mxbai,3394,1782230030.8122272,,,
5906,0,svm,max,balanced,cached_mxbai,3395,1782230031.267866,,,
9523,0,svm,max,balanced,cached_mxbai,3396,1782230031.7190375,,,
6756,0,svm,max,balanced,cached_mxbai,3397,1782230032.1759126,,,
3545,0,svm,max,balanced,cached_mxbai,3398,1782230032.629254,,,
2028,0,svm,max,balanced,cached_mxbai,3399,1782230033.0850735,,,
5191,0,svm,max,balanced,cached_mxbai,3400,1782230033.5414789,,,
8611,0,svm,max,balanced,cached_mxbai,3401,1782230033.99467,,,
4739,0,svm,max,balanced,cached_mxbai,3402,1782230034.44653,,,
6584,0,svm,max,balanced,cached_mxbai,3403,1782230034.899982,,,
3948,0,svm,max,balanced,cached_mxbai,3404,1782230035.3708994,,,
7936,0,svm,max,balanced,cached_mxbai,3405,1782230035.831388,,,
1207,0,svm,max,balanced,cached_mxbai,3406,1782230036.288369,,,
8728,0,svm,max,balanced,cached_mxbai,3407,1782230036.742876,,,
7221,0,svm,max,balanced,cached_mxbai,3408,1782230037.207279,,,
2551,0,svm,max,balanced,cached_mxbai,3409,1782230037.665779,,,
5192,0,svm,max,balanced,cached_mxbai,3410,1782230038.13402,,,
6772,0,svm,max,balanced,cached_mxbai,3411,1782230038.6067915,,,
7224,0,svm,max,balanced,cached_mxbai,3412,1782230039.0679011,,,
4891,0,svm,max,balanced,cached_mxbai,3413,1782230039.5269651,,,
10584,0,svm,max,balanced,cached_mxbai,3414,1782230039.9837253,,,
5133,0,svm,max,balanced,cached_mxbai,3415,1782230040.4436288,,,
9373,0,svm,max,balanced,cached_mxbai,3416,1782230040.9046779,,,
671,0,svm,max,balanced,cached_mxbai,3417,1782230041.3596244,,,
1144,0,svm,max,balanced,cached_mxbai,3418,1782230041.815799,,,
5158,0,svm,max,balanced,cached_mxbai,3419,1782230042.2788584,,,
6728,0,svm,max,balanced,cached_mxbai,3420,1782230042.7406008,,,
10020,0,svm,max,balanced,cached_mxbai,3421,1782230043.2013454,,,
9426,0,svm,max,balanced,cached_mxbai,3422,1782230043.662328,,,
4199,0,svm,max,balanced,cached_mxbai,3423,1782230044.1183047,,,
8406,0,svm,max,balanced,cached_mxbai,3424,1782230044.578396,,,
6206,0,svm,max,balanced,cached_mxbai,3425,1782230045.0378275,,,
3172,0,svm,max,balanced,cached_mxbai,3426,1782230045.5133843,,,
10366,0,svm,max,balanced,cached_mxbai,3427,1782230045.9777138,,,
4572,0,svm,max,balanced,cached_mxbai,3428,1782230046.4366531,,,
4433,0,svm,max,balanced,cached_mxbai,3429,1782230046.8983846,,,
3450,0,svm,max,balanced,cached_mxbai,3430,1782230047.3549702,,,
6290,0,svm,max,balanced,cached_mxbai,3431,1782230047.8167498,,,
3824,0,svm,max,balanced,cached_mxbai,3432,1782230048.2768307,,,
36,0,svm,max,balanced,cached_mxbai,3433,1782230048.8002486,,,
8130,0,svm,max,balanced,cached_mxbai,3434,1782230049.2644618,,,
3766,0,svm,max,balanced,cached_mxbai,3435,1782230049.7298043,,,
1801,0,svm,max,balanced,cached_mxbai,3436,1782230050.1884642,,,
3086,0,svm,max,balanced,cached_mxbai,3437,1782230050.6536038,,,
4590,0,svm,max,balanced,cached_mxbai,3438,1782230051.1110015,,,
5162,0,svm,max,balanced,cached_mxbai,3439,1782230051.5687551,,,
7581,0,svm,max,balanced,cached_mxbai,3440,1782230052.035744,,,
4009,0,svm,max,balanced,cached_mxbai,3441,1782230052.5052538,,,
878,0,svm,max,balanced,cached_mxbai,3442,1782230052.966004,,,
411,0,svm,max,balanced,cached_mxbai,3443,1782230053.4267535,,,
9734,0,svm,max,balanced,cached_mxbai,3444,1782230053.885664,,,
3060,0,svm,max,balanced,cached_mxbai,3445,1782230054.3454459,,,
7004,0,svm,max,balanced,cached_mxbai,3446,1782230054.8062766,,,
4691,0,svm,max,balanced,cached_mxbai,3447,1782230055.2891119,,,
4174,0,svm,max,balanced,cached_mxbai,3448,1782230055.7514005,,,
6944,0,svm,max,balanced,cached_mxbai,3449,1782230056.2152054,,,
3884,0,svm,max,balanced,cached_mxbai,3450,1782230056.6806092,,,
772,0,svm,max,balanced,cached_mxbai,3451,1782230057.1399906,,,
5882,0,svm,max,balanced,cached_mxbai,3452,1782230057.5999334,,,
2372,0,svm,max,balanced,cached_mxbai,3453,1782230058.0562766,,,
10284,0,svm,max,balanced,cached_mxbai,3454,1782230058.5173266,,,
4439,0,svm,max,balanced,cached_mxbai,3455,1782230058.976962,,,
3815,0,svm,max,balanced,cached_mxbai,3456,1782230059.435075,,,
4704,0,svm,max,balanced,cached_mxbai,3457,1782230059.8962398,,,
9336,0,svm,max,balanced,cached_mxbai,3458,1782230060.3551314,,,
3907,0,svm,max,balanced,cached_mxbai,3459,1782230060.8135345,,,
4832,0,svm,max,balanced,cached_mxbai,3460,1782230061.2741497,,,
10089,0,svm,max,balanced,cached_mxbai,3461,1782230061.7372985,,,
7606,0,svm,max,balanced,cached_mxbai,3462,1782230062.195567,,,
1477,0,svm,max,balanced,cached_mxbai,3463,1782230062.6575296,,,
1132,0,svm,max,balanced,cached_mxbai,3464,1782230063.1132178,,,
3518,0,svm,max,balanced,cached_mxbai,3465,1782230063.5752985,,,
7657,0,svm,max,balanced,cached_mxbai,3466,1782230064.0324757,,,
3875,0,svm,max,balanced,cached_mxbai,3467,1782230064.4950933,,,
2344,0,svm,max,balanced,cached_mxbai,3468,1782230064.956124,,,
3263,0,svm,max,balanced,cached_mxbai,3469,1782230065.4469793,,,
10314,0,svm,max,balanced,cached_mxbai,3470,1782230065.9085438,,,
7645,0,svm,max,balanced,cached_mxbai,3471,1782230066.3695881,,,
6662,0,svm,max,balanced,cached_mxbai,3472,1782230066.835803,,,
5659,0,svm,max,balanced,cached_mxbai,3473,1782230067.2936528,,,
7729,0,svm,max,balanced,cached_mxbai,3474,1782230067.7600117,,,
2351,0,svm,max,balanced,cached_mxbai,3475,1782230068.2216053,,,
2215,0,svm,max,balanced,cached_mxbai,3476,1782230068.6850526,,,
4248,0,svm,max,balanced,cached_mxbai,3477,1782230069.1457093,,,
6868,0,svm,max,balanced,cached_mxbai,3478,1782230069.6126602,,,
1612,0,svm,max,balanced,cached_mxbai,3479,1782230070.08938,,,
651,0,svm,max,balanced,cached_mxbai,3480,1782230070.5567613,,,
3499,0,svm,max,balanced,cached_mxbai,3481,1782230071.0273242,,,
1495,0,svm,max,balanced,cached_mxbai,3482,1782230071.491762,,,
4347,0,svm,max,balanced,cached_mxbai,3483,1782230071.9587903,,,
441,0,svm,max,balanced,cached_mxbai,3484,1782230072.4228914,,,
4430,0,svm,max,balanced,cached_mxbai,3485,1782230072.882494,,,
1478,0,svm,max,balanced,cached_mxbai,3486,1782230073.3454943,,,
3900,0,svm,max,balanced,cached_mxbai,3487,1782230073.8144634,,,
9469,0,svm,max,balanced,cached_mxbai,3488,1782230074.2773345,,,
8157,0,svm,max,balanced,cached_mxbai,3489,1782230074.7440453,,,
4170,0,svm,max,balanced,cached_mxbai,3490,1782230075.2113125,,,
7529,0,svm,max,balanced,cached_mxbai,3491,1782230075.709184,,,
374,0,svm,max,balanced,cached_mxbai,3492,1782230076.1752012,,,
2415,0,svm,max,balanced,cached_mxbai,3493,1782230076.6421092,,,
5065,0,svm,max,balanced,cached_mxbai,3494,1782230077.1074965,,,
108,0,svm,max,balanced,cached_mxbai,3495,1782230077.5728416,,,
3410,0,svm,max,balanced,cached_mxbai,3496,1782230078.0401587,,,
1359,0,svm,max,balanced,cached_mxbai,3497,1782230078.5076585,,,
5607,0,svm,max,balanced,cached_mxbai,3498,1782230078.97723,,,
3219,0,svm,max,balanced,cached_mxbai,3499,1782230079.4427536,,,
9375,0,svm,max,balanced,cached_mxbai,3500,1782230079.9120328,,,
6610,0,svm,max,balanced,cached_mxbai,3501,1782230080.3763018,,,
1624,0,svm,max,balanced,cached_mxbai,3502,1782230080.8449984,,,
674,0,svm,max,balanced,cached_mxbai,3503,1782230081.306986,,,
3573,0,svm,max,balanced,cached_mxbai,3504,1782230081.7739673,,,
3978,0,svm,max,balanced,cached_mxbai,3505,1782230082.2378924,,,
4027,0,svm,max,balanced,cached_mxbai,3506,1782230082.708926,,,
9331,0,svm,max,balanced,cached_mxbai,3507,1782230083.1717317,,,
8641,0,svm,max,balanced,cached_mxbai,3508,1782230083.638678,,,
5006,0,svm,max,balanced,cached_mxbai,3509,1782230084.1071258,,,
6567,0,svm,max,balanced,cached_mxbai,3510,1782230084.5765157,,,
4906,0,svm,max,balanced,cached_mxbai,3511,1782230085.050485,,,
1783,0,svm,max,balanced,cached_mxbai,3512,1782230085.5344403,,,
6571,0,svm,max,balanced,cached_mxbai,3513,1782230086.009584,,,
9458,0,svm,max,balanced,cached_mxbai,3514,1782230086.4790723,,,
1913,0,svm,max,balanced,cached_mxbai,3515,1782230086.949524,,,
4060,0,svm,max,balanced,cached_mxbai,3516,1782230087.4178128,,,
3214,0,svm,max,balanced,cached_mxbai,3517,1782230087.886142,,,
1332,0,svm,max,balanced,cached_mxbai,3518,1782230088.3553064,,,
5829,0,svm,max,balanced,cached_mxbai,3519,1782230088.8292603,,,
2949,0,svm,max,balanced,cached_mxbai,3520,1782230089.3026657,,,
3596,0,svm,max,balanced,cached_mxbai,3521,1782230089.773827,,,
4644,0,svm,max,balanced,cached_mxbai,3522,1782230090.2432718,,,
8466,0,svm,max,balanced,cached_mxbai,3523,1782230090.7140255,,,
7746,0,svm,max,balanced,cached_mxbai,3524,1782230091.188277,,,
6247,0,svm,max,balanced,cached_mxbai,3525,1782230091.6569173,,,
5641,0,svm,max,balanced,cached_mxbai,3526,1782230092.1262465,,,
1268,0,svm,max,balanced,cached_mxbai,3527,1782230092.5993836,,,
5195,0,svm,max,balanced,cached_mxbai,3528,1782230093.074599,,,
10468,0,svm,max,balanced,cached_mxbai,3529,1782230093.5432935,,,
763,0,svm,max,balanced,cached_mxbai,3530,1782230094.0219302,,,
4849,0,svm,max,balanced,cached_mxbai,3531,1782230094.4914212,,,
6082,0,svm,max,balanced,cached_mxbai,3532,1782230094.9659946,,,
3276,0,svm,max,balanced,cached_mxbai,3533,1782230095.4523244,,,
2130,0,svm,max,balanced,cached_mxbai,3534,1782230095.9428952,,,
10434,0,svm,max,balanced,cached_mxbai,3535,1782230096.4138324,,,
6294,0,svm,max,balanced,cached_mxbai,3536,1782230096.8853276,,,
6998,0,svm,max,balanced,cached_mxbai,3537,1782230097.3600848,,,
6142,0,svm,max,balanced,cached_mxbai,3538,1782230097.834851,,,
4312,0,svm,max,balanced,cached_mxbai,3539,1782230098.3056164,,,
7494,0,svm,max,balanced,cached_mxbai,3540,1782230098.7789557,,,
5980,0,svm,max,balanced,cached_mxbai,3541,1782230099.2495618,,,
2229,0,svm,max,balanced,cached_mxbai,3542,1782230099.7191083,,,
300,0,svm,max,balanced,cached_mxbai,3543,1782230100.1857579,,,
7700,0,svm,max,balanced,cached_mxbai,3544,1782230100.656105,,,
4140,0,svm,max,balanced,cached_mxbai,3545,1782230101.1289978,,,
7037,0,svm,max,balanced,cached_mxbai,3546,1782230101.6013422,,,
2496,0,svm,max,balanced,cached_mxbai,3547,1782230102.0728261,,,
2789,0,svm,max,balanced,cached_mxbai,3548,1782230102.5452902,,,
9619,0,svm,max,balanced,cached_mxbai,3549,1782230103.0174725,,,
2438,0,svm,max,balanced,cached_mxbai,3550,1782230103.4882555,,,
7008,0,svm,max,balanced,cached_mxbai,3551,1782230103.9715722,,,
4239,0,svm,max,balanced,cached_mxbai,3552,1782230104.443789,,,
3356,0,svm,max,balanced,cached_mxbai,3553,1782230104.9178593,,,
7509,0,svm,max,balanced,cached_mxbai,3554,1782230105.4061644,,,
5796,0,svm,max,balanced,cached_mxbai,3555,1782230105.8785617,,,
7325,0,svm,max,balanced,cached_mxbai,3556,1782230106.3516586,,,
10331,0,svm,max,balanced,cached_mxbai,3557,1782230106.8265047,,,
2801,0,svm,max,balanced,cached_mxbai,3558,1782230107.300826,,,
2211,0,svm,max,balanced,cached_mxbai,3559,1782230107.7786217,,,
6731,0,svm,max,balanced,cached_mxbai,3560,1782230108.2585258,,,
8000,0,svm,max,balanced,cached_mxbai,3561,1782230108.7316368,,,
9939,0,svm,max,balanced,cached_mxbai,3562,1782230109.2094235,,,
3979,0,svm,max,balanced,cached_mxbai,3563,1782230109.6859648,,,
2445,0,svm,max,balanced,cached_mxbai,3564,1782230110.1622045,,,
7124,0,svm,max,balanced,cached_mxbai,3565,1782230110.6373975,,,
1301,0,svm,max,balanced,cached_mxbai,3566,1782230111.1152756,,,
4858,0,svm,max,balanced,cached_mxbai,3567,1782230111.5940638,,,
4665,0,svm,max,balanced,cached_mxbai,3568,1782230112.0804002,,,
991,0,svm,max,balanced,cached_mxbai,3569,1782230112.5929234,,,
1395,0,svm,max,balanced,cached_mxbai,3570,1782230113.0969532,,,
3304,0,svm,max,balanced,cached_mxbai,3571,1782230113.5808074,,,
4899,0,svm,max,balanced,cached_mxbai,3572,1782230114.063614,,,
6368,0,svm,max,balanced,cached_mxbai,3573,1782230114.5408673,,,
4059,0,svm,max,balanced,cached_mxbai,3574,1782230115.0296204,,,
8585,0,svm,max,balanced,cached_mxbai,3575,1782230115.531101,,,
9729,0,svm,max,balanced,cached_mxbai,3576,1782230116.0155554,,,
10017,0,svm,max,balanced,cached_mxbai,3577,1782230116.4909124,,,
9223,0,svm,max,balanced,cached_mxbai,3578,1782230116.9686337,,,
4685,0,svm,max,balanced,cached_mxbai,3579,1782230117.445836,,,
6742,0,svm,max,balanced,cached_mxbai,3580,1782230117.922213,,,
718,0,svm,max,balanced,cached_mxbai,3581,1782230118.4033363,,,
3620,0,svm,max,balanced,cached_mxbai,3582,1782230118.8836498,,,
10371,0,svm,max,balanced,cached_mxbai,3583,1782230119.3612423,,,
1780,0,svm,max,balanced,cached_mxbai,3584,1782230119.837253,,,
3613,0,svm,max,balanced,cached_mxbai,3585,1782230120.3202837,,,
3189,0,svm,max,balanced,cached_mxbai,3586,1782230120.7963736,,,
6495,0,svm,max,balanced,cached_mxbai,3587,1782230121.2762027,,,
1868,0,svm,max,balanced,cached_mxbai,3588,1782230121.755265,,,
5885,0,svm,max,balanced,cached_mxbai,3589,1782230122.22987,,,
3303,0,svm,max,balanced,cached_mxbai,3590,1782230122.7110925,,,
6498,0,svm,max,balanced,cached_mxbai,3591,1782230123.1986518,,,
3659,0,svm,max,balanced,cached_mxbai,3592,1782230123.6783044,,,
4681,0,svm,max,balanced,cached_mxbai,3593,1782230124.1580915,,,
5156,0,svm,max,balanced,cached_mxbai,3594,1782230124.6393352,,,
9072,0,svm,max,balanced,cached_mxbai,3595,1782230125.128184,,,
8357,0,svm,max,balanced,cached_mxbai,3596,1782230125.6266973,,,
5654,0,svm,max,balanced,cached_mxbai,3597,1782230126.1089122,,,
1256,0,svm,max,balanced,cached_mxbai,3598,1782230126.5858805,,,
5855,0,svm,max,balanced,cached_mxbai,3599,1782230127.0657327,,,
1065,0,svm,max,balanced,cached_mxbai,3600,1782230127.5435975,,,
935,0,svm,max,balanced,cached_mxbai,3601,1782230128.0294733,,,
7528,0,svm,max,balanced,cached_mxbai,3602,1782230128.510588,,,
7208,0,svm,max,balanced,cached_mxbai,3603,1782230128.988773,,,
9784,0,svm,max,balanced,cached_mxbai,3604,1782230129.473459,,,
7218,0,svm,max,balanced,cached_mxbai,3605,1782230129.9505246,,,
4605,0,svm,max,balanced,cached_mxbai,3606,1782230130.4340243,,,
1881,0,svm,max,balanced,cached_mxbai,3607,1782230130.9154606,,,
4024,0,svm,max,balanced,cached_mxbai,3608,1782230131.3970711,,,
3859,0,svm,max,balanced,cached_mxbai,3609,1782230131.8759806,,,
7138,0,svm,max,balanced,cached_mxbai,3610,1782230132.3578613,,,
3269,0,svm,max,balanced,cached_mxbai,3611,1782230132.8441083,,,
4117,0,svm,max,balanced,cached_mxbai,3612,1782230133.3388774,,,
3817,0,svm,max,balanced,cached_mxbai,3613,1782230133.819676,,,
1265,0,svm,max,balanced,cached_mxbai,3614,1782230134.3003037,,,
6890,0,svm,max,balanced,cached_mxbai,3615,1782230134.7815611,,,
5528,0,svm,max,balanced,cached_mxbai,3616,1782230135.2790866,,,
4271,0,svm,max,balanced,cached_mxbai,3617,1782230135.7599852,,,
49,0,svm,max,balanced,cached_mxbai,3618,1782230136.2454839,,,
1295,0,svm,max,balanced,cached_mxbai,3619,1782230136.7359002,,,
10256,0,svm,max,balanced,cached_mxbai,3620,1782230137.2157028,,,
3721,0,svm,max,balanced,cached_mxbai,3621,1782230137.6973655,,,
56,0,svm,max,balanced,cached_mxbai,3622,1782230138.178335,,,
5434,0,svm,max,balanced,cached_mxbai,3623,1782230138.6590369,,,
2553,0,svm,max,balanced,cached_mxbai,3624,1782230139.1414142,,,
980,0,svm,max,balanced,cached_mxbai,3625,1782230139.6217268,,,
8883,0,svm,max,balanced,cached_mxbai,3626,1782230140.1070857,,,
6341,0,svm,max,balanced,cached_mxbai,3627,1782230140.5877995,,,
4075,0,svm,max,balanced,cached_mxbai,3628,1782230141.0741217,,,
3443,0,svm,max,balanced,cached_mxbai,3629,1782230141.5584226,,,
3337,0,svm,max,balanced,cached_mxbai,3630,1782230142.0420265,,,
2677,0,svm,max,balanced,cached_mxbai,3631,1782230142.5296588,,,
2805,0,svm,max,balanced,cached_mxbai,3632,1782230143.010246,,,
8374,0,svm,max,balanced,cached_mxbai,3633,1782230143.4934216,,,
9330,0,svm,max,balanced,cached_mxbai,3634,1782230143.9765704,,,
10010,0,svm,max,balanced,cached_mxbai,3635,1782230144.462026,,,
4901,0,svm,max,balanced,cached_mxbai,3636,1782230144.948506,,,
3807,0,svm,max,balanced,cached_mxbai,3637,1782230145.4532237,,,
4067,0,svm,max,balanced,cached_mxbai,3638,1782230145.938475,,,
1180,0,svm,max,balanced,cached_mxbai,3639,1782230146.42442,,,
10541,0,svm,max,balanced,cached_mxbai,3640,1782230146.9090464,,,
8258,0,svm,max,balanced,cached_mxbai,3641,1782230147.3945634,,,
3207,0,svm,max,balanced,cached_mxbai,3642,1782230147.8789837,,,
10332,0,svm,max,balanced,cached_mxbai,3643,1782230148.3636518,,,
3520,0,svm,max,balanced,cached_mxbai,3644,1782230148.849729,,,
8399,0,svm,max,balanced,cached_mxbai,3645,1782230149.3343651,,,
3397,0,svm,max,balanced,cached_mxbai,3646,1782230149.8222551,,,
2464,0,svm,max,balanced,cached_mxbai,3647,1782230150.3142247,,,
8184,0,svm,max,balanced,cached_mxbai,3648,1782230150.8044984,,,
6709,0,svm,max,balanced,cached_mxbai,3649,1782230151.2926385,,,
8129,0,svm,max,balanced,cached_mxbai,3650,1782230151.7765036,,,
1034,0,svm,max,balanced,cached_mxbai,3651,1782230152.2629566,,,
9166,0,svm,max,balanced,cached_mxbai,3652,1782230152.7508483,,,
924,0,svm,max,balanced,cached_mxbai,3653,1782230153.2382858,,,
7755,0,svm,max,balanced,cached_mxbai,3654,1782230153.7242672,,,
8702,0,svm,max,balanced,cached_mxbai,3655,1782230154.2096455,,,
1308,0,svm,max,balanced,cached_mxbai,3656,1782230154.6933944,,,
2055,0,svm,max,balanced,cached_mxbai,3657,1782230155.184971,,,
4196,0,svm,max,balanced,cached_mxbai,3658,1782230155.6982908,,,
4822,0,svm,max,balanced,cached_mxbai,3659,1782230156.1972578,,,
7261,0,svm,max,balanced,cached_mxbai,3660,1782230156.6870253,,,
6253,0,svm,max,balanced,cached_mxbai,3661,1782230157.1797202,,,
8783,0,svm,max,balanced,cached_mxbai,3662,1782230157.6711986,,,
7938,0,svm,max,balanced,cached_mxbai,3663,1782230158.158793,,,
1749,0,svm,max,balanced,cached_mxbai,3664,1782230158.6521196,,,
2515,0,svm,max,balanced,cached_mxbai,3665,1782230159.1387491,,,
2566,0,svm,max,balanced,cached_mxbai,3666,1782230159.6290379,,,
8963,0,svm,max,balanced,cached_mxbai,3667,1782230160.1151888,,,
10069,0,svm,max,balanced,cached_mxbai,3668,1782230160.607179,,,
5246,0,svm,max,balanced,cached_mxbai,3669,1782230161.0944781,,,
5070,0,svm,max,balanced,cached_mxbai,3670,1782230161.5866976,,,
156,0,svm,max,balanced,cached_mxbai,3671,1782230162.0752196,,,
5554,0,svm,max,balanced,cached_mxbai,3672,1782230162.5645738,,,
7297,0,svm,max,balanced,cached_mxbai,3673,1782230163.0581317,,,
7818,0,svm,max,balanced,cached_mxbai,3674,1782230163.5491068,,,
3069,0,svm,max,balanced,cached_mxbai,3675,1782230164.0401769,,,
7999,0,svm,max,balanced,cached_mxbai,3676,1782230164.5265803,,,
3368,0,svm,max,balanced,cached_mxbai,3677,1782230165.02748,,,
4727,0,svm,max,balanced,cached_mxbai,3678,1782230165.543312,,,
2693,0,svm,max,balanced,cached_mxbai,3679,1782230166.0461411,,,
3652,0,svm,max,balanced,cached_mxbai,3680,1782230166.549757,,,
395,0,svm,max,balanced,cached_mxbai,3681,1782230167.0559688,,,
10544,0,svm,max,balanced,cached_mxbai,3682,1782230167.5610678,,,
6452,0,svm,max,balanced,cached_mxbai,3683,1782230168.0668962,,,
5032,0,svm,max,balanced,cached_mxbai,3684,1782230168.5695627,,,
1798,0,svm,max,balanced,cached_mxbai,3685,1782230169.072148,,,
609,0,svm,max,balanced,cached_mxbai,3686,1782230169.5786045,,,
7444,0,svm,max,balanced,cached_mxbai,3687,1782230170.0906126,,,
9298,0,svm,max,balanced,cached_mxbai,3688,1782230170.597304,,,
163,0,svm,max,balanced,cached_mxbai,3689,1782230171.1043584,,,
1979,0,svm,max,balanced,cached_mxbai,3690,1782230171.6100163,,,
140,0,svm,max,balanced,cached_mxbai,3691,1782230172.113699,,,
7512,0,svm,max,balanced,cached_mxbai,3692,1782230172.621304,,,
8763,0,svm,max,balanced,cached_mxbai,3693,1782230173.128872,,,
8548,0,svm,max,balanced,cached_mxbai,3694,1782230173.6379688,,,
2793,0,svm,max,balanced,cached_mxbai,3695,1782230174.1458974,,,
1889,0,svm,max,balanced,cached_mxbai,3696,1782230174.653908,,,
456,0,svm,max,balanced,cached_mxbai,3697,1782230175.1648307,,,
4995,0,svm,max,balanced,cached_mxbai,3698,1782230175.7051563,,,
4249,0,svm,max,balanced,cached_mxbai,3699,1782230176.214171,,,
8603,0,svm,max,balanced,cached_mxbai,3700,1782230176.7212734,,,
168,0,svm,max,balanced,cached_mxbai,3701,1782230177.225789,,,
8974,0,svm,max,balanced,cached_mxbai,3702,1782230177.7298076,,,
9300,0,svm,max,balanced,cached_mxbai,3703,1782230178.2329488,,,
4714,0,svm,max,balanced,cached_mxbai,3704,1782230178.737841,,,
3116,0,svm,max,balanced,cached_mxbai,3705,1782230179.24331,,,
581,0,svm,max,balanced,cached_mxbai,3706,1782230179.7495477,,,
10469,0,svm,max,balanced,cached_mxbai,3707,1782230180.2558792,,,
8028,0,svm,max,balanced,cached_mxbai,3708,1782230180.7630968,,,
2922,0,svm,max,balanced,cached_mxbai,3709,1782230181.2726529,,,
9362,0,svm,max,balanced,cached_mxbai,3710,1782230181.7805882,,,
9900,0,svm,max,balanced,cached_mxbai,3711,1782230182.286762,,,
2301,0,svm,max,balanced,cached_mxbai,3712,1782230182.7961884,,,
6938,0,svm,max,balanced,cached_mxbai,3713,1782230183.3020198,,,
1998,0,svm,max,balanced,cached_mxbai,3714,1782230183.8088171,,,
8328,0,svm,max,balanced,cached_mxbai,3715,1782230184.3185074,,,
3944,0,svm,max,balanced,cached_mxbai,3716,1782230184.825569,,,
5523,0,svm,max,balanced,cached_mxbai,3717,1782230185.3543544,,,
5582,0,svm,max,balanced,cached_mxbai,3718,1782230185.8652918,,,
3511,0,svm,max,balanced,cached_mxbai,3719,1782230186.3749442,,,
5030,0,svm,max,balanced,cached_mxbai,3720,1782230186.8835742,,,
1363,0,svm,max,balanced,cached_mxbai,3721,1782230187.3899918,,,
764,0,svm,max,balanced,cached_mxbai,3722,1782230187.9032755,,,
6214,0,svm,max,balanced,cached_mxbai,3723,1782230188.4165616,,,
6600,0,svm,max,balanced,cached_mxbai,3724,1782230188.9271593,,,
5768,0,svm,max,balanced,cached_mxbai,3725,1782230189.4349992,,,
7908,0,svm,max,balanced,cached_mxbai,3726,1782230189.9459698,,,
5189,0,svm,max,balanced,cached_mxbai,3727,1782230190.453029,,,
9175,0,svm,max,balanced,cached_mxbai,3728,1782230190.9679387,,,
4233,0,svm,max,balanced,cached_mxbai,3729,1782230191.4764519,,,
8464,0,svm,max,balanced,cached_mxbai,3730,1782230191.9909897,,,
7073,0,svm,max,balanced,cached_mxbai,3731,1782230192.5020652,,,
5553,0,svm,max,balanced,cached_mxbai,3732,1782230193.0152156,,,
10353,0,svm,max,balanced,cached_mxbai,3733,1782230193.5261602,,,
4169,0,svm,max,balanced,cached_mxbai,3734,1782230194.0385633,,,
5489,0,svm,max,balanced,cached_mxbai,3735,1782230194.5436988,,,
4446,0,svm,max,balanced,cached_mxbai,3736,1782230195.0599673,,,
7918,0,svm,max,balanced,cached_mxbai,3737,1782230195.580874,,,
8104,0,svm,max,balanced,cached_mxbai,3738,1782230196.0917578,,,
7198,0,svm,max,balanced,cached_mxbai,3739,1782230196.6028342,,,
7525,0,svm,max,balanced,cached_mxbai,3740,1782230197.1121812,,,
3463,0,svm,max,balanced,cached_mxbai,3741,1782230197.6256185,,,
6978,0,svm,max,balanced,cached_mxbai,3742,1782230198.1354465,,,
8008,0,svm,max,balanced,cached_mxbai,3743,1782230198.6484728,,,
5171,0,svm,max,balanced,cached_mxbai,3744,1782230199.1611123,,,
7965,0,svm,max,balanced,cached_mxbai,3745,1782230199.6740854,,,
2780,0,svm,max,balanced,cached_mxbai,3746,1782230200.1868277,,,
3911,0,svm,max,balanced,cached_mxbai,3747,1782230200.7015488,,,
3244,0,svm,max,balanced,cached_mxbai,3748,1782230201.2181127,,,
9644,0,svm,max,balanced,cached_mxbai,3749,1782230201.727373,,,
4939,0,svm,max,balanced,cached_mxbai,3750,1782230202.2345657,,,
1907,0,svm,max,balanced,cached_mxbai,3751,1782230202.7538874,,,
2300,0,svm,max,balanced,cached_mxbai,3752,1782230203.2748692,,,
6470,0,svm,max,balanced,cached_mxbai,3753,1782230203.8236818,,,
875,0,svm,max,balanced,cached_mxbai,3754,1782230204.3517504,,,
5222,0,svm,max,balanced,cached_mxbai,3755,1782230204.8642795,,,
5648,0,svm,max,balanced,cached_mxbai,3756,1782230205.3902829,,,
2337,0,svm,max,balanced,cached_mxbai,3757,1782230205.9088178,,,
126,0,svm,max,balanced,cached_mxbai,3758,1782230206.418169,,,
9419,0,svm,max,balanced,cached_mxbai,3759,1782230206.9344504,,,
5064,0,svm,max,balanced,cached_mxbai,3760,1782230207.451936,,,
196,0,svm,max,balanced,cached_mxbai,3761,1782230207.9665792,,,
7941,0,svm,max,balanced,cached_mxbai,3762,1782230208.4769392,,,
10102,0,svm,max,balanced,cached_mxbai,3763,1782230208.986559,,,
186,0,svm,max,balanced,cached_mxbai,3764,1782230209.4985213,,,
2353,0,svm,max,balanced,cached_mxbai,3765,1782230210.0108628,,,
7222,0,svm,max,balanced,cached_mxbai,3766,1782230210.520674,,,
1567,0,svm,max,balanced,cached_mxbai,3767,1782230211.0336766,,,
7298,0,svm,max,balanced,cached_mxbai,3768,1782230211.5479114,,,
7193,0,svm,max,balanced,cached_mxbai,3769,1782230212.0634255,,,
9497,0,svm,max,balanced,cached_mxbai,3770,1782230212.5764854,,,
2122,0,svm,max,balanced,cached_mxbai,3771,1782230213.0898774,,,
4765,0,svm,max,balanced,cached_mxbai,3772,1782230213.6026707,,,
9234,0,svm,max,balanced,cached_mxbai,3773,1782230214.1164436,,,
5453,0,svm,max,balanced,cached_mxbai,3774,1782230214.62632,,,
3429,0,svm,max,balanced,cached_mxbai,3775,1782230215.1435902,,,
6083,0,svm,max,balanced,cached_mxbai,3776,1782230215.6771185,,,
1282,0,svm,max,balanced,cached_mxbai,3777,1782230216.2159393,,,
1648,0,svm,max,balanced,cached_mxbai,3778,1782230216.7234247,,,
10562,0,svm,max,balanced,cached_mxbai,3779,1782230217.2465763,,,
148,0,svm,max,balanced,cached_mxbai,3780,1782230217.757685,,,
4969,0,svm,max,balanced,cached_mxbai,3781,1782230218.2712188,,,
8112,0,svm,max,balanced,cached_mxbai,3782,1782230218.7827916,,,
721,0,svm,max,balanced,cached_mxbai,3783,1782230219.2949758,,,
4270,0,svm,max,balanced,cached_mxbai,3784,1782230219.8047488,,,
5945,0,svm,max,balanced,cached_mxbai,3785,1782230220.3190536,,,
7323,0,svm,max,balanced,cached_mxbai,3786,1782230220.8334455,,,
7439,0,svm,max,balanced,cached_mxbai,3787,1782230221.3475041,,,
1903,0,svm,max,balanced,cached_mxbai,3788,1782230221.8599415,,,
6583,0,svm,max,balanced,cached_mxbai,3789,1782230222.3734546,,,
7688,0,svm,max,balanced,cached_mxbai,3790,1782230222.8904498,,,
6403,0,svm,max,balanced,cached_mxbai,3791,1782230223.4099433,,,
8502,0,svm,max,balanced,cached_mxbai,3792,1782230223.920392,,,
930,0,svm,max,balanced,cached_mxbai,3793,1782230224.4540987,,,
4056,0,svm,max,balanced,cached_mxbai,3794,1782230224.970088,,,
2984,0,svm,max,balanced,cached_mxbai,3795,1782230225.5056717,,,
3476,0,svm,max,balanced,cached_mxbai,3796,1782230226.023692,,,
306,0,svm,max,balanced,cached_mxbai,3797,1782230226.5464141,,,
7566,0,svm,max,balanced,cached_mxbai,3798,1782230227.0691917,,,
3892,0,svm,max,balanced,cached_mxbai,3799,1782230227.5885153,,,
165,0,svm,max,balanced,cached_mxbai,3800,1782230228.1046815,,,
5150,0,svm,max,balanced,cached_mxbai,3801,1782230228.6246467,,,
6652,0,svm,max,balanced,cached_mxbai,3802,1782230229.1458106,,,
10286,0,svm,max,balanced,cached_mxbai,3803,1782230229.664797,,,
2440,0,svm,max,balanced,cached_mxbai,3804,1782230230.1822891,,,
8509,0,svm,max,balanced,cached_mxbai,3805,1782230230.7004328,,,
4376,0,svm,max,balanced,cached_mxbai,3806,1782230231.2198796,,,
8393,0,svm,max,balanced,cached_mxbai,3807,1782230231.7360537,,,
3675,0,svm,max,balanced,cached_mxbai,3808,1782230232.2574017,,,
2582,0,svm,max,balanced,cached_mxbai,3809,1782230232.776927,,,
4735,0,svm,max,balanced,cached_mxbai,3810,1782230233.2959037,,,
4197,0,svm,max,balanced,cached_mxbai,3811,1782230233.8115244,,,
8238,0,svm,max,balanced,cached_mxbai,3812,1782230234.329128,,,
3595,0,svm,max,balanced,cached_mxbai,3813,1782230234.834583,,,
3529,0,svm,max,balanced,cached_mxbai,3814,1782230235.3566575,,,
1343,0,svm,max,balanced,cached_mxbai,3815,1782230235.874129,,,
3876,0,svm,max,balanced,cached_mxbai,3816,1782230236.384019,,,
932,0,svm,max,balanced,cached_mxbai,3817,1782230236.8919606,,,
3313,0,svm,max,balanced,cached_mxbai,3818,1782230237.4010057,,,
4536,0,svm,max,balanced,cached_mxbai,3819,1782230237.9090626,,,
7899,0,svm,max,balanced,cached_mxbai,3820,1782230238.4162345,,,
1336,0,svm,max,balanced,cached_mxbai,3821,1782230238.928487,,,
729,0,svm,max,balanced,cached_mxbai,3822,1782230239.4352753,,,
1803,0,svm,max,balanced,cached_mxbai,3823,1782230239.9468074,,,
5147,0,svm,max,balanced,cached_mxbai,3824,1782230240.4516747,,,
1543,0,svm,max,balanced,cached_mxbai,3825,1782230240.9640427,,,
9264,0,svm,max,balanced,cached_mxbai,3826,1782230241.4757912,,,
248,0,svm,max,balanced,cached_mxbai,3827,1782230241.9879975,,,
7745,0,svm,max,balanced,cached_mxbai,3828,1782230242.4968607,,,
1702,0,svm,max,balanced,cached_mxbai,3829,1782230243.0075936,,,
3483,0,svm,max,balanced,cached_mxbai,3830,1782230243.5206475,,,
2687,0,svm,max,balanced,cached_mxbai,3831,1782230244.0327175,,,
83,0,svm,max,balanced,cached_mxbai,3832,1782230244.5390031,,,
6828,0,svm,max,balanced,cached_mxbai,3833,1782230245.0609815,,,
3480,0,svm,max,balanced,cached_mxbai,3834,1782230245.5794537,,,
10498,0,svm,max,balanced,cached_mxbai,3835,1782230246.0888896,,,
3329,0,svm,max,balanced,cached_mxbai,3836,1782230246.5965724,,,
7922,0,svm,max,balanced,cached_mxbai,3837,1782230247.1052504,,,
3635,0,svm,max,balanced,cached_mxbai,3838,1782230247.6132357,,,
661,0,svm,max,balanced,cached_mxbai,3839,1782230248.1223748,,,
7093,0,svm,max,balanced,cached_mxbai,3840,1782230248.633597,,,
7665,0,svm,max,balanced,cached_mxbai,3841,1782230249.14681,,,
9286,0,svm,max,balanced,cached_mxbai,3842,1782230249.6571426,,,
985,0,svm,max,balanced,cached_mxbai,3843,1782230250.1699955,,,
9540,0,svm,max,balanced,cached_mxbai,3844,1782230250.6795342,,,
588,0,svm,max,balanced,cached_mxbai,3845,1782230251.18995,,,
298,0,svm,max,balanced,cached_mxbai,3846,1782230251.6987307,,,
10094,0,svm,max,balanced,cached_mxbai,3847,1782230252.211479,,,
691,0,svm,max,balanced,cached_mxbai,3848,1782230252.7260551,,,
3240,0,svm,max,balanced,cached_mxbai,3849,1782230253.2421277,,,
268,0,svm,max,balanced,cached_mxbai,3850,1782230253.7496681,,,
6152,0,svm,max,balanced,cached_mxbai,3851,1782230254.2605991,,,
3391,0,svm,max,balanced,cached_mxbai,3852,1782230254.7692628,,,
8254,0,svm,max,balanced,cached_mxbai,3853,1782230255.2986932,,,
9071,0,svm,max,balanced,cached_mxbai,3854,1782230255.8120024,,,
8529,0,svm,max,balanced,cached_mxbai,3855,1782230256.3243563,,,
2605,0,svm,max,balanced,cached_mxbai,3856,1782230256.8320558,,,
3063,0,svm,max,balanced,cached_mxbai,3857,1782230257.3466475,,,
4108,0,svm,max,balanced,cached_mxbai,3858,1782230257.8594055,,,
5832,0,svm,max,balanced,cached_mxbai,3859,1782230258.3756819,,,
9484,0,svm,max,balanced,cached_mxbai,3860,1782230258.8867188,,,
7397,0,svm,max,balanced,cached_mxbai,3861,1782230259.400197,,,
3871,0,svm,max,balanced,cached_mxbai,3862,1782230259.9110165,,,
8899,0,svm,max,balanced,cached_mxbai,3863,1782230260.4252656,,,
1209,0,svm,max,balanced,cached_mxbai,3864,1782230260.942591,,,
1985,0,svm,max,balanced,cached_mxbai,3865,1782230261.4616158,,,
1257,0,svm,max,balanced,cached_mxbai,3866,1782230261.971111,,,
5374,0,svm,max,balanced,cached_mxbai,3867,1782230262.4840157,,,
3676,0,svm,max,balanced,cached_mxbai,3868,1782230262.9972446,,,
6500,0,svm,max,balanced,cached_mxbai,3869,1782230263.5148768,,,
6775,0,svm,max,balanced,cached_mxbai,3870,1782230264.02847,,,
6090,0,svm,max,balanced,cached_mxbai,3871,1782230264.5449214,,,
7503,0,svm,max,balanced,cached_mxbai,3872,1782230265.0653334,,,
2916,0,svm,max,balanced,cached_mxbai,3873,1782230265.5981617,,,
9378,0,svm,max,balanced,cached_mxbai,3874,1782230266.1190774,,,
5379,0,svm,max,balanced,cached_mxbai,3875,1782230266.6386187,,,
8664,0,svm,max,balanced,cached_mxbai,3876,1782230267.159577,,,
6037,0,svm,max,balanced,cached_mxbai,3877,1782230267.678836,,,
5816,0,svm,max,balanced,cached_mxbai,3878,1782230268.1972506,,,
9013,0,svm,max,balanced,cached_mxbai,3879,1782230268.713034,,,
1890,0,svm,max,balanced,cached_mxbai,3880,1782230269.2452989,,,
6409,0,svm,max,balanced,cached_mxbai,3881,1782230269.7649488,,,
3205,0,svm,max,balanced,cached_mxbai,3882,1782230270.2845037,,,
4821,0,svm,max,balanced,cached_mxbai,3883,1782230270.7997406,,,
7824,0,svm,max,balanced,cached_mxbai,3884,1782230271.3464158,,,
5230,0,svm,max,balanced,cached_mxbai,3885,1782230271.8632412,,,
3020,0,svm,max,balanced,cached_mxbai,3886,1782230272.4587102,,,
1831,0,svm,max,balanced,cached_mxbai,3887,1782230273.060458,,,
3655,0,svm,max,balanced,cached_mxbai,3888,1782230273.6587603,,,
10318,0,svm,max,balanced,cached_mxbai,3889,1782230274.2600565,,,
4361,0,svm,max,balanced,cached_mxbai,3890,1782230274.857162,,,
6386,0,svm,max,balanced,cached_mxbai,3891,1782230275.4766824,,,
4918,0,svm,max,balanced,cached_mxbai,3892,1782230276.07749,,,
4041,0,svm,max,balanced,cached_mxbai,3893,1782230276.7131567,,,
10392,0,svm,max,balanced,cached_mxbai,3894,1782230277.3162768,,,
7161,0,svm,max,balanced,cached_mxbai,3895,1782230277.9140692,,,
7402,0,svm,max,balanced,cached_mxbai,3896,1782230278.5137582,,,
320,0,svm,max,balanced,cached_mxbai,3897,1782230279.1126518,,,
6476,0,svm,max,balanced,cached_mxbai,3898,1782230279.7128296,,,
4237,0,svm,max,balanced,cached_mxbai,3899,1782230280.3142054,,,
8206,0,svm,max,balanced,cached_mxbai,3900,1782230280.9115465,,,
7443,0,svm,max,balanced,cached_mxbai,3901,1782230281.5098517,,,
942,0,svm,max,balanced,cached_mxbai,3902,1782230282.1101048,,,
1089,0,svm,max,balanced,cached_mxbai,3903,1782230282.6324017,,,
2858,0,svm,max,balanced,cached_mxbai,3904,1782230283.1521366,,,
3591,0,svm,max,balanced,cached_mxbai,3905,1782230283.7454283,,,
8905,0,svm,max,balanced,cached_mxbai,3906,1782230284.338073,,,
4919,0,svm,max,balanced,cached_mxbai,3907,1782230284.8527315,,,
1179,0,svm,max,balanced,cached_mxbai,3908,1782230285.4649408,,,
2079,0,svm,max,balanced,cached_mxbai,3909,1782230285.9808378,,,
2454,0,svm,max,balanced,cached_mxbai,3910,1782230286.495309,,,
154,0,svm,max,balanced,cached_mxbai,3911,1782230287.0131168,,,
3667,0,svm,max,balanced,cached_mxbai,3912,1782230287.5332072,,,
10208,0,svm,max,balanced,cached_mxbai,3913,1782230288.055112,,,
9097,0,svm,max,balanced,cached_mxbai,3914,1782230288.6518896,,,
5342,0,svm,max,balanced,cached_mxbai,3915,1782230289.1691978,,,
8457,0,svm,max,balanced,cached_mxbai,3916,1782230289.7642527,,,
8449,0,svm,max,balanced,cached_mxbai,3917,1782230290.284614,,,
4618,0,svm,max,balanced,cached_mxbai,3918,1782230290.8820472,,,
4195,0,svm,max,balanced,cached_mxbai,3919,1782230291.4829419,,,
9385,0,svm,max,balanced,cached_mxbai,3920,1782230292.0807383,,,
4128,0,svm,max,balanced,cached_mxbai,3921,1782230292.6864748,,,
3688,0,svm,max,balanced,cached_mxbai,3922,1782230293.2828126,,,
8400,0,svm,max,balanced,cached_mxbai,3923,1782230293.8800817,,,
3582,0,svm,max,balanced,cached_mxbai,3924,1782230294.4845037,,,
549,0,svm,max,balanced,cached_mxbai,3925,1782230295.090945,,,
93,0,svm,max,balanced,cached_mxbai,3926,1782230295.7125602,,,
1973,0,svm,max,balanced,cached_mxbai,3927,1782230296.320206,,,
6163,0,svm,max,balanced,cached_mxbai,3928,1782230296.919227,,,
9317,0,svm,max,balanced,cached_mxbai,3929,1782230297.5185418,,,
3386,0,svm,max,balanced,cached_mxbai,3930,1782230298.1195796,,,
9630,0,svm,max,balanced,cached_mxbai,3931,1782230298.7181683,,,
9470,0,svm,max,balanced,cached_mxbai,3932,1782230299.3191037,,,
5922,0,svm,max,balanced,cached_mxbai,3933,1782230299.9257998,,,
5484,0,svm,max,balanced,cached_mxbai,3934,1782230300.5276747,,,
4155,0,svm,max,balanced,cached_mxbai,3935,1782230301.0492282,,,
8653,0,svm,max,balanced,cached_mxbai,3936,1782230301.571888,,,
8026,0,svm,max,balanced,cached_mxbai,3937,1782230302.1701858,,,
5120,0,svm,max,balanced,cached_mxbai,3938,1782230302.694436,,,
5181,0,svm,max,balanced,cached_mxbai,3939,1782230303.21309,,,
6776,0,svm,max,balanced,cached_mxbai,3940,1782230303.8197987,,,
6908,0,svm,max,balanced,cached_mxbai,3941,1782230304.3429458,,,
3090,0,svm,max,balanced,cached_mxbai,3942,1782230304.8645968,,,
8227,0,svm,max,balanced,cached_mxbai,3943,1782230305.4121468,,,
3723,0,svm,max,balanced,cached_mxbai,3944,1782230305.9355288,,,
1990,0,svm,max,balanced,cached_mxbai,3945,1782230306.4562979,,,
7381,0,svm,max,balanced,cached_mxbai,3946,1782230306.977799,,,
1254,0,svm,max,balanced,cached_mxbai,3947,1782230307.497355,,,
9342,0,svm,max,balanced,cached_mxbai,3948,1782230308.020131,,,
8167,0,svm,max,balanced,cached_mxbai,3949,1782230308.5425837,,,
5938,0,svm,max,balanced,cached_mxbai,3950,1782230309.068763,,,
6439,0,svm,max,balanced,cached_mxbai,3951,1782230309.5900202,,,
8976,0,svm,max,balanced,cached_mxbai,3952,1782230310.1113188,,,
5464,0,svm,max,balanced,cached_mxbai,3953,1782230310.6356912,,,
322,0,svm,max,balanced,cached_mxbai,3954,1782230311.160797,,,
4767,0,svm,max,balanced,cached_mxbai,3955,1782230311.6838982,,,
7337,0,svm,max,balanced,cached_mxbai,3956,1782230312.2132983,,,
3680,0,svm,max,balanced,cached_mxbai,3957,1782230312.7434037,,,
1307,0,svm,max,balanced,cached_mxbai,3958,1782230313.2693267,,,
10086,0,svm,max,balanced,cached_mxbai,3959,1782230313.7932844,,,
4740,0,svm,max,balanced,cached_mxbai,3960,1782230314.3204513,,,
10510,0,svm,max,balanced,cached_mxbai,3961,1782230314.8438766,,,
4191,0,svm,max,balanced,cached_mxbai,3962,1782230315.4835293,,,
3935,0,svm,max,balanced,cached_mxbai,3963,1782230316.015266,,,
3785,0,svm,max,balanced,cached_mxbai,3964,1782230316.549277,,,
6450,0,svm,max,balanced,cached_mxbai,3965,1782230317.0845063,,,
4399,0,svm,max,balanced,cached_mxbai,3966,1782230317.6155882,,,
7693,0,svm,max,balanced,cached_mxbai,3967,1782230318.1509404,,,
4259,0,svm,max,balanced,cached_mxbai,3968,1782230318.7592967,,,
9080,0,svm,max,balanced,cached_mxbai,3969,1782230319.365728,,,
408,0,svm,max,balanced,cached_mxbai,3970,1782230319.974054,,,
4015,0,svm,max,balanced,cached_mxbai,3971,1782230320.569728,,,
4292,0,svm,max,balanced,cached_mxbai,3972,1782230321.0958855,,,
2650,0,svm,max,balanced,cached_mxbai,3973,1782230321.6246238,,,
4381,0,svm,max,balanced,cached_mxbai,3974,1782230322.1510801,,,
4258,0,svm,max,balanced,cached_mxbai,3975,1782230322.678084,,,
3818,0,svm,max,balanced,cached_mxbai,3976,1782230323.2077312,,,
10462,0,svm,max,balanced,cached_mxbai,3977,1782230323.7383842,,,
3813,0,svm,max,balanced,cached_mxbai,3978,1782230324.2690973,,,
2024,0,svm,max,balanced,cached_mxbai,3979,1782230324.804126,,,
8285,0,svm,max,balanced,cached_mxbai,3980,1782230325.3626437,,,
8559,0,svm,max,balanced,cached_mxbai,3981,1782230325.8946338,,,
5450,0,svm,max,balanced,cached_mxbai,3982,1782230326.4205234,,,
9532,0,svm,max,balanced,cached_mxbai,3983,1782230326.9508426,,,
9165,0,svm,max,balanced,cached_mxbai,3984,1782230327.4795947,,,
194,0,svm,max,balanced,cached_mxbai,3985,1782230328.0084822,,,
3478,0,svm,max,balanced,cached_mxbai,3986,1782230328.53739,,,
5594,0,svm,max,balanced,cached_mxbai,3987,1782230329.069504,,,
6493,0,svm,max,balanced,cached_mxbai,3988,1782230329.5972364,,,
1596,0,svm,max,balanced,cached_mxbai,3989,1782230330.1282258,,,
4386,0,svm,max,balanced,cached_mxbai,3990,1782230330.6544907,,,
110,0,svm,max,balanced,cached_mxbai,3991,1782230331.1810787,,,
8356,0,svm,max,balanced,cached_mxbai,3992,1782230331.7082245,,,
2908,0,svm,max,balanced,cached_mxbai,3993,1782230332.2366433,,,
5877,0,svm,max,balanced,cached_mxbai,3994,1782230332.7735643,,,
824,0,svm,max,balanced,cached_mxbai,3995,1782230333.3058786,,,
6790,0,svm,max,balanced,cached_mxbai,3996,1782230333.8336623,,,
1887,0,svm,max,balanced,cached_mxbai,3997,1782230334.3634887,,,
8527,0,svm,max,balanced,cached_mxbai,3998,1782230334.8910818,,,
5055,0,svm,max,balanced,cached_mxbai,3999,1782230335.4375849,,,
4107,0,svm,max,balanced,cached_mxbai,4000,1782230335.9659646,,,
7388,0,svm,max,balanced,cached_mxbai,4001,1782230336.4993384,,,
2336,0,svm,max,balanced,cached_mxbai,4002,1782230337.0287843,,,
6686,0,svm,max,balanced,cached_mxbai,4003,1782230337.5619066,,,
9000,0,svm,max,balanced,cached_mxbai,4004,1782230338.0915732,,,
540,0,svm,max,balanced,cached_mxbai,4005,1782230338.621799,,,
9575,0,svm,max,balanced,cached_mxbai,4006,1782230339.1641269,,,
8753,0,svm,max,balanced,cached_mxbai,4007,1782230339.7062101,,,
1658,0,svm,max,balanced,cached_mxbai,4008,1782230340.2195413,,,
687,0,svm,max,balanced,cached_mxbai,4009,1782230340.7524807,,,
3771,0,svm,max,balanced,cached_mxbai,4010,1782230341.2813528,,,
1859,0,svm,max,balanced,cached_mxbai,4011,1782230341.8261428,,,
7143,0,svm,max,balanced,cached_mxbai,4012,1782230342.3687253,,,
6127,0,svm,max,balanced,cached_mxbai,4013,1782230342.912951,,,
1041,0,svm,max,balanced,cached_mxbai,4014,1782230343.4596186,,,
3369,0,svm,max,balanced,cached_mxbai,4015,1782230344.0032852,,,
4441,0,svm,max,balanced,cached_mxbai,4016,1782230344.543116,,,
6416,0,svm,max,balanced,cached_mxbai,4017,1782230345.081364,,,
5775,0,svm,max,balanced,cached_mxbai,4018,1782230345.636789,,,
7320,0,svm,max,balanced,cached_mxbai,4019,1782230346.168188,,,
3338,0,svm,max,balanced,cached_mxbai,4020,1782230346.695911,,,
9648,0,svm,max,balanced,cached_mxbai,4021,1782230347.2291715,,,
9637,0,svm,max,balanced,cached_mxbai,4022,1782230347.7619338,,,
7516,0,svm,max,balanced,cached_mxbai,4023,1782230348.2920794,,,
9082,0,svm,max,balanced,cached_mxbai,4024,1782230348.8224728,,,
1313,0,svm,max,balanced,cached_mxbai,4025,1782230349.3533082,,,
3966,0,svm,max,balanced,cached_mxbai,4026,1782230349.884818,,,
9494,0,svm,max,balanced,cached_mxbai,4027,1782230350.4220514,,,
4561,0,svm,max,balanced,cached_mxbai,4028,1782230350.9378378,,,
3395,0,svm,max,balanced,cached_mxbai,4029,1782230351.471117,,,
2585,0,svm,max,balanced,cached_mxbai,4030,1782230351.9992049,,,
133,0,svm,max,balanced,cached_mxbai,4031,1782230352.5338864,,,
2209,0,svm,max,balanced,cached_mxbai,4032,1782230353.064306,,,
5988,0,svm,max,balanced,cached_mxbai,4033,1782230353.5959954,,,
9333,0,svm,max,balanced,cached_mxbai,4034,1782230354.1286063,,,
4173,0,svm,max,balanced,cached_mxbai,4035,1782230354.662253,,,
4013,0,svm,max,balanced,cached_mxbai,4036,1782230355.1983733,,,
9127,0,svm,max,balanced,cached_mxbai,4037,1782230355.7615635,,,
1904,0,svm,max,balanced,cached_mxbai,4038,1782230356.2946265,,,
7426,0,svm,max,balanced,cached_mxbai,4039,1782230356.8299284,,,
8045,0,svm,max,balanced,cached_mxbai,4040,1782230357.363105,,,
4577,0,svm,max,balanced,cached_mxbai,4041,1782230357.8992598,,,
7057,0,svm,max,balanced,cached_mxbai,4042,1782230358.4283223,,,
5012,0,svm,max,balanced,cached_mxbai,4043,1782230358.9634874,,,
172,0,svm,max,balanced,cached_mxbai,4044,1782230359.498355,,,
378,0,svm,max,balanced,cached_mxbai,4045,1782230360.0327759,,,
8340,0,svm,max,balanced,cached_mxbai,4046,1782230360.5668585,,,
67,0,svm,max,balanced,cached_mxbai,4047,1782230361.1048448,,,
2305,0,svm,max,balanced,cached_mxbai,4048,1782230361.642059,,,
1406,0,svm,max,balanced,cached_mxbai,4049,1782230362.1812708,,,
9627,0,svm,max,balanced,cached_mxbai,4050,1782230362.716278,,,
103,0,svm,max,balanced,cached_mxbai,4051,1782230363.2564077,,,
6012,0,svm,max,balanced,cached_mxbai,4052,1782230363.7892537,,,
4043,0,svm,max,balanced,cached_mxbai,4053,1782230364.3266344,,,
4048,0,svm,max,balanced,cached_mxbai,4054,1782230364.861057,,,
2658,0,svm,max,balanced,cached_mxbai,4055,1782230365.416506,,,
8637,0,svm,max,balanced,cached_mxbai,4056,1782230365.95646,,,
5735,0,svm,max,balanced,cached_mxbai,4057,1782230366.4923363,,,
9383,0,svm,max,balanced,cached_mxbai,4058,1782230367.0237308,,,
3407,0,svm,max,balanced,cached_mxbai,4059,1782230367.561549,,,
10589,0,svm,max,balanced,cached_mxbai,4060,1782230368.0977886,,,
2548,0,svm,max,balanced,cached_mxbai,4061,1782230368.63856,,,
7315,0,svm,max,balanced,cached_mxbai,4062,1782230369.1763663,,,
821,0,svm,max,balanced,cached_mxbai,4063,1782230369.716134,,,
6342,0,svm,max,balanced,cached_mxbai,4064,1782230370.2563128,,,
8323,0,svm,max,balanced,cached_mxbai,4065,1782230370.795911,,,
6184,0,svm,max,balanced,cached_mxbai,4066,1782230371.3332148,,,
4503,0,svm,max,balanced,cached_mxbai,4067,1782230371.8575118,,,
3508,0,svm,max,balanced,cached_mxbai,4068,1782230372.3816626,,,
8765,0,svm,max,balanced,cached_mxbai,4069,1782230372.9074228,,,
4697,0,svm,max,balanced,cached_mxbai,4070,1782230373.435244,,,
3139,0,svm,max,balanced,cached_mxbai,4071,1782230373.9641776,,,
8674,0,svm,max,balanced,cached_mxbai,4072,1782230374.4870305,,,
4010,0,svm,max,balanced,cached_mxbai,4073,1782230375.0129864,,,
252,0,svm,max,balanced,cached_mxbai,4074,1782230375.553495,,,
8927,0,svm,max,balanced,cached_mxbai,4075,1782230376.0766225,,,
4563,0,svm,max,balanced,cached_mxbai,4076,1782230376.5992556,,,
5708,0,svm,max,balanced,cached_mxbai,4077,1782230377.122893,,,
3154,0,svm,max,balanced,cached_mxbai,4078,1782230377.643757,,,
9399,0,svm,max,balanced,cached_mxbai,4079,1782230378.1689987,,,
3660,0,svm,max,balanced,cached_mxbai,4080,1782230378.6942253,,,
7522,0,svm,max,balanced,cached_mxbai,4081,1782230379.2332337,,,
2047,0,svm,max,balanced,cached_mxbai,4082,1782230379.7583175,,,
5107,0,svm,max,balanced,cached_mxbai,4083,1782230380.2820601,,,
3118,0,svm,max,balanced,cached_mxbai,4084,1782230380.8087842,,,
3071,0,svm,max,balanced,cached_mxbai,4085,1782230381.3321702,,,
9904,0,svm,max,balanced,cached_mxbai,4086,1782230381.8577354,,,
9655,0,svm,max,balanced,cached_mxbai,4087,1782230382.3817513,,,
633,0,svm,max,balanced,cached_mxbai,4088,1782230382.9064336,,,
4063,0,svm,max,balanced,cached_mxbai,4089,1782230383.4303706,,,
4033,0,svm,max,balanced,cached_mxbai,4090,1782230383.9522583,,,
8663,0,svm,max,balanced,cached_mxbai,4091,1782230384.4767523,,,
439,0,svm,max,balanced,cached_mxbai,4092,1782230385.002721,,,
6360,0,svm,max,balanced,cached_mxbai,4093,1782230385.5456731,,,
4093,0,svm,max,balanced,cached_mxbai,4094,1782230386.0773828,,,
9368,0,svm,max,balanced,cached_mxbai,4095,1782230386.6045253,,,
4647,0,svm,max,balanced,cached_mxbai,4096,1782230387.1293092,,,
6303,0,svm,max,balanced,cached_mxbai,4097,1782230387.6584976,,,
8614,0,svm,max,balanced,cached_mxbai,4098,1782230388.1844313,,,
5385,0,svm,max,balanced,cached_mxbai,4099,1782230388.7144756,,,
3271,0,svm,max,balanced,cached_mxbai,4100,1782230389.2414522,,,
5655,0,svm,max,balanced,cached_mxbai,4101,1782230389.7748024,,,
7025,0,svm,max,balanced,cached_mxbai,4102,1782230390.3000743,,,
6620,0,svm,max,balanced,cached_mxbai,4103,1782230390.826298,,,
6997,0,svm,max,balanced,cached_mxbai,4104,1782230391.3537505,,,
5197,0,svm,max,balanced,cached_mxbai,4105,1782230391.8815303,,,
3498,0,svm,max,balanced,cached_mxbai,4106,1782230392.410042,,,
7835,0,svm,max,balanced,cached_mxbai,4107,1782230392.942197,,,
3055,0,svm,max,balanced,cached_mxbai,4108,1782230393.4690125,,,
9583,0,svm,max,balanced,cached_mxbai,4109,1782230393.9973445,,,
10275,0,svm,max,balanced,cached_mxbai,4110,1782230394.5257378,,,
10592,0,svm,max,balanced,cached_mxbai,4111,1782230395.0548055,,,
1390,0,svm,max,balanced,cached_mxbai,4112,1782230395.5959888,,,
1540,0,svm,max,balanced,cached_mxbai,4113,1782230396.123644,,,
1744,0,svm,max,balanced,cached_mxbai,4114,1782230396.6587071,,,
7183,0,svm,max,balanced,cached_mxbai,4115,1782230397.190839,,,
1718,0,svm,max,balanced,cached_mxbai,4116,1782230397.71925,,,
9500,0,svm,max,balanced,cached_mxbai,4117,1782230398.2472172,,,
684,0,svm,max,balanced,cached_mxbai,4118,1782230398.7841535,,,
239,0,svm,max,balanced,cached_mxbai,4119,1782230399.314792,,,
8487,0,svm,max,balanced,cached_mxbai,4120,1782230399.8459945,,,
8313,0,svm,max,balanced,cached_mxbai,4121,1782230400.3743875,,,
3598,0,svm,max,balanced,cached_mxbai,4122,1782230400.9060388,,,
7542,0,svm,max,balanced,cached_mxbai,4123,1782230401.4324758,,,
9302,0,svm,max,balanced,cached_mxbai,4124,1782230401.963798,,,
5911,0,svm,max,balanced,cached_mxbai,4125,1782230402.4955924,,,
1054,0,svm,max,balanced,cached_mxbai,4126,1782230403.0308251,,,
7742,0,svm,max,balanced,cached_mxbai,4127,1782230403.5657315,,,
1436,0,svm,max,balanced,cached_mxbai,4128,1782230404.097462,,,
5626,0,svm,max,balanced,cached_mxbai,4129,1782230404.6290395,,,
7314,0,svm,max,balanced,cached_mxbai,4130,1782230405.1603131,,,
1309,0,svm,max,balanced,cached_mxbai,4131,1782230405.72695,,,
6852,0,svm,max,balanced,cached_mxbai,4132,1782230406.2562144,,,
2160,0,svm,max,balanced,cached_mxbai,4133,1782230406.800564,,,
3851,0,svm,max,balanced,cached_mxbai,4134,1782230407.3290336,,,
1876,0,svm,max,balanced,cached_mxbai,4135,1782230407.8599129,,,
8869,0,svm,max,balanced,cached_mxbai,4136,1782230408.390937,,,
3530,0,svm,max,balanced,cached_mxbai,4137,1782230408.9225523,,,
4911,0,svm,max,balanced,cached_mxbai,4138,1782230409.4538944,,,
6856,0,svm,max,balanced,cached_mxbai,4139,1782230409.9840832,,,
5243,0,svm,max,balanced,cached_mxbai,4140,1782230410.5167499,,,
4907,0,svm,max,balanced,cached_mxbai,4141,1782230411.0485325,,,
147,0,svm,max,balanced,cached_mxbai,4142,1782230411.5828447,,,
920,0,svm,max,balanced,cached_mxbai,4143,1782230412.1118672,,,
7223,0,svm,max,balanced,cached_mxbai,4144,1782230412.6491756,,,
3066,0,svm,max,balanced,cached_mxbai,4145,1782230413.1798663,,,
6302,0,svm,max,balanced,cached_mxbai,4146,1782230413.721811,,,
2218,0,svm,max,balanced,cached_mxbai,4147,1782230414.253766,,,
301,0,svm,max,balanced,cached_mxbai,4148,1782230414.790763,,,
8549,0,svm,max,balanced,cached_mxbai,4149,1782230415.3425856,,,
2063,0,svm,max,balanced,cached_mxbai,4150,1782230415.8769999,,,
3880,0,svm,max,balanced,cached_mxbai,4151,1782230416.4095688,,,
4838,0,svm,max,balanced,cached_mxbai,4152,1782230416.9683373,,,
6079,0,svm,max,balanced,cached_mxbai,4153,1782230417.4988635,,,
9227,0,svm,max,balanced,cached_mxbai,4154,1782230418.032813,,,
4388,0,svm,max,balanced,cached_mxbai,4155,1782230418.5612967,,,
6948,0,svm,max,balanced,cached_mxbai,4156,1782230419.093973,,,
5113,0,svm,max,balanced,cached_mxbai,4157,1782230419.6284692,,,
3823,0,svm,max,balanced,cached_mxbai,4158,1782230420.161008,,,
5130,0,svm,max,balanced,cached_mxbai,4159,1782230420.6965704,,,
7791,0,svm,max,balanced,cached_mxbai,4160,1782230421.2297761,,,
983,0,svm,max,balanced,cached_mxbai,4161,1782230421.763626,,,
9598,0,svm,max,balanced,cached_mxbai,4162,1782230422.2951565,,,
7599,0,svm,max,balanced,cached_mxbai,4163,1782230422.8306715,,,
3439,0,svm,max,balanced,cached_mxbai,4164,1782230423.3651526,,,
5411,0,svm,max,balanced,cached_mxbai,4165,1782230423.9004385,,,
3898,0,svm,max,balanced,cached_mxbai,4166,1782230424.434145,,,
9932,0,svm,max,balanced,cached_mxbai,4167,1782230424.968587,,,
1130,0,svm,max,balanced,cached_mxbai,4168,1782230425.5266514,,,
988,0,svm,max,balanced,cached_mxbai,4169,1782230426.0659075,,,
6243,0,svm,max,balanced,cached_mxbai,4170,1782230426.6000462,,,
8703,0,svm,max,balanced,cached_mxbai,4171,1782230427.1378927,,,
4272,0,svm,max,balanced,cached_mxbai,4172,1782230427.674467,,,
3319,0,svm,max,balanced,cached_mxbai,4173,1782230428.2084916,,,
8195,0,svm,max,balanced,cached_mxbai,4174,1782230428.7425437,,,
3790,0,svm,max,balanced,cached_mxbai,4175,1782230429.2800958,,,
4948,0,svm,max,balanced,cached_mxbai,4176,1782230429.8174744,,,
7624,0,svm,max,balanced,cached_mxbai,4177,1782230430.3586917,,,
9987,0,svm,max,balanced,cached_mxbai,4178,1782230430.8970945,,,
9400,0,svm,max,balanced,cached_mxbai,4179,1782230431.4325044,,,
3863,0,svm,max,balanced,cached_mxbai,4180,1782230431.984183,,,
6157,0,svm,max,balanced,cached_mxbai,4181,1782230432.5226097,,,
3193,0,svm,max,balanced,cached_mxbai,4182,1782230433.060463,,,
8222,0,svm,max,balanced,cached_mxbai,4183,1782230433.5979815,,,
7501,0,svm,max,balanced,cached_mxbai,4184,1782230434.1366339,,,
1710,0,svm,max,balanced,cached_mxbai,4185,1782230434.6778274,,,
867,0,svm,max,balanced,cached_mxbai,4186,1782230435.2220542,,,
9722,0,svm,max,balanced,cached_mxbai,4187,1782230435.7832625,,,
8571,0,svm,max,balanced,cached_mxbai,4188,1782230436.322141,,,
5919,0,svm,max,balanced,cached_mxbai,4189,1782230436.8574982,,,
393,0,svm,max,balanced,cached_mxbai,4190,1782230437.3933184,,,
1535,0,svm,max,balanced,cached_mxbai,4191,1782230437.9282868,,,
3559,0,svm,max,balanced,cached_mxbai,4192,1782230438.4665334,,,
2994,0,svm,max,balanced,cached_mxbai,4193,1782230439.0021663,,,
9471,0,svm,max,balanced,cached_mxbai,4194,1782230439.6112847,,,
9895,0,svm,max,balanced,cached_mxbai,4195,1782230440.1494591,,,
7543,0,svm,max,balanced,cached_mxbai,4196,1782230440.7593024,,,
4715,0,svm,max,balanced,cached_mxbai,4197,1782230441.3652685,,,
10552,0,svm,max,balanced,cached_mxbai,4198,1782230441.9075656,,,
3906,0,svm,max,balanced,cached_mxbai,4199,1782230442.5139117,,,
3769,0,svm,max,balanced,cached_mxbai,4200,1782230443.1279192,,,
8341,0,svm,max,balanced,cached_mxbai,4201,1782230443.7422166,,,
8857,0,svm,max,balanced,cached_mxbai,4202,1782230444.365176,,,
5764,0,svm,max,balanced,cached_mxbai,4203,1782230444.9860082,,,
9694,0,svm,max,balanced,cached_mxbai,4204,1782230445.6182847,,,
7785,0,svm,max,balanced,cached_mxbai,4205,1782230446.2322586,,,
70,0,svm,max,balanced,cached_mxbai,4206,1782230446.7755966,,,
5642,0,svm,max,balanced,cached_mxbai,4207,1782230447.3942397,,,
2767,0,svm,max,balanced,cached_mxbai,4208,1782230447.9378216,,,
192,0,svm,max,balanced,cached_mxbai,4209,1782230448.5518308,,,
6898,0,svm,max,balanced,cached_mxbai,4210,1782230449.0992143,,,
9982,0,svm,max,balanced,cached_mxbai,4211,1782230449.639436,,,
4479,0,svm,max,balanced,cached_mxbai,4212,1782230450.1812763,,,
7613,0,svm,max,balanced,cached_mxbai,4213,1782230450.7187898,,,
8538,0,svm,max,balanced,cached_mxbai,4214,1782230451.2615273,,,
69,0,svm,max,balanced,cached_mxbai,4215,1782230451.8016958,,,
3779,0,svm,max,balanced,cached_mxbai,4216,1782230452.3419588,,,
5173,0,svm,max,balanced,cached_mxbai,4217,1782230452.882783,,,
10262,0,svm,max,balanced,cached_mxbai,4218,1782230453.424714,,,
2902,0,svm,max,balanced,cached_mxbai,4219,1782230453.9711869,,,
2763,0,svm,max,balanced,cached_mxbai,4220,1782230454.5099072,,,
4149,0,svm,max,balanced,cached_mxbai,4221,1782230455.0548382,,,
6472,0,svm,max,balanced,cached_mxbai,4222,1782230455.6079206,,,
1636,0,svm,max,balanced,cached_mxbai,4223,1782230456.149224,,,
9639,0,svm,max,balanced,cached_mxbai,4224,1782230456.6948097,,,
7620,0,svm,max,balanced,cached_mxbai,4225,1782230457.2433882,,,
122,0,svm,max,balanced,cached_mxbai,4226,1782230457.7850208,,,
10548,0,svm,max,balanced,cached_mxbai,4227,1782230458.324271,,,
5927,0,svm,max,balanced,cached_mxbai,4228,1782230458.8687363,,,
1579,0,svm,max,balanced,cached_mxbai,4229,1782230459.4105422,,,
5217,0,svm,max,balanced,cached_mxbai,4230,1782230459.9525867,,,
4076,0,svm,max,balanced,cached_mxbai,4231,1782230460.4920375,,,
1617,0,svm,max,balanced,cached_mxbai,4232,1782230461.0380323,,,
7934,0,svm,max,balanced,cached_mxbai,4233,1782230461.5761628,,,
1598,0,svm,max,balanced,cached_mxbai,4234,1782230462.1224034,,,
3014,0,svm,max,balanced,cached_mxbai,4235,1782230462.6823962,,,
1828,0,svm,max,balanced,cached_mxbai,4236,1782230463.2335122,,,
7280,0,svm,max,balanced,cached_mxbai,4237,1782230463.773487,,,
5474,0,svm,max,balanced,cached_mxbai,4238,1782230464.3182642,,,
3324,0,svm,max,balanced,cached_mxbai,4239,1782230464.8696897,,,
602,0,svm,max,balanced,cached_mxbai,4240,1782230465.428974,,,
9680,0,svm,max,balanced,cached_mxbai,4241,1782230465.974668,,,
3469,0,svm,max,balanced,cached_mxbai,4242,1782230466.5157537,,,
435,0,svm,max,balanced,cached_mxbai,4243,1782230467.0610986,,,
414,0,svm,max,balanced,cached_mxbai,4244,1782230467.6046226,,,
5772,0,svm,max,balanced,cached_mxbai,4245,1782230468.1537883,,,
4984,0,svm,max,balanced,cached_mxbai,4246,1782230468.6972122,,,
3454,0,svm,max,balanced,cached_mxbai,4247,1782230469.2436244,,,
2744,0,svm,max,balanced,cached_mxbai,4248,1782230469.7878778,,,
2608,0,svm,max,balanced,cached_mxbai,4249,1782230470.3308804,,,
7558,0,svm,max,balanced,cached_mxbai,4250,1782230470.8751037,,,
4085,0,svm,max,balanced,cached_mxbai,4251,1782230471.4200664,,,
10265,0,svm,max,balanced,cached_mxbai,4252,1782230471.9647481,,,
1201,0,svm,max,balanced,cached_mxbai,4253,1782230472.5708466,,,
5040,0,svm,max,balanced,cached_mxbai,4254,1782230473.174133,,,
6217,0,svm,max,balanced,cached_mxbai,4255,1782230473.778469,,,
3299,0,svm,max,balanced,cached_mxbai,4256,1782230474.378075,,,
9662,0,svm,max,balanced,cached_mxbai,4257,1782230474.9840002,,,
3837,0,svm,max,balanced,cached_mxbai,4258,1782230475.6086454,,,
8632,0,svm,max,balanced,cached_mxbai,4259,1782230476.21529,,,
668,0,svm,max,balanced,cached_mxbai,4260,1782230476.8198352,,,
5300,0,svm,max,balanced,cached_mxbai,4261,1782230477.4786763,,,
3858,0,svm,max,balanced,cached_mxbai,4262,1782230478.1293955,,,
2644,0,svm,max,balanced,cached_mxbai,4263,1782230478.7315133,,,
7954,0,svm,max,balanced,cached_mxbai,4264,1782230479.341255,,,
8589,0,svm,max,balanced,cached_mxbai,4265,1782230479.952744,,,
1521,0,svm,max,balanced,cached_mxbai,4266,1782230480.5548863,,,
3882,0,svm,max,balanced,cached_mxbai,4267,1782230481.1683276,,,
8425,0,svm,max,balanced,cached_mxbai,4268,1782230481.7734513,,,
8204,0,svm,max,balanced,cached_mxbai,4269,1782230482.381132,,,
3915,0,svm,max,balanced,cached_mxbai,4270,1782230482.988331,,,
1475,0,svm,max,balanced,cached_mxbai,4271,1782230483.5986135,,,
1074,0,svm,max,balanced,cached_mxbai,4272,1782230484.2037785,,,
3749,0,svm,max,balanced,cached_mxbai,4273,1782230484.8099344,,,
2313,0,svm,max,balanced,cached_mxbai,4274,1782230485.4577339,,,
8350,0,svm,max,balanced,cached_mxbai,4275,1782230486.0669243,,,
7513,0,svm,max,balanced,cached_mxbai,4276,1782230486.6724126,,,
4798,0,svm,max,balanced,cached_mxbai,4277,1782230487.2832673,,,
6332,0,svm,max,balanced,cached_mxbai,4278,1782230487.893049,,,
280,0,svm,max,balanced,cached_mxbai,4279,1782230488.5007415,,,
102,0,svm,max,balanced,cached_mxbai,4280,1782230489.1047666,,,
6023,0,svm,max,balanced,cached_mxbai,4281,1782230489.7134173,,,
3631,0,svm,max,balanced,cached_mxbai,4282,1782230490.3383224,,,
8672,0,svm,max,balanced,cached_mxbai,4283,1782230490.9629884,,,
525,0,svm,max,balanced,cached_mxbai,4284,1782230491.5683718,,,
7450,0,svm,max,balanced,cached_mxbai,4285,1782230492.1803067,,,
4650,0,svm,max,balanced,cached_mxbai,4286,1782230492.7967792,,,
776,0,svm,max,balanced,cached_mxbai,4287,1782230493.4093022,,,
9444,0,svm,max,balanced,cached_mxbai,4288,1782230494.0146308,,,
4040,0,svm,max,balanced,cached_mxbai,4289,1782230494.622599,,,
10072,0,svm,max,balanced,cached_mxbai,4290,1782230495.2380147,,,
5930,0,svm,max,balanced,cached_mxbai,4291,1782230495.8620026,,,
1206,0,svm,max,balanced,cached_mxbai,4292,1782230496.455747,,,
3311,0,svm,max,balanced,cached_mxbai,4293,1782230497.0561066,,,
1955,0,svm,max,balanced,cached_mxbai,4294,1782230497.6729476,,,
6592,0,svm,max,balanced,cached_mxbai,4295,1782230498.2610488,,,
3854,0,svm,max,balanced,cached_mxbai,4296,1782230498.8605502,,,
2934,0,svm,max,balanced,cached_mxbai,4297,1782230499.4604826,,,
1204,0,svm,max,balanced,cached_mxbai,4298,1782230500.0627413,,,
1553,0,svm,max,balanced,cached_mxbai,4299,1782230500.667728,,,
145,0,svm,max,balanced,cached_mxbai,4300,1782230501.2569232,,,
1630,0,svm,max,balanced,cached_mxbai,4301,1782230501.8434954,,,
3711,0,svm,max,balanced,cached_mxbai,4302,1782230502.4297113,,,
2146,0,svm,max,balanced,cached_mxbai,4303,1782230503.022544,,,
1997,0,svm,max,balanced,cached_mxbai,4304,1782230503.624971,,,
1994,0,svm,max,balanced,cached_mxbai,4305,1782230504.2318108,,,
5477,0,svm,max,balanced,cached_mxbai,4306,1782230504.8354824,,,
2411,0,svm,max,balanced,cached_mxbai,4307,1782230505.4604838,,,
1152,0,svm,max,balanced,cached_mxbai,4308,1782230506.0753062,,,
10347,0,svm,max,balanced,cached_mxbai,4309,1782230506.6840692,,,
3068,0,svm,max,balanced,cached_mxbai,4310,1782230507.2969108,,,
1208,0,svm,max,balanced,cached_mxbai,4311,1782230507.9516928,,,
2968,0,svm,max,balanced,cached_mxbai,4312,1782230508.5065536,,,
5498,0,svm,max,balanced,cached_mxbai,4313,1782230509.0600538,,,
3438,0,svm,max,balanced,cached_mxbai,4314,1782230509.613827,,,
4298,0,svm,max,balanced,cached_mxbai,4315,1782230510.1649137,,,
9036,0,svm,max,balanced,cached_mxbai,4316,1782230510.7180474,,,
4050,0,svm,max,balanced,cached_mxbai,4317,1782230511.2707095,,,
5541,0,svm,max,balanced,cached_mxbai,4318,1782230511.913953,,,
9958,0,svm,max,balanced,cached_mxbai,4319,1782230512.4642951,,,
4831,0,svm,max,balanced,cached_mxbai,4320,1782230513.1117718,,,
1871,0,svm,max,balanced,cached_mxbai,4321,1782230513.755836,,,
3315,0,svm,max,balanced,cached_mxbai,4322,1782230514.385883,,,
1512,0,svm,max,balanced,cached_mxbai,4323,1782230515.0143561,,,
5837,0,svm,max,balanced,cached_mxbai,4324,1782230515.6563973,,,
9807,0,svm,max,balanced,cached_mxbai,4325,1782230516.2823539,,,
1967,0,svm,max,balanced,cached_mxbai,4326,1782230516.91182,,,
4240,0,svm,max,balanced,cached_mxbai,4327,1782230517.5403423,,,
4054,0,svm,max,balanced,cached_mxbai,4328,1782230518.1757212,,,
9597,0,svm,max,balanced,cached_mxbai,4329,1782230518.8036582,,,
899,0,svm,max,balanced,cached_mxbai,4330,1782230519.4348419,,,
2509,0,svm,max,balanced,cached_mxbai,4331,1782230520.0729895,,,
7003,0,svm,max,balanced,cached_mxbai,4332,1782230520.704805,,,
3799,0,svm,max,balanced,cached_mxbai,4333,1782230521.3329313,,,
1825,0,svm,max,balanced,cached_mxbai,4334,1782230521.892377,,,
3037,0,svm,max,balanced,cached_mxbai,4335,1782230522.4480226,,,
537,0,svm,max,balanced,cached_mxbai,4336,1782230523.0204809,,,
2785,0,svm,max,balanced,cached_mxbai,4337,1782230523.6582692,,,
9534,0,svm,max,balanced,cached_mxbai,4338,1782230524.2215095,,,
2778,0,svm,max,balanced,cached_mxbai,4339,1782230524.8530629,,,
4946,0,svm,max,balanced,cached_mxbai,4340,1782230525.4343455,,,
9367,0,svm,max,balanced,cached_mxbai,4341,1782230525.990786,,,
6043,0,svm,max,balanced,cached_mxbai,4342,1782230526.5454676,,,
7640,0,svm,max,balanced,cached_mxbai,4343,1782230527.1084929,,,
161,0,svm,max,balanced,cached_mxbai,4344,1782230527.669215,,,
2930,0,svm,max,balanced,cached_mxbai,4345,1782230528.232258,,,
7013,0,svm,max,balanced,cached_mxbai,4346,1782230528.7931392,,,
3425,0,svm,max,balanced,cached_mxbai,4347,1782230529.353647,,,
6999,0,svm,max,balanced,cached_mxbai,4348,1782230529.913737,,,
5898,0,svm,max,balanced,cached_mxbai,4349,1782230530.4760625,,,
1337,0,svm,max,balanced,cached_mxbai,4350,1782230531.123272,,,
2730,0,svm,max,balanced,cached_mxbai,4351,1782230531.7582285,,,
1558,0,svm,max,balanced,cached_mxbai,4352,1782230532.3241882,,,
1185,0,svm,max,balanced,cached_mxbai,4353,1782230532.8859618,,,
9043,0,svm,max,balanced,cached_mxbai,4354,1782230533.4464495,,,
7990,0,svm,max,balanced,cached_mxbai,4355,1782230534.010231,,,
3517,0,svm,max,balanced,cached_mxbai,4356,1782230534.569522,,,
1882,0,svm,max,balanced,cached_mxbai,4357,1782230535.1380403,,,
5966,0,svm,max,balanced,cached_mxbai,4358,1782230535.7158809,,,
9347,0,svm,max,balanced,cached_mxbai,4359,1782230536.2811964,,,
3638,0,svm,max,balanced,cached_mxbai,4360,1782230536.9315414,,,
1221,0,svm,max,balanced,cached_mxbai,4361,1782230537.4947512,,,
731,0,svm,max,balanced,cached_mxbai,4362,1782230538.1438427,,,
4285,0,svm,max,balanced,cached_mxbai,4363,1782230538.7951415,,,
9924,0,svm,max,balanced,cached_mxbai,4364,1782230539.4509153,,,
4754,0,svm,max,balanced,cached_mxbai,4365,1782230540.1016142,,,
5887,0,svm,max,balanced,cached_mxbai,4366,1782230540.7505007,,,
214,0,svm,max,balanced,cached_mxbai,4367,1782230541.4061098,,,
1838,0,svm,max,balanced,cached_mxbai,4368,1782230542.0495322,,,
9641,0,svm,max,balanced,cached_mxbai,4369,1782230542.6985247,,,
3100,0,svm,max,balanced,cached_mxbai,4370,1782230543.348432,,,
4152,0,svm,max,balanced,cached_mxbai,4371,1782230543.991333,,,
4137,0,svm,max,balanced,cached_mxbai,4372,1782230544.6384048,,,
6556,0,svm,max,balanced,cached_mxbai,4373,1782230545.3080697,,,
8898,0,svm,max,balanced,cached_mxbai,4374,1782230545.9576771,,,
3394,0,svm,max,balanced,cached_mxbai,4375,1782230546.602553,,,
3096,0,svm,max,balanced,cached_mxbai,4376,1782230547.2558713,,,
9946,0,svm,max,balanced,cached_mxbai,4377,1782230547.9088995,,,
761,0,svm,max,balanced,cached_mxbai,4378,1782230548.5592158,,,
5225,0,svm,max,balanced,cached_mxbai,4379,1782230549.2063293,,,
4860,0,svm,max,balanced,cached_mxbai,4380,1782230549.8635576,,,
9246,0,svm,max,balanced,cached_mxbai,4381,1782230550.5149534,,,
449,0,svm,max,balanced,cached_mxbai,4382,1782230551.0779564,,,
8894,0,svm,max,balanced,cached_mxbai,4383,1782230551.6467986,,,
3191,0,svm,max,balanced,cached_mxbai,4384,1782230552.2149765,,,
2580,0,svm,max,balanced,cached_mxbai,4385,1782230552.7811182,,,
4429,0,svm,max,balanced,cached_mxbai,4386,1782230553.3505409,,,
5279,0,svm,max,balanced,cached_mxbai,4387,1782230554.0019138,,,
5337,0,svm,max,balanced,cached_mxbai,4388,1782230554.6543934,,,
7628,0,svm,max,balanced,cached_mxbai,4389,1782230555.2264805,,,
9212,0,svm,max,balanced,cached_mxbai,4390,1782230555.8150737,,,
9178,0,svm,max,balanced,cached_mxbai,4391,1782230556.3726313,,,
5532,0,svm,max,balanced,cached_mxbai,4392,1782230556.9292414,,,
8187,0,svm,max,balanced,cached_mxbai,4393,1782230557.488888,,,
6141,0,svm,max,balanced,cached_mxbai,4394,1782230558.047731,,,
6354,0,svm,max,balanced,cached_mxbai,4395,1782230558.6016605,,,
3628,0,svm,max,balanced,cached_mxbai,4396,1782230559.1593323,,,
3532,0,svm,max,balanced,cached_mxbai,4397,1782230559.7114334,,,
455,0,svm,max,balanced,cached_mxbai,4398,1782230560.270282,,,
68,0,svm,max,balanced,cached_mxbai,4399,1782230560.8267257,,,
8616,0,svm,max,balanced,cached_mxbai,4400,1782230561.3907692,,,
753,0,svm,max,balanced,cached_mxbai,4401,1782230561.947438,,,
8630,0,svm,max,balanced,cached_mxbai,4402,1782230562.509897,,,
7885,0,svm,max,balanced,cached_mxbai,4403,1782230563.0696638,,,
7713,0,svm,max,balanced,cached_mxbai,4404,1782230563.6253276,,,
141,0,svm,max,balanced,cached_mxbai,4405,1782230564.2097504,,,
5738,0,svm,max,balanced,cached_mxbai,4406,1782230564.7738698,,,
6016,0,svm,max,balanced,cached_mxbai,4407,1782230565.3601801,,,
1794,0,svm,max,balanced,cached_mxbai,4408,1782230565.934122,,,
3123,0,svm,max,balanced,cached_mxbai,4409,1782230566.4976068,,,
6076,0,svm,max,balanced,cached_mxbai,4410,1782230567.0611784,,,
5664,0,svm,max,balanced,cached_mxbai,4411,1782230567.6246192,,,
10172,0,svm,max,balanced,cached_mxbai,4412,1782230568.1930456,,,
6897,0,svm,max,balanced,cached_mxbai,4413,1782230568.7576103,,,
6073,0,svm,max,balanced,cached_mxbai,4414,1782230569.318643,,,
719,0,svm,max,balanced,cached_mxbai,4415,1782230569.8801415,,,
2986,0,svm,max,balanced,cached_mxbai,4416,1782230570.4477966,,,
4856,0,svm,max,balanced,cached_mxbai,4417,1782230571.0108728,,,
3408,0,svm,max,balanced,cached_mxbai,4418,1782230571.5841115,,,
7039,0,svm,max,balanced,cached_mxbai,4419,1782230572.1504488,,,
3133,0,svm,max,balanced,cached_mxbai,4420,1782230572.7182882,,,
6299,0,svm,max,balanced,cached_mxbai,4421,1782230573.2845292,,,
1467,0,svm,max,balanced,cached_mxbai,4422,1782230573.8486726,,,
8873,0,svm,max,balanced,cached_mxbai,4423,1782230574.4130251,,,
658,0,svm,max,balanced,cached_mxbai,4424,1782230574.9780273,,,
9511,0,svm,max,balanced,cached_mxbai,4425,1782230575.5658085,,,
4953,0,svm,max,balanced,cached_mxbai,4426,1782230576.1352808,,,
8147,0,svm,max,balanced,cached_mxbai,4427,1782230576.7044244,,,
6937,0,svm,max,balanced,cached_mxbai,4428,1782230577.2821414,,,
6653,0,svm,max,balanced,cached_mxbai,4429,1782230577.8465705,,,
7209,0,svm,max,balanced,cached_mxbai,4430,1782230578.4185097,,,
3334,0,svm,max,balanced,cached_mxbai,4431,1782230578.9924793,,,
5868,0,svm,max,balanced,cached_mxbai,4432,1782230579.5695815,,,
6031,0,svm,max,balanced,cached_mxbai,4433,1782230580.1396186,,,
1569,0,svm,max,balanced,cached_mxbai,4434,1782230580.7113183,,,
4025,0,svm,max,balanced,cached_mxbai,4435,1782230581.2832618,,,
376,0,svm,max,balanced,cached_mxbai,4436,1782230581.8791032,,,
4267,0,svm,max,balanced,cached_mxbai,4437,1782230582.4468503,,,
8948,0,svm,max,balanced,cached_mxbai,4438,1782230583.0229375,,,
4830,0,svm,max,balanced,cached_mxbai,4439,1782230583.5945034,,,
2593,0,svm,max,balanced,cached_mxbai,4440,1782230584.1615322,,,
10236,0,svm,max,balanced,cached_mxbai,4441,1782230584.7312539,,,
2786,0,svm,max,balanced,cached_mxbai,4442,1782230585.319073,,,
3186,0,svm,max,balanced,cached_mxbai,4443,1782230585.8867235,,,
5836,0,svm,max,balanced,cached_mxbai,4444,1782230586.459097,,,
7471,0,svm,max,balanced,cached_mxbai,4445,1782230587.032547,,,
10595,1,svm,max,balanced,cached_mxbai,4446,1782230587.6046202,,,
10596,1,svm,max,balanced,cached_mxbai,4447,1782230588.2638247,,,
