record_id,label,classifier,querier,balancer,feature_extractor,training_set,time,note,tags,user_id
7351,1,,,,,,1782213112.3913803,,,
9584,0,,,,,,1782213112.3913803,,,
4053,0,svm,max,balanced,cached_mxbai,2,1782213112.4379814,,,
5151,0,svm,max,balanced,cached_mxbai,3,1782213112.4867485,,,
4250,0,svm,max,balanced,cached_mxbai,4,1782213112.536491,,,
5967,1,svm,max,balanced,cached_mxbai,5,1782213112.5849977,,,
5970,0,svm,max,balanced,cached_mxbai,6,1782213112.633488,,,
7368,0,svm,max,balanced,cached_mxbai,7,1782213112.6817298,,,
5140,0,svm,max,balanced,cached_mxbai,8,1782213112.7305086,,,
9026,0,svm,max,balanced,cached_mxbai,9,1782213112.7787657,,,
3623,0,svm,max,balanced,cached_mxbai,10,1782213112.8276093,,,
4058,0,svm,max,balanced,cached_mxbai,11,1782213112.8756557,,,
4412,0,svm,max,balanced,cached_mxbai,12,1782213112.9240632,,,
10423,1,svm,max,balanced,cached_mxbai,13,1782213112.9739935,,,
5913,1,svm,max,balanced,cached_mxbai,14,1782213113.0231495,,,
4393,1,svm,max,balanced,cached_mxbai,15,1782213113.071635,,,
10176,1,svm,max,balanced,cached_mxbai,16,1782213113.1205585,,,
7339,1,svm,max,balanced,cached_mxbai,17,1782213113.1701941,,,
7547,1,svm,max,balanced,cached_mxbai,18,1782213113.2194424,,,
7548,1,svm,max,balanced,cached_mxbai,19,1782213113.268121,,,
8411,1,svm,max,balanced,cached_mxbai,20,1782213113.3169315,,,
1621,1,svm,max,balanced,cached_mxbai,21,1782213113.3657384,,,
3247,0,svm,max,balanced,cached_mxbai,22,1782213113.4140751,,,
6484,1,svm,max,balanced,cached_mxbai,23,1782213113.4639323,,,
5481,0,svm,max,balanced,cached_mxbai,24,1782213113.5137722,,,
9772,1,svm,max,balanced,cached_mxbai,25,1782213113.5631971,,,
3702,1,svm,max,balanced,cached_mxbai,26,1782213113.6130006,,,
5950,1,svm,max,balanced,cached_mxbai,27,1782213113.6623898,,,
9344,1,svm,max,balanced,cached_mxbai,28,1782213113.7120395,,,
1141,1,svm,max,balanced,cached_mxbai,29,1782213113.7607768,,,
6283,1,svm,max,balanced,cached_mxbai,30,1782213113.8103132,,,
6097,1,svm,max,balanced,cached_mxbai,31,1782213113.8593745,,,
1230,0,svm,max,balanced,cached_mxbai,32,1782213113.909164,,,
5656,1,svm,max,balanced,cached_mxbai,33,1782213113.9596162,,,
10220,1,svm,max,balanced,cached_mxbai,34,1782213114.0097609,,,
9004,1,svm,max,balanced,cached_mxbai,35,1782213114.0600452,,,
1802,1,svm,max,balanced,cached_mxbai,36,1782213114.1106257,,,
8843,0,svm,max,balanced,cached_mxbai,37,1782213114.16207,,,
8434,1,svm,max,balanced,cached_mxbai,38,1782213114.2125392,,,
3820,1,svm,max,balanced,cached_mxbai,39,1782213114.2626653,,,
1833,1,svm,max,balanced,cached_mxbai,40,1782213114.3128054,,,
7598,0,svm,max,balanced,cached_mxbai,41,1782213114.3625772,,,
6767,0,svm,max,balanced,cached_mxbai,42,1782213114.4134393,,,
10029,0,svm,max,balanced,cached_mxbai,43,1782213114.463083,,,
5976,0,svm,max,balanced,cached_mxbai,44,1782213114.5132456,,,
6050,0,svm,max,balanced,cached_mxbai,45,1782213114.564476,,,
10015,1,svm,max,balanced,cached_mxbai,46,1782213114.614801,,,
5647,1,svm,max,balanced,cached_mxbai,47,1782213114.6649995,,,
8594,1,svm,max,balanced,cached_mxbai,48,1782213114.7154036,,,
5353,1,svm,max,balanced,cached_mxbai,49,1782213114.7651658,,,
3931,1,svm,max,balanced,cached_mxbai,50,1782213114.8158536,,,
9498,1,svm,max,balanced,cached_mxbai,51,1782213114.865903,,,
8719,1,svm,max,balanced,cached_mxbai,52,1782213114.916499,,,
8718,0,svm,max,balanced,cached_mxbai,53,1782213114.9672158,,,
1428,0,svm,max,balanced,cached_mxbai,54,1782213115.023312,,,
5301,1,svm,max,balanced,cached_mxbai,55,1782213115.080579,,,
9959,1,svm,max,balanced,cached_mxbai,56,1782213115.1349583,,,
8537,1,svm,max,balanced,cached_mxbai,57,1782213115.1888711,,,
5298,1,svm,max,balanced,cached_mxbai,58,1782213115.2452245,,,
5297,0,svm,max,balanced,cached_mxbai,59,1782213115.3198662,,,
8535,1,svm,max,balanced,cached_mxbai,60,1782213115.3802562,,,
5302,1,svm,max,balanced,cached_mxbai,61,1782213115.4325185,,,
4083,0,svm,max,balanced,cached_mxbai,62,1782213115.4848454,,,
982,0,svm,max,balanced,cached_mxbai,63,1782213115.5362828,,,
8378,0,svm,max,balanced,cached_mxbai,64,1782213115.5867157,,,
1674,0,svm,max,balanced,cached_mxbai,65,1782213115.6378205,,,
10447,1,svm,max,balanced,cached_mxbai,66,1782213115.6889293,,,
6197,0,svm,max,balanced,cached_mxbai,67,1782213115.7402654,,,
7026,0,svm,max,balanced,cached_mxbai,68,1782213115.791369,,,
6673,1,svm,max,balanced,cached_mxbai,69,1782213115.8419328,,,
3590,0,svm,max,balanced,cached_mxbai,70,1782213115.8927078,,,
882,0,svm,max,balanced,cached_mxbai,71,1782213115.9431572,,,
831,1,svm,max,balanced,cached_mxbai,72,1782213115.9957924,,,
9720,0,svm,max,balanced,cached_mxbai,73,1782213116.0481014,,,
7373,1,svm,max,balanced,cached_mxbai,74,1782213116.1005876,,,
839,0,svm,max,balanced,cached_mxbai,75,1782213116.155798,,,
8412,1,svm,max,balanced,cached_mxbai,76,1782213116.2103744,,,
4452,0,svm,max,balanced,cached_mxbai,77,1782213116.2632744,,,
6902,1,svm,max,balanced,cached_mxbai,78,1782213116.3149333,,,
6904,1,svm,max,balanced,cached_mxbai,79,1782213116.3660002,,,
10053,0,svm,max,balanced,cached_mxbai,80,1782213116.4184628,,,
10456,0,svm,max,balanced,cached_mxbai,81,1782213116.4696643,,,
6637,1,svm,max,balanced,cached_mxbai,82,1782213116.5208302,,,
5333,0,svm,max,balanced,cached_mxbai,83,1782213116.5721364,,,
8295,0,svm,max,balanced,cached_mxbai,84,1782213116.6240559,,,
6376,0,svm,max,balanced,cached_mxbai,85,1782213116.675774,,,
1960,0,svm,max,balanced,cached_mxbai,86,1782213116.728095,,,
9589,0,svm,max,balanced,cached_mxbai,87,1782213116.7801564,,,
9142,0,svm,max,balanced,cached_mxbai,88,1782213116.8328304,,,
5115,0,svm,max,balanced,cached_mxbai,89,1782213116.8856506,,,
9380,0,svm,max,balanced,cached_mxbai,90,1782213116.9374733,,,
6053,1,svm,max,balanced,cached_mxbai,91,1782213116.989258,,,
8649,1,svm,max,balanced,cached_mxbai,92,1782213117.0424573,,,
5081,0,svm,max,balanced,cached_mxbai,93,1782213117.0995812,,,
1747,1,svm,max,balanced,cached_mxbai,94,1782213117.154746,,,
1748,0,svm,max,balanced,cached_mxbai,95,1782213117.2087255,,,
5739,1,svm,max,balanced,cached_mxbai,96,1782213117.2630727,,,
7863,1,svm,max,balanced,cached_mxbai,97,1782213117.3170433,,,
8163,1,svm,max,balanced,cached_mxbai,98,1782213117.3698194,,,
8094,1,svm,max,balanced,cached_mxbai,99,1782213117.4233057,,,
8775,0,svm,max,balanced,cached_mxbai,100,1782213117.4760776,,,
9658,0,svm,max,balanced,cached_mxbai,101,1782213117.5285115,,,
5646,1,svm,max,balanced,cached_mxbai,102,1782213117.5841641,,,
2294,0,svm,max,balanced,cached_mxbai,103,1782213117.6385965,,,
7928,0,svm,max,balanced,cached_mxbai,104,1782213117.6927269,,,
9685,1,svm,max,balanced,cached_mxbai,105,1782213117.7465737,,,
845,0,svm,max,balanced,cached_mxbai,106,1782213117.80144,,,
6481,0,svm,max,balanced,cached_mxbai,107,1782213117.8564742,,,
9740,0,svm,max,balanced,cached_mxbai,108,1782213117.9107769,,,
7655,1,svm,max,balanced,cached_mxbai,109,1782213117.964753,,,
10035,0,svm,max,balanced,cached_mxbai,110,1782213118.020013,,,
4558,0,svm,max,balanced,cached_mxbai,111,1782213118.074895,,,
7479,0,svm,max,balanced,cached_mxbai,112,1782213118.1309905,,,
1675,1,svm,max,balanced,cached_mxbai,113,1782213118.1887512,,,
4457,0,svm,max,balanced,cached_mxbai,114,1782213118.2460656,,,
521,0,svm,max,balanced,cached_mxbai,115,1782213118.3027925,,,
8730,0,svm,max,balanced,cached_mxbai,116,1782213118.3594985,,,
7179,0,svm,max,balanced,cached_mxbai,117,1782213118.4156022,,,
8087,1,svm,max,balanced,cached_mxbai,118,1782213118.4704893,,,
7352,1,svm,max,balanced,cached_mxbai,119,1782213118.527819,,,
10454,0,svm,max,balanced,cached_mxbai,120,1782213118.5874953,,,
6419,1,svm,max,balanced,cached_mxbai,121,1782213118.6446416,,,
7904,1,svm,max,balanced,cached_mxbai,122,1782213118.7005868,,,
1159,1,svm,max,balanced,cached_mxbai,123,1782213118.7577844,,,
5369,1,svm,max,balanced,cached_mxbai,124,1782213118.8156018,,,
10523,1,svm,max,balanced,cached_mxbai,125,1782213118.8718128,,,
8552,0,svm,max,balanced,cached_mxbai,126,1782213118.928521,,,
7914,1,svm,max,balanced,cached_mxbai,127,1782213118.9855995,,,
9787,1,svm,max,balanced,cached_mxbai,128,1782213119.041754,,,
9527,1,svm,max,balanced,cached_mxbai,129,1782213119.0974424,,,
2751,0,svm,max,balanced,cached_mxbai,130,1782213119.153965,,,
1245,0,svm,max,balanced,cached_mxbai,131,1782213119.209255,,,
9891,0,svm,max,balanced,cached_mxbai,132,1782213119.2649703,,,
6884,0,svm,max,balanced,cached_mxbai,133,1782213119.3201509,,,
8314,1,svm,max,balanced,cached_mxbai,134,1782213119.3747535,,,
9686,1,svm,max,balanced,cached_mxbai,135,1782213119.4304678,,,
7153,1,svm,max,balanced,cached_mxbai,136,1782213119.485901,,,
4456,0,svm,max,balanced,cached_mxbai,137,1782213119.5414727,,,
3190,0,svm,max,balanced,cached_mxbai,138,1782213119.597831,,,
8460,0,svm,max,balanced,cached_mxbai,139,1782213119.6531954,,,
3451,1,svm,max,balanced,cached_mxbai,140,1782213119.7084663,,,
3019,1,svm,max,balanced,cached_mxbai,141,1782213119.764026,,,
2011,0,svm,max,balanced,cached_mxbai,142,1782213119.821478,,,
5749,1,svm,max,balanced,cached_mxbai,143,1782213119.8766415,,,
6628,0,svm,max,balanced,cached_mxbai,144,1782213119.9319184,,,
7413,1,svm,max,balanced,cached_mxbai,145,1782213119.987769,,,
7333,1,svm,max,balanced,cached_mxbai,146,1782213120.045189,,,
7412,0,svm,max,balanced,cached_mxbai,147,1782213120.1021764,,,
10512,1,svm,max,balanced,cached_mxbai,148,1782213120.1590338,,,
5750,0,svm,max,balanced,cached_mxbai,149,1782213120.2161179,,,
5972,0,svm,max,balanced,cached_mxbai,150,1782213120.2728856,,,
8503,1,svm,max,balanced,cached_mxbai,151,1782213120.3290362,,,
7877,1,svm,max,balanced,cached_mxbai,152,1782213120.3839462,,,
1728,1,svm,max,balanced,cached_mxbai,153,1782213120.439266,,,
10147,1,svm,max,balanced,cached_mxbai,154,1782213120.4948301,,,
1726,1,svm,max,balanced,cached_mxbai,155,1782213120.5505126,,,
8807,0,svm,max,balanced,cached_mxbai,156,1782213120.6069064,,,
5670,0,svm,max,balanced,cached_mxbai,157,1782213120.6620924,,,
9077,0,svm,max,balanced,cached_mxbai,158,1782213120.7173698,,,
1028,0,svm,max,balanced,cached_mxbai,159,1782213120.7772245,,,
5888,1,svm,max,balanced,cached_mxbai,160,1782213120.8337502,,,
8620,0,svm,max,balanced,cached_mxbai,161,1782213120.892966,,,
9835,0,svm,max,balanced,cached_mxbai,162,1782213120.9513946,,,
8306,1,svm,max,balanced,cached_mxbai,163,1782213121.0147138,,,
4549,0,svm,max,balanced,cached_mxbai,164,1782213121.0717201,,,
8656,0,svm,max,balanced,cached_mxbai,165,1782213121.13054,,,
1488,0,svm,max,balanced,cached_mxbai,166,1782213121.189157,,,
4547,0,svm,max,balanced,cached_mxbai,167,1782213121.2464128,,,
6627,0,svm,max,balanced,cached_mxbai,168,1782213121.3042345,,,
4591,0,svm,max,balanced,cached_mxbai,169,1782213121.3610513,,,
9525,0,svm,max,balanced,cached_mxbai,170,1782213121.4174063,,,
10324,0,svm,max,balanced,cached_mxbai,171,1782213121.4729528,,,
8401,0,svm,max,balanced,cached_mxbai,172,1782213121.5301807,,,
5082,0,svm,max,balanced,cached_mxbai,173,1782213121.5869951,,,
10051,0,svm,max,balanced,cached_mxbai,174,1782213121.6433415,,,
6174,0,svm,max,balanced,cached_mxbai,175,1782213121.699497,,,
1676,0,svm,max,balanced,cached_mxbai,176,1782213121.7561212,,,
1272,0,svm,max,balanced,cached_mxbai,177,1782213121.8140557,,,
4534,0,svm,max,balanced,cached_mxbai,178,1782213121.8723218,,,
9360,0,svm,max,balanced,cached_mxbai,179,1782213121.9304416,,,
4455,0,svm,max,balanced,cached_mxbai,180,1782213121.9876266,,,
649,0,svm,max,balanced,cached_mxbai,181,1782213122.0473127,,,
9750,1,svm,max,balanced,cached_mxbai,182,1782213122.105162,,,
7724,1,svm,max,balanced,cached_mxbai,183,1782213122.1647842,,,
4345,0,svm,max,balanced,cached_mxbai,184,1782213122.2227566,,,
6617,0,svm,max,balanced,cached_mxbai,185,1782213122.2812326,,,
989,0,svm,max,balanced,cached_mxbai,186,1782213122.3398614,,,
681,0,svm,max,balanced,cached_mxbai,187,1782213122.3982873,,,
5715,0,svm,max,balanced,cached_mxbai,188,1782213122.4557395,,,
8247,1,svm,max,balanced,cached_mxbai,189,1782213122.5141144,,,
4508,0,svm,max,balanced,cached_mxbai,190,1782213122.5717998,,,
7561,0,svm,max,balanced,cached_mxbai,191,1782213122.629543,,,
3509,0,svm,max,balanced,cached_mxbai,192,1782213122.6905086,,,
1311,0,svm,max,balanced,cached_mxbai,193,1782213122.7516835,,,
4592,0,svm,max,balanced,cached_mxbai,194,1782213122.8141763,,,
9325,1,svm,max,balanced,cached_mxbai,195,1782213122.8734615,,,
10062,0,svm,max,balanced,cached_mxbai,196,1782213122.932556,,,
7340,0,svm,max,balanced,cached_mxbai,197,1782213122.99059,,,
6257,0,svm,max,balanced,cached_mxbai,198,1782213123.04847,,,
4751,0,svm,max,balanced,cached_mxbai,199,1782213123.1073208,,,
4448,0,svm,max,balanced,cached_mxbai,200,1782213123.1699598,,,
4718,0,svm,max,balanced,cached_mxbai,201,1782213123.2288764,,,
4950,0,svm,max,balanced,cached_mxbai,202,1782213123.288182,,,
6783,0,svm,max,balanced,cached_mxbai,203,1782213123.3464546,,,
5299,0,svm,max,balanced,cached_mxbai,204,1782213123.404566,,,
8442,0,svm,max,balanced,cached_mxbai,205,1782213123.4634511,,,
10037,0,svm,max,balanced,cached_mxbai,206,1782213123.5215635,,,
3692,0,svm,max,balanced,cached_mxbai,207,1782213123.580465,,,
9107,0,svm,max,balanced,cached_mxbai,208,1782213123.640287,,,
1002,1,svm,max,balanced,cached_mxbai,209,1782213123.6990786,,,
3021,0,svm,max,balanced,cached_mxbai,210,1782213123.758249,,,
5714,1,svm,max,balanced,cached_mxbai,211,1782213123.8208961,,,
6479,0,svm,max,balanced,cached_mxbai,212,1782213123.8813148,,,
6111,0,svm,max,balanced,cached_mxbai,213,1782213123.940267,,,
4423,0,svm,max,balanced,cached_mxbai,214,1782213123.9990904,,,
4504,0,svm,max,balanced,cached_mxbai,215,1782213124.0588143,,,
6268,0,svm,max,balanced,cached_mxbai,216,1782213124.1197484,,,
1786,0,svm,max,balanced,cached_mxbai,217,1782213124.1810071,,,
1645,1,svm,max,balanced,cached_mxbai,218,1782213124.240825,,,
5565,0,svm,max,balanced,cached_mxbai,219,1782213124.300214,,,
6632,1,svm,max,balanced,cached_mxbai,220,1782213124.3597019,,,
6630,0,svm,max,balanced,cached_mxbai,221,1782213124.4194238,,,
4464,1,svm,max,balanced,cached_mxbai,222,1782213124.478751,,,
3077,0,svm,max,balanced,cached_mxbai,223,1782213124.5399606,,,
3135,0,svm,max,balanced,cached_mxbai,224,1782213124.599812,,,
4450,0,svm,max,balanced,cached_mxbai,225,1782213124.6598687,,,
7878,0,svm,max,balanced,cached_mxbai,226,1782213124.7193956,,,
8047,1,svm,max,balanced,cached_mxbai,227,1782213124.7790127,,,
7754,0,svm,max,balanced,cached_mxbai,228,1782213124.8393035,,,
9462,0,svm,max,balanced,cached_mxbai,229,1782213124.89979,,,
5724,1,svm,max,balanced,cached_mxbai,230,1782213124.959543,,,
9170,1,svm,max,balanced,cached_mxbai,231,1782213125.0295537,,,
8505,0,svm,max,balanced,cached_mxbai,232,1782213125.0941513,,,
8801,0,svm,max,balanced,cached_mxbai,233,1782213125.1537087,,,
4283,0,svm,max,balanced,cached_mxbai,234,1782213125.2242193,,,
5986,1,svm,max,balanced,cached_mxbai,235,1782213125.300165,,,
5985,0,svm,max,balanced,cached_mxbai,236,1782213125.373736,,,
6227,0,svm,max,balanced,cached_mxbai,237,1782213125.4336755,,,
8815,1,svm,max,balanced,cached_mxbai,238,1782213125.4933724,,,
5071,0,svm,max,balanced,cached_mxbai,239,1782213125.552845,,,
3489,0,svm,max,balanced,cached_mxbai,240,1782213125.6135426,,,
4460,0,svm,max,balanced,cached_mxbai,241,1782213125.6746862,,,
5322,0,svm,max,balanced,cached_mxbai,242,1782213125.7345753,,,
6098,0,svm,max,balanced,cached_mxbai,243,1782213125.7950008,,,
9944,0,svm,max,balanced,cached_mxbai,244,1782213125.8551888,,,
10563,1,svm,max,balanced,cached_mxbai,245,1782213125.9158344,,,
4468,0,svm,max,balanced,cached_mxbai,246,1782213125.9770055,,,
1649,0,svm,max,balanced,cached_mxbai,247,1782213126.038467,,,
4786,0,svm,max,balanced,cached_mxbai,248,1782213126.099892,,,
7278,0,svm,max,balanced,cached_mxbai,249,1782213126.1605785,,,
9346,1,svm,max,balanced,cached_mxbai,250,1782213126.2232947,,,
8926,0,svm,max,balanced,cached_mxbai,251,1782213126.2857213,,,
5059,0,svm,max,balanced,cached_mxbai,252,1782213126.3466113,,,
5865,0,svm,max,balanced,cached_mxbai,253,1782213126.4081662,,,
4326,0,svm,max,balanced,cached_mxbai,254,1782213126.469472,,,
5296,0,svm,max,balanced,cached_mxbai,255,1782213126.531773,,,
543,0,svm,max,balanced,cached_mxbai,256,1782213126.5929165,,,
1110,0,svm,max,balanced,cached_mxbai,257,1782213126.6553876,,,
10028,1,svm,max,balanced,cached_mxbai,258,1782213126.7172544,,,
9027,0,svm,max,balanced,cached_mxbai,259,1782213126.7784936,,,
5948,0,svm,max,balanced,cached_mxbai,260,1782213126.8408456,,,
5624,0,svm,max,balanced,cached_mxbai,261,1782213126.9017026,,,
6158,0,svm,max,balanced,cached_mxbai,262,1782213126.9631412,,,
4752,0,svm,max,balanced,cached_mxbai,263,1782213127.025076,,,
5782,0,svm,max,balanced,cached_mxbai,264,1782213127.0859418,,,
8787,0,svm,max,balanced,cached_mxbai,265,1782213127.1477208,,,
6520,0,svm,max,balanced,cached_mxbai,266,1782213127.211789,,,
5492,0,svm,max,balanced,cached_mxbai,267,1782213127.2736075,,,
7851,0,svm,max,balanced,cached_mxbai,268,1782213127.3351927,,,
5141,0,svm,max,balanced,cached_mxbai,269,1782213127.3966267,,,
1271,0,svm,max,balanced,cached_mxbai,270,1782213127.4578874,,,
6874,0,svm,max,balanced,cached_mxbai,271,1782213127.5201364,,,
4425,0,svm,max,balanced,cached_mxbai,272,1782213127.5829484,,,
4666,0,svm,max,balanced,cached_mxbai,273,1782213127.6460035,,,
3464,0,svm,max,balanced,cached_mxbai,274,1782213127.7079256,,,
5606,0,svm,max,balanced,cached_mxbai,275,1782213127.7694664,,,
5560,0,svm,max,balanced,cached_mxbai,276,1782213127.8329856,,,
6508,0,svm,max,balanced,cached_mxbai,277,1782213127.8950212,,,
4986,0,svm,max,balanced,cached_mxbai,278,1782213127.9571915,,,
7711,0,svm,max,balanced,cached_mxbai,279,1782213128.0200646,,,
1552,0,svm,max,balanced,cached_mxbai,280,1782213128.0831864,,,
5305,0,svm,max,balanced,cached_mxbai,281,1782213128.1455922,,,
7176,0,svm,max,balanced,cached_mxbai,282,1782213128.20866,,,
7172,0,svm,max,balanced,cached_mxbai,283,1782213128.2704458,,,
6665,0,svm,max,balanced,cached_mxbai,284,1782213128.3350422,,,
6018,0,svm,max,balanced,cached_mxbai,285,1782213128.3989854,,,
4210,0,svm,max,balanced,cached_mxbai,286,1782213128.4600651,,,
9770,1,svm,max,balanced,cached_mxbai,287,1782213128.5223358,,,
8532,0,svm,max,balanced,cached_mxbai,288,1782213128.585,,,
9168,0,svm,max,balanced,cached_mxbai,289,1782213128.647718,,,
6480,0,svm,max,balanced,cached_mxbai,290,1782213128.7115083,,,
1081,0,svm,max,balanced,cached_mxbai,291,1782213128.7763155,,,
1554,0,svm,max,balanced,cached_mxbai,292,1782213128.84052,,,
10101,0,svm,max,balanced,cached_mxbai,293,1782213128.9029682,,,
4413,0,svm,max,balanced,cached_mxbai,294,1782213128.9664886,,,
7942,0,svm,max,balanced,cached_mxbai,295,1782213129.029324,,,
657,0,svm,max,balanced,cached_mxbai,296,1782213129.0938444,,,
4971,0,svm,max,balanced,cached_mxbai,297,1782213129.1564329,,,
1729,0,svm,max,balanced,cached_mxbai,298,1782213129.2216654,,,
6624,0,svm,max,balanced,cached_mxbai,299,1782213129.2837522,,,
8561,0,svm,max,balanced,cached_mxbai,300,1782213129.3467536,,,
9892,0,svm,max,balanced,cached_mxbai,301,1782213129.4102275,,,
10502,0,svm,max,balanced,cached_mxbai,302,1782213129.47353,,,
9758,0,svm,max,balanced,cached_mxbai,303,1782213129.5368173,,,
4529,0,svm,max,balanced,cached_mxbai,304,1782213129.600672,,,
5293,0,svm,max,balanced,cached_mxbai,305,1782213129.665334,,,
7905,0,svm,max,balanced,cached_mxbai,306,1782213129.7297313,,,
8691,0,svm,max,balanced,cached_mxbai,307,1782213129.793518,,,
1005,0,svm,max,balanced,cached_mxbai,308,1782213129.857113,,,
9468,0,svm,max,balanced,cached_mxbai,309,1782213129.9221983,,,
2681,0,svm,max,balanced,cached_mxbai,310,1782213129.985874,,,
2800,0,svm,max,balanced,cached_mxbai,311,1782213130.0499287,,,
9989,1,svm,max,balanced,cached_mxbai,312,1782213130.1133506,,,
5085,0,svm,max,balanced,cached_mxbai,313,1782213130.1768115,,,
3908,0,svm,max,balanced,cached_mxbai,314,1782213130.2433028,,,
1906,0,svm,max,balanced,cached_mxbai,315,1782213130.3080547,,,
5209,0,svm,max,balanced,cached_mxbai,316,1782213130.3726952,,,
8643,0,svm,max,balanced,cached_mxbai,317,1782213130.4381344,,,
5561,0,svm,max,balanced,cached_mxbai,318,1782213130.502438,,,
1424,0,svm,max,balanced,cached_mxbai,319,1782213130.566167,,,
4461,0,svm,max,balanced,cached_mxbai,320,1782213130.6320329,,,
6716,0,svm,max,balanced,cached_mxbai,321,1782213130.6963763,,,
3372,0,svm,max,balanced,cached_mxbai,322,1782213130.7603896,,,
8188,0,svm,max,balanced,cached_mxbai,323,1782213130.826401,,,
7200,0,svm,max,balanced,cached_mxbai,324,1782213130.8914814,,,
4338,0,svm,max,balanced,cached_mxbai,325,1782213130.9573832,,,
5368,1,svm,max,balanced,cached_mxbai,326,1782213131.023868,,,
2958,0,svm,max,balanced,cached_mxbai,327,1782213131.0935733,,,
8366,0,svm,max,balanced,cached_mxbai,328,1782213131.1588006,,,
7299,0,svm,max,balanced,cached_mxbai,329,1782213131.2246425,,,
1491,0,svm,max,balanced,cached_mxbai,330,1782213131.290538,,,
6633,0,svm,max,balanced,cached_mxbai,331,1782213131.3570254,,,
589,0,svm,max,balanced,cached_mxbai,332,1782213131.4216084,,,
4965,0,svm,max,balanced,cached_mxbai,333,1782213131.4857824,,,
4029,0,svm,max,balanced,cached_mxbai,334,1782213131.5512083,,,
1819,0,svm,max,balanced,cached_mxbai,335,1782213131.6161633,,,
8651,0,svm,max,balanced,cached_mxbai,336,1782213131.6820107,,,
1038,0,svm,max,balanced,cached_mxbai,337,1782213131.7466304,,,
4466,0,svm,max,balanced,cached_mxbai,338,1782213131.813062,,,
6921,0,svm,max,balanced,cached_mxbai,339,1782213131.8797026,,,
9774,0,svm,max,balanced,cached_mxbai,340,1782213131.945628,,,
3176,0,svm,max,balanced,cached_mxbai,341,1782213132.010412,,,
4887,0,svm,max,balanced,cached_mxbai,342,1782213132.0769482,,,
6781,1,svm,max,balanced,cached_mxbai,343,1782213132.142956,,,
6782,0,svm,max,balanced,cached_mxbai,344,1782213132.21292,,,
7790,0,svm,max,balanced,cached_mxbai,345,1782213132.2789462,,,
6448,0,svm,max,balanced,cached_mxbai,346,1782213132.3453882,,,
4973,0,svm,max,balanced,cached_mxbai,347,1782213132.4124684,,,
9805,0,svm,max,balanced,cached_mxbai,348,1782213132.4779198,,,
1232,0,svm,max,balanced,cached_mxbai,349,1782213132.5461025,,,
4436,0,svm,max,balanced,cached_mxbai,350,1782213132.6156514,,,
4643,0,svm,max,balanced,cached_mxbai,351,1782213132.6828992,,,
9255,0,svm,max,balanced,cached_mxbai,352,1782213132.7517855,,,
4055,0,svm,max,balanced,cached_mxbai,353,1782213132.8219316,,,
9430,0,svm,max,balanced,cached_mxbai,354,1782213132.891414,,,
8465,0,svm,max,balanced,cached_mxbai,355,1782213132.9622252,,,
8145,0,svm,max,balanced,cached_mxbai,356,1782213133.031307,,,
1047,1,svm,max,balanced,cached_mxbai,357,1782213133.0991206,,,
7184,0,svm,max,balanced,cached_mxbai,358,1782213133.1695187,,,
725,0,svm,max,balanced,cached_mxbai,359,1782213133.2404053,,,
2489,0,svm,max,balanced,cached_mxbai,360,1782213133.3120532,,,
7686,0,svm,max,balanced,cached_mxbai,361,1782213133.3849351,,,
5210,0,svm,max,balanced,cached_mxbai,362,1782213133.4556737,,,
8117,0,svm,max,balanced,cached_mxbai,363,1782213133.5269837,,,
8971,0,svm,max,balanced,cached_mxbai,364,1782213133.597813,,,
4293,0,svm,max,balanced,cached_mxbai,365,1782213133.6678958,,,
9025,0,svm,max,balanced,cached_mxbai,366,1782213133.7399652,,,
4628,0,svm,max,balanced,cached_mxbai,367,1782213133.8131711,,,
3102,0,svm,max,balanced,cached_mxbai,368,1782213133.886564,,,
220,0,svm,max,balanced,cached_mxbai,369,1782213133.9560037,,,
1817,0,svm,max,balanced,cached_mxbai,370,1782213134.0257306,,,
8334,0,svm,max,balanced,cached_mxbai,371,1782213134.0957255,,,
4548,0,svm,max,balanced,cached_mxbai,372,1782213134.164829,,,
7012,0,svm,max,balanced,cached_mxbai,373,1782213134.237053,,,
1004,0,svm,max,balanced,cached_mxbai,374,1782213134.3066013,,,
4748,0,svm,max,balanced,cached_mxbai,375,1782213134.3759403,,,
1083,0,svm,max,balanced,cached_mxbai,376,1782213134.446713,,,
4406,0,svm,max,balanced,cached_mxbai,377,1782213134.5161405,,,
6496,0,svm,max,balanced,cached_mxbai,378,1782213134.585544,,,
4552,0,svm,max,balanced,cached_mxbai,379,1782213134.6545181,,,
7435,0,svm,max,balanced,cached_mxbai,380,1782213134.7255526,,,
8485,0,svm,max,balanced,cached_mxbai,381,1782213134.7972114,,,
9684,0,svm,max,balanced,cached_mxbai,382,1782213134.8686218,,,
7678,0,svm,max,balanced,cached_mxbai,383,1782213134.9384005,,,
4465,0,svm,max,balanced,cached_mxbai,384,1782213135.0117815,,,
1810,0,svm,max,balanced,cached_mxbai,385,1782213135.0884364,,,
8806,1,svm,max,balanced,cached_mxbai,386,1782213135.1592128,,,
5792,0,svm,max,balanced,cached_mxbai,387,1782213135.238174,,,
1001,0,svm,max,balanced,cached_mxbai,388,1782213135.335019,,,
4077,0,svm,max,balanced,cached_mxbai,389,1782213135.4110215,,,
3433,0,svm,max,balanced,cached_mxbai,390,1782213135.4804966,,,
7147,0,svm,max,balanced,cached_mxbai,391,1782213135.5516198,,,
7215,0,svm,max,balanced,cached_mxbai,392,1782213135.62197,,,
4743,0,svm,max,balanced,cached_mxbai,393,1782213135.6922097,,,
3768,0,svm,max,balanced,cached_mxbai,394,1782213135.7640421,,,
3027,0,svm,max,balanced,cached_mxbai,395,1782213135.834026,,,
1489,0,svm,max,balanced,cached_mxbai,396,1782213135.9066355,,,
5306,0,svm,max,balanced,cached_mxbai,397,1782213135.976091,,,
183,0,svm,max,balanced,cached_mxbai,398,1782213136.046794,,,
3145,1,svm,max,balanced,cached_mxbai,399,1782213136.1172931,,,
6779,1,svm,max,balanced,cached_mxbai,400,1782213136.1882808,,,
3891,0,svm,max,balanced,cached_mxbai,401,1782213136.2588913,,,
3718,0,svm,max,balanced,cached_mxbai,402,1782213136.3301907,,,
3144,0,svm,max,balanced,cached_mxbai,403,1782213136.401582,,,
1145,0,svm,max,balanced,cached_mxbai,404,1782213136.4737768,,,
4036,0,svm,max,balanced,cached_mxbai,405,1782213136.543883,,,
6519,0,svm,max,balanced,cached_mxbai,406,1782213136.6157942,,,
7017,0,svm,max,balanced,cached_mxbai,407,1782213136.6878862,,,
3804,0,svm,max,balanced,cached_mxbai,408,1782213136.7606385,,,
4467,0,svm,max,balanced,cached_mxbai,409,1782213136.8335254,,,
9204,0,svm,max,balanced,cached_mxbai,410,1782213136.9058034,,,
8375,0,svm,max,balanced,cached_mxbai,411,1782213136.9760725,,,
99,0,svm,max,balanced,cached_mxbai,412,1782213137.0476453,,,
4557,0,svm,max,balanced,cached_mxbai,413,1782213137.1203873,,,
5586,0,svm,max,balanced,cached_mxbai,414,1782213137.1920428,,,
3459,0,svm,max,balanced,cached_mxbai,415,1782213137.2637513,,,
6258,1,svm,max,balanced,cached_mxbai,416,1782213137.3347611,,,
1228,0,svm,max,balanced,cached_mxbai,417,1782213137.4082944,,,
4531,0,svm,max,balanced,cached_mxbai,418,1782213137.478886,,,
10146,0,svm,max,balanced,cached_mxbai,419,1782213137.550707,,,
4738,0,svm,max,balanced,cached_mxbai,420,1782213137.6229112,,,
5257,0,svm,max,balanced,cached_mxbai,421,1782213137.6954172,,,
10016,1,svm,max,balanced,cached_mxbai,422,1782213137.7677255,,,
1708,0,svm,max,balanced,cached_mxbai,423,1782213137.8412523,,,
6464,0,svm,max,balanced,cached_mxbai,424,1782213137.913829,,,
4885,0,svm,max,balanced,cached_mxbai,425,1782213137.986139,,,
6916,0,svm,max,balanced,cached_mxbai,426,1782213138.057437,,,
1191,0,svm,max,balanced,cached_mxbai,427,1782213138.1300883,,,
4064,0,svm,max,balanced,cached_mxbai,428,1782213138.2027688,,,
8887,0,svm,max,balanced,cached_mxbai,429,1782213138.2758,,,
6640,0,svm,max,balanced,cached_mxbai,430,1782213138.3480594,,,
3343,0,svm,max,balanced,cached_mxbai,431,1782213138.4215195,,,
6926,0,svm,max,balanced,cached_mxbai,432,1782213138.4928799,,,
4746,0,svm,max,balanced,cached_mxbai,433,1782213138.566022,,,
9022,0,svm,max,balanced,cached_mxbai,434,1782213138.638807,,,
5414,0,svm,max,balanced,cached_mxbai,435,1782213138.712288,,,
6377,0,svm,max,balanced,cached_mxbai,436,1782213138.7886636,,,
4353,0,svm,max,balanced,cached_mxbai,437,1782213138.8620372,,,
3065,0,svm,max,balanced,cached_mxbai,438,1782213138.9351833,,,
7288,0,svm,max,balanced,cached_mxbai,439,1782213139.0076642,,,
3568,0,svm,max,balanced,cached_mxbai,440,1782213139.081337,,,
4688,0,svm,max,balanced,cached_mxbai,441,1782213139.155847,,,
10215,0,svm,max,balanced,cached_mxbai,442,1782213139.230656,,,
2705,0,svm,max,balanced,cached_mxbai,443,1782213139.304985,,,
3963,0,svm,max,balanced,cached_mxbai,444,1782213139.3787463,,,
4785,0,svm,max,balanced,cached_mxbai,445,1782213139.4524293,,,
4308,0,svm,max,balanced,cached_mxbai,446,1782213139.5257847,,,
558,0,svm,max,balanced,cached_mxbai,447,1782213139.5991504,,,
5563,0,svm,max,balanced,cached_mxbai,448,1782213139.6720185,,,
3726,0,svm,max,balanced,cached_mxbai,449,1782213139.7452424,,,
4451,0,svm,max,balanced,cached_mxbai,450,1782213139.8224542,,,
1599,0,svm,max,balanced,cached_mxbai,451,1782213139.8970013,,,
1061,0,svm,max,balanced,cached_mxbai,452,1782213139.9706564,,,
7943,0,svm,max,balanced,cached_mxbai,453,1782213140.0445974,,,
3679,0,svm,max,balanced,cached_mxbai,454,1782213140.1187372,,,
7784,0,svm,max,balanced,cached_mxbai,455,1782213140.1930425,,,
662,0,svm,max,balanced,cached_mxbai,456,1782213140.2668202,,,
8395,0,svm,max,balanced,cached_mxbai,457,1782213140.3411305,,,
5975,0,svm,max,balanced,cached_mxbai,458,1782213140.4158206,,,
4778,0,svm,max,balanced,cached_mxbai,459,1782213140.49071,,,
3576,0,svm,max,balanced,cached_mxbai,460,1782213140.5640466,,,
10209,0,svm,max,balanced,cached_mxbai,461,1782213140.6393147,,,
8714,0,svm,max,balanced,cached_mxbai,462,1782213140.7134907,,,
5176,0,svm,max,balanced,cached_mxbai,463,1782213140.7896287,,,
6881,1,svm,max,balanced,cached_mxbai,464,1782213140.8652835,,,
3243,0,svm,max,balanced,cached_mxbai,465,1782213140.9406962,,,
5521,0,svm,max,balanced,cached_mxbai,466,1782213141.0173886,,,
7140,0,svm,max,balanced,cached_mxbai,467,1782213141.093061,,,
6100,0,svm,max,balanced,cached_mxbai,468,1782213141.168845,,,
4881,0,svm,max,balanced,cached_mxbai,469,1782213141.2448277,,,
5769,0,svm,max,balanced,cached_mxbai,470,1782213141.3198922,,,
8422,1,svm,max,balanced,cached_mxbai,471,1782213141.3949807,,,
7896,0,svm,max,balanced,cached_mxbai,472,1782213141.470305,,,
3775,0,svm,max,balanced,cached_mxbai,473,1782213141.54524,,,
3961,0,svm,max,balanced,cached_mxbai,474,1782213141.6203754,,,
6738,0,svm,max,balanced,cached_mxbai,475,1782213141.6963089,,,
4487,0,svm,max,balanced,cached_mxbai,476,1782213141.7736218,,,
8991,0,svm,max,balanced,cached_mxbai,477,1782213141.8497596,,,
832,0,svm,max,balanced,cached_mxbai,478,1782213141.9274366,,,
958,0,svm,max,balanced,cached_mxbai,479,1782213142.003591,,,
10052,0,svm,max,balanced,cached_mxbai,480,1782213142.0812063,,,
5941,0,svm,max,balanced,cached_mxbai,481,1782213142.1592352,,,
838,0,svm,max,balanced,cached_mxbai,482,1782213142.2372396,,,
9600,0,svm,max,balanced,cached_mxbai,483,1782213142.3139434,,,
8015,0,svm,max,balanced,cached_mxbai,484,1782213142.3905802,,,
4829,0,svm,max,balanced,cached_mxbai,485,1782213142.4680908,,,
3672,0,svm,max,balanced,cached_mxbai,486,1782213142.5453117,,,
6891,0,svm,max,balanced,cached_mxbai,487,1782213142.621473,,,
7392,0,svm,max,balanced,cached_mxbai,488,1782213142.6985278,,,
10591,0,svm,max,balanced,cached_mxbai,489,1782213142.7742486,,,
4396,0,svm,max,balanced,cached_mxbai,490,1782213142.852208,,,
3389,0,svm,max,balanced,cached_mxbai,491,1782213142.9297352,,,
4390,0,svm,max,balanced,cached_mxbai,492,1782213143.0111618,,,
4947,0,svm,max,balanced,cached_mxbai,493,1782213143.0891354,,,
9830,0,svm,max,balanced,cached_mxbai,494,1782213143.1678386,,,
7104,0,svm,max,balanced,cached_mxbai,495,1782213143.2464688,,,
6490,0,svm,max,balanced,cached_mxbai,496,1782213143.3254845,,,
4805,0,svm,max,balanced,cached_mxbai,497,1782213143.4023364,,,
5092,0,svm,max,balanced,cached_mxbai,498,1782213143.480114,,,
4720,0,svm,max,balanced,cached_mxbai,499,1782213143.5569067,,,
3630,0,svm,max,balanced,cached_mxbai,500,1782213143.6350822,,,
5633,0,svm,max,balanced,cached_mxbai,501,1782213143.7135801,,,
5008,0,svm,max,balanced,cached_mxbai,502,1782213143.7917829,,,
7421,0,svm,max,balanced,cached_mxbai,503,1782213143.8718145,,,
4597,0,svm,max,balanced,cached_mxbai,504,1782213143.949692,,,
3221,0,svm,max,balanced,cached_mxbai,505,1782213144.0284784,,,
4072,0,svm,max,balanced,cached_mxbai,506,1782213144.1073742,,,
9552,0,svm,max,balanced,cached_mxbai,507,1782213144.1866987,,,
4567,0,svm,max,balanced,cached_mxbai,508,1782213144.2664704,,,
5102,0,svm,max,balanced,cached_mxbai,509,1782213144.3447201,,,
7305,0,svm,max,balanced,cached_mxbai,510,1782213144.423616,,,
74,0,svm,max,balanced,cached_mxbai,511,1782213144.5018682,,,
4661,0,svm,max,balanced,cached_mxbai,512,1782213144.5802038,,,
4449,0,svm,max,balanced,cached_mxbai,513,1782213144.6601253,,,
9743,0,svm,max,balanced,cached_mxbai,514,1782213144.7389402,,,
1403,0,svm,max,balanced,cached_mxbai,515,1782213144.820373,,,
8596,0,svm,max,balanced,cached_mxbai,516,1782213144.8993745,,,
3919,0,svm,max,balanced,cached_mxbai,517,1782213144.97906,,,
4471,0,svm,max,balanced,cached_mxbai,518,1782213145.099909,,,
6133,0,svm,max,balanced,cached_mxbai,519,1782213145.1802135,,,
1520,0,svm,max,balanced,cached_mxbai,520,1782213145.292106,,,
3974,0,svm,max,balanced,cached_mxbai,521,1782213145.3930106,,,
4779,0,svm,max,balanced,cached_mxbai,522,1782213145.472242,,,
5857,0,svm,max,balanced,cached_mxbai,523,1782213145.5510852,,,
9124,0,svm,max,balanced,cached_mxbai,524,1782213145.6295693,,,
4626,0,svm,max,balanced,cached_mxbai,525,1782213145.7100766,,,
7080,1,svm,max,balanced,cached_mxbai,526,1782213145.7898462,,,
4154,0,svm,max,balanced,cached_mxbai,527,1782213145.872337,,,
675,0,svm,max,balanced,cached_mxbai,528,1782213145.9513347,,,
3150,0,svm,max,balanced,cached_mxbai,529,1782213146.0307615,,,
10227,0,svm,max,balanced,cached_mxbai,530,1782213146.1123033,,,
4116,0,svm,max,balanced,cached_mxbai,531,1782213146.1946898,,,
3032,0,svm,max,balanced,cached_mxbai,532,1782213146.2761285,,,
8595,0,svm,max,balanced,cached_mxbai,533,1782213146.3589187,,,
2076,0,svm,max,balanced,cached_mxbai,534,1782213146.4403234,,,
143,0,svm,max,balanced,cached_mxbai,535,1782213146.5203102,,,
559,0,svm,max,balanced,cached_mxbai,536,1782213146.6015816,,,
8556,0,svm,max,balanced,cached_mxbai,537,1782213146.6808205,,,
7534,0,svm,max,balanced,cached_mxbai,538,1782213146.7614405,,,
6889,0,svm,max,balanced,cached_mxbai,539,1782213146.842602,,,
9461,1,svm,max,balanced,cached_mxbai,540,1782213146.9249852,,,
114,0,svm,max,balanced,cached_mxbai,541,1782213147.0062218,,,
3787,0,svm,max,balanced,cached_mxbai,542,1782213147.0862384,,,
3415,0,svm,max,balanced,cached_mxbai,543,1782213147.16589,,,
1391,0,svm,max,balanced,cached_mxbai,544,1782213147.248586,,,
8377,0,svm,max,balanced,cached_mxbai,545,1782213147.3293214,,,
5556,0,svm,max,balanced,cached_mxbai,546,1782213147.4107535,,,
5193,0,svm,max,balanced,cached_mxbai,547,1782213147.493311,,,
10452,0,svm,max,balanced,cached_mxbai,548,1782213147.5760078,,,
4520,0,svm,max,balanced,cached_mxbai,549,1782213147.6581938,,,
6725,0,svm,max,balanced,cached_mxbai,550,1782213147.7395306,,,
6618,0,svm,max,balanced,cached_mxbai,551,1782213147.820515,,,
4616,0,svm,max,balanced,cached_mxbai,552,1782213147.9028368,,,
4100,0,svm,max,balanced,cached_mxbai,553,1782213147.9849641,,,
5172,0,svm,max,balanced,cached_mxbai,554,1782213148.0693774,,,
2625,0,svm,max,balanced,cached_mxbai,555,1782213148.157799,,,
10424,0,svm,max,balanced,cached_mxbai,556,1782213148.245866,,,
4976,0,svm,max,balanced,cached_mxbai,557,1782213148.329387,,,
9517,0,svm,max,balanced,cached_mxbai,558,1782213148.4136097,,,
1389,0,svm,max,balanced,cached_mxbai,559,1782213148.4986227,,,
3668,0,svm,max,balanced,cached_mxbai,560,1782213148.5840526,,,
4511,0,svm,max,balanced,cached_mxbai,561,1782213148.6677125,,,
3224,0,svm,max,balanced,cached_mxbai,562,1782213148.7515097,,,
4787,0,svm,max,balanced,cached_mxbai,563,1782213148.834305,,,
1033,0,svm,max,balanced,cached_mxbai,564,1782213148.9169412,,,
10532,0,svm,max,balanced,cached_mxbai,565,1782213148.999041,,,
4669,0,svm,max,balanced,cached_mxbai,566,1782213149.0821455,,,
3926,0,svm,max,balanced,cached_mxbai,567,1782213149.1631305,,,
10026,0,svm,max,balanced,cached_mxbai,568,1782213149.2460063,,,
6732,0,svm,max,balanced,cached_mxbai,569,1782213149.327233,,,
6255,0,svm,max,balanced,cached_mxbai,570,1782213149.4098096,,,
9960,0,svm,max,balanced,cached_mxbai,571,1782213149.4922717,,,
4721,0,svm,max,balanced,cached_mxbai,572,1782213149.5805163,,,
6518,0,svm,max,balanced,cached_mxbai,573,1782213149.6658247,,,
699,0,svm,max,balanced,cached_mxbai,574,1782213149.7512863,,,
3929,0,svm,max,balanced,cached_mxbai,575,1782213149.8383546,,,
5179,0,svm,max,balanced,cached_mxbai,576,1782213149.9271004,,,
3101,0,svm,max,balanced,cached_mxbai,577,1782213150.0180283,,,
5780,0,svm,max,balanced,cached_mxbai,578,1782213150.105856,,,
5083,0,svm,max,balanced,cached_mxbai,579,1782213150.1927664,,,
4494,0,svm,max,balanced,cached_mxbai,580,1782213150.2798455,,,
10522,0,svm,max,balanced,cached_mxbai,581,1782213150.3670733,,,
7549,0,svm,max,balanced,cached_mxbai,582,1782213150.454168,,,
3618,0,svm,max,balanced,cached_mxbai,583,1782213150.5439937,,,
1867,0,svm,max,balanced,cached_mxbai,584,1782213150.6316564,,,
7453,1,svm,max,balanced,cached_mxbai,585,1782213150.7181947,,,
3296,0,svm,max,balanced,cached_mxbai,586,1782213150.8042994,,,
9907,0,svm,max,balanced,cached_mxbai,587,1782213150.88912,,,
667,0,svm,max,balanced,cached_mxbai,588,1782213150.975197,,,
3435,0,svm,max,balanced,cached_mxbai,589,1782213151.05996,,,
5049,0,svm,max,balanced,cached_mxbai,590,1782213151.1466668,,,
8605,0,svm,max,balanced,cached_mxbai,591,1782213151.2332056,,,
676,0,svm,max,balanced,cached_mxbai,592,1782213151.3184595,,,
4770,0,svm,max,balanced,cached_mxbai,593,1782213151.404015,,,
7666,0,svm,max,balanced,cached_mxbai,594,1782213151.4906325,,,
6074,0,svm,max,balanced,cached_mxbai,595,1782213151.5747595,,,
3806,0,svm,max,balanced,cached_mxbai,596,1782213151.661849,,,
6130,0,svm,max,balanced,cached_mxbai,597,1782213151.7496018,,,
9702,0,svm,max,balanced,cached_mxbai,598,1782213151.8357813,,,
4373,0,svm,max,balanced,cached_mxbai,599,1782213151.9225774,,,
4505,0,svm,max,balanced,cached_mxbai,600,1782213152.0088558,,,
6420,0,svm,max,balanced,cached_mxbai,601,1782213152.0936701,,,
2901,0,svm,max,balanced,cached_mxbai,602,1782213152.1801322,,,
8168,0,svm,max,balanced,cached_mxbai,603,1782213152.2662966,,,
4698,0,svm,max,balanced,cached_mxbai,604,1782213152.352825,,,
8326,0,svm,max,balanced,cached_mxbai,605,1782213152.4395497,,,
430,0,svm,max,balanced,cached_mxbai,606,1782213152.5269663,,,
4707,0,svm,max,balanced,cached_mxbai,607,1782213152.6139693,,,
1820,0,svm,max,balanced,cached_mxbai,608,1782213152.6989384,,,
3627,0,svm,max,balanced,cached_mxbai,609,1782213152.7831979,,,
8077,0,svm,max,balanced,cached_mxbai,610,1782213152.8697338,,,
10590,0,svm,max,balanced,cached_mxbai,611,1782213152.954697,,,
5056,0,svm,max,balanced,cached_mxbai,612,1782213153.042809,,,
5019,0,svm,max,balanced,cached_mxbai,613,1782213153.129134,,,
1682,0,svm,max,balanced,cached_mxbai,614,1782213153.215523,,,
10273,0,svm,max,balanced,cached_mxbai,615,1782213153.3044746,,,
7148,0,svm,max,balanced,cached_mxbai,616,1782213153.3929112,,,
5321,0,svm,max,balanced,cached_mxbai,617,1782213153.4815376,,,
5168,0,svm,max,balanced,cached_mxbai,618,1782213153.5692494,,,
5767,0,svm,max,balanced,cached_mxbai,619,1782213153.6585145,,,
9476,0,svm,max,balanced,cached_mxbai,620,1782213153.7456632,,,
4506,0,svm,max,balanced,cached_mxbai,621,1782213153.8349645,,,
59,0,svm,max,balanced,cached_mxbai,622,1782213153.9241867,,,
6428,0,svm,max,balanced,cached_mxbai,623,1782213154.0125978,,,
9625,0,svm,max,balanced,cached_mxbai,624,1782213154.102835,,,
1051,0,svm,max,balanced,cached_mxbai,625,1782213154.1906297,,,
4625,0,svm,max,balanced,cached_mxbai,626,1782213154.280098,,,
9908,0,svm,max,balanced,cached_mxbai,627,1782213154.368476,,,
4686,0,svm,max,balanced,cached_mxbai,628,1782213154.4565287,,,
9182,0,svm,max,balanced,cached_mxbai,629,1782213154.5447197,,,
8471,0,svm,max,balanced,cached_mxbai,630,1782213154.6339655,,,
7460,0,svm,max,balanced,cached_mxbai,631,1782213154.7215953,,,
532,0,svm,max,balanced,cached_mxbai,632,1782213154.8097184,,,
7317,1,svm,max,balanced,cached_mxbai,633,1782213154.8982892,,,
4793,0,svm,max,balanced,cached_mxbai,634,1782213154.9894228,,,
3106,0,svm,max,balanced,cached_mxbai,635,1782213155.0845056,,,
4941,0,svm,max,balanced,cached_mxbai,636,1782213155.1748915,,,
4659,0,svm,max,balanced,cached_mxbai,637,1782213155.2882378,,,
7662,0,svm,max,balanced,cached_mxbai,638,1782213155.4014628,,,
3416,0,svm,max,balanced,cached_mxbai,639,1782213155.49123,,,
4134,0,svm,max,balanced,cached_mxbai,640,1782213155.582586,,,
3455,0,svm,max,balanced,cached_mxbai,641,1782213155.6708949,,,
4499,0,svm,max,balanced,cached_mxbai,642,1782213155.7604506,,,
7011,0,svm,max,balanced,cached_mxbai,643,1782213155.8500013,,,
9564,0,svm,max,balanced,cached_mxbai,644,1782213155.9420416,,,
4565,0,svm,max,balanced,cached_mxbai,645,1782213156.0319526,,,
545,0,svm,max,balanced,cached_mxbai,646,1782213156.1244385,,,
4723,0,svm,max,balanced,cached_mxbai,647,1782213156.2150755,,,
4427,0,svm,max,balanced,cached_mxbai,648,1782213156.305142,,,
5451,0,svm,max,balanced,cached_mxbai,649,1782213156.39551,,,
9678,0,svm,max,balanced,cached_mxbai,650,1782213156.4839177,,,
6530,0,svm,max,balanced,cached_mxbai,651,1782213156.5749986,,,
6192,0,svm,max,balanced,cached_mxbai,652,1782213156.665669,,,
9813,0,svm,max,balanced,cached_mxbai,653,1782213156.7561402,,,
5457,0,svm,max,balanced,cached_mxbai,654,1782213156.845764,,,
4797,0,svm,max,balanced,cached_mxbai,655,1782213156.9363885,,,
4538,0,svm,max,balanced,cached_mxbai,656,1782213157.02576,,,
3347,0,svm,max,balanced,cached_mxbai,657,1782213157.1170464,,,
842,1,svm,max,balanced,cached_mxbai,658,1782213157.2074924,,,
8225,0,svm,max,balanced,cached_mxbai,659,1782213157.2987854,,,
4930,0,svm,max,balanced,cached_mxbai,660,1782213157.3901458,,,
8884,0,svm,max,balanced,cached_mxbai,661,1782213157.4802592,,,
4677,0,svm,max,balanced,cached_mxbai,662,1782213157.571566,,,
4792,0,svm,max,balanced,cached_mxbai,663,1782213157.6629577,,,
5313,0,svm,max,balanced,cached_mxbai,664,1782213157.753723,,,
5028,0,svm,max,balanced,cached_mxbai,665,1782213157.8447378,,,
4599,0,svm,max,balanced,cached_mxbai,666,1782213157.9368997,,,
1883,0,svm,max,balanced,cached_mxbai,667,1782213158.0305383,,,
5208,0,svm,max,balanced,cached_mxbai,668,1782213158.1229038,,,
5403,0,svm,max,balanced,cached_mxbai,669,1782213158.2148619,,,
7596,0,svm,max,balanced,cached_mxbai,670,1782213158.3097787,,,
9806,0,svm,max,balanced,cached_mxbai,671,1782213158.4032047,,,
2408,0,svm,max,balanced,cached_mxbai,672,1782213158.495533,,,
1734,0,svm,max,balanced,cached_mxbai,673,1782213158.5910878,,,
5218,0,svm,max,balanced,cached_mxbai,674,1782213158.6838603,,,
4527,0,svm,max,balanced,cached_mxbai,675,1782213158.7787511,,,
9829,0,svm,max,balanced,cached_mxbai,676,1782213158.8714037,,,
4289,0,svm,max,balanced,cached_mxbai,677,1782213158.9659295,,,
8655,0,svm,max,balanced,cached_mxbai,678,1782213159.0602374,,,
745,0,svm,max,balanced,cached_mxbai,679,1782213159.151767,,,
3761,0,svm,max,balanced,cached_mxbai,680,1782213159.243715,,,
4683,0,svm,max,balanced,cached_mxbai,681,1782213159.336328,,,
3273,0,svm,max,balanced,cached_mxbai,682,1782213159.4306948,,,
1879,0,svm,max,balanced,cached_mxbai,683,1782213159.5245495,,,
5394,0,svm,max,balanced,cached_mxbai,684,1782213159.6201665,,,
5307,0,svm,max,balanced,cached_mxbai,685,1782213159.712401,,,
7741,0,svm,max,balanced,cached_mxbai,686,1782213159.8046913,,,
2758,0,svm,max,balanced,cached_mxbai,687,1782213159.8985405,,,
4109,0,svm,max,balanced,cached_mxbai,688,1782213159.9939132,,,
4496,0,svm,max,balanced,cached_mxbai,689,1782213160.088561,,,
9969,0,svm,max,balanced,cached_mxbai,690,1782213160.182789,,,
4391,0,svm,max,balanced,cached_mxbai,691,1782213160.2772021,,,
10317,0,svm,max,balanced,cached_mxbai,692,1782213160.371049,,,
9249,0,svm,max,balanced,cached_mxbai,693,1782213160.4653306,,,
4952,0,svm,max,balanced,cached_mxbai,694,1782213160.5614145,,,
3778,0,svm,max,balanced,cached_mxbai,695,1782213160.657108,,,
5232,0,svm,max,balanced,cached_mxbai,696,1782213160.7512584,,,
4788,0,svm,max,balanced,cached_mxbai,697,1782213160.846052,,,
516,0,svm,max,balanced,cached_mxbai,698,1782213160.9413028,,,
6778,0,svm,max,balanced,cached_mxbai,699,1782213161.0386858,,,
666,0,svm,max,balanced,cached_mxbai,700,1782213161.1345768,,,
4875,0,svm,max,balanced,cached_mxbai,701,1782213161.2318351,,,
702,0,svm,max,balanced,cached_mxbai,702,1782213161.3281982,,,
3747,0,svm,max,balanced,cached_mxbai,703,1782213161.4242465,,,
1472,0,svm,max,balanced,cached_mxbai,704,1782213161.519836,,,
4554,0,svm,max,balanced,cached_mxbai,705,1782213161.6166067,,,
4153,0,svm,max,balanced,cached_mxbai,706,1782213161.7142055,,,
5584,0,svm,max,balanced,cached_mxbai,707,1782213161.8091698,,,
7121,0,svm,max,balanced,cached_mxbai,708,1782213161.9065351,,,
4711,0,svm,max,balanced,cached_mxbai,709,1782213162.0054107,,,
7864,0,svm,max,balanced,cached_mxbai,710,1782213162.1017554,,,
3852,0,svm,max,balanced,cached_mxbai,711,1782213162.1950977,,,
3869,0,svm,max,balanced,cached_mxbai,712,1782213162.2904217,,,
4350,0,svm,max,balanced,cached_mxbai,713,1782213162.3895097,,,
4593,0,svm,max,balanced,cached_mxbai,714,1782213162.4855835,,,
1360,0,svm,max,balanced,cached_mxbai,715,1782213162.5828326,,,
4692,0,svm,max,balanced,cached_mxbai,716,1782213162.6799538,,,
1350,0,svm,max,balanced,cached_mxbai,717,1782213162.7751245,,,
4541,0,svm,max,balanced,cached_mxbai,718,1782213162.8722227,,,
1233,0,svm,max,balanced,cached_mxbai,719,1782213162.9714746,,,
8692,0,svm,max,balanced,cached_mxbai,720,1782213163.0684798,,,
5773,0,svm,max,balanced,cached_mxbai,721,1782213163.1648178,,,
8888,0,svm,max,balanced,cached_mxbai,722,1782213163.2620575,,,
10389,0,svm,max,balanced,cached_mxbai,723,1782213163.3600972,,,
1550,0,svm,max,balanced,cached_mxbai,724,1782213163.4570231,,,
7270,0,svm,max,balanced,cached_mxbai,725,1782213163.5558586,,,
8972,0,svm,max,balanced,cached_mxbai,726,1782213163.6560163,,,
3827,0,svm,max,balanced,cached_mxbai,727,1782213163.7526793,,,
1049,0,svm,max,balanced,cached_mxbai,728,1782213163.8501046,,,
6146,0,svm,max,balanced,cached_mxbai,729,1782213163.949863,,,
5207,0,svm,max,balanced,cached_mxbai,730,1782213164.0489168,,,
1777,0,svm,max,balanced,cached_mxbai,731,1782213164.1490574,,,
4927,0,svm,max,balanced,cached_mxbai,732,1782213164.2471642,,,
9779,0,svm,max,balanced,cached_mxbai,733,1782213164.348891,,,
8257,0,svm,max,balanced,cached_mxbai,734,1782213164.445544,,,
5061,0,svm,max,balanced,cached_mxbai,735,1782213164.5460393,,,
5227,0,svm,max,balanced,cached_mxbai,736,1782213164.6459575,,,
5338,0,svm,max,balanced,cached_mxbai,737,1782213164.7456205,,,
4342,0,svm,max,balanced,cached_mxbai,738,1782213164.843638,,,
4532,0,svm,max,balanced,cached_mxbai,739,1782213164.9421582,,,
3600,0,svm,max,balanced,cached_mxbai,740,1782213165.0559916,,,
5323,0,svm,max,balanced,cached_mxbai,741,1782213165.1542928,,,
5137,0,svm,max,balanced,cached_mxbai,742,1782213165.2836616,,,
4458,0,svm,max,balanced,cached_mxbai,743,1782213165.3940384,,,
2191,0,svm,max,balanced,cached_mxbai,744,1782213165.4971886,,,
4569,0,svm,max,balanced,cached_mxbai,745,1782213165.5973542,,,
3888,0,svm,max,balanced,cached_mxbai,746,1782213165.702231,,,
613,0,svm,max,balanced,cached_mxbai,747,1782213165.803418,,,
4420,0,svm,max,balanced,cached_mxbai,748,1782213165.9079185,,,
4637,0,svm,max,balanced,cached_mxbai,749,1782213166.007585,,,
8999,0,svm,max,balanced,cached_mxbai,750,1782213166.1097987,,,
5242,0,svm,max,balanced,cached_mxbai,751,1782213166.2098148,,,
10241,0,svm,max,balanced,cached_mxbai,752,1782213166.3104012,,,
4088,0,svm,max,balanced,cached_mxbai,753,1782213166.4131296,,,
1901,0,svm,max,balanced,cached_mxbai,754,1782213166.5123315,,,
7226,0,svm,max,balanced,cached_mxbai,755,1782213166.6135821,,,
8800,0,svm,max,balanced,cached_mxbai,756,1782213166.716504,,,
6528,0,svm,max,balanced,cached_mxbai,757,1782213166.8153234,,,
5766,0,svm,max,balanced,cached_mxbai,758,1782213166.9136791,,,
8780,0,svm,max,balanced,cached_mxbai,759,1782213167.0135272,,,
7064,0,svm,max,balanced,cached_mxbai,760,1782213167.11412,,,
3479,0,svm,max,balanced,cached_mxbai,761,1782213167.2143264,,,
9528,0,svm,max,balanced,cached_mxbai,762,1782213167.3167558,,,
32,0,svm,max,balanced,cached_mxbai,763,1782213167.4234812,,,
2110,0,svm,max,balanced,cached_mxbai,764,1782213167.5248294,,,
2762,0,svm,max,balanced,cached_mxbai,765,1782213167.6299958,,,
7595,0,svm,max,balanced,cached_mxbai,766,1782213167.7327857,,,
2100,0,svm,max,balanced,cached_mxbai,767,1782213167.835095,,,
6483,0,svm,max,balanced,cached_mxbai,768,1782213167.9355724,,,
4473,0,svm,max,balanced,cached_mxbai,769,1782213168.03845,,,
7264,0,svm,max,balanced,cached_mxbai,770,1782213168.1412952,,,
7016,0,svm,max,balanced,cached_mxbai,771,1782213168.2450323,,,
9531,0,svm,max,balanced,cached_mxbai,772,1782213168.3478224,,,
5219,0,svm,max,balanced,cached_mxbai,773,1782213168.4500268,,,
3088,0,svm,max,balanced,cached_mxbai,774,1782213168.5532465,,,
3252,0,svm,max,balanced,cached_mxbai,775,1782213168.6591585,,,
5276,0,svm,max,balanced,cached_mxbai,776,1782213168.7632463,,,
5564,0,svm,max,balanced,cached_mxbai,777,1782213168.8675601,,,
3687,0,svm,max,balanced,cached_mxbai,778,1782213168.9707994,,,
8044,0,svm,max,balanced,cached_mxbai,779,1782213169.0752432,,,
9069,0,svm,max,balanced,cached_mxbai,780,1782213169.1768403,,,
6912,0,svm,max,balanced,cached_mxbai,781,1782213169.2797647,,,
4868,0,svm,max,balanced,cached_mxbai,782,1782213169.3845093,,,
3666,0,svm,max,balanced,cached_mxbai,783,1782213169.4883177,,,
1213,0,svm,max,balanced,cached_mxbai,784,1782213169.5927072,,,
4706,0,svm,max,balanced,cached_mxbai,785,1782213169.6986458,,,
10549,0,svm,max,balanced,cached_mxbai,786,1782213169.8018837,,,
10232,0,svm,max,balanced,cached_mxbai,787,1782213169.9055092,,,
3982,0,svm,max,balanced,cached_mxbai,788,1782213170.0097125,,,
10033,0,svm,max,balanced,cached_mxbai,789,1782213170.1132233,,,
4889,0,svm,max,balanced,cached_mxbai,790,1782213170.2162235,,,
9323,0,svm,max,balanced,cached_mxbai,791,1782213170.321699,,,
4611,0,svm,max,balanced,cached_mxbai,792,1782213170.4270086,,,
8120,0,svm,max,balanced,cached_mxbai,793,1782213170.5297618,,,
6417,0,svm,max,balanced,cached_mxbai,794,1782213170.6329954,,,
7009,0,svm,max,balanced,cached_mxbai,795,1782213170.7382128,,,
4902,0,svm,max,balanced,cached_mxbai,796,1782213170.8411767,,,
3894,0,svm,max,balanced,cached_mxbai,797,1782213170.9445944,,,
9041,0,svm,max,balanced,cached_mxbai,798,1782213171.048772,,,
6761,0,svm,max,balanced,cached_mxbai,799,1782213171.1521335,,,
1547,0,svm,max,balanced,cached_mxbai,800,1782213171.258395,,,
9538,0,svm,max,balanced,cached_mxbai,801,1782213171.3623736,,,
5160,0,svm,max,balanced,cached_mxbai,802,1782213171.4664717,,,
2113,0,svm,max,balanced,cached_mxbai,803,1782213171.57285,,,
7616,0,svm,max,balanced,cached_mxbai,804,1782213171.6788821,,,
896,0,svm,max,balanced,cached_mxbai,805,1782213171.782824,,,
663,0,svm,max,balanced,cached_mxbai,806,1782213171.8865972,,,
4709,0,svm,max,balanced,cached_mxbai,807,1782213171.9911196,,,
4988,0,svm,max,balanced,cached_mxbai,808,1782213172.0976195,,,
5074,0,svm,max,balanced,cached_mxbai,809,1782213172.201236,,,
4573,0,svm,max,balanced,cached_mxbai,810,1782213172.3069081,,,
3614,0,svm,max,balanced,cached_mxbai,811,1782213172.4127996,,,
4867,0,svm,max,balanced,cached_mxbai,812,1782213172.518374,,,
760,0,svm,max,balanced,cached_mxbai,813,1782213172.625037,,,
8055,0,svm,max,balanced,cached_mxbai,814,1782213172.7319446,,,
6400,0,svm,max,balanced,cached_mxbai,815,1782213172.836797,,,
4670,0,svm,max,balanced,cached_mxbai,816,1782213172.9471378,,,
698,0,svm,max,balanced,cached_mxbai,817,1782213173.055513,,,
4582,0,svm,max,balanced,cached_mxbai,818,1782213173.1619115,,,
50,0,svm,max,balanced,cached_mxbai,819,1782213173.2687697,,,
4570,0,svm,max,balanced,cached_mxbai,820,1782213173.3752623,,,
10110,0,svm,max,balanced,cached_mxbai,821,1782213173.480052,,,
8531,0,svm,max,balanced,cached_mxbai,822,1782213173.5885174,,,
4528,0,svm,max,balanced,cached_mxbai,823,1782213173.6954625,,,
7182,0,svm,max,balanced,cached_mxbai,824,1782213173.8026521,,,
10136,1,svm,max,balanced,cached_mxbai,825,1782213173.910217,,,
7269,0,svm,max,balanced,cached_mxbai,826,1782213174.0165892,,,
9199,0,svm,max,balanced,cached_mxbai,827,1782213174.1262972,,,
4209,0,svm,max,balanced,cached_mxbai,828,1782213174.234685,,,
8995,0,svm,max,balanced,cached_mxbai,829,1782213174.3403435,,,
10337,0,svm,max,balanced,cached_mxbai,830,1782213174.4502487,,,
10435,1,svm,max,balanced,cached_mxbai,831,1782213174.554798,,,
7483,0,svm,max,balanced,cached_mxbai,832,1782213174.6604679,,,
4222,0,svm,max,balanced,cached_mxbai,833,1782213174.767937,,,
5199,0,svm,max,balanced,cached_mxbai,834,1782213174.8760557,,,
6831,0,svm,max,balanced,cached_mxbai,835,1782213174.9808958,,,
907,0,svm,max,balanced,cached_mxbai,836,1782213175.092051,,,
1312,0,svm,max,balanced,cached_mxbai,837,1782213175.1999738,,,
1070,0,svm,max,balanced,cached_mxbai,838,1782213175.351224,,,
1721,1,svm,max,balanced,cached_mxbai,839,1782213175.4603376,,,
4495,0,svm,max,balanced,cached_mxbai,840,1782213175.566551,,,
5272,0,svm,max,balanced,cached_mxbai,841,1782213175.6766956,,,
4657,0,svm,max,balanced,cached_mxbai,842,1782213175.7851896,,,
4559,0,svm,max,balanced,cached_mxbai,843,1782213175.892385,,,
7168,0,svm,max,balanced,cached_mxbai,844,1782213175.998715,,,
6039,0,svm,max,balanced,cached_mxbai,845,1782213176.106418,,,
4435,0,svm,max,balanced,cached_mxbai,846,1782213176.2153983,,,
8179,0,svm,max,balanced,cached_mxbai,847,1782213176.3248425,,,
6830,0,svm,max,balanced,cached_mxbai,848,1782213176.4337888,,,
3494,0,svm,max,balanced,cached_mxbai,849,1782213176.5423186,,,
5330,0,svm,max,balanced,cached_mxbai,850,1782213176.6508882,,,
10291,0,svm,max,balanced,cached_mxbai,851,1782213176.7582114,,,
2240,0,svm,max,balanced,cached_mxbai,852,1782213176.8674529,,,
6553,0,svm,max,balanced,cached_mxbai,853,1782213176.9766147,,,
8315,0,svm,max,balanced,cached_mxbai,854,1782213177.0936463,,,
1561,0,svm,max,balanced,cached_mxbai,855,1782213177.2115476,,,
5072,0,svm,max,balanced,cached_mxbai,856,1782213177.3237522,,,
4086,0,svm,max,balanced,cached_mxbai,857,1782213177.4340713,,,
9131,0,svm,max,balanced,cached_mxbai,858,1782213177.5443234,,,
9945,0,svm,max,balanced,cached_mxbai,859,1782213177.6523178,,,
4633,0,svm,max,balanced,cached_mxbai,860,1782213177.763556,,,
3502,0,svm,max,balanced,cached_mxbai,861,1782213177.8732123,,,
6444,0,svm,max,balanced,cached_mxbai,862,1782213177.983853,,,
3923,0,svm,max,balanced,cached_mxbai,863,1782213178.092966,,,
8602,0,svm,max,balanced,cached_mxbai,864,1782213178.2043586,,,
3742,0,svm,max,balanced,cached_mxbai,865,1782213178.3151734,,,
5329,0,svm,max,balanced,cached_mxbai,866,1782213178.4250154,,,
4299,0,svm,max,balanced,cached_mxbai,867,1782213178.5360527,,,
86,0,svm,max,balanced,cached_mxbai,868,1782213178.6514437,,,
5125,0,svm,max,balanced,cached_mxbai,869,1782213178.7675397,,,
4139,0,svm,max,balanced,cached_mxbai,870,1782213178.8814402,,,
9747,0,svm,max,balanced,cached_mxbai,871,1782213178.9955044,,,
4662,0,svm,max,balanced,cached_mxbai,872,1782213179.1117723,,,
3639,0,svm,max,balanced,cached_mxbai,873,1782213179.2283728,,,
8118,0,svm,max,balanced,cached_mxbai,874,1782213179.3413758,,,
3523,0,svm,max,balanced,cached_mxbai,875,1782213179.4558287,,,
3912,0,svm,max,balanced,cached_mxbai,876,1782213179.5696375,,,
4964,0,svm,max,balanced,cached_mxbai,877,1782213179.68356,,,
8261,0,svm,max,balanced,cached_mxbai,878,1782213179.7977235,,,
5039,0,svm,max,balanced,cached_mxbai,879,1782213179.9137168,,,
2832,0,svm,max,balanced,cached_mxbai,880,1782213180.0301948,,,
10290,0,svm,max,balanced,cached_mxbai,881,1782213180.1465054,,,
2559,0,svm,max,balanced,cached_mxbai,882,1782213180.2596622,,,
3934,0,svm,max,balanced,cached_mxbai,883,1782213180.3717716,,,
1048,0,svm,max,balanced,cached_mxbai,884,1782213180.4847183,,,
5383,0,svm,max,balanced,cached_mxbai,885,1782213180.5989845,,,
1198,0,svm,max,balanced,cached_mxbai,886,1782213180.7107103,,,
5651,0,svm,max,balanced,cached_mxbai,887,1782213180.8240693,,,
5426,0,svm,max,balanced,cached_mxbai,888,1782213180.9377396,,,
5017,0,svm,max,balanced,cached_mxbai,889,1782213181.060231,,,
3097,0,svm,max,balanced,cached_mxbai,890,1782213181.1915174,,,
8696,0,svm,max,balanced,cached_mxbai,891,1782213181.3167572,,,
4121,0,svm,max,balanced,cached_mxbai,892,1782213181.4395528,,,
9725,0,svm,max,balanced,cached_mxbai,893,1782213181.560839,,,
6718,0,svm,max,balanced,cached_mxbai,894,1782213181.686,,,
4453,0,svm,max,balanced,cached_mxbai,895,1782213181.8093243,,,
6398,0,svm,max,balanced,cached_mxbai,896,1782213181.9321663,,,
6238,0,svm,max,balanced,cached_mxbai,897,1782213182.0557132,,,
4722,0,svm,max,balanced,cached_mxbai,898,1782213182.1778233,,,
3187,0,svm,max,balanced,cached_mxbai,899,1782213182.3044221,,,
1003,0,svm,max,balanced,cached_mxbai,900,1782213182.4276488,,,
4648,0,svm,max,balanced,cached_mxbai,901,1782213182.5479813,,,
3994,0,svm,max,balanced,cached_mxbai,902,1782213182.6696856,,,
9836,0,svm,max,balanced,cached_mxbai,903,1782213182.7938123,,,
7597,0,svm,max,balanced,cached_mxbai,904,1782213182.9145052,,,
10177,0,svm,max,balanced,cached_mxbai,905,1782213183.037739,,,
4836,0,svm,max,balanced,cached_mxbai,906,1782213183.1612728,,,
10225,0,svm,max,balanced,cached_mxbai,907,1782213183.2849307,,,
5185,0,svm,max,balanced,cached_mxbai,908,1782213183.4080143,,,
6340,0,svm,max,balanced,cached_mxbai,909,1782213183.5269823,,,
7767,0,svm,max,balanced,cached_mxbai,910,1782213183.6492038,,,
3538,0,svm,max,balanced,cached_mxbai,911,1782213183.7696888,,,
8467,0,svm,max,balanced,cached_mxbai,912,1782213183.8964276,,,
4162,0,svm,max,balanced,cached_mxbai,913,1782213184.0207217,,,
5016,0,svm,max,balanced,cached_mxbai,914,1782213184.1463852,,,
4586,0,svm,max,balanced,cached_mxbai,915,1782213184.271656,,,
9749,0,svm,max,balanced,cached_mxbai,916,1782213184.3954248,,,
2330,0,svm,max,balanced,cached_mxbai,917,1782213184.5162895,,,
6411,0,svm,max,balanced,cached_mxbai,918,1782213184.6398523,,,
8255,0,svm,max,balanced,cached_mxbai,919,1782213184.7623656,,,
6629,0,svm,max,balanced,cached_mxbai,920,1782213184.8872693,,,
4933,0,svm,max,balanced,cached_mxbai,921,1782213185.0109482,,,
1008,0,svm,max,balanced,cached_mxbai,922,1782213185.1497157,,,
4176,0,svm,max,balanced,cached_mxbai,923,1782213185.2884903,,,
5145,0,svm,max,balanced,cached_mxbai,924,1782213185.424314,,,
4862,0,svm,max,balanced,cached_mxbai,925,1782213185.5460837,,,
5591,0,svm,max,balanced,cached_mxbai,926,1782213185.6721075,,,
4598,0,svm,max,balanced,cached_mxbai,927,1782213185.7980807,,,
4994,0,svm,max,balanced,cached_mxbai,928,1782213185.924014,,,
5365,0,svm,max,balanced,cached_mxbai,929,1782213186.0478733,,,
1385,0,svm,max,balanced,cached_mxbai,930,1782213186.1748257,,,
402,0,svm,max,balanced,cached_mxbai,931,1782213186.2951446,,,
2279,0,svm,max,balanced,cached_mxbai,932,1782213186.419928,,,
7434,0,svm,max,balanced,cached_mxbai,933,1782213186.5444355,,,
7217,0,svm,max,balanced,cached_mxbai,934,1782213186.6671515,,,
4445,0,svm,max,balanced,cached_mxbai,935,1782213186.7920628,,,
9132,0,svm,max,balanced,cached_mxbai,936,1782213186.917294,,,
5134,0,svm,max,balanced,cached_mxbai,937,1782213187.0401819,,,
677,0,svm,max,balanced,cached_mxbai,938,1782213187.1870012,,,
8063,0,svm,max,balanced,cached_mxbai,939,1782213187.325594,,,
5410,0,svm,max,balanced,cached_mxbai,940,1782213187.4502187,,,
9683,0,svm,max,balanced,cached_mxbai,941,1782213187.5739262,,,
4588,0,svm,max,balanced,cached_mxbai,942,1782213187.6990943,,,
6842,0,svm,max,balanced,cached_mxbai,943,1782213187.8263862,,,
5096,0,svm,max,balanced,cached_mxbai,944,1782213187.951283,,,
1585,0,svm,max,balanced,cached_mxbai,945,1782213188.0814264,,,
5013,0,svm,max,balanced,cached_mxbai,946,1782213188.2109427,,,
4136,0,svm,max,balanced,cached_mxbai,947,1782213188.3387222,,,
5244,0,svm,max,balanced,cached_mxbai,948,1782213188.4694173,,,
4515,0,svm,max,balanced,cached_mxbai,949,1782213188.6006308,,,
8428,0,svm,max,balanced,cached_mxbai,950,1782213188.7326865,,,
7577,0,svm,max,balanced,cached_mxbai,951,1782213188.8675182,,,
3914,0,svm,max,balanced,cached_mxbai,952,1782213188.9936469,,,
4619,0,svm,max,balanced,cached_mxbai,953,1782213189.1145546,,,
8153,0,svm,max,balanced,cached_mxbai,954,1782213189.2380588,,,
3748,0,svm,max,balanced,cached_mxbai,955,1782213189.3620644,,,
134,0,svm,max,balanced,cached_mxbai,956,1782213189.4871857,,,
4642,0,svm,max,balanced,cached_mxbai,957,1782213189.6077564,,,
5111,0,svm,max,balanced,cached_mxbai,958,1782213189.7275636,,,
4424,0,svm,max,balanced,cached_mxbai,959,1782213189.8544269,,,
10308,0,svm,max,balanced,cached_mxbai,960,1782213189.9767532,,,
6438,0,svm,max,balanced,cached_mxbai,961,1782213190.098332,,,
9293,0,svm,max,balanced,cached_mxbai,962,1782213190.2242002,,,
10169,0,svm,max,balanced,cached_mxbai,963,1782213190.3475485,,,
25,0,svm,max,balanced,cached_mxbai,964,1782213190.4749603,,,
3558,0,svm,max,balanced,cached_mxbai,965,1782213190.5966804,,,
3099,0,svm,max,balanced,cached_mxbai,966,1782213190.722256,,,
5131,0,svm,max,balanced,cached_mxbai,967,1782213190.8444595,,,
4744,0,svm,max,balanced,cached_mxbai,968,1782213190.9692988,,,
3209,0,svm,max,balanced,cached_mxbai,969,1782213191.0920205,,,
3569,0,svm,max,balanced,cached_mxbai,970,1782213191.2217088,,,
4476,0,svm,max,balanced,cached_mxbai,971,1782213191.345747,,,
6634,0,svm,max,balanced,cached_mxbai,972,1782213191.4682164,,,
4951,0,svm,max,balanced,cached_mxbai,973,1782213191.5932875,,,
8092,0,svm,max,balanced,cached_mxbai,974,1782213191.7172835,,,
8982,0,svm,max,balanced,cached_mxbai,975,1782213191.8400636,,,
4636,0,svm,max,balanced,cached_mxbai,976,1782213191.9692843,,,
955,0,svm,max,balanced,cached_mxbai,977,1782213192.0960586,,,
8563,0,svm,max,balanced,cached_mxbai,978,1782213192.2214782,,,
9122,0,svm,max,balanced,cached_mxbai,979,1782213192.3437977,,,
3873,0,svm,max,balanced,cached_mxbai,980,1782213192.4686725,,,
5449,0,svm,max,balanced,cached_mxbai,981,1782213192.5940216,,,
3194,0,svm,max,balanced,cached_mxbai,982,1782213192.7168589,,,
5996,0,svm,max,balanced,cached_mxbai,983,1782213192.8445137,,,
6136,0,svm,max,balanced,cached_mxbai,984,1782213192.970818,,,
9429,0,svm,max,balanced,cached_mxbai,985,1782213193.0985067,,,
10484,0,svm,max,balanced,cached_mxbai,986,1782213193.221932,,,
1149,0,svm,max,balanced,cached_mxbai,987,1782213193.3527129,,,
10057,0,svm,max,balanced,cached_mxbai,988,1782213193.4779541,,,
9996,0,svm,max,balanced,cached_mxbai,989,1782213193.6070833,,,
4564,0,svm,max,balanced,cached_mxbai,990,1782213193.73492,,,
9213,0,svm,max,balanced,cached_mxbai,991,1782213193.8637917,,,
6499,0,svm,max,balanced,cached_mxbai,992,1782213193.9976215,,,
4104,0,svm,max,balanced,cached_mxbai,993,1782213194.1272976,,,
5154,0,svm,max,balanced,cached_mxbai,994,1782213194.2616305,,,
6631,0,svm,max,balanced,cached_mxbai,995,1782213194.3935533,,,
3960,0,svm,max,balanced,cached_mxbai,996,1782213194.5223956,,,
4612,0,svm,max,balanced,cached_mxbai,997,1782213194.6560147,,,
6013,0,svm,max,balanced,cached_mxbai,998,1782213194.7910662,,,
1911,0,svm,max,balanced,cached_mxbai,999,1782213194.9228442,,,
2258,0,svm,max,balanced,cached_mxbai,1000,1782213195.054255,,,
9763,0,svm,max,balanced,cached_mxbai,1001,1782213195.1860526,,,
5870,0,svm,max,balanced,cached_mxbai,1002,1782213195.333416,,,
4680,0,svm,max,balanced,cached_mxbai,1003,1782213195.4618745,,,
5078,0,svm,max,balanced,cached_mxbai,1004,1782213195.5927837,,,
10122,0,svm,max,balanced,cached_mxbai,1005,1782213195.7217824,,,
3767,0,svm,max,balanced,cached_mxbai,1006,1782213195.8500423,,,
4729,0,svm,max,balanced,cached_mxbai,1007,1782213195.9777477,,,
4813,0,svm,max,balanced,cached_mxbai,1008,1782213196.1061842,,,
2259,0,svm,max,balanced,cached_mxbai,1009,1782213196.2373385,,,
8839,0,svm,max,balanced,cached_mxbai,1010,1782213196.369744,,,
3197,0,svm,max,balanced,cached_mxbai,1011,1782213196.4976718,,,
9028,0,svm,max,balanced,cached_mxbai,1012,1782213196.6255758,,,
10112,0,svm,max,balanced,cached_mxbai,1013,1782213196.7535563,,,
9394,0,svm,max,balanced,cached_mxbai,1014,1782213196.879558,,,
4703,0,svm,max,balanced,cached_mxbai,1015,1782213197.008164,,,
6147,0,svm,max,balanced,cached_mxbai,1016,1782213197.1359334,,,
5088,0,svm,max,balanced,cached_mxbai,1017,1782213197.2665265,,,
3080,0,svm,max,balanced,cached_mxbai,1018,1782213197.3948646,,,
4484,0,svm,max,balanced,cached_mxbai,1019,1782213197.5218296,,,
5968,0,svm,max,balanced,cached_mxbai,1020,1782213197.6448202,,,
4434,0,svm,max,balanced,cached_mxbai,1021,1782213197.774758,,,
10493,0,svm,max,balanced,cached_mxbai,1022,1782213197.9062195,,,
6249,0,svm,max,balanced,cached_mxbai,1023,1782213198.034658,,,
4112,0,svm,max,balanced,cached_mxbai,1024,1782213198.1491,,,
4217,0,svm,max,balanced,cached_mxbai,1025,1782213198.2631507,,,
8993,0,svm,max,balanced,cached_mxbai,1026,1782213198.378901,,,
4912,0,svm,max,balanced,cached_mxbai,1027,1782213198.4950776,,,
3185,0,svm,max,balanced,cached_mxbai,1028,1782213198.6099374,,,
8598,0,svm,max,balanced,cached_mxbai,1029,1782213198.7216752,,,
5077,0,svm,max,balanced,cached_mxbai,1030,1782213198.8365226,,,
4905,0,svm,max,balanced,cached_mxbai,1031,1782213198.951661,,,
5516,0,svm,max,balanced,cached_mxbai,1032,1782213199.0657842,,,
8909,0,svm,max,balanced,cached_mxbai,1033,1782213199.1805418,,,
7002,0,svm,max,balanced,cached_mxbai,1034,1782213199.294088,,,
6120,0,svm,max,balanced,cached_mxbai,1035,1782213199.408554,,,
4510,0,svm,max,balanced,cached_mxbai,1036,1782213199.5240438,,,
3836,0,svm,max,balanced,cached_mxbai,1037,1782213199.6383526,,,
7262,0,svm,max,balanced,cached_mxbai,1038,1782213199.7518775,,,
4962,0,svm,max,balanced,cached_mxbai,1039,1782213199.8678293,,,
3458,0,svm,max,balanced,cached_mxbai,1040,1782213199.983884,,,
4166,0,svm,max,balanced,cached_mxbai,1041,1782213200.0978117,,,
2429,0,svm,max,balanced,cached_mxbai,1042,1782213200.2114575,,,
4513,0,svm,max,balanced,cached_mxbai,1043,1782213200.3250008,,,
5398,0,svm,max,balanced,cached_mxbai,1044,1782213200.4392064,,,
5238,0,svm,max,balanced,cached_mxbai,1045,1782213200.5554297,,,
9957,0,svm,max,balanced,cached_mxbai,1046,1782213200.6692414,,,
620,0,svm,max,balanced,cached_mxbai,1047,1782213200.783161,,,
4635,0,svm,max,balanced,cached_mxbai,1048,1782213200.897562,,,
2053,0,svm,max,balanced,cached_mxbai,1049,1782213201.0143418,,,
7207,0,svm,max,balanced,cached_mxbai,1050,1782213201.1301663,,,
2428,0,svm,max,balanced,cached_mxbai,1051,1782213201.2464025,,,
1840,0,svm,max,balanced,cached_mxbai,1052,1782213201.3608596,,,
3677,0,svm,max,balanced,cached_mxbai,1053,1782213201.4775708,,,
4985,0,svm,max,balanced,cached_mxbai,1054,1782213201.5936203,,,
5581,0,svm,max,balanced,cached_mxbai,1055,1782213201.7083523,,,
7390,0,svm,max,balanced,cached_mxbai,1056,1782213201.823602,,,
7108,0,svm,max,balanced,cached_mxbai,1057,1782213201.941616,,,
3515,0,svm,max,balanced,cached_mxbai,1058,1782213202.0619946,,,
1082,0,svm,max,balanced,cached_mxbai,1059,1782213202.1794305,,,
4705,0,svm,max,balanced,cached_mxbai,1060,1782213202.2986612,,,
6326,0,svm,max,balanced,cached_mxbai,1061,1782213202.4180925,,,
6646,0,svm,max,balanced,cached_mxbai,1062,1782213202.5364892,,,
7702,0,svm,max,balanced,cached_mxbai,1063,1782213202.6560793,,,
6485,0,svm,max,balanced,cached_mxbai,1064,1782213202.7739336,,,
10000,0,svm,max,balanced,cached_mxbai,1065,1782213202.8941548,,,
8530,0,svm,max,balanced,cached_mxbai,1066,1782213203.0171144,,,
4886,0,svm,max,balanced,cached_mxbai,1067,1782213203.137799,,,
6798,0,svm,max,balanced,cached_mxbai,1068,1782213203.2563798,,,
5237,0,svm,max,balanced,cached_mxbai,1069,1782213203.3761318,,,
4507,0,svm,max,balanced,cached_mxbai,1070,1782213203.4950728,,,
3543,0,svm,max,balanced,cached_mxbai,1071,1782213203.6126986,,,
3945,0,svm,max,balanced,cached_mxbai,1072,1782213203.7297876,,,
4631,0,svm,max,balanced,cached_mxbai,1073,1782213203.847612,,,
2264,0,svm,max,balanced,cached_mxbai,1074,1782213203.9675014,,,
6150,0,svm,max,balanced,cached_mxbai,1075,1782213204.0868838,,,
6126,0,svm,max,balanced,cached_mxbai,1076,1782213204.2025788,,,
8486,0,svm,max,balanced,cached_mxbai,1077,1782213204.3199902,,,
4364,0,svm,max,balanced,cached_mxbai,1078,1782213204.4383495,,,
4910,0,svm,max,balanced,cached_mxbai,1079,1782213204.5555325,,,
8049,0,svm,max,balanced,cached_mxbai,1080,1782213204.673337,,,
10031,0,svm,max,balanced,cached_mxbai,1081,1782213204.7903974,,,
5116,0,svm,max,balanced,cached_mxbai,1082,1782213204.9088356,,,
6121,0,svm,max,balanced,cached_mxbai,1083,1782213205.0460083,,,
4673,0,svm,max,balanced,cached_mxbai,1084,1782213205.1706312,,,
828,0,svm,max,balanced,cached_mxbai,1085,1782213205.3059225,,,
6914,0,svm,max,balanced,cached_mxbai,1086,1782213205.436132,,,
2745,0,svm,max,balanced,cached_mxbai,1087,1782213205.5551686,,,
3969,0,svm,max,balanced,cached_mxbai,1088,1782213205.6713789,,,
23,0,svm,max,balanced,cached_mxbai,1089,1782213205.7895334,,,
6991,0,svm,max,balanced,cached_mxbai,1090,1782213205.9171634,,,
4595,0,svm,max,balanced,cached_mxbai,1091,1782213206.0359957,,,
2306,0,svm,max,balanced,cached_mxbai,1092,1782213206.1521668,,,
4415,0,svm,max,balanced,cached_mxbai,1093,1782213206.2701857,,,
4568,0,svm,max,balanced,cached_mxbai,1094,1782213206.3878539,,,
3661,0,svm,max,balanced,cached_mxbai,1095,1782213206.5085964,,,
4870,0,svm,max,balanced,cached_mxbai,1096,1782213206.6270933,,,
2627,0,svm,max,balanced,cached_mxbai,1097,1782213206.7462864,,,
7804,0,svm,max,balanced,cached_mxbai,1098,1782213206.869763,,,
1461,0,svm,max,balanced,cached_mxbai,1099,1782213206.990271,,,
5093,0,svm,max,balanced,cached_mxbai,1100,1782213207.11191,,,
4587,0,svm,max,balanced,cached_mxbai,1101,1782213207.2297897,,,
5165,0,svm,max,balanced,cached_mxbai,1102,1782213207.3493307,,,
9759,0,svm,max,balanced,cached_mxbai,1103,1782213207.471372,,,
4522,0,svm,max,balanced,cached_mxbai,1104,1782213207.5906806,,,
3757,0,svm,max,balanced,cached_mxbai,1105,1782213207.7091386,,,
4131,0,svm,max,balanced,cached_mxbai,1106,1782213207.8288314,,,
3081,0,svm,max,balanced,cached_mxbai,1107,1782213207.9518757,,,
8036,0,svm,max,balanced,cached_mxbai,1108,1782213208.0742357,,,
5468,0,svm,max,balanced,cached_mxbai,1109,1782213208.1935203,,,
2803,0,svm,max,balanced,cached_mxbai,1110,1782213208.3113785,,,
5425,0,svm,max,balanced,cached_mxbai,1111,1782213208.4319835,,,
5038,0,svm,max,balanced,cached_mxbai,1112,1782213208.5547123,,,
4026,0,svm,max,balanced,cached_mxbai,1113,1782213208.673827,,,
4459,0,svm,max,balanced,cached_mxbai,1114,1782213208.7939885,,,
6421,0,svm,max,balanced,cached_mxbai,1115,1782213208.9158666,,,
3954,0,svm,max,balanced,cached_mxbai,1116,1782213209.0372992,,,
37,0,svm,max,balanced,cached_mxbai,1117,1782213209.1560876,,,
5034,0,svm,max,balanced,cached_mxbai,1118,1782213209.2744818,,,
8126,0,svm,max,balanced,cached_mxbai,1119,1782213209.3931196,,,
10166,0,svm,max,balanced,cached_mxbai,1120,1782213209.5158067,,,
7948,0,svm,max,balanced,cached_mxbai,1121,1782213209.6385849,,,
4523,0,svm,max,balanced,cached_mxbai,1122,1782213209.7572024,,,
6607,0,svm,max,balanced,cached_mxbai,1123,1782213209.8805904,,,
4812,0,svm,max,balanced,cached_mxbai,1124,1782213210.0000422,,,
8597,0,svm,max,balanced,cached_mxbai,1125,1782213210.11991,,,
130,0,svm,max,balanced,cached_mxbai,1126,1782213210.2410083,,,
3657,0,svm,max,balanced,cached_mxbai,1127,1782213210.363909,,,
3280,0,svm,max,balanced,cached_mxbai,1128,1782213210.4867885,,,
3147,0,svm,max,balanced,cached_mxbai,1129,1782213210.6095526,,,
4574,0,svm,max,balanced,cached_mxbai,1130,1782213210.7295835,,,
4710,0,svm,max,balanced,cached_mxbai,1131,1782213210.8515456,,,
3170,0,svm,max,balanced,cached_mxbai,1132,1782213210.9767575,,,
6936,0,svm,max,balanced,cached_mxbai,1133,1782213211.100709,,,
4834,0,svm,max,balanced,cached_mxbai,1134,1782213211.222034,,,
6414,0,svm,max,balanced,cached_mxbai,1135,1782213211.3452127,,,
6743,0,svm,max,balanced,cached_mxbai,1136,1782213211.4707375,,,
4480,0,svm,max,balanced,cached_mxbai,1137,1782213211.5925066,,,
72,0,svm,max,balanced,cached_mxbai,1138,1782213211.7141573,,,
3720,0,svm,max,balanced,cached_mxbai,1139,1782213211.8362916,,,
4684,0,svm,max,balanced,cached_mxbai,1140,1782213211.9615967,,,
6727,0,svm,max,balanced,cached_mxbai,1141,1782213212.099784,,,
1287,0,svm,max,balanced,cached_mxbai,1142,1782213212.2357836,,,
3409,0,svm,max,balanced,cached_mxbai,1143,1782213212.3574824,,,
413,0,svm,max,balanced,cached_mxbai,1144,1782213212.4821908,,,
3586,0,svm,max,balanced,cached_mxbai,1145,1782213212.6049707,,,
2943,0,svm,max,balanced,cached_mxbai,1146,1782213212.7272205,,,
4514,0,svm,max,balanced,cached_mxbai,1147,1782213212.8479104,,,
7490,0,svm,max,balanced,cached_mxbai,1148,1782213212.9748666,,,
2216,0,svm,max,balanced,cached_mxbai,1149,1782213213.0981972,,,
6601,0,svm,max,balanced,cached_mxbai,1150,1782213213.2134633,,,
4442,0,svm,max,balanced,cached_mxbai,1151,1782213213.3285077,,,
131,0,svm,max,balanced,cached_mxbai,1152,1782213213.4468765,,,
3886,0,svm,max,balanced,cached_mxbai,1153,1782213213.5652652,,,
4895,0,svm,max,balanced,cached_mxbai,1154,1782213213.683129,,,
10531,0,svm,max,balanced,cached_mxbai,1155,1782213213.7985613,,,
1492,0,svm,max,balanced,cached_mxbai,1156,1782213213.9192922,,,
5112,0,svm,max,balanced,cached_mxbai,1157,1782213214.0379345,,,
4602,0,svm,max,balanced,cached_mxbai,1158,1782213214.162814,,,
591,0,svm,max,balanced,cached_mxbai,1159,1782213214.2956007,,,
6298,0,svm,max,balanced,cached_mxbai,1160,1782213214.4137661,,,
571,0,svm,max,balanced,cached_mxbai,1161,1782213214.5339136,,,
9382,0,svm,max,balanced,cached_mxbai,1162,1782213214.6558416,,,
6609,0,svm,max,balanced,cached_mxbai,1163,1782213214.7709265,,,
47,0,svm,max,balanced,cached_mxbai,1164,1782213214.8866317,,,
4961,0,svm,max,balanced,cached_mxbai,1165,1782213215.0077493,,,
3644,0,svm,max,balanced,cached_mxbai,1166,1782213215.1305733,,,
9240,0,svm,max,balanced,cached_mxbai,1167,1782213215.2707536,,,
7468,0,svm,max,balanced,cached_mxbai,1168,1782213215.4025185,,,
2770,0,svm,max,balanced,cached_mxbai,1169,1782213215.5236635,,,
421,0,svm,max,balanced,cached_mxbai,1170,1782213215.6435168,,,
7001,0,svm,max,balanced,cached_mxbai,1171,1782213215.762207,,,
9876,0,svm,max,balanced,cached_mxbai,1172,1782213215.8812094,,,
5018,0,svm,max,balanced,cached_mxbai,1173,1782213216.0044045,,,
5063,0,svm,max,balanced,cached_mxbai,1174,1782213216.1283495,,,
3423,0,svm,max,balanced,cached_mxbai,1175,1782213216.246717,,,
3981,0,svm,max,balanced,cached_mxbai,1176,1782213216.3646965,,,
4481,0,svm,max,balanced,cached_mxbai,1177,1782213216.4874706,,,
3475,0,svm,max,balanced,cached_mxbai,1178,1782213216.6074915,,,
8473,0,svm,max,balanced,cached_mxbai,1179,1782213216.725335,,,
7771,0,svm,max,balanced,cached_mxbai,1180,1782213216.8432164,,,
4815,0,svm,max,balanced,cached_mxbai,1181,1782213216.9697487,,,
6458,0,svm,max,balanced,cached_mxbai,1182,1782213217.0927746,,,
3583,0,svm,max,balanced,cached_mxbai,1183,1782213217.2122054,,,
7500,0,svm,max,balanced,cached_mxbai,1184,1782213217.33239,,,
5235,0,svm,max,balanced,cached_mxbai,1185,1782213217.4539585,,,
6643,1,svm,max,balanced,cached_mxbai,1186,1782213217.5768688,,,
6278,0,svm,max,balanced,cached_mxbai,1187,1782213217.6958702,,,
6644,1,svm,max,balanced,cached_mxbai,1188,1782213217.8149824,,,
9128,1,svm,max,balanced,cached_mxbai,1189,1782213217.9326553,,,
8116,1,svm,max,balanced,cached_mxbai,1190,1782213218.062335,,,
7102,0,svm,max,balanced,cached_mxbai,1191,1782213218.1891549,,,
3098,0,svm,max,balanced,cached_mxbai,1192,1782213218.3182015,,,
5058,0,svm,max,balanced,cached_mxbai,1193,1782213218.443953,,,
10230,0,svm,max,balanced,cached_mxbai,1194,1782213218.57133,,,
10390,0,svm,max,balanced,cached_mxbai,1195,1782213218.6947458,,,
4712,0,svm,max,balanced,cached_mxbai,1196,1782213218.821184,,,
7464,0,svm,max,balanced,cached_mxbai,1197,1782213218.9449887,,,
8586,0,svm,max,balanced,cached_mxbai,1198,1782213219.074029,,,
7910,0,svm,max,balanced,cached_mxbai,1199,1782213219.1995437,,,
4687,0,svm,max,balanced,cached_mxbai,1200,1782213219.3182101,,,
4936,0,svm,max,balanced,cached_mxbai,1201,1782213219.4371393,,,
2341,0,svm,max,balanced,cached_mxbai,1202,1782213219.5564954,,,
6838,0,svm,max,balanced,cached_mxbai,1203,1782213219.6778316,,,
4362,0,svm,max,balanced,cached_mxbai,1204,1782213219.7986145,,,
7996,0,svm,max,balanced,cached_mxbai,1205,1782213219.9177003,,,
4977,0,svm,max,balanced,cached_mxbai,1206,1782213220.0366006,,,
7087,0,svm,max,balanced,cached_mxbai,1207,1782213220.156003,,,
6545,0,svm,max,balanced,cached_mxbai,1208,1782213220.2745392,,,
918,0,svm,max,balanced,cached_mxbai,1209,1782213220.392668,,,
849,0,svm,max,balanced,cached_mxbai,1210,1782213220.5136425,,,
4932,0,svm,max,balanced,cached_mxbai,1211,1782213220.6366396,,,
1694,0,svm,max,balanced,cached_mxbai,1212,1782213220.7578225,,,
10508,0,svm,max,balanced,cached_mxbai,1213,1782213220.87802,,,
7088,0,svm,max,balanced,cached_mxbai,1214,1782213220.99697,,,
7478,0,svm,max,balanced,cached_mxbai,1215,1782213221.1178265,,,
9411,0,svm,max,balanced,cached_mxbai,1216,1782213221.239889,,,
5089,0,svm,max,balanced,cached_mxbai,1217,1782213221.3595967,,,
4736,0,svm,max,balanced,cached_mxbai,1218,1782213221.480745,,,
7327,0,svm,max,balanced,cached_mxbai,1219,1782213221.602259,,,
3669,0,svm,max,balanced,cached_mxbai,1220,1782213221.7210214,,,
4389,0,svm,max,balanced,cached_mxbai,1221,1782213221.8416374,,,
4839,0,svm,max,balanced,cached_mxbai,1222,1782213221.961773,,,
5095,0,svm,max,balanced,cached_mxbai,1223,1782213222.085482,,,
1724,0,svm,max,balanced,cached_mxbai,1224,1782213222.2210965,,,
26,0,svm,max,balanced,cached_mxbai,1225,1782213222.347585,,,
859,0,svm,max,balanced,cached_mxbai,1226,1782213222.4771578,,,
7661,0,svm,max,balanced,cached_mxbai,1227,1782213222.606782,,,
8100,0,svm,max,balanced,cached_mxbai,1228,1782213222.7342248,,,
4790,0,svm,max,balanced,cached_mxbai,1229,1782213222.8626754,,,
7335,0,svm,max,balanced,cached_mxbai,1230,1782213222.9914274,,,
4403,0,svm,max,balanced,cached_mxbai,1231,1782213223.122959,,,
8709,0,svm,max,balanced,cached_mxbai,1232,1782213223.253344,,,
6432,0,svm,max,balanced,cached_mxbai,1233,1782213223.3806736,,,
4789,0,svm,max,balanced,cached_mxbai,1234,1782213223.5112722,,,
4781,0,svm,max,balanced,cached_mxbai,1235,1782213223.641217,,,
6602,0,svm,max,balanced,cached_mxbai,1236,1782213223.768388,,,
4646,0,svm,max,balanced,cached_mxbai,1237,1782213223.8979511,,,
9664,0,svm,max,balanced,cached_mxbai,1238,1782213224.024891,,,
4974,0,svm,max,balanced,cached_mxbai,1239,1782213224.1540487,,,
3588,0,svm,max,balanced,cached_mxbai,1240,1782213224.2835567,,,
7066,0,svm,max,balanced,cached_mxbai,1241,1782213224.4122672,,,
3115,0,svm,max,balanced,cached_mxbai,1242,1782213224.5437057,,,
3291,0,svm,max,balanced,cached_mxbai,1243,1782213224.6721973,,,
5022,0,svm,max,balanced,cached_mxbai,1244,1782213224.8039758,,,
7171,0,svm,max,balanced,cached_mxbai,1245,1782213224.9356687,,,
1445,1,svm,max,balanced,cached_mxbai,1246,1782213225.0847704,,,
3500,0,svm,max,balanced,cached_mxbai,1247,1782213225.223299,,,
3486,0,svm,max,balanced,cached_mxbai,1248,1782213225.3870964,,,
1161,0,svm,max,balanced,cached_mxbai,1249,1782213225.5227935,,,
3519,0,svm,max,balanced,cached_mxbai,1250,1782213225.6553357,,,
2161,0,svm,max,balanced,cached_mxbai,1251,1782213225.7900538,,,
1536,0,svm,max,balanced,cached_mxbai,1252,1782213225.9238849,,,
2352,0,svm,max,balanced,cached_mxbai,1253,1782213226.0538282,,,
9009,0,svm,max,balanced,cached_mxbai,1254,1782213226.187165,,,
3756,0,svm,max,balanced,cached_mxbai,1255,1782213226.3212605,,,
5387,0,svm,max,balanced,cached_mxbai,1256,1782213226.4520354,,,
4811,0,svm,max,balanced,cached_mxbai,1257,1782213226.5859244,,,
387,0,svm,max,balanced,cached_mxbai,1258,1782213226.723444,,,
4845,0,svm,max,balanced,cached_mxbai,1259,1782213226.8548503,,,
7259,0,svm,max,balanced,cached_mxbai,1260,1782213226.9855766,,,
1746,0,svm,max,balanced,cached_mxbai,1261,1782213227.1181693,,,
3242,0,svm,max,balanced,cached_mxbai,1262,1782213227.2506905,,,
5001,0,svm,max,balanced,cached_mxbai,1263,1782213227.38269,,,
3987,0,svm,max,balanced,cached_mxbai,1264,1782213227.5139308,,,
9912,0,svm,max,balanced,cached_mxbai,1265,1782213227.645695,,,
5000,0,svm,max,balanced,cached_mxbai,1266,1782213227.7756898,,,
3957,0,svm,max,balanced,cached_mxbai,1267,1782213227.9050372,,,
2447,0,svm,max,balanced,cached_mxbai,1268,1782213228.0342019,,,
3431,0,svm,max,balanced,cached_mxbai,1269,1782213228.1665611,,,
8507,0,svm,max,balanced,cached_mxbai,1270,1782213228.2975261,,,
6907,0,svm,max,balanced,cached_mxbai,1271,1782213228.4269316,,,
6322,0,svm,max,balanced,cached_mxbai,1272,1782213228.5599194,,,
3984,0,svm,max,balanced,cached_mxbai,1273,1782213228.6907337,,,
9180,0,svm,max,balanced,cached_mxbai,1274,1782213228.8238065,,,
8911,0,svm,max,balanced,cached_mxbai,1275,1782213228.9535577,,,
1968,0,svm,max,balanced,cached_mxbai,1276,1782213229.0859187,,,
3345,0,svm,max,balanced,cached_mxbai,1277,1782213229.2210946,,,
5221,0,svm,max,balanced,cached_mxbai,1278,1782213229.3549142,,,
9209,0,svm,max,balanced,cached_mxbai,1279,1782213229.4878163,,,
4653,0,svm,max,balanced,cached_mxbai,1280,1782213229.6226647,,,
3564,0,svm,max,balanced,cached_mxbai,1281,1782213229.7570043,,,
6358,0,svm,max,balanced,cached_mxbai,1282,1782213229.8922174,,,
10399,0,svm,max,balanced,cached_mxbai,1283,1782213230.0284956,,,
6670,0,svm,max,balanced,cached_mxbai,1284,1782213230.1629367,,,
4818,0,svm,max,balanced,cached_mxbai,1285,1782213230.2984974,,,
6355,0,svm,max,balanced,cached_mxbai,1286,1782213230.4345725,,,
4892,0,svm,max,balanced,cached_mxbai,1287,1782213230.5701294,,,
6574,0,svm,max,balanced,cached_mxbai,1288,1782213230.7065825,,,
5992,0,svm,max,balanced,cached_mxbai,1289,1782213230.8399694,,,
6137,0,svm,max,balanced,cached_mxbai,1290,1782213230.9750357,,,
3052,0,svm,max,balanced,cached_mxbai,1291,1782213231.1141653,,,
5186,0,svm,max,balanced,cached_mxbai,1292,1782213231.2510524,,,
4351,0,svm,max,balanced,cached_mxbai,1293,1782213231.3869488,,,
4928,0,svm,max,balanced,cached_mxbai,1294,1782213231.5232239,,,
8410,0,svm,max,balanced,cached_mxbai,1295,1782213231.660017,,,
4231,0,svm,max,balanced,cached_mxbai,1296,1782213231.7931092,,,
4215,0,svm,max,balanced,cached_mxbai,1297,1782213231.9285831,,,
8848,0,svm,max,balanced,cached_mxbai,1298,1782213232.0638897,,,
4655,0,svm,max,balanced,cached_mxbai,1299,1782213232.1987062,,,
8544,0,svm,max,balanced,cached_mxbai,1300,1782213232.334223,,,
7232,0,svm,max,balanced,cached_mxbai,1301,1782213232.4694698,,,
7961,0,svm,max,balanced,cached_mxbai,1302,1782213232.6066568,,,
9834,0,svm,max,balanced,cached_mxbai,1303,1782213232.7429385,,,
3188,0,svm,max,balanced,cached_mxbai,1304,1782213232.878662,,,
4198,0,svm,max,balanced,cached_mxbai,1305,1782213233.01594,,,
4416,0,svm,max,balanced,cached_mxbai,1306,1782213233.1512775,,,
1156,0,svm,max,balanced,cached_mxbai,1307,1782213233.2881956,,,
9108,0,svm,max,balanced,cached_mxbai,1308,1782213233.4236326,,,
9083,0,svm,max,balanced,cached_mxbai,1309,1782213233.559333,,,
4926,0,svm,max,balanced,cached_mxbai,1310,1782213233.6948984,,,
9272,0,svm,max,balanced,cached_mxbai,1311,1782213233.8282204,,,
4011,0,svm,max,balanced,cached_mxbai,1312,1782213233.9640408,,,
4291,0,svm,max,balanced,cached_mxbai,1313,1782213234.1052797,,,
6482,0,svm,max,balanced,cached_mxbai,1314,1782213234.2425714,,,
3033,0,svm,max,balanced,cached_mxbai,1315,1782213234.376899,,,
7169,0,svm,max,balanced,cached_mxbai,1316,1782213234.5106218,,,
4575,0,svm,max,balanced,cached_mxbai,1317,1782213234.645697,,,
9797,0,svm,max,balanced,cached_mxbai,1318,1782213234.7793067,,,
9290,0,svm,max,balanced,cached_mxbai,1319,1782213234.918422,,,
6945,0,svm,max,balanced,cached_mxbai,1320,1782213235.0680645,,,
3350,0,svm,max,balanced,cached_mxbai,1321,1782213235.2074416,,,
4417,0,svm,max,balanced,cached_mxbai,1322,1782213235.3670366,,,
3693,0,svm,max,balanced,cached_mxbai,1323,1782213235.5032852,,,
8560,0,svm,max,balanced,cached_mxbai,1324,1782213235.6359124,,,
7527,0,svm,max,balanced,cached_mxbai,1325,1782213235.7684226,,,
4772,0,svm,max,balanced,cached_mxbai,1326,1782213235.9001653,,,
3952,0,svm,max,balanced,cached_mxbai,1327,1782213236.0329864,,,
3605,0,svm,max,balanced,cached_mxbai,1328,1782213236.1704347,,,
4958,0,svm,max,balanced,cached_mxbai,1329,1782213236.3105335,,,
10058,0,svm,max,balanced,cached_mxbai,1330,1782213236.4424925,,,
1852,0,svm,max,balanced,cached_mxbai,1331,1782213236.5747821,,,
4419,0,svm,max,balanced,cached_mxbai,1332,1782213236.7094488,,,
9604,0,svm,max,balanced,cached_mxbai,1333,1782213236.841843,,,
7744,0,svm,max,balanced,cached_mxbai,1334,1782213236.9745665,,,
2235,0,svm,max,balanced,cached_mxbai,1335,1782213237.1158087,,,
9449,0,svm,max,balanced,cached_mxbai,1336,1782213237.253099,,,
5161,0,svm,max,balanced,cached_mxbai,1337,1782213237.388023,,,
7079,0,svm,max,balanced,cached_mxbai,1338,1782213237.5220907,,,
8050,0,svm,max,balanced,cached_mxbai,1339,1782213237.6584017,,,
4846,0,svm,max,balanced,cached_mxbai,1340,1782213237.7919884,,,
8282,0,svm,max,balanced,cached_mxbai,1341,1782213237.926476,,,
3061,0,svm,max,balanced,cached_mxbai,1342,1782213238.061925,,,
4537,0,svm,max,balanced,cached_mxbai,1343,1782213238.1963835,,,
7691,0,svm,max,balanced,cached_mxbai,1344,1782213238.332091,,,
5575,0,svm,max,balanced,cached_mxbai,1345,1782213238.4685981,,,
4012,0,svm,max,balanced,cached_mxbai,1346,1782213238.6192796,,,
7632,0,svm,max,balanced,cached_mxbai,1347,1782213238.771277,,,
10326,0,svm,max,balanced,cached_mxbai,1348,1782213238.9216416,,,
9160,0,svm,max,balanced,cached_mxbai,1349,1782213239.0559554,,,
6748,0,svm,max,balanced,cached_mxbai,1350,1782213239.205496,,,
4865,0,svm,max,balanced,cached_mxbai,1351,1782213239.3537378,,,
10060,0,svm,max,balanced,cached_mxbai,1352,1782213239.5029676,,,
4469,0,svm,max,balanced,cached_mxbai,1353,1782213239.6381304,,,
5511,0,svm,max,balanced,cached_mxbai,1354,1782213239.773819,,,
8812,0,svm,max,balanced,cached_mxbai,1355,1782213239.9236615,,,
4098,0,svm,max,balanced,cached_mxbai,1356,1782213240.0735452,,,
570,0,svm,max,balanced,cached_mxbai,1357,1782213240.2084143,,,
4700,0,svm,max,balanced,cached_mxbai,1358,1782213240.3436677,,,
3282,0,svm,max,balanced,cached_mxbai,1359,1782213240.4793606,,,
6005,0,svm,max,balanced,cached_mxbai,1360,1782213240.614852,,,
7149,0,svm,max,balanced,cached_mxbai,1361,1782213240.7490032,,,
4331,0,svm,max,balanced,cached_mxbai,1362,1782213240.8844776,,,
1262,0,svm,max,balanced,cached_mxbai,1363,1782213241.0182061,,,
4893,0,svm,max,balanced,cached_mxbai,1364,1782213241.1535919,,,
5552,0,svm,max,balanced,cached_mxbai,1365,1782213241.2892258,,,
3440,0,svm,max,balanced,cached_mxbai,1366,1782213241.4246585,,,
4111,0,svm,max,balanced,cached_mxbai,1367,1782213241.560714,,,
4148,0,svm,max,balanced,cached_mxbai,1368,1782213241.6975527,,,
5902,0,svm,max,balanced,cached_mxbai,1369,1782213241.8324156,,,
2066,0,svm,max,balanced,cached_mxbai,1370,1782213241.967065,,,
759,0,svm,max,balanced,cached_mxbai,1371,1782213242.1016653,,,
6285,0,svm,max,balanced,cached_mxbai,1372,1782213242.237705,,,
5939,0,svm,max,balanced,cached_mxbai,1373,1782213242.3726637,,,
5014,0,svm,max,balanced,cached_mxbai,1374,1782213242.5077775,,,
5108,0,svm,max,balanced,cached_mxbai,1375,1782213242.6420197,,,
4733,0,svm,max,balanced,cached_mxbai,1376,1782213242.7787254,,,
7265,0,svm,max,balanced,cached_mxbai,1377,1782213242.9159024,,,
5212,0,svm,max,balanced,cached_mxbai,1378,1782213243.0530019,,,
9897,0,svm,max,balanced,cached_mxbai,1379,1782213243.1895525,,,
4804,0,svm,max,balanced,cached_mxbai,1380,1782213243.3293803,,,
9773,0,svm,max,balanced,cached_mxbai,1381,1782213243.4665034,,,
1078,0,svm,max,balanced,cached_mxbai,1382,1782213243.6063414,,,
4319,0,svm,max,balanced,cached_mxbai,1383,1782213243.74465,,,
2965,0,svm,max,balanced,cached_mxbai,1384,1782213243.884547,,,
3434,0,svm,max,balanced,cached_mxbai,1385,1782213244.0243773,,,
4530,0,svm,max,balanced,cached_mxbai,1386,1782213244.1631906,,,
9623,0,svm,max,balanced,cached_mxbai,1387,1782213244.3026562,,,
5245,0,svm,max,balanced,cached_mxbai,1388,1782213244.4423277,,,
4882,0,svm,max,balanced,cached_mxbai,1389,1782213244.58355,,,
3146,0,svm,max,balanced,cached_mxbai,1390,1782213244.7227473,,,
4853,0,svm,max,balanced,cached_mxbai,1391,1782213244.862617,,,
8679,0,svm,max,balanced,cached_mxbai,1392,1782213245.0000436,,,
8497,0,svm,max,balanced,cached_mxbai,1393,1782213245.1407633,,,
4411,0,svm,max,balanced,cached_mxbai,1394,1782213245.3128674,,,
9171,0,svm,max,balanced,cached_mxbai,1395,1782213245.4606075,,,
2254,0,svm,max,balanced,cached_mxbai,1396,1782213245.6029913,,,
9582,0,svm,max,balanced,cached_mxbai,1397,1782213245.7416754,,,
5643,0,svm,max,balanced,cached_mxbai,1398,1782213245.88198,,,
4553,0,svm,max,balanced,cached_mxbai,1399,1782213246.020416,,,
3236,0,svm,max,balanced,cached_mxbai,1400,1782213246.1586552,,,
10551,0,svm,max,balanced,cached_mxbai,1401,1782213246.297719,,,
4668,0,svm,max,balanced,cached_mxbai,1402,1782213246.4367766,,,
6771,0,svm,max,balanced,cached_mxbai,1403,1782213246.57601,,,
2831,0,svm,max,balanced,cached_mxbai,1404,1782213246.7173061,,,
9176,0,svm,max,balanced,cached_mxbai,1405,1782213246.8580112,,,
10088,0,svm,max,balanced,cached_mxbai,1406,1782213246.9967601,,,
5839,1,svm,max,balanced,cached_mxbai,1407,1782213247.1477976,,,
7743,0,svm,max,balanced,cached_mxbai,1408,1782213247.2925518,,,
3634,0,svm,max,balanced,cached_mxbai,1409,1782213247.4363146,,,
7712,0,svm,max,balanced,cached_mxbai,1410,1782213247.5779388,,,
5024,0,svm,max,balanced,cached_mxbai,1411,1782213247.7189412,,,
4261,0,svm,max,balanced,cached_mxbai,1412,1782213247.8607285,,,
5956,0,svm,max,balanced,cached_mxbai,1413,1782213248.0001268,,,
4799,0,svm,max,balanced,cached_mxbai,1414,1782213248.1407332,,,
3506,0,svm,max,balanced,cached_mxbai,1415,1782213248.2813852,,,
8889,0,svm,max,balanced,cached_mxbai,1416,1782213248.4245915,,,
4652,0,svm,max,balanced,cached_mxbai,1417,1782213248.5662446,,,
8038,0,svm,max,balanced,cached_mxbai,1418,1782213248.7084866,,,
4632,0,svm,max,balanced,cached_mxbai,1419,1782213248.8512766,,,
273,0,svm,max,balanced,cached_mxbai,1420,1782213248.9919212,,,
2039,0,svm,max,balanced,cached_mxbai,1421,1782213249.1323109,,,
3044,0,svm,max,balanced,cached_mxbai,1422,1782213249.2729497,,,
3507,0,svm,max,balanced,cached_mxbai,1423,1782213249.415902,,,
1234,0,svm,max,balanced,cached_mxbai,1424,1782213249.558755,,,
5106,0,svm,max,balanced,cached_mxbai,1425,1782213249.7008705,,,
4970,0,svm,max,balanced,cached_mxbai,1426,1782213249.844832,,,
4664,0,svm,max,balanced,cached_mxbai,1427,1782213249.9852538,,,
7728,0,svm,max,balanced,cached_mxbai,1428,1782213250.1286397,,,
3763,0,svm,max,balanced,cached_mxbai,1429,1782213250.2680502,,,
5036,0,svm,max,balanced,cached_mxbai,1430,1782213250.410123,,,
5086,0,svm,max,balanced,cached_mxbai,1431,1782213250.5515652,,,
4106,0,svm,max,balanced,cached_mxbai,1432,1782213250.6921387,,,
8547,0,svm,max,balanced,cached_mxbai,1433,1782213250.832553,,,
3988,0,svm,max,balanced,cached_mxbai,1434,1782213250.972698,,,
4629,0,svm,max,balanced,cached_mxbai,1435,1782213251.1130507,,,
6162,0,svm,max,balanced,cached_mxbai,1436,1782213251.254144,,,
4142,0,svm,max,balanced,cached_mxbai,1437,1782213251.3949678,,,
4463,0,svm,max,balanced,cached_mxbai,1438,1782213251.5360806,,,
3024,0,svm,max,balanced,cached_mxbai,1439,1782213251.6811092,,,
1646,0,svm,max,balanced,cached_mxbai,1440,1782213251.8229568,,,
4615,0,svm,max,balanced,cached_mxbai,1441,1782213251.9652345,,,
5159,0,svm,max,balanced,cached_mxbai,1442,1782213252.108495,,,
9864,0,svm,max,balanced,cached_mxbai,1443,1782213252.2490907,,,
8228,0,svm,max,balanced,cached_mxbai,1444,1782213252.3916833,,,
6569,0,svm,max,balanced,cached_mxbai,1445,1782213252.5345824,,,
4708,0,svm,max,balanced,cached_mxbai,1446,1782213252.6788664,,,
10492,0,svm,max,balanced,cached_mxbai,1447,1782213252.8239963,,,
8928,0,svm,max,balanced,cached_mxbai,1448,1782213252.9845982,,,
8918,0,svm,max,balanced,cached_mxbai,1449,1782213253.1267903,,,
4966,0,svm,max,balanced,cached_mxbai,1450,1782213253.2701805,,,
4991,0,svm,max,balanced,cached_mxbai,1451,1782213253.4155777,,,
3805,0,svm,max,balanced,cached_mxbai,1452,1782213253.5579786,,,
5153,0,svm,max,balanced,cached_mxbai,1453,1782213253.7020903,,,
1613,0,svm,max,balanced,cached_mxbai,1454,1782213253.8450809,,,
4045,0,svm,max,balanced,cached_mxbai,1455,1782213253.9881558,,,
2583,0,svm,max,balanced,cached_mxbai,1456,1782213254.1316528,,,
692,0,svm,max,balanced,cached_mxbai,1457,1782213254.2746775,,,
8759,0,svm,max,balanced,cached_mxbai,1458,1782213254.4189603,,,
4489,0,svm,max,balanced,cached_mxbai,1459,1782213254.5612702,,,
4336,0,svm,max,balanced,cached_mxbai,1460,1782213254.704741,,,
6461,0,svm,max,balanced,cached_mxbai,1461,1782213254.8510447,,,
6196,0,svm,max,balanced,cached_mxbai,1462,1782213254.9950144,,,
5487,0,svm,max,balanced,cached_mxbai,1463,1782213255.1508584,,,
10065,0,svm,max,balanced,cached_mxbai,1464,1782213255.325459,,,
5010,0,svm,max,balanced,cached_mxbai,1465,1782213255.4711292,,,
9410,0,svm,max,balanced,cached_mxbai,1466,1782213255.6135144,,,
3905,0,svm,max,balanced,cached_mxbai,1467,1782213255.7579887,,,
5672,0,svm,max,balanced,cached_mxbai,1468,1782213255.9031243,,,
4600,0,svm,max,balanced,cached_mxbai,1469,1782213256.0468147,,,
9371,0,svm,max,balanced,cached_mxbai,1470,1782213256.1886508,,,
6338,0,svm,max,balanced,cached_mxbai,1471,1782213256.3306463,,,
10239,0,svm,max,balanced,cached_mxbai,1472,1782213256.4740849,,,
4654,0,svm,max,balanced,cached_mxbai,1473,1782213256.6169157,,,
4975,0,svm,max,balanced,cached_mxbai,1474,1782213256.758552,,,
7897,0,svm,max,balanced,cached_mxbai,1475,1782213256.9017627,,,
4676,0,svm,max,balanced,cached_mxbai,1476,1782213257.043954,,,
3130,0,svm,max,balanced,cached_mxbai,1477,1782213257.1863532,,,
4284,0,svm,max,balanced,cached_mxbai,1478,1782213257.3285215,,,
796,0,svm,max,balanced,cached_mxbai,1479,1782213257.4721937,,,
10242,0,svm,max,balanced,cached_mxbai,1480,1782213257.615273,,,
4764,0,svm,max,balanced,cached_mxbai,1481,1782213257.7620878,,,
3640,0,svm,max,balanced,cached_mxbai,1482,1782213257.9070501,,,
4539,0,svm,max,balanced,cached_mxbai,1483,1782213258.0525181,,,
9098,0,svm,max,balanced,cached_mxbai,1484,1782213258.215415,,,
8885,0,svm,max,balanced,cached_mxbai,1485,1782213258.3777258,,,
8463,0,svm,max,balanced,cached_mxbai,1486,1782213258.5421486,,,
5984,0,svm,max,balanced,cached_mxbai,1487,1782213258.7067142,,,
3562,0,svm,max,balanced,cached_mxbai,1488,1782213258.8523135,,,
1222,0,svm,max,balanced,cached_mxbai,1489,1782213258.9978096,,,
4562,0,svm,max,balanced,cached_mxbai,1490,1782213259.1426606,,,
9798,0,svm,max,balanced,cached_mxbai,1491,1782213259.2873526,,,
4863,0,svm,max,balanced,cached_mxbai,1492,1782213259.4335227,,,
3932,0,svm,max,balanced,cached_mxbai,1493,1782213259.5800643,,,
7477,0,svm,max,balanced,cached_mxbai,1494,1782213259.7255652,,,
6975,0,svm,max,balanced,cached_mxbai,1495,1782213259.8725052,,,
8046,0,svm,max,balanced,cached_mxbai,1496,1782213260.0201743,,,
4014,0,svm,max,balanced,cached_mxbai,1497,1782213260.1647067,,,
6671,0,svm,max,balanced,cached_mxbai,1498,1782213260.3085628,,,
10451,0,svm,max,balanced,cached_mxbai,1499,1782213260.4542286,,,
4996,0,svm,max,balanced,cached_mxbai,1500,1782213260.5993702,,,
8123,0,svm,max,balanced,cached_mxbai,1501,1782213260.7467754,,,
8797,0,svm,max,balanced,cached_mxbai,1502,1782213260.8926883,,,
3991,0,svm,max,balanced,cached_mxbai,1503,1782213261.0406716,,,
4488,0,svm,max,balanced,cached_mxbai,1504,1782213261.18662,,,
8158,0,svm,max,balanced,cached_mxbai,1505,1782213261.3312986,,,
4410,0,svm,max,balanced,cached_mxbai,1506,1782213261.4778936,,,
3938,0,svm,max,balanced,cached_mxbai,1507,1782213261.624082,,,
2873,0,svm,max,balanced,cached_mxbai,1508,1782213261.771002,,,
113,0,svm,max,balanced,cached_mxbai,1509,1782213261.9159641,,,
6319,0,svm,max,balanced,cached_mxbai,1510,1782213262.0619714,,,
4982,0,svm,max,balanced,cached_mxbai,1511,1782213262.2068598,,,
4490,0,svm,max,balanced,cached_mxbai,1512,1782213262.353783,,,
8828,0,svm,max,balanced,cached_mxbai,1513,1782213262.5002646,,,
3629,0,svm,max,balanced,cached_mxbai,1514,1782213262.661467,,,
10081,0,svm,max,balanced,cached_mxbai,1515,1782213262.8228362,,,
5220,0,svm,max,balanced,cached_mxbai,1516,1782213262.9867144,,,
1912,0,svm,max,balanced,cached_mxbai,1517,1782213263.1501665,,,
4322,0,svm,max,balanced,cached_mxbai,1518,1782213263.312145,,,
4207,0,svm,max,balanced,cached_mxbai,1519,1782213263.4755664,,,
7714,0,svm,max,balanced,cached_mxbai,1520,1782213263.640612,,,
10545,0,svm,max,balanced,cached_mxbai,1521,1782213263.8038213,,,
10133,0,svm,max,balanced,cached_mxbai,1522,1782213263.96676,,,
7873,0,svm,max,balanced,cached_mxbai,1523,1782213264.1276581,,,
6122,0,svm,max,balanced,cached_mxbai,1524,1782213264.2882314,,,
4827,0,svm,max,balanced,cached_mxbai,1525,1782213264.4506724,,,
3460,0,svm,max,balanced,cached_mxbai,1526,1782213264.613705,,,
4725,0,svm,max,balanced,cached_mxbai,1527,1782213264.7766962,,,
160,0,svm,max,balanced,cached_mxbai,1528,1782213264.9409854,,,
9137,0,svm,max,balanced,cached_mxbai,1529,1782213265.1220624,,,
1476,0,svm,max,balanced,cached_mxbai,1530,1782213265.31481,,,
3844,0,svm,max,balanced,cached_mxbai,1531,1782213265.4802268,,,
7933,0,svm,max,balanced,cached_mxbai,1532,1782213265.643488,,,
9947,0,svm,max,balanced,cached_mxbai,1533,1782213265.805214,,,
3752,0,svm,max,balanced,cached_mxbai,1534,1782213265.9702477,,,
4454,0,svm,max,balanced,cached_mxbai,1535,1782213266.1336355,,,
5138,0,svm,max,balanced,cached_mxbai,1536,1782213266.2957203,,,
8580,0,svm,max,balanced,cached_mxbai,1537,1782213266.4588728,,,
4634,0,svm,max,balanced,cached_mxbai,1538,1782213266.6228552,,,
8272,0,svm,max,balanced,cached_mxbai,1539,1782213266.7864473,,,
7879,0,svm,max,balanced,cached_mxbai,1540,1782213266.9518392,,,
8355,0,svm,max,balanced,cached_mxbai,1541,1782213267.115454,,,
4675,0,svm,max,balanced,cached_mxbai,1542,1782213267.280236,,,
3399,0,svm,max,balanced,cached_mxbai,1543,1782213267.4432163,,,
5110,0,svm,max,balanced,cached_mxbai,1544,1782213267.6070583,,,
8629,0,svm,max,balanced,cached_mxbai,1545,1782213267.770716,,,
6949,0,svm,max,balanced,cached_mxbai,1546,1782213267.9338295,,,
4372,0,svm,max,balanced,cached_mxbai,1547,1782213268.0959358,,,
7231,0,svm,max,balanced,cached_mxbai,1548,1782213268.2597923,,,
5396,0,svm,max,balanced,cached_mxbai,1549,1782213268.4242823,,,
5496,0,svm,max,balanced,cached_mxbai,1550,1782213268.5905426,,,
5969,0,svm,max,balanced,cached_mxbai,1551,1782213268.7556126,,,
3656,0,svm,max,balanced,cached_mxbai,1552,1782213268.9278653,,,
4486,0,svm,max,balanced,cached_mxbai,1553,1782213269.0987604,,,
2562,0,svm,max,balanced,cached_mxbai,1554,1782213269.2697036,,,
4957,0,svm,max,balanced,cached_mxbai,1555,1782213269.4396038,,,
5223,0,svm,max,balanced,cached_mxbai,1556,1782213269.604059,,,
3801,0,svm,max,balanced,cached_mxbai,1557,1782213269.7752268,,,
4021,0,svm,max,balanced,cached_mxbai,1558,1782213269.947321,,,
2433,0,svm,max,balanced,cached_mxbai,1559,1782213270.1174803,,,
4397,0,svm,max,balanced,cached_mxbai,1560,1782213270.2882383,,,
3783,0,svm,max,balanced,cached_mxbai,1561,1782213270.4598117,,,
57,0,svm,max,balanced,cached_mxbai,1562,1782213270.6309109,,,
4968,0,svm,max,balanced,cached_mxbai,1563,1782213270.8032901,,,
709,0,svm,max,balanced,cached_mxbai,1564,1782213270.9759922,,,
6235,0,svm,max,balanced,cached_mxbai,1565,1782213271.1462722,,,
173,0,svm,max,balanced,cached_mxbai,1566,1782213271.3175893,,,
9219,0,svm,max,balanced,cached_mxbai,1567,1782213271.4905221,,,
4826,0,svm,max,balanced,cached_mxbai,1568,1782213271.6625085,,,
9442,0,svm,max,balanced,cached_mxbai,1569,1782213271.8333027,,,
5325,0,svm,max,balanced,cached_mxbai,1570,1782213272.0049691,,,
5198,0,svm,max,balanced,cached_mxbai,1571,1782213272.1770082,,,
1261,0,svm,max,balanced,cached_mxbai,1572,1782213272.349791,,,
6138,0,svm,max,balanced,cached_mxbai,1573,1782213272.5236332,,,
4501,0,svm,max,balanced,cached_mxbai,1574,1782213272.6970706,,,
3654,0,svm,max,balanced,cached_mxbai,1575,1782213272.8691883,,,
8303,0,svm,max,balanced,cached_mxbai,1576,1782213273.042158,,,
5608,0,svm,max,balanced,cached_mxbai,1577,1782213273.2138028,,,
2541,0,svm,max,balanced,cached_mxbai,1578,1782213273.3861563,,,
5805,0,svm,max,balanced,cached_mxbai,1579,1782213273.5579717,,,
6151,0,svm,max,balanced,cached_mxbai,1580,1782213273.728061,,,
3385,0,svm,max,balanced,cached_mxbai,1581,1782213273.8977027,,,
4622,0,svm,max,balanced,cached_mxbai,1582,1782213274.067966,,,
8004,0,svm,max,balanced,cached_mxbai,1583,1782213274.2367892,,,
9878,0,svm,max,balanced,cached_mxbai,1584,1782213274.4041398,,,
4138,0,svm,max,balanced,cached_mxbai,1585,1782213274.5742512,,,
4699,0,svm,max,balanced,cached_mxbai,1586,1782213274.7436712,,,
4241,0,svm,max,balanced,cached_mxbai,1587,1782213274.9123895,,,
9547,0,svm,max,balanced,cached_mxbai,1588,1782213275.0922108,,,
9433,0,svm,max,balanced,cached_mxbai,1589,1782213275.281524,,,
4278,0,svm,max,balanced,cached_mxbai,1590,1782213275.4608626,,,
1039,0,svm,max,balanced,cached_mxbai,1591,1782213275.6340766,,,
6270,0,svm,max,balanced,cached_mxbai,1592,1782213275.8057132,,,
3109,0,svm,max,balanced,cached_mxbai,1593,1782213275.973589,,,
4757,0,svm,max,balanced,cached_mxbai,1594,1782213276.1443548,,,
8660,0,svm,max,balanced,cached_mxbai,1595,1782213276.3154514,,,
10206,0,svm,max,balanced,cached_mxbai,1596,1782213276.4857738,,,
3556,0,svm,max,balanced,cached_mxbai,1597,1782213276.6596498,,,
1031,0,svm,max,balanced,cached_mxbai,1598,1782213276.8311946,,,
4498,0,svm,max,balanced,cached_mxbai,1599,1782213277.0024743,,,
1321,0,svm,max,balanced,cached_mxbai,1600,1782213277.1731079,,,
4693,0,svm,max,balanced,cached_mxbai,1601,1782213277.344289,,,
3165,0,svm,max,balanced,cached_mxbai,1602,1782213277.51507,,,
4497,0,svm,max,balanced,cached_mxbai,1603,1782213277.6850915,,,
7768,0,svm,max,balanced,cached_mxbai,1604,1782213277.8555717,,,
4763,0,svm,max,balanced,cached_mxbai,1605,1782213278.0263183,,,
5128,0,svm,max,balanced,cached_mxbai,1606,1782213278.1988766,,,
3609,0,svm,max,balanced,cached_mxbai,1607,1782213278.3686678,,,
8847,0,svm,max,balanced,cached_mxbai,1608,1782213278.5410304,,,
4773,0,svm,max,balanced,cached_mxbai,1609,1782213278.7139752,,,
9911,0,svm,max,balanced,cached_mxbai,1610,1782213278.8870132,,,
10521,0,svm,max,balanced,cached_mxbai,1611,1782213279.0460086,,,
3689,0,svm,max,balanced,cached_mxbai,1612,1782213279.202261,,,
2782,0,svm,max,balanced,cached_mxbai,1613,1782213279.3570538,,,
1855,0,svm,max,balanced,cached_mxbai,1614,1782213279.512583,,,
6056,0,svm,max,balanced,cached_mxbai,1615,1782213279.6690137,,,
4847,0,svm,max,balanced,cached_mxbai,1616,1782213279.8256023,,,
9496,0,svm,max,balanced,cached_mxbai,1617,1782213279.981289,,,
4483,0,svm,max,balanced,cached_mxbai,1618,1782213280.1499503,,,
5621,0,svm,max,balanced,cached_mxbai,1619,1782213280.308983,,,
3083,0,svm,max,balanced,cached_mxbai,1620,1782213280.474999,,,
443,0,svm,max,balanced,cached_mxbai,1621,1782213280.6389208,,,
3554,0,svm,max,balanced,cached_mxbai,1622,1782213280.7986631,,,
4246,0,svm,max,balanced,cached_mxbai,1623,1782213280.9536371,,,
5823,0,svm,max,balanced,cached_mxbai,1624,1782213281.109675,,,
9624,0,svm,max,balanced,cached_mxbai,1625,1782213281.2647767,,,
1278,0,svm,max,balanced,cached_mxbai,1626,1782213281.4202058,,,
3788,0,svm,max,balanced,cached_mxbai,1627,1782213281.5757782,,,
1796,0,svm,max,balanced,cached_mxbai,1628,1782213281.733003,,,
5155,0,svm,max,balanced,cached_mxbai,1629,1782213281.888036,,,
4392,0,svm,max,balanced,cached_mxbai,1630,1782213282.0445926,,,
5292,0,svm,max,balanced,cached_mxbai,1631,1782213282.2033923,,,
4750,0,svm,max,balanced,cached_mxbai,1632,1782213282.3593836,,,
4069,0,svm,max,balanced,cached_mxbai,1633,1782213282.5172362,,,
1241,0,svm,max,balanced,cached_mxbai,1634,1782213282.674853,,,
4091,0,svm,max,balanced,cached_mxbai,1635,1782213282.833261,,,
4896,0,svm,max,balanced,cached_mxbai,1636,1782213282.9885244,,,
9115,0,svm,max,balanced,cached_mxbai,1637,1782213283.1486351,,,
5226,0,svm,max,balanced,cached_mxbai,1638,1782213283.3061864,,,
8404,0,svm,max,balanced,cached_mxbai,1639,1782213283.4634547,,,
6003,0,svm,max,balanced,cached_mxbai,1640,1782213283.6240256,,,
3840,0,svm,max,balanced,cached_mxbai,1641,1782213283.782009,,,
3909,0,svm,max,balanced,cached_mxbai,1642,1782213283.940073,,,
5066,0,svm,max,balanced,cached_mxbai,1643,1782213284.0972526,,,
1416,0,svm,max,balanced,cached_mxbai,1644,1782213284.2549715,,,
6815,0,svm,max,balanced,cached_mxbai,1645,1782213284.4121077,,,
1498,0,svm,max,balanced,cached_mxbai,1646,1782213284.569596,,,
8301,0,svm,max,balanced,cached_mxbai,1647,1782213284.735412,,,
5952,0,svm,max,balanced,cached_mxbai,1648,1782213284.8937387,,,
4517,0,svm,max,balanced,cached_mxbai,1649,1782213285.0603085,,,
2187,0,svm,max,balanced,cached_mxbai,1650,1782213285.2256482,,,
8479,0,svm,max,balanced,cached_mxbai,1651,1782213285.4117465,,,
5100,0,svm,max,balanced,cached_mxbai,1652,1782213285.5757346,,,
4323,0,svm,max,balanced,cached_mxbai,1653,1782213285.7386413,,,
6069,0,svm,max,balanced,cached_mxbai,1654,1782213285.9031947,,,
10108,0,svm,max,balanced,cached_mxbai,1655,1782213286.0659552,,,
178,0,svm,max,balanced,cached_mxbai,1656,1782213286.227552,,,
7706,0,svm,max,balanced,cached_mxbai,1657,1782213286.387559,,,
6585,0,svm,max,balanced,cached_mxbai,1658,1782213286.5503418,,,
604,0,svm,max,balanced,cached_mxbai,1659,1782213286.7134173,,,
2856,0,svm,max,balanced,cached_mxbai,1660,1782213286.878163,,,
4257,0,svm,max,balanced,cached_mxbai,1661,1782213287.039889,,,
4571,0,svm,max,balanced,cached_mxbai,1662,1782213287.2020216,,,
4245,0,svm,max,balanced,cached_mxbai,1663,1782213287.3615577,,,
8907,0,svm,max,balanced,cached_mxbai,1664,1782213287.5244627,,,
3183,0,svm,max,balanced,cached_mxbai,1665,1782213287.6856773,,,
8694,0,svm,max,balanced,cached_mxbai,1666,1782213287.8468063,,,
8218,0,svm,max,balanced,cached_mxbai,1667,1782213288.0083117,,,
8658,0,svm,max,balanced,cached_mxbai,1668,1782213288.1713667,,,
981,0,svm,max,balanced,cached_mxbai,1669,1782213288.3362088,,,
6537,0,svm,max,balanced,cached_mxbai,1670,1782213288.4991896,,,
4521,0,svm,max,balanced,cached_mxbai,1671,1782213288.6622002,,,
6548,0,svm,max,balanced,cached_mxbai,1672,1782213288.827398,,,
8636,0,svm,max,balanced,cached_mxbai,1673,1782213288.9879732,,,
6324,0,svm,max,balanced,cached_mxbai,1674,1782213289.1490886,,,
10153,0,svm,max,balanced,cached_mxbai,1675,1782213289.306942,,,
4438,0,svm,max,balanced,cached_mxbai,1676,1782213289.4702532,,,
9948,0,svm,max,balanced,cached_mxbai,1677,1782213289.633041,,,
4766,0,svm,max,balanced,cached_mxbai,1678,1782213289.7959418,,,
4122,0,svm,max,balanced,cached_mxbai,1679,1782213289.9590771,,,
7959,0,svm,max,balanced,cached_mxbai,1680,1782213290.1206746,,,
3552,0,svm,max,balanced,cached_mxbai,1681,1782213290.2828627,,,
4219,0,svm,max,balanced,cached_mxbai,1682,1782213290.4438198,,,
9714,0,svm,max,balanced,cached_mxbai,1683,1782213290.6052055,,,
7355,0,svm,max,balanced,cached_mxbai,1684,1782213290.7695773,,,
4400,0,svm,max,balanced,cached_mxbai,1685,1782213290.9345784,,,
5781,0,svm,max,balanced,cached_mxbai,1686,1782213291.1003478,,,
7871,0,svm,max,balanced,cached_mxbai,1687,1782213291.2626987,,,
4090,0,svm,max,balanced,cached_mxbai,1688,1782213291.4233353,,,
4601,0,svm,max,balanced,cached_mxbai,1689,1782213291.5844781,,,
4295,0,svm,max,balanced,cached_mxbai,1690,1782213291.7615864,,,
769,0,svm,max,balanced,cached_mxbai,1691,1782213291.9249191,,,
5777,0,svm,max,balanced,cached_mxbai,1692,1782213292.087879,,,
639,0,svm,max,balanced,cached_mxbai,1693,1782213292.2490914,,,
4606,0,svm,max,balanced,cached_mxbai,1694,1782213292.4092286,,,
3832,0,svm,max,balanced,cached_mxbai,1695,1782213292.5710862,,,
4305,0,svm,max,balanced,cached_mxbai,1696,1782213292.7352974,,,
6328,0,svm,max,balanced,cached_mxbai,1697,1782213292.8983018,,,
4851,0,svm,max,balanced,cached_mxbai,1698,1782213293.05779,,,
3293,0,svm,max,balanced,cached_mxbai,1699,1782213293.2188952,,,
7546,0,svm,max,balanced,cached_mxbai,1700,1782213293.3793766,,,
3428,0,svm,max,balanced,cached_mxbai,1701,1782213293.5414762,,,
3404,0,svm,max,balanced,cached_mxbai,1702,1782213293.703805,,,
594,0,svm,max,balanced,cached_mxbai,1703,1782213293.869708,,,
4749,0,svm,max,balanced,cached_mxbai,1704,1782213294.0458858,,,
817,0,svm,max,balanced,cached_mxbai,1705,1782213294.2059953,,,
9031,0,svm,max,balanced,cached_mxbai,1706,1782213294.3648481,,,
3446,0,svm,max,balanced,cached_mxbai,1707,1782213294.5270402,,,
4502,0,svm,max,balanced,cached_mxbai,1708,1782213294.690509,,,
10271,0,svm,max,balanced,cached_mxbai,1709,1782213294.8537402,,,
2781,0,svm,max,balanced,cached_mxbai,1710,1782213295.0306401,,,
3889,0,svm,max,balanced,cached_mxbai,1711,1782213295.1924322,,,
6233,0,svm,max,balanced,cached_mxbai,1712,1782213295.376107,,,
4649,0,svm,max,balanced,cached_mxbai,1713,1782213295.555602,,,
5667,0,svm,max,balanced,cached_mxbai,1714,1782213295.7160144,,,
6323,0,svm,max,balanced,cached_mxbai,1715,1782213295.8894083,,,
8798,0,svm,max,balanced,cached_mxbai,1716,1782213296.0646288,,,
5079,0,svm,max,balanced,cached_mxbai,1717,1782213296.2383914,,,
5352,0,svm,max,balanced,cached_mxbai,1718,1782213296.4002447,,,
4542,0,svm,max,balanced,cached_mxbai,1719,1782213296.5745595,,,
4719,0,svm,max,balanced,cached_mxbai,1720,1782213296.7496824,,,
5167,0,svm,max,balanced,cached_mxbai,1721,1782213296.9254541,,,
2670,0,svm,max,balanced,cached_mxbai,1722,1782213297.1112425,,,
427,0,svm,max,balanced,cached_mxbai,1723,1782213297.2925324,,,
3200,0,svm,max,balanced,cached_mxbai,1724,1782213297.4673798,,,
2431,0,svm,max,balanced,cached_mxbai,1725,1782213297.6440456,,,
8693,0,svm,max,balanced,cached_mxbai,1726,1782213297.8227768,,,
3577,0,svm,max,balanced,cached_mxbai,1727,1782213298.0020566,,,
5240,0,svm,max,balanced,cached_mxbai,1728,1782213298.179124,,,
4334,0,svm,max,balanced,cached_mxbai,1729,1782213298.3542821,,,
3248,0,svm,max,balanced,cached_mxbai,1730,1782213298.527672,,,
4808,0,svm,max,balanced,cached_mxbai,1731,1782213298.7046726,,,
997,0,svm,max,balanced,cached_mxbai,1732,1782213298.8840268,,,
3330,0,svm,max,balanced,cached_mxbai,1733,1782213299.0593076,,,
4809,0,svm,max,balanced,cached_mxbai,1734,1782213299.2340112,,,
6699,0,svm,max,balanced,cached_mxbai,1735,1782213299.407949,,,
9628,0,svm,max,balanced,cached_mxbai,1736,1782213299.5836122,,,
5188,0,svm,max,balanced,cached_mxbai,1737,1782213299.761072,,,
81,0,svm,max,balanced,cached_mxbai,1738,1782213299.9379961,,,
4920,0,svm,max,balanced,cached_mxbai,1739,1782213300.1134999,,,
3664,0,svm,max,balanced,cached_mxbai,1740,1782213300.2890975,,,
6042,0,svm,max,balanced,cached_mxbai,1741,1782213300.4629989,,,
9768,0,svm,max,balanced,cached_mxbai,1742,1782213300.6391165,,,
9407,0,svm,max,balanced,cached_mxbai,1743,1782213300.817646,,,
4042,0,svm,max,balanced,cached_mxbai,1744,1782213300.9921973,,,
1704,0,svm,max,balanced,cached_mxbai,1745,1782213301.168568,,,
7055,0,svm,max,balanced,cached_mxbai,1746,1782213301.34418,,,
7947,0,svm,max,balanced,cached_mxbai,1747,1782213301.520142,,,
4990,0,svm,max,balanced,cached_mxbai,1748,1782213301.7011225,,,
4313,0,svm,max,balanced,cached_mxbai,1749,1782213301.8807633,,,
6212,0,svm,max,balanced,cached_mxbai,1750,1782213302.0573854,,,
5052,0,svm,max,balanced,cached_mxbai,1751,1782213302.233041,,,
6167,0,svm,max,balanced,cached_mxbai,1752,1782213302.414892,,,
4943,0,svm,max,balanced,cached_mxbai,1753,1782213302.5931199,,,
3797,0,svm,max,balanced,cached_mxbai,1754,1782213302.7706516,,,
5099,0,svm,max,balanced,cached_mxbai,1755,1782213302.9648414,,,
9254,0,svm,max,balanced,cached_mxbai,1756,1782213303.1427448,,,
5076,0,svm,max,balanced,cached_mxbai,1757,1782213303.3197815,,,
5723,0,svm,max,balanced,cached_mxbai,1758,1782213303.4956167,,,
4551,0,svm,max,balanced,cached_mxbai,1759,1782213303.6738682,,,
577,0,svm,max,balanced,cached_mxbai,1760,1782213303.8557353,,,
4784,0,svm,max,balanced,cached_mxbai,1761,1782213304.0335672,,,
195,0,svm,max,balanced,cached_mxbai,1762,1782213304.2110972,,,
4309,0,svm,max,balanced,cached_mxbai,1763,1782213304.3885245,,,
7216,0,svm,max,balanced,cached_mxbai,1764,1782213304.5639184,,,
3533,0,svm,max,balanced,cached_mxbai,1765,1782213304.7393334,,,
8952,0,svm,max,balanced,cached_mxbai,1766,1782213304.917173,,,
4566,0,svm,max,balanced,cached_mxbai,1767,1782213305.1012836,,,
3504,0,svm,max,balanced,cached_mxbai,1768,1782213305.2951813,,,
9291,0,svm,max,balanced,cached_mxbai,1769,1782213305.4716141,,,
9520,0,svm,max,balanced,cached_mxbai,1770,1782213305.649082,,,
1255,0,svm,max,balanced,cached_mxbai,1771,1782213305.828181,,,
6642,0,svm,max,balanced,cached_mxbai,1772,1782213306.0038104,,,
5027,0,svm,max,balanced,cached_mxbai,1773,1782213306.1811924,,,
7681,0,svm,max,balanced,cached_mxbai,1774,1782213306.3587058,,,
787,0,svm,max,balanced,cached_mxbai,1775,1782213306.5362806,,,
5069,0,svm,max,balanced,cached_mxbai,1776,1782213306.7158878,,,
5009,0,svm,max,balanced,cached_mxbai,1777,1782213306.8967133,,,
5103,0,svm,max,balanced,cached_mxbai,1778,1782213307.0774138,,,
10046,0,svm,max,balanced,cached_mxbai,1779,1782213307.2584202,,,
7137,0,svm,max,balanced,cached_mxbai,1780,1782213307.4366755,,,
3047,0,svm,max,balanced,cached_mxbai,1781,1782213307.6147213,,,
1427,0,svm,max,balanced,cached_mxbai,1782,1782213307.795066,,,
5519,0,svm,max,balanced,cached_mxbai,1783,1782213307.9767141,,,
4701,0,svm,max,balanced,cached_mxbai,1784,1782213308.1560876,,,
5896,0,svm,max,balanced,cached_mxbai,1785,1782213308.3368967,,,
8829,0,svm,max,balanced,cached_mxbai,1786,1782213308.5178053,,,
10381,0,svm,max,balanced,cached_mxbai,1787,1782213308.701126,,,
4035,0,svm,max,balanced,cached_mxbai,1788,1782213308.8864756,,,
92,0,svm,max,balanced,cached_mxbai,1789,1782213309.0672417,,,
10309,0,svm,max,balanced,cached_mxbai,1790,1782213309.2479527,,,
8536,0,svm,max,balanced,cached_mxbai,1791,1782213309.4277163,,,
3445,0,svm,max,balanced,cached_mxbai,1792,1782213309.6086164,,,
6293,0,svm,max,balanced,cached_mxbai,1793,1782213309.7899003,,,
6816,0,svm,max,balanced,cached_mxbai,1794,1782213309.9713748,,,
4716,0,svm,max,balanced,cached_mxbai,1795,1782213310.1539779,,,
5213,0,svm,max,balanced,cached_mxbai,1796,1782213310.3357685,,,
1999,0,svm,max,balanced,cached_mxbai,1797,1782213310.513361,,,
5234,0,svm,max,balanced,cached_mxbai,1798,1782213310.6939893,,,
10036,0,svm,max,balanced,cached_mxbai,1799,1782213310.8776753,,,
5346,0,svm,max,balanced,cached_mxbai,1800,1782213311.0584376,,,
4801,0,svm,max,balanced,cached_mxbai,1801,1782213311.2383254,,,
7438,0,svm,max,balanced,cached_mxbai,1802,1782213311.4195647,,,
7279,0,svm,max,balanced,cached_mxbai,1803,1782213311.5986764,,,
4180,0,svm,max,balanced,cached_mxbai,1804,1782213311.7819388,,,
2137,0,svm,max,balanced,cached_mxbai,1805,1782213311.9652596,,,
5799,0,svm,max,balanced,cached_mxbai,1806,1782213312.1469805,,,
5881,0,svm,max,balanced,cached_mxbai,1807,1782213312.3299189,,,
3924,0,svm,max,balanced,cached_mxbai,1808,1782213312.509569,,,
3729,0,svm,max,balanced,cached_mxbai,1809,1782213312.6914632,,,
3171,0,svm,max,balanced,cached_mxbai,1810,1782213312.882912,,,
10158,0,svm,max,balanced,cached_mxbai,1811,1782213313.0894992,,,
4959,0,svm,max,balanced,cached_mxbai,1812,1782213313.2889,,,
10115,0,svm,max,balanced,cached_mxbai,1813,1782213313.479557,,,
10410,0,svm,max,balanced,cached_mxbai,1814,1782213313.6680589,,,
9437,0,svm,max,balanced,cached_mxbai,1815,1782213313.862709,,,
4482,0,svm,max,balanced,cached_mxbai,1816,1782213314.0509062,,,
27,0,svm,max,balanced,cached_mxbai,1817,1782213314.23971,,,
5650,0,svm,max,balanced,cached_mxbai,1818,1782213314.4304616,,,
5080,0,svm,max,balanced,cached_mxbai,1819,1782213314.6200223,,,
4343,0,svm,max,balanced,cached_mxbai,1820,1782213314.8107975,,,
4759,0,svm,max,balanced,cached_mxbai,1821,1782213315.0021236,,,
3231,0,svm,max,balanced,cached_mxbai,1822,1782213315.1989257,,,
4097,0,svm,max,balanced,cached_mxbai,1823,1782213315.411611,,,
4627,0,svm,max,balanced,cached_mxbai,1824,1782213315.6021261,,,
7203,0,svm,max,balanced,cached_mxbai,1825,1782213315.796627,,,
3811,0,svm,max,balanced,cached_mxbai,1826,1782213315.994837,,,
8619,0,svm,max,balanced,cached_mxbai,1827,1782213316.187698,,,
5452,0,svm,max,balanced,cached_mxbai,1828,1782213316.3775065,,,
6357,0,svm,max,balanced,cached_mxbai,1829,1782213316.5669167,,,
9849,0,svm,max,balanced,cached_mxbai,1830,1782213316.7576535,,,
52,0,svm,max,balanced,cached_mxbai,1831,1782213316.9495916,,,
5139,0,svm,max,balanced,cached_mxbai,1832,1782213317.1412547,,,
8373,0,svm,max,balanced,cached_mxbai,1833,1782213317.3307562,,,
10235,0,svm,max,balanced,cached_mxbai,1834,1782213317.5208683,,,
8979,0,svm,max,balanced,cached_mxbai,1835,1782213317.7076395,,,
8430,0,svm,max,balanced,cached_mxbai,1836,1782213317.8976905,,,
7155,0,svm,max,balanced,cached_mxbai,1837,1782213318.0852792,,,
4682,0,svm,max,balanced,cached_mxbai,1838,1782213318.2708352,,,
1032,0,svm,max,balanced,cached_mxbai,1839,1782213318.4572713,,,
3921,0,svm,max,balanced,cached_mxbai,1840,1782213318.6465256,,,
8191,0,svm,max,balanced,cached_mxbai,1841,1782213318.8394377,,,
8483,0,svm,max,balanced,cached_mxbai,1842,1782213319.0317514,,,
4954,0,svm,max,balanced,cached_mxbai,1843,1782213319.2198062,,,
7257,0,svm,max,balanced,cached_mxbai,1844,1782213319.4067183,,,
3331,0,svm,max,balanced,cached_mxbai,1845,1782213319.5950458,,,
3809,0,svm,max,balanced,cached_mxbai,1846,1782213319.7851782,,,
1143,0,svm,max,balanced,cached_mxbai,1847,1782213319.9700425,,,
5045,0,svm,max,balanced,cached_mxbai,1848,1782213320.1540723,,,
9113,0,svm,max,balanced,cached_mxbai,1849,1782213320.3378956,,,
2021,0,svm,max,balanced,cached_mxbai,1850,1782213320.5221124,,,
1641,0,svm,max,balanced,cached_mxbai,1851,1782213320.712438,,,
7058,0,svm,max,balanced,cached_mxbai,1852,1782213320.9002957,,,
229,0,svm,max,balanced,cached_mxbai,1853,1782213321.087109,,,
4737,0,svm,max,balanced,cached_mxbai,1854,1782213321.271338,,,
7199,0,svm,max,balanced,cached_mxbai,1855,1782213321.4558897,,,
4741,0,svm,max,balanced,cached_mxbai,1856,1782213321.6413534,,,
4394,0,svm,max,balanced,cached_mxbai,1857,1782213321.8284252,,,
3724,0,svm,max,balanced,cached_mxbai,1858,1782213322.017378,,,
1863,0,svm,max,balanced,cached_mxbai,1859,1782213322.203376,,,
9299,0,svm,max,balanced,cached_mxbai,1860,1782213322.3880684,,,
3400,0,svm,max,balanced,cached_mxbai,1861,1782213322.5774748,,,
10034,0,svm,max,balanced,cached_mxbai,1862,1782213322.7625618,,,
7717,0,svm,max,balanced,cached_mxbai,1863,1782213322.9513147,,,
4987,0,svm,max,balanced,cached_mxbai,1864,1782213323.1385963,,,
7683,0,svm,max,balanced,cached_mxbai,1865,1782213323.3239539,,,
7050,0,svm,max,balanced,cached_mxbai,1866,1782213323.5116153,,,
7418,0,svm,max,balanced,cached_mxbai,1867,1782213323.6975703,,,
7178,0,svm,max,balanced,cached_mxbai,1868,1782213323.886032,,,
7363,0,svm,max,balanced,cached_mxbai,1869,1782213324.095083,,,
7233,0,svm,max,balanced,cached_mxbai,1870,1782213324.2852998,,,
8996,0,svm,max,balanced,cached_mxbai,1871,1782213324.472508,,,
4608,0,svm,max,balanced,cached_mxbai,1872,1782213324.6622057,,,
80,0,svm,max,balanced,cached_mxbai,1873,1782213324.8500652,,,
5084,0,svm,max,balanced,cached_mxbai,1874,1782213325.0510867,,,
1370,0,svm,max,balanced,cached_mxbai,1875,1782213325.2394795,,,
7697,0,svm,max,balanced,cached_mxbai,1876,1782213325.4474654,,,
5862,0,svm,max,balanced,cached_mxbai,1877,1782213325.6364007,,,
7000,0,svm,max,balanced,cached_mxbai,1878,1782213325.823966,,,
6822,0,svm,max,balanced,cached_mxbai,1879,1782213326.0121038,,,
3152,0,svm,max,balanced,cached_mxbai,1880,1782213326.2056303,,,
4689,0,svm,max,balanced,cached_mxbai,1881,1782213326.391869,,,
78,0,svm,max,balanced,cached_mxbai,1882,1782213326.5832303,,,
3776,0,svm,max,balanced,cached_mxbai,1883,1782213326.7734542,,,
1131,0,svm,max,balanced,cached_mxbai,1884,1782213326.9628866,,,
4963,0,svm,max,balanced,cached_mxbai,1885,1782213327.150074,,,
5759,0,svm,max,balanced,cached_mxbai,1886,1782213327.3389082,,,
1084,0,svm,max,balanced,cached_mxbai,1887,1782213327.5271168,,,
124,0,svm,max,balanced,cached_mxbai,1888,1782213327.7164783,,,
4745,0,svm,max,balanced,cached_mxbai,1889,1782213327.9072733,,,
6390,0,svm,max,balanced,cached_mxbai,1890,1782213328.0960674,,,
6060,0,svm,max,balanced,cached_mxbai,1891,1782213328.2836454,,,
3211,0,svm,max,balanced,cached_mxbai,1892,1782213328.4788458,,,
5592,0,svm,max,balanced,cached_mxbai,1893,1782213328.675775,,,
6431,0,svm,max,balanced,cached_mxbai,1894,1782213328.8751788,,,
3709,0,svm,max,balanced,cached_mxbai,1895,1782213329.0704288,,,
2319,0,svm,max,balanced,cached_mxbai,1896,1782213329.2659328,,,
6153,0,svm,max,balanced,cached_mxbai,1897,1782213329.4602177,,,
5043,0,svm,max,balanced,cached_mxbai,1898,1782213329.6573787,,,
5231,0,svm,max,balanced,cached_mxbai,1899,1782213329.851685,,,
10422,0,svm,max,balanced,cached_mxbai,1900,1782213330.04518,,,
2773,0,svm,max,balanced,cached_mxbai,1901,1782213330.2417073,,,
8210,0,svm,max,balanced,cached_mxbai,1902,1782213330.4376094,,,
4493,0,svm,max,balanced,cached_mxbai,1903,1782213330.6365824,,,
806,0,svm,max,balanced,cached_mxbai,1904,1782213330.8377874,,,
7318,0,svm,max,balanced,cached_mxbai,1905,1782213331.035946,,,
9369,0,svm,max,balanced,cached_mxbai,1906,1782213331.2352872,,,
10446,0,svm,max,balanced,cached_mxbai,1907,1782213331.4321425,,,
5119,0,svm,max,balanced,cached_mxbai,1908,1782213331.6313934,,,
4660,0,svm,max,balanced,cached_mxbai,1909,1782213331.8332071,,,
2473,0,svm,max,balanced,cached_mxbai,1910,1782213332.0335836,,,
10120,0,svm,max,balanced,cached_mxbai,1911,1782213332.2338946,,,
1502,0,svm,max,balanced,cached_mxbai,1912,1782213332.4326026,,,
5129,0,svm,max,balanced,cached_mxbai,1913,1782213332.6327786,,,
7091,0,svm,max,balanced,cached_mxbai,1914,1782213332.8309827,,,
4617,0,svm,max,balanced,cached_mxbai,1915,1782213333.0288265,,,
7077,0,svm,max,balanced,cached_mxbai,1916,1782213333.2258978,,,
3753,0,svm,max,balanced,cached_mxbai,1917,1782213333.4230747,,,
809,0,svm,max,balanced,cached_mxbai,1918,1782213333.620503,,,
5087,0,svm,max,balanced,cached_mxbai,1919,1782213333.821368,,,
8105,0,svm,max,balanced,cached_mxbai,1920,1782213334.021199,,,
5842,0,svm,max,balanced,cached_mxbai,1921,1782213334.2218473,,,
4175,0,svm,max,balanced,cached_mxbai,1922,1782213334.4200013,,,
1808,0,svm,max,balanced,cached_mxbai,1923,1782213334.619633,,,
4437,0,svm,max,balanced,cached_mxbai,1924,1782213334.8205142,,,
422,0,svm,max,balanced,cached_mxbai,1925,1782213335.0273547,,,
9704,0,svm,max,balanced,cached_mxbai,1926,1782213335.2300153,,,
3602,0,svm,max,balanced,cached_mxbai,1927,1782213335.4562588,,,
3998,0,svm,max,balanced,cached_mxbai,1928,1782213335.6535616,,,
1040,0,svm,max,balanced,cached_mxbai,1929,1782213335.8549669,,,
3364,0,svm,max,balanced,cached_mxbai,1930,1782213336.0750244,,,
1566,0,svm,max,balanced,cached_mxbai,1931,1782213336.2799072,,,
7891,0,svm,max,balanced,cached_mxbai,1932,1782213336.480035,,,
10252,0,svm,max,balanced,cached_mxbai,1933,1782213336.6840804,,,
4477,0,svm,max,balanced,cached_mxbai,1934,1782213336.8880684,,,
9370,0,svm,max,balanced,cached_mxbai,1935,1782213337.088071,,,
3549,0,svm,max,balanced,cached_mxbai,1936,1782213337.2880065,,,
6216,0,svm,max,balanced,cached_mxbai,1937,1782213337.4906964,,,
5136,0,svm,max,balanced,cached_mxbai,1938,1782213337.6918118,,,
9572,0,svm,max,balanced,cached_mxbai,1939,1782213337.8935375,,,
8024,0,svm,max,balanced,cached_mxbai,1940,1782213338.0950098,,,
8610,0,svm,max,balanced,cached_mxbai,1941,1782213338.2952743,,,
4344,0,svm,max,balanced,cached_mxbai,1942,1782213338.4971051,,,
9603,0,svm,max,balanced,cached_mxbai,1943,1782213338.698958,,,
4843,0,svm,max,balanced,cached_mxbai,1944,1782213338.9044962,,,
2293,0,svm,max,balanced,cached_mxbai,1945,1782213339.1162188,,,
7369,0,svm,max,balanced,cached_mxbai,1946,1782213339.313961,,,
5310,0,svm,max,balanced,cached_mxbai,1947,1782213339.5139484,,,
6616,0,svm,max,balanced,cached_mxbai,1948,1782213339.710906,,,
4211,0,svm,max,balanced,cached_mxbai,1949,1782213339.9080632,,,
10557,0,svm,max,balanced,cached_mxbai,1950,1782213340.1040812,,,
8367,0,svm,max,balanced,cached_mxbai,1951,1782213340.301024,,,
6478,0,svm,max,balanced,cached_mxbai,1952,1782213340.4984074,,,
8337,0,svm,max,balanced,cached_mxbai,1953,1782213340.6967614,,,
2819,0,svm,max,balanced,cached_mxbai,1954,1782213340.8976367,,,
4150,0,svm,max,balanced,cached_mxbai,1955,1782213341.0958707,,,
4823,0,svm,max,balanced,cached_mxbai,1956,1782213341.2942553,,,
242,0,svm,max,balanced,cached_mxbai,1957,1782213341.4928646,,,
3285,0,svm,max,balanced,cached_mxbai,1958,1782213341.6914108,,,
8088,1,svm,max,balanced,cached_mxbai,1959,1782213341.8929703,,,
6045,0,svm,max,balanced,cached_mxbai,1960,1782213342.0915835,,,
9457,0,svm,max,balanced,cached_mxbai,1961,1782213342.2937312,,,
4325,0,svm,max,balanced,cached_mxbai,1962,1782213342.4945033,,,
6284,0,svm,max,balanced,cached_mxbai,1963,1782213342.6932414,,,
8717,0,svm,max,balanced,cached_mxbai,1964,1782213342.8925226,,,
5205,0,svm,max,balanced,cached_mxbai,1965,1782213343.0910783,,,
1439,0,svm,max,balanced,cached_mxbai,1966,1782213343.2894468,,,
3495,0,svm,max,balanced,cached_mxbai,1967,1782213343.4866562,,,
8770,0,svm,max,balanced,cached_mxbai,1968,1782213343.6834471,,,
9804,0,svm,max,balanced,cached_mxbai,1969,1782213343.8815544,,,
5042,0,svm,max,balanced,cached_mxbai,1970,1782213344.0810618,,,
4576,0,svm,max,balanced,cached_mxbai,1971,1782213344.2777429,,,
66,0,svm,max,balanced,cached_mxbai,1972,1782213344.4746528,,,
3705,0,svm,max,balanced,cached_mxbai,1973,1782213344.676328,,,
1022,0,svm,max,balanced,cached_mxbai,1974,1782213344.8804858,,,
4806,0,svm,max,balanced,cached_mxbai,1975,1782213345.085301,,,
3233,0,svm,max,balanced,cached_mxbai,1976,1782213345.3027153,,,
5562,0,svm,max,balanced,cached_mxbai,1977,1782213345.5079165,,,
4123,0,svm,max,balanced,cached_mxbai,1978,1782213345.7092896,,,
3606,0,svm,max,balanced,cached_mxbai,1979,1782213345.9172235,,,
1093,0,svm,max,balanced,cached_mxbai,1980,1782213346.1231759,,,
1594,0,svm,max,balanced,cached_mxbai,1981,1782213346.3336334,,,
1926,0,svm,max,balanced,cached_mxbai,1982,1782213346.5421777,,,
8194,0,svm,max,balanced,cached_mxbai,1983,1782213346.7495177,,,
4269,0,svm,max,balanced,cached_mxbai,1984,1782213346.9549553,,,
7312,0,svm,max,balanced,cached_mxbai,1985,1782213347.1566896,,,
9277,0,svm,max,balanced,cached_mxbai,1986,1782213347.3575554,,,
9321,0,svm,max,balanced,cached_mxbai,1987,1782213347.5785794,,,
3346,0,svm,max,balanced,cached_mxbai,1988,1782213347.7797055,,,
8335,0,svm,max,balanced,cached_mxbai,1989,1782213347.9883313,,,
4550,0,svm,max,balanced,cached_mxbai,1990,1782213348.1966667,,,
1486,0,svm,max,balanced,cached_mxbai,1991,1782213348.4061837,,,
6989,0,svm,max,balanced,cached_mxbai,1992,1782213348.6132405,,,
95,0,svm,max,balanced,cached_mxbai,1993,1782213348.823458,,,
5255,0,svm,max,balanced,cached_mxbai,1994,1782213349.0279717,,,
2373,0,svm,max,balanced,cached_mxbai,1995,1782213349.2316298,,,
3412,0,svm,max,balanced,cached_mxbai,1996,1782213349.4329123,,,
10006,0,svm,max,balanced,cached_mxbai,1997,1782213349.633798,,,
1761,0,svm,max,balanced,cached_mxbai,1998,1782213349.8361433,,,
6353,0,svm,max,balanced,cached_mxbai,1999,1782213350.041028,,,
3496,0,svm,max,balanced,cached_mxbai,2000,1782213350.2375312,,,
5734,0,svm,max,balanced,cached_mxbai,2001,1782213350.4390154,,,
3264,0,svm,max,balanced,cached_mxbai,2002,1782213350.6431487,,,
672,0,svm,max,balanced,cached_mxbai,2003,1782213350.8481035,,,
6185,0,svm,max,balanced,cached_mxbai,2004,1782213351.0479455,,,
8554,0,svm,max,balanced,cached_mxbai,2005,1782213351.2523077,,,
7374,0,svm,max,balanced,cached_mxbai,2006,1782213351.4538133,,,
4186,0,svm,max,balanced,cached_mxbai,2007,1782213351.657726,,,
1006,0,svm,max,balanced,cached_mxbai,2008,1782213351.8625393,,,
2040,0,svm,max,balanced,cached_mxbai,2009,1782213352.0667274,,,
6462,0,svm,max,balanced,cached_mxbai,2010,1782213352.2713506,,,
4855,0,svm,max,balanced,cached_mxbai,2011,1782213352.4764564,,,
2892,0,svm,max,balanced,cached_mxbai,2012,1782213352.6783948,,,
9473,0,svm,max,balanced,cached_mxbai,2013,1782213352.884123,,,
4810,0,svm,max,balanced,cached_mxbai,2014,1782213353.0879023,,,
7099,0,svm,max,balanced,cached_mxbai,2015,1782213353.2932806,,,
8761,0,svm,max,balanced,cached_mxbai,2016,1782213353.4957323,,,
9877,0,svm,max,balanced,cached_mxbai,2017,1782213353.6995425,,,
7950,0,svm,max,balanced,cached_mxbai,2018,1782213353.908502,,,
4857,0,svm,max,balanced,cached_mxbai,2019,1782213354.11744,,,
365,0,svm,max,balanced,cached_mxbai,2020,1782213354.321552,,,
5007,0,svm,max,balanced,cached_mxbai,2021,1782213354.5257332,,,
3683,0,svm,max,balanced,cached_mxbai,2022,1782213354.7320719,,,
8388,0,svm,max,balanced,cached_mxbai,2023,1782213354.9375844,,,
38,0,svm,max,balanced,cached_mxbai,2024,1782213355.1489787,,,
3274,0,svm,max,balanced,cached_mxbai,2025,1782213355.3768358,,,
4852,0,svm,max,balanced,cached_mxbai,2026,1782213355.5790167,,,
6359,0,svm,max,balanced,cached_mxbai,2027,1782213355.7786164,,,
3700,0,svm,max,balanced,cached_mxbai,2028,1782213355.9770145,,,
6976,0,svm,max,balanced,cached_mxbai,2029,1782213356.1786792,,,
2184,0,svm,max,balanced,cached_mxbai,2030,1782213356.3768067,,,
9733,0,svm,max,balanced,cached_mxbai,2031,1782213356.578108,,,
4731,0,svm,max,balanced,cached_mxbai,2032,1782213356.7801523,,,
5971,0,svm,max,balanced,cached_mxbai,2033,1782213356.9843163,,,
9144,0,svm,max,balanced,cached_mxbai,2034,1782213357.209028,,,
7276,0,svm,max,balanced,cached_mxbai,2035,1782213357.4137058,,,
4581,0,svm,max,balanced,cached_mxbai,2036,1782213357.6147873,,,
4525,0,svm,max,balanced,cached_mxbai,2037,1782213357.8168693,,,
1896,0,svm,max,balanced,cached_mxbai,2038,1782213358.0205123,,,
6424,0,svm,max,balanced,cached_mxbai,2039,1782213358.223456,,,
3245,0,svm,max,balanced,cached_mxbai,2040,1782213358.4239883,,,
8504,0,svm,max,balanced,cached_mxbai,2041,1782213358.627217,,,
4929,0,svm,max,balanced,cached_mxbai,2042,1782213358.8351316,,,
4082,0,svm,max,balanced,cached_mxbai,2043,1782213359.0384972,,,
5462,0,svm,max,balanced,cached_mxbai,2044,1782213359.2414718,,,
3867,0,svm,max,balanced,cached_mxbai,2045,1782213359.4402988,,,
4183,0,svm,max,balanced,cached_mxbai,2046,1782213359.6418366,,,
6899,0,svm,max,balanced,cached_mxbai,2047,1782213359.8486607,,,
8322,0,svm,max,balanced,cached_mxbai,2048,1782213360.0907524,,,
5068,0,svm,max,balanced,cached_mxbai,2049,1782213360.330602,,,
1546,0,svm,max,balanced,cached_mxbai,2050,1782213360.5667298,,,
7061,0,svm,max,balanced,cached_mxbai,2051,1782213360.8039215,,,
6286,0,svm,max,balanced,cached_mxbai,2052,1782213361.0443566,,,
10403,0,svm,max,balanced,cached_mxbai,2053,1782213361.2823167,,,
5696,0,svm,max,balanced,cached_mxbai,2054,1782213361.519816,,,
3054,0,svm,max,balanced,cached_mxbai,2055,1782213361.758514,,,
4286,0,svm,max,balanced,cached_mxbai,2056,1782213361.9972477,,,
8583,0,svm,max,balanced,cached_mxbai,2057,1782213362.2387297,,,
8111,0,svm,max,balanced,cached_mxbai,2058,1782213362.4764457,,,
3210,0,svm,max,balanced,cached_mxbai,2059,1782213362.7149885,,,
4596,0,svm,max,balanced,cached_mxbai,2060,1782213362.9559495,,,
3232,0,svm,max,balanced,cached_mxbai,2061,1782213363.1949468,,,
4329,0,svm,max,balanced,cached_mxbai,2062,1782213363.4350362,,,
826,0,svm,max,balanced,cached_mxbai,2063,1782213363.6722896,,,
8082,0,svm,max,balanced,cached_mxbai,2064,1782213363.9113202,,,
4755,0,svm,max,balanced,cached_mxbai,2065,1782213364.1508791,,,
3419,0,svm,max,balanced,cached_mxbai,2066,1782213364.3898883,,,
64,0,svm,max,balanced,cached_mxbai,2067,1782213364.6303098,,,
4407,0,svm,max,balanced,cached_mxbai,2068,1782213364.87149,,,
5463,0,svm,max,balanced,cached_mxbai,2069,1782213365.1187148,,,
7446,0,svm,max,balanced,cached_mxbai,2070,1782213365.380792,,,
8283,0,svm,max,balanced,cached_mxbai,2071,1782213365.619802,,,
1073,0,svm,max,balanced,cached_mxbai,2072,1782213365.860018,,,
5104,0,svm,max,balanced,cached_mxbai,2073,1782213366.1018498,,,
5005,0,svm,max,balanced,cached_mxbai,2074,1782213366.342414,,,
3403,0,svm,max,balanced,cached_mxbai,2075,1782213366.5805864,,,
2121,0,svm,max,balanced,cached_mxbai,2076,1782213366.8194265,,,
1914,0,svm,max,balanced,cached_mxbai,2077,1782213367.0647132,,,
417,0,svm,max,balanced,cached_mxbai,2078,1782213367.3069851,,,
3213,0,svm,max,balanced,cached_mxbai,2079,1782213367.5465248,,,
4730,0,svm,max,balanced,cached_mxbai,2080,1782213367.7853572,,,
7304,0,svm,max,balanced,cached_mxbai,2081,1782213368.0258358,,,
3993,0,svm,max,balanced,cached_mxbai,2082,1782213368.2693872,,,
5466,0,svm,max,balanced,cached_mxbai,2083,1782213368.5116208,,,
5114,0,svm,max,balanced,cached_mxbai,2084,1782213368.7546332,,,
5178,0,svm,max,balanced,cached_mxbai,2085,1782213368.9963155,,,
121,0,svm,max,balanced,cached_mxbai,2086,1782213369.240944,,,
3622,0,svm,max,balanced,cached_mxbai,2087,1782213369.4839869,,,
2421,0,svm,max,balanced,cached_mxbai,2088,1782213369.7193682,,,
9611,0,svm,max,balanced,cached_mxbai,2089,1782213369.963439,,,
7130,0,svm,max,balanced,cached_mxbai,2090,1782213370.209665,,,
5295,0,svm,max,balanced,cached_mxbai,2091,1782213370.4477763,,,
4876,0,svm,max,balanced,cached_mxbai,2092,1782213370.6906276,,,
6765,0,svm,max,balanced,cached_mxbai,2093,1782213370.9348457,,,
4370,0,svm,max,balanced,cached_mxbai,2094,1782213371.1795423,,,
4747,0,svm,max,balanced,cached_mxbai,2095,1782213371.4268346,,,
1351,0,svm,max,balanced,cached_mxbai,2096,1782213371.6697156,,,
5163,0,svm,max,balanced,cached_mxbai,2097,1782213371.9131675,,,
6546,0,svm,max,balanced,cached_mxbai,2098,1782213372.1596367,,,
5003,0,svm,max,balanced,cached_mxbai,2099,1782213372.4044278,,,
1490,0,svm,max,balanced,cached_mxbai,2100,1782213372.6482017,,,
4282,0,svm,max,balanced,cached_mxbai,2101,1782213372.8939438,,,
3497,0,svm,max,balanced,cached_mxbai,2102,1782213373.1646621,,,
4251,0,svm,max,balanced,cached_mxbai,2103,1782213373.4230914,,,
3704,0,svm,max,balanced,cached_mxbai,2104,1782213373.69851,,,
4276,0,svm,max,balanced,cached_mxbai,2105,1782213373.953863,,,
8370,0,svm,max,balanced,cached_mxbai,2106,1782213374.2009819,,,
4861,0,svm,max,balanced,cached_mxbai,2107,1782213374.4487932,,,
3062,0,svm,max,balanced,cached_mxbai,2108,1782213374.69284,,,
9741,0,svm,max,balanced,cached_mxbai,2109,1782213374.9409754,,,
10491,0,svm,max,balanced,cached_mxbai,2110,1782213375.1958635,,,
7951,0,svm,max,balanced,cached_mxbai,2111,1782213375.4736233,,,
3764,0,svm,max,balanced,cached_mxbai,2112,1782213375.717775,,,
8263,0,svm,max,balanced,cached_mxbai,2113,1782213375.9689453,,,
9559,0,svm,max,balanced,cached_mxbai,2114,1782213376.2202432,,,
9472,0,svm,max,balanced,cached_mxbai,2115,1782213376.4665742,,,
919,0,svm,max,balanced,cached_mxbai,2116,1782213376.7114568,,,
2948,0,svm,max,balanced,cached_mxbai,2117,1782213376.9568002,,,
8462,0,svm,max,balanced,cached_mxbai,2118,1782213377.204104,,,
10210,0,svm,max,balanced,cached_mxbai,2119,1782213377.4516523,,,
4022,0,svm,max,balanced,cached_mxbai,2120,1782213377.695844,,,
2690,0,svm,max,balanced,cached_mxbai,2121,1782213377.9400785,,,
1604,0,svm,max,balanced,cached_mxbai,2122,1782213378.1870756,,,
4242,0,svm,max,balanced,cached_mxbai,2123,1782213378.4441636,,,
8833,0,svm,max,balanced,cached_mxbai,2124,1782213378.6949928,,,
9089,0,svm,max,balanced,cached_mxbai,2125,1782213378.944502,,,
3710,0,svm,max,balanced,cached_mxbai,2126,1782213379.1904628,,,
3604,0,svm,max,balanced,cached_mxbai,2127,1782213379.4344091,,,
5048,0,svm,max,balanced,cached_mxbai,2128,1782213379.6785603,,,
4132,0,svm,max,balanced,cached_mxbai,2129,1782213379.922805,,,
5044,0,svm,max,balanced,cached_mxbai,2130,1782213380.1688368,,,
244,0,svm,max,balanced,cached_mxbai,2131,1782213380.41331,,,
7733,0,svm,max,balanced,cached_mxbai,2132,1782213380.6619146,,,
2702,0,svm,max,balanced,cached_mxbai,2133,1782213380.9102793,,,
3637,0,svm,max,balanced,cached_mxbai,2134,1782213381.1595662,,,
4335,0,svm,max,balanced,cached_mxbai,2135,1782213381.4049819,,,
5203,0,svm,max,balanced,cached_mxbai,2136,1782213381.655098,,,
6105,0,svm,max,balanced,cached_mxbai,2137,1782213381.9009259,,,
4348,0,svm,max,balanced,cached_mxbai,2138,1782213382.1524725,,,
1178,0,svm,max,balanced,cached_mxbai,2139,1782213382.400752,,,
6310,0,svm,max,balanced,cached_mxbai,2140,1782213382.6518729,,,
9856,0,svm,max,balanced,cached_mxbai,2141,1782213382.8991776,,,
5549,0,svm,max,balanced,cached_mxbai,2142,1782213383.1733909,,,
2544,0,svm,max,balanced,cached_mxbai,2143,1782213383.4460216,,,
4462,0,svm,max,balanced,cached_mxbai,2144,1782213383.7212632,,,
7495,0,svm,max,balanced,cached_mxbai,2145,1782213383.9753134,,,
8488,0,svm,max,balanced,cached_mxbai,2146,1782213384.227878,,,
7552,0,svm,max,balanced,cached_mxbai,2147,1782213384.4771664,,,
7186,0,svm,max,balanced,cached_mxbai,2148,1782213384.7281156,,,
4917,0,svm,max,balanced,cached_mxbai,2149,1782213384.9772065,,,
951,0,svm,max,balanced,cached_mxbai,2150,1782213385.2527769,,,
7550,0,svm,max,balanced,cached_mxbai,2151,1782213385.5141878,,,
8832,1,svm,max,balanced,cached_mxbai,2152,1782213385.7717984,,,
7776,0,svm,max,balanced,cached_mxbai,2153,1782213386.0206459,,,
6988,0,svm,max,balanced,cached_mxbai,2154,1782213386.2731607,,,
288,0,svm,max,balanced,cached_mxbai,2155,1782213386.549681,,,
8920,0,svm,max,balanced,cached_mxbai,2156,1782213386.8005128,,,
7258,0,svm,max,balanced,cached_mxbai,2157,1782213387.0528624,,,
8190,0,svm,max,balanced,cached_mxbai,2158,1782213387.302639,,,
9292,0,svm,max,balanced,cached_mxbai,2159,1782213387.5522845,,,
4585,0,svm,max,balanced,cached_mxbai,2160,1782213387.808644,,,
3673,0,svm,max,balanced,cached_mxbai,2161,1782213388.0685751,,,
4979,0,svm,max,balanced,cached_mxbai,2162,1782213388.3287542,,,
7127,0,svm,max,balanced,cached_mxbai,2163,1782213388.5951371,,,
6654,0,svm,max,balanced,cached_mxbai,2164,1782213388.8643434,,,
1606,0,svm,max,balanced,cached_mxbai,2165,1782213389.1232474,,,
3430,0,svm,max,balanced,cached_mxbai,2166,1782213389.3828747,,,
4212,0,svm,max,balanced,cached_mxbai,2167,1782213389.6449552,,,
4775,0,svm,max,balanced,cached_mxbai,2168,1782213389.9066231,,,
3842,0,svm,max,balanced,cached_mxbai,2169,1782213390.1679904,,,
3108,0,svm,max,balanced,cached_mxbai,2170,1782213390.4240673,,,
6276,0,svm,max,balanced,cached_mxbai,2171,1782213390.6843455,,,
10281,0,svm,max,balanced,cached_mxbai,2172,1782213390.9458933,,,
222,0,svm,max,balanced,cached_mxbai,2173,1782213391.2077243,,,
5097,0,svm,max,balanced,cached_mxbai,2174,1782213391.4670875,,,
1446,0,svm,max,balanced,cached_mxbai,2175,1782213391.7286363,,,
9602,0,svm,max,balanced,cached_mxbai,2176,1782213391.992499,,,
4877,0,svm,max,balanced,cached_mxbai,2177,1782213392.2563336,,,
3980,0,svm,max,balanced,cached_mxbai,2178,1782213392.5178363,,,
10119,0,svm,max,balanced,cached_mxbai,2179,1782213392.765777,,,
1465,0,svm,max,balanced,cached_mxbai,2180,1782213393.015241,,,
3947,0,svm,max,balanced,cached_mxbai,2181,1782213393.263599,,,
9011,0,svm,max,balanced,cached_mxbai,2182,1782213393.5103214,,,
4115,0,svm,max,balanced,cached_mxbai,2183,1782213393.756014,,,
653,0,svm,max,balanced,cached_mxbai,2184,1782213394.015627,,,
267,0,svm,max,balanced,cached_mxbai,2185,1782213394.2662983,,,
9195,0,svm,max,balanced,cached_mxbai,2186,1782213394.5132067,,,
3551,0,svm,max,balanced,cached_mxbai,2187,1782213394.7597568,,,
5033,0,svm,max,balanced,cached_mxbai,2188,1782213395.008497,,,
1253,0,svm,max,balanced,cached_mxbai,2189,1782213395.271597,,,
8073,0,svm,max,balanced,cached_mxbai,2190,1782213395.5351756,,,
7917,0,svm,max,balanced,cached_mxbai,2191,1782213395.7824647,,,
8831,0,svm,max,balanced,cached_mxbai,2192,1782213396.033842,,,
4444,0,svm,max,balanced,cached_mxbai,2193,1782213396.281853,,,
2557,0,svm,max,balanced,cached_mxbai,2194,1782213396.5288963,,,
3715,0,svm,max,balanced,cached_mxbai,2195,1782213396.77931,,,
3272,0,svm,max,balanced,cached_mxbai,2196,1782213397.028217,,,
4844,0,svm,max,balanced,cached_mxbai,2197,1782213397.2789104,,,
8265,0,svm,max,balanced,cached_mxbai,2198,1782213397.5271595,,,
8816,0,svm,max,balanced,cached_mxbai,2199,1782213397.7775903,,,
7230,0,svm,max,balanced,cached_mxbai,2200,1782213398.0268877,,,
9688,0,svm,max,balanced,cached_mxbai,2201,1782213398.2791362,,,
7048,0,svm,max,balanced,cached_mxbai,2202,1782213398.5262032,,,
9206,0,svm,max,balanced,cached_mxbai,2203,1782213398.7835226,,,
10129,0,svm,max,balanced,cached_mxbai,2204,1782213399.0328512,,,
45,0,svm,max,balanced,cached_mxbai,2205,1782213399.283649,,,
7101,0,svm,max,balanced,cached_mxbai,2206,1782213399.5326178,,,
4825,0,svm,max,balanced,cached_mxbai,2207,1782213399.7830083,,,
4094,0,svm,max,balanced,cached_mxbai,2208,1782213400.0314589,,,
3745,0,svm,max,balanced,cached_mxbai,2209,1782213400.2810955,,,
7560,0,svm,max,balanced,cached_mxbai,2210,1782213400.530098,,,
8436,0,svm,max,balanced,cached_mxbai,2211,1782213400.7779167,,,
7507,0,svm,max,balanced,cached_mxbai,2212,1782213401.0311687,,,
4931,0,svm,max,balanced,cached_mxbai,2213,1782213401.2839174,,,
2461,0,svm,max,balanced,cached_mxbai,2214,1782213401.5350916,,,
5444,0,svm,max,balanced,cached_mxbai,2215,1782213401.787149,,,
1429,0,svm,max,balanced,cached_mxbai,2216,1782213402.0393054,,,
4814,0,svm,max,balanced,cached_mxbai,2217,1782213402.2941508,,,
8555,0,svm,max,balanced,cached_mxbai,2218,1782213402.5472827,,,
4935,0,svm,max,balanced,cached_mxbai,2219,1782213402.7975428,,,
5157,0,svm,max,balanced,cached_mxbai,2220,1782213403.0543263,,,
6531,0,svm,max,balanced,cached_mxbai,2221,1782213403.3137088,,,
448,0,svm,max,balanced,cached_mxbai,2222,1782213403.5720167,,,
5041,0,svm,max,balanced,cached_mxbai,2223,1782213403.8271513,,,
747,0,svm,max,balanced,cached_mxbai,2224,1782213404.0883224,,,
3949,0,svm,max,balanced,cached_mxbai,2225,1782213404.3380651,,,
4287,0,svm,max,balanced,cached_mxbai,2226,1782213404.592205,,,
5595,0,svm,max,balanced,cached_mxbai,2227,1782213404.8452244,,,
4880,0,svm,max,balanced,cached_mxbai,2228,1782213405.110168,,,
3887,0,svm,max,balanced,cached_mxbai,2229,1782213405.3968139,,,
4604,0,svm,max,balanced,cached_mxbai,2230,1782213405.6505349,,,
1086,0,svm,max,balanced,cached_mxbai,2231,1782213405.913739,,,
8680,0,svm,max,balanced,cached_mxbai,2232,1782213406.1754944,,,
8657,0,svm,max,balanced,cached_mxbai,2233,1782213406.4330335,,,
4774,0,svm,max,balanced,cached_mxbai,2234,1782213406.6933577,,,
7324,0,svm,max,balanced,cached_mxbai,2235,1782213406.9521265,,,
665,0,svm,max,balanced,cached_mxbai,2236,1782213407.213527,,,
6230,0,svm,max,balanced,cached_mxbai,2237,1782213407.471769,,,
6170,0,svm,max,balanced,cached_mxbai,2238,1782213407.7302194,,,
5142,0,svm,max,balanced,cached_mxbai,2239,1782213407.9885087,,,
5712,0,svm,max,balanced,cached_mxbai,2240,1782213408.249319,,,
3626,0,svm,max,balanced,cached_mxbai,2241,1782213408.5091124,,,
7609,0,svm,max,balanced,cached_mxbai,2242,1782213408.776137,,,
5037,0,svm,max,balanced,cached_mxbai,2243,1782213409.0410292,,,
8031,0,svm,max,balanced,cached_mxbai,2244,1782213409.305765,,,
1930,0,svm,max,balanced,cached_mxbai,2245,1782213409.5687447,,,
3825,0,svm,max,balanced,cached_mxbai,2246,1782213409.8282816,,,
7773,0,svm,max,balanced,cached_mxbai,2247,1782213410.09303,,,
5354,0,svm,max,balanced,cached_mxbai,2248,1782213410.3529973,,,
3855,0,svm,max,balanced,cached_mxbai,2249,1782213410.6143625,,,
7931,0,svm,max,balanced,cached_mxbai,2250,1782213410.8746438,,,
4909,0,svm,max,balanced,cached_mxbai,2251,1782213411.137195,,,
1739,0,svm,max,balanced,cached_mxbai,2252,1782213411.4113011,,,
9659,0,svm,max,balanced,cached_mxbai,2253,1782213411.6888735,,,
3570,0,svm,max,balanced,cached_mxbai,2254,1782213411.982498,,,
1315,0,svm,max,balanced,cached_mxbai,2255,1782213412.2521598,,,
3514,0,svm,max,balanced,cached_mxbai,2256,1782213412.5127556,,,
10386,0,svm,max,balanced,cached_mxbai,2257,1782213412.7757037,,,
4,0,svm,max,balanced,cached_mxbai,2258,1782213413.0384133,,,
6425,0,svm,max,balanced,cached_mxbai,2259,1782213413.3089783,,,
5248,0,svm,max,balanced,cached_mxbai,2260,1782213413.5711398,,,
10192,0,svm,max,balanced,cached_mxbai,2261,1782213413.8389606,,,
4366,0,svm,max,balanced,cached_mxbai,2262,1782213414.108679,,,
8220,0,svm,max,balanced,cached_mxbai,2263,1782213414.3786013,,,
8732,0,svm,max,balanced,cached_mxbai,2264,1782213414.6485026,,,
3607,0,svm,max,balanced,cached_mxbai,2265,1782213414.920214,,,
1226,0,svm,max,balanced,cached_mxbai,2266,1782213415.194234,,,
4726,0,svm,max,balanced,cached_mxbai,2267,1782213415.4901466,,,
3913,0,svm,max,balanced,cached_mxbai,2268,1782213415.759487,,,
4129,0,svm,max,balanced,cached_mxbai,2269,1782213416.029012,,,
4903,0,svm,max,balanced,cached_mxbai,2270,1782213416.3022063,,,
3662,0,svm,max,balanced,cached_mxbai,2271,1782213416.5732348,,,
2436,0,svm,max,balanced,cached_mxbai,2272,1782213416.8492277,,,
1671,0,svm,max,balanced,cached_mxbai,2273,1782213417.1296923,,,
3665,0,svm,max,balanced,cached_mxbai,2274,1782213417.4052665,,,
5035,0,svm,max,balanced,cached_mxbai,2275,1782213417.6755033,,,
7715,0,svm,max,balanced,cached_mxbai,2276,1782213417.9464512,,,
1500,0,svm,max,balanced,cached_mxbai,2277,1782213418.2208254,,,
5277,0,svm,max,balanced,cached_mxbai,2278,1782213418.4910116,,,
6433,0,svm,max,balanced,cached_mxbai,2279,1782213418.7656353,,,
4332,0,svm,max,balanced,cached_mxbai,2280,1782213419.035789,,,
4184,0,svm,max,balanced,cached_mxbai,2281,1782213419.3148563,,,
723,0,svm,max,balanced,cached_mxbai,2282,1782213419.5855713,,,
6706,0,svm,max,balanced,cached_mxbai,2283,1782213419.8585048,,,
10349,1,svm,max,balanced,cached_mxbai,2284,1782213420.1307292,,,
5851,0,svm,max,balanced,cached_mxbai,2285,1782213420.3961842,,,
5685,0,svm,max,balanced,cached_mxbai,2286,1782213420.661818,,,
177,0,svm,max,balanced,cached_mxbai,2287,1782213420.9277709,,,
3717,0,svm,max,balanced,cached_mxbai,2288,1782213421.198073,,,
9789,0,svm,max,balanced,cached_mxbai,2289,1782213421.4663022,,,
7716,0,svm,max,balanced,cached_mxbai,2290,1782213421.737207,,,
170,0,svm,max,balanced,cached_mxbai,2291,1782213422.0079784,,,
1108,0,svm,max,balanced,cached_mxbai,2292,1782213422.2742279,,,
5793,0,svm,max,balanced,cached_mxbai,2293,1782213422.5685403,,,
9899,0,svm,max,balanced,cached_mxbai,2294,1782213422.8461168,,,
3816,0,svm,max,balanced,cached_mxbai,2295,1782213423.1532803,,,
7074,0,svm,max,balanced,cached_mxbai,2296,1782213423.4213812,,,
1934,0,svm,max,balanced,cached_mxbai,2297,1782213423.7115438,,,
3856,0,svm,max,balanced,cached_mxbai,2298,1782213424.0035927,,,
6063,0,svm,max,balanced,cached_mxbai,2299,1782213424.2958424,,,
3220,0,svm,max,balanced,cached_mxbai,2300,1782213424.5891593,,,
4007,0,svm,max,balanced,cached_mxbai,2301,1782213424.8825893,,,
464,0,svm,max,balanced,cached_mxbai,2302,1782213425.153061,,,
8627,0,svm,max,balanced,cached_mxbai,2303,1782213425.4551716,,,
9788,0,svm,max,balanced,cached_mxbai,2304,1782213425.7194493,,,
5126,0,svm,max,balanced,cached_mxbai,2305,1782213425.9887772,,,
9188,0,svm,max,balanced,cached_mxbai,2306,1782213426.255672,,,
10066,0,svm,max,balanced,cached_mxbai,2307,1782213426.5245621,,,
109,0,svm,max,balanced,cached_mxbai,2308,1782213426.7910142,,,
1060,0,svm,max,balanced,cached_mxbai,2309,1782213427.0589824,,,
3156,0,svm,max,balanced,cached_mxbai,2310,1782213427.3286173,,,
169,0,svm,max,balanced,cached_mxbai,2311,1782213427.62215,,,
10432,0,svm,max,balanced,cached_mxbai,2312,1782213427.915257,,,
4324,0,svm,max,balanced,cached_mxbai,2313,1782213428.1866457,,,
5190,0,svm,max,balanced,cached_mxbai,2314,1782213428.4807837,,,
4796,0,svm,max,balanced,cached_mxbai,2315,1782213428.778629,,,
862,0,svm,max,balanced,cached_mxbai,2316,1782213429.0746467,,,
3865,0,svm,max,balanced,cached_mxbai,2317,1782213429.3431838,,,
10325,0,svm,max,balanced,cached_mxbai,2318,1782213429.6103323,,,
4621,0,svm,max,balanced,cached_mxbai,2319,1782213429.9078093,,,
191,0,svm,max,balanced,cached_mxbai,2320,1782213430.2104955,,,
2,0,svm,max,balanced,cached_mxbai,2321,1782213430.4865904,,,
3794,0,svm,max,balanced,cached_mxbai,2322,1782213430.7588649,,,
3734,0,svm,max,balanced,cached_mxbai,2323,1782213431.033597,,,
5991,0,svm,max,balanced,cached_mxbai,2324,1782213431.309575,,,
4545,0,svm,max,balanced,cached_mxbai,2325,1782213431.586827,,,
3712,0,svm,max,balanced,cached_mxbai,2326,1782213431.8618374,,,
10064,0,svm,max,balanced,cached_mxbai,2327,1782213432.1415615,,,
5935,0,svm,max,balanced,cached_mxbai,2328,1782213432.417763,,,
8737,0,svm,max,balanced,cached_mxbai,2329,1782213432.6943617,,,
4610,0,svm,max,balanced,cached_mxbai,2330,1782213432.9724386,,,
915,0,svm,max,balanced,cached_mxbai,2331,1782213433.247643,,,
4866,0,svm,max,balanced,cached_mxbai,2332,1782213433.5259607,,,
10534,0,svm,max,balanced,cached_mxbai,2333,1782213433.8015978,,,
3663,0,svm,max,balanced,cached_mxbai,2334,1782213434.080011,,,
5164,0,svm,max,balanced,cached_mxbai,2335,1782213434.35664,,,
5026,0,svm,max,balanced,cached_mxbai,2336,1782213434.6338935,,,
5228,0,svm,max,balanced,cached_mxbai,2337,1782213434.9118004,,,
6925,0,svm,max,balanced,cached_mxbai,2338,1782213435.1957023,,,
254,0,svm,max,balanced,cached_mxbai,2339,1782213435.4988017,,,
4671,0,svm,max,balanced,cached_mxbai,2340,1782213435.7751813,,,
3881,0,svm,max,balanced,cached_mxbai,2341,1782213436.0610986,,,
1306,0,svm,max,balanced,cached_mxbai,2342,1782213436.3480575,,,
4314,0,svm,max,balanced,cached_mxbai,2343,1782213436.6248937,,,
4584,0,svm,max,balanced,cached_mxbai,2344,1782213436.9015915,,,
4327,0,svm,max,balanced,cached_mxbai,2345,1782213437.1789956,,,
5747,0,svm,max,balanced,cached_mxbai,2346,1782213437.4559598,,,
3528,0,svm,max,balanced,cached_mxbai,2347,1782213437.7324014,,,
6385,0,svm,max,balanced,cached_mxbai,2348,1782213438.0123456,,,
3,0,svm,max,balanced,cached_mxbai,2349,1782213438.2920473,,,
5122,0,svm,max,balanced,cached_mxbai,2350,1782213438.5729866,,,
4795,0,svm,max,balanced,cached_mxbai,2351,1782213438.8569324,,,
33,0,svm,max,balanced,cached_mxbai,2352,1782213439.1374526,,,
7164,0,svm,max,balanced,cached_mxbai,2353,1782213439.4186082,,,
3698,0,svm,max,balanced,cached_mxbai,2354,1782213439.7037265,,,
4983,0,svm,max,balanced,cached_mxbai,2355,1782213439.9847932,,,
3456,0,svm,max,balanced,cached_mxbai,2356,1782213440.265958,,,
703,0,svm,max,balanced,cached_mxbai,2357,1782213440.5450659,,,
1809,0,svm,max,balanced,cached_mxbai,2358,1782213440.8242218,,,
9622,0,svm,max,balanced,cached_mxbai,2359,1782213441.1039572,,,
10360,0,svm,max,balanced,cached_mxbai,2360,1782213441.3867197,,,
752,0,svm,max,balanced,cached_mxbai,2361,1782213441.6678033,,,
4156,0,svm,max,balanced,cached_mxbai,2362,1782213441.9408448,,,
5224,0,svm,max,balanced,cached_mxbai,2363,1782213442.2233377,,,
2346,0,svm,max,balanced,cached_mxbai,2364,1782213442.5048025,,,
3367,0,svm,max,balanced,cached_mxbai,2365,1782213442.7868037,,,
4949,0,svm,max,balanced,cached_mxbai,2366,1782213443.068584,,,
8642,0,svm,max,balanced,cached_mxbai,2367,1782213443.3510811,,,
7059,0,svm,max,balanced,cached_mxbai,2368,1782213443.6340127,,,
5135,0,svm,max,balanced,cached_mxbai,2369,1782213443.9152975,,,
6555,0,svm,max,balanced,cached_mxbai,2370,1782213444.1938019,,,
3351,0,svm,max,balanced,cached_mxbai,2371,1782213444.4793677,,,
10402,0,svm,max,balanced,cached_mxbai,2372,1782213444.754236,,,
9341,0,svm,max,balanced,cached_mxbai,2373,1782213445.0365465,,,
10536,0,svm,max,balanced,cached_mxbai,2374,1782213445.331969,,,
5094,0,svm,max,balanced,cached_mxbai,2375,1782213445.6079247,,,
5117,0,svm,max,balanced,cached_mxbai,2376,1782213445.8788817,,,
5015,0,svm,max,balanced,cached_mxbai,2377,1782213446.153732,,,
10096,0,svm,max,balanced,cached_mxbai,2378,1782213446.428925,,,
9530,0,svm,max,balanced,cached_mxbai,2379,1782213446.706173,,,
2769,0,svm,max,balanced,cached_mxbai,2380,1782213446.9806383,,,
3674,0,svm,max,balanced,cached_mxbai,2381,1782213447.2611752,,,
8309,0,svm,max,balanced,cached_mxbai,2382,1782213447.5408297,,,
7709,0,svm,max,balanced,cached_mxbai,2383,1782213447.8134148,,,
5166,0,svm,max,balanced,cached_mxbai,2384,1782213448.090432,,,
4769,0,svm,max,balanced,cached_mxbai,2385,1782213448.3647673,,,
7349,0,svm,max,balanced,cached_mxbai,2386,1782213448.6466587,,,
3703,0,svm,max,balanced,cached_mxbai,2387,1782213448.9284434,,,
4266,0,svm,max,balanced,cached_mxbai,2388,1782213449.2073646,,,
8033,0,svm,max,balanced,cached_mxbai,2389,1782213449.4863336,,,
5539,0,svm,max,balanced,cached_mxbai,2390,1782213449.7650573,,,
4395,0,svm,max,balanced,cached_mxbai,2391,1782213450.044139,,,
115,0,svm,max,balanced,cached_mxbai,2392,1782213450.3217824,,,
4972,0,svm,max,balanced,cached_mxbai,2393,1782213450.5991223,,,
3581,0,svm,max,balanced,cached_mxbai,2394,1782213450.8772352,,,
7805,0,svm,max,balanced,cached_mxbai,2395,1782213451.1613474,,,
4694,0,svm,max,balanced,cached_mxbai,2396,1782213451.4446154,,,
9106,0,svm,max,balanced,cached_mxbai,2397,1782213451.721162,,,
8144,0,svm,max,balanced,cached_mxbai,2398,1782213452.0006676,,,
3215,0,svm,max,balanced,cached_mxbai,2399,1782213452.2828586,,,
4614,0,svm,max,balanced,cached_mxbai,2400,1782213452.5623002,,,
3951,0,svm,max,balanced,cached_mxbai,2401,1782213452.8406105,,,
10002,0,svm,max,balanced,cached_mxbai,2402,1782213453.1186469,,,
4028,0,svm,max,balanced,cached_mxbai,2403,1782213453.3997276,,,
10497,0,svm,max,balanced,cached_mxbai,2404,1782213453.6779506,,,
7570,0,svm,max,balanced,cached_mxbai,2405,1782213453.956303,,,
7766,0,svm,max,balanced,cached_mxbai,2406,1782213454.2380345,,,
9505,0,svm,max,balanced,cached_mxbai,2407,1782213454.5166116,,,
4518,0,svm,max,balanced,cached_mxbai,2408,1782213454.7949681,,,
4300,0,svm,max,balanced,cached_mxbai,2409,1782213455.0873919,,,
4288,0,svm,max,balanced,cached_mxbai,2410,1782213455.3865051,,,
3163,0,svm,max,balanced,cached_mxbai,2411,1782213455.6653855,,,
1197,0,svm,max,balanced,cached_mxbai,2412,1782213455.9438632,,,
6896,0,svm,max,balanced,cached_mxbai,2413,1782213456.2255313,,,
2673,0,svm,max,balanced,cached_mxbai,2414,1782213456.5072737,,,
5459,0,svm,max,balanced,cached_mxbai,2415,1782213456.7856028,,,
3642,0,svm,max,balanced,cached_mxbai,2416,1782213457.064656,,,
5864,0,svm,max,balanced,cached_mxbai,2417,1782213457.345967,,,
1590,0,svm,max,balanced,cached_mxbai,2418,1782213457.6229541,,,
5057,0,svm,max,balanced,cached_mxbai,2419,1782213457.9005632,,,
3730,0,svm,max,balanced,cached_mxbai,2420,1782213458.1827788,,,
388,0,svm,max,balanced,cached_mxbai,2421,1782213458.4634993,,,
6835,0,svm,max,balanced,cached_mxbai,2422,1782213458.7440033,,,
4206,0,svm,max,balanced,cached_mxbai,2423,1782213459.0241616,,,
4052,0,svm,max,balanced,cached_mxbai,2424,1782213459.308201,,,
6759,0,svm,max,balanced,cached_mxbai,2425,1782213459.5868764,,,
3406,0,svm,max,balanced,cached_mxbai,2426,1782213459.8653982,,,
4859,0,svm,max,balanced,cached_mxbai,2427,1782213460.1502047,,,
7307,0,svm,max,balanced,cached_mxbai,2428,1782213460.4344766,,,
5124,0,svm,max,balanced,cached_mxbai,2429,1782213460.7178829,,,
6426,0,svm,max,balanced,cached_mxbai,2430,1782213460.9967651,,,
10445,0,svm,max,balanced,cached_mxbai,2431,1782213461.280459,,,
561,0,svm,max,balanced,cached_mxbai,2432,1782213461.5622015,,,
513,0,svm,max,balanced,cached_mxbai,2433,1782213461.8444211,,,
5428,0,svm,max,balanced,cached_mxbai,2434,1782213462.1277719,,,
2868,0,svm,max,balanced,cached_mxbai,2435,1782213462.4122095,,,
73,0,svm,max,balanced,cached_mxbai,2436,1782213462.6947312,,,
4428,0,svm,max,balanced,cached_mxbai,2437,1782213462.9788988,,,
4878,0,svm,max,balanced,cached_mxbai,2438,1782213463.3007288,,,
3405,0,svm,max,balanced,cached_mxbai,2439,1782213463.623238,,,
10125,0,svm,max,balanced,cached_mxbai,2440,1782213463.941109,,,
7041,0,svm,max,balanced,cached_mxbai,2441,1782213464.265183,,,
5392,0,svm,max,balanced,cached_mxbai,2442,1782213464.5891004,,,
4672,0,svm,max,balanced,cached_mxbai,2443,1782213464.9132752,,,
3560,0,svm,max,balanced,cached_mxbai,2444,1782213465.2448885,,,
394,0,svm,max,balanced,cached_mxbai,2445,1782213465.5926564,,,
8871,0,svm,max,balanced,cached_mxbai,2446,1782213465.9187524,,,
3467,0,svm,max,balanced,cached_mxbai,2447,1782213466.247181,,,
8950,0,svm,max,balanced,cached_mxbai,2448,1782213466.566947,,,
4898,0,svm,max,balanced,cached_mxbai,2449,1782213466.8881226,,,
9335,0,svm,max,balanced,cached_mxbai,2450,1782213467.2065318,,,
1107,0,svm,max,balanced,cached_mxbai,2451,1782213467.5258467,,,
4945,0,svm,max,balanced,cached_mxbai,2452,1782213467.8450687,,,
1323,0,svm,max,balanced,cached_mxbai,2453,1782213468.1627278,,,
8476,0,svm,max,balanced,cached_mxbai,2454,1782213468.492931,,,
8060,0,svm,max,balanced,cached_mxbai,2455,1782213468.819118,,,
5121,0,svm,max,balanced,cached_mxbai,2456,1782213469.141276,,,
4925,0,svm,max,balanced,cached_mxbai,2457,1782213469.4650064,,,
7007,0,svm,max,balanced,cached_mxbai,2458,1782213469.7831619,,,
4238,0,svm,max,balanced,cached_mxbai,2459,1782213470.1022387,,,
4924,0,svm,max,balanced,cached_mxbai,2460,1782213470.422046,,,
6473,0,svm,max,balanced,cached_mxbai,2461,1782213470.7421288,,,
905,0,svm,max,balanced,cached_mxbai,2462,1782213471.0617368,,,
9046,0,svm,max,balanced,cached_mxbai,2463,1782213471.3811858,,,
4997,0,svm,max,balanced,cached_mxbai,2464,1782213471.7034786,,,
1400,0,svm,max,balanced,cached_mxbai,2465,1782213472.026166,,,
5433,0,svm,max,balanced,cached_mxbai,2466,1782213472.3515437,,,
3585,0,svm,max,balanced,cached_mxbai,2467,1782213472.6732626,,,
3937,0,svm,max,balanced,cached_mxbai,2468,1782213472.9943829,,,
1058,0,svm,max,balanced,cached_mxbai,2469,1782213473.31728,,,
3203,0,svm,max,balanced,cached_mxbai,2470,1782213473.6368306,,,
4651,0,svm,max,balanced,cached_mxbai,2471,1782213473.9589891,,,
6178,0,svm,max,balanced,cached_mxbai,2472,1782213474.2857172,,,
104,0,svm,max,balanced,cached_mxbai,2473,1782213474.6084137,,,
8891,0,svm,max,balanced,cached_mxbai,2474,1782213474.9362977,,,
8005,0,svm,max,balanced,cached_mxbai,2475,1782213475.2721992,,,
4218,0,svm,max,balanced,cached_mxbai,2476,1782213475.6007268,,,
4696,0,svm,max,balanced,cached_mxbai,2477,1782213475.925449,,,
10464,0,svm,max,balanced,cached_mxbai,2478,1782213476.2479398,,,
10080,0,svm,max,balanced,cached_mxbai,2479,1782213476.5731397,,,
5787,0,svm,max,balanced,cached_mxbai,2480,1782213476.9023285,,,
2439,0,svm,max,balanced,cached_mxbai,2481,1782213477.2366157,,,
3503,0,svm,max,balanced,cached_mxbai,2482,1782213477.574471,,,
6225,0,svm,max,balanced,cached_mxbai,2483,1782213477.9319108,,,
1011,0,svm,max,balanced,cached_mxbai,2484,1782213478.2577996,,,
3542,0,svm,max,balanced,cached_mxbai,2485,1782213478.5871038,,,
868,0,svm,max,balanced,cached_mxbai,2486,1782213478.9215665,,,
1183,0,svm,max,balanced,cached_mxbai,2487,1782213479.246509,,,
4768,0,svm,max,balanced,cached_mxbai,2488,1782213479.569733,,,
6240,0,svm,max,balanced,cached_mxbai,2489,1782213479.895853,,,
9748,0,svm,max,balanced,cached_mxbai,2490,1782213480.2222788,,,
5233,0,svm,max,balanced,cached_mxbai,2491,1782213480.5508163,,,
4402,0,svm,max,balanced,cached_mxbai,2492,1782213480.877328,,,
2799,0,svm,max,balanced,cached_mxbai,2493,1782213481.200463,,,
8351,0,svm,max,balanced,cached_mxbai,2494,1782213481.5278468,,,
2535,0,svm,max,balanced,cached_mxbai,2495,1782213481.8145611,,,
1731,0,svm,max,balanced,cached_mxbai,2496,1782213482.1092825,,,
9593,0,svm,max,balanced,cached_mxbai,2497,1782213482.3978384,,,
7271,0,svm,max,balanced,cached_mxbai,2498,1782213482.6868968,,,
4888,0,svm,max,balanced,cached_mxbai,2499,1782213482.9772794,,,
3658,0,svm,max,balanced,cached_mxbai,2500,1782213483.2680194,,,
6773,0,svm,max,balanced,cached_mxbai,2501,1782213483.5600362,,,
5215,0,svm,max,balanced,cached_mxbai,2502,1782213483.845863,,,
9319,0,svm,max,balanced,cached_mxbai,2503,1782213484.137114,,,
5427,0,svm,max,balanced,cached_mxbai,2504,1782213484.427201,,,
5260,0,svm,max,balanced,cached_mxbai,2505,1782213484.7152598,,,
9554,0,svm,max,balanced,cached_mxbai,2506,1782213485.0248585,,,
9389,0,svm,max,balanced,cached_mxbai,2507,1782213485.329338,,,
5800,0,svm,max,balanced,cached_mxbai,2508,1782213485.6174593,,,
4841,0,svm,max,balanced,cached_mxbai,2509,1782213485.9045491,,,
4999,0,svm,max,balanced,cached_mxbai,2510,1782213486.192432,,,
3379,0,svm,max,balanced,cached_mxbai,2511,1782213486.484332,,,
5382,0,svm,max,balanced,cached_mxbai,2512,1782213486.7737644,,,
1937,0,svm,max,balanced,cached_mxbai,2513,1782213487.0679975,,,
3772,0,svm,max,balanced,cached_mxbai,2514,1782213487.3735693,,,
8579,0,svm,max,balanced,cached_mxbai,2515,1782213487.666858,,,
9950,0,svm,max,balanced,cached_mxbai,2516,1782213487.9590597,,,
4367,0,svm,max,balanced,cached_mxbai,2517,1782213488.2508662,,,
8325,0,svm,max,balanced,cached_mxbai,2518,1782213488.5443573,,,
4500,0,svm,max,balanced,cached_mxbai,2519,1782213488.843548,,,
9303,0,svm,max,balanced,cached_mxbai,2520,1782213489.1373222,,,
3733,0,svm,max,balanced,cached_mxbai,2521,1782213489.4380848,,,
10085,0,svm,max,balanced,cached_mxbai,2522,1782213489.7271755,,,
299,0,svm,max,balanced,cached_mxbai,2523,1782213490.018014,,,
10070,0,svm,max,balanced,cached_mxbai,2524,1782213490.309433,,,
8949,0,svm,max,balanced,cached_mxbai,2525,1782213490.6035547,,,
3584,0,svm,max,balanced,cached_mxbai,2526,1782213490.894509,,,
7350,0,svm,max,balanced,cached_mxbai,2527,1782213491.1861472,,,
4921,0,svm,max,balanced,cached_mxbai,2528,1782213491.4766326,,,
9795,0,svm,max,balanced,cached_mxbai,2529,1782213491.7680497,,,
3148,0,svm,max,balanced,cached_mxbai,2530,1782213492.099998,,,
6579,0,svm,max,balanced,cached_mxbai,2531,1782213492.4296355,,,
10190,0,svm,max,balanced,cached_mxbai,2532,1782213492.7267714,,,
5827,0,svm,max,balanced,cached_mxbai,2533,1782213493.02526,,,
9014,0,svm,max,balanced,cached_mxbai,2534,1782213493.3270657,,,
835,0,svm,max,balanced,cached_mxbai,2535,1782213493.628586,,,
1539,0,svm,max,balanced,cached_mxbai,2536,1782213493.9295638,,,
4944,0,svm,max,balanced,cached_mxbai,2537,1782213494.2316039,,,
5170,0,svm,max,balanced,cached_mxbai,2538,1782213494.5361054,,,
3879,0,svm,max,balanced,cached_mxbai,2539,1782213494.8393238,,,
9735,0,svm,max,balanced,cached_mxbai,2540,1782213495.1631708,,,
4913,0,svm,max,balanced,cached_mxbai,2541,1782213495.4874701,,,
3110,0,svm,max,balanced,cached_mxbai,2542,1782213495.786979,,,
4803,0,svm,max,balanced,cached_mxbai,2543,1782213496.092633,,,
7578,0,svm,max,balanced,cached_mxbai,2544,1782213496.3962178,,,
7667,0,svm,max,balanced,cached_mxbai,2545,1782213496.6956646,,,
10130,0,svm,max,balanced,cached_mxbai,2546,1782213496.9951572,,,
7518,0,svm,max,balanced,cached_mxbai,2547,1782213497.2952101,,,
4194,0,svm,max,balanced,cached_mxbai,2548,1782213497.6019018,,,
3651,0,svm,max,balanced,cached_mxbai,2549,1782213497.9030926,,,
7107,0,svm,max,balanced,cached_mxbai,2550,1782213498.205341,,,
9197,0,svm,max,balanced,cached_mxbai,2551,1782213498.5069942,,,
5585,0,svm,max,balanced,cached_mxbai,2552,1782213498.8120372,,,
7455,0,svm,max,balanced,cached_mxbai,2553,1782213499.1175063,,,
1281,0,svm,max,balanced,cached_mxbai,2554,1782213499.4415324,,,
3208,0,svm,max,balanced,cached_mxbai,2555,1782213499.744769,,,
3883,0,svm,max,balanced,cached_mxbai,2556,1782213500.0400083,,,
10546,0,svm,max,balanced,cached_mxbai,2557,1782213500.3385444,,,
54,0,svm,max,balanced,cached_mxbai,2558,1782213500.634032,,,
4630,0,svm,max,balanced,cached_mxbai,2559,1782213500.9282184,,,
5794,0,svm,max,balanced,cached_mxbai,2560,1782213501.2249904,,,
10543,0,svm,max,balanced,cached_mxbai,2561,1782213501.5203838,,,
3828,0,svm,max,balanced,cached_mxbai,2562,1782213501.81569,,,
3122,0,svm,max,balanced,cached_mxbai,2563,1782213502.1133697,,,
1866,0,svm,max,balanced,cached_mxbai,2564,1782213502.4146855,,,
4208,0,svm,max,balanced,cached_mxbai,2565,1782213502.7105412,,,
4992,0,svm,max,balanced,cached_mxbai,2566,1782213503.0161142,,,
65,0,svm,max,balanced,cached_mxbai,2567,1782213503.320534,,,
4213,0,svm,max,balanced,cached_mxbai,2568,1782213503.6302881,,,
8424,0,svm,max,balanced,cached_mxbai,2569,1782213503.9263902,,,
4516,0,svm,max,balanced,cached_mxbai,2570,1782213504.2257905,,,
8039,0,svm,max,balanced,cached_mxbai,2571,1782213504.535316,,,
5741,0,svm,max,balanced,cached_mxbai,2572,1782213504.8452663,,,
3131,0,svm,max,balanced,cached_mxbai,2573,1782213505.1692023,,,
9283,0,svm,max,balanced,cached_mxbai,2574,1782213505.5010023,,,
3833,0,svm,max,balanced,cached_mxbai,2575,1782213505.8103635,,,
9977,0,svm,max,balanced,cached_mxbai,2576,1782213506.1177778,,,
9931,0,svm,max,balanced,cached_mxbai,2577,1782213506.426022,,,
8699,0,svm,max,balanced,cached_mxbai,2578,1782213506.734455,,,
4609,0,svm,max,balanced,cached_mxbai,2579,1782213507.0387056,,,
7338,0,svm,max,balanced,cached_mxbai,2580,1782213507.348899,,,
3442,0,svm,max,balanced,cached_mxbai,2581,1782213507.6568387,,,
28,0,svm,max,balanced,cached_mxbai,2582,1782213507.9614527,,,
3648,0,svm,max,balanced,cached_mxbai,2583,1782213508.2695582,,,
4073,0,svm,max,balanced,cached_mxbai,2584,1782213508.5803218,,,
8612,0,svm,max,balanced,cached_mxbai,2585,1782213508.8925784,,,
523,0,svm,max,balanced,cached_mxbai,2586,1782213509.1995735,,,
818,0,svm,max,balanced,cached_mxbai,2587,1782213509.506454,,,
9354,0,svm,max,balanced,cached_mxbai,2588,1782213509.8121345,,,
3814,0,svm,max,balanced,cached_mxbai,2589,1782213510.1179879,,,
1758,0,svm,max,balanced,cached_mxbai,2590,1782213510.4342604,,,
4172,0,svm,max,balanced,cached_mxbai,2591,1782213510.7509367,,,
4900,0,svm,max,balanced,cached_mxbai,2592,1782213511.0601764,,,
424,0,svm,max,balanced,cached_mxbai,2593,1782213511.3688688,,,
10358,0,svm,max,balanced,cached_mxbai,2594,1782213511.6828132,,,
795,0,svm,max,balanced,cached_mxbai,2595,1782213511.9930353,,,
8054,0,svm,max,balanced,cached_mxbai,2596,1782213512.3094614,,,
1715,0,svm,max,balanced,cached_mxbai,2597,1782213512.624203,,,
1324,0,svm,max,balanced,cached_mxbai,2598,1782213512.9331915,,,
5187,0,svm,max,balanced,cached_mxbai,2599,1782213513.2439787,,,
1635,0,svm,max,balanced,cached_mxbai,2600,1782213513.5930157,,,
4019,0,svm,max,balanced,cached_mxbai,2601,1782213513.9320056,,,
6404,0,svm,max,balanced,cached_mxbai,2602,1782213514.241796,,,
1069,0,svm,max,balanced,cached_mxbai,2603,1782213514.5823467,,,
4492,0,svm,max,balanced,cached_mxbai,2604,1782213514.922399,,,
1376,0,svm,max,balanced,cached_mxbai,2605,1782213515.2803268,,,
9056,0,svm,max,balanced,cached_mxbai,2606,1782213515.6252294,,,
6061,0,svm,max,balanced,cached_mxbai,2607,1782213515.9638853,,,
6593,0,svm,max,balanced,cached_mxbai,2608,1782213516.315029,,,
3927,0,svm,max,balanced,cached_mxbai,2609,1782213516.6634645,,,
4879,0,svm,max,balanced,cached_mxbai,2610,1782213517.0086136,,,
3535,0,svm,max,balanced,cached_mxbai,2611,1782213517.3224187,,,
4989,0,svm,max,balanced,cached_mxbai,2612,1782213517.6410367,,,
1670,0,svm,max,balanced,cached_mxbai,2613,1782213517.9519367,,,
10295,0,svm,max,balanced,cached_mxbai,2614,1782213518.2644093,,,
4470,0,svm,max,balanced,cached_mxbai,2615,1782213518.57867,,,
289,0,svm,max,balanced,cached_mxbai,2616,1782213518.8962352,,,
3714,0,svm,max,balanced,cached_mxbai,2617,1782213519.2077043,,,
10506,0,svm,max,balanced,cached_mxbai,2618,1782213519.5227137,,,
4485,0,svm,max,balanced,cached_mxbai,2619,1782213519.8364983,,,
4916,0,svm,max,balanced,cached_mxbai,2620,1782213520.1502573,,,
3708,0,svm,max,balanced,cached_mxbai,2621,1782213520.4720352,,,
6486,0,svm,max,balanced,cached_mxbai,2622,1782213520.7887454,,,
9909,0,svm,max,balanced,cached_mxbai,2623,1782213521.0992846,,,
8180,0,svm,max,balanced,cached_mxbai,2624,1782213521.412516,,,
3617,0,svm,max,balanced,cached_mxbai,2625,1782213521.753192,,,
4337,0,svm,max,balanced,cached_mxbai,2626,1782213522.0963664,,,
1891,0,svm,max,balanced,cached_mxbai,2627,1782213522.440541,,,
5613,0,svm,max,balanced,cached_mxbai,2628,1782213522.7830455,,,
2586,0,svm,max,balanced,cached_mxbai,2629,1782213523.1287653,,,
758,0,svm,max,balanced,cached_mxbai,2630,1782213523.4749377,,,
5152,0,svm,max,balanced,cached_mxbai,2631,1782213523.8214939,,,
4981,0,svm,max,balanced,cached_mxbai,2632,1782213524.1639383,,,
9869,0,svm,max,balanced,cached_mxbai,2633,1782213524.5066125,,,
9660,0,svm,max,balanced,cached_mxbai,2634,1782213524.8550992,,,
10218,0,svm,max,balanced,cached_mxbai,2635,1782213525.2059243,,,
1548,0,svm,max,balanced,cached_mxbai,2636,1782213525.5904944,,,
688,0,svm,max,balanced,cached_mxbai,2637,1782213525.9357607,,,
7424,0,svm,max,balanced,cached_mxbai,2638,1782213526.2839503,,,
3295,0,svm,max,balanced,cached_mxbai,2639,1782213526.6309378,,,
4018,0,svm,max,balanced,cached_mxbai,2640,1782213526.9782271,,,
3490,0,svm,max,balanced,cached_mxbai,2641,1782213527.323245,,,
8654,0,svm,max,balanced,cached_mxbai,2642,1782213527.6735585,,,
7970,0,svm,max,balanced,cached_mxbai,2643,1782213528.022047,,,
1787,0,svm,max,balanced,cached_mxbai,2644,1782213528.367607,,,
3312,0,svm,max,balanced,cached_mxbai,2645,1782213528.717181,,,
4524,0,svm,max,balanced,cached_mxbai,2646,1782213529.0685673,,,
3388,0,svm,max,balanced,cached_mxbai,2647,1782213529.4204953,,,
669,0,svm,max,balanced,cached_mxbai,2648,1782213529.7724962,,,
2129,0,svm,max,balanced,cached_mxbai,2649,1782213530.1191084,,,
3457,0,svm,max,balanced,cached_mxbai,2650,1782213530.4658003,,,
5497,0,svm,max,balanced,cached_mxbai,2651,1782213530.8139522,,,
4613,0,svm,max,balanced,cached_mxbai,2652,1782213531.1621017,,,
5439,0,svm,max,balanced,cached_mxbai,2653,1782213531.5108094,,,
10370,0,svm,max,balanced,cached_mxbai,2654,1782213531.861855,,,
4105,0,svm,max,balanced,cached_mxbai,2655,1782213532.2123098,,,
566,0,svm,max,balanced,cached_mxbai,2656,1782213532.565529,,,
1481,0,svm,max,balanced,cached_mxbai,2657,1782213532.9165204,,,
8782,0,svm,max,balanced,cached_mxbai,2658,1782213533.26453,,,
4690,0,svm,max,balanced,cached_mxbai,2659,1782213533.615397,,,
6443,0,svm,max,balanced,cached_mxbai,2660,1782213533.9666498,,,
3358,0,svm,max,balanced,cached_mxbai,2661,1782213534.3154194,,,
1609,0,svm,max,balanced,cached_mxbai,2662,1782213534.6701581,,,
897,0,svm,max,balanced,cached_mxbai,2663,1782213535.0215805,,,
5803,0,svm,max,balanced,cached_mxbai,2664,1782213535.3825674,,,
7529,0,svm,max,balanced,cached_mxbai,2665,1782213535.7401237,,,
512,0,svm,max,balanced,cached_mxbai,2666,1782213536.0848534,,,
8012,0,svm,max,balanced,cached_mxbai,2667,1782213536.4322774,,,
1200,0,svm,max,balanced,cached_mxbai,2668,1782213536.781459,,,
4303,0,svm,max,balanced,cached_mxbai,2669,1782213537.1402936,,,
6334,0,svm,max,balanced,cached_mxbai,2670,1782213537.4909635,,,
9386,0,svm,max,balanced,cached_mxbai,2671,1782213537.8368227,,,
7038,0,svm,max,balanced,cached_mxbai,2672,1782213538.1830363,,,
10387,0,svm,max,balanced,cached_mxbai,2673,1782213538.530707,,,
8762,0,svm,max,balanced,cached_mxbai,2674,1782213538.8923016,,,
8248,0,svm,max,balanced,cached_mxbai,2675,1782213539.241724,,,
2256,0,svm,max,balanced,cached_mxbai,2676,1782213539.5911207,,,
9791,0,svm,max,balanced,cached_mxbai,2677,1782213539.9363081,,,
6489,0,svm,max,balanced,cached_mxbai,2678,1782213540.2837179,,,
1661,0,svm,max,balanced,cached_mxbai,2679,1782213540.6274068,,,
5811,0,svm,max,balanced,cached_mxbai,2680,1782213540.9723096,,,
8974,0,svm,max,balanced,cached_mxbai,2681,1782213541.3169966,,,
3249,0,svm,max,balanced,cached_mxbai,2682,1782213541.6659312,,,
690,0,svm,max,balanced,cached_mxbai,2683,1782213542.0155816,,,
6973,0,svm,max,balanced,cached_mxbai,2684,1782213542.361987,,,
4695,0,svm,max,balanced,cached_mxbai,2685,1782213542.7124522,,,
4158,0,svm,max,balanced,cached_mxbai,2686,1782213543.0643945,,,
6445,0,svm,max,balanced,cached_mxbai,2687,1782213543.4190912,,,
4182,0,svm,max,balanced,cached_mxbai,2688,1782213543.7832804,,,
428,0,svm,max,balanced,cached_mxbai,2689,1782213544.1377234,,,
4118,0,svm,max,balanced,cached_mxbai,2690,1782213544.4866478,,,
2417,0,svm,max,balanced,cached_mxbai,2691,1782213544.8366864,,,
4560,0,svm,max,balanced,cached_mxbai,2692,1782213545.184204,,,
10587,0,svm,max,balanced,cached_mxbai,2693,1782213545.5477114,,,
9366,0,svm,max,balanced,cached_mxbai,2694,1782213545.890131,,,
2951,0,svm,max,balanced,cached_mxbai,2695,1782213546.2345173,,,
8615,0,svm,max,balanced,cached_mxbai,2696,1782213546.5861015,,,
3525,0,svm,max,balanced,cached_mxbai,2697,1782213546.932289,,,
10282,0,svm,max,balanced,cached_mxbai,2698,1782213547.2788925,,,
4762,0,svm,max,balanced,cached_mxbai,2699,1782213547.626732,,,
6291,0,svm,max,balanced,cached_mxbai,2700,1782213547.973483,,,
10594,1,svm,max,balanced,cached_mxbai,2701,1782213548.3212893,,,
10433,0,svm,max,balanced,cached_mxbai,2702,1782213548.6783254,,,
406,0,svm,max,balanced,cached_mxbai,2703,1782213549.0368984,,,
4232,0,svm,max,balanced,cached_mxbai,2704,1782213549.391683,,,
8193,0,svm,max,balanced,cached_mxbai,2705,1782213549.749754,,,
1714,0,svm,max,balanced,cached_mxbai,2706,1782213550.1048818,,,
4034,0,svm,max,balanced,cached_mxbai,2707,1782213550.4607668,,,
7285,0,svm,max,balanced,cached_mxbai,2708,1782213550.8179245,,,
4143,0,svm,max,balanced,cached_mxbai,2709,1782213551.172293,,,
4294,0,svm,max,balanced,cached_mxbai,2710,1782213551.5239334,,,
224,0,svm,max,balanced,cached_mxbai,2711,1782213551.878159,,,
9117,0,svm,max,balanced,cached_mxbai,2712,1782213552.2339513,,,
4200,0,svm,max,balanced,cached_mxbai,2713,1782213552.592093,,,
3417,0,svm,max,balanced,cached_mxbai,2714,1782213552.9477656,,,
4404,0,svm,max,balanced,cached_mxbai,2715,1782213553.3031304,,,
200,0,svm,max,balanced,cached_mxbai,2716,1782213553.6606975,,,
75,0,svm,max,balanced,cached_mxbai,2717,1782213554.0147762,,,
7341,0,svm,max,balanced,cached_mxbai,2718,1782213554.3699465,,,
4062,0,svm,max,balanced,cached_mxbai,2719,1782213554.7280161,,,
922,0,svm,max,balanced,cached_mxbai,2720,1782213555.0978916,,,
1592,0,svm,max,balanced,cached_mxbai,2721,1782213555.5198388,,,
3686,0,svm,max,balanced,cached_mxbai,2722,1782213555.9031272,,,
4421,0,svm,max,balanced,cached_mxbai,2723,1782213556.3019657,,,
3321,0,svm,max,balanced,cached_mxbai,2724,1782213556.6629074,,,
445,0,svm,max,balanced,cached_mxbai,2725,1782213557.0192304,,,
7248,0,svm,max,balanced,cached_mxbai,2726,1782213557.376663,,,
648,0,svm,max,balanced,cached_mxbai,2727,1782213557.7382734,,,
10216,0,svm,max,balanced,cached_mxbai,2728,1782213558.0967565,,,
9822,0,svm,max,balanced,cached_mxbai,2729,1782213558.453717,,,
7590,0,svm,max,balanced,cached_mxbai,2730,1782213558.8210926,,,
1875,0,svm,max,balanced,cached_mxbai,2731,1782213559.1790183,,,
9055,0,svm,max,balanced,cached_mxbai,2732,1782213559.5365214,,,
3246,0,svm,max,balanced,cached_mxbai,2733,1782213559.8970659,,,
5758,0,svm,max,balanced,cached_mxbai,2734,1782213560.2550836,,,
5196,0,svm,max,balanced,cached_mxbai,2735,1782213560.6178799,,,
4078,0,svm,max,balanced,cached_mxbai,2736,1782213560.9807062,,,
5175,0,svm,max,balanced,cached_mxbai,2737,1782213561.344114,,,
7511,0,svm,max,balanced,cached_mxbai,2738,1782213561.7031076,,,
7499,0,svm,max,balanced,cached_mxbai,2739,1782213562.0632422,,,
4234,0,svm,max,balanced,cached_mxbai,2740,1782213562.4254985,,,
9143,0,svm,max,balanced,cached_mxbai,2741,1782213562.7860243,,,
6363,0,svm,max,balanced,cached_mxbai,2742,1782213563.1463332,,,
9048,0,svm,max,balanced,cached_mxbai,2743,1782213563.504393,,,
4409,0,svm,max,balanced,cached_mxbai,2744,1782213563.865372,,,
6774,0,svm,max,balanced,cached_mxbai,2745,1782213564.2278695,,,
9105,0,svm,max,balanced,cached_mxbai,2746,1782213564.5865452,,,
5920,0,svm,max,balanced,cached_mxbai,2747,1782213564.9434764,,,
4713,0,svm,max,balanced,cached_mxbai,2748,1782213565.3446138,,,
4159,0,svm,max,balanced,cached_mxbai,2749,1782213565.706734,,,
1574,0,svm,max,balanced,cached_mxbai,2750,1782213566.0755365,,,
7827,0,svm,max,balanced,cached_mxbai,2751,1782213566.435289,,,
615,0,svm,max,balanced,cached_mxbai,2752,1782213566.798675,,,
9109,0,svm,max,balanced,cached_mxbai,2753,1782213567.1608264,,,
1711,0,svm,max,balanced,cached_mxbai,2754,1782213567.5215406,,,
120,0,svm,max,balanced,cached_mxbai,2755,1782213567.8849669,,,
334,0,svm,max,balanced,cached_mxbai,2756,1782213568.2484891,,,
8805,0,svm,max,balanced,cached_mxbai,2757,1782213568.615106,,,
4820,0,svm,max,balanced,cached_mxbai,2758,1782213568.984106,,,
3845,0,svm,max,balanced,cached_mxbai,2759,1782213569.3517787,,,
4842,0,svm,max,balanced,cached_mxbai,2760,1782213569.7138937,,,
3202,0,svm,max,balanced,cached_mxbai,2761,1782213570.0771687,,,
4431,0,svm,max,balanced,cached_mxbai,2762,1782213570.438002,,,
1527,0,svm,max,balanced,cached_mxbai,2763,1782213570.801618,,,
10364,0,svm,max,balanced,cached_mxbai,2764,1782213571.1668844,,,
785,0,svm,max,balanced,cached_mxbai,2765,1782213571.5268466,,,
4187,0,svm,max,balanced,cached_mxbai,2766,1782213571.8913429,,,
4346,0,svm,max,balanced,cached_mxbai,2767,1782213572.2571216,,,
5271,0,svm,max,balanced,cached_mxbai,2768,1782213572.620533,,,
5893,0,svm,max,balanced,cached_mxbai,2769,1782213572.9844997,,,
5249,0,svm,max,balanced,cached_mxbai,2770,1782213573.3515553,,,
1789,0,svm,max,balanced,cached_mxbai,2771,1782213573.7174218,,,
4065,0,svm,max,balanced,cached_mxbai,2772,1782213574.0839386,,,
3784,0,svm,max,balanced,cached_mxbai,2773,1782213574.447085,,,
6509,0,svm,max,balanced,cached_mxbai,2774,1782213574.8132148,,,
1148,0,svm,max,balanced,cached_mxbai,2775,1782213575.1806116,,,
3268,0,svm,max,balanced,cached_mxbai,2776,1782213575.5638576,,,
10004,0,svm,max,balanced,cached_mxbai,2777,1782213575.9275558,,,
1085,0,svm,max,balanced,cached_mxbai,2778,1782213576.3137465,,,
1375,0,svm,max,balanced,cached_mxbai,2779,1782213576.6922557,,,
3822,0,svm,max,balanced,cached_mxbai,2780,1782213577.062817,,,
4535,0,svm,max,balanced,cached_mxbai,2781,1782213577.4267797,,,
4133,0,svm,max,balanced,cached_mxbai,2782,1782213577.7944934,,,
9314,0,svm,max,balanced,cached_mxbai,2783,1782213578.1600769,,,
3565,0,svm,max,balanced,cached_mxbai,2784,1782213578.5249088,,,
4578,0,svm,max,balanced,cached_mxbai,2785,1782213578.8971233,,,
10516,0,svm,max,balanced,cached_mxbai,2786,1782213579.263742,,,
3513,0,svm,max,balanced,cached_mxbai,2787,1782213579.6336687,,,
10472,0,svm,max,balanced,cached_mxbai,2788,1782213580.002424,,,
10466,0,svm,max,balanced,cached_mxbai,2789,1782213580.371502,,,
5978,0,svm,max,balanced,cached_mxbai,2790,1782213580.7397974,,,
1361,0,svm,max,balanced,cached_mxbai,2791,1782213581.1050184,,,
4057,0,svm,max,balanced,cached_mxbai,2792,1782213581.4705286,,,
7376,0,svm,max,balanced,cached_mxbai,2793,1782213581.838805,,,
1720,0,svm,max,balanced,cached_mxbai,2794,1782213582.2089386,,,
6557,0,svm,max,balanced,cached_mxbai,2795,1782213582.5760894,,,
5949,0,svm,max,balanced,cached_mxbai,2796,1782213582.945743,,,
734,0,svm,max,balanced,cached_mxbai,2797,1782213583.3146362,,,
389,0,svm,max,balanced,cached_mxbai,2798,1782213583.684637,,,
4216,0,svm,max,balanced,cached_mxbai,2799,1782213584.052922,,,
1595,0,svm,max,balanced,cached_mxbai,2800,1782213584.4186957,,,
10233,0,svm,max,balanced,cached_mxbai,2801,1782213584.7888048,,,
6928,0,svm,max,balanced,cached_mxbai,2802,1782213585.1674948,,,
3916,0,svm,max,balanced,cached_mxbai,2803,1782213585.5621755,,,
9391,0,svm,max,balanced,cached_mxbai,2804,1782213585.9344532,,,
1310,0,svm,max,balanced,cached_mxbai,2805,1782213586.3130846,,,
7191,0,svm,max,balanced,cached_mxbai,2806,1782213586.685978,,,
1632,0,svm,max,balanced,cached_mxbai,2807,1782213587.0577648,,,
4349,0,svm,max,balanced,cached_mxbai,2808,1782213587.4294217,,,
9649,0,svm,max,balanced,cached_mxbai,2809,1782213587.805795,,,
3725,0,svm,max,balanced,cached_mxbai,2810,1782213588.1786962,,,
6780,0,svm,max,balanced,cached_mxbai,2811,1782213588.5518997,,,
3091,0,svm,max,balanced,cached_mxbai,2812,1782213588.9286895,,,
1274,0,svm,max,balanced,cached_mxbai,2813,1782213589.3064017,,,
701,0,svm,max,balanced,cached_mxbai,2814,1782213589.6776419,,,
5194,0,svm,max,balanced,cached_mxbai,2815,1782213590.0467613,,,
4724,0,svm,max,balanced,cached_mxbai,2816,1782213590.4182487,,,
6041,0,svm,max,balanced,cached_mxbai,2817,1782213590.7877166,,,
9949,0,svm,max,balanced,cached_mxbai,2818,1782213591.162488,,,
3537,0,svm,max,balanced,cached_mxbai,2819,1782213591.5370347,,,
8109,0,svm,max,balanced,cached_mxbai,2820,1782213591.9109635,,,
245,0,svm,max,balanced,cached_mxbai,2821,1782213592.2850366,,,
3579,0,svm,max,balanced,cached_mxbai,2822,1782213592.6591785,,,
4274,0,svm,max,balanced,cached_mxbai,2823,1782213593.033448,,,
3839,0,svm,max,balanced,cached_mxbai,2824,1782213593.4073775,,,
3079,0,svm,max,balanced,cached_mxbai,2825,1782213593.780556,,,
6356,0,svm,max,balanced,cached_mxbai,2826,1782213594.1560345,,,
5183,0,svm,max,balanced,cached_mxbai,2827,1782213594.5275643,,,
9574,0,svm,max,balanced,cached_mxbai,2828,1782213594.905719,,,
8085,0,svm,max,balanced,cached_mxbai,2829,1782213595.3084712,,,
3996,0,svm,max,balanced,cached_mxbai,2830,1782213595.6809802,,,
9879,0,svm,max,balanced,cached_mxbai,2831,1782213596.053387,,,
8475,0,svm,max,balanced,cached_mxbai,2832,1782213596.4332285,,,
8057,0,svm,max,balanced,cached_mxbai,2833,1782213596.8121057,,,
7617,0,svm,max,balanced,cached_mxbai,2834,1782213597.2110448,,,
1100,0,svm,max,balanced,cached_mxbai,2835,1782213597.5909383,,,
3384,0,svm,max,balanced,cached_mxbai,2836,1782213597.9677699,,,
10485,0,svm,max,balanced,cached_mxbai,2837,1782213598.344094,,,
4472,0,svm,max,balanced,cached_mxbai,2838,1782213598.7245233,,,
4095,0,svm,max,balanced,cached_mxbai,2839,1782213599.105446,,,
2034,0,svm,max,balanced,cached_mxbai,2840,1782213599.4820604,,,
85,0,svm,max,balanced,cached_mxbai,2841,1782213599.861888,,,
1422,0,svm,max,balanced,cached_mxbai,2842,1782213600.2357306,,,
4908,0,svm,max,balanced,cached_mxbai,2843,1782213600.60952,,,
5236,0,svm,max,balanced,cached_mxbai,2844,1782213600.9849365,,,
8562,0,svm,max,balanced,cached_mxbai,2845,1782213601.3601065,,,
4160,0,svm,max,balanced,cached_mxbai,2846,1782213601.7338254,,,
5062,0,svm,max,balanced,cached_mxbai,2847,1782213602.1092167,,,
203,0,svm,max,balanced,cached_mxbai,2848,1782213602.4882631,,,
9823,0,svm,max,balanced,cached_mxbai,2849,1782213602.8641484,,,
1365,0,svm,max,balanced,cached_mxbai,2850,1782213603.2393234,,,
1260,0,svm,max,balanced,cached_mxbai,2851,1782213603.615998,,,
1627,0,svm,max,balanced,cached_mxbai,2852,1782213603.991563,,,
5146,0,svm,max,balanced,cached_mxbai,2853,1782213604.3689854,,,
5748,0,svm,max,balanced,cached_mxbai,2854,1782213604.7451634,,,
5914,0,svm,max,balanced,cached_mxbai,2855,1782213605.12506,,,
3505,0,svm,max,balanced,cached_mxbai,2856,1782213605.527446,,,
3349,0,svm,max,balanced,cached_mxbai,2857,1782213605.9045365,,,
4317,0,svm,max,balanced,cached_mxbai,2858,1782213606.2818637,,,
1458,0,svm,max,balanced,cached_mxbai,2859,1782213606.6597588,,,
6717,0,svm,max,balanced,cached_mxbai,2860,1782213607.0371394,,,
3228,0,svm,max,balanced,cached_mxbai,2861,1782213607.4161716,,,
10584,0,svm,max,balanced,cached_mxbai,2862,1782213607.7932515,,,
5818,0,svm,max,balanced,cached_mxbai,2863,1782213608.1677074,,,
5050,0,svm,max,balanced,cached_mxbai,2864,1782213608.5458367,,,
1121,0,svm,max,balanced,cached_mxbai,2865,1782213608.926655,,,
9712,0,svm,max,balanced,cached_mxbai,2866,1782213609.3025918,,,
3976,0,svm,max,balanced,cached_mxbai,2867,1782213609.694947,,,
9526,0,svm,max,balanced,cached_mxbai,2868,1782213610.0968409,,,
9771,0,svm,max,balanced,cached_mxbai,2869,1782213610.4717999,,,
1435,0,svm,max,balanced,cached_mxbai,2870,1782213610.8522472,,,
5951,0,svm,max,balanced,cached_mxbai,2871,1782213611.2290165,,,
7277,0,svm,max,balanced,cached_mxbai,2872,1782213611.605205,,,
5182,0,svm,max,balanced,cached_mxbai,2873,1782213611.9853892,,,
6287,0,svm,max,balanced,cached_mxbai,2874,1782213612.3684537,,,
7052,0,svm,max,balanced,cached_mxbai,2875,1782213612.747567,,,
3815,0,svm,max,balanced,cached_mxbai,2876,1782213613.1287916,,,
7163,0,svm,max,balanced,cached_mxbai,2877,1782213613.5065544,,,
4824,0,svm,max,balanced,cached_mxbai,2878,1782213613.876109,,,
9153,0,svm,max,balanced,cached_mxbai,2879,1782213614.2453213,,,
9925,0,svm,max,balanced,cached_mxbai,2880,1782213614.6174672,,,
979,0,svm,max,balanced,cached_mxbai,2881,1782213614.9921365,,,
3755,0,svm,max,balanced,cached_mxbai,2882,1782213615.3857832,,,
5619,0,svm,max,balanced,cached_mxbai,2883,1782213615.7692482,,,
4339,0,svm,max,balanced,cached_mxbai,2884,1782213616.1561487,,,
1700,0,svm,max,balanced,cached_mxbai,2885,1782213616.5385072,,,
5408,0,svm,max,balanced,cached_mxbai,2886,1782213616.921121,,,
2072,0,svm,max,balanced,cached_mxbai,2887,1782213617.3058307,,,
4544,0,svm,max,balanced,cached_mxbai,2888,1782213617.6842482,,,
3968,0,svm,max,balanced,cached_mxbai,2889,1782213618.0749373,,,
7287,0,svm,max,balanced,cached_mxbai,2890,1782213618.4618485,,,
9318,0,svm,max,balanced,cached_mxbai,2891,1782213618.8581553,,,
9141,0,svm,max,balanced,cached_mxbai,2892,1782213619.2384686,,,
4418,0,svm,max,balanced,cached_mxbai,2893,1782213619.626384,,,
7476,0,svm,max,balanced,cached_mxbai,2894,1782213620.016429,,,
5144,0,svm,max,balanced,cached_mxbai,2895,1782213620.3991065,,,
9003,0,svm,max,balanced,cached_mxbai,2896,1782213620.7789986,,,
685,0,svm,max,balanced,cached_mxbai,2897,1782213621.1704612,,,
5266,0,svm,max,balanced,cached_mxbai,2898,1782213621.5534182,,,
5784,0,svm,max,balanced,cached_mxbai,2899,1782213621.93561,,,
5180,0,svm,max,balanced,cached_mxbai,2900,1782213622.3190908,,,
616,0,svm,max,balanced,cached_mxbai,2901,1782213622.703578,,,
7870,0,svm,max,balanced,cached_mxbai,2902,1782213623.085459,,,
5514,0,svm,max,balanced,cached_mxbai,2903,1782213623.4693196,,,
10061,0,svm,max,balanced,cached_mxbai,2904,1782213623.8585954,,,
8779,0,svm,max,balanced,cached_mxbai,2905,1782213624.2425845,,,
4113,0,svm,max,balanced,cached_mxbai,2906,1782213624.625845,,,
1983,0,svm,max,balanced,cached_mxbai,2907,1782213625.0120592,,,
5810,0,svm,max,balanced,cached_mxbai,2908,1782213625.4247327,,,
4640,0,svm,max,balanced,cached_mxbai,2909,1782213625.8156521,,,
1510,0,svm,max,balanced,cached_mxbai,2910,1782213626.2041624,,,
5098,0,svm,max,balanced,cached_mxbai,2911,1782213626.5954854,,,
3795,0,svm,max,balanced,cached_mxbai,2912,1782213626.9824219,,,
7159,0,svm,max,balanced,cached_mxbai,2913,1782213627.3745852,,,
4760,0,svm,max,balanced,cached_mxbai,2914,1782213627.7596068,,,
2082,0,svm,max,balanced,cached_mxbai,2915,1782213628.146859,,,
5432,0,svm,max,balanced,cached_mxbai,2916,1782213628.532568,,,
1101,0,svm,max,balanced,cached_mxbai,2917,1782213628.9238098,,,
4607,0,svm,max,balanced,cached_mxbai,2918,1782213629.3104973,,,
10183,0,svm,max,balanced,cached_mxbai,2919,1782213629.6981816,,,
8546,0,svm,max,balanced,cached_mxbai,2920,1782213630.0842838,,,
5370,0,svm,max,balanced,cached_mxbai,2921,1782213630.467635,,,
8936,0,svm,max,balanced,cached_mxbai,2922,1782213630.8537867,,,
5241,0,svm,max,balanced,cached_mxbai,2923,1782213631.242168,,,
4872,0,svm,max,balanced,cached_mxbai,2924,1782213631.6279776,,,
3812,0,svm,max,balanced,cached_mxbai,2925,1782213632.0182133,,,
3946,0,svm,max,balanced,cached_mxbai,2926,1782213632.408102,,,
9592,0,svm,max,balanced,cached_mxbai,2927,1782213632.7967546,,,
8025,0,svm,max,balanced,cached_mxbai,2928,1782213633.1837363,,,
9777,0,svm,max,balanced,cached_mxbai,2929,1782213633.576173,,,
650,0,svm,max,balanced,cached_mxbai,2930,1782213633.965655,,,
3167,0,svm,max,balanced,cached_mxbai,2931,1782213634.3538823,,,
207,0,svm,max,balanced,cached_mxbai,2932,1782213634.7450922,,,
7763,0,svm,max,balanced,cached_mxbai,2933,1782213635.1412272,,,
10467,0,svm,max,balanced,cached_mxbai,2934,1782213635.5487056,,,
423,1,svm,max,balanced,cached_mxbai,2935,1782213635.9374692,,,
5579,0,svm,max,balanced,cached_mxbai,2936,1782213636.3260193,,,
7346,0,svm,max,balanced,cached_mxbai,2937,1782213636.71193,,,
7815,0,svm,max,balanced,cached_mxbai,2938,1782213637.104975,,,
1044,0,svm,max,balanced,cached_mxbai,2939,1782213637.4947722,,,
2378,0,svm,max,balanced,cached_mxbai,2940,1782213637.883842,,,
6714,0,svm,max,balanced,cached_mxbai,2941,1782213638.2765634,,,
1740,0,svm,max,balanced,cached_mxbai,2942,1782213638.6719928,,,
8269,0,svm,max,balanced,cached_mxbai,2943,1782213639.071927,,,
5343,0,svm,max,balanced,cached_mxbai,2944,1782213639.465078,,,
5637,0,svm,max,balanced,cached_mxbai,2945,1782213639.8529797,,,
42,0,svm,max,balanced,cached_mxbai,2946,1782213640.2424054,,,
8040,0,svm,max,balanced,cached_mxbai,2947,1782213640.632605,,,
2791,0,svm,max,balanced,cached_mxbai,2948,1782213641.0234568,,,
8477,0,svm,max,balanced,cached_mxbai,2949,1782213641.4118958,,,
7865,0,svm,max,balanced,cached_mxbai,2950,1782213641.8012514,,,
6440,0,svm,max,balanced,cached_mxbai,2951,1782213642.192079,,,
2667,0,svm,max,balanced,cached_mxbai,2952,1782213642.592151,,,
10345,0,svm,max,balanced,cached_mxbai,2953,1782213642.9887612,,,
550,0,svm,max,balanced,cached_mxbai,2954,1782213643.3787599,,,
5490,0,svm,max,balanced,cached_mxbai,2955,1782213643.7684793,,,
4357,0,svm,max,balanced,cached_mxbai,2956,1782213644.1588213,,,
1404,0,svm,max,balanced,cached_mxbai,2957,1782213644.551648,,,
2743,0,svm,max,balanced,cached_mxbai,2958,1782213644.9470897,,,
1463,0,svm,max,balanced,cached_mxbai,2959,1782213645.3638408,,,
2531,0,svm,max,balanced,cached_mxbai,2960,1782213645.765054,,,
5828,0,svm,max,balanced,cached_mxbai,2961,1782213646.15918,,,
4235,0,svm,max,balanced,cached_mxbai,2962,1782213646.570169,,,
6371,0,svm,max,balanced,cached_mxbai,2963,1782213646.994823,,,
5752,0,svm,max,balanced,cached_mxbai,2964,1782213647.4089456,,,
1686,0,svm,max,balanced,cached_mxbai,2965,1782213647.8007827,,,
1544,0,svm,max,balanced,cached_mxbai,2966,1782213648.196323,,,
7670,0,svm,max,balanced,cached_mxbai,2967,1782213648.5925622,,,
3727,0,svm,max,balanced,cached_mxbai,2968,1782213648.9924104,,,
5923,0,svm,max,balanced,cached_mxbai,2969,1782213649.3867757,,,
4081,0,svm,max,balanced,cached_mxbai,2970,1782213649.7812579,,,
237,0,svm,max,balanced,cached_mxbai,2971,1782213650.176341,,,
732,0,svm,max,balanced,cached_mxbai,2972,1782213650.5729399,,,
454,0,svm,max,balanced,cached_mxbai,2973,1782213650.970971,,,
8284,0,svm,max,balanced,cached_mxbai,2974,1782213651.3680668,,,
6695,0,svm,max,balanced,cached_mxbai,2975,1782213651.7642803,,,
87,0,svm,max,balanced,cached_mxbai,2976,1782213652.1634824,,,
9821,0,svm,max,balanced,cached_mxbai,2977,1782213652.5641367,,,
4110,0,svm,max,balanced,cached_mxbai,2978,1782213652.960713,,,
5350,0,svm,max,balanced,cached_mxbai,2979,1782213653.3550386,,,
3992,0,svm,max,balanced,cached_mxbai,2980,1782213653.7508154,,,
712,0,svm,max,balanced,cached_mxbai,2981,1782213654.1487288,,,
1482,0,svm,max,balanced,cached_mxbai,2982,1782213654.532685,,,
3897,0,svm,max,balanced,cached_mxbai,2983,1782213654.9248223,,,
3366,0,svm,max,balanced,cached_mxbai,2984,1782213655.3291488,,,
3999,0,svm,max,balanced,cached_mxbai,2985,1782213655.7208285,,,
9002,0,svm,max,balanced,cached_mxbai,2986,1782213656.1101916,,,
6086,0,svm,max,balanced,cached_mxbai,2987,1782213656.4995239,,,
4023,0,svm,max,balanced,cached_mxbai,2988,1782213656.8880198,,,
8098,0,svm,max,balanced,cached_mxbai,2989,1782213657.313795,,,
6442,0,svm,max,balanced,cached_mxbai,2990,1782213657.709211,,,
3601,0,svm,max,balanced,cached_mxbai,2991,1782213658.1146064,,,
4356,0,svm,max,balanced,cached_mxbai,2992,1782213658.5120564,,,
4938,0,svm,max,balanced,cached_mxbai,2993,1782213658.9162877,,,
2500,0,svm,max,balanced,cached_mxbai,2994,1782213659.3168507,,,
5247,0,svm,max,balanced,cached_mxbai,2995,1782213659.7170815,,,
10376,0,svm,max,balanced,cached_mxbai,2996,1782213660.1174324,,,
1046,0,svm,max,balanced,cached_mxbai,2997,1782213660.5138044,,,
446,0,svm,max,balanced,cached_mxbai,2998,1782213660.9149327,,,
1765,0,svm,max,balanced,cached_mxbai,2999,1782213661.3155465,,,
5907,0,svm,max,balanced,cached_mxbai,3000,1782213661.7109268,,,
3481,0,svm,max,balanced,cached_mxbai,3001,1782213662.1162562,,,
8617,0,svm,max,balanced,cached_mxbai,3002,1782213662.5132263,,,
3466,0,svm,max,balanced,cached_mxbai,3003,1782213662.9144645,,,
2507,0,svm,max,balanced,cached_mxbai,3004,1782213663.31473,,,
3610,0,svm,max,balanced,cached_mxbai,3005,1782213663.7122593,,,
2978,0,svm,max,balanced,cached_mxbai,3006,1782213664.1159637,,,
179,0,svm,max,balanced,cached_mxbai,3007,1782213664.5115592,,,
4368,0,svm,max,balanced,cached_mxbai,3008,1782213664.9087222,,,
1677,0,svm,max,balanced,cached_mxbai,3009,1782213665.326396,,,
1196,0,svm,max,balanced,cached_mxbai,3010,1782213665.7317195,,,
6650,0,svm,max,balanced,cached_mxbai,3011,1782213666.1338859,,,
175,0,svm,max,balanced,cached_mxbai,3012,1782213666.5321515,,,
4145,0,svm,max,balanced,cached_mxbai,3013,1782213666.936067,,,
3134,0,svm,max,balanced,cached_mxbai,3014,1782213667.3548243,,,
9610,0,svm,max,balanced,cached_mxbai,3015,1782213667.7586188,,,
9790,0,svm,max,balanced,cached_mxbai,3016,1782213668.163017,,,
9886,0,svm,max,balanced,cached_mxbai,3017,1782213668.5667605,,,
4089,0,svm,max,balanced,cached_mxbai,3018,1782213668.9737988,,,
1988,0,svm,max,balanced,cached_mxbai,3019,1782213669.3752937,,,
8648,0,svm,max,balanced,cached_mxbai,3020,1782213669.7737029,,,
9890,0,svm,max,balanced,cached_mxbai,3021,1782213670.179546,,,
9825,0,svm,max,balanced,cached_mxbai,3022,1782213670.579319,,,
3861,0,svm,max,balanced,cached_mxbai,3023,1782213670.981725,,,
638,0,svm,max,balanced,cached_mxbai,3024,1782213671.3827899,,,
1736,0,svm,max,balanced,cached_mxbai,3025,1782213671.7878172,,,
6979,0,svm,max,balanced,cached_mxbai,3026,1782213672.1928015,,,
9241,0,svm,max,balanced,cached_mxbai,3027,1782213672.6010332,,,
3180,0,svm,max,balanced,cached_mxbai,3028,1782213673.0024645,,,
4002,0,svm,max,balanced,cached_mxbai,3029,1782213673.4061189,,,
3575,0,svm,max,balanced,cached_mxbai,3030,1782213673.8094628,,,
8814,0,svm,max,balanced,cached_mxbai,3031,1782213674.2129214,,,
1861,0,svm,max,balanced,cached_mxbai,3032,1782213674.6150522,,,
6236,0,svm,max,balanced,cached_mxbai,3033,1782213675.0292108,,,
943,0,svm,max,balanced,cached_mxbai,3034,1782213675.452975,,,
10222,0,svm,max,balanced,cached_mxbai,3035,1782213675.8819482,,,
931,0,svm,max,balanced,cached_mxbai,3036,1782213676.2936957,,,
4658,0,svm,max,balanced,cached_mxbai,3037,1782213676.6996236,,,
1886,0,svm,max,balanced,cached_mxbai,3038,1782213677.1024222,,,
5921,0,svm,max,balanced,cached_mxbai,3039,1782213677.537625,,,
3970,0,svm,max,balanced,cached_mxbai,3040,1782213677.9418192,,,
9687,0,svm,max,balanced,cached_mxbai,3041,1782213678.3479993,,,
9541,0,svm,max,balanced,cached_mxbai,3042,1782213678.7533383,,,
7275,0,svm,max,balanced,cached_mxbai,3043,1782213679.1586478,,,
2487,0,svm,max,balanced,cached_mxbai,3044,1782213679.563234,,,
2818,0,svm,max,balanced,cached_mxbai,3045,1782213679.9694786,,,
8943,0,svm,max,balanced,cached_mxbai,3046,1782213680.3627849,,,
3046,0,svm,max,balanced,cached_mxbai,3047,1782213680.759293,,,
3738,0,svm,max,balanced,cached_mxbai,3048,1782213681.1629186,,,
150,0,svm,max,balanced,cached_mxbai,3049,1782213681.5589867,,,
7913,0,svm,max,balanced,cached_mxbai,3050,1782213681.9534836,,,
6313,0,svm,max,balanced,cached_mxbai,3051,1782213682.3563282,,,
9103,0,svm,max,balanced,cached_mxbai,3052,1782213682.7571645,,,
3826,0,svm,max,balanced,cached_mxbai,3053,1782213683.1587088,,,
3421,0,svm,max,balanced,cached_mxbai,3054,1782213683.5556734,,,
2910,0,svm,max,balanced,cached_mxbai,3055,1782213683.9529974,,,
7322,0,svm,max,balanced,cached_mxbai,3056,1782213684.3551974,,,
9358,0,svm,max,balanced,cached_mxbai,3057,1782213684.7522676,,,
10585,0,svm,max,balanced,cached_mxbai,3058,1782213685.163781,,,
7615,0,svm,max,balanced,cached_mxbai,3059,1782213685.591041,,,
4942,0,svm,max,balanced,cached_mxbai,3060,1782213685.9901466,,,
4758,0,svm,max,balanced,cached_mxbai,3061,1782213686.3896165,,,
5479,0,svm,max,balanced,cached_mxbai,3062,1782213686.7923088,,,
6009,0,svm,max,balanced,cached_mxbai,3063,1782213687.195223,,,
5206,0,svm,max,balanced,cached_mxbai,3064,1782213687.594692,,,
8645,0,svm,max,balanced,cached_mxbai,3065,1782213687.9943097,,,
6382,0,svm,max,balanced,cached_mxbai,3066,1782213688.3950925,,,
5075,0,svm,max,balanced,cached_mxbai,3067,1782213688.8020906,,,
9049,0,svm,max,balanced,cached_mxbai,3068,1782213689.2013128,,,
5843,0,svm,max,balanced,cached_mxbai,3069,1782213689.5999784,,,
4980,0,svm,max,balanced,cached_mxbai,3070,1782213689.995473,,,
3853,0,svm,max,balanced,cached_mxbai,3071,1782213690.396062,,,
9873,0,svm,max,balanced,cached_mxbai,3072,1782213690.7918215,,,
1763,0,svm,max,balanced,cached_mxbai,3073,1782213691.191869,,,
3411,0,svm,max,balanced,cached_mxbai,3074,1782213691.5869865,,,
7273,0,svm,max,balanced,cached_mxbai,3075,1782213691.9866526,,,
4039,0,svm,max,balanced,cached_mxbai,3076,1782213692.3855183,,,
5054,0,svm,max,balanced,cached_mxbai,3077,1782213692.7828085,,,
1800,0,svm,max,balanced,cached_mxbai,3078,1782213693.1856694,,,
8174,0,svm,max,balanced,cached_mxbai,3079,1782213693.5835025,,,
10453,0,svm,max,balanced,cached_mxbai,3080,1782213693.9803486,,,
3868,0,svm,max,balanced,cached_mxbai,3081,1782213694.3809104,,,
4580,0,svm,max,balanced,cached_mxbai,3082,1782213694.7781637,,,
89,0,svm,max,balanced,cached_mxbai,3083,1782213695.1830754,,,
3758,0,svm,max,balanced,cached_mxbai,3084,1782213695.593109,,,
3310,0,svm,max,balanced,cached_mxbai,3085,1782213695.9911294,,,
31,0,svm,max,balanced,cached_mxbai,3086,1782213696.3919759,,,
1672,0,svm,max,balanced,cached_mxbai,3087,1782213696.790283,,,
9306,0,svm,max,balanced,cached_mxbai,3088,1782213697.1916788,,,
8152,0,svm,max,balanced,cached_mxbai,3089,1782213697.5925999,,,
5291,0,svm,max,balanced,cached_mxbai,3090,1782213697.992747,,,
9656,0,svm,max,balanced,cached_mxbai,3091,1782213698.3990169,,,
5149,0,svm,max,balanced,cached_mxbai,3092,1782213698.8026536,,,
4443,0,svm,max,balanced,cached_mxbai,3093,1782213699.206083,,,
3760,0,svm,max,balanced,cached_mxbai,3094,1782213699.6060877,,,
2276,0,svm,max,balanced,cached_mxbai,3095,1782213700.0071664,,,
4340,0,svm,max,balanced,cached_mxbai,3096,1782213700.4070563,,,
4478,0,svm,max,balanced,cached_mxbai,3097,1782213700.8082392,,,
4432,0,svm,max,balanced,cached_mxbai,3098,1782213701.2118423,,,
3599,0,svm,max,balanced,cached_mxbai,3099,1782213701.6131713,,,
1508,0,svm,max,balanced,cached_mxbai,3100,1782213702.0169537,,,
4678,0,svm,max,balanced,cached_mxbai,3101,1782213702.42196,,,
82,0,svm,max,balanced,cached_mxbai,3102,1782213702.823404,,,
3751,0,svm,max,balanced,cached_mxbai,3103,1782213703.2314055,,,
343,0,svm,max,balanced,cached_mxbai,3104,1782213703.6322703,,,
879,0,svm,max,balanced,cached_mxbai,3105,1782213704.0385938,,,
8288,0,svm,max,balanced,cached_mxbai,3106,1782213704.4432287,,,
7156,0,svm,max,balanced,cached_mxbai,3107,1782213704.8509078,,,
8931,0,svm,max,balanced,cached_mxbai,3108,1782213705.272617,,,
3465,0,svm,max,balanced,cached_mxbai,3109,1782213705.6838114,,,
5384,0,svm,max,balanced,cached_mxbai,3110,1782213706.0899725,,,
605,0,svm,max,balanced,cached_mxbai,3111,1782213706.4934773,,,
5849,0,svm,max,balanced,cached_mxbai,3112,1782213706.8957143,,,
4993,0,svm,max,balanced,cached_mxbai,3113,1782213707.3073323,,,
7671,0,svm,max,balanced,cached_mxbai,3114,1782213707.7138429,,,
10032,0,svm,max,balanced,cached_mxbai,3115,1782213708.1241393,,,
2379,0,svm,max,balanced,cached_mxbai,3116,1782213708.5442042,,,
2321,0,svm,max,balanced,cached_mxbai,3117,1782213708.9639714,,,
9903,0,svm,max,balanced,cached_mxbai,3118,1782213709.3794973,,,
7937,0,svm,max,balanced,cached_mxbai,3119,1782213709.7864466,,,
4125,0,svm,max,balanced,cached_mxbai,3120,1782213710.1982844,,,
4579,0,svm,max,balanced,cached_mxbai,3121,1782213710.610584,,,
9463,0,svm,max,balanced,cached_mxbai,3122,1782213711.0201874,,,
1007,0,svm,max,balanced,cached_mxbai,3123,1782213711.4306812,,,
4254,0,svm,max,balanced,cached_mxbai,3124,1782213711.832509,,,
3103,0,svm,max,balanced,cached_mxbai,3125,1782213712.2406907,,,
7677,0,svm,max,balanced,cached_mxbai,3126,1782213712.6443584,,,
5688,0,svm,max,balanced,cached_mxbai,3127,1782213713.0488203,,,
9587,0,svm,max,balanced,cached_mxbai,3128,1782213713.4557877,,,
2646,0,svm,max,balanced,cached_mxbai,3129,1782213713.8638391,,,
9983,0,svm,max,balanced,cached_mxbai,3130,1782213714.2709775,,,
894,0,svm,max,balanced,cached_mxbai,3131,1782213714.676855,,,
4776,0,svm,max,balanced,cached_mxbai,3132,1782213715.0902154,,,
6218,0,svm,max,balanced,cached_mxbai,3133,1782213715.5155585,,,
1545,0,svm,max,balanced,cached_mxbai,3134,1782213715.923267,,,
8090,0,svm,max,balanced,cached_mxbai,3135,1782213716.3366535,,,
6715,0,svm,max,balanced,cached_mxbai,3136,1782213716.7449894,,,
8859,0,svm,max,balanced,cached_mxbai,3137,1782213717.1739173,,,
6855,0,svm,max,balanced,cached_mxbai,3138,1782213717.5856187,,,
3746,0,svm,max,balanced,cached_mxbai,3139,1782213718.003591,,,
8161,0,svm,max,balanced,cached_mxbai,3140,1782213718.415645,,,
4556,0,svm,max,balanced,cached_mxbai,3141,1782213718.8296072,,,
1399,0,svm,max,balanced,cached_mxbai,3142,1782213719.252757,,,
7731,0,svm,max,balanced,cached_mxbai,3143,1782213719.6701798,,,
5261,0,svm,max,balanced,cached_mxbai,3144,1782213720.089559,,,
555,0,svm,max,balanced,cached_mxbai,3145,1782213720.508548,,,
3128,0,svm,max,balanced,cached_mxbai,3146,1782213720.9266436,,,
7326,0,svm,max,balanced,cached_mxbai,3147,1782213721.349478,,,
4819,0,svm,max,balanced,cached_mxbai,3148,1782213721.7706227,,,
9546,0,svm,max,balanced,cached_mxbai,3149,1782213722.1937003,,,
7698,0,svm,max,balanced,cached_mxbai,3150,1782213722.6191068,,,
40,0,svm,max,balanced,cached_mxbai,3151,1782213723.0556428,,,
5390,0,svm,max,balanced,cached_mxbai,3152,1782213723.4766252,,,
2332,0,svm,max,balanced,cached_mxbai,3153,1782213723.8975677,,,
10163,0,svm,max,balanced,cached_mxbai,3154,1782213724.3227599,,,
3546,0,svm,max,balanced,cached_mxbai,3155,1782213724.7446136,,,
6689,0,svm,max,balanced,cached_mxbai,3156,1782213725.1741107,,,
8856,0,svm,max,balanced,cached_mxbai,3157,1782213725.622482,,,
1940,0,svm,max,balanced,cached_mxbai,3158,1782213726.0411763,,,
4385,0,svm,max,balanced,cached_mxbai,3159,1782213726.4720879,,,
9668,0,svm,max,balanced,cached_mxbai,3160,1782213726.8916001,,,
1503,0,svm,max,balanced,cached_mxbai,3161,1782213727.3144965,,,
3739,0,svm,max,balanced,cached_mxbai,3162,1782213727.735367,,,
7991,0,svm,max,balanced,cached_mxbai,3163,1782213728.158599,,,
4321,0,svm,max,balanced,cached_mxbai,3164,1782213728.584574,,,
6474,0,svm,max,balanced,cached_mxbai,3165,1782213729.0091078,,,
1757,0,svm,max,balanced,cached_mxbai,3166,1782213729.432978,,,
4639,0,svm,max,balanced,cached_mxbai,3167,1782213729.8549335,,,
6698,0,svm,max,balanced,cached_mxbai,3168,1782213730.2692566,,,
4408,0,svm,max,balanced,cached_mxbai,3169,1782213730.68048,,,
5640,0,svm,max,balanced,cached_mxbai,3170,1782213731.0947416,,,
7692,0,svm,max,balanced,cached_mxbai,3171,1782213731.5069604,,,
416,0,svm,max,balanced,cached_mxbai,3172,1782213731.9225688,,,
7419,0,svm,max,balanced,cached_mxbai,3173,1782213732.3435152,,,
2567,0,svm,max,balanced,cached_mxbai,3174,1782213732.7646825,,,
151,0,svm,max,balanced,cached_mxbai,3175,1782213733.185794,,,
6144,0,svm,max,balanced,cached_mxbai,3176,1782213733.609217,,,
5004,0,svm,max,balanced,cached_mxbai,3177,1782213734.0285535,,,
100,0,svm,max,balanced,cached_mxbai,3178,1782213734.4511561,,,
1551,0,svm,max,balanced,cached_mxbai,3179,1782213734.8727672,,,
10198,0,svm,max,balanced,cached_mxbai,3180,1782213735.320576,,,
9700,0,svm,max,balanced,cached_mxbai,3181,1782213735.7449114,,,
3636,0,svm,max,balanced,cached_mxbai,3182,1782213736.1695645,,,
3105,0,svm,max,balanced,cached_mxbai,3183,1782213736.5998874,,,
9858,0,svm,max,balanced,cached_mxbai,3184,1782213737.020053,,,
1273,0,svm,max,balanced,cached_mxbai,3185,1782213737.4611533,,,
5431,0,svm,max,balanced,cached_mxbai,3186,1782213737.927629,,,
7650,0,svm,max,balanced,cached_mxbai,3187,1782213738.3894515,,,
9053,0,svm,max,balanced,cached_mxbai,3188,1782213738.811227,,,
1187,0,svm,max,balanced,cached_mxbai,3189,1782213739.232297,,,
4848,0,svm,max,balanced,cached_mxbai,3190,1782213739.6577144,,,
3990,0,svm,max,balanced,cached_mxbai,3191,1782213740.0873582,,,
3365,0,svm,max,balanced,cached_mxbai,3192,1782213740.507425,,,
1924,0,svm,max,balanced,cached_mxbai,3193,1782213740.9301238,,,
7674,0,svm,max,balanced,cached_mxbai,3194,1782213741.3552346,,,
3348,0,svm,max,balanced,cached_mxbai,3195,1782213741.7750823,,,
5540,0,svm,max,balanced,cached_mxbai,3196,1782213742.199143,,,
4178,0,svm,max,balanced,cached_mxbai,3197,1782213742.6237953,,,
4802,0,svm,max,balanced,cached_mxbai,3198,1782213743.0459077,,,
8414,0,svm,max,balanced,cached_mxbai,3199,1782213743.4688487,,,
3051,0,svm,max,balanced,cached_mxbai,3200,1782213743.8925827,,,
7449,0,svm,max,balanced,cached_mxbai,3201,1782213744.3266678,,,
4583,0,svm,max,balanced,cached_mxbai,3202,1782213744.7493248,,,
8207,0,svm,max,balanced,cached_mxbai,3203,1782213745.1927044,,,
10269,0,svm,max,balanced,cached_mxbai,3204,1782213745.653215,,,
6081,0,svm,max,balanced,cached_mxbai,3205,1782213746.093707,,,
5127,0,svm,max,balanced,cached_mxbai,3206,1782213746.5329394,,,
3681,0,svm,max,balanced,cached_mxbai,3207,1782213746.9611533,,,
949,0,svm,max,balanced,cached_mxbai,3208,1782213747.3900986,,,
162,0,svm,max,balanced,cached_mxbai,3209,1782213747.8129492,,,
6373,0,svm,max,balanced,cached_mxbai,3210,1782213748.2375667,,,
4904,0,svm,max,balanced,cached_mxbai,3211,1782213748.6658876,,,
8715,0,svm,max,balanced,cached_mxbai,3212,1782213749.0896122,,,
337,0,svm,max,balanced,cached_mxbai,3213,1782213749.5154908,,,
6584,0,svm,max,balanced,cached_mxbai,3214,1782213749.931382,,,
2197,0,svm,max,balanced,cached_mxbai,3215,1782213750.3526275,,,
3258,0,svm,max,balanced,cached_mxbai,3216,1782213750.7694912,,,
8409,0,svm,max,balanced,cached_mxbai,3217,1782213751.1912103,,,
7783,0,svm,max,balanced,cached_mxbai,3218,1782213751.6125436,,,
6052,0,svm,max,balanced,cached_mxbai,3219,1782213752.0322974,,,
8173,0,svm,max,balanced,cached_mxbai,3220,1782213752.4585001,,,
8287,0,svm,max,balanced,cached_mxbai,3221,1782213752.936839,,,
4833,0,svm,max,balanced,cached_mxbai,3222,1782213753.413016,,,
3964,0,svm,max,balanced,cached_mxbai,3223,1782213753.8317606,,,
6939,0,svm,max,balanced,cached_mxbai,3224,1782213754.3051548,,,
7608,0,svm,max,balanced,cached_mxbai,3225,1782213754.7827518,,,
5730,0,svm,max,balanced,cached_mxbai,3226,1782213755.2739651,,,
128,0,svm,max,balanced,cached_mxbai,3227,1782213755.7519512,,,
7533,0,svm,max,balanced,cached_mxbai,3228,1782213756.2229173,,,
7532,0,svm,max,balanced,cached_mxbai,3229,1782213756.6977918,,,
3896,0,svm,max,balanced,cached_mxbai,3230,1782213757.169231,,,
1137,0,svm,max,balanced,cached_mxbai,3231,1782213757.6479657,,,
5546,0,svm,max,balanced,cached_mxbai,3232,1782213758.121626,,,
1331,0,svm,max,balanced,cached_mxbai,3233,1782213758.560713,,,
673,0,svm,max,balanced,cached_mxbai,3234,1782213759.0385118,,,
8181,0,svm,max,balanced,cached_mxbai,3235,1782213759.5178123,,,
5889,0,svm,max,balanced,cached_mxbai,3236,1782213759.9936259,,,
4401,0,svm,max,balanced,cached_mxbai,3237,1782213760.4191473,,,
5073,0,svm,max,balanced,cached_mxbai,3238,1782213760.8422458,,,
2700,0,svm,max,balanced,cached_mxbai,3239,1782213761.2661207,,,
4940,0,svm,max,balanced,cached_mxbai,3240,1782213761.6884098,,,
3437,0,svm,max,balanced,cached_mxbai,3241,1782213762.1100736,,,
3567,0,svm,max,balanced,cached_mxbai,3242,1782213762.5366867,,,
2587,0,svm,max,balanced,cached_mxbai,3243,1782213762.958386,,,
5545,0,svm,max,balanced,cached_mxbai,3244,1782213763.3844273,,,
956,0,svm,max,balanced,cached_mxbai,3245,1782213763.8075564,,,
3149,0,svm,max,balanced,cached_mxbai,3246,1782213764.2304304,,,
4794,0,svm,max,balanced,cached_mxbai,3247,1782213764.6543994,,,
198,0,svm,max,balanced,cached_mxbai,3248,1782213765.0820532,,,
797,0,svm,max,balanced,cached_mxbai,3249,1782213765.5251298,,,
3172,0,svm,max,balanced,cached_mxbai,3250,1782213765.9505122,,,
8565,0,svm,max,balanced,cached_mxbai,3251,1782213766.3738782,,,
7472,0,svm,max,balanced,cached_mxbai,3252,1782213766.799068,,,
7807,0,svm,max,balanced,cached_mxbai,3253,1782213767.2217536,,,
7696,0,svm,max,balanced,cached_mxbai,3254,1782213767.649477,,,
2766,0,svm,max,balanced,cached_mxbai,3255,1782213768.07307,,,
5993,0,svm,max,balanced,cached_mxbai,3256,1782213768.504835,,,
3910,0,svm,max,balanced,cached_mxbai,3257,1782213768.9375331,,,
8264,0,svm,max,balanced,cached_mxbai,3258,1782213769.3640778,,,
5101,0,svm,max,balanced,cached_mxbai,3259,1782213769.791512,,,
7429,0,svm,max,balanced,cached_mxbai,3260,1782213770.21658,,,
4780,0,svm,max,balanced,cached_mxbai,3261,1782213770.6460826,,,
7886,0,svm,max,balanced,cached_mxbai,3262,1782213771.0763261,,,
7437,0,svm,max,balanced,cached_mxbai,3263,1782213771.5045176,,,
4405,0,svm,max,balanced,cached_mxbai,3264,1782213771.931752,,,
3678,0,svm,max,balanced,cached_mxbai,3265,1782213772.3678339,,,
6252,0,svm,max,balanced,cached_mxbai,3266,1782213772.805301,,,
5162,0,svm,max,balanced,cached_mxbai,3267,1782213773.2301767,,,
2569,0,svm,max,balanced,cached_mxbai,3268,1782213773.6606297,,,
6586,0,svm,max,balanced,cached_mxbai,3269,1782213774.0881846,,,
3113,0,svm,max,balanced,cached_mxbai,3270,1782213774.5167062,,,
5109,0,svm,max,balanced,cached_mxbai,3271,1782213774.941431,,,
8568,0,svm,max,balanced,cached_mxbai,3272,1782213775.3921742,,,
4084,0,svm,max,balanced,cached_mxbai,3273,1782213775.817222,,,
936,0,svm,max,balanced,cached_mxbai,3274,1782213776.2436235,,,
8051,0,svm,max,balanced,cached_mxbai,3275,1782213776.6708317,,,
794,0,svm,max,balanced,cached_mxbai,3276,1782213777.1001368,,,
3275,0,svm,max,balanced,cached_mxbai,3277,1782213777.535594,,,
4897,0,svm,max,balanced,cached_mxbai,3278,1782213777.9627259,,,
1673,0,svm,max,balanced,cached_mxbai,3279,1782213778.388711,,,
8482,0,svm,max,balanced,cached_mxbai,3280,1782213778.8230553,,,
4174,0,svm,max,balanced,cached_mxbai,3281,1782213779.2518942,,,
3522,0,svm,max,balanced,cached_mxbai,3282,1782213779.6822982,,,
6927,0,svm,max,balanced,cached_mxbai,3283,1782213780.162518,,,
7621,0,svm,max,balanced,cached_mxbai,3284,1782213780.59353,,,
2203,0,svm,max,balanced,cached_mxbai,3285,1782213781.0238767,,,
155,0,svm,max,balanced,cached_mxbai,3286,1782213781.4581118,,,
8203,0,svm,max,balanced,cached_mxbai,3287,1782213781.889124,,,
6737,0,svm,max,balanced,cached_mxbai,3288,1782213782.3176038,,,
6578,0,svm,max,balanced,cached_mxbai,3289,1782213782.7490144,,,
3473,0,svm,max,balanced,cached_mxbai,3290,1782213783.1831527,,,
4656,0,svm,max,balanced,cached_mxbai,3291,1782213783.6126828,,,
2917,0,svm,max,balanced,cached_mxbai,3292,1782213784.0443263,,,
2872,0,svm,max,balanced,cached_mxbai,3293,1782213784.472957,,,
10199,0,svm,max,balanced,cached_mxbai,3294,1782213784.9031112,,,
4835,0,svm,max,balanced,cached_mxbai,3295,1782213785.3567739,,,
1618,0,svm,max,balanced,cached_mxbai,3296,1782213785.7894235,,,
4263,0,svm,max,balanced,cached_mxbai,3297,1782213786.2196734,,,
7042,0,svm,max,balanced,cached_mxbai,3298,1782213786.6514373,,,
7386,0,svm,max,balanced,cached_mxbai,3299,1782213787.0864794,,,
2414,0,svm,max,balanced,cached_mxbai,3300,1782213787.5315611,,,
7788,0,svm,max,balanced,cached_mxbai,3301,1782213787.9711478,,,
9555,0,svm,max,balanced,cached_mxbai,3302,1782213788.4035711,,,
4603,0,svm,max,balanced,cached_mxbai,3303,1782213788.8485487,,,
8818,0,svm,max,balanced,cached_mxbai,3304,1782213789.2907217,,,
3719,0,svm,max,balanced,cached_mxbai,3305,1782213789.7362556,,,
230,0,svm,max,balanced,cached_mxbai,3306,1782213790.1792495,,,
6348,0,svm,max,balanced,cached_mxbai,3307,1782213790.6220427,,,
1515,0,svm,max,balanced,cached_mxbai,3308,1782213791.0648258,,,
112,0,svm,max,balanced,cached_mxbai,3309,1782213791.5083015,,,
6666,0,svm,max,balanced,cached_mxbai,3310,1782213791.9506342,,,
354,0,svm,max,balanced,cached_mxbai,3311,1782213792.3925095,,,
2270,0,svm,max,balanced,cached_mxbai,3312,1782213792.8362644,,,
4864,0,svm,max,balanced,cached_mxbai,3313,1782213793.2711065,,,
3453,0,svm,max,balanced,cached_mxbai,3314,1782213793.7165093,,,
9427,0,svm,max,balanced,cached_mxbai,3315,1782213794.160678,,,
4623,0,svm,max,balanced,cached_mxbai,3316,1782213794.6079173,,,
5118,0,svm,max,balanced,cached_mxbai,3317,1782213795.0546741,,,
2028,0,svm,max,balanced,cached_mxbai,3318,1782213795.5176787,,,
1701,0,svm,max,balanced,cached_mxbai,3319,1782213795.9620059,,,
7436,0,svm,max,balanced,cached_mxbai,3320,1782213796.409918,,,
630,0,svm,max,balanced,cached_mxbai,3321,1782213796.8587532,,,
7936,0,svm,max,balanced,cached_mxbai,3322,1782213797.3051882,,,
2855,0,svm,max,balanced,cached_mxbai,3323,1782213797.7547753,,,
4512,0,svm,max,balanced,cached_mxbai,3324,1782213798.2033505,,,
3706,0,svm,max,balanced,cached_mxbai,3325,1782213798.6506486,,,
2250,0,svm,max,balanced,cached_mxbai,3326,1782213799.1028712,,,
4998,0,svm,max,balanced,cached_mxbai,3327,1782213799.5496993,,,
4071,0,svm,max,balanced,cached_mxbai,3328,1782213800.0020094,,,
3621,0,svm,max,balanced,cached_mxbai,3329,1782213800.449842,,,
9863,0,svm,max,balanced,cached_mxbai,3330,1782213800.9012423,,,
5878,0,svm,max,balanced,cached_mxbai,3331,1782213801.352889,,,
618,0,svm,max,balanced,cached_mxbai,3332,1782213801.798683,,,
6405,0,svm,max,balanced,cached_mxbai,3333,1782213802.250671,,,
4146,0,svm,max,balanced,cached_mxbai,3334,1782213802.7004933,,,
4433,0,svm,max,balanced,cached_mxbai,3335,1782213803.1544886,,,
4934,0,svm,max,balanced,cached_mxbai,3336,1782213803.6044483,,,
1091,0,svm,max,balanced,cached_mxbai,3337,1782213804.0519848,,,
441,0,svm,max,balanced,cached_mxbai,3338,1782213804.503705,,,
830,0,svm,max,balanced,cached_mxbai,3339,1782213804.9547565,,,
7015,0,svm,max,balanced,cached_mxbai,3340,1782213805.472378,,,
4005,0,svm,max,balanced,cached_mxbai,3341,1782213805.9234614,,,
7224,0,svm,max,balanced,cached_mxbai,3342,1782213806.3726459,,,
4739,0,svm,max,balanced,cached_mxbai,3343,1782213806.8201067,,,
601,0,svm,max,balanced,cached_mxbai,3344,1782213807.2673318,,,
411,0,svm,max,balanced,cached_mxbai,3345,1782213807.7151322,,,
8773,0,svm,max,balanced,cached_mxbai,3346,1782213808.1648297,,,
9179,0,svm,max,balanced,cached_mxbai,3347,1782213808.6219342,,,
7316,0,svm,max,balanced,cached_mxbai,3348,1782213809.075499,,,
9163,0,svm,max,balanced,cached_mxbai,3349,1782213809.5267892,,,
7234,0,svm,max,balanced,cached_mxbai,3350,1782213809.991991,,,
7053,0,svm,max,balanced,cached_mxbai,3351,1782213810.4548075,,,
8576,0,svm,max,balanced,cached_mxbai,3352,1782213810.9027426,,,
3860,0,svm,max,balanced,cached_mxbai,3353,1782213811.352695,,,
5892,0,svm,max,balanced,cached_mxbai,3354,1782213811.8039808,,,
9373,0,svm,max,balanced,cached_mxbai,3355,1782213812.2583163,,,
9140,0,svm,max,balanced,cached_mxbai,3356,1782213812.7105832,,,
1340,0,svm,max,balanced,cached_mxbai,3357,1782213813.161681,,,
4641,0,svm,max,balanced,cached_mxbai,3358,1782213813.6142592,,,
5158,0,svm,max,balanced,cached_mxbai,3359,1782213814.065023,,,
8327,0,svm,max,balanced,cached_mxbai,3360,1782213814.5142956,,,
8728,0,svm,max,balanced,cached_mxbai,3361,1782213814.9632945,,,
8947,0,svm,max,balanced,cached_mxbai,3362,1782213815.4385853,,,
1395,0,svm,max,balanced,cached_mxbai,3363,1782213815.8866048,,,
4777,0,svm,max,balanced,cached_mxbai,3364,1782213816.346233,,,
9327,0,svm,max,balanced,cached_mxbai,3365,1782213816.7985978,,,
3325,0,svm,max,balanced,cached_mxbai,3366,1782213817.2494857,,,
6262,0,svm,max,balanced,cached_mxbai,3367,1782213817.699378,,,
7004,0,svm,max,balanced,cached_mxbai,3368,1782213818.1531818,,,
10366,0,svm,max,balanced,cached_mxbai,3369,1782213818.610184,,,
270,0,svm,max,balanced,cached_mxbai,3370,1782213819.0671887,,,
6728,0,svm,max,balanced,cached_mxbai,3371,1782213819.5220256,,,
9626,0,svm,max,balanced,cached_mxbai,3372,1782213819.9812083,,,
8406,0,svm,max,balanced,cached_mxbai,3373,1782213820.4348772,,,
4387,0,svm,max,balanced,cached_mxbai,3374,1782213820.8889296,,,
3086,0,svm,max,balanced,cached_mxbai,3375,1782213821.3476093,,,
3985,0,svm,max,balanced,cached_mxbai,3376,1782213821.7984786,,,
5123,0,svm,max,balanced,cached_mxbai,3377,1782213822.2478092,,,
659,0,svm,max,balanced,cached_mxbai,3378,1782213822.7014272,,,
4594,0,svm,max,balanced,cached_mxbai,3379,1782213823.1555505,,,
754,0,svm,max,balanced,cached_mxbai,3380,1782213823.60966,,,
8611,0,svm,max,balanced,cached_mxbai,3381,1782213824.0617237,,,
4756,0,svm,max,balanced,cached_mxbai,3382,1782213824.514472,,,
1207,0,svm,max,balanced,cached_mxbai,3383,1782213824.9720597,,,
5806,0,svm,max,balanced,cached_mxbai,3384,1782213825.4431107,,,
6756,0,svm,max,balanced,cached_mxbai,3385,1782213825.895651,,,
9336,0,svm,max,balanced,cached_mxbai,3386,1782213826.3487172,,,
1195,0,svm,max,balanced,cached_mxbai,3387,1782213826.8200762,,,
3287,0,svm,max,balanced,cached_mxbai,3388,1782213827.2786388,,,
878,0,svm,max,balanced,cached_mxbai,3389,1782213827.7311735,,,
9721,0,svm,max,balanced,cached_mxbai,3390,1782213828.185612,,,
5105,0,svm,max,balanced,cached_mxbai,3391,1782213828.641892,,,
2372,0,svm,max,balanced,cached_mxbai,3392,1782213829.1217563,,,
36,0,svm,max,balanced,cached_mxbai,3393,1782213829.5803635,,,
4850,0,svm,max,balanced,cached_mxbai,3394,1782213830.0336454,,,
4074,0,svm,max,balanced,cached_mxbai,3395,1782213830.4857044,,,
3773,0,svm,max,balanced,cached_mxbai,3396,1782213830.940031,,,
4220,0,svm,max,balanced,cached_mxbai,3397,1782213831.397064,,,
6554,0,svm,max,balanced,cached_mxbai,3398,1782213831.8550878,,,
225,0,svm,max,balanced,cached_mxbai,3399,1782213832.308294,,,
7892,0,svm,max,balanced,cached_mxbai,3400,1782213832.7622657,,,
4704,0,svm,max,balanced,cached_mxbai,3401,1782213833.2156703,,,
3545,0,svm,max,balanced,cached_mxbai,3402,1782213833.6752443,,,
3975,0,svm,max,balanced,cached_mxbai,3403,1782213834.128538,,,
4922,0,svm,max,balanced,cached_mxbai,3404,1782213834.5826666,,,
6662,0,svm,max,balanced,cached_mxbai,3405,1782213835.0388203,,,
4009,0,svm,max,balanced,cached_mxbai,3406,1782213835.5087345,,,
1132,0,svm,max,balanced,cached_mxbai,3407,1782213835.9644802,,,
5420,0,svm,max,balanced,cached_mxbai,3408,1782213836.420559,,,
4199,0,svm,max,balanced,cached_mxbai,3409,1782213836.874845,,,
7883,0,svm,max,balanced,cached_mxbai,3410,1782213837.3398676,,,
7757,0,svm,max,balanced,cached_mxbai,3411,1782213837.7954714,,,
671,0,svm,max,balanced,cached_mxbai,3412,1782213838.2567465,,,
6731,0,svm,max,balanced,cached_mxbai,3413,1782213838.7349858,,,
4891,0,svm,max,balanced,cached_mxbai,3414,1782213839.198584,,,
10020,0,svm,max,balanced,cached_mxbai,3415,1782213839.6571283,,,
5882,0,svm,max,balanced,cached_mxbai,3416,1782213840.1141918,,,
5192,0,svm,max,balanced,cached_mxbai,3417,1782213840.568888,,,
3620,0,svm,max,balanced,cached_mxbai,3418,1782213841.031032,,,
2551,0,svm,max,balanced,cached_mxbai,3419,1782213841.4901237,,,
4171,0,svm,max,balanced,cached_mxbai,3420,1782213841.945517,,,
4572,0,svm,max,balanced,cached_mxbai,3421,1782213842.4036238,,,
7746,0,svm,max,balanced,cached_mxbai,3422,1782213842.8650148,,,
3765,0,svm,max,balanced,cached_mxbai,3423,1782213843.3229785,,,
10017,0,svm,max,balanced,cached_mxbai,3424,1782213843.7818356,,,
522,0,svm,max,balanced,cached_mxbai,3425,1782213844.238264,,,
4384,0,svm,max,balanced,cached_mxbai,3426,1782213844.697006,,,
1477,0,svm,max,balanced,cached_mxbai,3427,1782213845.1573913,,,
3907,0,svm,max,balanced,cached_mxbai,3428,1782213845.6344748,,,
7123,0,svm,max,balanced,cached_mxbai,3429,1782213846.092552,,,
6057,0,svm,max,balanced,cached_mxbai,3430,1782213846.5530875,,,
3573,0,svm,max,balanced,cached_mxbai,3431,1782213847.0118923,,,
6772,0,svm,max,balanced,cached_mxbai,3432,1782213847.47297,,,
4883,0,svm,max,balanced,cached_mxbai,3433,1782213847.9314768,,,
8466,0,svm,max,balanced,cached_mxbai,3434,1782213848.3934727,,,
167,0,svm,max,balanced,cached_mxbai,3435,1782213848.8585477,,,
3948,0,svm,max,balanced,cached_mxbai,3436,1782213849.319073,,,
10126,0,svm,max,balanced,cached_mxbai,3437,1782213849.8032732,,,
4832,0,svm,max,balanced,cached_mxbai,3438,1782213850.2657416,,,
7700,0,svm,max,balanced,cached_mxbai,3439,1782213850.7312114,,,
4430,0,svm,max,balanced,cached_mxbai,3440,1782213851.1906428,,,
3766,0,svm,max,balanced,cached_mxbai,3441,1782213851.6540432,,,
3978,0,svm,max,balanced,cached_mxbai,3442,1782213852.1145177,,,
3824,0,svm,max,balanced,cached_mxbai,3443,1782213852.5741165,,,
4170,0,svm,max,balanced,cached_mxbai,3444,1782213853.0349815,,,
8130,0,svm,max,balanced,cached_mxbai,3445,1782213853.5026617,,,
6814,0,svm,max,balanced,cached_mxbai,3446,1782213854.0213926,,,
4439,0,svm,max,balanced,cached_mxbai,3447,1782213854.481629,,,
6290,0,svm,max,balanced,cached_mxbai,3448,1782213854.951997,,,
674,0,svm,max,balanced,cached_mxbai,3449,1782213855.4933226,,,
8785,0,svm,max,balanced,cached_mxbai,3450,1782213856.0140452,,,
3263,0,svm,max,balanced,cached_mxbai,3451,1782213856.5351384,,,
9619,0,svm,max,balanced,cached_mxbai,3452,1782213857.0589452,,,
6221,0,svm,max,balanced,cached_mxbai,3453,1782213857.5228672,,,
4060,0,svm,max,balanced,cached_mxbai,3454,1782213857.9862053,,,
7782,0,svm,max,balanced,cached_mxbai,3455,1782213858.4529176,,,
3499,0,svm,max,balanced,cached_mxbai,3456,1782213858.9216478,,,
5906,0,svm,max,balanced,cached_mxbai,3457,1782213859.3877764,,,
7221,0,svm,max,balanced,cached_mxbai,3458,1782213859.8548372,,,
9426,0,svm,max,balanced,cached_mxbai,3459,1782213860.3195958,,,
1144,0,svm,max,balanced,cached_mxbai,3460,1782213860.7809818,,,
2949,0,svm,max,balanced,cached_mxbai,3461,1782213861.242104,,,
9331,0,svm,max,balanced,cached_mxbai,3462,1782213861.7046607,,,
3189,0,svm,max,balanced,cached_mxbai,3463,1782213862.1674414,,,
7581,0,svm,max,balanced,cached_mxbai,3464,1782213862.6295798,,,
4509,0,svm,max,balanced,cached_mxbai,3465,1782213863.0940087,,,
651,0,svm,max,balanced,cached_mxbai,3466,1782213863.5567052,,,
763,0,svm,max,balanced,cached_mxbai,3467,1782213864.022497,,,
2805,0,svm,max,balanced,cached_mxbai,3468,1782213864.4847023,,,
108,0,svm,max,balanced,cached_mxbai,3469,1782213864.9492955,,,
1612,0,svm,max,balanced,cached_mxbai,3470,1782213865.4530902,,,
4691,0,svm,max,balanced,cached_mxbai,3471,1782213865.9222672,,,
10332,0,svm,max,balanced,cached_mxbai,3472,1782213866.3921409,,,
7606,0,svm,max,balanced,cached_mxbai,3473,1782213866.8594172,,,
7657,0,svm,max,balanced,cached_mxbai,3474,1782213867.3255396,,,
2344,0,svm,max,balanced,cached_mxbai,3475,1782213867.7912674,,,
6868,0,svm,max,balanced,cached_mxbai,3476,1782213868.257198,,,
3979,0,svm,max,balanced,cached_mxbai,3477,1782213868.725391,,,
4849,0,svm,max,balanced,cached_mxbai,3478,1782213869.1915486,,,
4248,0,svm,max,balanced,cached_mxbai,3479,1782213869.6578286,,,
2415,0,svm,max,balanced,cached_mxbai,3480,1782213870.124394,,,
9939,0,svm,max,balanced,cached_mxbai,3481,1782213870.5921931,,,
3875,0,svm,max,balanced,cached_mxbai,3482,1782213871.0622313,,,
2215,0,svm,max,balanced,cached_mxbai,3483,1782213871.5432327,,,
5659,0,svm,max,balanced,cached_mxbai,3484,1782213872.010065,,,
3596,0,svm,max,balanced,cached_mxbai,3485,1782213872.483055,,,
3214,0,svm,max,balanced,cached_mxbai,3486,1782213872.956466,,,
6206,0,svm,max,balanced,cached_mxbai,3487,1782213873.4231534,,,
8157,0,svm,max,balanced,cached_mxbai,3488,1782213873.8968983,,,
3589,0,svm,max,balanced,cached_mxbai,3489,1782213874.366856,,,
7729,0,svm,max,balanced,cached_mxbai,3490,1782213874.8362355,,,
7494,0,svm,max,balanced,cached_mxbai,3491,1782213875.3227127,,,
1495,0,svm,max,balanced,cached_mxbai,3492,1782213875.7944455,,,
1478,0,svm,max,balanced,cached_mxbai,3493,1782213876.2603004,,,
2460,0,svm,max,balanced,cached_mxbai,3494,1782213876.7274768,,,
3884,0,svm,max,balanced,cached_mxbai,3495,1782213877.1938176,,,
4239,0,svm,max,balanced,cached_mxbai,3496,1782213877.6621685,,,
772,0,svm,max,balanced,cached_mxbai,3497,1782213878.131969,,,
3060,0,svm,max,balanced,cached_mxbai,3498,1782213878.6002588,,,
5133,0,svm,max,balanced,cached_mxbai,3499,1782213879.068921,,,
5829,0,svm,max,balanced,cached_mxbai,3500,1782213879.5405543,,,
5607,0,svm,max,balanced,cached_mxbai,3501,1782213880.007993,,,
1359,0,svm,max,balanced,cached_mxbai,3502,1782213880.4786005,,,
4347,0,svm,max,balanced,cached_mxbai,3503,1782213880.9473932,,,
1624,0,svm,max,balanced,cached_mxbai,3504,1782213881.4127982,,,
6567,0,svm,max,balanced,cached_mxbai,3505,1782213881.8863282,,,
1801,0,svm,max,balanced,cached_mxbai,3506,1782213882.3498952,,,
2229,0,svm,max,balanced,cached_mxbai,3507,1782213882.8203983,,,
1140,0,svm,max,balanced,cached_mxbai,3508,1782213883.286748,,,
8000,0,svm,max,balanced,cached_mxbai,3509,1782213883.756841,,,
5195,0,svm,max,balanced,cached_mxbai,3510,1782213884.22352,,,
10284,0,svm,max,balanced,cached_mxbai,3511,1782213884.6995575,,,
3337,0,svm,max,balanced,cached_mxbai,3512,1782213885.1741214,,,
9458,0,svm,max,balanced,cached_mxbai,3513,1782213885.667563,,,
2464,0,svm,max,balanced,cached_mxbai,3514,1782213886.141016,,,
3410,0,svm,max,balanced,cached_mxbai,3515,1782213886.611334,,,
6247,0,svm,max,balanced,cached_mxbai,3516,1782213887.0868304,,,
374,0,svm,max,balanced,cached_mxbai,3517,1782213887.554894,,,
4075,0,svm,max,balanced,cached_mxbai,3518,1782213888.0271027,,,
4590,0,svm,max,balanced,cached_mxbai,3519,1782213888.499188,,,
2351,0,svm,max,balanced,cached_mxbai,3520,1782213888.977361,,,
5770,0,svm,max,balanced,cached_mxbai,3521,1782213889.452686,,,
1783,0,svm,max,balanced,cached_mxbai,3522,1782213889.9256325,,,
10089,0,svm,max,balanced,cached_mxbai,3523,1782213890.3971257,,,
4027,0,svm,max,balanced,cached_mxbai,3524,1782213890.8651285,,,
5006,0,svm,max,balanced,cached_mxbai,3525,1782213891.3362548,,,
10331,0,svm,max,balanced,cached_mxbai,3526,1782213891.8054328,,,
9375,0,svm,max,balanced,cached_mxbai,3527,1782213892.280014,,,
3276,0,svm,max,balanced,cached_mxbai,3528,1782213892.7517767,,,
8641,0,svm,max,balanced,cached_mxbai,3529,1782213893.2250803,,,
3356,0,svm,max,balanced,cached_mxbai,3530,1782213893.7028983,,,
9469,0,svm,max,balanced,cached_mxbai,3531,1782213894.1783338,,,
3613,0,svm,max,balanced,cached_mxbai,3532,1782213894.6518207,,,
1913,0,svm,max,balanced,cached_mxbai,3533,1782213895.1308362,,,
5980,0,svm,max,balanced,cached_mxbai,3534,1782213895.6244063,,,
5191,0,svm,max,balanced,cached_mxbai,3535,1782213896.1009047,,,
9734,0,svm,max,balanced,cached_mxbai,3536,1782213896.574049,,,
9300,0,svm,max,balanced,cached_mxbai,3537,1782213897.0499067,,,
6142,0,svm,max,balanced,cached_mxbai,3538,1782213897.527985,,,
2496,0,svm,max,balanced,cached_mxbai,3539,1782213898.0047076,,,
4059,0,svm,max,balanced,cached_mxbai,3540,1782213898.4760907,,,
7325,0,svm,max,balanced,cached_mxbai,3541,1782213898.9531164,,,
4024,0,svm,max,balanced,cached_mxbai,3542,1782213899.4233,,,
4906,0,svm,max,balanced,cached_mxbai,3543,1782213899.897458,,,
10260,0,svm,max,balanced,cached_mxbai,3544,1782213900.3686152,,,
9523,0,svm,max,balanced,cached_mxbai,3545,1782213900.8427444,,,
7645,0,svm,max,balanced,cached_mxbai,3546,1782213901.3196123,,,
1180,0,svm,max,balanced,cached_mxbai,3547,1782213901.7936492,,,
6498,0,svm,max,balanced,cached_mxbai,3548,1782213902.2664955,,,
9898,0,svm,max,balanced,cached_mxbai,3549,1782213902.7429593,,,
1868,0,svm,max,balanced,cached_mxbai,3550,1782213903.2169585,,,
10371,0,svm,max,balanced,cached_mxbai,3551,1782213903.698814,,,
6742,0,svm,max,balanced,cached_mxbai,3552,1782213904.1843772,,,
3069,0,svm,max,balanced,cached_mxbai,3553,1782213904.6577392,,,
7999,0,svm,max,balanced,cached_mxbai,3554,1782213905.1369557,,,
6571,0,svm,max,balanced,cached_mxbai,3555,1782213905.6368792,,,
4858,0,svm,max,balanced,cached_mxbai,3556,1782213906.1176088,,,
6341,0,svm,max,balanced,cached_mxbai,3557,1782213906.590624,,,
6610,0,svm,max,balanced,cached_mxbai,3558,1782213907.0707912,,,
935,0,svm,max,balanced,cached_mxbai,3559,1782213907.544134,,,
5641,0,svm,max,balanced,cached_mxbai,3560,1782213908.0241122,,,
1881,0,svm,max,balanced,cached_mxbai,3561,1782213908.4994287,,,
991,0,svm,max,balanced,cached_mxbai,3562,1782213908.9800646,,,
2438,0,svm,max,balanced,cached_mxbai,3563,1782213909.4560258,,,
7138,0,svm,max,balanced,cached_mxbai,3564,1782213909.9330184,,,
4644,0,svm,max,balanced,cached_mxbai,3565,1782213910.4097524,,,
300,0,svm,max,balanced,cached_mxbai,3566,1782213910.8876452,,,
10562,0,svm,max,balanced,cached_mxbai,3567,1782213911.3637679,,,
10544,0,svm,max,balanced,cached_mxbai,3568,1782213911.8385346,,,
5796,0,svm,max,balanced,cached_mxbai,3569,1782213912.31562,,,
2211,0,svm,max,balanced,cached_mxbai,3570,1782213912.79076,,,
2789,0,svm,max,balanced,cached_mxbai,3571,1782213913.2691548,,,
5065,0,svm,max,balanced,cached_mxbai,3572,1782213913.749979,,,
4067,0,svm,max,balanced,cached_mxbai,3573,1782213914.2311618,,,
7509,0,svm,max,balanced,cached_mxbai,3574,1782213914.706526,,,
3269,0,svm,max,balanced,cached_mxbai,3575,1782213915.1960788,,,
9175,0,svm,max,balanced,cached_mxbai,3576,1782213915.7023199,,,
9784,0,svm,max,balanced,cached_mxbai,3577,1782213916.189457,,,
6944,0,svm,max,balanced,cached_mxbai,3578,1782213916.6714327,,,
7218,0,svm,max,balanced,cached_mxbai,3579,1782213917.1533988,,,
2515,0,svm,max,balanced,cached_mxbai,3580,1782213917.630958,,,
9072,0,svm,max,balanced,cached_mxbai,3581,1782213918.11412,,,
10434,0,svm,max,balanced,cached_mxbai,3582,1782213918.593886,,,
8357,0,svm,max,balanced,cached_mxbai,3583,1782213919.0802274,,,
6998,0,svm,max,balanced,cached_mxbai,3584,1782213919.5623903,,,
10468,0,svm,max,balanced,cached_mxbai,3585,1782213920.050456,,,
6294,0,svm,max,balanced,cached_mxbai,3586,1782213920.53248,,,
2130,0,svm,max,balanced,cached_mxbai,3587,1782213921.0126607,,,
9729,0,svm,max,balanced,cached_mxbai,3588,1782213921.5012372,,,
7755,0,svm,max,balanced,cached_mxbai,3589,1782213921.983749,,,
4312,0,svm,max,balanced,cached_mxbai,3590,1782213922.4624965,,,
8585,0,svm,max,balanced,cached_mxbai,3591,1782213922.9436967,,,
5885,0,svm,max,balanced,cached_mxbai,3592,1782213923.4251986,,,
718,0,svm,max,balanced,cached_mxbai,3593,1782213923.906903,,,
49,0,svm,max,balanced,cached_mxbai,3594,1782213924.3953288,,,
3304,0,svm,max,balanced,cached_mxbai,3595,1782213924.8793397,,,
6890,0,svm,max,balanced,cached_mxbai,3596,1782213925.3871312,,,
4665,0,svm,max,balanced,cached_mxbai,3597,1782213925.8702383,,,
5528,0,svm,max,balanced,cached_mxbai,3598,1782213926.355366,,,
5855,0,svm,max,balanced,cached_mxbai,3599,1782213926.8438735,,,
395,0,svm,max,balanced,cached_mxbai,3600,1782213927.330239,,,
3518,0,svm,max,balanced,cached_mxbai,3601,1782213927.813566,,,
1065,0,svm,max,balanced,cached_mxbai,3602,1782213928.2978504,,,
5582,0,svm,max,balanced,cached_mxbai,3603,1782213928.7849054,,,
4899,0,svm,max,balanced,cached_mxbai,3604,1782213929.2699318,,,
1268,0,svm,max,balanced,cached_mxbai,3605,1782213929.7525628,,,
3303,0,svm,max,balanced,cached_mxbai,3606,1782213930.245409,,,
7528,0,svm,max,balanced,cached_mxbai,3607,1782213930.7271419,,,
3807,0,svm,max,balanced,cached_mxbai,3608,1782213931.2115812,,,
1903,0,svm,max,balanced,cached_mxbai,3609,1782213931.6938152,,,
9223,0,svm,max,balanced,cached_mxbai,3610,1782213932.180215,,,
7124,0,svm,max,balanced,cached_mxbai,3611,1782213932.6622236,,,
924,0,svm,max,balanced,cached_mxbai,3612,1782213933.1459727,,,
4681,0,svm,max,balanced,cached_mxbai,3613,1782213933.6306574,,,
3911,0,svm,max,balanced,cached_mxbai,3614,1782213934.1179154,,,
8783,0,svm,max,balanced,cached_mxbai,3615,1782213934.6011133,,,
2445,0,svm,max,balanced,cached_mxbai,3616,1782213935.088063,,,
7444,0,svm,max,balanced,cached_mxbai,3617,1782213935.5809174,,,
9330,0,svm,max,balanced,cached_mxbai,3618,1782213936.066982,,,
5156,0,svm,max,balanced,cached_mxbai,3619,1782213936.556044,,,
10541,0,svm,max,balanced,cached_mxbai,3620,1782213937.049321,,,
7037,0,svm,max,balanced,cached_mxbai,3621,1782213937.537971,,,
1332,0,svm,max,balanced,cached_mxbai,3622,1782213938.0284114,,,
5768,0,svm,max,balanced,cached_mxbai,3623,1782213938.5186443,,,
3463,0,svm,max,balanced,cached_mxbai,3624,1782213939.0061815,,,
3219,0,svm,max,balanced,cached_mxbai,3625,1782213939.4929714,,,
1301,0,svm,max,balanced,cached_mxbai,3626,1782213939.980911,,,
3450,0,svm,max,balanced,cached_mxbai,3627,1782213940.481779,,,
3652,0,svm,max,balanced,cached_mxbai,3628,1782213940.969884,,,
6368,0,svm,max,balanced,cached_mxbai,3629,1782213941.4536786,,,
2922,0,svm,max,balanced,cached_mxbai,3630,1782213941.9432268,,,
8883,0,svm,max,balanced,cached_mxbai,3631,1782213942.434397,,,
4117,0,svm,max,balanced,cached_mxbai,3632,1782213942.9214568,,,
56,0,svm,max,balanced,cached_mxbai,3633,1782213943.4167178,,,
196,0,svm,max,balanced,cached_mxbai,3634,1782213943.9057388,,,
5554,0,svm,max,balanced,cached_mxbai,3635,1782213944.4004493,,,
4685,0,svm,max,balanced,cached_mxbai,3636,1782213944.8913462,,,
3817,0,svm,max,balanced,cached_mxbai,3637,1782213945.4076571,,,
5434,0,svm,max,balanced,cached_mxbai,3638,1782213945.9010997,,,
3900,0,svm,max,balanced,cached_mxbai,3639,1782213946.3895626,,,
1567,0,svm,max,balanced,cached_mxbai,3640,1782213946.8816578,,,
5654,0,svm,max,balanced,cached_mxbai,3641,1782213947.370449,,,
9166,0,svm,max,balanced,cached_mxbai,3642,1782213947.8632538,,,
4901,0,svm,max,balanced,cached_mxbai,3643,1782213948.3661036,,,
3721,0,svm,max,balanced,cached_mxbai,3644,1782213948.8751736,,,
1780,0,svm,max,balanced,cached_mxbai,3645,1782213949.3691676,,,
5070,0,svm,max,balanced,cached_mxbai,3646,1782213949.8628774,,,
8763,0,svm,max,balanced,cached_mxbai,3647,1782213950.3721876,,,
2553,0,svm,max,balanced,cached_mxbai,3648,1782213950.8614953,,,
2677,0,svm,max,balanced,cached_mxbai,3649,1782213951.367962,,,
7938,0,svm,max,balanced,cached_mxbai,3650,1782213951.8580332,,,
9298,0,svm,max,balanced,cached_mxbai,3651,1782213952.348667,,,
980,0,svm,max,balanced,cached_mxbai,3652,1782213952.8437471,,,
4140,0,svm,max,balanced,cached_mxbai,3653,1782213953.3349292,,,
4605,0,svm,max,balanced,cached_mxbai,3654,1782213953.8291924,,,
3659,0,svm,max,balanced,cached_mxbai,3655,1782213954.3216913,,,
609,0,svm,max,balanced,cached_mxbai,3656,1782213954.8113859,,,
2801,0,svm,max,balanced,cached_mxbai,3657,1782213955.3223794,,,
6253,0,svm,max,balanced,cached_mxbai,3658,1782213955.814325,,,
1256,0,svm,max,balanced,cached_mxbai,3659,1782213956.3070602,,,
140,0,svm,max,balanced,cached_mxbai,3660,1782213956.7984009,,,
4169,0,svm,max,balanced,cached_mxbai,3661,1782213957.2976258,,,
10010,0,svm,max,balanced,cached_mxbai,3662,1782213957.802391,,,
4271,0,svm,max,balanced,cached_mxbai,3663,1782213958.3077984,,,
126,0,svm,max,balanced,cached_mxbai,3664,1782213958.8127065,,,
8548,0,svm,max,balanced,cached_mxbai,3665,1782213959.3180199,,,
3313,0,svm,max,balanced,cached_mxbai,3666,1782213959.8215277,,,
5553,0,svm,max,balanced,cached_mxbai,3667,1782213960.3281772,,,
1265,0,svm,max,balanced,cached_mxbai,3668,1782213960.8345325,,,
8258,0,svm,max,balanced,cached_mxbai,3669,1782213961.3411305,,,
10314,0,svm,max,balanced,cached_mxbai,3670,1782213961.847937,,,
8702,0,svm,max,balanced,cached_mxbai,3671,1782213962.3529677,,,
1749,0,svm,max,balanced,cached_mxbai,3672,1782213962.8657763,,,
6600,0,svm,max,balanced,cached_mxbai,3673,1782213963.373809,,,
7008,0,svm,max,balanced,cached_mxbai,3674,1782213963.8777418,,,
6082,0,svm,max,balanced,cached_mxbai,3675,1782213964.3839302,,,
3368,0,svm,max,balanced,cached_mxbai,3676,1782213964.8893883,,,
4233,0,svm,max,balanced,cached_mxbai,3677,1782213965.4184494,,,
8184,0,svm,max,balanced,cached_mxbai,3678,1782213965.9289541,,,
3520,0,svm,max,balanced,cached_mxbai,3679,1782213966.4374304,,,
8374,0,svm,max,balanced,cached_mxbai,3680,1782213966.9472537,,,
1034,0,svm,max,balanced,cached_mxbai,3681,1782213967.460788,,,
5222,0,svm,max,balanced,cached_mxbai,3682,1782213967.9752522,,,
8399,0,svm,max,balanced,cached_mxbai,3683,1782213968.487827,,,
7261,0,svm,max,balanced,cached_mxbai,3684,1782213969.0000446,,,
1979,0,svm,max,balanced,cached_mxbai,3685,1782213969.5088086,,,
7688,0,svm,max,balanced,cached_mxbai,3686,1782213970.0194192,,,
8328,0,svm,max,balanced,cached_mxbai,3687,1782213970.5307453,,,
7818,0,svm,max,balanced,cached_mxbai,3688,1782213971.0387204,,,
4822,0,svm,max,balanced,cached_mxbai,3689,1782213971.544853,,,
5246,0,svm,max,balanced,cached_mxbai,3690,1782213972.0536878,,,
3675,0,svm,max,balanced,cached_mxbai,3691,1782213972.5642207,,,
163,0,svm,max,balanced,cached_mxbai,3692,1782213973.0733142,,,
9497,0,svm,max,balanced,cached_mxbai,3693,1782213973.5839057,,,
1998,0,svm,max,balanced,cached_mxbai,3694,1782213974.0972679,,,
764,0,svm,max,balanced,cached_mxbai,3695,1782213974.606577,,,
1282,0,svm,max,balanced,cached_mxbai,3696,1782213975.1247046,,,
7208,0,svm,max,balanced,cached_mxbai,3697,1782213975.6674638,,,
1308,0,svm,max,balanced,cached_mxbai,3698,1782213976.1755774,,,
3818,0,svm,max,balanced,cached_mxbai,3699,1782213976.687343,,,
1295,0,svm,max,balanced,cached_mxbai,3700,1782213977.1954987,,,
3207,0,svm,max,balanced,cached_mxbai,3701,1782213977.6993833,,,
5032,0,svm,max,balanced,cached_mxbai,3702,1782213978.2072215,,,
10102,0,svm,max,balanced,cached_mxbai,3703,1782213978.7135317,,,
4128,0,svm,max,balanced,cached_mxbai,3704,1782213979.2212803,,,
6452,0,svm,max,balanced,cached_mxbai,3705,1782213979.7312477,,,
4714,0,svm,max,balanced,cached_mxbai,3706,1782213980.24016,,,
186,0,svm,max,balanced,cached_mxbai,3707,1782213980.750431,,,
4249,0,svm,max,balanced,cached_mxbai,3708,1782213981.2635753,,,
5523,0,svm,max,balanced,cached_mxbai,3709,1782213981.777749,,,
6709,0,svm,max,balanced,cached_mxbai,3710,1782213982.2884505,,,
10069,0,svm,max,balanced,cached_mxbai,3711,1782213982.8061678,,,
2693,0,svm,max,balanced,cached_mxbai,3712,1782213983.314424,,,
3529,0,svm,max,balanced,cached_mxbai,3713,1782213983.8288095,,,
4196,0,svm,max,balanced,cached_mxbai,3714,1782213984.3405895,,,
7297,0,svm,max,balanced,cached_mxbai,3715,1782213984.8495736,,,
8008,0,svm,max,balanced,cached_mxbai,3716,1782213985.3811748,,,
1798,0,svm,max,balanced,cached_mxbai,3717,1782213985.8928006,,,
306,0,svm,max,balanced,cached_mxbai,3718,1782213986.4055817,,,
9900,0,svm,max,balanced,cached_mxbai,3719,1782213986.9200447,,,
3397,0,svm,max,balanced,cached_mxbai,3720,1782213987.4345212,,,
9362,0,svm,max,balanced,cached_mxbai,3721,1782213987.9490268,,,
8509,0,svm,max,balanced,cached_mxbai,3722,1782213988.4618402,,,
5489,0,svm,max,balanced,cached_mxbai,3723,1782213988.981259,,,
1363,0,svm,max,balanced,cached_mxbai,3724,1782213989.4962914,,,
168,0,svm,max,balanced,cached_mxbai,3725,1782213990.0071034,,,
1889,0,svm,max,balanced,cached_mxbai,3726,1782213990.518978,,,
2337,0,svm,max,balanced,cached_mxbai,3727,1782213991.0311224,,,
5030,0,svm,max,balanced,cached_mxbai,3728,1782213991.5470912,,,
456,0,svm,max,balanced,cached_mxbai,3729,1782213992.0595036,,,
7965,0,svm,max,balanced,cached_mxbai,3730,1782213992.5731318,,,
1907,0,svm,max,balanced,cached_mxbai,3731,1782213993.0905168,,,
2780,0,svm,max,balanced,cached_mxbai,3732,1782213993.6067898,,,
8206,0,svm,max,balanced,cached_mxbai,3733,1782213994.12029,,,
5453,0,svm,max,balanced,cached_mxbai,3734,1782213994.633011,,,
7093,0,svm,max,balanced,cached_mxbai,3735,1782213995.1487873,,,
148,0,svm,max,balanced,cached_mxbai,3736,1782213995.6991506,,,
6470,0,svm,max,balanced,cached_mxbai,3737,1782213996.2136104,,,
3116,0,svm,max,balanced,cached_mxbai,3738,1782213996.7259285,,,
6978,0,svm,max,balanced,cached_mxbai,3739,1782213997.2481816,,,
7198,0,svm,max,balanced,cached_mxbai,3740,1782213997.763764,,,
2055,0,svm,max,balanced,cached_mxbai,3741,1782213998.2804043,,,
7525,0,svm,max,balanced,cached_mxbai,3742,1782213998.7983155,,,
8963,0,svm,max,balanced,cached_mxbai,3743,1782213999.3127263,,,
4446,0,svm,max,balanced,cached_mxbai,3744,1782213999.827696,,,
6495,0,svm,max,balanced,cached_mxbai,3745,1782214000.3438125,,,
10256,0,svm,max,balanced,cached_mxbai,3746,1782214000.8647647,,,
9419,0,svm,max,balanced,cached_mxbai,3747,1782214001.3782232,,,
165,0,svm,max,balanced,cached_mxbai,3748,1782214001.895751,,,
4995,0,svm,max,balanced,cached_mxbai,3749,1782214002.4112885,,,
3635,0,svm,max,balanced,cached_mxbai,3750,1782214002.9260507,,,
581,0,svm,max,balanced,cached_mxbai,3751,1782214003.4573085,,,
3511,0,svm,max,balanced,cached_mxbai,3752,1782214003.9780452,,,
8112,0,svm,max,balanced,cached_mxbai,3753,1782214004.491824,,,
1648,0,svm,max,balanced,cached_mxbai,3754,1782214005.0080972,,,
156,0,svm,max,balanced,cached_mxbai,3755,1782214005.5435257,,,
7222,0,svm,max,balanced,cached_mxbai,3756,1782214006.0602808,,,
3892,0,svm,max,balanced,cached_mxbai,3757,1782214006.5759845,,,
8603,0,svm,max,balanced,cached_mxbai,3758,1782214007.0945737,,,
4727,0,svm,max,balanced,cached_mxbai,3759,1782214007.611463,,,
661,0,svm,max,balanced,cached_mxbai,3760,1782214008.1284354,,,
2566,0,svm,max,balanced,cached_mxbai,3761,1782214008.6462276,,,
3859,0,svm,max,balanced,cached_mxbai,3762,1782214009.1649513,,,
875,0,svm,max,balanced,cached_mxbai,3763,1782214009.6803372,,,
2793,0,svm,max,balanced,cached_mxbai,3764,1782214010.1973307,,,
930,0,svm,max,balanced,cached_mxbai,3765,1782214010.7356048,,,
8129,0,svm,max,balanced,cached_mxbai,3766,1782214011.2760525,,,
9234,0,svm,max,balanced,cached_mxbai,3767,1782214011.790073,,,
8393,0,svm,max,balanced,cached_mxbai,3768,1782214012.3085191,,,
2301,0,svm,max,balanced,cached_mxbai,3769,1782214012.8223042,,,
268,0,svm,max,balanced,cached_mxbai,3770,1782214013.3382866,,,
4041,0,svm,max,balanced,cached_mxbai,3771,1782214013.8571742,,,
5648,0,svm,max,balanced,cached_mxbai,3772,1782214014.3797958,,,
4765,0,svm,max,balanced,cached_mxbai,3773,1782214014.895787,,,
4376,0,svm,max,balanced,cached_mxbai,3774,1782214015.4318519,,,
6083,0,svm,max,balanced,cached_mxbai,3775,1782214015.9522266,,,
9264,0,svm,max,balanced,cached_mxbai,3776,1782214016.4750566,,,
4270,0,svm,max,balanced,cached_mxbai,3777,1782214016.9909556,,,
2582,0,svm,max,balanced,cached_mxbai,3778,1782214017.528894,,,
1257,0,svm,max,balanced,cached_mxbai,3779,1782214018.0527318,,,
3244,0,svm,max,balanced,cached_mxbai,3780,1782214018.5763676,,,
7193,0,svm,max,balanced,cached_mxbai,3781,1782214019.099661,,,
4197,0,svm,max,balanced,cached_mxbai,3782,1782214019.6194713,,,
8104,0,svm,max,balanced,cached_mxbai,3783,1782214020.139042,,,
1543,0,svm,max,balanced,cached_mxbai,3784,1782214020.667024,,,
6037,0,svm,max,balanced,cached_mxbai,3785,1782214021.193986,,,
2300,0,svm,max,balanced,cached_mxbai,3786,1782214021.7148702,,,
248,0,svm,max,balanced,cached_mxbai,3787,1782214022.2427642,,,
10353,0,svm,max,balanced,cached_mxbai,3788,1782214022.770834,,,
9013,0,svm,max,balanced,cached_mxbai,3789,1782214023.309311,,,
721,0,svm,max,balanced,cached_mxbai,3790,1782214023.830284,,,
8464,0,svm,max,balanced,cached_mxbai,3791,1782214024.3560545,,,
1179,0,svm,max,balanced,cached_mxbai,3792,1782214024.8787394,,,
5171,0,svm,max,balanced,cached_mxbai,3793,1782214025.4166784,,,
5064,0,svm,max,balanced,cached_mxbai,3794,1782214025.938824,,,
7073,0,svm,max,balanced,cached_mxbai,3795,1782214026.4599762,,,
932,0,svm,max,balanced,cached_mxbai,3796,1782214026.9829507,,,
1336,0,svm,max,balanced,cached_mxbai,3797,1782214027.508881,,,
4536,0,svm,max,balanced,cached_mxbai,3798,1782214028.0317652,,,
9644,0,svm,max,balanced,cached_mxbai,3799,1782214028.5546021,,,
1343,0,svm,max,balanced,cached_mxbai,3800,1782214029.0780416,,,
10286,0,svm,max,balanced,cached_mxbai,3801,1782214029.6046813,,,
4195,0,svm,max,balanced,cached_mxbai,3802,1782214030.1280766,,,
6214,0,svm,max,balanced,cached_mxbai,3803,1782214030.6531775,,,
8502,0,svm,max,balanced,cached_mxbai,3804,1782214031.1856277,,,
6652,0,svm,max,balanced,cached_mxbai,3805,1782214031.725103,,,
7298,0,svm,max,balanced,cached_mxbai,3806,1782214032.2542193,,,
2916,0,svm,max,balanced,cached_mxbai,3807,1782214032.7796998,,,
4969,0,svm,max,balanced,cached_mxbai,3808,1782214033.3112772,,,
6403,0,svm,max,balanced,cached_mxbai,3809,1782214033.8346794,,,
3944,0,svm,max,balanced,cached_mxbai,3810,1782214034.3592417,,,
3443,0,svm,max,balanced,cached_mxbai,3811,1782214034.8811553,,,
7824,0,svm,max,balanced,cached_mxbai,3812,1782214035.4353144,,,
154,0,svm,max,balanced,cached_mxbai,3813,1782214035.9610693,,,
4939,0,svm,max,balanced,cached_mxbai,3814,1782214036.5004609,,,
3205,0,svm,max,balanced,cached_mxbai,3815,1782214037.0277927,,,
10469,0,svm,max,balanced,cached_mxbai,3816,1782214037.5569794,,,
5374,0,svm,max,balanced,cached_mxbai,3817,1782214038.0852847,,,
6828,0,svm,max,balanced,cached_mxbai,3818,1782214038.6136134,,,
5147,0,svm,max,balanced,cached_mxbai,3819,1782214039.1480489,,,
3480,0,svm,max,balanced,cached_mxbai,3820,1782214039.6805885,,,
7745,0,svm,max,balanced,cached_mxbai,3821,1782214040.207972,,,
8028,0,svm,max,balanced,cached_mxbai,3822,1782214040.73567,,,
5379,0,svm,max,balanced,cached_mxbai,3823,1782214041.274692,,,
2353,0,svm,max,balanced,cached_mxbai,3824,1782214041.8192976,,,
7922,0,svm,max,balanced,cached_mxbai,3825,1782214042.347654,,,
8238,0,svm,max,balanced,cached_mxbai,3826,1782214042.8726563,,,
6342,0,svm,max,balanced,cached_mxbai,3827,1782214043.4063723,,,
4735,0,svm,max,balanced,cached_mxbai,3828,1782214043.9332561,,,
7941,0,svm,max,balanced,cached_mxbai,3829,1782214044.458915,,,
6583,0,svm,max,balanced,cached_mxbai,3830,1782214044.98599,,,
3871,0,svm,max,balanced,cached_mxbai,3831,1782214045.5465264,,,
4108,0,svm,max,balanced,cached_mxbai,3832,1782214046.0729141,,,
1803,0,svm,max,balanced,cached_mxbai,3833,1782214046.6089866,,,
5189,0,svm,max,balanced,cached_mxbai,3834,1782214047.1566057,,,
8529,0,svm,max,balanced,cached_mxbai,3835,1782214047.6833863,,,
5832,0,svm,max,balanced,cached_mxbai,3836,1782214048.2130516,,,
2984,0,svm,max,balanced,cached_mxbai,3837,1782214048.746252,,,
6938,0,svm,max,balanced,cached_mxbai,3838,1782214049.3009427,,,
9484,0,svm,max,balanced,cached_mxbai,3839,1782214049.8264894,,,
7908,0,svm,max,balanced,cached_mxbai,3840,1782214050.3556895,,,
2650,0,svm,max,balanced,cached_mxbai,3841,1782214050.8813667,,,
298,0,svm,max,balanced,cached_mxbai,3842,1782214051.4129841,,,
7899,0,svm,max,balanced,cached_mxbai,3843,1782214051.9424076,,,
7665,0,svm,max,balanced,cached_mxbai,3844,1782214052.4712095,,,
3595,0,svm,max,balanced,cached_mxbai,3845,1782214052.9984229,,,
1702,0,svm,max,balanced,cached_mxbai,3846,1782214053.527576,,,
3063,0,svm,max,balanced,cached_mxbai,3847,1782214054.0531695,,,
6439,0,svm,max,balanced,cached_mxbai,3848,1782214054.5863898,,,
3240,0,svm,max,balanced,cached_mxbai,3849,1782214055.124603,,,
7512,0,svm,max,balanced,cached_mxbai,3850,1782214055.6632848,,,
3876,0,svm,max,balanced,cached_mxbai,3851,1782214056.1885734,,,
5150,0,svm,max,balanced,cached_mxbai,3852,1782214056.7136104,,,
3655,0,svm,max,balanced,cached_mxbai,3853,1782214057.2448082,,,
7439,0,svm,max,balanced,cached_mxbai,3854,1782214057.7746348,,,
729,0,svm,max,balanced,cached_mxbai,3855,1782214058.308415,,,
9385,0,svm,max,balanced,cached_mxbai,3856,1782214058.8359733,,,
1089,0,svm,max,balanced,cached_mxbai,3857,1782214059.3686635,,,
9630,0,svm,max,balanced,cached_mxbai,3858,1782214059.8936534,,,
5230,0,svm,max,balanced,cached_mxbai,3859,1782214060.4242873,,,
7566,0,svm,max,balanced,cached_mxbai,3860,1782214060.948144,,,
6476,0,svm,max,balanced,cached_mxbai,3861,1782214061.4781945,,,
2063,0,svm,max,balanced,cached_mxbai,3862,1782214062.0034654,,,
83,0,svm,max,balanced,cached_mxbai,3863,1782214062.532219,,,
7161,0,svm,max,balanced,cached_mxbai,3864,1782214063.0638788,,,
1985,0,svm,max,balanced,cached_mxbai,3865,1782214063.6000884,,,
7397,0,svm,max,balanced,cached_mxbai,3866,1782214064.127541,,,
7381,0,svm,max,balanced,cached_mxbai,3867,1782214064.6582084,,,
4259,0,svm,max,balanced,cached_mxbai,3868,1782214065.1911745,,,
10094,0,svm,max,balanced,cached_mxbai,3869,1782214065.7474794,,,
4056,0,svm,max,balanced,cached_mxbai,3870,1782214066.2631211,,,
9378,0,svm,max,balanced,cached_mxbai,3871,1782214066.7811387,,,
3478,0,svm,max,balanced,cached_mxbai,3872,1782214067.2956166,,,
93,0,svm,max,balanced,cached_mxbai,3873,1782214067.8090954,,,
7522,0,svm,max,balanced,cached_mxbai,3874,1782214068.3265634,,,
7918,0,svm,max,balanced,cached_mxbai,3875,1782214068.848555,,,
2687,0,svm,max,balanced,cached_mxbai,3876,1782214069.3726046,,,
9540,0,svm,max,balanced,cached_mxbai,3877,1782214069.8929873,,,
3429,0,svm,max,balanced,cached_mxbai,3878,1782214070.4147532,,,
588,0,svm,max,balanced,cached_mxbai,3879,1782214070.9331906,,,
985,0,svm,max,balanced,cached_mxbai,3880,1782214071.4490836,,,
6152,0,svm,max,balanced,cached_mxbai,3881,1782214071.9646316,,,
5945,0,svm,max,balanced,cached_mxbai,3882,1782214072.487426,,,
7323,0,svm,max,balanced,cached_mxbai,3883,1782214073.0107086,,,
1890,0,svm,max,balanced,cached_mxbai,3884,1782214073.52699,,,
6500,0,svm,max,balanced,cached_mxbai,3885,1782214074.0462112,,,
2440,0,svm,max,balanced,cached_mxbai,3886,1782214074.5662344,,,
8664,0,svm,max,balanced,cached_mxbai,3887,1782214075.087069,,,
9286,0,svm,max,balanced,cached_mxbai,3888,1782214075.6199427,,,
3329,0,svm,max,balanced,cached_mxbai,3889,1782214076.1385922,,,
6908,0,svm,max,balanced,cached_mxbai,3890,1782214076.656195,,,
10498,0,svm,max,balanced,cached_mxbai,3891,1782214077.1827545,,,
8899,0,svm,max,balanced,cached_mxbai,3892,1782214077.7029521,,,
5816,0,svm,max,balanced,cached_mxbai,3893,1782214078.2280502,,,
691,0,svm,max,balanced,cached_mxbai,3894,1782214078.7502565,,,
7402,0,svm,max,balanced,cached_mxbai,3895,1782214079.2696505,,,
8026,0,svm,max,balanced,cached_mxbai,3896,1782214079.792357,,,
2209,0,svm,max,balanced,cached_mxbai,3897,1782214080.3115292,,,
8449,0,svm,max,balanced,cached_mxbai,3898,1782214080.8316724,,,
3483,0,svm,max,balanced,cached_mxbai,3899,1782214081.3513832,,,
8653,0,svm,max,balanced,cached_mxbai,3900,1782214081.8735337,,,
2605,0,svm,max,balanced,cached_mxbai,3901,1782214082.3933072,,,
6409,0,svm,max,balanced,cached_mxbai,3902,1782214082.91632,,,
687,0,svm,max,balanced,cached_mxbai,3903,1782214083.4398546,,,
10208,0,svm,max,balanced,cached_mxbai,3904,1782214083.9561439,,,
5055,0,svm,max,balanced,cached_mxbai,3905,1782214084.473756,,,
1209,0,svm,max,balanced,cached_mxbai,3906,1782214084.9937518,,,
6386,0,svm,max,balanced,cached_mxbai,3907,1782214085.5349007,,,
6090,0,svm,max,balanced,cached_mxbai,3908,1782214086.0600262,,,
2079,0,svm,max,balanced,cached_mxbai,3909,1782214086.5839045,,,
6127,0,svm,max,balanced,cached_mxbai,3910,1782214087.107139,,,
7388,0,svm,max,balanced,cached_mxbai,3911,1782214087.6316595,,,
4361,0,svm,max,balanced,cached_mxbai,3912,1782214088.1560721,,,
1307,0,svm,max,balanced,cached_mxbai,3913,1782214088.6837091,,,
3591,0,svm,max,balanced,cached_mxbai,3914,1782214089.2075918,,,
8254,0,svm,max,balanced,cached_mxbai,3915,1782214089.7308524,,,
8227,0,svm,max,balanced,cached_mxbai,3916,1782214090.2540114,,,
4821,0,svm,max,balanced,cached_mxbai,3917,1782214090.772631,,,
6450,0,svm,max,balanced,cached_mxbai,3918,1782214091.2916741,,,
8637,0,svm,max,balanced,cached_mxbai,3919,1782214091.8127751,,,
3667,0,svm,max,balanced,cached_mxbai,3920,1782214092.3334506,,,
408,0,svm,max,balanced,cached_mxbai,3921,1782214092.856684,,,
4918,0,svm,max,balanced,cached_mxbai,3922,1782214093.3819158,,,
2122,0,svm,max,balanced,cached_mxbai,3923,1782214093.9021125,,,
5181,0,svm,max,balanced,cached_mxbai,3924,1782214094.4246483,,,
7516,0,svm,max,balanced,cached_mxbai,3925,1782214094.946817,,,
942,0,svm,max,balanced,cached_mxbai,3926,1782214095.4963286,,,
5922,0,svm,max,balanced,cached_mxbai,3927,1782214096.0166247,,,
9302,0,svm,max,balanced,cached_mxbai,3928,1782214096.5408418,,,
10462,0,svm,max,balanced,cached_mxbai,3929,1782214097.0679872,,,
9071,0,svm,max,balanced,cached_mxbai,3930,1782214097.5911195,,,
3391,0,svm,max,balanced,cached_mxbai,3931,1782214098.1198792,,,
1831,0,svm,max,balanced,cached_mxbai,3932,1782214098.6438713,,,
7503,0,svm,max,balanced,cached_mxbai,3933,1782214099.1705232,,,
3813,0,svm,max,balanced,cached_mxbai,3934,1782214099.695714,,,
3582,0,svm,max,balanced,cached_mxbai,3935,1782214100.220448,,,
10086,0,svm,max,balanced,cached_mxbai,3936,1782214100.7441142,,,
320,0,svm,max,balanced,cached_mxbai,3937,1782214101.3298368,,,
3476,0,svm,max,balanced,cached_mxbai,3938,1782214101.8802366,,,
8559,0,svm,max,balanced,cached_mxbai,3939,1782214102.4724348,,,
2336,0,svm,max,balanced,cached_mxbai,3940,1782214102.9948587,,,
5120,0,svm,max,balanced,cached_mxbai,3941,1782214103.5223405,,,
9097,0,svm,max,balanced,cached_mxbai,3942,1782214104.1064174,,,
8400,0,svm,max,balanced,cached_mxbai,3943,1782214104.6906219,,,
5708,0,svm,max,balanced,cached_mxbai,3944,1782214105.301391,,,
9575,0,svm,max,balanced,cached_mxbai,3945,1782214105.8850675,,,
2454,0,svm,max,balanced,cached_mxbai,3946,1782214106.4637313,,,
9000,0,svm,max,balanced,cached_mxbai,3947,1782214107.0583007,,,
10318,0,svm,max,balanced,cached_mxbai,3948,1782214107.6365614,,,
3688,0,svm,max,balanced,cached_mxbai,3949,1782214108.2187505,,,
4237,0,svm,max,balanced,cached_mxbai,3950,1782214108.8037612,,,
5464,0,svm,max,balanced,cached_mxbai,3951,1782214109.3868997,,,
6776,0,svm,max,balanced,cached_mxbai,3952,1782214109.9756987,,,
4048,0,svm,max,balanced,cached_mxbai,3953,1782214110.5684114,,,
9470,0,svm,max,balanced,cached_mxbai,3954,1782214111.1536021,,,
5988,0,svm,max,balanced,cached_mxbai,3955,1782214111.7410238,,,
1596,0,svm,max,balanced,cached_mxbai,3956,1782214112.3304505,,,
8167,0,svm,max,balanced,cached_mxbai,3957,1782214112.9343448,,,
9342,0,svm,max,balanced,cached_mxbai,3958,1782214113.5378568,,,
9165,0,svm,max,balanced,cached_mxbai,3959,1782214114.1415808,,,
5342,0,svm,max,balanced,cached_mxbai,3960,1782214114.743231,,,
322,0,svm,max,balanced,cached_mxbai,3961,1782214115.3668132,,,
2305,0,svm,max,balanced,cached_mxbai,3962,1782214115.9711092,,,
9904,0,svm,max,balanced,cached_mxbai,3963,1782214116.5878282,,,
10392,0,svm,max,balanced,cached_mxbai,3964,1782214117.1943257,,,
4919,0,svm,max,balanced,cached_mxbai,3965,1782214117.8055818,,,
110,0,svm,max,balanced,cached_mxbai,3966,1782214118.4163563,,,
9333,0,svm,max,balanced,cached_mxbai,3967,1782214119.0248559,,,
4107,0,svm,max,balanced,cached_mxbai,3968,1782214119.6323552,,,
9383,0,svm,max,balanced,cached_mxbai,3969,1782214120.239234,,,
5655,0,svm,max,balanced,cached_mxbai,3970,1782214120.862345,,,
5012,0,svm,max,balanced,cached_mxbai,3971,1782214121.4618504,,,
6790,0,svm,max,balanced,cached_mxbai,3972,1782214122.060585,,,
4258,0,svm,max,balanced,cached_mxbai,3973,1782214122.677146,,,
8905,0,svm,max,balanced,cached_mxbai,3974,1782214123.2806666,,,
6163,0,svm,max,balanced,cached_mxbai,3975,1782214123.8147144,,,
9317,0,svm,max,balanced,cached_mxbai,3976,1782214124.3497818,,,
10510,0,svm,max,balanced,cached_mxbai,3977,1782214124.9110131,,,
2585,0,svm,max,balanced,cached_mxbai,3978,1782214125.4781318,,,
8045,0,svm,max,balanced,cached_mxbai,3979,1782214126.0201042,,,
5450,0,svm,max,balanced,cached_mxbai,3980,1782214126.554476,,,
3090,0,svm,max,balanced,cached_mxbai,3981,1782214127.1058967,,,
3386,0,svm,max,balanced,cached_mxbai,3982,1782214127.6507337,,,
4386,0,svm,max,balanced,cached_mxbai,3983,1782214128.186062,,,
7337,0,svm,max,balanced,cached_mxbai,3984,1782214128.7216277,,,
7443,0,svm,max,balanced,cached_mxbai,3985,1782214129.262444,,,
8356,0,svm,max,balanced,cached_mxbai,3986,1782214129.8013835,,,
3020,0,svm,max,balanced,cached_mxbai,3987,1782214130.3406663,,,
6493,0,svm,max,balanced,cached_mxbai,3988,1782214130.875303,,,
1887,0,svm,max,balanced,cached_mxbai,3989,1782214131.408976,,,
9648,0,svm,max,balanced,cached_mxbai,3990,1782214131.9419274,,,
3966,0,svm,max,balanced,cached_mxbai,3991,1782214132.4925609,,,
7315,0,svm,max,balanced,cached_mxbai,3992,1782214133.0308871,,,
8976,0,svm,max,balanced,cached_mxbai,3993,1782214133.5687885,,,
7320,0,svm,max,balanced,cached_mxbai,3994,1782214134.1018584,,,
2024,0,svm,max,balanced,cached_mxbai,3995,1782214134.636992,,,
4015,0,svm,max,balanced,cached_mxbai,3996,1782214135.174951,,,
378,0,svm,max,balanced,cached_mxbai,3997,1782214135.7314675,,,
9583,0,svm,max,balanced,cached_mxbai,3998,1782214136.2695131,,,
4155,0,svm,max,balanced,cached_mxbai,3999,1782214136.8046458,,,
4618,0,svm,max,balanced,cached_mxbai,4000,1782214137.3459444,,,
2858,0,svm,max,balanced,cached_mxbai,4001,1782214137.9611073,,,
1973,0,svm,max,balanced,cached_mxbai,4002,1782214138.58322,,,
3771,0,svm,max,balanced,cached_mxbai,4003,1782214139.2044094,,,
3680,0,svm,max,balanced,cached_mxbai,4004,1782214139.8138738,,,
4740,0,svm,max,balanced,cached_mxbai,4005,1782214140.4254317,,,
5775,0,svm,max,balanced,cached_mxbai,4006,1782214140.9601448,,,
9637,0,svm,max,balanced,cached_mxbai,4007,1782214141.4943018,,,
2908,0,svm,max,balanced,cached_mxbai,4008,1782214142.025357,,,
9532,0,svm,max,balanced,cached_mxbai,4009,1782214142.5617554,,,
3338,0,svm,max,balanced,cached_mxbai,4010,1782214143.1014154,,,
4441,0,svm,max,balanced,cached_mxbai,4011,1782214143.6232996,,,
6856,0,svm,max,balanced,cached_mxbai,4012,1782214144.1576707,,,
4767,0,svm,max,balanced,cached_mxbai,4013,1782214144.677047,,,
3785,0,svm,max,balanced,cached_mxbai,4014,1782214145.200132,,,
5735,0,svm,max,balanced,cached_mxbai,4015,1782214145.758539,,,
1041,0,svm,max,balanced,cached_mxbai,4016,1782214146.2774017,,,
1658,0,svm,max,balanced,cached_mxbai,4017,1782214146.8016126,,,
8527,0,svm,max,balanced,cached_mxbai,4018,1782214147.3202639,,,
3407,0,svm,max,balanced,cached_mxbai,4019,1782214147.8423097,,,
549,0,svm,max,balanced,cached_mxbai,4020,1782214148.361384,,,
9494,0,svm,max,balanced,cached_mxbai,4021,1782214148.8843794,,,
8340,0,svm,max,balanced,cached_mxbai,4022,1782214149.4037197,,,
172,0,svm,max,balanced,cached_mxbai,4023,1782214149.925826,,,
4399,0,svm,max,balanced,cached_mxbai,4024,1782214150.4434483,,,
1254,0,svm,max,balanced,cached_mxbai,4025,1782214150.964272,,,
4173,0,svm,max,balanced,cached_mxbai,4026,1782214151.4833007,,,
2218,0,svm,max,balanced,cached_mxbai,4027,1782214152.005892,,,
7143,0,svm,max,balanced,cached_mxbai,4028,1782214152.526605,,,
4907,0,svm,max,balanced,cached_mxbai,4029,1782214153.052949,,,
8927,0,svm,max,balanced,cached_mxbai,4030,1782214153.5770693,,,
9627,0,svm,max,balanced,cached_mxbai,4031,1782214154.0991755,,,
824,0,svm,max,balanced,cached_mxbai,4032,1782214154.623073,,,
103,0,svm,max,balanced,cached_mxbai,4033,1782214155.1490102,,,
1859,0,svm,max,balanced,cached_mxbai,4034,1782214155.694283,,,
6775,0,svm,max,balanced,cached_mxbai,4035,1782214156.2199452,,,
69,0,svm,max,balanced,cached_mxbai,4036,1782214156.7437077,,,
8753,0,svm,max,balanced,cached_mxbai,4037,1782214157.2673461,,,
4013,0,svm,max,balanced,cached_mxbai,4038,1782214157.7902114,,,
10592,0,svm,max,balanced,cached_mxbai,4039,1782214158.3164487,,,
194,0,svm,max,balanced,cached_mxbai,4040,1782214158.8398902,,,
4292,0,svm,max,balanced,cached_mxbai,4041,1782214159.365943,,,
4381,0,svm,max,balanced,cached_mxbai,4042,1782214159.8863332,,,
133,0,svm,max,balanced,cached_mxbai,4043,1782214160.4110165,,,
540,0,svm,max,balanced,cached_mxbai,4044,1782214160.9331443,,,
4697,0,svm,max,balanced,cached_mxbai,4045,1782214161.4657066,,,
4010,0,svm,max,balanced,cached_mxbai,4046,1782214161.9893837,,,
4063,0,svm,max,balanced,cached_mxbai,4047,1782214162.5164857,,,
7693,0,svm,max,balanced,cached_mxbai,4048,1782214163.0432613,,,
7057,0,svm,max,balanced,cached_mxbai,4049,1782214163.5737443,,,
5877,0,svm,max,balanced,cached_mxbai,4050,1782214164.095474,,,
633,0,svm,max,balanced,cached_mxbai,4051,1782214164.618094,,,
414,0,svm,max,balanced,cached_mxbai,4052,1782214165.15024,,,
3863,0,svm,max,balanced,cached_mxbai,4053,1782214165.7032318,,,
4191,0,svm,max,balanced,cached_mxbai,4054,1782214166.2309625,,,
3935,0,svm,max,balanced,cached_mxbai,4055,1782214166.761759,,,
6416,0,svm,max,balanced,cached_mxbai,4056,1782214167.2932677,,,
3676,0,svm,max,balanced,cached_mxbai,4057,1782214167.819333,,,
1710,0,svm,max,balanced,cached_mxbai,4058,1782214168.3548465,,,
4503,0,svm,max,balanced,cached_mxbai,4059,1782214168.8869462,,,
5484,0,svm,max,balanced,cached_mxbai,4060,1782214169.4097815,,,
8457,0,svm,max,balanced,cached_mxbai,4061,1782214169.935543,,,
4577,0,svm,max,balanced,cached_mxbai,4062,1782214170.4595885,,,
9227,0,svm,max,balanced,cached_mxbai,4063,1782214170.9878457,,,
6360,0,svm,max,balanced,cached_mxbai,4064,1782214171.5156639,,,
6303,0,svm,max,balanced,cached_mxbai,4065,1782214172.043235,,,
8285,0,svm,max,balanced,cached_mxbai,4066,1782214172.5680423,,,
3055,0,svm,max,balanced,cached_mxbai,4067,1782214173.0987236,,,
9399,0,svm,max,balanced,cached_mxbai,4068,1782214173.625666,,,
5385,0,svm,max,balanced,cached_mxbai,4069,1782214174.1549768,,,
102,0,svm,max,balanced,cached_mxbai,4070,1782214174.6834273,,,
821,0,svm,max,balanced,cached_mxbai,4071,1782214175.2214303,,,
7183,0,svm,max,balanced,cached_mxbai,4072,1782214175.772373,,,
9368,0,svm,max,balanced,cached_mxbai,4073,1782214176.2998497,,,
4093,0,svm,max,balanced,cached_mxbai,4074,1782214176.8284726,,,
5197,0,svm,max,balanced,cached_mxbai,4075,1782214177.3589048,,,
6302,0,svm,max,balanced,cached_mxbai,4076,1782214177.8869274,,,
3508,0,svm,max,balanced,cached_mxbai,4077,1782214178.4178393,,,
10589,0,svm,max,balanced,cached_mxbai,4078,1782214178.9487026,,,
3790,0,svm,max,balanced,cached_mxbai,4079,1782214179.4792583,,,
7742,0,svm,max,balanced,cached_mxbai,4080,1782214180.008024,,,
8195,0,svm,max,balanced,cached_mxbai,4081,1782214180.540575,,,
3851,0,svm,max,balanced,cached_mxbai,4082,1782214181.0711079,,,
5243,0,svm,max,balanced,cached_mxbai,4083,1782214181.6012948,,,
3271,0,svm,max,balanced,cached_mxbai,4084,1782214182.1325753,,,
3071,0,svm,max,balanced,cached_mxbai,4085,1782214182.664559,,,
1074,0,svm,max,balanced,cached_mxbai,4086,1782214183.1954007,,,
1990,0,svm,max,balanced,cached_mxbai,4087,1782214183.7285783,,,
3118,0,svm,max,balanced,cached_mxbai,4088,1782214184.257571,,,
8857,0,svm,max,balanced,cached_mxbai,4089,1782214184.7844453,,,
4561,0,svm,max,balanced,cached_mxbai,4090,1782214185.326241,,,
9082,0,svm,max,balanced,cached_mxbai,4091,1782214185.8584201,,,
3723,0,svm,max,balanced,cached_mxbai,4092,1782214186.3929632,,,
9694,0,svm,max,balanced,cached_mxbai,4093,1782214186.9291356,,,
8313,0,svm,max,balanced,cached_mxbai,4094,1782214187.4651246,,,
5594,0,svm,max,balanced,cached_mxbai,4095,1782214187.998989,,,
9036,0,svm,max,balanced,cached_mxbai,4096,1782214188.5287004,,,
3660,0,svm,max,balanced,cached_mxbai,4097,1782214189.062971,,,
8571,0,svm,max,balanced,cached_mxbai,4098,1782214189.598819,,,
5107,0,svm,max,balanced,cached_mxbai,4099,1782214190.125965,,,
2548,0,svm,max,balanced,cached_mxbai,4100,1782214190.664183,,,
5911,0,svm,max,balanced,cached_mxbai,4101,1782214191.1957352,,,
1054,0,svm,max,balanced,cached_mxbai,4102,1782214191.7312176,,,
5938,0,svm,max,balanced,cached_mxbai,4103,1782214192.2625544,,,
1535,0,svm,max,balanced,cached_mxbai,4104,1782214192.836946,,,
4076,0,svm,max,balanced,cached_mxbai,4105,1782214193.3945348,,,
8614,0,svm,max,balanced,cached_mxbai,4106,1782214193.924718,,,
6686,0,svm,max,balanced,cached_mxbai,4107,1782214194.4572651,,,
2047,0,svm,max,balanced,cached_mxbai,4108,1782214194.9907205,,,
6012,0,svm,max,balanced,cached_mxbai,4109,1782214195.5345795,,,
10275,0,svm,max,balanced,cached_mxbai,4110,1782214196.0643952,,,
3559,0,svm,max,balanced,cached_mxbai,4111,1782214196.6065412,,,
4272,0,svm,max,balanced,cached_mxbai,4112,1782214197.1536586,,,
5764,0,svm,max,balanced,cached_mxbai,4113,1782214197.698532,,,
6948,0,svm,max,balanced,cached_mxbai,4114,1782214198.230708,,,
239,0,svm,max,balanced,cached_mxbai,4115,1782214198.772922,,,
1406,0,svm,max,balanced,cached_mxbai,4116,1782214199.3060648,,,
3139,0,svm,max,balanced,cached_mxbai,4117,1782214199.8404353,,,
9080,0,svm,max,balanced,cached_mxbai,4118,1782214200.3748224,,,
1904,0,svm,max,balanced,cached_mxbai,4119,1782214200.9149919,,,
6472,0,svm,max,balanced,cached_mxbai,4120,1782214201.4683962,,,
8765,0,svm,max,balanced,cached_mxbai,4121,1782214202.0186064,,,
5919,0,svm,max,balanced,cached_mxbai,4122,1782214202.5498517,,,
7025,0,svm,max,balanced,cached_mxbai,4123,1782214203.094296,,,
6184,0,svm,max,balanced,cached_mxbai,4124,1782214203.6324892,,,
867,0,svm,max,balanced,cached_mxbai,4125,1782214204.177282,,,
7542,0,svm,max,balanced,cached_mxbai,4126,1782214204.7165952,,,
7314,0,svm,max,balanced,cached_mxbai,4127,1782214205.274983,,,
1744,0,svm,max,balanced,cached_mxbai,4128,1782214205.8154716,,,
988,0,svm,max,balanced,cached_mxbai,4129,1782214206.3512504,,,
8674,0,svm,max,balanced,cached_mxbai,4130,1782214206.8846533,,,
393,0,svm,max,balanced,cached_mxbai,4131,1782214207.4212713,,,
6997,0,svm,max,balanced,cached_mxbai,4132,1782214207.9504135,,,
9932,0,svm,max,balanced,cached_mxbai,4133,1782214208.4823089,,,
9500,0,svm,max,balanced,cached_mxbai,4134,1782214209.020391,,,
7599,0,svm,max,balanced,cached_mxbai,4135,1782214209.550816,,,
3154,0,svm,max,balanced,cached_mxbai,4136,1782214210.08453,,,
9127,0,svm,max,balanced,cached_mxbai,4137,1782214210.6255605,,,
5113,0,svm,max,balanced,cached_mxbai,4138,1782214211.1637108,,,
5927,0,svm,max,balanced,cached_mxbai,4139,1782214211.6960125,,,
252,0,svm,max,balanced,cached_mxbai,4140,1782214212.234249,,,
3498,0,svm,max,balanced,cached_mxbai,4141,1782214212.770109,,,
7835,0,svm,max,balanced,cached_mxbai,4142,1782214213.3267434,,,
67,0,svm,max,balanced,cached_mxbai,4143,1782214213.8675816,,,
1636,0,svm,max,balanced,cached_mxbai,4144,1782214214.4036949,,,
8487,0,svm,max,balanced,cached_mxbai,4145,1782214214.9428136,,,
7791,0,svm,max,balanced,cached_mxbai,4146,1782214215.498244,,,
1598,0,svm,max,balanced,cached_mxbai,4147,1782214216.032833,,,
1201,0,svm,max,balanced,cached_mxbai,4148,1782214216.5661843,,,
3066,0,svm,max,balanced,cached_mxbai,4149,1782214217.106546,,,
8703,0,svm,max,balanced,cached_mxbai,4150,1782214217.6381624,,,
7785,0,svm,max,balanced,cached_mxbai,4151,1782214218.172645,,,
3369,0,svm,max,balanced,cached_mxbai,4152,1782214218.707991,,,
9662,0,svm,max,balanced,cached_mxbai,4153,1782214219.243187,,,
5966,0,svm,max,balanced,cached_mxbai,4154,1782214219.7759726,,,
2658,0,svm,max,balanced,cached_mxbai,4155,1782214220.309435,,,
6157,0,svm,max,balanced,cached_mxbai,4156,1782214220.8426607,,,
1390,0,svm,max,balanced,cached_mxbai,4157,1782214221.3812828,,,
9639,0,svm,max,balanced,cached_mxbai,4158,1782214221.9216247,,,
4911,0,svm,max,balanced,cached_mxbai,4159,1782214222.4563766,,,
920,0,svm,max,balanced,cached_mxbai,4160,1782214222.9951236,,,
9982,0,svm,max,balanced,cached_mxbai,4161,1782214223.5466113,,,
7426,0,svm,max,balanced,cached_mxbai,4162,1782214224.082479,,,
122,0,svm,max,balanced,cached_mxbai,4163,1782214224.621625,,,
1828,0,svm,max,balanced,cached_mxbai,4164,1782214225.165855,,,
5411,0,svm,max,balanced,cached_mxbai,4165,1782214225.7244763,,,
1436,0,svm,max,balanced,cached_mxbai,4166,1782214226.274601,,,
3395,0,svm,max,balanced,cached_mxbai,4167,1782214226.8198295,,,
70,0,svm,max,balanced,cached_mxbai,4168,1782214227.3529065,,,
4043,0,svm,max,balanced,cached_mxbai,4169,1782214227.879402,,,
2744,0,svm,max,balanced,cached_mxbai,4170,1782214228.4066575,,,
4948,0,svm,max,balanced,cached_mxbai,4171,1782214228.9390156,,,
4033,0,svm,max,balanced,cached_mxbai,4172,1782214229.4638054,,,
2902,0,svm,max,balanced,cached_mxbai,4173,1782214229.9980605,,,
5173,0,svm,max,balanced,cached_mxbai,4174,1782214230.5304496,,,
8222,0,svm,max,balanced,cached_mxbai,4175,1782214231.0649183,,,
9987,0,svm,max,balanced,cached_mxbai,4176,1782214231.5974026,,,
9895,0,svm,max,balanced,cached_mxbai,4177,1782214232.132221,,,
983,0,svm,max,balanced,cached_mxbai,4178,1782214232.667763,,,
3858,0,svm,max,balanced,cached_mxbai,4179,1782214233.2116241,,,
4388,0,svm,max,balanced,cached_mxbai,4180,1782214233.7484336,,,
7223,0,svm,max,balanced,cached_mxbai,4181,1782214234.2962523,,,
1309,0,svm,max,balanced,cached_mxbai,4182,1782214234.8326697,,,
1955,0,svm,max,balanced,cached_mxbai,4183,1782214235.3861644,,,
4563,0,svm,max,balanced,cached_mxbai,4184,1782214235.9195042,,,
3193,0,svm,max,balanced,cached_mxbai,4185,1782214236.452939,,,
3779,0,svm,max,balanced,cached_mxbai,4186,1782214236.9857705,,,
4149,0,svm,max,balanced,cached_mxbai,4187,1782214237.523227,,,
9471,0,svm,max,balanced,cached_mxbai,4188,1782214238.0682514,,,
1313,0,svm,max,balanced,cached_mxbai,4189,1782214238.600006,,,
3439,0,svm,max,balanced,cached_mxbai,4190,1782214239.1463158,,,
4647,0,svm,max,balanced,cached_mxbai,4191,1782214239.6863484,,,
5626,0,svm,max,balanced,cached_mxbai,4192,1782214240.2287762,,,
10552,0,svm,max,balanced,cached_mxbai,4193,1782214240.7715805,,,
1876,0,svm,max,balanced,cached_mxbai,4194,1782214241.3025994,,,
435,0,svm,max,balanced,cached_mxbai,4195,1782214241.837087,,,
5217,0,svm,max,balanced,cached_mxbai,4196,1782214242.3709023,,,
5474,0,svm,max,balanced,cached_mxbai,4197,1782214242.9794517,,,
8589,0,svm,max,balanced,cached_mxbai,4198,1782214243.5912352,,,
6620,0,svm,max,balanced,cached_mxbai,4199,1782214244.2013054,,,
9534,0,svm,max,balanced,cached_mxbai,4200,1782214244.8082874,,,
3319,0,svm,max,balanced,cached_mxbai,4201,1782214245.4350994,,,
9598,0,svm,max,balanced,cached_mxbai,4202,1782214245.9769108,,,
1540,0,svm,max,balanced,cached_mxbai,4203,1782214246.5121803,,,
6852,0,svm,max,balanced,cached_mxbai,4204,1782214247.0512729,,,
7934,0,svm,max,balanced,cached_mxbai,4205,1782214247.5889208,,,
145,0,svm,max,balanced,cached_mxbai,4206,1782214248.1274173,,,
3324,0,svm,max,balanced,cached_mxbai,4207,1782214248.6644263,,,
3882,0,svm,max,balanced,cached_mxbai,4208,1782214249.2105384,,,
2313,0,svm,max,balanced,cached_mxbai,4209,1782214249.7486382,,,
9680,0,svm,max,balanced,cached_mxbai,4210,1782214250.2863586,,,
10262,0,svm,max,balanced,cached_mxbai,4211,1782214250.8235595,,,
3880,0,svm,max,balanced,cached_mxbai,4212,1782214251.3634808,,,
1553,0,svm,max,balanced,cached_mxbai,4213,1782214251.903953,,,
8663,0,svm,max,balanced,cached_mxbai,4214,1782214252.446535,,,
9722,0,svm,max,balanced,cached_mxbai,4215,1782214252.9882977,,,
7501,0,svm,max,balanced,cached_mxbai,4216,1782214253.5268908,,,
7624,0,svm,max,balanced,cached_mxbai,4217,1782214254.0728605,,,
1579,0,svm,max,balanced,cached_mxbai,4218,1782214254.6120582,,,
8869,0,svm,max,balanced,cached_mxbai,4219,1782214255.1555762,,,
147,0,svm,max,balanced,cached_mxbai,4220,1782214255.713987,,,
3299,0,svm,max,balanced,cached_mxbai,4221,1782214256.255665,,,
9807,0,svm,max,balanced,cached_mxbai,4222,1782214256.7970958,,,
161,0,svm,max,balanced,cached_mxbai,4223,1782214257.343224,,,
5040,0,svm,max,balanced,cached_mxbai,4224,1782214257.8817341,,,
3598,0,svm,max,balanced,cached_mxbai,4225,1782214258.4244843,,,
7543,0,svm,max,balanced,cached_mxbai,4226,1782214258.9696472,,,
6217,0,svm,max,balanced,cached_mxbai,4227,1782214259.5073943,,,
1718,0,svm,max,balanced,cached_mxbai,4228,1782214260.048734,,,
9400,0,svm,max,balanced,cached_mxbai,4229,1782214260.5909524,,,
4650,0,svm,max,balanced,cached_mxbai,4230,1782214261.1338403,,,
2160,0,svm,max,balanced,cached_mxbai,4231,1782214261.674793,,,
7954,0,svm,max,balanced,cached_mxbai,4232,1782214262.2181823,,,
8632,0,svm,max,balanced,cached_mxbai,4233,1782214262.7636685,,,
439,0,svm,max,balanced,cached_mxbai,4234,1782214263.308092,,,
301,0,svm,max,balanced,cached_mxbai,4235,1782214263.8513174,,,
5130,0,svm,max,balanced,cached_mxbai,4236,1782214264.3897648,,,
684,0,svm,max,balanced,cached_mxbai,4237,1782214264.9304035,,,
5300,0,svm,max,balanced,cached_mxbai,4238,1782214265.500709,,,
5837,0,svm,max,balanced,cached_mxbai,4239,1782214266.0474489,,,
525,0,svm,max,balanced,cached_mxbai,4240,1782214266.5949402,,,
1994,0,svm,max,balanced,cached_mxbai,4241,1782214267.148212,,,
8323,0,svm,max,balanced,cached_mxbai,4242,1782214267.7026224,,,
6243,0,svm,max,balanced,cached_mxbai,4243,1782214268.2484179,,,
8425,0,svm,max,balanced,cached_mxbai,4244,1782214268.795533,,,
3906,0,svm,max,balanced,cached_mxbai,4245,1782214269.3424253,,,
7280,0,svm,max,balanced,cached_mxbai,4246,1782214269.8877535,,,
6898,0,svm,max,balanced,cached_mxbai,4247,1782214270.435901,,,
3823,0,svm,max,balanced,cached_mxbai,4248,1782214270.9797564,,,
3898,0,svm,max,balanced,cached_mxbai,4249,1782214271.5238655,,,
1130,0,svm,max,balanced,cached_mxbai,4250,1782214272.0684068,,,
3799,0,svm,max,balanced,cached_mxbai,4251,1782214272.611586,,,
2994,0,svm,max,balanced,cached_mxbai,4252,1782214273.1572108,,,
4838,0,svm,max,balanced,cached_mxbai,4253,1782214273.7079375,,,
4085,0,svm,max,balanced,cached_mxbai,4254,1782214274.2523744,,,
6079,0,svm,max,balanced,cached_mxbai,4255,1782214274.7986937,,,
537,0,svm,max,balanced,cached_mxbai,4256,1782214275.3717356,,,
9958,0,svm,max,balanced,cached_mxbai,4257,1782214275.9208946,,,
776,0,svm,max,balanced,cached_mxbai,4258,1782214276.4645426,,,
8204,0,svm,max,balanced,cached_mxbai,4259,1782214277.0128024,,,
1794,0,svm,max,balanced,cached_mxbai,4260,1782214277.558246,,,
1152,0,svm,max,balanced,cached_mxbai,4261,1782214278.108078,,,
3454,0,svm,max,balanced,cached_mxbai,4262,1782214278.6510546,,,
3711,0,svm,max,balanced,cached_mxbai,4263,1782214279.2058353,,,
4240,0,svm,max,balanced,cached_mxbai,4264,1782214279.7533858,,,
2767,0,svm,max,balanced,cached_mxbai,4265,1782214280.2990098,,,
5477,0,svm,max,balanced,cached_mxbai,4266,1782214280.848547,,,
1617,0,svm,max,balanced,cached_mxbai,4267,1782214281.3973198,,,
7558,0,svm,max,balanced,cached_mxbai,4268,1782214281.9415278,,,
8341,0,svm,max,balanced,cached_mxbai,4269,1782214282.4913878,,,
3530,0,svm,max,balanced,cached_mxbai,4270,1782214283.0359304,,,
4715,0,svm,max,balanced,cached_mxbai,4271,1782214283.6139367,,,
3311,0,svm,max,balanced,cached_mxbai,4272,1782214284.163536,,,
9169,0,svm,max,balanced,cached_mxbai,4273,1782214284.7072382,,,
602,0,svm,max,balanced,cached_mxbai,4274,1782214285.2807517,,,
1206,0,svm,max,balanced,cached_mxbai,4275,1782214285.846349,,,
3100,0,svm,max,balanced,cached_mxbai,4276,1782214286.3977613,,,
9367,0,svm,max,balanced,cached_mxbai,4277,1782214286.9496589,,,
3517,0,svm,max,balanced,cached_mxbai,4278,1782214287.5052028,,,
192,0,svm,max,balanced,cached_mxbai,4279,1782214288.0613961,,,
4267,0,svm,max,balanced,cached_mxbai,4280,1782214288.622373,,,
9043,0,svm,max,balanced,cached_mxbai,4281,1782214289.18766,,,
8672,0,svm,max,balanced,cached_mxbai,4282,1782214289.7435584,,,
5642,0,svm,max,balanced,cached_mxbai,4283,1782214290.302883,,,
4831,0,svm,max,balanced,cached_mxbai,4284,1782214290.8607156,,,
6332,0,svm,max,balanced,cached_mxbai,4285,1782214291.4183903,,,
9924,0,svm,max,balanced,cached_mxbai,4286,1782214291.972701,,,
7450,0,svm,max,balanced,cached_mxbai,4287,1782214292.5304413,,,
1521,0,svm,max,balanced,cached_mxbai,4288,1782214293.0872972,,,
3837,0,svm,max,balanced,cached_mxbai,4289,1782214293.6437635,,,
8549,0,svm,max,balanced,cached_mxbai,4290,1782214294.1985695,,,
1204,0,svm,max,balanced,cached_mxbai,4291,1782214294.751226,,,
7640,0,svm,max,balanced,cached_mxbai,4292,1782214295.3226414,,,
4479,0,svm,max,balanced,cached_mxbai,4293,1782214295.8776593,,,
9597,0,svm,max,balanced,cached_mxbai,4294,1782214296.4301105,,,
1967,0,svm,max,balanced,cached_mxbai,4295,1782214296.9864745,,,
9655,0,svm,max,balanced,cached_mxbai,4296,1782214297.537613,,,
3438,0,svm,max,balanced,cached_mxbai,4297,1782214298.0965302,,,
1475,0,svm,max,balanced,cached_mxbai,4298,1782214298.6557071,,,
1185,0,svm,max,balanced,cached_mxbai,4299,1782214299.2229817,,,
10548,0,svm,max,balanced,cached_mxbai,4300,1782214299.7754548,,,
10072,0,svm,max,balanced,cached_mxbai,4301,1782214300.3434548,,,
4298,0,svm,max,balanced,cached_mxbai,4302,1782214300.8968532,,,
1630,0,svm,max,balanced,cached_mxbai,4303,1782214301.4506779,,,
3037,0,svm,max,balanced,cached_mxbai,4304,1782214302.006579,,,
7613,0,svm,max,balanced,cached_mxbai,4305,1782214302.5593684,,,
2934,0,svm,max,balanced,cached_mxbai,4306,1782214303.1251612,,,
3854,0,svm,max,balanced,cached_mxbai,4307,1782214303.6900263,,,
7885,0,svm,max,balanced,cached_mxbai,4308,1782214304.2635567,,,
10265,0,svm,max,balanced,cached_mxbai,4309,1782214304.824048,,,
8922,0,svm,max,balanced,cached_mxbai,4310,1782214305.4040053,,,
3014,0,svm,max,balanced,cached_mxbai,4311,1782214305.9638717,,,
7513,0,svm,max,balanced,cached_mxbai,4312,1782214306.5190656,,,
2763,0,svm,max,balanced,cached_mxbai,4313,1782214307.0769055,,,
9246,0,svm,max,balanced,cached_mxbai,4314,1782214307.631221,,,
280,0,svm,max,balanced,cached_mxbai,4315,1782214308.1889062,,,
1208,0,svm,max,balanced,cached_mxbai,4316,1782214308.747775,,,
5541,0,svm,max,balanced,cached_mxbai,4317,1782214309.312663,,,
3769,0,svm,max,balanced,cached_mxbai,4318,1782214309.870648,,,
7990,0,svm,max,balanced,cached_mxbai,4319,1782214310.430908,,,
3096,0,svm,max,balanced,cached_mxbai,4320,1782214310.984434,,,
9444,0,svm,max,balanced,cached_mxbai,4321,1782214311.5470521,,,
899,0,svm,max,balanced,cached_mxbai,4322,1782214312.1045368,,,
4040,0,svm,max,balanced,cached_mxbai,4323,1782214312.6648374,,,
668,0,svm,max,balanced,cached_mxbai,4324,1782214313.222764,,,
10347,0,svm,max,balanced,cached_mxbai,4325,1782214313.7869053,,,
3915,0,svm,max,balanced,cached_mxbai,4326,1782214314.359947,,,
6999,0,svm,max,balanced,cached_mxbai,4327,1782214314.9179618,,,
9946,0,svm,max,balanced,cached_mxbai,4328,1782214315.498774,,,
3068,0,svm,max,balanced,cached_mxbai,4329,1782214316.0566056,,,
9641,0,svm,max,balanced,cached_mxbai,4330,1782214316.6188066,,,
2509,0,svm,max,balanced,cached_mxbai,4331,1782214317.187415,,,
6043,0,svm,max,balanced,cached_mxbai,4332,1782214317.7510488,,,
5532,0,svm,max,balanced,cached_mxbai,4333,1782214318.3123858,,,
3749,0,svm,max,balanced,cached_mxbai,4334,1782214318.8755076,,,
5930,0,svm,max,balanced,cached_mxbai,4335,1782214319.436235,,,
2411,0,svm,max,balanced,cached_mxbai,4336,1782214319.9947267,,,
3469,0,svm,max,balanced,cached_mxbai,4337,1782214320.5566204,,,
2930,0,svm,max,balanced,cached_mxbai,4338,1782214321.1168654,,,
2608,0,svm,max,balanced,cached_mxbai,4339,1782214321.6769507,,,
3628,0,svm,max,balanced,cached_mxbai,4340,1782214322.235674,,,
4050,0,svm,max,balanced,cached_mxbai,4341,1782214322.804847,,,
4285,0,svm,max,balanced,cached_mxbai,4342,1782214323.39956,,,
3133,0,svm,max,balanced,cached_mxbai,4343,1782214323.9729571,,,
4860,0,svm,max,balanced,cached_mxbai,4344,1782214324.5462317,,,
3541,0,svm,max,balanced,cached_mxbai,4345,1782214325.1227903,,,
2730,0,svm,max,balanced,cached_mxbai,4346,1782214325.705832,,,
761,0,svm,max,balanced,cached_mxbai,4347,1782214326.2672803,,,
2778,0,svm,max,balanced,cached_mxbai,4348,1782214326.827109,,,
2593,0,svm,max,balanced,cached_mxbai,4349,1782214327.391196,,,
8350,0,svm,max,balanced,cached_mxbai,4350,1782214327.9502845,,,
8898,0,svm,max,balanced,cached_mxbai,4351,1782214328.515997,,,
8147,0,svm,max,balanced,cached_mxbai,4352,1782214329.0842032,,,
214,0,svm,max,balanced,cached_mxbai,4353,1782214329.6525664,,,
3631,0,svm,max,balanced,cached_mxbai,4354,1782214330.2180324,,,
4798,0,svm,max,balanced,cached_mxbai,4355,1782214330.7852993,,,
3315,0,svm,max,balanced,cached_mxbai,4356,1782214331.3499885,,,
1337,0,svm,max,balanced,cached_mxbai,4357,1782214331.9179645,,,
5898,0,svm,max,balanced,cached_mxbai,4358,1782214332.481789,,,
4946,0,svm,max,balanced,cached_mxbai,4359,1782214333.0503051,,,
1838,0,svm,max,balanced,cached_mxbai,4360,1782214333.6233943,,,
7957,0,svm,max,balanced,cached_mxbai,4361,1782214334.19089,,,
8538,0,svm,max,balanced,cached_mxbai,4362,1782214334.7526772,,,
6556,0,svm,max,balanced,cached_mxbai,4363,1782214335.335992,,,
2786,0,svm,max,balanced,cached_mxbai,4364,1782214335.8963072,,,
6023,0,svm,max,balanced,cached_mxbai,4365,1782214336.4557276,,,
2644,0,svm,max,balanced,cached_mxbai,4366,1782214337.0204163,,,
1221,0,svm,max,balanced,cached_mxbai,4367,1782214337.5885026,,,
1512,0,svm,max,balanced,cached_mxbai,4368,1782214338.1501994,,,
4137,0,svm,max,balanced,cached_mxbai,4369,1782214338.7163885,,,
6592,0,svm,max,balanced,cached_mxbai,4370,1782214339.2782664,,,
2968,0,svm,max,balanced,cached_mxbai,4371,1782214339.839499,,,
68,0,svm,max,balanced,cached_mxbai,4372,1782214340.4028006,,,
5279,0,svm,max,balanced,cached_mxbai,4373,1782214340.9644835,,,
8894,0,svm,max,balanced,cached_mxbai,4374,1782214341.528588,,,
3186,0,svm,max,balanced,cached_mxbai,4375,1782214342.0928438,,,
719,0,svm,max,balanced,cached_mxbai,4376,1782214342.6653335,,,
6016,0,svm,max,balanced,cached_mxbai,4377,1782214343.2406538,,,
10340,0,svm,max,balanced,cached_mxbai,4378,1782214343.8034325,,,
2146,0,svm,max,balanced,cached_mxbai,4379,1782214344.371845,,,
4025,0,svm,max,balanced,cached_mxbai,4380,1782214344.9356294,,,
10581,0,svm,max,balanced,cached_mxbai,4381,1782214345.5330567,,,
1997,0,svm,max,balanced,cached_mxbai,4382,1782214346.098619,,,
4429,0,svm,max,balanced,cached_mxbai,4383,1782214346.664581,,,
6141,0,svm,max,balanced,cached_mxbai,4384,1782214347.2377913,,,
4984,0,svm,max,balanced,cached_mxbai,4385,1782214347.8022268,,,
141,0,svm,max,balanced,cached_mxbai,4386,1782214348.3762946,,,
6653,0,svm,max,balanced,cached_mxbai,4387,1782214348.9497504,,,
455,0,svm,max,balanced,cached_mxbai,4388,1782214349.5190492,,,
6354,0,svm,max,balanced,cached_mxbai,4389,1782214350.0908098,,,
6299,0,svm,max,balanced,cached_mxbai,4390,1782214350.6626542,,,
5910,0,svm,max,balanced,cached_mxbai,4391,1782214351.2334938,,,
7628,0,svm,max,balanced,cached_mxbai,4392,1782214351.806197,,,
7013,0,svm,max,balanced,cached_mxbai,4393,1782214352.3747745,,,
6073,0,svm,max,balanced,cached_mxbai,4394,1782214352.9453294,,,
2986,0,svm,max,balanced,cached_mxbai,4395,1782214353.5171003,,,
2580,0,svm,max,balanced,cached_mxbai,4396,1782214354.0857587,,,
731,0,svm,max,balanced,cached_mxbai,4397,1782214354.65378,,,
5402,0,svm,max,balanced,cached_mxbai,4398,1782214355.2374215,,,
848,0,svm,max,balanced,cached_mxbai,4399,1782214355.828485,,,
1871,0,svm,max,balanced,cached_mxbai,4400,1782214356.395487,,,
9181,0,svm,max,balanced,cached_mxbai,4401,1782214357.0512753,,,
5740,0,svm,max,balanced,cached_mxbai,4402,1782214357.7110116,,,
8932,0,svm,max,balanced,cached_mxbai,4403,1782214358.372951,,,
3408,0,svm,max,balanced,cached_mxbai,4404,1782214358.9446285,,,
7003,0,svm,max,balanced,cached_mxbai,4405,1782214359.5075312,,,
1825,0,svm,max,balanced,cached_mxbai,4406,1782214360.0758793,,,
6897,0,svm,max,balanced,cached_mxbai,4407,1782214360.6428485,,,
5836,0,svm,max,balanced,cached_mxbai,4408,1782214361.3041108,,,
9490,0,svm,max,balanced,cached_mxbai,4409,1782214361.9422748,,,
10068,0,svm,max,balanced,cached_mxbai,4410,1782214362.5947418,,,
803,0,svm,max,balanced,cached_mxbai,4411,1782214363.2396936,,,
5694,0,svm,max,balanced,cached_mxbai,4412,1782214363.8819942,,,
10519,0,svm,max,balanced,cached_mxbai,4413,1782214364.5301917,,,
7620,0,svm,max,balanced,cached_mxbai,4414,1782214365.1972544,,,
63,0,svm,max,balanced,cached_mxbai,4415,1782214365.795508,,,
4152,0,svm,max,balanced,cached_mxbai,4416,1782214366.3736546,,,
8873,0,svm,max,balanced,cached_mxbai,4417,1782214366.946777,,,
2394,0,svm,max,balanced,cached_mxbai,4418,1782214367.5223053,,,
90,0,svm,max,balanced,cached_mxbai,4419,1782214368.0920458,,,
8630,0,svm,max,balanced,cached_mxbai,4420,1782214368.6681614,,,
4856,0,svm,max,balanced,cached_mxbai,4421,1782214369.2439191,,,
449,0,svm,max,balanced,cached_mxbai,4422,1782214369.815565,,,
7459,0,svm,max,balanced,cached_mxbai,4423,1782214370.3892078,,,
9347,0,svm,max,balanced,cached_mxbai,4424,1782214370.959765,,,
3085,0,svm,max,balanced,cached_mxbai,4425,1782214371.5366974,,,
9372,0,svm,max,balanced,cached_mxbai,4426,1782214372.1051993,,,
9511,0,svm,max,balanced,cached_mxbai,4427,1782214372.6739187,,,
5201,0,svm,max,balanced,cached_mxbai,4428,1782214373.2462685,,,
3191,0,svm,max,balanced,cached_mxbai,4429,1782214373.8169174,,,
3334,0,svm,max,balanced,cached_mxbai,4430,1782214374.3985465,,,
4054,0,svm,max,balanced,cached_mxbai,4431,1782214374.9740577,,,
7484,0,svm,max,balanced,cached_mxbai,4432,1782214375.5616827,,,
2785,0,svm,max,balanced,cached_mxbai,4433,1782214376.127669,,,
9205,0,svm,max,balanced,cached_mxbai,4434,1782214376.7915194,,,
5143,0,svm,max,balanced,cached_mxbai,4435,1782214377.3704557,,,
6937,0,svm,max,balanced,cached_mxbai,4436,1782214377.9362159,,,
4754,0,svm,max,balanced,cached_mxbai,4437,1782214378.5046546,,,
1668,0,svm,max,balanced,cached_mxbai,4438,1782214379.0777228,,,
9212,0,svm,max,balanced,cached_mxbai,4439,1782214379.6494832,,,
9178,0,svm,max,balanced,cached_mxbai,4440,1782214380.2211192,,,
4181,0,svm,max,balanced,cached_mxbai,4441,1782214380.7952564,,,
5772,0,svm,max,balanced,cached_mxbai,4442,1782214381.3662949,,,
5498,0,svm,max,balanced,cached_mxbai,4443,1782214381.93223,,,
5738,0,svm,max,balanced,cached_mxbai,4444,1782214382.50921,,,
3267,0,svm,max,balanced,cached_mxbai,4445,1782214383.0801816,,,
4953,0,svm,max,balanced,cached_mxbai,4446,1782214383.6498954,,,
5664,0,svm,max,balanced,cached_mxbai,4447,1782214384.216801,,,
5675,0,svm,max,balanced,cached_mxbai,4448,1782214384.7892215,,,
2924,0,svm,max,balanced,cached_mxbai,4449,1782214385.3713953,,,
1454,0,svm,max,balanced,cached_mxbai,4450,1782214385.9402905,,,
3362,0,svm,max,balanced,cached_mxbai,4451,1782214386.5078454,,,
10236,0,svm,max,balanced,cached_mxbai,4452,1782214387.078801,,,
10421,0,svm,max,balanced,cached_mxbai,4453,1782214387.6481984,,,
1569,0,svm,max,balanced,cached_mxbai,4454,1782214388.2172751,,,
8304,0,svm,max,balanced,cached_mxbai,4455,1782214388.791644,,,
3531,0,svm,max,balanced,cached_mxbai,4456,1782214389.3633025,,,
5887,0,svm,max,balanced,cached_mxbai,4457,1782214389.9368012,,,
987,0,svm,max,balanced,cached_mxbai,4458,1782214390.509867,,,
3928,0,svm,max,balanced,cached_mxbai,4459,1782214391.0813766,,,
2462,0,svm,max,balanced,cached_mxbai,4460,1782214391.7491968,,,
7718,0,svm,max,balanced,cached_mxbai,4461,1782214392.4173205,,,
1467,0,svm,max,balanced,cached_mxbai,4462,1782214393.0826821,,,
376,0,svm,max,balanced,cached_mxbai,4463,1782214393.7477112,,,
5868,0,svm,max,balanced,cached_mxbai,4464,1782214394.4127493,,,
5337,0,svm,max,balanced,cached_mxbai,4465,1782214395.089154,,,
744,0,svm,max,balanced,cached_mxbai,4466,1782214395.7760625,,,
3123,0,svm,max,balanced,cached_mxbai,4467,1782214396.4438906,,,
6561,0,svm,max,balanced,cached_mxbai,4468,1782214397.0923002,,,
9745,0,svm,max,balanced,cached_mxbai,4469,1782214397.7445407,,,
7889,0,svm,max,balanced,cached_mxbai,4470,1782214398.3928585,,,
8177,0,svm,max,balanced,cached_mxbai,4471,1782214399.0611289,,,
2446,0,svm,max,balanced,cached_mxbai,4472,1782214399.7092302,,,
5225,0,svm,max,balanced,cached_mxbai,4473,1782214400.3425832,,,
3532,0,svm,max,balanced,cached_mxbai,4474,1782214400.973723,,,
2607,0,svm,max,balanced,cached_mxbai,4475,1782214401.6349468,,,
2561,0,svm,max,balanced,cached_mxbai,4476,1782214402.2832098,,,
753,0,svm,max,balanced,cached_mxbai,4477,1782214402.9393075,,,
8187,0,svm,max,balanced,cached_mxbai,4478,1782214403.598282,,,
2194,0,svm,max,balanced,cached_mxbai,4479,1782214404.2389543,,,
2338,0,svm,max,balanced,cached_mxbai,4480,1782214404.889447,,,
2695,0,svm,max,balanced,cached_mxbai,4481,1782214405.566407,,,
8108,0,svm,max,balanced,cached_mxbai,4482,1782214406.203876,,,
3394,0,svm,max,balanced,cached_mxbai,4483,1782214406.8406477,,,
2177,0,svm,max,balanced,cached_mxbai,4484,1782214407.485117,,,
9667,0,svm,max,balanced,cached_mxbai,4485,1782214408.1249528,,,
9486,0,svm,max,balanced,cached_mxbai,4486,1782214408.7748108,,,
8978,0,svm,max,balanced,cached_mxbai,4487,1782214409.417661,,,
9705,0,svm,max,balanced,cached_mxbai,4488,1782214410.0759232,,,
6031,0,svm,max,balanced,cached_mxbai,4489,1782214410.7356684,,,
7829,0,svm,max,balanced,cached_mxbai,4490,1782214411.390912,,,
3958,0,svm,max,balanced,cached_mxbai,4491,1782214412.0488923,,,
2988,0,svm,max,balanced,cached_mxbai,4492,1782214412.698952,,,
5047,0,svm,max,balanced,cached_mxbai,4493,1782214413.357617,,,
953,0,svm,max,balanced,cached_mxbai,4494,1782214414.0122192,,,
1804,0,svm,max,balanced,cached_mxbai,4495,1782214414.666843,,,
6076,0,svm,max,balanced,cached_mxbai,4496,1782214415.334234,,,
2284,0,svm,max,balanced,cached_mxbai,4497,1782214415.9963875,,,
7188,0,svm,max,balanced,cached_mxbai,4498,1782214416.655465,,,
8948,0,svm,max,balanced,cached_mxbai,4499,1782214417.3105574,,,
1956,0,svm,max,balanced,cached_mxbai,4500,1782214417.9633546,,,
1067,0,svm,max,balanced,cached_mxbai,4501,1782214418.622102,,,
7039,0,svm,max,balanced,cached_mxbai,4502,1782214419.2834508,,,
8727,0,svm,max,balanced,cached_mxbai,4503,1782214419.9452155,,,
7713,0,svm,max,balanced,cached_mxbai,4504,1782214420.599123,,,
6701,0,svm,max,balanced,cached_mxbai,4505,1782214421.2640493,,,
2186,0,svm,max,balanced,cached_mxbai,4506,1782214421.9180105,,,
7209,0,svm,max,balanced,cached_mxbai,4507,1782214422.5776336,,,
3114,0,svm,max,balanced,cached_mxbai,4508,1782214423.2324154,,,
119,0,svm,max,balanced,cached_mxbai,4509,1782214423.892675,,,
1558,0,svm,max,balanced,cached_mxbai,4510,1782214424.549309,,,
2528,0,svm,max,balanced,cached_mxbai,4511,1782214425.2158349,,,
8781,0,svm,max,balanced,cached_mxbai,4512,1782214425.8907948,,,
3340,0,svm,max,balanced,cached_mxbai,4513,1782214426.5380113,,,
8277,0,svm,max,balanced,cached_mxbai,4514,1782214427.1976926,,,
6259,0,svm,max,balanced,cached_mxbai,4515,1782214427.852176,,,
9717,0,svm,max,balanced,cached_mxbai,4516,1782214428.5050428,,,
3259,0,svm,max,balanced,cached_mxbai,4517,1782214429.1581142,,,
211,0,svm,max,balanced,cached_mxbai,4518,1782214429.8146524,,,
3425,0,svm,max,balanced,cached_mxbai,4519,1782214430.469821,,,
4830,0,svm,max,balanced,cached_mxbai,4520,1782214431.1448953,,,
7068,0,svm,max,balanced,cached_mxbai,4521,1782214431.832375,,,
8613,0,svm,max,balanced,cached_mxbai,4522,1782214432.4853437,,,
10481,0,svm,max,balanced,cached_mxbai,4523,1782214433.1381679,,,
1037,0,svm,max,balanced,cached_mxbai,4524,1782214433.7900171,,,
3638,0,svm,max,balanced,cached_mxbai,4525,1782214434.440882,,,
88,0,svm,max,balanced,cached_mxbai,4526,1782214435.0951483,,,
2380,0,svm,max,balanced,cached_mxbai,4527,1782214435.7673304,,,
9744,0,svm,max,balanced,cached_mxbai,4528,1782214436.4355583,,,
658,0,svm,max,balanced,cached_mxbai,4529,1782214437.107604,,,
9202,0,svm,max,balanced,cached_mxbai,4530,1782214437.7025347,,,
976,0,svm,max,balanced,cached_mxbai,4531,1782214438.358632,,,
4890,0,svm,max,balanced,cached_mxbai,4532,1782214438.958407,,,
6352,0,svm,max,balanced,cached_mxbai,4533,1782214439.5477126,,,
8872,0,svm,max,balanced,cached_mxbai,4534,1782214440.1400108,,,
6388,0,svm,max,balanced,cached_mxbai,4535,1782214440.7352161,,,
3153,0,svm,max,balanced,cached_mxbai,4536,1782214441.3299875,,,
3352,0,svm,max,balanced,cached_mxbai,4537,1782214441.9259486,,,
7471,0,svm,max,balanced,cached_mxbai,4538,1782214442.5220668,,,
7752,0,svm,max,balanced,cached_mxbai,4539,1782214443.1202211,,,
2219,0,svm,max,balanced,cached_mxbai,4540,1782214443.7170959,,,
6447,0,svm,max,balanced,cached_mxbai,4541,1782214444.3130014,,,
1188,0,svm,max,balanced,cached_mxbai,4542,1782214444.9080484,,,
8616,0,svm,max,balanced,cached_mxbai,4543,1782214445.5256596,,,
9697,0,svm,max,balanced,cached_mxbai,4544,1782214446.1191814,,,
5051,0,svm,max,balanced,cached_mxbai,4545,1782214446.7181027,,,
1434,0,svm,max,balanced,cached_mxbai,4546,1782214447.3130047,,,
1263,0,svm,max,balanced,cached_mxbai,4547,1782214447.9122007,,,
4247,0,svm,max,balanced,cached_mxbai,4548,1782214448.506662,,,
3470,0,svm,max,balanced,cached_mxbai,4549,1782214449.1078546,,,
4645,0,svm,max,balanced,cached_mxbai,4550,1782214449.700202,,,
8070,0,svm,max,balanced,cached_mxbai,4551,1782214450.2963026,,,
444,0,svm,max,balanced,cached_mxbai,4552,1782214450.8901825,,,
5211,0,svm,max,balanced,cached_mxbai,4553,1782214451.4853475,,,
8659,0,svm,max,balanced,cached_mxbai,4554,1782214452.0819252,,,
1691,0,svm,max,balanced,cached_mxbai,4555,1782214452.6787913,,,
8106,0,svm,max,balanced,cached_mxbai,4556,1782214453.273736,,,
10172,0,svm,max,balanced,cached_mxbai,4557,1782214453.8737803,,,
1591,0,svm,max,balanced,cached_mxbai,4558,1782214454.462648,,,
6806,0,svm,max,balanced,cached_mxbai,4559,1782214455.0631182,,,
906,0,svm,max,balanced,cached_mxbai,4560,1782214455.6702673,,,
9161,0,svm,max,balanced,cached_mxbai,4561,1782214456.2640471,,,
9441,0,svm,max,balanced,cached_mxbai,4562,1782214456.856182,,,
2925,0,svm,max,balanced,cached_mxbai,4563,1782214457.4606452,,,
5627,0,svm,max,balanced,cached_mxbai,4564,1782214458.0553067,,,
2754,0,svm,max,balanced,cached_mxbai,4565,1782214458.6508,,,
4099,0,svm,max,balanced,cached_mxbai,4566,1782214459.249731,,,
972,0,svm,max,balanced,cached_mxbai,4567,1782214459.840782,,,
8992,0,svm,max,balanced,cached_mxbai,4568,1782214460.4300735,,,
3472,0,svm,max,balanced,cached_mxbai,4569,1782214461.023521,,,
8302,0,svm,max,balanced,cached_mxbai,4570,1782214461.618275,,,
4956,0,svm,max,balanced,cached_mxbai,4571,1782214462.2165833,,,
8113,0,svm,max,balanced,cached_mxbai,4572,1782214462.8117595,,,
3547,0,svm,max,balanced,cached_mxbai,4573,1782214463.4110782,,,
7997,0,svm,max,balanced,cached_mxbai,4574,1782214464.0108726,,,
3265,0,svm,max,balanced,cached_mxbai,4575,1782214464.6117458,,,
9192,0,svm,max,balanced,cached_mxbai,4576,1782214465.2305465,,,
3967,0,svm,max,balanced,cached_mxbai,4577,1782214465.8511937,,,
5533,0,svm,max,balanced,cached_mxbai,4578,1782214466.4462698,,,
5204,0,svm,max,balanced,cached_mxbai,4579,1782214467.0471973,,,
5824,0,svm,max,balanced,cached_mxbai,4580,1782214467.6494257,,,
3138,0,svm,max,balanced,cached_mxbai,4581,1782214468.2515924,,,
8886,0,svm,max,balanced,cached_mxbai,4582,1782214468.8541608,,,
4854,0,svm,max,balanced,cached_mxbai,4583,1782214469.4550393,,,
1882,0,svm,max,balanced,cached_mxbai,4584,1782214470.052323,,,
6987,0,svm,max,balanced,cached_mxbai,4585,1782214470.6530156,,,
3501,0,svm,max,balanced,cached_mxbai,4586,1782214471.2539241,,,
7736,0,svm,max,balanced,cached_mxbai,4587,1782214471.853685,,,
8566,0,svm,max,balanced,cached_mxbai,4588,1782214472.5276537,,,
8478,0,svm,max,balanced,cached_mxbai,4589,1782214473.2151124,,,
5169,0,svm,max,balanced,cached_mxbai,4590,1782214473.8921611,,,
5046,0,svm,max,balanced,cached_mxbai,4591,1782214474.5718021,,,
5929,0,svm,max,balanced,cached_mxbai,4592,1782214475.2583358,,,
2581,0,svm,max,balanced,cached_mxbai,4593,1782214475.9539094,,,
7389,0,svm,max,balanced,cached_mxbai,4594,1782214476.629514,,,
8064,0,svm,max,balanced,cached_mxbai,4595,1782214477.306612,,,
1593,0,svm,max,balanced,cached_mxbai,4596,1782214477.9840953,,,
4000,0,svm,max,balanced,cached_mxbai,4597,1782214478.6665258,,,
1725,0,svm,max,balanced,cached_mxbai,4598,1782214479.3514311,,,
8748,0,svm,max,balanced,cached_mxbai,4599,1782214480.0312567,,,
2604,0,svm,max,balanced,cached_mxbai,4600,1782214480.7082374,,,
3018,0,svm,max,balanced,cached_mxbai,4601,1782214481.3854527,,,
802,0,svm,max,balanced,cached_mxbai,4602,1782214482.0621233,,,
4447,0,svm,max,balanced,cached_mxbai,4603,1782214482.7362483,,,
10533,0,svm,max,balanced,cached_mxbai,4604,1782214483.4148328,,,
2784,0,svm,max,balanced,cached_mxbai,4605,1782214484.0968611,,,
3361,0,svm,max,balanced,cached_mxbai,4606,1782214484.7845478,,,
4791,0,svm,max,balanced,cached_mxbai,4607,1782214485.4820094,,,
5404,0,svm,max,balanced,cached_mxbai,4608,1782214486.1686962,,,
10459,0,svm,max,balanced,cached_mxbai,4609,1782214486.850065,,,
6088,0,svm,max,balanced,cached_mxbai,4610,1782214487.5298564,,,
801,0,svm,max,balanced,cached_mxbai,4611,1782214488.2102447,,,
7447,0,svm,max,balanced,cached_mxbai,4612,1782214488.8935194,,,
7840,0,svm,max,balanced,cached_mxbai,4613,1782214489.5741603,,,
9561,0,svm,max,balanced,cached_mxbai,4614,1782214490.2518964,,,
4817,0,svm,max,balanced,cached_mxbai,4615,1782214490.9337804,,,
10090,0,svm,max,balanced,cached_mxbai,4616,1782214491.618956,,,
6621,0,svm,max,balanced,cached_mxbai,4617,1782214492.3077838,,,
6872,0,svm,max,balanced,cached_mxbai,4618,1782214492.9876716,,,
7414,0,svm,max,balanced,cached_mxbai,4619,1782214493.6690292,,,
903,0,svm,max,balanced,cached_mxbai,4620,1782214494.351071,,,
6389,0,svm,max,balanced,cached_mxbai,4621,1782214495.0337226,,,
640,0,svm,max,balanced,cached_mxbai,4622,1782214495.7329845,,,
4157,0,svm,max,balanced,cached_mxbai,4623,1782214496.4257357,,,
1171,0,svm,max,balanced,cached_mxbai,4624,1782214497.1115975,,,
3942,0,svm,max,balanced,cached_mxbai,4625,1782214497.8074222,,,
9711,0,svm,max,balanced,cached_mxbai,4626,1782214498.4945374,,,
4783,0,svm,max,balanced,cached_mxbai,4627,1782214499.1835184,,,
5812,0,svm,max,balanced,cached_mxbai,4628,1782214499.8590333,,,
3318,0,svm,max,balanced,cached_mxbai,4629,1782214500.5419204,,,
886,0,svm,max,balanced,cached_mxbai,4630,1782214501.2254808,,,
8983,0,svm,max,balanced,cached_mxbai,4631,1782214501.9106717,,,
3750,0,svm,max,balanced,cached_mxbai,4632,1782214502.589209,,,
2084,0,svm,max,balanced,cached_mxbai,4633,1782214503.2763371,,,
6087,0,svm,max,balanced,cached_mxbai,4634,1782214503.9583888,,,
9271,0,svm,max,balanced,cached_mxbai,4635,1782214504.6470344,,,
5884,0,svm,max,balanced,cached_mxbai,4636,1782214505.3410363,,,
1025,0,svm,max,balanced,cached_mxbai,4637,1782214506.02282,,,
2738,0,svm,max,balanced,cached_mxbai,4638,1782214506.7009287,,,
990,0,svm,max,balanced,cached_mxbai,4639,1782214507.386537,,,
4255,0,svm,max,balanced,cached_mxbai,4640,1782214507.988314,,,
1142,0,svm,max,balanced,cached_mxbai,4641,1782214508.6752949,,,
3653,0,svm,max,balanced,cached_mxbai,4642,1782214509.3616354,,,
8866,0,svm,max,balanced,cached_mxbai,4643,1782214509.9640844,,,
1189,0,svm,max,balanced,cached_mxbai,4644,1782214510.5659668,,,
2631,0,svm,max,balanced,cached_mxbai,4645,1782214511.1717548,,,
8604,0,svm,max,balanced,cached_mxbai,4646,1782214511.7767725,,,
7103,0,svm,max,balanced,cached_mxbai,4647,1782214512.3829017,,,
9353,0,svm,max,balanced,cached_mxbai,4648,1782214512.9864163,,,
4260,0,svm,max,balanced,cached_mxbai,4649,1782214513.589002,,,
3468,0,svm,max,balanced,cached_mxbai,4650,1782214514.1925564,,,
1766,0,svm,max,balanced,cached_mxbai,4651,1782214514.7972493,,,
3682,0,svm,max,balanced,cached_mxbai,4652,1782214515.425075,,,
2292,0,svm,max,balanced,cached_mxbai,4653,1782214516.0301208,,,
5184,0,svm,max,balanced,cached_mxbai,4654,1782214516.6355877,,,
3696,0,svm,max,balanced,cached_mxbai,4655,1782214517.3216524,,,
4101,0,svm,max,balanced,cached_mxbai,4656,1782214518.0106714,,,
9933,0,svm,max,balanced,cached_mxbai,4657,1782214518.6969879,,,
664,0,svm,max,balanced,cached_mxbai,4658,1782214519.3851485,,,
6140,0,svm,max,balanced,cached_mxbai,4659,1782214520.0721352,,,
208,0,svm,max,balanced,cached_mxbai,4660,1782214520.7553186,,,
5395,0,svm,max,balanced,cached_mxbai,4661,1782214521.4442527,,,
612,0,svm,max,balanced,cached_mxbai,4662,1782214522.1302567,,,
3870,0,svm,max,balanced,cached_mxbai,4663,1782214522.820951,,,
5341,0,svm,max,balanced,cached_mxbai,4664,1782214523.5102134,,,
7955,0,svm,max,balanced,cached_mxbai,4665,1782214524.2009768,,,
1727,0,svm,max,balanced,cached_mxbai,4666,1782214524.8911457,,,
5349,0,svm,max,balanced,cached_mxbai,4667,1782214525.6031904,,,
2945,0,svm,max,balanced,cached_mxbai,4668,1782214526.29623,,,
4359,0,svm,max,balanced,cached_mxbai,4669,1782214526.9740605,,,
4046,0,svm,max,balanced,cached_mxbai,4670,1782214527.6604838,,,
6885,0,svm,max,balanced,cached_mxbai,4671,1782214528.3408449,,,
1035,0,svm,max,balanced,cached_mxbai,4672,1782214529.0220752,,,
6960,0,svm,max,balanced,cached_mxbai,4673,1782214529.699375,,,
8127,0,svm,max,balanced,cached_mxbai,4674,1782214530.3786976,,,
5717,0,svm,max,balanced,cached_mxbai,4675,1782214531.0674644,,,
4355,0,svm,max,balanced,cached_mxbai,4676,1782214531.7412815,,,
8769,0,svm,max,balanced,cached_mxbai,4677,1782214532.4201915,,,
3777,0,svm,max,balanced,cached_mxbai,4678,1782214533.0997481,,,
2921,0,svm,max,balanced,cached_mxbai,4679,1782214533.782315,,,
55,0,svm,max,balanced,cached_mxbai,4680,1782214534.4655285,,,
9955,0,svm,max,balanced,cached_mxbai,4681,1782214535.1515899,,,
9086,0,svm,max,balanced,cached_mxbai,4682,1782214535.8432522,,,
7576,0,svm,max,balanced,cached_mxbai,4683,1782214536.523675,,,
554,0,svm,max,balanced,cached_mxbai,4684,1782214537.2040765,,,
5214,0,svm,max,balanced,cached_mxbai,4685,1782214537.8864732,,,
7740,0,svm,max,balanced,cached_mxbai,4686,1782214538.5676785,,,
9230,0,svm,max,balanced,cached_mxbai,4687,1782214539.2479951,,,
3587,0,svm,max,balanced,cached_mxbai,4688,1782214539.9254756,,,
3580,0,svm,max,balanced,cached_mxbai,4689,1782214540.609133,,,
10441,0,svm,max,balanced,cached_mxbai,4690,1782214541.2910457,,,
189,0,svm,max,balanced,cached_mxbai,4691,1782214541.976471,,,
7367,0,svm,max,balanced,cached_mxbai,4692,1782214542.6565714,,,
5683,0,svm,max,balanced,cached_mxbai,4693,1782214543.3404765,,,
5686,0,svm,max,balanced,cached_mxbai,4694,1782214544.0196638,,,
1622,0,svm,max,balanced,cached_mxbai,4695,1782214544.6976285,,,
7747,0,svm,max,balanced,cached_mxbai,4696,1782214545.3987756,,,
8364,0,svm,max,balanced,cached_mxbai,4697,1782214546.0857375,,,
3035,0,svm,max,balanced,cached_mxbai,4698,1782214546.7694008,,,
1688,0,svm,max,balanced,cached_mxbai,4699,1782214547.4557052,,,
8742,0,svm,max,balanced,cached_mxbai,4700,1782214548.1372182,,,
3381,0,svm,max,balanced,cached_mxbai,4701,1782214548.8221312,,,
978,0,svm,max,balanced,cached_mxbai,4702,1782214549.5085745,,,
7212,0,svm,max,balanced,cached_mxbai,4703,1782214550.1927056,,,
9066,0,svm,max,balanced,cached_mxbai,4704,1782214550.8765783,,,
5909,0,svm,max,balanced,cached_mxbai,4705,1782214551.5590546,,,
5438,0,svm,max,balanced,cached_mxbai,4706,1782214552.2394874,,,
7238,0,svm,max,balanced,cached_mxbai,4707,1782214552.9206264,,,
4807,0,svm,max,balanced,cached_mxbai,4708,1782214553.6050143,,,
3864,0,svm,max,balanced,cached_mxbai,4709,1782214554.2880294,,,
6812,0,svm,max,balanced,cached_mxbai,4710,1782214554.9710653,,,
4307,0,svm,max,balanced,cached_mxbai,4711,1782214555.6720119,,,
4265,0,svm,max,balanced,cached_mxbai,4712,1782214556.3584719,,,
4440,0,svm,max,balanced,cached_mxbai,4713,1782214557.0456958,,,
8600,0,svm,max,balanced,cached_mxbai,4714,1782214557.7280867,,,
863,0,svm,max,balanced,cached_mxbai,4715,1782214558.4123983,,,
6996,0,svm,max,balanced,cached_mxbai,4716,1782214559.1068401,,,
8241,0,svm,max,balanced,cached_mxbai,4717,1782214559.7885096,,,
4268,0,svm,max,balanced,cached_mxbai,4718,1782214560.469172,,,
6367,0,svm,max,balanced,cached_mxbai,4719,1782214561.155312,,,
984,0,svm,max,balanced,cached_mxbai,4720,1782214561.8341496,,,
9913,0,svm,max,balanced,cached_mxbai,4721,1782214562.5245855,,,
2274,0,svm,max,balanced,cached_mxbai,4722,1782214563.2089925,,,
5639,0,svm,max,balanced,cached_mxbai,4723,1782214563.9053366,,,
2742,0,svm,max,balanced,cached_mxbai,4724,1782214564.587951,,,
766,0,svm,max,balanced,cached_mxbai,4725,1782214565.285468,,,
961,0,svm,max,balanced,cached_mxbai,4726,1782214565.9670415,,,
10382,0,svm,max,balanced,cached_mxbai,4727,1782214566.6511946,,,
9986,0,svm,max,balanced,cached_mxbai,4728,1782214567.3407917,,,
3270,0,svm,max,balanced,cached_mxbai,4729,1782214568.0277681,,,
2227,0,svm,max,balanced,cached_mxbai,4730,1782214568.7138822,,,
6075,0,svm,max,balanced,cached_mxbai,4731,1782214569.40084,,,
9304,0,svm,max,balanced,cached_mxbai,4732,1782214570.0862093,,,
4177,0,svm,max,balanced,cached_mxbai,4733,1782214570.769805,,,
2641,0,svm,max,balanced,cached_mxbai,4734,1782214571.4521801,,,
670,0,svm,max,balanced,cached_mxbai,4735,1782214572.1393683,,,
4937,0,svm,max,balanced,cached_mxbai,4736,1782214572.8231819,,,
8607,0,svm,max,balanced,cached_mxbai,4737,1782214573.5111918,,,
1610,0,svm,max,balanced,cached_mxbai,4738,1782214574.1964176,,,
4320,0,svm,max,balanced,cached_mxbai,4739,1782214574.8848386,,,
2404,0,svm,max,balanced,cached_mxbai,4740,1782214575.5889702,,,
877,0,svm,max,balanced,cached_mxbai,4741,1782214576.2855668,,,
10196,0,svm,max,balanced,cached_mxbai,4742,1782214576.9830077,,,
562,0,svm,max,balanced,cached_mxbai,4743,1782214577.671532,,,
9395,0,svm,max,balanced,cached_mxbai,4744,1782214578.3535964,,,
2210,0,svm,max,balanced,cached_mxbai,4745,1782214579.040861,,,
3371,0,svm,max,balanced,cached_mxbai,4746,1782214579.7277775,,,
1538,0,svm,max,balanced,cached_mxbai,4747,1782214580.418984,,,
7638,0,svm,max,balanced,cached_mxbai,4748,1782214581.1055715,,,
7789,0,svm,max,balanced,cached_mxbai,4749,1782214581.7951615,,,
6271,0,svm,max,balanced,cached_mxbai,4750,1782214582.4813068,,,
726,0,svm,max,balanced,cached_mxbai,4751,1782214583.1770532,,,
2365,0,svm,max,balanced,cached_mxbai,4752,1782214583.8654847,,,
3192,0,svm,max,balanced,cached_mxbai,4753,1782214584.5603895,,,
6697,0,svm,max,balanced,cached_mxbai,4754,1782214585.26048,,,
10355,0,svm,max,balanced,cached_mxbai,4755,1782214585.9592407,,,
5838,0,svm,max,balanced,cached_mxbai,4756,1782214586.6463003,,,
6195,0,svm,max,balanced,cached_mxbai,4757,1782214587.3441195,,,
3670,0,svm,max,balanced,cached_mxbai,4758,1782214588.0385969,,,
4375,0,svm,max,balanced,cached_mxbai,4759,1782214588.719795,,,
2555,0,svm,max,balanced,cached_mxbai,4760,1782214589.423917,,,
10128,0,svm,max,balanced,cached_mxbai,4761,1782214590.129952,,,
1629,0,svm,max,balanced,cached_mxbai,4762,1782214590.8282871,,,
10194,0,svm,max,balanced,cached_mxbai,4763,1782214591.5310428,,,
6070,0,svm,max,balanced,cached_mxbai,4764,1782214592.2344394,,,
3691,0,svm,max,balanced,cached_mxbai,4765,1782214592.9370701,,,
1514,0,svm,max,balanced,cached_mxbai,4766,1782214593.6463675,,,
8352,0,svm,max,balanced,cached_mxbai,4767,1782214594.351647,,,
1344,0,svm,max,balanced,cached_mxbai,4768,1782214595.0568807,,,
4624,0,svm,max,balanced,cached_mxbai,4769,1782214595.7757974,,,
1322,0,svm,max,balanced,cached_mxbai,4770,1782214596.4926112,,,
1411,0,svm,max,balanced,cached_mxbai,4771,1782214597.209743,,,
4066,0,svm,max,balanced,cached_mxbai,4772,1782214597.9165585,,,
7822,0,svm,max,balanced,cached_mxbai,4773,1782214598.62568,,,
6277,0,svm,max,balanced,cached_mxbai,4774,1782214599.3410444,,,
4555,0,svm,max,balanced,cached_mxbai,4775,1782214600.0508213,,,
1910,0,svm,max,balanced,cached_mxbai,4776,1782214600.7483015,,,
2367,0,svm,max,balanced,cached_mxbai,4777,1782214601.4407501,,,
3373,0,svm,max,balanced,cached_mxbai,4778,1782214602.1336854,,,
2096,0,svm,max,balanced,cached_mxbai,4779,1782214602.8274007,,,
3182,0,svm,max,balanced,cached_mxbai,4780,1782214603.527015,,,
777,0,svm,max,balanced,cached_mxbai,4781,1782214604.2256367,,,
5254,0,svm,max,balanced,cached_mxbai,4782,1782214604.9229288,,,
6391,0,svm,max,balanced,cached_mxbai,4783,1782214605.6390176,,,
2676,0,svm,max,balanced,cached_mxbai,4784,1782214606.3404324,,,
10419,0,svm,max,balanced,cached_mxbai,4785,1782214607.0436778,,,
4363,0,svm,max,balanced,cached_mxbai,4786,1782214607.7502437,,,
9923,0,svm,max,balanced,cached_mxbai,4787,1782214608.450083,,,
5660,0,svm,max,balanced,cached_mxbai,4788,1782214609.1559,,,
10221,0,svm,max,balanced,cached_mxbai,4789,1782214609.8616586,,,
9715,0,svm,max,balanced,cached_mxbai,4790,1782214610.5648026,,,
1781,0,svm,max,balanced,cached_mxbai,4791,1782214611.269606,,,
10111,0,svm,max,balanced,cached_mxbai,4792,1782214611.9704626,,,
3111,0,svm,max,balanced,cached_mxbai,4793,1782214612.675704,,,
2483,0,svm,max,balanced,cached_mxbai,4794,1782214613.3758059,,,
2941,0,svm,max,balanced,cached_mxbai,4795,1782214614.0756109,,,
3482,0,svm,max,balanced,cached_mxbai,4796,1782214614.7776155,,,
2613,0,svm,max,balanced,cached_mxbai,4797,1782214615.511981,,,
9232,0,svm,max,balanced,cached_mxbai,4798,1782214616.2080903,,,
4782,0,svm,max,balanced,cached_mxbai,4799,1782214616.9068966,,,
7868,0,svm,max,balanced,cached_mxbai,4800,1782214617.603431,,,
10408,0,svm,max,balanced,cached_mxbai,4801,1782214618.3003824,,,
2995,0,svm,max,balanced,cached_mxbai,4802,1782214619.0007594,,,
4316,0,svm,max,balanced,cached_mxbai,4803,1782214619.7038016,,,
8382,0,svm,max,balanced,cached_mxbai,4804,1782214620.4046268,,,
7404,0,svm,max,balanced,cached_mxbai,4805,1782214621.1141543,,,
10593,0,svm,max,balanced,cached_mxbai,4806,1782214621.8182452,,,
3376,0,svm,max,balanced,cached_mxbai,4807,1782214622.5203161,,,
7219,0,svm,max,balanced,cached_mxbai,4808,1782214623.2318904,,,
1466,0,svm,max,balanced,cached_mxbai,4809,1782214623.937061,,,
3936,0,svm,max,balanced,cached_mxbai,4810,1782214624.6417897,,,
4638,0,svm,max,balanced,cached_mxbai,4811,1782214625.365478,,,
6849,0,svm,max,balanced,cached_mxbai,4812,1782214626.0697405,,,
1996,0,svm,max,balanced,cached_mxbai,4813,1782214626.7721844,,,
2821,0,svm,max,balanced,cached_mxbai,4814,1782214627.4751184,,,
596,0,svm,max,balanced,cached_mxbai,4815,1782214628.1762595,,,
2059,0,svm,max,balanced,cached_mxbai,4816,1782214628.880999,,,
10174,0,svm,max,balanced,cached_mxbai,4817,1782214629.5866454,,,
660,0,svm,max,balanced,cached_mxbai,4818,1782214630.2961364,,,
1158,0,svm,max,balanced,cached_mxbai,4819,1782214631.0002937,,,
4382,0,svm,max,balanced,cached_mxbai,4820,1782214631.703562,,,
8682,0,svm,max,balanced,cached_mxbai,4821,1782214632.4056308,,,
9884,0,svm,max,balanced,cached_mxbai,4822,1782214633.1101933,,,
4674,0,svm,max,balanced,cached_mxbai,4823,1782214633.8169067,,,
1776,0,svm,max,balanced,cached_mxbai,4824,1782214634.5217097,,,
7332,0,svm,max,balanced,cached_mxbai,4825,1782214635.2367775,,,
4275,0,svm,max,balanced,cached_mxbai,4826,1782214635.9498742,,,
2938,0,svm,max,balanced,cached_mxbai,4827,1782214636.636649,,,
3422,0,svm,max,balanced,cached_mxbai,4828,1782214637.32679,,,
10322,0,svm,max,balanced,cached_mxbai,4829,1782214638.014955,,,
10426,0,svm,max,balanced,cached_mxbai,4830,1782214638.708635,,,
2619,0,svm,max,balanced,cached_mxbai,4831,1782214639.4000633,,,
8081,0,svm,max,balanced,cached_mxbai,4832,1782214640.0924623,,,
10328,0,svm,max,balanced,cached_mxbai,4833,1782214640.7808502,,,
4167,0,svm,max,balanced,cached_mxbai,4834,1782214641.4745922,,,
7387,0,svm,max,balanced,cached_mxbai,4835,1782214642.1696334,,,
4223,0,svm,max,balanced,cached_mxbai,4836,1782214642.863177,,,
1050,0,svm,max,balanced,cached_mxbai,4837,1782214643.5574946,,,
7486,0,svm,max,balanced,cached_mxbai,4838,1782214644.2490242,,,
8278,0,svm,max,balanced,cached_mxbai,4839,1782214644.9362009,,,
450,0,svm,max,balanced,cached_mxbai,4840,1782214645.6656926,,,
755,0,svm,max,balanced,cached_mxbai,4841,1782214646.3738995,,,
9294,0,svm,max,balanced,cached_mxbai,4842,1782214647.0928466,,,
2802,0,svm,max,balanced,cached_mxbai,4843,1782214647.807278,,,
1494,0,svm,max,balanced,cached_mxbai,4844,1782214648.5133483,,,
2825,0,svm,max,balanced,cached_mxbai,4845,1782214649.228393,,,
9218,0,svm,max,balanced,cached_mxbai,4846,1782214649.9304342,,,
71,0,svm,max,balanced,cached_mxbai,4847,1782214650.6397,,,
3786,0,svm,max,balanced,cached_mxbai,4848,1782214651.350428,,,
3333,0,svm,max,balanced,cached_mxbai,4849,1782214652.058693,,,
5021,0,svm,max,balanced,cached_mxbai,4850,1782214652.7685332,,,
3834,0,svm,max,balanced,cached_mxbai,4851,1782214653.4839346,,,
8739,0,svm,max,balanced,cached_mxbai,4852,1782214654.1919763,,,
7401,0,svm,max,balanced,cached_mxbai,4853,1782214654.9077902,,,
6685,0,svm,max,balanced,cached_mxbai,4854,1782214655.641204,,,
1788,0,svm,max,balanced,cached_mxbai,4855,1782214656.3512309,,,
1314,0,svm,max,balanced,cached_mxbai,4856,1782214657.0628839,,,
3173,0,svm,max,balanced,cached_mxbai,4857,1782214657.7769938,,,
6035,0,svm,max,balanced,cached_mxbai,4858,1782214658.4868276,,,
2866,0,svm,max,balanced,cached_mxbai,4859,1782214659.1986835,,,
5804,0,svm,max,balanced,cached_mxbai,4860,1782214659.8920872,,,
5890,0,svm,max,balanced,cached_mxbai,4861,1782214660.5855832,,,
9058,0,svm,max,balanced,cached_mxbai,4862,1782214661.2776208,,,
2775,0,svm,max,balanced,cached_mxbai,4863,1782214661.973105,,,
5710,0,svm,max,balanced,cached_mxbai,4864,1782214662.667889,,,
277,0,svm,max,balanced,cached_mxbai,4865,1782214663.3872132,,,
6752,0,svm,max,balanced,cached_mxbai,4866,1782214664.0977564,,,
1096,0,svm,max,balanced,cached_mxbai,4867,1782214664.80872,,,
5544,0,svm,max,balanced,cached_mxbai,4868,1782214665.5374112,,,
6315,0,svm,max,balanced,cached_mxbai,4869,1782214666.2501671,,,
219,0,svm,max,balanced,cached_mxbai,4870,1782214666.9613268,,,
10160,0,svm,max,balanced,cached_mxbai,4871,1782214667.6797197,,,
2051,0,svm,max,balanced,cached_mxbai,4872,1782214668.3896964,,,
8851,0,svm,max,balanced,cached_mxbai,4873,1782214669.104301,,,
5421,0,svm,max,balanced,cached_mxbai,4874,1782214669.814794,,,
7214,0,svm,max,balanced,cached_mxbai,4875,1782214670.5249803,,,
5023,0,svm,max,balanced,cached_mxbai,4876,1782214671.2333996,,,
8626,0,svm,max,balanced,cached_mxbai,4877,1782214671.9442778,,,
6942,0,svm,max,balanced,cached_mxbai,4878,1782214672.655412,,,
4189,0,svm,max,balanced,cached_mxbai,4879,1782214673.3672342,,,
6177,0,svm,max,balanced,cached_mxbai,4880,1782214674.0792441,,,
1298,0,svm,max,balanced,cached_mxbai,4881,1782214674.7903152,,,
4354,0,svm,max,balanced,cached_mxbai,4882,1782214675.5199401,,,
10043,0,svm,max,balanced,cached_mxbai,4883,1782214676.227724,,,
3838,0,svm,max,balanced,cached_mxbai,4884,1782214676.9400394,,,
5736,0,svm,max,balanced,cached_mxbai,4885,1782214677.660911,,,
9645,0,svm,max,balanced,cached_mxbai,4886,1782214678.3785412,,,
3574,0,svm,max,balanced,cached_mxbai,4887,1782214679.0937946,,,
1471,0,svm,max,balanced,cached_mxbai,4888,1782214679.804935,,,
9991,0,svm,max,balanced,cached_mxbai,4889,1782214680.5170088,,,
7579,0,svm,max,balanced,cached_mxbai,4890,1782214681.22832,,,
8965,0,svm,max,balanced,cached_mxbai,4891,1782214681.9410899,,,
9781,0,svm,max,balanced,cached_mxbai,4892,1782214682.6527226,,,
3792,0,svm,max,balanced,cached_mxbai,4893,1782214683.365453,,,
2085,0,svm,max,balanced,cached_mxbai,4894,1782214684.082695,,,
3127,0,svm,max,balanced,cached_mxbai,4895,1782214684.800139,,,
3484,0,svm,max,balanced,cached_mxbai,4896,1782214685.532835,,,
5239,0,svm,max,balanced,cached_mxbai,4897,1782214686.2460728,,,
4070,0,svm,max,balanced,cached_mxbai,4898,1782214686.9636421,,,
409,0,svm,max,balanced,cached_mxbai,4899,1782214687.6833003,,,
2719,0,svm,max,balanced,cached_mxbai,4900,1782214688.3953679,,,
3076,0,svm,max,balanced,cached_mxbai,4901,1782214689.1131527,,,
4474,0,svm,max,balanced,cached_mxbai,4902,1782214689.828668,,,
166,0,svm,max,balanced,cached_mxbai,4903,1782214690.5442152,,,
7687,0,svm,max,balanced,cached_mxbai,4904,1782214691.2549448,,,
10219,0,svm,max,balanced,cached_mxbai,4905,1782214691.9688463,,,
2594,0,svm,max,balanced,cached_mxbai,4906,1782214692.685402,,,
8391,0,svm,max,balanced,cached_mxbai,4907,1782214693.4014919,,,
9015,0,svm,max,balanced,cached_mxbai,4908,1782214694.1167023,,,
517,0,svm,max,balanced,cached_mxbai,4909,1782214694.8344834,,,
9865,0,svm,max,balanced,cached_mxbai,4910,1782214695.5725687,,,
3119,0,svm,max,balanced,cached_mxbai,4911,1782214696.304048,,,
4297,0,svm,max,balanced,cached_mxbai,4912,1782214697.01822,,,
6223,0,svm,max,balanced,cached_mxbai,4913,1782214697.7489734,,,
7407,0,svm,max,balanced,cached_mxbai,4914,1782214698.4769263,,,
8318,0,svm,max,balanced,cached_mxbai,4915,1782214699.2092383,,,
1858,0,svm,max,balanced,cached_mxbai,4916,1782214699.9360697,,,
10205,0,svm,max,balanced,cached_mxbai,4917,1782214700.664754,,,
6552,0,svm,max,balanced,cached_mxbai,4918,1782214701.3920763,,,
3603,0,svm,max,balanced,cached_mxbai,4919,1782214702.1206136,,,
4141,0,svm,max,balanced,cached_mxbai,4920,1782214702.8394454,,,
10310,0,svm,max,balanced,cached_mxbai,4921,1782214703.5591512,,,
1680,0,svm,max,balanced,cached_mxbai,4922,1782214704.2764628,,,
4049,0,svm,max,balanced,cached_mxbai,4923,1782214704.9955387,,,
4742,0,svm,max,balanced,cached_mxbai,4924,1782214705.7335808,,,
6406,0,svm,max,balanced,cached_mxbai,4925,1782214706.457231,,,
8827,0,svm,max,balanced,cached_mxbai,4926,1782214707.1810575,,,
3732,0,svm,max,balanced,cached_mxbai,4927,1782214707.9257164,,,
10365,0,svm,max,balanced,cached_mxbai,4928,1782214708.6458662,,,
2371,0,svm,max,balanced,cached_mxbai,4929,1782214709.3709729,,,
7040,0,svm,max,balanced,cached_mxbai,4930,1782214710.0952015,,,
4816,0,svm,max,balanced,cached_mxbai,4931,1782214710.8158178,,,
10496,0,svm,max,balanced,cached_mxbai,4932,1782214711.5370107,,,
6919,0,svm,max,balanced,cached_mxbai,4933,1782214712.256032,,,
5304,0,svm,max,balanced,cached_mxbai,4934,1782214712.9785807,,,
5703,0,svm,max,balanced,cached_mxbai,4935,1782214713.7007837,,,
1974,0,svm,max,balanced,cached_mxbai,4936,1782214714.422159,,,
1342,0,svm,max,balanced,cached_mxbai,4937,1782214715.149378,,,
6851,0,svm,max,balanced,cached_mxbai,4938,1782214715.8889608,,,
2675,0,svm,max,balanced,cached_mxbai,4939,1782214716.632085,,,
841,0,svm,max,balanced,cached_mxbai,4940,1782214717.3724883,,,
8496,0,svm,max,balanced,cached_mxbai,4941,1782214718.1094253,,,
9311,0,svm,max,balanced,cached_mxbai,4942,1782214718.850925,,,
5875,0,svm,max,balanced,cached_mxbai,4943,1782214719.5980344,,,
9261,0,svm,max,balanced,cached_mxbai,4944,1782214720.3397396,,,
6757,0,svm,max,balanced,cached_mxbai,4945,1782214721.083987,,,
3436,0,svm,max,balanced,cached_mxbai,4946,1782214721.8244557,,,
6909,0,svm,max,balanced,cached_mxbai,4947,1782214722.5634778,,,
8521,0,svm,max,balanced,cached_mxbai,4948,1782214723.3040714,,,
2252,0,svm,max,balanced,cached_mxbai,4949,1782214724.045962,,,
2049,0,svm,max,balanced,cached_mxbai,4950,1782214724.7910244,,,
107,0,svm,max,balanced,cached_mxbai,4951,1782214725.5562718,,,
9322,0,svm,max,balanced,cached_mxbai,4952,1782214726.2940426,,,
2424,0,svm,max,balanced,cached_mxbai,4953,1782214727.0297217,,,
3239,0,svm,max,balanced,cached_mxbai,4954,1782214727.7524767,,,
1908,0,svm,max,balanced,cached_mxbai,4955,1782214728.4761934,,,
4923,0,svm,max,balanced,cached_mxbai,4956,1782214729.2110772,,,
419,0,svm,max,balanced,cached_mxbai,4957,1782214729.9380145,,,
9415,0,svm,max,balanced,cached_mxbai,4958,1782214730.66215,,,
321,0,svm,max,balanced,cached_mxbai,4959,1782214731.3850265,,,
9005,0,svm,max,balanced,cached_mxbai,4960,1782214732.0994387,,,
1742,0,svm,max,balanced,cached_mxbai,4961,1782214732.8223143,,,
4371,0,svm,max,balanced,cached_mxbai,4962,1782214733.52945,,,
5031,0,svm,max,balanced,cached_mxbai,4963,1782214734.2427044,,,
5997,0,svm,max,balanced,cached_mxbai,4964,1782214734.9466197,,,
5869,0,svm,max,balanced,cached_mxbai,4965,1782214735.6878695,,,
8986,0,svm,max,balanced,cached_mxbai,4966,1782214736.4187846,,,
9063,0,svm,max,balanced,cached_mxbai,4967,1782214737.141313,,,
7607,0,svm,max,balanced,cached_mxbai,4968,1782214737.858844,,,
9707,0,svm,max,balanced,cached_mxbai,4969,1782214738.627139,,,
1111,0,svm,max,balanced,cached_mxbai,4970,1782214739.3619146,,,
3810,0,svm,max,balanced,cached_mxbai,4971,1782214740.0908723,,,
7980,0,svm,max,balanced,cached_mxbai,4972,1782214740.8192203,,,
9061,0,svm,max,balanced,cached_mxbai,4973,1782214741.5294132,,,
3997,0,svm,max,balanced,cached_mxbai,4974,1782214742.259431,,,
3612,0,svm,max,balanced,cached_mxbai,4975,1782214742.9697857,,,
5785,0,svm,max,balanced,cached_mxbai,4976,1782214743.6991203,,,
4728,0,svm,max,balanced,cached_mxbai,4977,1782214744.4280474,,,
4092,0,svm,max,balanced,cached_mxbai,4978,1782214745.160205,,,
9485,0,svm,max,balanced,cached_mxbai,4979,1782214745.911527,,,
6347,0,svm,max,balanced,cached_mxbai,4980,1782214746.6514878,,,
6183,0,svm,max,balanced,cached_mxbai,4981,1782214747.374434,,,
2879,0,svm,max,balanced,cached_mxbai,4982,1782214748.0832763,,,
276,0,svm,max,balanced,cached_mxbai,4983,1782214748.813496,,,
7485,0,svm,max,balanced,cached_mxbai,4984,1782214749.5425951,,,
4667,0,svm,max,balanced,cached_mxbai,4985,1782214750.2517047,,,
8091,0,svm,max,balanced,cached_mxbai,4986,1782214750.9667192,,,
10537,0,svm,max,balanced,cached_mxbai,4987,1782214751.6956046,,,
4163,0,svm,max,balanced,cached_mxbai,4988,1782214752.424451,,,
3857,0,svm,max,balanced,cached_mxbai,4989,1782214753.151181,,,
8854,0,svm,max,balanced,cached_mxbai,4990,1782214753.8638535,,,
1135,0,svm,max,balanced,cached_mxbai,4991,1782214754.5726087,,,
3461,0,svm,max,balanced,cached_mxbai,4992,1782214755.3004954,,,
678,0,svm,max,balanced,cached_mxbai,4993,1782214756.0176978,,,
2953,0,svm,max,balanced,cached_mxbai,4994,1782214756.7316341,,,
8519,0,svm,max,balanced,cached_mxbai,4995,1782214757.4418712,,,
8987,0,svm,max,balanced,cached_mxbai,4996,1782214758.159877,,,
6166,0,svm,max,balanced,cached_mxbai,4997,1782214758.8835447,,,
3744,0,svm,max,balanced,cached_mxbai,4998,1782214759.6079385,,,
7252,0,svm,max,balanced,cached_mxbai,4999,1782214760.325002,,,
4360,0,svm,max,balanced,cached_mxbai,5000,1782214761.0450983,,,
5340,0,svm,max,balanced,cached_mxbai,5001,1782214761.760397,,,
2501,0,svm,max,balanced,cached_mxbai,5002,1782214762.4746928,,,
396,0,svm,max,balanced,cached_mxbai,5003,1782214763.1899078,,,
3933,0,svm,max,balanced,cached_mxbai,5004,1782214763.9047408,,,
2722,0,svm,max,balanced,cached_mxbai,5005,1782214764.6243331,,,
7132,0,svm,max,balanced,cached_mxbai,5006,1782214765.3582458,,,
3616,0,svm,max,balanced,cached_mxbai,5007,1782214766.0684614,,,
10040,0,svm,max,balanced,cached_mxbai,5008,1782214766.7846572,,,
2125,0,svm,max,balanced,cached_mxbai,5009,1782214767.5011342,,,
2709,0,svm,max,balanced,cached_mxbai,5010,1782214768.2206352,,,
3740,0,svm,max,balanced,cached_mxbai,5011,1782214768.9501925,,,
8874,0,svm,max,balanced,cached_mxbai,5012,1782214769.6687994,,,
1826,0,svm,max,balanced,cached_mxbai,5013,1782214770.38252,,,
1109,0,svm,max,balanced,cached_mxbai,5014,1782214771.0994246,,,
5746,0,svm,max,balanced,cached_mxbai,5015,1782214771.8151243,,,
4224,0,svm,max,balanced,cached_mxbai,5016,1782214772.5339487,,,
9338,0,svm,max,balanced,cached_mxbai,5017,1782214773.2545927,,,
7267,0,svm,max,balanced,cached_mxbai,5018,1782214773.9764538,,,
757,0,svm,max,balanced,cached_mxbai,5019,1782214774.691639,,,
6915,0,svm,max,balanced,cached_mxbai,5020,1782214775.4254632,,,
4369,0,svm,max,balanced,cached_mxbai,5021,1782214776.1483376,,,
10257,0,svm,max,balanced,cached_mxbai,5022,1782214776.8713772,,,
8661,0,svm,max,balanced,cached_mxbai,5023,1782214777.5948977,,,
10294,0,svm,max,balanced,cached_mxbai,5024,1782214778.3244905,,,
6719,0,svm,max,balanced,cached_mxbai,5025,1782214779.0433939,,,
9253,0,svm,max,balanced,cached_mxbai,5026,1782214779.7674303,,,
7075,0,svm,max,balanced,cached_mxbai,5027,1782214780.4860537,,,
3534,0,svm,max,balanced,cached_mxbai,5028,1782214781.2052512,,,
199,0,svm,max,balanced,cached_mxbai,5029,1782214781.9268425,,,
8137,0,svm,max,balanced,cached_mxbai,5030,1782214782.6478145,,,
5356,0,svm,max,balanced,cached_mxbai,5031,1782214783.368521,,,
5229,0,svm,max,balanced,cached_mxbai,5032,1782214784.09123,,,
1963,0,svm,max,balanced,cached_mxbai,5033,1782214784.8117838,,,
6194,0,svm,max,balanced,cached_mxbai,5034,1782214785.5562363,,,
9412,0,svm,max,balanced,cached_mxbai,5035,1782214786.2763567,,,
3649,0,svm,max,balanced,cached_mxbai,5036,1782214787.002213,,,
8764,0,svm,max,balanced,cached_mxbai,5037,1782214787.7220242,,,
1580,0,svm,max,balanced,cached_mxbai,5038,1782214788.4443924,,,
3212,0,svm,max,balanced,cached_mxbai,5039,1782214789.1653633,,,
7545,0,svm,max,balanced,cached_mxbai,5040,1782214789.8849657,,,
4130,0,svm,max,balanced,cached_mxbai,5041,1782214790.6034646,,,
6015,0,svm,max,balanced,cached_mxbai,5042,1782214791.3240533,,,
3034,0,svm,max,balanced,cached_mxbai,5043,1782214792.0452375,,,
4533,0,svm,max,balanced,cached_mxbai,5044,1782214792.7770126,,,
152,0,svm,max,balanced,cached_mxbai,5045,1782214793.50448,,,
3387,0,svm,max,balanced,cached_mxbai,5046,1782214794.2327282,,,
6392,0,svm,max,balanced,cached_mxbai,5047,1782214794.9557068,,,
8577,0,svm,max,balanced,cached_mxbai,5048,1782214795.7008789,,,
8458,0,svm,max,balanced,cached_mxbai,5049,1782214796.4193735,,,
3965,0,svm,max,balanced,cached_mxbai,5050,1782214797.1448443,,,
3261,0,svm,max,balanced,cached_mxbai,5051,1782214797.8710847,,,
5460,0,svm,max,balanced,cached_mxbai,5052,1782214798.5986645,,,
184,0,svm,max,balanced,cached_mxbai,5053,1782214799.3251545,,,
3017,0,svm,max,balanced,cached_mxbai,5054,1782214800.0477622,,,
1190,0,svm,max,balanced,cached_mxbai,5055,1782214800.7698646,,,
6378,0,svm,max,balanced,cached_mxbai,5056,1782214801.5006418,,,
7646,0,svm,max,balanced,cached_mxbai,5057,1782214802.223111,,,
9418,0,svm,max,balanced,cached_mxbai,5058,1782214802.9474657,,,
4869,0,svm,max,balanced,cached_mxbai,5059,1782214803.6776943,,,
9250,0,svm,max,balanced,cached_mxbai,5060,1782214804.4122572,,,
8244,0,svm,max,balanced,cached_mxbai,5061,1782214805.1384454,,,
5367,0,svm,max,balanced,cached_mxbai,5062,1782214805.8974488,,,
9713,0,svm,max,balanced,cached_mxbai,5063,1782214806.624151,,,
9510,0,svm,max,balanced,cached_mxbai,5064,1782214807.3522549,,,
6046,0,svm,max,balanced,cached_mxbai,5065,1782214808.0754137,,,
1587,0,svm,max,balanced,cached_mxbai,5066,1782214808.8071287,,,
8499,0,svm,max,balanced,cached_mxbai,5067,1782214809.5355203,,,
901,0,svm,max,balanced,cached_mxbai,5068,1782214810.2638385,,,
8592,0,svm,max,balanced,cached_mxbai,5069,1782214811.0077877,,,
6796,0,svm,max,balanced,cached_mxbai,5070,1782214811.7527206,,,
9487,0,svm,max,balanced,cached_mxbai,5071,1782214812.4948046,,,
9222,0,svm,max,balanced,cached_mxbai,5072,1782214813.2399268,,,
4193,0,svm,max,balanced,cached_mxbai,5073,1782214813.9841638,,,
6995,0,svm,max,balanced,cached_mxbai,5074,1782214814.726728,,,
3462,0,svm,max,balanced,cached_mxbai,5075,1782214815.4895668,,,
6034,0,svm,max,balanced,cached_mxbai,5076,1782214816.2366433,,,
77,0,svm,max,balanced,cached_mxbai,5077,1782214816.9799454,,,
6760,0,svm,max,balanced,cached_mxbai,5078,1782214817.731576,,,
5258,0,svm,max,balanced,cached_mxbai,5079,1782214818.4844923,,,
1634,0,svm,max,balanced,cached_mxbai,5080,1782214819.2387805,,,
10191,0,svm,max,balanced,cached_mxbai,5081,1782214819.9873288,,,
3390,0,svm,max,balanced,cached_mxbai,5082,1782214820.7348335,,,
1059,0,svm,max,balanced,cached_mxbai,5083,1782214821.475067,,,
2809,0,svm,max,balanced,cached_mxbai,5084,1782214822.218396,,,
10476,0,svm,max,balanced,cached_mxbai,5085,1782214822.9613922,,,
1126,0,svm,max,balanced,cached_mxbai,5086,1782214823.7129822,,,
3357,0,svm,max,balanced,cached_mxbai,5087,1782214824.4593203,,,
3540,0,svm,max,balanced,cached_mxbai,5088,1782214825.2216845,,,
2067,0,svm,max,balanced,cached_mxbai,5089,1782214825.9900432,,,
2199,0,svm,max,balanced,cached_mxbai,5090,1782214826.7500336,,,
4203,0,svm,max,balanced,cached_mxbai,5091,1782214827.4992323,,,
1173,0,svm,max,balanced,cached_mxbai,5092,1782214828.2682214,,,
10298,0,svm,max,balanced,cached_mxbai,5093,1782214829.043224,,,
6753,0,svm,max,balanced,cached_mxbai,5094,1782214829.8540487,,,
7380,0,svm,max,balanced,cached_mxbai,5095,1782214830.6004097,,,
3550,0,svm,max,balanced,cached_mxbai,5096,1782214831.3509514,,,
954,0,svm,max,balanced,cached_mxbai,5097,1782214832.1045854,,,
2170,0,svm,max,balanced,cached_mxbai,5098,1782214832.853856,,,
2112,0,svm,max,balanced,cached_mxbai,5099,1782214833.604827,,,
569,0,svm,max,balanced,cached_mxbai,5100,1782214834.3564088,,,
6312,0,svm,max,balanced,cached_mxbai,5101,1782214835.1092978,,,
1976,0,svm,max,balanced,cached_mxbai,5102,1782214835.8722684,,,
9297,0,svm,max,balanced,cached_mxbai,5103,1782214836.6226962,,,
3359,0,svm,max,balanced,cached_mxbai,5104,1782214837.3820522,,,
9845,0,svm,max,balanced,cached_mxbai,5105,1782214838.1413105,,,
4620,0,svm,max,balanced,cached_mxbai,5106,1782214838.8989823,,,
8014,0,svm,max,balanced,cached_mxbai,5107,1782214839.6560247,,,
1962,0,svm,max,balanced,cached_mxbai,5108,1782214840.410922,,,
8216,0,svm,max,balanced,cached_mxbai,5109,1782214841.1649756,,,
2014,0,svm,max,balanced,cached_mxbai,5110,1782214841.923284,,,
8251,0,svm,max,balanced,cached_mxbai,5111,1782214842.6760073,,,
9695,0,svm,max,balanced,cached_mxbai,5112,1782214843.423703,,,
8066,0,svm,max,balanced,cached_mxbai,5113,1782214844.1752033,,,
447,0,svm,max,balanced,cached_mxbai,5114,1782214844.9316854,,,
8186,0,svm,max,balanced,cached_mxbai,5115,1782214845.7024586,,,
7994,0,svm,max,balanced,cached_mxbai,5116,1782214846.4525332,,,
8286,0,svm,max,balanced,cached_mxbai,5117,1782214847.210308,,,
10114,0,svm,max,balanced,cached_mxbai,5118,1782214847.977865,,,
3893,0,svm,max,balanced,cached_mxbai,5119,1782214848.7411807,,,
3184,0,svm,max,balanced,cached_mxbai,5120,1782214849.4903827,,,
6469,0,svm,max,balanced,cached_mxbai,5121,1782214850.2505748,,,
3571,0,svm,max,balanced,cached_mxbai,5122,1782214850.9994004,,,
3292,0,svm,max,balanced,cached_mxbai,5123,1782214851.7526715,,,
3803,0,svm,max,balanced,cached_mxbai,5124,1782214852.5080583,,,
2610,0,svm,max,balanced,cached_mxbai,5125,1782214853.2621799,,,
6362,0,svm,max,balanced,cached_mxbai,5126,1782214854.0201411,,,
3521,0,svm,max,balanced,cached_mxbai,5127,1782214854.774895,,,
5067,0,svm,max,balanced,cached_mxbai,5128,1782214855.5427558,,,
4038,0,svm,max,balanced,cached_mxbai,5129,1782214856.2958083,,,
8558,0,svm,max,balanced,cached_mxbai,5130,1782214857.0584543,,,
551,0,svm,max,balanced,cached_mxbai,5131,1782214857.8330927,,,
5429,0,svm,max,balanced,cached_mxbai,5132,1782214858.6008427,,,
1516,0,svm,max,balanced,cached_mxbai,5133,1782214859.3795886,,,
4422,0,svm,max,balanced,cached_mxbai,5134,1782214860.141872,,,
9883,0,svm,max,balanced,cached_mxbai,5135,1782214860.898643,,,
1296,0,svm,max,balanced,cached_mxbai,5136,1782214861.6524744,,,
8165,0,svm,max,balanced,cached_mxbai,5137,1782214862.412267,,,
8688,0,svm,max,balanced,cached_mxbai,5138,1782214863.165479,,,
1151,0,svm,max,balanced,cached_mxbai,5139,1782214863.916411,,,
6724,0,svm,max,balanced,cached_mxbai,5140,1782214864.6683097,,,
5598,0,svm,max,balanced,cached_mxbai,5141,1782214865.4439604,,,
4192,0,svm,max,balanced,cached_mxbai,5142,1782214866.2024877,,,
4204,0,svm,max,balanced,cached_mxbai,5143,1782214866.9615846,,,
3298,0,svm,max,balanced,cached_mxbai,5144,1782214867.71982,,,
7685,0,svm,max,balanced,cached_mxbai,5145,1782214868.478496,,,
9518,0,svm,max,balanced,cached_mxbai,5146,1782214869.2357063,,,
6672,0,svm,max,balanced,cached_mxbai,5147,1782214869.9931252,,,
1259,0,svm,max,balanced,cached_mxbai,5148,1782214870.744236,,,
6511,0,svm,max,balanced,cached_mxbai,5149,1782214871.498698,,,
6300,0,svm,max,balanced,cached_mxbai,5150,1782214872.2580254,,,
3780,0,svm,max,balanced,cached_mxbai,5151,1782214873.0114143,,,
3647,0,svm,max,balanced,cached_mxbai,5152,1782214873.7679234,,,
885,0,svm,max,balanced,cached_mxbai,5153,1782214874.5256054,,,
5801,0,svm,max,balanced,cached_mxbai,5154,1782214875.3013709,,,
2817,0,svm,max,balanced,cached_mxbai,5155,1782214876.0617042,,,
6739,0,svm,max,balanced,cached_mxbai,5156,1782214876.8300738,,,
5934,0,svm,max,balanced,cached_mxbai,5157,1782214877.5888407,,,
1079,0,svm,max,balanced,cached_mxbai,5158,1782214878.345104,,,
9708,0,svm,max,balanced,cached_mxbai,5159,1782214879.1047616,,,
4800,0,svm,max,balanced,cached_mxbai,5160,1782214879.8576288,,,
8056,0,svm,max,balanced,cached_mxbai,5161,1782214880.6163695,,,
767,0,svm,max,balanced,cached_mxbai,5162,1782214881.3711028,,,
7290,0,svm,max,balanced,cached_mxbai,5163,1782214882.1290925,,,
9979,0,svm,max,balanced,cached_mxbai,5164,1782214882.8822129,,,
6963,0,svm,max,balanced,cached_mxbai,5165,1782214883.6452649,,,
410,0,svm,max,balanced,cached_mxbai,5166,1782214884.4012969,,,
5177,0,svm,max,balanced,cached_mxbai,5167,1782214885.1649554,,,
6924,0,svm,max,balanced,cached_mxbai,5168,1782214885.9455898,,,
7723,0,svm,max,balanced,cached_mxbai,5169,1782214886.7105234,,,
4978,0,svm,max,balanced,cached_mxbai,5170,1782214887.4732273,,,
3593,0,svm,max,balanced,cached_mxbai,5171,1782214888.2404413,,,
9162,0,svm,max,balanced,cached_mxbai,5172,1782214889.0094638,,,
142,0,svm,max,balanced,cached_mxbai,5173,1782214889.7757876,,,
5628,0,svm,max,balanced,cached_mxbai,5174,1782214890.523937,,,
6047,0,svm,max,balanced,cached_mxbai,5175,1782214891.271741,,,
5362,0,svm,max,balanced,cached_mxbai,5176,1782214892.0483768,,,
9926,0,svm,max,balanced,cached_mxbai,5177,1782214892.8150256,,,
6102,0,svm,max,balanced,cached_mxbai,5178,1782214893.5789776,,,
8084,0,svm,max,balanced,cached_mxbai,5179,1782214894.3431807,,,
3592,0,svm,max,balanced,cached_mxbai,5180,1782214895.1140254,,,
2905,0,svm,max,balanced,cached_mxbai,5181,1782214895.900843,,,
10455,0,svm,max,balanced,cached_mxbai,5182,1782214896.6619773,,,
5422,0,svm,max,balanced,cached_mxbai,5183,1782214897.424151,,,
3157,0,svm,max,balanced,cached_mxbai,5184,1782214898.236337,,,
10596,1,svm,max,balanced,cached_mxbai,5185,1782214899.0084894,,,
10595,1,svm,max,balanced,cached_mxbai,5186,1782214899.7855754,,,
