record_id,label,classifier,querier,balancer,feature_extractor,training_set,time,note,tags,user_id
8411,1,,,,,,1782209519.642478,,,
1289,0,,,,,,1782209519.642478,,,
5950,1,svm,max,balanced,cached_mxbai,2,1782209519.6891942,,,
3702,1,svm,max,balanced,cached_mxbai,3,1782209519.738654,,,
6097,1,svm,max,balanced,cached_mxbai,4,1782209519.7870076,,,
1960,0,svm,max,balanced,cached_mxbai,5,1782209519.8358288,,,
6283,1,svm,max,balanced,cached_mxbai,6,1782209519.8847826,,,
1141,1,svm,max,balanced,cached_mxbai,7,1782209519.9334676,,,
7026,0,svm,max,balanced,cached_mxbai,8,1782209519.98315,,,
10176,1,svm,max,balanced,cached_mxbai,9,1782209520.0317857,,,
7339,1,svm,max,balanced,cached_mxbai,10,1782209520.080619,,,
10423,1,svm,max,balanced,cached_mxbai,11,1782209520.1298077,,,
5913,1,svm,max,balanced,cached_mxbai,12,1782209520.1785662,,,
4393,1,svm,max,balanced,cached_mxbai,13,1782209520.2285058,,,
9026,0,svm,max,balanced,cached_mxbai,14,1782209520.277135,,,
6484,1,svm,max,balanced,cached_mxbai,15,1782209520.3275046,,,
5481,0,svm,max,balanced,cached_mxbai,16,1782209520.381164,,,
9772,1,svm,max,balanced,cached_mxbai,17,1782209520.4308877,,,
5970,0,svm,max,balanced,cached_mxbai,18,1782209520.4796536,,,
3247,0,svm,max,balanced,cached_mxbai,19,1782209520.5285478,,,
1230,0,svm,max,balanced,cached_mxbai,20,1782209520.5768025,,,
7547,1,svm,max,balanced,cached_mxbai,21,1782209520.6260087,,,
7548,1,svm,max,balanced,cached_mxbai,22,1782209520.6745527,,,
7352,1,svm,max,balanced,cached_mxbai,23,1782209520.7251947,,,
10454,0,svm,max,balanced,cached_mxbai,24,1782209520.774951,,,
9589,0,svm,max,balanced,cached_mxbai,25,1782209520.8253734,,,
1621,1,svm,max,balanced,cached_mxbai,26,1782209520.875396,,,
7914,1,svm,max,balanced,cached_mxbai,27,1782209520.924879,,,
1245,0,svm,max,balanced,cached_mxbai,28,1782209520.9741542,,,
7479,0,svm,max,balanced,cached_mxbai,29,1782209521.023392,,,
6481,0,svm,max,balanced,cached_mxbai,30,1782209521.0720212,,,
6884,0,svm,max,balanced,cached_mxbai,31,1782209521.1214583,,,
9344,1,svm,max,balanced,cached_mxbai,32,1782209521.1721663,,,
10220,1,svm,max,balanced,cached_mxbai,33,1782209521.2220888,,,
5656,1,svm,max,balanced,cached_mxbai,34,1782209521.2709732,,,
9004,1,svm,max,balanced,cached_mxbai,35,1782209521.3227522,,,
6767,0,svm,max,balanced,cached_mxbai,36,1782209521.3753839,,,
1802,1,svm,max,balanced,cached_mxbai,37,1782209521.4242826,,,
5976,0,svm,max,balanced,cached_mxbai,38,1782209521.4738092,,,
9380,0,svm,max,balanced,cached_mxbai,39,1782209521.5232158,,,
6050,0,svm,max,balanced,cached_mxbai,40,1782209521.572751,,,
8434,1,svm,max,balanced,cached_mxbai,41,1782209521.6237476,,,
3820,1,svm,max,balanced,cached_mxbai,42,1782209521.672696,,,
1833,1,svm,max,balanced,cached_mxbai,43,1782209521.72283,,,
8843,0,svm,max,balanced,cached_mxbai,44,1782209521.7721462,,,
882,0,svm,max,balanced,cached_mxbai,45,1782209521.8228993,,,
6902,1,svm,max,balanced,cached_mxbai,46,1782209521.8720906,,,
6904,1,svm,max,balanced,cached_mxbai,47,1782209521.9226286,,,
8412,1,svm,max,balanced,cached_mxbai,48,1782209521.9732912,,,
8378,0,svm,max,balanced,cached_mxbai,49,1782209522.0237763,,,
10015,1,svm,max,balanced,cached_mxbai,50,1782209522.074024,,,
2011,0,svm,max,balanced,cached_mxbai,51,1782209522.124406,,,
7373,1,svm,max,balanced,cached_mxbai,52,1782209522.174948,,,
8719,1,svm,max,balanced,cached_mxbai,53,1782209522.2260273,,,
4083,0,svm,max,balanced,cached_mxbai,54,1782209522.276374,,,
7598,0,svm,max,balanced,cached_mxbai,55,1782209522.3270874,,,
6637,1,svm,max,balanced,cached_mxbai,56,1782209522.3819602,,,
8718,0,svm,max,balanced,cached_mxbai,57,1782209522.4322612,,,
5972,0,svm,max,balanced,cached_mxbai,58,1782209522.4826822,,,
7904,1,svm,max,balanced,cached_mxbai,59,1782209522.534025,,,
8594,1,svm,max,balanced,cached_mxbai,60,1782209522.5853276,,,
8295,0,svm,max,balanced,cached_mxbai,61,1782209522.6375134,,,
6419,1,svm,max,balanced,cached_mxbai,62,1782209522.6921685,,,
7179,0,svm,max,balanced,cached_mxbai,63,1782209522.7479694,,,
5647,1,svm,max,balanced,cached_mxbai,64,1782209522.8045752,,,
6197,0,svm,max,balanced,cached_mxbai,65,1782209522.8601146,,,
10026,0,svm,max,balanced,cached_mxbai,66,1782209522.9137197,,,
1159,1,svm,max,balanced,cached_mxbai,67,1782209522.9670796,,,
5115,0,svm,max,balanced,cached_mxbai,68,1782209523.019282,,,
649,0,svm,max,balanced,cached_mxbai,69,1782209523.07113,,,
1428,0,svm,max,balanced,cached_mxbai,70,1782209523.122221,,,
7368,0,svm,max,balanced,cached_mxbai,71,1782209523.174445,,,
8552,0,svm,max,balanced,cached_mxbai,72,1782209523.2293208,,,
9527,1,svm,max,balanced,cached_mxbai,73,1782209523.2815485,,,
9787,1,svm,max,balanced,cached_mxbai,74,1782209523.333843,,,
2751,0,svm,max,balanced,cached_mxbai,75,1782209523.3895917,,,
7412,0,svm,max,balanced,cached_mxbai,76,1782209523.4415278,,,
9498,1,svm,max,balanced,cached_mxbai,77,1782209523.4938462,,,
8087,1,svm,max,balanced,cached_mxbai,78,1782209523.5457559,,,
10029,0,svm,max,balanced,cached_mxbai,79,1782209523.5978575,,,
9360,0,svm,max,balanced,cached_mxbai,80,1782209523.6497066,,,
5749,1,svm,max,balanced,cached_mxbai,81,1782209523.7011194,,,
3931,1,svm,max,balanced,cached_mxbai,82,1782209523.753694,,,
5353,1,svm,max,balanced,cached_mxbai,83,1782209523.8058357,,,
5301,1,svm,max,balanced,cached_mxbai,84,1782209523.8582582,,,
5333,0,svm,max,balanced,cached_mxbai,85,1782209523.9111545,,,
7928,0,svm,max,balanced,cached_mxbai,86,1782209523.96339,,,
10447,1,svm,max,balanced,cached_mxbai,87,1782209524.016803,,,
3590,0,svm,max,balanced,cached_mxbai,88,1782209524.0688434,,,
3692,0,svm,max,balanced,cached_mxbai,89,1782209524.122337,,,
5646,1,svm,max,balanced,cached_mxbai,90,1782209524.175523,,,
5369,1,svm,max,balanced,cached_mxbai,91,1782209524.2295215,,,
10523,1,svm,max,balanced,cached_mxbai,92,1782209524.281795,,,
10456,0,svm,max,balanced,cached_mxbai,93,1782209524.334577,,,
5750,0,svm,max,balanced,cached_mxbai,94,1782209524.3911018,,,
8775,0,svm,max,balanced,cached_mxbai,95,1782209524.4450228,,,
9891,0,svm,max,balanced,cached_mxbai,96,1782209524.5024414,,,
4456,0,svm,max,balanced,cached_mxbai,97,1782209524.5598576,,,
1272,0,svm,max,balanced,cached_mxbai,98,1782209524.616321,,,
8537,1,svm,max,balanced,cached_mxbai,99,1782209524.6718857,,,
9959,1,svm,max,balanced,cached_mxbai,100,1782209524.7259543,,,
8535,1,svm,max,balanced,cached_mxbai,101,1782209524.780829,,,
5298,1,svm,max,balanced,cached_mxbai,102,1782209524.8388436,,,
5297,0,svm,max,balanced,cached_mxbai,103,1782209524.8939302,,,
5302,1,svm,max,balanced,cached_mxbai,104,1782209524.9488316,,,
831,1,svm,max,balanced,cached_mxbai,105,1782209525.0048578,,,
839,0,svm,max,balanced,cached_mxbai,106,1782209525.0705116,,,
10053,0,svm,max,balanced,cached_mxbai,107,1782209525.1272888,,,
8163,1,svm,max,balanced,cached_mxbai,108,1782209525.184964,,,
1674,0,svm,max,balanced,cached_mxbai,109,1782209525.2580316,,,
6673,1,svm,max,balanced,cached_mxbai,110,1782209525.3561952,,,
8649,1,svm,max,balanced,cached_mxbai,111,1782209525.4110587,,,
7863,1,svm,max,balanced,cached_mxbai,112,1782209525.4659715,,,
6053,1,svm,max,balanced,cached_mxbai,113,1782209525.5208952,,,
1747,1,svm,max,balanced,cached_mxbai,114,1782209525.5757632,,,
1748,0,svm,max,balanced,cached_mxbai,115,1782209525.6312337,,,
5739,1,svm,max,balanced,cached_mxbai,116,1782209525.6852765,,,
5081,0,svm,max,balanced,cached_mxbai,117,1782209525.7399187,,,
982,0,svm,max,balanced,cached_mxbai,118,1782209525.79456,,,
8094,1,svm,max,balanced,cached_mxbai,119,1782209525.8489738,,,
9658,0,svm,max,balanced,cached_mxbai,120,1782209525.904001,,,
9685,1,svm,max,balanced,cached_mxbai,121,1782209525.958941,,,
6376,0,svm,max,balanced,cached_mxbai,122,1782209526.014085,,,
3190,0,svm,max,balanced,cached_mxbai,123,1782209526.0690994,,,
9142,0,svm,max,balanced,cached_mxbai,124,1782209526.1237018,,,
2294,0,svm,max,balanced,cached_mxbai,125,1782209526.1796434,,,
1675,1,svm,max,balanced,cached_mxbai,126,1782209526.2354078,,,
845,0,svm,max,balanced,cached_mxbai,127,1782209526.291058,,,
9740,0,svm,max,balanced,cached_mxbai,128,1782209526.346179,,,
521,0,svm,max,balanced,cached_mxbai,129,1782209526.4025104,,,
4457,0,svm,max,balanced,cached_mxbai,130,1782209526.4564297,,,
6628,0,svm,max,balanced,cached_mxbai,131,1782209526.5117028,,,
4591,0,svm,max,balanced,cached_mxbai,132,1782209526.567112,,,
3019,1,svm,max,balanced,cached_mxbai,133,1782209526.6232243,,,
4452,0,svm,max,balanced,cached_mxbai,134,1782209526.6793146,,,
10035,0,svm,max,balanced,cached_mxbai,135,1782209526.7340267,,,
10512,1,svm,max,balanced,cached_mxbai,136,1782209526.7897491,,,
7333,1,svm,max,balanced,cached_mxbai,137,1782209526.8458622,,,
7413,1,svm,max,balanced,cached_mxbai,138,1782209526.901771,,,
7877,1,svm,max,balanced,cached_mxbai,139,1782209526.9568942,,,
1728,1,svm,max,balanced,cached_mxbai,140,1782209527.013324,,,
8503,1,svm,max,balanced,cached_mxbai,141,1782209527.0699818,,,
1028,0,svm,max,balanced,cached_mxbai,142,1782209527.1265697,,,
5670,0,svm,max,balanced,cached_mxbai,143,1782209527.1852043,,,
10147,1,svm,max,balanced,cached_mxbai,144,1782209527.243163,,,
1726,1,svm,max,balanced,cached_mxbai,145,1782209527.3002055,,,
5888,1,svm,max,balanced,cached_mxbai,146,1782209527.3570533,,,
7724,1,svm,max,balanced,cached_mxbai,147,1782209527.4175322,,,
8807,0,svm,max,balanced,cached_mxbai,148,1782209527.4741402,,,
8620,0,svm,max,balanced,cached_mxbai,149,1782209527.5299973,,,
5782,0,svm,max,balanced,cached_mxbai,150,1782209527.585644,,,
1311,0,svm,max,balanced,cached_mxbai,151,1782209527.6427653,,,
662,0,svm,max,balanced,cached_mxbai,152,1782209527.6998105,,,
4547,0,svm,max,balanced,cached_mxbai,153,1782209527.7578957,,,
4534,0,svm,max,balanced,cached_mxbai,154,1782209527.8152986,,,
1002,1,svm,max,balanced,cached_mxbai,155,1782209527.8724613,,,
5715,0,svm,max,balanced,cached_mxbai,156,1782209527.930596,,,
4549,0,svm,max,balanced,cached_mxbai,157,1782209527.9881015,,,
10324,0,svm,max,balanced,cached_mxbai,158,1782209528.045586,,,
1110,0,svm,max,balanced,cached_mxbai,159,1782209528.1038222,,,
7153,1,svm,max,balanced,cached_mxbai,160,1782209528.1611688,,,
7655,1,svm,max,balanced,cached_mxbai,161,1782209528.2208276,,,
9686,1,svm,max,balanced,cached_mxbai,162,1782209528.2791586,,,
8314,1,svm,max,balanced,cached_mxbai,163,1782209528.3373737,,,
8656,0,svm,max,balanced,cached_mxbai,164,1782209528.3986304,,,
9077,0,svm,max,balanced,cached_mxbai,165,1782209528.4573328,,,
5082,0,svm,max,balanced,cached_mxbai,166,1782209528.5158293,,,
4558,0,svm,max,balanced,cached_mxbai,167,1782209528.574905,,,
9720,0,svm,max,balanced,cached_mxbai,168,1782209528.6333776,,,
989,0,svm,max,balanced,cached_mxbai,169,1782209528.6920297,,,
6174,0,svm,max,balanced,cached_mxbai,170,1782209528.7517223,,,
4455,0,svm,max,balanced,cached_mxbai,171,1782209528.8120084,,,
10051,0,svm,max,balanced,cached_mxbai,172,1782209528.8706331,,,
3451,1,svm,max,balanced,cached_mxbai,173,1782209528.9294226,,,
6627,0,svm,max,balanced,cached_mxbai,174,1782209528.9881792,,,
8306,1,svm,max,balanced,cached_mxbai,175,1782209529.046342,,,
9750,1,svm,max,balanced,cached_mxbai,176,1782209529.1054788,,,
9525,0,svm,max,balanced,cached_mxbai,177,1782209529.1635818,,,
8401,0,svm,max,balanced,cached_mxbai,178,1782209529.224098,,,
1676,0,svm,max,balanced,cached_mxbai,179,1782209529.2832499,,,
1488,0,svm,max,balanced,cached_mxbai,180,1782209529.341674,,,
8247,1,svm,max,balanced,cached_mxbai,181,1782209529.4059477,,,
3021,0,svm,max,balanced,cached_mxbai,182,1782209529.464462,,,
4751,0,svm,max,balanced,cached_mxbai,183,1782209529.5228312,,,
9170,1,svm,max,balanced,cached_mxbai,184,1782209529.5812702,,,
8505,0,svm,max,balanced,cached_mxbai,185,1782209529.640185,,,
9107,0,svm,max,balanced,cached_mxbai,186,1782209529.700369,,,
5714,1,svm,max,balanced,cached_mxbai,187,1782209529.7605538,,,
6111,0,svm,max,balanced,cached_mxbai,188,1782209529.8224444,,,
9325,1,svm,max,balanced,cached_mxbai,189,1782209529.8833332,,,
7878,0,svm,max,balanced,cached_mxbai,190,1782209529.9426603,,,
8801,0,svm,max,balanced,cached_mxbai,191,1782209530.0021887,,,
6783,0,svm,max,balanced,cached_mxbai,192,1782209530.0624423,,,
7561,0,svm,max,balanced,cached_mxbai,193,1782209530.1211627,,,
9346,1,svm,max,balanced,cached_mxbai,194,1782209530.1818511,,,
4508,0,svm,max,balanced,cached_mxbai,195,1782209530.2433267,,,
5059,0,svm,max,balanced,cached_mxbai,196,1782209530.3041642,,,
4448,0,svm,max,balanced,cached_mxbai,197,1782209530.3633196,,,
7340,0,svm,max,balanced,cached_mxbai,198,1782209530.4270303,,,
4464,1,svm,max,balanced,cached_mxbai,199,1782209530.4855373,,,
6268,0,svm,max,balanced,cached_mxbai,200,1782209530.546196,,,
3077,0,svm,max,balanced,cached_mxbai,201,1782209530.606307,,,
6479,0,svm,max,balanced,cached_mxbai,202,1782209530.6664505,,,
10062,0,svm,max,balanced,cached_mxbai,203,1782209530.725939,,,
5724,1,svm,max,balanced,cached_mxbai,204,1782209530.7851732,,,
4283,0,svm,max,balanced,cached_mxbai,205,1782209530.8458552,,,
5299,0,svm,max,balanced,cached_mxbai,206,1782209530.9063842,,,
4718,0,svm,max,balanced,cached_mxbai,207,1782209530.9669325,,,
4950,0,svm,max,balanced,cached_mxbai,208,1782209531.0266259,,,
6257,0,svm,max,balanced,cached_mxbai,209,1782209531.0870497,,,
10037,0,svm,max,balanced,cached_mxbai,210,1782209531.1471252,,,
8442,0,svm,max,balanced,cached_mxbai,211,1782209531.2070742,,,
7176,0,svm,max,balanced,cached_mxbai,212,1782209531.2669096,,,
8730,0,svm,max,balanced,cached_mxbai,213,1782209531.326695,,,
6617,0,svm,max,balanced,cached_mxbai,214,1782209531.385539,,,
1786,0,svm,max,balanced,cached_mxbai,215,1782209531.448638,,,
5296,0,svm,max,balanced,cached_mxbai,216,1782209531.5082593,,,
8047,1,svm,max,balanced,cached_mxbai,217,1782209531.5675929,,,
8815,1,svm,max,balanced,cached_mxbai,218,1782209531.6279094,,,
9944,0,svm,max,balanced,cached_mxbai,219,1782209531.6952686,,,
8460,0,svm,max,balanced,cached_mxbai,220,1782209531.7623153,,,
6520,0,svm,max,balanced,cached_mxbai,221,1782209531.83006,,,
8926,0,svm,max,balanced,cached_mxbai,222,1782209531.898901,,,
681,0,svm,max,balanced,cached_mxbai,223,1782209531.9658036,,,
4345,0,svm,max,balanced,cached_mxbai,224,1782209532.0278053,,,
3489,0,svm,max,balanced,cached_mxbai,225,1782209532.0891216,,,
5565,0,svm,max,balanced,cached_mxbai,226,1782209532.1497352,,,
7754,0,svm,max,balanced,cached_mxbai,227,1782209532.2105696,,,
6632,1,svm,max,balanced,cached_mxbai,228,1782209532.2700891,,,
6630,0,svm,max,balanced,cached_mxbai,229,1782209532.3298554,,,
1645,1,svm,max,balanced,cached_mxbai,230,1782209532.3893297,,,
4468,0,svm,max,balanced,cached_mxbai,231,1782209532.4525476,,,
5986,1,svm,max,balanced,cached_mxbai,232,1782209532.511538,,,
4460,0,svm,max,balanced,cached_mxbai,233,1782209532.5701814,,,
6227,0,svm,max,balanced,cached_mxbai,234,1782209532.6304433,,,
9835,0,svm,max,balanced,cached_mxbai,235,1782209532.6906388,,,
4326,0,svm,max,balanced,cached_mxbai,236,1782209532.751694,,,
543,0,svm,max,balanced,cached_mxbai,237,1782209532.8119729,,,
6098,0,svm,max,balanced,cached_mxbai,238,1782209532.8724253,,,
4423,0,svm,max,balanced,cached_mxbai,239,1782209532.933914,,,
9462,0,svm,max,balanced,cached_mxbai,240,1782209532.995974,,,
10028,1,svm,max,balanced,cached_mxbai,241,1782209533.0571015,,,
9027,0,svm,max,balanced,cached_mxbai,242,1782209533.1178877,,,
5985,0,svm,max,balanced,cached_mxbai,243,1782209533.1788225,,,
5322,0,svm,max,balanced,cached_mxbai,244,1782209533.2421036,,,
5948,0,svm,max,balanced,cached_mxbai,245,1782209533.3033946,,,
7278,0,svm,max,balanced,cached_mxbai,246,1782209533.364554,,,
5141,0,svm,max,balanced,cached_mxbai,247,1782209533.4251704,,,
4450,0,svm,max,balanced,cached_mxbai,248,1782209533.4903116,,,
8787,0,svm,max,balanced,cached_mxbai,249,1782209533.5504167,,,
4752,0,svm,max,balanced,cached_mxbai,250,1782209533.6104457,,,
4986,0,svm,max,balanced,cached_mxbai,251,1782209533.672148,,,
3102,0,svm,max,balanced,cached_mxbai,252,1782209533.735753,,,
3135,0,svm,max,balanced,cached_mxbai,253,1782209533.7973838,,,
5492,0,svm,max,balanced,cached_mxbai,254,1782209533.8599575,,,
10563,1,svm,max,balanced,cached_mxbai,255,1782209533.9216864,,,
1038,0,svm,max,balanced,cached_mxbai,256,1782209533.9829369,,,
5865,0,svm,max,balanced,cached_mxbai,257,1782209534.048177,,,
4971,0,svm,max,balanced,cached_mxbai,258,1782209534.1096845,,,
4425,0,svm,max,balanced,cached_mxbai,259,1782209534.1697516,,,
4666,0,svm,max,balanced,cached_mxbai,260,1782209534.2336264,,,
6508,0,svm,max,balanced,cached_mxbai,261,1782209534.2991402,,,
4786,0,svm,max,balanced,cached_mxbai,262,1782209534.3622718,,,
1649,0,svm,max,balanced,cached_mxbai,263,1782209534.4227738,,,
1271,0,svm,max,balanced,cached_mxbai,264,1782209534.4889421,,,
3464,0,svm,max,balanced,cached_mxbai,265,1782209534.5502698,,,
4592,0,svm,max,balanced,cached_mxbai,266,1782209534.6111207,,,
6665,0,svm,max,balanced,cached_mxbai,267,1782209534.6727083,,,
1554,0,svm,max,balanced,cached_mxbai,268,1782209534.7351356,,,
7942,0,svm,max,balanced,cached_mxbai,269,1782209534.7977657,,,
4504,0,svm,max,balanced,cached_mxbai,270,1782209534.860404,,,
5071,0,svm,max,balanced,cached_mxbai,271,1782209534.9227538,,,
5560,0,svm,max,balanced,cached_mxbai,272,1782209534.985705,,,
657,0,svm,max,balanced,cached_mxbai,273,1782209535.0552788,,,
1552,0,svm,max,balanced,cached_mxbai,274,1782209535.1190948,,,
8561,0,svm,max,balanced,cached_mxbai,275,1782209535.183334,,,
4413,0,svm,max,balanced,cached_mxbai,276,1782209535.2706785,,,
9758,0,svm,max,balanced,cached_mxbai,277,1782209535.3564143,,,
3509,0,svm,max,balanced,cached_mxbai,278,1782209535.418572,,,
5606,0,svm,max,balanced,cached_mxbai,279,1782209535.4859374,,,
9168,0,svm,max,balanced,cached_mxbai,280,1782209535.5487845,,,
6624,0,svm,max,balanced,cached_mxbai,281,1782209535.6118507,,,
4210,0,svm,max,balanced,cached_mxbai,282,1782209535.6746895,,,
4529,0,svm,max,balanced,cached_mxbai,283,1782209535.7395651,,,
7711,0,svm,max,balanced,cached_mxbai,284,1782209535.805225,,,
1081,0,svm,max,balanced,cached_mxbai,285,1782209535.8692248,,,
10101,0,svm,max,balanced,cached_mxbai,286,1782209535.934884,,,
6158,0,svm,max,balanced,cached_mxbai,287,1782209535.9981658,,,
1729,0,svm,max,balanced,cached_mxbai,288,1782209536.0619116,,,
9989,1,svm,max,balanced,cached_mxbai,289,1782209536.12631,,,
6874,0,svm,max,balanced,cached_mxbai,290,1782209536.1902726,,,
6480,0,svm,max,balanced,cached_mxbai,291,1782209536.255085,,,
7288,0,svm,max,balanced,cached_mxbai,292,1782209536.3194518,,,
9468,0,svm,max,balanced,cached_mxbai,293,1782209536.3837628,,,
6716,0,svm,max,balanced,cached_mxbai,294,1782209536.4472897,,,
3372,0,svm,max,balanced,cached_mxbai,295,1782209536.5154667,,,
5624,0,svm,max,balanced,cached_mxbai,296,1782209536.5787463,,,
10502,0,svm,max,balanced,cached_mxbai,297,1782209536.6427627,,,
7172,0,svm,max,balanced,cached_mxbai,298,1782209536.7074785,,,
5085,0,svm,max,balanced,cached_mxbai,299,1782209536.7726076,,,
8691,0,svm,max,balanced,cached_mxbai,300,1782209536.8394196,,,
6018,0,svm,max,balanced,cached_mxbai,301,1782209536.9056563,,,
3908,0,svm,max,balanced,cached_mxbai,302,1782209536.9712782,,,
7905,0,svm,max,balanced,cached_mxbai,303,1782209537.0367868,,,
1232,0,svm,max,balanced,cached_mxbai,304,1782209537.1023536,,,
2681,0,svm,max,balanced,cached_mxbai,305,1782209537.1665058,,,
5305,0,svm,max,balanced,cached_mxbai,306,1782209537.2319283,,,
9892,0,svm,max,balanced,cached_mxbai,307,1782209537.2983735,,,
4338,0,svm,max,balanced,cached_mxbai,308,1782209537.3628542,,,
5368,1,svm,max,balanced,cached_mxbai,309,1782209537.4284198,,,
2958,0,svm,max,balanced,cached_mxbai,310,1782209537.4966395,,,
5306,0,svm,max,balanced,cached_mxbai,311,1782209537.5608728,,,
6633,0,svm,max,balanced,cached_mxbai,312,1782209537.6256146,,,
8366,0,svm,max,balanced,cached_mxbai,313,1782209537.6896462,,,
9774,0,svm,max,balanced,cached_mxbai,314,1782209537.7570784,,,
589,0,svm,max,balanced,cached_mxbai,315,1782209537.8244398,,,
5209,0,svm,max,balanced,cached_mxbai,316,1782209537.8911216,,,
4965,0,svm,max,balanced,cached_mxbai,317,1782209537.9568503,,,
7200,0,svm,max,balanced,cached_mxbai,318,1782209538.0235388,,,
1424,0,svm,max,balanced,cached_mxbai,319,1782209538.0885932,,,
3176,0,svm,max,balanced,cached_mxbai,320,1782209538.154777,,,
1819,0,svm,max,balanced,cached_mxbai,321,1782209538.22089,,,
4461,0,svm,max,balanced,cached_mxbai,322,1782209538.2870858,,,
5293,0,svm,max,balanced,cached_mxbai,323,1782209538.3550584,,,
4465,0,svm,max,balanced,cached_mxbai,324,1782209538.422863,,,
9025,0,svm,max,balanced,cached_mxbai,325,1782209538.4871876,,,
4436,0,svm,max,balanced,cached_mxbai,326,1782209538.553833,,,
7851,0,svm,max,balanced,cached_mxbai,327,1782209538.6188226,,,
4466,0,svm,max,balanced,cached_mxbai,328,1782209538.6830747,,,
2800,0,svm,max,balanced,cached_mxbai,329,1782209538.7525024,,,
8971,0,svm,max,balanced,cached_mxbai,330,1782209538.8206162,,,
4548,0,svm,max,balanced,cached_mxbai,331,1782209538.8878942,,,
1491,0,svm,max,balanced,cached_mxbai,332,1782209538.9554114,,,
6496,0,svm,max,balanced,cached_mxbai,333,1782209539.0240674,,,
4406,0,svm,max,balanced,cached_mxbai,334,1782209539.0915658,,,
6921,0,svm,max,balanced,cached_mxbai,335,1782209539.1579819,,,
1083,0,svm,max,balanced,cached_mxbai,336,1782209539.2261546,,,
4887,0,svm,max,balanced,cached_mxbai,337,1782209539.2935762,,,
7012,0,svm,max,balanced,cached_mxbai,338,1782209539.361956,,,
8651,0,svm,max,balanced,cached_mxbai,339,1782209539.4306145,,,
4293,0,svm,max,balanced,cached_mxbai,340,1782209539.4984365,,,
8643,0,svm,max,balanced,cached_mxbai,341,1782209539.5655046,,,
1005,0,svm,max,balanced,cached_mxbai,342,1782209539.6323602,,,
5561,0,svm,max,balanced,cached_mxbai,343,1782209539.6990213,,,
7790,0,svm,max,balanced,cached_mxbai,344,1782209539.7685287,,,
4973,0,svm,max,balanced,cached_mxbai,345,1782209539.8388374,,,
220,0,svm,max,balanced,cached_mxbai,346,1782209539.9064145,,,
4643,0,svm,max,balanced,cached_mxbai,347,1782209539.9733315,,,
1810,0,svm,max,balanced,cached_mxbai,348,1782209540.0426266,,,
2489,0,svm,max,balanced,cached_mxbai,349,1782209540.1117837,,,
4055,0,svm,max,balanced,cached_mxbai,350,1782209540.1821287,,,
4077,0,svm,max,balanced,cached_mxbai,351,1782209540.2504017,,,
8532,0,svm,max,balanced,cached_mxbai,352,1782209540.319565,,,
1047,1,svm,max,balanced,cached_mxbai,353,1782209540.3872387,,,
725,0,svm,max,balanced,cached_mxbai,354,1782209540.4557092,,,
7184,0,svm,max,balanced,cached_mxbai,355,1782209540.5237567,,,
4467,0,svm,max,balanced,cached_mxbai,356,1782209540.5936086,,,
7686,0,svm,max,balanced,cached_mxbai,357,1782209540.6617792,,,
8334,0,svm,max,balanced,cached_mxbai,358,1782209540.7331786,,,
5967,1,svm,max,balanced,cached_mxbai,359,1782209540.804978,,,
9805,0,svm,max,balanced,cached_mxbai,360,1782209540.8764787,,,
6781,1,svm,max,balanced,cached_mxbai,361,1782209540.9471135,,,
6782,0,svm,max,balanced,cached_mxbai,362,1782209541.0171592,,,
9770,1,svm,max,balanced,cached_mxbai,363,1782209541.0899582,,,
8188,0,svm,max,balanced,cached_mxbai,364,1782209541.1607664,,,
6448,0,svm,max,balanced,cached_mxbai,365,1782209541.2322025,,,
3343,0,svm,max,balanced,cached_mxbai,366,1782209541.3031843,,,
9255,0,svm,max,balanced,cached_mxbai,367,1782209541.375914,,,
1145,0,svm,max,balanced,cached_mxbai,368,1782209541.4449677,,,
9430,0,svm,max,balanced,cached_mxbai,369,1782209541.5149982,,,
8145,0,svm,max,balanced,cached_mxbai,370,1782209541.5855865,,,
5257,0,svm,max,balanced,cached_mxbai,371,1782209541.653683,,,
4628,0,svm,max,balanced,cached_mxbai,372,1782209541.7234719,,,
7299,0,svm,max,balanced,cached_mxbai,373,1782209541.7923493,,,
1817,0,svm,max,balanced,cached_mxbai,374,1782209541.8622363,,,
1004,0,svm,max,balanced,cached_mxbai,375,1782209541.9314978,,,
3433,0,svm,max,balanced,cached_mxbai,376,1782209542.003135,,,
4748,0,svm,max,balanced,cached_mxbai,377,1782209542.075346,,,
9684,0,svm,max,balanced,cached_mxbai,378,1782209542.1449628,,,
1906,0,svm,max,balanced,cached_mxbai,379,1782209542.2148924,,,
3568,0,svm,max,balanced,cached_mxbai,380,1782209542.2870588,,,
8806,1,svm,max,balanced,cached_mxbai,381,1782209542.35914,,,
5792,0,svm,max,balanced,cached_mxbai,382,1782209542.432588,,,
7215,0,svm,max,balanced,cached_mxbai,383,1782209542.505931,,,
7147,0,svm,max,balanced,cached_mxbai,384,1782209542.5777102,,,
5210,0,svm,max,balanced,cached_mxbai,385,1782209542.6498334,,,
3768,0,svm,max,balanced,cached_mxbai,386,1782209542.72029,,,
7534,0,svm,max,balanced,cached_mxbai,387,1782209542.793068,,,
6377,0,svm,max,balanced,cached_mxbai,388,1782209542.8658595,,,
8375,0,svm,max,balanced,cached_mxbai,389,1782209542.938696,,,
8465,0,svm,max,balanced,cached_mxbai,390,1782209543.0113797,,,
3891,0,svm,max,balanced,cached_mxbai,391,1782209543.086708,,,
7784,0,svm,max,balanced,cached_mxbai,392,1782209543.1606135,,,
4743,0,svm,max,balanced,cached_mxbai,393,1782209543.232179,,,
4029,0,svm,max,balanced,cached_mxbai,394,1782209543.305256,,,
7678,0,svm,max,balanced,cached_mxbai,395,1782209543.3778522,,,
183,0,svm,max,balanced,cached_mxbai,396,1782209543.449021,,,
1489,0,svm,max,balanced,cached_mxbai,397,1782209543.5242414,,,
8485,0,svm,max,balanced,cached_mxbai,398,1782209543.597188,,,
4308,0,svm,max,balanced,cached_mxbai,399,1782209543.6699624,,,
3145,1,svm,max,balanced,cached_mxbai,400,1782209543.745307,,,
6779,1,svm,max,balanced,cached_mxbai,401,1782209543.8193629,,,
3718,0,svm,max,balanced,cached_mxbai,402,1782209543.8919086,,,
99,0,svm,max,balanced,cached_mxbai,403,1782209543.9660954,,,
3144,0,svm,max,balanced,cached_mxbai,404,1782209544.0416183,,,
3027,0,svm,max,balanced,cached_mxbai,405,1782209544.1133115,,,
3389,0,svm,max,balanced,cached_mxbai,406,1782209544.1852996,,,
4036,0,svm,max,balanced,cached_mxbai,407,1782209544.2570784,,,
9204,0,svm,max,balanced,cached_mxbai,408,1782209544.3312905,,,
6519,0,svm,max,balanced,cached_mxbai,409,1782209544.40606,,,
10590,0,svm,max,balanced,cached_mxbai,410,1782209544.4799314,,,
4557,0,svm,max,balanced,cached_mxbai,411,1782209544.5526288,,,
4738,0,svm,max,balanced,cached_mxbai,412,1782209544.6253085,,,
7017,0,svm,max,balanced,cached_mxbai,413,1782209544.6977568,,,
6640,0,svm,max,balanced,cached_mxbai,414,1782209544.7719884,,,
5586,0,svm,max,balanced,cached_mxbai,415,1782209544.8454394,,,
9600,0,svm,max,balanced,cached_mxbai,416,1782209544.9176729,,,
6258,1,svm,max,balanced,cached_mxbai,417,1782209544.991159,,,
10146,0,svm,max,balanced,cached_mxbai,418,1782209545.0901573,,,
1228,0,svm,max,balanced,cached_mxbai,419,1782209545.1635025,,,
4688,0,svm,max,balanced,cached_mxbai,420,1782209545.2502797,,,
10016,1,svm,max,balanced,cached_mxbai,421,1782209545.3543088,,,
4885,0,svm,max,balanced,cached_mxbai,422,1782209545.4291108,,,
4064,0,svm,max,balanced,cached_mxbai,423,1782209545.5033123,,,
5769,0,svm,max,balanced,cached_mxbai,424,1782209545.5774682,,,
8395,0,svm,max,balanced,cached_mxbai,425,1782209545.6510274,,,
3804,0,svm,max,balanced,cached_mxbai,426,1782209545.7235665,,,
4353,0,svm,max,balanced,cached_mxbai,427,1782209545.7995641,,,
1001,0,svm,max,balanced,cached_mxbai,428,1782209545.8721862,,,
4451,0,svm,max,balanced,cached_mxbai,429,1782209545.947886,,,
10215,0,svm,max,balanced,cached_mxbai,430,1782209546.020826,,,
1191,0,svm,max,balanced,cached_mxbai,431,1782209546.0981374,,,
8887,0,svm,max,balanced,cached_mxbai,432,1782209546.1739893,,,
4746,0,svm,max,balanced,cached_mxbai,433,1782209546.2488832,,,
5941,0,svm,max,balanced,cached_mxbai,434,1782209546.3217072,,,
7943,0,svm,max,balanced,cached_mxbai,435,1782209546.396544,,,
6464,0,svm,max,balanced,cached_mxbai,436,1782209546.4731555,,,
4785,0,svm,max,balanced,cached_mxbai,437,1782209546.5519595,,,
1708,0,svm,max,balanced,cached_mxbai,438,1782209546.6286933,,,
7140,0,svm,max,balanced,cached_mxbai,439,1782209546.7020776,,,
558,0,svm,max,balanced,cached_mxbai,440,1782209546.7759025,,,
5176,0,svm,max,balanced,cached_mxbai,441,1782209546.851396,,,
3459,0,svm,max,balanced,cached_mxbai,442,1782209546.9257436,,,
4661,0,svm,max,balanced,cached_mxbai,443,1782209547.0005379,,,
6926,0,svm,max,balanced,cached_mxbai,444,1782209547.0760539,,,
4778,0,svm,max,balanced,cached_mxbai,445,1782209547.149861,,,
1061,0,svm,max,balanced,cached_mxbai,446,1782209547.224458,,,
3576,0,svm,max,balanced,cached_mxbai,447,1782209547.2976031,,,
5633,0,svm,max,balanced,cached_mxbai,448,1782209547.3732073,,,
2705,0,svm,max,balanced,cached_mxbai,449,1782209547.4500487,,,
958,0,svm,max,balanced,cached_mxbai,450,1782209547.526599,,,
9552,0,svm,max,balanced,cached_mxbai,451,1782209547.6060128,,,
4881,0,svm,max,balanced,cached_mxbai,452,1782209547.682112,,,
7435,0,svm,max,balanced,cached_mxbai,453,1782209547.757413,,,
8714,0,svm,max,balanced,cached_mxbai,454,1782209547.8349297,,,
3961,0,svm,max,balanced,cached_mxbai,455,1782209547.9103224,,,
5563,0,svm,max,balanced,cached_mxbai,456,1782209547.9854534,,,
1599,0,svm,max,balanced,cached_mxbai,457,1782209548.0648184,,,
3963,0,svm,max,balanced,cached_mxbai,458,1782209548.1398125,,,
838,0,svm,max,balanced,cached_mxbai,459,1782209548.2151842,,,
5975,0,svm,max,balanced,cached_mxbai,460,1782209548.293313,,,
10209,0,svm,max,balanced,cached_mxbai,461,1782209548.3704987,,,
3065,0,svm,max,balanced,cached_mxbai,462,1782209548.446592,,,
9702,0,svm,max,balanced,cached_mxbai,463,1782209548.5231524,,,
6881,1,svm,max,balanced,cached_mxbai,464,1782209548.6044748,,,
3243,0,svm,max,balanced,cached_mxbai,465,1782209548.6813042,,,
8422,1,svm,max,balanced,cached_mxbai,466,1782209548.7600522,,,
7896,0,svm,max,balanced,cached_mxbai,467,1782209548.8366606,,,
3775,0,svm,max,balanced,cached_mxbai,468,1782209548.9121459,,,
8117,0,svm,max,balanced,cached_mxbai,469,1782209548.989103,,,
4531,0,svm,max,balanced,cached_mxbai,470,1782209549.0650184,,,
6738,0,svm,max,balanced,cached_mxbai,471,1782209549.1399944,,,
6891,0,svm,max,balanced,cached_mxbai,472,1782209549.2178628,,,
7392,0,svm,max,balanced,cached_mxbai,473,1782209549.2963955,,,
74,0,svm,max,balanced,cached_mxbai,474,1782209549.3768935,,,
4396,0,svm,max,balanced,cached_mxbai,475,1782209549.4559958,,,
8991,0,svm,max,balanced,cached_mxbai,476,1782209549.5336492,,,
3679,0,svm,max,balanced,cached_mxbai,477,1782209549.6157742,,,
4720,0,svm,max,balanced,cached_mxbai,478,1782209549.6923516,,,
4805,0,svm,max,balanced,cached_mxbai,479,1782209549.7692363,,,
5414,0,svm,max,balanced,cached_mxbai,480,1782209549.8476994,,,
3672,0,svm,max,balanced,cached_mxbai,481,1782209549.9252229,,,
10052,0,svm,max,balanced,cached_mxbai,482,1782209550.0036235,,,
6490,0,svm,max,balanced,cached_mxbai,483,1782209550.079309,,,
4947,0,svm,max,balanced,cached_mxbai,484,1782209550.156952,,,
4390,0,svm,max,balanced,cached_mxbai,485,1782209550.2327719,,,
1520,0,svm,max,balanced,cached_mxbai,486,1782209550.3094876,,,
3919,0,svm,max,balanced,cached_mxbai,487,1782209550.385213,,,
6916,0,svm,max,balanced,cached_mxbai,488,1782209550.4626834,,,
4487,0,svm,max,balanced,cached_mxbai,489,1782209550.5399415,,,
10591,0,svm,max,balanced,cached_mxbai,490,1782209550.6207125,,,
7104,0,svm,max,balanced,cached_mxbai,491,1782209550.696587,,,
832,0,svm,max,balanced,cached_mxbai,492,1782209550.7718458,,,
5521,0,svm,max,balanced,cached_mxbai,493,1782209550.8512318,,,
7421,0,svm,max,balanced,cached_mxbai,494,1782209550.9286747,,,
4829,0,svm,max,balanced,cached_mxbai,495,1782209551.0068467,,,
4072,0,svm,max,balanced,cached_mxbai,496,1782209551.0862846,,,
3630,0,svm,max,balanced,cached_mxbai,497,1782209551.164691,,,
3974,0,svm,max,balanced,cached_mxbai,498,1782209551.2436898,,,
4779,0,svm,max,balanced,cached_mxbai,499,1782209551.3218834,,,
5193,0,svm,max,balanced,cached_mxbai,500,1782209551.4013546,,,
8015,0,svm,max,balanced,cached_mxbai,501,1782209551.480475,,,
6100,0,svm,max,balanced,cached_mxbai,502,1782209551.5576355,,,
559,0,svm,max,balanced,cached_mxbai,503,1782209551.6399033,,,
4449,0,svm,max,balanced,cached_mxbai,504,1782209551.7201836,,,
5008,0,svm,max,balanced,cached_mxbai,505,1782209551.801484,,,
6133,0,svm,max,balanced,cached_mxbai,506,1782209551.8859465,,,
8556,0,svm,max,balanced,cached_mxbai,507,1782209551.9801745,,,
4567,0,svm,max,balanced,cached_mxbai,508,1782209552.0629895,,,
8077,0,svm,max,balanced,cached_mxbai,509,1782209552.152838,,,
4471,0,svm,max,balanced,cached_mxbai,510,1782209552.2445033,,,
3926,0,svm,max,balanced,cached_mxbai,511,1782209552.3257644,,,
3668,0,svm,max,balanced,cached_mxbai,512,1782209552.4096549,,,
1391,0,svm,max,balanced,cached_mxbai,513,1782209552.4950063,,,
6618,0,svm,max,balanced,cached_mxbai,514,1782209552.5888298,,,
9830,0,svm,max,balanced,cached_mxbai,515,1782209552.6863942,,,
5102,0,svm,max,balanced,cached_mxbai,516,1782209552.7678027,,,
7080,1,svm,max,balanced,cached_mxbai,517,1782209552.848252,,,
3032,0,svm,max,balanced,cached_mxbai,518,1782209552.928967,,,
675,0,svm,max,balanced,cached_mxbai,519,1782209553.010932,,,
3150,0,svm,max,balanced,cached_mxbai,520,1782209553.0924058,,,
4597,0,svm,max,balanced,cached_mxbai,521,1782209553.1715631,,,
8595,0,svm,max,balanced,cached_mxbai,522,1782209553.252558,,,
7305,0,svm,max,balanced,cached_mxbai,523,1782209553.3296838,,,
6518,0,svm,max,balanced,cached_mxbai,524,1782209553.4088886,,,
1403,0,svm,max,balanced,cached_mxbai,525,1782209553.4889076,,,
8596,0,svm,max,balanced,cached_mxbai,526,1782209553.5669975,,,
8377,0,svm,max,balanced,cached_mxbai,527,1782209553.6532688,,,
4116,0,svm,max,balanced,cached_mxbai,528,1782209553.7319107,,,
4154,0,svm,max,balanced,cached_mxbai,529,1782209553.8144815,,,
5556,0,svm,max,balanced,cached_mxbai,530,1782209553.8990579,,,
4626,0,svm,max,balanced,cached_mxbai,531,1782209553.9804945,,,
6255,0,svm,max,balanced,cached_mxbai,532,1782209554.0623107,,,
2076,0,svm,max,balanced,cached_mxbai,533,1782209554.142931,,,
4787,0,svm,max,balanced,cached_mxbai,534,1782209554.2252138,,,
4669,0,svm,max,balanced,cached_mxbai,535,1782209554.303451,,,
5767,0,svm,max,balanced,cached_mxbai,536,1782209554.3856733,,,
143,0,svm,max,balanced,cached_mxbai,537,1782209554.4673214,,,
9461,1,svm,max,balanced,cached_mxbai,538,1782209554.5471997,,,
114,0,svm,max,balanced,cached_mxbai,539,1782209554.6338897,,,
3787,0,svm,max,balanced,cached_mxbai,540,1782209554.7157042,,,
8605,0,svm,max,balanced,cached_mxbai,541,1782209554.7985752,,,
8471,0,svm,max,balanced,cached_mxbai,542,1782209554.8814845,,,
9517,0,svm,max,balanced,cached_mxbai,543,1782209554.9649746,,,
3415,0,svm,max,balanced,cached_mxbai,544,1782209555.0559459,,,
4511,0,svm,max,balanced,cached_mxbai,545,1782209555.1388342,,,
5857,0,svm,max,balanced,cached_mxbai,546,1782209555.2316692,,,
3224,0,svm,max,balanced,cached_mxbai,547,1782209555.3459742,,,
4616,0,svm,max,balanced,cached_mxbai,548,1782209555.429608,,,
5172,0,svm,max,balanced,cached_mxbai,549,1782209555.5129943,,,
2625,0,svm,max,balanced,cached_mxbai,550,1782209555.5945296,,,
9124,0,svm,max,balanced,cached_mxbai,551,1782209555.6814644,,,
10452,0,svm,max,balanced,cached_mxbai,552,1782209555.7622488,,,
10424,0,svm,max,balanced,cached_mxbai,553,1782209555.8428593,,,
4494,0,svm,max,balanced,cached_mxbai,554,1782209555.9231489,,,
5179,0,svm,max,balanced,cached_mxbai,555,1782209556.0056288,,,
10227,0,svm,max,balanced,cached_mxbai,556,1782209556.0881376,,,
4520,0,svm,max,balanced,cached_mxbai,557,1782209556.1707366,,,
7453,1,svm,max,balanced,cached_mxbai,558,1782209556.2541165,,,
3929,0,svm,max,balanced,cached_mxbai,559,1782209556.3392732,,,
3296,0,svm,max,balanced,cached_mxbai,560,1782209556.4225643,,,
667,0,svm,max,balanced,cached_mxbai,561,1782209556.5078835,,,
3435,0,svm,max,balanced,cached_mxbai,562,1782209556.5912635,,,
1033,0,svm,max,balanced,cached_mxbai,563,1782209556.675584,,,
10273,0,svm,max,balanced,cached_mxbai,564,1782209556.7588985,,,
4721,0,svm,max,balanced,cached_mxbai,565,1782209556.8440614,,,
3726,0,svm,max,balanced,cached_mxbai,566,1782209556.9287672,,,
9907,0,svm,max,balanced,cached_mxbai,567,1782209557.0122266,,,
9743,0,svm,max,balanced,cached_mxbai,568,1782209557.0961616,,,
5056,0,svm,max,balanced,cached_mxbai,569,1782209557.1785316,,,
6732,0,svm,max,balanced,cached_mxbai,570,1782209557.2608676,,,
4100,0,svm,max,balanced,cached_mxbai,571,1782209557.3448772,,,
3455,0,svm,max,balanced,cached_mxbai,572,1782209557.4273777,,,
1389,0,svm,max,balanced,cached_mxbai,573,1782209557.515243,,,
4770,0,svm,max,balanced,cached_mxbai,574,1782209557.6055946,,,
10522,0,svm,max,balanced,cached_mxbai,575,1782209557.6940928,,,
3618,0,svm,max,balanced,cached_mxbai,576,1782209557.7762706,,,
5780,0,svm,max,balanced,cached_mxbai,577,1782209557.861026,,,
10532,0,svm,max,balanced,cached_mxbai,578,1782209557.943284,,,
5049,0,svm,max,balanced,cached_mxbai,579,1782209558.0285978,,,
1682,0,svm,max,balanced,cached_mxbai,580,1782209558.1152513,,,
6074,0,svm,max,balanced,cached_mxbai,581,1782209558.1980832,,,
1867,0,svm,max,balanced,cached_mxbai,582,1782209558.283447,,,
9476,0,svm,max,balanced,cached_mxbai,583,1782209558.3672953,,,
6420,0,svm,max,balanced,cached_mxbai,584,1782209558.4522543,,,
4506,0,svm,max,balanced,cached_mxbai,585,1782209558.5368614,,,
6530,0,svm,max,balanced,cached_mxbai,586,1782209558.622675,,,
4373,0,svm,max,balanced,cached_mxbai,587,1782209558.7117856,,,
7148,0,svm,max,balanced,cached_mxbai,588,1782209558.800988,,,
3806,0,svm,max,balanced,cached_mxbai,589,1782209558.8853877,,,
2901,0,svm,max,balanced,cached_mxbai,590,1782209558.9700446,,,
5083,0,svm,max,balanced,cached_mxbai,591,1782209559.055116,,,
4698,0,svm,max,balanced,cached_mxbai,592,1782209559.1425812,,,
8326,0,svm,max,balanced,cached_mxbai,593,1782209559.2278972,,,
3627,0,svm,max,balanced,cached_mxbai,594,1782209559.3130977,,,
3101,0,svm,max,balanced,cached_mxbai,595,1782209559.4001503,,,
3623,0,svm,max,balanced,cached_mxbai,596,1782209559.4878612,,,
6130,0,svm,max,balanced,cached_mxbai,597,1782209559.5733662,,,
4707,0,svm,max,balanced,cached_mxbai,598,1782209559.6631408,,,
1820,0,svm,max,balanced,cached_mxbai,599,1782209559.7473364,,,
4505,0,svm,max,balanced,cached_mxbai,600,1782209559.835339,,,
4976,0,svm,max,balanced,cached_mxbai,601,1782209559.9198315,,,
9908,0,svm,max,balanced,cached_mxbai,602,1782209560.0038233,,,
6428,0,svm,max,balanced,cached_mxbai,603,1782209560.0895572,,,
5092,0,svm,max,balanced,cached_mxbai,604,1782209560.17425,,,
1051,0,svm,max,balanced,cached_mxbai,605,1782209560.2601748,,,
9022,0,svm,max,balanced,cached_mxbai,606,1782209560.3450027,,,
4625,0,svm,max,balanced,cached_mxbai,607,1782209560.4335017,,,
6889,0,svm,max,balanced,cached_mxbai,608,1782209560.525762,,,
8168,0,svm,max,balanced,cached_mxbai,609,1782209560.6142504,,,
7549,0,svm,max,balanced,cached_mxbai,610,1782209560.7067635,,,
5019,0,svm,max,balanced,cached_mxbai,611,1782209560.7932062,,,
5321,0,svm,max,balanced,cached_mxbai,612,1782209560.8791986,,,
6725,0,svm,max,balanced,cached_mxbai,613,1782209560.964733,,,
699,0,svm,max,balanced,cached_mxbai,614,1782209561.0523264,,,
4686,0,svm,max,balanced,cached_mxbai,615,1782209561.1392207,,,
430,0,svm,max,balanced,cached_mxbai,616,1782209561.2289836,,,
7596,0,svm,max,balanced,cached_mxbai,617,1782209561.3175368,,,
4499,0,svm,max,balanced,cached_mxbai,618,1782209561.4072561,,,
9829,0,svm,max,balanced,cached_mxbai,619,1782209561.4957397,,,
532,0,svm,max,balanced,cached_mxbai,620,1782209561.5857053,,,
5219,0,svm,max,balanced,cached_mxbai,621,1782209561.681254,,,
7460,0,svm,max,balanced,cached_mxbai,622,1782209561.7704113,,,
5168,0,svm,max,balanced,cached_mxbai,623,1782209561.859921,,,
5457,0,svm,max,balanced,cached_mxbai,624,1782209561.9491122,,,
5451,0,svm,max,balanced,cached_mxbai,625,1782209562.0398047,,,
7662,0,svm,max,balanced,cached_mxbai,626,1782209562.133274,,,
3416,0,svm,max,balanced,cached_mxbai,627,1782209562.2264988,,,
745,0,svm,max,balanced,cached_mxbai,628,1782209562.319165,,,
7666,0,svm,max,balanced,cached_mxbai,629,1782209562.4104652,,,
4538,0,svm,max,balanced,cached_mxbai,630,1782209562.498674,,,
4427,0,svm,max,balanced,cached_mxbai,631,1782209562.592151,,,
9806,0,svm,max,balanced,cached_mxbai,632,1782209562.6875978,,,
7011,0,svm,max,balanced,cached_mxbai,633,1782209562.77692,,,
6400,0,svm,max,balanced,cached_mxbai,634,1782209562.8684824,,,
9182,0,svm,max,balanced,cached_mxbai,635,1782209562.9591124,,,
676,0,svm,max,balanced,cached_mxbai,636,1782209563.0491617,,,
4552,0,svm,max,balanced,cached_mxbai,637,1782209563.1432679,,,
3761,0,svm,max,balanced,cached_mxbai,638,1782209563.23613,,,
4565,0,svm,max,balanced,cached_mxbai,639,1782209563.3266718,,,
9678,0,svm,max,balanced,cached_mxbai,640,1782209563.4169464,,,
6192,0,svm,max,balanced,cached_mxbai,641,1782209563.510404,,,
4797,0,svm,max,balanced,cached_mxbai,642,1782209563.6046035,,,
5218,0,svm,max,balanced,cached_mxbai,643,1782209563.7012265,,,
8655,0,svm,max,balanced,cached_mxbai,644,1782209563.7926052,,,
7121,0,svm,max,balanced,cached_mxbai,645,1782209563.8852782,,,
4289,0,svm,max,balanced,cached_mxbai,646,1782209563.980183,,,
4134,0,svm,max,balanced,cached_mxbai,647,1782209564.07203,,,
9625,0,svm,max,balanced,cached_mxbai,648,1782209564.1658187,,,
4350,0,svm,max,balanced,cached_mxbai,649,1782209564.2605405,,,
4088,0,svm,max,balanced,cached_mxbai,650,1782209564.3513308,,,
1213,0,svm,max,balanced,cached_mxbai,651,1782209564.4437199,,,
7864,0,svm,max,balanced,cached_mxbai,652,1782209564.5370939,,,
3106,0,svm,max,balanced,cached_mxbai,653,1782209564.6310554,,,
4532,0,svm,max,balanced,cached_mxbai,654,1782209564.7291272,,,
59,0,svm,max,balanced,cached_mxbai,655,1782209564.8234422,,,
8257,0,svm,max,balanced,cached_mxbai,656,1782209564.9165456,,,
9960,0,svm,max,balanced,cached_mxbai,657,1782209565.0116856,,,
2408,0,svm,max,balanced,cached_mxbai,658,1782209565.1145768,,,
1734,0,svm,max,balanced,cached_mxbai,659,1782209565.2081563,,,
7317,1,svm,max,balanced,cached_mxbai,660,1782209565.3180802,,,
4793,0,svm,max,balanced,cached_mxbai,661,1782209565.4202936,,,
4941,0,svm,max,balanced,cached_mxbai,662,1782209565.5155141,,,
4527,0,svm,max,balanced,cached_mxbai,663,1782209565.6137955,,,
545,0,svm,max,balanced,cached_mxbai,664,1782209565.7138803,,,
4659,0,svm,max,balanced,cached_mxbai,665,1782209565.8121905,,,
4599,0,svm,max,balanced,cached_mxbai,666,1782209565.912328,,,
3273,0,svm,max,balanced,cached_mxbai,667,1782209566.0086572,,,
4723,0,svm,max,balanced,cached_mxbai,668,1782209566.1031475,,,
5773,0,svm,max,balanced,cached_mxbai,669,1782209566.2021217,,,
10317,0,svm,max,balanced,cached_mxbai,670,1782209566.3002944,,,
5338,0,svm,max,balanced,cached_mxbai,671,1782209566.3936014,,,
4788,0,svm,max,balanced,cached_mxbai,672,1782209566.487975,,,
9564,0,svm,max,balanced,cached_mxbai,673,1782209566.5849245,,,
9813,0,svm,max,balanced,cached_mxbai,674,1782209566.6799078,,,
842,1,svm,max,balanced,cached_mxbai,675,1782209566.7770944,,,
8225,0,svm,max,balanced,cached_mxbai,676,1782209566.874809,,,
4792,0,svm,max,balanced,cached_mxbai,677,1782209566.9703088,,,
5403,0,svm,max,balanced,cached_mxbai,678,1782209567.0646765,,,
8884,0,svm,max,balanced,cached_mxbai,679,1782209567.1619055,,,
4930,0,svm,max,balanced,cached_mxbai,680,1782209567.2567086,,,
5028,0,svm,max,balanced,cached_mxbai,681,1782209567.3515472,,,
4677,0,svm,max,balanced,cached_mxbai,682,1782209567.4452326,,,
1233,0,svm,max,balanced,cached_mxbai,683,1782209567.5429175,,,
1883,0,svm,max,balanced,cached_mxbai,684,1782209567.643228,,,
5394,0,svm,max,balanced,cached_mxbai,685,1782209567.744457,,,
1879,0,svm,max,balanced,cached_mxbai,686,1782209567.8402486,,,
9249,0,svm,max,balanced,cached_mxbai,687,1782209567.9385467,,,
7741,0,svm,max,balanced,cached_mxbai,688,1782209568.0336628,,,
5307,0,svm,max,balanced,cached_mxbai,689,1782209568.1302102,,,
4554,0,svm,max,balanced,cached_mxbai,690,1782209568.224596,,,
4109,0,svm,max,balanced,cached_mxbai,691,1782209568.3224206,,,
6528,0,svm,max,balanced,cached_mxbai,692,1782209568.419333,,,
8888,0,svm,max,balanced,cached_mxbai,693,1782209568.5180562,,,
5061,0,svm,max,balanced,cached_mxbai,694,1782209568.6155338,,,
6778,0,svm,max,balanced,cached_mxbai,695,1782209568.7186716,,,
4875,0,svm,max,balanced,cached_mxbai,696,1782209568.824119,,,
4153,0,svm,max,balanced,cached_mxbai,697,1782209568.9232285,,,
1360,0,svm,max,balanced,cached_mxbai,698,1782209569.0216,,,
5313,0,svm,max,balanced,cached_mxbai,699,1782209569.1206017,,,
4391,0,svm,max,balanced,cached_mxbai,700,1782209569.217161,,,
3852,0,svm,max,balanced,cached_mxbai,701,1782209569.316208,,,
3869,0,svm,max,balanced,cached_mxbai,702,1782209569.4157054,,,
4711,0,svm,max,balanced,cached_mxbai,703,1782209569.5138307,,,
8692,0,svm,max,balanced,cached_mxbai,704,1782209569.616963,,,
4952,0,svm,max,balanced,cached_mxbai,705,1782209569.719307,,,
1350,0,svm,max,balanced,cached_mxbai,706,1782209569.8227704,,,
2758,0,svm,max,balanced,cached_mxbai,707,1782209569.9208074,,,
1472,0,svm,max,balanced,cached_mxbai,708,1782209570.021353,,,
5232,0,svm,max,balanced,cached_mxbai,709,1782209570.1162963,,,
5584,0,svm,max,balanced,cached_mxbai,710,1782209570.2175243,,,
6146,0,svm,max,balanced,cached_mxbai,711,1782209570.3135421,,,
4593,0,svm,max,balanced,cached_mxbai,712,1782209570.4093149,,,
5137,0,svm,max,balanced,cached_mxbai,713,1782209570.5080771,,,
5323,0,svm,max,balanced,cached_mxbai,714,1782209570.6091697,,,
8972,0,svm,max,balanced,cached_mxbai,715,1782209570.7075424,,,
702,0,svm,max,balanced,cached_mxbai,716,1782209570.8084629,,,
3600,0,svm,max,balanced,cached_mxbai,717,1782209570.9057927,,,
3221,0,svm,max,balanced,cached_mxbai,718,1782209571.0047696,,,
7226,0,svm,max,balanced,cached_mxbai,719,1782209571.1002922,,,
4683,0,svm,max,balanced,cached_mxbai,720,1782209571.197553,,,
4692,0,svm,max,balanced,cached_mxbai,721,1782209571.295779,,,
516,0,svm,max,balanced,cached_mxbai,722,1782209571.392496,,,
1777,0,svm,max,balanced,cached_mxbai,723,1782209571.4907255,,,
4541,0,svm,max,balanced,cached_mxbai,724,1782209571.5909095,,,
2110,0,svm,max,balanced,cached_mxbai,725,1782209571.689684,,,
4342,0,svm,max,balanced,cached_mxbai,726,1782209571.7927675,,,
613,0,svm,max,balanced,cached_mxbai,727,1782209571.8959806,,,
3747,0,svm,max,balanced,cached_mxbai,728,1782209572.0023153,,,
4569,0,svm,max,balanced,cached_mxbai,729,1782209572.1045458,,,
3778,0,svm,max,balanced,cached_mxbai,730,1782209572.2098932,,,
1049,0,svm,max,balanced,cached_mxbai,731,1782209572.3079886,,,
8780,0,svm,max,balanced,cached_mxbai,732,1782209572.4072323,,,
10389,0,svm,max,balanced,cached_mxbai,733,1782209572.5058641,,,
9779,0,svm,max,balanced,cached_mxbai,734,1782209572.6048124,,,
4637,0,svm,max,balanced,cached_mxbai,735,1782209572.715526,,,
5207,0,svm,max,balanced,cached_mxbai,736,1782209572.8237958,,,
9528,0,svm,max,balanced,cached_mxbai,737,1782209572.930477,,,
6761,0,svm,max,balanced,cached_mxbai,738,1782209573.037049,,,
5766,0,svm,max,balanced,cached_mxbai,739,1782209573.1395652,,,
4927,0,svm,max,balanced,cached_mxbai,740,1782209573.2408953,,,
3479,0,svm,max,balanced,cached_mxbai,741,1782209573.3415833,,,
1901,0,svm,max,balanced,cached_mxbai,742,1782209573.444726,,,
1550,0,svm,max,balanced,cached_mxbai,743,1782209573.5462945,,,
4868,0,svm,max,balanced,cached_mxbai,744,1782209573.648768,,,
3827,0,svm,max,balanced,cached_mxbai,745,1782209573.7498167,,,
2100,0,svm,max,balanced,cached_mxbai,746,1782209573.8585982,,,
5208,0,svm,max,balanced,cached_mxbai,747,1782209573.9646015,,,
3888,0,svm,max,balanced,cached_mxbai,748,1782209574.0721812,,,
5227,0,svm,max,balanced,cached_mxbai,749,1782209574.1754808,,,
1547,0,svm,max,balanced,cached_mxbai,750,1782209574.2789059,,,
4496,0,svm,max,balanced,cached_mxbai,751,1782209574.3798015,,,
3666,0,svm,max,balanced,cached_mxbai,752,1782209574.481417,,,
8044,0,svm,max,balanced,cached_mxbai,753,1782209574.5848572,,,
5276,0,svm,max,balanced,cached_mxbai,754,1782209574.6896324,,,
3252,0,svm,max,balanced,cached_mxbai,755,1782209574.7958708,,,
3088,0,svm,max,balanced,cached_mxbai,756,1782209574.895402,,,
666,0,svm,max,balanced,cached_mxbai,757,1782209575.0036583,,,
4420,0,svm,max,balanced,cached_mxbai,758,1782209575.1097157,,,
3687,0,svm,max,balanced,cached_mxbai,759,1782209575.2195218,,,
7270,0,svm,max,balanced,cached_mxbai,760,1782209575.3493676,,,
4458,0,svm,max,balanced,cached_mxbai,761,1782209575.449252,,,
8800,0,svm,max,balanced,cached_mxbai,762,1782209575.5506978,,,
2191,0,svm,max,balanced,cached_mxbai,763,1782209575.6557457,,,
4902,0,svm,max,balanced,cached_mxbai,764,1782209575.759396,,,
8120,0,svm,max,balanced,cached_mxbai,765,1782209575.866025,,,
9969,0,svm,max,balanced,cached_mxbai,766,1782209575.9703848,,,
9323,0,svm,max,balanced,cached_mxbai,767,1782209576.0756845,,,
4611,0,svm,max,balanced,cached_mxbai,768,1782209576.1832821,,,
10241,0,svm,max,balanced,cached_mxbai,769,1782209576.2886171,,,
3982,0,svm,max,balanced,cached_mxbai,770,1782209576.3937166,,,
10033,0,svm,max,balanced,cached_mxbai,771,1782209576.4957874,,,
8261,0,svm,max,balanced,cached_mxbai,772,1782209576.595623,,,
2762,0,svm,max,balanced,cached_mxbai,773,1782209576.704922,,,
3614,0,svm,max,balanced,cached_mxbai,774,1782209576.8055394,,,
10549,0,svm,max,balanced,cached_mxbai,775,1782209576.9092011,,,
6483,0,svm,max,balanced,cached_mxbai,776,1782209577.0126998,,,
4473,0,svm,max,balanced,cached_mxbai,777,1782209577.1291249,,,
6914,0,svm,max,balanced,cached_mxbai,778,1782209577.239012,,,
7064,0,svm,max,balanced,cached_mxbai,779,1782209577.3434784,,,
5160,0,svm,max,balanced,cached_mxbai,780,1782209577.4487634,,,
5242,0,svm,max,balanced,cached_mxbai,781,1782209577.550069,,,
760,0,svm,max,balanced,cached_mxbai,782,1782209577.6552982,,,
2240,0,svm,max,balanced,cached_mxbai,783,1782209577.7601726,,,
5383,0,svm,max,balanced,cached_mxbai,784,1782209577.8653393,,,
50,0,svm,max,balanced,cached_mxbai,785,1782209577.9700527,,,
5651,0,svm,max,balanced,cached_mxbai,786,1782209578.0771317,,,
6912,0,svm,max,balanced,cached_mxbai,787,1782209578.184217,,,
4706,0,svm,max,balanced,cached_mxbai,788,1782209578.2922518,,,
9531,0,svm,max,balanced,cached_mxbai,789,1782209578.3986259,,,
8531,0,svm,max,balanced,cached_mxbai,790,1782209578.5040708,,,
5564,0,svm,max,balanced,cached_mxbai,791,1782209578.609794,,,
6039,0,svm,max,balanced,cached_mxbai,792,1782209578.7162032,,,
7616,0,svm,max,balanced,cached_mxbai,793,1782209578.8222716,,,
32,0,svm,max,balanced,cached_mxbai,794,1782209578.9273877,,,
8999,0,svm,max,balanced,cached_mxbai,795,1782209579.0340326,,,
10232,0,svm,max,balanced,cached_mxbai,796,1782209579.1413107,,,
8118,0,svm,max,balanced,cached_mxbai,797,1782209579.2505631,,,
3347,0,svm,max,balanced,cached_mxbai,798,1782209579.3587513,,,
5072,0,svm,max,balanced,cached_mxbai,799,1782209579.4631574,,,
134,0,svm,max,balanced,cached_mxbai,800,1782209579.5709157,,,
4670,0,svm,max,balanced,cached_mxbai,801,1782209579.6795278,,,
9538,0,svm,max,balanced,cached_mxbai,802,1782209579.7884457,,,
4528,0,svm,max,balanced,cached_mxbai,803,1782209579.8976798,,,
9041,0,svm,max,balanced,cached_mxbai,804,1782209580.010176,,,
3894,0,svm,max,balanced,cached_mxbai,805,1782209580.121415,,,
5074,0,svm,max,balanced,cached_mxbai,806,1782209580.23095,,,
4570,0,svm,max,balanced,cached_mxbai,807,1782209580.339472,,,
8055,0,svm,max,balanced,cached_mxbai,808,1782209580.4492588,,,
7016,0,svm,max,balanced,cached_mxbai,809,1782209580.5538557,,,
4299,0,svm,max,balanced,cached_mxbai,810,1782209580.6643126,,,
896,0,svm,max,balanced,cached_mxbai,811,1782209580.7737613,,,
4612,0,svm,max,balanced,cached_mxbai,812,1782209580.8866563,,,
9069,0,svm,max,balanced,cached_mxbai,813,1782209580.9952202,,,
4867,0,svm,max,balanced,cached_mxbai,814,1782209581.1064155,,,
7483,0,svm,max,balanced,cached_mxbai,815,1782209581.2202535,,,
6831,0,svm,max,balanced,cached_mxbai,816,1782209581.3261929,,,
5017,0,svm,max,balanced,cached_mxbai,817,1782209581.4309251,,,
2113,0,svm,max,balanced,cached_mxbai,818,1782209581.5405905,,,
6417,0,svm,max,balanced,cached_mxbai,819,1782209581.651886,,,
4889,0,svm,max,balanced,cached_mxbai,820,1782209581.7608523,,,
3194,0,svm,max,balanced,cached_mxbai,821,1782209581.8692389,,,
4662,0,svm,max,balanced,cached_mxbai,822,1782209581.9845273,,,
907,0,svm,max,balanced,cached_mxbai,823,1782209582.092371,,,
4476,0,svm,max,balanced,cached_mxbai,824,1782209582.200702,,,
1198,0,svm,max,balanced,cached_mxbai,825,1782209582.311877,,,
10110,0,svm,max,balanced,cached_mxbai,826,1782209582.4238265,,,
4058,0,svm,max,balanced,cached_mxbai,827,1782209582.5339904,,,
4964,0,svm,max,balanced,cached_mxbai,828,1782209582.6444314,,,
3923,0,svm,max,balanced,cached_mxbai,829,1782209582.7590542,,,
4573,0,svm,max,balanced,cached_mxbai,830,1782209582.8898637,,,
663,0,svm,max,balanced,cached_mxbai,831,1782209583.0078056,,,
4209,0,svm,max,balanced,cached_mxbai,832,1782209583.119818,,,
8255,0,svm,max,balanced,cached_mxbai,833,1782209583.2330887,,,
8467,0,svm,max,balanced,cached_mxbai,834,1782209583.3435023,,,
3912,0,svm,max,balanced,cached_mxbai,835,1782209583.4533367,,,
4619,0,svm,max,balanced,cached_mxbai,836,1782209583.5625405,,,
8982,0,svm,max,balanced,cached_mxbai,837,1782209583.6746702,,,
4709,0,svm,max,balanced,cached_mxbai,838,1782209583.7874956,,,
402,0,svm,max,balanced,cached_mxbai,839,1782209583.8983524,,,
10291,0,svm,max,balanced,cached_mxbai,840,1782209584.0100677,,,
4598,0,svm,max,balanced,cached_mxbai,841,1782209584.1219234,,,
6340,0,svm,max,balanced,cached_mxbai,842,1782209584.2353237,,,
9131,0,svm,max,balanced,cached_mxbai,843,1782209584.3487937,,,
86,0,svm,max,balanced,cached_mxbai,844,1782209584.4617074,,,
3639,0,svm,max,balanced,cached_mxbai,845,1782209584.572658,,,
4648,0,svm,max,balanced,cached_mxbai,846,1782209584.685411,,,
3661,0,svm,max,balanced,cached_mxbai,847,1782209584.801126,,,
2279,0,svm,max,balanced,cached_mxbai,848,1782209584.9182398,,,
4988,0,svm,max,balanced,cached_mxbai,849,1782209585.0319118,,,
4633,0,svm,max,balanced,cached_mxbai,850,1782209585.144231,,,
698,0,svm,max,balanced,cached_mxbai,851,1782209585.2843113,,,
7264,0,svm,max,balanced,cached_mxbai,852,1782209585.4144626,,,
3097,0,svm,max,balanced,cached_mxbai,853,1782209585.528082,,,
1070,0,svm,max,balanced,cached_mxbai,854,1782209585.6389985,,,
4582,0,svm,max,balanced,cached_mxbai,855,1782209585.7530508,,,
7217,0,svm,max,balanced,cached_mxbai,856,1782209585.8677926,,,
4657,0,svm,max,balanced,cached_mxbai,857,1782209585.9813182,,,
5591,0,svm,max,balanced,cached_mxbai,858,1782209586.0976973,,,
4834,0,svm,max,balanced,cached_mxbai,859,1782209586.2132084,,,
9945,0,svm,max,balanced,cached_mxbai,860,1782209586.3304138,,,
7182,0,svm,max,balanced,cached_mxbai,861,1782209586.4447148,,,
4510,0,svm,max,balanced,cached_mxbai,862,1782209586.5604258,,,
5125,0,svm,max,balanced,cached_mxbai,863,1782209586.6753,,,
5096,0,svm,max,balanced,cached_mxbai,864,1782209586.7884088,,,
4994,0,svm,max,balanced,cached_mxbai,865,1782209586.9044218,,,
7009,0,svm,max,balanced,cached_mxbai,866,1782209587.0207348,,,
5330,0,svm,max,balanced,cached_mxbai,867,1782209587.1371605,,,
3934,0,svm,max,balanced,cached_mxbai,868,1782209587.249727,,,
8602,0,svm,max,balanced,cached_mxbai,869,1782209587.3661418,,,
9725,0,svm,max,balanced,cached_mxbai,870,1782209587.4788198,,,
4176,0,svm,max,balanced,cached_mxbai,871,1782209587.591276,,,
9122,0,svm,max,balanced,cached_mxbai,872,1782209587.707238,,,
9836,0,svm,max,balanced,cached_mxbai,873,1782209587.8312669,,,
4445,0,svm,max,balanced,cached_mxbai,874,1782209587.9451072,,,
4636,0,svm,max,balanced,cached_mxbai,875,1782209588.060761,,,
9749,0,svm,max,balanced,cached_mxbai,876,1782209588.1756518,,,
7269,0,svm,max,balanced,cached_mxbai,877,1782209588.2934787,,,
10337,0,svm,max,balanced,cached_mxbai,878,1782209588.408971,,,
3209,0,svm,max,balanced,cached_mxbai,879,1782209588.5232053,,,
3742,0,svm,max,balanced,cached_mxbai,880,1782209588.6394508,,,
6718,0,svm,max,balanced,cached_mxbai,881,1782209588.7607374,,,
4453,0,svm,max,balanced,cached_mxbai,882,1782209588.8785622,,,
8049,0,svm,max,balanced,cached_mxbai,883,1782209588.995673,,,
2559,0,svm,max,balanced,cached_mxbai,884,1782209589.1139169,,,
591,0,svm,max,balanced,cached_mxbai,885,1782209589.232429,,,
5145,0,svm,max,balanced,cached_mxbai,886,1782209589.3512638,,,
8179,0,svm,max,balanced,cached_mxbai,887,1782209589.4668915,,,
3409,0,svm,max,balanced,cached_mxbai,888,1782209589.5847628,,,
5329,0,svm,max,balanced,cached_mxbai,889,1782209589.7015045,,,
3945,0,svm,max,balanced,cached_mxbai,890,1782209589.8263447,,,
10057,0,svm,max,balanced,cached_mxbai,891,1782209589.942868,,,
5013,0,svm,max,balanced,cached_mxbai,892,1782209590.0591717,,,
3538,0,svm,max,balanced,cached_mxbai,893,1782209590.174406,,,
6634,0,svm,max,balanced,cached_mxbai,894,1782209590.29012,,,
4515,0,svm,max,balanced,cached_mxbai,895,1782209590.4066079,,,
9213,0,svm,max,balanced,cached_mxbai,896,1782209590.5263531,,,
3458,0,svm,max,balanced,cached_mxbai,897,1782209590.653902,,,
4136,0,svm,max,balanced,cached_mxbai,898,1782209590.7739878,,,
8995,0,svm,max,balanced,cached_mxbai,899,1782209590.9030747,,,
7597,0,svm,max,balanced,cached_mxbai,900,1782209591.0260322,,,
8696,0,svm,max,balanced,cached_mxbai,901,1782209591.1452417,,,
4836,0,svm,max,balanced,cached_mxbai,902,1782209591.265411,,,
6842,0,svm,max,balanced,cached_mxbai,903,1782209591.384723,,,
4435,0,svm,max,balanced,cached_mxbai,904,1782209591.503168,,,
5410,0,svm,max,balanced,cached_mxbai,905,1782209591.6196823,,,
3914,0,svm,max,balanced,cached_mxbai,906,1782209591.7387886,,,
4507,0,svm,max,balanced,cached_mxbai,907,1782209591.8586528,,,
6499,0,svm,max,balanced,cached_mxbai,908,1782209591.9797156,,,
9293,0,svm,max,balanced,cached_mxbai,909,1782209592.0973399,,,
2832,0,svm,max,balanced,cached_mxbai,910,1782209592.2171488,,,
10290,0,svm,max,balanced,cached_mxbai,911,1782209592.3389647,,,
10136,1,svm,max,balanced,cached_mxbai,912,1782209592.4614422,,,
9199,0,svm,max,balanced,cached_mxbai,913,1782209592.5829961,,,
5199,0,svm,max,balanced,cached_mxbai,914,1782209592.7036035,,,
1721,1,svm,max,balanced,cached_mxbai,915,1782209592.8252819,,,
4495,0,svm,max,balanced,cached_mxbai,916,1782209592.9459474,,,
5272,0,svm,max,balanced,cached_mxbai,917,1782209593.0668805,,,
4559,0,svm,max,balanced,cached_mxbai,918,1782209593.18508,,,
6830,0,svm,max,balanced,cached_mxbai,919,1782209593.303798,,,
4222,0,svm,max,balanced,cached_mxbai,920,1782209593.4214008,,,
10435,1,svm,max,balanced,cached_mxbai,921,1782209593.5440824,,,
9132,0,svm,max,balanced,cached_mxbai,922,1782209593.6698365,,,
1561,0,svm,max,balanced,cached_mxbai,923,1782209593.7932537,,,
7767,0,svm,max,balanced,cached_mxbai,924,1782209593.9153178,,,
4722,0,svm,max,balanced,cached_mxbai,925,1782209594.0436852,,,
7168,0,svm,max,balanced,cached_mxbai,926,1782209594.1642003,,,
8315,0,svm,max,balanced,cached_mxbai,927,1782209594.2849119,,,
6444,0,svm,max,balanced,cached_mxbai,928,1782209594.4039838,,,
4862,0,svm,max,balanced,cached_mxbai,929,1782209594.5233061,,,
1312,0,svm,max,balanced,cached_mxbai,930,1782209594.6462479,,,
3523,0,svm,max,balanced,cached_mxbai,931,1782209594.7671204,,,
5426,0,svm,max,balanced,cached_mxbai,932,1782209594.895021,,,
9747,0,svm,max,balanced,cached_mxbai,933,1782209595.020764,,,
4933,0,svm,max,balanced,cached_mxbai,934,1782209595.1479712,,,
7595,0,svm,max,balanced,cached_mxbai,935,1782209595.3001442,,,
4586,0,svm,max,balanced,cached_mxbai,936,1782209595.4345233,,,
6398,0,svm,max,balanced,cached_mxbai,937,1782209595.5529785,,,
1385,0,svm,max,balanced,cached_mxbai,938,1782209595.6728528,,,
4086,0,svm,max,balanced,cached_mxbai,939,1782209595.7949026,,,
6553,0,svm,max,balanced,cached_mxbai,940,1782209595.921491,,,
3502,0,svm,max,balanced,cached_mxbai,941,1782209596.0440543,,,
5185,0,svm,max,balanced,cached_mxbai,942,1782209596.1683655,,,
3099,0,svm,max,balanced,cached_mxbai,943,1782209596.2928274,,,
10225,0,svm,max,balanced,cached_mxbai,944,1782209596.4120142,,,
7434,0,svm,max,balanced,cached_mxbai,945,1782209596.5328925,,,
4139,0,svm,max,balanced,cached_mxbai,946,1782209596.6584866,,,
5016,0,svm,max,balanced,cached_mxbai,947,1782209596.7786698,,,
3494,0,svm,max,balanced,cached_mxbai,948,1782209596.904557,,,
10177,0,svm,max,balanced,cached_mxbai,949,1782209597.0297625,,,
4642,0,svm,max,balanced,cached_mxbai,950,1782209597.1536856,,,
6629,0,svm,max,balanced,cached_mxbai,951,1782209597.2785652,,,
6238,0,svm,max,balanced,cached_mxbai,952,1782209597.4005313,,,
1003,0,svm,max,balanced,cached_mxbai,953,1782209597.521891,,,
8063,0,svm,max,balanced,cached_mxbai,954,1782209597.6468744,,,
677,0,svm,max,balanced,cached_mxbai,955,1782209597.7679524,,,
2330,0,svm,max,balanced,cached_mxbai,956,1782209597.8913066,,,
5039,0,svm,max,balanced,cached_mxbai,957,1782209598.0196877,,,
1585,0,svm,max,balanced,cached_mxbai,958,1782209598.149105,,,
4703,0,svm,max,balanced,cached_mxbai,959,1782209598.275099,,,
3994,0,svm,max,balanced,cached_mxbai,960,1782209598.398687,,,
6013,0,svm,max,balanced,cached_mxbai,961,1782209598.524369,,,
10169,0,svm,max,balanced,cached_mxbai,962,1782209598.65363,,,
3185,0,svm,max,balanced,cached_mxbai,963,1782209598.7840018,,,
3080,0,svm,max,balanced,cached_mxbai,964,1782209598.9106905,,,
4588,0,svm,max,balanced,cached_mxbai,965,1782209599.0361102,,,
5365,0,svm,max,balanced,cached_mxbai,966,1782209599.1635108,,,
4680,0,svm,max,balanced,cached_mxbai,967,1782209599.2881486,,,
3873,0,svm,max,balanced,cached_mxbai,968,1782209599.4140122,,,
8428,0,svm,max,balanced,cached_mxbai,969,1782209599.5419877,,,
1911,0,svm,max,balanced,cached_mxbai,970,1782209599.6666632,,,
6646,0,svm,max,balanced,cached_mxbai,971,1782209599.7945302,,,
3558,0,svm,max,balanced,cached_mxbai,972,1782209599.9283185,,,
4905,0,svm,max,balanced,cached_mxbai,973,1782209600.0620809,,,
5111,0,svm,max,balanced,cached_mxbai,974,1782209600.1846588,,,
3748,0,svm,max,balanced,cached_mxbai,975,1782209600.3156774,,,
9996,0,svm,max,balanced,cached_mxbai,976,1782209600.4402256,,,
8092,0,svm,max,balanced,cached_mxbai,977,1782209600.56688,,,
4744,0,svm,max,balanced,cached_mxbai,978,1782209600.694034,,,
3569,0,svm,max,balanced,cached_mxbai,979,1782209600.8237805,,,
4729,0,svm,max,balanced,cached_mxbai,980,1782209600.9597707,,,
9763,0,svm,max,balanced,cached_mxbai,981,1782209601.0900981,,,
4813,0,svm,max,balanced,cached_mxbai,982,1782209601.2177434,,,
4951,0,svm,max,balanced,cached_mxbai,983,1782209601.3448782,,,
7262,0,svm,max,balanced,cached_mxbai,984,1782209601.4710813,,,
25,0,svm,max,balanced,cached_mxbai,985,1782209601.5974824,,,
955,0,svm,max,balanced,cached_mxbai,986,1782209601.723694,,,
5134,0,svm,max,balanced,cached_mxbai,987,1782209601.8563583,,,
4424,0,svm,max,balanced,cached_mxbai,988,1782209601.989154,,,
3960,0,svm,max,balanced,cached_mxbai,989,1782209602.1214006,,,
6631,0,svm,max,balanced,cached_mxbai,990,1782209602.2480392,,,
6438,0,svm,max,balanced,cached_mxbai,991,1782209602.377277,,,
387,0,svm,max,balanced,cached_mxbai,992,1782209602.5059707,,,
1008,0,svm,max,balanced,cached_mxbai,993,1782209602.6323774,,,
5449,0,svm,max,balanced,cached_mxbai,994,1782209602.7593088,,,
10112,0,svm,max,balanced,cached_mxbai,995,1782209602.8888292,,,
3187,0,svm,max,balanced,cached_mxbai,996,1782209603.0183148,,,
3836,0,svm,max,balanced,cached_mxbai,997,1782209603.1542323,,,
1149,0,svm,max,balanced,cached_mxbai,998,1782209603.288408,,,
4434,0,svm,max,balanced,cached_mxbai,999,1782209603.425596,,,
8993,0,svm,max,balanced,cached_mxbai,1000,1782209603.5551555,,,
5996,0,svm,max,balanced,cached_mxbai,1001,1782209603.6824822,,,
4104,0,svm,max,balanced,cached_mxbai,1002,1782209603.8185272,,,
3767,0,svm,max,balanced,cached_mxbai,1003,1782209603.9456625,,,
5244,0,svm,max,balanced,cached_mxbai,1004,1782209604.0816052,,,
4635,0,svm,max,balanced,cached_mxbai,1005,1782209604.2135017,,,
5077,0,svm,max,balanced,cached_mxbai,1006,1782209604.3435616,,,
6411,0,svm,max,balanced,cached_mxbai,1007,1782209604.473286,,,
6607,0,svm,max,balanced,cached_mxbai,1008,1782209604.6043723,,,
8563,0,svm,max,balanced,cached_mxbai,1009,1782209604.7341588,,,
3197,0,svm,max,balanced,cached_mxbai,1010,1782209604.8644016,,,
2259,0,svm,max,balanced,cached_mxbai,1011,1782209604.9977884,,,
4166,0,svm,max,balanced,cached_mxbai,1012,1782209605.139031,,,
4217,0,svm,max,balanced,cached_mxbai,1013,1782209605.2959445,,,
5238,0,svm,max,balanced,cached_mxbai,1014,1782209605.437565,,,
7490,0,svm,max,balanced,cached_mxbai,1015,1782209605.5671985,,,
10000,0,svm,max,balanced,cached_mxbai,1016,1782209605.6959832,,,
4705,0,svm,max,balanced,cached_mxbai,1017,1782209605.8293993,,,
4121,0,svm,max,balanced,cached_mxbai,1018,1782209605.968835,,,
10484,0,svm,max,balanced,cached_mxbai,1019,1782209606.1054463,,,
8909,0,svm,max,balanced,cached_mxbai,1020,1782209606.24802,,,
4886,0,svm,max,balanced,cached_mxbai,1021,1782209606.3781507,,,
10122,0,svm,max,balanced,cached_mxbai,1022,1782209606.5141397,,,
8598,0,svm,max,balanced,cached_mxbai,1023,1782209606.647582,,,
4162,0,svm,max,balanced,cached_mxbai,1024,1782209606.7633402,,,
6991,0,svm,max,balanced,cached_mxbai,1025,1782209606.8783462,,,
6136,0,svm,max,balanced,cached_mxbai,1026,1782209606.99361,,,
7002,0,svm,max,balanced,cached_mxbai,1027,1782209607.1086366,,,
8839,0,svm,max,balanced,cached_mxbai,1028,1782209607.2255552,,,
6798,0,svm,max,balanced,cached_mxbai,1029,1782209607.3400748,,,
4912,0,svm,max,balanced,cached_mxbai,1030,1782209607.453916,,,
5078,0,svm,max,balanced,cached_mxbai,1031,1782209607.5701733,,,
6326,0,svm,max,balanced,cached_mxbai,1032,1782209607.6842299,,,
2258,0,svm,max,balanced,cached_mxbai,1033,1782209607.7984853,,,
2428,0,svm,max,balanced,cached_mxbai,1034,1782209607.9145885,,,
1840,0,svm,max,balanced,cached_mxbai,1035,1782209608.0333874,,,
8153,0,svm,max,balanced,cached_mxbai,1036,1782209608.1556895,,,
9957,0,svm,max,balanced,cached_mxbai,1037,1782209608.2704499,,,
620,0,svm,max,balanced,cached_mxbai,1038,1782209608.384403,,,
4522,0,svm,max,balanced,cached_mxbai,1039,1782209608.4988904,,,
828,0,svm,max,balanced,cached_mxbai,1040,1782209608.6167932,,,
7577,0,svm,max,balanced,cached_mxbai,1041,1782209608.733787,,,
4985,0,svm,max,balanced,cached_mxbai,1042,1782209608.8527458,,,
5154,0,svm,max,balanced,cached_mxbai,1043,1782209608.9701722,,,
9429,0,svm,max,balanced,cached_mxbai,1044,1782209609.0891376,,,
6743,0,svm,max,balanced,cached_mxbai,1045,1782209609.2083304,,,
7207,0,svm,max,balanced,cached_mxbai,1046,1782209609.3282146,,,
4564,0,svm,max,balanced,cached_mxbai,1047,1782209609.4421427,,,
7390,0,svm,max,balanced,cached_mxbai,1048,1782209609.5561361,,,
7108,0,svm,max,balanced,cached_mxbai,1049,1782209609.671898,,,
23,0,svm,max,balanced,cached_mxbai,1050,1782209609.7851002,,,
4364,0,svm,max,balanced,cached_mxbai,1051,1782209609.9019022,,,
4568,0,svm,max,balanced,cached_mxbai,1052,1782209610.0172133,,,
5968,0,svm,max,balanced,cached_mxbai,1053,1782209610.1341002,,,
8486,0,svm,max,balanced,cached_mxbai,1054,1782209610.2494032,,,
6120,0,svm,max,balanced,cached_mxbai,1055,1782209610.3664522,,,
3543,0,svm,max,balanced,cached_mxbai,1056,1782209610.4811575,,,
6150,0,svm,max,balanced,cached_mxbai,1057,1782209610.6002724,,,
5398,0,svm,max,balanced,cached_mxbai,1058,1782209610.717161,,,
4773,0,svm,max,balanced,cached_mxbai,1059,1782209610.8363187,,,
2429,0,svm,max,balanced,cached_mxbai,1060,1782209610.9551861,,,
5088,0,svm,max,balanced,cached_mxbai,1061,1782209611.076219,,,
6485,0,svm,max,balanced,cached_mxbai,1062,1782209611.1945264,,,
7702,0,svm,max,balanced,cached_mxbai,1063,1782209611.3107088,,,
5034,0,svm,max,balanced,cached_mxbai,1064,1782209611.4276476,,,
10493,0,svm,max,balanced,cached_mxbai,1065,1782209611.5432417,,,
72,0,svm,max,balanced,cached_mxbai,1066,1782209611.6603107,,,
3583,0,svm,max,balanced,cached_mxbai,1067,1782209611.7756934,,,
4484,0,svm,max,balanced,cached_mxbai,1068,1782209611.8909044,,,
2745,0,svm,max,balanced,cached_mxbai,1069,1782209612.0098348,,,
3677,0,svm,max,balanced,cached_mxbai,1070,1782209612.1300604,,,
4513,0,svm,max,balanced,cached_mxbai,1071,1782209612.2474165,,,
9759,0,svm,max,balanced,cached_mxbai,1072,1782209612.3659925,,,
5093,0,svm,max,balanced,cached_mxbai,1073,1782209612.4829428,,,
8530,0,svm,max,balanced,cached_mxbai,1074,1782209612.599958,,,
4587,0,svm,max,balanced,cached_mxbai,1075,1782209612.7188094,,,
1048,0,svm,max,balanced,cached_mxbai,1076,1782209612.837493,,,
4295,0,svm,max,balanced,cached_mxbai,1077,1782209612.955888,,,
3147,0,svm,max,balanced,cached_mxbai,1078,1782209613.07593,,,
4574,0,svm,max,balanced,cached_mxbai,1079,1782209613.1969507,,,
6421,0,svm,max,balanced,cached_mxbai,1080,1782209613.315598,,,
4026,0,svm,max,balanced,cached_mxbai,1081,1782209613.4308875,,,
1461,0,svm,max,balanced,cached_mxbai,1082,1782209613.5469174,,,
4673,0,svm,max,balanced,cached_mxbai,1083,1782209613.6622584,,,
5468,0,svm,max,balanced,cached_mxbai,1084,1782209613.7781618,,,
3515,0,svm,max,balanced,cached_mxbai,1085,1782209613.8959203,,,
3081,0,svm,max,balanced,cached_mxbai,1086,1782209614.0169997,,,
6147,0,svm,max,balanced,cached_mxbai,1087,1782209614.141502,,,
2803,0,svm,max,balanced,cached_mxbai,1088,1782209614.2631624,,,
4514,0,svm,max,balanced,cached_mxbai,1089,1782209614.383869,,,
10031,0,svm,max,balanced,cached_mxbai,1090,1782209614.5000527,,,
4112,0,svm,max,balanced,cached_mxbai,1091,1782209614.6197238,,,
6121,0,svm,max,balanced,cached_mxbai,1092,1782209614.7379546,,,
4812,0,svm,max,balanced,cached_mxbai,1093,1782209614.856896,,,
7351,1,svm,max,balanced,cached_mxbai,1094,1782209614.9772243,,,
9683,0,svm,max,balanced,cached_mxbai,1095,1782209615.105488,,,
4962,0,svm,max,balanced,cached_mxbai,1096,1782209615.2309413,,,
9028,0,svm,max,balanced,cached_mxbai,1097,1782209615.3895159,,,
5131,0,svm,max,balanced,cached_mxbai,1098,1782209615.5076048,,,
4131,0,svm,max,balanced,cached_mxbai,1099,1782209615.625333,,,
5116,0,svm,max,balanced,cached_mxbai,1100,1782209615.7432675,,,
5516,0,svm,max,balanced,cached_mxbai,1101,1782209615.8630714,,,
6249,0,svm,max,balanced,cached_mxbai,1102,1782209615.983758,,,
5237,0,svm,max,balanced,cached_mxbai,1103,1782209616.1149187,,,
1082,0,svm,max,balanced,cached_mxbai,1104,1782209616.2353702,,,
7948,0,svm,max,balanced,cached_mxbai,1105,1782209616.355064,,,
37,0,svm,max,balanced,cached_mxbai,1106,1782209616.4758353,,,
5112,0,svm,max,balanced,cached_mxbai,1107,1782209616.5977652,,,
5870,0,svm,max,balanced,cached_mxbai,1108,1782209616.7193968,,,
6609,0,svm,max,balanced,cached_mxbai,1109,1782209616.8434625,,,
4631,0,svm,max,balanced,cached_mxbai,1110,1782209616.9629111,,,
7804,0,svm,max,balanced,cached_mxbai,1111,1782209617.0836272,,,
2264,0,svm,max,balanced,cached_mxbai,1112,1782209617.202827,,,
4595,0,svm,max,balanced,cached_mxbai,1113,1782209617.3213172,,,
6126,0,svm,max,balanced,cached_mxbai,1114,1782209617.4396732,,,
5235,0,svm,max,balanced,cached_mxbai,1115,1782209617.5588915,,,
5165,0,svm,max,balanced,cached_mxbai,1116,1782209617.6779473,,,
3586,0,svm,max,balanced,cached_mxbai,1117,1782209617.797892,,,
9394,0,svm,max,balanced,cached_mxbai,1118,1782209617.9187143,,,
3954,0,svm,max,balanced,cached_mxbai,1119,1782209618.0412142,,,
4870,0,svm,max,balanced,cached_mxbai,1120,1782209618.1652157,,,
4415,0,svm,max,balanced,cached_mxbai,1121,1782209618.287129,,,
2306,0,svm,max,balanced,cached_mxbai,1122,1782209618.4100816,,,
4910,0,svm,max,balanced,cached_mxbai,1123,1782209618.5300667,,,
131,0,svm,max,balanced,cached_mxbai,1124,1782209618.651377,,,
421,0,svm,max,balanced,cached_mxbai,1125,1782209618.7779582,,,
3969,0,svm,max,balanced,cached_mxbai,1126,1782209618.9027307,,,
4523,0,svm,max,balanced,cached_mxbai,1127,1782209619.0256438,,,
10166,0,svm,max,balanced,cached_mxbai,1128,1782209619.148547,,,
8126,0,svm,max,balanced,cached_mxbai,1129,1782209619.2701187,,,
10308,0,svm,max,balanced,cached_mxbai,1130,1782209619.3924503,,,
2053,0,svm,max,balanced,cached_mxbai,1131,1782209619.5146286,,,
413,0,svm,max,balanced,cached_mxbai,1132,1782209619.6375916,,,
2943,0,svm,max,balanced,cached_mxbai,1133,1782209619.7606933,,,
3280,0,svm,max,balanced,cached_mxbai,1134,1782209619.882898,,,
4684,0,svm,max,balanced,cached_mxbai,1135,1782209620.0092945,,,
6414,0,svm,max,balanced,cached_mxbai,1136,1782209620.1380422,,,
9876,0,svm,max,balanced,cached_mxbai,1137,1782209620.2685027,,,
3720,0,svm,max,balanced,cached_mxbai,1138,1782209620.3970993,,,
4895,0,svm,max,balanced,cached_mxbai,1139,1782209620.522163,,,
3886,0,svm,max,balanced,cached_mxbai,1140,1782209620.6491823,,,
1287,0,svm,max,balanced,cached_mxbai,1141,1782209620.7713704,,,
5581,0,svm,max,balanced,cached_mxbai,1142,1782209620.8945239,,,
4710,0,svm,max,balanced,cached_mxbai,1143,1782209621.017463,,,
8597,0,svm,max,balanced,cached_mxbai,1144,1782209621.1452274,,,
3657,0,svm,max,balanced,cached_mxbai,1145,1782209621.2760093,,,
4459,0,svm,max,balanced,cached_mxbai,1146,1782209621.4027176,,,
5425,0,svm,max,balanced,cached_mxbai,1147,1782209621.5242255,,,
6601,0,svm,max,balanced,cached_mxbai,1148,1782209621.647418,,,
2627,0,svm,max,balanced,cached_mxbai,1149,1782209621.7699795,,,
6936,0,svm,max,balanced,cached_mxbai,1150,1782209621.8928533,,,
4815,0,svm,max,balanced,cached_mxbai,1151,1782209622.016529,,,
130,0,svm,max,balanced,cached_mxbai,1152,1782209622.1394217,,,
8036,0,svm,max,balanced,cached_mxbai,1153,1782209622.2622955,,,
1492,0,svm,max,balanced,cached_mxbai,1154,1782209622.382851,,,
4602,0,svm,max,balanced,cached_mxbai,1155,1782209622.4976745,,,
3423,0,svm,max,balanced,cached_mxbai,1156,1782209622.6140132,,,
4481,0,svm,max,balanced,cached_mxbai,1157,1782209622.7308238,,,
6298,0,svm,max,balanced,cached_mxbai,1158,1782209622.848654,,,
7468,0,svm,max,balanced,cached_mxbai,1159,1782209622.9661033,,,
5018,0,svm,max,balanced,cached_mxbai,1160,1782209623.0846858,,,
2216,0,svm,max,balanced,cached_mxbai,1161,1782209623.2051737,,,
3757,0,svm,max,balanced,cached_mxbai,1162,1782209623.3231812,,,
8911,0,svm,max,balanced,cached_mxbai,1163,1782209623.4387276,,,
4480,0,svm,max,balanced,cached_mxbai,1164,1782209623.5598366,,,
3170,0,svm,max,balanced,cached_mxbai,1165,1782209623.6834226,,,
10531,0,svm,max,balanced,cached_mxbai,1166,1782209623.8034115,,,
7001,0,svm,max,balanced,cached_mxbai,1167,1782209623.922075,,,
3475,0,svm,max,balanced,cached_mxbai,1168,1782209624.0449543,,,
4961,0,svm,max,balanced,cached_mxbai,1169,1782209624.1689591,,,
6458,0,svm,max,balanced,cached_mxbai,1170,1782209624.2936804,,,
571,0,svm,max,balanced,cached_mxbai,1171,1782209624.4113088,,,
9382,0,svm,max,balanced,cached_mxbai,1172,1782209624.5278149,,,
8560,0,svm,max,balanced,cached_mxbai,1173,1782209624.6444514,,,
4442,0,svm,max,balanced,cached_mxbai,1174,1782209624.764972,,,
8482,0,svm,max,balanced,cached_mxbai,1175,1782209624.8848362,,,
7500,0,svm,max,balanced,cached_mxbai,1176,1782209625.0078254,,,
47,0,svm,max,balanced,cached_mxbai,1177,1782209625.1478255,,,
7771,0,svm,max,balanced,cached_mxbai,1178,1782209625.2900999,,,
3644,0,svm,max,balanced,cached_mxbai,1179,1782209625.4207928,,,
5063,0,svm,max,balanced,cached_mxbai,1180,1782209625.5410175,,,
7947,0,svm,max,balanced,cached_mxbai,1181,1782209625.6612892,,,
6643,1,svm,max,balanced,cached_mxbai,1182,1782209625.7814558,,,
6278,0,svm,max,balanced,cached_mxbai,1183,1782209625.9060187,,,
7102,0,svm,max,balanced,cached_mxbai,1184,1782209626.0252147,,,
6644,1,svm,max,balanced,cached_mxbai,1185,1782209626.14792,,,
9128,1,svm,max,balanced,cached_mxbai,1186,1782209626.2736638,,,
8116,1,svm,max,balanced,cached_mxbai,1187,1782209626.393196,,,
3098,0,svm,max,balanced,cached_mxbai,1188,1782209626.5182502,,,
5058,0,svm,max,balanced,cached_mxbai,1189,1782209626.6427763,,,
10230,0,svm,max,balanced,cached_mxbai,1190,1782209626.7713892,,,
10390,0,svm,max,balanced,cached_mxbai,1191,1782209626.893025,,,
4712,0,svm,max,balanced,cached_mxbai,1192,1782209627.019721,,,
7464,0,svm,max,balanced,cached_mxbai,1193,1782209627.1453342,,,
8586,0,svm,max,balanced,cached_mxbai,1194,1782209627.2752326,,,
7910,0,svm,max,balanced,cached_mxbai,1195,1782209627.396238,,,
4687,0,svm,max,balanced,cached_mxbai,1196,1782209627.51604,,,
2341,0,svm,max,balanced,cached_mxbai,1197,1782209627.634144,,,
4936,0,svm,max,balanced,cached_mxbai,1198,1782209627.7535045,,,
4362,0,svm,max,balanced,cached_mxbai,1199,1782209627.8735604,,,
6838,0,svm,max,balanced,cached_mxbai,1200,1782209627.9946804,,,
7996,0,svm,max,balanced,cached_mxbai,1201,1782209628.1197753,,,
4977,0,svm,max,balanced,cached_mxbai,1202,1782209628.2510188,,,
918,0,svm,max,balanced,cached_mxbai,1203,1782209628.37769,,,
6545,0,svm,max,balanced,cached_mxbai,1204,1782209628.5012705,,,
7087,0,svm,max,balanced,cached_mxbai,1205,1782209628.620621,,,
849,0,svm,max,balanced,cached_mxbai,1206,1782209628.7407286,,,
4932,0,svm,max,balanced,cached_mxbai,1207,1782209628.861561,,,
1694,0,svm,max,balanced,cached_mxbai,1208,1782209628.9786503,,,
10508,0,svm,max,balanced,cached_mxbai,1209,1782209629.1013987,,,
7478,0,svm,max,balanced,cached_mxbai,1210,1782209629.2265525,,,
7088,0,svm,max,balanced,cached_mxbai,1211,1782209629.3466337,,,
9411,0,svm,max,balanced,cached_mxbai,1212,1782209629.466262,,,
5089,0,svm,max,balanced,cached_mxbai,1213,1782209629.5858898,,,
3669,0,svm,max,balanced,cached_mxbai,1214,1782209629.7072015,,,
7327,0,svm,max,balanced,cached_mxbai,1215,1782209629.828518,,,
4736,0,svm,max,balanced,cached_mxbai,1216,1782209629.9484062,,,
4839,0,svm,max,balanced,cached_mxbai,1217,1782209630.0692415,,,
26,0,svm,max,balanced,cached_mxbai,1218,1782209630.1942008,,,
4389,0,svm,max,balanced,cached_mxbai,1219,1782209630.3178618,,,
5095,0,svm,max,balanced,cached_mxbai,1220,1782209630.4376388,,,
7661,0,svm,max,balanced,cached_mxbai,1221,1782209630.5578887,,,
1724,0,svm,max,balanced,cached_mxbai,1222,1782209630.6782818,,,
8100,0,svm,max,balanced,cached_mxbai,1223,1782209630.7976253,,,
859,0,svm,max,balanced,cached_mxbai,1224,1782209630.9155254,,,
4789,0,svm,max,balanced,cached_mxbai,1225,1782209631.0348096,,,
6432,0,svm,max,balanced,cached_mxbai,1226,1782209631.1560652,,,
8709,0,svm,max,balanced,cached_mxbai,1227,1782209631.2828958,,,
4790,0,svm,max,balanced,cached_mxbai,1228,1782209631.410276,,,
6602,0,svm,max,balanced,cached_mxbai,1229,1782209631.5398273,,,
6727,0,svm,max,balanced,cached_mxbai,1230,1782209631.6682334,,,
4974,0,svm,max,balanced,cached_mxbai,1231,1782209631.796588,,,
7335,0,svm,max,balanced,cached_mxbai,1232,1782209631.9237504,,,
4781,0,svm,max,balanced,cached_mxbai,1233,1782209632.052512,,,
3588,0,svm,max,balanced,cached_mxbai,1234,1782209632.1886675,,,
9664,0,svm,max,balanced,cached_mxbai,1235,1782209632.323442,,,
4646,0,svm,max,balanced,cached_mxbai,1236,1782209632.4508574,,,
1445,1,svm,max,balanced,cached_mxbai,1237,1782209632.57772,,,
3500,0,svm,max,balanced,cached_mxbai,1238,1782209632.7072954,,,
3115,0,svm,max,balanced,cached_mxbai,1239,1782209632.8369741,,,
9240,0,svm,max,balanced,cached_mxbai,1240,1782209632.966766,,,
3486,0,svm,max,balanced,cached_mxbai,1241,1782209633.0977972,,,
1161,0,svm,max,balanced,cached_mxbai,1242,1782209633.2301643,,,
3519,0,svm,max,balanced,cached_mxbai,1243,1782209633.3635056,,,
2352,0,svm,max,balanced,cached_mxbai,1244,1782209633.4933228,,,
1536,0,svm,max,balanced,cached_mxbai,1245,1782209633.6240819,,,
2161,0,svm,max,balanced,cached_mxbai,1246,1782209633.7544026,,,
9009,0,svm,max,balanced,cached_mxbai,1247,1782209633.884751,,,
3756,0,svm,max,balanced,cached_mxbai,1248,1782209634.0152276,,,
3242,0,svm,max,balanced,cached_mxbai,1249,1782209634.1491017,,,
7259,0,svm,max,balanced,cached_mxbai,1250,1782209634.2858338,,,
4845,0,svm,max,balanced,cached_mxbai,1251,1782209634.4201598,,,
5387,0,svm,max,balanced,cached_mxbai,1252,1782209634.5522237,,,
4811,0,svm,max,balanced,cached_mxbai,1253,1782209634.6837175,,,
3957,0,svm,max,balanced,cached_mxbai,1254,1782209634.8162327,,,
5000,0,svm,max,balanced,cached_mxbai,1255,1782209634.9436588,,,
9912,0,svm,max,balanced,cached_mxbai,1256,1782209635.0832825,,,
1746,0,svm,max,balanced,cached_mxbai,1257,1782209635.2259798,,,
3987,0,svm,max,balanced,cached_mxbai,1258,1782209635.3816812,,,
5022,0,svm,max,balanced,cached_mxbai,1259,1782209635.5133321,,,
5001,0,svm,max,balanced,cached_mxbai,1260,1782209635.6434345,,,
7066,0,svm,max,balanced,cached_mxbai,1261,1782209635.773727,,,
3605,0,svm,max,balanced,cached_mxbai,1262,1782209635.9042504,,,
3291,0,svm,max,balanced,cached_mxbai,1263,1782209636.0346842,,,
2447,0,svm,max,balanced,cached_mxbai,1264,1782209636.1712172,,,
6907,0,svm,max,balanced,cached_mxbai,1265,1782209636.3070683,,,
6322,0,svm,max,balanced,cached_mxbai,1266,1782209636.437126,,,
8507,0,svm,max,balanced,cached_mxbai,1267,1782209636.566277,,,
9180,0,svm,max,balanced,cached_mxbai,1268,1782209636.6968236,,,
5221,0,svm,max,balanced,cached_mxbai,1269,1782209636.827185,,,
3345,0,svm,max,balanced,cached_mxbai,1270,1782209636.9561055,,,
4403,0,svm,max,balanced,cached_mxbai,1271,1782209637.0905108,,,
3564,0,svm,max,balanced,cached_mxbai,1272,1782209637.2280853,,,
3431,0,svm,max,balanced,cached_mxbai,1273,1782209637.363107,,,
1968,0,svm,max,balanced,cached_mxbai,1274,1782209637.4929385,,,
7171,0,svm,max,balanced,cached_mxbai,1275,1782209637.622501,,,
6355,0,svm,max,balanced,cached_mxbai,1276,1782209637.75208,,,
6670,0,svm,max,balanced,cached_mxbai,1277,1782209637.8842587,,,
6358,0,svm,max,balanced,cached_mxbai,1278,1782209638.0140042,,,
4215,0,svm,max,balanced,cached_mxbai,1279,1782209638.1475616,,,
10399,0,svm,max,balanced,cached_mxbai,1280,1782209638.282801,,,
4653,0,svm,max,balanced,cached_mxbai,1281,1782209638.4223852,,,
9209,0,svm,max,balanced,cached_mxbai,1282,1782209638.5581543,,,
6574,0,svm,max,balanced,cached_mxbai,1283,1782209638.6910636,,,
4818,0,svm,max,balanced,cached_mxbai,1284,1782209638.8299952,,,
3984,0,svm,max,balanced,cached_mxbai,1285,1782209638.964679,,,
6945,0,svm,max,balanced,cached_mxbai,1286,1782209639.0979197,,,
5186,0,svm,max,balanced,cached_mxbai,1287,1782209639.2359726,,,
8848,0,svm,max,balanced,cached_mxbai,1288,1782209639.3772388,,,
4351,0,svm,max,balanced,cached_mxbai,1289,1782209639.510988,,,
4928,0,svm,max,balanced,cached_mxbai,1290,1782209639.6462214,,,
8410,0,svm,max,balanced,cached_mxbai,1291,1782209639.7814558,,,
4892,0,svm,max,balanced,cached_mxbai,1292,1782209639.9144614,,,
4231,0,svm,max,balanced,cached_mxbai,1293,1782209640.048304,,,
3052,0,svm,max,balanced,cached_mxbai,1294,1782209640.1868052,,,
6137,0,svm,max,balanced,cached_mxbai,1295,1782209640.3294163,,,
5992,0,svm,max,balanced,cached_mxbai,1296,1782209640.4632778,,,
7232,0,svm,max,balanced,cached_mxbai,1297,1782209640.5959172,,,
9834,0,svm,max,balanced,cached_mxbai,1298,1782209640.7301123,,,
4926,0,svm,max,balanced,cached_mxbai,1299,1782209640.8628297,,,
8544,0,svm,max,balanced,cached_mxbai,1300,1782209640.9946375,,,
4198,0,svm,max,balanced,cached_mxbai,1301,1782209641.1276987,,,
4416,0,svm,max,balanced,cached_mxbai,1302,1782209641.264521,,,
9108,0,svm,max,balanced,cached_mxbai,1303,1782209641.3988771,,,
3188,0,svm,max,balanced,cached_mxbai,1304,1782209641.5305266,,,
4412,0,svm,max,balanced,cached_mxbai,1305,1782209641.6638684,,,
4655,0,svm,max,balanced,cached_mxbai,1306,1782209641.7996612,,,
1156,0,svm,max,balanced,cached_mxbai,1307,1782209641.9338076,,,
4011,0,svm,max,balanced,cached_mxbai,1308,1782209642.069049,,,
4291,0,svm,max,balanced,cached_mxbai,1309,1782209642.2101316,,,
9083,0,svm,max,balanced,cached_mxbai,1310,1782209642.3503935,,,
2770,0,svm,max,balanced,cached_mxbai,1311,1782209642.4822102,,,
3350,0,svm,max,balanced,cached_mxbai,1312,1782209642.6145754,,,
3033,0,svm,max,balanced,cached_mxbai,1313,1782209642.7506764,,,
7961,0,svm,max,balanced,cached_mxbai,1314,1782209642.889816,,,
7527,0,svm,max,balanced,cached_mxbai,1315,1782209643.0278933,,,
4958,0,svm,max,balanced,cached_mxbai,1316,1782209643.1650748,,,
7169,0,svm,max,balanced,cached_mxbai,1317,1782209643.3035638,,,
6482,0,svm,max,balanced,cached_mxbai,1318,1782209643.4378273,,,
9272,0,svm,max,balanced,cached_mxbai,1319,1782209643.571415,,,
3952,0,svm,max,balanced,cached_mxbai,1320,1782209643.7055933,,,
8282,0,svm,max,balanced,cached_mxbai,1321,1782209643.8392081,,,
9604,0,svm,max,balanced,cached_mxbai,1322,1782209643.9731064,,,
4846,0,svm,max,balanced,cached_mxbai,1323,1782209644.1068475,,,
3693,0,svm,max,balanced,cached_mxbai,1324,1782209644.2478416,,,
4575,0,svm,max,balanced,cached_mxbai,1325,1782209644.386244,,,
9290,0,svm,max,balanced,cached_mxbai,1326,1782209644.5236926,,,
10060,0,svm,max,balanced,cached_mxbai,1327,1782209644.65829,,,
7079,0,svm,max,balanced,cached_mxbai,1328,1782209644.7926667,,,
2235,0,svm,max,balanced,cached_mxbai,1329,1782209644.927086,,,
7744,0,svm,max,balanced,cached_mxbai,1330,1782209645.06434,,,
9797,0,svm,max,balanced,cached_mxbai,1331,1782209645.199767,,,
7632,0,svm,max,balanced,cached_mxbai,1332,1782209645.3785343,,,
4419,0,svm,max,balanced,cached_mxbai,1333,1782209645.513566,,,
7691,0,svm,max,balanced,cached_mxbai,1334,1782209645.6496806,,,
1852,0,svm,max,balanced,cached_mxbai,1335,1782209645.7838342,,,
4537,0,svm,max,balanced,cached_mxbai,1336,1782209645.917197,,,
5575,0,svm,max,balanced,cached_mxbai,1337,1782209646.0520413,,,
3061,0,svm,max,balanced,cached_mxbai,1338,1782209646.1850471,,,
10326,0,svm,max,balanced,cached_mxbai,1339,1782209646.3201053,,,
4772,0,svm,max,balanced,cached_mxbai,1340,1782209646.4562082,,,
9160,0,svm,max,balanced,cached_mxbai,1341,1782209646.590898,,,
570,0,svm,max,balanced,cached_mxbai,1342,1782209646.72369,,,
8473,0,svm,max,balanced,cached_mxbai,1343,1782209646.857488,,,
6748,0,svm,max,balanced,cached_mxbai,1344,1782209646.9911578,,,
6338,0,svm,max,balanced,cached_mxbai,1345,1782209647.125731,,,
10058,0,svm,max,balanced,cached_mxbai,1346,1782209647.2628589,,,
4417,0,svm,max,balanced,cached_mxbai,1347,1782209647.3969994,,,
8050,0,svm,max,balanced,cached_mxbai,1348,1782209647.5352178,,,
4012,0,svm,max,balanced,cached_mxbai,1349,1782209647.672012,,,
5511,0,svm,max,balanced,cached_mxbai,1350,1782209647.805647,,,
4469,0,svm,max,balanced,cached_mxbai,1351,1782209647.940576,,,
8679,0,svm,max,balanced,cached_mxbai,1352,1782209648.0759213,,,
7149,0,svm,max,balanced,cached_mxbai,1353,1782209648.2336543,,,
4098,0,svm,max,balanced,cached_mxbai,1354,1782209648.3882933,,,
4865,0,svm,max,balanced,cached_mxbai,1355,1782209648.5432827,,,
9449,0,svm,max,balanced,cached_mxbai,1356,1782209648.6980503,,,
5161,0,svm,max,balanced,cached_mxbai,1357,1782209648.8525724,,,
4053,0,svm,max,balanced,cached_mxbai,1358,1782209648.9893246,,,
8812,0,svm,max,balanced,cached_mxbai,1359,1782209649.1421745,,,
4331,0,svm,max,balanced,cached_mxbai,1360,1782209649.2982085,,,
4700,0,svm,max,balanced,cached_mxbai,1361,1782209649.4373336,,,
3440,0,svm,max,balanced,cached_mxbai,1362,1782209649.5728748,,,
5552,0,svm,max,balanced,cached_mxbai,1363,1782209649.7104,,,
4111,0,svm,max,balanced,cached_mxbai,1364,1782209649.8463278,,,
3282,0,svm,max,balanced,cached_mxbai,1365,1782209649.9811556,,,
5014,0,svm,max,balanced,cached_mxbai,1366,1782209650.1170797,,,
6005,0,svm,max,balanced,cached_mxbai,1367,1782209650.2585595,,,
5902,0,svm,max,balanced,cached_mxbai,1368,1782209650.3964748,,,
759,0,svm,max,balanced,cached_mxbai,1369,1782209650.5310853,,,
2066,0,svm,max,balanced,cached_mxbai,1370,1782209650.6674616,,,
5108,0,svm,max,balanced,cached_mxbai,1371,1782209650.8049617,,,
4893,0,svm,max,balanced,cached_mxbai,1372,1782209650.9431121,,,
6285,0,svm,max,balanced,cached_mxbai,1373,1782209651.0797753,,,
1262,0,svm,max,balanced,cached_mxbai,1374,1782209651.2195895,,,
7265,0,svm,max,balanced,cached_mxbai,1375,1782209651.360409,,,
9897,0,svm,max,balanced,cached_mxbai,1376,1782209651.4998918,,,
4319,0,svm,max,balanced,cached_mxbai,1377,1782209651.637803,,,
4804,0,svm,max,balanced,cached_mxbai,1378,1782209651.7752328,,,
5939,0,svm,max,balanced,cached_mxbai,1379,1782209651.9136267,,,
5245,0,svm,max,balanced,cached_mxbai,1380,1782209652.0520995,,,
4733,0,svm,max,balanced,cached_mxbai,1381,1782209652.1953895,,,
2965,0,svm,max,balanced,cached_mxbai,1382,1782209652.3434532,,,
1078,0,svm,max,balanced,cached_mxbai,1383,1782209652.4835556,,,
4530,0,svm,max,balanced,cached_mxbai,1384,1782209652.6214945,,,
9623,0,svm,max,balanced,cached_mxbai,1385,1782209652.760628,,,
5212,0,svm,max,balanced,cached_mxbai,1386,1782209652.9005885,,,
3434,0,svm,max,balanced,cached_mxbai,1387,1782209653.0406656,,,
8463,0,svm,max,balanced,cached_mxbai,1388,1782209653.1790116,,,
9171,0,svm,max,balanced,cached_mxbai,1389,1782209653.3219237,,,
4853,0,svm,max,balanced,cached_mxbai,1390,1782209653.4638155,,,
3236,0,svm,max,balanced,cached_mxbai,1391,1782209653.6072087,,,
4148,0,svm,max,balanced,cached_mxbai,1392,1782209653.7447102,,,
5839,1,svm,max,balanced,cached_mxbai,1393,1782209653.8836434,,,
7743,0,svm,max,balanced,cached_mxbai,1394,1782209654.0242727,,,
2254,0,svm,max,balanced,cached_mxbai,1395,1782209654.164154,,,
7712,0,svm,max,balanced,cached_mxbai,1396,1782209654.3045497,,,
3634,0,svm,max,balanced,cached_mxbai,1397,1782209654.4467704,,,
5024,0,svm,max,balanced,cached_mxbai,1398,1782209654.5857394,,,
5956,0,svm,max,balanced,cached_mxbai,1399,1782209654.7234228,,,
4261,0,svm,max,balanced,cached_mxbai,1400,1782209654.8666902,,,
4882,0,svm,max,balanced,cached_mxbai,1401,1782209655.0106487,,,
8038,0,svm,max,balanced,cached_mxbai,1402,1782209655.156465,,,
4799,0,svm,max,balanced,cached_mxbai,1403,1782209655.3209043,,,
4652,0,svm,max,balanced,cached_mxbai,1404,1782209655.4631464,,,
3506,0,svm,max,balanced,cached_mxbai,1405,1782209655.603608,,,
8889,0,svm,max,balanced,cached_mxbai,1406,1782209655.7419782,,,
4668,0,svm,max,balanced,cached_mxbai,1407,1782209655.8821616,,,
4632,0,svm,max,balanced,cached_mxbai,1408,1782209656.0229886,,,
273,0,svm,max,balanced,cached_mxbai,1409,1782209656.1651921,,,
3507,0,svm,max,balanced,cached_mxbai,1410,1782209656.313517,,,
3044,0,svm,max,balanced,cached_mxbai,1411,1782209656.463253,,,
1234,0,svm,max,balanced,cached_mxbai,1412,1782209656.6142468,,,
5106,0,svm,max,balanced,cached_mxbai,1413,1782209656.7596292,,,
2039,0,svm,max,balanced,cached_mxbai,1414,1782209656.902108,,,
4970,0,svm,max,balanced,cached_mxbai,1415,1782209657.0441945,,,
3763,0,svm,max,balanced,cached_mxbai,1416,1782209657.1876009,,,
5036,0,svm,max,balanced,cached_mxbai,1417,1782209657.330082,,,
7728,0,svm,max,balanced,cached_mxbai,1418,1782209657.473924,,,
8497,0,svm,max,balanced,cached_mxbai,1419,1782209657.6151109,,,
4664,0,svm,max,balanced,cached_mxbai,1420,1782209657.7590985,,,
4411,0,svm,max,balanced,cached_mxbai,1421,1782209657.901866,,,
8547,0,svm,max,balanced,cached_mxbai,1422,1782209658.0440543,,,
3988,0,svm,max,balanced,cached_mxbai,1423,1782209658.188047,,,
8918,0,svm,max,balanced,cached_mxbai,1424,1782209658.3393192,,,
4142,0,svm,max,balanced,cached_mxbai,1425,1782209658.4891388,,,
4991,0,svm,max,balanced,cached_mxbai,1426,1782209658.6375585,,,
10492,0,svm,max,balanced,cached_mxbai,1427,1782209658.788816,,,
4629,0,svm,max,balanced,cached_mxbai,1428,1782209658.936503,,,
5086,0,svm,max,balanced,cached_mxbai,1429,1782209659.078879,,,
4106,0,svm,max,balanced,cached_mxbai,1430,1782209659.2217536,,,
6461,0,svm,max,balanced,cached_mxbai,1431,1782209659.367001,,,
2583,0,svm,max,balanced,cached_mxbai,1432,1782209659.5132363,,,
3130,0,svm,max,balanced,cached_mxbai,1433,1782209659.657676,,,
5159,0,svm,max,balanced,cached_mxbai,1434,1782209659.8007977,,,
4463,0,svm,max,balanced,cached_mxbai,1435,1782209659.9439554,,,
6162,0,svm,max,balanced,cached_mxbai,1436,1782209660.087851,,,
8228,0,svm,max,balanced,cached_mxbai,1437,1782209660.2327137,,,
4966,0,svm,max,balanced,cached_mxbai,1438,1782209660.3803077,,,
9410,0,svm,max,balanced,cached_mxbai,1439,1782209660.526449,,,
8928,0,svm,max,balanced,cached_mxbai,1440,1782209660.6683269,,,
6771,0,svm,max,balanced,cached_mxbai,1441,1782209660.816761,,,
4708,0,svm,max,balanced,cached_mxbai,1442,1782209660.9617186,,,
1646,0,svm,max,balanced,cached_mxbai,1443,1782209661.1075916,,,
9864,0,svm,max,balanced,cached_mxbai,1444,1782209661.2503119,,,
2831,0,svm,max,balanced,cached_mxbai,1445,1782209661.3951316,,,
8158,0,svm,max,balanced,cached_mxbai,1446,1782209661.5416653,,,
5153,0,svm,max,balanced,cached_mxbai,1447,1782209661.6867812,,,
692,0,svm,max,balanced,cached_mxbai,1448,1782209661.828952,,,
4615,0,svm,max,balanced,cached_mxbai,1449,1782209661.9718606,,,
3905,0,svm,max,balanced,cached_mxbai,1450,1782209662.1156664,,,
7897,0,svm,max,balanced,cached_mxbai,1451,1782209662.2599955,,,
4045,0,svm,max,balanced,cached_mxbai,1452,1782209662.4089415,,,
3805,0,svm,max,balanced,cached_mxbai,1453,1782209662.5541863,,,
5010,0,svm,max,balanced,cached_mxbai,1454,1782209662.7021012,,,
10065,0,svm,max,balanced,cached_mxbai,1455,1782209662.845204,,,
4336,0,svm,max,balanced,cached_mxbai,1456,1782209662.9877412,,,
4489,0,svm,max,balanced,cached_mxbai,1457,1782209663.13424,,,
3024,0,svm,max,balanced,cached_mxbai,1458,1782209663.280923,,,
4676,0,svm,max,balanced,cached_mxbai,1459,1782209663.4296477,,,
9371,0,svm,max,balanced,cached_mxbai,1460,1782209663.5776794,,,
10239,0,svm,max,balanced,cached_mxbai,1461,1782209663.742534,,,
10088,0,svm,max,balanced,cached_mxbai,1462,1782209663.8962257,,,
5487,0,svm,max,balanced,cached_mxbai,1463,1782209664.0441206,,,
5672,0,svm,max,balanced,cached_mxbai,1464,1782209664.18921,,,
4654,0,svm,max,balanced,cached_mxbai,1465,1782209664.3358607,,,
3146,0,svm,max,balanced,cached_mxbai,1466,1782209664.4834487,,,
4014,0,svm,max,balanced,cached_mxbai,1467,1782209664.6302507,,,
1613,0,svm,max,balanced,cached_mxbai,1468,1782209664.7756062,,,
4764,0,svm,max,balanced,cached_mxbai,1469,1782209664.9226336,,,
10551,0,svm,max,balanced,cached_mxbai,1470,1782209665.0838468,,,
4284,0,svm,max,balanced,cached_mxbai,1471,1782209665.2371929,,,
6196,0,svm,max,balanced,cached_mxbai,1472,1782209665.4260252,,,
4553,0,svm,max,balanced,cached_mxbai,1473,1782209665.5842528,,,
5643,0,svm,max,balanced,cached_mxbai,1474,1782209665.736577,,,
5151,0,svm,max,balanced,cached_mxbai,1475,1782209665.885135,,,
10242,0,svm,max,balanced,cached_mxbai,1476,1782209666.0314484,,,
4975,0,svm,max,balanced,cached_mxbai,1477,1782209666.1790848,,,
4539,0,svm,max,balanced,cached_mxbai,1478,1782209666.3304417,,,
9176,0,svm,max,balanced,cached_mxbai,1479,1782209666.4895344,,,
6569,0,svm,max,balanced,cached_mxbai,1480,1782209666.6398406,,,
8759,0,svm,max,balanced,cached_mxbai,1481,1782209666.7926836,,,
3640,0,svm,max,balanced,cached_mxbai,1482,1782209666.9434054,,,
4600,0,svm,max,balanced,cached_mxbai,1483,1782209667.111016,,,
9798,0,svm,max,balanced,cached_mxbai,1484,1782209667.2565873,,,
3932,0,svm,max,balanced,cached_mxbai,1485,1782209667.4074714,,,
5984,0,svm,max,balanced,cached_mxbai,1486,1782209667.5805697,,,
6975,0,svm,max,balanced,cached_mxbai,1487,1782209667.7489092,,,
8885,0,svm,max,balanced,cached_mxbai,1488,1782209667.899991,,,
4996,0,svm,max,balanced,cached_mxbai,1489,1782209668.051081,,,
8797,0,svm,max,balanced,cached_mxbai,1490,1782209668.2004201,,,
8123,0,svm,max,balanced,cached_mxbai,1491,1782209668.3563073,,,
10451,0,svm,max,balanced,cached_mxbai,1492,1782209668.512804,,,
8046,0,svm,max,balanced,cached_mxbai,1493,1782209668.6608498,,,
6671,0,svm,max,balanced,cached_mxbai,1494,1782209668.812239,,,
4863,0,svm,max,balanced,cached_mxbai,1495,1782209668.9591851,,,
7477,0,svm,max,balanced,cached_mxbai,1496,1782209669.1071224,,,
10081,0,svm,max,balanced,cached_mxbai,1497,1782209669.2547626,,,
3460,0,svm,max,balanced,cached_mxbai,1498,1782209669.4045558,,,
4488,0,svm,max,balanced,cached_mxbai,1499,1782209669.5735166,,,
2873,0,svm,max,balanced,cached_mxbai,1500,1782209669.7352614,,,
3991,0,svm,max,balanced,cached_mxbai,1501,1782209669.8845153,,,
5220,0,svm,max,balanced,cached_mxbai,1502,1782209670.0309193,,,
6319,0,svm,max,balanced,cached_mxbai,1503,1782209670.1772692,,,
4562,0,svm,max,balanced,cached_mxbai,1504,1782209670.3265069,,,
8580,0,svm,max,balanced,cached_mxbai,1505,1782209670.4736648,,,
3562,0,svm,max,balanced,cached_mxbai,1506,1782209670.6212142,,,
3938,0,svm,max,balanced,cached_mxbai,1507,1782209670.7677336,,,
4207,0,svm,max,balanced,cached_mxbai,1508,1782209670.9162662,,,
113,0,svm,max,balanced,cached_mxbai,1509,1782209671.0630383,,,
6122,0,svm,max,balanced,cached_mxbai,1510,1782209671.2108393,,,
3844,0,svm,max,balanced,cached_mxbai,1511,1782209671.3631232,,,
5969,0,svm,max,balanced,cached_mxbai,1512,1782209671.5169382,,,
4322,0,svm,max,balanced,cached_mxbai,1513,1782209671.6825488,,,
3629,0,svm,max,balanced,cached_mxbai,1514,1782209671.847296,,,
9137,0,svm,max,balanced,cached_mxbai,1515,1782209672.0096931,,,
4957,0,svm,max,balanced,cached_mxbai,1516,1782209672.1745846,,,
796,0,svm,max,balanced,cached_mxbai,1517,1782209672.3380508,,,
10133,0,svm,max,balanced,cached_mxbai,1518,1782209672.5027976,,,
4982,0,svm,max,balanced,cached_mxbai,1519,1782209672.66457,,,
1476,0,svm,max,balanced,cached_mxbai,1520,1782209672.82892,,,
4454,0,svm,max,balanced,cached_mxbai,1521,1782209672.9924731,,,
5138,0,svm,max,balanced,cached_mxbai,1522,1782209673.1556418,,,
6949,0,svm,max,balanced,cached_mxbai,1523,1782209673.3198812,,,
4490,0,svm,max,balanced,cached_mxbai,1524,1782209673.4845996,,,
3752,0,svm,max,balanced,cached_mxbai,1525,1782209673.6491158,,,
8004,0,svm,max,balanced,cached_mxbai,1526,1782209673.821628,,,
10545,0,svm,max,balanced,cached_mxbai,1527,1782209673.9863944,,,
4372,0,svm,max,balanced,cached_mxbai,1528,1782209674.148748,,,
7933,0,svm,max,balanced,cached_mxbai,1529,1782209674.315438,,,
160,0,svm,max,balanced,cached_mxbai,1530,1782209674.4832606,,,
8629,0,svm,max,balanced,cached_mxbai,1531,1782209674.646678,,,
6138,0,svm,max,balanced,cached_mxbai,1532,1782209674.8089163,,,
4675,0,svm,max,balanced,cached_mxbai,1533,1782209674.9742088,,,
5396,0,svm,max,balanced,cached_mxbai,1534,1782209675.143049,,,
7873,0,svm,max,balanced,cached_mxbai,1535,1782209675.3393326,,,
4725,0,svm,max,balanced,cached_mxbai,1536,1782209675.5064192,,,
9098,0,svm,max,balanced,cached_mxbai,1537,1782209675.6775167,,,
8355,0,svm,max,balanced,cached_mxbai,1538,1782209675.8443408,,,
1222,0,svm,max,balanced,cached_mxbai,1539,1782209676.010082,,,
4827,0,svm,max,balanced,cached_mxbai,1540,1782209676.1741166,,,
4278,0,svm,max,balanced,cached_mxbai,1541,1782209676.3383873,,,
9947,0,svm,max,balanced,cached_mxbai,1542,1782209676.5048122,,,
5110,0,svm,max,balanced,cached_mxbai,1543,1782209676.6728177,,,
9582,0,svm,max,balanced,cached_mxbai,1544,1782209676.83538,,,
8272,0,svm,max,balanced,cached_mxbai,1545,1782209676.9993062,,,
4486,0,svm,max,balanced,cached_mxbai,1546,1782209677.1653433,,,
3399,0,svm,max,balanced,cached_mxbai,1547,1782209677.3300357,,,
7231,0,svm,max,balanced,cached_mxbai,1548,1782209677.495116,,,
7714,0,svm,max,balanced,cached_mxbai,1549,1782209677.6623402,,,
3981,0,svm,max,balanced,cached_mxbai,1550,1782209677.8249474,,,
3656,0,svm,max,balanced,cached_mxbai,1551,1782209677.9889877,,,
4410,0,svm,max,balanced,cached_mxbai,1552,1782209678.1551585,,,
4826,0,svm,max,balanced,cached_mxbai,1553,1782209678.3217397,,,
4138,0,svm,max,balanced,cached_mxbai,1554,1782209678.4889383,,,
2562,0,svm,max,balanced,cached_mxbai,1555,1782209678.6553311,,,
1912,0,svm,max,balanced,cached_mxbai,1556,1782209678.829952,,,
5325,0,svm,max,balanced,cached_mxbai,1557,1782209678.9936597,,,
5608,0,svm,max,balanced,cached_mxbai,1558,1782209679.1667306,,,
2433,0,svm,max,balanced,cached_mxbai,1559,1782209679.3398707,,,
4021,0,svm,max,balanced,cached_mxbai,1560,1782209679.505239,,,
7879,0,svm,max,balanced,cached_mxbai,1561,1782209679.6802623,,,
4968,0,svm,max,balanced,cached_mxbai,1562,1782209679.8554661,,,
5198,0,svm,max,balanced,cached_mxbai,1563,1782209680.0276217,,,
4397,0,svm,max,balanced,cached_mxbai,1564,1782209680.2007084,,,
9219,0,svm,max,balanced,cached_mxbai,1565,1782209680.3776102,,,
6235,0,svm,max,balanced,cached_mxbai,1566,1782209680.5581324,,,
173,0,svm,max,balanced,cached_mxbai,1567,1782209680.7321234,,,
57,0,svm,max,balanced,cached_mxbai,1568,1782209680.9058876,,,
3654,0,svm,max,balanced,cached_mxbai,1569,1782209681.0761948,,,
4634,0,svm,max,balanced,cached_mxbai,1570,1782209681.2492545,,,
709,0,svm,max,balanced,cached_mxbai,1571,1782209681.4235454,,,
1261,0,svm,max,balanced,cached_mxbai,1572,1782209681.595902,,,
5496,0,svm,max,balanced,cached_mxbai,1573,1782209681.7696497,,,
4501,0,svm,max,balanced,cached_mxbai,1574,1782209681.9433608,,,
3783,0,svm,max,balanced,cached_mxbai,1575,1782209682.115967,,,
3109,0,svm,max,balanced,cached_mxbai,1576,1782209682.293612,,,
8303,0,svm,max,balanced,cached_mxbai,1577,1782209682.4719822,,,
9878,0,svm,max,balanced,cached_mxbai,1578,1782209682.646468,,,
3385,0,svm,max,balanced,cached_mxbai,1579,1782209682.8212326,,,
4241,0,svm,max,balanced,cached_mxbai,1580,1782209682.9942086,,,
4622,0,svm,max,balanced,cached_mxbai,1581,1782209683.1653302,,,
9433,0,svm,max,balanced,cached_mxbai,1582,1782209683.3372102,,,
6151,0,svm,max,balanced,cached_mxbai,1583,1782209683.5089169,,,
10206,0,svm,max,balanced,cached_mxbai,1584,1782209683.682435,,,
9547,0,svm,max,balanced,cached_mxbai,1585,1782209683.853713,,,
1039,0,svm,max,balanced,cached_mxbai,1586,1782209684.0234146,,,
8660,0,svm,max,balanced,cached_mxbai,1587,1782209684.1925588,,,
5223,0,svm,max,balanced,cached_mxbai,1588,1782209684.3686566,,,
4757,0,svm,max,balanced,cached_mxbai,1589,1782209684.5447881,,,
3801,0,svm,max,balanced,cached_mxbai,1590,1782209684.7196565,,,
5805,0,svm,max,balanced,cached_mxbai,1591,1782209684.8929052,,,
4699,0,svm,max,balanced,cached_mxbai,1592,1782209685.0768604,,,
6270,0,svm,max,balanced,cached_mxbai,1593,1782209685.2568913,,,
9442,0,svm,max,balanced,cached_mxbai,1594,1782209685.4485373,,,
9773,0,svm,max,balanced,cached_mxbai,1595,1782209685.626156,,,
8828,0,svm,max,balanced,cached_mxbai,1596,1782209685.8016071,,,
2541,0,svm,max,balanced,cached_mxbai,1597,1782209685.974875,,,
1321,0,svm,max,balanced,cached_mxbai,1598,1782209686.146873,,,
4498,0,svm,max,balanced,cached_mxbai,1599,1782209686.3193865,,,
3165,0,svm,max,balanced,cached_mxbai,1600,1782209686.4946535,,,
1031,0,svm,max,balanced,cached_mxbai,1601,1782209686.6733766,,,
4497,0,svm,max,balanced,cached_mxbai,1602,1782209686.8492808,,,
4847,0,svm,max,balanced,cached_mxbai,1603,1782209687.0208695,,,
443,0,svm,max,balanced,cached_mxbai,1604,1782209687.1914616,,,
3556,0,svm,max,balanced,cached_mxbai,1605,1782209687.3622277,,,
4763,0,svm,max,balanced,cached_mxbai,1606,1782209687.5348864,,,
5128,0,svm,max,balanced,cached_mxbai,1607,1782209687.7076564,,,
3609,0,svm,max,balanced,cached_mxbai,1608,1782209687.8784318,,,
9911,0,svm,max,balanced,cached_mxbai,1609,1782209688.0510209,,,
3083,0,svm,max,balanced,cached_mxbai,1610,1782209688.2076,,,
9496,0,svm,max,balanced,cached_mxbai,1611,1782209688.365827,,,
10521,0,svm,max,balanced,cached_mxbai,1612,1782209688.5257761,,,
4750,0,svm,max,balanced,cached_mxbai,1613,1782209688.6838882,,,
8847,0,svm,max,balanced,cached_mxbai,1614,1782209688.8470488,,,
2782,0,svm,max,balanced,cached_mxbai,1615,1782209689.0058844,,,
3554,0,svm,max,balanced,cached_mxbai,1616,1782209689.1622436,,,
3788,0,svm,max,balanced,cached_mxbai,1617,1782209689.3185408,,,
4246,0,svm,max,balanced,cached_mxbai,1618,1782209689.4755964,,,
6056,0,svm,max,balanced,cached_mxbai,1619,1782209689.6388254,,,
1855,0,svm,max,balanced,cached_mxbai,1620,1782209689.8172886,,,
5226,0,svm,max,balanced,cached_mxbai,1621,1782209689.9758122,,,
5100,0,svm,max,balanced,cached_mxbai,1622,1782209690.1337478,,,
3840,0,svm,max,balanced,cached_mxbai,1623,1782209690.290618,,,
4896,0,svm,max,balanced,cached_mxbai,1624,1782209690.4539208,,,
9115,0,svm,max,balanced,cached_mxbai,1625,1782209690.6135292,,,
1796,0,svm,max,balanced,cached_mxbai,1626,1782209690.7734566,,,
1278,0,svm,max,balanced,cached_mxbai,1627,1782209690.931258,,,
1241,0,svm,max,balanced,cached_mxbai,1628,1782209691.0894578,,,
3689,0,svm,max,balanced,cached_mxbai,1629,1782209691.2453814,,,
6003,0,svm,max,balanced,cached_mxbai,1630,1782209691.4022608,,,
7768,0,svm,max,balanced,cached_mxbai,1631,1782209691.560215,,,
4392,0,svm,max,balanced,cached_mxbai,1632,1782209691.717118,,,
9624,0,svm,max,balanced,cached_mxbai,1633,1782209691.876674,,,
5823,0,svm,max,balanced,cached_mxbai,1634,1782209692.0350933,,,
4693,0,svm,max,balanced,cached_mxbai,1635,1782209692.193402,,,
5621,0,svm,max,balanced,cached_mxbai,1636,1782209692.3526325,,,
4483,0,svm,max,balanced,cached_mxbai,1637,1782209692.5207336,,,
4091,0,svm,max,balanced,cached_mxbai,1638,1782209692.685993,,,
3183,0,svm,max,balanced,cached_mxbai,1639,1782209692.848797,,,
4323,0,svm,max,balanced,cached_mxbai,1640,1782209693.011322,,,
5952,0,svm,max,balanced,cached_mxbai,1641,1782209693.170412,,,
4517,0,svm,max,balanced,cached_mxbai,1642,1782209693.329412,,,
8301,0,svm,max,balanced,cached_mxbai,1643,1782209693.4865694,,,
8404,0,svm,max,balanced,cached_mxbai,1644,1782209693.648427,,,
3909,0,svm,max,balanced,cached_mxbai,1645,1782209693.810504,,,
4069,0,svm,max,balanced,cached_mxbai,1646,1782209693.9706895,,,
1416,0,svm,max,balanced,cached_mxbai,1647,1782209694.1289876,,,
5066,0,svm,max,balanced,cached_mxbai,1648,1782209694.2892046,,,
8658,0,svm,max,balanced,cached_mxbai,1649,1782209694.4559433,,,
5155,0,svm,max,balanced,cached_mxbai,1650,1782209694.6207461,,,
5292,0,svm,max,balanced,cached_mxbai,1651,1782209694.7870796,,,
1498,0,svm,max,balanced,cached_mxbai,1652,1782209694.947134,,,
6815,0,svm,max,balanced,cached_mxbai,1653,1782209695.113169,,,
4851,0,svm,max,balanced,cached_mxbai,1654,1782209695.3029153,,,
4090,0,svm,max,balanced,cached_mxbai,1655,1782209695.4719281,,,
2187,0,svm,max,balanced,cached_mxbai,1656,1782209695.6335998,,,
4521,0,svm,max,balanced,cached_mxbai,1657,1782209695.7959812,,,
604,0,svm,max,balanced,cached_mxbai,1658,1782209695.9545674,,,
6069,0,svm,max,balanced,cached_mxbai,1659,1782209696.1145499,,,
10108,0,svm,max,balanced,cached_mxbai,1660,1782209696.2745626,,,
8907,0,svm,max,balanced,cached_mxbai,1661,1782209696.4355664,,,
178,0,svm,max,balanced,cached_mxbai,1662,1782209696.5964253,,,
4245,0,svm,max,balanced,cached_mxbai,1663,1782209696.758165,,,
8694,0,svm,max,balanced,cached_mxbai,1664,1782209696.9198806,,,
4122,0,svm,max,balanced,cached_mxbai,1665,1782209697.0860088,,,
4257,0,svm,max,balanced,cached_mxbai,1666,1782209697.2465477,,,
6537,0,svm,max,balanced,cached_mxbai,1667,1782209697.406956,,,
7355,0,svm,max,balanced,cached_mxbai,1668,1782209697.565573,,,
8636,0,svm,max,balanced,cached_mxbai,1669,1782209697.725965,,,
10153,0,svm,max,balanced,cached_mxbai,1670,1782209697.8872702,,,
2856,0,svm,max,balanced,cached_mxbai,1671,1782209698.0487027,,,
981,0,svm,max,balanced,cached_mxbai,1672,1782209698.2081795,,,
7546,0,svm,max,balanced,cached_mxbai,1673,1782209698.3716066,,,
7706,0,svm,max,balanced,cached_mxbai,1674,1782209698.5374248,,,
4219,0,svm,max,balanced,cached_mxbai,1675,1782209698.6996512,,,
6585,0,svm,max,balanced,cached_mxbai,1676,1782209698.8646598,,,
7959,0,svm,max,balanced,cached_mxbai,1677,1782209699.0272129,,,
4601,0,svm,max,balanced,cached_mxbai,1678,1782209699.1900504,,,
9948,0,svm,max,balanced,cached_mxbai,1679,1782209699.3511155,,,
3552,0,svm,max,balanced,cached_mxbai,1680,1782209699.5142949,,,
4438,0,svm,max,balanced,cached_mxbai,1681,1782209699.6881778,,,
4571,0,svm,max,balanced,cached_mxbai,1682,1782209699.8522422,,,
7871,0,svm,max,balanced,cached_mxbai,1683,1782209700.0117311,,,
8218,0,svm,max,balanced,cached_mxbai,1684,1782209700.1732543,,,
8479,0,svm,max,balanced,cached_mxbai,1685,1782209700.333926,,,
6324,0,svm,max,balanced,cached_mxbai,1686,1782209700.498086,,,
4305,0,svm,max,balanced,cached_mxbai,1687,1782209700.6628413,,,
4766,0,svm,max,balanced,cached_mxbai,1688,1782209700.827314,,,
3832,0,svm,max,balanced,cached_mxbai,1689,1782209701.0029805,,,
6328,0,svm,max,balanced,cached_mxbai,1690,1782209701.1661558,,,
769,0,svm,max,balanced,cached_mxbai,1691,1782209701.3307054,,,
6548,0,svm,max,balanced,cached_mxbai,1692,1782209701.4955719,,,
4400,0,svm,max,balanced,cached_mxbai,1693,1782209701.6589015,,,
9714,0,svm,max,balanced,cached_mxbai,1694,1782209701.825026,,,
4606,0,svm,max,balanced,cached_mxbai,1695,1782209701.9891405,,,
5781,0,svm,max,balanced,cached_mxbai,1696,1782209702.1576846,,,
639,0,svm,max,balanced,cached_mxbai,1697,1782209702.3386958,,,
3404,0,svm,max,balanced,cached_mxbai,1698,1782209702.4993305,,,
594,0,svm,max,balanced,cached_mxbai,1699,1782209702.6598222,,,
5777,0,svm,max,balanced,cached_mxbai,1700,1782209702.8264408,,,
3428,0,svm,max,balanced,cached_mxbai,1701,1782209703.002172,,,
4808,0,svm,max,balanced,cached_mxbai,1702,1782209703.1663141,,,
10271,0,svm,max,balanced,cached_mxbai,1703,1782209703.344711,,,
6323,0,svm,max,balanced,cached_mxbai,1704,1782209703.52215,,,
3446,0,svm,max,balanced,cached_mxbai,1705,1782209703.6856887,,,
4749,0,svm,max,balanced,cached_mxbai,1706,1782209703.8510447,,,
817,0,svm,max,balanced,cached_mxbai,1707,1782209704.0274436,,,
5723,0,svm,max,balanced,cached_mxbai,1708,1782209704.2026422,,,
3200,0,svm,max,balanced,cached_mxbai,1709,1782209704.3664193,,,
4502,0,svm,max,balanced,cached_mxbai,1710,1782209704.546685,,,
4309,0,svm,max,balanced,cached_mxbai,1711,1782209704.7095938,,,
2670,0,svm,max,balanced,cached_mxbai,1712,1782209704.8862884,,,
2781,0,svm,max,balanced,cached_mxbai,1713,1782209705.0654318,,,
3889,0,svm,max,balanced,cached_mxbai,1714,1782209705.2446988,,,
4334,0,svm,max,balanced,cached_mxbai,1715,1782209705.440602,,,
4719,0,svm,max,balanced,cached_mxbai,1716,1782209705.6059358,,,
9031,0,svm,max,balanced,cached_mxbai,1717,1782209705.7826817,,,
5079,0,svm,max,balanced,cached_mxbai,1718,1782209705.9611125,,,
427,0,svm,max,balanced,cached_mxbai,1719,1782209706.1262846,,,
2431,0,svm,max,balanced,cached_mxbai,1720,1782209706.2989173,,,
3248,0,svm,max,balanced,cached_mxbai,1721,1782209706.4729095,,,
5188,0,svm,max,balanced,cached_mxbai,1722,1782209706.647726,,,
8693,0,svm,max,balanced,cached_mxbai,1723,1782209706.8224282,,,
4542,0,svm,max,balanced,cached_mxbai,1724,1782209707.0017474,,,
3293,0,svm,max,balanced,cached_mxbai,1725,1782209707.178773,,,
8798,0,svm,max,balanced,cached_mxbai,1726,1782209707.3555603,,,
4649,0,svm,max,balanced,cached_mxbai,1727,1782209707.531493,,,
5667,0,svm,max,balanced,cached_mxbai,1728,1782209707.7081966,,,
5352,0,svm,max,balanced,cached_mxbai,1729,1782209707.8930933,,,
5240,0,svm,max,balanced,cached_mxbai,1730,1782209708.0684724,,,
5167,0,svm,max,balanced,cached_mxbai,1731,1782209708.2441673,,,
3577,0,svm,max,balanced,cached_mxbai,1732,1782209708.4225416,,,
4809,0,svm,max,balanced,cached_mxbai,1733,1782209708.6049998,,,
3330,0,svm,max,balanced,cached_mxbai,1734,1782209708.7855494,,,
6042,0,svm,max,balanced,cached_mxbai,1735,1782209708.963754,,,
4042,0,svm,max,balanced,cached_mxbai,1736,1782209709.1400445,,,
997,0,svm,max,balanced,cached_mxbai,1737,1782209709.315515,,,
5052,0,svm,max,balanced,cached_mxbai,1738,1782209709.4929318,,,
6233,0,svm,max,balanced,cached_mxbai,1739,1782209709.6688678,,,
4313,0,svm,max,balanced,cached_mxbai,1740,1782209709.8460917,,,
81,0,svm,max,balanced,cached_mxbai,1741,1782209710.0256577,,,
5099,0,svm,max,balanced,cached_mxbai,1742,1782209710.2027853,,,
9407,0,svm,max,balanced,cached_mxbai,1743,1782209710.3824728,,,
3797,0,svm,max,balanced,cached_mxbai,1744,1782209710.561687,,,
5038,0,svm,max,balanced,cached_mxbai,1745,1782209710.7376728,,,
7055,0,svm,max,balanced,cached_mxbai,1746,1782209710.9139204,,,
6699,0,svm,max,balanced,cached_mxbai,1747,1782209711.0901504,,,
9254,0,svm,max,balanced,cached_mxbai,1748,1782209711.2663124,,,
4990,0,svm,max,balanced,cached_mxbai,1749,1782209711.4440594,,,
1704,0,svm,max,balanced,cached_mxbai,1750,1782209711.6212835,,,
9768,0,svm,max,balanced,cached_mxbai,1751,1782209711.8007307,,,
4943,0,svm,max,balanced,cached_mxbai,1752,1782209711.9826229,,,
6167,0,svm,max,balanced,cached_mxbai,1753,1782209712.160585,,,
5076,0,svm,max,balanced,cached_mxbai,1754,1782209712.3412256,,,
4784,0,svm,max,balanced,cached_mxbai,1755,1782209712.5207348,,,
9291,0,svm,max,balanced,cached_mxbai,1756,1782209712.698357,,,
577,0,svm,max,balanced,cached_mxbai,1757,1782209712.879481,,,
5069,0,svm,max,balanced,cached_mxbai,1758,1782209713.059992,,,
3533,0,svm,max,balanced,cached_mxbai,1759,1782209713.2383082,,,
3047,0,svm,max,balanced,cached_mxbai,1760,1782209713.4173162,,,
7137,0,svm,max,balanced,cached_mxbai,1761,1782209713.5942357,,,
3664,0,svm,max,balanced,cached_mxbai,1762,1782209713.769934,,,
4551,0,svm,max,balanced,cached_mxbai,1763,1782209713.9470582,,,
9628,0,svm,max,balanced,cached_mxbai,1764,1782209714.1263897,,,
4920,0,svm,max,balanced,cached_mxbai,1765,1782209714.3036084,,,
787,0,svm,max,balanced,cached_mxbai,1766,1782209714.4858544,,,
5009,0,svm,max,balanced,cached_mxbai,1767,1782209714.6665616,,,
3504,0,svm,max,balanced,cached_mxbai,1768,1782209714.8471134,,,
1427,0,svm,max,balanced,cached_mxbai,1769,1782209715.0300992,,,
5103,0,svm,max,balanced,cached_mxbai,1770,1782209715.213426,,,
10046,0,svm,max,balanced,cached_mxbai,1771,1782209715.4269557,,,
7216,0,svm,max,balanced,cached_mxbai,1772,1782209715.6088173,,,
10381,0,svm,max,balanced,cached_mxbai,1773,1782209715.7899306,,,
5027,0,svm,max,balanced,cached_mxbai,1774,1782209715.9678664,,,
195,0,svm,max,balanced,cached_mxbai,1775,1782209716.1457407,,,
6212,0,svm,max,balanced,cached_mxbai,1776,1782209716.3243227,,,
8829,0,svm,max,balanced,cached_mxbai,1777,1782209716.5050292,,,
9520,0,svm,max,balanced,cached_mxbai,1778,1782209716.6852171,,,
6642,0,svm,max,balanced,cached_mxbai,1779,1782209716.8671014,,,
4701,0,svm,max,balanced,cached_mxbai,1780,1782209717.046435,,,
8373,0,svm,max,balanced,cached_mxbai,1781,1782209717.226696,,,
8952,0,svm,max,balanced,cached_mxbai,1782,1782209717.4062238,,,
1255,0,svm,max,balanced,cached_mxbai,1783,1782209717.5867167,,,
5896,0,svm,max,balanced,cached_mxbai,1784,1782209717.7645383,,,
4566,0,svm,max,balanced,cached_mxbai,1785,1782209717.9475737,,,
5234,0,svm,max,balanced,cached_mxbai,1786,1782209718.1282792,,,
5519,0,svm,max,balanced,cached_mxbai,1787,1782209718.3074076,,,
8536,0,svm,max,balanced,cached_mxbai,1788,1782209718.4924316,,,
10309,0,svm,max,balanced,cached_mxbai,1789,1782209718.6809611,,,
4035,0,svm,max,balanced,cached_mxbai,1790,1782209718.8695347,,,
7279,0,svm,max,balanced,cached_mxbai,1791,1782209719.053909,,,
3231,0,svm,max,balanced,cached_mxbai,1792,1782209719.234376,,,
6816,0,svm,max,balanced,cached_mxbai,1793,1782209719.414739,,,
10158,0,svm,max,balanced,cached_mxbai,1794,1782209719.5960188,,,
3171,0,svm,max,balanced,cached_mxbai,1795,1782209719.7780883,,,
10410,0,svm,max,balanced,cached_mxbai,1796,1782209719.9610972,,,
5452,0,svm,max,balanced,cached_mxbai,1797,1782209720.140192,,,
10036,0,svm,max,balanced,cached_mxbai,1798,1782209720.319093,,,
5799,0,svm,max,balanced,cached_mxbai,1799,1782209720.5021331,,,
4716,0,svm,max,balanced,cached_mxbai,1800,1782209720.6905794,,,
4343,0,svm,max,balanced,cached_mxbai,1801,1782209720.8747494,,,
7681,0,svm,max,balanced,cached_mxbai,1802,1782209721.060332,,,
27,0,svm,max,balanced,cached_mxbai,1803,1782209721.241301,,,
3445,0,svm,max,balanced,cached_mxbai,1804,1782209721.4227674,,,
1999,0,svm,max,balanced,cached_mxbai,1805,1782209721.6131248,,,
3924,0,svm,max,balanced,cached_mxbai,1806,1782209721.79953,,,
4801,0,svm,max,balanced,cached_mxbai,1807,1782209721.984961,,,
5139,0,svm,max,balanced,cached_mxbai,1808,1782209722.1685126,,,
3811,0,svm,max,balanced,cached_mxbai,1809,1782209722.349986,,,
7438,0,svm,max,balanced,cached_mxbai,1810,1782209722.5384982,,,
5346,0,svm,max,balanced,cached_mxbai,1811,1782209722.7328339,,,
2137,0,svm,max,balanced,cached_mxbai,1812,1782209722.9173057,,,
4959,0,svm,max,balanced,cached_mxbai,1813,1782209723.097501,,,
8619,0,svm,max,balanced,cached_mxbai,1814,1782209723.281084,,,
7203,0,svm,max,balanced,cached_mxbai,1815,1782209723.4737854,,,
9437,0,svm,max,balanced,cached_mxbai,1816,1782209723.665889,,,
4627,0,svm,max,balanced,cached_mxbai,1817,1782209723.8664865,,,
5080,0,svm,max,balanced,cached_mxbai,1818,1782209724.0612063,,,
4180,0,svm,max,balanced,cached_mxbai,1819,1782209724.2530437,,,
10235,0,svm,max,balanced,cached_mxbai,1820,1782209724.4465237,,,
4759,0,svm,max,balanced,cached_mxbai,1821,1782209724.6381793,,,
6293,0,svm,max,balanced,cached_mxbai,1822,1782209724.8299375,,,
52,0,svm,max,balanced,cached_mxbai,1823,1782209725.031632,,,
9849,0,svm,max,balanced,cached_mxbai,1824,1782209725.2390356,,,
4097,0,svm,max,balanced,cached_mxbai,1825,1782209725.4591863,,,
3729,0,svm,max,balanced,cached_mxbai,1826,1782209725.6580005,,,
4482,0,svm,max,balanced,cached_mxbai,1827,1782209725.8516982,,,
92,0,svm,max,balanced,cached_mxbai,1828,1782209726.0491724,,,
5650,0,svm,max,balanced,cached_mxbai,1829,1782209726.2419918,,,
5213,0,svm,max,balanced,cached_mxbai,1830,1782209726.4363997,,,
6357,0,svm,max,balanced,cached_mxbai,1831,1782209726.6382089,,,
5881,0,svm,max,balanced,cached_mxbai,1832,1782209726.8317685,,,
2021,0,svm,max,balanced,cached_mxbai,1833,1782209727.0268424,,,
10115,0,svm,max,balanced,cached_mxbai,1834,1782209727.2190075,,,
8430,0,svm,max,balanced,cached_mxbai,1835,1782209727.4121275,,,
8483,0,svm,max,balanced,cached_mxbai,1836,1782209727.6024683,,,
7199,0,svm,max,balanced,cached_mxbai,1837,1782209727.792782,,,
4954,0,svm,max,balanced,cached_mxbai,1838,1782209727.9860117,,,
3921,0,svm,max,balanced,cached_mxbai,1839,1782209728.1767268,,,
7257,0,svm,max,balanced,cached_mxbai,1840,1782209728.3624718,,,
7155,0,svm,max,balanced,cached_mxbai,1841,1782209728.5503376,,,
1032,0,svm,max,balanced,cached_mxbai,1842,1782209728.7422533,,,
1143,0,svm,max,balanced,cached_mxbai,1843,1782209728.933051,,,
9113,0,svm,max,balanced,cached_mxbai,1844,1782209729.1223245,,,
4737,0,svm,max,balanced,cached_mxbai,1845,1782209729.3087351,,,
3331,0,svm,max,balanced,cached_mxbai,1846,1782209729.4974923,,,
4741,0,svm,max,balanced,cached_mxbai,1847,1782209729.6790907,,,
8979,0,svm,max,balanced,cached_mxbai,1848,1782209729.861943,,,
8191,0,svm,max,balanced,cached_mxbai,1849,1782209730.045235,,,
229,0,svm,max,balanced,cached_mxbai,1850,1782209730.2274387,,,
4682,0,svm,max,balanced,cached_mxbai,1851,1782209730.4090965,,,
7058,0,svm,max,balanced,cached_mxbai,1852,1782209730.5898788,,,
3809,0,svm,max,balanced,cached_mxbai,1853,1782209730.7737875,,,
5045,0,svm,max,balanced,cached_mxbai,1854,1782209730.9608314,,,
3724,0,svm,max,balanced,cached_mxbai,1855,1782209731.146842,,,
9299,0,svm,max,balanced,cached_mxbai,1856,1782209731.3332174,,,
4394,0,svm,max,balanced,cached_mxbai,1857,1782209731.519389,,,
7717,0,svm,max,balanced,cached_mxbai,1858,1782209731.7039363,,,
1641,0,svm,max,balanced,cached_mxbai,1859,1782209731.8889017,,,
4987,0,svm,max,balanced,cached_mxbai,1860,1782209732.0762653,,,
7683,0,svm,max,balanced,cached_mxbai,1861,1782209732.265489,,,
7050,0,svm,max,balanced,cached_mxbai,1862,1782209732.454107,,,
7233,0,svm,max,balanced,cached_mxbai,1863,1782209732.6425736,,,
1863,0,svm,max,balanced,cached_mxbai,1864,1782209732.8320718,,,
7178,0,svm,max,balanced,cached_mxbai,1865,1782209733.022682,,,
5084,0,svm,max,balanced,cached_mxbai,1866,1782209733.2076876,,,
6822,0,svm,max,balanced,cached_mxbai,1867,1782209733.3920732,,,
124,0,svm,max,balanced,cached_mxbai,1868,1782209733.577551,,,
1370,0,svm,max,balanced,cached_mxbai,1869,1782209733.7620559,,,
4963,0,svm,max,balanced,cached_mxbai,1870,1782209733.952453,,,
3400,0,svm,max,balanced,cached_mxbai,1871,1782209734.140243,,,
7418,0,svm,max,balanced,cached_mxbai,1872,1782209734.326834,,,
80,0,svm,max,balanced,cached_mxbai,1873,1782209734.5147824,,,
4608,0,svm,max,balanced,cached_mxbai,1874,1782209734.6988993,,,
7000,0,svm,max,balanced,cached_mxbai,1875,1782209734.885022,,,
7363,0,svm,max,balanced,cached_mxbai,1876,1782209735.0776,,,
1131,0,svm,max,balanced,cached_mxbai,1877,1782209735.2767222,,,
8996,0,svm,max,balanced,cached_mxbai,1878,1782209735.468757,,,
5862,0,svm,max,balanced,cached_mxbai,1879,1782209735.6583483,,,
3152,0,svm,max,balanced,cached_mxbai,1880,1782209735.8459585,,,
4689,0,svm,max,balanced,cached_mxbai,1881,1782209736.0321794,,,
78,0,svm,max,balanced,cached_mxbai,1882,1782209736.219389,,,
3776,0,svm,max,balanced,cached_mxbai,1883,1782209736.4034553,,,
7697,0,svm,max,balanced,cached_mxbai,1884,1782209736.5891168,,,
10034,0,svm,max,balanced,cached_mxbai,1885,1782209736.7762787,,,
7077,0,svm,max,balanced,cached_mxbai,1886,1782209736.9640949,,,
5759,0,svm,max,balanced,cached_mxbai,1887,1782209737.1519794,,,
10422,0,svm,max,balanced,cached_mxbai,1888,1782209737.3421323,,,
5119,0,svm,max,balanced,cached_mxbai,1889,1782209737.528801,,,
7318,0,svm,max,balanced,cached_mxbai,1890,1782209737.720406,,,
4745,0,svm,max,balanced,cached_mxbai,1891,1782209737.9124744,,,
6431,0,svm,max,balanced,cached_mxbai,1892,1782209738.1092463,,,
5592,0,svm,max,balanced,cached_mxbai,1893,1782209738.3021967,,,
2293,0,svm,max,balanced,cached_mxbai,1894,1782209738.4995208,,,
3211,0,svm,max,balanced,cached_mxbai,1895,1782209738.6956327,,,
2319,0,svm,max,balanced,cached_mxbai,1896,1782209738.8960748,,,
6153,0,svm,max,balanced,cached_mxbai,1897,1782209739.092154,,,
4493,0,svm,max,balanced,cached_mxbai,1898,1782209739.2881446,,,
1084,0,svm,max,balanced,cached_mxbai,1899,1782209739.4822857,,,
5043,0,svm,max,balanced,cached_mxbai,1900,1782209739.6822271,,,
2473,0,svm,max,balanced,cached_mxbai,1901,1782209739.8851366,,,
9369,0,svm,max,balanced,cached_mxbai,1902,1782209740.085254,,,
8210,0,svm,max,balanced,cached_mxbai,1903,1782209740.2825933,,,
10446,0,svm,max,balanced,cached_mxbai,1904,1782209740.4809918,,,
5231,0,svm,max,balanced,cached_mxbai,1905,1782209740.680001,,,
3602,0,svm,max,balanced,cached_mxbai,1906,1782209740.878228,,,
2773,0,svm,max,balanced,cached_mxbai,1907,1782209741.0780065,,,
4660,0,svm,max,balanced,cached_mxbai,1908,1782209741.2809439,,,
3709,0,svm,max,balanced,cached_mxbai,1909,1782209741.4811897,,,
9370,0,svm,max,balanced,cached_mxbai,1910,1782209741.6835105,,,
5087,0,svm,max,balanced,cached_mxbai,1911,1782209741.8876927,,,
4437,0,svm,max,balanced,cached_mxbai,1912,1782209742.0912802,,,
5842,0,svm,max,balanced,cached_mxbai,1913,1782209742.2945588,,,
5129,0,svm,max,balanced,cached_mxbai,1914,1782209742.4954064,,,
6060,0,svm,max,balanced,cached_mxbai,1915,1782209742.6991088,,,
8105,0,svm,max,balanced,cached_mxbai,1916,1782209742.9048517,,,
7091,0,svm,max,balanced,cached_mxbai,1917,1782209743.1118402,,,
809,0,svm,max,balanced,cached_mxbai,1918,1782209743.313857,,,
4617,0,svm,max,balanced,cached_mxbai,1919,1782209743.5148594,,,
3753,0,svm,max,balanced,cached_mxbai,1920,1782209743.714704,,,
4175,0,svm,max,balanced,cached_mxbai,1921,1782209743.9149096,,,
3998,0,svm,max,balanced,cached_mxbai,1922,1782209744.1189058,,,
6390,0,svm,max,balanced,cached_mxbai,1923,1782209744.3228605,,,
1808,0,svm,max,balanced,cached_mxbai,1924,1782209744.5275223,,,
1502,0,svm,max,balanced,cached_mxbai,1925,1782209744.7375126,,,
1566,0,svm,max,balanced,cached_mxbai,1926,1782209744.9418492,,,
10252,0,svm,max,balanced,cached_mxbai,1927,1782209745.14952,,,
6216,0,svm,max,balanced,cached_mxbai,1928,1782209745.384067,,,
422,0,svm,max,balanced,cached_mxbai,1929,1782209745.5901387,,,
3549,0,svm,max,balanced,cached_mxbai,1930,1782209745.7962847,,,
7891,0,svm,max,balanced,cached_mxbai,1931,1782209745.9999416,,,
2819,0,svm,max,balanced,cached_mxbai,1932,1782209746.2047408,,,
8024,0,svm,max,balanced,cached_mxbai,1933,1782209746.4051874,,,
4477,0,svm,max,balanced,cached_mxbai,1934,1782209746.6083205,,,
7369,0,svm,max,balanced,cached_mxbai,1935,1782209746.811314,,,
9572,0,svm,max,balanced,cached_mxbai,1936,1782209747.0114262,,,
10120,0,svm,max,balanced,cached_mxbai,1937,1782209747.2161963,,,
3364,0,svm,max,balanced,cached_mxbai,1938,1782209747.4188237,,,
9704,0,svm,max,balanced,cached_mxbai,1939,1782209747.623871,,,
1040,0,svm,max,balanced,cached_mxbai,1940,1782209747.8253336,,,
5136,0,svm,max,balanced,cached_mxbai,1941,1782209748.0268795,,,
8610,0,svm,max,balanced,cached_mxbai,1942,1782209748.2294087,,,
4344,0,svm,max,balanced,cached_mxbai,1943,1782209748.4334867,,,
8337,0,svm,max,balanced,cached_mxbai,1944,1782209748.6444075,,,
4843,0,svm,max,balanced,cached_mxbai,1945,1782209748.8494236,,,
9603,0,svm,max,balanced,cached_mxbai,1946,1782209749.065586,,,
242,0,svm,max,balanced,cached_mxbai,1947,1782209749.272865,,,
8367,0,svm,max,balanced,cached_mxbai,1948,1782209749.484477,,,
6616,0,svm,max,balanced,cached_mxbai,1949,1782209749.6814036,,,
5042,0,svm,max,balanced,cached_mxbai,1950,1782209749.87953,,,
4211,0,svm,max,balanced,cached_mxbai,1951,1782209750.0905275,,,
6478,0,svm,max,balanced,cached_mxbai,1952,1782209750.3040924,,,
7950,0,svm,max,balanced,cached_mxbai,1953,1782209750.4979613,,,
10557,0,svm,max,balanced,cached_mxbai,1954,1782209750.7029376,,,
3412,0,svm,max,balanced,cached_mxbai,1955,1782209750.8984716,,,
5310,0,svm,max,balanced,cached_mxbai,1956,1782209751.1162388,,,
4823,0,svm,max,balanced,cached_mxbai,1957,1782209751.330442,,,
3285,0,svm,max,balanced,cached_mxbai,1958,1782209751.5316017,,,
5205,0,svm,max,balanced,cached_mxbai,1959,1782209751.7340608,,,
806,0,svm,max,balanced,cached_mxbai,1960,1782209751.9351344,,,
4150,0,svm,max,balanced,cached_mxbai,1961,1782209752.1356645,,,
7276,0,svm,max,balanced,cached_mxbai,1962,1782209752.3350406,,,
4576,0,svm,max,balanced,cached_mxbai,1963,1782209752.533707,,,
1731,0,svm,max,balanced,cached_mxbai,1964,1782209752.7313972,,,
8088,1,svm,max,balanced,cached_mxbai,1965,1782209752.9305215,,,
6045,0,svm,max,balanced,cached_mxbai,1966,1782209753.1318612,,,
9457,0,svm,max,balanced,cached_mxbai,1967,1782209753.3330736,,,
4325,0,svm,max,balanced,cached_mxbai,1968,1782209753.5297701,,,
6284,0,svm,max,balanced,cached_mxbai,1969,1782209753.7305422,,,
1439,0,svm,max,balanced,cached_mxbai,1970,1782209753.9311025,,,
3495,0,svm,max,balanced,cached_mxbai,1971,1782209754.1309206,,,
9804,0,svm,max,balanced,cached_mxbai,1972,1782209754.3317478,,,
8717,0,svm,max,balanced,cached_mxbai,1973,1782209754.5325556,,,
8770,0,svm,max,balanced,cached_mxbai,1974,1782209754.7461998,,,
3705,0,svm,max,balanced,cached_mxbai,1975,1782209754.9477987,,,
66,0,svm,max,balanced,cached_mxbai,1976,1782209755.1510167,,,
4806,0,svm,max,balanced,cached_mxbai,1977,1782209755.3760607,,,
1022,0,svm,max,balanced,cached_mxbai,1978,1782209755.5840094,,,
3233,0,svm,max,balanced,cached_mxbai,1979,1782209755.7928452,,,
1594,0,svm,max,balanced,cached_mxbai,1980,1782209756.004489,,,
4269,0,svm,max,balanced,cached_mxbai,1981,1782209756.210731,,,
4123,0,svm,max,balanced,cached_mxbai,1982,1782209756.4130259,,,
5562,0,svm,max,balanced,cached_mxbai,1983,1782209756.6208153,,,
3606,0,svm,max,balanced,cached_mxbai,1984,1782209756.828946,,,
1093,0,svm,max,balanced,cached_mxbai,1985,1782209757.0332427,,,
9321,0,svm,max,balanced,cached_mxbai,1986,1782209757.2475815,,,
1926,0,svm,max,balanced,cached_mxbai,1987,1782209757.4711506,,,
8194,0,svm,max,balanced,cached_mxbai,1988,1782209757.6986213,,,
7312,0,svm,max,balanced,cached_mxbai,1989,1782209757.9001505,,,
9277,0,svm,max,balanced,cached_mxbai,1990,1782209758.1054728,,,
8335,0,svm,max,balanced,cached_mxbai,1991,1782209758.3290832,,,
1486,0,svm,max,balanced,cached_mxbai,1992,1782209758.5337656,,,
4550,0,svm,max,balanced,cached_mxbai,1993,1782209758.749017,,,
6989,0,svm,max,balanced,cached_mxbai,1994,1782209758.9558072,,,
3346,0,svm,max,balanced,cached_mxbai,1995,1782209759.1629028,,,
10006,0,svm,max,balanced,cached_mxbai,1996,1782209759.3668668,,,
5255,0,svm,max,balanced,cached_mxbai,1997,1782209759.573263,,,
6353,0,svm,max,balanced,cached_mxbai,1998,1782209759.7836957,,,
1761,0,svm,max,balanced,cached_mxbai,1999,1782209760.0086153,,,
5734,0,svm,max,balanced,cached_mxbai,2000,1782209760.2145946,,,
1006,0,svm,max,balanced,cached_mxbai,2001,1782209760.4146588,,,
3264,0,svm,max,balanced,cached_mxbai,2002,1782209760.619713,,,
3496,0,svm,max,balanced,cached_mxbai,2003,1782209760.8250556,,,
5007,0,svm,max,balanced,cached_mxbai,2004,1782209761.0276842,,,
6462,0,svm,max,balanced,cached_mxbai,2005,1782209761.2324898,,,
6359,0,svm,max,balanced,cached_mxbai,2006,1782209761.4396665,,,
2373,0,svm,max,balanced,cached_mxbai,2007,1782209761.6478512,,,
6185,0,svm,max,balanced,cached_mxbai,2008,1782209761.8521287,,,
9473,0,svm,max,balanced,cached_mxbai,2009,1782209762.055801,,,
7374,0,svm,max,balanced,cached_mxbai,2010,1782209762.2736034,,,
4186,0,svm,max,balanced,cached_mxbai,2011,1782209762.4820776,,,
8554,0,svm,max,balanced,cached_mxbai,2012,1782209762.6956408,,,
4855,0,svm,max,balanced,cached_mxbai,2013,1782209762.9058676,,,
1546,0,svm,max,balanced,cached_mxbai,2014,1782209763.1150277,,,
95,0,svm,max,balanced,cached_mxbai,2015,1782209763.3278515,,,
2892,0,svm,max,balanced,cached_mxbai,2016,1782209763.5400717,,,
4810,0,svm,max,balanced,cached_mxbai,2017,1782209763.7503712,,,
2040,0,svm,max,balanced,cached_mxbai,2018,1782209763.9591124,,,
9877,0,svm,max,balanced,cached_mxbai,2019,1782209764.166632,,,
672,0,svm,max,balanced,cached_mxbai,2020,1782209764.3756056,,,
365,0,svm,max,balanced,cached_mxbai,2021,1782209764.5834053,,,
8761,0,svm,max,balanced,cached_mxbai,2022,1782209764.7992387,,,
4852,0,svm,max,balanced,cached_mxbai,2023,1782209765.0042565,,,
3274,0,svm,max,balanced,cached_mxbai,2024,1782209765.2124517,,,
38,0,svm,max,balanced,cached_mxbai,2025,1782209765.4517555,,,
9733,0,svm,max,balanced,cached_mxbai,2026,1782209765.660168,,,
4857,0,svm,max,balanced,cached_mxbai,2027,1782209765.8608189,,,
3683,0,svm,max,balanced,cached_mxbai,2028,1782209766.0609198,,,
7099,0,svm,max,balanced,cached_mxbai,2029,1782209766.2649822,,,
4525,0,svm,max,balanced,cached_mxbai,2030,1782209766.4689333,,,
3700,0,svm,max,balanced,cached_mxbai,2031,1782209766.6728508,,,
8388,0,svm,max,balanced,cached_mxbai,2032,1782209766.8748505,,,
6976,0,svm,max,balanced,cached_mxbai,2033,1782209767.0737252,,,
2184,0,svm,max,balanced,cached_mxbai,2034,1782209767.2797844,,,
4731,0,svm,max,balanced,cached_mxbai,2035,1782209767.4849834,,,
5971,0,svm,max,balanced,cached_mxbai,2036,1782209767.6875346,,,
4581,0,svm,max,balanced,cached_mxbai,2037,1782209767.8910992,,,
3245,0,svm,max,balanced,cached_mxbai,2038,1782209768.0964966,,,
9144,0,svm,max,balanced,cached_mxbai,2039,1782209768.302956,,,
1896,0,svm,max,balanced,cached_mxbai,2040,1782209768.5099435,,,
6424,0,svm,max,balanced,cached_mxbai,2041,1782209768.7209437,,,
4929,0,svm,max,balanced,cached_mxbai,2042,1782209768.9305837,,,
4082,0,svm,max,balanced,cached_mxbai,2043,1782209769.1408985,,,
8504,0,svm,max,balanced,cached_mxbai,2044,1782209769.347613,,,
4183,0,svm,max,balanced,cached_mxbai,2045,1782209769.554972,,,
6899,0,svm,max,balanced,cached_mxbai,2046,1782209769.7673426,,,
8322,0,svm,max,balanced,cached_mxbai,2047,1782209769.978969,,,
5068,0,svm,max,balanced,cached_mxbai,2048,1782209770.2207174,,,
5462,0,svm,max,balanced,cached_mxbai,2049,1782209770.4685552,,,
7446,0,svm,max,balanced,cached_mxbai,2050,1782209770.7150745,,,
10403,0,svm,max,balanced,cached_mxbai,2051,1782209770.96069,,,
3054,0,svm,max,balanced,cached_mxbai,2052,1782209771.2015378,,,
7061,0,svm,max,balanced,cached_mxbai,2053,1782209771.445013,,,
5696,0,svm,max,balanced,cached_mxbai,2054,1782209771.6864376,,,
8111,0,svm,max,balanced,cached_mxbai,2055,1782209771.926525,,,
3419,0,svm,max,balanced,cached_mxbai,2056,1782209772.175644,,,
8583,0,svm,max,balanced,cached_mxbai,2057,1782209772.432042,,,
4596,0,svm,max,balanced,cached_mxbai,2058,1782209772.6721911,,,
3867,0,svm,max,balanced,cached_mxbai,2059,1782209772.9120378,,,
4329,0,svm,max,balanced,cached_mxbai,2060,1782209773.1548452,,,
3232,0,svm,max,balanced,cached_mxbai,2061,1782209773.3975894,,,
826,0,svm,max,balanced,cached_mxbai,2062,1782209773.639649,,,
8082,0,svm,max,balanced,cached_mxbai,2063,1782209773.8782775,,,
4755,0,svm,max,balanced,cached_mxbai,2064,1782209774.116823,,,
4286,0,svm,max,balanced,cached_mxbai,2065,1782209774.3525896,,,
4407,0,svm,max,balanced,cached_mxbai,2066,1782209774.5948057,,,
64,0,svm,max,balanced,cached_mxbai,2067,1782209774.836424,,,
6286,0,svm,max,balanced,cached_mxbai,2068,1782209775.082067,,,
5104,0,svm,max,balanced,cached_mxbai,2069,1782209775.3444052,,,
8283,0,svm,max,balanced,cached_mxbai,2070,1782209775.5841932,,,
3210,0,svm,max,balanced,cached_mxbai,2071,1782209775.825018,,,
5463,0,svm,max,balanced,cached_mxbai,2072,1782209776.0658464,,,
2121,0,svm,max,balanced,cached_mxbai,2073,1782209776.3083613,,,
417,0,svm,max,balanced,cached_mxbai,2074,1782209776.5541997,,,
5178,0,svm,max,balanced,cached_mxbai,2075,1782209776.7937272,,,
5005,0,svm,max,balanced,cached_mxbai,2076,1782209777.034205,,,
1914,0,svm,max,balanced,cached_mxbai,2077,1782209777.2755384,,,
5114,0,svm,max,balanced,cached_mxbai,2078,1782209777.531177,,,
4730,0,svm,max,balanced,cached_mxbai,2079,1782209777.7764745,,,
3993,0,svm,max,balanced,cached_mxbai,2080,1782209778.02035,,,
3622,0,svm,max,balanced,cached_mxbai,2081,1782209778.2615135,,,
1073,0,svm,max,balanced,cached_mxbai,2082,1782209778.508137,,,
3213,0,svm,max,balanced,cached_mxbai,2083,1782209778.7573335,,,
9611,0,svm,max,balanced,cached_mxbai,2084,1782209779.0072389,,,
3403,0,svm,max,balanced,cached_mxbai,2085,1782209779.2476685,,,
5295,0,svm,max,balanced,cached_mxbai,2086,1782209779.4874673,,,
6765,0,svm,max,balanced,cached_mxbai,2087,1782209779.7283592,,,
5466,0,svm,max,balanced,cached_mxbai,2088,1782209779.9713466,,,
121,0,svm,max,balanced,cached_mxbai,2089,1782209780.217104,,,
7304,0,svm,max,balanced,cached_mxbai,2090,1782209780.461345,,,
4276,0,svm,max,balanced,cached_mxbai,2091,1782209780.7048223,,,
2421,0,svm,max,balanced,cached_mxbai,2092,1782209780.949278,,,
7130,0,svm,max,balanced,cached_mxbai,2093,1782209781.1980162,,,
4282,0,svm,max,balanced,cached_mxbai,2094,1782209781.4448667,,,
4370,0,svm,max,balanced,cached_mxbai,2095,1782209781.6940496,,,
5003,0,svm,max,balanced,cached_mxbai,2096,1782209781.9390984,,,
10491,0,svm,max,balanced,cached_mxbai,2097,1782209782.1797328,,,
2948,0,svm,max,balanced,cached_mxbai,2098,1782209782.4227111,,,
919,0,svm,max,balanced,cached_mxbai,2099,1782209782.6664836,,,
8370,0,svm,max,balanced,cached_mxbai,2100,1782209782.9127371,,,
8462,0,svm,max,balanced,cached_mxbai,2101,1782209783.1571374,,,
9472,0,svm,max,balanced,cached_mxbai,2102,1782209783.401462,,,
9741,0,svm,max,balanced,cached_mxbai,2103,1782209783.6467235,,,
4861,0,svm,max,balanced,cached_mxbai,2104,1782209783.889692,,,
8263,0,svm,max,balanced,cached_mxbai,2105,1782209784.1335585,,,
4348,0,svm,max,balanced,cached_mxbai,2106,1782209784.3763173,,,
1490,0,svm,max,balanced,cached_mxbai,2107,1782209784.6205018,,,
1604,0,svm,max,balanced,cached_mxbai,2108,1782209784.863352,,,
5163,0,svm,max,balanced,cached_mxbai,2109,1782209785.1182292,,,
6546,0,svm,max,balanced,cached_mxbai,2110,1782209785.3906791,,,
4747,0,svm,max,balanced,cached_mxbai,2111,1782209785.6364975,,,
4242,0,svm,max,balanced,cached_mxbai,2112,1782209785.87949,,,
5044,0,svm,max,balanced,cached_mxbai,2113,1782209786.1233997,,,
4251,0,svm,max,balanced,cached_mxbai,2114,1782209786.3671007,,,
9559,0,svm,max,balanced,cached_mxbai,2115,1782209786.6140947,,,
3764,0,svm,max,balanced,cached_mxbai,2116,1782209786.864891,,,
9089,0,svm,max,balanced,cached_mxbai,2117,1782209787.111384,,,
2690,0,svm,max,balanced,cached_mxbai,2118,1782209787.355542,,,
3497,0,svm,max,balanced,cached_mxbai,2119,1782209787.6042266,,,
4876,0,svm,max,balanced,cached_mxbai,2120,1782209787.8522615,,,
8833,0,svm,max,balanced,cached_mxbai,2121,1782209788.1025355,,,
4022,0,svm,max,balanced,cached_mxbai,2122,1782209788.352274,,,
10210,0,svm,max,balanced,cached_mxbai,2123,1782209788.605153,,,
4132,0,svm,max,balanced,cached_mxbai,2124,1782209788.8693714,,,
3604,0,svm,max,balanced,cached_mxbai,2125,1782209789.1199052,,,
2702,0,svm,max,balanced,cached_mxbai,2126,1782209789.369421,,,
3704,0,svm,max,balanced,cached_mxbai,2127,1782209789.6207066,,,
6105,0,svm,max,balanced,cached_mxbai,2128,1782209789.8702104,,,
5549,0,svm,max,balanced,cached_mxbai,2129,1782209790.1186633,,,
7733,0,svm,max,balanced,cached_mxbai,2130,1782209790.367116,,,
7951,0,svm,max,balanced,cached_mxbai,2131,1782209790.6132731,,,
2544,0,svm,max,balanced,cached_mxbai,2132,1782209790.866247,,,
5203,0,svm,max,balanced,cached_mxbai,2133,1782209791.115365,,,
244,0,svm,max,balanced,cached_mxbai,2134,1782209791.3644137,,,
1351,0,svm,max,balanced,cached_mxbai,2135,1782209791.6163304,,,
4917,0,svm,max,balanced,cached_mxbai,2136,1782209791.86579,,,
3710,0,svm,max,balanced,cached_mxbai,2137,1782209792.116034,,,
3062,0,svm,max,balanced,cached_mxbai,2138,1782209792.3635674,,,
4335,0,svm,max,balanced,cached_mxbai,2139,1782209792.6119025,,,
669,0,svm,max,balanced,cached_mxbai,2140,1782209792.8602786,,,
6654,0,svm,max,balanced,cached_mxbai,2141,1782209793.1093886,,,
5048,0,svm,max,balanced,cached_mxbai,2142,1782209793.3562138,,,
3637,0,svm,max,balanced,cached_mxbai,2143,1782209793.6082437,,,
7186,0,svm,max,balanced,cached_mxbai,2144,1782209793.8578343,,,
951,0,svm,max,balanced,cached_mxbai,2145,1782209794.106521,,,
4462,0,svm,max,balanced,cached_mxbai,2146,1782209794.3604379,,,
6310,0,svm,max,balanced,cached_mxbai,2147,1782209794.6360488,,,
8488,0,svm,max,balanced,cached_mxbai,2148,1782209794.885682,,,
7495,0,svm,max,balanced,cached_mxbai,2149,1782209795.1670823,,,
9856,0,svm,max,balanced,cached_mxbai,2150,1782209795.4695385,,,
1178,0,svm,max,balanced,cached_mxbai,2151,1782209795.7203822,,,
5140,0,svm,max,balanced,cached_mxbai,2152,1782209795.9729528,,,
7552,0,svm,max,balanced,cached_mxbai,2153,1782209796.2217555,,,
3570,0,svm,max,balanced,cached_mxbai,2154,1782209796.47473,,,
5277,0,svm,max,balanced,cached_mxbai,2155,1782209796.7314768,,,
10349,1,svm,max,balanced,cached_mxbai,2156,1782209796.9899466,,,
3715,0,svm,max,balanced,cached_mxbai,2157,1782209797.2481446,,,
5685,0,svm,max,balanced,cached_mxbai,2158,1782209797.5057166,,,
5444,0,svm,max,balanced,cached_mxbai,2159,1782209797.7656596,,,
5851,0,svm,max,balanced,cached_mxbai,2160,1782209798.0253959,,,
177,0,svm,max,balanced,cached_mxbai,2161,1782209798.283939,,,
3717,0,svm,max,balanced,cached_mxbai,2162,1782209798.5429287,,,
9789,0,svm,max,balanced,cached_mxbai,2163,1782209798.8092444,,,
7716,0,svm,max,balanced,cached_mxbai,2164,1782209799.0734234,,,
4909,0,svm,max,balanced,cached_mxbai,2165,1782209799.3297188,,,
9899,0,svm,max,balanced,cached_mxbai,2166,1782209799.5871704,,,
5190,0,svm,max,balanced,cached_mxbai,2167,1782209799.8489332,,,
1253,0,svm,max,balanced,cached_mxbai,2168,1782209800.1110175,,,
8920,0,svm,max,balanced,cached_mxbai,2169,1782209800.3687215,,,
5793,0,svm,max,balanced,cached_mxbai,2170,1782209800.6286798,,,
6230,0,svm,max,balanced,cached_mxbai,2171,1782209800.8850396,,,
3816,0,svm,max,balanced,cached_mxbai,2172,1782209801.1437743,,,
3514,0,svm,max,balanced,cached_mxbai,2173,1782209801.4012265,,,
10325,0,svm,max,balanced,cached_mxbai,2174,1782209801.6675608,,,
3825,0,svm,max,balanced,cached_mxbai,2175,1782209801.9277003,,,
3745,0,svm,max,balanced,cached_mxbai,2176,1782209802.189424,,,
4903,0,svm,max,balanced,cached_mxbai,2177,1782209802.4528668,,,
6063,0,svm,max,balanced,cached_mxbai,2178,1782209802.7151864,,,
3665,0,svm,max,balanced,cached_mxbai,2179,1782209802.9755547,,,
8031,0,svm,max,balanced,cached_mxbai,2180,1782209803.2431734,,,
288,0,svm,max,balanced,cached_mxbai,2181,1782209803.5026295,,,
8680,0,svm,max,balanced,cached_mxbai,2182,1782209803.7633297,,,
9788,0,svm,max,balanced,cached_mxbai,2183,1782209804.0239894,,,
3855,0,svm,max,balanced,cached_mxbai,2184,1782209804.284174,,,
4825,0,svm,max,balanced,cached_mxbai,2185,1782209804.544263,,,
3156,0,svm,max,balanced,cached_mxbai,2186,1782209804.8059087,,,
5033,0,svm,max,balanced,cached_mxbai,2187,1782209805.0762162,,,
1200,0,svm,max,balanced,cached_mxbai,2188,1782209805.3567584,,,
3865,0,svm,max,balanced,cached_mxbai,2189,1782209805.6225212,,,
8657,0,svm,max,balanced,cached_mxbai,2190,1782209805.890201,,,
4935,0,svm,max,balanced,cached_mxbai,2191,1782209806.1529083,,,
169,0,svm,max,balanced,cached_mxbai,2192,1782209806.4094648,,,
170,0,svm,max,balanced,cached_mxbai,2193,1782209806.6747494,,,
7230,0,svm,max,balanced,cached_mxbai,2194,1782209806.94219,,,
1108,0,svm,max,balanced,cached_mxbai,2195,1782209807.2044692,,,
3794,0,svm,max,balanced,cached_mxbai,2196,1782209807.4674897,,,
7074,0,svm,max,balanced,cached_mxbai,2197,1782209807.7350242,,,
4366,0,svm,max,balanced,cached_mxbai,2198,1782209807.998906,,,
1934,0,svm,max,balanced,cached_mxbai,2199,1782209808.2617502,,,
3881,0,svm,max,balanced,cached_mxbai,2200,1782209808.5240023,,,
9659,0,svm,max,balanced,cached_mxbai,2201,1782209808.7943363,,,
7931,0,svm,max,balanced,cached_mxbai,2202,1782209809.0592031,,,
4621,0,svm,max,balanced,cached_mxbai,2203,1782209809.3224146,,,
464,0,svm,max,balanced,cached_mxbai,2204,1782209809.5856948,,,
10064,0,svm,max,balanced,cached_mxbai,2205,1782209809.8522484,,,
5126,0,svm,max,balanced,cached_mxbai,2206,1782209810.1117005,,,
6988,0,svm,max,balanced,cached_mxbai,2207,1782209810.3731658,,,
9195,0,svm,max,balanced,cached_mxbai,2208,1782209810.6298065,,,
4880,0,svm,max,balanced,cached_mxbai,2209,1782209810.8916857,,,
9206,0,svm,max,balanced,cached_mxbai,2210,1782209811.1523678,,,
3856,0,svm,max,balanced,cached_mxbai,2211,1782209811.4080331,,,
4324,0,svm,max,balanced,cached_mxbai,2212,1782209811.6683722,,,
8436,0,svm,max,balanced,cached_mxbai,2213,1782209811.936946,,,
5747,0,svm,max,balanced,cached_mxbai,2214,1782209812.203661,,,
4844,0,svm,max,balanced,cached_mxbai,2215,1782209812.4685946,,,
3703,0,svm,max,balanced,cached_mxbai,2216,1782209812.7301228,,,
2461,0,svm,max,balanced,cached_mxbai,2217,1782209812.991566,,,
7164,0,svm,max,balanced,cached_mxbai,2218,1782209813.249266,,,
7773,0,svm,max,balanced,cached_mxbai,2219,1782209813.5062559,,,
10534,0,svm,max,balanced,cached_mxbai,2220,1782209813.762835,,,
4444,0,svm,max,balanced,cached_mxbai,2221,1782209814.0198913,,,
10066,0,svm,max,balanced,cached_mxbai,2222,1782209814.2768393,,,
653,0,svm,max,balanced,cached_mxbai,2223,1782209814.534197,,,
4156,0,svm,max,balanced,cached_mxbai,2224,1782209814.794469,,,
6240,0,svm,max,balanced,cached_mxbai,2225,1782209815.0615413,,,
4332,0,svm,max,balanced,cached_mxbai,2226,1782209815.3394403,,,
8073,0,svm,max,balanced,cached_mxbai,2227,1782209815.5998042,,,
254,0,svm,max,balanced,cached_mxbai,2228,1782209815.861345,,,
10119,0,svm,max,balanced,cached_mxbai,2229,1782209816.1223164,,,
4796,0,svm,max,balanced,cached_mxbai,2230,1782209816.3814623,,,
8831,0,svm,max,balanced,cached_mxbai,2231,1782209816.640241,,,
5166,0,svm,max,balanced,cached_mxbai,2232,1782209816.9064317,,,
4,0,svm,max,balanced,cached_mxbai,2233,1782209817.1835942,,,
9622,0,svm,max,balanced,cached_mxbai,2234,1782209817.4459708,,,
4979,0,svm,max,balanced,cached_mxbai,2235,1782209817.7071998,,,
3220,0,svm,max,balanced,cached_mxbai,2236,1782209817.9697871,,,
1060,0,svm,max,balanced,cached_mxbai,2237,1782209818.241718,,,
7041,0,svm,max,balanced,cached_mxbai,2238,1782209818.5116599,,,
8627,0,svm,max,balanced,cached_mxbai,2239,1782209818.7900903,,,
3712,0,svm,max,balanced,cached_mxbai,2240,1782209819.060656,,,
7917,0,svm,max,balanced,cached_mxbai,2241,1782209819.3278975,,,
4795,0,svm,max,balanced,cached_mxbai,2242,1782209819.594147,,,
7550,0,svm,max,balanced,cached_mxbai,2243,1782209819.8645601,,,
5354,0,svm,max,balanced,cached_mxbai,2244,1782209820.1342967,,,
3456,0,svm,max,balanced,cached_mxbai,2245,1782209820.4027834,,,
8832,1,svm,max,balanced,cached_mxbai,2246,1782209820.671172,,,
7776,0,svm,max,balanced,cached_mxbai,2247,1782209820.9443204,,,
7258,0,svm,max,balanced,cached_mxbai,2248,1782209821.2166598,,,
222,0,svm,max,balanced,cached_mxbai,2249,1782209821.486876,,,
9292,0,svm,max,balanced,cached_mxbai,2250,1782209821.767857,,,
4212,0,svm,max,balanced,cached_mxbai,2251,1782209822.044506,,,
3108,0,svm,max,balanced,cached_mxbai,2252,1782209822.316882,,,
5097,0,svm,max,balanced,cached_mxbai,2253,1782209822.5883791,,,
8190,0,svm,max,balanced,cached_mxbai,2254,1782209822.8731422,,,
4585,0,svm,max,balanced,cached_mxbai,2255,1782209823.1569848,,,
3673,0,svm,max,balanced,cached_mxbai,2256,1782209823.4287126,,,
267,0,svm,max,balanced,cached_mxbai,2257,1782209823.6982236,,,
10281,0,svm,max,balanced,cached_mxbai,2258,1782209823.9592118,,,
6276,0,svm,max,balanced,cached_mxbai,2259,1782209824.2216551,,,
1446,0,svm,max,balanced,cached_mxbai,2260,1782209824.4834294,,,
3430,0,svm,max,balanced,cached_mxbai,2261,1782209824.750631,,,
3842,0,svm,max,balanced,cached_mxbai,2262,1782209825.039887,,,
7127,0,svm,max,balanced,cached_mxbai,2263,1782209825.340932,,,
4775,0,svm,max,balanced,cached_mxbai,2264,1782209825.6146727,,,
1606,0,svm,max,balanced,cached_mxbai,2265,1782209825.881066,,,
4877,0,svm,max,balanced,cached_mxbai,2266,1782209826.1472542,,,
6170,0,svm,max,balanced,cached_mxbai,2267,1782209826.4149325,,,
1465,0,svm,max,balanced,cached_mxbai,2268,1782209826.6774924,,,
3980,0,svm,max,balanced,cached_mxbai,2269,1782209826.9451551,,,
9011,0,svm,max,balanced,cached_mxbai,2270,1782209827.2115338,,,
3551,0,svm,max,balanced,cached_mxbai,2271,1782209827.4781637,,,
10432,0,svm,max,balanced,cached_mxbai,2272,1782209827.7452757,,,
8816,0,svm,max,balanced,cached_mxbai,2273,1782209828.0145311,,,
4604,0,svm,max,balanced,cached_mxbai,2274,1782209828.283441,,,
9602,0,svm,max,balanced,cached_mxbai,2275,1782209828.5497813,,,
1429,0,svm,max,balanced,cached_mxbai,2276,1782209828.824508,,,
2557,0,svm,max,balanced,cached_mxbai,2277,1782209829.1005921,,,
1500,0,svm,max,balanced,cached_mxbai,2278,1782209829.3619204,,,
665,0,svm,max,balanced,cached_mxbai,2279,1782209829.6261594,,,
7101,0,svm,max,balanced,cached_mxbai,2280,1782209829.8904974,,,
7048,0,svm,max,balanced,cached_mxbai,2281,1782209830.1594417,,,
9188,0,svm,max,balanced,cached_mxbai,2282,1782209830.4227715,,,
2,0,svm,max,balanced,cached_mxbai,2283,1782209830.6891863,,,
3947,0,svm,max,balanced,cached_mxbai,2284,1782209830.9561987,,,
448,0,svm,max,balanced,cached_mxbai,2285,1782209831.2262428,,,
6531,0,svm,max,balanced,cached_mxbai,2286,1782209831.4947069,,,
3887,0,svm,max,balanced,cached_mxbai,2287,1782209831.7657812,,,
4287,0,svm,max,balanced,cached_mxbai,2288,1782209832.0362668,,,
862,0,svm,max,balanced,cached_mxbai,2289,1782209832.3029878,,,
5037,0,svm,max,balanced,cached_mxbai,2290,1782209832.5709438,,,
1739,0,svm,max,balanced,cached_mxbai,2291,1782209832.8398566,,,
3272,0,svm,max,balanced,cached_mxbai,2292,1782209833.1150866,,,
7324,0,svm,max,balanced,cached_mxbai,2293,1782209833.3885722,,,
4774,0,svm,max,balanced,cached_mxbai,2294,1782209833.6591916,,,
4129,0,svm,max,balanced,cached_mxbai,2295,1782209833.9359276,,,
8265,0,svm,max,balanced,cached_mxbai,2296,1782209834.2128673,,,
5991,0,svm,max,balanced,cached_mxbai,2297,1782209834.4863608,,,
45,0,svm,max,balanced,cached_mxbai,2298,1782209834.7586403,,,
8220,0,svm,max,balanced,cached_mxbai,2299,1782209835.037417,,,
1671,0,svm,max,balanced,cached_mxbai,2300,1782209835.334832,,,
10386,0,svm,max,balanced,cached_mxbai,2301,1782209835.61416,,,
5595,0,svm,max,balanced,cached_mxbai,2302,1782209835.8865304,,,
5712,0,svm,max,balanced,cached_mxbai,2303,1782209836.1628065,,,
5041,0,svm,max,balanced,cached_mxbai,2304,1782209836.4386675,,,
3626,0,svm,max,balanced,cached_mxbai,2305,1782209836.7140343,,,
191,0,svm,max,balanced,cached_mxbai,2306,1782209836.997607,,,
6706,0,svm,max,balanced,cached_mxbai,2307,1782209837.2740285,,,
7507,0,svm,max,balanced,cached_mxbai,2308,1782209837.5485213,,,
5164,0,svm,max,balanced,cached_mxbai,2309,1782209837.8266566,,,
109,0,svm,max,balanced,cached_mxbai,2310,1782209838.1051524,,,
4545,0,svm,max,balanced,cached_mxbai,2311,1782209838.381261,,,
6425,0,svm,max,balanced,cached_mxbai,2312,1782209838.6552668,,,
4814,0,svm,max,balanced,cached_mxbai,2313,1782209838.9349895,,,
5935,0,svm,max,balanced,cached_mxbai,2314,1782209839.208514,,,
3949,0,svm,max,balanced,cached_mxbai,2315,1782209839.4833229,,,
10129,0,svm,max,balanced,cached_mxbai,2316,1782209839.7610629,,,
10192,0,svm,max,balanced,cached_mxbai,2317,1782209840.0396109,,,
4610,0,svm,max,balanced,cached_mxbai,2318,1782209840.3138392,,,
4866,0,svm,max,balanced,cached_mxbai,2319,1782209840.5900316,,,
747,0,svm,max,balanced,cached_mxbai,2320,1782209840.8657167,,,
3663,0,svm,max,balanced,cached_mxbai,2321,1782209841.1501057,,,
4584,0,svm,max,balanced,cached_mxbai,2322,1782209841.4263854,,,
4327,0,svm,max,balanced,cached_mxbai,2323,1782209841.7031124,,,
3,0,svm,max,balanced,cached_mxbai,2324,1782209841.9871907,,,
7560,0,svm,max,balanced,cached_mxbai,2325,1782209842.2668931,,,
5228,0,svm,max,balanced,cached_mxbai,2326,1782209842.5434883,,,
1306,0,svm,max,balanced,cached_mxbai,2327,1782209842.8190296,,,
6385,0,svm,max,balanced,cached_mxbai,2328,1782209843.0980914,,,
5142,0,svm,max,balanced,cached_mxbai,2329,1782209843.3737917,,,
8737,0,svm,max,balanced,cached_mxbai,2330,1782209843.655257,,,
4671,0,svm,max,balanced,cached_mxbai,2331,1782209843.950003,,,
4314,0,svm,max,balanced,cached_mxbai,2332,1782209844.2457592,,,
6925,0,svm,max,balanced,cached_mxbai,2333,1782209844.5250478,,,
3528,0,svm,max,balanced,cached_mxbai,2334,1782209844.800641,,,
4007,0,svm,max,balanced,cached_mxbai,2335,1782209845.0914714,,,
4983,0,svm,max,balanced,cached_mxbai,2336,1782209845.3863611,,,
4094,0,svm,max,balanced,cached_mxbai,2337,1782209845.6771433,,,
915,0,svm,max,balanced,cached_mxbai,2338,1782209845.956393,,,
752,0,svm,max,balanced,cached_mxbai,2339,1782209846.2338824,,,
5122,0,svm,max,balanced,cached_mxbai,2340,1782209846.5107875,,,
9688,0,svm,max,balanced,cached_mxbai,2341,1782209846.7903469,,,
2436,0,svm,max,balanced,cached_mxbai,2342,1782209847.072653,,,
4931,0,svm,max,balanced,cached_mxbai,2343,1782209847.3542995,,,
1315,0,svm,max,balanced,cached_mxbai,2344,1782209847.625859,,,
5157,0,svm,max,balanced,cached_mxbai,2345,1782209847.9031575,,,
5224,0,svm,max,balanced,cached_mxbai,2346,1782209848.1864164,,,
3367,0,svm,max,balanced,cached_mxbai,2347,1782209848.4652827,,,
5026,0,svm,max,balanced,cached_mxbai,2348,1782209848.7370787,,,
3698,0,svm,max,balanced,cached_mxbai,2349,1782209849.0108306,,,
7609,0,svm,max,balanced,cached_mxbai,2350,1782209849.287124,,,
2673,0,svm,max,balanced,cached_mxbai,2351,1782209849.567919,,,
4949,0,svm,max,balanced,cached_mxbai,2352,1782209849.8411245,,,
703,0,svm,max,balanced,cached_mxbai,2353,1782209850.116063,,,
723,0,svm,max,balanced,cached_mxbai,2354,1782209850.3917499,,,
10360,0,svm,max,balanced,cached_mxbai,2355,1782209850.6720526,,,
1809,0,svm,max,balanced,cached_mxbai,2356,1782209850.9465926,,,
33,0,svm,max,balanced,cached_mxbai,2357,1782209851.227892,,,
4769,0,svm,max,balanced,cached_mxbai,2358,1782209851.5003736,,,
3734,0,svm,max,balanced,cached_mxbai,2359,1782209851.772085,,,
3607,0,svm,max,balanced,cached_mxbai,2360,1782209852.046679,,,
3351,0,svm,max,balanced,cached_mxbai,2361,1782209852.3218904,,,
9530,0,svm,max,balanced,cached_mxbai,2362,1782209852.5921428,,,
9341,0,svm,max,balanced,cached_mxbai,2363,1782209852.867039,,,
4184,0,svm,max,balanced,cached_mxbai,2364,1782209853.1418915,,,
5135,0,svm,max,balanced,cached_mxbai,2365,1782209853.4170551,,,
2346,0,svm,max,balanced,cached_mxbai,2366,1782209853.6895118,,,
5094,0,svm,max,balanced,cached_mxbai,2367,1782209853.963926,,,
3662,0,svm,max,balanced,cached_mxbai,2368,1782209854.2474747,,,
8555,0,svm,max,balanced,cached_mxbai,2369,1782209854.5271537,,,
5117,0,svm,max,balanced,cached_mxbai,2370,1782209854.8202639,,,
5015,0,svm,max,balanced,cached_mxbai,2371,1782209855.1140678,,,
7349,0,svm,max,balanced,cached_mxbai,2372,1782209855.4165425,,,
10536,0,svm,max,balanced,cached_mxbai,2373,1782209855.7145123,,,
4266,0,svm,max,balanced,cached_mxbai,2374,1782209855.9947958,,,
4694,0,svm,max,balanced,cached_mxbai,2375,1782209856.2734282,,,
10402,0,svm,max,balanced,cached_mxbai,2376,1782209856.5520675,,,
10096,0,svm,max,balanced,cached_mxbai,2377,1782209856.8299906,,,
2769,0,svm,max,balanced,cached_mxbai,2378,1782209857.1114497,,,
8144,0,svm,max,balanced,cached_mxbai,2379,1782209857.394855,,,
6555,0,svm,max,balanced,cached_mxbai,2380,1782209857.6767368,,,
8642,0,svm,max,balanced,cached_mxbai,2381,1782209857.954328,,,
4614,0,svm,max,balanced,cached_mxbai,2382,1782209858.233573,,,
4395,0,svm,max,balanced,cached_mxbai,2383,1782209858.510735,,,
6426,0,svm,max,balanced,cached_mxbai,2384,1782209858.7950842,,,
3951,0,svm,max,balanced,cached_mxbai,2385,1782209859.0831106,,,
10497,0,svm,max,balanced,cached_mxbai,2386,1782209859.360276,,,
8033,0,svm,max,balanced,cached_mxbai,2387,1782209859.637555,,,
3913,0,svm,max,balanced,cached_mxbai,2388,1782209859.9146678,,,
7709,0,svm,max,balanced,cached_mxbai,2389,1782209860.1953628,,,
5539,0,svm,max,balanced,cached_mxbai,2390,1782209860.472203,,,
4972,0,svm,max,balanced,cached_mxbai,2391,1782209860.747206,,,
7059,0,svm,max,balanced,cached_mxbai,2392,1782209861.0268857,,,
4300,0,svm,max,balanced,cached_mxbai,2393,1782209861.3076725,,,
4726,0,svm,max,balanced,cached_mxbai,2394,1782209861.5816422,,,
10002,0,svm,max,balanced,cached_mxbai,2395,1782209861.858571,,,
7570,0,svm,max,balanced,cached_mxbai,2396,1782209862.1387997,,,
4206,0,svm,max,balanced,cached_mxbai,2397,1782209862.4207468,,,
115,0,svm,max,balanced,cached_mxbai,2398,1782209862.6991107,,,
8309,0,svm,max,balanced,cached_mxbai,2399,1782209862.9795868,,,
7766,0,svm,max,balanced,cached_mxbai,2400,1782209863.2684894,,,
8732,0,svm,max,balanced,cached_mxbai,2401,1782209863.5485208,,,
1226,0,svm,max,balanced,cached_mxbai,2402,1782209863.8288364,,,
5864,0,svm,max,balanced,cached_mxbai,2403,1782209864.1124296,,,
5459,0,svm,max,balanced,cached_mxbai,2404,1782209864.3941314,,,
9505,0,svm,max,balanced,cached_mxbai,2405,1782209864.6779735,,,
3581,0,svm,max,balanced,cached_mxbai,2406,1782209864.963641,,,
6896,0,svm,max,balanced,cached_mxbai,2407,1782209865.2550302,,,
5248,0,svm,max,balanced,cached_mxbai,2408,1782209865.5481336,,,
4518,0,svm,max,balanced,cached_mxbai,2409,1782209865.831992,,,
9106,0,svm,max,balanced,cached_mxbai,2410,1782209866.1174974,,,
7805,0,svm,max,balanced,cached_mxbai,2411,1782209866.4024475,,,
3163,0,svm,max,balanced,cached_mxbai,2412,1782209866.6922374,,,
1197,0,svm,max,balanced,cached_mxbai,2413,1782209866.9832497,,,
3674,0,svm,max,balanced,cached_mxbai,2414,1782209867.2796504,,,
4052,0,svm,max,balanced,cached_mxbai,2415,1782209867.5671027,,,
8871,0,svm,max,balanced,cached_mxbai,2416,1782209867.8489304,,,
4428,0,svm,max,balanced,cached_mxbai,2417,1782209868.1434205,,,
561,0,svm,max,balanced,cached_mxbai,2418,1782209868.4257312,,,
388,0,svm,max,balanced,cached_mxbai,2419,1782209868.7077627,,,
3215,0,svm,max,balanced,cached_mxbai,2420,1782209868.9946744,,,
4859,0,svm,max,balanced,cached_mxbai,2421,1782209869.2917957,,,
3642,0,svm,max,balanced,cached_mxbai,2422,1782209869.5746858,,,
3406,0,svm,max,balanced,cached_mxbai,2423,1782209869.8555026,,,
5392,0,svm,max,balanced,cached_mxbai,2424,1782209870.1387277,,,
6835,0,svm,max,balanced,cached_mxbai,2425,1782209870.4223232,,,
1590,0,svm,max,balanced,cached_mxbai,2426,1782209870.7041254,,,
5057,0,svm,max,balanced,cached_mxbai,2427,1782209870.9865367,,,
4028,0,svm,max,balanced,cached_mxbai,2428,1782209871.2751114,,,
10445,0,svm,max,balanced,cached_mxbai,2429,1782209871.5533245,,,
3730,0,svm,max,balanced,cached_mxbai,2430,1782209871.875713,,,
5124,0,svm,max,balanced,cached_mxbai,2431,1782209872.198499,,,
4672,0,svm,max,balanced,cached_mxbai,2432,1782209872.5162532,,,
513,0,svm,max,balanced,cached_mxbai,2433,1782209872.8320615,,,
4288,0,svm,max,balanced,cached_mxbai,2434,1782209873.1592472,,,
7307,0,svm,max,balanced,cached_mxbai,2435,1782209873.4778574,,,
6759,0,svm,max,balanced,cached_mxbai,2436,1782209873.7957978,,,
5428,0,svm,max,balanced,cached_mxbai,2437,1782209874.1173823,,,
73,0,svm,max,balanced,cached_mxbai,2438,1782209874.436207,,,
2868,0,svm,max,balanced,cached_mxbai,2439,1782209874.755765,,,
3405,0,svm,max,balanced,cached_mxbai,2440,1782209875.0776894,,,
4945,0,svm,max,balanced,cached_mxbai,2441,1782209875.4190733,,,
5433,0,svm,max,balanced,cached_mxbai,2442,1782209875.7409887,,,
10125,0,svm,max,balanced,cached_mxbai,2443,1782209876.0573585,,,
8060,0,svm,max,balanced,cached_mxbai,2444,1782209876.3800375,,,
8476,0,svm,max,balanced,cached_mxbai,2445,1782209876.702521,,,
4651,0,svm,max,balanced,cached_mxbai,2446,1782209877.0245957,,,
1323,0,svm,max,balanced,cached_mxbai,2447,1782209877.3747234,,,
7715,0,svm,max,balanced,cached_mxbai,2448,1782209877.7033122,,,
4878,0,svm,max,balanced,cached_mxbai,2449,1782209878.025724,,,
3467,0,svm,max,balanced,cached_mxbai,2450,1782209878.35024,,,
5121,0,svm,max,balanced,cached_mxbai,2451,1782209878.676263,,,
4115,0,svm,max,balanced,cached_mxbai,2452,1782209879.003135,,,
394,0,svm,max,balanced,cached_mxbai,2453,1782209879.327279,,,
4898,0,svm,max,balanced,cached_mxbai,2454,1782209879.6493943,,,
9335,0,svm,max,balanced,cached_mxbai,2455,1782209879.969854,,,
3560,0,svm,max,balanced,cached_mxbai,2456,1782209880.2934167,,,
8950,0,svm,max,balanced,cached_mxbai,2457,1782209880.6137393,,,
1107,0,svm,max,balanced,cached_mxbai,2458,1782209880.9332292,,,
6473,0,svm,max,balanced,cached_mxbai,2459,1782209881.260049,,,
4238,0,svm,max,balanced,cached_mxbai,2460,1782209881.5829716,,,
10080,0,svm,max,balanced,cached_mxbai,2461,1782209881.9047854,,,
9046,0,svm,max,balanced,cached_mxbai,2462,1782209882.2287467,,,
4924,0,svm,max,balanced,cached_mxbai,2463,1782209882.5500004,,,
4997,0,svm,max,balanced,cached_mxbai,2464,1782209882.872001,,,
1400,0,svm,max,balanced,cached_mxbai,2465,1782209883.1946197,,,
905,0,svm,max,balanced,cached_mxbai,2466,1782209883.5208828,,,
3937,0,svm,max,balanced,cached_mxbai,2467,1782209883.8449502,,,
4925,0,svm,max,balanced,cached_mxbai,2468,1782209884.1680207,,,
8891,0,svm,max,balanced,cached_mxbai,2469,1782209884.49381,,,
1183,0,svm,max,balanced,cached_mxbai,2470,1782209884.8153398,,,
4696,0,svm,max,balanced,cached_mxbai,2471,1782209885.1449695,,,
3203,0,svm,max,balanced,cached_mxbai,2472,1782209885.5037298,,,
2439,0,svm,max,balanced,cached_mxbai,2473,1782209885.8332121,,,
10464,0,svm,max,balanced,cached_mxbai,2474,1782209886.1566963,,,
6178,0,svm,max,balanced,cached_mxbai,2475,1782209886.4841387,,,
1058,0,svm,max,balanced,cached_mxbai,2476,1782209886.809442,,,
1930,0,svm,max,balanced,cached_mxbai,2477,1782209887.1378913,,,
868,0,svm,max,balanced,cached_mxbai,2478,1782209887.4703965,,,
4218,0,svm,max,balanced,cached_mxbai,2479,1782209887.8109407,,,
6433,0,svm,max,balanced,cached_mxbai,2480,1782209888.1466682,,,
2535,0,svm,max,balanced,cached_mxbai,2481,1782209888.4778972,,,
3542,0,svm,max,balanced,cached_mxbai,2482,1782209888.812698,,,
3585,0,svm,max,balanced,cached_mxbai,2483,1782209889.142574,,,
4402,0,svm,max,balanced,cached_mxbai,2484,1782209889.473508,,,
9593,0,svm,max,balanced,cached_mxbai,2485,1782209889.8045583,,,
5787,0,svm,max,balanced,cached_mxbai,2486,1782209890.1320214,,,
3503,0,svm,max,balanced,cached_mxbai,2487,1782209890.4618466,,,
4768,0,svm,max,balanced,cached_mxbai,2488,1782209890.7874537,,,
6225,0,svm,max,balanced,cached_mxbai,2489,1782209891.1202652,,,
5233,0,svm,max,balanced,cached_mxbai,2490,1782209891.4558408,,,
8005,0,svm,max,balanced,cached_mxbai,2491,1782209891.7827358,,,
5035,0,svm,max,balanced,cached_mxbai,2492,1782209892.115189,,,
1011,0,svm,max,balanced,cached_mxbai,2493,1782209892.4566808,,,
9389,0,svm,max,balanced,cached_mxbai,2494,1782209892.787013,,,
2799,0,svm,max,balanced,cached_mxbai,2495,1782209893.1177156,,,
8351,0,svm,max,balanced,cached_mxbai,2496,1782209893.4504962,,,
104,0,svm,max,balanced,cached_mxbai,2497,1782209893.7801778,,,
7007,0,svm,max,balanced,cached_mxbai,2498,1782209894.1098127,,,
4888,0,svm,max,balanced,cached_mxbai,2499,1782209894.4415097,,,
5215,0,svm,max,balanced,cached_mxbai,2500,1782209894.7342412,,,
3658,0,svm,max,balanced,cached_mxbai,2501,1782209895.0325892,,,
5260,0,svm,max,balanced,cached_mxbai,2502,1782209895.3590548,,,
5427,0,svm,max,balanced,cached_mxbai,2503,1782209895.654925,,,
9303,0,svm,max,balanced,cached_mxbai,2504,1782209895.9459257,,,
9748,0,svm,max,balanced,cached_mxbai,2505,1782209896.2432382,,,
7271,0,svm,max,balanced,cached_mxbai,2506,1782209896.5353637,,,
6773,0,svm,max,balanced,cached_mxbai,2507,1782209896.826343,,,
9554,0,svm,max,balanced,cached_mxbai,2508,1782209897.1195536,,,
4999,0,svm,max,balanced,cached_mxbai,2509,1782209897.4230032,,,
3379,0,svm,max,balanced,cached_mxbai,2510,1782209897.7191653,,,
4367,0,svm,max,balanced,cached_mxbai,2511,1782209898.0151553,,,
3733,0,svm,max,balanced,cached_mxbai,2512,1782209898.3135269,,,
4500,0,svm,max,balanced,cached_mxbai,2513,1782209898.6202002,,,
5800,0,svm,max,balanced,cached_mxbai,2514,1782209898.921837,,,
5382,0,svm,max,balanced,cached_mxbai,2515,1782209899.2248337,,,
4841,0,svm,max,balanced,cached_mxbai,2516,1782209899.5206459,,,
8325,0,svm,max,balanced,cached_mxbai,2517,1782209899.8141258,,,
3772,0,svm,max,balanced,cached_mxbai,2518,1782209900.107583,,,
1937,0,svm,max,balanced,cached_mxbai,2519,1782209900.4086053,,,
8579,0,svm,max,balanced,cached_mxbai,2520,1782209900.7067719,,,
299,0,svm,max,balanced,cached_mxbai,2521,1782209901.0076559,,,
9950,0,svm,max,balanced,cached_mxbai,2522,1782209901.311085,,,
9319,0,svm,max,balanced,cached_mxbai,2523,1782209901.61479,,,
8949,0,svm,max,balanced,cached_mxbai,2524,1782209901.9170349,,,
3584,0,svm,max,balanced,cached_mxbai,2525,1782209902.2196317,,,
9014,0,svm,max,balanced,cached_mxbai,2526,1782209902.5230374,,,
9795,0,svm,max,balanced,cached_mxbai,2527,1782209902.8158917,,,
1539,0,svm,max,balanced,cached_mxbai,2528,1782209903.1129594,,,
10190,0,svm,max,balanced,cached_mxbai,2529,1782209903.4166634,,,
6579,0,svm,max,balanced,cached_mxbai,2530,1782209903.7532256,,,
3148,0,svm,max,balanced,cached_mxbai,2531,1782209904.090109,,,
5827,0,svm,max,balanced,cached_mxbai,2532,1782209904.4248643,,,
835,0,svm,max,balanced,cached_mxbai,2533,1782209904.7260454,,,
4921,0,svm,max,balanced,cached_mxbai,2534,1782209905.0317135,,,
7350,0,svm,max,balanced,cached_mxbai,2535,1782209905.3689716,,,
10546,0,svm,max,balanced,cached_mxbai,2536,1782209905.6720135,,,
1866,0,svm,max,balanced,cached_mxbai,2537,1782209905.9737873,,,
3879,0,svm,max,balanced,cached_mxbai,2538,1782209906.2803984,,,
1281,0,svm,max,balanced,cached_mxbai,2539,1782209906.5854793,,,
1086,0,svm,max,balanced,cached_mxbai,2540,1782209906.8899653,,,
4944,0,svm,max,balanced,cached_mxbai,2541,1782209907.195721,,,
10130,0,svm,max,balanced,cached_mxbai,2542,1782209907.5111103,,,
9735,0,svm,max,balanced,cached_mxbai,2543,1782209907.8133914,,,
3651,0,svm,max,balanced,cached_mxbai,2544,1782209908.1191416,,,
3110,0,svm,max,balanced,cached_mxbai,2545,1782209908.4259205,,,
10070,0,svm,max,balanced,cached_mxbai,2546,1782209908.7308314,,,
4803,0,svm,max,balanced,cached_mxbai,2547,1782209909.0396652,,,
4194,0,svm,max,balanced,cached_mxbai,2548,1782209909.3387353,,,
7455,0,svm,max,balanced,cached_mxbai,2549,1782209909.6390429,,,
7578,0,svm,max,balanced,cached_mxbai,2550,1782209909.9395258,,,
5794,0,svm,max,balanced,cached_mxbai,2551,1782209910.2425945,,,
5170,0,svm,max,balanced,cached_mxbai,2552,1782209910.5447855,,,
4913,0,svm,max,balanced,cached_mxbai,2553,1782209910.8434863,,,
7107,0,svm,max,balanced,cached_mxbai,2554,1782209911.146055,,,
7667,0,svm,max,balanced,cached_mxbai,2555,1782209911.4511123,,,
10543,0,svm,max,balanced,cached_mxbai,2556,1782209911.7543824,,,
4208,0,svm,max,balanced,cached_mxbai,2557,1782209912.0581198,,,
7518,0,svm,max,balanced,cached_mxbai,2558,1782209912.3648086,,,
5585,0,svm,max,balanced,cached_mxbai,2559,1782209912.6620688,,,
4630,0,svm,max,balanced,cached_mxbai,2560,1782209912.9586043,,,
3883,0,svm,max,balanced,cached_mxbai,2561,1782209913.2564101,,,
4213,0,svm,max,balanced,cached_mxbai,2562,1782209913.5599754,,,
9197,0,svm,max,balanced,cached_mxbai,2563,1782209913.864052,,,
3122,0,svm,max,balanced,cached_mxbai,2564,1782209914.1685069,,,
65,0,svm,max,balanced,cached_mxbai,2565,1782209914.4659345,,,
4516,0,svm,max,balanced,cached_mxbai,2566,1782209914.768445,,,
8424,0,svm,max,balanced,cached_mxbai,2567,1782209915.0722737,,,
3208,0,svm,max,balanced,cached_mxbai,2568,1782209915.3904386,,,
8039,0,svm,max,balanced,cached_mxbai,2569,1782209915.6962137,,,
28,0,svm,max,balanced,cached_mxbai,2570,1782209915.9956303,,,
818,0,svm,max,balanced,cached_mxbai,2571,1782209916.3028395,,,
4172,0,svm,max,balanced,cached_mxbai,2572,1782209916.6087587,,,
1324,0,svm,max,balanced,cached_mxbai,2573,1782209916.9068513,,,
3828,0,svm,max,balanced,cached_mxbai,2574,1782209917.2041597,,,
4900,0,svm,max,balanced,cached_mxbai,2575,1782209917.517917,,,
10085,0,svm,max,balanced,cached_mxbai,2576,1782209917.8273156,,,
9931,0,svm,max,balanced,cached_mxbai,2577,1782209918.1352386,,,
1715,0,svm,max,balanced,cached_mxbai,2578,1782209918.4459338,,,
5741,0,svm,max,balanced,cached_mxbai,2579,1782209918.7592454,,,
9354,0,svm,max,balanced,cached_mxbai,2580,1782209919.0647595,,,
9283,0,svm,max,balanced,cached_mxbai,2581,1782209919.375884,,,
424,0,svm,max,balanced,cached_mxbai,2582,1782209919.6856532,,,
3648,0,svm,max,balanced,cached_mxbai,2583,1782209919.9941874,,,
3131,0,svm,max,balanced,cached_mxbai,2584,1782209920.3059251,,,
4609,0,svm,max,balanced,cached_mxbai,2585,1782209920.615943,,,
54,0,svm,max,balanced,cached_mxbai,2586,1782209920.9411166,,,
795,0,svm,max,balanced,cached_mxbai,2587,1782209921.2596824,,,
7338,0,svm,max,balanced,cached_mxbai,2588,1782209921.5715048,,,
3814,0,svm,max,balanced,cached_mxbai,2589,1782209921.884271,,,
523,0,svm,max,balanced,cached_mxbai,2590,1782209922.1924443,,,
4073,0,svm,max,balanced,cached_mxbai,2591,1782209922.512059,,,
8699,0,svm,max,balanced,cached_mxbai,2592,1782209922.827132,,,
4992,0,svm,max,balanced,cached_mxbai,2593,1782209923.1376162,,,
3442,0,svm,max,balanced,cached_mxbai,2594,1782209923.4548466,,,
4019,0,svm,max,balanced,cached_mxbai,2595,1782209923.7659187,,,
10358,0,svm,max,balanced,cached_mxbai,2596,1782209924.0762777,,,
8054,0,svm,max,balanced,cached_mxbai,2597,1782209924.3823214,,,
1758,0,svm,max,balanced,cached_mxbai,2598,1782209924.7268813,,,
6404,0,svm,max,balanced,cached_mxbai,2599,1782209925.0808697,,,
3833,0,svm,max,balanced,cached_mxbai,2600,1782209925.4487138,,,
8612,0,svm,max,balanced,cached_mxbai,2601,1782209925.791437,,,
9977,0,svm,max,balanced,cached_mxbai,2602,1782209926.1346688,,,
1635,0,svm,max,balanced,cached_mxbai,2603,1782209926.4817224,,,
4492,0,svm,max,balanced,cached_mxbai,2604,1782209926.8277016,,,
1376,0,svm,max,balanced,cached_mxbai,2605,1782209927.1710472,,,
6593,0,svm,max,balanced,cached_mxbai,2606,1782209927.5208323,,,
4989,0,svm,max,balanced,cached_mxbai,2607,1782209927.8355827,,,
6061,0,svm,max,balanced,cached_mxbai,2608,1782209928.1481652,,,
1069,0,svm,max,balanced,cached_mxbai,2609,1782209928.4592183,,,
4879,0,svm,max,balanced,cached_mxbai,2610,1782209928.7780428,,,
5187,0,svm,max,balanced,cached_mxbai,2611,1782209929.0885208,,,
3927,0,svm,max,balanced,cached_mxbai,2612,1782209929.3981636,,,
1670,0,svm,max,balanced,cached_mxbai,2613,1782209929.7140312,,,
3714,0,svm,max,balanced,cached_mxbai,2614,1782209930.0269904,,,
4470,0,svm,max,balanced,cached_mxbai,2615,1782209930.3702295,,,
289,0,svm,max,balanced,cached_mxbai,2616,1782209930.716019,,,
4337,0,svm,max,balanced,cached_mxbai,2617,1782209931.0604367,,,
4916,0,svm,max,balanced,cached_mxbai,2618,1782209931.4015956,,,
758,0,svm,max,balanced,cached_mxbai,2619,1782209931.7473176,,,
8654,0,svm,max,balanced,cached_mxbai,2620,1782209932.0926867,,,
10506,0,svm,max,balanced,cached_mxbai,2621,1782209932.4345934,,,
4485,0,svm,max,balanced,cached_mxbai,2622,1782209932.7801747,,,
8180,0,svm,max,balanced,cached_mxbai,2623,1782209933.1269276,,,
10295,0,svm,max,balanced,cached_mxbai,2624,1782209933.475672,,,
3708,0,svm,max,balanced,cached_mxbai,2625,1782209933.8280838,,,
5613,0,svm,max,balanced,cached_mxbai,2626,1782209934.1709812,,,
6486,0,svm,max,balanced,cached_mxbai,2627,1782209934.5175087,,,
9909,0,svm,max,balanced,cached_mxbai,2628,1782209934.8637407,,,
10218,0,svm,max,balanced,cached_mxbai,2629,1782209935.216899,,,
9056,0,svm,max,balanced,cached_mxbai,2630,1782209935.6034107,,,
4018,0,svm,max,balanced,cached_mxbai,2631,1782209935.957075,,,
1787,0,svm,max,balanced,cached_mxbai,2632,1782209936.3041472,,,
1891,0,svm,max,balanced,cached_mxbai,2633,1782209936.6710644,,,
1481,0,svm,max,balanced,cached_mxbai,2634,1782209937.0248902,,,
3388,0,svm,max,balanced,cached_mxbai,2635,1782209937.3769205,,,
1548,0,svm,max,balanced,cached_mxbai,2636,1782209937.7251267,,,
688,0,svm,max,balanced,cached_mxbai,2637,1782209938.079118,,,
3617,0,svm,max,balanced,cached_mxbai,2638,1782209938.425793,,,
2129,0,svm,max,balanced,cached_mxbai,2639,1782209938.7812805,,,
2586,0,svm,max,balanced,cached_mxbai,2640,1782209939.1316545,,,
5152,0,svm,max,balanced,cached_mxbai,2641,1782209939.4895318,,,
4981,0,svm,max,balanced,cached_mxbai,2642,1782209939.8357732,,,
9869,0,svm,max,balanced,cached_mxbai,2643,1782209940.1853793,,,
7970,0,svm,max,balanced,cached_mxbai,2644,1782209940.534521,,,
3535,0,svm,max,balanced,cached_mxbai,2645,1782209940.8859687,,,
3358,0,svm,max,balanced,cached_mxbai,2646,1782209941.2358022,,,
3490,0,svm,max,balanced,cached_mxbai,2647,1782209941.5899892,,,
4690,0,svm,max,balanced,cached_mxbai,2648,1782209941.94514,,,
10370,0,svm,max,balanced,cached_mxbai,2649,1782209942.2937644,,,
4105,0,svm,max,balanced,cached_mxbai,2650,1782209942.6452854,,,
7424,0,svm,max,balanced,cached_mxbai,2651,1782209942.9995153,,,
566,0,svm,max,balanced,cached_mxbai,2652,1782209943.3569353,,,
4613,0,svm,max,balanced,cached_mxbai,2653,1782209943.7102673,,,
8782,0,svm,max,balanced,cached_mxbai,2654,1782209944.0624738,,,
3457,0,svm,max,balanced,cached_mxbai,2655,1782209944.4105663,,,
897,0,svm,max,balanced,cached_mxbai,2656,1782209944.7608004,,,
9660,0,svm,max,balanced,cached_mxbai,2657,1782209945.1162918,,,
6443,0,svm,max,balanced,cached_mxbai,2658,1782209945.4821951,,,
5439,0,svm,max,balanced,cached_mxbai,2659,1782209945.8271432,,,
3312,0,svm,max,balanced,cached_mxbai,2660,1782209946.1806524,,,
5497,0,svm,max,balanced,cached_mxbai,2661,1782209946.5323503,,,
4303,0,svm,max,balanced,cached_mxbai,2662,1782209946.8993905,,,
3295,0,svm,max,balanced,cached_mxbai,2663,1782209947.255533,,,
7529,0,svm,max,balanced,cached_mxbai,2664,1782209947.6076593,,,
4524,0,svm,max,balanced,cached_mxbai,2665,1782209947.9551425,,,
512,0,svm,max,balanced,cached_mxbai,2666,1782209948.3055077,,,
6489,0,svm,max,balanced,cached_mxbai,2667,1782209948.6585617,,,
8012,0,svm,max,balanced,cached_mxbai,2668,1782209949.0213954,,,
9386,0,svm,max,balanced,cached_mxbai,2669,1782209949.3827417,,,
7038,0,svm,max,balanced,cached_mxbai,2670,1782209949.7435195,,,
1609,0,svm,max,balanced,cached_mxbai,2671,1782209950.1024725,,,
6334,0,svm,max,balanced,cached_mxbai,2672,1782209950.4558544,,,
10387,0,svm,max,balanced,cached_mxbai,2673,1782209950.8057532,,,
8248,0,svm,max,balanced,cached_mxbai,2674,1782209951.1580908,,,
2256,0,svm,max,balanced,cached_mxbai,2675,1782209951.517985,,,
9791,0,svm,max,balanced,cached_mxbai,2676,1782209951.8688016,,,
5803,0,svm,max,balanced,cached_mxbai,2677,1782209952.2200794,,,
8762,0,svm,max,balanced,cached_mxbai,2678,1782209952.57656,,,
6291,0,svm,max,balanced,cached_mxbai,2679,1782209952.9272223,,,
5811,0,svm,max,balanced,cached_mxbai,2680,1782209953.2777905,,,
690,0,svm,max,balanced,cached_mxbai,2681,1782209953.6303535,,,
6445,0,svm,max,balanced,cached_mxbai,2682,1782209953.993914,,,
6973,0,svm,max,balanced,cached_mxbai,2683,1782209954.3530295,,,
4404,0,svm,max,balanced,cached_mxbai,2684,1782209954.7070975,,,
1661,0,svm,max,balanced,cached_mxbai,2685,1782209955.060854,,,
3525,0,svm,max,balanced,cached_mxbai,2686,1782209955.4392982,,,
4762,0,svm,max,balanced,cached_mxbai,2687,1782209955.7954683,,,
8615,0,svm,max,balanced,cached_mxbai,2688,1782209956.1441085,,,
10282,0,svm,max,balanced,cached_mxbai,2689,1782209956.4907143,,,
3249,0,svm,max,balanced,cached_mxbai,2690,1782209956.841225,,,
4182,0,svm,max,balanced,cached_mxbai,2691,1782209957.192075,,,
2951,0,svm,max,balanced,cached_mxbai,2692,1782209957.5439987,,,
10433,0,svm,max,balanced,cached_mxbai,2693,1782209957.8972661,,,
4118,0,svm,max,balanced,cached_mxbai,2694,1782209958.2500796,,,
9366,0,svm,max,balanced,cached_mxbai,2695,1782209958.6029153,,,
3321,0,svm,max,balanced,cached_mxbai,2696,1782209958.9606338,,,
4560,0,svm,max,balanced,cached_mxbai,2697,1782209959.3152542,,,
10587,0,svm,max,balanced,cached_mxbai,2698,1782209959.6728678,,,
2082,0,svm,max,balanced,cached_mxbai,2699,1782209960.0323844,,,
4695,0,svm,max,balanced,cached_mxbai,2700,1782209960.3849206,,,
7913,0,svm,max,balanced,cached_mxbai,2701,1782209960.7463424,,,
10594,1,svm,max,balanced,cached_mxbai,2702,1782209961.1019936,,,
406,0,svm,max,balanced,cached_mxbai,2703,1782209961.464647,,,
4232,0,svm,max,balanced,cached_mxbai,2704,1782209961.8223166,,,
8193,0,svm,max,balanced,cached_mxbai,2705,1782209962.1875525,,,
4034,0,svm,max,balanced,cached_mxbai,2706,1782209962.5486207,,,
7285,0,svm,max,balanced,cached_mxbai,2707,1782209962.9122138,,,
1714,0,svm,max,balanced,cached_mxbai,2708,1782209963.275648,,,
4143,0,svm,max,balanced,cached_mxbai,2709,1782209963.6368597,,,
4294,0,svm,max,balanced,cached_mxbai,2710,1782209963.9998388,,,
224,0,svm,max,balanced,cached_mxbai,2711,1782209964.3612084,,,
9117,0,svm,max,balanced,cached_mxbai,2712,1782209964.7238586,,,
3417,0,svm,max,balanced,cached_mxbai,2713,1782209965.0967653,,,
4200,0,svm,max,balanced,cached_mxbai,2714,1782209965.4862604,,,
200,0,svm,max,balanced,cached_mxbai,2715,1782209965.853205,,,
75,0,svm,max,balanced,cached_mxbai,2716,1782209966.2125459,,,
4062,0,svm,max,balanced,cached_mxbai,2717,1782209966.572114,,,
7341,0,svm,max,balanced,cached_mxbai,2718,1782209966.9320278,,,
922,0,svm,max,balanced,cached_mxbai,2719,1782209967.301066,,,
4421,0,svm,max,balanced,cached_mxbai,2720,1782209967.6726527,,,
1592,0,svm,max,balanced,cached_mxbai,2721,1782209968.0382254,,,
3686,0,svm,max,balanced,cached_mxbai,2722,1782209968.4146235,,,
9822,0,svm,max,balanced,cached_mxbai,2723,1782209968.7852821,,,
648,0,svm,max,balanced,cached_mxbai,2724,1782209969.1513488,,,
10216,0,svm,max,balanced,cached_mxbai,2725,1782209969.5197856,,,
4158,0,svm,max,balanced,cached_mxbai,2726,1782209969.8846648,,,
7590,0,svm,max,balanced,cached_mxbai,2727,1782209970.2564945,,,
1875,0,svm,max,balanced,cached_mxbai,2728,1782209970.6216314,,,
445,0,svm,max,balanced,cached_mxbai,2729,1782209970.9868095,,,
9055,0,svm,max,balanced,cached_mxbai,2730,1782209971.3493366,,,
4078,0,svm,max,balanced,cached_mxbai,2731,1782209971.7144058,,,
7248,0,svm,max,balanced,cached_mxbai,2732,1782209972.0766485,,,
3246,0,svm,max,balanced,cached_mxbai,2733,1782209972.440207,,,
7499,0,svm,max,balanced,cached_mxbai,2734,1782209972.8071115,,,
5175,0,svm,max,balanced,cached_mxbai,2735,1782209973.171756,,,
5196,0,svm,max,balanced,cached_mxbai,2736,1782209973.5370326,,,
5758,0,svm,max,balanced,cached_mxbai,2737,1782209973.9011993,,,
7511,0,svm,max,balanced,cached_mxbai,2738,1782209974.2644076,,,
6774,0,svm,max,balanced,cached_mxbai,2739,1782209974.6315389,,,
6363,0,svm,max,balanced,cached_mxbai,2740,1782209974.997334,,,
9143,0,svm,max,balanced,cached_mxbai,2741,1782209975.3823326,,,
4234,0,svm,max,balanced,cached_mxbai,2742,1782209975.756495,,,
9048,0,svm,max,balanced,cached_mxbai,2743,1782209976.1250217,,,
9105,0,svm,max,balanced,cached_mxbai,2744,1782209976.4900756,,,
1574,0,svm,max,balanced,cached_mxbai,2745,1782209976.853813,,,
4409,0,svm,max,balanced,cached_mxbai,2746,1782209977.2167783,,,
5920,0,svm,max,balanced,cached_mxbai,2747,1782209977.583119,,,
4713,0,svm,max,balanced,cached_mxbai,2748,1782209977.952505,,,
4159,0,svm,max,balanced,cached_mxbai,2749,1782209978.3279293,,,
615,0,svm,max,balanced,cached_mxbai,2750,1782209978.6960874,,,
7827,0,svm,max,balanced,cached_mxbai,2751,1782209979.0647984,,,
1711,0,svm,max,balanced,cached_mxbai,2752,1782209979.4318209,,,
9109,0,svm,max,balanced,cached_mxbai,2753,1782209979.799177,,,
120,0,svm,max,balanced,cached_mxbai,2754,1782209980.165726,,,
334,0,svm,max,balanced,cached_mxbai,2755,1782209980.5345783,,,
4431,0,svm,max,balanced,cached_mxbai,2756,1782209980.8917868,,,
4820,0,svm,max,balanced,cached_mxbai,2757,1782209981.2591238,,,
3845,0,svm,max,balanced,cached_mxbai,2758,1782209981.6282492,,,
8805,0,svm,max,balanced,cached_mxbai,2759,1782209981.992145,,,
10364,0,svm,max,balanced,cached_mxbai,2760,1782209982.361751,,,
4842,0,svm,max,balanced,cached_mxbai,2761,1782209982.735967,,,
785,0,svm,max,balanced,cached_mxbai,2762,1782209983.1045628,,,
1527,0,svm,max,balanced,cached_mxbai,2763,1782209983.4781084,,,
1085,0,svm,max,balanced,cached_mxbai,2764,1782209983.8507168,,,
3202,0,svm,max,balanced,cached_mxbai,2765,1782209984.2188637,,,
4187,0,svm,max,balanced,cached_mxbai,2766,1782209984.5862718,,,
4346,0,svm,max,balanced,cached_mxbai,2767,1782209984.9569354,,,
5271,0,svm,max,balanced,cached_mxbai,2768,1782209985.3512084,,,
1789,0,svm,max,balanced,cached_mxbai,2769,1782209985.7260838,,,
5249,0,svm,max,balanced,cached_mxbai,2770,1782209986.0998383,,,
6509,0,svm,max,balanced,cached_mxbai,2771,1782209986.470107,,,
3784,0,svm,max,balanced,cached_mxbai,2772,1782209986.8531203,,,
5893,0,svm,max,balanced,cached_mxbai,2773,1782209987.2321563,,,
3822,0,svm,max,balanced,cached_mxbai,2774,1782209987.6092908,,,
4065,0,svm,max,balanced,cached_mxbai,2775,1782209987.988564,,,
1148,0,svm,max,balanced,cached_mxbai,2776,1782209988.3649347,,,
10004,0,svm,max,balanced,cached_mxbai,2777,1782209988.743456,,,
3268,0,svm,max,balanced,cached_mxbai,2778,1782209989.120942,,,
7376,0,svm,max,balanced,cached_mxbai,2779,1782209989.5058334,,,
5978,0,svm,max,balanced,cached_mxbai,2780,1782209989.893602,,,
10516,0,svm,max,balanced,cached_mxbai,2781,1782209990.268977,,,
4578,0,svm,max,balanced,cached_mxbai,2782,1782209990.648086,,,
4133,0,svm,max,balanced,cached_mxbai,2783,1782209991.0213325,,,
1375,0,svm,max,balanced,cached_mxbai,2784,1782209991.3985922,,,
5949,0,svm,max,balanced,cached_mxbai,2785,1782209991.7802155,,,
4535,0,svm,max,balanced,cached_mxbai,2786,1782209992.159271,,,
3565,0,svm,max,balanced,cached_mxbai,2787,1782209992.541929,,,
9314,0,svm,max,balanced,cached_mxbai,2788,1782209992.9196923,,,
2417,0,svm,max,balanced,cached_mxbai,2789,1782209993.2948463,,,
10472,0,svm,max,balanced,cached_mxbai,2790,1782209993.671241,,,
1720,0,svm,max,balanced,cached_mxbai,2791,1782209994.0429068,,,
4057,0,svm,max,balanced,cached_mxbai,2792,1782209994.4164004,,,
10466,0,svm,max,balanced,cached_mxbai,2793,1782209994.7876356,,,
1361,0,svm,max,balanced,cached_mxbai,2794,1782209995.1680527,,,
3513,0,svm,max,balanced,cached_mxbai,2795,1782209995.562146,,,
1632,0,svm,max,balanced,cached_mxbai,2796,1782209995.9382339,,,
6557,0,svm,max,balanced,cached_mxbai,2797,1782209996.3073783,,,
4216,0,svm,max,balanced,cached_mxbai,2798,1782209996.6827717,,,
6928,0,svm,max,balanced,cached_mxbai,2799,1782209997.0537632,,,
389,0,svm,max,balanced,cached_mxbai,2800,1782209997.4335048,,,
9391,0,svm,max,balanced,cached_mxbai,2801,1782209997.8047948,,,
1595,0,svm,max,balanced,cached_mxbai,2802,1782209998.1738672,,,
3916,0,svm,max,balanced,cached_mxbai,2803,1782209998.5475953,,,
734,0,svm,max,balanced,cached_mxbai,2804,1782209998.929121,,,
4349,0,svm,max,balanced,cached_mxbai,2805,1782209999.300906,,,
9649,0,svm,max,balanced,cached_mxbai,2806,1782209999.6726606,,,
6780,0,svm,max,balanced,cached_mxbai,2807,1782210000.0416539,,,
3725,0,svm,max,balanced,cached_mxbai,2808,1782210000.4128046,,,
10233,0,svm,max,balanced,cached_mxbai,2809,1782210000.7839653,,,
3091,0,svm,max,balanced,cached_mxbai,2810,1782210001.1567595,,,
1310,0,svm,max,balanced,cached_mxbai,2811,1782210001.5289493,,,
1274,0,svm,max,balanced,cached_mxbai,2812,1782210001.9098046,,,
9949,0,svm,max,balanced,cached_mxbai,2813,1782210002.2874935,,,
3537,0,svm,max,balanced,cached_mxbai,2814,1782210002.6691697,,,
6041,0,svm,max,balanced,cached_mxbai,2815,1782210003.051738,,,
701,0,svm,max,balanced,cached_mxbai,2816,1782210003.4258635,,,
5183,0,svm,max,balanced,cached_mxbai,2817,1782210003.8034945,,,
7191,0,svm,max,balanced,cached_mxbai,2818,1782210004.1745095,,,
4724,0,svm,max,balanced,cached_mxbai,2819,1782210004.5520291,,,
10485,0,svm,max,balanced,cached_mxbai,2820,1782210004.9260888,,,
5194,0,svm,max,balanced,cached_mxbai,2821,1782210005.323955,,,
9574,0,svm,max,balanced,cached_mxbai,2822,1782210005.7014575,,,
6356,0,svm,max,balanced,cached_mxbai,2823,1782210006.0731838,,,
3839,0,svm,max,balanced,cached_mxbai,2824,1782210006.450112,,,
4274,0,svm,max,balanced,cached_mxbai,2825,1782210006.8478556,,,
3079,0,svm,max,balanced,cached_mxbai,2826,1782210007.254897,,,
245,0,svm,max,balanced,cached_mxbai,2827,1782210007.6566472,,,
5951,0,svm,max,balanced,cached_mxbai,2828,1782210008.0388744,,,
8085,0,svm,max,balanced,cached_mxbai,2829,1782210008.4208157,,,
8057,0,svm,max,balanced,cached_mxbai,2830,1782210008.8037004,,,
8109,0,svm,max,balanced,cached_mxbai,2831,1782210009.1789894,,,
1100,0,svm,max,balanced,cached_mxbai,2832,1782210009.560281,,,
4095,0,svm,max,balanced,cached_mxbai,2833,1782210009.939615,,,
9879,0,svm,max,balanced,cached_mxbai,2834,1782210010.3154173,,,
203,0,svm,max,balanced,cached_mxbai,2835,1782210010.6971693,,,
3579,0,svm,max,balanced,cached_mxbai,2836,1782210011.074734,,,
2034,0,svm,max,balanced,cached_mxbai,2837,1782210011.457973,,,
85,0,svm,max,balanced,cached_mxbai,2838,1782210011.8448424,,,
4472,0,svm,max,balanced,cached_mxbai,2839,1782210012.2267575,,,
8562,0,svm,max,balanced,cached_mxbai,2840,1782210012.611266,,,
3996,0,svm,max,balanced,cached_mxbai,2841,1782210012.9879982,,,
7617,0,svm,max,balanced,cached_mxbai,2842,1782210013.3694873,,,
1422,0,svm,max,balanced,cached_mxbai,2843,1782210013.7495677,,,
4908,0,svm,max,balanced,cached_mxbai,2844,1782210014.1243527,,,
4160,0,svm,max,balanced,cached_mxbai,2845,1782210014.505739,,,
6717,0,svm,max,balanced,cached_mxbai,2846,1782210014.8868964,,,
3384,0,svm,max,balanced,cached_mxbai,2847,1782210015.2881684,,,
9823,0,svm,max,balanced,cached_mxbai,2848,1782210015.6691563,,,
5062,0,svm,max,balanced,cached_mxbai,2849,1782210016.0480816,,,
5236,0,svm,max,balanced,cached_mxbai,2850,1782210016.4263244,,,
4317,0,svm,max,balanced,cached_mxbai,2851,1782210016.8109605,,,
1260,0,svm,max,balanced,cached_mxbai,2852,1782210017.1865702,,,
1627,0,svm,max,balanced,cached_mxbai,2853,1782210017.5771856,,,
8475,0,svm,max,balanced,cached_mxbai,2854,1782210017.959205,,,
1365,0,svm,max,balanced,cached_mxbai,2855,1782210018.3386884,,,
5146,0,svm,max,balanced,cached_mxbai,2856,1782210018.7260058,,,
3349,0,svm,max,balanced,cached_mxbai,2857,1782210019.1082296,,,
9141,0,svm,max,balanced,cached_mxbai,2858,1782210019.5046182,,,
5748,0,svm,max,balanced,cached_mxbai,2859,1782210019.8930097,,,
1458,0,svm,max,balanced,cached_mxbai,2860,1782210020.2752461,,,
5914,0,svm,max,balanced,cached_mxbai,2861,1782210020.661992,,,
3505,0,svm,max,balanced,cached_mxbai,2862,1782210021.041583,,,
5050,0,svm,max,balanced,cached_mxbai,2863,1782210021.4304996,,,
5818,0,svm,max,balanced,cached_mxbai,2864,1782210021.8222046,,,
9003,0,svm,max,balanced,cached_mxbai,2865,1782210022.2101998,,,
3228,0,svm,max,balanced,cached_mxbai,2866,1782210022.596048,,,
9712,0,svm,max,balanced,cached_mxbai,2867,1782210022.9840524,,,
1121,0,svm,max,balanced,cached_mxbai,2868,1782210023.3671684,,,
9526,0,svm,max,balanced,cached_mxbai,2869,1782210023.7574968,,,
9771,0,svm,max,balanced,cached_mxbai,2870,1782210024.1393871,,,
7277,0,svm,max,balanced,cached_mxbai,2871,1782210024.523283,,,
6287,0,svm,max,balanced,cached_mxbai,2872,1782210024.911463,,,
3976,0,svm,max,balanced,cached_mxbai,2873,1782210025.3249073,,,
7052,0,svm,max,balanced,cached_mxbai,2874,1782210025.7190967,,,
5182,0,svm,max,balanced,cached_mxbai,2875,1782210026.1081867,,,
7287,0,svm,max,balanced,cached_mxbai,2876,1782210026.49904,,,
2072,0,svm,max,balanced,cached_mxbai,2877,1782210026.8887584,,,
4544,0,svm,max,balanced,cached_mxbai,2878,1782210027.2722776,,,
3755,0,svm,max,balanced,cached_mxbai,2879,1782210027.6745162,,,
4824,0,svm,max,balanced,cached_mxbai,2880,1782210028.0765154,,,
3815,0,svm,max,balanced,cached_mxbai,2881,1782210028.4670393,,,
4339,0,svm,max,balanced,cached_mxbai,2882,1782210028.8553834,,,
979,0,svm,max,balanced,cached_mxbai,2883,1782210029.230193,,,
3968,0,svm,max,balanced,cached_mxbai,2884,1782210029.6169188,,,
9925,0,svm,max,balanced,cached_mxbai,2885,1782210030.0040004,,,
1700,0,svm,max,balanced,cached_mxbai,2886,1782210030.3862123,,,
9153,0,svm,max,balanced,cached_mxbai,2887,1782210030.7717075,,,
5619,0,svm,max,balanced,cached_mxbai,2888,1782210031.1559227,,,
7163,0,svm,max,balanced,cached_mxbai,2889,1782210031.5443053,,,
10584,0,svm,max,balanced,cached_mxbai,2890,1782210031.9346225,,,
5514,0,svm,max,balanced,cached_mxbai,2891,1782210032.3202991,,,
7476,0,svm,max,balanced,cached_mxbai,2892,1782210032.7087884,,,
5180,0,svm,max,balanced,cached_mxbai,2893,1782210033.1085956,,,
5144,0,svm,max,balanced,cached_mxbai,2894,1782210033.5011828,,,
1435,0,svm,max,balanced,cached_mxbai,2895,1782210033.9058485,,,
4418,0,svm,max,balanced,cached_mxbai,2896,1782210034.292802,,,
9318,0,svm,max,balanced,cached_mxbai,2897,1782210034.6801996,,,
5784,0,svm,max,balanced,cached_mxbai,2898,1782210035.071821,,,
616,0,svm,max,balanced,cached_mxbai,2899,1782210035.4906254,,,
7870,0,svm,max,balanced,cached_mxbai,2900,1782210035.884386,,,
5266,0,svm,max,balanced,cached_mxbai,2901,1782210036.2684035,,,
685,0,svm,max,balanced,cached_mxbai,2902,1782210036.6631663,,,
4640,0,svm,max,balanced,cached_mxbai,2903,1782210037.0510356,,,
7159,0,svm,max,balanced,cached_mxbai,2904,1782210037.4359097,,,
4113,0,svm,max,balanced,cached_mxbai,2905,1782210037.8439486,,,
1510,0,svm,max,balanced,cached_mxbai,2906,1782210038.2393901,,,
5408,0,svm,max,balanced,cached_mxbai,2907,1782210038.6302383,,,
5098,0,svm,max,balanced,cached_mxbai,2908,1782210039.029128,,,
10061,0,svm,max,balanced,cached_mxbai,2909,1782210039.4208815,,,
3795,0,svm,max,balanced,cached_mxbai,2910,1782210039.8215954,,,
5810,0,svm,max,balanced,cached_mxbai,2911,1782210040.2159255,,,
8779,0,svm,max,balanced,cached_mxbai,2912,1782210040.6053784,,,
1983,0,svm,max,balanced,cached_mxbai,2913,1782210040.9954805,,,
5432,0,svm,max,balanced,cached_mxbai,2914,1782210041.382533,,,
4760,0,svm,max,balanced,cached_mxbai,2915,1782210041.7747684,,,
4250,0,svm,max,balanced,cached_mxbai,2916,1782210042.169362,,,
1101,0,svm,max,balanced,cached_mxbai,2917,1782210042.5578778,,,
4607,0,svm,max,balanced,cached_mxbai,2918,1782210042.9531543,,,
8546,0,svm,max,balanced,cached_mxbai,2919,1782210043.3495414,,,
10183,0,svm,max,balanced,cached_mxbai,2920,1782210043.7467582,,,
650,0,svm,max,balanced,cached_mxbai,2921,1782210044.146825,,,
8936,0,svm,max,balanced,cached_mxbai,2922,1782210044.5401795,,,
5370,0,svm,max,balanced,cached_mxbai,2923,1782210044.940366,,,
4872,0,svm,max,balanced,cached_mxbai,2924,1782210045.35505,,,
9592,0,svm,max,balanced,cached_mxbai,2925,1782210045.754969,,,
3946,0,svm,max,balanced,cached_mxbai,2926,1782210046.1523185,,,
9777,0,svm,max,balanced,cached_mxbai,2927,1782210046.5521128,,,
550,0,svm,max,balanced,cached_mxbai,2928,1782210046.9517062,,,
3812,0,svm,max,balanced,cached_mxbai,2929,1782210047.3447018,,,
7763,0,svm,max,balanced,cached_mxbai,2930,1782210047.7401855,,,
8025,0,svm,max,balanced,cached_mxbai,2931,1782210048.1369917,,,
5241,0,svm,max,balanced,cached_mxbai,2932,1782210048.5292318,,,
3167,0,svm,max,balanced,cached_mxbai,2933,1782210048.9342704,,,
1482,0,svm,max,balanced,cached_mxbai,2934,1782210049.3376687,,,
10467,0,svm,max,balanced,cached_mxbai,2935,1782210049.739036,,,
5291,0,svm,max,balanced,cached_mxbai,2936,1782210050.146261,,,
151,0,svm,max,balanced,cached_mxbai,2937,1782210050.5425303,,,
5054,0,svm,max,balanced,cached_mxbai,2938,1782210050.9351707,,,
423,1,svm,max,balanced,cached_mxbai,2939,1782210051.3248525,,,
5579,0,svm,max,balanced,cached_mxbai,2940,1782210051.7151437,,,
7346,0,svm,max,balanced,cached_mxbai,2941,1782210052.1134872,,,
7815,0,svm,max,balanced,cached_mxbai,2942,1782210052.5141768,,,
1044,0,svm,max,balanced,cached_mxbai,2943,1782210052.9182475,,,
2378,0,svm,max,balanced,cached_mxbai,2944,1782210053.3108816,,,
6714,0,svm,max,balanced,cached_mxbai,2945,1782210053.7047832,,,
1740,0,svm,max,balanced,cached_mxbai,2946,1782210054.104036,,,
8269,0,svm,max,balanced,cached_mxbai,2947,1782210054.4978747,,,
5637,0,svm,max,balanced,cached_mxbai,2948,1782210054.8934019,,,
5343,0,svm,max,balanced,cached_mxbai,2949,1782210055.3059695,,,
42,0,svm,max,balanced,cached_mxbai,2950,1782210055.7013912,,,
8040,0,svm,max,balanced,cached_mxbai,2951,1782210056.1013143,,,
2791,0,svm,max,balanced,cached_mxbai,2952,1782210056.4925895,,,
8477,0,svm,max,balanced,cached_mxbai,2953,1782210056.8867338,,,
7865,0,svm,max,balanced,cached_mxbai,2954,1782210057.289013,,,
6440,0,svm,max,balanced,cached_mxbai,2955,1782210057.682578,,,
10345,0,svm,max,balanced,cached_mxbai,2956,1782210058.0799072,,,
2667,0,svm,max,balanced,cached_mxbai,2957,1782210058.4763894,,,
5490,0,svm,max,balanced,cached_mxbai,2958,1782210058.8843994,,,
1404,0,svm,max,balanced,cached_mxbai,2959,1782210059.2778063,,,
2743,0,svm,max,balanced,cached_mxbai,2960,1782210059.6701093,,,
4357,0,svm,max,balanced,cached_mxbai,2961,1782210060.0728643,,,
1463,0,svm,max,balanced,cached_mxbai,2962,1782210060.4645975,,,
2531,0,svm,max,balanced,cached_mxbai,2963,1782210060.863477,,,
4235,0,svm,max,balanced,cached_mxbai,2964,1782210061.2557368,,,
5828,0,svm,max,balanced,cached_mxbai,2965,1782210061.6470249,,,
6371,0,svm,max,balanced,cached_mxbai,2966,1782210062.0526555,,,
5752,0,svm,max,balanced,cached_mxbai,2967,1782210062.443008,,,
1686,0,svm,max,balanced,cached_mxbai,2968,1782210062.8403947,,,
7670,0,svm,max,balanced,cached_mxbai,2969,1782210063.2404418,,,
1544,0,svm,max,balanced,cached_mxbai,2970,1782210063.6368096,,,
3727,0,svm,max,balanced,cached_mxbai,2971,1782210064.0363398,,,
5923,0,svm,max,balanced,cached_mxbai,2972,1782210064.4343174,,,
732,0,svm,max,balanced,cached_mxbai,2973,1782210064.8317122,,,
9821,0,svm,max,balanced,cached_mxbai,2974,1782210065.2356005,,,
6695,0,svm,max,balanced,cached_mxbai,2975,1782210065.6480372,,,
237,0,svm,max,balanced,cached_mxbai,2976,1782210066.0499291,,,
454,0,svm,max,balanced,cached_mxbai,2977,1782210066.4538424,,,
8284,0,svm,max,balanced,cached_mxbai,2978,1782210066.8520918,,,
4081,0,svm,max,balanced,cached_mxbai,2979,1782210067.252835,,,
87,0,svm,max,balanced,cached_mxbai,2980,1782210067.6456466,,,
4110,0,svm,max,balanced,cached_mxbai,2981,1782210068.0537455,,,
712,0,svm,max,balanced,cached_mxbai,2982,1782210068.4500582,,,
5350,0,svm,max,balanced,cached_mxbai,2983,1782210068.8492439,,,
3992,0,svm,max,balanced,cached_mxbai,2984,1782210069.2489114,,,
3366,0,svm,max,balanced,cached_mxbai,2985,1782210069.6429799,,,
6086,0,svm,max,balanced,cached_mxbai,2986,1782210070.037077,,,
3897,0,svm,max,balanced,cached_mxbai,2987,1782210070.4331343,,,
4023,0,svm,max,balanced,cached_mxbai,2988,1782210070.8281932,,,
1046,0,svm,max,balanced,cached_mxbai,2989,1782210071.234898,,,
9002,0,svm,max,balanced,cached_mxbai,2990,1782210071.6385853,,,
6442,0,svm,max,balanced,cached_mxbai,2991,1782210072.0444376,,,
3999,0,svm,max,balanced,cached_mxbai,2992,1782210072.4454944,,,
3601,0,svm,max,balanced,cached_mxbai,2993,1782210072.8569336,,,
10376,0,svm,max,balanced,cached_mxbai,2994,1782210073.2639337,,,
8098,0,svm,max,balanced,cached_mxbai,2995,1782210073.6645157,,,
4356,0,svm,max,balanced,cached_mxbai,2996,1782210074.074495,,,
4938,0,svm,max,balanced,cached_mxbai,2997,1782210074.4873717,,,
5247,0,svm,max,balanced,cached_mxbai,2998,1782210074.8960783,,,
2500,0,svm,max,balanced,cached_mxbai,2999,1782210075.3269184,,,
5907,0,svm,max,balanced,cached_mxbai,3000,1782210075.7339056,,,
179,0,svm,max,balanced,cached_mxbai,3001,1782210076.1464157,,,
446,0,svm,max,balanced,cached_mxbai,3002,1782210076.552582,,,
2507,0,svm,max,balanced,cached_mxbai,3003,1782210076.9586923,,,
1196,0,svm,max,balanced,cached_mxbai,3004,1782210077.360294,,,
3610,0,svm,max,balanced,cached_mxbai,3005,1782210077.763787,,,
3466,0,svm,max,balanced,cached_mxbai,3006,1782210078.1736524,,,
8617,0,svm,max,balanced,cached_mxbai,3007,1782210078.5776622,,,
4368,0,svm,max,balanced,cached_mxbai,3008,1782210078.9876864,,,
3481,0,svm,max,balanced,cached_mxbai,3009,1782210079.3934252,,,
6650,0,svm,max,balanced,cached_mxbai,3010,1782210079.7986636,,,
2978,0,svm,max,balanced,cached_mxbai,3011,1782210080.2055893,,,
1677,0,svm,max,balanced,cached_mxbai,3012,1782210080.6122317,,,
4145,0,svm,max,balanced,cached_mxbai,3013,1782210081.0180714,,,
9610,0,svm,max,balanced,cached_mxbai,3014,1782210081.4243977,,,
3134,0,svm,max,balanced,cached_mxbai,3015,1782210081.8329885,,,
175,0,svm,max,balanced,cached_mxbai,3016,1782210082.2717865,,,
1765,0,svm,max,balanced,cached_mxbai,3017,1782210082.6799011,,,
9886,0,svm,max,balanced,cached_mxbai,3018,1782210083.123804,,,
9790,0,svm,max,balanced,cached_mxbai,3019,1782210083.5321422,,,
3575,0,svm,max,balanced,cached_mxbai,3020,1782210083.9491706,,,
4089,0,svm,max,balanced,cached_mxbai,3021,1782210084.3670983,,,
9890,0,svm,max,balanced,cached_mxbai,3022,1782210084.775847,,,
6979,0,svm,max,balanced,cached_mxbai,3023,1782210085.1982713,,,
3861,0,svm,max,balanced,cached_mxbai,3024,1782210085.635974,,,
638,0,svm,max,balanced,cached_mxbai,3025,1782210086.038098,,,
1988,0,svm,max,balanced,cached_mxbai,3026,1782210086.4467354,,,
9825,0,svm,max,balanced,cached_mxbai,3027,1782210086.8562233,,,
9241,0,svm,max,balanced,cached_mxbai,3028,1782210087.2642949,,,
1736,0,svm,max,balanced,cached_mxbai,3029,1782210087.6739428,,,
8648,0,svm,max,balanced,cached_mxbai,3030,1782210088.1032515,,,
3180,0,svm,max,balanced,cached_mxbai,3031,1782210088.532139,,,
4002,0,svm,max,balanced,cached_mxbai,3032,1782210088.9507384,,,
6313,0,svm,max,balanced,cached_mxbai,3033,1782210089.363811,,,
5921,0,svm,max,balanced,cached_mxbai,3034,1782210089.775712,,,
943,0,svm,max,balanced,cached_mxbai,3035,1782210090.1932619,,,
4658,0,svm,max,balanced,cached_mxbai,3036,1782210090.5965095,,,
931,0,svm,max,balanced,cached_mxbai,3037,1782210091.0030751,,,
7275,0,svm,max,balanced,cached_mxbai,3038,1782210091.411403,,,
1886,0,svm,max,balanced,cached_mxbai,3039,1782210091.818718,,,
2487,0,svm,max,balanced,cached_mxbai,3040,1782210092.236258,,,
1861,0,svm,max,balanced,cached_mxbai,3041,1782210092.6442204,,,
8814,0,svm,max,balanced,cached_mxbai,3042,1782210093.0540943,,,
6236,0,svm,max,balanced,cached_mxbai,3043,1782210093.46015,,,
10222,0,svm,max,balanced,cached_mxbai,3044,1782210093.858369,,,
9541,0,svm,max,balanced,cached_mxbai,3045,1782210094.261824,,,
3421,0,svm,max,balanced,cached_mxbai,3046,1782210094.660044,,,
3970,0,svm,max,balanced,cached_mxbai,3047,1782210095.0609455,,,
9687,0,svm,max,balanced,cached_mxbai,3048,1782210095.4780624,,,
8943,0,svm,max,balanced,cached_mxbai,3049,1782210095.8761277,,,
2818,0,svm,max,balanced,cached_mxbai,3050,1782210096.277873,,,
3738,0,svm,max,balanced,cached_mxbai,3051,1782210096.678911,,,
3046,0,svm,max,balanced,cached_mxbai,3052,1782210097.082598,,,
9103,0,svm,max,balanced,cached_mxbai,3053,1782210097.485234,,,
3826,0,svm,max,balanced,cached_mxbai,3054,1782210097.890691,,,
7615,0,svm,max,balanced,cached_mxbai,3055,1782210098.3255029,,,
9358,0,svm,max,balanced,cached_mxbai,3056,1782210098.7351975,,,
10585,0,svm,max,balanced,cached_mxbai,3057,1782210099.1489763,,,
2910,0,svm,max,balanced,cached_mxbai,3058,1782210099.5548017,,,
7322,0,svm,max,balanced,cached_mxbai,3059,1782210099.9507947,,,
150,0,svm,max,balanced,cached_mxbai,3060,1782210100.360093,,,
5479,0,svm,max,balanced,cached_mxbai,3061,1782210100.7632937,,,
5206,0,svm,max,balanced,cached_mxbai,3062,1782210101.1676493,,,
6009,0,svm,max,balanced,cached_mxbai,3063,1782210101.5740714,,,
4758,0,svm,max,balanced,cached_mxbai,3064,1782210101.9769828,,,
8645,0,svm,max,balanced,cached_mxbai,3065,1782210102.3859754,,,
4980,0,svm,max,balanced,cached_mxbai,3066,1782210102.7910159,,,
9049,0,svm,max,balanced,cached_mxbai,3067,1782210103.206967,,,
4942,0,svm,max,balanced,cached_mxbai,3068,1782210103.6143317,,,
9306,0,svm,max,balanced,cached_mxbai,3069,1782210104.0196326,,,
5075,0,svm,max,balanced,cached_mxbai,3070,1782210104.427239,,,
9873,0,svm,max,balanced,cached_mxbai,3071,1782210104.826137,,,
1763,0,svm,max,balanced,cached_mxbai,3072,1782210105.250977,,,
3853,0,svm,max,balanced,cached_mxbai,3073,1782210105.6805403,,,
1800,0,svm,max,balanced,cached_mxbai,3074,1782210106.0903437,,,
6382,0,svm,max,balanced,cached_mxbai,3075,1782210106.4989886,,,
3411,0,svm,max,balanced,cached_mxbai,3076,1782210106.9038556,,,
3760,0,svm,max,balanced,cached_mxbai,3077,1782210107.311229,,,
428,0,svm,max,balanced,cached_mxbai,3078,1782210107.713798,,,
3868,0,svm,max,balanced,cached_mxbai,3079,1782210108.1228223,,,
4580,0,svm,max,balanced,cached_mxbai,3080,1782210108.5434735,,,
9656,0,svm,max,balanced,cached_mxbai,3081,1782210108.953951,,,
1672,0,svm,max,balanced,cached_mxbai,3082,1782210109.3683827,,,
31,0,svm,max,balanced,cached_mxbai,3083,1782210109.7732038,,,
8174,0,svm,max,balanced,cached_mxbai,3084,1782210110.1792116,,,
10453,0,svm,max,balanced,cached_mxbai,3085,1782210110.5904226,,,
4039,0,svm,max,balanced,cached_mxbai,3086,1782210110.9916415,,,
3758,0,svm,max,balanced,cached_mxbai,3087,1782210111.399384,,,
5149,0,svm,max,balanced,cached_mxbai,3088,1782210111.8052683,,,
89,0,svm,max,balanced,cached_mxbai,3089,1782210112.2078922,,,
4443,0,svm,max,balanced,cached_mxbai,3090,1782210112.6172748,,,
4432,0,svm,max,balanced,cached_mxbai,3091,1782210113.0217907,,,
2276,0,svm,max,balanced,cached_mxbai,3092,1782210113.4304907,,,
5843,0,svm,max,balanced,cached_mxbai,3093,1782210113.843181,,,
8152,0,svm,max,balanced,cached_mxbai,3094,1782210114.2608657,,,
7273,0,svm,max,balanced,cached_mxbai,3095,1782210114.6701143,,,
3310,0,svm,max,balanced,cached_mxbai,3096,1782210115.0767937,,,
207,0,svm,max,balanced,cached_mxbai,3097,1782210115.501933,,,
4340,0,svm,max,balanced,cached_mxbai,3098,1782210115.906647,,,
4478,0,svm,max,balanced,cached_mxbai,3099,1782210116.3132324,,,
3599,0,svm,max,balanced,cached_mxbai,3100,1782210116.7210352,,,
1508,0,svm,max,balanced,cached_mxbai,3101,1782210117.1314127,,,
4678,0,svm,max,balanced,cached_mxbai,3102,1782210117.543027,,,
82,0,svm,max,balanced,cached_mxbai,3103,1782210117.945858,,,
879,0,svm,max,balanced,cached_mxbai,3104,1782210118.3712692,,,
8288,0,svm,max,balanced,cached_mxbai,3105,1782210118.8010325,,,
3751,0,svm,max,balanced,cached_mxbai,3106,1782210119.2084413,,,
343,0,svm,max,balanced,cached_mxbai,3107,1782210119.6157749,,,
7156,0,svm,max,balanced,cached_mxbai,3108,1782210120.0181322,,,
5384,0,svm,max,balanced,cached_mxbai,3109,1782210120.433792,,,
3465,0,svm,max,balanced,cached_mxbai,3110,1782210120.8406541,,,
8931,0,svm,max,balanced,cached_mxbai,3111,1782210121.2484903,,,
605,0,svm,max,balanced,cached_mxbai,3112,1782210121.6544948,,,
2321,0,svm,max,balanced,cached_mxbai,3113,1782210122.060024,,,
7671,0,svm,max,balanced,cached_mxbai,3114,1782210122.4755917,,,
4579,0,svm,max,balanced,cached_mxbai,3115,1782210122.891172,,,
10032,0,svm,max,balanced,cached_mxbai,3116,1782210123.314779,,,
2379,0,svm,max,balanced,cached_mxbai,3117,1782210123.7240615,,,
9903,0,svm,max,balanced,cached_mxbai,3118,1782210124.138892,,,
5849,0,svm,max,balanced,cached_mxbai,3119,1782210124.548419,,,
7937,0,svm,max,balanced,cached_mxbai,3120,1782210124.9538212,,,
4993,0,svm,max,balanced,cached_mxbai,3121,1782210125.3837655,,,
4125,0,svm,max,balanced,cached_mxbai,3122,1782210125.7906256,,,
9463,0,svm,max,balanced,cached_mxbai,3123,1782210126.2070842,,,
3103,0,svm,max,balanced,cached_mxbai,3124,1782210126.6199868,,,
7677,0,svm,max,balanced,cached_mxbai,3125,1782210127.0280032,,,
4254,0,svm,max,balanced,cached_mxbai,3126,1782210127.4399996,,,
1007,0,svm,max,balanced,cached_mxbai,3127,1782210127.8518631,,,
894,0,svm,max,balanced,cached_mxbai,3128,1782210128.2659526,,,
9587,0,svm,max,balanced,cached_mxbai,3129,1782210128.6836565,,,
5688,0,svm,max,balanced,cached_mxbai,3130,1782210129.0978348,,,
6218,0,svm,max,balanced,cached_mxbai,3131,1782210129.5117464,,,
2646,0,svm,max,balanced,cached_mxbai,3132,1782210129.9265342,,,
4776,0,svm,max,balanced,cached_mxbai,3133,1782210130.3435948,,,
1545,0,svm,max,balanced,cached_mxbai,3134,1782210130.7575688,,,
9983,0,svm,max,balanced,cached_mxbai,3135,1782210131.1704276,,,
8090,0,svm,max,balanced,cached_mxbai,3136,1782210131.5819168,,,
555,0,svm,max,balanced,cached_mxbai,3137,1782210131.992969,,,
3128,0,svm,max,balanced,cached_mxbai,3138,1782210132.4132745,,,
9546,0,svm,max,balanced,cached_mxbai,3139,1782210132.8233826,,,
8859,0,svm,max,balanced,cached_mxbai,3140,1782210133.239195,,,
6855,0,svm,max,balanced,cached_mxbai,3141,1782210133.660983,,,
4819,0,svm,max,balanced,cached_mxbai,3142,1782210134.0797884,,,
3746,0,svm,max,balanced,cached_mxbai,3143,1782210134.5011911,,,
2332,0,svm,max,balanced,cached_mxbai,3144,1782210134.9132621,,,
6715,0,svm,max,balanced,cached_mxbai,3145,1782210135.357912,,,
1399,0,svm,max,balanced,cached_mxbai,3146,1782210135.774422,,,
7731,0,svm,max,balanced,cached_mxbai,3147,1782210136.1910486,,,
7698,0,svm,max,balanced,cached_mxbai,3148,1782210136.612222,,,
7326,0,svm,max,balanced,cached_mxbai,3149,1782210137.0264077,,,
5390,0,svm,max,balanced,cached_mxbai,3150,1782210137.4536371,,,
5261,0,svm,max,balanced,cached_mxbai,3151,1782210137.8769536,,,
4556,0,svm,max,balanced,cached_mxbai,3152,1782210138.306489,,,
10163,0,svm,max,balanced,cached_mxbai,3153,1782210138.7316792,,,
8161,0,svm,max,balanced,cached_mxbai,3154,1782210139.1541712,,,
40,0,svm,max,balanced,cached_mxbai,3155,1782210139.592107,,,
3546,0,svm,max,balanced,cached_mxbai,3156,1782210140.017051,,,
6689,0,svm,max,balanced,cached_mxbai,3157,1782210140.444588,,,
9668,0,svm,max,balanced,cached_mxbai,3158,1782210140.8754458,,,
8856,0,svm,max,balanced,cached_mxbai,3159,1782210141.293496,,,
6474,0,svm,max,balanced,cached_mxbai,3160,1782210141.7147071,,,
4385,0,svm,max,balanced,cached_mxbai,3161,1782210142.1354005,,,
6698,0,svm,max,balanced,cached_mxbai,3162,1782210142.5608356,,,
3739,0,svm,max,balanced,cached_mxbai,3163,1782210142.9819767,,,
1940,0,svm,max,balanced,cached_mxbai,3164,1782210143.3924823,,,
1757,0,svm,max,balanced,cached_mxbai,3165,1782210143.806657,,,
7991,0,svm,max,balanced,cached_mxbai,3166,1782210144.2183702,,,
1503,0,svm,max,balanced,cached_mxbai,3167,1782210144.6374748,,,
4639,0,svm,max,balanced,cached_mxbai,3168,1782210145.0548236,,,
5640,0,svm,max,balanced,cached_mxbai,3169,1782210145.4866998,,,
7419,0,svm,max,balanced,cached_mxbai,3170,1782210145.9070466,,,
4321,0,svm,max,balanced,cached_mxbai,3171,1782210146.3252466,,,
7692,0,svm,max,balanced,cached_mxbai,3172,1782210146.7476587,,,
416,0,svm,max,balanced,cached_mxbai,3173,1782210147.1629982,,,
4408,0,svm,max,balanced,cached_mxbai,3174,1782210147.5805197,,,
2567,0,svm,max,balanced,cached_mxbai,3175,1782210147.9987597,,,
10198,0,svm,max,balanced,cached_mxbai,3176,1782210148.4239016,,,
3105,0,svm,max,balanced,cached_mxbai,3177,1782210148.8531437,,,
1551,0,svm,max,balanced,cached_mxbai,3178,1782210149.2727706,,,
9700,0,svm,max,balanced,cached_mxbai,3179,1782210149.710605,,,
3636,0,svm,max,balanced,cached_mxbai,3180,1782210150.1466477,,,
5431,0,svm,max,balanced,cached_mxbai,3181,1782210150.5808039,,,
100,0,svm,max,balanced,cached_mxbai,3182,1782210151.0112927,,,
1273,0,svm,max,balanced,cached_mxbai,3183,1782210151.4580455,,,
9858,0,svm,max,balanced,cached_mxbai,3184,1782210151.8851254,,,
5004,0,svm,max,balanced,cached_mxbai,3185,1782210152.3163264,,,
6144,0,svm,max,balanced,cached_mxbai,3186,1782210152.7365725,,,
7650,0,svm,max,balanced,cached_mxbai,3187,1782210153.1568363,,,
9053,0,svm,max,balanced,cached_mxbai,3188,1782210153.5834122,,,
1187,0,svm,max,balanced,cached_mxbai,3189,1782210154.0079026,,,
5127,0,svm,max,balanced,cached_mxbai,3190,1782210154.4321685,,,
4848,0,svm,max,balanced,cached_mxbai,3191,1782210154.8563275,,,
8207,0,svm,max,balanced,cached_mxbai,3192,1782210155.296581,,,
7674,0,svm,max,balanced,cached_mxbai,3193,1782210155.720503,,,
6081,0,svm,max,balanced,cached_mxbai,3194,1782210156.1363292,,,
3990,0,svm,max,balanced,cached_mxbai,3195,1782210156.5619063,,,
4178,0,svm,max,balanced,cached_mxbai,3196,1782210156.9836895,,,
5540,0,svm,max,balanced,cached_mxbai,3197,1782210157.413173,,,
3348,0,svm,max,balanced,cached_mxbai,3198,1782210157.8373277,,,
3365,0,svm,max,balanced,cached_mxbai,3199,1782210158.262771,,,
8414,0,svm,max,balanced,cached_mxbai,3200,1782210158.690632,,,
1924,0,svm,max,balanced,cached_mxbai,3201,1782210159.1150608,,,
7449,0,svm,max,balanced,cached_mxbai,3202,1782210159.534678,,,
3051,0,svm,max,balanced,cached_mxbai,3203,1782210159.9608119,,,
10269,0,svm,max,balanced,cached_mxbai,3204,1782210160.3853023,,,
4583,0,svm,max,balanced,cached_mxbai,3205,1782210160.815722,,,
4802,0,svm,max,balanced,cached_mxbai,3206,1782210161.2339404,,,
3681,0,svm,max,balanced,cached_mxbai,3207,1782210161.6690793,,,
162,0,svm,max,balanced,cached_mxbai,3208,1782210162.1006505,,,
949,0,svm,max,balanced,cached_mxbai,3209,1782210162.5294883,,,
128,0,svm,max,balanced,cached_mxbai,3210,1782210162.9548736,,,
6373,0,svm,max,balanced,cached_mxbai,3211,1782210163.3755827,,,
2197,0,svm,max,balanced,cached_mxbai,3212,1782210163.79683,,,
4904,0,svm,max,balanced,cached_mxbai,3213,1782210164.221862,,,
6584,0,svm,max,balanced,cached_mxbai,3214,1782210164.652617,,,
337,0,svm,max,balanced,cached_mxbai,3215,1782210165.0856762,,,
5546,0,svm,max,balanced,cached_mxbai,3216,1782210165.5254946,,,
8715,0,svm,max,balanced,cached_mxbai,3217,1782210165.9540343,,,
3258,0,svm,max,balanced,cached_mxbai,3218,1782210166.385023,,,
8181,0,svm,max,balanced,cached_mxbai,3219,1782210166.8132517,,,
673,0,svm,max,balanced,cached_mxbai,3220,1782210167.2361329,,,
7783,0,svm,max,balanced,cached_mxbai,3221,1782210167.662081,,,
8287,0,svm,max,balanced,cached_mxbai,3222,1782210168.0907714,,,
8173,0,svm,max,balanced,cached_mxbai,3223,1782210168.5689654,,,
4833,0,svm,max,balanced,cached_mxbai,3224,1782210169.0556955,,,
6939,0,svm,max,balanced,cached_mxbai,3225,1782210169.4845488,,,
3437,0,svm,max,balanced,cached_mxbai,3226,1782210169.909622,,,
7533,0,svm,max,balanced,cached_mxbai,3227,1782210170.335887,,,
3896,0,svm,max,balanced,cached_mxbai,3228,1782210170.7649217,,,
1331,0,svm,max,balanced,cached_mxbai,3229,1782210171.2414613,,,
1137,0,svm,max,balanced,cached_mxbai,3230,1782210171.717777,,,
8409,0,svm,max,balanced,cached_mxbai,3231,1782210172.19774,,,
7608,0,svm,max,balanced,cached_mxbai,3232,1782210172.681369,,,
5730,0,svm,max,balanced,cached_mxbai,3233,1782210173.1643026,,,
7532,0,svm,max,balanced,cached_mxbai,3234,1782210173.6421275,,,
3964,0,svm,max,balanced,cached_mxbai,3235,1782210174.1210268,,,
4940,0,svm,max,balanced,cached_mxbai,3236,1782210174.5945415,,,
2700,0,svm,max,balanced,cached_mxbai,3237,1782210175.0208738,,,
5073,0,svm,max,balanced,cached_mxbai,3238,1782210175.4555876,,,
5889,0,svm,max,balanced,cached_mxbai,3239,1782210175.8815804,,,
4401,0,svm,max,balanced,cached_mxbai,3240,1782210176.3079817,,,
3172,0,svm,max,balanced,cached_mxbai,3241,1782210176.7347398,,,
3149,0,svm,max,balanced,cached_mxbai,3242,1782210177.1674533,,,
3567,0,svm,max,balanced,cached_mxbai,3243,1782210177.6020918,,,
6252,0,svm,max,balanced,cached_mxbai,3244,1782210178.0309443,,,
4794,0,svm,max,balanced,cached_mxbai,3245,1782210178.4596252,,,
7807,0,svm,max,balanced,cached_mxbai,3246,1782210178.8986225,,,
956,0,svm,max,balanced,cached_mxbai,3247,1782210179.332005,,,
8565,0,svm,max,balanced,cached_mxbai,3248,1782210179.7680585,,,
3910,0,svm,max,balanced,cached_mxbai,3249,1782210180.2010715,,,
2587,0,svm,max,balanced,cached_mxbai,3250,1782210180.6291578,,,
5545,0,svm,max,balanced,cached_mxbai,3251,1782210181.055022,,,
797,0,svm,max,balanced,cached_mxbai,3252,1782210181.483145,,,
198,0,svm,max,balanced,cached_mxbai,3253,1782210181.912952,,,
7696,0,svm,max,balanced,cached_mxbai,3254,1782210182.34179,,,
7429,0,svm,max,balanced,cached_mxbai,3255,1782210182.7676435,,,
2766,0,svm,max,balanced,cached_mxbai,3256,1782210183.1962202,,,
8264,0,svm,max,balanced,cached_mxbai,3257,1782210183.6285899,,,
7472,0,svm,max,balanced,cached_mxbai,3258,1782210184.0566118,,,
7437,0,svm,max,balanced,cached_mxbai,3259,1782210184.5000956,,,
4780,0,svm,max,balanced,cached_mxbai,3260,1782210184.942441,,,
6052,0,svm,max,balanced,cached_mxbai,3261,1782210185.4116154,,,
5101,0,svm,max,balanced,cached_mxbai,3262,1782210185.8476837,,,
3678,0,svm,max,balanced,cached_mxbai,3263,1782210186.2795203,,,
5993,0,svm,max,balanced,cached_mxbai,3264,1782210186.7146494,,,
7886,0,svm,max,balanced,cached_mxbai,3265,1782210187.1512117,,,
5109,0,svm,max,balanced,cached_mxbai,3266,1782210187.5909219,,,
2569,0,svm,max,balanced,cached_mxbai,3267,1782210188.0258293,,,
5162,0,svm,max,balanced,cached_mxbai,3268,1782210188.4606616,,,
4405,0,svm,max,balanced,cached_mxbai,3269,1782210188.9200556,,,
936,0,svm,max,balanced,cached_mxbai,3270,1782210189.3747275,,,
4084,0,svm,max,balanced,cached_mxbai,3271,1782210189.8293135,,,
8568,0,svm,max,balanced,cached_mxbai,3272,1782210190.2629068,,,
3275,0,svm,max,balanced,cached_mxbai,3273,1782210190.7014573,,,
6586,0,svm,max,balanced,cached_mxbai,3274,1782210191.1882682,,,
8051,0,svm,max,balanced,cached_mxbai,3275,1782210191.6736956,,,
1673,0,svm,max,balanced,cached_mxbai,3276,1782210192.1625404,,,
9555,0,svm,max,balanced,cached_mxbai,3277,1782210192.5991585,,,
4174,0,svm,max,balanced,cached_mxbai,3278,1782210193.0864587,,,
794,0,svm,max,balanced,cached_mxbai,3279,1782210193.5730186,,,
7621,0,svm,max,balanced,cached_mxbai,3280,1782210194.0609205,,,
6578,0,svm,max,balanced,cached_mxbai,3281,1782210194.5440772,,,
6927,0,svm,max,balanced,cached_mxbai,3282,1782210195.0379767,,,
4656,0,svm,max,balanced,cached_mxbai,3283,1782210195.4966598,,,
8203,0,svm,max,balanced,cached_mxbai,3284,1782210195.9871054,,,
7042,0,svm,max,balanced,cached_mxbai,3285,1782210196.425529,,,
2203,0,svm,max,balanced,cached_mxbai,3286,1782210196.8596241,,,
3473,0,svm,max,balanced,cached_mxbai,3287,1782210197.2921784,,,
3113,0,svm,max,balanced,cached_mxbai,3288,1782210197.7249455,,,
2872,0,svm,max,balanced,cached_mxbai,3289,1782210198.1568823,,,
4603,0,svm,max,balanced,cached_mxbai,3290,1782210198.5924745,,,
155,0,svm,max,balanced,cached_mxbai,3291,1782210199.0296173,,,
3522,0,svm,max,balanced,cached_mxbai,3292,1782210199.4625168,,,
2917,0,svm,max,balanced,cached_mxbai,3293,1782210199.900211,,,
2414,0,svm,max,balanced,cached_mxbai,3294,1782210200.3375542,,,
6737,0,svm,max,balanced,cached_mxbai,3295,1782210200.7737138,,,
7386,0,svm,max,balanced,cached_mxbai,3296,1782210201.2053227,,,
4263,0,svm,max,balanced,cached_mxbai,3297,1782210201.6404636,,,
7788,0,svm,max,balanced,cached_mxbai,3298,1782210202.0875518,,,
1618,0,svm,max,balanced,cached_mxbai,3299,1782210202.526431,,,
10199,0,svm,max,balanced,cached_mxbai,3300,1782210202.9567099,,,
4835,0,svm,max,balanced,cached_mxbai,3301,1782210203.3912382,,,
1515,0,svm,max,balanced,cached_mxbai,3302,1782210203.8351293,,,
8818,0,svm,max,balanced,cached_mxbai,3303,1782210204.2856193,,,
112,0,svm,max,balanced,cached_mxbai,3304,1782210204.736055,,,
6348,0,svm,max,balanced,cached_mxbai,3305,1782210205.178334,,,
9863,0,svm,max,balanced,cached_mxbai,3306,1782210205.6456974,,,
230,0,svm,max,balanced,cached_mxbai,3307,1782210206.079176,,,
3719,0,svm,max,balanced,cached_mxbai,3308,1782210206.5134163,,,
9427,0,svm,max,balanced,cached_mxbai,3309,1782210206.9561353,,,
354,0,svm,max,balanced,cached_mxbai,3310,1782210207.3993824,,,
5118,0,svm,max,balanced,cached_mxbai,3311,1782210207.8470871,,,
3453,0,svm,max,balanced,cached_mxbai,3312,1782210208.2929506,,,
4998,0,svm,max,balanced,cached_mxbai,3313,1782210208.7458076,,,
2028,0,svm,max,balanced,cached_mxbai,3314,1782210209.1887598,,,
7936,0,svm,max,balanced,cached_mxbai,3315,1782210209.6417136,,,
2270,0,svm,max,balanced,cached_mxbai,3316,1782210210.0854185,,,
4934,0,svm,max,balanced,cached_mxbai,3317,1782210210.532096,,,
3706,0,svm,max,balanced,cached_mxbai,3318,1782210210.9760213,,,
630,0,svm,max,balanced,cached_mxbai,3319,1782210211.4233625,,,
7436,0,svm,max,balanced,cached_mxbai,3320,1782210211.8692904,,,
4146,0,svm,max,balanced,cached_mxbai,3321,1782210212.3136053,,,
4512,0,svm,max,balanced,cached_mxbai,3322,1782210212.756938,,,
2855,0,svm,max,balanced,cached_mxbai,3323,1782210213.203622,,,
4433,0,svm,max,balanced,cached_mxbai,3324,1782210213.6489677,,,
2250,0,svm,max,balanced,cached_mxbai,3325,1782210214.0917268,,,
3621,0,svm,max,balanced,cached_mxbai,3326,1782210214.5366106,,,
441,0,svm,max,balanced,cached_mxbai,3327,1782210214.982134,,,
1701,0,svm,max,balanced,cached_mxbai,3328,1782210215.4431007,,,
601,0,svm,max,balanced,cached_mxbai,3329,1782210215.8878782,,,
4623,0,svm,max,balanced,cached_mxbai,3330,1782210216.3378937,,,
4071,0,svm,max,balanced,cached_mxbai,3331,1782210216.7908435,,,
6666,0,svm,max,balanced,cached_mxbai,3332,1782210217.2399342,,,
618,0,svm,max,balanced,cached_mxbai,3333,1782210217.6981063,,,
4005,0,svm,max,balanced,cached_mxbai,3334,1782210218.144955,,,
4897,0,svm,max,balanced,cached_mxbai,3335,1782210218.60186,,,
411,0,svm,max,balanced,cached_mxbai,3336,1782210219.0516233,,,
830,0,svm,max,balanced,cached_mxbai,3337,1782210219.5139081,,,
4864,0,svm,max,balanced,cached_mxbai,3338,1782210219.982892,,,
6405,0,svm,max,balanced,cached_mxbai,3339,1782210220.440457,,,
5878,0,svm,max,balanced,cached_mxbai,3340,1782210220.8967505,,,
1091,0,svm,max,balanced,cached_mxbai,3341,1782210221.3486567,,,
7224,0,svm,max,balanced,cached_mxbai,3342,1782210221.7977557,,,
7015,0,svm,max,balanced,cached_mxbai,3343,1782210222.2467704,,,
8773,0,svm,max,balanced,cached_mxbai,3344,1782210222.7069294,,,
9179,0,svm,max,balanced,cached_mxbai,3345,1782210223.1582239,,,
9163,0,svm,max,balanced,cached_mxbai,3346,1782210223.610639,,,
7316,0,svm,max,balanced,cached_mxbai,3347,1782210224.0600185,,,
5892,0,svm,max,balanced,cached_mxbai,3348,1782210224.510827,,,
4739,0,svm,max,balanced,cached_mxbai,3349,1782210224.9628603,,,
8406,0,svm,max,balanced,cached_mxbai,3350,1782210225.447704,,,
8576,0,svm,max,balanced,cached_mxbai,3351,1782210225.9075913,,,
9373,0,svm,max,balanced,cached_mxbai,3352,1782210226.356193,,,
9140,0,svm,max,balanced,cached_mxbai,3353,1782210226.810022,,,
4777,0,svm,max,balanced,cached_mxbai,3354,1782210227.260673,,,
1340,0,svm,max,balanced,cached_mxbai,3355,1782210227.7150257,,,
3860,0,svm,max,balanced,cached_mxbai,3356,1782210228.169674,,,
7234,0,svm,max,balanced,cached_mxbai,3357,1782210228.6298401,,,
8947,0,svm,max,balanced,cached_mxbai,3358,1782210229.0880136,,,
8327,0,svm,max,balanced,cached_mxbai,3359,1782210229.5489488,,,
4641,0,svm,max,balanced,cached_mxbai,3360,1782210230.0023167,,,
1395,0,svm,max,balanced,cached_mxbai,3361,1782210230.4581945,,,
5158,0,svm,max,balanced,cached_mxbai,3362,1782210230.916109,,,
8728,0,svm,max,balanced,cached_mxbai,3363,1782210231.372798,,,
6728,0,svm,max,balanced,cached_mxbai,3364,1782210231.8263981,,,
659,0,svm,max,balanced,cached_mxbai,3365,1782210232.2858355,,,
7004,0,svm,max,balanced,cached_mxbai,3366,1782210232.7404385,,,
3985,0,svm,max,balanced,cached_mxbai,3367,1782210233.2008398,,,
9327,0,svm,max,balanced,cached_mxbai,3368,1782210233.654791,,,
3325,0,svm,max,balanced,cached_mxbai,3369,1782210234.110115,,,
270,0,svm,max,balanced,cached_mxbai,3370,1782210234.565142,,,
10366,0,svm,max,balanced,cached_mxbai,3371,1782210235.024042,,,
3086,0,svm,max,balanced,cached_mxbai,3372,1782210235.492844,,,
4387,0,svm,max,balanced,cached_mxbai,3373,1782210235.9468176,,,
36,0,svm,max,balanced,cached_mxbai,3374,1782210236.401915,,,
7892,0,svm,max,balanced,cached_mxbai,3375,1782210236.8597138,,,
4594,0,svm,max,balanced,cached_mxbai,3376,1782210237.3277688,,,
754,0,svm,max,balanced,cached_mxbai,3377,1782210237.7863955,,,
9626,0,svm,max,balanced,cached_mxbai,3378,1782210238.2406344,,,
5123,0,svm,max,balanced,cached_mxbai,3379,1782210238.716573,,,
4756,0,svm,max,balanced,cached_mxbai,3380,1782210239.1675172,,,
6662,0,svm,max,balanced,cached_mxbai,3381,1782210239.631781,,,
9336,0,svm,max,balanced,cached_mxbai,3382,1782210240.0924377,,,
6262,0,svm,max,balanced,cached_mxbai,3383,1782210240.553771,,,
225,0,svm,max,balanced,cached_mxbai,3384,1782210241.00932,,,
6756,0,svm,max,balanced,cached_mxbai,3385,1782210241.4676743,,,
4220,0,svm,max,balanced,cached_mxbai,3386,1782210241.9266653,,,
1207,0,svm,max,balanced,cached_mxbai,3387,1782210242.3819985,,,
3773,0,svm,max,balanced,cached_mxbai,3388,1782210242.8418655,,,
2372,0,svm,max,balanced,cached_mxbai,3389,1782210243.2961154,,,
4704,0,svm,max,balanced,cached_mxbai,3390,1782210243.7550263,,,
6554,0,svm,max,balanced,cached_mxbai,3391,1782210244.2080493,,,
5105,0,svm,max,balanced,cached_mxbai,3392,1782210244.6678007,,,
5806,0,svm,max,balanced,cached_mxbai,3393,1782210245.130652,,,
9721,0,svm,max,balanced,cached_mxbai,3394,1782210245.604026,,,
3545,0,svm,max,balanced,cached_mxbai,3395,1782210246.064687,,,
4850,0,svm,max,balanced,cached_mxbai,3396,1782210246.5254772,,,
4074,0,svm,max,balanced,cached_mxbai,3397,1782210246.9897974,,,
1132,0,svm,max,balanced,cached_mxbai,3398,1782210247.4492986,,,
1195,0,svm,max,balanced,cached_mxbai,3399,1782210247.9110475,,,
7757,0,svm,max,balanced,cached_mxbai,3400,1782210248.37085,,,
4199,0,svm,max,balanced,cached_mxbai,3401,1782210248.8367856,,,
3287,0,svm,max,balanced,cached_mxbai,3402,1782210249.2982273,,,
5420,0,svm,max,balanced,cached_mxbai,3403,1782210249.7680247,,,
8611,0,svm,max,balanced,cached_mxbai,3404,1782210250.2289271,,,
878,0,svm,max,balanced,cached_mxbai,3405,1782210250.6915085,,,
7053,0,svm,max,balanced,cached_mxbai,3406,1782210251.1500127,,,
3975,0,svm,max,balanced,cached_mxbai,3407,1782210251.6085181,,,
4922,0,svm,max,balanced,cached_mxbai,3408,1782210252.0653145,,,
4009,0,svm,max,balanced,cached_mxbai,3409,1782210252.5281062,,,
7883,0,svm,max,balanced,cached_mxbai,3410,1782210252.994597,,,
10020,0,svm,max,balanced,cached_mxbai,3411,1782210253.4561298,,,
3620,0,svm,max,balanced,cached_mxbai,3412,1782210253.9201398,,,
6731,0,svm,max,balanced,cached_mxbai,3413,1782210254.3840098,,,
5882,0,svm,max,balanced,cached_mxbai,3414,1782210254.8536813,,,
4891,0,svm,max,balanced,cached_mxbai,3415,1782210255.3360896,,,
7746,0,svm,max,balanced,cached_mxbai,3416,1782210255.8011656,,,
2551,0,svm,max,balanced,cached_mxbai,3417,1782210256.2614434,,,
5192,0,svm,max,balanced,cached_mxbai,3418,1782210256.7278974,,,
3573,0,svm,max,balanced,cached_mxbai,3419,1782210257.1879861,,,
671,0,svm,max,balanced,cached_mxbai,3420,1782210257.6603446,,,
4171,0,svm,max,balanced,cached_mxbai,3421,1782210258.120118,,,
1477,0,svm,max,balanced,cached_mxbai,3422,1782210258.5862997,,,
7123,0,svm,max,balanced,cached_mxbai,3423,1782210259.0513132,,,
4384,0,svm,max,balanced,cached_mxbai,3424,1782210259.514097,,,
4572,0,svm,max,balanced,cached_mxbai,3425,1782210259.9810185,,,
10017,0,svm,max,balanced,cached_mxbai,3426,1782210260.4395301,,,
3907,0,svm,max,balanced,cached_mxbai,3427,1782210260.9103882,,,
3765,0,svm,max,balanced,cached_mxbai,3428,1782210261.3731747,,,
522,0,svm,max,balanced,cached_mxbai,3429,1782210261.8390222,,,
6772,0,svm,max,balanced,cached_mxbai,3430,1782210262.304013,,,
8466,0,svm,max,balanced,cached_mxbai,3431,1782210262.7733757,,,
10126,0,svm,max,balanced,cached_mxbai,3432,1782210263.2423053,,,
3948,0,svm,max,balanced,cached_mxbai,3433,1782210263.7091575,,,
4883,0,svm,max,balanced,cached_mxbai,3434,1782210264.1778867,,,
7700,0,svm,max,balanced,cached_mxbai,3435,1782210264.641986,,,
3824,0,svm,max,balanced,cached_mxbai,3436,1782210265.1176443,,,
6057,0,svm,max,balanced,cached_mxbai,3437,1782210265.6083324,,,
3766,0,svm,max,balanced,cached_mxbai,3438,1782210266.076586,,,
167,0,svm,max,balanced,cached_mxbai,3439,1782210266.53644,,,
4832,0,svm,max,balanced,cached_mxbai,3440,1782210267.0046132,,,
4430,0,svm,max,balanced,cached_mxbai,3441,1782210267.4681582,,,
3499,0,svm,max,balanced,cached_mxbai,3442,1782210267.9328756,,,
6290,0,svm,max,balanced,cached_mxbai,3443,1782210268.3972194,,,
4439,0,svm,max,balanced,cached_mxbai,3444,1782210268.8669634,,,
9619,0,svm,max,balanced,cached_mxbai,3445,1782210269.3297925,,,
6814,0,svm,max,balanced,cached_mxbai,3446,1782210269.796033,,,
674,0,svm,max,balanced,cached_mxbai,3447,1782210270.2597418,,,
3263,0,svm,max,balanced,cached_mxbai,3448,1782210270.7311687,,,
8785,0,svm,max,balanced,cached_mxbai,3449,1782210271.2003362,,,
4170,0,svm,max,balanced,cached_mxbai,3450,1782210271.6676679,,,
6221,0,svm,max,balanced,cached_mxbai,3451,1782210272.1333115,,,
7221,0,svm,max,balanced,cached_mxbai,3452,1782210272.6016467,,,
4060,0,svm,max,balanced,cached_mxbai,3453,1782210273.0670786,,,
7782,0,svm,max,balanced,cached_mxbai,3454,1782210273.5319064,,,
5906,0,svm,max,balanced,cached_mxbai,3455,1782210274.0013337,,,
3978,0,svm,max,balanced,cached_mxbai,3456,1782210274.4651308,,,
9939,0,svm,max,balanced,cached_mxbai,3457,1782210274.9341416,,,
108,0,svm,max,balanced,cached_mxbai,3458,1782210275.4288316,,,
3189,0,svm,max,balanced,cached_mxbai,3459,1782210275.8987193,,,
9426,0,svm,max,balanced,cached_mxbai,3460,1782210276.364877,,,
9331,0,svm,max,balanced,cached_mxbai,3461,1782210276.8343332,,,
651,0,svm,max,balanced,cached_mxbai,3462,1782210277.303143,,,
7581,0,svm,max,balanced,cached_mxbai,3463,1782210277.7704377,,,
1612,0,svm,max,balanced,cached_mxbai,3464,1782210278.240419,,,
4691,0,svm,max,balanced,cached_mxbai,3465,1782210278.7145154,,,
763,0,svm,max,balanced,cached_mxbai,3466,1782210279.1926792,,,
7606,0,svm,max,balanced,cached_mxbai,3467,1782210279.6576035,,,
2805,0,svm,max,balanced,cached_mxbai,3468,1782210280.1630983,,,
4509,0,svm,max,balanced,cached_mxbai,3469,1782210280.6507912,,,
1144,0,svm,max,balanced,cached_mxbai,3470,1782210281.1238892,,,
3979,0,svm,max,balanced,cached_mxbai,3471,1782210281.586662,,,
10332,0,svm,max,balanced,cached_mxbai,3472,1782210282.055613,,,
7657,0,svm,max,balanced,cached_mxbai,3473,1782210282.5214968,,,
4248,0,svm,max,balanced,cached_mxbai,3474,1782210283.0068204,,,
6868,0,svm,max,balanced,cached_mxbai,3475,1782210283.477313,,,
2344,0,svm,max,balanced,cached_mxbai,3476,1782210283.9520283,,,
3596,0,svm,max,balanced,cached_mxbai,3477,1782210284.4174933,,,
5659,0,svm,max,balanced,cached_mxbai,3478,1782210284.8979752,,,
2949,0,svm,max,balanced,cached_mxbai,3479,1782210285.4030738,,,
2415,0,svm,max,balanced,cached_mxbai,3480,1782210285.883868,,,
3875,0,svm,max,balanced,cached_mxbai,3481,1782210286.3539743,,,
4849,0,svm,max,balanced,cached_mxbai,3482,1782210286.8333,,,
2215,0,svm,max,balanced,cached_mxbai,3483,1782210287.3053203,,,
3214,0,svm,max,balanced,cached_mxbai,3484,1782210287.778304,,,
3589,0,svm,max,balanced,cached_mxbai,3485,1782210288.2543867,,,
7494,0,svm,max,balanced,cached_mxbai,3486,1782210288.7309117,,,
1495,0,svm,max,balanced,cached_mxbai,3487,1782210289.2102191,,,
6567,0,svm,max,balanced,cached_mxbai,3488,1782210289.6811566,,,
1478,0,svm,max,balanced,cached_mxbai,3489,1782210290.156575,,,
772,0,svm,max,balanced,cached_mxbai,3490,1782210290.6306722,,,
7729,0,svm,max,balanced,cached_mxbai,3491,1782210291.1079447,,,
5829,0,svm,max,balanced,cached_mxbai,3492,1782210291.58092,,,
3060,0,svm,max,balanced,cached_mxbai,3493,1782210292.056366,,,
2460,0,svm,max,balanced,cached_mxbai,3494,1782210292.5297642,,,
1140,0,svm,max,balanced,cached_mxbai,3495,1782210293.001095,,,
3884,0,svm,max,balanced,cached_mxbai,3496,1782210293.4815404,,,
8157,0,svm,max,balanced,cached_mxbai,3497,1782210293.9581463,,,
9458,0,svm,max,balanced,cached_mxbai,3498,1782210294.438808,,,
5133,0,svm,max,balanced,cached_mxbai,3499,1782210294.9176333,,,
4347,0,svm,max,balanced,cached_mxbai,3500,1782210295.4072106,,,
2229,0,svm,max,balanced,cached_mxbai,3501,1782210295.888673,,,
1359,0,svm,max,balanced,cached_mxbai,3502,1782210296.3699496,,,
6206,0,svm,max,balanced,cached_mxbai,3503,1782210296.848971,,,
3410,0,svm,max,balanced,cached_mxbai,3504,1782210297.340847,,,
1801,0,svm,max,balanced,cached_mxbai,3505,1782210297.8128476,,,
5770,0,svm,max,balanced,cached_mxbai,3506,1782210298.2882774,,,
3613,0,svm,max,balanced,cached_mxbai,3507,1782210298.7651303,,,
1624,0,svm,max,balanced,cached_mxbai,3508,1782210299.2436984,,,
5195,0,svm,max,balanced,cached_mxbai,3509,1782210299.7228873,,,
3337,0,svm,max,balanced,cached_mxbai,3510,1782210300.201632,,,
10284,0,svm,max,balanced,cached_mxbai,3511,1782210300.6894126,,,
2464,0,svm,max,balanced,cached_mxbai,3512,1782210301.1706061,,,
8130,0,svm,max,balanced,cached_mxbai,3513,1782210301.6488514,,,
5607,0,svm,max,balanced,cached_mxbai,3514,1782210302.1278305,,,
6247,0,svm,max,balanced,cached_mxbai,3515,1782210302.6005719,,,
374,0,svm,max,balanced,cached_mxbai,3516,1782210303.0808818,,,
2351,0,svm,max,balanced,cached_mxbai,3517,1782210303.5595655,,,
9375,0,svm,max,balanced,cached_mxbai,3518,1782210304.0374925,,,
4075,0,svm,max,balanced,cached_mxbai,3519,1782210304.514766,,,
4590,0,svm,max,balanced,cached_mxbai,3520,1782210304.993868,,,
1783,0,svm,max,balanced,cached_mxbai,3521,1782210305.4830298,,,
10089,0,svm,max,balanced,cached_mxbai,3522,1782210305.9635766,,,
4027,0,svm,max,balanced,cached_mxbai,3523,1782210306.4402885,,,
10331,0,svm,max,balanced,cached_mxbai,3524,1782210306.929759,,,
5006,0,svm,max,balanced,cached_mxbai,3525,1782210307.406708,,,
8641,0,svm,max,balanced,cached_mxbai,3526,1782210307.886749,,,
3276,0,svm,max,balanced,cached_mxbai,3527,1782210308.3646133,,,
8000,0,svm,max,balanced,cached_mxbai,3528,1782210308.8465383,,,
9469,0,svm,max,balanced,cached_mxbai,3529,1782210309.3245187,,,
9734,0,svm,max,balanced,cached_mxbai,3530,1782210309.801277,,,
6142,0,svm,max,balanced,cached_mxbai,3531,1782210310.279086,,,
5980,0,svm,max,balanced,cached_mxbai,3532,1782210310.7646477,,,
3356,0,svm,max,balanced,cached_mxbai,3533,1782210311.2480495,,,
1913,0,svm,max,balanced,cached_mxbai,3534,1782210311.720119,,,
7325,0,svm,max,balanced,cached_mxbai,3535,1782210312.196941,,,
5191,0,svm,max,balanced,cached_mxbai,3536,1782210312.6689334,,,
4024,0,svm,max,balanced,cached_mxbai,3537,1782210313.1474195,,,
4059,0,svm,max,balanced,cached_mxbai,3538,1782210313.6227157,,,
2496,0,svm,max,balanced,cached_mxbai,3539,1782210314.10196,,,
4239,0,svm,max,balanced,cached_mxbai,3540,1782210314.5790596,,,
9300,0,svm,max,balanced,cached_mxbai,3541,1782210315.068414,,,
7645,0,svm,max,balanced,cached_mxbai,3542,1782210315.5707855,,,
9523,0,svm,max,balanced,cached_mxbai,3543,1782210316.063376,,,
4906,0,svm,max,balanced,cached_mxbai,3544,1782210316.553718,,,
1180,0,svm,max,balanced,cached_mxbai,3545,1782210317.0372388,,,
6498,0,svm,max,balanced,cached_mxbai,3546,1782210317.5175984,,,
9898,0,svm,max,balanced,cached_mxbai,3547,1782210317.9956021,,,
2438,0,svm,max,balanced,cached_mxbai,3548,1782210318.4725077,,,
1868,0,svm,max,balanced,cached_mxbai,3549,1782210318.9549937,,,
10260,0,svm,max,balanced,cached_mxbai,3550,1782210319.4356,,,
1881,0,svm,max,balanced,cached_mxbai,3551,1782210319.9173417,,,
6742,0,svm,max,balanced,cached_mxbai,3552,1782210320.3959134,,,
3069,0,svm,max,balanced,cached_mxbai,3553,1782210320.8740494,,,
10371,0,svm,max,balanced,cached_mxbai,3554,1782210321.3827386,,,
935,0,svm,max,balanced,cached_mxbai,3555,1782210321.8640108,,,
6571,0,svm,max,balanced,cached_mxbai,3556,1782210322.3450556,,,
6610,0,svm,max,balanced,cached_mxbai,3557,1782210322.824582,,,
6341,0,svm,max,balanced,cached_mxbai,3558,1782210323.3138156,,,
4858,0,svm,max,balanced,cached_mxbai,3559,1782210323.7957447,,,
7138,0,svm,max,balanced,cached_mxbai,3560,1782210324.2808921,,,
5641,0,svm,max,balanced,cached_mxbai,3561,1782210324.760654,,,
991,0,svm,max,balanced,cached_mxbai,3562,1782210325.263462,,,
7999,0,svm,max,balanced,cached_mxbai,3563,1782210325.7456264,,,
10562,0,svm,max,balanced,cached_mxbai,3564,1782210326.2226202,,,
300,0,svm,max,balanced,cached_mxbai,3565,1782210326.703324,,,
4644,0,svm,max,balanced,cached_mxbai,3566,1782210327.1844075,,,
10544,0,svm,max,balanced,cached_mxbai,3567,1782210327.6670709,,,
9175,0,svm,max,balanced,cached_mxbai,3568,1782210328.1529038,,,
4067,0,svm,max,balanced,cached_mxbai,3569,1782210328.6381996,,,
2789,0,svm,max,balanced,cached_mxbai,3570,1782210329.1252952,,,
5065,0,svm,max,balanced,cached_mxbai,3571,1782210329.6103854,,,
7218,0,svm,max,balanced,cached_mxbai,3572,1782210330.0912642,,,
7509,0,svm,max,balanced,cached_mxbai,3573,1782210330.5759766,,,
9072,0,svm,max,balanced,cached_mxbai,3574,1782210331.0632358,,,
10434,0,svm,max,balanced,cached_mxbai,3575,1782210331.5604992,,,
6944,0,svm,max,balanced,cached_mxbai,3576,1782210332.04453,,,
718,0,svm,max,balanced,cached_mxbai,3577,1782210332.5255766,,,
3269,0,svm,max,balanced,cached_mxbai,3578,1782210333.0100887,,,
2515,0,svm,max,balanced,cached_mxbai,3579,1782210333.492061,,,
8585,0,svm,max,balanced,cached_mxbai,3580,1782210333.9745317,,,
6998,0,svm,max,balanced,cached_mxbai,3581,1782210334.458046,,,
2130,0,svm,max,balanced,cached_mxbai,3582,1782210334.9395363,,,
4312,0,svm,max,balanced,cached_mxbai,3583,1782210335.4462414,,,
2211,0,svm,max,balanced,cached_mxbai,3584,1782210335.9261181,,,
5796,0,svm,max,balanced,cached_mxbai,3585,1782210336.410947,,,
10468,0,svm,max,balanced,cached_mxbai,3586,1782210336.892871,,,
6294,0,svm,max,balanced,cached_mxbai,3587,1782210337.3797095,,,
7755,0,svm,max,balanced,cached_mxbai,3588,1782210337.8651466,,,
8357,0,svm,max,balanced,cached_mxbai,3589,1782210338.3555632,,,
9729,0,svm,max,balanced,cached_mxbai,3590,1782210338.8412776,,,
49,0,svm,max,balanced,cached_mxbai,3591,1782210339.331227,,,
5885,0,svm,max,balanced,cached_mxbai,3592,1782210339.8175535,,,
3304,0,svm,max,balanced,cached_mxbai,3593,1782210340.3019114,,,
6890,0,svm,max,balanced,cached_mxbai,3594,1782210340.7858493,,,
1065,0,svm,max,balanced,cached_mxbai,3595,1782210341.270248,,,
395,0,svm,max,balanced,cached_mxbai,3596,1782210341.7511053,,,
5855,0,svm,max,balanced,cached_mxbai,3597,1782210342.2349381,,,
4665,0,svm,max,balanced,cached_mxbai,3598,1782210342.7174282,,,
5528,0,svm,max,balanced,cached_mxbai,3599,1782210343.2056277,,,
1268,0,svm,max,balanced,cached_mxbai,3600,1782210343.6879742,,,
5582,0,svm,max,balanced,cached_mxbai,3601,1782210344.1728904,,,
3303,0,svm,max,balanced,cached_mxbai,3602,1782210344.6554222,,,
3807,0,svm,max,balanced,cached_mxbai,3603,1782210345.1499367,,,
4899,0,svm,max,balanced,cached_mxbai,3604,1782210345.662302,,,
1903,0,svm,max,balanced,cached_mxbai,3605,1782210346.1518383,,,
3518,0,svm,max,balanced,cached_mxbai,3606,1782210346.6424267,,,
7124,0,svm,max,balanced,cached_mxbai,3607,1782210347.129965,,,
9784,0,svm,max,balanced,cached_mxbai,3608,1782210347.6157293,,,
3911,0,svm,max,balanced,cached_mxbai,3609,1782210348.101518,,,
7528,0,svm,max,balanced,cached_mxbai,3610,1782210348.5934844,,,
9223,0,svm,max,balanced,cached_mxbai,3611,1782210349.1023867,,,
2445,0,svm,max,balanced,cached_mxbai,3612,1782210349.5973444,,,
8783,0,svm,max,balanced,cached_mxbai,3613,1782210350.0849223,,,
7444,0,svm,max,balanced,cached_mxbai,3614,1782210350.5695713,,,
924,0,svm,max,balanced,cached_mxbai,3615,1782210351.0542028,,,
4681,0,svm,max,balanced,cached_mxbai,3616,1782210351.542199,,,
5156,0,svm,max,balanced,cached_mxbai,3617,1782210352.026588,,,
3463,0,svm,max,balanced,cached_mxbai,3618,1782210352.51258,,,
10541,0,svm,max,balanced,cached_mxbai,3619,1782210353.0015244,,,
1301,0,svm,max,balanced,cached_mxbai,3620,1782210353.4923878,,,
7037,0,svm,max,balanced,cached_mxbai,3621,1782210353.9817734,,,
1332,0,svm,max,balanced,cached_mxbai,3622,1782210354.470519,,,
6368,0,svm,max,balanced,cached_mxbai,3623,1782210354.9581478,,,
3652,0,svm,max,balanced,cached_mxbai,3624,1782210355.464255,,,
3450,0,svm,max,balanced,cached_mxbai,3625,1782210355.9467077,,,
9330,0,svm,max,balanced,cached_mxbai,3626,1782210356.437827,,,
5768,0,svm,max,balanced,cached_mxbai,3627,1782210356.924457,,,
3219,0,svm,max,balanced,cached_mxbai,3628,1782210357.4155433,,,
8883,0,svm,max,balanced,cached_mxbai,3629,1782210357.9020922,,,
4685,0,svm,max,balanced,cached_mxbai,3630,1782210358.3913155,,,
2922,0,svm,max,balanced,cached_mxbai,3631,1782210358.8791487,,,
5554,0,svm,max,balanced,cached_mxbai,3632,1782210359.3714323,,,
56,0,svm,max,balanced,cached_mxbai,3633,1782210359.855305,,,
196,0,svm,max,balanced,cached_mxbai,3634,1782210360.344486,,,
1567,0,svm,max,balanced,cached_mxbai,3635,1782210360.8315644,,,
3817,0,svm,max,balanced,cached_mxbai,3636,1782210361.3197238,,,
4117,0,svm,max,balanced,cached_mxbai,3637,1782210361.8100467,,,
3900,0,svm,max,balanced,cached_mxbai,3638,1782210362.3037064,,,
5434,0,svm,max,balanced,cached_mxbai,3639,1782210362.7942119,,,
6253,0,svm,max,balanced,cached_mxbai,3640,1782210363.2887864,,,
1780,0,svm,max,balanced,cached_mxbai,3641,1782210363.77697,,,
5654,0,svm,max,balanced,cached_mxbai,3642,1782210364.2667317,,,
980,0,svm,max,balanced,cached_mxbai,3643,1782210364.7599385,,,
9166,0,svm,max,balanced,cached_mxbai,3644,1782210365.2675664,,,
3721,0,svm,max,balanced,cached_mxbai,3645,1782210365.7662313,,,
3659,0,svm,max,balanced,cached_mxbai,3646,1782210366.2563636,,,
4901,0,svm,max,balanced,cached_mxbai,3647,1782210366.7573726,,,
9298,0,svm,max,balanced,cached_mxbai,3648,1782210367.2564578,,,
4140,0,svm,max,balanced,cached_mxbai,3649,1782210367.7532742,,,
1256,0,svm,max,balanced,cached_mxbai,3650,1782210368.2431772,,,
8763,0,svm,max,balanced,cached_mxbai,3651,1782210368.7424629,,,
2553,0,svm,max,balanced,cached_mxbai,3652,1782210369.2368805,,,
2801,0,svm,max,balanced,cached_mxbai,3653,1782210369.7287745,,,
609,0,svm,max,balanced,cached_mxbai,3654,1782210370.2273,,,
7938,0,svm,max,balanced,cached_mxbai,3655,1782210370.7525969,,,
4605,0,svm,max,balanced,cached_mxbai,3656,1782210371.2945738,,,
2677,0,svm,max,balanced,cached_mxbai,3657,1782210371.8091514,,,
4169,0,svm,max,balanced,cached_mxbai,3658,1782210372.299396,,,
140,0,svm,max,balanced,cached_mxbai,3659,1782210372.7959127,,,
126,0,svm,max,balanced,cached_mxbai,3660,1782210373.2909093,,,
4271,0,svm,max,balanced,cached_mxbai,3661,1782210373.7976134,,,
3313,0,svm,max,balanced,cached_mxbai,3662,1782210374.2915037,,,
5553,0,svm,max,balanced,cached_mxbai,3663,1782210374.7903483,,,
8548,0,svm,max,balanced,cached_mxbai,3664,1782210375.3072248,,,
1265,0,svm,max,balanced,cached_mxbai,3665,1782210375.807123,,,
10010,0,svm,max,balanced,cached_mxbai,3666,1782210376.3030431,,,
5070,0,svm,max,balanced,cached_mxbai,3667,1782210376.8058727,,,
1749,0,svm,max,balanced,cached_mxbai,3668,1782210377.3050034,,,
8702,0,svm,max,balanced,cached_mxbai,3669,1782210377.8037703,,,
6600,0,svm,max,balanced,cached_mxbai,3670,1782210378.3060184,,,
7008,0,svm,max,balanced,cached_mxbai,3671,1782210378.8108628,,,
7261,0,svm,max,balanced,cached_mxbai,3672,1782210379.3168297,,,
4233,0,svm,max,balanced,cached_mxbai,3673,1782210379.8201864,,,
8974,0,svm,max,balanced,cached_mxbai,3674,1782210380.3202293,,,
10314,0,svm,max,balanced,cached_mxbai,3675,1782210380.8212283,,,
6082,0,svm,max,balanced,cached_mxbai,3676,1782210381.3228943,,,
3818,0,svm,max,balanced,cached_mxbai,3677,1782210381.8305268,,,
8258,0,svm,max,balanced,cached_mxbai,3678,1782210382.3285875,,,
8184,0,svm,max,balanced,cached_mxbai,3679,1782210382.8341374,,,
1034,0,svm,max,balanced,cached_mxbai,3680,1782210383.3421867,,,
5222,0,svm,max,balanced,cached_mxbai,3681,1782210383.8524914,,,
8374,0,svm,max,balanced,cached_mxbai,3682,1782210384.3560338,,,
3520,0,svm,max,balanced,cached_mxbai,3683,1782210384.8587272,,,
8399,0,svm,max,balanced,cached_mxbai,3684,1782210385.3858895,,,
3368,0,svm,max,balanced,cached_mxbai,3685,1782210385.8954566,,,
1979,0,svm,max,balanced,cached_mxbai,3686,1782210386.3965533,,,
5246,0,svm,max,balanced,cached_mxbai,3687,1782210386.9043176,,,
4822,0,svm,max,balanced,cached_mxbai,3688,1782210387.4093711,,,
7818,0,svm,max,balanced,cached_mxbai,3689,1782210387.920543,,,
8328,0,svm,max,balanced,cached_mxbai,3690,1782210388.4340682,,,
7688,0,svm,max,balanced,cached_mxbai,3691,1782210388.9537833,,,
4128,0,svm,max,balanced,cached_mxbai,3692,1782210389.463333,,,
163,0,svm,max,balanced,cached_mxbai,3693,1782210389.9753852,,,
1308,0,svm,max,balanced,cached_mxbai,3694,1782210390.481857,,,
7208,0,svm,max,balanced,cached_mxbai,3695,1782210390.9929006,,,
1998,0,svm,max,balanced,cached_mxbai,3696,1782210391.512195,,,
9497,0,svm,max,balanced,cached_mxbai,3697,1782210392.042961,,,
764,0,svm,max,balanced,cached_mxbai,3698,1782210392.5546923,,,
3207,0,svm,max,balanced,cached_mxbai,3699,1782210393.071757,,,
1282,0,svm,max,balanced,cached_mxbai,3700,1782210393.6054134,,,
1295,0,svm,max,balanced,cached_mxbai,3701,1782210394.123197,,,
10102,0,svm,max,balanced,cached_mxbai,3702,1782210394.6347723,,,
5032,0,svm,max,balanced,cached_mxbai,3703,1782210395.152522,,,
5523,0,svm,max,balanced,cached_mxbai,3704,1782210395.692855,,,
1798,0,svm,max,balanced,cached_mxbai,3705,1782210396.2075784,,,
6452,0,svm,max,balanced,cached_mxbai,3706,1782210396.7261074,,,
306,0,svm,max,balanced,cached_mxbai,3707,1782210397.242117,,,
4249,0,svm,max,balanced,cached_mxbai,3708,1782210397.757919,,,
2693,0,svm,max,balanced,cached_mxbai,3709,1782210398.2720594,,,
3529,0,svm,max,balanced,cached_mxbai,3710,1782210398.8057668,,,
186,0,svm,max,balanced,cached_mxbai,3711,1782210399.320817,,,
6709,0,svm,max,balanced,cached_mxbai,3712,1782210399.8355544,,,
4196,0,svm,max,balanced,cached_mxbai,3713,1782210400.3431962,,,
10069,0,svm,max,balanced,cached_mxbai,3714,1782210400.8558726,,,
168,0,svm,max,balanced,cached_mxbai,3715,1782210401.367086,,,
3397,0,svm,max,balanced,cached_mxbai,3716,1782210401.884021,,,
4714,0,svm,max,balanced,cached_mxbai,3717,1782210402.393597,,,
7297,0,svm,max,balanced,cached_mxbai,3718,1782210402.9092686,,,
3675,0,svm,max,balanced,cached_mxbai,3719,1782210403.4285946,,,
8008,0,svm,max,balanced,cached_mxbai,3720,1782210403.9458492,,,
1363,0,svm,max,balanced,cached_mxbai,3721,1782210404.4584646,,,
5489,0,svm,max,balanced,cached_mxbai,3722,1782210404.971981,,,
8509,0,svm,max,balanced,cached_mxbai,3723,1782210405.515323,,,
9900,0,svm,max,balanced,cached_mxbai,3724,1782210406.0487697,,,
1889,0,svm,max,balanced,cached_mxbai,3725,1782210406.5715396,,,
7093,0,svm,max,balanced,cached_mxbai,3726,1782210407.098835,,,
9362,0,svm,max,balanced,cached_mxbai,3727,1782210407.6143997,,,
8206,0,svm,max,balanced,cached_mxbai,3728,1782210408.1257312,,,
1907,0,svm,max,balanced,cached_mxbai,3729,1782210408.6371086,,,
5453,0,svm,max,balanced,cached_mxbai,3730,1782210409.1639073,,,
148,0,svm,max,balanced,cached_mxbai,3731,1782210409.683404,,,
2337,0,svm,max,balanced,cached_mxbai,3732,1782210410.1990404,,,
7965,0,svm,max,balanced,cached_mxbai,3733,1782210410.711137,,,
2780,0,svm,max,balanced,cached_mxbai,3734,1782210411.229767,,,
8963,0,svm,max,balanced,cached_mxbai,3735,1782210411.7440338,,,
5030,0,svm,max,balanced,cached_mxbai,3736,1782210412.2713358,,,
6978,0,svm,max,balanced,cached_mxbai,3737,1782210412.8015518,,,
7525,0,svm,max,balanced,cached_mxbai,3738,1782210413.3252728,,,
3116,0,svm,max,balanced,cached_mxbai,3739,1782210413.8395858,,,
2055,0,svm,max,balanced,cached_mxbai,3740,1782210414.362426,,,
7198,0,svm,max,balanced,cached_mxbai,3741,1782210414.8813128,,,
4446,0,svm,max,balanced,cached_mxbai,3742,1782210415.4240286,,,
6495,0,svm,max,balanced,cached_mxbai,3743,1782210415.9403431,,,
10256,0,svm,max,balanced,cached_mxbai,3744,1782210416.4588096,,,
6470,0,svm,max,balanced,cached_mxbai,3745,1782210416.972877,,,
9419,0,svm,max,balanced,cached_mxbai,3746,1782210417.5007434,,,
165,0,svm,max,balanced,cached_mxbai,3747,1782210418.0233872,,,
3511,0,svm,max,balanced,cached_mxbai,3748,1782210418.54245,,,
8112,0,svm,max,balanced,cached_mxbai,3749,1782210419.065584,,,
3635,0,svm,max,balanced,cached_mxbai,3750,1782210419.5905662,,,
4995,0,svm,max,balanced,cached_mxbai,3751,1782210420.1081133,,,
156,0,svm,max,balanced,cached_mxbai,3752,1782210420.6258383,,,
456,0,svm,max,balanced,cached_mxbai,3753,1782210421.147529,,,
1648,0,svm,max,balanced,cached_mxbai,3754,1782210421.6677394,,,
581,0,svm,max,balanced,cached_mxbai,3755,1782210422.1896608,,,
3892,0,svm,max,balanced,cached_mxbai,3756,1782210422.7105925,,,
7222,0,svm,max,balanced,cached_mxbai,3757,1782210423.2420306,,,
8603,0,svm,max,balanced,cached_mxbai,3758,1782210423.764682,,,
3859,0,svm,max,balanced,cached_mxbai,3759,1782210424.2847219,,,
4727,0,svm,max,balanced,cached_mxbai,3760,1782210424.804569,,,
268,0,svm,max,balanced,cached_mxbai,3761,1782210425.3461802,,,
2566,0,svm,max,balanced,cached_mxbai,3762,1782210425.865701,,,
5648,0,svm,max,balanced,cached_mxbai,3763,1782210426.3874576,,,
2793,0,svm,max,balanced,cached_mxbai,3764,1782210426.9152575,,,
8129,0,svm,max,balanced,cached_mxbai,3765,1782210427.4411,,,
661,0,svm,max,balanced,cached_mxbai,3766,1782210427.9616072,,,
4765,0,svm,max,balanced,cached_mxbai,3767,1782210428.4866834,,,
930,0,svm,max,balanced,cached_mxbai,3768,1782210429.0081031,,,
9234,0,svm,max,balanced,cached_mxbai,3769,1782210429.5371387,,,
875,0,svm,max,balanced,cached_mxbai,3770,1782210430.0598762,,,
2301,0,svm,max,balanced,cached_mxbai,3771,1782210430.595551,,,
8393,0,svm,max,balanced,cached_mxbai,3772,1782210431.119072,,,
4376,0,svm,max,balanced,cached_mxbai,3773,1782210431.6413872,,,
6083,0,svm,max,balanced,cached_mxbai,3774,1782210432.1654158,,,
4041,0,svm,max,balanced,cached_mxbai,3775,1782210432.6835642,,,
9264,0,svm,max,balanced,cached_mxbai,3776,1782210433.208143,,,
4270,0,svm,max,balanced,cached_mxbai,3777,1782210433.7315824,,,
2582,0,svm,max,balanced,cached_mxbai,3778,1782210434.2552156,,,
1257,0,svm,max,balanced,cached_mxbai,3779,1782210434.7756684,,,
1543,0,svm,max,balanced,cached_mxbai,3780,1782210435.3189564,,,
248,0,svm,max,balanced,cached_mxbai,3781,1782210435.8400114,,,
7193,0,svm,max,balanced,cached_mxbai,3782,1782210436.3625715,,,
3244,0,svm,max,balanced,cached_mxbai,3783,1782210436.8839254,,,
4197,0,svm,max,balanced,cached_mxbai,3784,1782210437.4103212,,,
8104,0,svm,max,balanced,cached_mxbai,3785,1782210437.936598,,,
2300,0,svm,max,balanced,cached_mxbai,3786,1782210438.4601915,,,
9013,0,svm,max,balanced,cached_mxbai,3787,1782210438.9851878,,,
6037,0,svm,max,balanced,cached_mxbai,3788,1782210439.5131726,,,
2916,0,svm,max,balanced,cached_mxbai,3789,1782210440.0395236,,,
5171,0,svm,max,balanced,cached_mxbai,3790,1782210440.5693529,,,
721,0,svm,max,balanced,cached_mxbai,3791,1782210441.0959077,,,
8464,0,svm,max,balanced,cached_mxbai,3792,1782210441.624599,,,
1179,0,svm,max,balanced,cached_mxbai,3793,1782210442.1486468,,,
10353,0,svm,max,balanced,cached_mxbai,3794,1782210442.676389,,,
1336,0,svm,max,balanced,cached_mxbai,3795,1782210443.2005887,,,
932,0,svm,max,balanced,cached_mxbai,3796,1782210443.734382,,,
5064,0,svm,max,balanced,cached_mxbai,3797,1782210444.2508647,,,
7073,0,svm,max,balanced,cached_mxbai,3798,1782210444.764585,,,
9644,0,svm,max,balanced,cached_mxbai,3799,1782210445.3167512,,,
10286,0,svm,max,balanced,cached_mxbai,3800,1782210445.8436472,,,
1343,0,svm,max,balanced,cached_mxbai,3801,1782210446.3648016,,,
6214,0,svm,max,balanced,cached_mxbai,3802,1782210446.886758,,,
8502,0,svm,max,balanced,cached_mxbai,3803,1782210447.4113512,,,
4195,0,svm,max,balanced,cached_mxbai,3804,1782210447.926857,,,
6652,0,svm,max,balanced,cached_mxbai,3805,1782210448.4580133,,,
154,0,svm,max,balanced,cached_mxbai,3806,1782210448.9884012,,,
4969,0,svm,max,balanced,cached_mxbai,3807,1782210449.5132737,,,
6403,0,svm,max,balanced,cached_mxbai,3808,1782210450.0301647,,,
4536,0,svm,max,balanced,cached_mxbai,3809,1782210450.549743,,,
3205,0,svm,max,balanced,cached_mxbai,3810,1782210451.069759,,,
3944,0,svm,max,balanced,cached_mxbai,3811,1782210451.5927975,,,
5374,0,svm,max,balanced,cached_mxbai,3812,1782210452.115448,,,
3443,0,svm,max,balanced,cached_mxbai,3813,1782210452.6404057,,,
4939,0,svm,max,balanced,cached_mxbai,3814,1782210453.1616993,,,
7298,0,svm,max,balanced,cached_mxbai,3815,1782210453.6839485,,,
10469,0,svm,max,balanced,cached_mxbai,3816,1782210454.2056289,,,
6828,0,svm,max,balanced,cached_mxbai,3817,1782210454.723914,,,
7922,0,svm,max,balanced,cached_mxbai,3818,1782210455.2645123,,,
3480,0,svm,max,balanced,cached_mxbai,3819,1782210455.7898595,,,
5147,0,svm,max,balanced,cached_mxbai,3820,1782210456.307483,,,
7745,0,svm,max,balanced,cached_mxbai,3821,1782210456.831549,,,
5379,0,svm,max,balanced,cached_mxbai,3822,1782210457.3527684,,,
2353,0,svm,max,balanced,cached_mxbai,3823,1782210457.8717802,,,
8028,0,svm,max,balanced,cached_mxbai,3824,1782210458.3943198,,,
6342,0,svm,max,balanced,cached_mxbai,3825,1782210458.9162738,,,
8238,0,svm,max,balanced,cached_mxbai,3826,1782210459.4387193,,,
6583,0,svm,max,balanced,cached_mxbai,3827,1782210459.9567783,,,
4735,0,svm,max,balanced,cached_mxbai,3828,1782210460.4775386,,,
7941,0,svm,max,balanced,cached_mxbai,3829,1782210460.9951875,,,
5832,0,svm,max,balanced,cached_mxbai,3830,1782210461.5213091,,,
1702,0,svm,max,balanced,cached_mxbai,3831,1782210462.085738,,,
8529,0,svm,max,balanced,cached_mxbai,3832,1782210462.623218,,,
2984,0,svm,max,balanced,cached_mxbai,3833,1782210463.147772,,,
7824,0,svm,max,balanced,cached_mxbai,3834,1782210463.6690583,,,
3871,0,svm,max,balanced,cached_mxbai,3835,1782210464.1882966,,,
7899,0,svm,max,balanced,cached_mxbai,3836,1782210464.7123702,,,
4108,0,svm,max,balanced,cached_mxbai,3837,1782210465.2488914,,,
2650,0,svm,max,balanced,cached_mxbai,3838,1782210465.783278,,,
5189,0,svm,max,balanced,cached_mxbai,3839,1782210466.314907,,,
7908,0,svm,max,balanced,cached_mxbai,3840,1782210466.8515506,,,
1803,0,svm,max,balanced,cached_mxbai,3841,1782210467.381929,,,
6938,0,svm,max,balanced,cached_mxbai,3842,1782210467.9151316,,,
298,0,svm,max,balanced,cached_mxbai,3843,1782210468.442054,,,
3595,0,svm,max,balanced,cached_mxbai,3844,1782210468.972859,,,
3063,0,svm,max,balanced,cached_mxbai,3845,1782210469.5053334,,,
3876,0,svm,max,balanced,cached_mxbai,3846,1782210470.0338967,,,
2063,0,svm,max,balanced,cached_mxbai,3847,1782210470.5646236,,,
7665,0,svm,max,balanced,cached_mxbai,3848,1782210471.085804,,,
7512,0,svm,max,balanced,cached_mxbai,3849,1782210471.6136446,,,
3240,0,svm,max,balanced,cached_mxbai,3850,1782210472.1342032,,,
6439,0,svm,max,balanced,cached_mxbai,3851,1782210472.671029,,,
5150,0,svm,max,balanced,cached_mxbai,3852,1782210473.1983888,,,
3655,0,svm,max,balanced,cached_mxbai,3853,1782210473.7317793,,,
9484,0,svm,max,balanced,cached_mxbai,3854,1782210474.2588294,,,
9630,0,svm,max,balanced,cached_mxbai,3855,1782210474.7887406,,,
7439,0,svm,max,balanced,cached_mxbai,3856,1782210475.3334105,,,
9385,0,svm,max,balanced,cached_mxbai,3857,1782210475.8616223,,,
1089,0,svm,max,balanced,cached_mxbai,3858,1782210476.391365,,,
729,0,svm,max,balanced,cached_mxbai,3859,1782210476.921726,,,
7566,0,svm,max,balanced,cached_mxbai,3860,1782210477.4589543,,,
6476,0,svm,max,balanced,cached_mxbai,3861,1782210477.987517,,,
5230,0,svm,max,balanced,cached_mxbai,3862,1782210478.5306666,,,
83,0,svm,max,balanced,cached_mxbai,3863,1782210479.080171,,,
7161,0,svm,max,balanced,cached_mxbai,3864,1782210479.6233726,,,
1985,0,svm,max,balanced,cached_mxbai,3865,1782210480.1508262,,,
7381,0,svm,max,balanced,cached_mxbai,3866,1782210480.6842496,,,
7397,0,svm,max,balanced,cached_mxbai,3867,1782210481.2140381,,,
4259,0,svm,max,balanced,cached_mxbai,3868,1782210481.7559137,,,
10094,0,svm,max,balanced,cached_mxbai,3869,1782210482.2954037,,,
4056,0,svm,max,balanced,cached_mxbai,3870,1782210482.8264837,,,
93,0,svm,max,balanced,cached_mxbai,3871,1782210483.3590019,,,
9378,0,svm,max,balanced,cached_mxbai,3872,1782210483.8773232,,,
3478,0,svm,max,balanced,cached_mxbai,3873,1782210484.3969674,,,
7522,0,svm,max,balanced,cached_mxbai,3874,1782210484.9136064,,,
985,0,svm,max,balanced,cached_mxbai,3875,1782210485.4517844,,,
7323,0,svm,max,balanced,cached_mxbai,3876,1782210485.9874766,,,
2687,0,svm,max,balanced,cached_mxbai,3877,1782210486.5040603,,,
6152,0,svm,max,balanced,cached_mxbai,3878,1782210487.03621,,,
9540,0,svm,max,balanced,cached_mxbai,3879,1782210487.5825374,,,
5945,0,svm,max,balanced,cached_mxbai,3880,1782210488.1255524,,,
7918,0,svm,max,balanced,cached_mxbai,3881,1782210488.68012,,,
3429,0,svm,max,balanced,cached_mxbai,3882,1782210489.2149749,,,
6500,0,svm,max,balanced,cached_mxbai,3883,1782210489.7502127,,,
1890,0,svm,max,balanced,cached_mxbai,3884,1782210490.279135,,,
588,0,svm,max,balanced,cached_mxbai,3885,1782210490.808212,,,
9286,0,svm,max,balanced,cached_mxbai,3886,1782210491.3282871,,,
2440,0,svm,max,balanced,cached_mxbai,3887,1782210491.8548734,,,
8664,0,svm,max,balanced,cached_mxbai,3888,1782210492.385455,,,
2209,0,svm,max,balanced,cached_mxbai,3889,1782210492.9172091,,,
691,0,svm,max,balanced,cached_mxbai,3890,1782210493.4474604,,,
8026,0,svm,max,balanced,cached_mxbai,3891,1782210493.9685335,,,
10208,0,svm,max,balanced,cached_mxbai,3892,1782210494.49032,,,
3329,0,svm,max,balanced,cached_mxbai,3893,1782210495.0095248,,,
5055,0,svm,max,balanced,cached_mxbai,3894,1782210495.555782,,,
7402,0,svm,max,balanced,cached_mxbai,3895,1782210496.0766532,,,
6908,0,svm,max,balanced,cached_mxbai,3896,1782210496.5953655,,,
3591,0,svm,max,balanced,cached_mxbai,3897,1782210497.1158803,,,
6450,0,svm,max,balanced,cached_mxbai,3898,1782210497.6381028,,,
8449,0,svm,max,balanced,cached_mxbai,3899,1782210498.160438,,,
8899,0,svm,max,balanced,cached_mxbai,3900,1782210498.6871626,,,
2605,0,svm,max,balanced,cached_mxbai,3901,1782210499.2092729,,,
5816,0,svm,max,balanced,cached_mxbai,3902,1782210499.733016,,,
6386,0,svm,max,balanced,cached_mxbai,3903,1782210500.259588,,,
3483,0,svm,max,balanced,cached_mxbai,3904,1782210500.7799056,,,
10498,0,svm,max,balanced,cached_mxbai,3905,1782210501.3041239,,,
8653,0,svm,max,balanced,cached_mxbai,3906,1782210501.8358564,,,
1209,0,svm,max,balanced,cached_mxbai,3907,1782210502.3591933,,,
687,0,svm,max,balanced,cached_mxbai,3908,1782210502.8859515,,,
6090,0,svm,max,balanced,cached_mxbai,3909,1782210503.4070582,,,
6409,0,svm,max,balanced,cached_mxbai,3910,1782210503.9282434,,,
7388,0,svm,max,balanced,cached_mxbai,3911,1782210504.452998,,,
6127,0,svm,max,balanced,cached_mxbai,3912,1782210504.9756262,,,
4361,0,svm,max,balanced,cached_mxbai,3913,1782210505.536144,,,
8227,0,svm,max,balanced,cached_mxbai,3914,1782210506.057126,,,
8254,0,svm,max,balanced,cached_mxbai,3915,1782210506.585891,,,
4821,0,svm,max,balanced,cached_mxbai,3916,1782210507.1086414,,,
8637,0,svm,max,balanced,cached_mxbai,3917,1782210507.6310978,,,
2079,0,svm,max,balanced,cached_mxbai,3918,1782210508.1539426,,,
1307,0,svm,max,balanced,cached_mxbai,3919,1782210508.683448,,,
3667,0,svm,max,balanced,cached_mxbai,3920,1782210509.211114,,,
942,0,svm,max,balanced,cached_mxbai,3921,1782210509.7458544,,,
3813,0,svm,max,balanced,cached_mxbai,3922,1782210510.268957,,,
408,0,svm,max,balanced,cached_mxbai,3923,1782210510.7960393,,,
10462,0,svm,max,balanced,cached_mxbai,3924,1782210511.3299692,,,
2122,0,svm,max,balanced,cached_mxbai,3925,1782210511.8754735,,,
3391,0,svm,max,balanced,cached_mxbai,3926,1782210512.3987198,,,
9071,0,svm,max,balanced,cached_mxbai,3927,1782210512.929219,,,
9302,0,svm,max,balanced,cached_mxbai,3928,1782210513.4527025,,,
4918,0,svm,max,balanced,cached_mxbai,3929,1782210513.9759593,,,
7516,0,svm,max,balanced,cached_mxbai,3930,1782210514.4995844,,,
5922,0,svm,max,balanced,cached_mxbai,3931,1782210515.0279322,,,
8400,0,svm,max,balanced,cached_mxbai,3932,1782210515.5727735,,,
3582,0,svm,max,balanced,cached_mxbai,3933,1782210516.1096056,,,
7503,0,svm,max,balanced,cached_mxbai,3934,1782210516.6370184,,,
5181,0,svm,max,balanced,cached_mxbai,3935,1782210517.1655526,,,
10086,0,svm,max,balanced,cached_mxbai,3936,1782210517.6886408,,,
9097,0,svm,max,balanced,cached_mxbai,3937,1782210518.2156296,,,
1831,0,svm,max,balanced,cached_mxbai,3938,1782210518.7400599,,,
320,0,svm,max,balanced,cached_mxbai,3939,1782210519.3201838,,,
9000,0,svm,max,balanced,cached_mxbai,3940,1782210519.9054725,,,
3476,0,svm,max,balanced,cached_mxbai,3941,1782210520.4873378,,,
2336,0,svm,max,balanced,cached_mxbai,3942,1782210521.0681894,,,
5120,0,svm,max,balanced,cached_mxbai,3943,1782210521.6495073,,,
9575,0,svm,max,balanced,cached_mxbai,3944,1782210522.2312145,,,
2454,0,svm,max,balanced,cached_mxbai,3945,1782210522.8201318,,,
10318,0,svm,max,balanced,cached_mxbai,3946,1782210523.4015286,,,
8559,0,svm,max,balanced,cached_mxbai,3947,1782210523.9897234,,,
5708,0,svm,max,balanced,cached_mxbai,3948,1782210524.567403,,,
5464,0,svm,max,balanced,cached_mxbai,3949,1782210525.1612575,,,
3688,0,svm,max,balanced,cached_mxbai,3950,1782210525.7677732,,,
4237,0,svm,max,balanced,cached_mxbai,3951,1782210526.3589127,,,
9470,0,svm,max,balanced,cached_mxbai,3952,1782210526.9427738,,,
6776,0,svm,max,balanced,cached_mxbai,3953,1782210527.5287893,,,
4048,0,svm,max,balanced,cached_mxbai,3954,1782210528.1159732,,,
5988,0,svm,max,balanced,cached_mxbai,3955,1782210528.7006106,,,
8167,0,svm,max,balanced,cached_mxbai,3956,1782210529.290474,,,
1596,0,svm,max,balanced,cached_mxbai,3957,1782210529.8800697,,,
5012,0,svm,max,balanced,cached_mxbai,3958,1782210530.4636965,,,
9904,0,svm,max,balanced,cached_mxbai,3959,1782210531.0619853,,,
9165,0,svm,max,balanced,cached_mxbai,3960,1782210531.65588,,,
9333,0,svm,max,balanced,cached_mxbai,3961,1782210532.2549038,,,
9342,0,svm,max,balanced,cached_mxbai,3962,1782210532.8502913,,,
110,0,svm,max,balanced,cached_mxbai,3963,1782210533.4441469,,,
2305,0,svm,max,balanced,cached_mxbai,3964,1782210534.037516,,,
5655,0,svm,max,balanced,cached_mxbai,3965,1782210534.632379,,,
4107,0,svm,max,balanced,cached_mxbai,3966,1782210535.238204,,,
10392,0,svm,max,balanced,cached_mxbai,3967,1782210535.8502154,,,
9383,0,svm,max,balanced,cached_mxbai,3968,1782210536.4411476,,,
4919,0,svm,max,balanced,cached_mxbai,3969,1782210537.0408018,,,
322,0,svm,max,balanced,cached_mxbai,3970,1782210537.6408808,,,
5342,0,svm,max,balanced,cached_mxbai,3971,1782210538.238868,,,
6790,0,svm,max,balanced,cached_mxbai,3972,1782210538.8483164,,,
4258,0,svm,max,balanced,cached_mxbai,3973,1782210539.4469724,,,
8905,0,svm,max,balanced,cached_mxbai,3974,1782210540.041483,,,
6163,0,svm,max,balanced,cached_mxbai,3975,1782210540.6463363,,,
8045,0,svm,max,balanced,cached_mxbai,3976,1782210541.1881154,,,
9317,0,svm,max,balanced,cached_mxbai,3977,1782210541.7318296,,,
10510,0,svm,max,balanced,cached_mxbai,3978,1782210542.266161,,,
7337,0,svm,max,balanced,cached_mxbai,3979,1782210542.7960224,,,
2585,0,svm,max,balanced,cached_mxbai,3980,1782210543.3293123,,,
3386,0,svm,max,balanced,cached_mxbai,3981,1782210543.8637047,,,
5450,0,svm,max,balanced,cached_mxbai,3982,1782210544.3986256,,,
3090,0,svm,max,balanced,cached_mxbai,3983,1782210544.9341865,,,
9648,0,svm,max,balanced,cached_mxbai,3984,1782210545.4806733,,,
3020,0,svm,max,balanced,cached_mxbai,3985,1782210546.013956,,,
7443,0,svm,max,balanced,cached_mxbai,3986,1782210546.5477014,,,
1887,0,svm,max,balanced,cached_mxbai,3987,1782210547.0835474,,,
4386,0,svm,max,balanced,cached_mxbai,3988,1782210547.614958,,,
8356,0,svm,max,balanced,cached_mxbai,3989,1782210548.1473901,,,
3966,0,svm,max,balanced,cached_mxbai,3990,1782210548.682834,,,
6493,0,svm,max,balanced,cached_mxbai,3991,1782210549.2208514,,,
7315,0,svm,max,balanced,cached_mxbai,3992,1782210549.749974,,,
8976,0,svm,max,balanced,cached_mxbai,3993,1782210550.2845287,,,
7320,0,svm,max,balanced,cached_mxbai,3994,1782210550.8144712,,,
4015,0,svm,max,balanced,cached_mxbai,3995,1782210551.344559,,,
9583,0,svm,max,balanced,cached_mxbai,3996,1782210551.8756294,,,
2024,0,svm,max,balanced,cached_mxbai,3997,1782210552.405889,,,
378,0,svm,max,balanced,cached_mxbai,3998,1782210552.9425664,,,
4155,0,svm,max,balanced,cached_mxbai,3999,1782210553.4819884,,,
2858,0,svm,max,balanced,cached_mxbai,4000,1782210554.0170107,,,
1973,0,svm,max,balanced,cached_mxbai,4001,1782210554.5506356,,,
4399,0,svm,max,balanced,cached_mxbai,4002,1782210555.0841565,,,
3771,0,svm,max,balanced,cached_mxbai,4003,1782210555.7218795,,,
3680,0,svm,max,balanced,cached_mxbai,4004,1782210556.3368556,,,
5775,0,svm,max,balanced,cached_mxbai,4005,1782210556.9548774,,,
4740,0,svm,max,balanced,cached_mxbai,4006,1782210557.5755608,,,
9637,0,svm,max,balanced,cached_mxbai,4007,1782210558.1153488,,,
2908,0,svm,max,balanced,cached_mxbai,4008,1782210558.644781,,,
9532,0,svm,max,balanced,cached_mxbai,4009,1782210559.1899412,,,
3338,0,svm,max,balanced,cached_mxbai,4010,1782210559.7333958,,,
6856,0,svm,max,balanced,cached_mxbai,4011,1782210560.268573,,,
4441,0,svm,max,balanced,cached_mxbai,4012,1782210560.7859368,,,
3785,0,svm,max,balanced,cached_mxbai,4013,1782210561.3109276,,,
4767,0,svm,max,balanced,cached_mxbai,4014,1782210561.82768,,,
5735,0,svm,max,balanced,cached_mxbai,4015,1782210562.3526583,,,
2218,0,svm,max,balanced,cached_mxbai,4016,1782210562.873306,,,
1041,0,svm,max,balanced,cached_mxbai,4017,1782210563.4035363,,,
549,0,svm,max,balanced,cached_mxbai,4018,1782210563.934774,,,
4618,0,svm,max,balanced,cached_mxbai,4019,1782210564.4579134,,,
9494,0,svm,max,balanced,cached_mxbai,4020,1782210564.9781811,,,
8527,0,svm,max,balanced,cached_mxbai,4021,1782210565.526863,,,
8340,0,svm,max,balanced,cached_mxbai,4022,1782210566.0533025,,,
1658,0,svm,max,balanced,cached_mxbai,4023,1782210566.5828295,,,
1254,0,svm,max,balanced,cached_mxbai,4024,1782210567.1011848,,,
7143,0,svm,max,balanced,cached_mxbai,4025,1782210567.6274562,,,
172,0,svm,max,balanced,cached_mxbai,4026,1782210568.1509237,,,
4173,0,svm,max,balanced,cached_mxbai,4027,1782210568.6784499,,,
4907,0,svm,max,balanced,cached_mxbai,4028,1782210569.2013276,,,
8927,0,svm,max,balanced,cached_mxbai,4029,1782210569.7275543,,,
824,0,svm,max,balanced,cached_mxbai,4030,1782210570.2458959,,,
9627,0,svm,max,balanced,cached_mxbai,4031,1782210570.7752059,,,
103,0,svm,max,balanced,cached_mxbai,4032,1782210571.2961333,,,
3407,0,svm,max,balanced,cached_mxbai,4033,1782210571.8244307,,,
1859,0,svm,max,balanced,cached_mxbai,4034,1782210572.351157,,,
69,0,svm,max,balanced,cached_mxbai,4035,1782210572.8790658,,,
6775,0,svm,max,balanced,cached_mxbai,4036,1782210573.4186084,,,
4013,0,svm,max,balanced,cached_mxbai,4037,1782210573.9506307,,,
133,0,svm,max,balanced,cached_mxbai,4038,1782210574.4737113,,,
8753,0,svm,max,balanced,cached_mxbai,4039,1782210575.0039008,,,
4292,0,svm,max,balanced,cached_mxbai,4040,1782210575.5428774,,,
4381,0,svm,max,balanced,cached_mxbai,4041,1782210576.0706902,,,
194,0,svm,max,balanced,cached_mxbai,4042,1782210576.5928013,,,
10592,0,svm,max,balanced,cached_mxbai,4043,1782210577.1160982,,,
540,0,svm,max,balanced,cached_mxbai,4044,1782210577.6467404,,,
4697,0,svm,max,balanced,cached_mxbai,4045,1782210578.1722648,,,
4063,0,svm,max,balanced,cached_mxbai,4046,1782210578.6965451,,,
4010,0,svm,max,balanced,cached_mxbai,4047,1782210579.2276,,,
7693,0,svm,max,balanced,cached_mxbai,4048,1782210579.7564108,,,
7057,0,svm,max,balanced,cached_mxbai,4049,1782210580.2811928,,,
5877,0,svm,max,balanced,cached_mxbai,4050,1782210580.8073478,,,
3863,0,svm,max,balanced,cached_mxbai,4051,1782210581.33024,,,
633,0,svm,max,balanced,cached_mxbai,4052,1782210581.8523598,,,
414,0,svm,max,balanced,cached_mxbai,4053,1782210582.3762734,,,
4191,0,svm,max,balanced,cached_mxbai,4054,1782210582.9016957,,,
3676,0,svm,max,balanced,cached_mxbai,4055,1782210583.4350662,,,
4503,0,svm,max,balanced,cached_mxbai,4056,1782210583.9707975,,,
6360,0,svm,max,balanced,cached_mxbai,4057,1782210584.5022595,,,
3935,0,svm,max,balanced,cached_mxbai,4058,1782210585.0342484,,,
8457,0,svm,max,balanced,cached_mxbai,4059,1782210585.5770419,,,
1710,0,svm,max,balanced,cached_mxbai,4060,1782210586.1061394,,,
6416,0,svm,max,balanced,cached_mxbai,4061,1782210586.6312957,,,
5484,0,svm,max,balanced,cached_mxbai,4062,1782210587.164561,,,
9227,0,svm,max,balanced,cached_mxbai,4063,1782210587.6936429,,,
4577,0,svm,max,balanced,cached_mxbai,4064,1782210588.222234,,,
6303,0,svm,max,balanced,cached_mxbai,4065,1782210588.755705,,,
9399,0,svm,max,balanced,cached_mxbai,4066,1782210589.2817526,,,
3055,0,svm,max,balanced,cached_mxbai,4067,1782210589.8076715,,,
5385,0,svm,max,balanced,cached_mxbai,4068,1782210590.3325968,,,
5197,0,svm,max,balanced,cached_mxbai,4069,1782210590.8571186,,,
7183,0,svm,max,balanced,cached_mxbai,4070,1782210591.3851123,,,
9368,0,svm,max,balanced,cached_mxbai,4071,1782210591.9165118,,,
8285,0,svm,max,balanced,cached_mxbai,4072,1782210592.441314,,,
102,0,svm,max,balanced,cached_mxbai,4073,1782210592.970857,,,
821,0,svm,max,balanced,cached_mxbai,4074,1782210593.5011945,,,
6302,0,svm,max,balanced,cached_mxbai,4075,1782210594.0317912,,,
4093,0,svm,max,balanced,cached_mxbai,4076,1782210594.5517507,,,
3508,0,svm,max,balanced,cached_mxbai,4077,1782210595.0814817,,,
10589,0,svm,max,balanced,cached_mxbai,4078,1782210595.6217985,,,
3790,0,svm,max,balanced,cached_mxbai,4079,1782210596.1529317,,,
7742,0,svm,max,balanced,cached_mxbai,4080,1782210596.6826527,,,
8195,0,svm,max,balanced,cached_mxbai,4081,1782210597.219415,,,
3851,0,svm,max,balanced,cached_mxbai,4082,1782210597.7435787,,,
5243,0,svm,max,balanced,cached_mxbai,4083,1782210598.2757843,,,
5911,0,svm,max,balanced,cached_mxbai,4084,1782210598.8043182,,,
3271,0,svm,max,balanced,cached_mxbai,4085,1782210599.3346117,,,
3071,0,svm,max,balanced,cached_mxbai,4086,1782210599.8712158,,,
8857,0,svm,max,balanced,cached_mxbai,4087,1782210600.4085982,,,
1990,0,svm,max,balanced,cached_mxbai,4088,1782210600.9352665,,,
3118,0,svm,max,balanced,cached_mxbai,4089,1782210601.4641573,,,
3723,0,svm,max,balanced,cached_mxbai,4090,1782210601.9939218,,,
4561,0,svm,max,balanced,cached_mxbai,4091,1782210602.532856,,,
9082,0,svm,max,balanced,cached_mxbai,4092,1782210603.0757608,,,
8313,0,svm,max,balanced,cached_mxbai,4093,1782210603.607399,,,
8571,0,svm,max,balanced,cached_mxbai,4094,1782210604.1389725,,,
3660,0,svm,max,balanced,cached_mxbai,4095,1782210604.6805904,,,
1535,0,svm,max,balanced,cached_mxbai,4096,1782210605.223211,,,
5594,0,svm,max,balanced,cached_mxbai,4097,1782210605.7892683,,,
6686,0,svm,max,balanced,cached_mxbai,4098,1782210606.3256736,,,
9036,0,svm,max,balanced,cached_mxbai,4099,1782210606.8599658,,,
9694,0,svm,max,balanced,cached_mxbai,4100,1782210607.3952734,,,
8614,0,svm,max,balanced,cached_mxbai,4101,1782210607.9246361,,,
4076,0,svm,max,balanced,cached_mxbai,4102,1782210608.4577847,,,
5107,0,svm,max,balanced,cached_mxbai,4103,1782210608.9969764,,,
5764,0,svm,max,balanced,cached_mxbai,4104,1782210609.5266964,,,
2047,0,svm,max,balanced,cached_mxbai,4105,1782210610.057699,,,
10275,0,svm,max,balanced,cached_mxbai,4106,1782210610.6001248,,,
4272,0,svm,max,balanced,cached_mxbai,4107,1782210611.1343067,,,
6012,0,svm,max,balanced,cached_mxbai,4108,1782210611.6645212,,,
3139,0,svm,max,balanced,cached_mxbai,4109,1782210612.1996667,,,
5938,0,svm,max,balanced,cached_mxbai,4110,1782210612.7484708,,,
239,0,svm,max,balanced,cached_mxbai,4111,1782210613.3048794,,,
3559,0,svm,max,balanced,cached_mxbai,4112,1782210613.8520682,,,
1054,0,svm,max,balanced,cached_mxbai,4113,1782210614.406065,,,
1074,0,svm,max,balanced,cached_mxbai,4114,1782210614.9537797,,,
1406,0,svm,max,balanced,cached_mxbai,4115,1782210615.5281057,,,
6948,0,svm,max,balanced,cached_mxbai,4116,1782210616.0697026,,,
2548,0,svm,max,balanced,cached_mxbai,4117,1782210616.6191447,,,
6472,0,svm,max,balanced,cached_mxbai,4118,1782210617.1600187,,,
1904,0,svm,max,balanced,cached_mxbai,4119,1782210617.7029455,,,
9080,0,svm,max,balanced,cached_mxbai,4120,1782210618.258609,,,
3154,0,svm,max,balanced,cached_mxbai,4121,1782210618.8016553,,,
1744,0,svm,max,balanced,cached_mxbai,4122,1782210619.34422,,,
6184,0,svm,max,balanced,cached_mxbai,4123,1782210619.8907263,,,
5919,0,svm,max,balanced,cached_mxbai,4124,1782210620.4308226,,,
7542,0,svm,max,balanced,cached_mxbai,4125,1782210620.973935,,,
7025,0,svm,max,balanced,cached_mxbai,4126,1782210621.5176208,,,
988,0,svm,max,balanced,cached_mxbai,4127,1782210622.062617,,,
867,0,svm,max,balanced,cached_mxbai,4128,1782210622.6124766,,,
5927,0,svm,max,balanced,cached_mxbai,4129,1782210623.1589265,,,
7314,0,svm,max,balanced,cached_mxbai,4130,1782210623.6974008,,,
393,0,svm,max,balanced,cached_mxbai,4131,1782210624.2507925,,,
3395,0,svm,max,balanced,cached_mxbai,4132,1782210624.7972963,,,
7599,0,svm,max,balanced,cached_mxbai,4133,1782210625.3636436,,,
9932,0,svm,max,balanced,cached_mxbai,4134,1782210625.9198697,,,
7835,0,svm,max,balanced,cached_mxbai,4135,1782210626.4650495,,,
9500,0,svm,max,balanced,cached_mxbai,4136,1782210627.0137782,,,
3498,0,svm,max,balanced,cached_mxbai,4137,1782210627.5557775,,,
67,0,svm,max,balanced,cached_mxbai,4138,1782210628.1025684,,,
1636,0,svm,max,balanced,cached_mxbai,4139,1782210628.6520164,,,
5113,0,svm,max,balanced,cached_mxbai,4140,1782210629.2002866,,,
252,0,svm,max,balanced,cached_mxbai,4141,1782210629.7451994,,,
9127,0,svm,max,balanced,cached_mxbai,4142,1782210630.29105,,,
7791,0,svm,max,balanced,cached_mxbai,4143,1782210630.8342335,,,
8674,0,svm,max,balanced,cached_mxbai,4144,1782210631.3807251,,,
6997,0,svm,max,balanced,cached_mxbai,4145,1782210631.923513,,,
8765,0,svm,max,balanced,cached_mxbai,4146,1782210632.4706783,,,
1598,0,svm,max,balanced,cached_mxbai,4147,1782210633.020502,,,
1390,0,svm,max,balanced,cached_mxbai,4148,1782210633.570737,,,
4149,0,svm,max,balanced,cached_mxbai,4149,1782210634.1244555,,,
8487,0,svm,max,balanced,cached_mxbai,4150,1782210634.6718137,,,
3066,0,svm,max,balanced,cached_mxbai,4151,1782210635.2250679,,,
1201,0,svm,max,balanced,cached_mxbai,4152,1782210635.7960463,,,
2658,0,svm,max,balanced,cached_mxbai,4153,1782210636.341217,,,
8703,0,svm,max,balanced,cached_mxbai,4154,1782210636.8789513,,,
5173,0,svm,max,balanced,cached_mxbai,4155,1782210637.4181828,,,
3369,0,svm,max,balanced,cached_mxbai,4156,1782210637.955646,,,
5966,0,svm,max,balanced,cached_mxbai,4157,1782210638.494392,,,
9982,0,svm,max,balanced,cached_mxbai,4158,1782210639.037724,,,
4911,0,svm,max,balanced,cached_mxbai,4159,1782210639.5721245,,,
1828,0,svm,max,balanced,cached_mxbai,4160,1782210640.1119294,,,
7426,0,svm,max,balanced,cached_mxbai,4161,1782210640.6494458,,,
6157,0,svm,max,balanced,cached_mxbai,4162,1782210641.1879373,,,
8222,0,svm,max,balanced,cached_mxbai,4163,1782210641.7220323,,,
920,0,svm,max,balanced,cached_mxbai,4164,1782210642.2662673,,,
7785,0,svm,max,balanced,cached_mxbai,4165,1782210642.8045738,,,
2744,0,svm,max,balanced,cached_mxbai,4166,1782210643.352176,,,
4043,0,svm,max,balanced,cached_mxbai,4167,1782210643.9117777,,,
1436,0,svm,max,balanced,cached_mxbai,4168,1782210644.456544,,,
70,0,svm,max,balanced,cached_mxbai,4169,1782210644.9996405,,,
5411,0,svm,max,balanced,cached_mxbai,4170,1782210645.5661814,,,
9639,0,svm,max,balanced,cached_mxbai,4171,1782210646.1109848,,,
4948,0,svm,max,balanced,cached_mxbai,4172,1782210646.65461,,,
122,0,svm,max,balanced,cached_mxbai,4173,1782210647.1986008,,,
4033,0,svm,max,balanced,cached_mxbai,4174,1782210647.7425811,,,
2902,0,svm,max,balanced,cached_mxbai,4175,1782210648.2856386,,,
1309,0,svm,max,balanced,cached_mxbai,4176,1782210648.8280563,,,
7223,0,svm,max,balanced,cached_mxbai,4177,1782210649.3688428,,,
1876,0,svm,max,balanced,cached_mxbai,4178,1782210649.917673,,,
3193,0,svm,max,balanced,cached_mxbai,4179,1782210650.4782305,,,
9987,0,svm,max,balanced,cached_mxbai,4180,1782210651.0324216,,,
983,0,svm,max,balanced,cached_mxbai,4181,1782210651.5854456,,,
3858,0,svm,max,balanced,cached_mxbai,4182,1782210652.1287162,,,
9895,0,svm,max,balanced,cached_mxbai,4183,1782210652.6717849,,,
5626,0,svm,max,balanced,cached_mxbai,4184,1782210653.2181385,,,
9471,0,svm,max,balanced,cached_mxbai,4185,1782210653.7599452,,,
4388,0,svm,max,balanced,cached_mxbai,4186,1782210654.3076735,,,
3439,0,svm,max,balanced,cached_mxbai,4187,1782210654.8508244,,,
3779,0,svm,max,balanced,cached_mxbai,4188,1782210655.407831,,,
435,0,svm,max,balanced,cached_mxbai,4189,1782210655.9473486,,,
4563,0,svm,max,balanced,cached_mxbai,4190,1782210656.4977615,,,
1955,0,svm,max,balanced,cached_mxbai,4191,1782210657.044531,,,
9662,0,svm,max,balanced,cached_mxbai,4192,1782210657.5972657,,,
10552,0,svm,max,balanced,cached_mxbai,4193,1782210658.1377754,,,
4647,0,svm,max,balanced,cached_mxbai,4194,1782210658.6831412,,,
8589,0,svm,max,balanced,cached_mxbai,4195,1782210659.2302198,,,
6620,0,svm,max,balanced,cached_mxbai,4196,1782210659.7757077,,,
9534,0,svm,max,balanced,cached_mxbai,4197,1782210660.3203712,,,
1313,0,svm,max,balanced,cached_mxbai,4198,1782210660.861376,,,
5217,0,svm,max,balanced,cached_mxbai,4199,1782210661.4758892,,,
1540,0,svm,max,balanced,cached_mxbai,4200,1782210662.092457,,,
3319,0,svm,max,balanced,cached_mxbai,4201,1782210662.7148147,,,
6852,0,svm,max,balanced,cached_mxbai,4202,1782210663.2656004,,,
9598,0,svm,max,balanced,cached_mxbai,4203,1782210663.8141468,,,
7934,0,svm,max,balanced,cached_mxbai,4204,1782210664.3464928,,,
5474,0,svm,max,balanced,cached_mxbai,4205,1782210664.9688234,,,
145,0,svm,max,balanced,cached_mxbai,4206,1782210665.535291,,,
3882,0,svm,max,balanced,cached_mxbai,4207,1782210666.0813022,,,
2313,0,svm,max,balanced,cached_mxbai,4208,1782210666.6316032,,,
3324,0,svm,max,balanced,cached_mxbai,4209,1782210667.1805842,,,
9680,0,svm,max,balanced,cached_mxbai,4210,1782210667.7249768,,,
7624,0,svm,max,balanced,cached_mxbai,4211,1782210668.274455,,,
8663,0,svm,max,balanced,cached_mxbai,4212,1782210668.8225584,,,
1579,0,svm,max,balanced,cached_mxbai,4213,1782210669.3731208,,,
8869,0,svm,max,balanced,cached_mxbai,4214,1782210669.917322,,,
9722,0,svm,max,balanced,cached_mxbai,4215,1782210670.4618483,,,
7501,0,svm,max,balanced,cached_mxbai,4216,1782210671.0076504,,,
1553,0,svm,max,balanced,cached_mxbai,4217,1782210671.554332,,,
147,0,svm,max,balanced,cached_mxbai,4218,1782210672.0997531,,,
3598,0,svm,max,balanced,cached_mxbai,4219,1782210672.648937,,,
4650,0,svm,max,balanced,cached_mxbai,4220,1782210673.1972163,,,
161,0,svm,max,balanced,cached_mxbai,4221,1782210673.7457573,,,
7543,0,svm,max,balanced,cached_mxbai,4222,1782210674.2958267,,,
3880,0,svm,max,balanced,cached_mxbai,4223,1782210674.8570888,,,
9807,0,svm,max,balanced,cached_mxbai,4224,1782210675.4302757,,,
7954,0,svm,max,balanced,cached_mxbai,4225,1782210675.9793406,,,
3299,0,svm,max,balanced,cached_mxbai,4226,1782210676.542976,,,
6217,0,svm,max,balanced,cached_mxbai,4227,1782210677.0918884,,,
10262,0,svm,max,balanced,cached_mxbai,4228,1782210677.6401043,,,
9400,0,svm,max,balanced,cached_mxbai,4229,1782210678.189007,,,
439,0,svm,max,balanced,cached_mxbai,4230,1782210678.7375572,,,
8632,0,svm,max,balanced,cached_mxbai,4231,1782210679.2882674,,,
5040,0,svm,max,balanced,cached_mxbai,4232,1782210679.838317,,,
301,0,svm,max,balanced,cached_mxbai,4233,1782210680.3900928,,,
3823,0,svm,max,balanced,cached_mxbai,4234,1782210680.9386437,,,
5130,0,svm,max,balanced,cached_mxbai,4235,1782210681.4902384,,,
5300,0,svm,max,balanced,cached_mxbai,4236,1782210682.0386136,,,
2160,0,svm,max,balanced,cached_mxbai,4237,1782210682.5925596,,,
684,0,svm,max,balanced,cached_mxbai,4238,1782210683.1451662,,,
3799,0,svm,max,balanced,cached_mxbai,4239,1782210683.6926615,,,
5837,0,svm,max,balanced,cached_mxbai,4240,1782210684.2415838,,,
1994,0,svm,max,balanced,cached_mxbai,4241,1782210684.7885227,,,
525,0,svm,max,balanced,cached_mxbai,4242,1782210685.3608916,,,
1718,0,svm,max,balanced,cached_mxbai,4243,1782210685.9033484,,,
6243,0,svm,max,balanced,cached_mxbai,4244,1782210686.4541004,,,
8425,0,svm,max,balanced,cached_mxbai,4245,1782210687.0046709,,,
8323,0,svm,max,balanced,cached_mxbai,4246,1782210687.5571187,,,
6898,0,svm,max,balanced,cached_mxbai,4247,1782210688.1090395,,,
3906,0,svm,max,balanced,cached_mxbai,4248,1782210688.66446,,,
7280,0,svm,max,balanced,cached_mxbai,4249,1782210689.219144,,,
1130,0,svm,max,balanced,cached_mxbai,4250,1782210689.7695992,,,
3898,0,svm,max,balanced,cached_mxbai,4251,1782210690.3182611,,,
2994,0,svm,max,balanced,cached_mxbai,4252,1782210690.8659317,,,
6079,0,svm,max,balanced,cached_mxbai,4253,1782210691.4156191,,,
4838,0,svm,max,balanced,cached_mxbai,4254,1782210691.9628649,,,
537,0,svm,max,balanced,cached_mxbai,4255,1782210692.516397,,,
776,0,svm,max,balanced,cached_mxbai,4256,1782210693.0683768,,,
4085,0,svm,max,balanced,cached_mxbai,4257,1782210693.6188438,,,
9958,0,svm,max,balanced,cached_mxbai,4258,1782210694.1802418,,,
1152,0,svm,max,balanced,cached_mxbai,4259,1782210694.7365139,,,
8204,0,svm,max,balanced,cached_mxbai,4260,1782210695.3071022,,,
1794,0,svm,max,balanced,cached_mxbai,4261,1782210695.858723,,,
3711,0,svm,max,balanced,cached_mxbai,4262,1782210696.4124954,,,
3454,0,svm,max,balanced,cached_mxbai,4263,1782210696.967484,,,
3100,0,svm,max,balanced,cached_mxbai,4264,1782210697.528755,,,
5477,0,svm,max,balanced,cached_mxbai,4265,1782210698.0820448,,,
2767,0,svm,max,balanced,cached_mxbai,4266,1782210698.643597,,,
1617,0,svm,max,balanced,cached_mxbai,4267,1782210699.2086353,,,
8341,0,svm,max,balanced,cached_mxbai,4268,1782210699.7592943,,,
7558,0,svm,max,balanced,cached_mxbai,4269,1782210700.3133545,,,
4240,0,svm,max,balanced,cached_mxbai,4270,1782210700.8661647,,,
3530,0,svm,max,balanced,cached_mxbai,4271,1782210701.4223907,,,
4715,0,svm,max,balanced,cached_mxbai,4272,1782210701.9753277,,,
9169,0,svm,max,balanced,cached_mxbai,4273,1782210702.5296974,,,
602,0,svm,max,balanced,cached_mxbai,4274,1782210703.0858705,,,
3311,0,svm,max,balanced,cached_mxbai,4275,1782210703.6522934,,,
1206,0,svm,max,balanced,cached_mxbai,4276,1782210704.2315009,,,
9367,0,svm,max,balanced,cached_mxbai,4277,1782210704.7911623,,,
4267,0,svm,max,balanced,cached_mxbai,4278,1782210705.3715925,,,
3517,0,svm,max,balanced,cached_mxbai,4279,1782210705.9357028,,,
192,0,svm,max,balanced,cached_mxbai,4280,1782210706.4997423,,,
9043,0,svm,max,balanced,cached_mxbai,4281,1782210707.0635338,,,
5642,0,svm,max,balanced,cached_mxbai,4282,1782210707.6295478,,,
8672,0,svm,max,balanced,cached_mxbai,4283,1782210708.1854498,,,
4831,0,svm,max,balanced,cached_mxbai,4284,1782210708.7423658,,,
9924,0,svm,max,balanced,cached_mxbai,4285,1782210709.3136742,,,
6332,0,svm,max,balanced,cached_mxbai,4286,1782210709.890079,,,
7450,0,svm,max,balanced,cached_mxbai,4287,1782210710.4501421,,,
7640,0,svm,max,balanced,cached_mxbai,4288,1782210711.006724,,,
3837,0,svm,max,balanced,cached_mxbai,4289,1782210711.568009,,,
1521,0,svm,max,balanced,cached_mxbai,4290,1782210712.127732,,,
1204,0,svm,max,balanced,cached_mxbai,4291,1782210712.6883168,,,
8549,0,svm,max,balanced,cached_mxbai,4292,1782210713.247562,,,
9597,0,svm,max,balanced,cached_mxbai,4293,1782210713.8041317,,,
1967,0,svm,max,balanced,cached_mxbai,4294,1782210714.364404,,,
4479,0,svm,max,balanced,cached_mxbai,4295,1782210714.9216037,,,
9655,0,svm,max,balanced,cached_mxbai,4296,1782210715.4990108,,,
1185,0,svm,max,balanced,cached_mxbai,4297,1782210716.0582683,,,
10548,0,svm,max,balanced,cached_mxbai,4298,1782210716.6196446,,,
4298,0,svm,max,balanced,cached_mxbai,4299,1782210717.1857316,,,
3438,0,svm,max,balanced,cached_mxbai,4300,1782210717.7527344,,,
10072,0,svm,max,balanced,cached_mxbai,4301,1782210718.31267,,,
1630,0,svm,max,balanced,cached_mxbai,4302,1782210718.8778903,,,
1475,0,svm,max,balanced,cached_mxbai,4303,1782210719.4387503,,,
3037,0,svm,max,balanced,cached_mxbai,4304,1782210719.9969637,,,
7613,0,svm,max,balanced,cached_mxbai,4305,1782210720.5584779,,,
7885,0,svm,max,balanced,cached_mxbai,4306,1782210721.1172724,,,
3854,0,svm,max,balanced,cached_mxbai,4307,1782210721.6782548,,,
2934,0,svm,max,balanced,cached_mxbai,4308,1782210722.2418046,,,
10265,0,svm,max,balanced,cached_mxbai,4309,1782210722.8067548,,,
8922,0,svm,max,balanced,cached_mxbai,4310,1782210723.3861725,,,
3769,0,svm,max,balanced,cached_mxbai,4311,1782210723.9468846,,,
3014,0,svm,max,balanced,cached_mxbai,4312,1782210724.5106454,,,
7513,0,svm,max,balanced,cached_mxbai,4313,1782210725.0790238,,,
2763,0,svm,max,balanced,cached_mxbai,4314,1782210725.667699,,,
9246,0,svm,max,balanced,cached_mxbai,4315,1782210726.2440002,,,
5541,0,svm,max,balanced,cached_mxbai,4316,1782210726.8274293,,,
1208,0,svm,max,balanced,cached_mxbai,4317,1782210727.397142,,,
9444,0,svm,max,balanced,cached_mxbai,4318,1782210727.9706817,,,
899,0,svm,max,balanced,cached_mxbai,4319,1782210728.5459285,,,
6999,0,svm,max,balanced,cached_mxbai,4320,1782210729.1200185,,,
3915,0,svm,max,balanced,cached_mxbai,4321,1782210729.6916664,,,
3096,0,svm,max,balanced,cached_mxbai,4322,1782210730.2679002,,,
280,0,svm,max,balanced,cached_mxbai,4323,1782210730.8409486,,,
4040,0,svm,max,balanced,cached_mxbai,4324,1782210731.4134412,,,
668,0,svm,max,balanced,cached_mxbai,4325,1782210731.9714575,,,
7990,0,svm,max,balanced,cached_mxbai,4326,1782210732.544414,,,
10347,0,svm,max,balanced,cached_mxbai,4327,1782210733.1067572,,,
9946,0,svm,max,balanced,cached_mxbai,4328,1782210733.6830466,,,
3068,0,svm,max,balanced,cached_mxbai,4329,1782210734.2390919,,,
9641,0,svm,max,balanced,cached_mxbai,4330,1782210734.8271027,,,
2509,0,svm,max,balanced,cached_mxbai,4331,1782210735.4378042,,,
6043,0,svm,max,balanced,cached_mxbai,4332,1782210735.9982715,,,
3749,0,svm,max,balanced,cached_mxbai,4333,1782210736.5615656,,,
5532,0,svm,max,balanced,cached_mxbai,4334,1782210737.1257756,,,
5930,0,svm,max,balanced,cached_mxbai,4335,1782210737.6850767,,,
3628,0,svm,max,balanced,cached_mxbai,4336,1782210738.2500815,,,
2608,0,svm,max,balanced,cached_mxbai,4337,1782210738.8168733,,,
2930,0,svm,max,balanced,cached_mxbai,4338,1782210739.3848693,,,
2411,0,svm,max,balanced,cached_mxbai,4339,1782210739.9519806,,,
3469,0,svm,max,balanced,cached_mxbai,4340,1782210740.5208757,,,
4285,0,svm,max,balanced,cached_mxbai,4341,1782210741.0897954,,,
3133,0,svm,max,balanced,cached_mxbai,4342,1782210741.6585667,,,
3541,0,svm,max,balanced,cached_mxbai,4343,1782210742.2206442,,,
4050,0,svm,max,balanced,cached_mxbai,4344,1782210742.798351,,,
4860,0,svm,max,balanced,cached_mxbai,4345,1782210743.3556328,,,
2730,0,svm,max,balanced,cached_mxbai,4346,1782210743.92003,,,
761,0,svm,max,balanced,cached_mxbai,4347,1782210744.4842856,,,
2593,0,svm,max,balanced,cached_mxbai,4348,1782210745.0565143,,,
2778,0,svm,max,balanced,cached_mxbai,4349,1782210745.6385572,,,
8350,0,svm,max,balanced,cached_mxbai,4350,1782210746.200323,,,
214,0,svm,max,balanced,cached_mxbai,4351,1782210746.762984,,,
8147,0,svm,max,balanced,cached_mxbai,4352,1782210747.3278527,,,
8898,0,svm,max,balanced,cached_mxbai,4353,1782210747.8916705,,,
3631,0,svm,max,balanced,cached_mxbai,4354,1782210748.4663093,,,
8932,0,svm,max,balanced,cached_mxbai,4355,1782210749.0337877,,,
3315,0,svm,max,balanced,cached_mxbai,4356,1782210749.6032343,,,
4798,0,svm,max,balanced,cached_mxbai,4357,1782210750.1710298,,,
1337,0,svm,max,balanced,cached_mxbai,4358,1782210750.7446704,,,
5898,0,svm,max,balanced,cached_mxbai,4359,1782210751.3112993,,,
4946,0,svm,max,balanced,cached_mxbai,4360,1782210751.882657,,,
1838,0,svm,max,balanced,cached_mxbai,4361,1782210752.455791,,,
2786,0,svm,max,balanced,cached_mxbai,4362,1782210753.0290046,,,
6556,0,svm,max,balanced,cached_mxbai,4363,1782210753.60021,,,
6023,0,svm,max,balanced,cached_mxbai,4364,1782210754.167138,,,
1221,0,svm,max,balanced,cached_mxbai,4365,1782210754.7337625,,,
2644,0,svm,max,balanced,cached_mxbai,4366,1782210755.321741,,,
7957,0,svm,max,balanced,cached_mxbai,4367,1782210755.8922715,,,
6592,0,svm,max,balanced,cached_mxbai,4368,1782210756.4618487,,,
2968,0,svm,max,balanced,cached_mxbai,4369,1782210757.0259352,,,
8538,0,svm,max,balanced,cached_mxbai,4370,1782210757.595612,,,
4137,0,svm,max,balanced,cached_mxbai,4371,1782210758.1608527,,,
1512,0,svm,max,balanced,cached_mxbai,4372,1782210758.7307732,,,
8894,0,svm,max,balanced,cached_mxbai,4373,1782210759.296492,,,
68,0,svm,max,balanced,cached_mxbai,4374,1782210759.865074,,,
5279,0,svm,max,balanced,cached_mxbai,4375,1782210760.4310422,,,
4025,0,svm,max,balanced,cached_mxbai,4376,1782210760.9998963,,,
2146,0,svm,max,balanced,cached_mxbai,4377,1782210761.5697086,,,
10581,0,svm,max,balanced,cached_mxbai,4378,1782210762.148063,,,
3186,0,svm,max,balanced,cached_mxbai,4379,1782210762.7230117,,,
6016,0,svm,max,balanced,cached_mxbai,4380,1782210763.3066442,,,
719,0,svm,max,balanced,cached_mxbai,4381,1782210763.8830805,,,
1997,0,svm,max,balanced,cached_mxbai,4382,1782210764.4582095,,,
6141,0,svm,max,balanced,cached_mxbai,4383,1782210765.0314882,,,
10340,0,svm,max,balanced,cached_mxbai,4384,1782210765.6451368,,,
4429,0,svm,max,balanced,cached_mxbai,4385,1782210766.2105732,,,
4984,0,svm,max,balanced,cached_mxbai,4386,1782210766.7840772,,,
141,0,svm,max,balanced,cached_mxbai,4387,1782210767.347971,,,
6653,0,svm,max,balanced,cached_mxbai,4388,1782210767.9185352,,,
2986,0,svm,max,balanced,cached_mxbai,4389,1782210768.4898999,,,
455,0,svm,max,balanced,cached_mxbai,4390,1782210769.063224,,,
6299,0,svm,max,balanced,cached_mxbai,4391,1782210769.6316535,,,
6073,0,svm,max,balanced,cached_mxbai,4392,1782210770.2025967,,,
7013,0,svm,max,balanced,cached_mxbai,4393,1782210770.7711935,,,
5910,0,svm,max,balanced,cached_mxbai,4394,1782210771.3457386,,,
7628,0,svm,max,balanced,cached_mxbai,4395,1782210771.9154143,,,
6354,0,svm,max,balanced,cached_mxbai,4396,1782210772.4861531,,,
2580,0,svm,max,balanced,cached_mxbai,4397,1782210773.0572808,,,
731,0,svm,max,balanced,cached_mxbai,4398,1782210773.628994,,,
5402,0,svm,max,balanced,cached_mxbai,4399,1782210774.195358,,,
848,0,svm,max,balanced,cached_mxbai,4400,1782210774.7698045,,,
1871,0,svm,max,balanced,cached_mxbai,4401,1782210775.3522885,,,
9181,0,svm,max,balanced,cached_mxbai,4402,1782210775.9411821,,,
5740,0,svm,max,balanced,cached_mxbai,4403,1782210776.6040592,,,
3408,0,svm,max,balanced,cached_mxbai,4404,1782210777.2764535,,,
7003,0,svm,max,balanced,cached_mxbai,4405,1782210777.9407136,,,
1825,0,svm,max,balanced,cached_mxbai,4406,1782210778.609984,,,
6897,0,svm,max,balanced,cached_mxbai,4407,1782210779.2793741,,,
5836,0,svm,max,balanced,cached_mxbai,4408,1782210779.9262977,,,
10068,0,svm,max,balanced,cached_mxbai,4409,1782210780.5694382,,,
9490,0,svm,max,balanced,cached_mxbai,4410,1782210781.2237847,,,
5694,0,svm,max,balanced,cached_mxbai,4411,1782210781.880203,,,
803,0,svm,max,balanced,cached_mxbai,4412,1782210782.528917,,,
10519,0,svm,max,balanced,cached_mxbai,4413,1782210783.1013405,,,
63,0,svm,max,balanced,cached_mxbai,4414,1782210783.6777163,,,
4152,0,svm,max,balanced,cached_mxbai,4415,1782210784.2463543,,,
449,0,svm,max,balanced,cached_mxbai,4416,1782210784.8208997,,,
7620,0,svm,max,balanced,cached_mxbai,4417,1782210785.4088252,,,
90,0,svm,max,balanced,cached_mxbai,4418,1782210785.9821444,,,
8873,0,svm,max,balanced,cached_mxbai,4419,1782210786.5559444,,,
2394,0,svm,max,balanced,cached_mxbai,4420,1782210787.1383011,,,
8630,0,svm,max,balanced,cached_mxbai,4421,1782210787.7201004,,,
4856,0,svm,max,balanced,cached_mxbai,4422,1782210788.295217,,,
7459,0,svm,max,balanced,cached_mxbai,4423,1782210788.874932,,,
9347,0,svm,max,balanced,cached_mxbai,4424,1782210789.4506197,,,
3085,0,svm,max,balanced,cached_mxbai,4425,1782210790.02764,,,
3334,0,svm,max,balanced,cached_mxbai,4426,1782210790.6045055,,,
3191,0,svm,max,balanced,cached_mxbai,4427,1782210791.1777546,,,
5201,0,svm,max,balanced,cached_mxbai,4428,1782210791.755757,,,
9372,0,svm,max,balanced,cached_mxbai,4429,1782210792.322721,,,
9511,0,svm,max,balanced,cached_mxbai,4430,1782210792.9066834,,,
9205,0,svm,max,balanced,cached_mxbai,4431,1782210793.4887183,,,
3267,0,svm,max,balanced,cached_mxbai,4432,1782210794.0657399,,,
6937,0,svm,max,balanced,cached_mxbai,4433,1782210794.6397145,,,
2785,0,svm,max,balanced,cached_mxbai,4434,1782210795.228918,,,
4054,0,svm,max,balanced,cached_mxbai,4435,1782210795.8124638,,,
5143,0,svm,max,balanced,cached_mxbai,4436,1782210796.3763227,,,
9178,0,svm,max,balanced,cached_mxbai,4437,1782210796.9426045,,,
7484,0,svm,max,balanced,cached_mxbai,4438,1782210797.502909,,,
4181,0,svm,max,balanced,cached_mxbai,4439,1782210798.0674288,,,
5738,0,svm,max,balanced,cached_mxbai,4440,1782210798.6332123,,,
5772,0,svm,max,balanced,cached_mxbai,4441,1782210799.2056615,,,
2924,0,svm,max,balanced,cached_mxbai,4442,1782210799.767828,,,
1668,0,svm,max,balanced,cached_mxbai,4443,1782210800.3324163,,,
4953,0,svm,max,balanced,cached_mxbai,4444,1782210800.8963459,,,
5498,0,svm,max,balanced,cached_mxbai,4445,1782210801.4687347,,,
9212,0,svm,max,balanced,cached_mxbai,4446,1782210802.0324423,,,
1454,0,svm,max,balanced,cached_mxbai,4447,1782210802.5992725,,,
5664,0,svm,max,balanced,cached_mxbai,4448,1782210803.1679156,,,
5675,0,svm,max,balanced,cached_mxbai,4449,1782210803.735924,,,
3362,0,svm,max,balanced,cached_mxbai,4450,1782210804.3005924,,,
10236,0,svm,max,balanced,cached_mxbai,4451,1782210804.8673372,,,
4754,0,svm,max,balanced,cached_mxbai,4452,1782210805.4538908,,,
1569,0,svm,max,balanced,cached_mxbai,4453,1782210806.0243716,,,
987,0,svm,max,balanced,cached_mxbai,4454,1782210806.5939138,,,
3928,0,svm,max,balanced,cached_mxbai,4455,1782210807.168085,,,
3531,0,svm,max,balanced,cached_mxbai,4456,1782210807.7438536,,,
10421,0,svm,max,balanced,cached_mxbai,4457,1782210808.3215601,,,
5887,0,svm,max,balanced,cached_mxbai,4458,1782210809.0053494,,,
8304,0,svm,max,balanced,cached_mxbai,4459,1782210809.674217,,,
7889,0,svm,max,balanced,cached_mxbai,4460,1782210810.3460283,,,
2462,0,svm,max,balanced,cached_mxbai,4461,1782210811.0117311,,,
5868,0,svm,max,balanced,cached_mxbai,4462,1782210811.6860495,,,
376,0,svm,max,balanced,cached_mxbai,4463,1782210812.3533235,,,
1467,0,svm,max,balanced,cached_mxbai,4464,1782210813.0182722,,,
7718,0,svm,max,balanced,cached_mxbai,4465,1782210813.6702604,,,
744,0,svm,max,balanced,cached_mxbai,4466,1782210814.3227668,,,
3532,0,svm,max,balanced,cached_mxbai,4467,1782210814.9760058,,,
2607,0,svm,max,balanced,cached_mxbai,4468,1782210815.6452472,,,
5337,0,svm,max,balanced,cached_mxbai,4469,1782210816.3028007,,,
3123,0,svm,max,balanced,cached_mxbai,4470,1782210816.955443,,,
9745,0,svm,max,balanced,cached_mxbai,4471,1782210817.6219707,,,
6561,0,svm,max,balanced,cached_mxbai,4472,1782210818.2851272,,,
8177,0,svm,max,balanced,cached_mxbai,4473,1782210818.9231625,,,
5225,0,svm,max,balanced,cached_mxbai,4474,1782210819.560008,,,
2194,0,svm,max,balanced,cached_mxbai,4475,1782210820.2236464,,,
2446,0,svm,max,balanced,cached_mxbai,4476,1782210820.8789754,,,
2561,0,svm,max,balanced,cached_mxbai,4477,1782210821.5413017,,,
753,0,svm,max,balanced,cached_mxbai,4478,1782210822.1998458,,,
9667,0,svm,max,balanced,cached_mxbai,4479,1782210822.8598807,,,
9705,0,svm,max,balanced,cached_mxbai,4480,1782210823.5210705,,,
2177,0,svm,max,balanced,cached_mxbai,4481,1782210824.1787755,,,
3394,0,svm,max,balanced,cached_mxbai,4482,1782210824.837558,,,
2338,0,svm,max,balanced,cached_mxbai,4483,1782210825.5306637,,,
8108,0,svm,max,balanced,cached_mxbai,4484,1782210826.2208183,,,
2695,0,svm,max,balanced,cached_mxbai,4485,1782210826.8934631,,,
8978,0,svm,max,balanced,cached_mxbai,4486,1782210827.5592003,,,
9486,0,svm,max,balanced,cached_mxbai,4487,1782210828.22397,,,
6031,0,svm,max,balanced,cached_mxbai,4488,1782210828.8881245,,,
3958,0,svm,max,balanced,cached_mxbai,4489,1782210829.55863,,,
7829,0,svm,max,balanced,cached_mxbai,4490,1782210830.2210965,,,
2988,0,svm,max,balanced,cached_mxbai,4491,1782210830.8897383,,,
8187,0,svm,max,balanced,cached_mxbai,4492,1782210831.5532715,,,
953,0,svm,max,balanced,cached_mxbai,4493,1782210832.2166786,,,
1804,0,svm,max,balanced,cached_mxbai,4494,1782210832.879463,,,
7188,0,svm,max,balanced,cached_mxbai,4495,1782210833.5416787,,,
5047,0,svm,max,balanced,cached_mxbai,4496,1782210834.20554,,,
6076,0,svm,max,balanced,cached_mxbai,4497,1782210834.8667245,,,
2284,0,svm,max,balanced,cached_mxbai,4498,1782210835.5499494,,,
8948,0,svm,max,balanced,cached_mxbai,4499,1782210836.2120872,,,
1956,0,svm,max,balanced,cached_mxbai,4500,1782210836.8697915,,,
3114,0,svm,max,balanced,cached_mxbai,4501,1782210837.5395195,,,
8781,0,svm,max,balanced,cached_mxbai,4502,1782210838.1976027,,,
2186,0,svm,max,balanced,cached_mxbai,4503,1782210838.866202,,,
1067,0,svm,max,balanced,cached_mxbai,4504,1782210839.5228894,,,
8727,0,svm,max,balanced,cached_mxbai,4505,1782210840.1795752,,,
7209,0,svm,max,balanced,cached_mxbai,4506,1782210840.8424344,,,
7039,0,svm,max,balanced,cached_mxbai,4507,1782210841.5035803,,,
119,0,svm,max,balanced,cached_mxbai,4508,1782210842.1754715,,,
7713,0,svm,max,balanced,cached_mxbai,4509,1782210842.8355963,,,
6701,0,svm,max,balanced,cached_mxbai,4510,1782210843.499032,,,
3340,0,svm,max,balanced,cached_mxbai,4511,1782210844.1620328,,,
2528,0,svm,max,balanced,cached_mxbai,4512,1782210844.823161,,,
1558,0,svm,max,balanced,cached_mxbai,4513,1782210845.5039365,,,
8277,0,svm,max,balanced,cached_mxbai,4514,1782210846.1588144,,,
6259,0,svm,max,balanced,cached_mxbai,4515,1782210846.8270626,,,
9717,0,svm,max,balanced,cached_mxbai,4516,1782210847.4883766,,,
3259,0,svm,max,balanced,cached_mxbai,4517,1782210848.1475048,,,
211,0,svm,max,balanced,cached_mxbai,4518,1782210848.8080263,,,
3425,0,svm,max,balanced,cached_mxbai,4519,1782210849.4675105,,,
4830,0,svm,max,balanced,cached_mxbai,4520,1782210850.1258736,,,
8613,0,svm,max,balanced,cached_mxbai,4521,1782210850.7903488,,,
1037,0,svm,max,balanced,cached_mxbai,4522,1782210851.4527302,,,
9697,0,svm,max,balanced,cached_mxbai,4523,1782210852.1160793,,,
10481,0,svm,max,balanced,cached_mxbai,4524,1782210852.7737496,,,
3638,0,svm,max,balanced,cached_mxbai,4525,1782210853.4375093,,,
88,0,svm,max,balanced,cached_mxbai,4526,1782210854.0971425,,,
2380,0,svm,max,balanced,cached_mxbai,4527,1782210854.7545917,,,
7068,0,svm,max,balanced,cached_mxbai,4528,1782210855.4402509,,,
8872,0,svm,max,balanced,cached_mxbai,4529,1782210856.0390098,,,
976,0,svm,max,balanced,cached_mxbai,4530,1782210856.6581597,,,
9202,0,svm,max,balanced,cached_mxbai,4531,1782210857.2596326,,,
658,0,svm,max,balanced,cached_mxbai,4532,1782210857.8687327,,,
6352,0,svm,max,balanced,cached_mxbai,4533,1782210858.4748802,,,
6388,0,svm,max,balanced,cached_mxbai,4534,1782210859.0751982,,,
9744,0,svm,max,balanced,cached_mxbai,4535,1782210859.6777728,,,
4890,0,svm,max,balanced,cached_mxbai,4536,1782210860.275862,,,
7752,0,svm,max,balanced,cached_mxbai,4537,1782210860.8784993,,,
2219,0,svm,max,balanced,cached_mxbai,4538,1782210861.4871254,,,
3153,0,svm,max,balanced,cached_mxbai,4539,1782210862.095153,,,
3352,0,svm,max,balanced,cached_mxbai,4540,1782210862.696501,,,
7471,0,svm,max,balanced,cached_mxbai,4541,1782210863.3027937,,,
4247,0,svm,max,balanced,cached_mxbai,4542,1782210863.9032822,,,
6447,0,svm,max,balanced,cached_mxbai,4543,1782210864.5062602,,,
5051,0,svm,max,balanced,cached_mxbai,4544,1782210865.1090786,,,
1263,0,svm,max,balanced,cached_mxbai,4545,1782210865.723877,,,
1188,0,svm,max,balanced,cached_mxbai,4546,1782210866.3217616,,,
1434,0,svm,max,balanced,cached_mxbai,4547,1782210866.9173381,,,
3470,0,svm,max,balanced,cached_mxbai,4548,1782210867.5181706,,,
4645,0,svm,max,balanced,cached_mxbai,4549,1782210868.1166487,,,
5211,0,svm,max,balanced,cached_mxbai,4550,1782210868.716685,,,
1691,0,svm,max,balanced,cached_mxbai,4551,1782210869.3187616,,,
8659,0,svm,max,balanced,cached_mxbai,4552,1782210869.9166126,,,
8616,0,svm,max,balanced,cached_mxbai,4553,1782210870.5136552,,,
444,0,svm,max,balanced,cached_mxbai,4554,1782210871.110156,,,
8070,0,svm,max,balanced,cached_mxbai,4555,1782210871.7081082,,,
8106,0,svm,max,balanced,cached_mxbai,4556,1782210872.30556,,,
6806,0,svm,max,balanced,cached_mxbai,4557,1782210872.902373,,,
1591,0,svm,max,balanced,cached_mxbai,4558,1782210873.5036967,,,
906,0,svm,max,balanced,cached_mxbai,4559,1782210874.0998425,,,
10172,0,svm,max,balanced,cached_mxbai,4560,1782210874.7070923,,,
5627,0,svm,max,balanced,cached_mxbai,4561,1782210875.3375316,,,
9161,0,svm,max,balanced,cached_mxbai,4562,1782210875.9469752,,,
2754,0,svm,max,balanced,cached_mxbai,4563,1782210876.5561624,,,
972,0,svm,max,balanced,cached_mxbai,4564,1782210877.1610343,,,
8992,0,svm,max,balanced,cached_mxbai,4565,1782210877.7618873,,,
8113,0,svm,max,balanced,cached_mxbai,4566,1782210878.3644383,,,
2925,0,svm,max,balanced,cached_mxbai,4567,1782210878.9676487,,,
4099,0,svm,max,balanced,cached_mxbai,4568,1782210879.5691614,,,
9441,0,svm,max,balanced,cached_mxbai,4569,1782210880.1665063,,,
3472,0,svm,max,balanced,cached_mxbai,4570,1782210880.7698174,,,
8302,0,svm,max,balanced,cached_mxbai,4571,1782210881.3679175,,,
3547,0,svm,max,balanced,cached_mxbai,4572,1782210881.9679308,,,
4956,0,svm,max,balanced,cached_mxbai,4573,1782210882.5637348,,,
3265,0,svm,max,balanced,cached_mxbai,4574,1782210883.1640558,,,
7997,0,svm,max,balanced,cached_mxbai,4575,1782210883.7645123,,,
9192,0,svm,max,balanced,cached_mxbai,4576,1782210884.3644962,,,
5533,0,svm,max,balanced,cached_mxbai,4577,1782210884.9685063,,,
3967,0,svm,max,balanced,cached_mxbai,4578,1782210885.5943444,,,
3138,0,svm,max,balanced,cached_mxbai,4579,1782210886.196246,,,
1725,0,svm,max,balanced,cached_mxbai,4580,1782210886.8011136,,,
3501,0,svm,max,balanced,cached_mxbai,4581,1782210887.4062054,,,
1882,0,svm,max,balanced,cached_mxbai,4582,1782210888.007596,,,
6987,0,svm,max,balanced,cached_mxbai,4583,1782210888.6169786,,,
8886,0,svm,max,balanced,cached_mxbai,4584,1782210889.2350273,,,
5824,0,svm,max,balanced,cached_mxbai,4585,1782210889.8454783,,,
4854,0,svm,max,balanced,cached_mxbai,4586,1782210890.451401,,,
5204,0,svm,max,balanced,cached_mxbai,4587,1782210891.0560253,,,
8478,0,svm,max,balanced,cached_mxbai,4588,1782210891.6561,,,
8566,0,svm,max,balanced,cached_mxbai,4589,1782210892.2605486,,,
7736,0,svm,max,balanced,cached_mxbai,4590,1782210892.8698852,,,
2604,0,svm,max,balanced,cached_mxbai,4591,1782210893.478,,,
5169,0,svm,max,balanced,cached_mxbai,4592,1782210894.1614523,,,
5929,0,svm,max,balanced,cached_mxbai,4593,1782210894.8441763,,,
7389,0,svm,max,balanced,cached_mxbai,4594,1782210895.5399761,,,
2581,0,svm,max,balanced,cached_mxbai,4595,1782210896.2238343,,,
10459,0,svm,max,balanced,cached_mxbai,4596,1782210896.907018,,,
1593,0,svm,max,balanced,cached_mxbai,4597,1782210897.6015704,,,
5046,0,svm,max,balanced,cached_mxbai,4598,1782210898.2859876,,,
802,0,svm,max,balanced,cached_mxbai,4599,1782210898.979125,,,
8064,0,svm,max,balanced,cached_mxbai,4600,1782210899.6630518,,,
4000,0,svm,max,balanced,cached_mxbai,4601,1782210900.3485498,,,
8748,0,svm,max,balanced,cached_mxbai,4602,1782210901.0348468,,,
3018,0,svm,max,balanced,cached_mxbai,4603,1782210901.722041,,,
4447,0,svm,max,balanced,cached_mxbai,4604,1782210902.4048696,,,
2784,0,svm,max,balanced,cached_mxbai,4605,1782210903.0906105,,,
4791,0,svm,max,balanced,cached_mxbai,4606,1782210903.7810256,,,
10533,0,svm,max,balanced,cached_mxbai,4607,1782210904.467107,,,
5404,0,svm,max,balanced,cached_mxbai,4608,1782210905.1652412,,,
6088,0,svm,max,balanced,cached_mxbai,4609,1782210905.8742647,,,
801,0,svm,max,balanced,cached_mxbai,4610,1782210906.5591793,,,
3361,0,svm,max,balanced,cached_mxbai,4611,1782210907.2514641,,,
7840,0,svm,max,balanced,cached_mxbai,4612,1782210907.8744082,,,
7447,0,svm,max,balanced,cached_mxbai,4613,1782210908.4912665,,,
7414,0,svm,max,balanced,cached_mxbai,4614,1782210909.1862142,,,
9561,0,svm,max,balanced,cached_mxbai,4615,1782210909.8809037,,,
640,0,svm,max,balanced,cached_mxbai,4616,1782210910.570079,,,
10090,0,svm,max,balanced,cached_mxbai,4617,1782210911.2710528,,,
4817,0,svm,max,balanced,cached_mxbai,4618,1782210911.9574137,,,
6621,0,svm,max,balanced,cached_mxbai,4619,1782210912.6463115,,,
6389,0,svm,max,balanced,cached_mxbai,4620,1782210913.3350825,,,
903,0,svm,max,balanced,cached_mxbai,4621,1782210914.0266151,,,
4157,0,svm,max,balanced,cached_mxbai,4622,1782210914.7128885,,,
6872,0,svm,max,balanced,cached_mxbai,4623,1782210915.3501115,,,
3750,0,svm,max,balanced,cached_mxbai,4624,1782210915.9574103,,,
3942,0,svm,max,balanced,cached_mxbai,4625,1782210916.5705655,,,
9711,0,svm,max,balanced,cached_mxbai,4626,1782210917.1935616,,,
3318,0,svm,max,balanced,cached_mxbai,4627,1782210917.8050103,,,
4783,0,svm,max,balanced,cached_mxbai,4628,1782210918.4920328,,,
5812,0,svm,max,balanced,cached_mxbai,4629,1782210919.1070588,,,
886,0,svm,max,balanced,cached_mxbai,4630,1782210919.7955651,,,
1171,0,svm,max,balanced,cached_mxbai,4631,1782210920.4878325,,,
8983,0,svm,max,balanced,cached_mxbai,4632,1782210921.182995,,,
2084,0,svm,max,balanced,cached_mxbai,4633,1782210921.8802001,,,
6087,0,svm,max,balanced,cached_mxbai,4634,1782210922.5711749,,,
9271,0,svm,max,balanced,cached_mxbai,4635,1782210923.2685597,,,
5884,0,svm,max,balanced,cached_mxbai,4636,1782210923.9542413,,,
990,0,svm,max,balanced,cached_mxbai,4637,1782210924.5666602,,,
1025,0,svm,max,balanced,cached_mxbai,4638,1782210925.1861234,,,
2631,0,svm,max,balanced,cached_mxbai,4639,1782210925.8117888,,,
4255,0,svm,max,balanced,cached_mxbai,4640,1782210926.4228914,,,
1142,0,svm,max,balanced,cached_mxbai,4641,1782210927.114839,,,
8604,0,svm,max,balanced,cached_mxbai,4642,1782210927.803125,,,
3653,0,svm,max,balanced,cached_mxbai,4643,1782210928.4212315,,,
2738,0,svm,max,balanced,cached_mxbai,4644,1782210929.039542,,,
8866,0,svm,max,balanced,cached_mxbai,4645,1782210929.659603,,,
1189,0,svm,max,balanced,cached_mxbai,4646,1782210930.2744699,,,
7103,0,svm,max,balanced,cached_mxbai,4647,1782210930.8922951,,,
9353,0,svm,max,balanced,cached_mxbai,4648,1782210931.5130146,,,
3468,0,svm,max,balanced,cached_mxbai,4649,1782210932.1305416,,,
4260,0,svm,max,balanced,cached_mxbai,4650,1782210932.746475,,,
3682,0,svm,max,balanced,cached_mxbai,4651,1782210933.3633852,,,
2292,0,svm,max,balanced,cached_mxbai,4652,1782210933.976544,,,
3696,0,svm,max,balanced,cached_mxbai,4653,1782210934.5969234,,,
5184,0,svm,max,balanced,cached_mxbai,4654,1782210935.2226322,,,
5395,0,svm,max,balanced,cached_mxbai,4655,1782210935.935705,,,
9933,0,svm,max,balanced,cached_mxbai,4656,1782210936.631656,,,
4101,0,svm,max,balanced,cached_mxbai,4657,1782210937.336889,,,
664,0,svm,max,balanced,cached_mxbai,4658,1782210938.0329068,,,
6140,0,svm,max,balanced,cached_mxbai,4659,1782210938.7327113,,,
208,0,svm,max,balanced,cached_mxbai,4660,1782210939.4283373,,,
612,0,svm,max,balanced,cached_mxbai,4661,1782210940.1258178,,,
5341,0,svm,max,balanced,cached_mxbai,4662,1782210940.8311872,,,
3870,0,svm,max,balanced,cached_mxbai,4663,1782210941.531662,,,
5349,0,svm,max,balanced,cached_mxbai,4664,1782210942.2280948,,,
7955,0,svm,max,balanced,cached_mxbai,4665,1782210942.9266953,,,
1727,0,svm,max,balanced,cached_mxbai,4666,1782210943.622364,,,
1766,0,svm,max,balanced,cached_mxbai,4667,1782210944.3204079,,,
2945,0,svm,max,balanced,cached_mxbai,4668,1782210945.0200334,,,
4046,0,svm,max,balanced,cached_mxbai,4669,1782210945.7396643,,,
2921,0,svm,max,balanced,cached_mxbai,4670,1782210946.4403298,,,
6960,0,svm,max,balanced,cached_mxbai,4671,1782210947.1213555,,,
8127,0,svm,max,balanced,cached_mxbai,4672,1782210947.8087785,,,
4355,0,svm,max,balanced,cached_mxbai,4673,1782210948.494383,,,
5717,0,svm,max,balanced,cached_mxbai,4674,1782210949.1889396,,,
1035,0,svm,max,balanced,cached_mxbai,4675,1782210949.876499,,,
3777,0,svm,max,balanced,cached_mxbai,4676,1782210950.5626557,,,
8769,0,svm,max,balanced,cached_mxbai,4677,1782210951.2467096,,,
6885,0,svm,max,balanced,cached_mxbai,4678,1782210951.9334407,,,
55,0,svm,max,balanced,cached_mxbai,4679,1782210952.6157436,,,
4359,0,svm,max,balanced,cached_mxbai,4680,1782210953.290942,,,
9955,0,svm,max,balanced,cached_mxbai,4681,1782210953.970783,,,
9086,0,svm,max,balanced,cached_mxbai,4682,1782210954.6454725,,,
7576,0,svm,max,balanced,cached_mxbai,4683,1782210955.342842,,,
7740,0,svm,max,balanced,cached_mxbai,4684,1782210956.0265234,,,
3587,0,svm,max,balanced,cached_mxbai,4685,1782210956.711911,,,
10441,0,svm,max,balanced,cached_mxbai,4686,1782210957.4019558,,,
5214,0,svm,max,balanced,cached_mxbai,4687,1782210958.0830226,,,
9230,0,svm,max,balanced,cached_mxbai,4688,1782210958.7670786,,,
3580,0,svm,max,balanced,cached_mxbai,4689,1782210959.4546566,,,
189,0,svm,max,balanced,cached_mxbai,4690,1782210960.135307,,,
5686,0,svm,max,balanced,cached_mxbai,4691,1782210960.8189476,,,
7367,0,svm,max,balanced,cached_mxbai,4692,1782210961.5067904,,,
5683,0,svm,max,balanced,cached_mxbai,4693,1782210962.193147,,,
8364,0,svm,max,balanced,cached_mxbai,4694,1782210962.876351,,,
7747,0,svm,max,balanced,cached_mxbai,4695,1782210963.563147,,,
1622,0,svm,max,balanced,cached_mxbai,4696,1782210964.2428436,,,
554,0,svm,max,balanced,cached_mxbai,4697,1782210964.9262478,,,
3035,0,svm,max,balanced,cached_mxbai,4698,1782210965.6361206,,,
3381,0,svm,max,balanced,cached_mxbai,4699,1782210966.3213487,,,
8742,0,svm,max,balanced,cached_mxbai,4700,1782210967.0140815,,,
1688,0,svm,max,balanced,cached_mxbai,4701,1782210967.7050989,,,
7212,0,svm,max,balanced,cached_mxbai,4702,1782210968.3911839,,,
978,0,svm,max,balanced,cached_mxbai,4703,1782210969.0832279,,,
9066,0,svm,max,balanced,cached_mxbai,4704,1782210969.7757638,,,
7238,0,svm,max,balanced,cached_mxbai,4705,1782210970.466974,,,
5909,0,svm,max,balanced,cached_mxbai,4706,1782210971.156109,,,
5438,0,svm,max,balanced,cached_mxbai,4707,1782210971.8464792,,,
4265,0,svm,max,balanced,cached_mxbai,4708,1782210972.5333192,,,
6812,0,svm,max,balanced,cached_mxbai,4709,1782210973.2253165,,,
4307,0,svm,max,balanced,cached_mxbai,4710,1782210973.9300826,,,
4807,0,svm,max,balanced,cached_mxbai,4711,1782210974.6248455,,,
3864,0,svm,max,balanced,cached_mxbai,4712,1782210975.3358994,,,
4440,0,svm,max,balanced,cached_mxbai,4713,1782210976.0302231,,,
863,0,svm,max,balanced,cached_mxbai,4714,1782210976.722868,,,
8600,0,svm,max,balanced,cached_mxbai,4715,1782210977.4133937,,,
5639,0,svm,max,balanced,cached_mxbai,4716,1782210978.0981002,,,
6996,0,svm,max,balanced,cached_mxbai,4717,1782210978.7945478,,,
6367,0,svm,max,balanced,cached_mxbai,4718,1782210979.491653,,,
8241,0,svm,max,balanced,cached_mxbai,4719,1782210980.1859884,,,
4268,0,svm,max,balanced,cached_mxbai,4720,1782210980.8751564,,,
984,0,svm,max,balanced,cached_mxbai,4721,1782210981.5805142,,,
9913,0,svm,max,balanced,cached_mxbai,4722,1782210982.274689,,,
10382,0,svm,max,balanced,cached_mxbai,4723,1782210982.9839933,,,
2742,0,svm,max,balanced,cached_mxbai,4724,1782210983.6753232,,,
2227,0,svm,max,balanced,cached_mxbai,4725,1782210984.368717,,,
9986,0,svm,max,balanced,cached_mxbai,4726,1782210985.068515,,,
6075,0,svm,max,balanced,cached_mxbai,4727,1782210985.7782085,,,
1610,0,svm,max,balanced,cached_mxbai,4728,1782210986.4723024,,,
4177,0,svm,max,balanced,cached_mxbai,4729,1782210987.16333,,,
2404,0,svm,max,balanced,cached_mxbai,4730,1782210987.8507166,,,
8607,0,svm,max,balanced,cached_mxbai,4731,1782210988.5412073,,,
670,0,svm,max,balanced,cached_mxbai,4732,1782210989.2345347,,,
2641,0,svm,max,balanced,cached_mxbai,4733,1782210989.9204617,,,
3270,0,svm,max,balanced,cached_mxbai,4734,1782210990.607881,,,
2274,0,svm,max,balanced,cached_mxbai,4735,1782210991.2961838,,,
9304,0,svm,max,balanced,cached_mxbai,4736,1782210991.9875238,,,
10194,0,svm,max,balanced,cached_mxbai,4737,1782210992.679989,,,
4937,0,svm,max,balanced,cached_mxbai,4738,1782210993.3724809,,,
766,0,svm,max,balanced,cached_mxbai,4739,1782210994.0675735,,,
10196,0,svm,max,balanced,cached_mxbai,4740,1782210994.7573085,,,
877,0,svm,max,balanced,cached_mxbai,4741,1782210995.4656756,,,
4320,0,svm,max,balanced,cached_mxbai,4742,1782210996.16029,,,
2210,0,svm,max,balanced,cached_mxbai,4743,1782210996.8520787,,,
9395,0,svm,max,balanced,cached_mxbai,4744,1782210997.5445237,,,
7638,0,svm,max,balanced,cached_mxbai,4745,1782210998.234219,,,
562,0,svm,max,balanced,cached_mxbai,4746,1782210998.929388,,,
3371,0,svm,max,balanced,cached_mxbai,4747,1782210999.6235533,,,
726,0,svm,max,balanced,cached_mxbai,4748,1782211000.322678,,,
7789,0,svm,max,balanced,cached_mxbai,4749,1782211001.01483,,,
1538,0,svm,max,balanced,cached_mxbai,4750,1782211001.7115457,,,
6271,0,svm,max,balanced,cached_mxbai,4751,1782211002.407376,,,
961,0,svm,max,balanced,cached_mxbai,4752,1782211003.102624,,,
5838,0,svm,max,balanced,cached_mxbai,4753,1782211003.7996347,,,
10355,0,svm,max,balanced,cached_mxbai,4754,1782211004.4941232,,,
4375,0,svm,max,balanced,cached_mxbai,4755,1782211005.2014136,,,
2365,0,svm,max,balanced,cached_mxbai,4756,1782211005.9380178,,,
2555,0,svm,max,balanced,cached_mxbai,4757,1782211006.6414137,,,
3192,0,svm,max,balanced,cached_mxbai,4758,1782211007.3460314,,,
6697,0,svm,max,balanced,cached_mxbai,4759,1782211008.1062748,,,
6195,0,svm,max,balanced,cached_mxbai,4760,1782211008.8117359,,,
1629,0,svm,max,balanced,cached_mxbai,4761,1782211009.5376697,,,
3670,0,svm,max,balanced,cached_mxbai,4762,1782211010.2543416,,,
10128,0,svm,max,balanced,cached_mxbai,4763,1782211010.9703176,,,
3691,0,svm,max,balanced,cached_mxbai,4764,1782211011.6919289,,,
6070,0,svm,max,balanced,cached_mxbai,4765,1782211012.4061995,,,
1514,0,svm,max,balanced,cached_mxbai,4766,1782211013.1249726,,,
8352,0,svm,max,balanced,cached_mxbai,4767,1782211013.8440292,,,
1344,0,svm,max,balanced,cached_mxbai,4768,1782211014.5728962,,,
1322,0,svm,max,balanced,cached_mxbai,4769,1782211015.327924,,,
4624,0,svm,max,balanced,cached_mxbai,4770,1782211016.044266,,,
4066,0,svm,max,balanced,cached_mxbai,4771,1782211016.7646215,,,
1411,0,svm,max,balanced,cached_mxbai,4772,1782211017.487637,,,
7822,0,svm,max,balanced,cached_mxbai,4773,1782211018.209392,,,
6277,0,svm,max,balanced,cached_mxbai,4774,1782211018.9261036,,,
4555,0,svm,max,balanced,cached_mxbai,4775,1782211019.6482677,,,
1910,0,svm,max,balanced,cached_mxbai,4776,1782211020.3683481,,,
4363,0,svm,max,balanced,cached_mxbai,4777,1782211021.081178,,,
3373,0,svm,max,balanced,cached_mxbai,4778,1782211021.79551,,,
2096,0,svm,max,balanced,cached_mxbai,4779,1782211022.5071373,,,
2367,0,svm,max,balanced,cached_mxbai,4780,1782211023.2346373,,,
777,0,svm,max,balanced,cached_mxbai,4781,1782211023.952867,,,
5254,0,svm,max,balanced,cached_mxbai,4782,1782211024.6690445,,,
3182,0,svm,max,balanced,cached_mxbai,4783,1782211025.399894,,,
6391,0,svm,max,balanced,cached_mxbai,4784,1782211026.1221874,,,
2676,0,svm,max,balanced,cached_mxbai,4785,1782211026.8490658,,,
9923,0,svm,max,balanced,cached_mxbai,4786,1782211027.5718777,,,
10419,0,svm,max,balanced,cached_mxbai,4787,1782211028.3100247,,,
10408,0,svm,max,balanced,cached_mxbai,4788,1782211029.0389915,,,
5660,0,svm,max,balanced,cached_mxbai,4789,1782211029.7679849,,,
2941,0,svm,max,balanced,cached_mxbai,4790,1782211030.4925156,,,
3111,0,svm,max,balanced,cached_mxbai,4791,1782211031.2218392,,,
10111,0,svm,max,balanced,cached_mxbai,4792,1782211031.9485078,,,
1781,0,svm,max,balanced,cached_mxbai,4793,1782211032.6761332,,,
3482,0,svm,max,balanced,cached_mxbai,4794,1782211033.404638,,,
9715,0,svm,max,balanced,cached_mxbai,4795,1782211034.1225393,,,
10221,0,svm,max,balanced,cached_mxbai,4796,1782211034.8487844,,,
2483,0,svm,max,balanced,cached_mxbai,4797,1782211035.601141,,,
9232,0,svm,max,balanced,cached_mxbai,4798,1782211036.3239212,,,
2613,0,svm,max,balanced,cached_mxbai,4799,1782211037.0492473,,,
4782,0,svm,max,balanced,cached_mxbai,4800,1782211037.7552717,,,
7868,0,svm,max,balanced,cached_mxbai,4801,1782211038.4824142,,,
2995,0,svm,max,balanced,cached_mxbai,4802,1782211039.2210753,,,
3376,0,svm,max,balanced,cached_mxbai,4803,1782211039.928468,,,
4316,0,svm,max,balanced,cached_mxbai,4804,1782211040.6360345,,,
8382,0,svm,max,balanced,cached_mxbai,4805,1782211041.3552396,,,
10593,0,svm,max,balanced,cached_mxbai,4806,1782211042.0720692,,,
7404,0,svm,max,balanced,cached_mxbai,4807,1782211042.7847238,,,
7219,0,svm,max,balanced,cached_mxbai,4808,1782211043.5052342,,,
1466,0,svm,max,balanced,cached_mxbai,4809,1782211044.2142794,,,
4638,0,svm,max,balanced,cached_mxbai,4810,1782211044.9182925,,,
6849,0,svm,max,balanced,cached_mxbai,4811,1782211045.6579802,,,
3936,0,svm,max,balanced,cached_mxbai,4812,1782211046.3772874,,,
1996,0,svm,max,balanced,cached_mxbai,4813,1782211047.0877597,,,
596,0,svm,max,balanced,cached_mxbai,4814,1782211047.8020887,,,
2821,0,svm,max,balanced,cached_mxbai,4815,1782211048.5250585,,,
660,0,svm,max,balanced,cached_mxbai,4816,1782211049.242326,,,
10174,0,svm,max,balanced,cached_mxbai,4817,1782211049.9552174,,,
2059,0,svm,max,balanced,cached_mxbai,4818,1782211050.666046,,,
1158,0,svm,max,balanced,cached_mxbai,4819,1782211051.383783,,,
4382,0,svm,max,balanced,cached_mxbai,4820,1782211052.1014984,,,
9884,0,svm,max,balanced,cached_mxbai,4821,1782211052.8217723,,,
8682,0,svm,max,balanced,cached_mxbai,4822,1782211053.5375073,,,
1776,0,svm,max,balanced,cached_mxbai,4823,1782211054.254597,,,
4674,0,svm,max,balanced,cached_mxbai,4824,1782211054.9661405,,,
2938,0,svm,max,balanced,cached_mxbai,4825,1782211055.6945026,,,
4275,0,svm,max,balanced,cached_mxbai,4826,1782211056.4186182,,,
3422,0,svm,max,balanced,cached_mxbai,4827,1782211057.1327384,,,
7332,0,svm,max,balanced,cached_mxbai,4828,1782211057.8549097,,,
10322,0,svm,max,balanced,cached_mxbai,4829,1782211058.576328,,,
10328,0,svm,max,balanced,cached_mxbai,4830,1782211059.2965207,,,
8081,0,svm,max,balanced,cached_mxbai,4831,1782211060.013104,,,
4167,0,svm,max,balanced,cached_mxbai,4832,1782211060.7255354,,,
10426,0,svm,max,balanced,cached_mxbai,4833,1782211061.4418256,,,
2619,0,svm,max,balanced,cached_mxbai,4834,1782211062.157967,,,
7387,0,svm,max,balanced,cached_mxbai,4835,1782211062.8709464,,,
4223,0,svm,max,balanced,cached_mxbai,4836,1782211063.5879405,,,
1050,0,svm,max,balanced,cached_mxbai,4837,1782211064.3089068,,,
7486,0,svm,max,balanced,cached_mxbai,4838,1782211065.033085,,,
8278,0,svm,max,balanced,cached_mxbai,4839,1782211065.7797785,,,
450,0,svm,max,balanced,cached_mxbai,4840,1782211066.525229,,,
755,0,svm,max,balanced,cached_mxbai,4841,1782211067.2547808,,,
9294,0,svm,max,balanced,cached_mxbai,4842,1782211067.99096,,,
2802,0,svm,max,balanced,cached_mxbai,4843,1782211068.72284,,,
1494,0,svm,max,balanced,cached_mxbai,4844,1782211069.467393,,,
2825,0,svm,max,balanced,cached_mxbai,4845,1782211070.1949146,,,
71,0,svm,max,balanced,cached_mxbai,4846,1782211070.9220736,,,
9218,0,svm,max,balanced,cached_mxbai,4847,1782211071.646206,,,
3333,0,svm,max,balanced,cached_mxbai,4848,1782211072.391989,,,
3786,0,svm,max,balanced,cached_mxbai,4849,1782211073.1180646,,,
3834,0,svm,max,balanced,cached_mxbai,4850,1782211073.8401556,,,
8739,0,svm,max,balanced,cached_mxbai,4851,1782211074.5666986,,,
6035,0,svm,max,balanced,cached_mxbai,4852,1782211075.3010592,,,
5021,0,svm,max,balanced,cached_mxbai,4853,1782211076.0139878,,,
1314,0,svm,max,balanced,cached_mxbai,4854,1782211076.7300649,,,
219,0,svm,max,balanced,cached_mxbai,4855,1782211077.4456718,,,
6685,0,svm,max,balanced,cached_mxbai,4856,1782211078.1585135,,,
1788,0,svm,max,balanced,cached_mxbai,4857,1782211078.8741534,,,
6315,0,svm,max,balanced,cached_mxbai,4858,1782211079.5869896,,,
3173,0,svm,max,balanced,cached_mxbai,4859,1782211080.3007035,,,
1096,0,svm,max,balanced,cached_mxbai,4860,1782211081.0163012,,,
6752,0,svm,max,balanced,cached_mxbai,4861,1782211081.7315738,,,
5544,0,svm,max,balanced,cached_mxbai,4862,1782211082.4552505,,,
9058,0,svm,max,balanced,cached_mxbai,4863,1782211083.1542337,,,
5890,0,svm,max,balanced,cached_mxbai,4864,1782211083.8499596,,,
2775,0,svm,max,balanced,cached_mxbai,4865,1782211084.5451822,,,
277,0,svm,max,balanced,cached_mxbai,4866,1782211085.2576208,,,
2051,0,svm,max,balanced,cached_mxbai,4867,1782211085.9829211,,,
5804,0,svm,max,balanced,cached_mxbai,4868,1782211086.6975658,,,
2866,0,svm,max,balanced,cached_mxbai,4869,1782211087.413757,,,
5710,0,svm,max,balanced,cached_mxbai,4870,1782211088.1270561,,,
10160,0,svm,max,balanced,cached_mxbai,4871,1782211088.847472,,,
7401,0,svm,max,balanced,cached_mxbai,4872,1782211089.5641456,,,
5421,0,svm,max,balanced,cached_mxbai,4873,1782211090.2846801,,,
8851,0,svm,max,balanced,cached_mxbai,4874,1782211091.0025003,,,
8626,0,svm,max,balanced,cached_mxbai,4875,1782211091.719701,,,
5023,0,svm,max,balanced,cached_mxbai,4876,1782211092.4456916,,,
7214,0,svm,max,balanced,cached_mxbai,4877,1782211093.163817,,,
4189,0,svm,max,balanced,cached_mxbai,4878,1782211093.8907435,,,
1298,0,svm,max,balanced,cached_mxbai,4879,1782211094.6054702,,,
6177,0,svm,max,balanced,cached_mxbai,4880,1782211095.3456316,,,
4354,0,svm,max,balanced,cached_mxbai,4881,1782211096.0636811,,,
3484,0,svm,max,balanced,cached_mxbai,4882,1782211096.78058,,,
5736,0,svm,max,balanced,cached_mxbai,4883,1782211097.4958334,,,
6942,0,svm,max,balanced,cached_mxbai,4884,1782211098.21669,,,
3838,0,svm,max,balanced,cached_mxbai,4885,1782211098.9434342,,,
9645,0,svm,max,balanced,cached_mxbai,4886,1782211099.663262,,,
8965,0,svm,max,balanced,cached_mxbai,4887,1782211100.3786917,,,
3792,0,svm,max,balanced,cached_mxbai,4888,1782211101.099805,,,
9991,0,svm,max,balanced,cached_mxbai,4889,1782211101.8172622,,,
1471,0,svm,max,balanced,cached_mxbai,4890,1782211102.5387194,,,
2085,0,svm,max,balanced,cached_mxbai,4891,1782211103.2631865,,,
7579,0,svm,max,balanced,cached_mxbai,4892,1782211103.9905124,,,
9781,0,svm,max,balanced,cached_mxbai,4893,1782211104.7116063,,,
10043,0,svm,max,balanced,cached_mxbai,4894,1782211105.4650404,,,
3127,0,svm,max,balanced,cached_mxbai,4895,1782211106.180967,,,
3574,0,svm,max,balanced,cached_mxbai,4896,1782211106.8961036,,,
5239,0,svm,max,balanced,cached_mxbai,4897,1782211107.6154337,,,
4070,0,svm,max,balanced,cached_mxbai,4898,1782211108.3360038,,,
409,0,svm,max,balanced,cached_mxbai,4899,1782211109.057563,,,
2719,0,svm,max,balanced,cached_mxbai,4900,1782211109.7795799,,,
4474,0,svm,max,balanced,cached_mxbai,4901,1782211110.506017,,,
3076,0,svm,max,balanced,cached_mxbai,4902,1782211111.2239797,,,
166,0,svm,max,balanced,cached_mxbai,4903,1782211111.9449096,,,
9015,0,svm,max,balanced,cached_mxbai,4904,1782211112.6707306,,,
7687,0,svm,max,balanced,cached_mxbai,4905,1782211113.3906918,,,
10219,0,svm,max,balanced,cached_mxbai,4906,1782211114.1091516,,,
517,0,svm,max,balanced,cached_mxbai,4907,1782211114.8254526,,,
8391,0,svm,max,balanced,cached_mxbai,4908,1782211115.5600502,,,
9865,0,svm,max,balanced,cached_mxbai,4909,1782211116.2870576,,,
2594,0,svm,max,balanced,cached_mxbai,4910,1782211117.0099072,,,
3119,0,svm,max,balanced,cached_mxbai,4911,1782211117.7383218,,,
6223,0,svm,max,balanced,cached_mxbai,4912,1782211118.4647195,,,
4297,0,svm,max,balanced,cached_mxbai,4913,1782211119.1910958,,,
10205,0,svm,max,balanced,cached_mxbai,4914,1782211119.9334676,,,
7407,0,svm,max,balanced,cached_mxbai,4915,1782211120.6667886,,,
8318,0,svm,max,balanced,cached_mxbai,4916,1782211121.3984058,,,
1858,0,svm,max,balanced,cached_mxbai,4917,1782211122.1178322,,,
3603,0,svm,max,balanced,cached_mxbai,4918,1782211122.8394725,,,
6552,0,svm,max,balanced,cached_mxbai,4919,1782211123.5627966,,,
1680,0,svm,max,balanced,cached_mxbai,4920,1782211124.2904458,,,
10310,0,svm,max,balanced,cached_mxbai,4921,1782211125.02915,,,
4141,0,svm,max,balanced,cached_mxbai,4922,1782211125.7764354,,,
4049,0,svm,max,balanced,cached_mxbai,4923,1782211126.5073314,,,
6406,0,svm,max,balanced,cached_mxbai,4924,1782211127.2329786,,,
4742,0,svm,max,balanced,cached_mxbai,4925,1782211127.958594,,,
8827,0,svm,max,balanced,cached_mxbai,4926,1782211128.6866648,,,
10365,0,svm,max,balanced,cached_mxbai,4927,1782211129.4229264,,,
3732,0,svm,max,balanced,cached_mxbai,4928,1782211130.150209,,,
2371,0,svm,max,balanced,cached_mxbai,4929,1782211130.8733304,,,
7040,0,svm,max,balanced,cached_mxbai,4930,1782211131.596875,,,
4816,0,svm,max,balanced,cached_mxbai,4931,1782211132.3208265,,,
2675,0,svm,max,balanced,cached_mxbai,4932,1782211133.0680625,,,
5703,0,svm,max,balanced,cached_mxbai,4933,1782211133.8118508,,,
1342,0,svm,max,balanced,cached_mxbai,4934,1782211134.5569222,,,
5304,0,svm,max,balanced,cached_mxbai,4935,1782211135.3139536,,,
9311,0,svm,max,balanced,cached_mxbai,4936,1782211136.0477629,,,
6851,0,svm,max,balanced,cached_mxbai,4937,1782211136.7820046,,,
1974,0,svm,max,balanced,cached_mxbai,4938,1782211137.5440412,,,
6919,0,svm,max,balanced,cached_mxbai,4939,1782211138.3122344,,,
10496,0,svm,max,balanced,cached_mxbai,4940,1782211139.0912232,,,
8496,0,svm,max,balanced,cached_mxbai,4941,1782211139.8335803,,,
841,0,svm,max,balanced,cached_mxbai,4942,1782211140.587339,,,
6757,0,svm,max,balanced,cached_mxbai,4943,1782211141.3340487,,,
5875,0,svm,max,balanced,cached_mxbai,4944,1782211142.0823,,,
3436,0,svm,max,balanced,cached_mxbai,4945,1782211142.8288033,,,
6909,0,svm,max,balanced,cached_mxbai,4946,1782211143.5803995,,,
2252,0,svm,max,balanced,cached_mxbai,4947,1782211144.3258004,,,
9322,0,svm,max,balanced,cached_mxbai,4948,1782211145.0707371,,,
9261,0,svm,max,balanced,cached_mxbai,4949,1782211145.82435,,,
107,0,svm,max,balanced,cached_mxbai,4950,1782211146.5711093,,,
2049,0,svm,max,balanced,cached_mxbai,4951,1782211147.3186812,,,
8521,0,svm,max,balanced,cached_mxbai,4952,1782211148.0675302,,,
3239,0,svm,max,balanced,cached_mxbai,4953,1782211148.823983,,,
2424,0,svm,max,balanced,cached_mxbai,4954,1782211149.5698893,,,
1908,0,svm,max,balanced,cached_mxbai,4955,1782211150.3231487,,,
4923,0,svm,max,balanced,cached_mxbai,4956,1782211151.0705452,,,
8986,0,svm,max,balanced,cached_mxbai,4957,1782211151.817361,,,
1742,0,svm,max,balanced,cached_mxbai,4958,1782211152.5647936,,,
9005,0,svm,max,balanced,cached_mxbai,4959,1782211153.318178,,,
9415,0,svm,max,balanced,cached_mxbai,4960,1782211154.0490153,,,
321,0,svm,max,balanced,cached_mxbai,4961,1782211154.7835999,,,
419,0,svm,max,balanced,cached_mxbai,4962,1782211155.5463042,,,
5031,0,svm,max,balanced,cached_mxbai,4963,1782211156.283989,,,
1111,0,svm,max,balanced,cached_mxbai,4964,1782211157.013042,,,
9707,0,svm,max,balanced,cached_mxbai,4965,1782211157.7347383,,,
7607,0,svm,max,balanced,cached_mxbai,4966,1782211158.4537857,,,
5869,0,svm,max,balanced,cached_mxbai,4967,1782211159.1748462,,,
9063,0,svm,max,balanced,cached_mxbai,4968,1782211159.8922942,,,
5997,0,svm,max,balanced,cached_mxbai,4969,1782211160.6095486,,,
4371,0,svm,max,balanced,cached_mxbai,4970,1782211161.3315732,,,
3997,0,svm,max,balanced,cached_mxbai,4971,1782211162.0483937,,,
7980,0,svm,max,balanced,cached_mxbai,4972,1782211162.784332,,,
3810,0,svm,max,balanced,cached_mxbai,4973,1782211163.5140152,,,
9061,0,svm,max,balanced,cached_mxbai,4974,1782211164.2301223,,,
3612,0,svm,max,balanced,cached_mxbai,4975,1782211164.9423785,,,
5785,0,svm,max,balanced,cached_mxbai,4976,1782211165.70413,,,
6347,0,svm,max,balanced,cached_mxbai,4977,1782211166.442914,,,
7485,0,svm,max,balanced,cached_mxbai,4978,1782211167.155318,,,
9485,0,svm,max,balanced,cached_mxbai,4979,1782211167.8671386,,,
2879,0,svm,max,balanced,cached_mxbai,4980,1782211168.5870683,,,
10537,0,svm,max,balanced,cached_mxbai,4981,1782211169.3287935,,,
4667,0,svm,max,balanced,cached_mxbai,4982,1782211170.0615058,,,
276,0,svm,max,balanced,cached_mxbai,4983,1782211170.7928894,,,
8091,0,svm,max,balanced,cached_mxbai,4984,1782211171.541075,,,
4092,0,svm,max,balanced,cached_mxbai,4985,1782211172.2714403,,,
6183,0,svm,max,balanced,cached_mxbai,4986,1782211172.9990256,,,
3857,0,svm,max,balanced,cached_mxbai,4987,1782211173.7370281,,,
4728,0,svm,max,balanced,cached_mxbai,4988,1782211174.4702525,,,
4163,0,svm,max,balanced,cached_mxbai,4989,1782211175.1974447,,,
678,0,svm,max,balanced,cached_mxbai,4990,1782211175.9348555,,,
1135,0,svm,max,balanced,cached_mxbai,4991,1782211176.6549456,,,
3461,0,svm,max,balanced,cached_mxbai,4992,1782211177.3704834,,,
8854,0,svm,max,balanced,cached_mxbai,4993,1782211178.086352,,,
2953,0,svm,max,balanced,cached_mxbai,4994,1782211178.8070486,,,
7252,0,svm,max,balanced,cached_mxbai,4995,1782211179.6267292,,,
3616,0,svm,max,balanced,cached_mxbai,4996,1782211180.3469188,,,
8987,0,svm,max,balanced,cached_mxbai,4997,1782211181.067256,,,
8519,0,svm,max,balanced,cached_mxbai,4998,1782211181.8045673,,,
6166,0,svm,max,balanced,cached_mxbai,4999,1782211182.5277338,,,
3744,0,svm,max,balanced,cached_mxbai,5000,1782211183.2456846,,,
5340,0,svm,max,balanced,cached_mxbai,5001,1782211183.9694757,,,
4360,0,svm,max,balanced,cached_mxbai,5002,1782211184.6933289,,,
3933,0,svm,max,balanced,cached_mxbai,5003,1782211185.4387712,,,
2501,0,svm,max,balanced,cached_mxbai,5004,1782211186.1700869,,,
396,0,svm,max,balanced,cached_mxbai,5005,1782211186.9009633,,,
2722,0,svm,max,balanced,cached_mxbai,5006,1782211187.6206815,,,
10040,0,svm,max,balanced,cached_mxbai,5007,1782211188.3399656,,,
2709,0,svm,max,balanced,cached_mxbai,5008,1782211189.0588784,,,
5746,0,svm,max,balanced,cached_mxbai,5009,1782211189.815076,,,
7267,0,svm,max,balanced,cached_mxbai,5010,1782211190.5815709,,,
9338,0,svm,max,balanced,cached_mxbai,5011,1782211191.3008847,,,
1109,0,svm,max,balanced,cached_mxbai,5012,1782211192.018878,,,
2125,0,svm,max,balanced,cached_mxbai,5013,1782211192.7437775,,,
3740,0,svm,max,balanced,cached_mxbai,5014,1782211193.4657142,,,
4224,0,svm,max,balanced,cached_mxbai,5015,1782211194.1893663,,,
757,0,svm,max,balanced,cached_mxbai,5016,1782211194.9143395,,,
8874,0,svm,max,balanced,cached_mxbai,5017,1782211195.663687,,,
1826,0,svm,max,balanced,cached_mxbai,5018,1782211196.3813694,,,
7132,0,svm,max,balanced,cached_mxbai,5019,1782211197.1025684,,,
6915,0,svm,max,balanced,cached_mxbai,5020,1782211197.8236272,,,
4369,0,svm,max,balanced,cached_mxbai,5021,1782211198.543272,,,
10257,0,svm,max,balanced,cached_mxbai,5022,1782211199.260285,,,
8661,0,svm,max,balanced,cached_mxbai,5023,1782211199.9798133,,,
10294,0,svm,max,balanced,cached_mxbai,5024,1782211200.7059796,,,
6719,0,svm,max,balanced,cached_mxbai,5025,1782211201.4256134,,,
9253,0,svm,max,balanced,cached_mxbai,5026,1782211202.1414616,,,
7075,0,svm,max,balanced,cached_mxbai,5027,1782211202.870096,,,
3534,0,svm,max,balanced,cached_mxbai,5028,1782211203.5911968,,,
199,0,svm,max,balanced,cached_mxbai,5029,1782211204.332975,,,
8137,0,svm,max,balanced,cached_mxbai,5030,1782211205.0601344,,,
5356,0,svm,max,balanced,cached_mxbai,5031,1782211205.795486,,,
5229,0,svm,max,balanced,cached_mxbai,5032,1782211206.5195873,,,
8764,0,svm,max,balanced,cached_mxbai,5033,1782211207.2508519,,,
6194,0,svm,max,balanced,cached_mxbai,5034,1782211207.9780369,,,
1963,0,svm,max,balanced,cached_mxbai,5035,1782211208.7050498,,,
3212,0,svm,max,balanced,cached_mxbai,5036,1782211209.4304004,,,
9412,0,svm,max,balanced,cached_mxbai,5037,1782211210.1524394,,,
1580,0,svm,max,balanced,cached_mxbai,5038,1782211210.891094,,,
7545,0,svm,max,balanced,cached_mxbai,5039,1782211211.616963,,,
3649,0,svm,max,balanced,cached_mxbai,5040,1782211212.3413372,,,
4130,0,svm,max,balanced,cached_mxbai,5041,1782211213.0689163,,,
6015,0,svm,max,balanced,cached_mxbai,5042,1782211213.7892904,,,
3034,0,svm,max,balanced,cached_mxbai,5043,1782211214.5156114,,,
4533,0,svm,max,balanced,cached_mxbai,5044,1782211215.2524743,,,
3387,0,svm,max,balanced,cached_mxbai,5045,1782211215.9852242,,,
1190,0,svm,max,balanced,cached_mxbai,5046,1782211216.7127676,,,
8458,0,svm,max,balanced,cached_mxbai,5047,1782211217.4375901,,,
9510,0,svm,max,balanced,cached_mxbai,5048,1782211218.162199,,,
9418,0,svm,max,balanced,cached_mxbai,5049,1782211218.895456,,,
152,0,svm,max,balanced,cached_mxbai,5050,1782211219.6172705,,,
3965,0,svm,max,balanced,cached_mxbai,5051,1782211220.3472912,,,
9250,0,svm,max,balanced,cached_mxbai,5052,1782211221.0745487,,,
3261,0,svm,max,balanced,cached_mxbai,5053,1782211221.803826,,,
184,0,svm,max,balanced,cached_mxbai,5054,1782211222.5258825,,,
5460,0,svm,max,balanced,cached_mxbai,5055,1782211223.2592351,,,
6046,0,svm,max,balanced,cached_mxbai,5056,1782211223.9868042,,,
6392,0,svm,max,balanced,cached_mxbai,5057,1782211224.7145188,,,
3017,0,svm,max,balanced,cached_mxbai,5058,1782211225.4621682,,,
1587,0,svm,max,balanced,cached_mxbai,5059,1782211226.1962543,,,
4869,0,svm,max,balanced,cached_mxbai,5060,1782211226.9289641,,,
7646,0,svm,max,balanced,cached_mxbai,5061,1782211227.6544764,,,
5367,0,svm,max,balanced,cached_mxbai,5062,1782211228.3824916,,,
8577,0,svm,max,balanced,cached_mxbai,5063,1782211229.1103234,,,
8244,0,svm,max,balanced,cached_mxbai,5064,1782211229.8340263,,,
901,0,svm,max,balanced,cached_mxbai,5065,1782211230.561992,,,
6378,0,svm,max,balanced,cached_mxbai,5066,1782211231.2899706,,,
9222,0,svm,max,balanced,cached_mxbai,5067,1782211232.019273,,,
6796,0,svm,max,balanced,cached_mxbai,5068,1782211232.7480595,,,
9487,0,svm,max,balanced,cached_mxbai,5069,1782211233.4939735,,,
8592,0,svm,max,balanced,cached_mxbai,5070,1782211234.2393308,,,
8499,0,svm,max,balanced,cached_mxbai,5071,1782211234.984422,,,
9713,0,svm,max,balanced,cached_mxbai,5072,1782211235.740898,,,
4193,0,svm,max,balanced,cached_mxbai,5073,1782211236.4882455,,,
6034,0,svm,max,balanced,cached_mxbai,5074,1782211237.2429242,,,
3462,0,svm,max,balanced,cached_mxbai,5075,1782211237.9869595,,,
6760,0,svm,max,balanced,cached_mxbai,5076,1782211238.72711,,,
2199,0,svm,max,balanced,cached_mxbai,5077,1782211239.4772828,,,
10476,0,svm,max,balanced,cached_mxbai,5078,1782211240.2242684,,,
2809,0,svm,max,balanced,cached_mxbai,5079,1782211240.9750178,,,
3390,0,svm,max,balanced,cached_mxbai,5080,1782211241.7183812,,,
77,0,svm,max,balanced,cached_mxbai,5081,1782211242.4662726,,,
1634,0,svm,max,balanced,cached_mxbai,5082,1782211243.216538,,,
5258,0,svm,max,balanced,cached_mxbai,5083,1782211243.972105,,,
1126,0,svm,max,balanced,cached_mxbai,5084,1782211244.7144163,,,
2067,0,svm,max,balanced,cached_mxbai,5085,1782211245.4820714,,,
10191,0,svm,max,balanced,cached_mxbai,5086,1782211246.2325647,,,
4203,0,svm,max,balanced,cached_mxbai,5087,1782211246.9844947,,,
3540,0,svm,max,balanced,cached_mxbai,5088,1782211247.7265062,,,
1059,0,svm,max,balanced,cached_mxbai,5089,1782211248.4753616,,,
3357,0,svm,max,balanced,cached_mxbai,5090,1782211249.2306905,,,
6995,0,svm,max,balanced,cached_mxbai,5091,1782211249.9812744,,,
1173,0,svm,max,balanced,cached_mxbai,5092,1782211250.7272677,,,
10298,0,svm,max,balanced,cached_mxbai,5093,1782211251.4781187,,,
6753,0,svm,max,balanced,cached_mxbai,5094,1782211252.2270515,,,
3550,0,svm,max,balanced,cached_mxbai,5095,1782211252.977887,,,
7380,0,svm,max,balanced,cached_mxbai,5096,1782211253.722541,,,
954,0,svm,max,balanced,cached_mxbai,5097,1782211254.472476,,,
2112,0,svm,max,balanced,cached_mxbai,5098,1782211255.2279654,,,
2170,0,svm,max,balanced,cached_mxbai,5099,1782211255.9986072,,,
9297,0,svm,max,balanced,cached_mxbai,5100,1782211256.7437248,,,
3359,0,svm,max,balanced,cached_mxbai,5101,1782211257.5125616,,,
569,0,svm,max,balanced,cached_mxbai,5102,1782211258.2634325,,,
9845,0,svm,max,balanced,cached_mxbai,5103,1782211259.0168219,,,
6312,0,svm,max,balanced,cached_mxbai,5104,1782211259.76096,,,
1976,0,svm,max,balanced,cached_mxbai,5105,1782211260.5118897,,,
4620,0,svm,max,balanced,cached_mxbai,5106,1782211261.2591841,,,
1962,0,svm,max,balanced,cached_mxbai,5107,1782211262.0096824,,,
8014,0,svm,max,balanced,cached_mxbai,5108,1782211262.755829,,,
8216,0,svm,max,balanced,cached_mxbai,5109,1782211263.5162718,,,
2014,0,svm,max,balanced,cached_mxbai,5110,1782211264.2664905,,,
9695,0,svm,max,balanced,cached_mxbai,5111,1782211265.018576,,,
3571,0,svm,max,balanced,cached_mxbai,5112,1782211265.776148,,,
8251,0,svm,max,balanced,cached_mxbai,5113,1782211266.528798,,,
8066,0,svm,max,balanced,cached_mxbai,5114,1782211267.2831156,,,
447,0,svm,max,balanced,cached_mxbai,5115,1782211268.0367537,,,
6469,0,svm,max,balanced,cached_mxbai,5116,1782211268.7931857,,,
8286,0,svm,max,balanced,cached_mxbai,5117,1782211269.5558138,,,
10114,0,svm,max,balanced,cached_mxbai,5118,1782211270.3317437,,,
3184,0,svm,max,balanced,cached_mxbai,5119,1782211271.0986214,,,
7994,0,svm,max,balanced,cached_mxbai,5120,1782211271.856732,,,
3893,0,svm,max,balanced,cached_mxbai,5121,1782211272.617727,,,
8186,0,svm,max,balanced,cached_mxbai,5122,1782211273.3805413,,,
2610,0,svm,max,balanced,cached_mxbai,5123,1782211274.1423411,,,
3292,0,svm,max,balanced,cached_mxbai,5124,1782211274.8951418,,,
3803,0,svm,max,balanced,cached_mxbai,5125,1782211275.6780674,,,
6362,0,svm,max,balanced,cached_mxbai,5126,1782211276.432285,,,
3521,0,svm,max,balanced,cached_mxbai,5127,1782211277.1854095,,,
5067,0,svm,max,balanced,cached_mxbai,5128,1782211277.938543,,,
4038,0,svm,max,balanced,cached_mxbai,5129,1782211278.694251,,,
8558,0,svm,max,balanced,cached_mxbai,5130,1782211279.4479449,,,
5429,0,svm,max,balanced,cached_mxbai,5131,1782211280.2033985,,,
1151,0,svm,max,balanced,cached_mxbai,5132,1782211280.9883382,,,
1516,0,svm,max,balanced,cached_mxbai,5133,1782211281.7761047,,,
551,0,svm,max,balanced,cached_mxbai,5134,1782211282.5273015,,,
9883,0,svm,max,balanced,cached_mxbai,5135,1782211283.2914717,,,
4422,0,svm,max,balanced,cached_mxbai,5136,1782211284.0456629,,,
1296,0,svm,max,balanced,cached_mxbai,5137,1782211284.8053193,,,
8165,0,svm,max,balanced,cached_mxbai,5138,1782211285.5810049,,,
6724,0,svm,max,balanced,cached_mxbai,5139,1782211286.3331347,,,
8688,0,svm,max,balanced,cached_mxbai,5140,1782211287.0868266,,,
5598,0,svm,max,balanced,cached_mxbai,5141,1782211287.8402734,,,
4192,0,svm,max,balanced,cached_mxbai,5142,1782211288.6004589,,,
4204,0,svm,max,balanced,cached_mxbai,5143,1782211289.3608904,,,
7685,0,svm,max,balanced,cached_mxbai,5144,1782211290.1114163,,,
3298,0,svm,max,balanced,cached_mxbai,5145,1782211290.8618407,,,
9518,0,svm,max,balanced,cached_mxbai,5146,1782211291.620225,,,
6672,0,svm,max,balanced,cached_mxbai,5147,1782211292.3794568,,,
6511,0,svm,max,balanced,cached_mxbai,5148,1782211293.1323547,,,
1259,0,svm,max,balanced,cached_mxbai,5149,1782211293.8867319,,,
6300,0,svm,max,balanced,cached_mxbai,5150,1782211294.6439364,,,
3780,0,svm,max,balanced,cached_mxbai,5151,1782211295.4213345,,,
5801,0,svm,max,balanced,cached_mxbai,5152,1782211296.1756094,,,
885,0,svm,max,balanced,cached_mxbai,5153,1782211296.9294937,,,
3647,0,svm,max,balanced,cached_mxbai,5154,1782211297.6838717,,,
2817,0,svm,max,balanced,cached_mxbai,5155,1782211298.4424028,,,
6739,0,svm,max,balanced,cached_mxbai,5156,1782211299.201481,,,
5934,0,svm,max,balanced,cached_mxbai,5157,1782211299.9607518,,,
1079,0,svm,max,balanced,cached_mxbai,5158,1782211300.7210772,,,
9708,0,svm,max,balanced,cached_mxbai,5159,1782211301.4912994,,,
4800,0,svm,max,balanced,cached_mxbai,5160,1782211302.2500498,,,
8056,0,svm,max,balanced,cached_mxbai,5161,1782211303.0279937,,,
767,0,svm,max,balanced,cached_mxbai,5162,1782211303.8027694,,,
7290,0,svm,max,balanced,cached_mxbai,5163,1782211304.5678558,,,
9979,0,svm,max,balanced,cached_mxbai,5164,1782211305.349311,,,
410,0,svm,max,balanced,cached_mxbai,5165,1782211306.1133664,,,
6963,0,svm,max,balanced,cached_mxbai,5166,1782211306.8696945,,,
5177,0,svm,max,balanced,cached_mxbai,5167,1782211307.6261485,,,
7723,0,svm,max,balanced,cached_mxbai,5168,1782211308.3616269,,,
6924,0,svm,max,balanced,cached_mxbai,5169,1782211309.1032217,,,
3593,0,svm,max,balanced,cached_mxbai,5170,1782211309.838613,,,
4978,0,svm,max,balanced,cached_mxbai,5171,1782211310.5782275,,,
9162,0,svm,max,balanced,cached_mxbai,5172,1782211311.3199553,,,
142,0,svm,max,balanced,cached_mxbai,5173,1782211312.0686612,,,
6047,0,svm,max,balanced,cached_mxbai,5174,1782211312.8103385,,,
5362,0,svm,max,balanced,cached_mxbai,5175,1782211313.5744076,,,
5628,0,svm,max,balanced,cached_mxbai,5176,1782211314.332698,,,
9926,0,svm,max,balanced,cached_mxbai,5177,1782211315.0974717,,,
314,0,svm,max,balanced,cached_mxbai,5178,1782211315.8847954,,,
3592,0,svm,max,balanced,cached_mxbai,5179,1782211316.6520407,,,
10596,1,svm,max,balanced,cached_mxbai,5180,1782211317.4435601,,,
10595,1,svm,max,balanced,cached_mxbai,5181,1782211318.1478071,,,
