record_id,label,classifier,querier,balancer,feature_extractor,training_set,time,note,tags,user_id
7352,1,,,,,,1782207724.9423485,,,
6883,0,,,,,,1782207724.9423485,,,
5913,1,svm,max,balanced,cached_mxbai,2,1782207724.9900877,,,
4393,1,svm,max,balanced,cached_mxbai,3,1782207725.0449712,,,
10423,1,svm,max,balanced,cached_mxbai,4,1782207725.0935686,,,
10176,1,svm,max,balanced,cached_mxbai,5,1782207725.1429908,,,
9026,0,svm,max,balanced,cached_mxbai,6,1782207725.1927896,,,
7339,1,svm,max,balanced,cached_mxbai,7,1782207725.2507286,,,
5970,0,svm,max,balanced,cached_mxbai,8,1782207725.3223085,,,
7547,1,svm,max,balanced,cached_mxbai,9,1782207725.3795714,,,
7548,1,svm,max,balanced,cached_mxbai,10,1782207725.4276006,,,
8411,1,svm,max,balanced,cached_mxbai,11,1782207725.4762373,,,
3247,0,svm,max,balanced,cached_mxbai,12,1782207725.5241337,,,
9772,1,svm,max,balanced,cached_mxbai,13,1782207725.573671,,,
6484,1,svm,max,balanced,cached_mxbai,14,1782207725.6229527,,,
3702,1,svm,max,balanced,cached_mxbai,15,1782207725.6719434,,,
5481,0,svm,max,balanced,cached_mxbai,16,1782207725.7204776,,,
5950,1,svm,max,balanced,cached_mxbai,17,1782207725.7701163,,,
1230,0,svm,max,balanced,cached_mxbai,18,1782207725.818767,,,
5976,0,svm,max,balanced,cached_mxbai,19,1782207725.8681102,,,
1621,1,svm,max,balanced,cached_mxbai,20,1782207725.9157913,,,
6884,0,svm,max,balanced,cached_mxbai,21,1782207725.9661326,,,
1960,0,svm,max,balanced,cached_mxbai,22,1782207726.0151088,,,
7914,1,svm,max,balanced,cached_mxbai,23,1782207726.064171,,,
1245,0,svm,max,balanced,cached_mxbai,24,1782207726.112338,,,
7479,0,svm,max,balanced,cached_mxbai,25,1782207726.1602323,,,
6481,0,svm,max,balanced,cached_mxbai,26,1782207726.2086644,,,
10454,0,svm,max,balanced,cached_mxbai,27,1782207726.2570739,,,
7333,1,svm,max,balanced,cached_mxbai,28,1782207726.305813,,,
7904,1,svm,max,balanced,cached_mxbai,29,1782207726.3548596,,,
6419,1,svm,max,balanced,cached_mxbai,30,1782207726.4048548,,,
1159,1,svm,max,balanced,cached_mxbai,31,1782207726.4546437,,,
9891,0,svm,max,balanced,cached_mxbai,32,1782207726.504063,,,
6050,0,svm,max,balanced,cached_mxbai,33,1782207726.5544028,,,
3489,0,svm,max,balanced,cached_mxbai,34,1782207726.6046717,,,
6097,1,svm,max,balanced,cached_mxbai,35,1782207726.6549795,,,
9589,0,svm,max,balanced,cached_mxbai,36,1782207726.7040977,,,
1005,0,svm,max,balanced,cached_mxbai,37,1782207726.7539232,,,
882,0,svm,max,balanced,cached_mxbai,38,1782207726.8038466,,,
7368,0,svm,max,balanced,cached_mxbai,39,1782207726.8522823,,,
5647,1,svm,max,balanced,cached_mxbai,40,1782207726.9009666,,,
7026,0,svm,max,balanced,cached_mxbai,41,1782207726.950165,,,
9344,1,svm,max,balanced,cached_mxbai,42,1782207726.9992077,,,
5656,1,svm,max,balanced,cached_mxbai,43,1782207727.0479734,,,
8434,1,svm,max,balanced,cached_mxbai,44,1782207727.09951,,,
3820,1,svm,max,balanced,cached_mxbai,45,1782207727.148848,,,
10220,1,svm,max,balanced,cached_mxbai,46,1782207727.1988344,,,
9004,1,svm,max,balanced,cached_mxbai,47,1782207727.2490296,,,
1802,1,svm,max,balanced,cached_mxbai,48,1782207727.2996027,,,
6767,0,svm,max,balanced,cached_mxbai,49,1782207727.349038,,,
8552,0,svm,max,balanced,cached_mxbai,50,1782207727.3990629,,,
1833,1,svm,max,balanced,cached_mxbai,51,1782207727.44883,,,
8412,1,svm,max,balanced,cached_mxbai,52,1782207727.4989958,,,
7598,0,svm,max,balanced,cached_mxbai,53,1782207727.549132,,,
6283,1,svm,max,balanced,cached_mxbai,54,1782207727.6002223,,,
1141,1,svm,max,balanced,cached_mxbai,55,1782207727.6522305,,,
7373,1,svm,max,balanced,cached_mxbai,56,1782207727.7024703,,,
8719,1,svm,max,balanced,cached_mxbai,57,1782207727.7532027,,,
8718,0,svm,max,balanced,cached_mxbai,58,1782207727.8050156,,,
8843,0,svm,max,balanced,cached_mxbai,59,1782207727.8551013,,,
9498,1,svm,max,balanced,cached_mxbai,60,1782207727.9050877,,,
10015,1,svm,max,balanced,cached_mxbai,61,1782207727.9554722,,,
9685,1,svm,max,balanced,cached_mxbai,62,1782207728.0062182,,,
6376,0,svm,max,balanced,cached_mxbai,63,1782207728.0560064,,,
9360,0,svm,max,balanced,cached_mxbai,64,1782207728.1054633,,,
7928,0,svm,max,balanced,cached_mxbai,65,1782207728.1560469,,,
8594,1,svm,max,balanced,cached_mxbai,66,1782207728.2067013,,,
6637,1,svm,max,balanced,cached_mxbai,67,1782207728.256942,,,
4083,0,svm,max,balanced,cached_mxbai,68,1782207728.307478,,,
6902,1,svm,max,balanced,cached_mxbai,69,1782207728.3569856,,,
6904,1,svm,max,balanced,cached_mxbai,70,1782207728.4070187,,,
4468,0,svm,max,balanced,cached_mxbai,71,1782207728.4578536,,,
8378,0,svm,max,balanced,cached_mxbai,72,1782207728.5089533,,,
9380,0,svm,max,balanced,cached_mxbai,73,1782207728.5611265,,,
10029,0,svm,max,balanced,cached_mxbai,74,1782207728.6125634,,,
6197,0,svm,max,balanced,cached_mxbai,75,1782207728.665583,,,
5115,0,svm,max,balanced,cached_mxbai,76,1782207728.7170122,,,
1428,0,svm,max,balanced,cached_mxbai,77,1782207728.7714858,,,
10523,1,svm,max,balanced,cached_mxbai,78,1782207728.8250809,,,
5369,1,svm,max,balanced,cached_mxbai,79,1782207728.876193,,,
649,0,svm,max,balanced,cached_mxbai,80,1782207728.9267473,,,
8295,0,svm,max,balanced,cached_mxbai,81,1782207728.9798138,,,
5353,1,svm,max,balanced,cached_mxbai,82,1782207729.0314946,,,
3931,1,svm,max,balanced,cached_mxbai,83,1782207729.0827446,,,
5301,1,svm,max,balanced,cached_mxbai,84,1782207729.1345558,,,
9959,1,svm,max,balanced,cached_mxbai,85,1782207729.18589,,,
8537,1,svm,max,balanced,cached_mxbai,86,1782207729.2381287,,,
5297,0,svm,max,balanced,cached_mxbai,87,1782207729.2911956,,,
5333,0,svm,max,balanced,cached_mxbai,88,1782207729.3431265,,,
8535,1,svm,max,balanced,cached_mxbai,89,1782207729.3962314,,,
5302,1,svm,max,balanced,cached_mxbai,90,1782207729.448475,,,
5298,1,svm,max,balanced,cached_mxbai,91,1782207729.5020385,,,
831,1,svm,max,balanced,cached_mxbai,92,1782207729.554062,,,
839,0,svm,max,balanced,cached_mxbai,93,1782207729.6068974,,,
1674,0,svm,max,balanced,cached_mxbai,94,1782207729.6605728,,,
10053,0,svm,max,balanced,cached_mxbai,95,1782207729.7139783,,,
982,0,svm,max,balanced,cached_mxbai,96,1782207729.7673106,,,
6673,1,svm,max,balanced,cached_mxbai,97,1782207729.8214228,,,
10447,1,svm,max,balanced,cached_mxbai,98,1782207729.8747745,,,
3590,0,svm,max,balanced,cached_mxbai,99,1782207729.927426,,,
8163,1,svm,max,balanced,cached_mxbai,100,1782207729.9785595,,,
5739,1,svm,max,balanced,cached_mxbai,101,1782207730.0315702,,,
6053,1,svm,max,balanced,cached_mxbai,102,1782207730.0866077,,,
7863,1,svm,max,balanced,cached_mxbai,103,1782207730.141769,,,
8649,1,svm,max,balanced,cached_mxbai,104,1782207730.1962264,,,
1747,1,svm,max,balanced,cached_mxbai,105,1782207730.2513037,,,
1748,0,svm,max,balanced,cached_mxbai,106,1782207730.3054283,,,
5081,0,svm,max,balanced,cached_mxbai,107,1782207730.3591964,,,
8094,1,svm,max,balanced,cached_mxbai,108,1782207730.4165213,,,
7655,1,svm,max,balanced,cached_mxbai,109,1782207730.471002,,,
10035,0,svm,max,balanced,cached_mxbai,110,1782207730.526018,,,
10456,0,svm,max,balanced,cached_mxbai,111,1782207730.5796578,,,
7153,1,svm,max,balanced,cached_mxbai,112,1782207730.6335208,,,
9658,0,svm,max,balanced,cached_mxbai,113,1782207730.6880927,,,
8775,0,svm,max,balanced,cached_mxbai,114,1782207730.7428834,,,
5082,0,svm,max,balanced,cached_mxbai,115,1782207730.7969377,,,
5646,1,svm,max,balanced,cached_mxbai,116,1782207730.8535228,,,
9686,1,svm,max,balanced,cached_mxbai,117,1782207730.9078481,,,
521,0,svm,max,balanced,cached_mxbai,118,1782207730.961895,,,
8314,1,svm,max,balanced,cached_mxbai,119,1782207731.0160074,,,
4455,0,svm,max,balanced,cached_mxbai,120,1782207731.070458,,,
9142,0,svm,max,balanced,cached_mxbai,121,1782207731.1258764,,,
9787,1,svm,max,balanced,cached_mxbai,122,1782207731.1819246,,,
9527,1,svm,max,balanced,cached_mxbai,123,1782207731.2380307,,,
2751,0,svm,max,balanced,cached_mxbai,124,1782207731.2928522,,,
4456,0,svm,max,balanced,cached_mxbai,125,1782207731.3486836,,,
3190,0,svm,max,balanced,cached_mxbai,126,1782207731.4045706,,,
7413,1,svm,max,balanced,cached_mxbai,127,1782207731.460026,,,
10147,1,svm,max,balanced,cached_mxbai,128,1782207731.516121,,,
8503,1,svm,max,balanced,cached_mxbai,129,1782207731.5723789,,,
1728,1,svm,max,balanced,cached_mxbai,130,1782207731.6292686,,,
7877,1,svm,max,balanced,cached_mxbai,131,1782207731.686162,,,
7412,0,svm,max,balanced,cached_mxbai,132,1782207731.7430515,,,
1726,1,svm,max,balanced,cached_mxbai,133,1782207731.7984927,,,
4452,0,svm,max,balanced,cached_mxbai,134,1782207731.854232,,,
1311,0,svm,max,balanced,cached_mxbai,135,1782207731.9097376,,,
9077,0,svm,max,balanced,cached_mxbai,136,1782207731.9644022,,,
3019,1,svm,max,balanced,cached_mxbai,137,1782207732.0206952,,,
7724,1,svm,max,balanced,cached_mxbai,138,1782207732.0765686,,,
4549,0,svm,max,balanced,cached_mxbai,139,1782207732.132099,,,
5670,0,svm,max,balanced,cached_mxbai,140,1782207732.1880794,,,
8656,0,svm,max,balanced,cached_mxbai,141,1782207732.2434764,,,
8807,0,svm,max,balanced,cached_mxbai,142,1782207732.2987914,,,
10324,0,svm,max,balanced,cached_mxbai,143,1782207732.3549879,,,
989,0,svm,max,balanced,cached_mxbai,144,1782207732.410542,,,
1488,0,svm,max,balanced,cached_mxbai,145,1782207732.4674547,,,
2011,0,svm,max,balanced,cached_mxbai,146,1782207732.5235252,,,
8087,1,svm,max,balanced,cached_mxbai,147,1782207732.578944,,,
7179,0,svm,max,balanced,cached_mxbai,148,1782207732.634676,,,
5749,1,svm,max,balanced,cached_mxbai,149,1782207732.6913877,,,
5750,0,svm,max,balanced,cached_mxbai,150,1782207732.7477615,,,
6627,0,svm,max,balanced,cached_mxbai,151,1782207732.804375,,,
9740,0,svm,max,balanced,cached_mxbai,152,1782207732.8653386,,,
8620,0,svm,max,balanced,cached_mxbai,153,1782207732.9242399,,,
1786,0,svm,max,balanced,cached_mxbai,154,1782207732.9827392,,,
9720,0,svm,max,balanced,cached_mxbai,155,1782207733.041603,,,
9525,0,svm,max,balanced,cached_mxbai,156,1782207733.0986764,,,
10512,1,svm,max,balanced,cached_mxbai,157,1782207733.1568894,,,
5972,0,svm,max,balanced,cached_mxbai,158,1782207733.2200592,,,
1028,0,svm,max,balanced,cached_mxbai,159,1782207733.2796247,,,
4547,0,svm,max,balanced,cached_mxbai,160,1782207733.3362617,,,
8306,1,svm,max,balanced,cached_mxbai,161,1782207733.3930585,,,
8460,0,svm,max,balanced,cached_mxbai,162,1782207733.4506376,,,
6628,0,svm,max,balanced,cached_mxbai,163,1782207733.5090501,,,
4457,0,svm,max,balanced,cached_mxbai,164,1782207733.566982,,,
1002,1,svm,max,balanced,cached_mxbai,165,1782207733.6250072,,,
5715,0,svm,max,balanced,cached_mxbai,166,1782207733.6825318,,,
8442,0,svm,max,balanced,cached_mxbai,167,1782207733.7410135,,,
7340,0,svm,max,balanced,cached_mxbai,168,1782207733.797558,,,
4591,0,svm,max,balanced,cached_mxbai,169,1782207733.8551342,,,
4558,0,svm,max,balanced,cached_mxbai,170,1782207733.9122627,,,
3451,1,svm,max,balanced,cached_mxbai,171,1782207733.9689496,,,
9835,0,svm,max,balanced,cached_mxbai,172,1782207734.027669,,,
9750,1,svm,max,balanced,cached_mxbai,173,1782207734.0862868,,,
1676,0,svm,max,balanced,cached_mxbai,174,1782207734.144185,,,
8401,0,svm,max,balanced,cached_mxbai,175,1782207734.202815,,,
4345,0,svm,max,balanced,cached_mxbai,176,1782207734.26143,,,
6174,0,svm,max,balanced,cached_mxbai,177,1782207734.3188453,,,
7878,0,svm,max,balanced,cached_mxbai,178,1782207734.3754442,,,
1675,1,svm,max,balanced,cached_mxbai,179,1782207734.4320333,,,
9170,1,svm,max,balanced,cached_mxbai,180,1782207734.489742,,,
4534,0,svm,max,balanced,cached_mxbai,181,1782207734.5486233,,,
3077,0,svm,max,balanced,cached_mxbai,182,1782207734.6066024,,,
6111,0,svm,max,balanced,cached_mxbai,183,1782207734.6667619,,,
9325,1,svm,max,balanced,cached_mxbai,184,1782207734.7250848,,,
681,0,svm,max,balanced,cached_mxbai,185,1782207734.7833877,,,
8247,1,svm,max,balanced,cached_mxbai,186,1782207734.8412802,,,
8505,0,svm,max,balanced,cached_mxbai,187,1782207734.8988767,,,
5888,1,svm,max,balanced,cached_mxbai,188,1782207734.9567063,,,
1110,0,svm,max,balanced,cached_mxbai,189,1782207735.02302,,,
10051,0,svm,max,balanced,cached_mxbai,190,1782207735.089254,,,
5299,0,svm,max,balanced,cached_mxbai,191,1782207735.1492908,,,
6617,0,svm,max,balanced,cached_mxbai,192,1782207735.2104473,,,
7561,0,svm,max,balanced,cached_mxbai,193,1782207735.3048785,,,
8730,0,svm,max,balanced,cached_mxbai,194,1782207735.3744805,,,
1272,0,svm,max,balanced,cached_mxbai,195,1782207735.4350758,,,
6783,0,svm,max,balanced,cached_mxbai,196,1782207735.493838,,,
9346,1,svm,max,balanced,cached_mxbai,197,1782207735.5526826,,,
10037,0,svm,max,balanced,cached_mxbai,198,1782207735.610958,,,
4508,0,svm,max,balanced,cached_mxbai,199,1782207735.6706886,,,
4950,0,svm,max,balanced,cached_mxbai,200,1782207735.730183,,,
6257,0,svm,max,balanced,cached_mxbai,201,1782207735.7891743,,,
5724,1,svm,max,balanced,cached_mxbai,202,1782207735.8481216,,,
4326,0,svm,max,balanced,cached_mxbai,203,1782207735.910584,,,
2294,0,svm,max,balanced,cached_mxbai,204,1782207735.9676282,,,
9107,0,svm,max,balanced,cached_mxbai,205,1782207736.0272555,,,
8801,0,svm,max,balanced,cached_mxbai,206,1782207736.08614,,,
5714,1,svm,max,balanced,cached_mxbai,207,1782207736.146005,,,
8926,0,svm,max,balanced,cached_mxbai,208,1782207736.2074928,,,
4283,0,svm,max,balanced,cached_mxbai,209,1782207736.266825,,,
6479,0,svm,max,balanced,cached_mxbai,210,1782207736.3260796,,,
3509,0,svm,max,balanced,cached_mxbai,211,1782207736.38568,,,
5296,0,svm,max,balanced,cached_mxbai,212,1782207736.445086,,,
10062,0,svm,max,balanced,cached_mxbai,213,1782207736.5046446,,,
4425,0,svm,max,balanced,cached_mxbai,214,1782207736.5646586,,,
3692,0,svm,max,balanced,cached_mxbai,215,1782207736.6245909,,,
4464,1,svm,max,balanced,cached_mxbai,216,1782207736.6841009,,,
5059,0,svm,max,balanced,cached_mxbai,217,1782207736.7430365,,,
6632,1,svm,max,balanced,cached_mxbai,218,1782207736.8029034,,,
6630,0,svm,max,balanced,cached_mxbai,219,1782207736.8629663,,,
6268,0,svm,max,balanced,cached_mxbai,220,1782207736.9244583,,,
6520,0,svm,max,balanced,cached_mxbai,221,1782207736.9836814,,,
4460,0,svm,max,balanced,cached_mxbai,222,1782207737.044488,,,
657,0,svm,max,balanced,cached_mxbai,223,1782207737.1052577,,,
1649,0,svm,max,balanced,cached_mxbai,224,1782207737.1650813,,,
1645,1,svm,max,balanced,cached_mxbai,225,1782207737.2236764,,,
5565,0,svm,max,balanced,cached_mxbai,226,1782207737.2831554,,,
3021,0,svm,max,balanced,cached_mxbai,227,1782207737.343188,,,
5492,0,svm,max,balanced,cached_mxbai,228,1782207737.402328,,,
4718,0,svm,max,balanced,cached_mxbai,229,1782207737.4611568,,,
5986,1,svm,max,balanced,cached_mxbai,230,1782207737.5218627,,,
7754,0,svm,max,balanced,cached_mxbai,231,1782207737.5808313,,,
4423,0,svm,max,balanced,cached_mxbai,232,1782207737.6398666,,,
3135,0,svm,max,balanced,cached_mxbai,233,1782207737.7005677,,,
8047,1,svm,max,balanced,cached_mxbai,234,1782207737.761256,,,
8815,1,svm,max,balanced,cached_mxbai,235,1782207737.8220327,,,
3464,0,svm,max,balanced,cached_mxbai,236,1782207737.8824596,,,
6098,0,svm,max,balanced,cached_mxbai,237,1782207737.9438195,,,
6227,0,svm,max,balanced,cached_mxbai,238,1782207738.0055852,,,
543,0,svm,max,balanced,cached_mxbai,239,1782207738.066014,,,
4448,0,svm,max,balanced,cached_mxbai,240,1782207738.1258178,,,
5782,0,svm,max,balanced,cached_mxbai,241,1782207738.1862514,,,
7176,0,svm,max,balanced,cached_mxbai,242,1782207738.246056,,,
4450,0,svm,max,balanced,cached_mxbai,243,1782207738.3057704,,,
10563,1,svm,max,balanced,cached_mxbai,244,1782207738.36693,,,
5865,0,svm,max,balanced,cached_mxbai,245,1782207738.4280953,,,
4786,0,svm,max,balanced,cached_mxbai,246,1782207738.4877582,,,
9944,0,svm,max,balanced,cached_mxbai,247,1782207738.5486863,,,
1038,0,svm,max,balanced,cached_mxbai,248,1782207738.6117182,,,
4752,0,svm,max,balanced,cached_mxbai,249,1782207738.6726556,,,
5985,0,svm,max,balanced,cached_mxbai,250,1782207738.7364275,,,
5071,0,svm,max,balanced,cached_mxbai,251,1782207738.800785,,,
4751,0,svm,max,balanced,cached_mxbai,252,1782207738.8627882,,,
5305,0,svm,max,balanced,cached_mxbai,253,1782207738.9235547,,,
9462,0,svm,max,balanced,cached_mxbai,254,1782207738.9845665,,,
9168,0,svm,max,balanced,cached_mxbai,255,1782207739.0463467,,,
7278,0,svm,max,balanced,cached_mxbai,256,1782207739.1097941,,,
5141,0,svm,max,balanced,cached_mxbai,257,1782207739.170771,,,
4666,0,svm,max,balanced,cached_mxbai,258,1782207739.2330577,,,
1271,0,svm,max,balanced,cached_mxbai,259,1782207739.2942364,,,
10028,1,svm,max,balanced,cached_mxbai,260,1782207739.35509,,,
9027,0,svm,max,balanced,cached_mxbai,261,1782207739.4170828,,,
5948,0,svm,max,balanced,cached_mxbai,262,1782207739.478414,,,
8787,0,svm,max,balanced,cached_mxbai,263,1782207739.5413346,,,
6665,0,svm,max,balanced,cached_mxbai,264,1782207739.6030853,,,
1552,0,svm,max,balanced,cached_mxbai,265,1782207739.66569,,,
4592,0,svm,max,balanced,cached_mxbai,266,1782207739.7298553,,,
6508,0,svm,max,balanced,cached_mxbai,267,1782207739.7936964,,,
5322,0,svm,max,balanced,cached_mxbai,268,1782207739.8570316,,,
5624,0,svm,max,balanced,cached_mxbai,269,1782207739.9204922,,,
4504,0,svm,max,balanced,cached_mxbai,270,1782207739.9833636,,,
9758,0,svm,max,balanced,cached_mxbai,271,1782207740.0465493,,,
1554,0,svm,max,balanced,cached_mxbai,272,1782207740.1101887,,,
5085,0,svm,max,balanced,cached_mxbai,273,1782207740.172696,,,
5560,0,svm,max,balanced,cached_mxbai,274,1782207740.2349033,,,
4986,0,svm,max,balanced,cached_mxbai,275,1782207740.2981997,,,
7942,0,svm,max,balanced,cached_mxbai,276,1782207740.3605776,,,
845,0,svm,max,balanced,cached_mxbai,277,1782207740.423647,,,
1729,0,svm,max,balanced,cached_mxbai,278,1782207740.485767,,,
6158,0,svm,max,balanced,cached_mxbai,279,1782207740.5483637,,,
6716,0,svm,max,balanced,cached_mxbai,280,1782207740.6113102,,,
4210,0,svm,max,balanced,cached_mxbai,281,1782207740.6731944,,,
6624,0,svm,max,balanced,cached_mxbai,282,1782207740.7364662,,,
5606,0,svm,max,balanced,cached_mxbai,283,1782207740.800276,,,
7172,0,svm,max,balanced,cached_mxbai,284,1782207740.8627017,,,
4529,0,svm,max,balanced,cached_mxbai,285,1782207740.9261804,,,
7711,0,svm,max,balanced,cached_mxbai,286,1782207740.9896955,,,
1081,0,svm,max,balanced,cached_mxbai,287,1782207741.0555942,,,
10101,0,svm,max,balanced,cached_mxbai,288,1782207741.120417,,,
9989,1,svm,max,balanced,cached_mxbai,289,1782207741.183526,,,
4971,0,svm,max,balanced,cached_mxbai,290,1782207741.246732,,,
7288,0,svm,max,balanced,cached_mxbai,291,1782207741.3117194,,,
3908,0,svm,max,balanced,cached_mxbai,292,1782207741.3744152,,,
6480,0,svm,max,balanced,cached_mxbai,293,1782207741.4386647,,,
8561,0,svm,max,balanced,cached_mxbai,294,1782207741.5022955,,,
10502,0,svm,max,balanced,cached_mxbai,295,1782207741.5663292,,,
3372,0,svm,max,balanced,cached_mxbai,296,1782207741.6302385,,,
6874,0,svm,max,balanced,cached_mxbai,297,1782207741.6946158,,,
6018,0,svm,max,balanced,cached_mxbai,298,1782207741.7589602,,,
7905,0,svm,max,balanced,cached_mxbai,299,1782207741.824395,,,
5368,1,svm,max,balanced,cached_mxbai,300,1782207741.8893263,,,
2958,0,svm,max,balanced,cached_mxbai,301,1782207741.95412,,,
9468,0,svm,max,balanced,cached_mxbai,302,1782207742.0170724,,,
2681,0,svm,max,balanced,cached_mxbai,303,1782207742.0815296,,,
9892,0,svm,max,balanced,cached_mxbai,304,1782207742.1448054,,,
589,0,svm,max,balanced,cached_mxbai,305,1782207742.2099307,,,
1232,0,svm,max,balanced,cached_mxbai,306,1782207742.2744846,,,
8643,0,svm,max,balanced,cached_mxbai,307,1782207742.3382106,,,
8117,0,svm,max,balanced,cached_mxbai,308,1782207742.4025779,,,
9774,0,svm,max,balanced,cached_mxbai,309,1782207742.46707,,,
8366,0,svm,max,balanced,cached_mxbai,310,1782207742.5303316,,,
6633,0,svm,max,balanced,cached_mxbai,311,1782207742.5947144,,,
3102,0,svm,max,balanced,cached_mxbai,312,1782207742.6585145,,,
4548,0,svm,max,balanced,cached_mxbai,313,1782207742.722138,,,
8691,0,svm,max,balanced,cached_mxbai,314,1782207742.7868075,,,
1491,0,svm,max,balanced,cached_mxbai,315,1782207742.85119,,,
4461,0,svm,max,balanced,cached_mxbai,316,1782207742.9158657,,,
7012,0,svm,max,balanced,cached_mxbai,317,1782207742.9802284,,,
10590,0,svm,max,balanced,cached_mxbai,318,1782207743.0471895,,,
4887,0,svm,max,balanced,cached_mxbai,319,1782207743.1130898,,,
1819,0,svm,max,balanced,cached_mxbai,320,1782207743.179126,,,
5293,0,svm,max,balanced,cached_mxbai,321,1782207743.2446866,,,
6921,0,svm,max,balanced,cached_mxbai,322,1782207743.311272,,,
7299,0,svm,max,balanced,cached_mxbai,323,1782207743.3755243,,,
5561,0,svm,max,balanced,cached_mxbai,324,1782207743.4412634,,,
2800,0,svm,max,balanced,cached_mxbai,325,1782207743.5077147,,,
4466,0,svm,max,balanced,cached_mxbai,326,1782207743.5748312,,,
3176,0,svm,max,balanced,cached_mxbai,327,1782207743.6420975,,,
4413,0,svm,max,balanced,cached_mxbai,328,1782207743.7085087,,,
4436,0,svm,max,balanced,cached_mxbai,329,1782207743.7751107,,,
4465,0,svm,max,balanced,cached_mxbai,330,1782207743.8427067,,,
9025,0,svm,max,balanced,cached_mxbai,331,1782207743.9094524,,,
8596,0,svm,max,balanced,cached_mxbai,332,1782207743.9759743,,,
4643,0,svm,max,balanced,cached_mxbai,333,1782207744.0452983,,,
8651,0,svm,max,balanced,cached_mxbai,334,1782207744.114233,,,
5306,0,svm,max,balanced,cached_mxbai,335,1782207744.1800084,,,
7200,0,svm,max,balanced,cached_mxbai,336,1782207744.2461312,,,
4293,0,svm,max,balanced,cached_mxbai,337,1782207744.3119788,,,
7851,0,svm,max,balanced,cached_mxbai,338,1782207744.378074,,,
1424,0,svm,max,balanced,cached_mxbai,339,1782207744.4451394,,,
8971,0,svm,max,balanced,cached_mxbai,340,1782207744.5122428,,,
4467,0,svm,max,balanced,cached_mxbai,341,1782207744.5796864,,,
5209,0,svm,max,balanced,cached_mxbai,342,1782207744.6476412,,,
7686,0,svm,max,balanced,cached_mxbai,343,1782207744.7141361,,,
6496,0,svm,max,balanced,cached_mxbai,344,1782207744.782921,,,
4338,0,svm,max,balanced,cached_mxbai,345,1782207744.8498971,,,
4029,0,svm,max,balanced,cached_mxbai,346,1782207744.9175851,,,
5586,0,svm,max,balanced,cached_mxbai,347,1782207744.9843373,,,
220,0,svm,max,balanced,cached_mxbai,348,1782207745.0778606,,,
3221,0,svm,max,balanced,cached_mxbai,349,1782207745.1475925,,,
8532,0,svm,max,balanced,cached_mxbai,350,1782207745.2294185,,,
4055,0,svm,max,balanced,cached_mxbai,351,1782207745.3212628,,,
2489,0,svm,max,balanced,cached_mxbai,352,1782207745.3957527,,,
7790,0,svm,max,balanced,cached_mxbai,353,1782207745.4648404,,,
8145,0,svm,max,balanced,cached_mxbai,354,1782207745.532241,,,
4406,0,svm,max,balanced,cached_mxbai,355,1782207745.5990927,,,
4748,0,svm,max,balanced,cached_mxbai,356,1782207745.6655772,,,
1083,0,svm,max,balanced,cached_mxbai,357,1782207745.7332554,,,
5193,0,svm,max,balanced,cached_mxbai,358,1782207745.8021502,,,
4973,0,svm,max,balanced,cached_mxbai,359,1782207745.8731573,,,
8334,0,svm,max,balanced,cached_mxbai,360,1782207745.942688,,,
8806,1,svm,max,balanced,cached_mxbai,361,1782207746.0119903,,,
5792,0,svm,max,balanced,cached_mxbai,362,1782207746.0831337,,,
3768,0,svm,max,balanced,cached_mxbai,363,1782207746.152996,,,
9684,0,svm,max,balanced,cached_mxbai,364,1782207746.220967,,,
662,0,svm,max,balanced,cached_mxbai,365,1782207746.2889643,,,
9124,0,svm,max,balanced,cached_mxbai,366,1782207746.3578668,,,
1047,1,svm,max,balanced,cached_mxbai,367,1782207746.4283369,,,
725,0,svm,max,balanced,cached_mxbai,368,1782207746.497855,,,
7184,0,svm,max,balanced,cached_mxbai,369,1782207746.5663307,,,
4743,0,svm,max,balanced,cached_mxbai,370,1782207746.6362498,,,
5967,1,svm,max,balanced,cached_mxbai,371,1782207746.7075524,,,
9805,0,svm,max,balanced,cached_mxbai,372,1782207746.7780764,,,
6781,1,svm,max,balanced,cached_mxbai,373,1782207746.8491023,,,
6782,0,svm,max,balanced,cached_mxbai,374,1782207746.9204621,,,
9770,1,svm,max,balanced,cached_mxbai,375,1782207746.989808,,,
8188,0,svm,max,balanced,cached_mxbai,376,1782207747.0614297,,,
6448,0,svm,max,balanced,cached_mxbai,377,1782207747.129497,,,
7215,0,svm,max,balanced,cached_mxbai,378,1782207747.1993062,,,
7147,0,svm,max,balanced,cached_mxbai,379,1782207747.268037,,,
5257,0,svm,max,balanced,cached_mxbai,380,1782207747.3372333,,,
1817,0,svm,max,balanced,cached_mxbai,381,1782207747.4091024,,,
9430,0,svm,max,balanced,cached_mxbai,382,1782207747.4788396,,,
1145,0,svm,max,balanced,cached_mxbai,383,1782207747.549902,,,
1906,0,svm,max,balanced,cached_mxbai,384,1782207747.6206074,,,
3343,0,svm,max,balanced,cached_mxbai,385,1782207747.691226,,,
1489,0,svm,max,balanced,cached_mxbai,386,1782207747.7616723,,,
8375,0,svm,max,balanced,cached_mxbai,387,1782207747.833498,,,
1001,0,svm,max,balanced,cached_mxbai,388,1782207747.9059787,,,
9255,0,svm,max,balanced,cached_mxbai,389,1782207747.9772022,,,
4965,0,svm,max,balanced,cached_mxbai,390,1782207748.0506444,,,
3459,0,svm,max,balanced,cached_mxbai,391,1782207748.1214294,,,
10209,0,svm,max,balanced,cached_mxbai,392,1782207748.192807,,,
3145,1,svm,max,balanced,cached_mxbai,393,1782207748.2640688,,,
6779,1,svm,max,balanced,cached_mxbai,394,1782207748.3348584,,,
3891,0,svm,max,balanced,cached_mxbai,395,1782207748.4044101,,,
3718,0,svm,max,balanced,cached_mxbai,396,1782207748.4770424,,,
3144,0,svm,max,balanced,cached_mxbai,397,1782207748.55046,,,
99,0,svm,max,balanced,cached_mxbai,398,1782207748.622813,,,
7017,0,svm,max,balanced,cached_mxbai,399,1782207748.6955097,,,
4077,0,svm,max,balanced,cached_mxbai,400,1782207748.7704113,,,
9204,0,svm,max,balanced,cached_mxbai,401,1782207748.8435483,,,
4036,0,svm,max,balanced,cached_mxbai,402,1782207748.9161332,,,
6519,0,svm,max,balanced,cached_mxbai,403,1782207748.9880438,,,
3027,0,svm,max,balanced,cached_mxbai,404,1782207749.0622513,,,
4738,0,svm,max,balanced,cached_mxbai,405,1782207749.1351564,,,
3389,0,svm,max,balanced,cached_mxbai,406,1782207749.206167,,,
4628,0,svm,max,balanced,cached_mxbai,407,1782207749.2772818,,,
3568,0,svm,max,balanced,cached_mxbai,408,1782207749.3484688,,,
6377,0,svm,max,balanced,cached_mxbai,409,1782207749.420665,,,
6258,1,svm,max,balanced,cached_mxbai,410,1782207749.4940894,,,
1228,0,svm,max,balanced,cached_mxbai,411,1782207749.5646849,,,
8485,0,svm,max,balanced,cached_mxbai,412,1782207749.6347606,,,
4531,0,svm,max,balanced,cached_mxbai,413,1782207749.707136,,,
10146,0,svm,max,balanced,cached_mxbai,414,1782207749.7798338,,,
7678,0,svm,max,balanced,cached_mxbai,415,1782207749.8522384,,,
10016,1,svm,max,balanced,cached_mxbai,416,1782207749.9262915,,,
1708,0,svm,max,balanced,cached_mxbai,417,1782207749.9975798,,,
8465,0,svm,max,balanced,cached_mxbai,418,1782207750.0712025,,,
7435,0,svm,max,balanced,cached_mxbai,419,1782207750.1441858,,,
4885,0,svm,max,balanced,cached_mxbai,420,1782207750.216826,,,
4064,0,svm,max,balanced,cached_mxbai,421,1782207750.2893903,,,
1061,0,svm,max,balanced,cached_mxbai,422,1782207750.3628693,,,
6464,0,svm,max,balanced,cached_mxbai,423,1782207750.4363563,,,
8887,0,svm,max,balanced,cached_mxbai,424,1782207750.5097997,,,
4451,0,svm,max,balanced,cached_mxbai,425,1782207750.5833848,,,
8395,0,svm,max,balanced,cached_mxbai,426,1782207750.6572483,,,
5176,0,svm,max,balanced,cached_mxbai,427,1782207750.7304,,,
3804,0,svm,max,balanced,cached_mxbai,428,1782207750.8051784,,,
1004,0,svm,max,balanced,cached_mxbai,429,1782207750.8804314,,,
3961,0,svm,max,balanced,cached_mxbai,430,1782207750.954463,,,
558,0,svm,max,balanced,cached_mxbai,431,1782207751.029142,,,
1191,0,svm,max,balanced,cached_mxbai,432,1782207751.1036534,,,
5769,0,svm,max,balanced,cached_mxbai,433,1782207751.1751928,,,
5941,0,svm,max,balanced,cached_mxbai,434,1782207751.248059,,,
9702,0,svm,max,balanced,cached_mxbai,435,1782207751.3220034,,,
4688,0,svm,max,balanced,cached_mxbai,436,1782207751.3951185,,,
3963,0,svm,max,balanced,cached_mxbai,437,1782207751.469179,,,
2705,0,svm,max,balanced,cached_mxbai,438,1782207751.5447493,,,
4353,0,svm,max,balanced,cached_mxbai,439,1782207751.6178782,,,
3576,0,svm,max,balanced,cached_mxbai,440,1782207751.6920433,,,
5563,0,svm,max,balanced,cached_mxbai,441,1782207751.7657316,,,
5975,0,svm,max,balanced,cached_mxbai,442,1782207751.844314,,,
4881,0,svm,max,balanced,cached_mxbai,443,1782207751.9197938,,,
6916,0,svm,max,balanced,cached_mxbai,444,1782207751.9950294,,,
958,0,svm,max,balanced,cached_mxbai,445,1782207752.0696335,,,
8714,0,svm,max,balanced,cached_mxbai,446,1782207752.1429455,,,
4778,0,svm,max,balanced,cached_mxbai,447,1782207752.2177591,,,
3433,0,svm,max,balanced,cached_mxbai,448,1782207752.2907588,,,
7943,0,svm,max,balanced,cached_mxbai,449,1782207752.3650503,,,
6640,0,svm,max,balanced,cached_mxbai,450,1782207752.4395337,,,
1599,0,svm,max,balanced,cached_mxbai,451,1782207752.5148292,,,
7421,0,svm,max,balanced,cached_mxbai,452,1782207752.5958946,,,
10215,0,svm,max,balanced,cached_mxbai,453,1782207752.6742456,,,
4829,0,svm,max,balanced,cached_mxbai,454,1782207752.7510257,,,
5210,0,svm,max,balanced,cached_mxbai,455,1782207752.8275714,,,
7140,0,svm,max,balanced,cached_mxbai,456,1782207752.9023747,,,
5633,0,svm,max,balanced,cached_mxbai,457,1782207752.976136,,,
4396,0,svm,max,balanced,cached_mxbai,458,1782207753.0530722,,,
3679,0,svm,max,balanced,cached_mxbai,459,1782207753.1281745,,,
4557,0,svm,max,balanced,cached_mxbai,460,1782207753.2044086,,,
4308,0,svm,max,balanced,cached_mxbai,461,1782207753.2778296,,,
4785,0,svm,max,balanced,cached_mxbai,462,1782207753.352039,,,
9552,0,svm,max,balanced,cached_mxbai,463,1782207753.427427,,,
7784,0,svm,max,balanced,cached_mxbai,464,1782207753.5022633,,,
9600,0,svm,max,balanced,cached_mxbai,465,1782207753.577498,,,
5414,0,svm,max,balanced,cached_mxbai,466,1782207753.6552014,,,
6881,1,svm,max,balanced,cached_mxbai,467,1782207753.7463815,,,
3243,0,svm,max,balanced,cached_mxbai,468,1782207753.8282342,,,
10052,0,svm,max,balanced,cached_mxbai,469,1782207753.9054923,,,
8422,1,svm,max,balanced,cached_mxbai,470,1782207753.9821367,,,
7896,0,svm,max,balanced,cached_mxbai,471,1782207754.0605965,,,
3775,0,svm,max,balanced,cached_mxbai,472,1782207754.1395118,,,
6738,0,svm,max,balanced,cached_mxbai,473,1782207754.2169747,,,
7392,0,svm,max,balanced,cached_mxbai,474,1782207754.2918265,,,
4805,0,svm,max,balanced,cached_mxbai,475,1782207754.3678641,,,
6891,0,svm,max,balanced,cached_mxbai,476,1782207754.444638,,,
5521,0,svm,max,balanced,cached_mxbai,477,1782207754.5194168,,,
4947,0,svm,max,balanced,cached_mxbai,478,1782207754.5974867,,,
6490,0,svm,max,balanced,cached_mxbai,479,1782207754.6792166,,,
838,0,svm,max,balanced,cached_mxbai,480,1782207754.755309,,,
183,0,svm,max,balanced,cached_mxbai,481,1782207754.8342314,,,
4661,0,svm,max,balanced,cached_mxbai,482,1782207754.909928,,,
3065,0,svm,max,balanced,cached_mxbai,483,1782207754.9897535,,,
4390,0,svm,max,balanced,cached_mxbai,484,1782207755.073516,,,
6926,0,svm,max,balanced,cached_mxbai,485,1782207755.15137,,,
4746,0,svm,max,balanced,cached_mxbai,486,1782207755.2388256,,,
3630,0,svm,max,balanced,cached_mxbai,487,1782207755.3446891,,,
832,0,svm,max,balanced,cached_mxbai,488,1782207755.4216616,,,
4720,0,svm,max,balanced,cached_mxbai,489,1782207755.5004454,,,
3672,0,svm,max,balanced,cached_mxbai,490,1782207755.5792665,,,
5008,0,svm,max,balanced,cached_mxbai,491,1782207755.6585438,,,
10591,0,svm,max,balanced,cached_mxbai,492,1782207755.7358875,,,
1520,0,svm,max,balanced,cached_mxbai,493,1782207755.8154602,,,
3806,0,svm,max,balanced,cached_mxbai,494,1782207755.8958666,,,
6100,0,svm,max,balanced,cached_mxbai,495,1782207755.9756725,,,
7104,0,svm,max,balanced,cached_mxbai,496,1782207756.0547965,,,
8015,0,svm,max,balanced,cached_mxbai,497,1782207756.1351151,,,
4487,0,svm,max,balanced,cached_mxbai,498,1782207756.21552,,,
5102,0,svm,max,balanced,cached_mxbai,499,1782207756.2960865,,,
4072,0,svm,max,balanced,cached_mxbai,500,1782207756.3792236,,,
8991,0,svm,max,balanced,cached_mxbai,501,1782207756.4599955,,,
4449,0,svm,max,balanced,cached_mxbai,502,1782207756.5420907,,,
3974,0,svm,max,balanced,cached_mxbai,503,1782207756.623793,,,
4779,0,svm,max,balanced,cached_mxbai,504,1782207756.7036028,,,
3919,0,svm,max,balanced,cached_mxbai,505,1782207756.7819653,,,
7534,0,svm,max,balanced,cached_mxbai,506,1782207756.8632376,,,
4471,0,svm,max,balanced,cached_mxbai,507,1782207756.9451168,,,
5556,0,svm,max,balanced,cached_mxbai,508,1782207757.0269973,,,
6255,0,svm,max,balanced,cached_mxbai,509,1782207757.1087127,,,
7080,1,svm,max,balanced,cached_mxbai,510,1782207757.1895082,,,
3032,0,svm,max,balanced,cached_mxbai,511,1782207757.2674294,,,
675,0,svm,max,balanced,cached_mxbai,512,1782207757.3473547,,,
4116,0,svm,max,balanced,cached_mxbai,513,1782207757.4269376,,,
4154,0,svm,max,balanced,cached_mxbai,514,1782207757.5083172,,,
3150,0,svm,max,balanced,cached_mxbai,515,1782207757.5881562,,,
8595,0,svm,max,balanced,cached_mxbai,516,1782207757.6662753,,,
10424,0,svm,max,balanced,cached_mxbai,517,1782207757.7466292,,,
4597,0,svm,max,balanced,cached_mxbai,518,1782207757.826192,,,
6133,0,svm,max,balanced,cached_mxbai,519,1782207757.9093006,,,
6518,0,svm,max,balanced,cached_mxbai,520,1782207757.988578,,,
143,0,svm,max,balanced,cached_mxbai,521,1782207758.0699186,,,
1403,0,svm,max,balanced,cached_mxbai,522,1782207758.1517675,,,
74,0,svm,max,balanced,cached_mxbai,523,1782207758.2322323,,,
7305,0,svm,max,balanced,cached_mxbai,524,1782207758.315633,,,
4626,0,svm,max,balanced,cached_mxbai,525,1782207758.398712,,,
8556,0,svm,max,balanced,cached_mxbai,526,1782207758.4778838,,,
8377,0,svm,max,balanced,cached_mxbai,527,1782207758.5573215,,,
10227,0,svm,max,balanced,cached_mxbai,528,1782207758.6382353,,,
2625,0,svm,max,balanced,cached_mxbai,529,1782207758.7195637,,,
4616,0,svm,max,balanced,cached_mxbai,530,1782207758.8031154,,,
9461,1,svm,max,balanced,cached_mxbai,531,1782207758.8853574,,,
114,0,svm,max,balanced,cached_mxbai,532,1782207758.9683146,,,
3787,0,svm,max,balanced,cached_mxbai,533,1782207759.0495772,,,
2076,0,svm,max,balanced,cached_mxbai,534,1782207759.1312275,,,
5857,0,svm,max,balanced,cached_mxbai,535,1782207759.2117805,,,
1810,0,svm,max,balanced,cached_mxbai,536,1782207759.29349,,,
3415,0,svm,max,balanced,cached_mxbai,537,1782207759.373548,,,
4567,0,svm,max,balanced,cached_mxbai,538,1782207759.4562488,,,
5767,0,svm,max,balanced,cached_mxbai,539,1782207759.5380802,,,
6618,0,svm,max,balanced,cached_mxbai,540,1782207759.6207445,,,
1391,0,svm,max,balanced,cached_mxbai,541,1782207759.701644,,,
4520,0,svm,max,balanced,cached_mxbai,542,1782207759.7828975,,,
3668,0,svm,max,balanced,cached_mxbai,543,1782207759.867474,,,
8471,0,svm,max,balanced,cached_mxbai,544,1782207759.950312,,,
7453,1,svm,max,balanced,cached_mxbai,545,1782207760.033724,,,
3296,0,svm,max,balanced,cached_mxbai,546,1782207760.1170177,,,
3929,0,svm,max,balanced,cached_mxbai,547,1782207760.198781,,,
3926,0,svm,max,balanced,cached_mxbai,548,1782207760.2801118,,,
3435,0,svm,max,balanced,cached_mxbai,549,1782207760.3616545,,,
2901,0,svm,max,balanced,cached_mxbai,550,1782207760.4450393,,,
5172,0,svm,max,balanced,cached_mxbai,551,1782207760.524255,,,
4721,0,svm,max,balanced,cached_mxbai,552,1782207760.6043782,,,
10532,0,svm,max,balanced,cached_mxbai,553,1782207760.6878448,,,
5179,0,svm,max,balanced,cached_mxbai,554,1782207760.7698503,,,
10522,0,svm,max,balanced,cached_mxbai,555,1782207760.8540547,,,
5049,0,svm,max,balanced,cached_mxbai,556,1782207760.937064,,,
1033,0,svm,max,balanced,cached_mxbai,557,1782207761.0224102,,,
9517,0,svm,max,balanced,cached_mxbai,558,1782207761.1064339,,,
4511,0,svm,max,balanced,cached_mxbai,559,1782207761.1891334,,,
8326,0,svm,max,balanced,cached_mxbai,560,1782207761.2743328,,,
8605,0,svm,max,balanced,cached_mxbai,561,1782207761.358437,,,
559,0,svm,max,balanced,cached_mxbai,562,1782207761.440755,,,
4787,0,svm,max,balanced,cached_mxbai,563,1782207761.5227568,,,
9907,0,svm,max,balanced,cached_mxbai,564,1782207761.6068456,,,
4669,0,svm,max,balanced,cached_mxbai,565,1782207761.691311,,,
6732,0,svm,max,balanced,cached_mxbai,566,1782207761.7735853,,,
9476,0,svm,max,balanced,cached_mxbai,567,1782207761.8591387,,,
1682,0,svm,max,balanced,cached_mxbai,568,1782207761.9417956,,,
6420,0,svm,max,balanced,cached_mxbai,569,1782207762.025883,,,
3726,0,svm,max,balanced,cached_mxbai,570,1782207762.1111555,,,
10273,0,svm,max,balanced,cached_mxbai,571,1782207762.1950562,,,
9830,0,svm,max,balanced,cached_mxbai,572,1782207762.2776203,,,
3618,0,svm,max,balanced,cached_mxbai,573,1782207762.3599694,,,
9743,0,svm,max,balanced,cached_mxbai,574,1782207762.4419274,,,
1867,0,svm,max,balanced,cached_mxbai,575,1782207762.5250623,,,
10452,0,svm,max,balanced,cached_mxbai,576,1782207762.6073976,,,
4494,0,svm,max,balanced,cached_mxbai,577,1782207762.6908154,,,
3224,0,svm,max,balanced,cached_mxbai,578,1782207762.7737358,,,
7148,0,svm,max,balanced,cached_mxbai,579,1782207762.8582804,,,
667,0,svm,max,balanced,cached_mxbai,580,1782207762.9453638,,,
4770,0,svm,max,balanced,cached_mxbai,581,1782207763.028203,,,
8077,0,svm,max,balanced,cached_mxbai,582,1782207763.113537,,,
4100,0,svm,max,balanced,cached_mxbai,583,1782207763.1970522,,,
10026,0,svm,max,balanced,cached_mxbai,584,1782207763.2794738,,,
5083,0,svm,max,balanced,cached_mxbai,585,1782207763.3623145,,,
5056,0,svm,max,balanced,cached_mxbai,586,1782207763.445113,,,
5780,0,svm,max,balanced,cached_mxbai,587,1782207763.5293741,,,
4698,0,svm,max,balanced,cached_mxbai,588,1782207763.613971,,,
4505,0,svm,max,balanced,cached_mxbai,589,1782207763.698248,,,
6074,0,svm,max,balanced,cached_mxbai,590,1782207763.7895234,,,
1389,0,svm,max,balanced,cached_mxbai,591,1782207763.8756733,,,
6725,0,svm,max,balanced,cached_mxbai,592,1782207763.9630928,,,
5019,0,svm,max,balanced,cached_mxbai,593,1782207764.048224,,,
4373,0,svm,max,balanced,cached_mxbai,594,1782207764.136302,,,
4707,0,svm,max,balanced,cached_mxbai,595,1782207764.2201521,,,
6130,0,svm,max,balanced,cached_mxbai,596,1782207764.3040388,,,
699,0,svm,max,balanced,cached_mxbai,597,1782207764.3894672,,,
4625,0,svm,max,balanced,cached_mxbai,598,1782207764.4749913,,,
6428,0,svm,max,balanced,cached_mxbai,599,1782207764.561668,,,
3627,0,svm,max,balanced,cached_mxbai,600,1782207764.650449,,,
7666,0,svm,max,balanced,cached_mxbai,601,1782207764.7367573,,,
4499,0,svm,max,balanced,cached_mxbai,602,1782207764.8233101,,,
745,0,svm,max,balanced,cached_mxbai,603,1782207764.9109678,,,
1820,0,svm,max,balanced,cached_mxbai,604,1782207764.998036,,,
6889,0,svm,max,balanced,cached_mxbai,605,1782207765.0925741,,,
4976,0,svm,max,balanced,cached_mxbai,606,1782207765.179851,,,
5092,0,svm,max,balanced,cached_mxbai,607,1782207765.2736027,,,
430,0,svm,max,balanced,cached_mxbai,608,1782207765.3771656,,,
4506,0,svm,max,balanced,cached_mxbai,609,1782207765.4664881,,,
9022,0,svm,max,balanced,cached_mxbai,610,1782207765.552489,,,
3623,0,svm,max,balanced,cached_mxbai,611,1782207765.6407113,,,
7549,0,svm,max,balanced,cached_mxbai,612,1782207765.727131,,,
5219,0,svm,max,balanced,cached_mxbai,613,1782207765.8143992,,,
3101,0,svm,max,balanced,cached_mxbai,614,1782207765.9027276,,,
5451,0,svm,max,balanced,cached_mxbai,615,1782207765.9921174,,,
532,0,svm,max,balanced,cached_mxbai,616,1782207766.0850532,,,
7460,0,svm,max,balanced,cached_mxbai,617,1782207766.177734,,,
5168,0,svm,max,balanced,cached_mxbai,618,1782207766.2666557,,,
8168,0,svm,max,balanced,cached_mxbai,619,1782207766.3550124,,,
4686,0,svm,max,balanced,cached_mxbai,620,1782207766.445411,,,
9182,0,svm,max,balanced,cached_mxbai,621,1782207766.5348487,,,
7121,0,svm,max,balanced,cached_mxbai,622,1782207766.6242368,,,
1051,0,svm,max,balanced,cached_mxbai,623,1782207766.7178035,,,
9908,0,svm,max,balanced,cached_mxbai,624,1782207766.8089848,,,
7011,0,svm,max,balanced,cached_mxbai,625,1782207766.8979955,,,
676,0,svm,max,balanced,cached_mxbai,626,1782207766.9894254,,,
3416,0,svm,max,balanced,cached_mxbai,627,1782207767.0812798,,,
5321,0,svm,max,balanced,cached_mxbai,628,1782207767.1736841,,,
4427,0,svm,max,balanced,cached_mxbai,629,1782207767.263998,,,
5218,0,svm,max,balanced,cached_mxbai,630,1782207767.352714,,,
5457,0,svm,max,balanced,cached_mxbai,631,1782207767.4430373,,,
3761,0,svm,max,balanced,cached_mxbai,632,1782207767.5378196,,,
4552,0,svm,max,balanced,cached_mxbai,633,1782207767.625858,,,
3455,0,svm,max,balanced,cached_mxbai,634,1782207767.718108,,,
4538,0,svm,max,balanced,cached_mxbai,635,1782207767.8098643,,,
7662,0,svm,max,balanced,cached_mxbai,636,1782207767.900655,,,
9829,0,svm,max,balanced,cached_mxbai,637,1782207767.9958122,,,
4289,0,svm,max,balanced,cached_mxbai,638,1782207768.0899444,,,
4522,0,svm,max,balanced,cached_mxbai,639,1782207768.1826434,,,
9678,0,svm,max,balanced,cached_mxbai,640,1782207768.2754245,,,
7596,0,svm,max,balanced,cached_mxbai,641,1782207768.3666303,,,
6192,0,svm,max,balanced,cached_mxbai,642,1782207768.4567122,,,
9806,0,svm,max,balanced,cached_mxbai,643,1782207768.548324,,,
6530,0,svm,max,balanced,cached_mxbai,644,1782207768.6398928,,,
4532,0,svm,max,balanced,cached_mxbai,645,1782207768.7329903,,,
7864,0,svm,max,balanced,cached_mxbai,646,1782207768.8285925,,,
5137,0,svm,max,balanced,cached_mxbai,647,1782207768.920281,,,
9625,0,svm,max,balanced,cached_mxbai,648,1782207769.0169802,,,
4134,0,svm,max,balanced,cached_mxbai,649,1782207769.10876,,,
8655,0,svm,max,balanced,cached_mxbai,650,1782207769.2037542,,,
4088,0,svm,max,balanced,cached_mxbai,651,1782207769.2945085,,,
3778,0,svm,max,balanced,cached_mxbai,652,1782207769.38718,,,
6778,0,svm,max,balanced,cached_mxbai,653,1782207769.4798977,,,
8225,0,svm,max,balanced,cached_mxbai,654,1782207769.5730238,,,
1734,0,svm,max,balanced,cached_mxbai,655,1782207769.6667438,,,
4797,0,svm,max,balanced,cached_mxbai,656,1782207769.7598495,,,
8257,0,svm,max,balanced,cached_mxbai,657,1782207769.8538532,,,
1213,0,svm,max,balanced,cached_mxbai,658,1782207769.9483755,,,
4565,0,svm,max,balanced,cached_mxbai,659,1782207770.0432518,,,
7317,1,svm,max,balanced,cached_mxbai,660,1782207770.1357276,,,
4793,0,svm,max,balanced,cached_mxbai,661,1782207770.2280061,,,
4941,0,svm,max,balanced,cached_mxbai,662,1782207770.3190494,,,
3106,0,svm,max,balanced,cached_mxbai,663,1782207770.4103746,,,
4599,0,svm,max,balanced,cached_mxbai,664,1782207770.5056236,,,
4659,0,svm,max,balanced,cached_mxbai,665,1782207770.600727,,,
4723,0,svm,max,balanced,cached_mxbai,666,1782207770.693978,,,
5773,0,svm,max,balanced,cached_mxbai,667,1782207770.7888057,,,
10317,0,svm,max,balanced,cached_mxbai,668,1782207770.8833282,,,
2758,0,svm,max,balanced,cached_mxbai,669,1782207770.9777443,,,
9813,0,svm,max,balanced,cached_mxbai,670,1782207771.0732875,,,
9249,0,svm,max,balanced,cached_mxbai,671,1782207771.1719568,,,
3273,0,svm,max,balanced,cached_mxbai,672,1782207771.2660797,,,
4952,0,svm,max,balanced,cached_mxbai,673,1782207771.3596888,,,
4527,0,svm,max,balanced,cached_mxbai,674,1782207771.4535964,,,
4109,0,svm,max,balanced,cached_mxbai,675,1782207771.5464587,,,
9564,0,svm,max,balanced,cached_mxbai,676,1782207771.6390579,,,
4788,0,svm,max,balanced,cached_mxbai,677,1782207771.738883,,,
1350,0,svm,max,balanced,cached_mxbai,678,1782207771.8368335,,,
8692,0,svm,max,balanced,cached_mxbai,679,1782207771.9331815,,,
4153,0,svm,max,balanced,cached_mxbai,680,1782207772.0318284,,,
7741,0,svm,max,balanced,cached_mxbai,681,1782207772.1266243,,,
1879,0,svm,max,balanced,cached_mxbai,682,1782207772.2266529,,,
3869,0,svm,max,balanced,cached_mxbai,683,1782207772.3237967,,,
545,0,svm,max,balanced,cached_mxbai,684,1782207772.4228637,,,
842,1,svm,max,balanced,cached_mxbai,685,1782207772.51962,,,
4930,0,svm,max,balanced,cached_mxbai,686,1782207772.6175857,,,
4792,0,svm,max,balanced,cached_mxbai,687,1782207772.7174845,,,
5403,0,svm,max,balanced,cached_mxbai,688,1782207772.8129587,,,
8884,0,svm,max,balanced,cached_mxbai,689,1782207772.9120297,,,
4677,0,svm,max,balanced,cached_mxbai,690,1782207773.0123272,,,
1233,0,svm,max,balanced,cached_mxbai,691,1782207773.1096098,,,
1883,0,svm,max,balanced,cached_mxbai,692,1782207773.208871,,,
2408,0,svm,max,balanced,cached_mxbai,693,1782207773.304957,,,
5313,0,svm,max,balanced,cached_mxbai,694,1782207773.3997192,,,
8888,0,svm,max,balanced,cached_mxbai,695,1782207773.4943933,,,
5394,0,svm,max,balanced,cached_mxbai,696,1782207773.5899134,,,
3852,0,svm,max,balanced,cached_mxbai,697,1782207773.6850095,,,
6528,0,svm,max,balanced,cached_mxbai,698,1782207773.7839189,,,
516,0,svm,max,balanced,cached_mxbai,699,1782207773.8818693,,,
4554,0,svm,max,balanced,cached_mxbai,700,1782207773.9796767,,,
5307,0,svm,max,balanced,cached_mxbai,701,1782207774.0773869,,,
5028,0,svm,max,balanced,cached_mxbai,702,1782207774.1744711,,,
4875,0,svm,max,balanced,cached_mxbai,703,1782207774.2727785,,,
1472,0,svm,max,balanced,cached_mxbai,704,1782207774.3690305,,,
3600,0,svm,max,balanced,cached_mxbai,705,1782207774.466738,,,
4391,0,svm,max,balanced,cached_mxbai,706,1782207774.564862,,,
6146,0,svm,max,balanced,cached_mxbai,707,1782207774.6624117,,,
5061,0,svm,max,balanced,cached_mxbai,708,1782207774.7587776,,,
7226,0,svm,max,balanced,cached_mxbai,709,1782207774.857727,,,
5338,0,svm,max,balanced,cached_mxbai,710,1782207774.9561598,,,
1360,0,svm,max,balanced,cached_mxbai,711,1782207775.0560403,,,
4541,0,svm,max,balanced,cached_mxbai,712,1782207775.157955,,,
5232,0,svm,max,balanced,cached_mxbai,713,1782207775.290709,,,
8972,0,svm,max,balanced,cached_mxbai,714,1782207775.4150467,,,
2110,0,svm,max,balanced,cached_mxbai,715,1782207775.5158412,,,
4711,0,svm,max,balanced,cached_mxbai,716,1782207775.6158526,,,
702,0,svm,max,balanced,cached_mxbai,717,1782207775.7157052,,,
1777,0,svm,max,balanced,cached_mxbai,718,1782207775.813383,,,
5323,0,svm,max,balanced,cached_mxbai,719,1782207775.909802,,,
5584,0,svm,max,balanced,cached_mxbai,720,1782207776.0108078,,,
59,0,svm,max,balanced,cached_mxbai,721,1782207776.1098936,,,
4683,0,svm,max,balanced,cached_mxbai,722,1782207776.2144852,,,
3747,0,svm,max,balanced,cached_mxbai,723,1782207776.314803,,,
7270,0,svm,max,balanced,cached_mxbai,724,1782207776.4138575,,,
10389,0,svm,max,balanced,cached_mxbai,725,1782207776.5142667,,,
613,0,svm,max,balanced,cached_mxbai,726,1782207776.6151106,,,
4350,0,svm,max,balanced,cached_mxbai,727,1782207776.7126129,,,
4692,0,svm,max,balanced,cached_mxbai,728,1782207776.81126,,,
9528,0,svm,max,balanced,cached_mxbai,729,1782207776.911778,,,
5766,0,svm,max,balanced,cached_mxbai,730,1782207777.0130122,,,
4637,0,svm,max,balanced,cached_mxbai,731,1782207777.1198764,,,
9960,0,svm,max,balanced,cached_mxbai,732,1782207777.2278023,,,
1049,0,svm,max,balanced,cached_mxbai,733,1782207777.328656,,,
6761,0,svm,max,balanced,cached_mxbai,734,1782207777.4261053,,,
5207,0,svm,max,balanced,cached_mxbai,735,1782207777.5246787,,,
5227,0,svm,max,balanced,cached_mxbai,736,1782207777.6277473,,,
8780,0,svm,max,balanced,cached_mxbai,737,1782207777.731357,,,
4342,0,svm,max,balanced,cached_mxbai,738,1782207777.8301382,,,
5276,0,svm,max,balanced,cached_mxbai,739,1782207777.9319792,,,
4927,0,svm,max,balanced,cached_mxbai,740,1782207778.0331492,,,
1550,0,svm,max,balanced,cached_mxbai,741,1782207778.14025,,,
4868,0,svm,max,balanced,cached_mxbai,742,1782207778.2485404,,,
3827,0,svm,max,balanced,cached_mxbai,743,1782207778.3485413,,,
4569,0,svm,max,balanced,cached_mxbai,744,1782207778.45257,,,
3888,0,svm,max,balanced,cached_mxbai,745,1782207778.5537672,,,
9779,0,svm,max,balanced,cached_mxbai,746,1782207778.6563044,,,
4458,0,svm,max,balanced,cached_mxbai,747,1782207778.763168,,,
8800,0,svm,max,balanced,cached_mxbai,748,1782207778.866055,,,
3479,0,svm,max,balanced,cached_mxbai,749,1782207778.9671624,,,
4593,0,svm,max,balanced,cached_mxbai,750,1782207779.0765827,,,
5208,0,svm,max,balanced,cached_mxbai,751,1782207779.1887214,,,
3666,0,svm,max,balanced,cached_mxbai,752,1782207779.29131,,,
2100,0,svm,max,balanced,cached_mxbai,753,1782207779.3947182,,,
666,0,svm,max,balanced,cached_mxbai,754,1782207779.497377,,,
3687,0,svm,max,balanced,cached_mxbai,755,1782207779.6022353,,,
4496,0,svm,max,balanced,cached_mxbai,756,1782207779.709381,,,
1901,0,svm,max,balanced,cached_mxbai,757,1782207779.8145113,,,
3088,0,svm,max,balanced,cached_mxbai,758,1782207779.9188046,,,
10549,0,svm,max,balanced,cached_mxbai,759,1782207780.0238013,,,
2191,0,svm,max,balanced,cached_mxbai,760,1782207780.1317456,,,
4420,0,svm,max,balanced,cached_mxbai,761,1782207780.239912,,,
8120,0,svm,max,balanced,cached_mxbai,762,1782207780.3431065,,,
8044,0,svm,max,balanced,cached_mxbai,763,1782207780.446915,,,
10033,0,svm,max,balanced,cached_mxbai,764,1782207780.5506861,,,
8261,0,svm,max,balanced,cached_mxbai,765,1782207780.6541026,,,
4706,0,svm,max,balanced,cached_mxbai,766,1782207780.7595978,,,
3982,0,svm,max,balanced,cached_mxbai,767,1782207780.865477,,,
4058,0,svm,max,balanced,cached_mxbai,768,1782207780.9646602,,,
2762,0,svm,max,balanced,cached_mxbai,769,1782207781.0700123,,,
3614,0,svm,max,balanced,cached_mxbai,770,1782207781.1752284,,,
6483,0,svm,max,balanced,cached_mxbai,771,1782207781.2826421,,,
4473,0,svm,max,balanced,cached_mxbai,772,1782207781.3943067,,,
9323,0,svm,max,balanced,cached_mxbai,773,1782207781.497459,,,
50,0,svm,max,balanced,cached_mxbai,774,1782207781.603007,,,
4902,0,svm,max,balanced,cached_mxbai,775,1782207781.706503,,,
7064,0,svm,max,balanced,cached_mxbai,776,1782207781.8141503,,,
6400,0,svm,max,balanced,cached_mxbai,777,1782207781.9189422,,,
9531,0,svm,max,balanced,cached_mxbai,778,1782207782.0198784,,,
9969,0,svm,max,balanced,cached_mxbai,779,1782207782.1270328,,,
5160,0,svm,max,balanced,cached_mxbai,780,1782207782.2384386,,,
5383,0,svm,max,balanced,cached_mxbai,781,1782207782.3426366,,,
8999,0,svm,max,balanced,cached_mxbai,782,1782207782.4450545,,,
10241,0,svm,max,balanced,cached_mxbai,783,1782207782.5481462,,,
32,0,svm,max,balanced,cached_mxbai,784,1782207782.6522183,,,
5651,0,svm,max,balanced,cached_mxbai,785,1782207782.756347,,,
5242,0,svm,max,balanced,cached_mxbai,786,1782207782.86237,,,
7616,0,svm,max,balanced,cached_mxbai,787,1782207782.9661283,,,
6914,0,svm,max,balanced,cached_mxbai,788,1782207783.0713108,,,
10232,0,svm,max,balanced,cached_mxbai,789,1782207783.181209,,,
663,0,svm,max,balanced,cached_mxbai,790,1782207783.2859397,,,
1547,0,svm,max,balanced,cached_mxbai,791,1782207783.388267,,,
4611,0,svm,max,balanced,cached_mxbai,792,1782207783.4916394,,,
5074,0,svm,max,balanced,cached_mxbai,793,1782207783.5998743,,,
896,0,svm,max,balanced,cached_mxbai,794,1782207783.7071908,,,
6039,0,svm,max,balanced,cached_mxbai,795,1782207783.812399,,,
8531,0,svm,max,balanced,cached_mxbai,796,1782207783.916202,,,
2240,0,svm,max,balanced,cached_mxbai,797,1782207784.0229962,,,
3252,0,svm,max,balanced,cached_mxbai,798,1782207784.1360793,,,
6912,0,svm,max,balanced,cached_mxbai,799,1782207784.2570233,,,
4528,0,svm,max,balanced,cached_mxbai,800,1782207784.3604524,,,
760,0,svm,max,balanced,cached_mxbai,801,1782207784.4669967,,,
4670,0,svm,max,balanced,cached_mxbai,802,1782207784.57165,,,
134,0,svm,max,balanced,cached_mxbai,803,1782207784.6777067,,,
9538,0,svm,max,balanced,cached_mxbai,804,1782207784.7828143,,,
5564,0,svm,max,balanced,cached_mxbai,805,1782207784.8886607,,,
5072,0,svm,max,balanced,cached_mxbai,806,1782207784.9971128,,,
4570,0,svm,max,balanced,cached_mxbai,807,1782207785.1176584,,,
3347,0,svm,max,balanced,cached_mxbai,808,1782207785.2448113,,,
4209,0,svm,max,balanced,cached_mxbai,809,1782207785.3859074,,,
8118,0,svm,max,balanced,cached_mxbai,810,1782207785.4940069,,,
8055,0,svm,max,balanced,cached_mxbai,811,1782207785.6011863,,,
3894,0,svm,max,balanced,cached_mxbai,812,1782207785.708872,,,
9041,0,svm,max,balanced,cached_mxbai,813,1782207785.8133864,,,
6831,0,svm,max,balanced,cached_mxbai,814,1782207785.919905,,,
4867,0,svm,max,balanced,cached_mxbai,815,1782207786.0272648,,,
7483,0,svm,max,balanced,cached_mxbai,816,1782207786.1403835,,,
4964,0,svm,max,balanced,cached_mxbai,817,1782207786.2531848,,,
10110,0,svm,max,balanced,cached_mxbai,818,1782207786.368421,,,
5017,0,svm,max,balanced,cached_mxbai,819,1782207786.4807332,,,
1198,0,svm,max,balanced,cached_mxbai,820,1782207786.5928717,,,
4889,0,svm,max,balanced,cached_mxbai,821,1782207786.7025256,,,
698,0,svm,max,balanced,cached_mxbai,822,1782207786.81267,,,
4662,0,svm,max,balanced,cached_mxbai,823,1782207786.9196057,,,
3194,0,svm,max,balanced,cached_mxbai,824,1782207787.0287123,,,
6417,0,svm,max,balanced,cached_mxbai,825,1782207787.1442437,,,
3923,0,svm,max,balanced,cached_mxbai,826,1782207787.2611754,,,
4476,0,svm,max,balanced,cached_mxbai,827,1782207787.3761065,,,
2113,0,svm,max,balanced,cached_mxbai,828,1782207787.48814,,,
4573,0,svm,max,balanced,cached_mxbai,829,1782207787.6005564,,,
4299,0,svm,max,balanced,cached_mxbai,830,1782207787.7130558,,,
9131,0,svm,max,balanced,cached_mxbai,831,1782207787.8255022,,,
3912,0,svm,max,balanced,cached_mxbai,832,1782207787.9375825,,,
4612,0,svm,max,balanced,cached_mxbai,833,1782207788.0466897,,,
9069,0,svm,max,balanced,cached_mxbai,834,1782207788.1567736,,,
8255,0,svm,max,balanced,cached_mxbai,835,1782207788.2670023,,,
4619,0,svm,max,balanced,cached_mxbai,836,1782207788.3806715,,,
8467,0,svm,max,balanced,cached_mxbai,837,1782207788.4922416,,,
7016,0,svm,max,balanced,cached_mxbai,838,1782207788.604223,,,
10291,0,svm,max,balanced,cached_mxbai,839,1782207788.7168763,,,
6340,0,svm,max,balanced,cached_mxbai,840,1782207788.8309164,,,
4633,0,svm,max,balanced,cached_mxbai,841,1782207788.9421268,,,
3661,0,svm,max,balanced,cached_mxbai,842,1782207789.0557058,,,
8982,0,svm,max,balanced,cached_mxbai,843,1782207789.1716042,,,
4709,0,svm,max,balanced,cached_mxbai,844,1782207789.2854183,,,
3639,0,svm,max,balanced,cached_mxbai,845,1782207789.3965626,,,
4988,0,svm,max,balanced,cached_mxbai,846,1782207789.5071385,,,
5330,0,svm,max,balanced,cached_mxbai,847,1782207789.6212094,,,
3934,0,svm,max,balanced,cached_mxbai,848,1782207789.734524,,,
591,0,svm,max,balanced,cached_mxbai,849,1782207789.844052,,,
2279,0,svm,max,balanced,cached_mxbai,850,1782207789.95462,,,
4598,0,svm,max,balanced,cached_mxbai,851,1782207790.0671418,,,
8602,0,svm,max,balanced,cached_mxbai,852,1782207790.1832058,,,
7264,0,svm,max,balanced,cached_mxbai,853,1782207790.2962434,,,
4582,0,svm,max,balanced,cached_mxbai,854,1782207790.4089696,,,
1070,0,svm,max,balanced,cached_mxbai,855,1782207790.5209205,,,
3097,0,svm,max,balanced,cached_mxbai,856,1782207790.6356795,,,
5125,0,svm,max,balanced,cached_mxbai,857,1782207790.7489321,,,
7182,0,svm,max,balanced,cached_mxbai,858,1782207790.861424,,,
4657,0,svm,max,balanced,cached_mxbai,859,1782207790.9757273,,,
4834,0,svm,max,balanced,cached_mxbai,860,1782207791.089368,,,
9122,0,svm,max,balanced,cached_mxbai,861,1782207791.2081523,,,
5591,0,svm,max,balanced,cached_mxbai,862,1782207791.3245072,,,
7217,0,svm,max,balanced,cached_mxbai,863,1782207791.4355614,,,
9725,0,svm,max,balanced,cached_mxbai,864,1782207791.5516121,,,
3409,0,svm,max,balanced,cached_mxbai,865,1782207791.6654913,,,
7269,0,svm,max,balanced,cached_mxbai,866,1782207791.7768521,,,
7009,0,svm,max,balanced,cached_mxbai,867,1782207791.8901107,,,
4453,0,svm,max,balanced,cached_mxbai,868,1782207792.002955,,,
86,0,svm,max,balanced,cached_mxbai,869,1782207792.1166809,,,
10337,0,svm,max,balanced,cached_mxbai,870,1782207792.2332575,,,
9945,0,svm,max,balanced,cached_mxbai,871,1782207792.3461223,,,
4994,0,svm,max,balanced,cached_mxbai,872,1782207792.4612865,,,
402,0,svm,max,balanced,cached_mxbai,873,1782207792.5751534,,,
4510,0,svm,max,balanced,cached_mxbai,874,1782207792.6917236,,,
4445,0,svm,max,balanced,cached_mxbai,875,1782207792.8074322,,,
5145,0,svm,max,balanced,cached_mxbai,876,1782207792.9223182,,,
6718,0,svm,max,balanced,cached_mxbai,877,1782207793.0380538,,,
9749,0,svm,max,balanced,cached_mxbai,878,1782207793.1554468,,,
2559,0,svm,max,balanced,cached_mxbai,879,1782207793.278617,,,
4176,0,svm,max,balanced,cached_mxbai,880,1782207793.397622,,,
5096,0,svm,max,balanced,cached_mxbai,881,1782207793.5160654,,,
4636,0,svm,max,balanced,cached_mxbai,882,1782207793.633925,,,
3945,0,svm,max,balanced,cached_mxbai,883,1782207793.7498915,,,
3742,0,svm,max,balanced,cached_mxbai,884,1782207793.8683352,,,
10057,0,svm,max,balanced,cached_mxbai,885,1782207793.9840674,,,
2832,0,svm,max,balanced,cached_mxbai,886,1782207794.1019642,,,
3209,0,svm,max,balanced,cached_mxbai,887,1782207794.2254703,,,
5329,0,svm,max,balanced,cached_mxbai,888,1782207794.3422265,,,
8696,0,svm,max,balanced,cached_mxbai,889,1782207794.4615874,,,
9293,0,svm,max,balanced,cached_mxbai,890,1782207794.577606,,,
4648,0,svm,max,balanced,cached_mxbai,891,1782207794.6928644,,,
10290,0,svm,max,balanced,cached_mxbai,892,1782207794.809095,,,
10136,1,svm,max,balanced,cached_mxbai,893,1782207794.925958,,,
9199,0,svm,max,balanced,cached_mxbai,894,1782207795.0496688,,,
8995,0,svm,max,balanced,cached_mxbai,895,1782207795.172491,,,
5199,0,svm,max,balanced,cached_mxbai,896,1782207795.323372,,,
1721,1,svm,max,balanced,cached_mxbai,897,1782207795.4418848,,,
4495,0,svm,max,balanced,cached_mxbai,898,1782207795.556397,,,
5272,0,svm,max,balanced,cached_mxbai,899,1782207795.67206,,,
4559,0,svm,max,balanced,cached_mxbai,900,1782207795.7909393,,,
4222,0,svm,max,balanced,cached_mxbai,901,1782207795.9078,,,
4435,0,svm,max,balanced,cached_mxbai,902,1782207796.024633,,,
10435,1,svm,max,balanced,cached_mxbai,903,1782207796.1452193,,,
9132,0,svm,max,balanced,cached_mxbai,904,1782207796.2663465,,,
6830,0,svm,max,balanced,cached_mxbai,905,1782207796.3888986,,,
907,0,svm,max,balanced,cached_mxbai,906,1782207796.5090306,,,
1561,0,svm,max,balanced,cached_mxbai,907,1782207796.6251998,,,
7767,0,svm,max,balanced,cached_mxbai,908,1782207796.7417138,,,
8179,0,svm,max,balanced,cached_mxbai,909,1782207796.861893,,,
3523,0,svm,max,balanced,cached_mxbai,910,1782207796.9779656,,,
8315,0,svm,max,balanced,cached_mxbai,911,1782207797.1011577,,,
7168,0,svm,max,balanced,cached_mxbai,912,1782207797.2266054,,,
1312,0,svm,max,balanced,cached_mxbai,913,1782207797.3520582,,,
4722,0,svm,max,balanced,cached_mxbai,914,1782207797.472376,,,
3538,0,svm,max,balanced,cached_mxbai,915,1782207797.5914056,,,
9836,0,svm,max,balanced,cached_mxbai,916,1782207797.7167659,,,
6444,0,svm,max,balanced,cached_mxbai,917,1782207797.8388643,,,
4586,0,svm,max,balanced,cached_mxbai,918,1782207797.9576576,,,
9747,0,svm,max,balanced,cached_mxbai,919,1782207798.0799801,,,
6398,0,svm,max,balanced,cached_mxbai,920,1782207798.2044032,,,
4862,0,svm,max,balanced,cached_mxbai,921,1782207798.3250926,,,
3502,0,svm,max,balanced,cached_mxbai,922,1782207798.4446764,,,
6553,0,svm,max,balanced,cached_mxbai,923,1782207798.5667515,,,
5426,0,svm,max,balanced,cached_mxbai,924,1782207798.6857831,,,
4933,0,svm,max,balanced,cached_mxbai,925,1782207798.8063185,,,
7595,0,svm,max,balanced,cached_mxbai,926,1782207798.9241915,,,
5016,0,svm,max,balanced,cached_mxbai,927,1782207799.0434647,,,
1385,0,svm,max,balanced,cached_mxbai,928,1782207799.1728768,,,
4086,0,svm,max,balanced,cached_mxbai,929,1782207799.2996461,,,
5185,0,svm,max,balanced,cached_mxbai,930,1782207799.42054,,,
4139,0,svm,max,balanced,cached_mxbai,931,1782207799.5438955,,,
5410,0,svm,max,balanced,cached_mxbai,932,1782207799.6665914,,,
7434,0,svm,max,balanced,cached_mxbai,933,1782207799.7870772,,,
6238,0,svm,max,balanced,cached_mxbai,934,1782207799.9126592,,,
4642,0,svm,max,balanced,cached_mxbai,935,1782207800.0353036,,,
10177,0,svm,max,balanced,cached_mxbai,936,1782207800.1568487,,,
7597,0,svm,max,balanced,cached_mxbai,937,1782207800.2868881,,,
10225,0,svm,max,balanced,cached_mxbai,938,1782207800.4083374,,,
3494,0,svm,max,balanced,cached_mxbai,939,1782207800.529133,,,
4703,0,svm,max,balanced,cached_mxbai,940,1782207800.6488338,,,
3994,0,svm,max,balanced,cached_mxbai,941,1782207800.7719362,,,
2330,0,svm,max,balanced,cached_mxbai,942,1782207800.8946502,,,
6629,0,svm,max,balanced,cached_mxbai,943,1782207801.0185044,,,
8063,0,svm,max,balanced,cached_mxbai,944,1782207801.1405005,,,
1585,0,svm,max,balanced,cached_mxbai,945,1782207801.2740874,,,
8428,0,svm,max,balanced,cached_mxbai,946,1782207801.3995173,,,
3914,0,svm,max,balanced,cached_mxbai,947,1782207801.5254922,,,
5039,0,svm,max,balanced,cached_mxbai,948,1782207801.6482282,,,
3099,0,svm,max,balanced,cached_mxbai,949,1782207801.7692966,,,
4836,0,svm,max,balanced,cached_mxbai,950,1782207801.896041,,,
5111,0,svm,max,balanced,cached_mxbai,951,1782207802.0161207,,,
5365,0,svm,max,balanced,cached_mxbai,952,1782207802.1432734,,,
3185,0,svm,max,balanced,cached_mxbai,953,1782207802.272204,,,
4588,0,svm,max,balanced,cached_mxbai,954,1782207802.4024858,,,
677,0,svm,max,balanced,cached_mxbai,955,1782207802.5302067,,,
3569,0,svm,max,balanced,cached_mxbai,956,1782207802.6566324,,,
10169,0,svm,max,balanced,cached_mxbai,957,1782207802.7800283,,,
4813,0,svm,max,balanced,cached_mxbai,958,1782207802.9068685,,,
1003,0,svm,max,balanced,cached_mxbai,959,1782207803.0329015,,,
4136,0,svm,max,balanced,cached_mxbai,960,1782207803.1635308,,,
3960,0,svm,max,balanced,cached_mxbai,961,1782207803.298605,,,
5013,0,svm,max,balanced,cached_mxbai,962,1782207803.4286015,,,
6646,0,svm,max,balanced,cached_mxbai,963,1782207803.5495834,,,
3558,0,svm,max,balanced,cached_mxbai,964,1782207803.6738815,,,
1911,0,svm,max,balanced,cached_mxbai,965,1782207803.7971432,,,
25,0,svm,max,balanced,cached_mxbai,966,1782207803.9228685,,,
8092,0,svm,max,balanced,cached_mxbai,967,1782207804.0518131,,,
4744,0,svm,max,balanced,cached_mxbai,968,1782207804.1765108,,,
3748,0,svm,max,balanced,cached_mxbai,969,1782207804.309264,,,
4680,0,svm,max,balanced,cached_mxbai,970,1782207804.4353228,,,
6013,0,svm,max,balanced,cached_mxbai,971,1782207804.5588539,,,
9763,0,svm,max,balanced,cached_mxbai,972,1782207804.6845741,,,
4951,0,svm,max,balanced,cached_mxbai,973,1782207804.8093483,,,
10112,0,svm,max,balanced,cached_mxbai,974,1782207804.9330041,,,
9213,0,svm,max,balanced,cached_mxbai,975,1782207805.078006,,,
4515,0,svm,max,balanced,cached_mxbai,976,1782207805.2064316,,,
9996,0,svm,max,balanced,cached_mxbai,977,1782207805.369568,,,
3873,0,svm,max,balanced,cached_mxbai,978,1782207805.5031044,,,
4424,0,svm,max,balanced,cached_mxbai,979,1782207805.6243055,,,
5996,0,svm,max,balanced,cached_mxbai,980,1782207805.7475953,,,
1008,0,svm,max,balanced,cached_mxbai,981,1782207805.8930008,,,
4905,0,svm,max,balanced,cached_mxbai,982,1782207806.0235589,,,
7490,0,svm,max,balanced,cached_mxbai,983,1782207806.1521792,,,
5134,0,svm,max,balanced,cached_mxbai,984,1782207806.2807071,,,
3187,0,svm,max,balanced,cached_mxbai,985,1782207806.4051914,,,
7262,0,svm,max,balanced,cached_mxbai,986,1782207806.5332382,,,
4729,0,svm,max,balanced,cached_mxbai,987,1782207806.6602,,,
3767,0,svm,max,balanced,cached_mxbai,988,1782207806.788566,,,
955,0,svm,max,balanced,cached_mxbai,989,1782207806.9160004,,,
8993,0,svm,max,balanced,cached_mxbai,990,1782207807.0469625,,,
4104,0,svm,max,balanced,cached_mxbai,991,1782207807.1763213,,,
4162,0,svm,max,balanced,cached_mxbai,992,1782207807.3092198,,,
6634,0,svm,max,balanced,cached_mxbai,993,1782207807.4392178,,,
3836,0,svm,max,balanced,cached_mxbai,994,1782207807.5672903,,,
5449,0,svm,max,balanced,cached_mxbai,995,1782207807.695332,,,
3080,0,svm,max,balanced,cached_mxbai,996,1782207807.825693,,,
2258,0,svm,max,balanced,cached_mxbai,997,1782207807.9648716,,,
1149,0,svm,max,balanced,cached_mxbai,998,1782207808.0971563,,,
6631,0,svm,max,balanced,cached_mxbai,999,1782207808.2281518,,,
387,0,svm,max,balanced,cached_mxbai,1000,1782207808.3599496,,,
8563,0,svm,max,balanced,cached_mxbai,1001,1782207808.4939144,,,
6438,0,svm,max,balanced,cached_mxbai,1002,1782207808.625714,,,
4434,0,svm,max,balanced,cached_mxbai,1003,1782207808.7538667,,,
3197,0,svm,max,balanced,cached_mxbai,1004,1782207808.8810747,,,
6607,0,svm,max,balanced,cached_mxbai,1005,1782207809.01555,,,
8839,0,svm,max,balanced,cached_mxbai,1006,1782207809.1469982,,,
5244,0,svm,max,balanced,cached_mxbai,1007,1782207809.2842684,,,
4166,0,svm,max,balanced,cached_mxbai,1008,1782207809.414634,,,
8153,0,svm,max,balanced,cached_mxbai,1009,1782207809.5448816,,,
6411,0,svm,max,balanced,cached_mxbai,1010,1782207809.6766133,,,
7390,0,svm,max,balanced,cached_mxbai,1011,1782207809.806066,,,
4635,0,svm,max,balanced,cached_mxbai,1012,1782207809.9391778,,,
2259,0,svm,max,balanced,cached_mxbai,1013,1782207810.074766,,,
10122,0,svm,max,balanced,cached_mxbai,1014,1782207810.2039652,,,
6136,0,svm,max,balanced,cached_mxbai,1015,1782207810.3359509,,,
7577,0,svm,max,balanced,cached_mxbai,1016,1782207810.4660015,,,
23,0,svm,max,balanced,cached_mxbai,1017,1782207810.594559,,,
6991,0,svm,max,balanced,cached_mxbai,1018,1782207810.7258182,,,
4912,0,svm,max,balanced,cached_mxbai,1019,1782207810.856979,,,
9957,0,svm,max,balanced,cached_mxbai,1020,1782207810.98568,,,
828,0,svm,max,balanced,cached_mxbai,1021,1782207811.1196861,,,
10000,0,svm,max,balanced,cached_mxbai,1022,1782207811.2649822,,,
4121,0,svm,max,balanced,cached_mxbai,1023,1782207811.3985653,,,
4217,0,svm,max,balanced,cached_mxbai,1024,1782207811.5137188,,,
8598,0,svm,max,balanced,cached_mxbai,1025,1782207811.628594,,,
8909,0,svm,max,balanced,cached_mxbai,1026,1782207811.742906,,,
7002,0,svm,max,balanced,cached_mxbai,1027,1782207811.8583796,,,
6499,0,svm,max,balanced,cached_mxbai,1028,1782207811.9721715,,,
5238,0,svm,max,balanced,cached_mxbai,1029,1782207812.0912783,,,
3458,0,svm,max,balanced,cached_mxbai,1030,1782207812.205679,,,
6326,0,svm,max,balanced,cached_mxbai,1031,1782207812.3213897,,,
2428,0,svm,max,balanced,cached_mxbai,1032,1782207812.4373522,,,
4886,0,svm,max,balanced,cached_mxbai,1033,1782207812.5551903,,,
6798,0,svm,max,balanced,cached_mxbai,1034,1782207812.6690378,,,
5078,0,svm,max,balanced,cached_mxbai,1035,1782207812.784434,,,
6842,0,svm,max,balanced,cached_mxbai,1036,1782207812.8998702,,,
4705,0,svm,max,balanced,cached_mxbai,1037,1782207813.0192366,,,
1840,0,svm,max,balanced,cached_mxbai,1038,1782207813.1363256,,,
620,0,svm,max,balanced,cached_mxbai,1039,1782207813.250601,,,
10484,0,svm,max,balanced,cached_mxbai,1040,1782207813.3662117,,,
8049,0,svm,max,balanced,cached_mxbai,1041,1782207813.4830956,,,
6150,0,svm,max,balanced,cached_mxbai,1042,1782207813.598483,,,
5154,0,svm,max,balanced,cached_mxbai,1043,1782207813.7131722,,,
4507,0,svm,max,balanced,cached_mxbai,1044,1782207813.8289866,,,
4773,0,svm,max,balanced,cached_mxbai,1045,1782207813.9422705,,,
6743,0,svm,max,balanced,cached_mxbai,1046,1782207814.062887,,,
5088,0,svm,max,balanced,cached_mxbai,1047,1782207814.184642,,,
4985,0,svm,max,balanced,cached_mxbai,1048,1782207814.3006818,,,
4364,0,svm,max,balanced,cached_mxbai,1049,1782207814.416533,,,
9429,0,svm,max,balanced,cached_mxbai,1050,1782207814.5335605,,,
5968,0,svm,max,balanced,cached_mxbai,1051,1782207814.6515965,,,
1048,0,svm,max,balanced,cached_mxbai,1052,1782207814.768387,,,
4631,0,svm,max,balanced,cached_mxbai,1053,1782207814.885008,,,
8486,0,svm,max,balanced,cached_mxbai,1054,1782207815.0025167,,,
2429,0,svm,max,balanced,cached_mxbai,1055,1782207815.1289244,,,
7207,0,svm,max,balanced,cached_mxbai,1056,1782207815.2619767,,,
72,0,svm,max,balanced,cached_mxbai,1057,1782207815.4121659,,,
4574,0,svm,max,balanced,cached_mxbai,1058,1782207815.5281878,,,
3543,0,svm,max,balanced,cached_mxbai,1059,1782207815.6435115,,,
5398,0,svm,max,balanced,cached_mxbai,1060,1782207815.7588918,,,
5077,0,svm,max,balanced,cached_mxbai,1061,1782207815.8737605,,,
4568,0,svm,max,balanced,cached_mxbai,1062,1782207815.9918375,,,
3583,0,svm,max,balanced,cached_mxbai,1063,1782207816.1174586,,,
10493,0,svm,max,balanced,cached_mxbai,1064,1782207816.2402086,,,
5093,0,svm,max,balanced,cached_mxbai,1065,1782207816.3618598,,,
4484,0,svm,max,balanced,cached_mxbai,1066,1782207816.4823065,,,
8597,0,svm,max,balanced,cached_mxbai,1067,1782207816.6021047,,,
4295,0,svm,max,balanced,cached_mxbai,1068,1782207816.722444,,,
4564,0,svm,max,balanced,cached_mxbai,1069,1782207816.8425245,,,
3147,0,svm,max,balanced,cached_mxbai,1070,1782207816.9617472,,,
3677,0,svm,max,balanced,cached_mxbai,1071,1782207817.0802057,,,
6421,0,svm,max,balanced,cached_mxbai,1072,1782207817.198091,,,
5034,0,svm,max,balanced,cached_mxbai,1073,1782207817.316267,,,
10031,0,svm,max,balanced,cached_mxbai,1074,1782207817.4362826,,,
6120,0,svm,max,balanced,cached_mxbai,1075,1782207817.5550947,,,
7702,0,svm,max,balanced,cached_mxbai,1076,1782207817.6722841,,,
4587,0,svm,max,balanced,cached_mxbai,1077,1782207817.787728,,,
4112,0,svm,max,balanced,cached_mxbai,1078,1782207817.9031012,,,
6121,0,svm,max,balanced,cached_mxbai,1079,1782207818.0189216,,,
4513,0,svm,max,balanced,cached_mxbai,1080,1782207818.1359987,,,
4026,0,svm,max,balanced,cached_mxbai,1081,1782207818.2526894,,,
1461,0,svm,max,balanced,cached_mxbai,1082,1782207818.3713706,,,
5468,0,svm,max,balanced,cached_mxbai,1083,1782207818.487476,,,
9759,0,svm,max,balanced,cached_mxbai,1084,1782207818.6045883,,,
4673,0,svm,max,balanced,cached_mxbai,1085,1782207818.7213326,,,
2745,0,svm,max,balanced,cached_mxbai,1086,1782207818.8393276,,,
6147,0,svm,max,balanced,cached_mxbai,1087,1782207818.956527,,,
9394,0,svm,max,balanced,cached_mxbai,1088,1782207819.0745592,,,
2803,0,svm,max,balanced,cached_mxbai,1089,1782207819.1921442,,,
6485,0,svm,max,balanced,cached_mxbai,1090,1782207819.3128722,,,
7108,0,svm,max,balanced,cached_mxbai,1091,1782207819.4338589,,,
4812,0,svm,max,balanced,cached_mxbai,1092,1782207819.5560393,,,
3515,0,svm,max,balanced,cached_mxbai,1093,1782207819.6768034,,,
1082,0,svm,max,balanced,cached_mxbai,1094,1782207819.7973247,,,
3081,0,svm,max,balanced,cached_mxbai,1095,1782207819.9147413,,,
4523,0,svm,max,balanced,cached_mxbai,1096,1782207820.034938,,,
5516,0,svm,max,balanced,cached_mxbai,1097,1782207820.1577556,,,
9240,0,svm,max,balanced,cached_mxbai,1098,1782207820.2855985,,,
3969,0,svm,max,balanced,cached_mxbai,1099,1782207820.4132028,,,
4514,0,svm,max,balanced,cached_mxbai,1100,1782207820.5412824,,,
7351,1,svm,max,balanced,cached_mxbai,1101,1782207820.666133,,,
9683,0,svm,max,balanced,cached_mxbai,1102,1782207820.7867317,,,
9028,0,svm,max,balanced,cached_mxbai,1103,1782207820.906919,,,
4962,0,svm,max,balanced,cached_mxbai,1104,1782207821.0253832,,,
5131,0,svm,max,balanced,cached_mxbai,1105,1782207821.147112,,,
4131,0,svm,max,balanced,cached_mxbai,1106,1782207821.269943,,,
4053,0,svm,max,balanced,cached_mxbai,1107,1782207821.3923266,,,
5237,0,svm,max,balanced,cached_mxbai,1108,1782207821.5186572,,,
8530,0,svm,max,balanced,cached_mxbai,1109,1782207821.641435,,,
6249,0,svm,max,balanced,cached_mxbai,1110,1782207821.7624063,,,
5116,0,svm,max,balanced,cached_mxbai,1111,1782207821.8811827,,,
7948,0,svm,max,balanced,cached_mxbai,1112,1782207822.0022938,,,
5165,0,svm,max,balanced,cached_mxbai,1113,1782207822.1216938,,,
6609,0,svm,max,balanced,cached_mxbai,1114,1782207822.2409298,,,
7804,0,svm,max,balanced,cached_mxbai,1115,1782207822.3609169,,,
37,0,svm,max,balanced,cached_mxbai,1116,1782207822.4808645,,,
5870,0,svm,max,balanced,cached_mxbai,1117,1782207822.6021125,,,
4595,0,svm,max,balanced,cached_mxbai,1118,1782207822.7215445,,,
2264,0,svm,max,balanced,cached_mxbai,1119,1782207822.839824,,,
3954,0,svm,max,balanced,cached_mxbai,1120,1782207822.9583817,,,
2053,0,svm,max,balanced,cached_mxbai,1121,1782207823.0763698,,,
2306,0,svm,max,balanced,cached_mxbai,1122,1782207823.200588,,,
4870,0,svm,max,balanced,cached_mxbai,1123,1782207823.3279665,,,
4415,0,svm,max,balanced,cached_mxbai,1124,1782207823.45287,,,
131,0,svm,max,balanced,cached_mxbai,1125,1782207823.5755818,,,
421,0,svm,max,balanced,cached_mxbai,1126,1782207823.6975832,,,
10308,0,svm,max,balanced,cached_mxbai,1127,1782207823.8200727,,,
10166,0,svm,max,balanced,cached_mxbai,1128,1782207823.9470167,,,
8126,0,svm,max,balanced,cached_mxbai,1129,1782207824.0706687,,,
4910,0,svm,max,balanced,cached_mxbai,1130,1782207824.1946971,,,
3720,0,svm,max,balanced,cached_mxbai,1131,1782207824.3187523,,,
6414,0,svm,max,balanced,cached_mxbai,1132,1782207824.442414,,,
5112,0,svm,max,balanced,cached_mxbai,1133,1782207824.5665283,,,
6126,0,svm,max,balanced,cached_mxbai,1134,1782207824.6897812,,,
4815,0,svm,max,balanced,cached_mxbai,1135,1782207824.812626,,,
3280,0,svm,max,balanced,cached_mxbai,1136,1782207824.9358835,,,
4710,0,svm,max,balanced,cached_mxbai,1137,1782207825.0651262,,,
3657,0,svm,max,balanced,cached_mxbai,1138,1782207825.1909058,,,
130,0,svm,max,balanced,cached_mxbai,1139,1782207825.3506877,,,
2943,0,svm,max,balanced,cached_mxbai,1140,1782207825.479681,,,
9876,0,svm,max,balanced,cached_mxbai,1141,1782207825.6071184,,,
413,0,svm,max,balanced,cached_mxbai,1142,1782207825.731665,,,
5581,0,svm,max,balanced,cached_mxbai,1143,1782207825.8540573,,,
4459,0,svm,max,balanced,cached_mxbai,1144,1782207825.9751475,,,
3586,0,svm,max,balanced,cached_mxbai,1145,1782207826.0997431,,,
2627,0,svm,max,balanced,cached_mxbai,1146,1782207826.2269783,,,
8036,0,svm,max,balanced,cached_mxbai,1147,1782207826.3507216,,,
5425,0,svm,max,balanced,cached_mxbai,1148,1782207826.476755,,,
4602,0,svm,max,balanced,cached_mxbai,1149,1782207826.603495,,,
1492,0,svm,max,balanced,cached_mxbai,1150,1782207826.7311234,,,
1287,0,svm,max,balanced,cached_mxbai,1151,1782207826.8543127,,,
4684,0,svm,max,balanced,cached_mxbai,1152,1782207826.9778845,,,
6601,0,svm,max,balanced,cached_mxbai,1153,1782207827.0959544,,,
5235,0,svm,max,balanced,cached_mxbai,1154,1782207827.2196853,,,
6936,0,svm,max,balanced,cached_mxbai,1155,1782207827.3374608,,,
4895,0,svm,max,balanced,cached_mxbai,1156,1782207827.4559565,,,
3423,0,svm,max,balanced,cached_mxbai,1157,1782207827.5745692,,,
4481,0,svm,max,balanced,cached_mxbai,1158,1782207827.694763,,,
6298,0,svm,max,balanced,cached_mxbai,1159,1782207827.8127587,,,
571,0,svm,max,balanced,cached_mxbai,1160,1782207827.931256,,,
4442,0,svm,max,balanced,cached_mxbai,1161,1782207828.0512915,,,
3981,0,svm,max,balanced,cached_mxbai,1162,1782207828.1747327,,,
3886,0,svm,max,balanced,cached_mxbai,1163,1782207828.2951229,,,
4480,0,svm,max,balanced,cached_mxbai,1164,1782207828.4145043,,,
7771,0,svm,max,balanced,cached_mxbai,1165,1782207828.5366397,,,
10531,0,svm,max,balanced,cached_mxbai,1166,1782207828.6587687,,,
7468,0,svm,max,balanced,cached_mxbai,1167,1782207828.7785356,,,
3644,0,svm,max,balanced,cached_mxbai,1168,1782207828.8962216,,,
2216,0,svm,max,balanced,cached_mxbai,1169,1782207829.0142906,,,
4961,0,svm,max,balanced,cached_mxbai,1170,1782207829.1345665,,,
3757,0,svm,max,balanced,cached_mxbai,1171,1782207829.2655594,,,
9382,0,svm,max,balanced,cached_mxbai,1172,1782207829.387094,,,
3475,0,svm,max,balanced,cached_mxbai,1173,1782207829.5094955,,,
7001,0,svm,max,balanced,cached_mxbai,1174,1782207829.6307583,,,
6727,0,svm,max,balanced,cached_mxbai,1175,1782207829.7522833,,,
2770,0,svm,max,balanced,cached_mxbai,1176,1782207829.8717663,,,
5018,0,svm,max,balanced,cached_mxbai,1177,1782207829.99062,,,
3170,0,svm,max,balanced,cached_mxbai,1178,1782207830.1094537,,,
9411,0,svm,max,balanced,cached_mxbai,1179,1782207830.2346237,,,
47,0,svm,max,balanced,cached_mxbai,1180,1782207830.354395,,,
8355,0,svm,max,balanced,cached_mxbai,1181,1782207830.4754636,,,
7947,0,svm,max,balanced,cached_mxbai,1182,1782207830.5971975,,,
5063,0,svm,max,balanced,cached_mxbai,1183,1782207830.7182336,,,
8911,0,svm,max,balanced,cached_mxbai,1184,1782207830.8415644,,,
8473,0,svm,max,balanced,cached_mxbai,1185,1782207830.959345,,,
6643,1,svm,max,balanced,cached_mxbai,1186,1782207831.0788667,,,
6278,0,svm,max,balanced,cached_mxbai,1187,1782207831.2029576,,,
7102,0,svm,max,balanced,cached_mxbai,1188,1782207831.3234742,,,
6644,1,svm,max,balanced,cached_mxbai,1189,1782207831.441263,,,
9128,1,svm,max,balanced,cached_mxbai,1190,1782207831.559986,,,
8116,1,svm,max,balanced,cached_mxbai,1191,1782207831.677881,,,
3098,0,svm,max,balanced,cached_mxbai,1192,1782207831.804683,,,
5058,0,svm,max,balanced,cached_mxbai,1193,1782207831.9316485,,,
10230,0,svm,max,balanced,cached_mxbai,1194,1782207832.0588305,,,
10390,0,svm,max,balanced,cached_mxbai,1195,1782207832.191613,,,
4712,0,svm,max,balanced,cached_mxbai,1196,1782207832.3194344,,,
7464,0,svm,max,balanced,cached_mxbai,1197,1782207832.447604,,,
8586,0,svm,max,balanced,cached_mxbai,1198,1782207832.576186,,,
7910,0,svm,max,balanced,cached_mxbai,1199,1782207832.699617,,,
4687,0,svm,max,balanced,cached_mxbai,1200,1782207832.8204165,,,
2341,0,svm,max,balanced,cached_mxbai,1201,1782207832.940329,,,
4936,0,svm,max,balanced,cached_mxbai,1202,1782207833.0618656,,,
4362,0,svm,max,balanced,cached_mxbai,1203,1782207833.185316,,,
6838,0,svm,max,balanced,cached_mxbai,1204,1782207833.304751,,,
7996,0,svm,max,balanced,cached_mxbai,1205,1782207833.424589,,,
4977,0,svm,max,balanced,cached_mxbai,1206,1782207833.5460768,,,
918,0,svm,max,balanced,cached_mxbai,1207,1782207833.6684272,,,
6545,0,svm,max,balanced,cached_mxbai,1208,1782207833.785318,,,
7087,0,svm,max,balanced,cached_mxbai,1209,1782207833.9046633,,,
849,0,svm,max,balanced,cached_mxbai,1210,1782207834.02468,,,
1694,0,svm,max,balanced,cached_mxbai,1211,1782207834.1439683,,,
4932,0,svm,max,balanced,cached_mxbai,1212,1782207834.2692585,,,
10508,0,svm,max,balanced,cached_mxbai,1213,1782207834.390287,,,
7478,0,svm,max,balanced,cached_mxbai,1214,1782207834.5138042,,,
7088,0,svm,max,balanced,cached_mxbai,1215,1782207834.6351163,,,
5089,0,svm,max,balanced,cached_mxbai,1216,1782207834.7547822,,,
4389,0,svm,max,balanced,cached_mxbai,1217,1782207834.875419,,,
4736,0,svm,max,balanced,cached_mxbai,1218,1782207834.9935622,,,
3669,0,svm,max,balanced,cached_mxbai,1219,1782207835.125286,,,
7327,0,svm,max,balanced,cached_mxbai,1220,1782207835.257028,,,
4839,0,svm,max,balanced,cached_mxbai,1221,1782207835.4081392,,,
5095,0,svm,max,balanced,cached_mxbai,1222,1782207835.531841,,,
1724,0,svm,max,balanced,cached_mxbai,1223,1782207835.6549706,,,
26,0,svm,max,balanced,cached_mxbai,1224,1782207835.7753422,,,
7661,0,svm,max,balanced,cached_mxbai,1225,1782207835.895562,,,
8100,0,svm,max,balanced,cached_mxbai,1226,1782207836.0185888,,,
4790,0,svm,max,balanced,cached_mxbai,1227,1782207836.140924,,,
8709,0,svm,max,balanced,cached_mxbai,1228,1782207836.2661572,,,
4789,0,svm,max,balanced,cached_mxbai,1229,1782207836.3906422,,,
6432,0,svm,max,balanced,cached_mxbai,1230,1782207836.5170236,,,
859,0,svm,max,balanced,cached_mxbai,1231,1782207836.6504648,,,
7335,0,svm,max,balanced,cached_mxbai,1232,1782207836.7820048,,,
4781,0,svm,max,balanced,cached_mxbai,1233,1782207836.9128766,,,
4974,0,svm,max,balanced,cached_mxbai,1234,1782207837.0452843,,,
6602,0,svm,max,balanced,cached_mxbai,1235,1782207837.1835449,,,
4403,0,svm,max,balanced,cached_mxbai,1236,1782207837.317267,,,
3588,0,svm,max,balanced,cached_mxbai,1237,1782207837.4480782,,,
1445,1,svm,max,balanced,cached_mxbai,1238,1782207837.5790637,,,
3500,0,svm,max,balanced,cached_mxbai,1239,1782207837.7107935,,,
3115,0,svm,max,balanced,cached_mxbai,1240,1782207837.8434937,,,
3486,0,svm,max,balanced,cached_mxbai,1241,1782207837.9720292,,,
1161,0,svm,max,balanced,cached_mxbai,1242,1782207838.1033313,,,
3519,0,svm,max,balanced,cached_mxbai,1243,1782207838.2371006,,,
2352,0,svm,max,balanced,cached_mxbai,1244,1782207838.366933,,,
2161,0,svm,max,balanced,cached_mxbai,1245,1782207838.4987264,,,
9009,0,svm,max,balanced,cached_mxbai,1246,1782207838.6337595,,,
1536,0,svm,max,balanced,cached_mxbai,1247,1782207838.766104,,,
3756,0,svm,max,balanced,cached_mxbai,1248,1782207838.899044,,,
9664,0,svm,max,balanced,cached_mxbai,1249,1782207839.0305815,,,
4845,0,svm,max,balanced,cached_mxbai,1250,1782207839.16064,,,
5001,0,svm,max,balanced,cached_mxbai,1251,1782207839.296635,,,
3242,0,svm,max,balanced,cached_mxbai,1252,1782207839.4292166,,,
1746,0,svm,max,balanced,cached_mxbai,1253,1782207839.562036,,,
5000,0,svm,max,balanced,cached_mxbai,1254,1782207839.6931467,,,
7259,0,svm,max,balanced,cached_mxbai,1255,1782207839.8225694,,,
5387,0,svm,max,balanced,cached_mxbai,1256,1782207839.9508948,,,
4811,0,svm,max,balanced,cached_mxbai,1257,1782207840.0798323,,,
9912,0,svm,max,balanced,cached_mxbai,1258,1782207840.2099357,,,
5022,0,svm,max,balanced,cached_mxbai,1259,1782207840.347213,,,
3957,0,svm,max,balanced,cached_mxbai,1260,1782207840.4808142,,,
3987,0,svm,max,balanced,cached_mxbai,1261,1782207840.617405,,,
7500,0,svm,max,balanced,cached_mxbai,1262,1782207840.7483716,,,
6458,0,svm,max,balanced,cached_mxbai,1263,1782207840.879253,,,
2447,0,svm,max,balanced,cached_mxbai,1264,1782207841.009168,,,
7066,0,svm,max,balanced,cached_mxbai,1265,1782207841.138935,,,
3431,0,svm,max,balanced,cached_mxbai,1266,1782207841.2732234,,,
8507,0,svm,max,balanced,cached_mxbai,1267,1782207841.4074047,,,
6907,0,svm,max,balanced,cached_mxbai,1268,1782207841.5394862,,,
6322,0,svm,max,balanced,cached_mxbai,1269,1782207841.6729715,,,
1968,0,svm,max,balanced,cached_mxbai,1270,1782207841.8041463,,,
3345,0,svm,max,balanced,cached_mxbai,1271,1782207841.9339383,,,
3291,0,svm,max,balanced,cached_mxbai,1272,1782207842.0653255,,,
3605,0,svm,max,balanced,cached_mxbai,1273,1782207842.1975756,,,
9180,0,svm,max,balanced,cached_mxbai,1274,1782207842.332719,,,
6358,0,svm,max,balanced,cached_mxbai,1275,1782207842.4635465,,,
5221,0,svm,max,balanced,cached_mxbai,1276,1782207842.5975416,,,
4646,0,svm,max,balanced,cached_mxbai,1277,1782207842.7296786,,,
3564,0,svm,max,balanced,cached_mxbai,1278,1782207842.8617167,,,
6574,0,svm,max,balanced,cached_mxbai,1279,1782207842.9923172,,,
3052,0,svm,max,balanced,cached_mxbai,1280,1782207843.12516,,,
6355,0,svm,max,balanced,cached_mxbai,1281,1782207843.264627,,,
4653,0,svm,max,balanced,cached_mxbai,1282,1782207843.3974216,,,
10399,0,svm,max,balanced,cached_mxbai,1283,1782207843.527952,,,
7171,0,svm,max,balanced,cached_mxbai,1284,1782207843.6609597,,,
6670,0,svm,max,balanced,cached_mxbai,1285,1782207843.7943635,,,
4892,0,svm,max,balanced,cached_mxbai,1286,1782207843.9260738,,,
4351,0,svm,max,balanced,cached_mxbai,1287,1782207844.0592403,,,
4818,0,svm,max,balanced,cached_mxbai,1288,1782207844.195259,,,
5992,0,svm,max,balanced,cached_mxbai,1289,1782207844.3354652,,,
1156,0,svm,max,balanced,cached_mxbai,1290,1782207844.4707255,,,
4215,0,svm,max,balanced,cached_mxbai,1291,1782207844.614293,,,
4928,0,svm,max,balanced,cached_mxbai,1292,1782207844.747097,,,
7232,0,svm,max,balanced,cached_mxbai,1293,1782207844.8803198,,,
6137,0,svm,max,balanced,cached_mxbai,1294,1782207845.0138502,,,
5186,0,svm,max,balanced,cached_mxbai,1295,1782207845.1518724,,,
4198,0,svm,max,balanced,cached_mxbai,1296,1782207845.313867,,,
3984,0,svm,max,balanced,cached_mxbai,1297,1782207845.450716,,,
9209,0,svm,max,balanced,cached_mxbai,1298,1782207845.5878403,,,
9834,0,svm,max,balanced,cached_mxbai,1299,1782207845.7244973,,,
8848,0,svm,max,balanced,cached_mxbai,1300,1782207845.858699,,,
6945,0,svm,max,balanced,cached_mxbai,1301,1782207845.9896333,,,
4926,0,svm,max,balanced,cached_mxbai,1302,1782207846.122723,,,
8544,0,svm,max,balanced,cached_mxbai,1303,1782207846.2573473,,,
4655,0,svm,max,balanced,cached_mxbai,1304,1782207846.394004,,,
4231,0,svm,max,balanced,cached_mxbai,1305,1782207846.5291438,,,
3188,0,svm,max,balanced,cached_mxbai,1306,1782207846.6651108,,,
8560,0,svm,max,balanced,cached_mxbai,1307,1782207846.798366,,,
4416,0,svm,max,balanced,cached_mxbai,1308,1782207846.9313784,,,
8410,0,svm,max,balanced,cached_mxbai,1309,1782207847.0685818,,,
9272,0,svm,max,balanced,cached_mxbai,1310,1782207847.203923,,,
9083,0,svm,max,balanced,cached_mxbai,1311,1782207847.3420057,,,
4291,0,svm,max,balanced,cached_mxbai,1312,1782207847.48079,,,
9108,0,svm,max,balanced,cached_mxbai,1313,1782207847.616856,,,
3033,0,svm,max,balanced,cached_mxbai,1314,1782207847.7523143,,,
9797,0,svm,max,balanced,cached_mxbai,1315,1782207847.8877544,,,
7744,0,svm,max,balanced,cached_mxbai,1316,1782207848.0247865,,,
4958,0,svm,max,balanced,cached_mxbai,1317,1782207848.1610985,,,
3952,0,svm,max,balanced,cached_mxbai,1318,1782207848.2960613,,,
7961,0,svm,max,balanced,cached_mxbai,1319,1782207848.4317043,,,
3350,0,svm,max,balanced,cached_mxbai,1320,1782207848.56759,,,
4846,0,svm,max,balanced,cached_mxbai,1321,1782207848.705469,,,
7527,0,svm,max,balanced,cached_mxbai,1322,1782207848.8422492,,,
7169,0,svm,max,balanced,cached_mxbai,1323,1782207848.9760382,,,
4412,0,svm,max,balanced,cached_mxbai,1324,1782207849.111686,,,
3693,0,svm,max,balanced,cached_mxbai,1325,1782207849.2471766,,,
6482,0,svm,max,balanced,cached_mxbai,1326,1782207849.3838162,,,
9160,0,svm,max,balanced,cached_mxbai,1327,1782207849.5189703,,,
9604,0,svm,max,balanced,cached_mxbai,1328,1782207849.6546466,,,
4011,0,svm,max,balanced,cached_mxbai,1329,1782207849.7872438,,,
9290,0,svm,max,balanced,cached_mxbai,1330,1782207849.920928,,,
4417,0,svm,max,balanced,cached_mxbai,1331,1782207850.0554965,,,
2235,0,svm,max,balanced,cached_mxbai,1332,1782207850.1900291,,,
1852,0,svm,max,balanced,cached_mxbai,1333,1782207850.32531,,,
10060,0,svm,max,balanced,cached_mxbai,1334,1782207850.4670959,,,
4772,0,svm,max,balanced,cached_mxbai,1335,1782207850.6039953,,,
8282,0,svm,max,balanced,cached_mxbai,1336,1782207850.7393136,,,
4419,0,svm,max,balanced,cached_mxbai,1337,1782207850.8766272,,,
7632,0,svm,max,balanced,cached_mxbai,1338,1782207851.0106514,,,
7079,0,svm,max,balanced,cached_mxbai,1339,1782207851.1457386,,,
3061,0,svm,max,balanced,cached_mxbai,1340,1782207851.283783,,,
10326,0,svm,max,balanced,cached_mxbai,1341,1782207851.4216523,,,
5575,0,svm,max,balanced,cached_mxbai,1342,1782207851.5571127,,,
4537,0,svm,max,balanced,cached_mxbai,1343,1782207851.693688,,,
7691,0,svm,max,balanced,cached_mxbai,1344,1782207851.828807,,,
8812,0,svm,max,balanced,cached_mxbai,1345,1782207851.964325,,,
10058,0,svm,max,balanced,cached_mxbai,1346,1782207852.0998635,,,
6748,0,svm,max,balanced,cached_mxbai,1347,1782207852.2361736,,,
5902,0,svm,max,balanced,cached_mxbai,1348,1782207852.3738332,,,
5511,0,svm,max,balanced,cached_mxbai,1349,1782207852.5133631,,,
6338,0,svm,max,balanced,cached_mxbai,1350,1782207852.6510913,,,
4469,0,svm,max,balanced,cached_mxbai,1351,1782207852.7895544,,,
4012,0,svm,max,balanced,cached_mxbai,1352,1782207852.9246383,,,
4098,0,svm,max,balanced,cached_mxbai,1353,1782207853.0598848,,,
570,0,svm,max,balanced,cached_mxbai,1354,1782207853.211986,,,
4865,0,svm,max,balanced,cached_mxbai,1355,1782207853.369366,,,
5108,0,svm,max,balanced,cached_mxbai,1356,1782207853.527192,,,
7149,0,svm,max,balanced,cached_mxbai,1357,1782207853.663969,,,
8679,0,svm,max,balanced,cached_mxbai,1358,1782207853.803085,,,
4700,0,svm,max,balanced,cached_mxbai,1359,1782207853.9425833,,,
9449,0,svm,max,balanced,cached_mxbai,1360,1782207854.0802526,,,
8050,0,svm,max,balanced,cached_mxbai,1361,1782207854.2169209,,,
3282,0,svm,max,balanced,cached_mxbai,1362,1782207854.3567338,,,
4111,0,svm,max,balanced,cached_mxbai,1363,1782207854.4992151,,,
2965,0,svm,max,balanced,cached_mxbai,1364,1782207854.6441858,,,
4575,0,svm,max,balanced,cached_mxbai,1365,1782207854.78639,,,
9623,0,svm,max,balanced,cached_mxbai,1366,1782207854.9240916,,,
3440,0,svm,max,balanced,cached_mxbai,1367,1782207855.0659657,,,
5014,0,svm,max,balanced,cached_mxbai,1368,1782207855.2076082,,,
5552,0,svm,max,balanced,cached_mxbai,1369,1782207855.3861806,,,
6005,0,svm,max,balanced,cached_mxbai,1370,1782207855.528042,,,
4331,0,svm,max,balanced,cached_mxbai,1371,1782207855.666308,,,
5161,0,svm,max,balanced,cached_mxbai,1372,1782207855.8039901,,,
4893,0,svm,max,balanced,cached_mxbai,1373,1782207855.939866,,,
7265,0,svm,max,balanced,cached_mxbai,1374,1782207856.0764964,,,
1262,0,svm,max,balanced,cached_mxbai,1375,1782207856.2152505,,,
2066,0,svm,max,balanced,cached_mxbai,1376,1782207856.3532975,,,
4411,0,svm,max,balanced,cached_mxbai,1377,1782207856.4912696,,,
8497,0,svm,max,balanced,cached_mxbai,1378,1782207856.6303954,,,
5212,0,svm,max,balanced,cached_mxbai,1379,1782207856.7705595,,,
3146,0,svm,max,balanced,cached_mxbai,1380,1782207856.908638,,,
4530,0,svm,max,balanced,cached_mxbai,1381,1782207857.045311,,,
759,0,svm,max,balanced,cached_mxbai,1382,1782207857.184774,,,
1078,0,svm,max,balanced,cached_mxbai,1383,1782207857.3237867,,,
5245,0,svm,max,balanced,cached_mxbai,1384,1782207857.468845,,,
4804,0,svm,max,balanced,cached_mxbai,1385,1782207857.6121316,,,
6285,0,svm,max,balanced,cached_mxbai,1386,1782207857.7549694,,,
5939,0,svm,max,balanced,cached_mxbai,1387,1782207857.897628,,,
3434,0,svm,max,balanced,cached_mxbai,1388,1782207858.0366883,,,
9171,0,svm,max,balanced,cached_mxbai,1389,1782207858.17457,,,
4733,0,svm,max,balanced,cached_mxbai,1390,1782207858.3142853,,,
5839,1,svm,max,balanced,cached_mxbai,1391,1782207858.4533825,,,
7743,0,svm,max,balanced,cached_mxbai,1392,1782207858.5931919,,,
2254,0,svm,max,balanced,cached_mxbai,1393,1782207858.7360892,,,
3634,0,svm,max,balanced,cached_mxbai,1394,1782207858.8777792,,,
7712,0,svm,max,balanced,cached_mxbai,1395,1782207859.015842,,,
5024,0,svm,max,balanced,cached_mxbai,1396,1782207859.1551995,,,
4261,0,svm,max,balanced,cached_mxbai,1397,1782207859.2942617,,,
5956,0,svm,max,balanced,cached_mxbai,1398,1782207859.435915,,,
4882,0,svm,max,balanced,cached_mxbai,1399,1782207859.5751753,,,
8038,0,svm,max,balanced,cached_mxbai,1400,1782207859.7170076,,,
4799,0,svm,max,balanced,cached_mxbai,1401,1782207859.8595924,,,
4652,0,svm,max,balanced,cached_mxbai,1402,1782207860.0011466,,,
8889,0,svm,max,balanced,cached_mxbai,1403,1782207860.1409457,,,
3506,0,svm,max,balanced,cached_mxbai,1404,1782207860.2796688,,,
4632,0,svm,max,balanced,cached_mxbai,1405,1782207860.4193087,,,
4668,0,svm,max,balanced,cached_mxbai,1406,1782207860.5604763,,,
273,0,svm,max,balanced,cached_mxbai,1407,1782207860.7010384,,,
3507,0,svm,max,balanced,cached_mxbai,1408,1782207860.8439672,,,
1234,0,svm,max,balanced,cached_mxbai,1409,1782207860.9881678,,,
5106,0,svm,max,balanced,cached_mxbai,1410,1782207861.12913,,,
4970,0,svm,max,balanced,cached_mxbai,1411,1782207861.2691565,,,
9897,0,svm,max,balanced,cached_mxbai,1412,1782207861.412581,,,
2039,0,svm,max,balanced,cached_mxbai,1413,1782207861.5531883,,,
3763,0,svm,max,balanced,cached_mxbai,1414,1782207861.6977344,,,
3044,0,svm,max,balanced,cached_mxbai,1415,1782207861.8381793,,,
5036,0,svm,max,balanced,cached_mxbai,1416,1782207861.9810965,,,
3236,0,svm,max,balanced,cached_mxbai,1417,1782207862.1219003,,,
4853,0,svm,max,balanced,cached_mxbai,1418,1782207862.262079,,,
7728,0,svm,max,balanced,cached_mxbai,1419,1782207862.403289,,,
3988,0,svm,max,balanced,cached_mxbai,1420,1782207862.5453358,,,
8547,0,svm,max,balanced,cached_mxbai,1421,1782207862.6860797,,,
4664,0,svm,max,balanced,cached_mxbai,1422,1782207862.829106,,,
10492,0,svm,max,balanced,cached_mxbai,1423,1782207862.9728167,,,
6162,0,svm,max,balanced,cached_mxbai,1424,1782207863.1172116,,,
2831,0,svm,max,balanced,cached_mxbai,1425,1782207863.2604804,,,
8918,0,svm,max,balanced,cached_mxbai,1426,1782207863.401665,,,
4463,0,svm,max,balanced,cached_mxbai,1427,1782207863.5445545,,,
4142,0,svm,max,balanced,cached_mxbai,1428,1782207863.6873376,,,
5086,0,svm,max,balanced,cached_mxbai,1429,1782207863.8306422,,,
4629,0,svm,max,balanced,cached_mxbai,1430,1782207863.9754174,,,
6771,0,svm,max,balanced,cached_mxbai,1431,1782207864.126181,,,
4319,0,svm,max,balanced,cached_mxbai,1432,1782207864.2709863,,,
5159,0,svm,max,balanced,cached_mxbai,1433,1782207864.4150465,,,
3130,0,svm,max,balanced,cached_mxbai,1434,1782207864.5616288,,,
2583,0,svm,max,balanced,cached_mxbai,1435,1782207864.7034883,,,
6569,0,svm,max,balanced,cached_mxbai,1436,1782207864.8484836,,,
4615,0,svm,max,balanced,cached_mxbai,1437,1782207864.991196,,,
9410,0,svm,max,balanced,cached_mxbai,1438,1782207865.162563,,,
1646,0,svm,max,balanced,cached_mxbai,1439,1782207865.3405325,,,
4106,0,svm,max,balanced,cached_mxbai,1440,1782207865.485318,,,
6461,0,svm,max,balanced,cached_mxbai,1441,1782207865.6277363,,,
5153,0,svm,max,balanced,cached_mxbai,1442,1782207865.773118,,,
8228,0,svm,max,balanced,cached_mxbai,1443,1782207865.9226367,,,
9864,0,svm,max,balanced,cached_mxbai,1444,1782207866.0680144,,,
692,0,svm,max,balanced,cached_mxbai,1445,1782207866.2149518,,,
4489,0,svm,max,balanced,cached_mxbai,1446,1782207866.358688,,,
3805,0,svm,max,balanced,cached_mxbai,1447,1782207866.505191,,,
4708,0,svm,max,balanced,cached_mxbai,1448,1782207866.6523602,,,
8158,0,svm,max,balanced,cached_mxbai,1449,1782207866.79853,,,
8928,0,svm,max,balanced,cached_mxbai,1450,1782207866.9436603,,,
4966,0,svm,max,balanced,cached_mxbai,1451,1782207867.0897667,,,
3024,0,svm,max,balanced,cached_mxbai,1452,1782207867.237529,,,
4045,0,svm,max,balanced,cached_mxbai,1453,1782207867.3858953,,,
5643,0,svm,max,balanced,cached_mxbai,1454,1782207867.533541,,,
5010,0,svm,max,balanced,cached_mxbai,1455,1782207867.6790936,,,
8463,0,svm,max,balanced,cached_mxbai,1456,1782207867.8251984,,,
10239,0,svm,max,balanced,cached_mxbai,1457,1782207867.9740825,,,
10088,0,svm,max,balanced,cached_mxbai,1458,1782207868.1188438,,,
7897,0,svm,max,balanced,cached_mxbai,1459,1782207868.2650197,,,
3905,0,svm,max,balanced,cached_mxbai,1460,1782207868.411059,,,
4991,0,svm,max,balanced,cached_mxbai,1461,1782207868.557759,,,
4148,0,svm,max,balanced,cached_mxbai,1462,1782207868.7039723,,,
4336,0,svm,max,balanced,cached_mxbai,1463,1782207868.855197,,,
4654,0,svm,max,balanced,cached_mxbai,1464,1782207869.0014927,,,
5487,0,svm,max,balanced,cached_mxbai,1465,1782207869.1474519,,,
6196,0,svm,max,balanced,cached_mxbai,1466,1782207869.296673,,,
4553,0,svm,max,balanced,cached_mxbai,1467,1782207869.443776,,,
4014,0,svm,max,balanced,cached_mxbai,1468,1782207869.5910037,,,
4676,0,svm,max,balanced,cached_mxbai,1469,1782207869.7355416,,,
9371,0,svm,max,balanced,cached_mxbai,1470,1782207869.8825476,,,
10551,0,svm,max,balanced,cached_mxbai,1471,1782207870.0306478,,,
4975,0,svm,max,balanced,cached_mxbai,1472,1782207870.175506,,,
1613,0,svm,max,balanced,cached_mxbai,1473,1782207870.3233075,,,
9176,0,svm,max,balanced,cached_mxbai,1474,1782207870.4720101,,,
4764,0,svm,max,balanced,cached_mxbai,1475,1782207870.619661,,,
8759,0,svm,max,balanced,cached_mxbai,1476,1782207870.7647984,,,
10065,0,svm,max,balanced,cached_mxbai,1477,1782207870.9120996,,,
5672,0,svm,max,balanced,cached_mxbai,1478,1782207871.0588548,,,
10242,0,svm,max,balanced,cached_mxbai,1479,1782207871.2018843,,,
4539,0,svm,max,balanced,cached_mxbai,1480,1782207871.3487856,,,
9098,0,svm,max,balanced,cached_mxbai,1481,1782207871.4942107,,,
4284,0,svm,max,balanced,cached_mxbai,1482,1782207871.6381955,,,
5151,0,svm,max,balanced,cached_mxbai,1483,1782207871.782581,,,
8885,0,svm,max,balanced,cached_mxbai,1484,1782207871.9289548,,,
4600,0,svm,max,balanced,cached_mxbai,1485,1782207872.0764656,,,
5984,0,svm,max,balanced,cached_mxbai,1486,1782207872.2420275,,,
8797,0,svm,max,balanced,cached_mxbai,1487,1782207872.3885825,,,
3640,0,svm,max,balanced,cached_mxbai,1488,1782207872.5535154,,,
6671,0,svm,max,balanced,cached_mxbai,1489,1782207872.7010214,,,
4863,0,svm,max,balanced,cached_mxbai,1490,1782207872.8478827,,,
8046,0,svm,max,balanced,cached_mxbai,1491,1782207872.9991922,,,
3562,0,svm,max,balanced,cached_mxbai,1492,1782207873.1468105,,,
3932,0,svm,max,balanced,cached_mxbai,1493,1782207873.3086045,,,
9137,0,svm,max,balanced,cached_mxbai,1494,1782207873.4575105,,,
10451,0,svm,max,balanced,cached_mxbai,1495,1782207873.6045327,,,
4488,0,svm,max,balanced,cached_mxbai,1496,1782207873.7718055,,,
8123,0,svm,max,balanced,cached_mxbai,1497,1782207873.9394128,,,
4996,0,svm,max,balanced,cached_mxbai,1498,1782207874.1066706,,,
6975,0,svm,max,balanced,cached_mxbai,1499,1782207874.254553,,,
10081,0,svm,max,balanced,cached_mxbai,1500,1782207874.40188,,,
9798,0,svm,max,balanced,cached_mxbai,1501,1782207874.5499694,,,
7477,0,svm,max,balanced,cached_mxbai,1502,1782207874.6975362,,,
4372,0,svm,max,balanced,cached_mxbai,1503,1782207874.8489609,,,
1222,0,svm,max,balanced,cached_mxbai,1504,1782207874.9977915,,,
10133,0,svm,max,balanced,cached_mxbai,1505,1782207875.1599982,,,
4562,0,svm,max,balanced,cached_mxbai,1506,1782207875.326959,,,
796,0,svm,max,balanced,cached_mxbai,1507,1782207875.4792674,,,
113,0,svm,max,balanced,cached_mxbai,1508,1782207875.6428957,,,
6319,0,svm,max,balanced,cached_mxbai,1509,1782207875.8062065,,,
3629,0,svm,max,balanced,cached_mxbai,1510,1782207875.9570878,,,
6949,0,svm,max,balanced,cached_mxbai,1511,1782207876.1047063,,,
5220,0,svm,max,balanced,cached_mxbai,1512,1782207876.2522829,,,
4957,0,svm,max,balanced,cached_mxbai,1513,1782207876.4154022,,,
4982,0,svm,max,balanced,cached_mxbai,1514,1782207876.581134,,,
2873,0,svm,max,balanced,cached_mxbai,1515,1782207876.7466958,,,
5396,0,svm,max,balanced,cached_mxbai,1516,1782207876.9103367,,,
3991,0,svm,max,balanced,cached_mxbai,1517,1782207877.0600383,,,
1912,0,svm,max,balanced,cached_mxbai,1518,1782207877.2283368,,,
5138,0,svm,max,balanced,cached_mxbai,1519,1782207877.396225,,,
4490,0,svm,max,balanced,cached_mxbai,1520,1782207877.5617583,,,
4322,0,svm,max,balanced,cached_mxbai,1521,1782207877.7244112,,,
7873,0,svm,max,balanced,cached_mxbai,1522,1782207877.8889656,,,
3460,0,svm,max,balanced,cached_mxbai,1523,1782207878.0529673,,,
4725,0,svm,max,balanced,cached_mxbai,1524,1782207878.2142434,,,
6122,0,svm,max,balanced,cached_mxbai,1525,1782207878.3755083,,,
6151,0,svm,max,balanced,cached_mxbai,1526,1782207878.5387392,,,
4207,0,svm,max,balanced,cached_mxbai,1527,1782207878.7020428,,,
6138,0,svm,max,balanced,cached_mxbai,1528,1782207878.8684487,,,
8629,0,svm,max,balanced,cached_mxbai,1529,1782207879.0317912,,,
8272,0,svm,max,balanced,cached_mxbai,1530,1782207879.1958802,,,
3844,0,svm,max,balanced,cached_mxbai,1531,1782207879.359713,,,
1476,0,svm,max,balanced,cached_mxbai,1532,1782207879.5236447,,,
7933,0,svm,max,balanced,cached_mxbai,1533,1782207879.6887567,,,
3752,0,svm,max,balanced,cached_mxbai,1534,1782207879.8550847,,,
4827,0,svm,max,balanced,cached_mxbai,1535,1782207880.0205386,,,
3399,0,svm,max,balanced,cached_mxbai,1536,1782207880.1869516,,,
9947,0,svm,max,balanced,cached_mxbai,1537,1782207880.350733,,,
8004,0,svm,max,balanced,cached_mxbai,1538,1782207880.5151753,,,
5969,0,svm,max,balanced,cached_mxbai,1539,1782207880.6780896,,,
4454,0,svm,max,balanced,cached_mxbai,1540,1782207880.841114,,,
5110,0,svm,max,balanced,cached_mxbai,1541,1782207881.0080261,,,
3938,0,svm,max,balanced,cached_mxbai,1542,1782207881.1708944,,,
3109,0,svm,max,balanced,cached_mxbai,1543,1782207881.3328993,,,
10545,0,svm,max,balanced,cached_mxbai,1544,1782207881.4964828,,,
4675,0,svm,max,balanced,cached_mxbai,1545,1782207881.6604571,,,
4138,0,svm,max,balanced,cached_mxbai,1546,1782207881.8251808,,,
160,0,svm,max,balanced,cached_mxbai,1547,1782207881.9900308,,,
8580,0,svm,max,balanced,cached_mxbai,1548,1782207882.156607,,,
4968,0,svm,max,balanced,cached_mxbai,1549,1782207882.3208916,,,
7714,0,svm,max,balanced,cached_mxbai,1550,1782207882.4836926,,,
5325,0,svm,max,balanced,cached_mxbai,1551,1782207882.6474824,,,
1261,0,svm,max,balanced,cached_mxbai,1552,1782207882.8096733,,,
6235,0,svm,max,balanced,cached_mxbai,1553,1782207882.9769437,,,
5608,0,svm,max,balanced,cached_mxbai,1554,1782207883.1425037,,,
2433,0,svm,max,balanced,cached_mxbai,1555,1782207883.3091593,,,
9582,0,svm,max,balanced,cached_mxbai,1556,1782207883.482082,,,
4826,0,svm,max,balanced,cached_mxbai,1557,1782207883.6529746,,,
9219,0,svm,max,balanced,cached_mxbai,1558,1782207883.8241334,,,
173,0,svm,max,balanced,cached_mxbai,1559,1782207884.000102,,,
2562,0,svm,max,balanced,cached_mxbai,1560,1782207884.1672518,,,
7231,0,svm,max,balanced,cached_mxbai,1561,1782207884.3376124,,,
4486,0,svm,max,balanced,cached_mxbai,1562,1782207884.5093372,,,
3656,0,svm,max,balanced,cached_mxbai,1563,1782207884.680883,,,
5198,0,svm,max,balanced,cached_mxbai,1564,1782207884.8557136,,,
4410,0,svm,max,balanced,cached_mxbai,1565,1782207885.0332508,,,
709,0,svm,max,balanced,cached_mxbai,1566,1782207885.2088025,,,
3783,0,svm,max,balanced,cached_mxbai,1567,1782207885.4031818,,,
4021,0,svm,max,balanced,cached_mxbai,1568,1782207885.57895,,,
4397,0,svm,max,balanced,cached_mxbai,1569,1782207885.754785,,,
4634,0,svm,max,balanced,cached_mxbai,1570,1782207885.9317987,,,
7879,0,svm,max,balanced,cached_mxbai,1571,1782207886.1093924,,,
3654,0,svm,max,balanced,cached_mxbai,1572,1782207886.2824578,,,
4501,0,svm,max,balanced,cached_mxbai,1573,1782207886.454638,,,
5496,0,svm,max,balanced,cached_mxbai,1574,1782207886.629708,,,
8303,0,svm,max,balanced,cached_mxbai,1575,1782207886.8039248,,,
57,0,svm,max,balanced,cached_mxbai,1576,1782207886.9759903,,,
4278,0,svm,max,balanced,cached_mxbai,1577,1782207887.148647,,,
8828,0,svm,max,balanced,cached_mxbai,1578,1782207887.3159451,,,
3385,0,svm,max,balanced,cached_mxbai,1579,1782207887.4850512,,,
9433,0,svm,max,balanced,cached_mxbai,1580,1782207887.6553037,,,
9442,0,svm,max,balanced,cached_mxbai,1581,1782207887.8243248,,,
4622,0,svm,max,balanced,cached_mxbai,1582,1782207887.9938354,,,
4241,0,svm,max,balanced,cached_mxbai,1583,1782207888.1626694,,,
9547,0,svm,max,balanced,cached_mxbai,1584,1782207888.3316512,,,
4498,0,svm,max,balanced,cached_mxbai,1585,1782207888.49983,,,
6270,0,svm,max,balanced,cached_mxbai,1586,1782207888.670657,,,
1321,0,svm,max,balanced,cached_mxbai,1587,1782207888.845501,,,
5805,0,svm,max,balanced,cached_mxbai,1588,1782207889.0178409,,,
4699,0,svm,max,balanced,cached_mxbai,1589,1782207889.1909306,,,
5223,0,svm,max,balanced,cached_mxbai,1590,1782207889.3626223,,,
2541,0,svm,max,balanced,cached_mxbai,1591,1782207889.5341303,,,
3801,0,svm,max,balanced,cached_mxbai,1592,1782207889.704646,,,
4757,0,svm,max,balanced,cached_mxbai,1593,1782207889.8751152,,,
9878,0,svm,max,balanced,cached_mxbai,1594,1782207890.0482283,,,
8660,0,svm,max,balanced,cached_mxbai,1595,1782207890.2191186,,,
9773,0,svm,max,balanced,cached_mxbai,1596,1782207890.390258,,,
10206,0,svm,max,balanced,cached_mxbai,1597,1782207890.5687244,,,
7768,0,svm,max,balanced,cached_mxbai,1598,1782207890.740053,,,
1039,0,svm,max,balanced,cached_mxbai,1599,1782207890.9122915,,,
4847,0,svm,max,balanced,cached_mxbai,1600,1782207891.0884025,,,
3556,0,svm,max,balanced,cached_mxbai,1601,1782207891.259729,,,
4497,0,svm,max,balanced,cached_mxbai,1602,1782207891.4310365,,,
3165,0,svm,max,balanced,cached_mxbai,1603,1782207891.601839,,,
443,0,svm,max,balanced,cached_mxbai,1604,1782207891.7710233,,,
1031,0,svm,max,balanced,cached_mxbai,1605,1782207891.9424891,,,
4763,0,svm,max,balanced,cached_mxbai,1606,1782207892.1136663,,,
4693,0,svm,max,balanced,cached_mxbai,1607,1782207892.2863135,,,
9911,0,svm,max,balanced,cached_mxbai,1608,1782207892.4580674,,,
3689,0,svm,max,balanced,cached_mxbai,1609,1782207892.6141484,,,
3609,0,svm,max,balanced,cached_mxbai,1610,1782207892.769296,,,
3183,0,svm,max,balanced,cached_mxbai,1611,1782207892.9250941,,,
10521,0,svm,max,balanced,cached_mxbai,1612,1782207893.0836878,,,
4483,0,svm,max,balanced,cached_mxbai,1613,1782207893.2401383,,,
5621,0,svm,max,balanced,cached_mxbai,1614,1782207893.3963392,,,
9496,0,svm,max,balanced,cached_mxbai,1615,1782207893.5522506,,,
4750,0,svm,max,balanced,cached_mxbai,1616,1782207893.7093918,,,
3083,0,svm,max,balanced,cached_mxbai,1617,1782207893.8652294,,,
6056,0,svm,max,balanced,cached_mxbai,1618,1782207894.021421,,,
8847,0,svm,max,balanced,cached_mxbai,1619,1782207894.1789181,,,
3554,0,svm,max,balanced,cached_mxbai,1620,1782207894.3350933,,,
5128,0,svm,max,balanced,cached_mxbai,1621,1782207894.4897351,,,
2782,0,svm,max,balanced,cached_mxbai,1622,1782207894.6456745,,,
1241,0,svm,max,balanced,cached_mxbai,1623,1782207894.8011775,,,
3788,0,svm,max,balanced,cached_mxbai,1624,1782207894.9566786,,,
6069,0,svm,max,balanced,cached_mxbai,1625,1782207895.1190624,,,
4896,0,svm,max,balanced,cached_mxbai,1626,1782207895.300838,,,
9115,0,svm,max,balanced,cached_mxbai,1627,1782207895.4605172,,,
1796,0,svm,max,balanced,cached_mxbai,1628,1782207895.6180875,,,
4392,0,svm,max,balanced,cached_mxbai,1629,1782207895.7757344,,,
4246,0,svm,max,balanced,cached_mxbai,1630,1782207895.93263,,,
1278,0,svm,max,balanced,cached_mxbai,1631,1782207896.0912495,,,
9624,0,svm,max,balanced,cached_mxbai,1632,1782207896.2486243,,,
5823,0,svm,max,balanced,cached_mxbai,1633,1782207896.4068856,,,
5155,0,svm,max,balanced,cached_mxbai,1634,1782207896.567642,,,
5292,0,svm,max,balanced,cached_mxbai,1635,1782207896.7273357,,,
1855,0,svm,max,balanced,cached_mxbai,1636,1782207896.8851178,,,
6003,0,svm,max,balanced,cached_mxbai,1637,1782207897.0480928,,,
4323,0,svm,max,balanced,cached_mxbai,1638,1782207897.2126386,,,
4091,0,svm,max,balanced,cached_mxbai,1639,1782207897.3701231,,,
8479,0,svm,max,balanced,cached_mxbai,1640,1782207897.528208,,,
4069,0,svm,max,balanced,cached_mxbai,1641,1782207897.6860232,,,
1498,0,svm,max,balanced,cached_mxbai,1642,1782207897.8450346,,,
4517,0,svm,max,balanced,cached_mxbai,1643,1782207898.003663,,,
5226,0,svm,max,balanced,cached_mxbai,1644,1782207898.1615202,,,
3909,0,svm,max,balanced,cached_mxbai,1645,1782207898.3210244,,,
6815,0,svm,max,balanced,cached_mxbai,1646,1782207898.4823332,,,
8404,0,svm,max,balanced,cached_mxbai,1647,1782207898.6531184,,,
8301,0,svm,max,balanced,cached_mxbai,1648,1782207898.8208563,,,
5952,0,svm,max,balanced,cached_mxbai,1649,1782207898.979605,,,
5066,0,svm,max,balanced,cached_mxbai,1650,1782207899.1418474,,,
1416,0,svm,max,balanced,cached_mxbai,1651,1782207899.3017182,,,
3840,0,svm,max,balanced,cached_mxbai,1652,1782207899.4602857,,,
4245,0,svm,max,balanced,cached_mxbai,1653,1782207899.6197243,,,
8658,0,svm,max,balanced,cached_mxbai,1654,1782207899.783161,,,
5100,0,svm,max,balanced,cached_mxbai,1655,1782207899.9424055,,,
4521,0,svm,max,balanced,cached_mxbai,1656,1782207900.1036956,,,
4090,0,svm,max,balanced,cached_mxbai,1657,1782207900.2646642,,,
2187,0,svm,max,balanced,cached_mxbai,1658,1782207900.4246707,,,
4851,0,svm,max,balanced,cached_mxbai,1659,1782207900.5886617,,,
604,0,svm,max,balanced,cached_mxbai,1660,1782207900.7474337,,,
6324,0,svm,max,balanced,cached_mxbai,1661,1782207900.908388,,,
8907,0,svm,max,balanced,cached_mxbai,1662,1782207901.073567,,,
4122,0,svm,max,balanced,cached_mxbai,1663,1782207901.2380645,,,
4257,0,svm,max,balanced,cached_mxbai,1664,1782207901.3995008,,,
7959,0,svm,max,balanced,cached_mxbai,1665,1782207901.560637,,,
7706,0,svm,max,balanced,cached_mxbai,1666,1782207901.7235718,,,
6537,0,svm,max,balanced,cached_mxbai,1667,1782207901.8857303,,,
10153,0,svm,max,balanced,cached_mxbai,1668,1782207902.0494027,,,
981,0,svm,max,balanced,cached_mxbai,1669,1782207902.2121592,,,
7355,0,svm,max,balanced,cached_mxbai,1670,1782207902.3762245,,,
4219,0,svm,max,balanced,cached_mxbai,1671,1782207902.5383172,,,
2856,0,svm,max,balanced,cached_mxbai,1672,1782207902.7001925,,,
5781,0,svm,max,balanced,cached_mxbai,1673,1782207902.8619058,,,
4766,0,svm,max,balanced,cached_mxbai,1674,1782207903.0250955,,,
6585,0,svm,max,balanced,cached_mxbai,1675,1782207903.191584,,,
9948,0,svm,max,balanced,cached_mxbai,1676,1782207903.355183,,,
8636,0,svm,max,balanced,cached_mxbai,1677,1782207903.5174773,,,
3404,0,svm,max,balanced,cached_mxbai,1678,1782207903.6822047,,,
7871,0,svm,max,balanced,cached_mxbai,1679,1782207903.8448133,,,
4601,0,svm,max,balanced,cached_mxbai,1680,1782207904.0034392,,,
178,0,svm,max,balanced,cached_mxbai,1681,1782207904.166921,,,
4438,0,svm,max,balanced,cached_mxbai,1682,1782207904.3320158,,,
6548,0,svm,max,balanced,cached_mxbai,1683,1782207904.4966145,,,
769,0,svm,max,balanced,cached_mxbai,1684,1782207904.6604905,,,
4571,0,svm,max,balanced,cached_mxbai,1685,1782207904.8207512,,,
8218,0,svm,max,balanced,cached_mxbai,1686,1782207904.9815629,,,
6328,0,svm,max,balanced,cached_mxbai,1687,1782207905.148214,,,
10108,0,svm,max,balanced,cached_mxbai,1688,1782207905.3414536,,,
9714,0,svm,max,balanced,cached_mxbai,1689,1782207905.5047975,,,
4400,0,svm,max,balanced,cached_mxbai,1690,1782207905.6786847,,,
8694,0,svm,max,balanced,cached_mxbai,1691,1782207905.8407528,,,
3832,0,svm,max,balanced,cached_mxbai,1692,1782207906.0170486,,,
639,0,svm,max,balanced,cached_mxbai,1693,1782207906.1834579,,,
3552,0,svm,max,balanced,cached_mxbai,1694,1782207906.3490381,,,
4606,0,svm,max,balanced,cached_mxbai,1695,1782207906.5239112,,,
4305,0,svm,max,balanced,cached_mxbai,1696,1782207906.689406,,,
7546,0,svm,max,balanced,cached_mxbai,1697,1782207906.852258,,,
3293,0,svm,max,balanced,cached_mxbai,1698,1782207907.0144765,,,
594,0,svm,max,balanced,cached_mxbai,1699,1782207907.1795156,,,
5777,0,svm,max,balanced,cached_mxbai,1700,1782207907.3583982,,,
3428,0,svm,max,balanced,cached_mxbai,1701,1782207907.5212302,,,
4749,0,svm,max,balanced,cached_mxbai,1702,1782207907.6846504,,,
817,0,svm,max,balanced,cached_mxbai,1703,1782207907.8607173,,,
3446,0,svm,max,balanced,cached_mxbai,1704,1782207908.0363443,,,
10271,0,svm,max,balanced,cached_mxbai,1705,1782207908.2045302,,,
4502,0,svm,max,balanced,cached_mxbai,1706,1782207908.384884,,,
9031,0,svm,max,balanced,cached_mxbai,1707,1782207908.5626843,,,
2781,0,svm,max,balanced,cached_mxbai,1708,1782207908.7546272,,,
5079,0,svm,max,balanced,cached_mxbai,1709,1782207908.9554183,,,
4649,0,svm,max,balanced,cached_mxbai,1710,1782207909.1295097,,,
3889,0,svm,max,balanced,cached_mxbai,1711,1782207909.3063965,,,
2670,0,svm,max,balanced,cached_mxbai,1712,1782207909.481169,,,
4334,0,svm,max,balanced,cached_mxbai,1713,1782207909.646707,,,
6233,0,svm,max,balanced,cached_mxbai,1714,1782207909.8212204,,,
6323,0,svm,max,balanced,cached_mxbai,1715,1782207909.9851494,,,
5352,0,svm,max,balanced,cached_mxbai,1716,1782207910.16326,,,
427,0,svm,max,balanced,cached_mxbai,1717,1782207910.333285,,,
5667,0,svm,max,balanced,cached_mxbai,1718,1782207910.5009537,,,
4719,0,svm,max,balanced,cached_mxbai,1719,1782207910.677027,,,
4542,0,svm,max,balanced,cached_mxbai,1720,1782207910.8513844,,,
5167,0,svm,max,balanced,cached_mxbai,1721,1782207911.0241938,,,
3200,0,svm,max,balanced,cached_mxbai,1722,1782207911.2011554,,,
8693,0,svm,max,balanced,cached_mxbai,1723,1782207911.3760982,,,
3248,0,svm,max,balanced,cached_mxbai,1724,1782207911.5512164,,,
4808,0,svm,max,balanced,cached_mxbai,1725,1782207911.727226,,,
8798,0,svm,max,balanced,cached_mxbai,1726,1782207911.9027896,,,
5188,0,svm,max,balanced,cached_mxbai,1727,1782207912.0775266,,,
2431,0,svm,max,balanced,cached_mxbai,1728,1782207912.256501,,,
5240,0,svm,max,balanced,cached_mxbai,1729,1782207912.4357593,,,
997,0,svm,max,balanced,cached_mxbai,1730,1782207912.6123333,,,
3330,0,svm,max,balanced,cached_mxbai,1731,1782207912.7869496,,,
4809,0,svm,max,balanced,cached_mxbai,1732,1782207912.963645,,,
4313,0,svm,max,balanced,cached_mxbai,1733,1782207913.1394794,,,
5099,0,svm,max,balanced,cached_mxbai,1734,1782207913.3210673,,,
5723,0,svm,max,balanced,cached_mxbai,1735,1782207913.4974866,,,
5052,0,svm,max,balanced,cached_mxbai,1736,1782207913.6726415,,,
4042,0,svm,max,balanced,cached_mxbai,1737,1782207913.8494246,,,
81,0,svm,max,balanced,cached_mxbai,1738,1782207914.036507,,,
6042,0,svm,max,balanced,cached_mxbai,1739,1782207914.2157109,,,
4920,0,svm,max,balanced,cached_mxbai,1740,1782207914.396232,,,
3664,0,svm,max,balanced,cached_mxbai,1741,1782207914.5735147,,,
7055,0,svm,max,balanced,cached_mxbai,1742,1782207914.7643867,,,
3577,0,svm,max,balanced,cached_mxbai,1743,1782207914.9625962,,,
9407,0,svm,max,balanced,cached_mxbai,1744,1782207915.1528275,,,
1704,0,svm,max,balanced,cached_mxbai,1745,1782207915.384001,,,
5038,0,svm,max,balanced,cached_mxbai,1746,1782207915.5839517,,,
6699,0,svm,max,balanced,cached_mxbai,1747,1782207915.762802,,,
9254,0,svm,max,balanced,cached_mxbai,1748,1782207915.9392226,,,
5103,0,svm,max,balanced,cached_mxbai,1749,1782207916.1162877,,,
4943,0,svm,max,balanced,cached_mxbai,1750,1782207916.2971566,,,
8952,0,svm,max,balanced,cached_mxbai,1751,1782207916.4735277,,,
5076,0,svm,max,balanced,cached_mxbai,1752,1782207916.6508577,,,
9768,0,svm,max,balanced,cached_mxbai,1753,1782207916.829383,,,
3797,0,svm,max,balanced,cached_mxbai,1754,1782207917.0046952,,,
4990,0,svm,max,balanced,cached_mxbai,1755,1782207917.1817322,,,
6167,0,svm,max,balanced,cached_mxbai,1756,1782207917.3602686,,,
4551,0,svm,max,balanced,cached_mxbai,1757,1782207917.5361323,,,
195,0,svm,max,balanced,cached_mxbai,1758,1782207917.7131383,,,
577,0,svm,max,balanced,cached_mxbai,1759,1782207917.8893912,,,
4309,0,svm,max,balanced,cached_mxbai,1760,1782207918.0661294,,,
4784,0,svm,max,balanced,cached_mxbai,1761,1782207918.2448225,,,
7216,0,svm,max,balanced,cached_mxbai,1762,1782207918.4259784,,,
3504,0,svm,max,balanced,cached_mxbai,1763,1782207918.6063087,,,
3533,0,svm,max,balanced,cached_mxbai,1764,1782207918.7876618,,,
9291,0,svm,max,balanced,cached_mxbai,1765,1782207918.9674258,,,
4566,0,svm,max,balanced,cached_mxbai,1766,1782207919.144448,,,
787,0,svm,max,balanced,cached_mxbai,1767,1782207919.3237126,,,
9520,0,svm,max,balanced,cached_mxbai,1768,1782207919.5022986,,,
1255,0,svm,max,balanced,cached_mxbai,1769,1782207919.6812754,,,
6642,0,svm,max,balanced,cached_mxbai,1770,1782207919.8626764,,,
5009,0,svm,max,balanced,cached_mxbai,1771,1782207920.0392926,,,
8829,0,svm,max,balanced,cached_mxbai,1772,1782207920.215806,,,
92,0,svm,max,balanced,cached_mxbai,1773,1782207920.392509,,,
4701,0,svm,max,balanced,cached_mxbai,1774,1782207920.5709586,,,
9628,0,svm,max,balanced,cached_mxbai,1775,1782207920.7483196,,,
7137,0,svm,max,balanced,cached_mxbai,1776,1782207920.9265542,,,
10046,0,svm,max,balanced,cached_mxbai,1777,1782207921.1056669,,,
10309,0,svm,max,balanced,cached_mxbai,1778,1782207921.286629,,,
6212,0,svm,max,balanced,cached_mxbai,1779,1782207921.4672263,,,
10381,0,svm,max,balanced,cached_mxbai,1780,1782207921.6474957,,,
8373,0,svm,max,balanced,cached_mxbai,1781,1782207921.8252223,,,
4035,0,svm,max,balanced,cached_mxbai,1782,1782207922.0041828,,,
1427,0,svm,max,balanced,cached_mxbai,1783,1782207922.1840267,,,
3047,0,svm,max,balanced,cached_mxbai,1784,1782207922.3612113,,,
8536,0,svm,max,balanced,cached_mxbai,1785,1782207922.539468,,,
5027,0,svm,max,balanced,cached_mxbai,1786,1782207922.7181363,,,
5213,0,svm,max,balanced,cached_mxbai,1787,1782207922.8976595,,,
5519,0,svm,max,balanced,cached_mxbai,1788,1782207923.0777977,,,
5069,0,svm,max,balanced,cached_mxbai,1789,1782207923.262416,,,
3231,0,svm,max,balanced,cached_mxbai,1790,1782207923.4405708,,,
6816,0,svm,max,balanced,cached_mxbai,1791,1782207923.6204941,,,
6293,0,svm,max,balanced,cached_mxbai,1792,1782207923.8000505,,,
4716,0,svm,max,balanced,cached_mxbai,1793,1782207923.9776418,,,
5896,0,svm,max,balanced,cached_mxbai,1794,1782207924.159094,,,
7681,0,svm,max,balanced,cached_mxbai,1795,1782207924.3388224,,,
5452,0,svm,max,balanced,cached_mxbai,1796,1782207924.5165694,,,
10036,0,svm,max,balanced,cached_mxbai,1797,1782207924.6966834,,,
10158,0,svm,max,balanced,cached_mxbai,1798,1782207924.8749406,,,
5234,0,svm,max,balanced,cached_mxbai,1799,1782207925.0655534,,,
7279,0,svm,max,balanced,cached_mxbai,1800,1782207925.2547731,,,
4801,0,svm,max,balanced,cached_mxbai,1801,1782207925.441244,,,
3924,0,svm,max,balanced,cached_mxbai,1802,1782207925.6253748,,,
1999,0,svm,max,balanced,cached_mxbai,1803,1782207925.8090951,,,
5346,0,svm,max,balanced,cached_mxbai,1804,1782207925.9871814,,,
4343,0,svm,max,balanced,cached_mxbai,1805,1782207926.16744,,,
7438,0,svm,max,balanced,cached_mxbai,1806,1782207926.347301,,,
3445,0,svm,max,balanced,cached_mxbai,1807,1782207926.526604,,,
27,0,svm,max,balanced,cached_mxbai,1808,1782207926.7106793,,,
2137,0,svm,max,balanced,cached_mxbai,1809,1782207926.9014246,,,
3331,0,svm,max,balanced,cached_mxbai,1810,1782207927.0908132,,,
4959,0,svm,max,balanced,cached_mxbai,1811,1782207927.279353,,,
9437,0,svm,max,balanced,cached_mxbai,1812,1782207927.4675574,,,
10410,0,svm,max,balanced,cached_mxbai,1813,1782207927.6557977,,,
7203,0,svm,max,balanced,cached_mxbai,1814,1782207927.8444736,,,
4180,0,svm,max,balanced,cached_mxbai,1815,1782207928.0376318,,,
5080,0,svm,max,balanced,cached_mxbai,1816,1782207928.226761,,,
4627,0,svm,max,balanced,cached_mxbai,1817,1782207928.4150012,,,
5650,0,svm,max,balanced,cached_mxbai,1818,1782207928.6065702,,,
3171,0,svm,max,balanced,cached_mxbai,1819,1782207928.802037,,,
10115,0,svm,max,balanced,cached_mxbai,1820,1782207928.9934583,,,
4097,0,svm,max,balanced,cached_mxbai,1821,1782207929.1834486,,,
4954,0,svm,max,balanced,cached_mxbai,1822,1782207929.3732433,,,
5881,0,svm,max,balanced,cached_mxbai,1823,1782207929.5657134,,,
5084,0,svm,max,balanced,cached_mxbai,1824,1782207929.7557359,,,
9849,0,svm,max,balanced,cached_mxbai,1825,1782207929.944881,,,
3811,0,svm,max,balanced,cached_mxbai,1826,1782207930.132855,,,
5799,0,svm,max,balanced,cached_mxbai,1827,1782207930.3243291,,,
4482,0,svm,max,balanced,cached_mxbai,1828,1782207930.515149,,,
6357,0,svm,max,balanced,cached_mxbai,1829,1782207930.707398,,,
10235,0,svm,max,balanced,cached_mxbai,1830,1782207930.8984275,,,
5139,0,svm,max,balanced,cached_mxbai,1831,1782207931.0895429,,,
2021,0,svm,max,balanced,cached_mxbai,1832,1782207931.2833385,,,
8619,0,svm,max,balanced,cached_mxbai,1833,1782207931.474876,,,
8979,0,svm,max,balanced,cached_mxbai,1834,1782207931.667462,,,
52,0,svm,max,balanced,cached_mxbai,1835,1782207931.8540504,,,
3809,0,svm,max,balanced,cached_mxbai,1836,1782207932.0399337,,,
8430,0,svm,max,balanced,cached_mxbai,1837,1782207932.2298274,,,
1032,0,svm,max,balanced,cached_mxbai,1838,1782207932.4153454,,,
4682,0,svm,max,balanced,cached_mxbai,1839,1782207932.602463,,,
3729,0,svm,max,balanced,cached_mxbai,1840,1782207932.7894878,,,
9113,0,svm,max,balanced,cached_mxbai,1841,1782207932.9798038,,,
1641,0,svm,max,balanced,cached_mxbai,1842,1782207933.1671386,,,
7257,0,svm,max,balanced,cached_mxbai,1843,1782207933.3556898,,,
5045,0,svm,max,balanced,cached_mxbai,1844,1782207933.5422697,,,
3724,0,svm,max,balanced,cached_mxbai,1845,1782207933.729605,,,
8191,0,svm,max,balanced,cached_mxbai,1846,1782207933.9143884,,,
1143,0,svm,max,balanced,cached_mxbai,1847,1782207934.0999112,,,
3921,0,svm,max,balanced,cached_mxbai,1848,1782207934.2871158,,,
8483,0,svm,max,balanced,cached_mxbai,1849,1782207934.468,,,
4737,0,svm,max,balanced,cached_mxbai,1850,1782207934.6524007,,,
7155,0,svm,max,balanced,cached_mxbai,1851,1782207934.8351605,,,
4741,0,svm,max,balanced,cached_mxbai,1852,1782207935.0204897,,,
7199,0,svm,max,balanced,cached_mxbai,1853,1782207935.207277,,,
7058,0,svm,max,balanced,cached_mxbai,1854,1782207935.424497,,,
229,0,svm,max,balanced,cached_mxbai,1855,1782207935.6148777,,,
4759,0,svm,max,balanced,cached_mxbai,1856,1782207935.8013647,,,
10034,0,svm,max,balanced,cached_mxbai,1857,1782207935.9896276,,,
9299,0,svm,max,balanced,cached_mxbai,1858,1782207936.173309,,,
4394,0,svm,max,balanced,cached_mxbai,1859,1782207936.3598442,,,
7717,0,svm,max,balanced,cached_mxbai,1860,1782207936.545041,,,
1863,0,svm,max,balanced,cached_mxbai,1861,1782207936.7307463,,,
7683,0,svm,max,balanced,cached_mxbai,1862,1782207936.9139042,,,
3400,0,svm,max,balanced,cached_mxbai,1863,1782207937.099581,,,
4987,0,svm,max,balanced,cached_mxbai,1864,1782207937.2852695,,,
9704,0,svm,max,balanced,cached_mxbai,1865,1782207937.4703836,,,
1131,0,svm,max,balanced,cached_mxbai,1866,1782207937.6570852,,,
4608,0,svm,max,balanced,cached_mxbai,1867,1782207937.8431623,,,
7233,0,svm,max,balanced,cached_mxbai,1868,1782207938.027421,,,
7418,0,svm,max,balanced,cached_mxbai,1869,1782207938.213193,,,
7363,0,svm,max,balanced,cached_mxbai,1870,1782207938.4012272,,,
7050,0,svm,max,balanced,cached_mxbai,1871,1782207938.5879707,,,
8996,0,svm,max,balanced,cached_mxbai,1872,1782207938.7774425,,,
7178,0,svm,max,balanced,cached_mxbai,1873,1782207938.961256,,,
80,0,svm,max,balanced,cached_mxbai,1874,1782207939.1477566,,,
6822,0,svm,max,balanced,cached_mxbai,1875,1782207939.3347437,,,
1370,0,svm,max,balanced,cached_mxbai,1876,1782207939.5237834,,,
7000,0,svm,max,balanced,cached_mxbai,1877,1782207939.7101629,,,
4689,0,svm,max,balanced,cached_mxbai,1878,1782207939.895912,,,
5862,0,svm,max,balanced,cached_mxbai,1879,1782207940.0821092,,,
78,0,svm,max,balanced,cached_mxbai,1880,1782207940.2682507,,,
3152,0,svm,max,balanced,cached_mxbai,1881,1782207940.4574757,,,
7697,0,svm,max,balanced,cached_mxbai,1882,1782207940.6467934,,,
3776,0,svm,max,balanced,cached_mxbai,1883,1782207940.832993,,,
5759,0,svm,max,balanced,cached_mxbai,1884,1782207941.0181313,,,
124,0,svm,max,balanced,cached_mxbai,1885,1782207941.2040515,,,
4963,0,svm,max,balanced,cached_mxbai,1886,1782207941.3916569,,,
10422,0,svm,max,balanced,cached_mxbai,1887,1782207941.578712,,,
6431,0,svm,max,balanced,cached_mxbai,1888,1782207941.7667077,,,
5119,0,svm,max,balanced,cached_mxbai,1889,1782207941.9584136,,,
4745,0,svm,max,balanced,cached_mxbai,1890,1782207942.1502512,,,
7318,0,svm,max,balanced,cached_mxbai,1891,1782207942.3405333,,,
5592,0,svm,max,balanced,cached_mxbai,1892,1782207942.5338395,,,
806,0,svm,max,balanced,cached_mxbai,1893,1782207942.7250593,,,
7077,0,svm,max,balanced,cached_mxbai,1894,1782207942.91683,,,
2319,0,svm,max,balanced,cached_mxbai,1895,1782207943.114726,,,
6153,0,svm,max,balanced,cached_mxbai,1896,1782207943.3245437,,,
4493,0,svm,max,balanced,cached_mxbai,1897,1782207943.5248528,,,
6060,0,svm,max,balanced,cached_mxbai,1898,1782207943.721353,,,
3709,0,svm,max,balanced,cached_mxbai,1899,1782207943.9165435,,,
3211,0,svm,max,balanced,cached_mxbai,1900,1782207944.1121373,,,
5043,0,svm,max,balanced,cached_mxbai,1901,1782207944.308272,,,
1084,0,svm,max,balanced,cached_mxbai,1902,1782207944.50548,,,
2773,0,svm,max,balanced,cached_mxbai,1903,1782207944.702624,,,
8210,0,svm,max,balanced,cached_mxbai,1904,1782207944.903983,,,
5231,0,svm,max,balanced,cached_mxbai,1905,1782207945.1157956,,,
5842,0,svm,max,balanced,cached_mxbai,1906,1782207945.3418188,,,
10446,0,svm,max,balanced,cached_mxbai,1907,1782207945.5409887,,,
9369,0,svm,max,balanced,cached_mxbai,1908,1782207945.7478347,,,
4617,0,svm,max,balanced,cached_mxbai,1909,1782207945.9458637,,,
5087,0,svm,max,balanced,cached_mxbai,1910,1782207946.1436527,,,
3602,0,svm,max,balanced,cached_mxbai,1911,1782207946.341127,,,
1502,0,svm,max,balanced,cached_mxbai,1912,1782207946.540567,,,
4660,0,svm,max,balanced,cached_mxbai,1913,1782207946.742008,,,
2473,0,svm,max,balanced,cached_mxbai,1914,1782207946.9376187,,,
7091,0,svm,max,balanced,cached_mxbai,1915,1782207947.1340568,,,
3753,0,svm,max,balanced,cached_mxbai,1916,1782207947.3325608,,,
809,0,svm,max,balanced,cached_mxbai,1917,1782207947.5322964,,,
7891,0,svm,max,balanced,cached_mxbai,1918,1782207947.7360132,,,
5129,0,svm,max,balanced,cached_mxbai,1919,1782207947.935157,,,
9572,0,svm,max,balanced,cached_mxbai,1920,1782207948.133719,,,
9370,0,svm,max,balanced,cached_mxbai,1921,1782207948.3338928,,,
6216,0,svm,max,balanced,cached_mxbai,1922,1782207948.533766,,,
3998,0,svm,max,balanced,cached_mxbai,1923,1782207948.7352004,,,
1808,0,svm,max,balanced,cached_mxbai,1924,1782207948.9370584,,,
8105,0,svm,max,balanced,cached_mxbai,1925,1782207949.1374698,,,
3549,0,svm,max,balanced,cached_mxbai,1926,1782207949.338426,,,
1566,0,svm,max,balanced,cached_mxbai,1927,1782207949.5387847,,,
4175,0,svm,max,balanced,cached_mxbai,1928,1782207949.741514,,,
10252,0,svm,max,balanced,cached_mxbai,1929,1782207949.9437175,,,
422,0,svm,max,balanced,cached_mxbai,1930,1782207950.145758,,,
1040,0,svm,max,balanced,cached_mxbai,1931,1782207950.347737,,,
5136,0,svm,max,balanced,cached_mxbai,1932,1782207950.5506973,,,
4437,0,svm,max,balanced,cached_mxbai,1933,1782207950.753317,,,
6616,0,svm,max,balanced,cached_mxbai,1934,1782207950.954528,,,
6390,0,svm,max,balanced,cached_mxbai,1935,1782207951.1564035,,,
7950,0,svm,max,balanced,cached_mxbai,1936,1782207951.355674,,,
2819,0,svm,max,balanced,cached_mxbai,1937,1782207951.5589845,,,
4477,0,svm,max,balanced,cached_mxbai,1938,1782207951.76064,,,
8024,0,svm,max,balanced,cached_mxbai,1939,1782207951.9625175,,,
9603,0,svm,max,balanced,cached_mxbai,1940,1782207952.1668806,,,
8337,0,svm,max,balanced,cached_mxbai,1941,1782207952.3681953,,,
4843,0,svm,max,balanced,cached_mxbai,1942,1782207952.5698826,,,
242,0,svm,max,balanced,cached_mxbai,1943,1782207952.7745245,,,
8610,0,svm,max,balanced,cached_mxbai,1944,1782207952.9783797,,,
10120,0,svm,max,balanced,cached_mxbai,1945,1782207953.1804295,,,
8367,0,svm,max,balanced,cached_mxbai,1946,1782207953.391285,,,
4344,0,svm,max,balanced,cached_mxbai,1947,1782207953.5931835,,,
7369,0,svm,max,balanced,cached_mxbai,1948,1782207953.7951179,,,
3364,0,svm,max,balanced,cached_mxbai,1949,1782207953.9917812,,,
4211,0,svm,max,balanced,cached_mxbai,1950,1782207954.191451,,,
10557,0,svm,max,balanced,cached_mxbai,1951,1782207954.3912334,,,
6478,0,svm,max,balanced,cached_mxbai,1952,1782207954.588089,,,
5310,0,svm,max,balanced,cached_mxbai,1953,1782207954.7914212,,,
3412,0,svm,max,balanced,cached_mxbai,1954,1782207954.9881432,,,
3285,0,svm,max,balanced,cached_mxbai,1955,1782207955.1990829,,,
2293,0,svm,max,balanced,cached_mxbai,1956,1782207955.4358761,,,
4823,0,svm,max,balanced,cached_mxbai,1957,1782207955.6377192,,,
4150,0,svm,max,balanced,cached_mxbai,1958,1782207955.8388784,,,
5205,0,svm,max,balanced,cached_mxbai,1959,1782207956.0384812,,,
5696,0,svm,max,balanced,cached_mxbai,1960,1782207956.2390435,,,
7550,0,svm,max,balanced,cached_mxbai,1961,1782207956.4402444,,,
5042,0,svm,max,balanced,cached_mxbai,1962,1782207956.6430733,,,
5178,0,svm,max,balanced,cached_mxbai,1963,1782207956.8491886,,,
8088,1,svm,max,balanced,cached_mxbai,1964,1782207957.0491183,,,
6045,0,svm,max,balanced,cached_mxbai,1965,1782207957.2550848,,,
9457,0,svm,max,balanced,cached_mxbai,1966,1782207957.455941,,,
4325,0,svm,max,balanced,cached_mxbai,1967,1782207957.6564865,,,
3495,0,svm,max,balanced,cached_mxbai,1968,1782207957.854612,,,
6284,0,svm,max,balanced,cached_mxbai,1969,1782207958.0537465,,,
1439,0,svm,max,balanced,cached_mxbai,1970,1782207958.2526376,,,
8717,0,svm,max,balanced,cached_mxbai,1971,1782207958.4505088,,,
9804,0,svm,max,balanced,cached_mxbai,1972,1782207958.6552894,,,
4576,0,svm,max,balanced,cached_mxbai,1973,1782207958.860711,,,
66,0,svm,max,balanced,cached_mxbai,1974,1782207959.0617344,,,
3705,0,svm,max,balanced,cached_mxbai,1975,1782207959.2645671,,,
8770,0,svm,max,balanced,cached_mxbai,1976,1782207959.4653046,,,
4806,0,svm,max,balanced,cached_mxbai,1977,1782207959.6678326,,,
3233,0,svm,max,balanced,cached_mxbai,1978,1782207959.8693893,,,
1022,0,svm,max,balanced,cached_mxbai,1979,1782207960.0706196,,,
1594,0,svm,max,balanced,cached_mxbai,1980,1782207960.2740803,,,
4123,0,svm,max,balanced,cached_mxbai,1981,1782207960.4769037,,,
5562,0,svm,max,balanced,cached_mxbai,1982,1782207960.6801085,,,
3606,0,svm,max,balanced,cached_mxbai,1983,1782207960.8990958,,,
1093,0,svm,max,balanced,cached_mxbai,1984,1782207961.1003044,,,
1926,0,svm,max,balanced,cached_mxbai,1985,1782207961.3024411,,,
4269,0,svm,max,balanced,cached_mxbai,1986,1782207961.5047123,,,
8194,0,svm,max,balanced,cached_mxbai,1987,1782207961.7292168,,,
9321,0,svm,max,balanced,cached_mxbai,1988,1782207961.9327788,,,
9277,0,svm,max,balanced,cached_mxbai,1989,1782207962.1341112,,,
7312,0,svm,max,balanced,cached_mxbai,1990,1782207962.3555522,,,
8335,0,svm,max,balanced,cached_mxbai,1991,1782207962.5579858,,,
3346,0,svm,max,balanced,cached_mxbai,1992,1782207962.7834368,,,
1486,0,svm,max,balanced,cached_mxbai,1993,1782207962.985664,,,
4550,0,svm,max,balanced,cached_mxbai,1994,1782207963.20902,,,
6989,0,svm,max,balanced,cached_mxbai,1995,1782207963.410844,,,
10006,0,svm,max,balanced,cached_mxbai,1996,1782207963.6125247,,,
5255,0,svm,max,balanced,cached_mxbai,1997,1782207963.8096478,,,
6353,0,svm,max,balanced,cached_mxbai,1998,1782207964.0113077,,,
2373,0,svm,max,balanced,cached_mxbai,1999,1782207964.2148757,,,
1761,0,svm,max,balanced,cached_mxbai,2000,1782207964.417374,,,
3496,0,svm,max,balanced,cached_mxbai,2001,1782207964.6199374,,,
1006,0,svm,max,balanced,cached_mxbai,2002,1782207964.8207874,,,
5734,0,svm,max,balanced,cached_mxbai,2003,1782207965.0177767,,,
3264,0,svm,max,balanced,cached_mxbai,2004,1782207965.22517,,,
6462,0,svm,max,balanced,cached_mxbai,2005,1782207965.4485695,,,
6185,0,svm,max,balanced,cached_mxbai,2006,1782207965.6510472,,,
4186,0,svm,max,balanced,cached_mxbai,2007,1782207965.8559396,,,
8554,0,svm,max,balanced,cached_mxbai,2008,1782207966.0589342,,,
7374,0,svm,max,balanced,cached_mxbai,2009,1782207966.2669463,,,
6359,0,svm,max,balanced,cached_mxbai,2010,1782207966.4741342,,,
2040,0,svm,max,balanced,cached_mxbai,2011,1782207966.6777287,,,
4855,0,svm,max,balanced,cached_mxbai,2012,1782207966.8835874,,,
95,0,svm,max,balanced,cached_mxbai,2013,1782207967.0897896,,,
9473,0,svm,max,balanced,cached_mxbai,2014,1782207967.294312,,,
1546,0,svm,max,balanced,cached_mxbai,2015,1782207967.4979398,,,
9877,0,svm,max,balanced,cached_mxbai,2016,1782207967.7008755,,,
2892,0,svm,max,balanced,cached_mxbai,2017,1782207967.9048102,,,
4810,0,svm,max,balanced,cached_mxbai,2018,1782207968.1135936,,,
7099,0,svm,max,balanced,cached_mxbai,2019,1782207968.32006,,,
365,0,svm,max,balanced,cached_mxbai,2020,1782207968.5233347,,,
8761,0,svm,max,balanced,cached_mxbai,2021,1782207968.7294676,,,
5007,0,svm,max,balanced,cached_mxbai,2022,1782207968.9320633,,,
672,0,svm,max,balanced,cached_mxbai,2023,1782207969.1314712,,,
4857,0,svm,max,balanced,cached_mxbai,2024,1782207969.335485,,,
3683,0,svm,max,balanced,cached_mxbai,2025,1782207969.5371096,,,
3274,0,svm,max,balanced,cached_mxbai,2026,1782207969.739587,,,
9733,0,svm,max,balanced,cached_mxbai,2027,1782207969.939393,,,
38,0,svm,max,balanced,cached_mxbai,2028,1782207970.1409895,,,
6976,0,svm,max,balanced,cached_mxbai,2029,1782207970.3426824,,,
3700,0,svm,max,balanced,cached_mxbai,2030,1782207970.5473175,,,
4852,0,svm,max,balanced,cached_mxbai,2031,1782207970.7503743,,,
2184,0,svm,max,balanced,cached_mxbai,2032,1782207970.9524653,,,
4581,0,svm,max,balanced,cached_mxbai,2033,1782207971.1528976,,,
5971,0,svm,max,balanced,cached_mxbai,2034,1782207971.3563187,,,
3245,0,svm,max,balanced,cached_mxbai,2035,1782207971.559857,,,
8388,0,svm,max,balanced,cached_mxbai,2036,1782207971.7627006,,,
4731,0,svm,max,balanced,cached_mxbai,2037,1782207971.9650977,,,
7276,0,svm,max,balanced,cached_mxbai,2038,1782207972.1665947,,,
6424,0,svm,max,balanced,cached_mxbai,2039,1782207972.366743,,,
4525,0,svm,max,balanced,cached_mxbai,2040,1782207972.567817,,,
1896,0,svm,max,balanced,cached_mxbai,2041,1782207972.769186,,,
8504,0,svm,max,balanced,cached_mxbai,2042,1782207972.972332,,,
4082,0,svm,max,balanced,cached_mxbai,2043,1782207973.1761208,,,
9144,0,svm,max,balanced,cached_mxbai,2044,1782207973.3792975,,,
4929,0,svm,max,balanced,cached_mxbai,2045,1782207973.5902543,,,
5462,0,svm,max,balanced,cached_mxbai,2046,1782207973.7985525,,,
4183,0,svm,max,balanced,cached_mxbai,2047,1782207974.0064142,,,
6899,0,svm,max,balanced,cached_mxbai,2048,1782207974.2446518,,,
3867,0,svm,max,balanced,cached_mxbai,2049,1782207974.482402,,,
4329,0,svm,max,balanced,cached_mxbai,2050,1782207974.7207947,,,
5068,0,svm,max,balanced,cached_mxbai,2051,1782207974.959225,,,
4286,0,svm,max,balanced,cached_mxbai,2052,1782207975.2026267,,,
10403,0,svm,max,balanced,cached_mxbai,2053,1782207975.4704766,,,
6286,0,svm,max,balanced,cached_mxbai,2054,1782207975.71175,,,
3054,0,svm,max,balanced,cached_mxbai,2055,1782207975.9527698,,,
8322,0,svm,max,balanced,cached_mxbai,2056,1782207976.1929214,,,
4407,0,svm,max,balanced,cached_mxbai,2057,1782207976.4408617,,,
8583,0,svm,max,balanced,cached_mxbai,2058,1782207976.6803374,,,
7061,0,svm,max,balanced,cached_mxbai,2059,1782207976.9247992,,,
4596,0,svm,max,balanced,cached_mxbai,2060,1782207977.1648014,,,
8111,0,svm,max,balanced,cached_mxbai,2061,1782207977.4058468,,,
826,0,svm,max,balanced,cached_mxbai,2062,1782207977.6438794,,,
3419,0,svm,max,balanced,cached_mxbai,2063,1782207977.8826287,,,
3232,0,svm,max,balanced,cached_mxbai,2064,1782207978.1223366,,,
3210,0,svm,max,balanced,cached_mxbai,2065,1782207978.3603148,,,
4755,0,svm,max,balanced,cached_mxbai,2066,1782207978.6005023,,,
8082,0,svm,max,balanced,cached_mxbai,2067,1782207978.8459535,,,
3497,0,svm,max,balanced,cached_mxbai,2068,1782207979.088285,,,
5104,0,svm,max,balanced,cached_mxbai,2069,1782207979.3265557,,,
7446,0,svm,max,balanced,cached_mxbai,2070,1782207979.5701158,,,
64,0,svm,max,balanced,cached_mxbai,2071,1782207979.811701,,,
8283,0,svm,max,balanced,cached_mxbai,2072,1782207980.050013,,,
1073,0,svm,max,balanced,cached_mxbai,2073,1782207980.2891843,,,
5114,0,svm,max,balanced,cached_mxbai,2074,1782207980.5284467,,,
4730,0,svm,max,balanced,cached_mxbai,2075,1782207980.768942,,,
3622,0,svm,max,balanced,cached_mxbai,2076,1782207981.0129182,,,
1914,0,svm,max,balanced,cached_mxbai,2077,1782207981.2565248,,,
5005,0,svm,max,balanced,cached_mxbai,2078,1782207981.4978306,,,
417,0,svm,max,balanced,cached_mxbai,2079,1782207981.7405026,,,
5463,0,svm,max,balanced,cached_mxbai,2080,1782207981.9778762,,,
2121,0,svm,max,balanced,cached_mxbai,2081,1782207982.219403,,,
3213,0,svm,max,balanced,cached_mxbai,2082,1782207982.4602783,,,
3403,0,svm,max,balanced,cached_mxbai,2083,1782207982.7015061,,,
3993,0,svm,max,balanced,cached_mxbai,2084,1782207982.9455533,,,
9611,0,svm,max,balanced,cached_mxbai,2085,1782207983.1863065,,,
5295,0,svm,max,balanced,cached_mxbai,2086,1782207983.4291556,,,
5466,0,svm,max,balanced,cached_mxbai,2087,1782207983.6781902,,,
6765,0,svm,max,balanced,cached_mxbai,2088,1782207983.9228485,,,
9472,0,svm,max,balanced,cached_mxbai,2089,1782207984.1720433,,,
7304,0,svm,max,balanced,cached_mxbai,2090,1782207984.4173305,,,
121,0,svm,max,balanced,cached_mxbai,2091,1782207984.6588764,,,
7130,0,svm,max,balanced,cached_mxbai,2092,1782207984.9036074,,,
7951,0,svm,max,balanced,cached_mxbai,2093,1782207985.1604395,,,
919,0,svm,max,balanced,cached_mxbai,2094,1782207985.4243102,,,
9741,0,svm,max,balanced,cached_mxbai,2095,1782207985.6680057,,,
4348,0,svm,max,balanced,cached_mxbai,2096,1782207985.9131646,,,
5003,0,svm,max,balanced,cached_mxbai,2097,1782207986.1571553,,,
1351,0,svm,max,balanced,cached_mxbai,2098,1782207986.4002147,,,
2948,0,svm,max,balanced,cached_mxbai,2099,1782207986.6445827,,,
10491,0,svm,max,balanced,cached_mxbai,2100,1782207986.8868644,,,
8370,0,svm,max,balanced,cached_mxbai,2101,1782207987.1281226,,,
4444,0,svm,max,balanced,cached_mxbai,2102,1782207987.3771737,,,
8462,0,svm,max,balanced,cached_mxbai,2103,1782207987.621102,,,
3764,0,svm,max,balanced,cached_mxbai,2104,1782207987.868478,,,
4276,0,svm,max,balanced,cached_mxbai,2105,1782207988.115005,,,
1490,0,svm,max,balanced,cached_mxbai,2106,1782207988.3594017,,,
4282,0,svm,max,balanced,cached_mxbai,2107,1782207988.6114962,,,
4022,0,svm,max,balanced,cached_mxbai,2108,1782207988.8738165,,,
4876,0,svm,max,balanced,cached_mxbai,2109,1782207989.1185412,,,
8263,0,svm,max,balanced,cached_mxbai,2110,1782207989.3637857,,,
6546,0,svm,max,balanced,cached_mxbai,2111,1782207989.6075625,,,
3062,0,svm,max,balanced,cached_mxbai,2112,1782207989.8549514,,,
2702,0,svm,max,balanced,cached_mxbai,2113,1782207990.1002223,,,
9559,0,svm,max,balanced,cached_mxbai,2114,1782207990.3427808,,,
4747,0,svm,max,balanced,cached_mxbai,2115,1782207990.5861046,,,
3604,0,svm,max,balanced,cached_mxbai,2116,1782207990.8292592,,,
4242,0,svm,max,balanced,cached_mxbai,2117,1782207991.073242,,,
5044,0,svm,max,balanced,cached_mxbai,2118,1782207991.3203547,,,
7733,0,svm,max,balanced,cached_mxbai,2119,1782207991.5650315,,,
244,0,svm,max,balanced,cached_mxbai,2120,1782207991.8141212,,,
4251,0,svm,max,balanced,cached_mxbai,2121,1782207992.0634,,,
9089,0,svm,max,balanced,cached_mxbai,2122,1782207992.308019,,,
1604,0,svm,max,balanced,cached_mxbai,2123,1782207992.5546472,,,
3637,0,svm,max,balanced,cached_mxbai,2124,1782207992.8015764,,,
4861,0,svm,max,balanced,cached_mxbai,2125,1782207993.0508497,,,
4132,0,svm,max,balanced,cached_mxbai,2126,1782207993.295928,,,
5203,0,svm,max,balanced,cached_mxbai,2127,1782207993.542873,,,
5549,0,svm,max,balanced,cached_mxbai,2128,1782207993.7896857,,,
3704,0,svm,max,balanced,cached_mxbai,2129,1782207994.0386617,,,
4370,0,svm,max,balanced,cached_mxbai,2130,1782207994.2840028,,,
2690,0,svm,max,balanced,cached_mxbai,2131,1782207994.529362,,,
5048,0,svm,max,balanced,cached_mxbai,2132,1782207994.7750645,,,
6105,0,svm,max,balanced,cached_mxbai,2133,1782207995.027535,,,
5163,0,svm,max,balanced,cached_mxbai,2134,1782207995.2896512,,,
2544,0,svm,max,balanced,cached_mxbai,2135,1782207995.541462,,,
2421,0,svm,max,balanced,cached_mxbai,2136,1782207995.7868357,,,
10210,0,svm,max,balanced,cached_mxbai,2137,1782207996.0378273,,,
8833,0,svm,max,balanced,cached_mxbai,2138,1782207996.2855136,,,
1178,0,svm,max,balanced,cached_mxbai,2139,1782207996.533673,,,
9856,0,svm,max,balanced,cached_mxbai,2140,1782207996.7798836,,,
6310,0,svm,max,balanced,cached_mxbai,2141,1782207997.0279408,,,
8488,0,svm,max,balanced,cached_mxbai,2142,1782207997.2988079,,,
5140,0,svm,max,balanced,cached_mxbai,2143,1782207997.5673733,,,
7495,0,svm,max,balanced,cached_mxbai,2144,1782207997.8159194,,,
4335,0,svm,max,balanced,cached_mxbai,2145,1782207998.0648737,,,
4462,0,svm,max,balanced,cached_mxbai,2146,1782207998.3351877,,,
951,0,svm,max,balanced,cached_mxbai,2147,1782207998.5842035,,,
8555,0,svm,max,balanced,cached_mxbai,2148,1782207998.840133,,,
10119,0,svm,max,balanced,cached_mxbai,2149,1782207999.0904737,,,
4917,0,svm,max,balanced,cached_mxbai,2150,1782207999.3417342,,,
3710,0,svm,max,balanced,cached_mxbai,2151,1782207999.5920453,,,
669,0,svm,max,balanced,cached_mxbai,2152,1782207999.8445833,,,
7186,0,svm,max,balanced,cached_mxbai,2153,1782208000.0973248,,,
7917,0,svm,max,balanced,cached_mxbai,2154,1782208000.3449392,,,
10349,1,svm,max,balanced,cached_mxbai,2155,1782208000.5955818,,,
3715,0,svm,max,balanced,cached_mxbai,2156,1782208000.8525124,,,
5685,0,svm,max,balanced,cached_mxbai,2157,1782208001.1114578,,,
5444,0,svm,max,balanced,cached_mxbai,2158,1782208001.3695614,,,
5851,0,svm,max,balanced,cached_mxbai,2159,1782208001.627394,,,
177,0,svm,max,balanced,cached_mxbai,2160,1782208001.88791,,,
3717,0,svm,max,balanced,cached_mxbai,2161,1782208002.1505597,,,
9789,0,svm,max,balanced,cached_mxbai,2162,1782208002.4059403,,,
7716,0,svm,max,balanced,cached_mxbai,2163,1782208002.662666,,,
4909,0,svm,max,balanced,cached_mxbai,2164,1782208002.9187446,,,
9899,0,svm,max,balanced,cached_mxbai,2165,1782208003.1793091,,,
5190,0,svm,max,balanced,cached_mxbai,2166,1782208003.4333744,,,
1253,0,svm,max,balanced,cached_mxbai,2167,1782208003.689495,,,
8920,0,svm,max,balanced,cached_mxbai,2168,1782208003.9466329,,,
5793,0,svm,max,balanced,cached_mxbai,2169,1782208004.2066617,,,
6230,0,svm,max,balanced,cached_mxbai,2170,1782208004.4613428,,,
3514,0,svm,max,balanced,cached_mxbai,2171,1782208004.7212656,,,
10325,0,svm,max,balanced,cached_mxbai,2172,1782208004.9855592,,,
3816,0,svm,max,balanced,cached_mxbai,2173,1782208005.2555873,,,
3825,0,svm,max,balanced,cached_mxbai,2174,1782208005.5189133,,,
169,0,svm,max,balanced,cached_mxbai,2175,1782208005.7769654,,,
4825,0,svm,max,balanced,cached_mxbai,2176,1782208006.0701637,,,
6063,0,svm,max,balanced,cached_mxbai,2177,1782208006.3577824,,,
8031,0,svm,max,balanced,cached_mxbai,2178,1782208006.6459143,,,
3665,0,svm,max,balanced,cached_mxbai,2179,1782208006.9102826,,,
8680,0,svm,max,balanced,cached_mxbai,2180,1782208007.1666918,,,
3855,0,svm,max,balanced,cached_mxbai,2181,1782208007.4223049,,,
5033,0,svm,max,balanced,cached_mxbai,2182,1782208007.6783483,,,
4903,0,svm,max,balanced,cached_mxbai,2183,1782208007.9359024,,,
1200,0,svm,max,balanced,cached_mxbai,2184,1782208008.192085,,,
9788,0,svm,max,balanced,cached_mxbai,2185,1782208008.450525,,,
3156,0,svm,max,balanced,cached_mxbai,2186,1782208008.708875,,,
3745,0,svm,max,balanced,cached_mxbai,2187,1782208008.9710424,,,
7230,0,svm,max,balanced,cached_mxbai,2188,1782208009.2292466,,,
4935,0,svm,max,balanced,cached_mxbai,2189,1782208009.4949012,,,
288,0,svm,max,balanced,cached_mxbai,2190,1782208009.7613754,,,
3865,0,svm,max,balanced,cached_mxbai,2191,1782208010.0319083,,,
8657,0,svm,max,balanced,cached_mxbai,2192,1782208010.293694,,,
3881,0,svm,max,balanced,cached_mxbai,2193,1782208010.5561373,,,
1108,0,svm,max,balanced,cached_mxbai,2194,1782208010.8211057,,,
9659,0,svm,max,balanced,cached_mxbai,2195,1782208011.084927,,,
7074,0,svm,max,balanced,cached_mxbai,2196,1782208011.3458836,,,
7164,0,svm,max,balanced,cached_mxbai,2197,1782208011.607711,,,
5126,0,svm,max,balanced,cached_mxbai,2198,1782208011.8703792,,,
7931,0,svm,max,balanced,cached_mxbai,2199,1782208012.134215,,,
3794,0,svm,max,balanced,cached_mxbai,2200,1782208012.39329,,,
10064,0,svm,max,balanced,cached_mxbai,2201,1782208012.652647,,,
4366,0,svm,max,balanced,cached_mxbai,2202,1782208012.91349,,,
1934,0,svm,max,balanced,cached_mxbai,2203,1782208013.1760375,,,
464,0,svm,max,balanced,cached_mxbai,2204,1782208013.4377694,,,
4621,0,svm,max,balanced,cached_mxbai,2205,1782208013.699719,,,
170,0,svm,max,balanced,cached_mxbai,2206,1782208013.961794,,,
2461,0,svm,max,balanced,cached_mxbai,2207,1782208014.2239256,,,
6988,0,svm,max,balanced,cached_mxbai,2208,1782208014.4845653,,,
9195,0,svm,max,balanced,cached_mxbai,2209,1782208014.7441258,,,
4880,0,svm,max,balanced,cached_mxbai,2210,1782208015.0069733,,,
3703,0,svm,max,balanced,cached_mxbai,2211,1782208015.280714,,,
10066,0,svm,max,balanced,cached_mxbai,2212,1782208015.543337,,,
5747,0,svm,max,balanced,cached_mxbai,2213,1782208015.8029752,,,
9206,0,svm,max,balanced,cached_mxbai,2214,1782208016.0658329,,,
653,0,svm,max,balanced,cached_mxbai,2215,1782208016.325463,,,
3856,0,svm,max,balanced,cached_mxbai,2216,1782208016.5896785,,,
7773,0,svm,max,balanced,cached_mxbai,2217,1782208016.8541281,,,
4844,0,svm,max,balanced,cached_mxbai,2218,1782208017.1295402,,,
10534,0,svm,max,balanced,cached_mxbai,2219,1782208017.3909621,,,
4324,0,svm,max,balanced,cached_mxbai,2220,1782208017.651998,,,
6654,0,svm,max,balanced,cached_mxbai,2221,1782208017.911367,,,
4156,0,svm,max,balanced,cached_mxbai,2222,1782208018.1730983,,,
6240,0,svm,max,balanced,cached_mxbai,2223,1782208018.4325087,,,
5166,0,svm,max,balanced,cached_mxbai,2224,1782208018.6965466,,,
8436,0,svm,max,balanced,cached_mxbai,2225,1782208018.9576404,,,
8073,0,svm,max,balanced,cached_mxbai,2226,1782208019.2192438,,,
4332,0,svm,max,balanced,cached_mxbai,2227,1782208019.482808,,,
8831,0,svm,max,balanced,cached_mxbai,2228,1782208019.745547,,,
4,0,svm,max,balanced,cached_mxbai,2229,1782208020.0064886,,,
7552,0,svm,max,balanced,cached_mxbai,2230,1782208020.2656083,,,
1060,0,svm,max,balanced,cached_mxbai,2231,1782208020.5220191,,,
8627,0,svm,max,balanced,cached_mxbai,2232,1782208020.782976,,,
3712,0,svm,max,balanced,cached_mxbai,2233,1782208021.0426626,,,
4796,0,svm,max,balanced,cached_mxbai,2234,1782208021.3018181,,,
3220,0,svm,max,balanced,cached_mxbai,2235,1782208021.569745,,,
4979,0,svm,max,balanced,cached_mxbai,2236,1782208021.8365037,,,
915,0,svm,max,balanced,cached_mxbai,2237,1782208022.1036208,,,
9622,0,svm,max,balanced,cached_mxbai,2238,1782208022.3692515,,,
254,0,svm,max,balanced,cached_mxbai,2239,1782208022.6399753,,,
8476,0,svm,max,balanced,cached_mxbai,2240,1782208022.9196055,,,
5097,0,svm,max,balanced,cached_mxbai,2241,1782208023.1898227,,,
4795,0,svm,max,balanced,cached_mxbai,2242,1782208023.4542885,,,
7041,0,svm,max,balanced,cached_mxbai,2243,1782208023.720983,,,
3456,0,svm,max,balanced,cached_mxbai,2244,1782208023.9850938,,,
3980,0,svm,max,balanced,cached_mxbai,2245,1782208024.252825,,,
3215,0,svm,max,balanced,cached_mxbai,2246,1782208024.5162787,,,
8832,1,svm,max,balanced,cached_mxbai,2247,1782208024.7817392,,,
7776,0,svm,max,balanced,cached_mxbai,2248,1782208025.049632,,,
7258,0,svm,max,balanced,cached_mxbai,2249,1782208025.336197,,,
222,0,svm,max,balanced,cached_mxbai,2250,1782208025.6022885,,,
9292,0,svm,max,balanced,cached_mxbai,2251,1782208025.868397,,,
3108,0,svm,max,balanced,cached_mxbai,2252,1782208026.1432004,,,
4212,0,svm,max,balanced,cached_mxbai,2253,1782208026.4081495,,,
8190,0,svm,max,balanced,cached_mxbai,2254,1782208026.6899993,,,
4585,0,svm,max,balanced,cached_mxbai,2255,1782208026.9607146,,,
3673,0,svm,max,balanced,cached_mxbai,2256,1782208027.232182,,,
267,0,svm,max,balanced,cached_mxbai,2257,1782208027.4963057,,,
10281,0,svm,max,balanced,cached_mxbai,2258,1782208027.759943,,,
6276,0,svm,max,balanced,cached_mxbai,2259,1782208028.0242178,,,
1606,0,svm,max,balanced,cached_mxbai,2260,1782208028.2877235,,,
3430,0,svm,max,balanced,cached_mxbai,2261,1782208028.5471988,,,
1446,0,svm,max,balanced,cached_mxbai,2262,1782208028.814648,,,
4775,0,svm,max,balanced,cached_mxbai,2263,1782208029.078446,,,
7127,0,svm,max,balanced,cached_mxbai,2264,1782208029.3414445,,,
3842,0,svm,max,balanced,cached_mxbai,2265,1782208029.6037102,,,
4877,0,svm,max,balanced,cached_mxbai,2266,1782208029.8668466,,,
6170,0,svm,max,balanced,cached_mxbai,2267,1782208030.130263,,,
9011,0,svm,max,balanced,cached_mxbai,2268,1782208030.392323,,,
1465,0,svm,max,balanced,cached_mxbai,2269,1782208030.660265,,,
3551,0,svm,max,balanced,cached_mxbai,2270,1782208030.924458,,,
8816,0,svm,max,balanced,cached_mxbai,2271,1782208031.1880884,,,
10432,0,svm,max,balanced,cached_mxbai,2272,1782208031.451225,,,
4604,0,svm,max,balanced,cached_mxbai,2273,1782208031.7134106,,,
9602,0,svm,max,balanced,cached_mxbai,2274,1782208031.9755611,,,
2557,0,svm,max,balanced,cached_mxbai,2275,1782208032.240661,,,
7101,0,svm,max,balanced,cached_mxbai,2276,1782208032.5010796,,,
1429,0,svm,max,balanced,cached_mxbai,2277,1782208032.7649024,,,
1500,0,svm,max,balanced,cached_mxbai,2278,1782208033.0268884,,,
7048,0,svm,max,balanced,cached_mxbai,2279,1782208033.2925866,,,
665,0,svm,max,balanced,cached_mxbai,2280,1782208033.5560966,,,
3947,0,svm,max,balanced,cached_mxbai,2281,1782208033.8239489,,,
5354,0,svm,max,balanced,cached_mxbai,2282,1782208034.0970087,,,
2,0,svm,max,balanced,cached_mxbai,2283,1782208034.3649952,,,
448,0,svm,max,balanced,cached_mxbai,2284,1782208034.625729,,,
3887,0,svm,max,balanced,cached_mxbai,2285,1782208034.8880205,,,
862,0,svm,max,balanced,cached_mxbai,2286,1782208035.1628137,,,
6531,0,svm,max,balanced,cached_mxbai,2287,1782208035.4562974,,,
9188,0,svm,max,balanced,cached_mxbai,2288,1782208035.734243,,,
45,0,svm,max,balanced,cached_mxbai,2289,1782208035.9995942,,,
1739,0,svm,max,balanced,cached_mxbai,2290,1782208036.2668254,,,
7324,0,svm,max,balanced,cached_mxbai,2291,1782208036.5334773,,,
4774,0,svm,max,balanced,cached_mxbai,2292,1782208036.8069775,,,
4287,0,svm,max,balanced,cached_mxbai,2293,1782208037.0785038,,,
8265,0,svm,max,balanced,cached_mxbai,2294,1782208037.346491,,,
3272,0,svm,max,balanced,cached_mxbai,2295,1782208037.6095397,,,
5037,0,svm,max,balanced,cached_mxbai,2296,1782208037.8804195,,,
5991,0,svm,max,balanced,cached_mxbai,2297,1782208038.154248,,,
3626,0,svm,max,balanced,cached_mxbai,2298,1782208038.4241505,,,
4129,0,svm,max,balanced,cached_mxbai,2299,1782208038.6980333,,,
4931,0,svm,max,balanced,cached_mxbai,2300,1782208038.966841,,,
1671,0,svm,max,balanced,cached_mxbai,2301,1782208039.2411952,,,
10386,0,svm,max,balanced,cached_mxbai,2302,1782208039.513671,,,
8220,0,svm,max,balanced,cached_mxbai,2303,1782208039.7884324,,,
109,0,svm,max,balanced,cached_mxbai,2304,1782208040.0596821,,,
4545,0,svm,max,balanced,cached_mxbai,2305,1782208040.3338788,,,
5712,0,svm,max,balanced,cached_mxbai,2306,1782208040.6019127,,,
5595,0,svm,max,balanced,cached_mxbai,2307,1782208040.882561,,,
6706,0,svm,max,balanced,cached_mxbai,2308,1782208041.1637664,,,
6425,0,svm,max,balanced,cached_mxbai,2309,1782208041.4453743,,,
4814,0,svm,max,balanced,cached_mxbai,2310,1782208041.726009,,,
7507,0,svm,max,balanced,cached_mxbai,2311,1782208042.000737,,,
10192,0,svm,max,balanced,cached_mxbai,2312,1782208042.2772365,,,
3949,0,svm,max,balanced,cached_mxbai,2313,1782208042.551373,,,
5041,0,svm,max,balanced,cached_mxbai,2314,1782208042.825881,,,
5164,0,svm,max,balanced,cached_mxbai,2315,1782208043.102944,,,
4327,0,svm,max,balanced,cached_mxbai,2316,1782208043.3831716,,,
5935,0,svm,max,balanced,cached_mxbai,2317,1782208043.6597946,,,
191,0,svm,max,balanced,cached_mxbai,2318,1782208043.937298,,,
10129,0,svm,max,balanced,cached_mxbai,2319,1782208044.2160552,,,
4610,0,svm,max,balanced,cached_mxbai,2320,1782208044.4935172,,,
747,0,svm,max,balanced,cached_mxbai,2321,1782208044.7686675,,,
3663,0,svm,max,balanced,cached_mxbai,2322,1782208045.0524886,,,
1306,0,svm,max,balanced,cached_mxbai,2323,1782208045.3446043,,,
752,0,svm,max,balanced,cached_mxbai,2324,1782208045.621584,,,
8737,0,svm,max,balanced,cached_mxbai,2325,1782208045.8952878,,,
4584,0,svm,max,balanced,cached_mxbai,2326,1782208046.1723127,,,
7560,0,svm,max,balanced,cached_mxbai,2327,1782208046.4479082,,,
5228,0,svm,max,balanced,cached_mxbai,2328,1782208046.7246902,,,
4866,0,svm,max,balanced,cached_mxbai,2329,1782208047.0022562,,,
5157,0,svm,max,balanced,cached_mxbai,2330,1782208047.2818606,,,
5142,0,svm,max,balanced,cached_mxbai,2331,1782208047.5599937,,,
3,0,svm,max,balanced,cached_mxbai,2332,1782208047.838802,,,
4671,0,svm,max,balanced,cached_mxbai,2333,1782208048.1258762,,,
33,0,svm,max,balanced,cached_mxbai,2334,1782208048.4028418,,,
4314,0,svm,max,balanced,cached_mxbai,2335,1782208048.6807494,,,
3528,0,svm,max,balanced,cached_mxbai,2336,1782208048.9614146,,,
3662,0,svm,max,balanced,cached_mxbai,2337,1782208049.2413297,,,
2436,0,svm,max,balanced,cached_mxbai,2338,1782208049.5205998,,,
5122,0,svm,max,balanced,cached_mxbai,2339,1782208049.7986443,,,
3734,0,svm,max,balanced,cached_mxbai,2340,1782208050.0772078,,,
4983,0,svm,max,balanced,cached_mxbai,2341,1782208050.3552368,,,
3698,0,svm,max,balanced,cached_mxbai,2342,1782208050.6355848,,,
4094,0,svm,max,balanced,cached_mxbai,2343,1782208050.9141057,,,
6925,0,svm,max,balanced,cached_mxbai,2344,1782208051.1905763,,,
1315,0,svm,max,balanced,cached_mxbai,2345,1782208051.4686713,,,
5026,0,svm,max,balanced,cached_mxbai,2346,1782208051.746566,,,
4007,0,svm,max,balanced,cached_mxbai,2347,1782208052.0241451,,,
6385,0,svm,max,balanced,cached_mxbai,2348,1782208052.3085444,,,
5224,0,svm,max,balanced,cached_mxbai,2349,1782208052.5871112,,,
9688,0,svm,max,balanced,cached_mxbai,2350,1782208052.8648627,,,
7609,0,svm,max,balanced,cached_mxbai,2351,1782208053.1402905,,,
3367,0,svm,max,balanced,cached_mxbai,2352,1782208053.4116032,,,
10360,0,svm,max,balanced,cached_mxbai,2353,1782208053.685921,,,
1809,0,svm,max,balanced,cached_mxbai,2354,1782208053.9593966,,,
703,0,svm,max,balanced,cached_mxbai,2355,1782208054.2425969,,,
4949,0,svm,max,balanced,cached_mxbai,2356,1782208054.517282,,,
5094,0,svm,max,balanced,cached_mxbai,2357,1782208054.7931952,,,
3607,0,svm,max,balanced,cached_mxbai,2358,1782208055.0703826,,,
3951,0,svm,max,balanced,cached_mxbai,2359,1782208055.3637793,,,
9530,0,svm,max,balanced,cached_mxbai,2360,1782208055.636828,,,
9341,0,svm,max,balanced,cached_mxbai,2361,1782208055.911741,,,
4769,0,svm,max,balanced,cached_mxbai,2362,1782208056.1932204,,,
4266,0,svm,max,balanced,cached_mxbai,2363,1782208056.4676898,,,
7349,0,svm,max,balanced,cached_mxbai,2364,1782208056.7428298,,,
3351,0,svm,max,balanced,cached_mxbai,2365,1782208057.0181239,,,
4184,0,svm,max,balanced,cached_mxbai,2366,1782208057.296993,,,
723,0,svm,max,balanced,cached_mxbai,2367,1782208057.5764837,,,
7059,0,svm,max,balanced,cached_mxbai,2368,1782208057.853731,,,
7709,0,svm,max,balanced,cached_mxbai,2369,1782208058.1309376,,,
2673,0,svm,max,balanced,cached_mxbai,2370,1782208058.407263,,,
5135,0,svm,max,balanced,cached_mxbai,2371,1782208058.6850362,,,
2346,0,svm,max,balanced,cached_mxbai,2372,1782208058.9653506,,,
8144,0,svm,max,balanced,cached_mxbai,2373,1782208059.2479177,,,
4694,0,svm,max,balanced,cached_mxbai,2374,1782208059.5258672,,,
10402,0,svm,max,balanced,cached_mxbai,2375,1782208059.80446,,,
10497,0,svm,max,balanced,cached_mxbai,2376,1782208060.0894136,,,
5117,0,svm,max,balanced,cached_mxbai,2377,1782208060.369202,,,
7805,0,svm,max,balanced,cached_mxbai,2378,1782208060.6516376,,,
6555,0,svm,max,balanced,cached_mxbai,2379,1782208060.9291594,,,
4972,0,svm,max,balanced,cached_mxbai,2380,1782208061.2071278,,,
6426,0,svm,max,balanced,cached_mxbai,2381,1782208061.4835546,,,
8642,0,svm,max,balanced,cached_mxbai,2382,1782208061.761441,,,
2769,0,svm,max,balanced,cached_mxbai,2383,1782208062.0394337,,,
5015,0,svm,max,balanced,cached_mxbai,2384,1782208062.3190458,,,
1590,0,svm,max,balanced,cached_mxbai,2385,1782208062.5957472,,,
10096,0,svm,max,balanced,cached_mxbai,2386,1782208062.8755648,,,
7570,0,svm,max,balanced,cached_mxbai,2387,1782208063.1539524,,,
5459,0,svm,max,balanced,cached_mxbai,2388,1782208063.4334297,,,
4206,0,svm,max,balanced,cached_mxbai,2389,1782208063.7118583,,,
4726,0,svm,max,balanced,cached_mxbai,2390,1782208063.9900377,,,
115,0,svm,max,balanced,cached_mxbai,2391,1782208064.2671695,,,
10536,0,svm,max,balanced,cached_mxbai,2392,1782208064.5443525,,,
3581,0,svm,max,balanced,cached_mxbai,2393,1782208064.8267775,,,
5539,0,svm,max,balanced,cached_mxbai,2394,1782208065.113619,,,
8033,0,svm,max,balanced,cached_mxbai,2395,1782208065.4133954,,,
4395,0,svm,max,balanced,cached_mxbai,2396,1782208065.6943207,,,
3913,0,svm,max,balanced,cached_mxbai,2397,1782208065.9718492,,,
4614,0,svm,max,balanced,cached_mxbai,2398,1782208066.2488303,,,
394,0,svm,max,balanced,cached_mxbai,2399,1782208066.5236075,,,
9106,0,svm,max,balanced,cached_mxbai,2400,1782208066.799887,,,
8871,0,svm,max,balanced,cached_mxbai,2401,1782208067.0758886,,,
5248,0,svm,max,balanced,cached_mxbai,2402,1782208067.3504713,,,
3674,0,svm,max,balanced,cached_mxbai,2403,1782208067.6281967,,,
6896,0,svm,max,balanced,cached_mxbai,2404,1782208067.9032478,,,
1226,0,svm,max,balanced,cached_mxbai,2405,1782208068.1845078,,,
4428,0,svm,max,balanced,cached_mxbai,2406,1782208068.4648402,,,
4518,0,svm,max,balanced,cached_mxbai,2407,1782208068.7457027,,,
8309,0,svm,max,balanced,cached_mxbai,2408,1782208069.0315204,,,
7766,0,svm,max,balanced,cached_mxbai,2409,1782208069.3151693,,,
3163,0,svm,max,balanced,cached_mxbai,2410,1782208069.5984235,,,
388,0,svm,max,balanced,cached_mxbai,2411,1782208069.879858,,,
3406,0,svm,max,balanced,cached_mxbai,2412,1782208070.1697326,,,
4859,0,svm,max,balanced,cached_mxbai,2413,1782208070.4580753,,,
4300,0,svm,max,balanced,cached_mxbai,2414,1782208070.7468302,,,
10002,0,svm,max,balanced,cached_mxbai,2415,1782208071.0372503,,,
9505,0,svm,max,balanced,cached_mxbai,2416,1782208071.3260496,,,
1197,0,svm,max,balanced,cached_mxbai,2417,1782208071.6135178,,,
5864,0,svm,max,balanced,cached_mxbai,2418,1782208071.9044256,,,
561,0,svm,max,balanced,cached_mxbai,2419,1782208072.1938658,,,
4288,0,svm,max,balanced,cached_mxbai,2420,1782208072.4773688,,,
6835,0,svm,max,balanced,cached_mxbai,2421,1782208072.7566311,,,
3642,0,svm,max,balanced,cached_mxbai,2422,1782208073.0411043,,,
5124,0,svm,max,balanced,cached_mxbai,2423,1782208073.3279905,,,
6759,0,svm,max,balanced,cached_mxbai,2424,1782208073.612688,,,
10445,0,svm,max,balanced,cached_mxbai,2425,1782208073.9019184,,,
5428,0,svm,max,balanced,cached_mxbai,2426,1782208074.1923707,,,
3730,0,svm,max,balanced,cached_mxbai,2427,1782208074.4776185,,,
8732,0,svm,max,balanced,cached_mxbai,2428,1782208074.7619588,,,
5121,0,svm,max,balanced,cached_mxbai,2429,1782208075.0508661,,,
4028,0,svm,max,balanced,cached_mxbai,2430,1782208075.357834,,,
513,0,svm,max,balanced,cached_mxbai,2431,1782208075.6448689,,,
5433,0,svm,max,balanced,cached_mxbai,2432,1782208075.9312024,,,
7307,0,svm,max,balanced,cached_mxbai,2433,1782208076.219481,,,
2868,0,svm,max,balanced,cached_mxbai,2434,1782208076.504508,,,
1107,0,svm,max,balanced,cached_mxbai,2435,1782208076.7905068,,,
73,0,svm,max,balanced,cached_mxbai,2436,1782208077.1177847,,,
4651,0,svm,max,balanced,cached_mxbai,2437,1782208077.4405699,,,
5392,0,svm,max,balanced,cached_mxbai,2438,1782208077.7581768,,,
3405,0,svm,max,balanced,cached_mxbai,2439,1782208078.0767791,,,
4052,0,svm,max,balanced,cached_mxbai,2440,1782208078.397979,,,
4945,0,svm,max,balanced,cached_mxbai,2441,1782208078.7220516,,,
1323,0,svm,max,balanced,cached_mxbai,2442,1782208079.0420258,,,
4898,0,svm,max,balanced,cached_mxbai,2443,1782208079.3592205,,,
4115,0,svm,max,balanced,cached_mxbai,2444,1782208079.6765602,,,
10125,0,svm,max,balanced,cached_mxbai,2445,1782208079.9987452,,,
5057,0,svm,max,balanced,cached_mxbai,2446,1782208080.3210833,,,
6473,0,svm,max,balanced,cached_mxbai,2447,1782208080.6406105,,,
7715,0,svm,max,balanced,cached_mxbai,2448,1782208080.96632,,,
1183,0,svm,max,balanced,cached_mxbai,2449,1782208081.2904613,,,
8060,0,svm,max,balanced,cached_mxbai,2450,1782208081.6166198,,,
3560,0,svm,max,balanced,cached_mxbai,2451,1782208081.9391472,,,
9335,0,svm,max,balanced,cached_mxbai,2452,1782208082.2647636,,,
8950,0,svm,max,balanced,cached_mxbai,2453,1782208082.5877593,,,
4878,0,svm,max,balanced,cached_mxbai,2454,1782208082.913619,,,
3937,0,svm,max,balanced,cached_mxbai,2455,1782208083.2375937,,,
4238,0,svm,max,balanced,cached_mxbai,2456,1782208083.557045,,,
10080,0,svm,max,balanced,cached_mxbai,2457,1782208083.8787973,,,
4925,0,svm,max,balanced,cached_mxbai,2458,1782208084.20404,,,
4997,0,svm,max,balanced,cached_mxbai,2459,1782208084.526624,,,
9046,0,svm,max,balanced,cached_mxbai,2460,1782208084.8467662,,,
3467,0,svm,max,balanced,cached_mxbai,2461,1782208085.1705108,,,
3585,0,svm,max,balanced,cached_mxbai,2462,1782208085.5278163,,,
4924,0,svm,max,balanced,cached_mxbai,2463,1782208085.8508708,,,
2439,0,svm,max,balanced,cached_mxbai,2464,1782208086.171849,,,
10464,0,svm,max,balanced,cached_mxbai,2465,1782208086.4926565,,,
905,0,svm,max,balanced,cached_mxbai,2466,1782208086.8160658,,,
4672,0,svm,max,balanced,cached_mxbai,2467,1782208087.1367946,,,
1930,0,svm,max,balanced,cached_mxbai,2468,1782208087.4592235,,,
1058,0,svm,max,balanced,cached_mxbai,2469,1782208087.7781355,,,
6178,0,svm,max,balanced,cached_mxbai,2470,1782208088.10338,,,
5787,0,svm,max,balanced,cached_mxbai,2471,1782208088.4256063,,,
1400,0,svm,max,balanced,cached_mxbai,2472,1782208088.7509773,,,
3542,0,svm,max,balanced,cached_mxbai,2473,1782208089.07394,,,
4696,0,svm,max,balanced,cached_mxbai,2474,1782208089.3961012,,,
6433,0,svm,max,balanced,cached_mxbai,2475,1782208089.7153807,,,
4218,0,svm,max,balanced,cached_mxbai,2476,1782208090.0363958,,,
8005,0,svm,max,balanced,cached_mxbai,2477,1782208090.3616598,,,
8891,0,svm,max,balanced,cached_mxbai,2478,1782208090.683219,,,
3503,0,svm,max,balanced,cached_mxbai,2479,1782208091.0090497,,,
868,0,svm,max,balanced,cached_mxbai,2480,1782208091.3366785,,,
5233,0,svm,max,balanced,cached_mxbai,2481,1782208091.6613529,,,
6225,0,svm,max,balanced,cached_mxbai,2482,1782208091.9866726,,,
1011,0,svm,max,balanced,cached_mxbai,2483,1782208092.314557,,,
104,0,svm,max,balanced,cached_mxbai,2484,1782208092.6411853,,,
3203,0,svm,max,balanced,cached_mxbai,2485,1782208092.971494,,,
5035,0,svm,max,balanced,cached_mxbai,2486,1782208093.3054724,,,
3570,0,svm,max,balanced,cached_mxbai,2487,1782208093.6331453,,,
7007,0,svm,max,balanced,cached_mxbai,2488,1782208093.960149,,,
4999,0,svm,max,balanced,cached_mxbai,2489,1782208094.2903244,,,
4402,0,svm,max,balanced,cached_mxbai,2490,1782208094.6180346,,,
4888,0,svm,max,balanced,cached_mxbai,2491,1782208094.9506304,,,
9389,0,svm,max,balanced,cached_mxbai,2492,1782208095.3119617,,,
9748,0,svm,max,balanced,cached_mxbai,2493,1782208095.6434782,,,
2799,0,svm,max,balanced,cached_mxbai,2494,1782208095.9767342,,,
3733,0,svm,max,balanced,cached_mxbai,2495,1782208096.3063965,,,
1731,0,svm,max,balanced,cached_mxbai,2496,1782208096.6362896,,,
3658,0,svm,max,balanced,cached_mxbai,2497,1782208096.9957292,,,
2535,0,svm,max,balanced,cached_mxbai,2498,1782208097.3279064,,,
5215,0,svm,max,balanced,cached_mxbai,2499,1782208097.6597457,,,
5277,0,svm,max,balanced,cached_mxbai,2500,1782208097.9511373,,,
4768,0,svm,max,balanced,cached_mxbai,2501,1782208098.2434294,,,
8351,0,svm,max,balanced,cached_mxbai,2502,1782208098.5341,,,
9303,0,svm,max,balanced,cached_mxbai,2503,1782208098.8314517,,,
9593,0,svm,max,balanced,cached_mxbai,2504,1782208099.1228256,,,
5427,0,svm,max,balanced,cached_mxbai,2505,1782208099.4117768,,,
7271,0,svm,max,balanced,cached_mxbai,2506,1782208099.700984,,,
6773,0,svm,max,balanced,cached_mxbai,2507,1782208099.9900265,,,
3379,0,svm,max,balanced,cached_mxbai,2508,1782208100.2795613,,,
9554,0,svm,max,balanced,cached_mxbai,2509,1782208100.5678427,,,
4841,0,svm,max,balanced,cached_mxbai,2510,1782208100.8590724,,,
5800,0,svm,max,balanced,cached_mxbai,2511,1782208101.1521063,,,
5260,0,svm,max,balanced,cached_mxbai,2512,1782208101.4423015,,,
1937,0,svm,max,balanced,cached_mxbai,2513,1782208101.7313647,,,
4367,0,svm,max,balanced,cached_mxbai,2514,1782208102.0235498,,,
8325,0,svm,max,balanced,cached_mxbai,2515,1782208102.3149793,,,
5382,0,svm,max,balanced,cached_mxbai,2516,1782208102.6078124,,,
8579,0,svm,max,balanced,cached_mxbai,2517,1782208102.9000094,,,
3772,0,svm,max,balanced,cached_mxbai,2518,1782208103.193179,,,
299,0,svm,max,balanced,cached_mxbai,2519,1782208103.4834263,,,
4500,0,svm,max,balanced,cached_mxbai,2520,1782208103.7725317,,,
9950,0,svm,max,balanced,cached_mxbai,2521,1782208104.0635507,,,
9319,0,svm,max,balanced,cached_mxbai,2522,1782208104.3552973,,,
3584,0,svm,max,balanced,cached_mxbai,2523,1782208104.6439605,,,
8612,0,svm,max,balanced,cached_mxbai,2524,1782208104.9351335,,,
8949,0,svm,max,balanced,cached_mxbai,2525,1782208105.2586148,,,
4921,0,svm,max,balanced,cached_mxbai,2526,1782208105.5633094,,,
10070,0,svm,max,balanced,cached_mxbai,2527,1782208105.8565292,,,
6579,0,svm,max,balanced,cached_mxbai,2528,1782208106.1487596,,,
9014,0,svm,max,balanced,cached_mxbai,2529,1782208106.4412382,,,
9795,0,svm,max,balanced,cached_mxbai,2530,1782208106.7411394,,,
3148,0,svm,max,balanced,cached_mxbai,2531,1782208107.05469,,,
10190,0,svm,max,balanced,cached_mxbai,2532,1782208107.3558648,,,
5827,0,svm,max,balanced,cached_mxbai,2533,1782208107.6582437,,,
7350,0,svm,max,balanced,cached_mxbai,2534,1782208107.9634283,,,
835,0,svm,max,balanced,cached_mxbai,2535,1782208108.2635038,,,
3110,0,svm,max,balanced,cached_mxbai,2536,1782208108.5650148,,,
10130,0,svm,max,balanced,cached_mxbai,2537,1782208108.8729777,,,
4944,0,svm,max,balanced,cached_mxbai,2538,1782208109.1750202,,,
3879,0,svm,max,balanced,cached_mxbai,2539,1782208109.4767568,,,
5170,0,svm,max,balanced,cached_mxbai,2540,1782208109.7776637,,,
3651,0,svm,max,balanced,cached_mxbai,2541,1782208110.0825284,,,
7578,0,svm,max,balanced,cached_mxbai,2542,1782208110.3887794,,,
4803,0,svm,max,balanced,cached_mxbai,2543,1782208110.6882873,,,
9735,0,svm,max,balanced,cached_mxbai,2544,1782208110.992572,,,
7455,0,svm,max,balanced,cached_mxbai,2545,1782208111.2987196,,,
4194,0,svm,max,balanced,cached_mxbai,2546,1782208111.6070402,,,
7107,0,svm,max,balanced,cached_mxbai,2547,1782208111.9090464,,,
7667,0,svm,max,balanced,cached_mxbai,2548,1782208112.214994,,,
5585,0,svm,max,balanced,cached_mxbai,2549,1782208112.516755,,,
7518,0,svm,max,balanced,cached_mxbai,2550,1782208112.8173146,,,
4913,0,svm,max,balanced,cached_mxbai,2551,1782208113.1225097,,,
65,0,svm,max,balanced,cached_mxbai,2552,1782208113.4269733,,,
9197,0,svm,max,balanced,cached_mxbai,2553,1782208113.72759,,,
1324,0,svm,max,balanced,cached_mxbai,2554,1782208114.031988,,,
1539,0,svm,max,balanced,cached_mxbai,2555,1782208114.3396666,,,
10546,0,svm,max,balanced,cached_mxbai,2556,1782208114.6377084,,,
1281,0,svm,max,balanced,cached_mxbai,2557,1782208114.9336035,,,
5794,0,svm,max,balanced,cached_mxbai,2558,1782208115.2436523,,,
4208,0,svm,max,balanced,cached_mxbai,2559,1782208115.5614262,,,
4213,0,svm,max,balanced,cached_mxbai,2560,1782208115.8569086,,,
4516,0,svm,max,balanced,cached_mxbai,2561,1782208116.1601236,,,
3122,0,svm,max,balanced,cached_mxbai,2562,1782208116.4610178,,,
10543,0,svm,max,balanced,cached_mxbai,2563,1782208116.7600327,,,
3208,0,svm,max,balanced,cached_mxbai,2564,1782208117.0559013,,,
4630,0,svm,max,balanced,cached_mxbai,2565,1782208117.3565226,,,
8424,0,svm,max,balanced,cached_mxbai,2566,1782208117.6706903,,,
4172,0,svm,max,balanced,cached_mxbai,2567,1782208117.968589,,,
3828,0,svm,max,balanced,cached_mxbai,2568,1782208118.2645001,,,
8039,0,svm,max,balanced,cached_mxbai,2569,1782208118.560649,,,
28,0,svm,max,balanced,cached_mxbai,2570,1782208118.8620124,,,
1866,0,svm,max,balanced,cached_mxbai,2571,1782208119.1580117,,,
9931,0,svm,max,balanced,cached_mxbai,2572,1782208119.4558938,,,
9283,0,svm,max,balanced,cached_mxbai,2573,1782208119.7551332,,,
4609,0,svm,max,balanced,cached_mxbai,2574,1782208120.0637593,,,
7338,0,svm,max,balanced,cached_mxbai,2575,1782208120.3734856,,,
6593,0,svm,max,balanced,cached_mxbai,2576,1782208120.6815612,,,
10085,0,svm,max,balanced,cached_mxbai,2577,1782208120.9913733,,,
3883,0,svm,max,balanced,cached_mxbai,2578,1782208121.3010442,,,
54,0,svm,max,balanced,cached_mxbai,2579,1782208121.6090329,,,
795,0,svm,max,balanced,cached_mxbai,2580,1782208121.9153295,,,
3131,0,svm,max,balanced,cached_mxbai,2581,1782208122.2236292,,,
5741,0,svm,max,balanced,cached_mxbai,2582,1782208122.5309198,,,
4900,0,svm,max,balanced,cached_mxbai,2583,1782208122.8390164,,,
3648,0,svm,max,balanced,cached_mxbai,2584,1782208123.1454132,,,
1086,0,svm,max,balanced,cached_mxbai,2585,1782208123.4545174,,,
818,0,svm,max,balanced,cached_mxbai,2586,1782208123.7611501,,,
3442,0,svm,max,balanced,cached_mxbai,2587,1782208124.0688236,,,
523,0,svm,max,balanced,cached_mxbai,2588,1782208124.3764796,,,
1715,0,svm,max,balanced,cached_mxbai,2589,1782208124.685066,,,
4073,0,svm,max,balanced,cached_mxbai,2590,1782208124.9963443,,,
9354,0,svm,max,balanced,cached_mxbai,2591,1782208125.3313243,,,
9977,0,svm,max,balanced,cached_mxbai,2592,1782208125.6433866,,,
8054,0,svm,max,balanced,cached_mxbai,2593,1782208125.9532106,,,
3833,0,svm,max,balanced,cached_mxbai,2594,1782208126.2630243,,,
4992,0,svm,max,balanced,cached_mxbai,2595,1782208126.5751898,,,
8699,0,svm,max,balanced,cached_mxbai,2596,1782208126.887498,,,
3927,0,svm,max,balanced,cached_mxbai,2597,1782208127.1973588,,,
424,0,svm,max,balanced,cached_mxbai,2598,1782208127.5092897,,,
4019,0,svm,max,balanced,cached_mxbai,2599,1782208127.825254,,,
4492,0,svm,max,balanced,cached_mxbai,2600,1782208128.1379597,,,
10358,0,svm,max,balanced,cached_mxbai,2601,1782208128.4508064,,,
9056,0,svm,max,balanced,cached_mxbai,2602,1782208128.7653663,,,
3814,0,svm,max,balanced,cached_mxbai,2603,1782208129.0769396,,,
6404,0,svm,max,balanced,cached_mxbai,2604,1782208129.390917,,,
1376,0,svm,max,balanced,cached_mxbai,2605,1782208129.7416384,,,
5187,0,svm,max,balanced,cached_mxbai,2606,1782208130.0583673,,,
1758,0,svm,max,balanced,cached_mxbai,2607,1782208130.40479,,,
1069,0,svm,max,balanced,cached_mxbai,2608,1782208130.7460485,,,
4879,0,svm,max,balanced,cached_mxbai,2609,1782208131.0920162,,,
6061,0,svm,max,balanced,cached_mxbai,2610,1782208131.4077735,,,
3535,0,svm,max,balanced,cached_mxbai,2611,1782208131.7209675,,,
4989,0,svm,max,balanced,cached_mxbai,2612,1782208132.0382,,,
4470,0,svm,max,balanced,cached_mxbai,2613,1782208132.352942,,,
1670,0,svm,max,balanced,cached_mxbai,2614,1782208132.6616943,,,
3714,0,svm,max,balanced,cached_mxbai,2615,1782208132.9807882,,,
1635,0,svm,max,balanced,cached_mxbai,2616,1782208133.2960744,,,
289,0,svm,max,balanced,cached_mxbai,2617,1782208133.615077,,,
4485,0,svm,max,balanced,cached_mxbai,2618,1782208133.9311538,,,
10295,0,svm,max,balanced,cached_mxbai,2619,1782208134.245998,,,
4916,0,svm,max,balanced,cached_mxbai,2620,1782208134.5682936,,,
3708,0,svm,max,balanced,cached_mxbai,2621,1782208134.8785865,,,
10506,0,svm,max,balanced,cached_mxbai,2622,1782208135.1933367,,,
8180,0,svm,max,balanced,cached_mxbai,2623,1782208135.5456274,,,
6486,0,svm,max,balanced,cached_mxbai,2624,1782208135.8907208,,,
9909,0,svm,max,balanced,cached_mxbai,2625,1782208136.2378209,,,
4337,0,svm,max,balanced,cached_mxbai,2626,1782208136.548758,,,
5613,0,svm,max,balanced,cached_mxbai,2627,1782208136.8932755,,,
10218,0,svm,max,balanced,cached_mxbai,2628,1782208137.2514458,,,
758,0,svm,max,balanced,cached_mxbai,2629,1782208137.5967503,,,
8654,0,svm,max,balanced,cached_mxbai,2630,1782208137.942938,,,
1891,0,svm,max,balanced,cached_mxbai,2631,1782208138.289226,,,
3617,0,svm,max,balanced,cached_mxbai,2632,1782208138.6420958,,,
1481,0,svm,max,balanced,cached_mxbai,2633,1782208139.0042346,,,
688,0,svm,max,balanced,cached_mxbai,2634,1782208139.352763,,,
1548,0,svm,max,balanced,cached_mxbai,2635,1782208139.6976051,,,
2586,0,svm,max,balanced,cached_mxbai,2636,1782208140.0589623,,,
7424,0,svm,max,balanced,cached_mxbai,2637,1782208140.4107656,,,
9869,0,svm,max,balanced,cached_mxbai,2638,1782208140.7560215,,,
4981,0,svm,max,balanced,cached_mxbai,2639,1782208141.0969944,,,
3295,0,svm,max,balanced,cached_mxbai,2640,1782208141.4471095,,,
5152,0,svm,max,balanced,cached_mxbai,2641,1782208141.7919078,,,
2129,0,svm,max,balanced,cached_mxbai,2642,1782208142.1402476,,,
566,0,svm,max,balanced,cached_mxbai,2643,1782208142.4918048,,,
3490,0,svm,max,balanced,cached_mxbai,2644,1782208142.846859,,,
3358,0,svm,max,balanced,cached_mxbai,2645,1782208143.1947727,,,
1787,0,svm,max,balanced,cached_mxbai,2646,1782208143.541565,,,
4018,0,svm,max,balanced,cached_mxbai,2647,1782208143.886247,,,
7970,0,svm,max,balanced,cached_mxbai,2648,1782208144.23005,,,
4524,0,svm,max,balanced,cached_mxbai,2649,1782208144.58145,,,
4105,0,svm,max,balanced,cached_mxbai,2650,1782208144.9264402,,,
8782,0,svm,max,balanced,cached_mxbai,2651,1782208145.2911642,,,
3388,0,svm,max,balanced,cached_mxbai,2652,1782208145.6438632,,,
4613,0,svm,max,balanced,cached_mxbai,2653,1782208145.990832,,,
10370,0,svm,max,balanced,cached_mxbai,2654,1782208146.3431463,,,
3457,0,svm,max,balanced,cached_mxbai,2655,1782208146.6980836,,,
5439,0,svm,max,balanced,cached_mxbai,2656,1782208147.0473094,,,
9660,0,svm,max,balanced,cached_mxbai,2657,1782208147.3961108,,,
6443,0,svm,max,balanced,cached_mxbai,2658,1782208147.7430751,,,
4690,0,svm,max,balanced,cached_mxbai,2659,1782208148.0908842,,,
3312,0,svm,max,balanced,cached_mxbai,2660,1782208148.4408762,,,
897,0,svm,max,balanced,cached_mxbai,2661,1782208148.7972503,,,
1609,0,svm,max,balanced,cached_mxbai,2662,1782208149.135428,,,
5497,0,svm,max,balanced,cached_mxbai,2663,1782208149.47637,,,
512,0,svm,max,balanced,cached_mxbai,2664,1782208149.8156452,,,
4303,0,svm,max,balanced,cached_mxbai,2665,1782208150.1525598,,,
7529,0,svm,max,balanced,cached_mxbai,2666,1782208150.496041,,,
8012,0,svm,max,balanced,cached_mxbai,2667,1782208150.8353288,,,
9386,0,svm,max,balanced,cached_mxbai,2668,1782208151.1735337,,,
10387,0,svm,max,balanced,cached_mxbai,2669,1782208151.5151029,,,
6334,0,svm,max,balanced,cached_mxbai,2670,1782208151.856547,,,
7038,0,svm,max,balanced,cached_mxbai,2671,1782208152.1966949,,,
6489,0,svm,max,balanced,cached_mxbai,2672,1782208152.540538,,,
6291,0,svm,max,balanced,cached_mxbai,2673,1782208152.8797455,,,
5811,0,svm,max,balanced,cached_mxbai,2674,1782208153.2244613,,,
8248,0,svm,max,balanced,cached_mxbai,2675,1782208153.5698955,,,
8762,0,svm,max,balanced,cached_mxbai,2676,1782208153.9141219,,,
5803,0,svm,max,balanced,cached_mxbai,2677,1782208154.259174,,,
9791,0,svm,max,balanced,cached_mxbai,2678,1782208154.6115856,,,
2256,0,svm,max,balanced,cached_mxbai,2679,1782208154.958267,,,
6445,0,svm,max,balanced,cached_mxbai,2680,1782208155.339317,,,
10282,0,svm,max,balanced,cached_mxbai,2681,1782208155.6918666,,,
4404,0,svm,max,balanced,cached_mxbai,2682,1782208156.0620232,,,
6973,0,svm,max,balanced,cached_mxbai,2683,1782208156.4115562,,,
3525,0,svm,max,balanced,cached_mxbai,2684,1782208156.7614188,,,
4762,0,svm,max,balanced,cached_mxbai,2685,1782208157.1145618,,,
8615,0,svm,max,balanced,cached_mxbai,2686,1782208157.4632957,,,
9366,0,svm,max,balanced,cached_mxbai,2687,1782208157.8176754,,,
4118,0,svm,max,balanced,cached_mxbai,2688,1782208158.168166,,,
2951,0,svm,max,balanced,cached_mxbai,2689,1782208158.5196772,,,
3321,0,svm,max,balanced,cached_mxbai,2690,1782208158.8729997,,,
690,0,svm,max,balanced,cached_mxbai,2691,1782208159.2230997,,,
4182,0,svm,max,balanced,cached_mxbai,2692,1782208159.5721195,,,
1661,0,svm,max,balanced,cached_mxbai,2693,1782208159.9203458,,,
3249,0,svm,max,balanced,cached_mxbai,2694,1782208160.2686613,,,
4695,0,svm,max,balanced,cached_mxbai,2695,1782208160.6170166,,,
10587,0,svm,max,balanced,cached_mxbai,2696,1782208160.9617283,,,
2082,0,svm,max,balanced,cached_mxbai,2697,1782208161.3090937,,,
10433,0,svm,max,balanced,cached_mxbai,2698,1782208161.6612294,,,
4560,0,svm,max,balanced,cached_mxbai,2699,1782208162.0073843,,,
7913,0,svm,max,balanced,cached_mxbai,2700,1782208162.3531942,,,
4158,0,svm,max,balanced,cached_mxbai,2701,1782208162.6987994,,,
5291,0,svm,max,balanced,cached_mxbai,2702,1782208163.0471878,,,
428,0,svm,max,balanced,cached_mxbai,2703,1782208163.404576,,,
10216,0,svm,max,balanced,cached_mxbai,2704,1782208163.7569137,,,
3384,0,svm,max,balanced,cached_mxbai,2705,1782208164.112337,,,
7870,0,svm,max,balanced,cached_mxbai,2706,1782208164.4684968,,,
8974,0,svm,max,balanced,cached_mxbai,2707,1782208164.8172987,,,
10594,1,svm,max,balanced,cached_mxbai,2708,1782208165.1759636,,,
406,0,svm,max,balanced,cached_mxbai,2709,1782208165.5460424,,,
4232,0,svm,max,balanced,cached_mxbai,2710,1782208165.899587,,,
8193,0,svm,max,balanced,cached_mxbai,2711,1782208166.2548645,,,
4034,0,svm,max,balanced,cached_mxbai,2712,1782208166.6182241,,,
7285,0,svm,max,balanced,cached_mxbai,2713,1782208166.9790537,,,
1714,0,svm,max,balanced,cached_mxbai,2714,1782208167.3365993,,,
4143,0,svm,max,balanced,cached_mxbai,2715,1782208167.69403,,,
4294,0,svm,max,balanced,cached_mxbai,2716,1782208168.0562499,,,
224,0,svm,max,balanced,cached_mxbai,2717,1782208168.4171,,,
9117,0,svm,max,balanced,cached_mxbai,2718,1782208168.782686,,,
4200,0,svm,max,balanced,cached_mxbai,2719,1782208169.1395934,,,
3417,0,svm,max,balanced,cached_mxbai,2720,1782208169.498458,,,
200,0,svm,max,balanced,cached_mxbai,2721,1782208169.855193,,,
75,0,svm,max,balanced,cached_mxbai,2722,1782208170.215483,,,
7341,0,svm,max,balanced,cached_mxbai,2723,1782208170.5757732,,,
922,0,svm,max,balanced,cached_mxbai,2724,1782208170.9388363,,,
4062,0,svm,max,balanced,cached_mxbai,2725,1782208171.2971246,,,
1592,0,svm,max,balanced,cached_mxbai,2726,1782208171.657178,,,
4421,0,svm,max,balanced,cached_mxbai,2727,1782208172.01667,,,
3686,0,svm,max,balanced,cached_mxbai,2728,1782208172.3772426,,,
9822,0,svm,max,balanced,cached_mxbai,2729,1782208172.7390435,,,
648,0,svm,max,balanced,cached_mxbai,2730,1782208173.1087255,,,
7590,0,svm,max,balanced,cached_mxbai,2731,1782208173.4670596,,,
445,0,svm,max,balanced,cached_mxbai,2732,1782208173.826817,,,
1875,0,svm,max,balanced,cached_mxbai,2733,1782208174.1853464,,,
7248,0,svm,max,balanced,cached_mxbai,2734,1782208174.546095,,,
9055,0,svm,max,balanced,cached_mxbai,2735,1782208174.9067557,,,
5175,0,svm,max,balanced,cached_mxbai,2736,1782208175.2847266,,,
7499,0,svm,max,balanced,cached_mxbai,2737,1782208175.6494796,,,
3246,0,svm,max,balanced,cached_mxbai,2738,1782208176.0152597,,,
4078,0,svm,max,balanced,cached_mxbai,2739,1782208176.3775275,,,
7511,0,svm,max,balanced,cached_mxbai,2740,1782208176.7401235,,,
5196,0,svm,max,balanced,cached_mxbai,2741,1782208177.1024916,,,
5758,0,svm,max,balanced,cached_mxbai,2742,1782208177.4629748,,,
4234,0,svm,max,balanced,cached_mxbai,2743,1782208177.826307,,,
6363,0,svm,max,balanced,cached_mxbai,2744,1782208178.190632,,,
6774,0,svm,max,balanced,cached_mxbai,2745,1782208178.5547874,,,
9143,0,svm,max,balanced,cached_mxbai,2746,1782208178.9209425,,,
9048,0,svm,max,balanced,cached_mxbai,2747,1782208179.278784,,,
9105,0,svm,max,balanced,cached_mxbai,2748,1782208179.644106,,,
1574,0,svm,max,balanced,cached_mxbai,2749,1782208180.007553,,,
4409,0,svm,max,balanced,cached_mxbai,2750,1782208180.3702996,,,
4159,0,svm,max,balanced,cached_mxbai,2751,1782208180.7414007,,,
7827,0,svm,max,balanced,cached_mxbai,2752,1782208181.1129477,,,
4713,0,svm,max,balanced,cached_mxbai,2753,1782208181.4746742,,,
615,0,svm,max,balanced,cached_mxbai,2754,1782208181.8366838,,,
5920,0,svm,max,balanced,cached_mxbai,2755,1782208182.199366,,,
9109,0,svm,max,balanced,cached_mxbai,2756,1782208182.5644298,,,
1711,0,svm,max,balanced,cached_mxbai,2757,1782208182.9342668,,,
4820,0,svm,max,balanced,cached_mxbai,2758,1782208183.3047173,,,
120,0,svm,max,balanced,cached_mxbai,2759,1782208183.6765904,,,
334,0,svm,max,balanced,cached_mxbai,2760,1782208184.038721,,,
4431,0,svm,max,balanced,cached_mxbai,2761,1782208184.4032738,,,
8805,0,svm,max,balanced,cached_mxbai,2762,1782208184.7721062,,,
3845,0,svm,max,balanced,cached_mxbai,2763,1782208185.143741,,,
4842,0,svm,max,balanced,cached_mxbai,2764,1782208185.5428696,,,
785,0,svm,max,balanced,cached_mxbai,2765,1782208185.9111526,,,
1527,0,svm,max,balanced,cached_mxbai,2766,1782208186.279533,,,
10364,0,svm,max,balanced,cached_mxbai,2767,1782208186.6444545,,,
1085,0,svm,max,balanced,cached_mxbai,2768,1782208187.0113144,,,
4187,0,svm,max,balanced,cached_mxbai,2769,1782208187.378546,,,
4346,0,svm,max,balanced,cached_mxbai,2770,1782208187.7527301,,,
3202,0,svm,max,balanced,cached_mxbai,2771,1782208188.1237786,,,
6509,0,svm,max,balanced,cached_mxbai,2772,1782208188.4889991,,,
3784,0,svm,max,balanced,cached_mxbai,2773,1782208188.864376,,,
5249,0,svm,max,balanced,cached_mxbai,2774,1782208189.239117,,,
5271,0,svm,max,balanced,cached_mxbai,2775,1782208189.608321,,,
1789,0,svm,max,balanced,cached_mxbai,2776,1782208189.9753978,,,
3268,0,svm,max,balanced,cached_mxbai,2777,1782208190.3500378,,,
10516,0,svm,max,balanced,cached_mxbai,2778,1782208190.723633,,,
1148,0,svm,max,balanced,cached_mxbai,2779,1782208191.0926895,,,
5893,0,svm,max,balanced,cached_mxbai,2780,1782208191.4590313,,,
10004,0,svm,max,balanced,cached_mxbai,2781,1782208191.8255932,,,
7376,0,svm,max,balanced,cached_mxbai,2782,1782208192.1905282,,,
4065,0,svm,max,balanced,cached_mxbai,2783,1782208192.5557034,,,
10472,0,svm,max,balanced,cached_mxbai,2784,1782208192.922345,,,
4578,0,svm,max,balanced,cached_mxbai,2785,1782208193.2906785,,,
3565,0,svm,max,balanced,cached_mxbai,2786,1782208193.6600533,,,
3822,0,svm,max,balanced,cached_mxbai,2787,1782208194.0280437,,,
1375,0,svm,max,balanced,cached_mxbai,2788,1782208194.3971348,,,
5949,0,svm,max,balanced,cached_mxbai,2789,1782208194.7688415,,,
4535,0,svm,max,balanced,cached_mxbai,2790,1782208195.1445048,,,
4133,0,svm,max,balanced,cached_mxbai,2791,1782208195.533396,,,
9314,0,svm,max,balanced,cached_mxbai,2792,1782208195.9056342,,,
2417,0,svm,max,balanced,cached_mxbai,2793,1782208196.2771735,,,
10466,0,svm,max,balanced,cached_mxbai,2794,1782208196.6508148,,,
3513,0,svm,max,balanced,cached_mxbai,2795,1782208197.0205412,,,
1595,0,svm,max,balanced,cached_mxbai,2796,1782208197.400587,,,
4057,0,svm,max,balanced,cached_mxbai,2797,1782208197.7706897,,,
4216,0,svm,max,balanced,cached_mxbai,2798,1782208198.1426437,,,
1361,0,svm,max,balanced,cached_mxbai,2799,1782208198.5220385,,,
6928,0,svm,max,balanced,cached_mxbai,2800,1782208198.9017472,,,
389,0,svm,max,balanced,cached_mxbai,2801,1782208199.2745914,,,
1720,0,svm,max,balanced,cached_mxbai,2802,1782208199.655332,,,
6557,0,svm,max,balanced,cached_mxbai,2803,1782208200.0261502,,,
1632,0,svm,max,balanced,cached_mxbai,2804,1782208200.3963444,,,
9391,0,svm,max,balanced,cached_mxbai,2805,1782208200.7724905,,,
3916,0,svm,max,balanced,cached_mxbai,2806,1782208201.1443846,,,
734,0,svm,max,balanced,cached_mxbai,2807,1782208201.5133,,,
1310,0,svm,max,balanced,cached_mxbai,2808,1782208201.8892455,,,
7191,0,svm,max,balanced,cached_mxbai,2809,1782208202.2640114,,,
4349,0,svm,max,balanced,cached_mxbai,2810,1782208202.6416967,,,
9649,0,svm,max,balanced,cached_mxbai,2811,1782208203.0193439,,,
5978,0,svm,max,balanced,cached_mxbai,2812,1782208203.3927016,,,
3725,0,svm,max,balanced,cached_mxbai,2813,1782208203.7701528,,,
6041,0,svm,max,balanced,cached_mxbai,2814,1782208204.1444974,,,
3091,0,svm,max,balanced,cached_mxbai,2815,1782208204.516126,,,
10233,0,svm,max,balanced,cached_mxbai,2816,1782208204.8948894,,,
3537,0,svm,max,balanced,cached_mxbai,2817,1782208205.2870004,,,
6780,0,svm,max,balanced,cached_mxbai,2818,1782208205.6640024,,,
1274,0,svm,max,balanced,cached_mxbai,2819,1782208206.053044,,,
701,0,svm,max,balanced,cached_mxbai,2820,1782208206.4341755,,,
5183,0,svm,max,balanced,cached_mxbai,2821,1782208206.8147209,,,
5194,0,svm,max,balanced,cached_mxbai,2822,1782208207.192087,,,
9949,0,svm,max,balanced,cached_mxbai,2823,1782208207.5699031,,,
4724,0,svm,max,balanced,cached_mxbai,2824,1782208207.9449153,,,
10485,0,svm,max,balanced,cached_mxbai,2825,1782208208.3234136,,,
3579,0,svm,max,balanced,cached_mxbai,2826,1782208208.7151492,,,
8109,0,svm,max,balanced,cached_mxbai,2827,1782208209.0944784,,,
9574,0,svm,max,balanced,cached_mxbai,2828,1782208209.4804456,,,
8085,0,svm,max,balanced,cached_mxbai,2829,1782208209.8639166,,,
3079,0,svm,max,balanced,cached_mxbai,2830,1782208210.246697,,,
245,0,svm,max,balanced,cached_mxbai,2831,1782208210.6267273,,,
3839,0,svm,max,balanced,cached_mxbai,2832,1782208211.007256,,,
4274,0,svm,max,balanced,cached_mxbai,2833,1782208211.3858733,,,
6356,0,svm,max,balanced,cached_mxbai,2834,1782208211.7681596,,,
9879,0,svm,max,balanced,cached_mxbai,2835,1782208212.148739,,,
8475,0,svm,max,balanced,cached_mxbai,2836,1782208212.5294492,,,
8057,0,svm,max,balanced,cached_mxbai,2837,1782208212.9168108,,,
3996,0,svm,max,balanced,cached_mxbai,2838,1782208213.295762,,,
4472,0,svm,max,balanced,cached_mxbai,2839,1782208213.6767075,,,
1100,0,svm,max,balanced,cached_mxbai,2840,1782208214.0567496,,,
4160,0,svm,max,balanced,cached_mxbai,2841,1782208214.435855,,,
2034,0,svm,max,balanced,cached_mxbai,2842,1782208214.8190534,,,
7617,0,svm,max,balanced,cached_mxbai,2843,1782208215.207508,,,
4317,0,svm,max,balanced,cached_mxbai,2844,1782208215.6128132,,,
8562,0,svm,max,balanced,cached_mxbai,2845,1782208215.99647,,,
4908,0,svm,max,balanced,cached_mxbai,2846,1782208216.3786557,,,
1422,0,svm,max,balanced,cached_mxbai,2847,1782208216.756308,,,
85,0,svm,max,balanced,cached_mxbai,2848,1782208217.1371975,,,
5236,0,svm,max,balanced,cached_mxbai,2849,1782208217.5159004,,,
6717,0,svm,max,balanced,cached_mxbai,2850,1782208217.9025462,,,
9823,0,svm,max,balanced,cached_mxbai,2851,1782208218.2902174,,,
1260,0,svm,max,balanced,cached_mxbai,2852,1782208218.6843195,,,
4095,0,svm,max,balanced,cached_mxbai,2853,1782208219.0660088,,,
5062,0,svm,max,balanced,cached_mxbai,2854,1782208219.4739902,,,
5951,0,svm,max,balanced,cached_mxbai,2855,1782208219.8614216,,,
1627,0,svm,max,balanced,cached_mxbai,2856,1782208220.2435677,,,
1365,0,svm,max,balanced,cached_mxbai,2857,1782208220.6247816,,,
5748,0,svm,max,balanced,cached_mxbai,2858,1782208221.007522,,,
203,0,svm,max,balanced,cached_mxbai,2859,1782208221.3921518,,,
5914,0,svm,max,balanced,cached_mxbai,2860,1782208221.7806447,,,
5146,0,svm,max,balanced,cached_mxbai,2861,1782208222.1681707,,,
3349,0,svm,max,balanced,cached_mxbai,2862,1782208222.5522742,,,
5182,0,svm,max,balanced,cached_mxbai,2863,1782208222.9430149,,,
1458,0,svm,max,balanced,cached_mxbai,2864,1782208223.3272684,,,
5818,0,svm,max,balanced,cached_mxbai,2865,1782208223.7125237,,,
1121,0,svm,max,balanced,cached_mxbai,2866,1782208224.0982103,,,
5050,0,svm,max,balanced,cached_mxbai,2867,1782208224.4870644,,,
9141,0,svm,max,balanced,cached_mxbai,2868,1782208224.8958342,,,
9712,0,svm,max,balanced,cached_mxbai,2869,1782208225.3051755,,,
6287,0,svm,max,balanced,cached_mxbai,2870,1782208225.6749442,,,
9003,0,svm,max,balanced,cached_mxbai,2871,1782208226.0570505,,,
3228,0,svm,max,balanced,cached_mxbai,2872,1782208226.4389434,,,
9526,0,svm,max,balanced,cached_mxbai,2873,1782208226.8159363,,,
2072,0,svm,max,balanced,cached_mxbai,2874,1782208227.2001176,,,
9771,0,svm,max,balanced,cached_mxbai,2875,1782208227.592347,,,
7277,0,svm,max,balanced,cached_mxbai,2876,1782208227.9898202,,,
7052,0,svm,max,balanced,cached_mxbai,2877,1782208228.383611,,,
3976,0,svm,max,balanced,cached_mxbai,2878,1782208228.78103,,,
4544,0,svm,max,balanced,cached_mxbai,2879,1782208229.1772761,,,
7287,0,svm,max,balanced,cached_mxbai,2880,1782208229.5724332,,,
3755,0,svm,max,balanced,cached_mxbai,2881,1782208229.9594646,,,
7476,0,svm,max,balanced,cached_mxbai,2882,1782208230.3400176,,,
4824,0,svm,max,balanced,cached_mxbai,2883,1782208230.7235835,,,
3815,0,svm,max,balanced,cached_mxbai,2884,1782208231.1085846,,,
9925,0,svm,max,balanced,cached_mxbai,2885,1782208231.4913898,,,
9153,0,svm,max,balanced,cached_mxbai,2886,1782208231.8867881,,,
1700,0,svm,max,balanced,cached_mxbai,2887,1782208232.2711823,,,
3968,0,svm,max,balanced,cached_mxbai,2888,1782208232.6562319,,,
979,0,svm,max,balanced,cached_mxbai,2889,1782208233.0490732,,,
3505,0,svm,max,balanced,cached_mxbai,2890,1782208233.4367542,,,
7163,0,svm,max,balanced,cached_mxbai,2891,1782208233.8275187,,,
5619,0,svm,max,balanced,cached_mxbai,2892,1782208234.2127354,,,
5180,0,svm,max,balanced,cached_mxbai,2893,1782208234.5988872,,,
4339,0,svm,max,balanced,cached_mxbai,2894,1782208234.9883773,,,
5144,0,svm,max,balanced,cached_mxbai,2895,1782208235.3899934,,,
4418,0,svm,max,balanced,cached_mxbai,2896,1782208235.7902057,,,
5266,0,svm,max,balanced,cached_mxbai,2897,1782208236.1891336,,,
1435,0,svm,max,balanced,cached_mxbai,2898,1782208236.5801857,,,
9318,0,svm,max,balanced,cached_mxbai,2899,1782208236.977513,,,
685,0,svm,max,balanced,cached_mxbai,2900,1782208237.3729787,,,
5408,0,svm,max,balanced,cached_mxbai,2901,1782208237.7570727,,,
5784,0,svm,max,balanced,cached_mxbai,2902,1782208238.1421082,,,
616,0,svm,max,balanced,cached_mxbai,2903,1782208238.5248733,,,
1983,0,svm,max,balanced,cached_mxbai,2904,1782208238.9209,,,
4640,0,svm,max,balanced,cached_mxbai,2905,1782208239.3138294,,,
4113,0,svm,max,balanced,cached_mxbai,2906,1782208239.7011473,,,
10061,0,svm,max,balanced,cached_mxbai,2907,1782208240.087708,,,
7159,0,svm,max,balanced,cached_mxbai,2908,1782208240.4748673,,,
10584,0,svm,max,balanced,cached_mxbai,2909,1782208240.8672795,,,
5098,0,svm,max,balanced,cached_mxbai,2910,1782208241.2555726,,,
3795,0,svm,max,balanced,cached_mxbai,2911,1782208241.6399388,,,
5810,0,svm,max,balanced,cached_mxbai,2912,1782208242.0306115,,,
8779,0,svm,max,balanced,cached_mxbai,2913,1782208242.4170132,,,
5432,0,svm,max,balanced,cached_mxbai,2914,1782208242.8045936,,,
5514,0,svm,max,balanced,cached_mxbai,2915,1782208243.1940846,,,
4250,0,svm,max,balanced,cached_mxbai,2916,1782208243.5802207,,,
4760,0,svm,max,balanced,cached_mxbai,2917,1782208243.9717221,,,
1510,0,svm,max,balanced,cached_mxbai,2918,1782208244.360245,,,
1101,0,svm,max,balanced,cached_mxbai,2919,1782208244.749419,,,
10183,0,svm,max,balanced,cached_mxbai,2920,1782208245.1486433,,,
4607,0,svm,max,balanced,cached_mxbai,2921,1782208245.5603366,,,
5370,0,svm,max,balanced,cached_mxbai,2922,1782208245.9548953,,,
8936,0,svm,max,balanced,cached_mxbai,2923,1782208246.3524506,,,
5241,0,svm,max,balanced,cached_mxbai,2924,1782208246.7464366,,,
4872,0,svm,max,balanced,cached_mxbai,2925,1782208247.140799,,,
3812,0,svm,max,balanced,cached_mxbai,2926,1782208247.532014,,,
3946,0,svm,max,balanced,cached_mxbai,2927,1782208247.9222853,,,
9592,0,svm,max,balanced,cached_mxbai,2928,1782208248.314719,,,
550,0,svm,max,balanced,cached_mxbai,2929,1782208248.7141953,,,
8025,0,svm,max,balanced,cached_mxbai,2930,1782208249.1152654,,,
9777,0,svm,max,balanced,cached_mxbai,2931,1782208249.5059016,,,
3167,0,svm,max,balanced,cached_mxbai,2932,1782208249.89707,,,
1482,0,svm,max,balanced,cached_mxbai,2933,1782208250.2936764,,,
650,0,svm,max,balanced,cached_mxbai,2934,1782208250.682511,,,
10467,0,svm,max,balanced,cached_mxbai,2935,1782208251.0791807,,,
5054,0,svm,max,balanced,cached_mxbai,2936,1782208251.4707823,,,
8546,0,svm,max,balanced,cached_mxbai,2937,1782208251.863942,,,
423,1,svm,max,balanced,cached_mxbai,2938,1782208252.2597055,,,
5579,0,svm,max,balanced,cached_mxbai,2939,1782208252.6534584,,,
7346,0,svm,max,balanced,cached_mxbai,2940,1782208253.0481954,,,
7815,0,svm,max,balanced,cached_mxbai,2941,1782208253.4422948,,,
1044,0,svm,max,balanced,cached_mxbai,2942,1782208253.8359404,,,
2378,0,svm,max,balanced,cached_mxbai,2943,1782208254.2315574,,,
6714,0,svm,max,balanced,cached_mxbai,2944,1782208254.6222985,,,
1740,0,svm,max,balanced,cached_mxbai,2945,1782208255.019072,,,
8269,0,svm,max,balanced,cached_mxbai,2946,1782208255.4308002,,,
5637,0,svm,max,balanced,cached_mxbai,2947,1782208255.8260286,,,
5343,0,svm,max,balanced,cached_mxbai,2948,1782208256.2238536,,,
42,0,svm,max,balanced,cached_mxbai,2949,1782208256.6225562,,,
8040,0,svm,max,balanced,cached_mxbai,2950,1782208257.0224323,,,
2791,0,svm,max,balanced,cached_mxbai,2951,1782208257.4294536,,,
8477,0,svm,max,balanced,cached_mxbai,2952,1782208257.8228064,,,
6440,0,svm,max,balanced,cached_mxbai,2953,1782208258.2181125,,,
7865,0,svm,max,balanced,cached_mxbai,2954,1782208258.6165247,,,
10345,0,svm,max,balanced,cached_mxbai,2955,1782208259.025215,,,
2667,0,svm,max,balanced,cached_mxbai,2956,1782208259.4232914,,,
5490,0,svm,max,balanced,cached_mxbai,2957,1782208259.821976,,,
1404,0,svm,max,balanced,cached_mxbai,2958,1782208260.2187762,,,
4357,0,svm,max,balanced,cached_mxbai,2959,1782208260.614125,,,
2743,0,svm,max,balanced,cached_mxbai,2960,1782208261.017755,,,
1463,0,svm,max,balanced,cached_mxbai,2961,1782208261.4194906,,,
2531,0,svm,max,balanced,cached_mxbai,2962,1782208261.816183,,,
4235,0,svm,max,balanced,cached_mxbai,2963,1782208262.213494,,,
5828,0,svm,max,balanced,cached_mxbai,2964,1782208262.6144817,,,
6371,0,svm,max,balanced,cached_mxbai,2965,1782208263.0144212,,,
1686,0,svm,max,balanced,cached_mxbai,2966,1782208263.4086967,,,
5752,0,svm,max,balanced,cached_mxbai,2967,1782208263.8086908,,,
732,0,svm,max,balanced,cached_mxbai,2968,1782208264.2075615,,,
1544,0,svm,max,balanced,cached_mxbai,2969,1782208264.6049662,,,
5923,0,svm,max,balanced,cached_mxbai,2970,1782208265.0090387,,,
7670,0,svm,max,balanced,cached_mxbai,2971,1782208265.4234018,,,
3727,0,svm,max,balanced,cached_mxbai,2972,1782208265.8215022,,,
454,0,svm,max,balanced,cached_mxbai,2973,1782208266.2224767,,,
237,0,svm,max,balanced,cached_mxbai,2974,1782208266.617694,,,
6695,0,svm,max,balanced,cached_mxbai,2975,1782208267.0185983,,,
4081,0,svm,max,balanced,cached_mxbai,2976,1782208267.4209905,,,
8284,0,svm,max,balanced,cached_mxbai,2977,1782208267.816684,,,
9821,0,svm,max,balanced,cached_mxbai,2978,1782208268.2155805,,,
5350,0,svm,max,balanced,cached_mxbai,2979,1782208268.6163247,,,
4110,0,svm,max,balanced,cached_mxbai,2980,1782208269.0164595,,,
712,0,svm,max,balanced,cached_mxbai,2981,1782208269.4064956,,,
87,0,svm,max,balanced,cached_mxbai,2982,1782208269.7917902,,,
3992,0,svm,max,balanced,cached_mxbai,2983,1782208270.1815872,,,
3897,0,svm,max,balanced,cached_mxbai,2984,1782208270.5685153,,,
3366,0,svm,max,balanced,cached_mxbai,2985,1782208270.9590867,,,
3999,0,svm,max,balanced,cached_mxbai,2986,1782208271.3508968,,,
8098,0,svm,max,balanced,cached_mxbai,2987,1782208271.742293,,,
9002,0,svm,max,balanced,cached_mxbai,2988,1782208272.1485465,,,
6086,0,svm,max,balanced,cached_mxbai,2989,1782208272.5363986,,,
3601,0,svm,max,balanced,cached_mxbai,2990,1782208272.9315248,,,
6442,0,svm,max,balanced,cached_mxbai,2991,1782208273.3367157,,,
4023,0,svm,max,balanced,cached_mxbai,2992,1782208273.7340572,,,
10376,0,svm,max,balanced,cached_mxbai,2993,1782208274.1380446,,,
1046,0,svm,max,balanced,cached_mxbai,2994,1782208274.545856,,,
4938,0,svm,max,balanced,cached_mxbai,2995,1782208274.9584408,,,
4356,0,svm,max,balanced,cached_mxbai,2996,1782208275.3895712,,,
5247,0,svm,max,balanced,cached_mxbai,2997,1782208275.7964804,,,
2500,0,svm,max,balanced,cached_mxbai,2998,1782208276.2037945,,,
179,0,svm,max,balanced,cached_mxbai,2999,1782208276.6037529,,,
446,0,svm,max,balanced,cached_mxbai,3000,1782208277.0081034,,,
1196,0,svm,max,balanced,cached_mxbai,3001,1782208277.4137378,,,
2507,0,svm,max,balanced,cached_mxbai,3002,1782208277.8143072,,,
5907,0,svm,max,balanced,cached_mxbai,3003,1782208278.2172217,,,
8617,0,svm,max,balanced,cached_mxbai,3004,1782208278.6179302,,,
3466,0,svm,max,balanced,cached_mxbai,3005,1782208279.0280526,,,
3610,0,svm,max,balanced,cached_mxbai,3006,1782208279.433092,,,
6650,0,svm,max,balanced,cached_mxbai,3007,1782208279.8362179,,,
3481,0,svm,max,balanced,cached_mxbai,3008,1782208280.2365153,,,
4368,0,svm,max,balanced,cached_mxbai,3009,1782208280.6390135,,,
2978,0,svm,max,balanced,cached_mxbai,3010,1782208281.041135,,,
1677,0,svm,max,balanced,cached_mxbai,3011,1782208281.4517636,,,
3134,0,svm,max,balanced,cached_mxbai,3012,1782208281.8512478,,,
9610,0,svm,max,balanced,cached_mxbai,3013,1782208282.2548993,,,
175,0,svm,max,balanced,cached_mxbai,3014,1782208282.657739,,,
7763,0,svm,max,balanced,cached_mxbai,3015,1782208283.0585332,,,
9890,0,svm,max,balanced,cached_mxbai,3016,1782208283.466718,,,
4145,0,svm,max,balanced,cached_mxbai,3017,1782208283.8713963,,,
1765,0,svm,max,balanced,cached_mxbai,3018,1782208284.277006,,,
9790,0,svm,max,balanced,cached_mxbai,3019,1782208284.679964,,,
4089,0,svm,max,balanced,cached_mxbai,3020,1782208285.0906124,,,
9886,0,svm,max,balanced,cached_mxbai,3021,1782208285.5217729,,,
6979,0,svm,max,balanced,cached_mxbai,3022,1782208285.9272866,,,
1736,0,svm,max,balanced,cached_mxbai,3023,1782208286.327579,,,
3575,0,svm,max,balanced,cached_mxbai,3024,1782208286.7341893,,,
638,0,svm,max,balanced,cached_mxbai,3025,1782208287.1433284,,,
1988,0,svm,max,balanced,cached_mxbai,3026,1782208287.5527809,,,
9825,0,svm,max,balanced,cached_mxbai,3027,1782208287.9617274,,,
9241,0,svm,max,balanced,cached_mxbai,3028,1782208288.3713386,,,
8648,0,svm,max,balanced,cached_mxbai,3029,1782208288.783483,,,
1861,0,svm,max,balanced,cached_mxbai,3030,1782208289.1955009,,,
3861,0,svm,max,balanced,cached_mxbai,3031,1782208289.6001778,,,
943,0,svm,max,balanced,cached_mxbai,3032,1782208290.0056973,,,
3180,0,svm,max,balanced,cached_mxbai,3033,1782208290.4165318,,,
8814,0,svm,max,balanced,cached_mxbai,3034,1782208290.8199496,,,
4002,0,svm,max,balanced,cached_mxbai,3035,1782208291.229784,,,
5921,0,svm,max,balanced,cached_mxbai,3036,1782208291.6332595,,,
6236,0,svm,max,balanced,cached_mxbai,3037,1782208292.0435314,,,
1886,0,svm,max,balanced,cached_mxbai,3038,1782208292.4534934,,,
931,0,svm,max,balanced,cached_mxbai,3039,1782208292.8618803,,,
9687,0,svm,max,balanced,cached_mxbai,3040,1782208293.269719,,,
4658,0,svm,max,balanced,cached_mxbai,3041,1782208293.6842635,,,
7275,0,svm,max,balanced,cached_mxbai,3042,1782208294.1016002,,,
9541,0,svm,max,balanced,cached_mxbai,3043,1782208294.5095866,,,
10222,0,svm,max,balanced,cached_mxbai,3044,1782208294.914069,,,
3970,0,svm,max,balanced,cached_mxbai,3045,1782208295.3402054,,,
8943,0,svm,max,balanced,cached_mxbai,3046,1782208295.7377827,,,
2487,0,svm,max,balanced,cached_mxbai,3047,1782208296.138214,,,
2818,0,svm,max,balanced,cached_mxbai,3048,1782208296.5389485,,,
3738,0,svm,max,balanced,cached_mxbai,3049,1782208296.9366648,,,
3046,0,svm,max,balanced,cached_mxbai,3050,1782208297.3371394,,,
9103,0,svm,max,balanced,cached_mxbai,3051,1782208297.7336485,,,
3421,0,svm,max,balanced,cached_mxbai,3052,1782208298.1326525,,,
6313,0,svm,max,balanced,cached_mxbai,3053,1782208298.531809,,,
3826,0,svm,max,balanced,cached_mxbai,3054,1782208298.9319334,,,
9358,0,svm,max,balanced,cached_mxbai,3055,1782208299.3426023,,,
7615,0,svm,max,balanced,cached_mxbai,3056,1782208299.738768,,,
150,0,svm,max,balanced,cached_mxbai,3057,1782208300.1415882,,,
7322,0,svm,max,balanced,cached_mxbai,3058,1782208300.5431893,,,
6009,0,svm,max,balanced,cached_mxbai,3059,1782208300.9433308,,,
5479,0,svm,max,balanced,cached_mxbai,3060,1782208301.3460042,,,
2910,0,svm,max,balanced,cached_mxbai,3061,1782208301.744377,,,
1800,0,svm,max,balanced,cached_mxbai,3062,1782208302.144046,,,
10585,0,svm,max,balanced,cached_mxbai,3063,1782208302.545185,,,
4758,0,svm,max,balanced,cached_mxbai,3064,1782208302.9394195,,,
8645,0,svm,max,balanced,cached_mxbai,3065,1782208303.3428042,,,
4980,0,svm,max,balanced,cached_mxbai,3066,1782208303.7488418,,,
6382,0,svm,max,balanced,cached_mxbai,3067,1782208304.1522138,,,
5075,0,svm,max,balanced,cached_mxbai,3068,1782208304.5558894,,,
9049,0,svm,max,balanced,cached_mxbai,3069,1782208304.9665446,,,
4942,0,svm,max,balanced,cached_mxbai,3070,1782208305.3995001,,,
1763,0,svm,max,balanced,cached_mxbai,3071,1782208305.8009095,,,
9873,0,svm,max,balanced,cached_mxbai,3072,1782208306.2056556,,,
3853,0,svm,max,balanced,cached_mxbai,3073,1782208306.6127455,,,
3760,0,svm,max,balanced,cached_mxbai,3074,1782208307.0171733,,,
89,0,svm,max,balanced,cached_mxbai,3075,1782208307.4280593,,,
3411,0,svm,max,balanced,cached_mxbai,3076,1782208307.83069,,,
4580,0,svm,max,balanced,cached_mxbai,3077,1782208308.245646,,,
3868,0,svm,max,balanced,cached_mxbai,3078,1782208308.6482446,,,
4039,0,svm,max,balanced,cached_mxbai,3079,1782208309.0594053,,,
7273,0,svm,max,balanced,cached_mxbai,3080,1782208309.4683018,,,
31,0,svm,max,balanced,cached_mxbai,3081,1782208309.8710394,,,
3758,0,svm,max,balanced,cached_mxbai,3082,1782208310.2766762,,,
5149,0,svm,max,balanced,cached_mxbai,3083,1782208310.6813145,,,
1672,0,svm,max,balanced,cached_mxbai,3084,1782208311.0838096,,,
5206,0,svm,max,balanced,cached_mxbai,3085,1782208311.48988,,,
207,0,svm,max,balanced,cached_mxbai,3086,1782208311.8942587,,,
8174,0,svm,max,balanced,cached_mxbai,3087,1782208312.3010297,,,
5843,0,svm,max,balanced,cached_mxbai,3088,1782208312.7100933,,,
8152,0,svm,max,balanced,cached_mxbai,3089,1782208313.1193776,,,
9306,0,svm,max,balanced,cached_mxbai,3090,1782208313.526588,,,
9656,0,svm,max,balanced,cached_mxbai,3091,1782208313.9371684,,,
10453,0,svm,max,balanced,cached_mxbai,3092,1782208314.3422308,,,
4443,0,svm,max,balanced,cached_mxbai,3093,1782208314.7462523,,,
2276,0,svm,max,balanced,cached_mxbai,3094,1782208315.1578696,,,
4432,0,svm,max,balanced,cached_mxbai,3095,1782208315.5889719,,,
3599,0,svm,max,balanced,cached_mxbai,3096,1782208315.9927108,,,
3310,0,svm,max,balanced,cached_mxbai,3097,1782208316.4014032,,,
4478,0,svm,max,balanced,cached_mxbai,3098,1782208316.806042,,,
4340,0,svm,max,balanced,cached_mxbai,3099,1782208317.2218218,,,
1508,0,svm,max,balanced,cached_mxbai,3100,1782208317.63165,,,
3751,0,svm,max,balanced,cached_mxbai,3101,1782208318.0425327,,,
879,0,svm,max,balanced,cached_mxbai,3102,1782208318.455065,,,
4678,0,svm,max,balanced,cached_mxbai,3103,1782208318.873056,,,
343,0,svm,max,balanced,cached_mxbai,3104,1782208319.2795138,,,
3465,0,svm,max,balanced,cached_mxbai,3105,1782208319.6885345,,,
8288,0,svm,max,balanced,cached_mxbai,3106,1782208320.098134,,,
7156,0,svm,max,balanced,cached_mxbai,3107,1782208320.506698,,,
82,0,svm,max,balanced,cached_mxbai,3108,1782208320.912581,,,
8931,0,svm,max,balanced,cached_mxbai,3109,1782208321.3251693,,,
5384,0,svm,max,balanced,cached_mxbai,3110,1782208321.734303,,,
605,0,svm,max,balanced,cached_mxbai,3111,1782208322.1426146,,,
7671,0,svm,max,balanced,cached_mxbai,3112,1782208322.5515,,,
4993,0,svm,max,balanced,cached_mxbai,3113,1782208322.974412,,,
2379,0,svm,max,balanced,cached_mxbai,3114,1782208323.38487,,,
2321,0,svm,max,balanced,cached_mxbai,3115,1782208323.7930045,,,
10032,0,svm,max,balanced,cached_mxbai,3116,1782208324.202685,,,
5849,0,svm,max,balanced,cached_mxbai,3117,1782208324.6158311,,,
9903,0,svm,max,balanced,cached_mxbai,3118,1782208325.0279303,,,
7937,0,svm,max,balanced,cached_mxbai,3119,1782208325.4522593,,,
4125,0,svm,max,balanced,cached_mxbai,3120,1782208325.8602006,,,
9463,0,svm,max,balanced,cached_mxbai,3121,1782208326.2618551,,,
4579,0,svm,max,balanced,cached_mxbai,3122,1782208326.666108,,,
4254,0,svm,max,balanced,cached_mxbai,3123,1782208327.0697591,,,
1007,0,svm,max,balanced,cached_mxbai,3124,1782208327.4819758,,,
3103,0,svm,max,balanced,cached_mxbai,3125,1782208327.8850503,,,
7677,0,svm,max,balanced,cached_mxbai,3126,1782208328.2947967,,,
5688,0,svm,max,balanced,cached_mxbai,3127,1782208328.7008233,,,
9587,0,svm,max,balanced,cached_mxbai,3128,1782208329.108762,,,
894,0,svm,max,balanced,cached_mxbai,3129,1782208329.511224,,,
9983,0,svm,max,balanced,cached_mxbai,3130,1782208329.914591,,,
3746,0,svm,max,balanced,cached_mxbai,3131,1782208330.3213255,,,
8090,0,svm,max,balanced,cached_mxbai,3132,1782208330.7279818,,,
6218,0,svm,max,balanced,cached_mxbai,3133,1782208331.1417964,,,
1545,0,svm,max,balanced,cached_mxbai,3134,1782208331.551216,,,
4776,0,svm,max,balanced,cached_mxbai,3135,1782208331.957224,,,
2646,0,svm,max,balanced,cached_mxbai,3136,1782208332.3640137,,,
8859,0,svm,max,balanced,cached_mxbai,3137,1782208332.7731526,,,
6855,0,svm,max,balanced,cached_mxbai,3138,1782208333.1851208,,,
6715,0,svm,max,balanced,cached_mxbai,3139,1782208333.5960348,,,
8161,0,svm,max,balanced,cached_mxbai,3140,1782208334.0058348,,,
4556,0,svm,max,balanced,cached_mxbai,3141,1782208334.4152687,,,
1399,0,svm,max,balanced,cached_mxbai,3142,1782208334.8241937,,,
555,0,svm,max,balanced,cached_mxbai,3143,1782208335.2494583,,,
2332,0,svm,max,balanced,cached_mxbai,3144,1782208335.6802747,,,
7731,0,svm,max,balanced,cached_mxbai,3145,1782208336.0885987,,,
5261,0,svm,max,balanced,cached_mxbai,3146,1782208336.5017319,,,
9546,0,svm,max,balanced,cached_mxbai,3147,1782208336.9197543,,,
7326,0,svm,max,balanced,cached_mxbai,3148,1782208337.3405116,,,
7698,0,svm,max,balanced,cached_mxbai,3149,1782208337.758873,,,
3128,0,svm,max,balanced,cached_mxbai,3150,1782208338.1895196,,,
4819,0,svm,max,balanced,cached_mxbai,3151,1782208338.6120248,,,
40,0,svm,max,balanced,cached_mxbai,3152,1782208339.0377495,,,
6474,0,svm,max,balanced,cached_mxbai,3153,1782208339.4715216,,,
6689,0,svm,max,balanced,cached_mxbai,3154,1782208339.8907406,,,
5390,0,svm,max,balanced,cached_mxbai,3155,1782208340.3136282,,,
10163,0,svm,max,balanced,cached_mxbai,3156,1782208340.7335775,,,
3546,0,svm,max,balanced,cached_mxbai,3157,1782208341.1585996,,,
8856,0,svm,max,balanced,cached_mxbai,3158,1782208341.583577,,,
1940,0,svm,max,balanced,cached_mxbai,3159,1782208342.0052128,,,
4385,0,svm,max,balanced,cached_mxbai,3160,1782208342.4340498,,,
1503,0,svm,max,balanced,cached_mxbai,3161,1782208342.8579175,,,
7692,0,svm,max,balanced,cached_mxbai,3162,1782208343.2918496,,,
4321,0,svm,max,balanced,cached_mxbai,3163,1782208343.7202196,,,
9668,0,svm,max,balanced,cached_mxbai,3164,1782208344.1480205,,,
7991,0,svm,max,balanced,cached_mxbai,3165,1782208344.5546103,,,
7419,0,svm,max,balanced,cached_mxbai,3166,1782208344.9657397,,,
6698,0,svm,max,balanced,cached_mxbai,3167,1782208345.411028,,,
5640,0,svm,max,balanced,cached_mxbai,3168,1782208345.8222742,,,
4639,0,svm,max,balanced,cached_mxbai,3169,1782208346.2368906,,,
1757,0,svm,max,balanced,cached_mxbai,3170,1782208346.6529427,,,
3739,0,svm,max,balanced,cached_mxbai,3171,1782208347.0672598,,,
4408,0,svm,max,balanced,cached_mxbai,3172,1782208347.4845502,,,
2567,0,svm,max,balanced,cached_mxbai,3173,1782208347.8975224,,,
416,0,svm,max,balanced,cached_mxbai,3174,1782208348.3166618,,,
151,0,svm,max,balanced,cached_mxbai,3175,1782208348.7328947,,,
1551,0,svm,max,balanced,cached_mxbai,3176,1782208349.149145,,,
5004,0,svm,max,balanced,cached_mxbai,3177,1782208349.5638676,,,
100,0,svm,max,balanced,cached_mxbai,3178,1782208349.9786742,,,
6144,0,svm,max,balanced,cached_mxbai,3179,1782208350.3926287,,,
10198,0,svm,max,balanced,cached_mxbai,3180,1782208350.8071823,,,
5431,0,svm,max,balanced,cached_mxbai,3181,1782208351.2231908,,,
3105,0,svm,max,balanced,cached_mxbai,3182,1782208351.6373107,,,
3636,0,svm,max,balanced,cached_mxbai,3183,1782208352.0606716,,,
9700,0,svm,max,balanced,cached_mxbai,3184,1782208352.491539,,,
1273,0,svm,max,balanced,cached_mxbai,3185,1782208352.9233196,,,
9858,0,svm,max,balanced,cached_mxbai,3186,1782208353.3434553,,,
7650,0,svm,max,balanced,cached_mxbai,3187,1782208353.7552989,,,
6081,0,svm,max,balanced,cached_mxbai,3188,1782208354.1738548,,,
10269,0,svm,max,balanced,cached_mxbai,3189,1782208354.5932639,,,
5127,0,svm,max,balanced,cached_mxbai,3190,1782208355.0094802,,,
4848,0,svm,max,balanced,cached_mxbai,3191,1782208355.444648,,,
8207,0,svm,max,balanced,cached_mxbai,3192,1782208355.8603652,,,
3990,0,svm,max,balanced,cached_mxbai,3193,1782208356.2859678,,,
7674,0,svm,max,balanced,cached_mxbai,3194,1782208356.7127676,,,
3365,0,svm,max,balanced,cached_mxbai,3195,1782208357.1298206,,,
1187,0,svm,max,balanced,cached_mxbai,3196,1782208357.5509944,,,
4178,0,svm,max,balanced,cached_mxbai,3197,1782208357.9649062,,,
1924,0,svm,max,balanced,cached_mxbai,3198,1782208358.3867514,,,
5540,0,svm,max,balanced,cached_mxbai,3199,1782208358.8070202,,,
7449,0,svm,max,balanced,cached_mxbai,3200,1782208359.2296858,,,
4583,0,svm,max,balanced,cached_mxbai,3201,1782208359.6495166,,,
3051,0,svm,max,balanced,cached_mxbai,3202,1782208360.067922,,,
8414,0,svm,max,balanced,cached_mxbai,3203,1782208360.4905097,,,
3348,0,svm,max,balanced,cached_mxbai,3204,1782208360.9137642,,,
4802,0,svm,max,balanced,cached_mxbai,3205,1782208361.3378553,,,
3681,0,svm,max,balanced,cached_mxbai,3206,1782208361.756986,,,
949,0,svm,max,balanced,cached_mxbai,3207,1782208362.1760616,,,
8173,0,svm,max,balanced,cached_mxbai,3208,1782208362.598811,,,
3453,0,svm,max,balanced,cached_mxbai,3209,1782208363.019488,,,
8409,0,svm,max,balanced,cached_mxbai,3210,1782208363.44714,,,
6584,0,svm,max,balanced,cached_mxbai,3211,1782208363.8735294,,,
4904,0,svm,max,balanced,cached_mxbai,3212,1782208364.3011081,,,
2197,0,svm,max,balanced,cached_mxbai,3213,1782208364.7286844,,,
7533,0,svm,max,balanced,cached_mxbai,3214,1782208365.1736805,,,
673,0,svm,max,balanced,cached_mxbai,3215,1782208365.6690097,,,
162,0,svm,max,balanced,cached_mxbai,3216,1782208366.1529992,,,
337,0,svm,max,balanced,cached_mxbai,3217,1782208366.6277342,,,
8715,0,svm,max,balanced,cached_mxbai,3218,1782208367.101729,,,
5546,0,svm,max,balanced,cached_mxbai,3219,1782208367.5771081,,,
3258,0,svm,max,balanced,cached_mxbai,3220,1782208368.047929,,,
7783,0,svm,max,balanced,cached_mxbai,3221,1782208368.5220695,,,
6373,0,svm,max,balanced,cached_mxbai,3222,1782208369.001916,,,
3437,0,svm,max,balanced,cached_mxbai,3223,1782208369.4942827,,,
1137,0,svm,max,balanced,cached_mxbai,3224,1782208369.9768722,,,
1331,0,svm,max,balanced,cached_mxbai,3225,1782208370.4079435,,,
4833,0,svm,max,balanced,cached_mxbai,3226,1782208370.891528,,,
8287,0,svm,max,balanced,cached_mxbai,3227,1782208371.327721,,,
7608,0,svm,max,balanced,cached_mxbai,3228,1782208371.8144634,,,
6939,0,svm,max,balanced,cached_mxbai,3229,1782208372.2417154,,,
7532,0,svm,max,balanced,cached_mxbai,3230,1782208372.6701376,,,
3896,0,svm,max,balanced,cached_mxbai,3231,1782208373.0951896,,,
3567,0,svm,max,balanced,cached_mxbai,3232,1782208373.5275805,,,
8181,0,svm,max,balanced,cached_mxbai,3233,1782208373.9549644,,,
5730,0,svm,max,balanced,cached_mxbai,3234,1782208374.3898222,,,
128,0,svm,max,balanced,cached_mxbai,3235,1782208374.8179116,,,
797,0,svm,max,balanced,cached_mxbai,3236,1782208375.255136,,,
2587,0,svm,max,balanced,cached_mxbai,3237,1782208375.6931195,,,
4794,0,svm,max,balanced,cached_mxbai,3238,1782208376.117707,,,
2700,0,svm,max,balanced,cached_mxbai,3239,1782208376.5428936,,,
5073,0,svm,max,balanced,cached_mxbai,3240,1782208376.9719226,,,
3910,0,svm,max,balanced,cached_mxbai,3241,1782208377.4276268,,,
5889,0,svm,max,balanced,cached_mxbai,3242,1782208377.8580973,,,
956,0,svm,max,balanced,cached_mxbai,3243,1782208378.2912414,,,
3149,0,svm,max,balanced,cached_mxbai,3244,1782208378.72169,,,
5545,0,svm,max,balanced,cached_mxbai,3245,1782208379.1487403,,,
4401,0,svm,max,balanced,cached_mxbai,3246,1782208379.577334,,,
7472,0,svm,max,balanced,cached_mxbai,3247,1782208380.0006013,,,
8565,0,svm,max,balanced,cached_mxbai,3248,1782208380.4252388,,,
3172,0,svm,max,balanced,cached_mxbai,3249,1782208380.8520508,,,
4940,0,svm,max,balanced,cached_mxbai,3250,1782208381.2792614,,,
7807,0,svm,max,balanced,cached_mxbai,3251,1782208381.7048445,,,
198,0,svm,max,balanced,cached_mxbai,3252,1782208382.129611,,,
7696,0,svm,max,balanced,cached_mxbai,3253,1782208382.5571935,,,
3964,0,svm,max,balanced,cached_mxbai,3254,1782208382.985812,,,
2766,0,svm,max,balanced,cached_mxbai,3255,1782208383.4165561,,,
7429,0,svm,max,balanced,cached_mxbai,3256,1782208383.8437335,,,
4405,0,svm,max,balanced,cached_mxbai,3257,1782208384.272713,,,
7886,0,svm,max,balanced,cached_mxbai,3258,1782208384.7009017,,,
5993,0,svm,max,balanced,cached_mxbai,3259,1782208385.13509,,,
8264,0,svm,max,balanced,cached_mxbai,3260,1782208385.6000435,,,
5101,0,svm,max,balanced,cached_mxbai,3261,1782208386.0275316,,,
7437,0,svm,max,balanced,cached_mxbai,3262,1782208386.4520137,,,
3678,0,svm,max,balanced,cached_mxbai,3263,1782208386.8810918,,,
2569,0,svm,max,balanced,cached_mxbai,3264,1782208387.3147647,,,
4780,0,svm,max,balanced,cached_mxbai,3265,1782208387.73796,,,
6052,0,svm,max,balanced,cached_mxbai,3266,1782208388.1637194,,,
6252,0,svm,max,balanced,cached_mxbai,3267,1782208388.589032,,,
3113,0,svm,max,balanced,cached_mxbai,3268,1782208389.0161598,,,
5109,0,svm,max,balanced,cached_mxbai,3269,1782208389.4423163,,,
8568,0,svm,max,balanced,cached_mxbai,3270,1782208389.8674955,,,
5162,0,svm,max,balanced,cached_mxbai,3271,1782208390.3107107,,,
6586,0,svm,max,balanced,cached_mxbai,3272,1782208390.7418442,,,
4084,0,svm,max,balanced,cached_mxbai,3273,1782208391.1671655,,,
936,0,svm,max,balanced,cached_mxbai,3274,1782208391.5978904,,,
794,0,svm,max,balanced,cached_mxbai,3275,1782208392.0253496,,,
8051,0,svm,max,balanced,cached_mxbai,3276,1782208392.453907,,,
3275,0,svm,max,balanced,cached_mxbai,3277,1782208392.8784645,,,
6927,0,svm,max,balanced,cached_mxbai,3278,1782208393.363611,,,
7621,0,svm,max,balanced,cached_mxbai,3279,1782208393.845347,,,
6737,0,svm,max,balanced,cached_mxbai,3280,1782208394.3290823,,,
4897,0,svm,max,balanced,cached_mxbai,3281,1782208394.8159585,,,
6578,0,svm,max,balanced,cached_mxbai,3282,1782208395.3273835,,,
8203,0,svm,max,balanced,cached_mxbai,3283,1782208395.8171842,,,
1618,0,svm,max,balanced,cached_mxbai,3284,1782208396.3042276,,,
1673,0,svm,max,balanced,cached_mxbai,3285,1782208396.7887769,,,
9053,0,svm,max,balanced,cached_mxbai,3286,1782208397.2700403,,,
4656,0,svm,max,balanced,cached_mxbai,3287,1782208397.7563827,,,
10199,0,svm,max,balanced,cached_mxbai,3288,1782208398.238558,,,
3473,0,svm,max,balanced,cached_mxbai,3289,1782208398.725311,,,
4835,0,svm,max,balanced,cached_mxbai,3290,1782208399.2089853,,,
2872,0,svm,max,balanced,cached_mxbai,3291,1782208399.6393754,,,
4174,0,svm,max,balanced,cached_mxbai,3292,1782208400.0698545,,,
8482,0,svm,max,balanced,cached_mxbai,3293,1782208400.513263,,,
2203,0,svm,max,balanced,cached_mxbai,3294,1782208400.9425883,,,
3522,0,svm,max,balanced,cached_mxbai,3295,1782208401.3729722,,,
155,0,svm,max,balanced,cached_mxbai,3296,1782208401.8051558,,,
2917,0,svm,max,balanced,cached_mxbai,3297,1782208402.2338982,,,
230,0,svm,max,balanced,cached_mxbai,3298,1782208402.660882,,,
7788,0,svm,max,balanced,cached_mxbai,3299,1782208403.0909855,,,
4263,0,svm,max,balanced,cached_mxbai,3300,1782208403.529312,,,
7386,0,svm,max,balanced,cached_mxbai,3301,1782208403.958049,,,
7042,0,svm,max,balanced,cached_mxbai,3302,1782208404.4039104,,,
2414,0,svm,max,balanced,cached_mxbai,3303,1782208404.8320527,,,
4603,0,svm,max,balanced,cached_mxbai,3304,1782208405.2904623,,,
8818,0,svm,max,balanced,cached_mxbai,3305,1782208405.7226377,,,
9427,0,svm,max,balanced,cached_mxbai,3306,1782208406.1521893,,,
6348,0,svm,max,balanced,cached_mxbai,3307,1782208406.581067,,,
3719,0,svm,max,balanced,cached_mxbai,3308,1782208407.0129094,,,
1515,0,svm,max,balanced,cached_mxbai,3309,1782208407.4616792,,,
9555,0,svm,max,balanced,cached_mxbai,3310,1782208407.90986,,,
354,0,svm,max,balanced,cached_mxbai,3311,1782208408.3572998,,,
4864,0,svm,max,balanced,cached_mxbai,3312,1782208408.8136153,,,
7936,0,svm,max,balanced,cached_mxbai,3313,1782208409.2543728,,,
2270,0,svm,max,balanced,cached_mxbai,3314,1782208409.7071667,,,
1701,0,svm,max,balanced,cached_mxbai,3315,1782208410.1502168,,,
6666,0,svm,max,balanced,cached_mxbai,3316,1782208410.5977697,,,
7436,0,svm,max,balanced,cached_mxbai,3317,1782208411.0434308,,,
2028,0,svm,max,balanced,cached_mxbai,3318,1782208411.497807,,,
4623,0,svm,max,balanced,cached_mxbai,3319,1782208411.9440587,,,
5118,0,svm,max,balanced,cached_mxbai,3320,1782208412.3922536,,,
630,0,svm,max,balanced,cached_mxbai,3321,1782208412.838608,,,
5878,0,svm,max,balanced,cached_mxbai,3322,1782208413.2864382,,,
618,0,svm,max,balanced,cached_mxbai,3323,1782208413.737477,,,
4071,0,svm,max,balanced,cached_mxbai,3324,1782208414.182951,,,
4998,0,svm,max,balanced,cached_mxbai,3325,1782208414.6307156,,,
2250,0,svm,max,balanced,cached_mxbai,3326,1782208415.0815294,,,
4512,0,svm,max,balanced,cached_mxbai,3327,1782208415.555182,,,
112,0,svm,max,balanced,cached_mxbai,3328,1782208416.0051625,,,
3621,0,svm,max,balanced,cached_mxbai,3329,1782208416.458632,,,
2855,0,svm,max,balanced,cached_mxbai,3330,1782208416.91618,,,
9863,0,svm,max,balanced,cached_mxbai,3331,1782208417.368459,,,
3706,0,svm,max,balanced,cached_mxbai,3332,1782208417.8190498,,,
411,0,svm,max,balanced,cached_mxbai,3333,1782208418.2617142,,,
601,0,svm,max,balanced,cached_mxbai,3334,1782208418.7107472,,,
4146,0,svm,max,balanced,cached_mxbai,3335,1782208419.1593137,,,
830,0,svm,max,balanced,cached_mxbai,3336,1782208419.6045363,,,
4433,0,svm,max,balanced,cached_mxbai,3337,1782208420.0528898,,,
4934,0,svm,max,balanced,cached_mxbai,3338,1782208420.5073462,,,
441,0,svm,max,balanced,cached_mxbai,3339,1782208420.9533892,,,
4005,0,svm,max,balanced,cached_mxbai,3340,1782208421.4083009,,,
6405,0,svm,max,balanced,cached_mxbai,3341,1782208421.8540733,,,
7015,0,svm,max,balanced,cached_mxbai,3342,1782208422.299285,,,
1091,0,svm,max,balanced,cached_mxbai,3343,1782208422.7445958,,,
7224,0,svm,max,balanced,cached_mxbai,3344,1782208423.1943972,,,
4739,0,svm,max,balanced,cached_mxbai,3345,1782208423.6446023,,,
8773,0,svm,max,balanced,cached_mxbai,3346,1782208424.0998678,,,
9179,0,svm,max,balanced,cached_mxbai,3347,1782208424.5484593,,,
9163,0,svm,max,balanced,cached_mxbai,3348,1782208425.002163,,,
7316,0,svm,max,balanced,cached_mxbai,3349,1782208425.4813209,,,
8576,0,svm,max,balanced,cached_mxbai,3350,1782208425.9360127,,,
5892,0,svm,max,balanced,cached_mxbai,3351,1782208426.3860884,,,
8406,0,svm,max,balanced,cached_mxbai,3352,1782208426.8383331,,,
4777,0,svm,max,balanced,cached_mxbai,3353,1782208427.2893076,,,
7004,0,svm,max,balanced,cached_mxbai,3354,1782208427.7433672,,,
9373,0,svm,max,balanced,cached_mxbai,3355,1782208428.1931453,,,
1340,0,svm,max,balanced,cached_mxbai,3356,1782208428.650245,,,
7234,0,svm,max,balanced,cached_mxbai,3357,1782208429.1129706,,,
3860,0,svm,max,balanced,cached_mxbai,3358,1782208429.5746882,,,
8327,0,svm,max,balanced,cached_mxbai,3359,1782208430.0395412,,,
4641,0,svm,max,balanced,cached_mxbai,3360,1782208430.4906156,,,
1395,0,svm,max,balanced,cached_mxbai,3361,1782208430.942248,,,
5158,0,svm,max,balanced,cached_mxbai,3362,1782208431.3931403,,,
8947,0,svm,max,balanced,cached_mxbai,3363,1782208431.853415,,,
8728,0,svm,max,balanced,cached_mxbai,3364,1782208432.3024504,,,
6728,0,svm,max,balanced,cached_mxbai,3365,1782208432.75639,,,
659,0,svm,max,balanced,cached_mxbai,3366,1782208433.206746,,,
6262,0,svm,max,balanced,cached_mxbai,3367,1782208433.6589227,,,
9626,0,svm,max,balanced,cached_mxbai,3368,1782208434.1105318,,,
3325,0,svm,max,balanced,cached_mxbai,3369,1782208434.5601933,,,
5123,0,svm,max,balanced,cached_mxbai,3370,1782208435.0103264,,,
10366,0,svm,max,balanced,cached_mxbai,3371,1782208435.482179,,,
270,0,svm,max,balanced,cached_mxbai,3372,1782208435.9335785,,,
9140,0,svm,max,balanced,cached_mxbai,3373,1782208436.3796418,,,
4387,0,svm,max,balanced,cached_mxbai,3374,1782208436.8335736,,,
9327,0,svm,max,balanced,cached_mxbai,3375,1782208437.2946527,,,
6756,0,svm,max,balanced,cached_mxbai,3376,1782208437.7478273,,,
3985,0,svm,max,balanced,cached_mxbai,3377,1782208438.197056,,,
3086,0,svm,max,balanced,cached_mxbai,3378,1782208438.661734,,,
4756,0,svm,max,balanced,cached_mxbai,3379,1782208439.129392,,,
7892,0,svm,max,balanced,cached_mxbai,3380,1782208439.585942,,,
8611,0,svm,max,balanced,cached_mxbai,3381,1782208440.0448966,,,
4594,0,svm,max,balanced,cached_mxbai,3382,1782208440.4995482,,,
754,0,svm,max,balanced,cached_mxbai,3383,1782208440.953251,,,
3287,0,svm,max,balanced,cached_mxbai,3384,1782208441.4095526,,,
1207,0,svm,max,balanced,cached_mxbai,3385,1782208441.864883,,,
522,0,svm,max,balanced,cached_mxbai,3386,1782208442.3179219,,,
6662,0,svm,max,balanced,cached_mxbai,3387,1782208442.7702513,,,
9336,0,svm,max,balanced,cached_mxbai,3388,1782208443.22421,,,
5105,0,svm,max,balanced,cached_mxbai,3389,1782208443.6807172,,,
2372,0,svm,max,balanced,cached_mxbai,3390,1782208444.1390028,,,
1195,0,svm,max,balanced,cached_mxbai,3391,1782208444.5946,,,
5806,0,svm,max,balanced,cached_mxbai,3392,1782208445.0491412,,,
4074,0,svm,max,balanced,cached_mxbai,3393,1782208445.519799,,,
36,0,svm,max,balanced,cached_mxbai,3394,1782208445.9810238,,,
4850,0,svm,max,balanced,cached_mxbai,3395,1782208446.4401002,,,
9721,0,svm,max,balanced,cached_mxbai,3396,1782208446.902362,,,
3545,0,svm,max,balanced,cached_mxbai,3397,1782208447.3594203,,,
6554,0,svm,max,balanced,cached_mxbai,3398,1782208447.8168094,,,
1132,0,svm,max,balanced,cached_mxbai,3399,1782208448.2705822,,,
4704,0,svm,max,balanced,cached_mxbai,3400,1782208448.729525,,,
5420,0,svm,max,balanced,cached_mxbai,3401,1782208449.186406,,,
4220,0,svm,max,balanced,cached_mxbai,3402,1782208449.6461143,,,
878,0,svm,max,balanced,cached_mxbai,3403,1782208450.0992582,,,
5882,0,svm,max,balanced,cached_mxbai,3404,1782208450.5605195,,,
3773,0,svm,max,balanced,cached_mxbai,3405,1782208451.021605,,,
4009,0,svm,max,balanced,cached_mxbai,3406,1782208451.4794867,,,
4922,0,svm,max,balanced,cached_mxbai,3407,1782208451.9413235,,,
6731,0,svm,max,balanced,cached_mxbai,3408,1782208452.3919547,,,
10020,0,svm,max,balanced,cached_mxbai,3409,1782208452.847191,,,
3975,0,svm,max,balanced,cached_mxbai,3410,1782208453.3021564,,,
4199,0,svm,max,balanced,cached_mxbai,3411,1782208453.765824,,,
7053,0,svm,max,balanced,cached_mxbai,3412,1782208454.223575,,,
3620,0,svm,max,balanced,cached_mxbai,3413,1782208454.6815917,,,
225,0,svm,max,balanced,cached_mxbai,3414,1782208455.1402628,,,
4891,0,svm,max,balanced,cached_mxbai,3415,1782208455.632754,,,
7757,0,svm,max,balanced,cached_mxbai,3416,1782208456.0930164,,,
7883,0,svm,max,balanced,cached_mxbai,3417,1782208456.5518894,,,
671,0,svm,max,balanced,cached_mxbai,3418,1782208457.0059876,,,
2551,0,svm,max,balanced,cached_mxbai,3419,1782208457.4645457,,,
5192,0,svm,max,balanced,cached_mxbai,3420,1782208457.9280367,,,
3573,0,svm,max,balanced,cached_mxbai,3421,1782208458.3876503,,,
4572,0,svm,max,balanced,cached_mxbai,3422,1782208458.8544033,,,
3499,0,svm,max,balanced,cached_mxbai,3423,1782208459.3169832,,,
7746,0,svm,max,balanced,cached_mxbai,3424,1782208459.7802517,,,
10017,0,svm,max,balanced,cached_mxbai,3425,1782208460.2445512,,,
4384,0,svm,max,balanced,cached_mxbai,3426,1782208460.7346334,,,
3765,0,svm,max,balanced,cached_mxbai,3427,1782208461.246272,,,
1477,0,svm,max,balanced,cached_mxbai,3428,1782208461.727529,,,
4171,0,svm,max,balanced,cached_mxbai,3429,1782208462.1904874,,,
3907,0,svm,max,balanced,cached_mxbai,3430,1782208462.649172,,,
7700,0,svm,max,balanced,cached_mxbai,3431,1782208463.1085153,,,
7123,0,svm,max,balanced,cached_mxbai,3432,1782208463.569618,,,
6772,0,svm,max,balanced,cached_mxbai,3433,1782208464.0295987,,,
4883,0,svm,max,balanced,cached_mxbai,3434,1782208464.4922872,,,
4430,0,svm,max,balanced,cached_mxbai,3435,1782208464.9510968,,,
10126,0,svm,max,balanced,cached_mxbai,3436,1782208465.4561312,,,
9619,0,svm,max,balanced,cached_mxbai,3437,1782208465.9243896,,,
4832,0,svm,max,balanced,cached_mxbai,3438,1782208466.3871334,,,
3948,0,svm,max,balanced,cached_mxbai,3439,1782208466.8485794,,,
167,0,svm,max,balanced,cached_mxbai,3440,1782208467.3085427,,,
6057,0,svm,max,balanced,cached_mxbai,3441,1782208467.7708857,,,
3824,0,svm,max,balanced,cached_mxbai,3442,1782208468.2351046,,,
8466,0,svm,max,balanced,cached_mxbai,3443,1782208468.6958797,,,
3766,0,svm,max,balanced,cached_mxbai,3444,1782208469.157645,,,
7221,0,svm,max,balanced,cached_mxbai,3445,1782208469.6216893,,,
5906,0,svm,max,balanced,cached_mxbai,3446,1782208470.0951216,,,
7782,0,svm,max,balanced,cached_mxbai,3447,1782208470.5574484,,,
6814,0,svm,max,balanced,cached_mxbai,3448,1782208471.0796149,,,
4439,0,svm,max,balanced,cached_mxbai,3449,1782208471.546332,,,
6290,0,svm,max,balanced,cached_mxbai,3450,1782208472.0131066,,,
674,0,svm,max,balanced,cached_mxbai,3451,1782208472.474155,,,
8785,0,svm,max,balanced,cached_mxbai,3452,1782208472.9999394,,,
4170,0,svm,max,balanced,cached_mxbai,3453,1782208473.5183463,,,
3263,0,svm,max,balanced,cached_mxbai,3454,1782208473.9817328,,,
6221,0,svm,max,balanced,cached_mxbai,3455,1782208474.4420366,,,
4060,0,svm,max,balanced,cached_mxbai,3456,1782208474.911547,,,
9939,0,svm,max,balanced,cached_mxbai,3457,1782208475.393604,,,
3978,0,svm,max,balanced,cached_mxbai,3458,1782208475.8572783,,,
108,0,svm,max,balanced,cached_mxbai,3459,1782208476.32052,,,
3189,0,svm,max,balanced,cached_mxbai,3460,1782208476.7830029,,,
7581,0,svm,max,balanced,cached_mxbai,3461,1782208477.2490108,,,
4509,0,svm,max,balanced,cached_mxbai,3462,1782208477.7183104,,,
651,0,svm,max,balanced,cached_mxbai,3463,1782208478.191194,,,
9426,0,svm,max,balanced,cached_mxbai,3464,1782208478.6535068,,,
9331,0,svm,max,balanced,cached_mxbai,3465,1782208479.1283529,,,
2805,0,svm,max,balanced,cached_mxbai,3466,1782208479.5967658,,,
1144,0,svm,max,balanced,cached_mxbai,3467,1782208480.0695856,,,
2949,0,svm,max,balanced,cached_mxbai,3468,1782208480.536167,,,
1612,0,svm,max,balanced,cached_mxbai,3469,1782208481.0036883,,,
763,0,svm,max,balanced,cached_mxbai,3470,1782208481.4748178,,,
4691,0,svm,max,balanced,cached_mxbai,3471,1782208481.9472015,,,
10332,0,svm,max,balanced,cached_mxbai,3472,1782208482.4123056,,,
7606,0,svm,max,balanced,cached_mxbai,3473,1782208482.879252,,,
7657,0,svm,max,balanced,cached_mxbai,3474,1782208483.3426595,,,
2344,0,svm,max,balanced,cached_mxbai,3475,1782208483.818914,,,
6868,0,svm,max,balanced,cached_mxbai,3476,1782208484.2863197,,,
3596,0,svm,max,balanced,cached_mxbai,3477,1782208484.7555897,,,
5659,0,svm,max,balanced,cached_mxbai,3478,1782208485.225202,,,
3979,0,svm,max,balanced,cached_mxbai,3479,1782208485.7210975,,,
4849,0,svm,max,balanced,cached_mxbai,3480,1782208486.1867933,,,
3214,0,svm,max,balanced,cached_mxbai,3481,1782208486.6530385,,,
2415,0,svm,max,balanced,cached_mxbai,3482,1782208487.120826,,,
4248,0,svm,max,balanced,cached_mxbai,3483,1782208487.5876822,,,
2215,0,svm,max,balanced,cached_mxbai,3484,1782208488.058149,,,
3875,0,svm,max,balanced,cached_mxbai,3485,1782208488.5286198,,,
6206,0,svm,max,balanced,cached_mxbai,3486,1782208489.0003119,,,
7494,0,svm,max,balanced,cached_mxbai,3487,1782208489.4682236,,,
8157,0,svm,max,balanced,cached_mxbai,3488,1782208489.9428794,,,
3589,0,svm,max,balanced,cached_mxbai,3489,1782208490.416982,,,
7729,0,svm,max,balanced,cached_mxbai,3490,1782208490.8880086,,,
772,0,svm,max,balanced,cached_mxbai,3491,1782208491.3792646,,,
3060,0,svm,max,balanced,cached_mxbai,3492,1782208491.8510997,,,
4347,0,svm,max,balanced,cached_mxbai,3493,1782208492.322819,,,
3884,0,svm,max,balanced,cached_mxbai,3494,1782208492.7919433,,,
1495,0,svm,max,balanced,cached_mxbai,3495,1782208493.259597,,,
3410,0,svm,max,balanced,cached_mxbai,3496,1782208493.7299778,,,
9375,0,svm,max,balanced,cached_mxbai,3497,1782208494.2025893,,,
6567,0,svm,max,balanced,cached_mxbai,3498,1782208494.6715364,,,
1478,0,svm,max,balanced,cached_mxbai,3499,1782208495.1404421,,,
5829,0,svm,max,balanced,cached_mxbai,3500,1782208495.6256752,,,
1359,0,svm,max,balanced,cached_mxbai,3501,1782208496.093917,,,
5770,0,svm,max,balanced,cached_mxbai,3502,1782208496.562197,,,
2460,0,svm,max,balanced,cached_mxbai,3503,1782208497.0342484,,,
2229,0,svm,max,balanced,cached_mxbai,3504,1782208497.5132856,,,
5133,0,svm,max,balanced,cached_mxbai,3505,1782208497.983894,,,
8130,0,svm,max,balanced,cached_mxbai,3506,1782208498.453563,,,
1624,0,svm,max,balanced,cached_mxbai,3507,1782208498.928736,,,
9458,0,svm,max,balanced,cached_mxbai,3508,1782208499.398562,,,
4027,0,svm,max,balanced,cached_mxbai,3509,1782208499.8696003,,,
2464,0,svm,max,balanced,cached_mxbai,3510,1782208500.3397067,,,
3337,0,svm,max,balanced,cached_mxbai,3511,1782208500.8083735,,,
5195,0,svm,max,balanced,cached_mxbai,3512,1782208501.2788165,,,
1783,0,svm,max,balanced,cached_mxbai,3513,1782208501.75231,,,
5607,0,svm,max,balanced,cached_mxbai,3514,1782208502.235176,,,
4075,0,svm,max,balanced,cached_mxbai,3515,1782208502.7056122,,,
10089,0,svm,max,balanced,cached_mxbai,3516,1782208503.1873837,,,
4590,0,svm,max,balanced,cached_mxbai,3517,1782208503.6634467,,,
10284,0,svm,max,balanced,cached_mxbai,3518,1782208504.1410832,,,
374,0,svm,max,balanced,cached_mxbai,3519,1782208504.6078684,,,
6247,0,svm,max,balanced,cached_mxbai,3520,1782208505.0838947,,,
1801,0,svm,max,balanced,cached_mxbai,3521,1782208505.5640607,,,
2351,0,svm,max,balanced,cached_mxbai,3522,1782208506.036919,,,
1140,0,svm,max,balanced,cached_mxbai,3523,1782208506.509249,,,
4239,0,svm,max,balanced,cached_mxbai,3524,1782208506.9818225,,,
5006,0,svm,max,balanced,cached_mxbai,3525,1782208507.4527867,,,
10331,0,svm,max,balanced,cached_mxbai,3526,1782208507.9291973,,,
8000,0,svm,max,balanced,cached_mxbai,3527,1782208508.403873,,,
8641,0,svm,max,balanced,cached_mxbai,3528,1782208508.8789175,,,
3276,0,svm,max,balanced,cached_mxbai,3529,1782208509.3493996,,,
9469,0,svm,max,balanced,cached_mxbai,3530,1782208509.8199682,,,
9734,0,svm,max,balanced,cached_mxbai,3531,1782208510.2894883,,,
6142,0,svm,max,balanced,cached_mxbai,3532,1782208510.7613356,,,
9300,0,svm,max,balanced,cached_mxbai,3533,1782208511.2313137,,,
2496,0,svm,max,balanced,cached_mxbai,3534,1782208511.7031806,,,
5191,0,svm,max,balanced,cached_mxbai,3535,1782208512.1711562,,,
1913,0,svm,max,balanced,cached_mxbai,3536,1782208512.641265,,,
5980,0,svm,max,balanced,cached_mxbai,3537,1782208513.1165543,,,
7325,0,svm,max,balanced,cached_mxbai,3538,1782208513.6014807,,,
3356,0,svm,max,balanced,cached_mxbai,3539,1782208514.0825794,,,
3613,0,svm,max,balanced,cached_mxbai,3540,1782208514.5633318,,,
4059,0,svm,max,balanced,cached_mxbai,3541,1782208515.0423853,,,
4024,0,svm,max,balanced,cached_mxbai,3542,1782208515.5393698,,,
4906,0,svm,max,balanced,cached_mxbai,3543,1782208516.0168855,,,
10260,0,svm,max,balanced,cached_mxbai,3544,1782208516.4922702,,,
9523,0,svm,max,balanced,cached_mxbai,3545,1782208516.9688725,,,
1180,0,svm,max,balanced,cached_mxbai,3546,1782208517.4404926,,,
7645,0,svm,max,balanced,cached_mxbai,3547,1782208517.913731,,,
9898,0,svm,max,balanced,cached_mxbai,3548,1782208518.3857715,,,
6498,0,svm,max,balanced,cached_mxbai,3549,1782208518.8600395,,,
10371,0,svm,max,balanced,cached_mxbai,3550,1782208519.3314025,,,
3069,0,svm,max,balanced,cached_mxbai,3551,1782208519.8106258,,,
6742,0,svm,max,balanced,cached_mxbai,3552,1782208520.2882814,,,
1868,0,svm,max,balanced,cached_mxbai,3553,1782208520.764521,,,
2438,0,svm,max,balanced,cached_mxbai,3554,1782208521.2404711,,,
6571,0,svm,max,balanced,cached_mxbai,3555,1782208521.7119107,,,
935,0,svm,max,balanced,cached_mxbai,3556,1782208522.1936932,,,
6610,0,svm,max,balanced,cached_mxbai,3557,1782208522.6642582,,,
4858,0,svm,max,balanced,cached_mxbai,3558,1782208523.144046,,,
6341,0,svm,max,balanced,cached_mxbai,3559,1782208523.618823,,,
5641,0,svm,max,balanced,cached_mxbai,3560,1782208524.0929744,,,
1881,0,svm,max,balanced,cached_mxbai,3561,1782208524.5635076,,,
991,0,svm,max,balanced,cached_mxbai,3562,1782208525.0424936,,,
7999,0,svm,max,balanced,cached_mxbai,3563,1782208525.5298867,,,
7138,0,svm,max,balanced,cached_mxbai,3564,1782208526.008984,,,
2789,0,svm,max,balanced,cached_mxbai,3565,1782208526.4852557,,,
4067,0,svm,max,balanced,cached_mxbai,3566,1782208526.9670062,,,
5065,0,svm,max,balanced,cached_mxbai,3567,1782208527.4447682,,,
10562,0,svm,max,balanced,cached_mxbai,3568,1782208527.9247513,,,
4644,0,svm,max,balanced,cached_mxbai,3569,1782208528.4099455,,,
10544,0,svm,max,balanced,cached_mxbai,3570,1782208528.895711,,,
300,0,svm,max,balanced,cached_mxbai,3571,1782208529.3763366,,,
9175,0,svm,max,balanced,cached_mxbai,3572,1782208529.8661456,,,
6944,0,svm,max,balanced,cached_mxbai,3573,1782208530.3530736,,,
7509,0,svm,max,balanced,cached_mxbai,3574,1782208530.8359993,,,
7218,0,svm,max,balanced,cached_mxbai,3575,1782208531.3149052,,,
9072,0,svm,max,balanced,cached_mxbai,3576,1782208531.7956827,,,
10434,0,svm,max,balanced,cached_mxbai,3577,1782208532.2818046,,,
2515,0,svm,max,balanced,cached_mxbai,3578,1782208532.7607398,,,
9784,0,svm,max,balanced,cached_mxbai,3579,1782208533.2390537,,,
5796,0,svm,max,balanced,cached_mxbai,3580,1782208533.7194655,,,
2211,0,svm,max,balanced,cached_mxbai,3581,1782208534.201144,,,
6998,0,svm,max,balanced,cached_mxbai,3582,1782208534.6814327,,,
8357,0,svm,max,balanced,cached_mxbai,3583,1782208535.1783128,,,
3269,0,svm,max,balanced,cached_mxbai,3584,1782208535.6973255,,,
10468,0,svm,max,balanced,cached_mxbai,3585,1782208536.1975973,,,
4312,0,svm,max,balanced,cached_mxbai,3586,1782208536.6888595,,,
9729,0,svm,max,balanced,cached_mxbai,3587,1782208537.1757483,,,
7755,0,svm,max,balanced,cached_mxbai,3588,1782208537.662174,,,
2130,0,svm,max,balanced,cached_mxbai,3589,1782208538.1551087,,,
8585,0,svm,max,balanced,cached_mxbai,3590,1782208538.6418657,,,
718,0,svm,max,balanced,cached_mxbai,3591,1782208539.131604,,,
5885,0,svm,max,balanced,cached_mxbai,3592,1782208539.6149282,,,
49,0,svm,max,balanced,cached_mxbai,3593,1782208540.103714,,,
6294,0,svm,max,balanced,cached_mxbai,3594,1782208540.5862172,,,
6890,0,svm,max,balanced,cached_mxbai,3595,1782208541.072678,,,
3304,0,svm,max,balanced,cached_mxbai,3596,1782208541.5605397,,,
10541,0,svm,max,balanced,cached_mxbai,3597,1782208542.0553012,,,
5855,0,svm,max,balanced,cached_mxbai,3598,1782208542.5386858,,,
5528,0,svm,max,balanced,cached_mxbai,3599,1782208543.0254805,,,
4665,0,svm,max,balanced,cached_mxbai,3600,1782208543.5108058,,,
395,0,svm,max,balanced,cached_mxbai,3601,1782208544.0019023,,,
5582,0,svm,max,balanced,cached_mxbai,3602,1782208544.4890726,,,
3303,0,svm,max,balanced,cached_mxbai,3603,1782208544.9765022,,,
1268,0,svm,max,balanced,cached_mxbai,3604,1782208545.4947665,,,
4899,0,svm,max,balanced,cached_mxbai,3605,1782208545.9821408,,,
3807,0,svm,max,balanced,cached_mxbai,3606,1782208546.4688008,,,
3463,0,svm,max,balanced,cached_mxbai,3607,1782208546.9594748,,,
1065,0,svm,max,balanced,cached_mxbai,3608,1782208547.4461496,,,
3911,0,svm,max,balanced,cached_mxbai,3609,1782208547.9388797,,,
1903,0,svm,max,balanced,cached_mxbai,3610,1782208548.4235506,,,
4681,0,svm,max,balanced,cached_mxbai,3611,1782208548.917481,,,
3518,0,svm,max,balanced,cached_mxbai,3612,1782208549.4014175,,,
2445,0,svm,max,balanced,cached_mxbai,3613,1782208549.8887439,,,
9223,0,svm,max,balanced,cached_mxbai,3614,1782208550.3721101,,,
7528,0,svm,max,balanced,cached_mxbai,3615,1782208550.8554835,,,
7124,0,svm,max,balanced,cached_mxbai,3616,1782208551.339949,,,
7444,0,svm,max,balanced,cached_mxbai,3617,1782208551.8293302,,,
8783,0,svm,max,balanced,cached_mxbai,3618,1782208552.3170202,,,
924,0,svm,max,balanced,cached_mxbai,3619,1782208552.803419,,,
5156,0,svm,max,balanced,cached_mxbai,3620,1782208553.2856596,,,
7037,0,svm,max,balanced,cached_mxbai,3621,1782208553.7708747,,,
9330,0,svm,max,balanced,cached_mxbai,3622,1782208554.2560868,,,
1332,0,svm,max,balanced,cached_mxbai,3623,1782208554.7397232,,,
5768,0,svm,max,balanced,cached_mxbai,3624,1782208555.2328987,,,
3219,0,svm,max,balanced,cached_mxbai,3625,1782208555.7350814,,,
1301,0,svm,max,balanced,cached_mxbai,3626,1782208556.2191021,,,
3450,0,svm,max,balanced,cached_mxbai,3627,1782208556.7076025,,,
6368,0,svm,max,balanced,cached_mxbai,3628,1782208557.205915,,,
3652,0,svm,max,balanced,cached_mxbai,3629,1782208557.6934,,,
2922,0,svm,max,balanced,cached_mxbai,3630,1782208558.1813471,,,
8883,0,svm,max,balanced,cached_mxbai,3631,1782208558.6700215,,,
4117,0,svm,max,balanced,cached_mxbai,3632,1782208559.163363,,,
3900,0,svm,max,balanced,cached_mxbai,3633,1782208559.650089,,,
56,0,svm,max,balanced,cached_mxbai,3634,1782208560.139833,,,
5554,0,svm,max,balanced,cached_mxbai,3635,1782208560.6277447,,,
196,0,svm,max,balanced,cached_mxbai,3636,1782208561.1172514,,,
4685,0,svm,max,balanced,cached_mxbai,3637,1782208561.6101828,,,
3817,0,svm,max,balanced,cached_mxbai,3638,1782208562.1076689,,,
9166,0,svm,max,balanced,cached_mxbai,3639,1782208562.5991905,,,
5434,0,svm,max,balanced,cached_mxbai,3640,1782208563.091596,,,
1567,0,svm,max,balanced,cached_mxbai,3641,1782208563.576249,,,
1780,0,svm,max,balanced,cached_mxbai,3642,1782208564.0651135,,,
4901,0,svm,max,balanced,cached_mxbai,3643,1782208564.5488307,,,
3721,0,svm,max,balanced,cached_mxbai,3644,1782208565.0563219,,,
6253,0,svm,max,balanced,cached_mxbai,3645,1782208565.561578,,,
9298,0,svm,max,balanced,cached_mxbai,3646,1782208566.056102,,,
1256,0,svm,max,balanced,cached_mxbai,3647,1782208566.550139,,,
4140,0,svm,max,balanced,cached_mxbai,3648,1782208567.0491204,,,
5654,0,svm,max,balanced,cached_mxbai,3649,1782208567.5428994,,,
980,0,svm,max,balanced,cached_mxbai,3650,1782208568.0323231,,,
609,0,svm,max,balanced,cached_mxbai,3651,1782208568.5208778,,,
2553,0,svm,max,balanced,cached_mxbai,3652,1782208569.014591,,,
2801,0,svm,max,balanced,cached_mxbai,3653,1782208569.5083601,,,
8763,0,svm,max,balanced,cached_mxbai,3654,1782208570.0100594,,,
2677,0,svm,max,balanced,cached_mxbai,3655,1782208570.5152194,,,
4605,0,svm,max,balanced,cached_mxbai,3656,1782208571.0049548,,,
3659,0,svm,max,balanced,cached_mxbai,3657,1782208571.4928591,,,
4169,0,svm,max,balanced,cached_mxbai,3658,1782208571.9834094,,,
7938,0,svm,max,balanced,cached_mxbai,3659,1782208572.4757605,,,
140,0,svm,max,balanced,cached_mxbai,3660,1782208572.9641807,,,
126,0,svm,max,balanced,cached_mxbai,3661,1782208573.4543974,,,
10010,0,svm,max,balanced,cached_mxbai,3662,1782208573.9450026,,,
4271,0,svm,max,balanced,cached_mxbai,3663,1782208574.4471033,,,
8548,0,svm,max,balanced,cached_mxbai,3664,1782208574.9551067,,,
3313,0,svm,max,balanced,cached_mxbai,3665,1782208575.4777284,,,
8702,0,svm,max,balanced,cached_mxbai,3666,1782208575.9851203,,,
1749,0,svm,max,balanced,cached_mxbai,3667,1782208576.4965107,,,
1265,0,svm,max,balanced,cached_mxbai,3668,1782208577.0013065,,,
5553,0,svm,max,balanced,cached_mxbai,3669,1782208577.508267,,,
6600,0,svm,max,balanced,cached_mxbai,3670,1782208578.0148544,,,
5070,0,svm,max,balanced,cached_mxbai,3671,1782208578.5172234,,,
10314,0,svm,max,balanced,cached_mxbai,3672,1782208579.0268896,,,
7008,0,svm,max,balanced,cached_mxbai,3673,1782208579.5322018,,,
7261,0,svm,max,balanced,cached_mxbai,3674,1782208580.0399919,,,
4233,0,svm,max,balanced,cached_mxbai,3675,1782208580.54734,,,
6082,0,svm,max,balanced,cached_mxbai,3676,1782208581.0541945,,,
3818,0,svm,max,balanced,cached_mxbai,3677,1782208581.5558856,,,
8258,0,svm,max,balanced,cached_mxbai,3678,1782208582.060839,,,
8184,0,svm,max,balanced,cached_mxbai,3679,1782208582.5785103,,,
1034,0,svm,max,balanced,cached_mxbai,3680,1782208583.084492,,,
5222,0,svm,max,balanced,cached_mxbai,3681,1782208583.5933166,,,
3520,0,svm,max,balanced,cached_mxbai,3682,1782208584.1033099,,,
8399,0,svm,max,balanced,cached_mxbai,3683,1782208584.6086707,,,
8374,0,svm,max,balanced,cached_mxbai,3684,1782208585.1267896,,,
3368,0,svm,max,balanced,cached_mxbai,3685,1782208585.6670935,,,
1979,0,svm,max,balanced,cached_mxbai,3686,1782208586.1856942,,,
1308,0,svm,max,balanced,cached_mxbai,3687,1782208586.7016516,,,
8328,0,svm,max,balanced,cached_mxbai,3688,1782208587.2142243,,,
7818,0,svm,max,balanced,cached_mxbai,3689,1782208587.7273798,,,
163,0,svm,max,balanced,cached_mxbai,3690,1782208588.2437239,,,
1998,0,svm,max,balanced,cached_mxbai,3691,1782208588.752108,,,
7208,0,svm,max,balanced,cached_mxbai,3692,1782208589.2600744,,,
5246,0,svm,max,balanced,cached_mxbai,3693,1782208589.763724,,,
9497,0,svm,max,balanced,cached_mxbai,3694,1782208590.2729912,,,
4822,0,svm,max,balanced,cached_mxbai,3695,1782208590.778602,,,
7688,0,svm,max,balanced,cached_mxbai,3696,1782208591.2873936,,,
4128,0,svm,max,balanced,cached_mxbai,3697,1782208591.800307,,,
1282,0,svm,max,balanced,cached_mxbai,3698,1782208592.312495,,,
764,0,svm,max,balanced,cached_mxbai,3699,1782208592.8207417,,,
3207,0,svm,max,balanced,cached_mxbai,3700,1782208593.3297348,,,
1295,0,svm,max,balanced,cached_mxbai,3701,1782208593.8420544,,,
10102,0,svm,max,balanced,cached_mxbai,3702,1782208594.3622773,,,
5032,0,svm,max,balanced,cached_mxbai,3703,1782208594.8748267,,,
5523,0,svm,max,balanced,cached_mxbai,3704,1782208595.4012575,,,
1798,0,svm,max,balanced,cached_mxbai,3705,1782208595.9123194,,,
10069,0,svm,max,balanced,cached_mxbai,3706,1782208596.4323025,,,
2693,0,svm,max,balanced,cached_mxbai,3707,1782208596.9503977,,,
6452,0,svm,max,balanced,cached_mxbai,3708,1782208597.4743762,,,
6709,0,svm,max,balanced,cached_mxbai,3709,1782208597.9919157,,,
3529,0,svm,max,balanced,cached_mxbai,3710,1782208598.5132253,,,
306,0,svm,max,balanced,cached_mxbai,3711,1782208599.0371168,,,
186,0,svm,max,balanced,cached_mxbai,3712,1782208599.5529065,,,
4249,0,svm,max,balanced,cached_mxbai,3713,1782208600.0694346,,,
4196,0,svm,max,balanced,cached_mxbai,3714,1782208600.58956,,,
7297,0,svm,max,balanced,cached_mxbai,3715,1782208601.1112976,,,
3675,0,svm,max,balanced,cached_mxbai,3716,1782208601.6285663,,,
4714,0,svm,max,balanced,cached_mxbai,3717,1782208602.1510112,,,
8008,0,svm,max,balanced,cached_mxbai,3718,1782208602.6713424,,,
9900,0,svm,max,balanced,cached_mxbai,3719,1782208603.1849158,,,
3397,0,svm,max,balanced,cached_mxbai,3720,1782208603.6952174,,,
5489,0,svm,max,balanced,cached_mxbai,3721,1782208604.2117949,,,
168,0,svm,max,balanced,cached_mxbai,3722,1782208604.7268834,,,
1363,0,svm,max,balanced,cached_mxbai,3723,1782208605.2618382,,,
8509,0,svm,max,balanced,cached_mxbai,3724,1782208605.7817638,,,
9362,0,svm,max,balanced,cached_mxbai,3725,1782208606.3039687,,,
7093,0,svm,max,balanced,cached_mxbai,3726,1782208606.8195462,,,
1889,0,svm,max,balanced,cached_mxbai,3727,1782208607.3422287,,,
7965,0,svm,max,balanced,cached_mxbai,3728,1782208607.865804,,,
2780,0,svm,max,balanced,cached_mxbai,3729,1782208608.3848944,,,
148,0,svm,max,balanced,cached_mxbai,3730,1782208608.9064312,,,
2337,0,svm,max,balanced,cached_mxbai,3731,1782208609.434325,,,
5030,0,svm,max,balanced,cached_mxbai,3732,1782208609.9560168,,,
1907,0,svm,max,balanced,cached_mxbai,3733,1782208610.4751124,,,
3116,0,svm,max,balanced,cached_mxbai,3734,1782208610.9845772,,,
2055,0,svm,max,balanced,cached_mxbai,3735,1782208611.500311,,,
7525,0,svm,max,balanced,cached_mxbai,3736,1782208612.020672,,,
6978,0,svm,max,balanced,cached_mxbai,3737,1782208612.5382938,,,
8963,0,svm,max,balanced,cached_mxbai,3738,1782208613.056383,,,
7198,0,svm,max,balanced,cached_mxbai,3739,1782208613.5775557,,,
5453,0,svm,max,balanced,cached_mxbai,3740,1782208614.094312,,,
4446,0,svm,max,balanced,cached_mxbai,3741,1782208614.6112683,,,
6495,0,svm,max,balanced,cached_mxbai,3742,1782208615.133401,,,
10256,0,svm,max,balanced,cached_mxbai,3743,1782208615.6676815,,,
9419,0,svm,max,balanced,cached_mxbai,3744,1782208616.1849813,,,
6470,0,svm,max,balanced,cached_mxbai,3745,1782208616.7022197,,,
165,0,svm,max,balanced,cached_mxbai,3746,1782208617.23611,,,
3511,0,svm,max,balanced,cached_mxbai,3747,1782208617.7638693,,,
8112,0,svm,max,balanced,cached_mxbai,3748,1782208618.2827744,,,
1648,0,svm,max,balanced,cached_mxbai,3749,1782208618.8113093,,,
8206,0,svm,max,balanced,cached_mxbai,3750,1782208619.3373995,,,
456,0,svm,max,balanced,cached_mxbai,3751,1782208619.8517797,,,
4995,0,svm,max,balanced,cached_mxbai,3752,1782208620.3712056,,,
156,0,svm,max,balanced,cached_mxbai,3753,1782208620.8948255,,,
8603,0,svm,max,balanced,cached_mxbai,3754,1782208621.4166408,,,
3892,0,svm,max,balanced,cached_mxbai,3755,1782208621.935637,,,
7222,0,svm,max,balanced,cached_mxbai,3756,1782208622.4556103,,,
581,0,svm,max,balanced,cached_mxbai,3757,1782208622.982837,,,
3859,0,svm,max,balanced,cached_mxbai,3758,1782208623.4990494,,,
2793,0,svm,max,balanced,cached_mxbai,3759,1782208624.0158725,,,
8129,0,svm,max,balanced,cached_mxbai,3760,1782208624.5411253,,,
2566,0,svm,max,balanced,cached_mxbai,3761,1782208625.0602493,,,
4727,0,svm,max,balanced,cached_mxbai,3762,1782208625.5993464,,,
268,0,svm,max,balanced,cached_mxbai,3763,1782208626.1275418,,,
5648,0,svm,max,balanced,cached_mxbai,3764,1782208626.64701,,,
9234,0,svm,max,balanced,cached_mxbai,3765,1782208627.173785,,,
8393,0,svm,max,balanced,cached_mxbai,3766,1782208627.6982653,,,
875,0,svm,max,balanced,cached_mxbai,3767,1782208628.2248588,,,
930,0,svm,max,balanced,cached_mxbai,3768,1782208628.7546134,,,
2301,0,svm,max,balanced,cached_mxbai,3769,1782208629.2751617,,,
3635,0,svm,max,balanced,cached_mxbai,3770,1782208629.7917535,,,
661,0,svm,max,balanced,cached_mxbai,3771,1782208630.3190567,,,
4765,0,svm,max,balanced,cached_mxbai,3772,1782208630.845169,,,
4041,0,svm,max,balanced,cached_mxbai,3773,1782208631.373429,,,
9264,0,svm,max,balanced,cached_mxbai,3774,1782208631.8966405,,,
4376,0,svm,max,balanced,cached_mxbai,3775,1782208632.4190195,,,
6083,0,svm,max,balanced,cached_mxbai,3776,1782208632.9391494,,,
4270,0,svm,max,balanced,cached_mxbai,3777,1782208633.4585106,,,
2582,0,svm,max,balanced,cached_mxbai,3778,1782208633.9737403,,,
1257,0,svm,max,balanced,cached_mxbai,3779,1782208634.4976745,,,
2300,0,svm,max,balanced,cached_mxbai,3780,1782208635.020707,,,
4197,0,svm,max,balanced,cached_mxbai,3781,1782208635.5770466,,,
3244,0,svm,max,balanced,cached_mxbai,3782,1782208636.1020334,,,
7193,0,svm,max,balanced,cached_mxbai,3783,1782208636.6305065,,,
8104,0,svm,max,balanced,cached_mxbai,3784,1782208637.1562924,,,
9013,0,svm,max,balanced,cached_mxbai,3785,1782208637.6776502,,,
6037,0,svm,max,balanced,cached_mxbai,3786,1782208638.2023277,,,
2916,0,svm,max,balanced,cached_mxbai,3787,1782208638.721453,,,
5171,0,svm,max,balanced,cached_mxbai,3788,1782208639.2445576,,,
721,0,svm,max,balanced,cached_mxbai,3789,1782208639.766902,,,
1179,0,svm,max,balanced,cached_mxbai,3790,1782208640.297572,,,
8464,0,svm,max,balanced,cached_mxbai,3791,1782208640.821191,,,
7073,0,svm,max,balanced,cached_mxbai,3792,1782208641.344473,,,
10353,0,svm,max,balanced,cached_mxbai,3793,1782208641.8641758,,,
1543,0,svm,max,balanced,cached_mxbai,3794,1782208642.4049582,,,
932,0,svm,max,balanced,cached_mxbai,3795,1782208642.9578402,,,
1336,0,svm,max,balanced,cached_mxbai,3796,1782208643.513545,,,
248,0,svm,max,balanced,cached_mxbai,3797,1782208644.0342174,,,
5064,0,svm,max,balanced,cached_mxbai,3798,1782208644.5621595,,,
9644,0,svm,max,balanced,cached_mxbai,3799,1782208645.0890338,,,
7298,0,svm,max,balanced,cached_mxbai,3800,1782208645.6262276,,,
6214,0,svm,max,balanced,cached_mxbai,3801,1782208646.1495707,,,
4536,0,svm,max,balanced,cached_mxbai,3802,1782208646.6739857,,,
1343,0,svm,max,balanced,cached_mxbai,3803,1782208647.1986294,,,
8502,0,svm,max,balanced,cached_mxbai,3804,1782208647.722023,,,
10286,0,svm,max,balanced,cached_mxbai,3805,1782208648.2467878,,,
4195,0,svm,max,balanced,cached_mxbai,3806,1782208648.7716825,,,
6652,0,svm,max,balanced,cached_mxbai,3807,1782208649.2973003,,,
3944,0,svm,max,balanced,cached_mxbai,3808,1782208649.8237765,,,
154,0,svm,max,balanced,cached_mxbai,3809,1782208650.3476431,,,
4969,0,svm,max,balanced,cached_mxbai,3810,1782208650.8733377,,,
3443,0,svm,max,balanced,cached_mxbai,3811,1782208651.3941655,,,
6403,0,svm,max,balanced,cached_mxbai,3812,1782208651.9205418,,,
7824,0,svm,max,balanced,cached_mxbai,3813,1782208652.4435477,,,
3205,0,svm,max,balanced,cached_mxbai,3814,1782208652.96566,,,
5374,0,svm,max,balanced,cached_mxbai,3815,1782208653.4881022,,,
10469,0,svm,max,balanced,cached_mxbai,3816,1782208654.013122,,,
6828,0,svm,max,balanced,cached_mxbai,3817,1782208654.5408177,,,
5147,0,svm,max,balanced,cached_mxbai,3818,1782208655.0690336,,,
4939,0,svm,max,balanced,cached_mxbai,3819,1782208655.6015735,,,
3480,0,svm,max,balanced,cached_mxbai,3820,1782208656.1266282,,,
7745,0,svm,max,balanced,cached_mxbai,3821,1782208656.65696,,,
8028,0,svm,max,balanced,cached_mxbai,3822,1782208657.1845274,,,
2353,0,svm,max,balanced,cached_mxbai,3823,1782208657.7150955,,,
5379,0,svm,max,balanced,cached_mxbai,3824,1782208658.2476246,,,
6342,0,svm,max,balanced,cached_mxbai,3825,1782208658.7904925,,,
6583,0,svm,max,balanced,cached_mxbai,3826,1782208659.322481,,,
8238,0,svm,max,balanced,cached_mxbai,3827,1782208659.8462327,,,
7941,0,svm,max,balanced,cached_mxbai,3828,1782208660.3720384,,,
1702,0,svm,max,balanced,cached_mxbai,3829,1782208660.8980637,,,
5832,0,svm,max,balanced,cached_mxbai,3830,1782208661.4272182,,,
4735,0,svm,max,balanced,cached_mxbai,3831,1782208661.9528427,,,
1803,0,svm,max,balanced,cached_mxbai,3832,1782208662.4844983,,,
2984,0,svm,max,balanced,cached_mxbai,3833,1782208663.0097873,,,
8529,0,svm,max,balanced,cached_mxbai,3834,1782208663.5453172,,,
4108,0,svm,max,balanced,cached_mxbai,3835,1782208664.0680106,,,
3871,0,svm,max,balanced,cached_mxbai,3836,1782208664.5941827,,,
7922,0,svm,max,balanced,cached_mxbai,3837,1782208665.1262512,,,
7899,0,svm,max,balanced,cached_mxbai,3838,1782208665.6944716,,,
6938,0,svm,max,balanced,cached_mxbai,3839,1782208666.2240286,,,
2650,0,svm,max,balanced,cached_mxbai,3840,1782208666.756518,,,
7908,0,svm,max,balanced,cached_mxbai,3841,1782208667.28289,,,
298,0,svm,max,balanced,cached_mxbai,3842,1782208667.8130314,,,
3240,0,svm,max,balanced,cached_mxbai,3843,1782208668.358176,,,
3595,0,svm,max,balanced,cached_mxbai,3844,1782208668.9175665,,,
3063,0,svm,max,balanced,cached_mxbai,3845,1782208669.450232,,,
7665,0,svm,max,balanced,cached_mxbai,3846,1782208669.9796185,,,
2063,0,svm,max,balanced,cached_mxbai,3847,1782208670.508992,,,
7512,0,svm,max,balanced,cached_mxbai,3848,1782208671.0395067,,,
3876,0,svm,max,balanced,cached_mxbai,3849,1782208671.568183,,,
5150,0,svm,max,balanced,cached_mxbai,3850,1782208672.1017666,,,
5189,0,svm,max,balanced,cached_mxbai,3851,1782208672.6386766,,,
3655,0,svm,max,balanced,cached_mxbai,3852,1782208673.1732268,,,
9484,0,svm,max,balanced,cached_mxbai,3853,1782208673.7277672,,,
1089,0,svm,max,balanced,cached_mxbai,3854,1782208674.2617972,,,
7439,0,svm,max,balanced,cached_mxbai,3855,1782208674.7985206,,,
9385,0,svm,max,balanced,cached_mxbai,3856,1782208675.348372,,,
7566,0,svm,max,balanced,cached_mxbai,3857,1782208675.8848126,,,
6476,0,svm,max,balanced,cached_mxbai,3858,1782208676.418466,,,
729,0,svm,max,balanced,cached_mxbai,3859,1782208676.9497664,,,
9630,0,svm,max,balanced,cached_mxbai,3860,1782208677.5015578,,,
5230,0,svm,max,balanced,cached_mxbai,3861,1782208678.039809,,,
6439,0,svm,max,balanced,cached_mxbai,3862,1782208678.5741756,,,
83,0,svm,max,balanced,cached_mxbai,3863,1782208679.1080601,,,
7161,0,svm,max,balanced,cached_mxbai,3864,1782208679.6444771,,,
10094,0,svm,max,balanced,cached_mxbai,3865,1782208680.1747053,,,
7397,0,svm,max,balanced,cached_mxbai,3866,1782208680.7080052,,,
4259,0,svm,max,balanced,cached_mxbai,3867,1782208681.2411182,,,
7381,0,svm,max,balanced,cached_mxbai,3868,1782208681.7919996,,,
1985,0,svm,max,balanced,cached_mxbai,3869,1782208682.3420563,,,
93,0,svm,max,balanced,cached_mxbai,3870,1782208682.8911812,,,
9378,0,svm,max,balanced,cached_mxbai,3871,1782208683.4362416,,,
4056,0,svm,max,balanced,cached_mxbai,3872,1782208683.971237,,,
3478,0,svm,max,balanced,cached_mxbai,3873,1782208684.5056024,,,
7522,0,svm,max,balanced,cached_mxbai,3874,1782208685.0421042,,,
7918,0,svm,max,balanced,cached_mxbai,3875,1782208685.593324,,,
985,0,svm,max,balanced,cached_mxbai,3876,1782208686.1326523,,,
9540,0,svm,max,balanced,cached_mxbai,3877,1782208686.6708264,,,
588,0,svm,max,balanced,cached_mxbai,3878,1782208687.209829,,,
2687,0,svm,max,balanced,cached_mxbai,3879,1782208687.756213,,,
3429,0,svm,max,balanced,cached_mxbai,3880,1782208688.2972608,,,
7323,0,svm,max,balanced,cached_mxbai,3881,1782208688.8452508,,,
5945,0,svm,max,balanced,cached_mxbai,3882,1782208689.383917,,,
6152,0,svm,max,balanced,cached_mxbai,3883,1782208689.922733,,,
6500,0,svm,max,balanced,cached_mxbai,3884,1782208690.4489646,,,
1890,0,svm,max,balanced,cached_mxbai,3885,1782208690.9904525,,,
9286,0,svm,max,balanced,cached_mxbai,3886,1782208691.5185432,,,
2440,0,svm,max,balanced,cached_mxbai,3887,1782208692.046822,,,
8664,0,svm,max,balanced,cached_mxbai,3888,1782208692.5982227,,,
6908,0,svm,max,balanced,cached_mxbai,3889,1782208693.1492536,,,
10208,0,svm,max,balanced,cached_mxbai,3890,1782208693.6939096,,,
3329,0,svm,max,balanced,cached_mxbai,3891,1782208694.2387476,,,
2605,0,svm,max,balanced,cached_mxbai,3892,1782208694.7743094,,,
8026,0,svm,max,balanced,cached_mxbai,3893,1782208695.328384,,,
2209,0,svm,max,balanced,cached_mxbai,3894,1782208695.8512957,,,
691,0,svm,max,balanced,cached_mxbai,3895,1782208696.3747218,,,
5816,0,svm,max,balanced,cached_mxbai,3896,1782208696.9132288,,,
8653,0,svm,max,balanced,cached_mxbai,3897,1782208697.4388921,,,
7402,0,svm,max,balanced,cached_mxbai,3898,1782208697.9689593,,,
8449,0,svm,max,balanced,cached_mxbai,3899,1782208698.4920485,,,
3483,0,svm,max,balanced,cached_mxbai,3900,1782208699.0289402,,,
10498,0,svm,max,balanced,cached_mxbai,3901,1782208699.5549583,,,
8899,0,svm,max,balanced,cached_mxbai,3902,1782208700.0825605,,,
687,0,svm,max,balanced,cached_mxbai,3903,1782208700.6117206,,,
5055,0,svm,max,balanced,cached_mxbai,3904,1782208701.1390998,,,
1209,0,svm,max,balanced,cached_mxbai,3905,1782208701.665221,,,
6386,0,svm,max,balanced,cached_mxbai,3906,1782208702.1994724,,,
6409,0,svm,max,balanced,cached_mxbai,3907,1782208702.7240214,,,
6090,0,svm,max,balanced,cached_mxbai,3908,1782208703.2513638,,,
6127,0,svm,max,balanced,cached_mxbai,3909,1782208703.7764719,,,
4361,0,svm,max,balanced,cached_mxbai,3910,1782208704.3051877,,,
7388,0,svm,max,balanced,cached_mxbai,3911,1782208704.8311863,,,
1307,0,svm,max,balanced,cached_mxbai,3912,1782208705.3804271,,,
3591,0,svm,max,balanced,cached_mxbai,3913,1782208705.9061146,,,
8254,0,svm,max,balanced,cached_mxbai,3914,1782208706.4355667,,,
2079,0,svm,max,balanced,cached_mxbai,3915,1782208706.9587824,,,
4821,0,svm,max,balanced,cached_mxbai,3916,1782208707.485197,,,
8227,0,svm,max,balanced,cached_mxbai,3917,1782208708.0117433,,,
6450,0,svm,max,balanced,cached_mxbai,3918,1782208708.5447361,,,
8637,0,svm,max,balanced,cached_mxbai,3919,1782208709.070425,,,
408,0,svm,max,balanced,cached_mxbai,3920,1782208709.599874,,,
3667,0,svm,max,balanced,cached_mxbai,3921,1782208710.125979,,,
942,0,svm,max,balanced,cached_mxbai,3922,1782208710.657741,,,
3813,0,svm,max,balanced,cached_mxbai,3923,1782208711.1883204,,,
10462,0,svm,max,balanced,cached_mxbai,3924,1782208711.7139094,,,
2122,0,svm,max,balanced,cached_mxbai,3925,1782208712.23971,,,
3391,0,svm,max,balanced,cached_mxbai,3926,1782208712.7700949,,,
7516,0,svm,max,balanced,cached_mxbai,3927,1782208713.299971,,,
4918,0,svm,max,balanced,cached_mxbai,3928,1782208713.8289945,,,
5922,0,svm,max,balanced,cached_mxbai,3929,1782208714.3574984,,,
9302,0,svm,max,balanced,cached_mxbai,3930,1782208714.895898,,,
9071,0,svm,max,balanced,cached_mxbai,3931,1782208715.4397998,,,
8400,0,svm,max,balanced,cached_mxbai,3932,1782208715.9688072,,,
7503,0,svm,max,balanced,cached_mxbai,3933,1782208716.501103,,,
5181,0,svm,max,balanced,cached_mxbai,3934,1782208717.029675,,,
3582,0,svm,max,balanced,cached_mxbai,3935,1782208717.5542636,,,
10086,0,svm,max,balanced,cached_mxbai,3936,1782208718.0822322,,,
3476,0,svm,max,balanced,cached_mxbai,3937,1782208718.6102924,,,
320,0,svm,max,balanced,cached_mxbai,3938,1782208719.144429,,,
1831,0,svm,max,balanced,cached_mxbai,3939,1782208719.679658,,,
9097,0,svm,max,balanced,cached_mxbai,3940,1782208720.2130444,,,
8559,0,svm,max,balanced,cached_mxbai,3941,1782208720.745505,,,
5120,0,svm,max,balanced,cached_mxbai,3942,1782208721.284468,,,
2336,0,svm,max,balanced,cached_mxbai,3943,1782208721.8122916,,,
9000,0,svm,max,balanced,cached_mxbai,3944,1782208722.3438501,,,
9575,0,svm,max,balanced,cached_mxbai,3945,1782208722.923879,,,
2454,0,svm,max,balanced,cached_mxbai,3946,1782208723.5118427,,,
10318,0,svm,max,balanced,cached_mxbai,3947,1782208724.1043408,,,
5708,0,svm,max,balanced,cached_mxbai,3948,1782208724.6942225,,,
3688,0,svm,max,balanced,cached_mxbai,3949,1782208725.3084705,,,
4237,0,svm,max,balanced,cached_mxbai,3950,1782208725.897939,,,
9470,0,svm,max,balanced,cached_mxbai,3951,1782208726.48272,,,
6776,0,svm,max,balanced,cached_mxbai,3952,1782208727.0775614,,,
4048,0,svm,max,balanced,cached_mxbai,3953,1782208727.6631227,,,
5464,0,svm,max,balanced,cached_mxbai,3954,1782208728.2489283,,,
5988,0,svm,max,balanced,cached_mxbai,3955,1782208728.8369544,,,
8167,0,svm,max,balanced,cached_mxbai,3956,1782208729.4278724,,,
1596,0,svm,max,balanced,cached_mxbai,3957,1782208730.0184155,,,
9904,0,svm,max,balanced,cached_mxbai,3958,1782208730.6063015,,,
5012,0,svm,max,balanced,cached_mxbai,3959,1782208731.1987197,,,
9165,0,svm,max,balanced,cached_mxbai,3960,1782208731.783742,,,
9342,0,svm,max,balanced,cached_mxbai,3961,1782208732.386959,,,
322,0,svm,max,balanced,cached_mxbai,3962,1782208732.9917874,,,
2305,0,svm,max,balanced,cached_mxbai,3963,1782208733.5916915,,,
10392,0,svm,max,balanced,cached_mxbai,3964,1782208734.2196743,,,
110,0,svm,max,balanced,cached_mxbai,3965,1782208734.817521,,,
9333,0,svm,max,balanced,cached_mxbai,3966,1782208735.4335191,,,
9383,0,svm,max,balanced,cached_mxbai,3967,1782208736.0373857,,,
9317,0,svm,max,balanced,cached_mxbai,3968,1782208736.646803,,,
5655,0,svm,max,balanced,cached_mxbai,3969,1782208737.261607,,,
4107,0,svm,max,balanced,cached_mxbai,3970,1782208737.8714662,,,
5342,0,svm,max,balanced,cached_mxbai,3971,1782208738.4136214,,,
10510,0,svm,max,balanced,cached_mxbai,3972,1782208739.0316978,,,
6790,0,svm,max,balanced,cached_mxbai,3973,1782208739.63703,,,
8045,0,svm,max,balanced,cached_mxbai,3974,1782208740.2427764,,,
7337,0,svm,max,balanced,cached_mxbai,3975,1782208740.8552082,,,
4919,0,svm,max,balanced,cached_mxbai,3976,1782208741.39858,,,
8905,0,svm,max,balanced,cached_mxbai,3977,1782208741.9378495,,,
4258,0,svm,max,balanced,cached_mxbai,3978,1782208742.4782393,,,
6163,0,svm,max,balanced,cached_mxbai,3979,1782208743.0207257,,,
3386,0,svm,max,balanced,cached_mxbai,3980,1782208743.5631247,,,
5450,0,svm,max,balanced,cached_mxbai,3981,1782208744.099104,,,
3090,0,svm,max,balanced,cached_mxbai,3982,1782208744.6336358,,,
7443,0,svm,max,balanced,cached_mxbai,3983,1782208745.177634,,,
2585,0,svm,max,balanced,cached_mxbai,3984,1782208745.7274618,,,
3020,0,svm,max,balanced,cached_mxbai,3985,1782208746.2558188,,,
9648,0,svm,max,balanced,cached_mxbai,3986,1782208746.7918296,,,
3966,0,svm,max,balanced,cached_mxbai,3987,1782208747.3287642,,,
8356,0,svm,max,balanced,cached_mxbai,3988,1782208747.8685732,,,
1887,0,svm,max,balanced,cached_mxbai,3989,1782208748.4106007,,,
4386,0,svm,max,balanced,cached_mxbai,3990,1782208748.961779,,,
6493,0,svm,max,balanced,cached_mxbai,3991,1782208749.505756,,,
8976,0,svm,max,balanced,cached_mxbai,3992,1782208750.0459478,,,
7315,0,svm,max,balanced,cached_mxbai,3993,1782208750.5850916,,,
2024,0,svm,max,balanced,cached_mxbai,3994,1782208751.1266887,,,
9583,0,svm,max,balanced,cached_mxbai,3995,1782208751.6737893,,,
4015,0,svm,max,balanced,cached_mxbai,3996,1782208752.211604,,,
7320,0,svm,max,balanced,cached_mxbai,3997,1782208752.7466116,,,
2858,0,svm,max,balanced,cached_mxbai,3998,1782208753.287215,,,
378,0,svm,max,balanced,cached_mxbai,3999,1782208753.834432,,,
4155,0,svm,max,balanced,cached_mxbai,4000,1782208754.382147,,,
1973,0,svm,max,balanced,cached_mxbai,4001,1782208754.919707,,,
4399,0,svm,max,balanced,cached_mxbai,4002,1782208755.4892423,,,
3771,0,svm,max,balanced,cached_mxbai,4003,1782208756.0333078,,,
3680,0,svm,max,balanced,cached_mxbai,4004,1782208756.6604798,,,
5775,0,svm,max,balanced,cached_mxbai,4005,1782208757.2867737,,,
4740,0,svm,max,balanced,cached_mxbai,4006,1782208757.9234693,,,
2908,0,svm,max,balanced,cached_mxbai,4007,1782208758.5587604,,,
9637,0,svm,max,balanced,cached_mxbai,4008,1782208759.105484,,,
9532,0,svm,max,balanced,cached_mxbai,4009,1782208759.6381712,,,
4618,0,svm,max,balanced,cached_mxbai,4010,1782208760.1702533,,,
3785,0,svm,max,balanced,cached_mxbai,4011,1782208760.707489,,,
4441,0,svm,max,balanced,cached_mxbai,4012,1782208761.2391436,,,
549,0,svm,max,balanced,cached_mxbai,4013,1782208761.7789674,,,
3676,0,svm,max,balanced,cached_mxbai,4014,1782208762.3108642,,,
6856,0,svm,max,balanced,cached_mxbai,4015,1782208762.8478112,,,
1041,0,svm,max,balanced,cached_mxbai,4016,1782208763.3786454,,,
5735,0,svm,max,balanced,cached_mxbai,4017,1782208763.916144,,,
8527,0,svm,max,balanced,cached_mxbai,4018,1782208764.4475658,,,
9494,0,svm,max,balanced,cached_mxbai,4019,1782208764.9784083,,,
4767,0,svm,max,balanced,cached_mxbai,4020,1782208765.5362356,,,
2218,0,svm,max,balanced,cached_mxbai,4021,1782208766.0626767,,,
3338,0,svm,max,balanced,cached_mxbai,4022,1782208766.589496,,,
8340,0,svm,max,balanced,cached_mxbai,4023,1782208767.115396,,,
1658,0,svm,max,balanced,cached_mxbai,4024,1782208767.639898,,,
4907,0,svm,max,balanced,cached_mxbai,4025,1782208768.171674,,,
1254,0,svm,max,balanced,cached_mxbai,4026,1782208768.6992238,,,
4173,0,svm,max,balanced,cached_mxbai,4027,1782208769.2312558,,,
8927,0,svm,max,balanced,cached_mxbai,4028,1782208769.752039,,,
172,0,svm,max,balanced,cached_mxbai,4029,1782208770.276192,,,
824,0,svm,max,balanced,cached_mxbai,4030,1782208770.7989228,,,
9627,0,svm,max,balanced,cached_mxbai,4031,1782208771.328748,,,
103,0,svm,max,balanced,cached_mxbai,4032,1782208771.86004,,,
6775,0,svm,max,balanced,cached_mxbai,4033,1782208772.3941157,,,
7143,0,svm,max,balanced,cached_mxbai,4034,1782208772.9185755,,,
1859,0,svm,max,balanced,cached_mxbai,4035,1782208773.448762,,,
69,0,svm,max,balanced,cached_mxbai,4036,1782208773.9826581,,,
4013,0,svm,max,balanced,cached_mxbai,4037,1782208774.510547,,,
133,0,svm,max,balanced,cached_mxbai,4038,1782208775.0406506,,,
8753,0,svm,max,balanced,cached_mxbai,4039,1782208775.5833113,,,
3407,0,svm,max,balanced,cached_mxbai,4040,1782208776.1094415,,,
10592,0,svm,max,balanced,cached_mxbai,4041,1782208776.6369588,,,
4292,0,svm,max,balanced,cached_mxbai,4042,1782208777.161042,,,
194,0,svm,max,balanced,cached_mxbai,4043,1782208777.6840856,,,
4381,0,svm,max,balanced,cached_mxbai,4044,1782208778.2100554,,,
540,0,svm,max,balanced,cached_mxbai,4045,1782208778.7446668,,,
4697,0,svm,max,balanced,cached_mxbai,4046,1782208779.268783,,,
6360,0,svm,max,balanced,cached_mxbai,4047,1782208779.7957063,,,
4063,0,svm,max,balanced,cached_mxbai,4048,1782208780.3235643,,,
4010,0,svm,max,balanced,cached_mxbai,4049,1782208780.8520238,,,
633,0,svm,max,balanced,cached_mxbai,4050,1782208781.3802433,,,
5877,0,svm,max,balanced,cached_mxbai,4051,1782208781.9093325,,,
3863,0,svm,max,balanced,cached_mxbai,4052,1782208782.4340076,,,
7057,0,svm,max,balanced,cached_mxbai,4053,1782208782.9644778,,,
4191,0,svm,max,balanced,cached_mxbai,4054,1782208783.4917133,,,
7693,0,svm,max,balanced,cached_mxbai,4055,1782208784.0227218,,,
414,0,svm,max,balanced,cached_mxbai,4056,1782208784.5500169,,,
3935,0,svm,max,balanced,cached_mxbai,4057,1782208785.0818284,,,
4503,0,svm,max,balanced,cached_mxbai,4058,1782208785.6250181,,,
5484,0,svm,max,balanced,cached_mxbai,4059,1782208786.1520138,,,
1710,0,svm,max,balanced,cached_mxbai,4060,1782208786.6798556,,,
8457,0,svm,max,balanced,cached_mxbai,4061,1782208787.210915,,,
6416,0,svm,max,balanced,cached_mxbai,4062,1782208787.7361243,,,
9227,0,svm,max,balanced,cached_mxbai,4063,1782208788.2640874,,,
6303,0,svm,max,balanced,cached_mxbai,4064,1782208788.8022454,,,
4577,0,svm,max,balanced,cached_mxbai,4065,1782208789.3322449,,,
3055,0,svm,max,balanced,cached_mxbai,4066,1782208789.8625472,,,
9399,0,svm,max,balanced,cached_mxbai,4067,1782208790.3926663,,,
5197,0,svm,max,balanced,cached_mxbai,4068,1782208790.925738,,,
5385,0,svm,max,balanced,cached_mxbai,4069,1782208791.4547265,,,
7183,0,svm,max,balanced,cached_mxbai,4070,1782208791.9846566,,,
821,0,svm,max,balanced,cached_mxbai,4071,1782208792.5140212,,,
102,0,svm,max,balanced,cached_mxbai,4072,1782208793.0470552,,,
5243,0,svm,max,balanced,cached_mxbai,4073,1782208793.581959,,,
8285,0,svm,max,balanced,cached_mxbai,4074,1782208794.1195312,,,
4093,0,svm,max,balanced,cached_mxbai,4075,1782208794.6555116,,,
6302,0,svm,max,balanced,cached_mxbai,4076,1782208795.187755,,,
3851,0,svm,max,balanced,cached_mxbai,4077,1782208795.7427804,,,
8195,0,svm,max,balanced,cached_mxbai,4078,1782208796.2741866,,,
10589,0,svm,max,balanced,cached_mxbai,4079,1782208796.8118644,,,
3790,0,svm,max,balanced,cached_mxbai,4080,1782208797.3532572,,,
7742,0,svm,max,balanced,cached_mxbai,4081,1782208797.8907998,,,
3508,0,svm,max,balanced,cached_mxbai,4082,1782208798.437775,,,
5911,0,svm,max,balanced,cached_mxbai,4083,1782208798.9862783,,,
3271,0,svm,max,balanced,cached_mxbai,4084,1782208799.5184882,,,
8857,0,svm,max,balanced,cached_mxbai,4085,1782208800.050684,,,
9368,0,svm,max,balanced,cached_mxbai,4086,1782208800.585579,,,
3071,0,svm,max,balanced,cached_mxbai,4087,1782208801.1295788,,,
1990,0,svm,max,balanced,cached_mxbai,4088,1782208801.6771924,,,
3723,0,svm,max,balanced,cached_mxbai,4089,1782208802.2119977,,,
3118,0,svm,max,balanced,cached_mxbai,4090,1782208802.7488985,,,
4561,0,svm,max,balanced,cached_mxbai,4091,1782208803.2968233,,,
9082,0,svm,max,balanced,cached_mxbai,4092,1782208803.8505719,,,
8313,0,svm,max,balanced,cached_mxbai,4093,1782208804.392181,,,
9694,0,svm,max,balanced,cached_mxbai,4094,1782208804.9371734,,,
3660,0,svm,max,balanced,cached_mxbai,4095,1782208805.4991121,,,
8571,0,svm,max,balanced,cached_mxbai,4096,1782208806.043093,,,
1054,0,svm,max,balanced,cached_mxbai,4097,1782208806.5821464,,,
9036,0,svm,max,balanced,cached_mxbai,4098,1782208807.1226497,,,
5594,0,svm,max,balanced,cached_mxbai,4099,1782208807.6714685,,,
5107,0,svm,max,balanced,cached_mxbai,4100,1782208808.2150319,,,
1535,0,svm,max,balanced,cached_mxbai,4101,1782208808.7682297,,,
5938,0,svm,max,balanced,cached_mxbai,4102,1782208809.3080943,,,
2548,0,svm,max,balanced,cached_mxbai,4103,1782208809.8490121,,,
8614,0,svm,max,balanced,cached_mxbai,4104,1782208810.391843,,,
6686,0,svm,max,balanced,cached_mxbai,4105,1782208810.9451425,,,
2047,0,svm,max,balanced,cached_mxbai,4106,1782208811.4916692,,,
6948,0,svm,max,balanced,cached_mxbai,4107,1782208812.0391695,,,
6012,0,svm,max,balanced,cached_mxbai,4108,1782208812.5847423,,,
5764,0,svm,max,balanced,cached_mxbai,4109,1782208813.1357937,,,
4272,0,svm,max,balanced,cached_mxbai,4110,1782208813.6710489,,,
3559,0,svm,max,balanced,cached_mxbai,4111,1782208814.2056446,,,
1074,0,svm,max,balanced,cached_mxbai,4112,1782208814.7392337,,,
4076,0,svm,max,balanced,cached_mxbai,4113,1782208815.2963972,,,
3139,0,svm,max,balanced,cached_mxbai,4114,1782208815.8331494,,,
239,0,svm,max,balanced,cached_mxbai,4115,1782208816.3688364,,,
6472,0,svm,max,balanced,cached_mxbai,4116,1782208816.901718,,,
7542,0,svm,max,balanced,cached_mxbai,4117,1782208817.4413166,,,
1406,0,svm,max,balanced,cached_mxbai,4118,1782208817.9796298,,,
3154,0,svm,max,balanced,cached_mxbai,4119,1782208818.5162966,,,
5919,0,svm,max,balanced,cached_mxbai,4120,1782208819.0550385,,,
7025,0,svm,max,balanced,cached_mxbai,4121,1782208819.5905643,,,
6184,0,svm,max,balanced,cached_mxbai,4122,1782208820.1323628,,,
9080,0,svm,max,balanced,cached_mxbai,4123,1782208820.6732304,,,
1904,0,svm,max,balanced,cached_mxbai,4124,1782208821.2113345,,,
1744,0,svm,max,balanced,cached_mxbai,4125,1782208821.75012,,,
8674,0,svm,max,balanced,cached_mxbai,4126,1782208822.286774,,,
867,0,svm,max,balanced,cached_mxbai,4127,1782208822.8283565,,,
7835,0,svm,max,balanced,cached_mxbai,4128,1782208823.3671906,,,
5927,0,svm,max,balanced,cached_mxbai,4129,1782208823.9039216,,,
7314,0,svm,max,balanced,cached_mxbai,4130,1782208824.4800892,,,
9127,0,svm,max,balanced,cached_mxbai,4131,1782208825.0562294,,,
988,0,svm,max,balanced,cached_mxbai,4132,1782208825.6141715,,,
252,0,svm,max,balanced,cached_mxbai,4133,1782208826.164812,,,
9932,0,svm,max,balanced,cached_mxbai,4134,1782208826.703591,,,
393,0,svm,max,balanced,cached_mxbai,4135,1782208827.2433152,,,
6997,0,svm,max,balanced,cached_mxbai,4136,1782208827.7831874,,,
10275,0,svm,max,balanced,cached_mxbai,4137,1782208828.329691,,,
7599,0,svm,max,balanced,cached_mxbai,4138,1782208828.8697953,,,
9500,0,svm,max,balanced,cached_mxbai,4139,1782208829.4116397,,,
5113,0,svm,max,balanced,cached_mxbai,4140,1782208829.9528522,,,
3498,0,svm,max,balanced,cached_mxbai,4141,1782208830.501208,,,
67,0,svm,max,balanced,cached_mxbai,4142,1782208831.0525918,,,
1636,0,svm,max,balanced,cached_mxbai,4143,1782208831.6053994,,,
7791,0,svm,max,balanced,cached_mxbai,4144,1782208832.1520526,,,
8487,0,svm,max,balanced,cached_mxbai,4145,1782208832.6944933,,,
8765,0,svm,max,balanced,cached_mxbai,4146,1782208833.236761,,,
1201,0,svm,max,balanced,cached_mxbai,4147,1782208833.775406,,,
7785,0,svm,max,balanced,cached_mxbai,4148,1782208834.3256676,,,
9662,0,svm,max,balanced,cached_mxbai,4149,1782208834.8710709,,,
1390,0,svm,max,balanced,cached_mxbai,4150,1782208835.4286292,,,
1598,0,svm,max,balanced,cached_mxbai,4151,1782208835.96937,,,
3369,0,svm,max,balanced,cached_mxbai,4152,1782208836.5120404,,,
5966,0,svm,max,balanced,cached_mxbai,4153,1782208837.059162,,,
8703,0,svm,max,balanced,cached_mxbai,4154,1782208837.6049345,,,
2658,0,svm,max,balanced,cached_mxbai,4155,1782208838.1550508,,,
6157,0,svm,max,balanced,cached_mxbai,4156,1782208838.7003243,,,
3066,0,svm,max,balanced,cached_mxbai,4157,1782208839.2514412,,,
7426,0,svm,max,balanced,cached_mxbai,4158,1782208839.7988336,,,
9639,0,svm,max,balanced,cached_mxbai,4159,1782208840.3493671,,,
4911,0,svm,max,balanced,cached_mxbai,4160,1782208840.9104745,,,
1828,0,svm,max,balanced,cached_mxbai,4161,1782208841.4511619,,,
9982,0,svm,max,balanced,cached_mxbai,4162,1782208841.9938552,,,
122,0,svm,max,balanced,cached_mxbai,4163,1782208842.53615,,,
920,0,svm,max,balanced,cached_mxbai,4164,1782208843.088457,,,
2744,0,svm,max,balanced,cached_mxbai,4165,1782208843.628403,,,
7223,0,svm,max,balanced,cached_mxbai,4166,1782208844.174411,,,
1436,0,svm,max,balanced,cached_mxbai,4167,1782208844.7227495,,,
5411,0,svm,max,balanced,cached_mxbai,4168,1782208845.2906303,,,
3395,0,svm,max,balanced,cached_mxbai,4169,1782208845.8480234,,,
4043,0,svm,max,balanced,cached_mxbai,4170,1782208846.3907714,,,
70,0,svm,max,balanced,cached_mxbai,4171,1782208846.938362,,,
5173,0,svm,max,balanced,cached_mxbai,4172,1782208847.4801552,,,
9987,0,svm,max,balanced,cached_mxbai,4173,1782208848.0249379,,,
2902,0,svm,max,balanced,cached_mxbai,4174,1782208848.5714235,,,
4948,0,svm,max,balanced,cached_mxbai,4175,1782208849.1247191,,,
4033,0,svm,max,balanced,cached_mxbai,4176,1782208849.6693578,,,
9895,0,svm,max,balanced,cached_mxbai,4177,1782208850.216518,,,
8222,0,svm,max,balanced,cached_mxbai,4178,1782208850.757854,,,
4388,0,svm,max,balanced,cached_mxbai,4179,1782208851.3036637,,,
983,0,svm,max,balanced,cached_mxbai,4180,1782208851.8488846,,,
1955,0,svm,max,balanced,cached_mxbai,4181,1782208852.395095,,,
1309,0,svm,max,balanced,cached_mxbai,4182,1782208852.9382236,,,
3193,0,svm,max,balanced,cached_mxbai,4183,1782208853.4837098,,,
3858,0,svm,max,balanced,cached_mxbai,4184,1782208854.0275986,,,
4149,0,svm,max,balanced,cached_mxbai,4185,1782208854.5723357,,,
9471,0,svm,max,balanced,cached_mxbai,4186,1782208855.1401029,,,
4563,0,svm,max,balanced,cached_mxbai,4187,1782208855.7017672,,,
3779,0,svm,max,balanced,cached_mxbai,4188,1782208856.2434366,,,
1313,0,svm,max,balanced,cached_mxbai,4189,1782208856.7841582,,,
3439,0,svm,max,balanced,cached_mxbai,4190,1782208857.3386676,,,
4647,0,svm,max,balanced,cached_mxbai,4191,1782208857.881671,,,
5626,0,svm,max,balanced,cached_mxbai,4192,1782208858.4234092,,,
435,0,svm,max,balanced,cached_mxbai,4193,1782208858.9743457,,,
10552,0,svm,max,balanced,cached_mxbai,4194,1782208859.5181897,,,
1876,0,svm,max,balanced,cached_mxbai,4195,1782208860.062927,,,
6620,0,svm,max,balanced,cached_mxbai,4196,1782208860.6082249,,,
9598,0,svm,max,balanced,cached_mxbai,4197,1782208861.155235,,,
9534,0,svm,max,balanced,cached_mxbai,4198,1782208861.7713969,,,
5217,0,svm,max,balanced,cached_mxbai,4199,1782208862.38965,,,
3319,0,svm,max,balanced,cached_mxbai,4200,1782208863.0063865,,,
8589,0,svm,max,balanced,cached_mxbai,4201,1782208863.627833,,,
6852,0,svm,max,balanced,cached_mxbai,4202,1782208864.1831205,,,
1540,0,svm,max,balanced,cached_mxbai,4203,1782208864.7416563,,,
7934,0,svm,max,balanced,cached_mxbai,4204,1782208865.363159,,,
3324,0,svm,max,balanced,cached_mxbai,4205,1782208865.9043515,,,
5474,0,svm,max,balanced,cached_mxbai,4206,1782208866.4504411,,,
145,0,svm,max,balanced,cached_mxbai,4207,1782208866.994719,,,
3882,0,svm,max,balanced,cached_mxbai,4208,1782208867.5527797,,,
2313,0,svm,max,balanced,cached_mxbai,4209,1782208868.1001008,,,
9680,0,svm,max,balanced,cached_mxbai,4210,1782208868.646566,,,
1553,0,svm,max,balanced,cached_mxbai,4211,1782208869.2057245,,,
10262,0,svm,max,balanced,cached_mxbai,4212,1782208869.748248,,,
8663,0,svm,max,balanced,cached_mxbai,4213,1782208870.2958357,,,
7624,0,svm,max,balanced,cached_mxbai,4214,1782208870.843251,,,
1718,0,svm,max,balanced,cached_mxbai,4215,1782208871.4140055,,,
7501,0,svm,max,balanced,cached_mxbai,4216,1782208871.9689732,,,
9722,0,svm,max,balanced,cached_mxbai,4217,1782208872.5272372,,,
8869,0,svm,max,balanced,cached_mxbai,4218,1782208873.0748506,,,
4650,0,svm,max,balanced,cached_mxbai,4219,1782208873.6205738,,,
3598,0,svm,max,balanced,cached_mxbai,4220,1782208874.1742918,,,
147,0,svm,max,balanced,cached_mxbai,4221,1782208874.72677,,,
3299,0,svm,max,balanced,cached_mxbai,4222,1782208875.2976222,,,
7954,0,svm,max,balanced,cached_mxbai,4223,1782208875.861226,,,
6217,0,svm,max,balanced,cached_mxbai,4224,1782208876.4105482,,,
9807,0,svm,max,balanced,cached_mxbai,4225,1782208876.9577281,,,
161,0,svm,max,balanced,cached_mxbai,4226,1782208877.512091,,,
7543,0,svm,max,balanced,cached_mxbai,4227,1782208878.0602138,,,
439,0,svm,max,balanced,cached_mxbai,4228,1782208878.6142619,,,
1579,0,svm,max,balanced,cached_mxbai,4229,1782208879.1701825,,,
9400,0,svm,max,balanced,cached_mxbai,4230,1782208879.7327905,,,
8632,0,svm,max,balanced,cached_mxbai,4231,1782208880.2841678,,,
5040,0,svm,max,balanced,cached_mxbai,4232,1782208880.8328815,,,
301,0,svm,max,balanced,cached_mxbai,4233,1782208881.389801,,,
3880,0,svm,max,balanced,cached_mxbai,4234,1782208881.9453137,,,
2160,0,svm,max,balanced,cached_mxbai,4235,1782208882.4968102,,,
5130,0,svm,max,balanced,cached_mxbai,4236,1782208883.0433118,,,
3823,0,svm,max,balanced,cached_mxbai,4237,1782208883.6169593,,,
1994,0,svm,max,balanced,cached_mxbai,4238,1782208884.1850066,,,
525,0,svm,max,balanced,cached_mxbai,4239,1782208884.7342505,,,
684,0,svm,max,balanced,cached_mxbai,4240,1782208885.3082905,,,
5300,0,svm,max,balanced,cached_mxbai,4241,1782208885.8606822,,,
6243,0,svm,max,balanced,cached_mxbai,4242,1782208886.4105327,,,
8323,0,svm,max,balanced,cached_mxbai,4243,1782208886.9620376,,,
8425,0,svm,max,balanced,cached_mxbai,4244,1782208887.5140643,,,
3906,0,svm,max,balanced,cached_mxbai,4245,1782208888.0732982,,,
6898,0,svm,max,balanced,cached_mxbai,4246,1782208888.6219401,,,
5837,0,svm,max,balanced,cached_mxbai,4247,1782208889.1786518,,,
7280,0,svm,max,balanced,cached_mxbai,4248,1782208889.7464519,,,
3898,0,svm,max,balanced,cached_mxbai,4249,1782208890.3033874,,,
1130,0,svm,max,balanced,cached_mxbai,4250,1782208890.8552036,,,
3799,0,svm,max,balanced,cached_mxbai,4251,1782208891.4137287,,,
2994,0,svm,max,balanced,cached_mxbai,4252,1782208891.965587,,,
4838,0,svm,max,balanced,cached_mxbai,4253,1782208892.5169356,,,
776,0,svm,max,balanced,cached_mxbai,4254,1782208893.0642135,,,
537,0,svm,max,balanced,cached_mxbai,4255,1782208893.6148193,,,
4085,0,svm,max,balanced,cached_mxbai,4256,1782208894.1654687,,,
9958,0,svm,max,balanced,cached_mxbai,4257,1782208894.720015,,,
1152,0,svm,max,balanced,cached_mxbai,4258,1782208895.2959476,,,
6079,0,svm,max,balanced,cached_mxbai,4259,1782208895.854884,,,
8204,0,svm,max,balanced,cached_mxbai,4260,1782208896.4080758,,,
1794,0,svm,max,balanced,cached_mxbai,4261,1782208896.9611194,,,
3711,0,svm,max,balanced,cached_mxbai,4262,1782208897.5286026,,,
3454,0,svm,max,balanced,cached_mxbai,4263,1782208898.0822961,,,
1617,0,svm,max,balanced,cached_mxbai,4264,1782208898.638737,,,
7558,0,svm,max,balanced,cached_mxbai,4265,1782208899.2018332,,,
5477,0,svm,max,balanced,cached_mxbai,4266,1782208899.7633932,,,
4240,0,svm,max,balanced,cached_mxbai,4267,1782208900.3217857,,,
2767,0,svm,max,balanced,cached_mxbai,4268,1782208900.8799272,,,
4715,0,svm,max,balanced,cached_mxbai,4269,1782208901.4418058,,,
3530,0,svm,max,balanced,cached_mxbai,4270,1782208901.9971685,,,
3311,0,svm,max,balanced,cached_mxbai,4271,1782208902.548529,,,
9169,0,svm,max,balanced,cached_mxbai,4272,1782208903.099248,,,
602,0,svm,max,balanced,cached_mxbai,4273,1782208903.656787,,,
1206,0,svm,max,balanced,cached_mxbai,4274,1782208904.208564,,,
9367,0,svm,max,balanced,cached_mxbai,4275,1782208904.7625947,,,
3100,0,svm,max,balanced,cached_mxbai,4276,1782208905.3403866,,,
8341,0,svm,max,balanced,cached_mxbai,4277,1782208905.9008462,,,
4267,0,svm,max,balanced,cached_mxbai,4278,1782208906.4600644,,,
6332,0,svm,max,balanced,cached_mxbai,4279,1782208907.0203125,,,
3517,0,svm,max,balanced,cached_mxbai,4280,1782208907.5825562,,,
8672,0,svm,max,balanced,cached_mxbai,4281,1782208908.135755,,,
5642,0,svm,max,balanced,cached_mxbai,4282,1782208908.6974313,,,
9043,0,svm,max,balanced,cached_mxbai,4283,1782208909.258115,,,
4831,0,svm,max,balanced,cached_mxbai,4284,1782208909.8170388,,,
192,0,svm,max,balanced,cached_mxbai,4285,1782208910.3799117,,,
7450,0,svm,max,balanced,cached_mxbai,4286,1782208910.942464,,,
9924,0,svm,max,balanced,cached_mxbai,4287,1782208911.5072753,,,
1521,0,svm,max,balanced,cached_mxbai,4288,1782208912.0607119,,,
8549,0,svm,max,balanced,cached_mxbai,4289,1782208912.6166592,,,
1204,0,svm,max,balanced,cached_mxbai,4290,1782208913.1707242,,,
3837,0,svm,max,balanced,cached_mxbai,4291,1782208913.7293346,,,
7640,0,svm,max,balanced,cached_mxbai,4292,1782208914.28397,,,
9597,0,svm,max,balanced,cached_mxbai,4293,1782208914.8385184,,,
4479,0,svm,max,balanced,cached_mxbai,4294,1782208915.4197655,,,
1967,0,svm,max,balanced,cached_mxbai,4295,1782208915.9836953,,,
9655,0,svm,max,balanced,cached_mxbai,4296,1782208916.5429335,,,
1185,0,svm,max,balanced,cached_mxbai,4297,1782208917.107511,,,
10548,0,svm,max,balanced,cached_mxbai,4298,1782208917.6788538,,,
4298,0,svm,max,balanced,cached_mxbai,4299,1782208918.2348042,,,
10072,0,svm,max,balanced,cached_mxbai,4300,1782208918.7988093,,,
3438,0,svm,max,balanced,cached_mxbai,4301,1782208919.3494728,,,
1630,0,svm,max,balanced,cached_mxbai,4302,1782208919.9088352,,,
3037,0,svm,max,balanced,cached_mxbai,4303,1782208920.4640505,,,
1475,0,svm,max,balanced,cached_mxbai,4304,1782208921.0222993,,,
7885,0,svm,max,balanced,cached_mxbai,4305,1782208921.5919368,,,
10265,0,svm,max,balanced,cached_mxbai,4306,1782208922.1574745,,,
2934,0,svm,max,balanced,cached_mxbai,4307,1782208922.719671,,,
3769,0,svm,max,balanced,cached_mxbai,4308,1782208923.2904742,,,
7613,0,svm,max,balanced,cached_mxbai,4309,1782208923.8440773,,,
8922,0,svm,max,balanced,cached_mxbai,4310,1782208924.401208,,,
3854,0,svm,max,balanced,cached_mxbai,4311,1782208924.9569867,,,
7513,0,svm,max,balanced,cached_mxbai,4312,1782208925.5367558,,,
3014,0,svm,max,balanced,cached_mxbai,4313,1782208926.0959418,,,
2763,0,svm,max,balanced,cached_mxbai,4314,1782208926.6536076,,,
9246,0,svm,max,balanced,cached_mxbai,4315,1782208927.208711,,,
5541,0,svm,max,balanced,cached_mxbai,4316,1782208927.7704427,,,
7990,0,svm,max,balanced,cached_mxbai,4317,1782208928.334132,,,
1208,0,svm,max,balanced,cached_mxbai,4318,1782208928.8982027,,,
3096,0,svm,max,balanced,cached_mxbai,4319,1782208929.4547052,,,
9444,0,svm,max,balanced,cached_mxbai,4320,1782208930.009081,,,
3915,0,svm,max,balanced,cached_mxbai,4321,1782208930.590976,,,
6999,0,svm,max,balanced,cached_mxbai,4322,1782208931.1578503,,,
899,0,svm,max,balanced,cached_mxbai,4323,1782208931.729349,,,
280,0,svm,max,balanced,cached_mxbai,4324,1782208932.2912426,,,
668,0,svm,max,balanced,cached_mxbai,4325,1782208932.8542273,,,
10347,0,svm,max,balanced,cached_mxbai,4326,1782208933.4147775,,,
4040,0,svm,max,balanced,cached_mxbai,4327,1782208933.9813929,,,
9946,0,svm,max,balanced,cached_mxbai,4328,1782208934.5387545,,,
3068,0,svm,max,balanced,cached_mxbai,4329,1782208935.104137,,,
9641,0,svm,max,balanced,cached_mxbai,4330,1782208935.68514,,,
2509,0,svm,max,balanced,cached_mxbai,4331,1782208936.2570908,,,
6043,0,svm,max,balanced,cached_mxbai,4332,1782208936.8169873,,,
5532,0,svm,max,balanced,cached_mxbai,4333,1782208937.3784118,,,
3749,0,svm,max,balanced,cached_mxbai,4334,1782208937.9391837,,,
2608,0,svm,max,balanced,cached_mxbai,4335,1782208938.5005772,,,
2930,0,svm,max,balanced,cached_mxbai,4336,1782208939.0617566,,,
3469,0,svm,max,balanced,cached_mxbai,4337,1782208939.6206548,,,
2411,0,svm,max,balanced,cached_mxbai,4338,1782208940.1788485,,,
5930,0,svm,max,balanced,cached_mxbai,4339,1782208940.744735,,,
3628,0,svm,max,balanced,cached_mxbai,4340,1782208941.3079288,,,
4285,0,svm,max,balanced,cached_mxbai,4341,1782208941.8729606,,,
2778,0,svm,max,balanced,cached_mxbai,4342,1782208942.4317267,,,
3541,0,svm,max,balanced,cached_mxbai,4343,1782208942.9947295,,,
2730,0,svm,max,balanced,cached_mxbai,4344,1782208943.56997,,,
4050,0,svm,max,balanced,cached_mxbai,4345,1782208944.135075,,,
8350,0,svm,max,balanced,cached_mxbai,4346,1782208944.7059543,,,
2593,0,svm,max,balanced,cached_mxbai,4347,1782208945.2984486,,,
4860,0,svm,max,balanced,cached_mxbai,4348,1782208945.8745518,,,
3133,0,svm,max,balanced,cached_mxbai,4349,1782208946.4377227,,,
761,0,svm,max,balanced,cached_mxbai,4350,1782208947.0000587,,,
214,0,svm,max,balanced,cached_mxbai,4351,1782208947.5601025,,,
1337,0,svm,max,balanced,cached_mxbai,4352,1782208948.1278243,,,
8898,0,svm,max,balanced,cached_mxbai,4353,1782208948.6883662,,,
3631,0,svm,max,balanced,cached_mxbai,4354,1782208949.2555432,,,
8147,0,svm,max,balanced,cached_mxbai,4355,1782208949.8192706,,,
4798,0,svm,max,balanced,cached_mxbai,4356,1782208950.3816197,,,
3315,0,svm,max,balanced,cached_mxbai,4357,1782208950.9430242,,,
8932,0,svm,max,balanced,cached_mxbai,4358,1782208951.5086098,,,
5898,0,svm,max,balanced,cached_mxbai,4359,1782208952.0711062,,,
4946,0,svm,max,balanced,cached_mxbai,4360,1782208952.6349454,,,
2786,0,svm,max,balanced,cached_mxbai,4361,1782208953.1986666,,,
1838,0,svm,max,balanced,cached_mxbai,4362,1782208953.7647738,,,
7957,0,svm,max,balanced,cached_mxbai,4363,1782208954.3262556,,,
6592,0,svm,max,balanced,cached_mxbai,4364,1782208954.8927412,,,
6023,0,svm,max,balanced,cached_mxbai,4365,1782208955.475752,,,
1221,0,svm,max,balanced,cached_mxbai,4366,1782208956.0398736,,,
2644,0,svm,max,balanced,cached_mxbai,4367,1782208956.6026452,,,
8538,0,svm,max,balanced,cached_mxbai,4368,1782208957.1675248,,,
6556,0,svm,max,balanced,cached_mxbai,4369,1782208957.7312868,,,
2968,0,svm,max,balanced,cached_mxbai,4370,1782208958.2985954,,,
4137,0,svm,max,balanced,cached_mxbai,4371,1782208958.8655872,,,
1512,0,svm,max,balanced,cached_mxbai,4372,1782208959.4309652,,,
68,0,svm,max,balanced,cached_mxbai,4373,1782208959.995979,,,
8894,0,svm,max,balanced,cached_mxbai,4374,1782208960.568308,,,
5279,0,svm,max,balanced,cached_mxbai,4375,1782208961.13981,,,
3186,0,svm,max,balanced,cached_mxbai,4376,1782208961.7187285,,,
4025,0,svm,max,balanced,cached_mxbai,4377,1782208962.2908182,,,
6016,0,svm,max,balanced,cached_mxbai,4378,1782208962.8670678,,,
2146,0,svm,max,balanced,cached_mxbai,4379,1782208963.4532702,,,
719,0,svm,max,balanced,cached_mxbai,4380,1782208964.0254035,,,
1997,0,svm,max,balanced,cached_mxbai,4381,1782208964.5936832,,,
10581,0,svm,max,balanced,cached_mxbai,4382,1782208965.180742,,,
6141,0,svm,max,balanced,cached_mxbai,4383,1782208965.7956188,,,
4429,0,svm,max,balanced,cached_mxbai,4384,1782208966.3672493,,,
10340,0,svm,max,balanced,cached_mxbai,4385,1782208966.9329364,,,
4984,0,svm,max,balanced,cached_mxbai,4386,1782208967.4983056,,,
141,0,svm,max,balanced,cached_mxbai,4387,1782208968.0661845,,,
455,0,svm,max,balanced,cached_mxbai,4388,1782208968.6331723,,,
2986,0,svm,max,balanced,cached_mxbai,4389,1782208969.2066104,,,
6653,0,svm,max,balanced,cached_mxbai,4390,1782208969.7713037,,,
6299,0,svm,max,balanced,cached_mxbai,4391,1782208970.3386686,,,
6073,0,svm,max,balanced,cached_mxbai,4392,1782208970.903553,,,
7013,0,svm,max,balanced,cached_mxbai,4393,1782208971.4675229,,,
5910,0,svm,max,balanced,cached_mxbai,4394,1782208972.0412636,,,
7628,0,svm,max,balanced,cached_mxbai,4395,1782208972.6145806,,,
6354,0,svm,max,balanced,cached_mxbai,4396,1782208973.1878753,,,
2580,0,svm,max,balanced,cached_mxbai,4397,1782208973.7567055,,,
731,0,svm,max,balanced,cached_mxbai,4398,1782208974.3265326,,,
9181,0,svm,max,balanced,cached_mxbai,4399,1782208974.8948092,,,
5402,0,svm,max,balanced,cached_mxbai,4400,1782208975.4808974,,,
848,0,svm,max,balanced,cached_mxbai,4401,1782208976.0562034,,,
1871,0,svm,max,balanced,cached_mxbai,4402,1782208976.6206045,,,
5740,0,svm,max,balanced,cached_mxbai,4403,1782208977.2020211,,,
3408,0,svm,max,balanced,cached_mxbai,4404,1782208977.7866452,,,
1825,0,svm,max,balanced,cached_mxbai,4405,1782208978.362083,,,
6897,0,svm,max,balanced,cached_mxbai,4406,1782208978.9328475,,,
5694,0,svm,max,balanced,cached_mxbai,4407,1782208979.5914333,,,
10068,0,svm,max,balanced,cached_mxbai,4408,1782208980.25261,,,
5836,0,svm,max,balanced,cached_mxbai,4409,1782208980.9087489,,,
9490,0,svm,max,balanced,cached_mxbai,4410,1782208981.5578885,,,
7003,0,svm,max,balanced,cached_mxbai,4411,1782208982.216866,,,
803,0,svm,max,balanced,cached_mxbai,4412,1782208982.863551,,,
10519,0,svm,max,balanced,cached_mxbai,4413,1782208983.51841,,,
63,0,svm,max,balanced,cached_mxbai,4414,1782208984.0877454,,,
4152,0,svm,max,balanced,cached_mxbai,4415,1782208984.6574595,,,
7620,0,svm,max,balanced,cached_mxbai,4416,1782208985.2383544,,,
8873,0,svm,max,balanced,cached_mxbai,4417,1782208985.8240027,,,
2394,0,svm,max,balanced,cached_mxbai,4418,1782208986.3989217,,,
90,0,svm,max,balanced,cached_mxbai,4419,1782208986.969721,,,
8630,0,svm,max,balanced,cached_mxbai,4420,1782208987.545925,,,
4856,0,svm,max,balanced,cached_mxbai,4421,1782208988.1231654,,,
7459,0,svm,max,balanced,cached_mxbai,4422,1782208988.6974847,,,
449,0,svm,max,balanced,cached_mxbai,4423,1782208989.2749581,,,
9347,0,svm,max,balanced,cached_mxbai,4424,1782208989.8452122,,,
3085,0,svm,max,balanced,cached_mxbai,4425,1782208990.4223266,,,
3334,0,svm,max,balanced,cached_mxbai,4426,1782208990.9957552,,,
3191,0,svm,max,balanced,cached_mxbai,4427,1782208991.5730522,,,
5201,0,svm,max,balanced,cached_mxbai,4428,1782208992.1469445,,,
9372,0,svm,max,balanced,cached_mxbai,4429,1782208992.7193027,,,
9511,0,svm,max,balanced,cached_mxbai,4430,1782208993.387936,,,
9205,0,svm,max,balanced,cached_mxbai,4431,1782208993.9545596,,,
2785,0,svm,max,balanced,cached_mxbai,4432,1782208994.5223548,,,
4054,0,svm,max,balanced,cached_mxbai,4433,1782208995.0968015,,,
7484,0,svm,max,balanced,cached_mxbai,4434,1782208995.6861804,,,
6937,0,svm,max,balanced,cached_mxbai,4435,1782208996.2711434,,,
9178,0,svm,max,balanced,cached_mxbai,4436,1782208996.8488083,,,
5143,0,svm,max,balanced,cached_mxbai,4437,1782208997.4195166,,,
3267,0,svm,max,balanced,cached_mxbai,4438,1782208997.9940834,,,
2924,0,svm,max,balanced,cached_mxbai,4439,1782208998.5667136,,,
5772,0,svm,max,balanced,cached_mxbai,4440,1782208999.1401703,,,
4181,0,svm,max,balanced,cached_mxbai,4441,1782208999.7155118,,,
4953,0,svm,max,balanced,cached_mxbai,4442,1782209000.289622,,,
1668,0,svm,max,balanced,cached_mxbai,4443,1782209000.866084,,,
9212,0,svm,max,balanced,cached_mxbai,4444,1782209001.442612,,,
5498,0,svm,max,balanced,cached_mxbai,4445,1782209002.0163798,,,
5664,0,svm,max,balanced,cached_mxbai,4446,1782209002.5944154,,,
5675,0,svm,max,balanced,cached_mxbai,4447,1782209003.1751802,,,
1454,0,svm,max,balanced,cached_mxbai,4448,1782209003.7575474,,,
5738,0,svm,max,balanced,cached_mxbai,4449,1782209004.3406956,,,
3362,0,svm,max,balanced,cached_mxbai,4450,1782209004.9167428,,,
10236,0,svm,max,balanced,cached_mxbai,4451,1782209005.5347219,,,
4754,0,svm,max,balanced,cached_mxbai,4452,1782209006.1489375,,,
8304,0,svm,max,balanced,cached_mxbai,4453,1782209006.7973936,,,
7889,0,svm,max,balanced,cached_mxbai,4454,1782209007.3845508,,,
1569,0,svm,max,balanced,cached_mxbai,4455,1782209007.9673815,,,
3531,0,svm,max,balanced,cached_mxbai,4456,1782209008.5558965,,,
5887,0,svm,max,balanced,cached_mxbai,4457,1782209009.1365175,,,
987,0,svm,max,balanced,cached_mxbai,4458,1782209009.7212772,,,
2462,0,svm,max,balanced,cached_mxbai,4459,1782209010.2997763,,,
3928,0,svm,max,balanced,cached_mxbai,4460,1782209010.8826246,,,
10421,0,svm,max,balanced,cached_mxbai,4461,1782209011.4741137,,,
1467,0,svm,max,balanced,cached_mxbai,4462,1782209012.142689,,,
5868,0,svm,max,balanced,cached_mxbai,4463,1782209012.808466,,,
376,0,svm,max,balanced,cached_mxbai,4464,1782209013.475924,,,
7718,0,svm,max,balanced,cached_mxbai,4465,1782209014.1411862,,,
744,0,svm,max,balanced,cached_mxbai,4466,1782209014.8189256,,,
3123,0,svm,max,balanced,cached_mxbai,4467,1782209015.5112903,,,
6561,0,svm,max,balanced,cached_mxbai,4468,1782209016.1630988,,,
9745,0,svm,max,balanced,cached_mxbai,4469,1782209016.820364,,,
5337,0,svm,max,balanced,cached_mxbai,4470,1782209017.4712317,,,
8177,0,svm,max,balanced,cached_mxbai,4471,1782209018.1251404,,,
2607,0,svm,max,balanced,cached_mxbai,4472,1782209018.7833588,,,
3394,0,svm,max,balanced,cached_mxbai,4473,1782209019.4269502,,,
753,0,svm,max,balanced,cached_mxbai,4474,1782209020.0778017,,,
2194,0,svm,max,balanced,cached_mxbai,4475,1782209020.735814,,,
2446,0,svm,max,balanced,cached_mxbai,4476,1782209021.3720424,,,
5225,0,svm,max,balanced,cached_mxbai,4477,1782209022.012384,,,
2561,0,svm,max,balanced,cached_mxbai,4478,1782209022.6598547,,,
2338,0,svm,max,balanced,cached_mxbai,4479,1782209023.3138993,,,
8948,0,svm,max,balanced,cached_mxbai,4480,1782209023.9570844,,,
2177,0,svm,max,balanced,cached_mxbai,4481,1782209024.597709,,,
2695,0,svm,max,balanced,cached_mxbai,4482,1782209025.2539961,,,
9705,0,svm,max,balanced,cached_mxbai,4483,1782209025.911979,,,
9667,0,svm,max,balanced,cached_mxbai,4484,1782209026.55616,,,
8108,0,svm,max,balanced,cached_mxbai,4485,1782209027.212391,,,
9486,0,svm,max,balanced,cached_mxbai,4486,1782209027.8843768,,,
8978,0,svm,max,balanced,cached_mxbai,4487,1782209028.5457206,,,
3958,0,svm,max,balanced,cached_mxbai,4488,1782209029.2129326,,,
7829,0,svm,max,balanced,cached_mxbai,4489,1782209029.870126,,,
2988,0,svm,max,balanced,cached_mxbai,4490,1782209030.5333033,,,
6031,0,svm,max,balanced,cached_mxbai,4491,1782209031.1933935,,,
5047,0,svm,max,balanced,cached_mxbai,4492,1782209031.865368,,,
6076,0,svm,max,balanced,cached_mxbai,4493,1782209032.5315683,,,
2284,0,svm,max,balanced,cached_mxbai,4494,1782209033.1950316,,,
7188,0,svm,max,balanced,cached_mxbai,4495,1782209033.8557696,,,
1804,0,svm,max,balanced,cached_mxbai,4496,1782209034.5237768,,,
8781,0,svm,max,balanced,cached_mxbai,4497,1782209035.1889153,,,
3532,0,svm,max,balanced,cached_mxbai,4498,1782209035.8699746,,,
3114,0,svm,max,balanced,cached_mxbai,4499,1782209036.5299807,,,
953,0,svm,max,balanced,cached_mxbai,4500,1782209037.2050407,,,
1956,0,svm,max,balanced,cached_mxbai,4501,1782209037.8745751,,,
2186,0,svm,max,balanced,cached_mxbai,4502,1782209038.537806,,,
7209,0,svm,max,balanced,cached_mxbai,4503,1782209039.2008166,,,
8727,0,svm,max,balanced,cached_mxbai,4504,1782209039.8607836,,,
1067,0,svm,max,balanced,cached_mxbai,4505,1782209040.517557,,,
8187,0,svm,max,balanced,cached_mxbai,4506,1782209041.1706867,,,
7713,0,svm,max,balanced,cached_mxbai,4507,1782209041.8301144,,,
6701,0,svm,max,balanced,cached_mxbai,4508,1782209042.4923034,,,
7039,0,svm,max,balanced,cached_mxbai,4509,1782209043.1492033,,,
119,0,svm,max,balanced,cached_mxbai,4510,1782209043.8088603,,,
3340,0,svm,max,balanced,cached_mxbai,4511,1782209044.477179,,,
2528,0,svm,max,balanced,cached_mxbai,4512,1782209045.1437044,,,
1558,0,svm,max,balanced,cached_mxbai,4513,1782209045.8228872,,,
8277,0,svm,max,balanced,cached_mxbai,4514,1782209046.485433,,,
3425,0,svm,max,balanced,cached_mxbai,4515,1782209047.1537468,,,
9717,0,svm,max,balanced,cached_mxbai,4516,1782209047.8112874,,,
8613,0,svm,max,balanced,cached_mxbai,4517,1782209048.4766927,,,
211,0,svm,max,balanced,cached_mxbai,4518,1782209049.1395414,,,
3638,0,svm,max,balanced,cached_mxbai,4519,1782209049.8084402,,,
3259,0,svm,max,balanced,cached_mxbai,4520,1782209050.4723878,,,
4830,0,svm,max,balanced,cached_mxbai,4521,1782209051.133974,,,
1037,0,svm,max,balanced,cached_mxbai,4522,1782209051.7992861,,,
88,0,svm,max,balanced,cached_mxbai,4523,1782209052.4648404,,,
10481,0,svm,max,balanced,cached_mxbai,4524,1782209053.125111,,,
658,0,svm,max,balanced,cached_mxbai,4525,1782209053.7910542,,,
9744,0,svm,max,balanced,cached_mxbai,4526,1782209054.4626946,,,
2380,0,svm,max,balanced,cached_mxbai,4527,1782209055.1335495,,,
8872,0,svm,max,balanced,cached_mxbai,4528,1782209055.8314755,,,
976,0,svm,max,balanced,cached_mxbai,4529,1782209056.5058146,,,
9202,0,svm,max,balanced,cached_mxbai,4530,1782209057.1157815,,,
6352,0,svm,max,balanced,cached_mxbai,4531,1782209057.7212043,,,
7068,0,svm,max,balanced,cached_mxbai,4532,1782209058.3324144,,,
6259,0,svm,max,balanced,cached_mxbai,4533,1782209058.9470565,,,
3352,0,svm,max,balanced,cached_mxbai,4534,1782209059.5574508,,,
7752,0,svm,max,balanced,cached_mxbai,4535,1782209060.1583285,,,
3153,0,svm,max,balanced,cached_mxbai,4536,1782209060.7581966,,,
6388,0,svm,max,balanced,cached_mxbai,4537,1782209061.3621309,,,
4890,0,svm,max,balanced,cached_mxbai,4538,1782209061.9615767,,,
7471,0,svm,max,balanced,cached_mxbai,4539,1782209062.5801728,,,
2219,0,svm,max,balanced,cached_mxbai,4540,1782209063.1838927,,,
9697,0,svm,max,balanced,cached_mxbai,4541,1782209063.7861326,,,
4247,0,svm,max,balanced,cached_mxbai,4542,1782209064.3901064,,,
1263,0,svm,max,balanced,cached_mxbai,4543,1782209064.9976182,,,
5051,0,svm,max,balanced,cached_mxbai,4544,1782209065.6388116,,,
1188,0,svm,max,balanced,cached_mxbai,4545,1782209066.2582643,,,
6447,0,svm,max,balanced,cached_mxbai,4546,1782209066.8709848,,,
3470,0,svm,max,balanced,cached_mxbai,4547,1782209067.4812772,,,
1434,0,svm,max,balanced,cached_mxbai,4548,1782209068.0951486,,,
4645,0,svm,max,balanced,cached_mxbai,4549,1782209068.702789,,,
8659,0,svm,max,balanced,cached_mxbai,4550,1782209069.3136246,,,
1691,0,svm,max,balanced,cached_mxbai,4551,1782209069.9172952,,,
5211,0,svm,max,balanced,cached_mxbai,4552,1782209070.5273948,,,
8616,0,svm,max,balanced,cached_mxbai,4553,1782209071.132771,,,
5627,0,svm,max,balanced,cached_mxbai,4554,1782209071.74119,,,
444,0,svm,max,balanced,cached_mxbai,4555,1782209072.3498297,,,
6806,0,svm,max,balanced,cached_mxbai,4556,1782209072.9625878,,,
1591,0,svm,max,balanced,cached_mxbai,4557,1782209073.5682664,,,
8070,0,svm,max,balanced,cached_mxbai,4558,1782209074.1709979,,,
906,0,svm,max,balanced,cached_mxbai,4559,1782209074.7721236,,,
10172,0,svm,max,balanced,cached_mxbai,4560,1782209075.3903308,,,
8106,0,svm,max,balanced,cached_mxbai,4561,1782209075.991267,,,
9192,0,svm,max,balanced,cached_mxbai,4562,1782209076.5911384,,,
8113,0,svm,max,balanced,cached_mxbai,4563,1782209077.1956658,,,
3472,0,svm,max,balanced,cached_mxbai,4564,1782209077.8046088,,,
2754,0,svm,max,balanced,cached_mxbai,4565,1782209078.4115777,,,
8992,0,svm,max,balanced,cached_mxbai,4566,1782209079.0253186,,,
972,0,svm,max,balanced,cached_mxbai,4567,1782209079.6351395,,,
2925,0,svm,max,balanced,cached_mxbai,4568,1782209080.2471406,,,
4099,0,svm,max,balanced,cached_mxbai,4569,1782209080.8604898,,,
9441,0,svm,max,balanced,cached_mxbai,4570,1782209081.4717324,,,
8302,0,svm,max,balanced,cached_mxbai,4571,1782209082.0875106,,,
3547,0,svm,max,balanced,cached_mxbai,4572,1782209082.6956265,,,
4956,0,svm,max,balanced,cached_mxbai,4573,1782209083.3035185,,,
9161,0,svm,max,balanced,cached_mxbai,4574,1782209083.9102876,,,
7997,0,svm,max,balanced,cached_mxbai,4575,1782209084.5150692,,,
3138,0,svm,max,balanced,cached_mxbai,4576,1782209085.135527,,,
3967,0,svm,max,balanced,cached_mxbai,4577,1782209085.75904,,,
5824,0,svm,max,balanced,cached_mxbai,4578,1782209086.3726048,,,
3501,0,svm,max,balanced,cached_mxbai,4579,1782209086.9816701,,,
5533,0,svm,max,balanced,cached_mxbai,4580,1782209087.5910065,,,
1725,0,svm,max,balanced,cached_mxbai,4581,1782209088.2013924,,,
3265,0,svm,max,balanced,cached_mxbai,4582,1782209088.8147123,,,
6987,0,svm,max,balanced,cached_mxbai,4583,1782209089.4302661,,,
1882,0,svm,max,balanced,cached_mxbai,4584,1782209090.0403378,,,
8886,0,svm,max,balanced,cached_mxbai,4585,1782209090.649199,,,
4854,0,svm,max,balanced,cached_mxbai,4586,1782209091.2611938,,,
8478,0,svm,max,balanced,cached_mxbai,4587,1782209091.8709986,,,
5204,0,svm,max,balanced,cached_mxbai,4588,1782209092.484642,,,
2581,0,svm,max,balanced,cached_mxbai,4589,1782209093.0893798,,,
8566,0,svm,max,balanced,cached_mxbai,4590,1782209093.700608,,,
7736,0,svm,max,balanced,cached_mxbai,4591,1782209094.3073647,,,
5169,0,svm,max,balanced,cached_mxbai,4592,1782209094.9141898,,,
2604,0,svm,max,balanced,cached_mxbai,4593,1782209095.5655107,,,
7389,0,svm,max,balanced,cached_mxbai,4594,1782209096.2667065,,,
5929,0,svm,max,balanced,cached_mxbai,4595,1782209096.958099,,,
1593,0,svm,max,balanced,cached_mxbai,4596,1782209097.6602263,,,
8064,0,svm,max,balanced,cached_mxbai,4597,1782209098.357016,,,
5046,0,svm,max,balanced,cached_mxbai,4598,1782209099.0548127,,,
4000,0,svm,max,balanced,cached_mxbai,4599,1782209099.7399135,,,
8748,0,svm,max,balanced,cached_mxbai,4600,1782209100.4345329,,,
10459,0,svm,max,balanced,cached_mxbai,4601,1782209101.1269557,,,
802,0,svm,max,balanced,cached_mxbai,4602,1782209101.818835,,,
3018,0,svm,max,balanced,cached_mxbai,4603,1782209102.5117908,,,
2784,0,svm,max,balanced,cached_mxbai,4604,1782209103.2073922,,,
4447,0,svm,max,balanced,cached_mxbai,4605,1782209103.8983257,,,
4791,0,svm,max,balanced,cached_mxbai,4606,1782209104.5865564,,,
10533,0,svm,max,balanced,cached_mxbai,4607,1782209105.295305,,,
5404,0,svm,max,balanced,cached_mxbai,4608,1782209105.990103,,,
6088,0,svm,max,balanced,cached_mxbai,4609,1782209106.6819904,,,
801,0,svm,max,balanced,cached_mxbai,4610,1782209107.3770382,,,
3361,0,svm,max,balanced,cached_mxbai,4611,1782209107.9924405,,,
7840,0,svm,max,balanced,cached_mxbai,4612,1782209108.6076577,,,
9561,0,svm,max,balanced,cached_mxbai,4613,1782209109.22193,,,
7414,0,svm,max,balanced,cached_mxbai,4614,1782209109.8351026,,,
5812,0,svm,max,balanced,cached_mxbai,4615,1782209110.4491236,,,
6621,0,svm,max,balanced,cached_mxbai,4616,1782209111.1430945,,,
640,0,svm,max,balanced,cached_mxbai,4617,1782209111.7636075,,,
10090,0,svm,max,balanced,cached_mxbai,4618,1782209112.3797076,,,
903,0,svm,max,balanced,cached_mxbai,4619,1782209113.0746958,,,
7447,0,svm,max,balanced,cached_mxbai,4620,1782209113.6905909,,,
4817,0,svm,max,balanced,cached_mxbai,4621,1782209114.3892012,,,
3750,0,svm,max,balanced,cached_mxbai,4622,1782209115.0893703,,,
3318,0,svm,max,balanced,cached_mxbai,4623,1782209115.8079872,,,
3653,0,svm,max,balanced,cached_mxbai,4624,1782209116.5100408,,,
4157,0,svm,max,balanced,cached_mxbai,4625,1782209117.208095,,,
3942,0,svm,max,balanced,cached_mxbai,4626,1782209117.9469237,,,
6389,0,svm,max,balanced,cached_mxbai,4627,1782209118.6442676,,,
6087,0,svm,max,balanced,cached_mxbai,4628,1782209119.346632,,,
1171,0,svm,max,balanced,cached_mxbai,4629,1782209120.041117,,,
4783,0,svm,max,balanced,cached_mxbai,4630,1782209120.7399962,,,
886,0,svm,max,balanced,cached_mxbai,4631,1782209121.435645,,,
2738,0,svm,max,balanced,cached_mxbai,4632,1782209122.0521696,,,
8983,0,svm,max,balanced,cached_mxbai,4633,1782209122.6668808,,,
9711,0,svm,max,balanced,cached_mxbai,4634,1782209123.2870865,,,
7103,0,svm,max,balanced,cached_mxbai,4635,1782209123.905804,,,
6872,0,svm,max,balanced,cached_mxbai,4636,1782209124.5244737,,,
9271,0,svm,max,balanced,cached_mxbai,4637,1782209125.14753,,,
1025,0,svm,max,balanced,cached_mxbai,4638,1782209125.803046,,,
5884,0,svm,max,balanced,cached_mxbai,4639,1782209126.427273,,,
8604,0,svm,max,balanced,cached_mxbai,4640,1782209127.0568738,,,
2631,0,svm,max,balanced,cached_mxbai,4641,1782209127.6839921,,,
2084,0,svm,max,balanced,cached_mxbai,4642,1782209128.3082137,,,
1142,0,svm,max,balanced,cached_mxbai,4643,1782209128.9322336,,,
3682,0,svm,max,balanced,cached_mxbai,4644,1782209129.5580583,,,
4255,0,svm,max,balanced,cached_mxbai,4645,1782209130.1860406,,,
8866,0,svm,max,balanced,cached_mxbai,4646,1782209130.801271,,,
990,0,svm,max,balanced,cached_mxbai,4647,1782209131.4226649,,,
1189,0,svm,max,balanced,cached_mxbai,4648,1782209132.0387018,,,
3468,0,svm,max,balanced,cached_mxbai,4649,1782209132.6599636,,,
9353,0,svm,max,balanced,cached_mxbai,4650,1782209133.2752554,,,
5184,0,svm,max,balanced,cached_mxbai,4651,1782209133.8967605,,,
1766,0,svm,max,balanced,cached_mxbai,4652,1782209134.5205598,,,
2292,0,svm,max,balanced,cached_mxbai,4653,1782209135.1415713,,,
3696,0,svm,max,balanced,cached_mxbai,4654,1782209135.8573434,,,
4260,0,svm,max,balanced,cached_mxbai,4655,1782209136.562973,,,
4101,0,svm,max,balanced,cached_mxbai,4656,1782209137.2571218,,,
9933,0,svm,max,balanced,cached_mxbai,4657,1782209137.9570277,,,
3870,0,svm,max,balanced,cached_mxbai,4658,1782209138.6586487,,,
5395,0,svm,max,balanced,cached_mxbai,4659,1782209139.3714085,,,
6140,0,svm,max,balanced,cached_mxbai,4660,1782209140.0749662,,,
5341,0,svm,max,balanced,cached_mxbai,4661,1782209140.7761767,,,
208,0,svm,max,balanced,cached_mxbai,4662,1782209141.4913359,,,
7955,0,svm,max,balanced,cached_mxbai,4663,1782209142.2034318,,,
612,0,svm,max,balanced,cached_mxbai,4664,1782209142.9099414,,,
664,0,svm,max,balanced,cached_mxbai,4665,1782209143.6226652,,,
5349,0,svm,max,balanced,cached_mxbai,4666,1782209144.3333144,,,
1727,0,svm,max,balanced,cached_mxbai,4667,1782209145.0548863,,,
4359,0,svm,max,balanced,cached_mxbai,4668,1782209145.783101,,,
4046,0,svm,max,balanced,cached_mxbai,4669,1782209146.4745853,,,
2921,0,svm,max,balanced,cached_mxbai,4670,1782209147.1653955,,,
6960,0,svm,max,balanced,cached_mxbai,4671,1782209147.8552508,,,
5717,0,svm,max,balanced,cached_mxbai,4672,1782209148.5496218,,,
4355,0,svm,max,balanced,cached_mxbai,4673,1782209149.24532,,,
8127,0,svm,max,balanced,cached_mxbai,4674,1782209149.9373362,,,
3777,0,svm,max,balanced,cached_mxbai,4675,1782209150.6369133,,,
1035,0,svm,max,balanced,cached_mxbai,4676,1782209151.3612757,,,
8769,0,svm,max,balanced,cached_mxbai,4677,1782209152.0588112,,,
6885,0,svm,max,balanced,cached_mxbai,4678,1782209152.7721677,,,
55,0,svm,max,balanced,cached_mxbai,4679,1782209153.464527,,,
7576,0,svm,max,balanced,cached_mxbai,4680,1782209154.1589222,,,
9086,0,svm,max,balanced,cached_mxbai,4681,1782209154.85979,,,
9955,0,svm,max,balanced,cached_mxbai,4682,1782209155.5803177,,,
2945,0,svm,max,balanced,cached_mxbai,4683,1782209156.287497,,,
3587,0,svm,max,balanced,cached_mxbai,4684,1782209156.9979284,,,
9230,0,svm,max,balanced,cached_mxbai,4685,1782209157.707417,,,
7740,0,svm,max,balanced,cached_mxbai,4686,1782209158.4182107,,,
5214,0,svm,max,balanced,cached_mxbai,4687,1782209159.1308963,,,
5686,0,svm,max,balanced,cached_mxbai,4688,1782209159.8346486,,,
3580,0,svm,max,balanced,cached_mxbai,4689,1782209160.5323987,,,
10441,0,svm,max,balanced,cached_mxbai,4690,1782209161.2364159,,,
189,0,svm,max,balanced,cached_mxbai,4691,1782209161.9457781,,,
7367,0,svm,max,balanced,cached_mxbai,4692,1782209162.6504881,,,
5683,0,svm,max,balanced,cached_mxbai,4693,1782209163.3409243,,,
1622,0,svm,max,balanced,cached_mxbai,4694,1782209164.0331953,,,
7747,0,svm,max,balanced,cached_mxbai,4695,1782209164.7212272,,,
554,0,svm,max,balanced,cached_mxbai,4696,1782209165.4340737,,,
8364,0,svm,max,balanced,cached_mxbai,4697,1782209166.1244326,,,
3381,0,svm,max,balanced,cached_mxbai,4698,1782209166.8138237,,,
8742,0,svm,max,balanced,cached_mxbai,4699,1782209167.504894,,,
3035,0,svm,max,balanced,cached_mxbai,4700,1782209168.1971014,,,
1688,0,svm,max,balanced,cached_mxbai,4701,1782209168.896709,,,
7212,0,svm,max,balanced,cached_mxbai,4702,1782209169.5819485,,,
978,0,svm,max,balanced,cached_mxbai,4703,1782209170.2731774,,,
7238,0,svm,max,balanced,cached_mxbai,4704,1782209170.9694574,,,
9066,0,svm,max,balanced,cached_mxbai,4705,1782209171.671283,,,
6812,0,svm,max,balanced,cached_mxbai,4706,1782209172.3768797,,,
4807,0,svm,max,balanced,cached_mxbai,4707,1782209173.0714266,,,
5438,0,svm,max,balanced,cached_mxbai,4708,1782209173.7647865,,,
3864,0,svm,max,balanced,cached_mxbai,4709,1782209174.4602919,,,
5909,0,svm,max,balanced,cached_mxbai,4710,1782209175.1607363,,,
4307,0,svm,max,balanced,cached_mxbai,4711,1782209175.8845363,,,
4265,0,svm,max,balanced,cached_mxbai,4712,1782209176.5811818,,,
4440,0,svm,max,balanced,cached_mxbai,4713,1782209177.275725,,,
8600,0,svm,max,balanced,cached_mxbai,4714,1782209177.9732535,,,
863,0,svm,max,balanced,cached_mxbai,4715,1782209178.6744199,,,
6996,0,svm,max,balanced,cached_mxbai,4716,1782209179.3875418,,,
8241,0,svm,max,balanced,cached_mxbai,4717,1782209180.0960128,,,
4268,0,svm,max,balanced,cached_mxbai,4718,1782209180.8033752,,,
6367,0,svm,max,balanced,cached_mxbai,4719,1782209181.5119433,,,
2274,0,svm,max,balanced,cached_mxbai,4720,1782209182.211773,,,
9913,0,svm,max,balanced,cached_mxbai,4721,1782209182.9139524,,,
984,0,svm,max,balanced,cached_mxbai,4722,1782209183.6065955,,,
766,0,svm,max,balanced,cached_mxbai,4723,1782209184.3064682,,,
5639,0,svm,max,balanced,cached_mxbai,4724,1782209184.9990141,,,
10382,0,svm,max,balanced,cached_mxbai,4725,1782209185.7317703,,,
2742,0,svm,max,balanced,cached_mxbai,4726,1782209186.4227896,,,
4177,0,svm,max,balanced,cached_mxbai,4727,1782209187.1181881,,,
9304,0,svm,max,balanced,cached_mxbai,4728,1782209187.8225367,,,
9986,0,svm,max,balanced,cached_mxbai,4729,1782209188.57423,,,
6075,0,svm,max,balanced,cached_mxbai,4730,1782209189.2776773,,,
2227,0,svm,max,balanced,cached_mxbai,4731,1782209189.9861825,,,
3270,0,svm,max,balanced,cached_mxbai,4732,1782209190.6866846,,,
670,0,svm,max,balanced,cached_mxbai,4733,1782209191.389875,,,
2641,0,svm,max,balanced,cached_mxbai,4734,1782209192.0804021,,,
8607,0,svm,max,balanced,cached_mxbai,4735,1782209192.7824795,,,
1610,0,svm,max,balanced,cached_mxbai,4736,1782209193.4734137,,,
2404,0,svm,max,balanced,cached_mxbai,4737,1782209194.1608553,,,
10194,0,svm,max,balanced,cached_mxbai,4738,1782209194.8639605,,,
4937,0,svm,max,balanced,cached_mxbai,4739,1782209195.5596828,,,
10196,0,svm,max,balanced,cached_mxbai,4740,1782209196.2498822,,,
2210,0,svm,max,balanced,cached_mxbai,4741,1782209196.939272,,,
4320,0,svm,max,balanced,cached_mxbai,4742,1782209197.6272213,,,
877,0,svm,max,balanced,cached_mxbai,4743,1782209198.31691,,,
3371,0,svm,max,balanced,cached_mxbai,4744,1782209199.0088315,,,
9395,0,svm,max,balanced,cached_mxbai,4745,1782209199.6983259,,,
562,0,svm,max,balanced,cached_mxbai,4746,1782209200.3930106,,,
7638,0,svm,max,balanced,cached_mxbai,4747,1782209201.0870357,,,
7789,0,svm,max,balanced,cached_mxbai,4748,1782209201.7761645,,,
1538,0,svm,max,balanced,cached_mxbai,4749,1782209202.4634693,,,
726,0,svm,max,balanced,cached_mxbai,4750,1782209203.1571333,,,
6271,0,svm,max,balanced,cached_mxbai,4751,1782209203.8493135,,,
10355,0,svm,max,balanced,cached_mxbai,4752,1782209204.5425453,,,
4375,0,svm,max,balanced,cached_mxbai,4753,1782209205.25668,,,
2365,0,svm,max,balanced,cached_mxbai,4754,1782209205.9680839,,,
5838,0,svm,max,balanced,cached_mxbai,4755,1782209206.6635797,,,
2555,0,svm,max,balanced,cached_mxbai,4756,1782209207.3572078,,,
961,0,svm,max,balanced,cached_mxbai,4757,1782209208.0499017,,,
3192,0,svm,max,balanced,cached_mxbai,4758,1782209208.7544875,,,
3670,0,svm,max,balanced,cached_mxbai,4759,1782209209.4486992,,,
6195,0,svm,max,balanced,cached_mxbai,4760,1782209210.1434665,,,
1322,0,svm,max,balanced,cached_mxbai,4761,1782209210.8627553,,,
6697,0,svm,max,balanced,cached_mxbai,4762,1782209211.5701685,,,
10128,0,svm,max,balanced,cached_mxbai,4763,1782209212.2804186,,,
3691,0,svm,max,balanced,cached_mxbai,4764,1782209212.9894798,,,
6070,0,svm,max,balanced,cached_mxbai,4765,1782209213.6953802,,,
1514,0,svm,max,balanced,cached_mxbai,4766,1782209214.4079154,,,
8352,0,svm,max,balanced,cached_mxbai,4767,1782209215.1213589,,,
1344,0,svm,max,balanced,cached_mxbai,4768,1782209215.8511035,,,
1629,0,svm,max,balanced,cached_mxbai,4769,1782209216.55767,,,
4624,0,svm,max,balanced,cached_mxbai,4770,1782209217.2816033,,,
7822,0,svm,max,balanced,cached_mxbai,4771,1782209217.99548,,,
1411,0,svm,max,balanced,cached_mxbai,4772,1782209218.7338564,,,
4066,0,svm,max,balanced,cached_mxbai,4773,1782209219.4446912,,,
4555,0,svm,max,balanced,cached_mxbai,4774,1782209220.1607714,,,
6277,0,svm,max,balanced,cached_mxbai,4775,1782209220.8782024,,,
1910,0,svm,max,balanced,cached_mxbai,4776,1782209221.6009016,,,
2367,0,svm,max,balanced,cached_mxbai,4777,1782209222.3209054,,,
3373,0,svm,max,balanced,cached_mxbai,4778,1782209223.0583806,,,
2096,0,svm,max,balanced,cached_mxbai,4779,1782209223.777713,,,
3182,0,svm,max,balanced,cached_mxbai,4780,1782209224.5000513,,,
6391,0,svm,max,balanced,cached_mxbai,4781,1782209225.2222264,,,
5254,0,svm,max,balanced,cached_mxbai,4782,1782209225.9627807,,,
777,0,svm,max,balanced,cached_mxbai,4783,1782209226.6835706,,,
2676,0,svm,max,balanced,cached_mxbai,4784,1782209227.419684,,,
10408,0,svm,max,balanced,cached_mxbai,4785,1782209228.15446,,,
2941,0,svm,max,balanced,cached_mxbai,4786,1782209228.89549,,,
3111,0,svm,max,balanced,cached_mxbai,4787,1782209229.6287534,,,
10419,0,svm,max,balanced,cached_mxbai,4788,1782209230.3578813,,,
5660,0,svm,max,balanced,cached_mxbai,4789,1782209231.087421,,,
9923,0,svm,max,balanced,cached_mxbai,4790,1782209231.8121316,,,
4363,0,svm,max,balanced,cached_mxbai,4791,1782209232.5422323,,,
10111,0,svm,max,balanced,cached_mxbai,4792,1782209233.2736025,,,
1781,0,svm,max,balanced,cached_mxbai,4793,1782209233.9998019,,,
9715,0,svm,max,balanced,cached_mxbai,4794,1782209234.728404,,,
2483,0,svm,max,balanced,cached_mxbai,4795,1782209235.4816568,,,
10221,0,svm,max,balanced,cached_mxbai,4796,1782209236.2108653,,,
3482,0,svm,max,balanced,cached_mxbai,4797,1782209236.930832,,,
2613,0,svm,max,balanced,cached_mxbai,4798,1782209237.6616082,,,
9232,0,svm,max,balanced,cached_mxbai,4799,1782209238.3761125,,,
4782,0,svm,max,balanced,cached_mxbai,4800,1782209239.087302,,,
7868,0,svm,max,balanced,cached_mxbai,4801,1782209239.7903893,,,
2995,0,svm,max,balanced,cached_mxbai,4802,1782209240.5021672,,,
3376,0,svm,max,balanced,cached_mxbai,4803,1782209241.2229924,,,
4316,0,svm,max,balanced,cached_mxbai,4804,1782209241.940298,,,
8382,0,svm,max,balanced,cached_mxbai,4805,1782209242.65822,,,
6849,0,svm,max,balanced,cached_mxbai,4806,1782209243.3750913,,,
10593,0,svm,max,balanced,cached_mxbai,4807,1782209244.089593,,,
1466,0,svm,max,balanced,cached_mxbai,4808,1782209244.8035965,,,
3936,0,svm,max,balanced,cached_mxbai,4809,1782209245.5535848,,,
7219,0,svm,max,balanced,cached_mxbai,4810,1782209246.2663045,,,
7404,0,svm,max,balanced,cached_mxbai,4811,1782209246.9790628,,,
4638,0,svm,max,balanced,cached_mxbai,4812,1782209247.6948905,,,
1996,0,svm,max,balanced,cached_mxbai,4813,1782209248.406445,,,
596,0,svm,max,balanced,cached_mxbai,4814,1782209249.1299126,,,
2821,0,svm,max,balanced,cached_mxbai,4815,1782209249.839518,,,
2059,0,svm,max,balanced,cached_mxbai,4816,1782209250.5475435,,,
660,0,svm,max,balanced,cached_mxbai,4817,1782209251.2706847,,,
1158,0,svm,max,balanced,cached_mxbai,4818,1782209251.9850368,,,
10174,0,svm,max,balanced,cached_mxbai,4819,1782209252.709154,,,
4382,0,svm,max,balanced,cached_mxbai,4820,1782209253.4309804,,,
9884,0,svm,max,balanced,cached_mxbai,4821,1782209254.1610012,,,
4674,0,svm,max,balanced,cached_mxbai,4822,1782209254.8853838,,,
8682,0,svm,max,balanced,cached_mxbai,4823,1782209255.6364021,,,
1776,0,svm,max,balanced,cached_mxbai,4824,1782209256.3601089,,,
2938,0,svm,max,balanced,cached_mxbai,4825,1782209257.0864832,,,
3422,0,svm,max,balanced,cached_mxbai,4826,1782209257.8127394,,,
10322,0,svm,max,balanced,cached_mxbai,4827,1782209258.5328696,,,
4275,0,svm,max,balanced,cached_mxbai,4828,1782209259.256617,,,
7332,0,svm,max,balanced,cached_mxbai,4829,1782209259.97323,,,
10328,0,svm,max,balanced,cached_mxbai,4830,1782209260.7141054,,,
4167,0,svm,max,balanced,cached_mxbai,4831,1782209261.4345648,,,
8081,0,svm,max,balanced,cached_mxbai,4832,1782209262.1471143,,,
2619,0,svm,max,balanced,cached_mxbai,4833,1782209262.8678057,,,
10426,0,svm,max,balanced,cached_mxbai,4834,1782209263.5828004,,,
7387,0,svm,max,balanced,cached_mxbai,4835,1782209264.2937598,,,
1050,0,svm,max,balanced,cached_mxbai,4836,1782209265.0037613,,,
4223,0,svm,max,balanced,cached_mxbai,4837,1782209265.7540689,,,
7486,0,svm,max,balanced,cached_mxbai,4838,1782209266.4885182,,,
8278,0,svm,max,balanced,cached_mxbai,4839,1782209267.2130773,,,
9294,0,svm,max,balanced,cached_mxbai,4840,1782209267.9448674,,,
450,0,svm,max,balanced,cached_mxbai,4841,1782209268.672967,,,
755,0,svm,max,balanced,cached_mxbai,4842,1782209269.4074433,,,
1494,0,svm,max,balanced,cached_mxbai,4843,1782209270.132188,,,
2825,0,svm,max,balanced,cached_mxbai,4844,1782209270.8538635,,,
71,0,svm,max,balanced,cached_mxbai,4845,1782209271.578574,,,
1314,0,svm,max,balanced,cached_mxbai,4846,1782209272.3052783,,,
2802,0,svm,max,balanced,cached_mxbai,4847,1782209273.0254128,,,
9218,0,svm,max,balanced,cached_mxbai,4848,1782209273.7426674,,,
3786,0,svm,max,balanced,cached_mxbai,4849,1782209274.4572754,,,
6035,0,svm,max,balanced,cached_mxbai,4850,1782209275.1755786,,,
3834,0,svm,max,balanced,cached_mxbai,4851,1782209275.9171011,,,
8739,0,svm,max,balanced,cached_mxbai,4852,1782209276.6352565,,,
5021,0,svm,max,balanced,cached_mxbai,4853,1782209277.3675873,,,
219,0,svm,max,balanced,cached_mxbai,4854,1782209278.0818934,,,
6685,0,svm,max,balanced,cached_mxbai,4855,1782209278.8062341,,,
1788,0,svm,max,balanced,cached_mxbai,4856,1782209279.5562177,,,
6315,0,svm,max,balanced,cached_mxbai,4857,1782209280.2804694,,,
277,0,svm,max,balanced,cached_mxbai,4858,1782209281.0041046,,,
5804,0,svm,max,balanced,cached_mxbai,4859,1782209281.7229857,,,
1096,0,svm,max,balanced,cached_mxbai,4860,1782209282.433101,,,
3173,0,svm,max,balanced,cached_mxbai,4861,1782209283.1386223,,,
3333,0,svm,max,balanced,cached_mxbai,4862,1782209283.859087,,,
6752,0,svm,max,balanced,cached_mxbai,4863,1782209284.5608027,,,
9058,0,svm,max,balanced,cached_mxbai,4864,1782209285.280928,,,
2775,0,svm,max,balanced,cached_mxbai,4865,1782209285.980162,,,
5890,0,svm,max,balanced,cached_mxbai,4866,1782209286.6802397,,,
2866,0,svm,max,balanced,cached_mxbai,4867,1782209287.3896182,,,
5544,0,svm,max,balanced,cached_mxbai,4868,1782209288.1081154,,,
2051,0,svm,max,balanced,cached_mxbai,4869,1782209288.8280401,,,
10160,0,svm,max,balanced,cached_mxbai,4870,1782209289.5442488,,,
5710,0,svm,max,balanced,cached_mxbai,4871,1782209290.2579823,,,
5421,0,svm,max,balanced,cached_mxbai,4872,1782209290.9771407,,,
7401,0,svm,max,balanced,cached_mxbai,4873,1782209291.7012568,,,
8851,0,svm,max,balanced,cached_mxbai,4874,1782209292.425376,,,
8626,0,svm,max,balanced,cached_mxbai,4875,1782209293.1437297,,,
5023,0,svm,max,balanced,cached_mxbai,4876,1782209293.8721864,,,
7214,0,svm,max,balanced,cached_mxbai,4877,1782209294.5877268,,,
4189,0,svm,max,balanced,cached_mxbai,4878,1782209295.3255014,,,
1298,0,svm,max,balanced,cached_mxbai,4879,1782209296.0401454,,,
6177,0,svm,max,balanced,cached_mxbai,4880,1782209296.7627916,,,
6942,0,svm,max,balanced,cached_mxbai,4881,1782209297.481482,,,
4354,0,svm,max,balanced,cached_mxbai,4882,1782209298.2174547,,,
3484,0,svm,max,balanced,cached_mxbai,4883,1782209298.9453328,,,
5736,0,svm,max,balanced,cached_mxbai,4884,1782209299.6744955,,,
3838,0,svm,max,balanced,cached_mxbai,4885,1782209300.3990836,,,
9645,0,svm,max,balanced,cached_mxbai,4886,1782209301.1255438,,,
8965,0,svm,max,balanced,cached_mxbai,4887,1782209301.8519611,,,
2085,0,svm,max,balanced,cached_mxbai,4888,1782209302.5763736,,,
3792,0,svm,max,balanced,cached_mxbai,4889,1782209303.2924442,,,
7579,0,svm,max,balanced,cached_mxbai,4890,1782209304.013175,,,
9781,0,svm,max,balanced,cached_mxbai,4891,1782209304.7330809,,,
1471,0,svm,max,balanced,cached_mxbai,4892,1782209305.4881284,,,
10043,0,svm,max,balanced,cached_mxbai,4893,1782209306.2119682,,,
9991,0,svm,max,balanced,cached_mxbai,4894,1782209306.9361768,,,
3127,0,svm,max,balanced,cached_mxbai,4895,1782209307.6581323,,,
3574,0,svm,max,balanced,cached_mxbai,4896,1782209308.388823,,,
5239,0,svm,max,balanced,cached_mxbai,4897,1782209309.1165333,,,
4070,0,svm,max,balanced,cached_mxbai,4898,1782209309.8652427,,,
2719,0,svm,max,balanced,cached_mxbai,4899,1782209310.5906703,,,
409,0,svm,max,balanced,cached_mxbai,4900,1782209311.314499,,,
3076,0,svm,max,balanced,cached_mxbai,4901,1782209312.0498965,,,
4474,0,svm,max,balanced,cached_mxbai,4902,1782209312.7869303,,,
166,0,svm,max,balanced,cached_mxbai,4903,1782209313.515877,,,
10219,0,svm,max,balanced,cached_mxbai,4904,1782209314.235679,,,
7687,0,svm,max,balanced,cached_mxbai,4905,1782209314.953581,,,
9015,0,svm,max,balanced,cached_mxbai,4906,1782209315.6878226,,,
517,0,svm,max,balanced,cached_mxbai,4907,1782209316.4226904,,,
8391,0,svm,max,balanced,cached_mxbai,4908,1782209317.1511972,,,
2594,0,svm,max,balanced,cached_mxbai,4909,1782209317.870874,,,
8318,0,svm,max,balanced,cached_mxbai,4910,1782209318.5938437,,,
9865,0,svm,max,balanced,cached_mxbai,4911,1782209319.3204603,,,
1858,0,svm,max,balanced,cached_mxbai,4912,1782209320.0514908,,,
3119,0,svm,max,balanced,cached_mxbai,4913,1782209320.7759838,,,
7407,0,svm,max,balanced,cached_mxbai,4914,1782209321.501249,,,
6223,0,svm,max,balanced,cached_mxbai,4915,1782209322.220948,,,
10205,0,svm,max,balanced,cached_mxbai,4916,1782209322.9424274,,,
4297,0,svm,max,balanced,cached_mxbai,4917,1782209323.6799881,,,
6552,0,svm,max,balanced,cached_mxbai,4918,1782209324.4146743,,,
3603,0,svm,max,balanced,cached_mxbai,4919,1782209325.1708925,,,
1680,0,svm,max,balanced,cached_mxbai,4920,1782209325.9184275,,,
10310,0,svm,max,balanced,cached_mxbai,4921,1782209326.651131,,,
4141,0,svm,max,balanced,cached_mxbai,4922,1782209327.3778553,,,
6406,0,svm,max,balanced,cached_mxbai,4923,1782209328.1013327,,,
4742,0,svm,max,balanced,cached_mxbai,4924,1782209328.8220253,,,
10365,0,svm,max,balanced,cached_mxbai,4925,1782209329.5547814,,,
8827,0,svm,max,balanced,cached_mxbai,4926,1782209330.2770214,,,
3732,0,svm,max,balanced,cached_mxbai,4927,1782209331.0140955,,,
2371,0,svm,max,balanced,cached_mxbai,4928,1782209331.7483203,,,
7040,0,svm,max,balanced,cached_mxbai,4929,1782209332.4805064,,,
4049,0,svm,max,balanced,cached_mxbai,4930,1782209333.2110229,,,
4816,0,svm,max,balanced,cached_mxbai,4931,1782209333.9431179,,,
10496,0,svm,max,balanced,cached_mxbai,4932,1782209334.6705725,,,
6919,0,svm,max,balanced,cached_mxbai,4933,1782209335.4185917,,,
5703,0,svm,max,balanced,cached_mxbai,4934,1782209336.14812,,,
5304,0,svm,max,balanced,cached_mxbai,4935,1782209336.8723342,,,
1974,0,svm,max,balanced,cached_mxbai,4936,1782209337.6067882,,,
6851,0,svm,max,balanced,cached_mxbai,4937,1782209338.3310206,,,
2675,0,svm,max,balanced,cached_mxbai,4938,1782209339.097236,,,
1342,0,svm,max,balanced,cached_mxbai,4939,1782209339.8523228,,,
8496,0,svm,max,balanced,cached_mxbai,4940,1782209340.6010273,,,
841,0,svm,max,balanced,cached_mxbai,4941,1782209341.3496387,,,
9311,0,svm,max,balanced,cached_mxbai,4942,1782209342.0980194,,,
5875,0,svm,max,balanced,cached_mxbai,4943,1782209342.8442786,,,
6757,0,svm,max,balanced,cached_mxbai,4944,1782209343.5764368,,,
9261,0,svm,max,balanced,cached_mxbai,4945,1782209344.3107002,,,
3436,0,svm,max,balanced,cached_mxbai,4946,1782209345.0563185,,,
6909,0,svm,max,balanced,cached_mxbai,4947,1782209345.8064702,,,
2252,0,svm,max,balanced,cached_mxbai,4948,1782209346.5465841,,,
9322,0,svm,max,balanced,cached_mxbai,4949,1782209347.287032,,,
107,0,svm,max,balanced,cached_mxbai,4950,1782209348.0311337,,,
2049,0,svm,max,balanced,cached_mxbai,4951,1782209348.7855942,,,
8521,0,svm,max,balanced,cached_mxbai,4952,1782209349.5570924,,,
2424,0,svm,max,balanced,cached_mxbai,4953,1782209350.2969904,,,
3239,0,svm,max,balanced,cached_mxbai,4954,1782209351.0202904,,,
4923,0,svm,max,balanced,cached_mxbai,4955,1782209351.743479,,,
1908,0,svm,max,balanced,cached_mxbai,4956,1782209352.4749253,,,
9415,0,svm,max,balanced,cached_mxbai,4957,1782209353.1937842,,,
321,0,svm,max,balanced,cached_mxbai,4958,1782209353.9199774,,,
1742,0,svm,max,balanced,cached_mxbai,4959,1782209354.6391919,,,
9005,0,svm,max,balanced,cached_mxbai,4960,1782209355.3589752,,,
419,0,svm,max,balanced,cached_mxbai,4961,1782209356.0774324,,,
5031,0,svm,max,balanced,cached_mxbai,4962,1782209356.7940457,,,
5869,0,svm,max,balanced,cached_mxbai,4963,1782209357.52898,,,
5997,0,svm,max,balanced,cached_mxbai,4964,1782209358.285547,,,
4371,0,svm,max,balanced,cached_mxbai,4965,1782209359.0240471,,,
1111,0,svm,max,balanced,cached_mxbai,4966,1782209359.782924,,,
8986,0,svm,max,balanced,cached_mxbai,4967,1782209360.5086305,,,
9063,0,svm,max,balanced,cached_mxbai,4968,1782209361.2333848,,,
7607,0,svm,max,balanced,cached_mxbai,4969,1782209361.955834,,,
9707,0,svm,max,balanced,cached_mxbai,4970,1782209362.6904366,,,
3997,0,svm,max,balanced,cached_mxbai,4971,1782209363.4117568,,,
7980,0,svm,max,balanced,cached_mxbai,4972,1782209364.154041,,,
9061,0,svm,max,balanced,cached_mxbai,4973,1782209364.8713017,,,
3612,0,svm,max,balanced,cached_mxbai,4974,1782209365.61018,,,
3810,0,svm,max,balanced,cached_mxbai,4975,1782209366.3286734,,,
7485,0,svm,max,balanced,cached_mxbai,4976,1782209367.0437543,,,
9485,0,svm,max,balanced,cached_mxbai,4977,1782209367.7676325,,,
6347,0,svm,max,balanced,cached_mxbai,4978,1782209368.4903247,,,
4092,0,svm,max,balanced,cached_mxbai,4979,1782209369.2055516,,,
4667,0,svm,max,balanced,cached_mxbai,4980,1782209369.9352598,,,
276,0,svm,max,balanced,cached_mxbai,4981,1782209370.6891737,,,
10537,0,svm,max,balanced,cached_mxbai,4982,1782209371.410791,,,
2879,0,svm,max,balanced,cached_mxbai,4983,1782209372.128099,,,
8091,0,svm,max,balanced,cached_mxbai,4984,1782209372.8400493,,,
6183,0,svm,max,balanced,cached_mxbai,4985,1782209373.5654566,,,
5785,0,svm,max,balanced,cached_mxbai,4986,1782209374.2897174,,,
3857,0,svm,max,balanced,cached_mxbai,4987,1782209375.0032737,,,
4163,0,svm,max,balanced,cached_mxbai,4988,1782209375.737518,,,
4728,0,svm,max,balanced,cached_mxbai,4989,1782209376.4744902,,,
8854,0,svm,max,balanced,cached_mxbai,4990,1782209377.1888273,,,
678,0,svm,max,balanced,cached_mxbai,4991,1782209377.8998723,,,
1135,0,svm,max,balanced,cached_mxbai,4992,1782209378.6147227,,,
3461,0,svm,max,balanced,cached_mxbai,4993,1782209379.3352106,,,
7252,0,svm,max,balanced,cached_mxbai,4994,1782209380.0500286,,,
6166,0,svm,max,balanced,cached_mxbai,4995,1782209380.7738335,,,
8987,0,svm,max,balanced,cached_mxbai,4996,1782209381.4879718,,,
3744,0,svm,max,balanced,cached_mxbai,4997,1782209382.2075748,,,
8519,0,svm,max,balanced,cached_mxbai,4998,1782209382.9245744,,,
5340,0,svm,max,balanced,cached_mxbai,4999,1782209383.645638,,,
4360,0,svm,max,balanced,cached_mxbai,5000,1782209384.3559253,,,
3933,0,svm,max,balanced,cached_mxbai,5001,1782209385.080846,,,
2501,0,svm,max,balanced,cached_mxbai,5002,1782209385.8231118,,,
3616,0,svm,max,balanced,cached_mxbai,5003,1782209386.5469475,,,
2953,0,svm,max,balanced,cached_mxbai,5004,1782209387.2682884,,,
396,0,svm,max,balanced,cached_mxbai,5005,1782209387.984664,,,
2722,0,svm,max,balanced,cached_mxbai,5006,1782209388.701569,,,
2709,0,svm,max,balanced,cached_mxbai,5007,1782209389.4270236,,,
7132,0,svm,max,balanced,cached_mxbai,5008,1782209390.1471524,,,
2125,0,svm,max,balanced,cached_mxbai,5009,1782209390.8938277,,,
10040,0,svm,max,balanced,cached_mxbai,5010,1782209391.6143782,,,
3740,0,svm,max,balanced,cached_mxbai,5011,1782209392.3313081,,,
1826,0,svm,max,balanced,cached_mxbai,5012,1782209393.065445,,,
8874,0,svm,max,balanced,cached_mxbai,5013,1782209393.7870705,,,
1109,0,svm,max,balanced,cached_mxbai,5014,1782209394.5015113,,,
9338,0,svm,max,balanced,cached_mxbai,5015,1782209395.2352893,,,
7267,0,svm,max,balanced,cached_mxbai,5016,1782209395.9628847,,,
4224,0,svm,max,balanced,cached_mxbai,5017,1782209396.6701546,,,
5746,0,svm,max,balanced,cached_mxbai,5018,1782209397.386163,,,
6915,0,svm,max,balanced,cached_mxbai,5019,1782209398.094142,,,
757,0,svm,max,balanced,cached_mxbai,5020,1782209398.8181636,,,
4369,0,svm,max,balanced,cached_mxbai,5021,1782209399.5484014,,,
10257,0,svm,max,balanced,cached_mxbai,5022,1782209400.2771974,,,
8661,0,svm,max,balanced,cached_mxbai,5023,1782209401.0088077,,,
10294,0,svm,max,balanced,cached_mxbai,5024,1782209401.7298403,,,
199,0,svm,max,balanced,cached_mxbai,5025,1782209402.4435954,,,
6719,0,svm,max,balanced,cached_mxbai,5026,1782209403.1547751,,,
9253,0,svm,max,balanced,cached_mxbai,5027,1782209403.8777003,,,
3534,0,svm,max,balanced,cached_mxbai,5028,1782209404.6010745,,,
7075,0,svm,max,balanced,cached_mxbai,5029,1782209405.3467104,,,
8137,0,svm,max,balanced,cached_mxbai,5030,1782209406.0699215,,,
5356,0,svm,max,balanced,cached_mxbai,5031,1782209406.7992294,,,
5229,0,svm,max,balanced,cached_mxbai,5032,1782209407.528669,,,
8764,0,svm,max,balanced,cached_mxbai,5033,1782209408.254473,,,
1963,0,svm,max,balanced,cached_mxbai,5034,1782209408.9785888,,,
6194,0,svm,max,balanced,cached_mxbai,5035,1782209409.6967027,,,
9412,0,svm,max,balanced,cached_mxbai,5036,1782209410.4124722,,,
3212,0,svm,max,balanced,cached_mxbai,5037,1782209411.135857,,,
1580,0,svm,max,balanced,cached_mxbai,5038,1782209411.8624713,,,
7545,0,svm,max,balanced,cached_mxbai,5039,1782209412.5793834,,,
3649,0,svm,max,balanced,cached_mxbai,5040,1782209413.2968152,,,
4130,0,svm,max,balanced,cached_mxbai,5041,1782209414.02289,,,
3034,0,svm,max,balanced,cached_mxbai,5042,1782209414.745447,,,
4533,0,svm,max,balanced,cached_mxbai,5043,1782209415.50404,,,
6015,0,svm,max,balanced,cached_mxbai,5044,1782209416.241237,,,
3387,0,svm,max,balanced,cached_mxbai,5045,1782209416.9760678,,,
1190,0,svm,max,balanced,cached_mxbai,5046,1782209417.7102618,,,
8458,0,svm,max,balanced,cached_mxbai,5047,1782209418.4443758,,,
9418,0,svm,max,balanced,cached_mxbai,5048,1782209419.181462,,,
9510,0,svm,max,balanced,cached_mxbai,5049,1782209419.9208164,,,
8577,0,svm,max,balanced,cached_mxbai,5050,1782209420.6561131,,,
3017,0,svm,max,balanced,cached_mxbai,5051,1782209421.3902192,,,
152,0,svm,max,balanced,cached_mxbai,5052,1782209422.1261077,,,
184,0,svm,max,balanced,cached_mxbai,5053,1782209422.859514,,,
5460,0,svm,max,balanced,cached_mxbai,5054,1782209423.6021686,,,
6392,0,svm,max,balanced,cached_mxbai,5055,1782209424.336566,,,
9250,0,svm,max,balanced,cached_mxbai,5056,1782209425.0870287,,,
3261,0,svm,max,balanced,cached_mxbai,5057,1782209425.8467095,,,
3965,0,svm,max,balanced,cached_mxbai,5058,1782209426.5732663,,,
1587,0,svm,max,balanced,cached_mxbai,5059,1782209427.2957659,,,
4869,0,svm,max,balanced,cached_mxbai,5060,1782209428.0332348,,,
7646,0,svm,max,balanced,cached_mxbai,5061,1782209428.7697785,,,
6046,0,svm,max,balanced,cached_mxbai,5062,1782209429.500608,,,
5367,0,svm,max,balanced,cached_mxbai,5063,1782209430.2275012,,,
901,0,svm,max,balanced,cached_mxbai,5064,1782209430.9576807,,,
8244,0,svm,max,balanced,cached_mxbai,5065,1782209431.6874614,,,
6378,0,svm,max,balanced,cached_mxbai,5066,1782209432.4150164,,,
9222,0,svm,max,balanced,cached_mxbai,5067,1782209433.142314,,,
6796,0,svm,max,balanced,cached_mxbai,5068,1782209433.8696907,,,
9487,0,svm,max,balanced,cached_mxbai,5069,1782209434.620757,,,
8592,0,svm,max,balanced,cached_mxbai,5070,1782209435.368328,,,
8499,0,svm,max,balanced,cached_mxbai,5071,1782209436.1148593,,,
9713,0,svm,max,balanced,cached_mxbai,5072,1782209436.863249,,,
4193,0,svm,max,balanced,cached_mxbai,5073,1782209437.6181989,,,
6995,0,svm,max,balanced,cached_mxbai,5074,1782209438.374207,,,
6034,0,svm,max,balanced,cached_mxbai,5075,1782209439.125803,,,
3462,0,svm,max,balanced,cached_mxbai,5076,1782209439.8722515,,,
10476,0,svm,max,balanced,cached_mxbai,5077,1782209440.6185496,,,
2809,0,svm,max,balanced,cached_mxbai,5078,1782209441.3674958,,,
77,0,svm,max,balanced,cached_mxbai,5079,1782209442.1176956,,,
1634,0,svm,max,balanced,cached_mxbai,5080,1782209442.8625994,,,
10191,0,svm,max,balanced,cached_mxbai,5081,1782209443.600125,,,
3390,0,svm,max,balanced,cached_mxbai,5082,1782209444.3447542,,,
5258,0,svm,max,balanced,cached_mxbai,5083,1782209445.1042747,,,
1059,0,svm,max,balanced,cached_mxbai,5084,1782209445.8672664,,,
1126,0,svm,max,balanced,cached_mxbai,5085,1782209446.612765,,,
6312,0,svm,max,balanced,cached_mxbai,5086,1782209447.3658597,,,
6760,0,svm,max,balanced,cached_mxbai,5087,1782209448.117167,,,
3540,0,svm,max,balanced,cached_mxbai,5088,1782209448.8767312,,,
2067,0,svm,max,balanced,cached_mxbai,5089,1782209449.62417,,,
4203,0,svm,max,balanced,cached_mxbai,5090,1782209450.3735638,,,
2199,0,svm,max,balanced,cached_mxbai,5091,1782209451.1170676,,,
3357,0,svm,max,balanced,cached_mxbai,5092,1782209451.8746367,,,
1173,0,svm,max,balanced,cached_mxbai,5093,1782209452.6224694,,,
6753,0,svm,max,balanced,cached_mxbai,5094,1782209453.381737,,,
10298,0,svm,max,balanced,cached_mxbai,5095,1782209454.1344824,,,
3550,0,svm,max,balanced,cached_mxbai,5096,1782209454.8829408,,,
7380,0,svm,max,balanced,cached_mxbai,5097,1782209455.6494143,,,
954,0,svm,max,balanced,cached_mxbai,5098,1782209456.4055274,,,
2112,0,svm,max,balanced,cached_mxbai,5099,1782209457.159607,,,
1976,0,svm,max,balanced,cached_mxbai,5100,1782209457.9125257,,,
569,0,svm,max,balanced,cached_mxbai,5101,1782209458.6790564,,,
2170,0,svm,max,balanced,cached_mxbai,5102,1782209459.443985,,,
9297,0,svm,max,balanced,cached_mxbai,5103,1782209460.1992784,,,
3359,0,svm,max,balanced,cached_mxbai,5104,1782209460.957806,,,
9845,0,svm,max,balanced,cached_mxbai,5105,1782209461.7618647,,,
4620,0,svm,max,balanced,cached_mxbai,5106,1782209462.5231333,,,
8014,0,svm,max,balanced,cached_mxbai,5107,1782209463.2802386,,,
1962,0,svm,max,balanced,cached_mxbai,5108,1782209464.03774,,,
8216,0,svm,max,balanced,cached_mxbai,5109,1782209464.7968392,,,
9695,0,svm,max,balanced,cached_mxbai,5110,1782209465.5701241,,,
3571,0,svm,max,balanced,cached_mxbai,5111,1782209466.322377,,,
2014,0,svm,max,balanced,cached_mxbai,5112,1782209467.0975769,,,
8251,0,svm,max,balanced,cached_mxbai,5113,1782209467.8501008,,,
8066,0,svm,max,balanced,cached_mxbai,5114,1782209468.6035829,,,
6469,0,svm,max,balanced,cached_mxbai,5115,1782209469.3571563,,,
447,0,svm,max,balanced,cached_mxbai,5116,1782209470.1076753,,,
10114,0,svm,max,balanced,cached_mxbai,5117,1782209470.8577929,,,
8286,0,svm,max,balanced,cached_mxbai,5118,1782209471.614492,,,
3184,0,svm,max,balanced,cached_mxbai,5119,1782209472.3693848,,,
3893,0,svm,max,balanced,cached_mxbai,5120,1782209473.126061,,,
7994,0,svm,max,balanced,cached_mxbai,5121,1782209473.8857164,,,
8186,0,svm,max,balanced,cached_mxbai,5122,1782209474.641533,,,
6362,0,svm,max,balanced,cached_mxbai,5123,1782209475.4238167,,,
3803,0,svm,max,balanced,cached_mxbai,5124,1782209476.1820936,,,
3292,0,svm,max,balanced,cached_mxbai,5125,1782209476.9388072,,,
2610,0,svm,max,balanced,cached_mxbai,5126,1782209477.6838036,,,
3521,0,svm,max,balanced,cached_mxbai,5127,1782209478.4458928,,,
5067,0,svm,max,balanced,cached_mxbai,5128,1782209479.2026927,,,
4038,0,svm,max,balanced,cached_mxbai,5129,1782209479.9542303,,,
8558,0,svm,max,balanced,cached_mxbai,5130,1782209480.7216487,,,
1151,0,svm,max,balanced,cached_mxbai,5131,1782209481.4807713,,,
5429,0,svm,max,balanced,cached_mxbai,5132,1782209482.2544246,,,
551,0,svm,max,balanced,cached_mxbai,5133,1782209483.0122519,,,
9883,0,svm,max,balanced,cached_mxbai,5134,1782209483.7659492,,,
1516,0,svm,max,balanced,cached_mxbai,5135,1782209484.5168872,,,
4422,0,svm,max,balanced,cached_mxbai,5136,1782209485.288868,,,
1296,0,svm,max,balanced,cached_mxbai,5137,1782209486.0463955,,,
6724,0,svm,max,balanced,cached_mxbai,5138,1782209486.7981207,,,
8165,0,svm,max,balanced,cached_mxbai,5139,1782209487.5521832,,,
8688,0,svm,max,balanced,cached_mxbai,5140,1782209488.305339,,,
5598,0,svm,max,balanced,cached_mxbai,5141,1782209489.0619988,,,
6672,0,svm,max,balanced,cached_mxbai,5142,1782209489.8162534,,,
4192,0,svm,max,balanced,cached_mxbai,5143,1782209490.570079,,,
4204,0,svm,max,balanced,cached_mxbai,5144,1782209491.322297,,,
6511,0,svm,max,balanced,cached_mxbai,5145,1782209492.1060033,,,
3298,0,svm,max,balanced,cached_mxbai,5146,1782209492.8600423,,,
7685,0,svm,max,balanced,cached_mxbai,5147,1782209493.6125636,,,
9518,0,svm,max,balanced,cached_mxbai,5148,1782209494.3632956,,,
1259,0,svm,max,balanced,cached_mxbai,5149,1782209495.1196725,,,
3780,0,svm,max,balanced,cached_mxbai,5150,1782209495.883406,,,
6300,0,svm,max,balanced,cached_mxbai,5151,1782209496.6392193,,,
5801,0,svm,max,balanced,cached_mxbai,5152,1782209497.396833,,,
2817,0,svm,max,balanced,cached_mxbai,5153,1782209498.1509924,,,
1079,0,svm,max,balanced,cached_mxbai,5154,1782209498.9128253,,,
885,0,svm,max,balanced,cached_mxbai,5155,1782209499.6688175,,,
6739,0,svm,max,balanced,cached_mxbai,5156,1782209500.4285235,,,
5934,0,svm,max,balanced,cached_mxbai,5157,1782209501.1834927,,,
3647,0,svm,max,balanced,cached_mxbai,5158,1782209501.9399562,,,
9708,0,svm,max,balanced,cached_mxbai,5159,1782209502.7017682,,,
4800,0,svm,max,balanced,cached_mxbai,5160,1782209503.457445,,,
8056,0,svm,max,balanced,cached_mxbai,5161,1782209504.2210593,,,
767,0,svm,max,balanced,cached_mxbai,5162,1782209504.9787621,,,
7290,0,svm,max,balanced,cached_mxbai,5163,1782209505.7646747,,,
9979,0,svm,max,balanced,cached_mxbai,5164,1782209506.5346014,,,
410,0,svm,max,balanced,cached_mxbai,5165,1782209507.2941356,,,
6963,0,svm,max,balanced,cached_mxbai,5166,1782209508.0580814,,,
5177,0,svm,max,balanced,cached_mxbai,5167,1782209508.823618,,,
3593,0,svm,max,balanced,cached_mxbai,5168,1782209509.5877988,,,
6924,0,svm,max,balanced,cached_mxbai,5169,1782209510.3430345,,,
4978,0,svm,max,balanced,cached_mxbai,5170,1782209511.1019266,,,
7723,0,svm,max,balanced,cached_mxbai,5171,1782209511.8618612,,,
9162,0,svm,max,balanced,cached_mxbai,5172,1782209512.624631,,,
142,0,svm,max,balanced,cached_mxbai,5173,1782209513.3866746,,,
6047,0,svm,max,balanced,cached_mxbai,5174,1782209514.1347616,,,
5362,0,svm,max,balanced,cached_mxbai,5175,1782209514.8853908,,,
5628,0,svm,max,balanced,cached_mxbai,5176,1782209515.6518242,,,
9926,0,svm,max,balanced,cached_mxbai,5177,1782209516.391187,,,
314,0,svm,max,balanced,cached_mxbai,5178,1782209517.151728,,,
3592,0,svm,max,balanced,cached_mxbai,5179,1782209517.9100194,,,
10596,1,svm,max,balanced,cached_mxbai,5180,1782209518.669151,,,
10595,1,svm,max,balanced,cached_mxbai,5181,1782209519.378547,,,
