record_id,label,classifier,querier,balancer,feature_extractor,training_set,time,note,tags,user_id
7351,1,,,,,,1782202179.9954896,,,
9584,0,,,,,,1782202179.9954896,,,
4053,0,svm,max,balanced,cached_mxbai,2,1782202180.0403087,,,
5151,0,svm,max,balanced,cached_mxbai,3,1782202180.0875778,,,
4250,0,svm,max,balanced,cached_mxbai,4,1782202180.1343853,,,
5967,1,svm,max,balanced,cached_mxbai,5,1782202180.1816475,,,
5970,0,svm,max,balanced,cached_mxbai,6,1782202180.228672,,,
7368,0,svm,max,balanced,cached_mxbai,7,1782202180.2758744,,,
5140,0,svm,max,balanced,cached_mxbai,8,1782202180.3233502,,,
9026,0,svm,max,balanced,cached_mxbai,9,1782202180.3722124,,,
3623,0,svm,max,balanced,cached_mxbai,10,1782202180.4213214,,,
4058,0,svm,max,balanced,cached_mxbai,11,1782202180.4700944,,,
4412,0,svm,max,balanced,cached_mxbai,12,1782202180.5189629,,,
10423,1,svm,max,balanced,cached_mxbai,13,1782202180.567733,,,
5913,1,svm,max,balanced,cached_mxbai,14,1782202180.6173155,,,
4393,1,svm,max,balanced,cached_mxbai,15,1782202180.6676645,,,
10176,1,svm,max,balanced,cached_mxbai,16,1782202180.7167013,,,
7339,1,svm,max,balanced,cached_mxbai,17,1782202180.7653599,,,
7547,1,svm,max,balanced,cached_mxbai,18,1782202180.8149865,,,
7548,1,svm,max,balanced,cached_mxbai,19,1782202180.8644967,,,
8411,1,svm,max,balanced,cached_mxbai,20,1782202180.9155865,,,
1621,1,svm,max,balanced,cached_mxbai,21,1782202180.966135,,,
3247,0,svm,max,balanced,cached_mxbai,22,1782202181.0166934,,,
6484,1,svm,max,balanced,cached_mxbai,23,1782202181.068699,,,
5481,0,svm,max,balanced,cached_mxbai,24,1782202181.119583,,,
9772,1,svm,max,balanced,cached_mxbai,25,1782202181.1692631,,,
3702,1,svm,max,balanced,cached_mxbai,26,1782202181.2196484,,,
5950,1,svm,max,balanced,cached_mxbai,27,1782202181.2698784,,,
9344,1,svm,max,balanced,cached_mxbai,28,1782202181.3202186,,,
1141,1,svm,max,balanced,cached_mxbai,29,1782202181.3700535,,,
6283,1,svm,max,balanced,cached_mxbai,30,1782202181.420462,,,
6097,1,svm,max,balanced,cached_mxbai,31,1782202181.4709783,,,
1230,0,svm,max,balanced,cached_mxbai,32,1782202181.521657,,,
5656,1,svm,max,balanced,cached_mxbai,33,1782202181.5718136,,,
10220,1,svm,max,balanced,cached_mxbai,34,1782202181.6225686,,,
9004,1,svm,max,balanced,cached_mxbai,35,1782202181.673658,,,
1802,1,svm,max,balanced,cached_mxbai,36,1782202181.7239263,,,
8843,0,svm,max,balanced,cached_mxbai,37,1782202181.7756474,,,
8434,1,svm,max,balanced,cached_mxbai,38,1782202181.8264422,,,
3820,1,svm,max,balanced,cached_mxbai,39,1782202181.8805702,,,
1833,1,svm,max,balanced,cached_mxbai,40,1782202181.9319234,,,
7598,0,svm,max,balanced,cached_mxbai,41,1782202181.9832497,,,
6767,0,svm,max,balanced,cached_mxbai,42,1782202182.0344508,,,
10029,0,svm,max,balanced,cached_mxbai,43,1782202182.086852,,,
5976,0,svm,max,balanced,cached_mxbai,44,1782202182.1379757,,,
6050,0,svm,max,balanced,cached_mxbai,45,1782202182.1895423,,,
10015,1,svm,max,balanced,cached_mxbai,46,1782202182.2404132,,,
5647,1,svm,max,balanced,cached_mxbai,47,1782202182.2915223,,,
8594,1,svm,max,balanced,cached_mxbai,48,1782202182.3436227,,,
5353,1,svm,max,balanced,cached_mxbai,49,1782202182.3958912,,,
3931,1,svm,max,balanced,cached_mxbai,50,1782202182.4474845,,,
9498,1,svm,max,balanced,cached_mxbai,51,1782202182.4997163,,,
8719,1,svm,max,balanced,cached_mxbai,52,1782202182.5523932,,,
8718,0,svm,max,balanced,cached_mxbai,53,1782202182.6043413,,,
1428,0,svm,max,balanced,cached_mxbai,54,1782202182.655935,,,
5301,1,svm,max,balanced,cached_mxbai,55,1782202182.7085226,,,
9959,1,svm,max,balanced,cached_mxbai,56,1782202182.760927,,,
8537,1,svm,max,balanced,cached_mxbai,57,1782202182.8127027,,,
5298,1,svm,max,balanced,cached_mxbai,58,1782202182.864715,,,
5297,0,svm,max,balanced,cached_mxbai,59,1782202182.9175541,,,
8535,1,svm,max,balanced,cached_mxbai,60,1782202182.97056,,,
5302,1,svm,max,balanced,cached_mxbai,61,1782202183.022868,,,
4083,0,svm,max,balanced,cached_mxbai,62,1782202183.0753412,,,
982,0,svm,max,balanced,cached_mxbai,63,1782202183.128079,,,
8378,0,svm,max,balanced,cached_mxbai,64,1782202183.179931,,,
1674,0,svm,max,balanced,cached_mxbai,65,1782202183.2317052,,,
10447,1,svm,max,balanced,cached_mxbai,66,1782202183.283416,,,
6197,0,svm,max,balanced,cached_mxbai,67,1782202183.335276,,,
7026,0,svm,max,balanced,cached_mxbai,68,1782202183.3873308,,,
6673,1,svm,max,balanced,cached_mxbai,69,1782202183.4415152,,,
3590,0,svm,max,balanced,cached_mxbai,70,1782202183.4945023,,,
882,0,svm,max,balanced,cached_mxbai,71,1782202183.5466282,,,
831,1,svm,max,balanced,cached_mxbai,72,1782202183.599025,,,
9720,0,svm,max,balanced,cached_mxbai,73,1782202183.6509962,,,
7373,1,svm,max,balanced,cached_mxbai,74,1782202183.7042282,,,
839,0,svm,max,balanced,cached_mxbai,75,1782202183.758098,,,
8412,1,svm,max,balanced,cached_mxbai,76,1782202183.8109424,,,
4452,0,svm,max,balanced,cached_mxbai,77,1782202183.8639286,,,
6902,1,svm,max,balanced,cached_mxbai,78,1782202183.917971,,,
6904,1,svm,max,balanced,cached_mxbai,79,1782202183.970989,,,
10053,0,svm,max,balanced,cached_mxbai,80,1782202184.0246475,,,
10456,0,svm,max,balanced,cached_mxbai,81,1782202184.0772083,,,
6637,1,svm,max,balanced,cached_mxbai,82,1782202184.1303585,,,
5333,0,svm,max,balanced,cached_mxbai,83,1782202184.1833124,,,
8295,0,svm,max,balanced,cached_mxbai,84,1782202184.2358563,,,
6376,0,svm,max,balanced,cached_mxbai,85,1782202184.289025,,,
1960,0,svm,max,balanced,cached_mxbai,86,1782202184.342417,,,
9589,0,svm,max,balanced,cached_mxbai,87,1782202184.396054,,,
9142,0,svm,max,balanced,cached_mxbai,88,1782202184.4492722,,,
5115,0,svm,max,balanced,cached_mxbai,89,1782202184.5025299,,,
9380,0,svm,max,balanced,cached_mxbai,90,1782202184.556409,,,
6053,1,svm,max,balanced,cached_mxbai,91,1782202184.6107528,,,
8649,1,svm,max,balanced,cached_mxbai,92,1782202184.6641357,,,
5081,0,svm,max,balanced,cached_mxbai,93,1782202184.7181497,,,
1747,1,svm,max,balanced,cached_mxbai,94,1782202184.7724931,,,
1748,0,svm,max,balanced,cached_mxbai,95,1782202184.8267446,,,
5739,1,svm,max,balanced,cached_mxbai,96,1782202184.8814917,,,
7863,1,svm,max,balanced,cached_mxbai,97,1782202184.9355328,,,
8163,1,svm,max,balanced,cached_mxbai,98,1782202184.989731,,,
8094,1,svm,max,balanced,cached_mxbai,99,1782202185.0471313,,,
8775,0,svm,max,balanced,cached_mxbai,100,1782202185.1028857,,,
9658,0,svm,max,balanced,cached_mxbai,101,1782202185.1570218,,,
5646,1,svm,max,balanced,cached_mxbai,102,1782202185.2109547,,,
2294,0,svm,max,balanced,cached_mxbai,103,1782202185.2861936,,,
7928,0,svm,max,balanced,cached_mxbai,104,1782202185.354681,,,
9685,1,svm,max,balanced,cached_mxbai,105,1782202185.408942,,,
845,0,svm,max,balanced,cached_mxbai,106,1782202185.4628088,,,
6481,0,svm,max,balanced,cached_mxbai,107,1782202185.5169435,,,
9740,0,svm,max,balanced,cached_mxbai,108,1782202185.5710773,,,
7655,1,svm,max,balanced,cached_mxbai,109,1782202185.6257572,,,
10035,0,svm,max,balanced,cached_mxbai,110,1782202185.6808236,,,
4558,0,svm,max,balanced,cached_mxbai,111,1782202185.7348435,,,
7479,0,svm,max,balanced,cached_mxbai,112,1782202185.790576,,,
1675,1,svm,max,balanced,cached_mxbai,113,1782202185.845409,,,
4457,0,svm,max,balanced,cached_mxbai,114,1782202185.9007072,,,
521,0,svm,max,balanced,cached_mxbai,115,1782202185.95583,,,
8730,0,svm,max,balanced,cached_mxbai,116,1782202186.0109148,,,
7179,0,svm,max,balanced,cached_mxbai,117,1782202186.0657213,,,
8087,1,svm,max,balanced,cached_mxbai,118,1782202186.1203432,,,
7352,1,svm,max,balanced,cached_mxbai,119,1782202186.1748357,,,
10454,0,svm,max,balanced,cached_mxbai,120,1782202186.229339,,,
6419,1,svm,max,balanced,cached_mxbai,121,1782202186.2835236,,,
7904,1,svm,max,balanced,cached_mxbai,122,1782202186.3393795,,,
1159,1,svm,max,balanced,cached_mxbai,123,1782202186.3947449,,,
5369,1,svm,max,balanced,cached_mxbai,124,1782202186.4503264,,,
10523,1,svm,max,balanced,cached_mxbai,125,1782202186.5045557,,,
8552,0,svm,max,balanced,cached_mxbai,126,1782202186.5588336,,,
7914,1,svm,max,balanced,cached_mxbai,127,1782202186.6148717,,,
9787,1,svm,max,balanced,cached_mxbai,128,1782202186.6705298,,,
9527,1,svm,max,balanced,cached_mxbai,129,1782202186.7255895,,,
2751,0,svm,max,balanced,cached_mxbai,130,1782202186.7816637,,,
1245,0,svm,max,balanced,cached_mxbai,131,1782202186.8367994,,,
9891,0,svm,max,balanced,cached_mxbai,132,1782202186.8936582,,,
6884,0,svm,max,balanced,cached_mxbai,133,1782202186.9510877,,,
8314,1,svm,max,balanced,cached_mxbai,134,1782202187.0084436,,,
9686,1,svm,max,balanced,cached_mxbai,135,1782202187.0650203,,,
7153,1,svm,max,balanced,cached_mxbai,136,1782202187.1215868,,,
4456,0,svm,max,balanced,cached_mxbai,137,1782202187.1774695,,,
3190,0,svm,max,balanced,cached_mxbai,138,1782202187.2327209,,,
8460,0,svm,max,balanced,cached_mxbai,139,1782202187.2887182,,,
3451,1,svm,max,balanced,cached_mxbai,140,1782202187.3445036,,,
3019,1,svm,max,balanced,cached_mxbai,141,1782202187.3999217,,,
2011,0,svm,max,balanced,cached_mxbai,142,1782202187.4551225,,,
5749,1,svm,max,balanced,cached_mxbai,143,1782202187.5105543,,,
6628,0,svm,max,balanced,cached_mxbai,144,1782202187.566761,,,
7413,1,svm,max,balanced,cached_mxbai,145,1782202187.6231847,,,
7333,1,svm,max,balanced,cached_mxbai,146,1782202187.678464,,,
7412,0,svm,max,balanced,cached_mxbai,147,1782202187.7359102,,,
10512,1,svm,max,balanced,cached_mxbai,148,1782202187.7945802,,,
5750,0,svm,max,balanced,cached_mxbai,149,1782202187.8502896,,,
5972,0,svm,max,balanced,cached_mxbai,150,1782202187.9082081,,,
8503,1,svm,max,balanced,cached_mxbai,151,1782202187.9650478,,,
7877,1,svm,max,balanced,cached_mxbai,152,1782202188.0217693,,,
1728,1,svm,max,balanced,cached_mxbai,153,1782202188.0782237,,,
10147,1,svm,max,balanced,cached_mxbai,154,1782202188.1336443,,,
1726,1,svm,max,balanced,cached_mxbai,155,1782202188.1894412,,,
8807,0,svm,max,balanced,cached_mxbai,156,1782202188.2453005,,,
5670,0,svm,max,balanced,cached_mxbai,157,1782202188.3023283,,,
9077,0,svm,max,balanced,cached_mxbai,158,1782202188.3585997,,,
1028,0,svm,max,balanced,cached_mxbai,159,1782202188.4143033,,,
5888,1,svm,max,balanced,cached_mxbai,160,1782202188.4703972,,,
8620,0,svm,max,balanced,cached_mxbai,161,1782202188.5275302,,,
9835,0,svm,max,balanced,cached_mxbai,162,1782202188.5856814,,,
8306,1,svm,max,balanced,cached_mxbai,163,1782202188.6430862,,,
4549,0,svm,max,balanced,cached_mxbai,164,1782202188.7023988,,,
8656,0,svm,max,balanced,cached_mxbai,165,1782202188.7622263,,,
1488,0,svm,max,balanced,cached_mxbai,166,1782202188.8231878,,,
4547,0,svm,max,balanced,cached_mxbai,167,1782202188.8809254,,,
6627,0,svm,max,balanced,cached_mxbai,168,1782202188.940113,,,
4591,0,svm,max,balanced,cached_mxbai,169,1782202188.9992151,,,
9525,0,svm,max,balanced,cached_mxbai,170,1782202189.0576918,,,
10324,0,svm,max,balanced,cached_mxbai,171,1782202189.1145992,,,
8401,0,svm,max,balanced,cached_mxbai,172,1782202189.1715817,,,
5082,0,svm,max,balanced,cached_mxbai,173,1782202189.2291925,,,
10051,0,svm,max,balanced,cached_mxbai,174,1782202189.2857194,,,
6174,0,svm,max,balanced,cached_mxbai,175,1782202189.3431513,,,
1676,0,svm,max,balanced,cached_mxbai,176,1782202189.4002776,,,
1272,0,svm,max,balanced,cached_mxbai,177,1782202189.4563627,,,
4534,0,svm,max,balanced,cached_mxbai,178,1782202189.5138733,,,
9360,0,svm,max,balanced,cached_mxbai,179,1782202189.5708995,,,
4455,0,svm,max,balanced,cached_mxbai,180,1782202189.6279354,,,
649,0,svm,max,balanced,cached_mxbai,181,1782202189.6848662,,,
9750,1,svm,max,balanced,cached_mxbai,182,1782202189.744242,,,
7724,1,svm,max,balanced,cached_mxbai,183,1782202189.8052402,,,
4345,0,svm,max,balanced,cached_mxbai,184,1782202189.8635664,,,
6617,0,svm,max,balanced,cached_mxbai,185,1782202189.9217257,,,
989,0,svm,max,balanced,cached_mxbai,186,1782202189.9802544,,,
681,0,svm,max,balanced,cached_mxbai,187,1782202190.0384657,,,
5715,0,svm,max,balanced,cached_mxbai,188,1782202190.0963929,,,
8247,1,svm,max,balanced,cached_mxbai,189,1782202190.1540356,,,
4508,0,svm,max,balanced,cached_mxbai,190,1782202190.2129152,,,
7561,0,svm,max,balanced,cached_mxbai,191,1782202190.2708688,,,
3509,0,svm,max,balanced,cached_mxbai,192,1782202190.3305936,,,
1311,0,svm,max,balanced,cached_mxbai,193,1782202190.3891065,,,
4592,0,svm,max,balanced,cached_mxbai,194,1782202190.4472783,,,
9325,1,svm,max,balanced,cached_mxbai,195,1782202190.5046167,,,
10062,0,svm,max,balanced,cached_mxbai,196,1782202190.5629542,,,
7340,0,svm,max,balanced,cached_mxbai,197,1782202190.6205673,,,
6257,0,svm,max,balanced,cached_mxbai,198,1782202190.6794987,,,
4751,0,svm,max,balanced,cached_mxbai,199,1782202190.7382236,,,
4448,0,svm,max,balanced,cached_mxbai,200,1782202190.7979608,,,
4718,0,svm,max,balanced,cached_mxbai,201,1782202190.8561165,,,
4950,0,svm,max,balanced,cached_mxbai,202,1782202190.9159708,,,
6783,0,svm,max,balanced,cached_mxbai,203,1782202190.976356,,,
5299,0,svm,max,balanced,cached_mxbai,204,1782202191.0354738,,,
8442,0,svm,max,balanced,cached_mxbai,205,1782202191.0935495,,,
10037,0,svm,max,balanced,cached_mxbai,206,1782202191.1520994,,,
3692,0,svm,max,balanced,cached_mxbai,207,1782202191.2117136,,,
9107,0,svm,max,balanced,cached_mxbai,208,1782202191.2710574,,,
1002,1,svm,max,balanced,cached_mxbai,209,1782202191.3298159,,,
3021,0,svm,max,balanced,cached_mxbai,210,1782202191.3888607,,,
5714,1,svm,max,balanced,cached_mxbai,211,1782202191.4476268,,,
6479,0,svm,max,balanced,cached_mxbai,212,1782202191.507034,,,
6111,0,svm,max,balanced,cached_mxbai,213,1782202191.566908,,,
4423,0,svm,max,balanced,cached_mxbai,214,1782202191.6269794,,,
4504,0,svm,max,balanced,cached_mxbai,215,1782202191.6870365,,,
6268,0,svm,max,balanced,cached_mxbai,216,1782202191.749023,,,
1786,0,svm,max,balanced,cached_mxbai,217,1782202191.8112516,,,
1645,1,svm,max,balanced,cached_mxbai,218,1782202191.8711987,,,
5565,0,svm,max,balanced,cached_mxbai,219,1782202191.931694,,,
6632,1,svm,max,balanced,cached_mxbai,220,1782202191.993803,,,
6630,0,svm,max,balanced,cached_mxbai,221,1782202192.0558202,,,
4464,1,svm,max,balanced,cached_mxbai,222,1782202192.1159225,,,
3077,0,svm,max,balanced,cached_mxbai,223,1782202192.1760604,,,
3135,0,svm,max,balanced,cached_mxbai,224,1782202192.2376487,,,
4450,0,svm,max,balanced,cached_mxbai,225,1782202192.2981575,,,
7878,0,svm,max,balanced,cached_mxbai,226,1782202192.3595397,,,
8047,1,svm,max,balanced,cached_mxbai,227,1782202192.4203753,,,
7754,0,svm,max,balanced,cached_mxbai,228,1782202192.479941,,,
9462,0,svm,max,balanced,cached_mxbai,229,1782202192.5399334,,,
5724,1,svm,max,balanced,cached_mxbai,230,1782202192.6014705,,,
9170,1,svm,max,balanced,cached_mxbai,231,1782202192.6619315,,,
8505,0,svm,max,balanced,cached_mxbai,232,1782202192.7227395,,,
8801,0,svm,max,balanced,cached_mxbai,233,1782202192.789831,,,
4283,0,svm,max,balanced,cached_mxbai,234,1782202192.8507533,,,
5986,1,svm,max,balanced,cached_mxbai,235,1782202192.9116702,,,
5985,0,svm,max,balanced,cached_mxbai,236,1782202192.977042,,,
6227,0,svm,max,balanced,cached_mxbai,237,1782202193.038639,,,
8815,1,svm,max,balanced,cached_mxbai,238,1782202193.100341,,,
5071,0,svm,max,balanced,cached_mxbai,239,1782202193.1610842,,,
3489,0,svm,max,balanced,cached_mxbai,240,1782202193.2216027,,,
4460,0,svm,max,balanced,cached_mxbai,241,1782202193.2822526,,,
5322,0,svm,max,balanced,cached_mxbai,242,1782202193.342924,,,
6098,0,svm,max,balanced,cached_mxbai,243,1782202193.403464,,,
9944,0,svm,max,balanced,cached_mxbai,244,1782202193.463502,,,
10563,1,svm,max,balanced,cached_mxbai,245,1782202193.5235133,,,
4468,0,svm,max,balanced,cached_mxbai,246,1782202193.5858898,,,
1649,0,svm,max,balanced,cached_mxbai,247,1782202193.647483,,,
4786,0,svm,max,balanced,cached_mxbai,248,1782202193.7084053,,,
7278,0,svm,max,balanced,cached_mxbai,249,1782202193.7697787,,,
9346,1,svm,max,balanced,cached_mxbai,250,1782202193.8345332,,,
8926,0,svm,max,balanced,cached_mxbai,251,1782202193.8951766,,,
5059,0,svm,max,balanced,cached_mxbai,252,1782202193.957701,,,
5865,0,svm,max,balanced,cached_mxbai,253,1782202194.0208774,,,
4326,0,svm,max,balanced,cached_mxbai,254,1782202194.0829825,,,
5296,0,svm,max,balanced,cached_mxbai,255,1782202194.1445456,,,
543,0,svm,max,balanced,cached_mxbai,256,1782202194.2069342,,,
1110,0,svm,max,balanced,cached_mxbai,257,1782202194.2671118,,,
10028,1,svm,max,balanced,cached_mxbai,258,1782202194.3292966,,,
9027,0,svm,max,balanced,cached_mxbai,259,1782202194.3942862,,,
5948,0,svm,max,balanced,cached_mxbai,260,1782202194.4565794,,,
5624,0,svm,max,balanced,cached_mxbai,261,1782202194.5173128,,,
6158,0,svm,max,balanced,cached_mxbai,262,1782202194.5786057,,,
4752,0,svm,max,balanced,cached_mxbai,263,1782202194.6391382,,,
5782,0,svm,max,balanced,cached_mxbai,264,1782202194.6992636,,,
8787,0,svm,max,balanced,cached_mxbai,265,1782202194.7599075,,,
6520,0,svm,max,balanced,cached_mxbai,266,1782202194.8289378,,,
5492,0,svm,max,balanced,cached_mxbai,267,1782202194.8909671,,,
7851,0,svm,max,balanced,cached_mxbai,268,1782202194.9539437,,,
5141,0,svm,max,balanced,cached_mxbai,269,1782202195.0240781,,,
1271,0,svm,max,balanced,cached_mxbai,270,1782202195.092197,,,
4666,0,svm,max,balanced,cached_mxbai,271,1782202195.1586056,,,
4425,0,svm,max,balanced,cached_mxbai,272,1782202195.2327569,,,
3464,0,svm,max,balanced,cached_mxbai,273,1782202195.3243113,,,
5606,0,svm,max,balanced,cached_mxbai,274,1782202195.3970776,,,
7172,0,svm,max,balanced,cached_mxbai,275,1782202195.4584103,,,
9168,0,svm,max,balanced,cached_mxbai,276,1782202195.5208843,,,
6508,0,svm,max,balanced,cached_mxbai,277,1782202195.5847309,,,
5560,0,svm,max,balanced,cached_mxbai,278,1782202195.6487887,,,
5305,0,svm,max,balanced,cached_mxbai,279,1782202195.7129428,,,
7176,0,svm,max,balanced,cached_mxbai,280,1782202195.7769573,,,
4748,0,svm,max,balanced,cached_mxbai,281,1782202195.8420136,,,
1552,0,svm,max,balanced,cached_mxbai,282,1782202195.9056573,,,
6665,0,svm,max,balanced,cached_mxbai,283,1782202195.9683857,,,
4210,0,svm,max,balanced,cached_mxbai,284,1782202196.0358205,,,
1005,0,svm,max,balanced,cached_mxbai,285,1782202196.0999465,,,
6480,0,svm,max,balanced,cached_mxbai,286,1782202196.1646266,,,
10101,0,svm,max,balanced,cached_mxbai,287,1782202196.2276177,,,
1729,0,svm,max,balanced,cached_mxbai,288,1782202196.291236,,,
4971,0,svm,max,balanced,cached_mxbai,289,1782202196.355627,,,
9758,0,svm,max,balanced,cached_mxbai,290,1782202196.4204526,,,
6018,0,svm,max,balanced,cached_mxbai,291,1782202196.4838402,,,
8532,0,svm,max,balanced,cached_mxbai,292,1782202196.5478735,,,
9892,0,svm,max,balanced,cached_mxbai,293,1782202196.6130133,,,
5293,0,svm,max,balanced,cached_mxbai,294,1782202196.6772766,,,
1554,0,svm,max,balanced,cached_mxbai,295,1782202196.742945,,,
7942,0,svm,max,balanced,cached_mxbai,296,1782202196.8099303,,,
4413,0,svm,max,balanced,cached_mxbai,297,1782202196.8747554,,,
8561,0,svm,max,balanced,cached_mxbai,298,1782202196.9406328,,,
8691,0,svm,max,balanced,cached_mxbai,299,1782202197.0097938,,,
7711,0,svm,max,balanced,cached_mxbai,300,1782202197.0788176,,,
4986,0,svm,max,balanced,cached_mxbai,301,1782202197.1442783,,,
657,0,svm,max,balanced,cached_mxbai,302,1782202197.2099063,,,
9989,1,svm,max,balanced,cached_mxbai,303,1782202197.2755723,,,
5085,0,svm,max,balanced,cached_mxbai,304,1782202197.3403087,,,
7288,0,svm,max,balanced,cached_mxbai,305,1782202197.4069622,,,
3908,0,svm,max,balanced,cached_mxbai,306,1782202197.4727778,,,
4529,0,svm,max,balanced,cached_mxbai,307,1782202197.539139,,,
9468,0,svm,max,balanced,cached_mxbai,308,1782202197.6044888,,,
5209,0,svm,max,balanced,cached_mxbai,309,1782202197.668378,,,
7905,0,svm,max,balanced,cached_mxbai,310,1782202197.7339633,,,
6716,0,svm,max,balanced,cached_mxbai,311,1782202197.7982686,,,
6874,0,svm,max,balanced,cached_mxbai,312,1782202197.865915,,,
6624,0,svm,max,balanced,cached_mxbai,313,1782202197.931165,,,
8366,0,svm,max,balanced,cached_mxbai,314,1782202197.9976206,,,
1424,0,svm,max,balanced,cached_mxbai,315,1782202198.0650413,,,
1906,0,svm,max,balanced,cached_mxbai,316,1782202198.1310139,,,
2800,0,svm,max,balanced,cached_mxbai,317,1782202198.196497,,,
589,0,svm,max,balanced,cached_mxbai,318,1782202198.2631848,,,
7200,0,svm,max,balanced,cached_mxbai,319,1782202198.3281145,,,
5561,0,svm,max,balanced,cached_mxbai,320,1782202198.393717,,,
3372,0,svm,max,balanced,cached_mxbai,321,1782202198.4597776,,,
10502,0,svm,max,balanced,cached_mxbai,322,1782202198.5262437,,,
7686,0,svm,max,balanced,cached_mxbai,323,1782202198.5930803,,,
4338,0,svm,max,balanced,cached_mxbai,324,1782202198.659836,,,
7012,0,svm,max,balanced,cached_mxbai,325,1782202198.7257977,,,
5368,1,svm,max,balanced,cached_mxbai,326,1782202198.7922764,,,
2958,0,svm,max,balanced,cached_mxbai,327,1782202198.8630095,,,
7299,0,svm,max,balanced,cached_mxbai,328,1782202198.9299083,,,
1819,0,svm,max,balanced,cached_mxbai,329,1782202198.998021,,,
9770,1,svm,max,balanced,cached_mxbai,330,1782202199.0664725,,,
1145,0,svm,max,balanced,cached_mxbai,331,1782202199.1338935,,,
4461,0,svm,max,balanced,cached_mxbai,332,1782202199.2008462,,,
8188,0,svm,max,balanced,cached_mxbai,333,1782202199.267872,,,
1491,0,svm,max,balanced,cached_mxbai,334,1782202199.335524,,,
4643,0,svm,max,balanced,cached_mxbai,335,1782202199.4018185,,,
9025,0,svm,max,balanced,cached_mxbai,336,1782202199.468265,,,
6921,0,svm,max,balanced,cached_mxbai,337,1782202199.5350664,,,
1081,0,svm,max,balanced,cached_mxbai,338,1782202199.6023774,,,
4548,0,svm,max,balanced,cached_mxbai,339,1782202199.6686456,,,
8643,0,svm,max,balanced,cached_mxbai,340,1782202199.7341757,,,
6633,0,svm,max,balanced,cached_mxbai,341,1782202199.8003018,,,
6781,1,svm,max,balanced,cached_mxbai,342,1782202199.8720775,,,
6782,0,svm,max,balanced,cached_mxbai,343,1782202199.9396124,,,
7790,0,svm,max,balanced,cached_mxbai,344,1782202200.006885,,,
1038,0,svm,max,balanced,cached_mxbai,345,1782202200.0752418,,,
9774,0,svm,max,balanced,cached_mxbai,346,1782202200.1429331,,,
1232,0,svm,max,balanced,cached_mxbai,347,1782202200.2102385,,,
1810,0,svm,max,balanced,cached_mxbai,348,1782202200.2777555,,,
9430,0,svm,max,balanced,cached_mxbai,349,1782202200.3452885,,,
8117,0,svm,max,balanced,cached_mxbai,350,1782202200.4146852,,,
220,0,svm,max,balanced,cached_mxbai,351,1782202200.4836674,,,
8971,0,svm,max,balanced,cached_mxbai,352,1782202200.5506194,,,
6448,0,svm,max,balanced,cached_mxbai,353,1782202200.618639,,,
4887,0,svm,max,balanced,cached_mxbai,354,1782202200.6865106,,,
8145,0,svm,max,balanced,cached_mxbai,355,1782202200.7533367,,,
8651,0,svm,max,balanced,cached_mxbai,356,1782202200.8232718,,,
9805,0,svm,max,balanced,cached_mxbai,357,1782202200.8904576,,,
4029,0,svm,max,balanced,cached_mxbai,358,1782202200.959734,,,
4973,0,svm,max,balanced,cached_mxbai,359,1782202201.0281112,,,
4293,0,svm,max,balanced,cached_mxbai,360,1782202201.0973694,,,
2681,0,svm,max,balanced,cached_mxbai,361,1782202201.1654904,,,
4466,0,svm,max,balanced,cached_mxbai,362,1782202201.233332,,,
3102,0,svm,max,balanced,cached_mxbai,363,1782202201.3051326,,,
4055,0,svm,max,balanced,cached_mxbai,364,1782202201.37417,,,
5306,0,svm,max,balanced,cached_mxbai,365,1782202201.4444904,,,
4867,0,svm,max,balanced,cached_mxbai,366,1782202201.512846,,,
1004,0,svm,max,balanced,cached_mxbai,367,1782202201.5815513,,,
1083,0,svm,max,balanced,cached_mxbai,368,1782202201.6499717,,,
3221,0,svm,max,balanced,cached_mxbai,369,1782202201.719656,,,
4465,0,svm,max,balanced,cached_mxbai,370,1782202201.7890084,,,
6496,0,svm,max,balanced,cached_mxbai,371,1782202201.8608885,,,
1817,0,svm,max,balanced,cached_mxbai,372,1782202201.930118,,,
8334,0,svm,max,balanced,cached_mxbai,373,1782202201.9998894,,,
3176,0,svm,max,balanced,cached_mxbai,374,1782202202.0706224,,,
4628,0,svm,max,balanced,cached_mxbai,375,1782202202.1406116,,,
8806,1,svm,max,balanced,cached_mxbai,376,1782202202.2093472,,,
5792,0,svm,max,balanced,cached_mxbai,377,1782202202.2787158,,,
3768,0,svm,max,balanced,cached_mxbai,378,1782202202.3472648,,,
4436,0,svm,max,balanced,cached_mxbai,379,1782202202.417287,,,
7215,0,svm,max,balanced,cached_mxbai,380,1782202202.4867465,,,
1047,1,svm,max,balanced,cached_mxbai,381,1782202202.5561817,,,
7184,0,svm,max,balanced,cached_mxbai,382,1782202202.6251826,,,
725,0,svm,max,balanced,cached_mxbai,383,1782202202.6941926,,,
9702,0,svm,max,balanced,cached_mxbai,384,1782202202.7638497,,,
1001,0,svm,max,balanced,cached_mxbai,385,1782202202.8364012,,,
4406,0,svm,max,balanced,cached_mxbai,386,1782202202.9066446,,,
3145,1,svm,max,balanced,cached_mxbai,387,1782202202.9762485,,,
4077,0,svm,max,balanced,cached_mxbai,388,1782202203.0462065,,,
6779,1,svm,max,balanced,cached_mxbai,389,1782202203.117343,,,
3891,0,svm,max,balanced,cached_mxbai,390,1782202203.1866963,,,
3718,0,svm,max,balanced,cached_mxbai,391,1782202203.2584589,,,
3144,0,svm,max,balanced,cached_mxbai,392,1782202203.3294694,,,
3027,0,svm,max,balanced,cached_mxbai,393,1782202203.399577,,,
9684,0,svm,max,balanced,cached_mxbai,394,1782202203.4713905,,,
3433,0,svm,max,balanced,cached_mxbai,395,1782202203.5409448,,,
10016,1,svm,max,balanced,cached_mxbai,396,1782202203.6112733,,,
6519,0,svm,max,balanced,cached_mxbai,397,1782202203.6805172,,,
4743,0,svm,max,balanced,cached_mxbai,398,1782202203.7511938,,,
3804,0,svm,max,balanced,cached_mxbai,399,1782202203.823428,,,
6258,1,svm,max,balanced,cached_mxbai,400,1782202203.89452,,,
7147,0,svm,max,balanced,cached_mxbai,401,1782202203.964792,,,
4036,0,svm,max,balanced,cached_mxbai,402,1782202204.0381608,,,
1228,0,svm,max,balanced,cached_mxbai,403,1782202204.1108043,,,
7017,0,svm,max,balanced,cached_mxbai,404,1782202204.182355,,,
10146,0,svm,max,balanced,cached_mxbai,405,1782202204.2524498,,,
3963,0,svm,max,balanced,cached_mxbai,406,1782202204.3228738,,,
4467,0,svm,max,balanced,cached_mxbai,407,1782202204.396888,,,
8485,0,svm,max,balanced,cached_mxbai,408,1782202204.4761295,,,
7435,0,svm,max,balanced,cached_mxbai,409,1782202204.554166,,,
9204,0,svm,max,balanced,cached_mxbai,410,1782202204.6267436,,,
4885,0,svm,max,balanced,cached_mxbai,411,1782202204.6985054,,,
7678,0,svm,max,balanced,cached_mxbai,412,1782202204.769638,,,
1489,0,svm,max,balanced,cached_mxbai,413,1782202204.844128,,,
99,0,svm,max,balanced,cached_mxbai,414,1782202204.9181488,,,
8465,0,svm,max,balanced,cached_mxbai,415,1782202204.9911044,,,
2489,0,svm,max,balanced,cached_mxbai,416,1782202205.0712304,,,
9255,0,svm,max,balanced,cached_mxbai,417,1782202205.1481507,,,
6464,0,svm,max,balanced,cached_mxbai,418,1782202205.2331762,,,
3343,0,svm,max,balanced,cached_mxbai,419,1782202205.3404152,,,
4064,0,svm,max,balanced,cached_mxbai,420,1782202205.4179678,,,
4965,0,svm,max,balanced,cached_mxbai,421,1782202205.4909055,,,
3459,0,svm,max,balanced,cached_mxbai,422,1782202205.5629447,,,
1708,0,svm,max,balanced,cached_mxbai,423,1782202205.635432,,,
8375,0,svm,max,balanced,cached_mxbai,424,1782202205.7078419,,,
5586,0,svm,max,balanced,cached_mxbai,425,1782202205.7801478,,,
6916,0,svm,max,balanced,cached_mxbai,426,1782202205.8533957,,,
4738,0,svm,max,balanced,cached_mxbai,427,1782202205.9270885,,,
4531,0,svm,max,balanced,cached_mxbai,428,1782202205.9990973,,,
9600,0,svm,max,balanced,cached_mxbai,429,1782202206.0738523,,,
6640,0,svm,max,balanced,cached_mxbai,430,1782202206.1462727,,,
2705,0,svm,max,balanced,cached_mxbai,431,1782202206.2187219,,,
6377,0,svm,max,balanced,cached_mxbai,432,1782202206.2906754,,,
9124,0,svm,max,balanced,cached_mxbai,433,1782202206.3625085,,,
3389,0,svm,max,balanced,cached_mxbai,434,1782202206.4366443,,,
1191,0,svm,max,balanced,cached_mxbai,435,1782202206.5103948,,,
4353,0,svm,max,balanced,cached_mxbai,436,1782202206.5848637,,,
10215,0,svm,max,balanced,cached_mxbai,437,1782202206.6580946,,,
8887,0,svm,max,balanced,cached_mxbai,438,1782202206.730939,,,
4785,0,svm,max,balanced,cached_mxbai,439,1782202206.8036911,,,
3568,0,svm,max,balanced,cached_mxbai,440,1782202206.8778293,,,
5563,0,svm,max,balanced,cached_mxbai,441,1782202206.9529676,,,
3576,0,svm,max,balanced,cached_mxbai,442,1782202207.0275085,,,
1061,0,svm,max,balanced,cached_mxbai,443,1782202207.1046026,,,
8395,0,svm,max,balanced,cached_mxbai,444,1782202207.1795158,,,
5414,0,svm,max,balanced,cached_mxbai,445,1782202207.2534704,,,
558,0,svm,max,balanced,cached_mxbai,446,1782202207.3266902,,,
5257,0,svm,max,balanced,cached_mxbai,447,1782202207.400196,,,
5769,0,svm,max,balanced,cached_mxbai,448,1782202207.4742715,,,
4688,0,svm,max,balanced,cached_mxbai,449,1782202207.5485728,,,
662,0,svm,max,balanced,cached_mxbai,450,1782202207.6229937,,,
4451,0,svm,max,balanced,cached_mxbai,451,1782202207.698234,,,
1599,0,svm,max,balanced,cached_mxbai,452,1782202207.7721345,,,
7140,0,svm,max,balanced,cached_mxbai,453,1782202207.8482318,,,
958,0,svm,max,balanced,cached_mxbai,454,1782202207.9231217,,,
4778,0,svm,max,balanced,cached_mxbai,455,1782202207.9972897,,,
5176,0,svm,max,balanced,cached_mxbai,456,1782202208.0740476,,,
5210,0,svm,max,balanced,cached_mxbai,457,1782202208.1507757,,,
6926,0,svm,max,balanced,cached_mxbai,458,1782202208.2266986,,,
8714,0,svm,max,balanced,cached_mxbai,459,1782202208.3020408,,,
8015,0,svm,max,balanced,cached_mxbai,460,1782202208.3758993,,,
4881,0,svm,max,balanced,cached_mxbai,461,1782202208.45204,,,
6100,0,svm,max,balanced,cached_mxbai,462,1782202208.526146,,,
5975,0,svm,max,balanced,cached_mxbai,463,1782202208.6032693,,,
7943,0,svm,max,balanced,cached_mxbai,464,1782202208.677961,,,
9552,0,svm,max,balanced,cached_mxbai,465,1782202208.7517726,,,
4557,0,svm,max,balanced,cached_mxbai,466,1782202208.8274183,,,
6881,1,svm,max,balanced,cached_mxbai,467,1782202208.9044027,,,
3243,0,svm,max,balanced,cached_mxbai,468,1782202208.9808397,,,
3961,0,svm,max,balanced,cached_mxbai,469,1782202209.057984,,,
3679,0,svm,max,balanced,cached_mxbai,470,1782202209.1345766,,,
5941,0,svm,max,balanced,cached_mxbai,471,1782202209.2108035,,,
10052,0,svm,max,balanced,cached_mxbai,472,1782202209.2879143,,,
6891,0,svm,max,balanced,cached_mxbai,473,1782202209.3643055,,,
5521,0,svm,max,balanced,cached_mxbai,474,1782202209.4416912,,,
7421,0,svm,max,balanced,cached_mxbai,475,1782202209.5164063,,,
4829,0,svm,max,balanced,cached_mxbai,476,1782202209.5920274,,,
832,0,svm,max,balanced,cached_mxbai,477,1782202209.6690145,,,
183,0,svm,max,balanced,cached_mxbai,478,1782202209.7448,,,
3672,0,svm,max,balanced,cached_mxbai,479,1782202209.8232863,,,
8422,1,svm,max,balanced,cached_mxbai,480,1782202209.9058056,,,
7896,0,svm,max,balanced,cached_mxbai,481,1782202209.9827225,,,
3775,0,svm,max,balanced,cached_mxbai,482,1782202210.0626004,,,
6738,0,svm,max,balanced,cached_mxbai,483,1782202210.1434162,,,
4487,0,svm,max,balanced,cached_mxbai,484,1782202210.2213013,,,
8991,0,svm,max,balanced,cached_mxbai,485,1782202210.2977903,,,
7392,0,svm,max,balanced,cached_mxbai,486,1782202210.3747993,,,
4805,0,svm,max,balanced,cached_mxbai,487,1782202210.4509091,,,
838,0,svm,max,balanced,cached_mxbai,488,1782202210.5269997,,,
10591,0,svm,max,balanced,cached_mxbai,489,1782202210.6036403,,,
3065,0,svm,max,balanced,cached_mxbai,490,1782202210.6801467,,,
4746,0,svm,max,balanced,cached_mxbai,491,1782202210.7570643,,,
6490,0,svm,max,balanced,cached_mxbai,492,1782202210.8337126,,,
7104,0,svm,max,balanced,cached_mxbai,493,1782202210.9107766,,,
4396,0,svm,max,balanced,cached_mxbai,494,1782202210.987347,,,
6133,0,svm,max,balanced,cached_mxbai,495,1782202211.064466,,,
3919,0,svm,max,balanced,cached_mxbai,496,1782202211.1431775,,,
4449,0,svm,max,balanced,cached_mxbai,497,1782202211.2208273,,,
9830,0,svm,max,balanced,cached_mxbai,498,1782202211.2982743,,,
5633,0,svm,max,balanced,cached_mxbai,499,1782202211.3754172,,,
4947,0,svm,max,balanced,cached_mxbai,500,1782202211.455055,,,
4390,0,svm,max,balanced,cached_mxbai,501,1782202211.5339541,,,
10209,0,svm,max,balanced,cached_mxbai,502,1782202211.613013,,,
4597,0,svm,max,balanced,cached_mxbai,503,1782202211.691588,,,
3726,0,svm,max,balanced,cached_mxbai,504,1782202211.7720032,,,
4720,0,svm,max,balanced,cached_mxbai,505,1782202211.8493118,,,
2076,0,svm,max,balanced,cached_mxbai,506,1782202211.9300961,,,
4661,0,svm,max,balanced,cached_mxbai,507,1782202212.00846,,,
8595,0,svm,max,balanced,cached_mxbai,508,1782202212.0886714,,,
8556,0,svm,max,balanced,cached_mxbai,509,1782202212.1678815,,,
3974,0,svm,max,balanced,cached_mxbai,510,1782202212.2523065,,,
3630,0,svm,max,balanced,cached_mxbai,511,1782202212.3328574,,,
4779,0,svm,max,balanced,cached_mxbai,512,1782202212.4120007,,,
3150,0,svm,max,balanced,cached_mxbai,513,1782202212.49101,,,
675,0,svm,max,balanced,cached_mxbai,514,1782202212.5767,,,
4471,0,svm,max,balanced,cached_mxbai,515,1782202212.6564422,,,
4072,0,svm,max,balanced,cached_mxbai,516,1782202212.7357976,,,
1391,0,svm,max,balanced,cached_mxbai,517,1782202212.8154397,,,
7305,0,svm,max,balanced,cached_mxbai,518,1782202212.897076,,,
1520,0,svm,max,balanced,cached_mxbai,519,1782202212.9773679,,,
1403,0,svm,max,balanced,cached_mxbai,520,1782202213.059304,,,
9461,1,svm,max,balanced,cached_mxbai,521,1782202213.1410282,,,
74,0,svm,max,balanced,cached_mxbai,522,1782202213.2238643,,,
114,0,svm,max,balanced,cached_mxbai,523,1782202213.3039892,,,
5102,0,svm,max,balanced,cached_mxbai,524,1782202213.3840654,,,
3787,0,svm,max,balanced,cached_mxbai,525,1782202213.4649823,,,
5857,0,svm,max,balanced,cached_mxbai,526,1782202213.5450237,,,
5193,0,svm,max,balanced,cached_mxbai,527,1782202213.6246305,,,
4567,0,svm,max,balanced,cached_mxbai,528,1782202213.7045486,,,
4308,0,svm,max,balanced,cached_mxbai,529,1782202213.7862399,,,
4626,0,svm,max,balanced,cached_mxbai,530,1782202213.8694541,,,
9517,0,svm,max,balanced,cached_mxbai,531,1782202213.9518638,,,
6618,0,svm,max,balanced,cached_mxbai,532,1782202214.0339935,,,
4154,0,svm,max,balanced,cached_mxbai,533,1782202214.116917,,,
10026,0,svm,max,balanced,cached_mxbai,534,1782202214.1997313,,,
3224,0,svm,max,balanced,cached_mxbai,535,1782202214.2832968,,,
9960,0,svm,max,balanced,cached_mxbai,536,1782202214.3670714,,,
5556,0,svm,max,balanced,cached_mxbai,537,1782202214.4510145,,,
4520,0,svm,max,balanced,cached_mxbai,538,1782202214.5423355,,,
3415,0,svm,max,balanced,cached_mxbai,539,1782202214.6233242,,,
4976,0,svm,max,balanced,cached_mxbai,540,1782202214.7043643,,,
2625,0,svm,max,balanced,cached_mxbai,541,1782202214.7860634,,,
8596,0,svm,max,balanced,cached_mxbai,542,1782202214.869939,,,
6518,0,svm,max,balanced,cached_mxbai,543,1782202214.9515173,,,
4616,0,svm,max,balanced,cached_mxbai,544,1782202215.040609,,,
6255,0,svm,max,balanced,cached_mxbai,545,1782202215.1269786,,,
10424,0,svm,max,balanced,cached_mxbai,546,1782202215.2200825,,,
8377,0,svm,max,balanced,cached_mxbai,547,1782202215.3370106,,,
3806,0,svm,max,balanced,cached_mxbai,548,1782202215.4232926,,,
9743,0,svm,max,balanced,cached_mxbai,549,1782202215.505154,,,
4721,0,svm,max,balanced,cached_mxbai,550,1782202215.58915,,,
7534,0,svm,max,balanced,cached_mxbai,551,1782202215.6726873,,,
5172,0,svm,max,balanced,cached_mxbai,552,1782202215.756976,,,
4494,0,svm,max,balanced,cached_mxbai,553,1782202215.840393,,,
143,0,svm,max,balanced,cached_mxbai,554,1782202215.9240408,,,
7080,1,svm,max,balanced,cached_mxbai,555,1782202216.006538,,,
10227,0,svm,max,balanced,cached_mxbai,556,1782202216.0901716,,,
4116,0,svm,max,balanced,cached_mxbai,557,1782202216.175719,,,
3032,0,svm,max,balanced,cached_mxbai,558,1782202216.259741,,,
6725,0,svm,max,balanced,cached_mxbai,559,1782202216.34217,,,
559,0,svm,max,balanced,cached_mxbai,560,1782202216.4249086,,,
4787,0,svm,max,balanced,cached_mxbai,561,1782202216.5093193,,,
1033,0,svm,max,balanced,cached_mxbai,562,1782202216.5932765,,,
3926,0,svm,max,balanced,cached_mxbai,563,1782202216.6775432,,,
4100,0,svm,max,balanced,cached_mxbai,564,1782202216.7622087,,,
699,0,svm,max,balanced,cached_mxbai,565,1782202216.846768,,,
7784,0,svm,max,balanced,cached_mxbai,566,1782202216.930985,,,
1867,0,svm,max,balanced,cached_mxbai,567,1782202217.0172634,,,
10532,0,svm,max,balanced,cached_mxbai,568,1782202217.1018116,,,
5083,0,svm,max,balanced,cached_mxbai,569,1782202217.1893878,,,
4511,0,svm,max,balanced,cached_mxbai,570,1782202217.273378,,,
8605,0,svm,max,balanced,cached_mxbai,571,1782202217.3583224,,,
10522,0,svm,max,balanced,cached_mxbai,572,1782202217.4416788,,,
3668,0,svm,max,balanced,cached_mxbai,573,1782202217.5270033,,,
1389,0,svm,max,balanced,cached_mxbai,574,1782202217.6114805,,,
4505,0,svm,max,balanced,cached_mxbai,575,1782202217.696516,,,
5780,0,svm,max,balanced,cached_mxbai,576,1782202217.7823923,,,
5179,0,svm,max,balanced,cached_mxbai,577,1782202217.867265,,,
3101,0,svm,max,balanced,cached_mxbai,578,1782202217.952144,,,
3929,0,svm,max,balanced,cached_mxbai,579,1782202218.037804,,,
6732,0,svm,max,balanced,cached_mxbai,580,1782202218.1242182,,,
10452,0,svm,max,balanced,cached_mxbai,581,1782202218.2101338,,,
3618,0,svm,max,balanced,cached_mxbai,582,1782202218.2969203,,,
4669,0,svm,max,balanced,cached_mxbai,583,1782202218.3812847,,,
9907,0,svm,max,balanced,cached_mxbai,584,1782202218.467122,,,
7549,0,svm,max,balanced,cached_mxbai,585,1782202218.552194,,,
2901,0,svm,max,balanced,cached_mxbai,586,1782202218.6375408,,,
6130,0,svm,max,balanced,cached_mxbai,587,1782202218.7226634,,,
4698,0,svm,max,balanced,cached_mxbai,588,1782202218.8099685,,,
6420,0,svm,max,balanced,cached_mxbai,589,1782202218.896325,,,
7011,0,svm,max,balanced,cached_mxbai,590,1782202218.9800892,,,
10273,0,svm,max,balanced,cached_mxbai,591,1782202219.068258,,,
4707,0,svm,max,balanced,cached_mxbai,592,1782202219.1541955,,,
8077,0,svm,max,balanced,cached_mxbai,593,1782202219.241063,,,
4506,0,svm,max,balanced,cached_mxbai,594,1782202219.3280275,,,
4373,0,svm,max,balanced,cached_mxbai,595,1782202219.4144661,,,
59,0,svm,max,balanced,cached_mxbai,596,1782202219.500488,,,
676,0,svm,max,balanced,cached_mxbai,597,1782202219.586809,,,
5049,0,svm,max,balanced,cached_mxbai,598,1782202219.6728938,,,
7453,1,svm,max,balanced,cached_mxbai,599,1782202219.7589023,,,
3296,0,svm,max,balanced,cached_mxbai,600,1782202219.8469682,,,
667,0,svm,max,balanced,cached_mxbai,601,1782202219.9347672,,,
3435,0,svm,max,balanced,cached_mxbai,602,1782202220.023481,,,
1682,0,svm,max,balanced,cached_mxbai,603,1782202220.114249,,,
3627,0,svm,max,balanced,cached_mxbai,604,1782202220.2024329,,,
7666,0,svm,max,balanced,cached_mxbai,605,1782202220.2907848,,,
4770,0,svm,max,balanced,cached_mxbai,606,1782202220.3764124,,,
5767,0,svm,max,balanced,cached_mxbai,607,1782202220.4645867,,,
6074,0,svm,max,balanced,cached_mxbai,608,1782202220.5497203,,,
430,0,svm,max,balanced,cached_mxbai,609,1782202220.6372392,,,
9022,0,svm,max,balanced,cached_mxbai,610,1782202220.724983,,,
5019,0,svm,max,balanced,cached_mxbai,611,1782202220.8123116,,,
1820,0,svm,max,balanced,cached_mxbai,612,1782202220.8984427,,,
5168,0,svm,max,balanced,cached_mxbai,613,1782202220.9871643,,,
8326,0,svm,max,balanced,cached_mxbai,614,1782202221.0763085,,,
7148,0,svm,max,balanced,cached_mxbai,615,1782202221.1644611,,,
5056,0,svm,max,balanced,cached_mxbai,616,1782202221.252566,,,
4499,0,svm,max,balanced,cached_mxbai,617,1782202221.340569,,,
5457,0,svm,max,balanced,cached_mxbai,618,1782202221.4282198,,,
5394,0,svm,max,balanced,cached_mxbai,619,1782202221.5168884,,,
1051,0,svm,max,balanced,cached_mxbai,620,1782202221.604258,,,
5321,0,svm,max,balanced,cached_mxbai,621,1782202221.691869,,,
6428,0,svm,max,balanced,cached_mxbai,622,1782202221.7805681,,,
10590,0,svm,max,balanced,cached_mxbai,623,1782202221.8685465,,,
9625,0,svm,max,balanced,cached_mxbai,624,1782202221.9576774,,,
4686,0,svm,max,balanced,cached_mxbai,625,1782202222.0469162,,,
5092,0,svm,max,balanced,cached_mxbai,626,1782202222.1369178,,,
9182,0,svm,max,balanced,cached_mxbai,627,1782202222.2249296,,,
5008,0,svm,max,balanced,cached_mxbai,628,1782202222.3155334,,,
7460,0,svm,max,balanced,cached_mxbai,629,1782202222.4028618,,,
8471,0,svm,max,balanced,cached_mxbai,630,1782202222.4911404,,,
532,0,svm,max,balanced,cached_mxbai,631,1782202222.5785666,,,
6889,0,svm,max,balanced,cached_mxbai,632,1782202222.667347,,,
4625,0,svm,max,balanced,cached_mxbai,633,1782202222.7574368,,,
8168,0,svm,max,balanced,cached_mxbai,634,1782202222.845813,,,
4565,0,svm,max,balanced,cached_mxbai,635,1782202222.9347208,,,
9908,0,svm,max,balanced,cached_mxbai,636,1782202223.0240717,,,
7317,1,svm,max,balanced,cached_mxbai,637,1782202223.1139607,,,
4793,0,svm,max,balanced,cached_mxbai,638,1782202223.2036324,,,
4941,0,svm,max,balanced,cached_mxbai,639,1782202223.292569,,,
3106,0,svm,max,balanced,cached_mxbai,640,1782202223.3821912,,,
4659,0,svm,max,balanced,cached_mxbai,641,1782202223.471546,,,
4427,0,svm,max,balanced,cached_mxbai,642,1782202223.5612776,,,
3416,0,svm,max,balanced,cached_mxbai,643,1782202223.6518848,,,
7662,0,svm,max,balanced,cached_mxbai,644,1782202223.74075,,,
3347,0,svm,max,balanced,cached_mxbai,645,1782202223.8299289,,,
3455,0,svm,max,balanced,cached_mxbai,646,1782202223.919455,,,
9564,0,svm,max,balanced,cached_mxbai,647,1782202224.0102513,,,
9813,0,svm,max,balanced,cached_mxbai,648,1782202224.1005476,,,
4788,0,svm,max,balanced,cached_mxbai,649,1782202224.1925483,,,
6192,0,svm,max,balanced,cached_mxbai,650,1782202224.2837484,,,
9678,0,svm,max,balanced,cached_mxbai,651,1782202224.374568,,,
5773,0,svm,max,balanced,cached_mxbai,652,1782202224.465355,,,
6530,0,svm,max,balanced,cached_mxbai,653,1782202224.5569768,,,
4134,0,svm,max,balanced,cached_mxbai,654,1782202224.6468306,,,
5451,0,svm,max,balanced,cached_mxbai,655,1782202224.7366383,,,
4538,0,svm,max,balanced,cached_mxbai,656,1782202224.82681,,,
9806,0,svm,max,balanced,cached_mxbai,657,1782202224.9170594,,,
4599,0,svm,max,balanced,cached_mxbai,658,1782202225.0091796,,,
5218,0,svm,max,balanced,cached_mxbai,659,1782202225.1159277,,,
545,0,svm,max,balanced,cached_mxbai,660,1782202225.209249,,,
1350,0,svm,max,balanced,cached_mxbai,661,1782202225.3321695,,,
4952,0,svm,max,balanced,cached_mxbai,662,1782202225.434525,,,
842,1,svm,max,balanced,cached_mxbai,663,1782202225.525621,,,
8225,0,svm,max,balanced,cached_mxbai,664,1782202225.617266,,,
4930,0,svm,max,balanced,cached_mxbai,665,1782202225.7095087,,,
8884,0,svm,max,balanced,cached_mxbai,666,1782202225.8018727,,,
4677,0,svm,max,balanced,cached_mxbai,667,1782202225.8923738,,,
4792,0,svm,max,balanced,cached_mxbai,668,1782202225.985063,,,
5313,0,svm,max,balanced,cached_mxbai,669,1782202226.0760756,,,
5028,0,svm,max,balanced,cached_mxbai,670,1782202226.1685846,,,
1883,0,svm,max,balanced,cached_mxbai,671,1782202226.260173,,,
2408,0,svm,max,balanced,cached_mxbai,672,1782202226.3543384,,,
9829,0,svm,max,balanced,cached_mxbai,673,1782202226.4482398,,,
5208,0,svm,max,balanced,cached_mxbai,674,1782202226.5414412,,,
4797,0,svm,max,balanced,cached_mxbai,675,1782202226.6373348,,,
4289,0,svm,max,balanced,cached_mxbai,676,1782202226.7284768,,,
7596,0,svm,max,balanced,cached_mxbai,677,1782202226.8196402,,,
8655,0,svm,max,balanced,cached_mxbai,678,1782202226.9123948,,,
7741,0,svm,max,balanced,cached_mxbai,679,1782202227.003555,,,
1734,0,svm,max,balanced,cached_mxbai,680,1782202227.0959933,,,
4527,0,svm,max,balanced,cached_mxbai,681,1782202227.1917307,,,
5403,0,svm,max,balanced,cached_mxbai,682,1782202227.2855256,,,
3761,0,svm,max,balanced,cached_mxbai,683,1782202227.379859,,,
4723,0,svm,max,balanced,cached_mxbai,684,1782202227.4746869,,,
9476,0,svm,max,balanced,cached_mxbai,685,1782202227.566661,,,
745,0,svm,max,balanced,cached_mxbai,686,1782202227.6582053,,,
3273,0,svm,max,balanced,cached_mxbai,687,1782202227.7498844,,,
4683,0,svm,max,balanced,cached_mxbai,688,1782202227.8437681,,,
666,0,svm,max,balanced,cached_mxbai,689,1782202227.939946,,,
5307,0,svm,max,balanced,cached_mxbai,690,1782202228.031818,,,
1879,0,svm,max,balanced,cached_mxbai,691,1782202228.1267698,,,
4109,0,svm,max,balanced,cached_mxbai,692,1782202228.2211251,,,
3747,0,svm,max,balanced,cached_mxbai,693,1782202228.3168023,,,
4391,0,svm,max,balanced,cached_mxbai,694,1782202228.4095778,,,
9249,0,svm,max,balanced,cached_mxbai,695,1782202228.504018,,,
1233,0,svm,max,balanced,cached_mxbai,696,1782202228.5979965,,,
2758,0,svm,max,balanced,cached_mxbai,697,1782202228.6903846,,,
3778,0,svm,max,balanced,cached_mxbai,698,1782202228.7830794,,,
5232,0,svm,max,balanced,cached_mxbai,699,1782202228.879445,,,
9969,0,svm,max,balanced,cached_mxbai,700,1782202228.9744675,,,
4552,0,svm,max,balanced,cached_mxbai,701,1782202229.0696392,,,
4153,0,svm,max,balanced,cached_mxbai,702,1782202229.165177,,,
10317,0,svm,max,balanced,cached_mxbai,703,1782202229.2609625,,,
4496,0,svm,max,balanced,cached_mxbai,704,1782202229.3568969,,,
3827,0,svm,max,balanced,cached_mxbai,705,1782202229.452296,,,
3852,0,svm,max,balanced,cached_mxbai,706,1782202229.545178,,,
4554,0,svm,max,balanced,cached_mxbai,707,1782202229.6404161,,,
7121,0,svm,max,balanced,cached_mxbai,708,1782202229.7336621,,,
516,0,svm,max,balanced,cached_mxbai,709,1782202229.8290775,,,
4875,0,svm,max,balanced,cached_mxbai,710,1782202229.92651,,,
6778,0,svm,max,balanced,cached_mxbai,711,1782202230.0215034,,,
6146,0,svm,max,balanced,cached_mxbai,712,1782202230.115736,,,
7864,0,svm,max,balanced,cached_mxbai,713,1782202230.2107253,,,
4350,0,svm,max,balanced,cached_mxbai,714,1782202230.3082747,,,
3869,0,svm,max,balanced,cached_mxbai,715,1782202230.403833,,,
4541,0,svm,max,balanced,cached_mxbai,716,1782202230.5002851,,,
1472,0,svm,max,balanced,cached_mxbai,717,1782202230.5959265,,,
5584,0,svm,max,balanced,cached_mxbai,718,1782202230.6914003,,,
8692,0,svm,max,balanced,cached_mxbai,719,1782202230.7868881,,,
10389,0,svm,max,balanced,cached_mxbai,720,1782202230.8821182,,,
1360,0,svm,max,balanced,cached_mxbai,721,1782202230.9810297,,,
4692,0,svm,max,balanced,cached_mxbai,722,1782202231.0768304,,,
4593,0,svm,max,balanced,cached_mxbai,723,1782202231.1737063,,,
702,0,svm,max,balanced,cached_mxbai,724,1782202231.2711463,,,
8888,0,svm,max,balanced,cached_mxbai,725,1782202231.3682191,,,
8972,0,svm,max,balanced,cached_mxbai,726,1782202231.4648585,,,
7270,0,svm,max,balanced,cached_mxbai,727,1782202231.5627258,,,
1049,0,svm,max,balanced,cached_mxbai,728,1782202231.6594038,,,
1550,0,svm,max,balanced,cached_mxbai,729,1782202231.7582767,,,
5061,0,svm,max,balanced,cached_mxbai,730,1782202231.8557167,,,
9779,0,svm,max,balanced,cached_mxbai,731,1782202231.956224,,,
5338,0,svm,max,balanced,cached_mxbai,732,1782202232.0545542,,,
4711,0,svm,max,balanced,cached_mxbai,733,1782202232.1518323,,,
5207,0,svm,max,balanced,cached_mxbai,734,1782202232.246546,,,
8257,0,svm,max,balanced,cached_mxbai,735,1782202232.3463712,,,
1777,0,svm,max,balanced,cached_mxbai,736,1782202232.446562,,,
4458,0,svm,max,balanced,cached_mxbai,737,1782202232.5444775,,,
3600,0,svm,max,balanced,cached_mxbai,738,1782202232.6430871,,,
5323,0,svm,max,balanced,cached_mxbai,739,1782202232.740268,,,
5227,0,svm,max,balanced,cached_mxbai,740,1782202232.8404353,,,
5137,0,svm,max,balanced,cached_mxbai,741,1782202232.9400983,,,
4342,0,svm,max,balanced,cached_mxbai,742,1782202233.037461,,,
4637,0,svm,max,balanced,cached_mxbai,743,1782202233.1375496,,,
5242,0,svm,max,balanced,cached_mxbai,744,1782202233.2350006,,,
3888,0,svm,max,balanced,cached_mxbai,745,1782202233.3348005,,,
4927,0,svm,max,balanced,cached_mxbai,746,1782202233.4354568,,,
7595,0,svm,max,balanced,cached_mxbai,747,1782202233.5351255,,,
8800,0,svm,max,balanced,cached_mxbai,748,1782202233.6352978,,,
4532,0,svm,max,balanced,cached_mxbai,749,1782202233.7356424,,,
613,0,svm,max,balanced,cached_mxbai,750,1782202233.8335347,,,
10241,0,svm,max,balanced,cached_mxbai,751,1782202233.9364429,,,
9528,0,svm,max,balanced,cached_mxbai,752,1782202234.0372088,,,
5766,0,svm,max,balanced,cached_mxbai,753,1782202234.1356652,,,
3088,0,svm,max,balanced,cached_mxbai,754,1782202234.2359626,,,
7226,0,svm,max,balanced,cached_mxbai,755,1782202234.33872,,,
9531,0,svm,max,balanced,cached_mxbai,756,1782202234.4394712,,,
5276,0,svm,max,balanced,cached_mxbai,757,1782202234.5386245,,,
4088,0,svm,max,balanced,cached_mxbai,758,1782202234.6400213,,,
2191,0,svm,max,balanced,cached_mxbai,759,1782202234.7400825,,,
1901,0,svm,max,balanced,cached_mxbai,760,1782202234.8440938,,,
2762,0,svm,max,balanced,cached_mxbai,761,1782202234.950671,,,
2110,0,svm,max,balanced,cached_mxbai,762,1782202235.0634704,,,
4420,0,svm,max,balanced,cached_mxbai,763,1782202235.1676893,,,
7064,0,svm,max,balanced,cached_mxbai,764,1782202235.297494,,,
3479,0,svm,max,balanced,cached_mxbai,765,1782202235.414479,,,
4569,0,svm,max,balanced,cached_mxbai,766,1782202235.5191853,,,
3687,0,svm,max,balanced,cached_mxbai,767,1782202235.6217713,,,
2100,0,svm,max,balanced,cached_mxbai,768,1782202235.724296,,,
6761,0,svm,max,balanced,cached_mxbai,769,1782202235.8257694,,,
7016,0,svm,max,balanced,cached_mxbai,770,1782202235.9277692,,,
5564,0,svm,max,balanced,cached_mxbai,771,1782202236.0300534,,,
8780,0,svm,max,balanced,cached_mxbai,772,1782202236.1323178,,,
5219,0,svm,max,balanced,cached_mxbai,773,1782202236.232333,,,
6528,0,svm,max,balanced,cached_mxbai,774,1782202236.334254,,,
3252,0,svm,max,balanced,cached_mxbai,775,1782202236.4408967,,,
10549,0,svm,max,balanced,cached_mxbai,776,1782202236.5452302,,,
9538,0,svm,max,balanced,cached_mxbai,777,1782202236.6504087,,,
4868,0,svm,max,balanced,cached_mxbai,778,1782202236.7522707,,,
1213,0,svm,max,balanced,cached_mxbai,779,1782202236.85382,,,
4706,0,svm,max,balanced,cached_mxbai,780,1782202236.9568033,,,
3982,0,svm,max,balanced,cached_mxbai,781,1782202237.0594397,,,
10232,0,svm,max,balanced,cached_mxbai,782,1782202237.1643205,,,
7009,0,svm,max,balanced,cached_mxbai,783,1782202237.267245,,,
4611,0,svm,max,balanced,cached_mxbai,784,1782202237.3738394,,,
8120,0,svm,max,balanced,cached_mxbai,785,1782202237.4765177,,,
7264,0,svm,max,balanced,cached_mxbai,786,1782202237.580906,,,
760,0,svm,max,balanced,cached_mxbai,787,1782202237.6845558,,,
8044,0,svm,max,balanced,cached_mxbai,788,1782202237.7878098,,,
6912,0,svm,max,balanced,cached_mxbai,789,1782202237.8910284,,,
10033,0,svm,max,balanced,cached_mxbai,790,1782202237.996702,,,
8055,0,svm,max,balanced,cached_mxbai,791,1782202238.1024678,,,
4902,0,svm,max,balanced,cached_mxbai,792,1782202238.2083871,,,
3666,0,svm,max,balanced,cached_mxbai,793,1782202238.314088,,,
3894,0,svm,max,balanced,cached_mxbai,794,1782202238.4237783,,,
4473,0,svm,max,balanced,cached_mxbai,795,1782202238.5304935,,,
1547,0,svm,max,balanced,cached_mxbai,796,1782202238.6368723,,,
9323,0,svm,max,balanced,cached_mxbai,797,1782202238.7414699,,,
9041,0,svm,max,balanced,cached_mxbai,798,1782202238.846069,,,
32,0,svm,max,balanced,cached_mxbai,799,1782202238.9521027,,,
9069,0,svm,max,balanced,cached_mxbai,800,1782202239.0568721,,,
5160,0,svm,max,balanced,cached_mxbai,801,1782202239.1615436,,,
3614,0,svm,max,balanced,cached_mxbai,802,1782202239.26686,,,
4988,0,svm,max,balanced,cached_mxbai,803,1782202239.3765495,,,
896,0,svm,max,balanced,cached_mxbai,804,1782202239.4852726,,,
4709,0,svm,max,balanced,cached_mxbai,805,1782202239.5904896,,,
8261,0,svm,max,balanced,cached_mxbai,806,1782202239.6950357,,,
7616,0,svm,max,balanced,cached_mxbai,807,1782202239.7983255,,,
2113,0,svm,max,balanced,cached_mxbai,808,1782202239.9052315,,,
8999,0,svm,max,balanced,cached_mxbai,809,1782202240.0117,,,
4573,0,svm,max,balanced,cached_mxbai,810,1782202240.1194181,,,
5074,0,svm,max,balanced,cached_mxbai,811,1782202240.2244034,,,
4889,0,svm,max,balanced,cached_mxbai,812,1782202240.3282297,,,
663,0,svm,max,balanced,cached_mxbai,813,1782202240.4407935,,,
6483,0,svm,max,balanced,cached_mxbai,814,1782202240.5474327,,,
4582,0,svm,max,balanced,cached_mxbai,815,1782202240.6526568,,,
4670,0,svm,max,balanced,cached_mxbai,816,1782202240.7586613,,,
698,0,svm,max,balanced,cached_mxbai,817,1782202240.8670487,,,
6417,0,svm,max,balanced,cached_mxbai,818,1782202240.9741921,,,
4570,0,svm,max,balanced,cached_mxbai,819,1782202241.081391,,,
50,0,svm,max,balanced,cached_mxbai,820,1782202241.1865783,,,
6400,0,svm,max,balanced,cached_mxbai,821,1782202241.2942984,,,
10110,0,svm,max,balanced,cached_mxbai,822,1782202241.4071667,,,
5383,0,svm,max,balanced,cached_mxbai,823,1782202241.5152748,,,
5072,0,svm,max,balanced,cached_mxbai,824,1782202241.625119,,,
8531,0,svm,max,balanced,cached_mxbai,825,1782202241.7344668,,,
2240,0,svm,max,balanced,cached_mxbai,826,1782202241.8434067,,,
3923,0,svm,max,balanced,cached_mxbai,827,1782202241.952438,,,
10136,1,svm,max,balanced,cached_mxbai,828,1782202242.0592656,,,
7269,0,svm,max,balanced,cached_mxbai,829,1782202242.1664033,,,
9199,0,svm,max,balanced,cached_mxbai,830,1782202242.2758813,,,
8995,0,svm,max,balanced,cached_mxbai,831,1782202242.3854582,,,
4209,0,svm,max,balanced,cached_mxbai,832,1782202242.4987702,,,
10337,0,svm,max,balanced,cached_mxbai,833,1782202242.607934,,,
10435,1,svm,max,balanced,cached_mxbai,834,1782202242.7146826,,,
7483,0,svm,max,balanced,cached_mxbai,835,1782202242.8253765,,,
4222,0,svm,max,balanced,cached_mxbai,836,1782202242.939801,,,
5199,0,svm,max,balanced,cached_mxbai,837,1782202243.0551982,,,
907,0,svm,max,balanced,cached_mxbai,838,1782202243.164813,,,
1312,0,svm,max,balanced,cached_mxbai,839,1782202243.2744706,,,
6831,0,svm,max,balanced,cached_mxbai,840,1782202243.3822076,,,
5330,0,svm,max,balanced,cached_mxbai,841,1782202243.496956,,,
1721,1,svm,max,balanced,cached_mxbai,842,1782202243.6060495,,,
4495,0,svm,max,balanced,cached_mxbai,843,1782202243.715807,,,
5272,0,svm,max,balanced,cached_mxbai,844,1782202243.8256624,,,
4657,0,svm,max,balanced,cached_mxbai,845,1782202243.9354596,,,
4559,0,svm,max,balanced,cached_mxbai,846,1782202244.0471706,,,
7168,0,svm,max,balanced,cached_mxbai,847,1782202244.1568093,,,
6039,0,svm,max,balanced,cached_mxbai,848,1782202244.2643633,,,
4435,0,svm,max,balanced,cached_mxbai,849,1782202244.3740168,,,
6830,0,svm,max,balanced,cached_mxbai,850,1782202244.4905663,,,
8179,0,svm,max,balanced,cached_mxbai,851,1782202244.6018603,,,
3494,0,svm,max,balanced,cached_mxbai,852,1782202244.7105224,,,
10291,0,svm,max,balanced,cached_mxbai,853,1782202244.8191257,,,
1561,0,svm,max,balanced,cached_mxbai,854,1782202244.9305484,,,
8315,0,svm,max,balanced,cached_mxbai,855,1782202245.0518696,,,
6444,0,svm,max,balanced,cached_mxbai,856,1782202245.165539,,,
6553,0,svm,max,balanced,cached_mxbai,857,1782202245.2966566,,,
9131,0,svm,max,balanced,cached_mxbai,858,1782202245.4178512,,,
4086,0,svm,max,balanced,cached_mxbai,859,1782202245.5334888,,,
5329,0,svm,max,balanced,cached_mxbai,860,1782202245.6457767,,,
3502,0,svm,max,balanced,cached_mxbai,861,1782202245.7557597,,,
4633,0,svm,max,balanced,cached_mxbai,862,1782202245.8705404,,,
9945,0,svm,max,balanced,cached_mxbai,863,1782202245.9810705,,,
8602,0,svm,max,balanced,cached_mxbai,864,1782202246.0950925,,,
3742,0,svm,max,balanced,cached_mxbai,865,1782202246.205133,,,
6718,0,svm,max,balanced,cached_mxbai,866,1782202246.3182254,,,
4139,0,svm,max,balanced,cached_mxbai,867,1782202246.430596,,,
86,0,svm,max,balanced,cached_mxbai,868,1782202246.541269,,,
4299,0,svm,max,balanced,cached_mxbai,869,1782202246.6552355,,,
1070,0,svm,max,balanced,cached_mxbai,870,1782202246.76581,,,
8118,0,svm,max,balanced,cached_mxbai,871,1782202246.8763778,,,
6398,0,svm,max,balanced,cached_mxbai,872,1782202246.9883993,,,
3097,0,svm,max,balanced,cached_mxbai,873,1782202247.099229,,,
5426,0,svm,max,balanced,cached_mxbai,874,1782202247.2124884,,,
10290,0,svm,max,balanced,cached_mxbai,875,1782202247.3238852,,,
4964,0,svm,max,balanced,cached_mxbai,876,1782202247.4415174,,,
3523,0,svm,max,balanced,cached_mxbai,877,1782202247.5543199,,,
4662,0,svm,max,balanced,cached_mxbai,878,1782202247.665519,,,
5125,0,svm,max,balanced,cached_mxbai,879,1782202247.780016,,,
2559,0,svm,max,balanced,cached_mxbai,880,1782202247.8909898,,,
3934,0,svm,max,balanced,cached_mxbai,881,1782202248.008054,,,
9725,0,svm,max,balanced,cached_mxbai,882,1782202248.1210418,,,
9747,0,svm,max,balanced,cached_mxbai,883,1782202248.2373435,,,
5039,0,svm,max,balanced,cached_mxbai,884,1782202248.3511171,,,
3912,0,svm,max,balanced,cached_mxbai,885,1782202248.4686036,,,
5651,0,svm,max,balanced,cached_mxbai,886,1782202248.582846,,,
3639,0,svm,max,balanced,cached_mxbai,887,1782202248.6966512,,,
4453,0,svm,max,balanced,cached_mxbai,888,1782202248.8112688,,,
1198,0,svm,max,balanced,cached_mxbai,889,1782202248.9260771,,,
1048,0,svm,max,balanced,cached_mxbai,890,1782202249.0426483,,,
1003,0,svm,max,balanced,cached_mxbai,891,1782202249.15515,,,
5185,0,svm,max,balanced,cached_mxbai,892,1782202249.2677336,,,
5017,0,svm,max,balanced,cached_mxbai,893,1782202249.3811135,,,
8696,0,svm,max,balanced,cached_mxbai,894,1782202249.4960878,,,
2832,0,svm,max,balanced,cached_mxbai,895,1782202249.6096373,,,
6238,0,svm,max,balanced,cached_mxbai,896,1782202249.7242785,,,
9836,0,svm,max,balanced,cached_mxbai,897,1782202249.8390713,,,
7597,0,svm,max,balanced,cached_mxbai,898,1782202249.9521813,,,
4933,0,svm,max,balanced,cached_mxbai,899,1782202250.0724726,,,
7182,0,svm,max,balanced,cached_mxbai,900,1782202250.1881595,,,
4722,0,svm,max,balanced,cached_mxbai,901,1782202250.3030033,,,
3994,0,svm,max,balanced,cached_mxbai,902,1782202250.4158187,,,
6340,0,svm,max,balanced,cached_mxbai,903,1782202250.5300045,,,
4162,0,svm,max,balanced,cached_mxbai,904,1782202250.6454275,,,
4648,0,svm,max,balanced,cached_mxbai,905,1782202250.7580516,,,
3187,0,svm,max,balanced,cached_mxbai,906,1782202250.8739345,,,
8467,0,svm,max,balanced,cached_mxbai,907,1782202250.990563,,,
9749,0,svm,max,balanced,cached_mxbai,908,1782202251.1056607,,,
10225,0,svm,max,balanced,cached_mxbai,909,1782202251.2207603,,,
4836,0,svm,max,balanced,cached_mxbai,910,1782202251.3388226,,,
3538,0,svm,max,balanced,cached_mxbai,911,1782202251.4550734,,,
7767,0,svm,max,balanced,cached_mxbai,912,1782202251.572837,,,
1008,0,svm,max,balanced,cached_mxbai,913,1782202251.6898353,,,
4598,0,svm,max,balanced,cached_mxbai,914,1782202251.806268,,,
8255,0,svm,max,balanced,cached_mxbai,915,1782202251.9224355,,,
4586,0,svm,max,balanced,cached_mxbai,916,1782202252.0396025,,,
4445,0,svm,max,balanced,cached_mxbai,917,1782202252.155684,,,
6629,0,svm,max,balanced,cached_mxbai,918,1782202252.274094,,,
4176,0,svm,max,balanced,cached_mxbai,919,1782202252.391948,,,
1385,0,svm,max,balanced,cached_mxbai,920,1782202252.5101268,,,
5145,0,svm,max,balanced,cached_mxbai,921,1782202252.6289065,,,
4862,0,svm,max,balanced,cached_mxbai,922,1782202252.745688,,,
4994,0,svm,max,balanced,cached_mxbai,923,1782202252.8640215,,,
6411,0,svm,max,balanced,cached_mxbai,924,1782202252.983905,,,
402,0,svm,max,balanced,cached_mxbai,925,1782202253.1017218,,,
7217,0,svm,max,balanced,cached_mxbai,926,1782202253.2157965,,,
5134,0,svm,max,balanced,cached_mxbai,927,1782202253.3370438,,,
5591,0,svm,max,balanced,cached_mxbai,928,1782202253.4566205,,,
2330,0,svm,max,balanced,cached_mxbai,929,1782202253.5749593,,,
5365,0,svm,max,balanced,cached_mxbai,930,1782202253.696308,,,
2279,0,svm,max,balanced,cached_mxbai,931,1782202253.818995,,,
9683,0,svm,max,balanced,cached_mxbai,932,1782202253.9381158,,,
5096,0,svm,max,balanced,cached_mxbai,933,1782202254.0570946,,,
677,0,svm,max,balanced,cached_mxbai,934,1782202254.1733434,,,
4588,0,svm,max,balanced,cached_mxbai,935,1782202254.2961612,,,
7577,0,svm,max,balanced,cached_mxbai,936,1782202254.415545,,,
4136,0,svm,max,balanced,cached_mxbai,937,1782202254.5377924,,,
8063,0,svm,max,balanced,cached_mxbai,938,1782202254.6582425,,,
7434,0,svm,max,balanced,cached_mxbai,939,1782202254.7769797,,,
5016,0,svm,max,balanced,cached_mxbai,940,1782202254.8962824,,,
4528,0,svm,max,balanced,cached_mxbai,941,1782202255.0222583,,,
5410,0,svm,max,balanced,cached_mxbai,942,1782202255.1479855,,,
9132,0,svm,max,balanced,cached_mxbai,943,1782202255.2990708,,,
5244,0,svm,max,balanced,cached_mxbai,944,1782202255.4353848,,,
4515,0,svm,max,balanced,cached_mxbai,945,1782202255.562734,,,
10177,0,svm,max,balanced,cached_mxbai,946,1782202255.6841803,,,
4619,0,svm,max,balanced,cached_mxbai,947,1782202255.8056579,,,
1585,0,svm,max,balanced,cached_mxbai,948,1782202255.9249163,,,
8428,0,svm,max,balanced,cached_mxbai,949,1782202256.0462263,,,
3569,0,svm,max,balanced,cached_mxbai,950,1782202256.1654024,,,
5013,0,svm,max,balanced,cached_mxbai,951,1782202256.2883098,,,
4121,0,svm,max,balanced,cached_mxbai,952,1782202256.4089992,,,
134,0,svm,max,balanced,cached_mxbai,953,1782202256.5350037,,,
8153,0,svm,max,balanced,cached_mxbai,954,1782202256.658823,,,
10169,0,svm,max,balanced,cached_mxbai,955,1782202256.7815232,,,
4424,0,svm,max,balanced,cached_mxbai,956,1782202256.9054492,,,
9293,0,svm,max,balanced,cached_mxbai,957,1782202257.0269046,,,
10308,0,svm,max,balanced,cached_mxbai,958,1782202257.1571023,,,
6438,0,svm,max,balanced,cached_mxbai,959,1782202257.2797983,,,
5111,0,svm,max,balanced,cached_mxbai,960,1782202257.402383,,,
3748,0,svm,max,balanced,cached_mxbai,961,1782202257.5271075,,,
3099,0,svm,max,balanced,cached_mxbai,962,1782202257.6509848,,,
6842,0,svm,max,balanced,cached_mxbai,963,1782202257.771082,,,
8092,0,svm,max,balanced,cached_mxbai,964,1782202257.890613,,,
3558,0,svm,max,balanced,cached_mxbai,965,1782202258.0158389,,,
4744,0,svm,max,balanced,cached_mxbai,966,1782202258.136079,,,
25,0,svm,max,balanced,cached_mxbai,967,1782202258.2562718,,,
4642,0,svm,max,balanced,cached_mxbai,968,1782202258.3795602,,,
3914,0,svm,max,balanced,cached_mxbai,969,1782202258.504047,,,
5131,0,svm,max,balanced,cached_mxbai,970,1782202258.6332364,,,
4104,0,svm,max,balanced,cached_mxbai,971,1782202258.757025,,,
4476,0,svm,max,balanced,cached_mxbai,972,1782202258.87831,,,
6634,0,svm,max,balanced,cached_mxbai,973,1782202259.00159,,,
8982,0,svm,max,balanced,cached_mxbai,974,1782202259.1290925,,,
4951,0,svm,max,balanced,cached_mxbai,975,1782202259.2530582,,,
6499,0,svm,max,balanced,cached_mxbai,976,1782202259.3749015,,,
8563,0,svm,max,balanced,cached_mxbai,977,1782202259.4975774,,,
3194,0,svm,max,balanced,cached_mxbai,978,1782202259.6272972,,,
4680,0,svm,max,balanced,cached_mxbai,979,1782202259.7494621,,,
9122,0,svm,max,balanced,cached_mxbai,980,1782202259.8744917,,,
4636,0,svm,max,balanced,cached_mxbai,981,1782202259.9982073,,,
3873,0,svm,max,balanced,cached_mxbai,982,1782202260.1236622,,,
3209,0,svm,max,balanced,cached_mxbai,983,1782202260.2481627,,,
1149,0,svm,max,balanced,cached_mxbai,984,1782202260.372062,,,
10484,0,svm,max,balanced,cached_mxbai,985,1782202260.494753,,,
6136,0,svm,max,balanced,cached_mxbai,986,1782202260.6276834,,,
5449,0,svm,max,balanced,cached_mxbai,987,1782202260.757327,,,
6013,0,svm,max,balanced,cached_mxbai,988,1782202260.8799295,,,
2258,0,svm,max,balanced,cached_mxbai,989,1782202261.00437,,,
9996,0,svm,max,balanced,cached_mxbai,990,1782202261.1271253,,,
6631,0,svm,max,balanced,cached_mxbai,991,1782202261.2491422,,,
9213,0,svm,max,balanced,cached_mxbai,992,1782202261.374558,,,
4564,0,svm,max,balanced,cached_mxbai,993,1782202261.5001204,,,
10057,0,svm,max,balanced,cached_mxbai,994,1782202261.631598,,,
1911,0,svm,max,balanced,cached_mxbai,995,1782202261.7582495,,,
9429,0,svm,max,balanced,cached_mxbai,996,1782202261.8861914,,,
9763,0,svm,max,balanced,cached_mxbai,997,1782202262.0113056,,,
5154,0,svm,max,balanced,cached_mxbai,998,1782202262.1400225,,,
955,0,svm,max,balanced,cached_mxbai,999,1782202262.2653394,,,
4612,0,svm,max,balanced,cached_mxbai,1000,1782202262.3900344,,,
3960,0,svm,max,balanced,cached_mxbai,1001,1782202262.5155025,,,
5078,0,svm,max,balanced,cached_mxbai,1002,1782202262.6465018,,,
4112,0,svm,max,balanced,cached_mxbai,1003,1782202262.7737477,,,
4813,0,svm,max,balanced,cached_mxbai,1004,1782202262.9018908,,,
4729,0,svm,max,balanced,cached_mxbai,1005,1782202263.031293,,,
3767,0,svm,max,balanced,cached_mxbai,1006,1782202263.1569088,,,
10122,0,svm,max,balanced,cached_mxbai,1007,1782202263.2826958,,,
5870,0,svm,max,balanced,cached_mxbai,1008,1782202263.4058197,,,
2259,0,svm,max,balanced,cached_mxbai,1009,1782202263.531893,,,
8839,0,svm,max,balanced,cached_mxbai,1010,1782202263.662613,,,
3197,0,svm,max,balanced,cached_mxbai,1011,1782202263.7911522,,,
10112,0,svm,max,balanced,cached_mxbai,1012,1782202263.9175267,,,
4703,0,svm,max,balanced,cached_mxbai,1013,1782202264.04637,,,
9394,0,svm,max,balanced,cached_mxbai,1014,1782202264.1749287,,,
9028,0,svm,max,balanced,cached_mxbai,1015,1782202264.303261,,,
6249,0,svm,max,balanced,cached_mxbai,1016,1782202264.4303997,,,
4434,0,svm,max,balanced,cached_mxbai,1017,1782202264.5605235,,,
8993,0,svm,max,balanced,cached_mxbai,1018,1782202264.697728,,,
5077,0,svm,max,balanced,cached_mxbai,1019,1782202264.8270388,,,
5996,0,svm,max,balanced,cached_mxbai,1020,1782202264.9542043,,,
4912,0,svm,max,balanced,cached_mxbai,1021,1782202265.091868,,,
5968,0,svm,max,balanced,cached_mxbai,1022,1782202265.2331655,,,
3185,0,svm,max,balanced,cached_mxbai,1023,1782202265.3959582,,,
10493,0,svm,max,balanced,cached_mxbai,1024,1782202265.5094113,,,
4905,0,svm,max,balanced,cached_mxbai,1025,1782202265.6275625,,,
3080,0,svm,max,balanced,cached_mxbai,1026,1782202265.7436016,,,
5398,0,svm,max,balanced,cached_mxbai,1027,1782202265.8576057,,,
3458,0,svm,max,balanced,cached_mxbai,1028,1782202265.9698088,,,
4962,0,svm,max,balanced,cached_mxbai,1029,1782202266.0852976,,,
8598,0,svm,max,balanced,cached_mxbai,1030,1782202266.199412,,,
8909,0,svm,max,balanced,cached_mxbai,1031,1782202266.3119764,,,
6120,0,svm,max,balanced,cached_mxbai,1032,1782202266.4247687,,,
4510,0,svm,max,balanced,cached_mxbai,1033,1782202266.5381088,,,
7002,0,svm,max,balanced,cached_mxbai,1034,1782202266.657805,,,
7262,0,svm,max,balanced,cached_mxbai,1035,1782202266.772392,,,
3836,0,svm,max,balanced,cached_mxbai,1036,1782202266.886264,,,
4217,0,svm,max,balanced,cached_mxbai,1037,1782202266.9989169,,,
5088,0,svm,max,balanced,cached_mxbai,1038,1782202267.1162834,,,
5516,0,svm,max,balanced,cached_mxbai,1039,1782202267.2300184,,,
2429,0,svm,max,balanced,cached_mxbai,1040,1782202267.3426764,,,
4513,0,svm,max,balanced,cached_mxbai,1041,1782202267.45773,,,
4166,0,svm,max,balanced,cached_mxbai,1042,1782202267.572254,,,
6147,0,svm,max,balanced,cached_mxbai,1043,1782202267.6935158,,,
5238,0,svm,max,balanced,cached_mxbai,1044,1782202267.8092604,,,
9957,0,svm,max,balanced,cached_mxbai,1045,1782202267.9239404,,,
4484,0,svm,max,balanced,cached_mxbai,1046,1782202268.0399206,,,
620,0,svm,max,balanced,cached_mxbai,1047,1782202268.1551445,,,
4635,0,svm,max,balanced,cached_mxbai,1048,1782202268.2701468,,,
2053,0,svm,max,balanced,cached_mxbai,1049,1782202268.3854318,,,
7207,0,svm,max,balanced,cached_mxbai,1050,1782202268.5014071,,,
2428,0,svm,max,balanced,cached_mxbai,1051,1782202268.6211796,,,
1840,0,svm,max,balanced,cached_mxbai,1052,1782202268.7387495,,,
3677,0,svm,max,balanced,cached_mxbai,1053,1782202268.857125,,,
4985,0,svm,max,balanced,cached_mxbai,1054,1782202268.9733908,,,
5581,0,svm,max,balanced,cached_mxbai,1055,1782202269.090297,,,
7390,0,svm,max,balanced,cached_mxbai,1056,1782202269.2052662,,,
7108,0,svm,max,balanced,cached_mxbai,1057,1782202269.3213253,,,
3515,0,svm,max,balanced,cached_mxbai,1058,1782202269.437518,,,
1082,0,svm,max,balanced,cached_mxbai,1059,1782202269.5544953,,,
4705,0,svm,max,balanced,cached_mxbai,1060,1782202269.6775973,,,
6326,0,svm,max,balanced,cached_mxbai,1061,1782202269.79746,,,
6646,0,svm,max,balanced,cached_mxbai,1062,1782202269.9152408,,,
7702,0,svm,max,balanced,cached_mxbai,1063,1782202270.0315678,,,
6485,0,svm,max,balanced,cached_mxbai,1064,1782202270.1495872,,,
10000,0,svm,max,balanced,cached_mxbai,1065,1782202270.2664459,,,
8530,0,svm,max,balanced,cached_mxbai,1066,1782202270.381902,,,
4886,0,svm,max,balanced,cached_mxbai,1067,1782202270.4991395,,,
6798,0,svm,max,balanced,cached_mxbai,1068,1782202270.615691,,,
5237,0,svm,max,balanced,cached_mxbai,1069,1782202270.7384765,,,
4507,0,svm,max,balanced,cached_mxbai,1070,1782202270.8592317,,,
3543,0,svm,max,balanced,cached_mxbai,1071,1782202270.9773848,,,
3945,0,svm,max,balanced,cached_mxbai,1072,1782202271.0946658,,,
4631,0,svm,max,balanced,cached_mxbai,1073,1782202271.2109044,,,
2264,0,svm,max,balanced,cached_mxbai,1074,1782202271.3269105,,,
6150,0,svm,max,balanced,cached_mxbai,1075,1782202271.4447496,,,
6126,0,svm,max,balanced,cached_mxbai,1076,1782202271.5617867,,,
8486,0,svm,max,balanced,cached_mxbai,1077,1782202271.683956,,,
4364,0,svm,max,balanced,cached_mxbai,1078,1782202271.8022635,,,
4910,0,svm,max,balanced,cached_mxbai,1079,1782202271.9221869,,,
8049,0,svm,max,balanced,cached_mxbai,1080,1782202272.0399663,,,
10031,0,svm,max,balanced,cached_mxbai,1081,1782202272.1569865,,,
5116,0,svm,max,balanced,cached_mxbai,1082,1782202272.2745254,,,
6121,0,svm,max,balanced,cached_mxbai,1083,1782202272.3969753,,,
828,0,svm,max,balanced,cached_mxbai,1084,1782202272.5156832,,,
4673,0,svm,max,balanced,cached_mxbai,1085,1782202272.6345606,,,
6914,0,svm,max,balanced,cached_mxbai,1086,1782202272.7603927,,,
2745,0,svm,max,balanced,cached_mxbai,1087,1782202272.8791997,,,
3969,0,svm,max,balanced,cached_mxbai,1088,1782202272.9970984,,,
23,0,svm,max,balanced,cached_mxbai,1089,1782202273.1151729,,,
6991,0,svm,max,balanced,cached_mxbai,1090,1782202273.2326634,,,
4595,0,svm,max,balanced,cached_mxbai,1091,1782202273.3506448,,,
2306,0,svm,max,balanced,cached_mxbai,1092,1782202273.4693182,,,
4415,0,svm,max,balanced,cached_mxbai,1093,1782202273.5879982,,,
4568,0,svm,max,balanced,cached_mxbai,1094,1782202273.7101305,,,
3661,0,svm,max,balanced,cached_mxbai,1095,1782202273.8308952,,,
4870,0,svm,max,balanced,cached_mxbai,1096,1782202273.9483945,,,
2627,0,svm,max,balanced,cached_mxbai,1097,1782202274.0671701,,,
7804,0,svm,max,balanced,cached_mxbai,1098,1782202274.1861494,,,
1461,0,svm,max,balanced,cached_mxbai,1099,1782202274.3044991,,,
5093,0,svm,max,balanced,cached_mxbai,1100,1782202274.422241,,,
4587,0,svm,max,balanced,cached_mxbai,1101,1782202274.539938,,,
5165,0,svm,max,balanced,cached_mxbai,1102,1782202274.6676211,,,
9759,0,svm,max,balanced,cached_mxbai,1103,1782202274.7896812,,,
4522,0,svm,max,balanced,cached_mxbai,1104,1782202274.9129446,,,
3757,0,svm,max,balanced,cached_mxbai,1105,1782202275.040752,,,
4131,0,svm,max,balanced,cached_mxbai,1106,1782202275.1641924,,,
3081,0,svm,max,balanced,cached_mxbai,1107,1782202275.3214428,,,
8036,0,svm,max,balanced,cached_mxbai,1108,1782202275.4434538,,,
5468,0,svm,max,balanced,cached_mxbai,1109,1782202275.5636368,,,
2803,0,svm,max,balanced,cached_mxbai,1110,1782202275.6876671,,,
5425,0,svm,max,balanced,cached_mxbai,1111,1782202275.8106813,,,
5038,0,svm,max,balanced,cached_mxbai,1112,1782202275.9432008,,,
4026,0,svm,max,balanced,cached_mxbai,1113,1782202276.065595,,,
4459,0,svm,max,balanced,cached_mxbai,1114,1782202276.186833,,,
6421,0,svm,max,balanced,cached_mxbai,1115,1782202276.3079493,,,
3954,0,svm,max,balanced,cached_mxbai,1116,1782202276.4267817,,,
37,0,svm,max,balanced,cached_mxbai,1117,1782202276.5483003,,,
5034,0,svm,max,balanced,cached_mxbai,1118,1782202276.6684437,,,
8126,0,svm,max,balanced,cached_mxbai,1119,1782202276.7942395,,,
10166,0,svm,max,balanced,cached_mxbai,1120,1782202276.914637,,,
7948,0,svm,max,balanced,cached_mxbai,1121,1782202277.0348585,,,
4523,0,svm,max,balanced,cached_mxbai,1122,1782202277.1539779,,,
6607,0,svm,max,balanced,cached_mxbai,1123,1782202277.2725227,,,
4812,0,svm,max,balanced,cached_mxbai,1124,1782202277.3923004,,,
8597,0,svm,max,balanced,cached_mxbai,1125,1782202277.510696,,,
130,0,svm,max,balanced,cached_mxbai,1126,1782202277.6292977,,,
3657,0,svm,max,balanced,cached_mxbai,1127,1782202277.7550797,,,
3280,0,svm,max,balanced,cached_mxbai,1128,1782202277.8748338,,,
3147,0,svm,max,balanced,cached_mxbai,1129,1782202277.9930692,,,
4574,0,svm,max,balanced,cached_mxbai,1130,1782202278.1157758,,,
4710,0,svm,max,balanced,cached_mxbai,1131,1782202278.2354722,,,
3170,0,svm,max,balanced,cached_mxbai,1132,1782202278.356319,,,
6936,0,svm,max,balanced,cached_mxbai,1133,1782202278.477202,,,
4834,0,svm,max,balanced,cached_mxbai,1134,1782202278.5984719,,,
6414,0,svm,max,balanced,cached_mxbai,1135,1782202278.7247314,,,
6743,0,svm,max,balanced,cached_mxbai,1136,1782202278.8500266,,,
4480,0,svm,max,balanced,cached_mxbai,1137,1782202278.9722087,,,
72,0,svm,max,balanced,cached_mxbai,1138,1782202279.097233,,,
3720,0,svm,max,balanced,cached_mxbai,1139,1782202279.2180605,,,
4684,0,svm,max,balanced,cached_mxbai,1140,1782202279.3381388,,,
6727,0,svm,max,balanced,cached_mxbai,1141,1782202279.459154,,,
1287,0,svm,max,balanced,cached_mxbai,1142,1782202279.5805633,,,
3409,0,svm,max,balanced,cached_mxbai,1143,1782202279.701988,,,
413,0,svm,max,balanced,cached_mxbai,1144,1782202279.8302915,,,
3586,0,svm,max,balanced,cached_mxbai,1145,1782202279.9544878,,,
2943,0,svm,max,balanced,cached_mxbai,1146,1782202280.078529,,,
4514,0,svm,max,balanced,cached_mxbai,1147,1782202280.198849,,,
7490,0,svm,max,balanced,cached_mxbai,1148,1782202280.3191068,,,
2216,0,svm,max,balanced,cached_mxbai,1149,1782202280.440387,,,
6601,0,svm,max,balanced,cached_mxbai,1150,1782202280.5549994,,,
4442,0,svm,max,balanced,cached_mxbai,1151,1782202280.6705039,,,
131,0,svm,max,balanced,cached_mxbai,1152,1782202280.7899957,,,
3886,0,svm,max,balanced,cached_mxbai,1153,1782202280.9064386,,,
4895,0,svm,max,balanced,cached_mxbai,1154,1782202281.0214136,,,
10531,0,svm,max,balanced,cached_mxbai,1155,1782202281.1419156,,,
1492,0,svm,max,balanced,cached_mxbai,1156,1782202281.257362,,,
5112,0,svm,max,balanced,cached_mxbai,1157,1782202281.372485,,,
4602,0,svm,max,balanced,cached_mxbai,1158,1782202281.489925,,,
591,0,svm,max,balanced,cached_mxbai,1159,1782202281.6224782,,,
6298,0,svm,max,balanced,cached_mxbai,1160,1782202281.755594,,,
571,0,svm,max,balanced,cached_mxbai,1161,1782202281.876152,,,
9382,0,svm,max,balanced,cached_mxbai,1162,1782202281.9905863,,,
6609,0,svm,max,balanced,cached_mxbai,1163,1782202282.1076882,,,
47,0,svm,max,balanced,cached_mxbai,1164,1782202282.2232614,,,
4961,0,svm,max,balanced,cached_mxbai,1165,1782202282.3386216,,,
3644,0,svm,max,balanced,cached_mxbai,1166,1782202282.4537792,,,
9240,0,svm,max,balanced,cached_mxbai,1167,1782202282.5690603,,,
7468,0,svm,max,balanced,cached_mxbai,1168,1782202282.6843154,,,
2770,0,svm,max,balanced,cached_mxbai,1169,1782202282.8031206,,,
421,0,svm,max,balanced,cached_mxbai,1170,1782202282.9219491,,,
7001,0,svm,max,balanced,cached_mxbai,1171,1782202283.0406013,,,
9876,0,svm,max,balanced,cached_mxbai,1172,1782202283.158009,,,
5018,0,svm,max,balanced,cached_mxbai,1173,1782202283.2741113,,,
5063,0,svm,max,balanced,cached_mxbai,1174,1782202283.3891187,,,
3423,0,svm,max,balanced,cached_mxbai,1175,1782202283.5088212,,,
3981,0,svm,max,balanced,cached_mxbai,1176,1782202283.6261442,,,
4481,0,svm,max,balanced,cached_mxbai,1177,1782202283.7429287,,,
3475,0,svm,max,balanced,cached_mxbai,1178,1782202283.863807,,,
8473,0,svm,max,balanced,cached_mxbai,1179,1782202283.980908,,,
7771,0,svm,max,balanced,cached_mxbai,1180,1782202284.0983274,,,
4815,0,svm,max,balanced,cached_mxbai,1181,1782202284.2137885,,,
6458,0,svm,max,balanced,cached_mxbai,1182,1782202284.3302956,,,
3583,0,svm,max,balanced,cached_mxbai,1183,1782202284.4470913,,,
7500,0,svm,max,balanced,cached_mxbai,1184,1782202284.5634906,,,
5235,0,svm,max,balanced,cached_mxbai,1185,1782202284.6800203,,,
6643,1,svm,max,balanced,cached_mxbai,1186,1782202284.7996242,,,
6278,0,svm,max,balanced,cached_mxbai,1187,1782202284.9196157,,,
6644,1,svm,max,balanced,cached_mxbai,1188,1782202285.0574172,,,
9128,1,svm,max,balanced,cached_mxbai,1189,1782202285.180996,,,
8116,1,svm,max,balanced,cached_mxbai,1190,1782202285.3368094,,,
7102,0,svm,max,balanced,cached_mxbai,1191,1782202285.4610982,,,
3098,0,svm,max,balanced,cached_mxbai,1192,1782202285.587935,,,
5058,0,svm,max,balanced,cached_mxbai,1193,1782202285.7109098,,,
10230,0,svm,max,balanced,cached_mxbai,1194,1782202285.8381126,,,
10390,0,svm,max,balanced,cached_mxbai,1195,1782202285.9610782,,,
4712,0,svm,max,balanced,cached_mxbai,1196,1782202286.083781,,,
7464,0,svm,max,balanced,cached_mxbai,1197,1782202286.2068834,,,
8586,0,svm,max,balanced,cached_mxbai,1198,1782202286.329994,,,
7910,0,svm,max,balanced,cached_mxbai,1199,1782202286.4540107,,,
4687,0,svm,max,balanced,cached_mxbai,1200,1782202286.5699105,,,
4936,0,svm,max,balanced,cached_mxbai,1201,1782202286.6870563,,,
2341,0,svm,max,balanced,cached_mxbai,1202,1782202286.8084972,,,
6838,0,svm,max,balanced,cached_mxbai,1203,1782202286.9265058,,,
4362,0,svm,max,balanced,cached_mxbai,1204,1782202287.0442793,,,
7996,0,svm,max,balanced,cached_mxbai,1205,1782202287.1604276,,,
4977,0,svm,max,balanced,cached_mxbai,1206,1782202287.2771878,,,
7087,0,svm,max,balanced,cached_mxbai,1207,1782202287.3936021,,,
6545,0,svm,max,balanced,cached_mxbai,1208,1782202287.5128503,,,
918,0,svm,max,balanced,cached_mxbai,1209,1782202287.632199,,,
849,0,svm,max,balanced,cached_mxbai,1210,1782202287.7512085,,,
4932,0,svm,max,balanced,cached_mxbai,1211,1782202287.8758261,,,
1694,0,svm,max,balanced,cached_mxbai,1212,1782202287.9946353,,,
10508,0,svm,max,balanced,cached_mxbai,1213,1782202288.1128147,,,
7088,0,svm,max,balanced,cached_mxbai,1214,1782202288.228873,,,
7478,0,svm,max,balanced,cached_mxbai,1215,1782202288.3455157,,,
9411,0,svm,max,balanced,cached_mxbai,1216,1782202288.462406,,,
5089,0,svm,max,balanced,cached_mxbai,1217,1782202288.5798538,,,
4736,0,svm,max,balanced,cached_mxbai,1218,1782202288.6974967,,,
7327,0,svm,max,balanced,cached_mxbai,1219,1782202288.8195453,,,
3669,0,svm,max,balanced,cached_mxbai,1220,1782202288.9391105,,,
4389,0,svm,max,balanced,cached_mxbai,1221,1782202289.056972,,,
4839,0,svm,max,balanced,cached_mxbai,1222,1782202289.1753976,,,
5095,0,svm,max,balanced,cached_mxbai,1223,1782202289.2923875,,,
1724,0,svm,max,balanced,cached_mxbai,1224,1782202289.4139826,,,
26,0,svm,max,balanced,cached_mxbai,1225,1782202289.5376732,,,
859,0,svm,max,balanced,cached_mxbai,1226,1782202289.6632848,,,
7661,0,svm,max,balanced,cached_mxbai,1227,1782202289.787013,,,
8100,0,svm,max,balanced,cached_mxbai,1228,1782202289.918908,,,
4790,0,svm,max,balanced,cached_mxbai,1229,1782202290.0444007,,,
7335,0,svm,max,balanced,cached_mxbai,1230,1782202290.168378,,,
4403,0,svm,max,balanced,cached_mxbai,1231,1782202290.2921927,,,
8709,0,svm,max,balanced,cached_mxbai,1232,1782202290.4163477,,,
6432,0,svm,max,balanced,cached_mxbai,1233,1782202290.5403774,,,
4789,0,svm,max,balanced,cached_mxbai,1234,1782202290.6652074,,,
4781,0,svm,max,balanced,cached_mxbai,1235,1782202290.7913468,,,
6602,0,svm,max,balanced,cached_mxbai,1236,1782202290.922773,,,
4646,0,svm,max,balanced,cached_mxbai,1237,1782202291.0481298,,,
9664,0,svm,max,balanced,cached_mxbai,1238,1782202291.1744142,,,
4974,0,svm,max,balanced,cached_mxbai,1239,1782202291.300306,,,
3588,0,svm,max,balanced,cached_mxbai,1240,1782202291.4260354,,,
7066,0,svm,max,balanced,cached_mxbai,1241,1782202291.5513058,,,
3115,0,svm,max,balanced,cached_mxbai,1242,1782202291.6785727,,,
3291,0,svm,max,balanced,cached_mxbai,1243,1782202291.8060174,,,
5022,0,svm,max,balanced,cached_mxbai,1244,1782202291.9396296,,,
7171,0,svm,max,balanced,cached_mxbai,1245,1782202292.067195,,,
1445,1,svm,max,balanced,cached_mxbai,1246,1782202292.193583,,,
3500,0,svm,max,balanced,cached_mxbai,1247,1782202292.317644,,,
3486,0,svm,max,balanced,cached_mxbai,1248,1782202292.4424891,,,
1161,0,svm,max,balanced,cached_mxbai,1249,1782202292.5685568,,,
3519,0,svm,max,balanced,cached_mxbai,1250,1782202292.6969411,,,
2161,0,svm,max,balanced,cached_mxbai,1251,1782202292.8291807,,,
1536,0,svm,max,balanced,cached_mxbai,1252,1782202292.9577258,,,
2352,0,svm,max,balanced,cached_mxbai,1253,1782202293.0843897,,,
9009,0,svm,max,balanced,cached_mxbai,1254,1782202293.2128694,,,
3756,0,svm,max,balanced,cached_mxbai,1255,1782202293.3395236,,,
5387,0,svm,max,balanced,cached_mxbai,1256,1782202293.4674087,,,
4811,0,svm,max,balanced,cached_mxbai,1257,1782202293.594324,,,
387,0,svm,max,balanced,cached_mxbai,1258,1782202293.7229464,,,
4845,0,svm,max,balanced,cached_mxbai,1259,1782202293.8550322,,,
7259,0,svm,max,balanced,cached_mxbai,1260,1782202293.9848917,,,
1746,0,svm,max,balanced,cached_mxbai,1261,1782202294.114048,,,
3242,0,svm,max,balanced,cached_mxbai,1262,1782202294.2434309,,,
5001,0,svm,max,balanced,cached_mxbai,1263,1782202294.369732,,,
3987,0,svm,max,balanced,cached_mxbai,1264,1782202294.497416,,,
9912,0,svm,max,balanced,cached_mxbai,1265,1782202294.623995,,,
5000,0,svm,max,balanced,cached_mxbai,1266,1782202294.7540398,,,
3957,0,svm,max,balanced,cached_mxbai,1267,1782202294.8908467,,,
2447,0,svm,max,balanced,cached_mxbai,1268,1782202295.0270162,,,
3431,0,svm,max,balanced,cached_mxbai,1269,1782202295.1639063,,,
8507,0,svm,max,balanced,cached_mxbai,1270,1782202295.3157568,,,
6907,0,svm,max,balanced,cached_mxbai,1271,1782202295.4462545,,,
6322,0,svm,max,balanced,cached_mxbai,1272,1782202295.5766847,,,
3984,0,svm,max,balanced,cached_mxbai,1273,1782202295.721897,,,
9180,0,svm,max,balanced,cached_mxbai,1274,1782202295.8555057,,,
8911,0,svm,max,balanced,cached_mxbai,1275,1782202295.986654,,,
1968,0,svm,max,balanced,cached_mxbai,1276,1782202296.116677,,,
3345,0,svm,max,balanced,cached_mxbai,1277,1782202296.2460022,,,
5221,0,svm,max,balanced,cached_mxbai,1278,1782202296.3738394,,,
9209,0,svm,max,balanced,cached_mxbai,1279,1782202296.5029702,,,
4653,0,svm,max,balanced,cached_mxbai,1280,1782202296.6307201,,,
3564,0,svm,max,balanced,cached_mxbai,1281,1782202296.7607489,,,
6358,0,svm,max,balanced,cached_mxbai,1282,1782202296.8950949,,,
10399,0,svm,max,balanced,cached_mxbai,1283,1782202297.0242531,,,
6670,0,svm,max,balanced,cached_mxbai,1284,1782202297.1536577,,,
4818,0,svm,max,balanced,cached_mxbai,1285,1782202297.2826722,,,
6355,0,svm,max,balanced,cached_mxbai,1286,1782202297.410573,,,
4892,0,svm,max,balanced,cached_mxbai,1287,1782202297.538118,,,
6574,0,svm,max,balanced,cached_mxbai,1288,1782202297.6673872,,,
5992,0,svm,max,balanced,cached_mxbai,1289,1782202297.7980068,,,
6137,0,svm,max,balanced,cached_mxbai,1290,1782202297.935036,,,
3052,0,svm,max,balanced,cached_mxbai,1291,1782202298.0660584,,,
5186,0,svm,max,balanced,cached_mxbai,1292,1782202298.1945198,,,
4351,0,svm,max,balanced,cached_mxbai,1293,1782202298.3339474,,,
4928,0,svm,max,balanced,cached_mxbai,1294,1782202298.4636817,,,
8410,0,svm,max,balanced,cached_mxbai,1295,1782202298.5935993,,,
4231,0,svm,max,balanced,cached_mxbai,1296,1782202298.724333,,,
4215,0,svm,max,balanced,cached_mxbai,1297,1782202298.8548548,,,
8848,0,svm,max,balanced,cached_mxbai,1298,1782202298.9910402,,,
4655,0,svm,max,balanced,cached_mxbai,1299,1782202299.125721,,,
8544,0,svm,max,balanced,cached_mxbai,1300,1782202299.2587621,,,
7232,0,svm,max,balanced,cached_mxbai,1301,1782202299.3897254,,,
7961,0,svm,max,balanced,cached_mxbai,1302,1782202299.5211499,,,
9834,0,svm,max,balanced,cached_mxbai,1303,1782202299.6538386,,,
3188,0,svm,max,balanced,cached_mxbai,1304,1782202299.786866,,,
4198,0,svm,max,balanced,cached_mxbai,1305,1782202299.9262533,,,
4416,0,svm,max,balanced,cached_mxbai,1306,1782202300.0602944,,,
1156,0,svm,max,balanced,cached_mxbai,1307,1782202300.194732,,,
9108,0,svm,max,balanced,cached_mxbai,1308,1782202300.3257372,,,
9083,0,svm,max,balanced,cached_mxbai,1309,1782202300.4590034,,,
4926,0,svm,max,balanced,cached_mxbai,1310,1782202300.591788,,,
9272,0,svm,max,balanced,cached_mxbai,1311,1782202300.724721,,,
4011,0,svm,max,balanced,cached_mxbai,1312,1782202300.8569744,,,
4291,0,svm,max,balanced,cached_mxbai,1313,1782202300.994479,,,
6482,0,svm,max,balanced,cached_mxbai,1314,1782202301.1292431,,,
3033,0,svm,max,balanced,cached_mxbai,1315,1782202301.2663023,,,
7169,0,svm,max,balanced,cached_mxbai,1316,1782202301.3986015,,,
4575,0,svm,max,balanced,cached_mxbai,1317,1782202301.5306509,,,
9797,0,svm,max,balanced,cached_mxbai,1318,1782202301.663036,,,
9290,0,svm,max,balanced,cached_mxbai,1319,1782202301.7969468,,,
6945,0,svm,max,balanced,cached_mxbai,1320,1782202301.9345632,,,
3350,0,svm,max,balanced,cached_mxbai,1321,1782202302.0678105,,,
4417,0,svm,max,balanced,cached_mxbai,1322,1782202302.2011638,,,
3693,0,svm,max,balanced,cached_mxbai,1323,1782202302.335212,,,
8560,0,svm,max,balanced,cached_mxbai,1324,1782202302.4678614,,,
7527,0,svm,max,balanced,cached_mxbai,1325,1782202302.600599,,,
4772,0,svm,max,balanced,cached_mxbai,1326,1782202302.7345154,,,
3952,0,svm,max,balanced,cached_mxbai,1327,1782202302.8684666,,,
3605,0,svm,max,balanced,cached_mxbai,1328,1782202303.0035436,,,
4958,0,svm,max,balanced,cached_mxbai,1329,1782202303.1382902,,,
10058,0,svm,max,balanced,cached_mxbai,1330,1782202303.2724893,,,
1852,0,svm,max,balanced,cached_mxbai,1331,1782202303.4058583,,,
4419,0,svm,max,balanced,cached_mxbai,1332,1782202303.5395532,,,
9604,0,svm,max,balanced,cached_mxbai,1333,1782202303.6727157,,,
7744,0,svm,max,balanced,cached_mxbai,1334,1782202303.808094,,,
2235,0,svm,max,balanced,cached_mxbai,1335,1782202303.9452908,,,
9449,0,svm,max,balanced,cached_mxbai,1336,1782202304.0819569,,,
5161,0,svm,max,balanced,cached_mxbai,1337,1782202304.2180364,,,
7079,0,svm,max,balanced,cached_mxbai,1338,1782202304.3528147,,,
8050,0,svm,max,balanced,cached_mxbai,1339,1782202304.4892945,,,
4846,0,svm,max,balanced,cached_mxbai,1340,1782202304.623781,,,
8282,0,svm,max,balanced,cached_mxbai,1341,1782202304.7587764,,,
3061,0,svm,max,balanced,cached_mxbai,1342,1782202304.8968167,,,
4537,0,svm,max,balanced,cached_mxbai,1343,1782202305.0489047,,,
7691,0,svm,max,balanced,cached_mxbai,1344,1782202305.190199,,,
5575,0,svm,max,balanced,cached_mxbai,1345,1782202305.3753195,,,
4012,0,svm,max,balanced,cached_mxbai,1346,1782202305.525824,,,
7632,0,svm,max,balanced,cached_mxbai,1347,1782202305.6766405,,,
10326,0,svm,max,balanced,cached_mxbai,1348,1782202305.8433652,,,
9160,0,svm,max,balanced,cached_mxbai,1349,1782202305.9823182,,,
6748,0,svm,max,balanced,cached_mxbai,1350,1782202306.1313324,,,
4865,0,svm,max,balanced,cached_mxbai,1351,1782202306.2791955,,,
10060,0,svm,max,balanced,cached_mxbai,1352,1782202306.428326,,,
4469,0,svm,max,balanced,cached_mxbai,1353,1782202306.5626268,,,
5511,0,svm,max,balanced,cached_mxbai,1354,1782202306.697742,,,
8812,0,svm,max,balanced,cached_mxbai,1355,1782202306.846519,,,
4098,0,svm,max,balanced,cached_mxbai,1356,1782202306.9998226,,,
570,0,svm,max,balanced,cached_mxbai,1357,1782202307.1368723,,,
4700,0,svm,max,balanced,cached_mxbai,1358,1782202307.271733,,,
3282,0,svm,max,balanced,cached_mxbai,1359,1782202307.4066932,,,
6005,0,svm,max,balanced,cached_mxbai,1360,1782202307.540968,,,
7149,0,svm,max,balanced,cached_mxbai,1361,1782202307.676166,,,
4331,0,svm,max,balanced,cached_mxbai,1362,1782202307.8117664,,,
1262,0,svm,max,balanced,cached_mxbai,1363,1782202307.957774,,,
4893,0,svm,max,balanced,cached_mxbai,1364,1782202308.1009402,,,
5552,0,svm,max,balanced,cached_mxbai,1365,1782202308.2400408,,,
3440,0,svm,max,balanced,cached_mxbai,1366,1782202308.3758872,,,
4111,0,svm,max,balanced,cached_mxbai,1367,1782202308.5135891,,,
4148,0,svm,max,balanced,cached_mxbai,1368,1782202308.6504714,,,
5902,0,svm,max,balanced,cached_mxbai,1369,1782202308.7885308,,,
2066,0,svm,max,balanced,cached_mxbai,1370,1782202308.9326973,,,
759,0,svm,max,balanced,cached_mxbai,1371,1782202309.079052,,,
6285,0,svm,max,balanced,cached_mxbai,1372,1782202309.2232754,,,
5939,0,svm,max,balanced,cached_mxbai,1373,1782202309.3626983,,,
5014,0,svm,max,balanced,cached_mxbai,1374,1782202309.501048,,,
5108,0,svm,max,balanced,cached_mxbai,1375,1782202309.6367104,,,
4733,0,svm,max,balanced,cached_mxbai,1376,1782202309.772428,,,
7265,0,svm,max,balanced,cached_mxbai,1377,1782202309.9108868,,,
5212,0,svm,max,balanced,cached_mxbai,1378,1782202310.0507052,,,
9897,0,svm,max,balanced,cached_mxbai,1379,1782202310.1903374,,,
4804,0,svm,max,balanced,cached_mxbai,1380,1782202310.327068,,,
9773,0,svm,max,balanced,cached_mxbai,1381,1782202310.4629517,,,
4319,0,svm,max,balanced,cached_mxbai,1382,1782202310.598757,,,
1078,0,svm,max,balanced,cached_mxbai,1383,1782202310.7359908,,,
2965,0,svm,max,balanced,cached_mxbai,1384,1782202310.872649,,,
3434,0,svm,max,balanced,cached_mxbai,1385,1782202311.0091999,,,
4530,0,svm,max,balanced,cached_mxbai,1386,1782202311.149089,,,
9623,0,svm,max,balanced,cached_mxbai,1387,1782202311.2883265,,,
5245,0,svm,max,balanced,cached_mxbai,1388,1782202311.425019,,,
4882,0,svm,max,balanced,cached_mxbai,1389,1782202311.563458,,,
3146,0,svm,max,balanced,cached_mxbai,1390,1782202311.7010534,,,
4853,0,svm,max,balanced,cached_mxbai,1391,1782202311.8397799,,,
8679,0,svm,max,balanced,cached_mxbai,1392,1782202311.9796047,,,
8497,0,svm,max,balanced,cached_mxbai,1393,1782202312.1229494,,,
4411,0,svm,max,balanced,cached_mxbai,1394,1782202312.2623832,,,
9171,0,svm,max,balanced,cached_mxbai,1395,1782202312.4000103,,,
2254,0,svm,max,balanced,cached_mxbai,1396,1782202312.538622,,,
9582,0,svm,max,balanced,cached_mxbai,1397,1782202312.6758068,,,
5643,0,svm,max,balanced,cached_mxbai,1398,1782202312.8140125,,,
4553,0,svm,max,balanced,cached_mxbai,1399,1782202312.9548395,,,
3236,0,svm,max,balanced,cached_mxbai,1400,1782202313.0974317,,,
10551,0,svm,max,balanced,cached_mxbai,1401,1782202313.237329,,,
4668,0,svm,max,balanced,cached_mxbai,1402,1782202313.3747587,,,
6771,0,svm,max,balanced,cached_mxbai,1403,1782202313.5132568,,,
2831,0,svm,max,balanced,cached_mxbai,1404,1782202313.6523798,,,
9176,0,svm,max,balanced,cached_mxbai,1405,1782202313.7903788,,,
10088,0,svm,max,balanced,cached_mxbai,1406,1782202313.9309776,,,
5839,1,svm,max,balanced,cached_mxbai,1407,1782202314.0734391,,,
7743,0,svm,max,balanced,cached_mxbai,1408,1782202314.2180617,,,
3634,0,svm,max,balanced,cached_mxbai,1409,1782202314.3574305,,,
7712,0,svm,max,balanced,cached_mxbai,1410,1782202314.495967,,,
5024,0,svm,max,balanced,cached_mxbai,1411,1782202314.6352243,,,
4261,0,svm,max,balanced,cached_mxbai,1412,1782202314.773701,,,
5956,0,svm,max,balanced,cached_mxbai,1413,1782202314.9138286,,,
4799,0,svm,max,balanced,cached_mxbai,1414,1782202315.066566,,,
3506,0,svm,max,balanced,cached_mxbai,1415,1782202315.2171464,,,
8889,0,svm,max,balanced,cached_mxbai,1416,1782202315.3882184,,,
4652,0,svm,max,balanced,cached_mxbai,1417,1782202315.5268204,,,
8038,0,svm,max,balanced,cached_mxbai,1418,1782202315.6660862,,,
4632,0,svm,max,balanced,cached_mxbai,1419,1782202315.8077443,,,
273,0,svm,max,balanced,cached_mxbai,1420,1782202315.949545,,,
2039,0,svm,max,balanced,cached_mxbai,1421,1782202316.0938742,,,
3044,0,svm,max,balanced,cached_mxbai,1422,1782202316.236556,,,
3507,0,svm,max,balanced,cached_mxbai,1423,1782202316.375545,,,
1234,0,svm,max,balanced,cached_mxbai,1424,1782202316.5162525,,,
5106,0,svm,max,balanced,cached_mxbai,1425,1782202316.657149,,,
4970,0,svm,max,balanced,cached_mxbai,1426,1782202316.7969847,,,
4664,0,svm,max,balanced,cached_mxbai,1427,1782202316.9367661,,,
7728,0,svm,max,balanced,cached_mxbai,1428,1782202317.080911,,,
3763,0,svm,max,balanced,cached_mxbai,1429,1782202317.2310712,,,
5036,0,svm,max,balanced,cached_mxbai,1430,1782202317.3753152,,,
5086,0,svm,max,balanced,cached_mxbai,1431,1782202317.5137148,,,
4106,0,svm,max,balanced,cached_mxbai,1432,1782202317.6520762,,,
8547,0,svm,max,balanced,cached_mxbai,1433,1782202317.7895882,,,
3988,0,svm,max,balanced,cached_mxbai,1434,1782202317.9310613,,,
4629,0,svm,max,balanced,cached_mxbai,1435,1782202318.0861897,,,
6162,0,svm,max,balanced,cached_mxbai,1436,1782202318.2364764,,,
4142,0,svm,max,balanced,cached_mxbai,1437,1782202318.3760254,,,
4463,0,svm,max,balanced,cached_mxbai,1438,1782202318.5154984,,,
3024,0,svm,max,balanced,cached_mxbai,1439,1782202318.6539404,,,
1646,0,svm,max,balanced,cached_mxbai,1440,1782202318.7918708,,,
4615,0,svm,max,balanced,cached_mxbai,1441,1782202318.9329846,,,
5159,0,svm,max,balanced,cached_mxbai,1442,1782202319.0738702,,,
9864,0,svm,max,balanced,cached_mxbai,1443,1782202319.2172754,,,
8228,0,svm,max,balanced,cached_mxbai,1444,1782202319.356736,,,
6569,0,svm,max,balanced,cached_mxbai,1445,1782202319.497694,,,
4708,0,svm,max,balanced,cached_mxbai,1446,1782202319.6371977,,,
10492,0,svm,max,balanced,cached_mxbai,1447,1782202319.775745,,,
8928,0,svm,max,balanced,cached_mxbai,1448,1782202319.933652,,,
8918,0,svm,max,balanced,cached_mxbai,1449,1782202320.0758226,,,
4966,0,svm,max,balanced,cached_mxbai,1450,1782202320.220497,,,
4991,0,svm,max,balanced,cached_mxbai,1451,1782202320.3617392,,,
3805,0,svm,max,balanced,cached_mxbai,1452,1782202320.5018961,,,
5153,0,svm,max,balanced,cached_mxbai,1453,1782202320.6405144,,,
1613,0,svm,max,balanced,cached_mxbai,1454,1782202320.77957,,,
4045,0,svm,max,balanced,cached_mxbai,1455,1782202320.9210505,,,
2583,0,svm,max,balanced,cached_mxbai,1456,1782202321.0634472,,,
692,0,svm,max,balanced,cached_mxbai,1457,1782202321.2079945,,,
8759,0,svm,max,balanced,cached_mxbai,1458,1782202321.351478,,,
4489,0,svm,max,balanced,cached_mxbai,1459,1782202321.4932683,,,
4336,0,svm,max,balanced,cached_mxbai,1460,1782202321.633202,,,
6461,0,svm,max,balanced,cached_mxbai,1461,1782202321.7744892,,,
6196,0,svm,max,balanced,cached_mxbai,1462,1782202321.9161263,,,
5487,0,svm,max,balanced,cached_mxbai,1463,1782202322.0575392,,,
10065,0,svm,max,balanced,cached_mxbai,1464,1782202322.199304,,,
5010,0,svm,max,balanced,cached_mxbai,1465,1782202322.3413346,,,
9410,0,svm,max,balanced,cached_mxbai,1466,1782202322.4823256,,,
3905,0,svm,max,balanced,cached_mxbai,1467,1782202322.6224911,,,
5672,0,svm,max,balanced,cached_mxbai,1468,1782202322.7681224,,,
4600,0,svm,max,balanced,cached_mxbai,1469,1782202322.9174936,,,
9371,0,svm,max,balanced,cached_mxbai,1470,1782202323.0669463,,,
6338,0,svm,max,balanced,cached_mxbai,1471,1782202323.2144682,,,
10239,0,svm,max,balanced,cached_mxbai,1472,1782202323.373945,,,
4654,0,svm,max,balanced,cached_mxbai,1473,1782202323.5317957,,,
4975,0,svm,max,balanced,cached_mxbai,1474,1782202323.6720297,,,
7897,0,svm,max,balanced,cached_mxbai,1475,1782202323.8122659,,,
4676,0,svm,max,balanced,cached_mxbai,1476,1782202323.9527097,,,
3130,0,svm,max,balanced,cached_mxbai,1477,1782202324.0948715,,,
4284,0,svm,max,balanced,cached_mxbai,1478,1782202324.2384815,,,
796,0,svm,max,balanced,cached_mxbai,1479,1782202324.3800323,,,
10242,0,svm,max,balanced,cached_mxbai,1480,1782202324.5199919,,,
4764,0,svm,max,balanced,cached_mxbai,1481,1782202324.6594367,,,
3640,0,svm,max,balanced,cached_mxbai,1482,1782202324.799822,,,
4539,0,svm,max,balanced,cached_mxbai,1483,1782202324.9437718,,,
9098,0,svm,max,balanced,cached_mxbai,1484,1782202325.1089027,,,
8885,0,svm,max,balanced,cached_mxbai,1485,1782202325.298707,,,
8463,0,svm,max,balanced,cached_mxbai,1486,1782202325.4635406,,,
5984,0,svm,max,balanced,cached_mxbai,1487,1782202325.623204,,,
3562,0,svm,max,balanced,cached_mxbai,1488,1782202325.76296,,,
1222,0,svm,max,balanced,cached_mxbai,1489,1782202325.904765,,,
4562,0,svm,max,balanced,cached_mxbai,1490,1782202326.0481184,,,
9798,0,svm,max,balanced,cached_mxbai,1491,1782202326.1909802,,,
4863,0,svm,max,balanced,cached_mxbai,1492,1782202326.3336356,,,
3932,0,svm,max,balanced,cached_mxbai,1493,1782202326.4743903,,,
7477,0,svm,max,balanced,cached_mxbai,1494,1782202326.6169705,,,
6975,0,svm,max,balanced,cached_mxbai,1495,1782202326.758409,,,
8046,0,svm,max,balanced,cached_mxbai,1496,1782202326.901511,,,
4014,0,svm,max,balanced,cached_mxbai,1497,1782202327.043861,,,
6671,0,svm,max,balanced,cached_mxbai,1498,1782202327.1884668,,,
10451,0,svm,max,balanced,cached_mxbai,1499,1782202327.3342123,,,
4996,0,svm,max,balanced,cached_mxbai,1500,1782202327.4756584,,,
8123,0,svm,max,balanced,cached_mxbai,1501,1782202327.6167939,,,
8797,0,svm,max,balanced,cached_mxbai,1502,1782202327.7574618,,,
3991,0,svm,max,balanced,cached_mxbai,1503,1782202327.899509,,,
4488,0,svm,max,balanced,cached_mxbai,1504,1782202328.0433254,,,
8158,0,svm,max,balanced,cached_mxbai,1505,1782202328.1852214,,,
4410,0,svm,max,balanced,cached_mxbai,1506,1782202328.3301194,,,
3938,0,svm,max,balanced,cached_mxbai,1507,1782202328.47431,,,
2873,0,svm,max,balanced,cached_mxbai,1508,1782202328.6173153,,,
113,0,svm,max,balanced,cached_mxbai,1509,1782202328.76058,,,
6319,0,svm,max,balanced,cached_mxbai,1510,1782202328.905604,,,
4982,0,svm,max,balanced,cached_mxbai,1511,1782202329.0523934,,,
4490,0,svm,max,balanced,cached_mxbai,1512,1782202329.1969073,,,
8828,0,svm,max,balanced,cached_mxbai,1513,1782202329.3430548,,,
3629,0,svm,max,balanced,cached_mxbai,1514,1782202329.5021863,,,
10081,0,svm,max,balanced,cached_mxbai,1515,1782202329.662008,,,
5220,0,svm,max,balanced,cached_mxbai,1516,1782202329.8236907,,,
1912,0,svm,max,balanced,cached_mxbai,1517,1782202329.984694,,,
4322,0,svm,max,balanced,cached_mxbai,1518,1782202330.1486778,,,
4207,0,svm,max,balanced,cached_mxbai,1519,1782202330.3159142,,,
7714,0,svm,max,balanced,cached_mxbai,1520,1782202330.481317,,,
10545,0,svm,max,balanced,cached_mxbai,1521,1782202330.6424835,,,
10133,0,svm,max,balanced,cached_mxbai,1522,1782202330.802877,,,
7873,0,svm,max,balanced,cached_mxbai,1523,1782202330.9658265,,,
6122,0,svm,max,balanced,cached_mxbai,1524,1782202331.1286287,,,
4827,0,svm,max,balanced,cached_mxbai,1525,1782202331.2938814,,,
3460,0,svm,max,balanced,cached_mxbai,1526,1782202331.455078,,,
4725,0,svm,max,balanced,cached_mxbai,1527,1782202331.6154103,,,
160,0,svm,max,balanced,cached_mxbai,1528,1782202331.77463,,,
9137,0,svm,max,balanced,cached_mxbai,1529,1782202331.9387457,,,
1476,0,svm,max,balanced,cached_mxbai,1530,1782202332.1016965,,,
3844,0,svm,max,balanced,cached_mxbai,1531,1782202332.266217,,,
7933,0,svm,max,balanced,cached_mxbai,1532,1782202332.430403,,,
9947,0,svm,max,balanced,cached_mxbai,1533,1782202332.5905766,,,
3752,0,svm,max,balanced,cached_mxbai,1534,1782202332.757021,,,
4454,0,svm,max,balanced,cached_mxbai,1535,1782202332.9198241,,,
5138,0,svm,max,balanced,cached_mxbai,1536,1782202333.0815494,,,
8580,0,svm,max,balanced,cached_mxbai,1537,1782202333.2439785,,,
4634,0,svm,max,balanced,cached_mxbai,1538,1782202333.405202,,,
8272,0,svm,max,balanced,cached_mxbai,1539,1782202333.5638652,,,
7879,0,svm,max,balanced,cached_mxbai,1540,1782202333.7223735,,,
8355,0,svm,max,balanced,cached_mxbai,1541,1782202333.881102,,,
4675,0,svm,max,balanced,cached_mxbai,1542,1782202334.040277,,,
3399,0,svm,max,balanced,cached_mxbai,1543,1782202334.1981356,,,
5110,0,svm,max,balanced,cached_mxbai,1544,1782202334.360714,,,
8629,0,svm,max,balanced,cached_mxbai,1545,1782202334.5209336,,,
6949,0,svm,max,balanced,cached_mxbai,1546,1782202334.6795032,,,
4372,0,svm,max,balanced,cached_mxbai,1547,1782202334.839614,,,
7231,0,svm,max,balanced,cached_mxbai,1548,1782202335.0002718,,,
5396,0,svm,max,balanced,cached_mxbai,1549,1782202335.1670544,,,
5496,0,svm,max,balanced,cached_mxbai,1550,1782202335.3528173,,,
5969,0,svm,max,balanced,cached_mxbai,1551,1782202335.5129483,,,
3656,0,svm,max,balanced,cached_mxbai,1552,1782202335.6732352,,,
4486,0,svm,max,balanced,cached_mxbai,1553,1782202335.84132,,,
2562,0,svm,max,balanced,cached_mxbai,1554,1782202336.0096443,,,
4957,0,svm,max,balanced,cached_mxbai,1555,1782202336.1805818,,,
5223,0,svm,max,balanced,cached_mxbai,1556,1782202336.3535259,,,
3801,0,svm,max,balanced,cached_mxbai,1557,1782202336.517171,,,
4021,0,svm,max,balanced,cached_mxbai,1558,1782202336.6791408,,,
2433,0,svm,max,balanced,cached_mxbai,1559,1782202336.8490977,,,
4397,0,svm,max,balanced,cached_mxbai,1560,1782202337.0190403,,,
3783,0,svm,max,balanced,cached_mxbai,1561,1782202337.1900344,,,
57,0,svm,max,balanced,cached_mxbai,1562,1782202337.3608038,,,
4968,0,svm,max,balanced,cached_mxbai,1563,1782202337.5308638,,,
709,0,svm,max,balanced,cached_mxbai,1564,1782202337.6991138,,,
6235,0,svm,max,balanced,cached_mxbai,1565,1782202337.8690653,,,
173,0,svm,max,balanced,cached_mxbai,1566,1782202338.0399952,,,
9219,0,svm,max,balanced,cached_mxbai,1567,1782202338.210906,,,
4826,0,svm,max,balanced,cached_mxbai,1568,1782202338.3834465,,,
9442,0,svm,max,balanced,cached_mxbai,1569,1782202338.5549293,,,
5325,0,svm,max,balanced,cached_mxbai,1570,1782202338.7247596,,,
5198,0,svm,max,balanced,cached_mxbai,1571,1782202338.8958838,,,
1261,0,svm,max,balanced,cached_mxbai,1572,1782202339.0670373,,,
6138,0,svm,max,balanced,cached_mxbai,1573,1782202339.2370481,,,
4501,0,svm,max,balanced,cached_mxbai,1574,1782202339.409636,,,
3654,0,svm,max,balanced,cached_mxbai,1575,1782202339.5810583,,,
8303,0,svm,max,balanced,cached_mxbai,1576,1782202339.7507005,,,
5608,0,svm,max,balanced,cached_mxbai,1577,1782202339.9175007,,,
2541,0,svm,max,balanced,cached_mxbai,1578,1782202340.0883446,,,
5805,0,svm,max,balanced,cached_mxbai,1579,1782202340.2583332,,,
6151,0,svm,max,balanced,cached_mxbai,1580,1782202340.4258485,,,
3385,0,svm,max,balanced,cached_mxbai,1581,1782202340.5930758,,,
4622,0,svm,max,balanced,cached_mxbai,1582,1782202340.7602541,,,
8004,0,svm,max,balanced,cached_mxbai,1583,1782202340.9277673,,,
9878,0,svm,max,balanced,cached_mxbai,1584,1782202341.095794,,,
4138,0,svm,max,balanced,cached_mxbai,1585,1782202341.2637708,,,
4699,0,svm,max,balanced,cached_mxbai,1586,1782202341.4342003,,,
4241,0,svm,max,balanced,cached_mxbai,1587,1782202341.6010888,,,
9547,0,svm,max,balanced,cached_mxbai,1588,1782202341.7685041,,,
9433,0,svm,max,balanced,cached_mxbai,1589,1782202341.9434433,,,
4278,0,svm,max,balanced,cached_mxbai,1590,1782202342.1214972,,,
1039,0,svm,max,balanced,cached_mxbai,1591,1782202342.2943845,,,
6270,0,svm,max,balanced,cached_mxbai,1592,1782202342.4654362,,,
3109,0,svm,max,balanced,cached_mxbai,1593,1782202342.6347804,,,
4757,0,svm,max,balanced,cached_mxbai,1594,1782202342.8028483,,,
8660,0,svm,max,balanced,cached_mxbai,1595,1782202342.9720604,,,
10206,0,svm,max,balanced,cached_mxbai,1596,1782202343.1396732,,,
3556,0,svm,max,balanced,cached_mxbai,1597,1782202343.3086865,,,
1031,0,svm,max,balanced,cached_mxbai,1598,1782202343.4823096,,,
4498,0,svm,max,balanced,cached_mxbai,1599,1782202343.6514828,,,
1321,0,svm,max,balanced,cached_mxbai,1600,1782202343.8202379,,,
4693,0,svm,max,balanced,cached_mxbai,1601,1782202343.9889686,,,
3165,0,svm,max,balanced,cached_mxbai,1602,1782202344.1614473,,,
4497,0,svm,max,balanced,cached_mxbai,1603,1782202344.334685,,,
7768,0,svm,max,balanced,cached_mxbai,1604,1782202344.5050614,,,
4763,0,svm,max,balanced,cached_mxbai,1605,1782202344.6729853,,,
5128,0,svm,max,balanced,cached_mxbai,1606,1782202344.8427198,,,
3609,0,svm,max,balanced,cached_mxbai,1607,1782202345.0120957,,,
8847,0,svm,max,balanced,cached_mxbai,1608,1782202345.1963427,,,
4773,0,svm,max,balanced,cached_mxbai,1609,1782202345.4006152,,,
9911,0,svm,max,balanced,cached_mxbai,1610,1782202345.5742445,,,
10521,0,svm,max,balanced,cached_mxbai,1611,1782202345.7295413,,,
3689,0,svm,max,balanced,cached_mxbai,1612,1782202345.885344,,,
2782,0,svm,max,balanced,cached_mxbai,1613,1782202346.04029,,,
1855,0,svm,max,balanced,cached_mxbai,1614,1782202346.1950264,,,
6056,0,svm,max,balanced,cached_mxbai,1615,1782202346.351802,,,
4847,0,svm,max,balanced,cached_mxbai,1616,1782202346.5098953,,,
9496,0,svm,max,balanced,cached_mxbai,1617,1782202346.6676989,,,
4483,0,svm,max,balanced,cached_mxbai,1618,1782202346.8226166,,,
5621,0,svm,max,balanced,cached_mxbai,1619,1782202346.979564,,,
3083,0,svm,max,balanced,cached_mxbai,1620,1782202347.1362605,,,
443,0,svm,max,balanced,cached_mxbai,1621,1782202347.2917202,,,
3554,0,svm,max,balanced,cached_mxbai,1622,1782202347.4525278,,,
4246,0,svm,max,balanced,cached_mxbai,1623,1782202347.6086125,,,
5823,0,svm,max,balanced,cached_mxbai,1624,1782202347.763443,,,
9624,0,svm,max,balanced,cached_mxbai,1625,1782202347.9197211,,,
4392,0,svm,max,balanced,cached_mxbai,1626,1782202348.0768254,,,
1278,0,svm,max,balanced,cached_mxbai,1627,1782202348.233214,,,
3788,0,svm,max,balanced,cached_mxbai,1628,1782202348.3911107,,,
1796,0,svm,max,balanced,cached_mxbai,1629,1782202348.5499,,,
5155,0,svm,max,balanced,cached_mxbai,1630,1782202348.7072585,,,
5292,0,svm,max,balanced,cached_mxbai,1631,1782202348.862945,,,
4750,0,svm,max,balanced,cached_mxbai,1632,1782202349.0185769,,,
4069,0,svm,max,balanced,cached_mxbai,1633,1782202349.174329,,,
1241,0,svm,max,balanced,cached_mxbai,1634,1782202349.3315926,,,
4091,0,svm,max,balanced,cached_mxbai,1635,1782202349.4883583,,,
4896,0,svm,max,balanced,cached_mxbai,1636,1782202349.6425266,,,
9115,0,svm,max,balanced,cached_mxbai,1637,1782202349.7968624,,,
5226,0,svm,max,balanced,cached_mxbai,1638,1782202349.9523897,,,
8404,0,svm,max,balanced,cached_mxbai,1639,1782202350.1087399,,,
6003,0,svm,max,balanced,cached_mxbai,1640,1782202350.2643337,,,
3840,0,svm,max,balanced,cached_mxbai,1641,1782202350.4213998,,,
3909,0,svm,max,balanced,cached_mxbai,1642,1782202350.5790641,,,
5066,0,svm,max,balanced,cached_mxbai,1643,1782202350.7340264,,,
1416,0,svm,max,balanced,cached_mxbai,1644,1782202350.889157,,,
6815,0,svm,max,balanced,cached_mxbai,1645,1782202351.045126,,,
1498,0,svm,max,balanced,cached_mxbai,1646,1782202351.2016087,,,
8301,0,svm,max,balanced,cached_mxbai,1647,1782202351.3581681,,,
5952,0,svm,max,balanced,cached_mxbai,1648,1782202351.517573,,,
4517,0,svm,max,balanced,cached_mxbai,1649,1782202351.6742342,,,
2187,0,svm,max,balanced,cached_mxbai,1650,1782202351.8333254,,,
8479,0,svm,max,balanced,cached_mxbai,1651,1782202351.995023,,,
5100,0,svm,max,balanced,cached_mxbai,1652,1782202352.1521268,,,
4323,0,svm,max,balanced,cached_mxbai,1653,1782202352.3100355,,,
6069,0,svm,max,balanced,cached_mxbai,1654,1782202352.4685833,,,
10108,0,svm,max,balanced,cached_mxbai,1655,1782202352.6255193,,,
178,0,svm,max,balanced,cached_mxbai,1656,1782202352.780877,,,
7706,0,svm,max,balanced,cached_mxbai,1657,1782202352.9378777,,,
6585,0,svm,max,balanced,cached_mxbai,1658,1782202353.0958505,,,
604,0,svm,max,balanced,cached_mxbai,1659,1782202353.2528915,,,
2856,0,svm,max,balanced,cached_mxbai,1660,1782202353.4107356,,,
4257,0,svm,max,balanced,cached_mxbai,1661,1782202353.5680926,,,
4571,0,svm,max,balanced,cached_mxbai,1662,1782202353.7248468,,,
4245,0,svm,max,balanced,cached_mxbai,1663,1782202353.881844,,,
8907,0,svm,max,balanced,cached_mxbai,1664,1782202354.0388157,,,
3183,0,svm,max,balanced,cached_mxbai,1665,1782202354.1955612,,,
8694,0,svm,max,balanced,cached_mxbai,1666,1782202354.3530684,,,
8218,0,svm,max,balanced,cached_mxbai,1667,1782202354.5120301,,,
8658,0,svm,max,balanced,cached_mxbai,1668,1782202354.670264,,,
981,0,svm,max,balanced,cached_mxbai,1669,1782202354.8282921,,,
6537,0,svm,max,balanced,cached_mxbai,1670,1782202354.9887204,,,
4521,0,svm,max,balanced,cached_mxbai,1671,1782202355.157478,,,
6548,0,svm,max,balanced,cached_mxbai,1672,1782202355.3479981,,,
8636,0,svm,max,balanced,cached_mxbai,1673,1782202355.5107002,,,
6324,0,svm,max,balanced,cached_mxbai,1674,1782202355.6691952,,,
10153,0,svm,max,balanced,cached_mxbai,1675,1782202355.827888,,,
4438,0,svm,max,balanced,cached_mxbai,1676,1782202355.986469,,,
9948,0,svm,max,balanced,cached_mxbai,1677,1782202356.1447778,,,
4766,0,svm,max,balanced,cached_mxbai,1678,1782202356.3030474,,,
4122,0,svm,max,balanced,cached_mxbai,1679,1782202356.4630647,,,
7959,0,svm,max,balanced,cached_mxbai,1680,1782202356.6232944,,,
3552,0,svm,max,balanced,cached_mxbai,1681,1782202356.7818384,,,
4219,0,svm,max,balanced,cached_mxbai,1682,1782202356.9417512,,,
9714,0,svm,max,balanced,cached_mxbai,1683,1782202357.1008973,,,
7355,0,svm,max,balanced,cached_mxbai,1684,1782202357.259856,,,
4400,0,svm,max,balanced,cached_mxbai,1685,1782202357.4306152,,,
5781,0,svm,max,balanced,cached_mxbai,1686,1782202357.5897257,,,
7871,0,svm,max,balanced,cached_mxbai,1687,1782202357.7472446,,,
4090,0,svm,max,balanced,cached_mxbai,1688,1782202357.9064963,,,
4601,0,svm,max,balanced,cached_mxbai,1689,1782202358.0786417,,,
4295,0,svm,max,balanced,cached_mxbai,1690,1782202358.250508,,,
769,0,svm,max,balanced,cached_mxbai,1691,1782202358.4090502,,,
5777,0,svm,max,balanced,cached_mxbai,1692,1782202358.5718887,,,
639,0,svm,max,balanced,cached_mxbai,1693,1782202358.7312157,,,
4606,0,svm,max,balanced,cached_mxbai,1694,1782202358.8898892,,,
3832,0,svm,max,balanced,cached_mxbai,1695,1782202359.050311,,,
4305,0,svm,max,balanced,cached_mxbai,1696,1782202359.2091618,,,
6328,0,svm,max,balanced,cached_mxbai,1697,1782202359.3810422,,,
4851,0,svm,max,balanced,cached_mxbai,1698,1782202359.554189,,,
3293,0,svm,max,balanced,cached_mxbai,1699,1782202359.725748,,,
7546,0,svm,max,balanced,cached_mxbai,1700,1782202359.8972101,,,
3428,0,svm,max,balanced,cached_mxbai,1701,1782202360.057008,,,
3404,0,svm,max,balanced,cached_mxbai,1702,1782202360.2293155,,,
594,0,svm,max,balanced,cached_mxbai,1703,1782202360.3931,,,
4749,0,svm,max,balanced,cached_mxbai,1704,1782202360.5725338,,,
817,0,svm,max,balanced,cached_mxbai,1705,1782202360.7387965,,,
9031,0,svm,max,balanced,cached_mxbai,1706,1782202360.9032443,,,
3446,0,svm,max,balanced,cached_mxbai,1707,1782202361.079721,,,
4502,0,svm,max,balanced,cached_mxbai,1708,1782202361.252149,,,
10271,0,svm,max,balanced,cached_mxbai,1709,1782202361.4260252,,,
2781,0,svm,max,balanced,cached_mxbai,1710,1782202361.6015525,,,
3889,0,svm,max,balanced,cached_mxbai,1711,1782202361.7751942,,,
6233,0,svm,max,balanced,cached_mxbai,1712,1782202361.9498563,,,
4649,0,svm,max,balanced,cached_mxbai,1713,1782202362.111699,,,
5667,0,svm,max,balanced,cached_mxbai,1714,1782202362.2847793,,,
6323,0,svm,max,balanced,cached_mxbai,1715,1782202362.4474657,,,
8798,0,svm,max,balanced,cached_mxbai,1716,1782202362.6222546,,,
5079,0,svm,max,balanced,cached_mxbai,1717,1782202362.7956955,,,
5352,0,svm,max,balanced,cached_mxbai,1718,1782202362.9568238,,,
4542,0,svm,max,balanced,cached_mxbai,1719,1782202363.1303327,,,
4719,0,svm,max,balanced,cached_mxbai,1720,1782202363.3029697,,,
5167,0,svm,max,balanced,cached_mxbai,1721,1782202363.4770534,,,
2670,0,svm,max,balanced,cached_mxbai,1722,1782202363.659332,,,
427,0,svm,max,balanced,cached_mxbai,1723,1782202363.8337986,,,
3200,0,svm,max,balanced,cached_mxbai,1724,1782202364.0101142,,,
2431,0,svm,max,balanced,cached_mxbai,1725,1782202364.1853893,,,
8693,0,svm,max,balanced,cached_mxbai,1726,1782202364.358375,,,
3577,0,svm,max,balanced,cached_mxbai,1727,1782202364.5336292,,,
5240,0,svm,max,balanced,cached_mxbai,1728,1782202364.7112732,,,
4334,0,svm,max,balanced,cached_mxbai,1729,1782202364.8877697,,,
3248,0,svm,max,balanced,cached_mxbai,1730,1782202365.0695534,,,
4808,0,svm,max,balanced,cached_mxbai,1731,1782202365.2627437,,,
997,0,svm,max,balanced,cached_mxbai,1732,1782202365.4529305,,,
3330,0,svm,max,balanced,cached_mxbai,1733,1782202365.6338518,,,
4809,0,svm,max,balanced,cached_mxbai,1734,1782202365.8125024,,,
6699,0,svm,max,balanced,cached_mxbai,1735,1782202366.0105448,,,
9628,0,svm,max,balanced,cached_mxbai,1736,1782202366.2061286,,,
5188,0,svm,max,balanced,cached_mxbai,1737,1782202366.3889487,,,
81,0,svm,max,balanced,cached_mxbai,1738,1782202366.5851393,,,
4920,0,svm,max,balanced,cached_mxbai,1739,1782202366.7738118,,,
3664,0,svm,max,balanced,cached_mxbai,1740,1782202366.950125,,,
6042,0,svm,max,balanced,cached_mxbai,1741,1782202367.1284738,,,
9768,0,svm,max,balanced,cached_mxbai,1742,1782202367.3077667,,,
9407,0,svm,max,balanced,cached_mxbai,1743,1782202367.4849854,,,
4042,0,svm,max,balanced,cached_mxbai,1744,1782202367.6617339,,,
1704,0,svm,max,balanced,cached_mxbai,1745,1782202367.8385365,,,
7055,0,svm,max,balanced,cached_mxbai,1746,1782202368.0142705,,,
7947,0,svm,max,balanced,cached_mxbai,1747,1782202368.1906989,,,
4990,0,svm,max,balanced,cached_mxbai,1748,1782202368.3675718,,,
4313,0,svm,max,balanced,cached_mxbai,1749,1782202368.5504155,,,
6212,0,svm,max,balanced,cached_mxbai,1750,1782202368.7336917,,,
5052,0,svm,max,balanced,cached_mxbai,1751,1782202368.9131546,,,
6167,0,svm,max,balanced,cached_mxbai,1752,1782202369.090159,,,
4943,0,svm,max,balanced,cached_mxbai,1753,1782202369.2671456,,,
3797,0,svm,max,balanced,cached_mxbai,1754,1782202369.4472396,,,
5099,0,svm,max,balanced,cached_mxbai,1755,1782202369.6265461,,,
9254,0,svm,max,balanced,cached_mxbai,1756,1782202369.806529,,,
5076,0,svm,max,balanced,cached_mxbai,1757,1782202369.9825213,,,
5723,0,svm,max,balanced,cached_mxbai,1758,1782202370.1597838,,,
4551,0,svm,max,balanced,cached_mxbai,1759,1782202370.3367138,,,
577,0,svm,max,balanced,cached_mxbai,1760,1782202370.5152867,,,
4784,0,svm,max,balanced,cached_mxbai,1761,1782202370.6955252,,,
195,0,svm,max,balanced,cached_mxbai,1762,1782202370.873062,,,
4309,0,svm,max,balanced,cached_mxbai,1763,1782202371.052259,,,
7216,0,svm,max,balanced,cached_mxbai,1764,1782202371.2298746,,,
3533,0,svm,max,balanced,cached_mxbai,1765,1782202371.4080565,,,
8952,0,svm,max,balanced,cached_mxbai,1766,1782202371.5860002,,,
4566,0,svm,max,balanced,cached_mxbai,1767,1782202371.7664895,,,
3504,0,svm,max,balanced,cached_mxbai,1768,1782202371.9457657,,,
9291,0,svm,max,balanced,cached_mxbai,1769,1782202372.1249745,,,
9520,0,svm,max,balanced,cached_mxbai,1770,1782202372.3027515,,,
1255,0,svm,max,balanced,cached_mxbai,1771,1782202372.481286,,,
6642,0,svm,max,balanced,cached_mxbai,1772,1782202372.6624131,,,
5027,0,svm,max,balanced,cached_mxbai,1773,1782202372.8422618,,,
7681,0,svm,max,balanced,cached_mxbai,1774,1782202373.0207782,,,
787,0,svm,max,balanced,cached_mxbai,1775,1782202373.1988802,,,
5069,0,svm,max,balanced,cached_mxbai,1776,1782202373.3772078,,,
5009,0,svm,max,balanced,cached_mxbai,1777,1782202373.5548937,,,
5103,0,svm,max,balanced,cached_mxbai,1778,1782202373.7356987,,,
10046,0,svm,max,balanced,cached_mxbai,1779,1782202373.9154456,,,
7137,0,svm,max,balanced,cached_mxbai,1780,1782202374.0954044,,,
3047,0,svm,max,balanced,cached_mxbai,1781,1782202374.2755466,,,
1427,0,svm,max,balanced,cached_mxbai,1782,1782202374.456175,,,
5519,0,svm,max,balanced,cached_mxbai,1783,1782202374.6359358,,,
4701,0,svm,max,balanced,cached_mxbai,1784,1782202374.8167984,,,
5896,0,svm,max,balanced,cached_mxbai,1785,1782202375.004063,,,
8829,0,svm,max,balanced,cached_mxbai,1786,1782202375.189695,,,
10381,0,svm,max,balanced,cached_mxbai,1787,1782202375.4120388,,,
4035,0,svm,max,balanced,cached_mxbai,1788,1782202375.594185,,,
92,0,svm,max,balanced,cached_mxbai,1789,1782202375.7745473,,,
10309,0,svm,max,balanced,cached_mxbai,1790,1782202375.9543345,,,
8536,0,svm,max,balanced,cached_mxbai,1791,1782202376.134634,,,
3445,0,svm,max,balanced,cached_mxbai,1792,1782202376.315248,,,
6293,0,svm,max,balanced,cached_mxbai,1793,1782202376.5007012,,,
6816,0,svm,max,balanced,cached_mxbai,1794,1782202376.6817653,,,
4716,0,svm,max,balanced,cached_mxbai,1795,1782202376.863139,,,
5213,0,svm,max,balanced,cached_mxbai,1796,1782202377.044009,,,
1999,0,svm,max,balanced,cached_mxbai,1797,1782202377.225266,,,
5234,0,svm,max,balanced,cached_mxbai,1798,1782202377.4066005,,,
10036,0,svm,max,balanced,cached_mxbai,1799,1782202377.590235,,,
5346,0,svm,max,balanced,cached_mxbai,1800,1782202377.7710266,,,
4801,0,svm,max,balanced,cached_mxbai,1801,1782202377.950743,,,
7438,0,svm,max,balanced,cached_mxbai,1802,1782202378.1333392,,,
7279,0,svm,max,balanced,cached_mxbai,1803,1782202378.3121908,,,
4180,0,svm,max,balanced,cached_mxbai,1804,1782202378.495038,,,
2137,0,svm,max,balanced,cached_mxbai,1805,1782202378.6793244,,,
5799,0,svm,max,balanced,cached_mxbai,1806,1782202378.864629,,,
5881,0,svm,max,balanced,cached_mxbai,1807,1782202379.0496323,,,
3924,0,svm,max,balanced,cached_mxbai,1808,1782202379.2298036,,,
3729,0,svm,max,balanced,cached_mxbai,1809,1782202379.4104877,,,
3171,0,svm,max,balanced,cached_mxbai,1810,1782202379.6024356,,,
10158,0,svm,max,balanced,cached_mxbai,1811,1782202379.795748,,,
4959,0,svm,max,balanced,cached_mxbai,1812,1782202379.9887047,,,
10115,0,svm,max,balanced,cached_mxbai,1813,1782202380.1818283,,,
10410,0,svm,max,balanced,cached_mxbai,1814,1782202380.3746517,,,
9437,0,svm,max,balanced,cached_mxbai,1815,1782202380.5697057,,,
4482,0,svm,max,balanced,cached_mxbai,1816,1782202380.7645922,,,
27,0,svm,max,balanced,cached_mxbai,1817,1782202380.9579237,,,
5650,0,svm,max,balanced,cached_mxbai,1818,1782202381.1514952,,,
5080,0,svm,max,balanced,cached_mxbai,1819,1782202381.3441522,,,
4343,0,svm,max,balanced,cached_mxbai,1820,1782202381.537601,,,
4759,0,svm,max,balanced,cached_mxbai,1821,1782202381.7322412,,,
3231,0,svm,max,balanced,cached_mxbai,1822,1782202381.924894,,,
4097,0,svm,max,balanced,cached_mxbai,1823,1782202382.1168082,,,
4627,0,svm,max,balanced,cached_mxbai,1824,1782202382.3089104,,,
7203,0,svm,max,balanced,cached_mxbai,1825,1782202382.504478,,,
3811,0,svm,max,balanced,cached_mxbai,1826,1782202382.7004702,,,
8619,0,svm,max,balanced,cached_mxbai,1827,1782202382.8954434,,,
5452,0,svm,max,balanced,cached_mxbai,1828,1782202383.0912557,,,
6357,0,svm,max,balanced,cached_mxbai,1829,1782202383.285247,,,
9849,0,svm,max,balanced,cached_mxbai,1830,1782202383.4812672,,,
52,0,svm,max,balanced,cached_mxbai,1831,1782202383.6793056,,,
5139,0,svm,max,balanced,cached_mxbai,1832,1782202383.8766608,,,
8373,0,svm,max,balanced,cached_mxbai,1833,1782202384.0721004,,,
10235,0,svm,max,balanced,cached_mxbai,1834,1782202384.2648268,,,
8979,0,svm,max,balanced,cached_mxbai,1835,1782202384.4534888,,,
8430,0,svm,max,balanced,cached_mxbai,1836,1782202384.6443474,,,
7155,0,svm,max,balanced,cached_mxbai,1837,1782202384.836793,,,
4682,0,svm,max,balanced,cached_mxbai,1838,1782202385.0328107,,,
1032,0,svm,max,balanced,cached_mxbai,1839,1782202385.2295816,,,
3921,0,svm,max,balanced,cached_mxbai,1840,1782202385.4340928,,,
8191,0,svm,max,balanced,cached_mxbai,1841,1782202385.6277401,,,
8483,0,svm,max,balanced,cached_mxbai,1842,1782202385.8249454,,,
4954,0,svm,max,balanced,cached_mxbai,1843,1782202386.0153618,,,
7257,0,svm,max,balanced,cached_mxbai,1844,1782202386.2069209,,,
3331,0,svm,max,balanced,cached_mxbai,1845,1782202386.3971972,,,
3809,0,svm,max,balanced,cached_mxbai,1846,1782202386.6007679,,,
1143,0,svm,max,balanced,cached_mxbai,1847,1782202386.7962558,,,
5045,0,svm,max,balanced,cached_mxbai,1848,1782202386.9824631,,,
9113,0,svm,max,balanced,cached_mxbai,1849,1782202387.169517,,,
2021,0,svm,max,balanced,cached_mxbai,1850,1782202387.3576512,,,
1641,0,svm,max,balanced,cached_mxbai,1851,1782202387.5500417,,,
7058,0,svm,max,balanced,cached_mxbai,1852,1782202387.736114,,,
229,0,svm,max,balanced,cached_mxbai,1853,1782202387.924678,,,
4737,0,svm,max,balanced,cached_mxbai,1854,1782202388.111248,,,
7199,0,svm,max,balanced,cached_mxbai,1855,1782202388.296804,,,
4741,0,svm,max,balanced,cached_mxbai,1856,1782202388.485221,,,
4394,0,svm,max,balanced,cached_mxbai,1857,1782202388.6721869,,,
3724,0,svm,max,balanced,cached_mxbai,1858,1782202388.8615413,,,
1863,0,svm,max,balanced,cached_mxbai,1859,1782202389.0499148,,,
9299,0,svm,max,balanced,cached_mxbai,1860,1782202389.2372386,,,
3400,0,svm,max,balanced,cached_mxbai,1861,1782202389.4241753,,,
10034,0,svm,max,balanced,cached_mxbai,1862,1782202389.6125162,,,
7717,0,svm,max,balanced,cached_mxbai,1863,1782202389.8010235,,,
4987,0,svm,max,balanced,cached_mxbai,1864,1782202389.9887896,,,
7683,0,svm,max,balanced,cached_mxbai,1865,1782202390.1764863,,,
7050,0,svm,max,balanced,cached_mxbai,1866,1782202390.3625863,,,
7418,0,svm,max,balanced,cached_mxbai,1867,1782202390.549793,,,
7178,0,svm,max,balanced,cached_mxbai,1868,1782202390.7378547,,,
7363,0,svm,max,balanced,cached_mxbai,1869,1782202390.9275296,,,
7233,0,svm,max,balanced,cached_mxbai,1870,1782202391.116844,,,
8996,0,svm,max,balanced,cached_mxbai,1871,1782202391.3061192,,,
4608,0,svm,max,balanced,cached_mxbai,1872,1782202391.4952822,,,
80,0,svm,max,balanced,cached_mxbai,1873,1782202391.6864827,,,
5084,0,svm,max,balanced,cached_mxbai,1874,1782202391.8770132,,,
1370,0,svm,max,balanced,cached_mxbai,1875,1782202392.0696084,,,
7697,0,svm,max,balanced,cached_mxbai,1876,1782202392.261099,,,
5862,0,svm,max,balanced,cached_mxbai,1877,1782202392.4555938,,,
7000,0,svm,max,balanced,cached_mxbai,1878,1782202392.6496367,,,
6822,0,svm,max,balanced,cached_mxbai,1879,1782202392.8406444,,,
3152,0,svm,max,balanced,cached_mxbai,1880,1782202393.0320034,,,
4689,0,svm,max,balanced,cached_mxbai,1881,1782202393.2221463,,,
78,0,svm,max,balanced,cached_mxbai,1882,1782202393.4135506,,,
3776,0,svm,max,balanced,cached_mxbai,1883,1782202393.6062267,,,
1131,0,svm,max,balanced,cached_mxbai,1884,1782202393.7977805,,,
4963,0,svm,max,balanced,cached_mxbai,1885,1782202393.9908683,,,
5759,0,svm,max,balanced,cached_mxbai,1886,1782202394.183165,,,
1084,0,svm,max,balanced,cached_mxbai,1887,1782202394.3717566,,,
124,0,svm,max,balanced,cached_mxbai,1888,1782202394.5598166,,,
4745,0,svm,max,balanced,cached_mxbai,1889,1782202394.7491298,,,
6390,0,svm,max,balanced,cached_mxbai,1890,1782202394.9422517,,,
6060,0,svm,max,balanced,cached_mxbai,1891,1782202395.1441495,,,
3211,0,svm,max,balanced,cached_mxbai,1892,1782202395.3810542,,,
5592,0,svm,max,balanced,cached_mxbai,1893,1782202395.5754666,,,
6431,0,svm,max,balanced,cached_mxbai,1894,1782202395.7702305,,,
3709,0,svm,max,balanced,cached_mxbai,1895,1782202395.9701023,,,
2319,0,svm,max,balanced,cached_mxbai,1896,1782202396.1652222,,,
6153,0,svm,max,balanced,cached_mxbai,1897,1782202396.3596234,,,
5043,0,svm,max,balanced,cached_mxbai,1898,1782202396.5570083,,,
5231,0,svm,max,balanced,cached_mxbai,1899,1782202396.7659705,,,
10422,0,svm,max,balanced,cached_mxbai,1900,1782202396.9662168,,,
2773,0,svm,max,balanced,cached_mxbai,1901,1782202397.166992,,,
8210,0,svm,max,balanced,cached_mxbai,1902,1782202397.3689063,,,
4493,0,svm,max,balanced,cached_mxbai,1903,1782202397.5704753,,,
806,0,svm,max,balanced,cached_mxbai,1904,1782202397.7747853,,,
7318,0,svm,max,balanced,cached_mxbai,1905,1782202397.9806643,,,
9369,0,svm,max,balanced,cached_mxbai,1906,1782202398.1852367,,,
10446,0,svm,max,balanced,cached_mxbai,1907,1782202398.3857856,,,
5119,0,svm,max,balanced,cached_mxbai,1908,1782202398.5862918,,,
4660,0,svm,max,balanced,cached_mxbai,1909,1782202398.7867007,,,
2473,0,svm,max,balanced,cached_mxbai,1910,1782202398.9905345,,,
10120,0,svm,max,balanced,cached_mxbai,1911,1782202399.192276,,,
1502,0,svm,max,balanced,cached_mxbai,1912,1782202399.392879,,,
5129,0,svm,max,balanced,cached_mxbai,1913,1782202399.5959017,,,
7091,0,svm,max,balanced,cached_mxbai,1914,1782202399.7992368,,,
4617,0,svm,max,balanced,cached_mxbai,1915,1782202400.0037043,,,
7077,0,svm,max,balanced,cached_mxbai,1916,1782202400.2075722,,,
3753,0,svm,max,balanced,cached_mxbai,1917,1782202400.4082901,,,
809,0,svm,max,balanced,cached_mxbai,1918,1782202400.6097848,,,
5087,0,svm,max,balanced,cached_mxbai,1919,1782202400.812417,,,
8105,0,svm,max,balanced,cached_mxbai,1920,1782202401.0166242,,,
5842,0,svm,max,balanced,cached_mxbai,1921,1782202401.217349,,,
4175,0,svm,max,balanced,cached_mxbai,1922,1782202401.4185598,,,
1808,0,svm,max,balanced,cached_mxbai,1923,1782202401.6217628,,,
4437,0,svm,max,balanced,cached_mxbai,1924,1782202401.8242755,,,
422,0,svm,max,balanced,cached_mxbai,1925,1782202402.0308104,,,
9704,0,svm,max,balanced,cached_mxbai,1926,1782202402.231487,,,
3602,0,svm,max,balanced,cached_mxbai,1927,1782202402.43291,,,
3998,0,svm,max,balanced,cached_mxbai,1928,1782202402.634458,,,
1040,0,svm,max,balanced,cached_mxbai,1929,1782202402.8368325,,,
3364,0,svm,max,balanced,cached_mxbai,1930,1782202403.0411098,,,
1566,0,svm,max,balanced,cached_mxbai,1931,1782202403.2430725,,,
7891,0,svm,max,balanced,cached_mxbai,1932,1782202403.445219,,,
10252,0,svm,max,balanced,cached_mxbai,1933,1782202403.6527302,,,
4477,0,svm,max,balanced,cached_mxbai,1934,1782202403.8593714,,,
9370,0,svm,max,balanced,cached_mxbai,1935,1782202404.068626,,,
3549,0,svm,max,balanced,cached_mxbai,1936,1782202404.2728517,,,
6216,0,svm,max,balanced,cached_mxbai,1937,1782202404.4765823,,,
5136,0,svm,max,balanced,cached_mxbai,1938,1782202404.6812825,,,
9572,0,svm,max,balanced,cached_mxbai,1939,1782202404.8859823,,,
8024,0,svm,max,balanced,cached_mxbai,1940,1782202405.1072752,,,
8610,0,svm,max,balanced,cached_mxbai,1941,1782202405.3392732,,,
4344,0,svm,max,balanced,cached_mxbai,1942,1782202405.5457628,,,
9603,0,svm,max,balanced,cached_mxbai,1943,1782202405.7502978,,,
4843,0,svm,max,balanced,cached_mxbai,1944,1782202405.9551277,,,
2293,0,svm,max,balanced,cached_mxbai,1945,1782202406.1714628,,,
7369,0,svm,max,balanced,cached_mxbai,1946,1782202406.370288,,,
5310,0,svm,max,balanced,cached_mxbai,1947,1782202406.5716746,,,
6616,0,svm,max,balanced,cached_mxbai,1948,1782202406.7710001,,,
4211,0,svm,max,balanced,cached_mxbai,1949,1782202406.972075,,,
10557,0,svm,max,balanced,cached_mxbai,1950,1782202407.1731308,,,
8367,0,svm,max,balanced,cached_mxbai,1951,1782202407.3729842,,,
6478,0,svm,max,balanced,cached_mxbai,1952,1782202407.5770364,,,
8337,0,svm,max,balanced,cached_mxbai,1953,1782202407.7785997,,,
2819,0,svm,max,balanced,cached_mxbai,1954,1782202407.985128,,,
4150,0,svm,max,balanced,cached_mxbai,1955,1782202408.1959455,,,
4823,0,svm,max,balanced,cached_mxbai,1956,1782202408.3983216,,,
242,0,svm,max,balanced,cached_mxbai,1957,1782202408.6002738,,,
3285,0,svm,max,balanced,cached_mxbai,1958,1782202408.8026526,,,
8088,1,svm,max,balanced,cached_mxbai,1959,1782202409.0052884,,,
6045,0,svm,max,balanced,cached_mxbai,1960,1782202409.20693,,,
9457,0,svm,max,balanced,cached_mxbai,1961,1782202409.4068773,,,
4325,0,svm,max,balanced,cached_mxbai,1962,1782202409.6068525,,,
6284,0,svm,max,balanced,cached_mxbai,1963,1782202409.8085217,,,
8717,0,svm,max,balanced,cached_mxbai,1964,1782202410.0099401,,,
5205,0,svm,max,balanced,cached_mxbai,1965,1782202410.2111862,,,
1439,0,svm,max,balanced,cached_mxbai,1966,1782202410.4113278,,,
3495,0,svm,max,balanced,cached_mxbai,1967,1782202410.6133885,,,
8770,0,svm,max,balanced,cached_mxbai,1968,1782202410.8209019,,,
9804,0,svm,max,balanced,cached_mxbai,1969,1782202411.0252755,,,
5042,0,svm,max,balanced,cached_mxbai,1970,1782202411.228574,,,
4576,0,svm,max,balanced,cached_mxbai,1971,1782202411.4315665,,,
66,0,svm,max,balanced,cached_mxbai,1972,1782202411.6328511,,,
3705,0,svm,max,balanced,cached_mxbai,1973,1782202411.8381426,,,
1022,0,svm,max,balanced,cached_mxbai,1974,1782202412.040103,,,
4806,0,svm,max,balanced,cached_mxbai,1975,1782202412.2424078,,,
3233,0,svm,max,balanced,cached_mxbai,1976,1782202412.4439473,,,
5562,0,svm,max,balanced,cached_mxbai,1977,1782202412.6456308,,,
4123,0,svm,max,balanced,cached_mxbai,1978,1782202412.8476295,,,
3606,0,svm,max,balanced,cached_mxbai,1979,1782202413.0512657,,,
1093,0,svm,max,balanced,cached_mxbai,1980,1782202413.2540734,,,
1594,0,svm,max,balanced,cached_mxbai,1981,1782202413.456452,,,
1926,0,svm,max,balanced,cached_mxbai,1982,1782202413.6592827,,,
8194,0,svm,max,balanced,cached_mxbai,1983,1782202413.864263,,,
4269,0,svm,max,balanced,cached_mxbai,1984,1782202414.06939,,,
7312,0,svm,max,balanced,cached_mxbai,1985,1782202414.2735744,,,
9277,0,svm,max,balanced,cached_mxbai,1986,1782202414.4773881,,,
9321,0,svm,max,balanced,cached_mxbai,1987,1782202414.7007217,,,
3346,0,svm,max,balanced,cached_mxbai,1988,1782202414.9061272,,,
8335,0,svm,max,balanced,cached_mxbai,1989,1782202415.1231437,,,
4550,0,svm,max,balanced,cached_mxbai,1990,1782202415.3541174,,,
1486,0,svm,max,balanced,cached_mxbai,1991,1782202415.5590599,,,
6989,0,svm,max,balanced,cached_mxbai,1992,1782202415.764477,,,
95,0,svm,max,balanced,cached_mxbai,1993,1782202415.9724257,,,
5255,0,svm,max,balanced,cached_mxbai,1994,1782202416.1833355,,,
2373,0,svm,max,balanced,cached_mxbai,1995,1782202416.3869452,,,
3412,0,svm,max,balanced,cached_mxbai,1996,1782202416.5938654,,,
10006,0,svm,max,balanced,cached_mxbai,1997,1782202416.8048825,,,
1761,0,svm,max,balanced,cached_mxbai,1998,1782202417.0114584,,,
6353,0,svm,max,balanced,cached_mxbai,1999,1782202417.2141817,,,
3496,0,svm,max,balanced,cached_mxbai,2000,1782202417.4205832,,,
5734,0,svm,max,balanced,cached_mxbai,2001,1782202417.6245193,,,
3264,0,svm,max,balanced,cached_mxbai,2002,1782202417.8299298,,,
672,0,svm,max,balanced,cached_mxbai,2003,1782202418.0359027,,,
6185,0,svm,max,balanced,cached_mxbai,2004,1782202418.2437282,,,
8554,0,svm,max,balanced,cached_mxbai,2005,1782202418.4484062,,,
7374,0,svm,max,balanced,cached_mxbai,2006,1782202418.6544003,,,
4186,0,svm,max,balanced,cached_mxbai,2007,1782202418.8603837,,,
1006,0,svm,max,balanced,cached_mxbai,2008,1782202419.069309,,,
2040,0,svm,max,balanced,cached_mxbai,2009,1782202419.2765903,,,
6462,0,svm,max,balanced,cached_mxbai,2010,1782202419.4817684,,,
4855,0,svm,max,balanced,cached_mxbai,2011,1782202419.689644,,,
2892,0,svm,max,balanced,cached_mxbai,2012,1782202419.8993502,,,
9473,0,svm,max,balanced,cached_mxbai,2013,1782202420.112176,,,
4810,0,svm,max,balanced,cached_mxbai,2014,1782202420.3199441,,,
7099,0,svm,max,balanced,cached_mxbai,2015,1782202420.5304222,,,
8761,0,svm,max,balanced,cached_mxbai,2016,1782202420.7371628,,,
9877,0,svm,max,balanced,cached_mxbai,2017,1782202420.9467556,,,
7950,0,svm,max,balanced,cached_mxbai,2018,1782202421.15675,,,
4857,0,svm,max,balanced,cached_mxbai,2019,1782202421.3673368,,,
365,0,svm,max,balanced,cached_mxbai,2020,1782202421.573472,,,
5007,0,svm,max,balanced,cached_mxbai,2021,1782202421.7803025,,,
3683,0,svm,max,balanced,cached_mxbai,2022,1782202421.9916983,,,
8388,0,svm,max,balanced,cached_mxbai,2023,1782202422.1995537,,,
38,0,svm,max,balanced,cached_mxbai,2024,1782202422.4017217,,,
3274,0,svm,max,balanced,cached_mxbai,2025,1782202422.6037292,,,
4852,0,svm,max,balanced,cached_mxbai,2026,1782202422.8056664,,,
6359,0,svm,max,balanced,cached_mxbai,2027,1782202423.0118728,,,
3700,0,svm,max,balanced,cached_mxbai,2028,1782202423.2168608,,,
6976,0,svm,max,balanced,cached_mxbai,2029,1782202423.4179842,,,
2184,0,svm,max,balanced,cached_mxbai,2030,1782202423.6234813,,,
9733,0,svm,max,balanced,cached_mxbai,2031,1782202423.8281248,,,
4731,0,svm,max,balanced,cached_mxbai,2032,1782202424.032566,,,
5971,0,svm,max,balanced,cached_mxbai,2033,1782202424.2412028,,,
9144,0,svm,max,balanced,cached_mxbai,2034,1782202424.446085,,,
7276,0,svm,max,balanced,cached_mxbai,2035,1782202424.653127,,,
4581,0,svm,max,balanced,cached_mxbai,2036,1782202424.8582916,,,
4525,0,svm,max,balanced,cached_mxbai,2037,1782202425.0664287,,,
1896,0,svm,max,balanced,cached_mxbai,2038,1782202425.293391,,,
6424,0,svm,max,balanced,cached_mxbai,2039,1782202425.4990654,,,
3245,0,svm,max,balanced,cached_mxbai,2040,1782202425.7066472,,,
8504,0,svm,max,balanced,cached_mxbai,2041,1782202425.9138124,,,
4929,0,svm,max,balanced,cached_mxbai,2042,1782202426.1197157,,,
4082,0,svm,max,balanced,cached_mxbai,2043,1782202426.3267717,,,
5462,0,svm,max,balanced,cached_mxbai,2044,1782202426.5301797,,,
3867,0,svm,max,balanced,cached_mxbai,2045,1782202426.7585526,,,
4183,0,svm,max,balanced,cached_mxbai,2046,1782202426.9944322,,,
6899,0,svm,max,balanced,cached_mxbai,2047,1782202427.2378085,,,
8322,0,svm,max,balanced,cached_mxbai,2048,1782202427.4781532,,,
5068,0,svm,max,balanced,cached_mxbai,2049,1782202427.7185566,,,
1546,0,svm,max,balanced,cached_mxbai,2050,1782202427.9556031,,,
7061,0,svm,max,balanced,cached_mxbai,2051,1782202428.1908412,,,
6286,0,svm,max,balanced,cached_mxbai,2052,1782202428.4237466,,,
10403,0,svm,max,balanced,cached_mxbai,2053,1782202428.6577616,,,
5696,0,svm,max,balanced,cached_mxbai,2054,1782202428.8910682,,,
3054,0,svm,max,balanced,cached_mxbai,2055,1782202429.1285017,,,
4286,0,svm,max,balanced,cached_mxbai,2056,1782202429.36318,,,
8583,0,svm,max,balanced,cached_mxbai,2057,1782202429.597719,,,
8111,0,svm,max,balanced,cached_mxbai,2058,1782202429.832264,,,
3210,0,svm,max,balanced,cached_mxbai,2059,1782202430.0705333,,,
4596,0,svm,max,balanced,cached_mxbai,2060,1782202430.3056333,,,
3232,0,svm,max,balanced,cached_mxbai,2061,1782202430.5381892,,,
4329,0,svm,max,balanced,cached_mxbai,2062,1782202430.7717226,,,
826,0,svm,max,balanced,cached_mxbai,2063,1782202431.0062463,,,
8082,0,svm,max,balanced,cached_mxbai,2064,1782202431.24212,,,
4755,0,svm,max,balanced,cached_mxbai,2065,1782202431.4762876,,,
3419,0,svm,max,balanced,cached_mxbai,2066,1782202431.711717,,,
64,0,svm,max,balanced,cached_mxbai,2067,1782202431.9493406,,,
4407,0,svm,max,balanced,cached_mxbai,2068,1782202432.1860251,,,
5463,0,svm,max,balanced,cached_mxbai,2069,1782202432.426194,,,
7446,0,svm,max,balanced,cached_mxbai,2070,1782202432.6628857,,,
8283,0,svm,max,balanced,cached_mxbai,2071,1782202432.899075,,,
1073,0,svm,max,balanced,cached_mxbai,2072,1782202433.1363707,,,
5104,0,svm,max,balanced,cached_mxbai,2073,1782202433.3738742,,,
5005,0,svm,max,balanced,cached_mxbai,2074,1782202433.6114159,,,
3403,0,svm,max,balanced,cached_mxbai,2075,1782202433.8465836,,,
2121,0,svm,max,balanced,cached_mxbai,2076,1782202434.082627,,,
1914,0,svm,max,balanced,cached_mxbai,2077,1782202434.3207557,,,
417,0,svm,max,balanced,cached_mxbai,2078,1782202434.5566485,,,
3213,0,svm,max,balanced,cached_mxbai,2079,1782202434.7915459,,,
4730,0,svm,max,balanced,cached_mxbai,2080,1782202435.0320227,,,
7304,0,svm,max,balanced,cached_mxbai,2081,1782202435.2988954,,,
3993,0,svm,max,balanced,cached_mxbai,2082,1782202435.5384617,,,
5466,0,svm,max,balanced,cached_mxbai,2083,1782202435.7785106,,,
5114,0,svm,max,balanced,cached_mxbai,2084,1782202436.0200746,,,
5178,0,svm,max,balanced,cached_mxbai,2085,1782202436.2664597,,,
121,0,svm,max,balanced,cached_mxbai,2086,1782202436.5098758,,,
3622,0,svm,max,balanced,cached_mxbai,2087,1782202436.7510157,,,
2421,0,svm,max,balanced,cached_mxbai,2088,1782202436.9950216,,,
9611,0,svm,max,balanced,cached_mxbai,2089,1782202437.241396,,,
7130,0,svm,max,balanced,cached_mxbai,2090,1782202437.4859493,,,
5295,0,svm,max,balanced,cached_mxbai,2091,1782202437.7327979,,,
4876,0,svm,max,balanced,cached_mxbai,2092,1782202437.9791763,,,
6765,0,svm,max,balanced,cached_mxbai,2093,1782202438.22384,,,
4370,0,svm,max,balanced,cached_mxbai,2094,1782202438.474697,,,
4747,0,svm,max,balanced,cached_mxbai,2095,1782202438.715111,,,
1351,0,svm,max,balanced,cached_mxbai,2096,1782202438.9562953,,,
5163,0,svm,max,balanced,cached_mxbai,2097,1782202439.1978278,,,
6546,0,svm,max,balanced,cached_mxbai,2098,1782202439.4422598,,,
5003,0,svm,max,balanced,cached_mxbai,2099,1782202439.686469,,,
1490,0,svm,max,balanced,cached_mxbai,2100,1782202439.930152,,,
4282,0,svm,max,balanced,cached_mxbai,2101,1782202440.1746857,,,
3497,0,svm,max,balanced,cached_mxbai,2102,1782202440.417137,,,
4251,0,svm,max,balanced,cached_mxbai,2103,1782202440.6631143,,,
3704,0,svm,max,balanced,cached_mxbai,2104,1782202440.910507,,,
4276,0,svm,max,balanced,cached_mxbai,2105,1782202441.165286,,,
8370,0,svm,max,balanced,cached_mxbai,2106,1782202441.4132833,,,
4861,0,svm,max,balanced,cached_mxbai,2107,1782202441.6581962,,,
3062,0,svm,max,balanced,cached_mxbai,2108,1782202441.9056308,,,
9741,0,svm,max,balanced,cached_mxbai,2109,1782202442.1504216,,,
10491,0,svm,max,balanced,cached_mxbai,2110,1782202442.4016967,,,
7951,0,svm,max,balanced,cached_mxbai,2111,1782202442.6476371,,,
3764,0,svm,max,balanced,cached_mxbai,2112,1782202442.8925648,,,
8263,0,svm,max,balanced,cached_mxbai,2113,1782202443.137337,,,
9559,0,svm,max,balanced,cached_mxbai,2114,1782202443.3852634,,,
9472,0,svm,max,balanced,cached_mxbai,2115,1782202443.6285155,,,
919,0,svm,max,balanced,cached_mxbai,2116,1782202443.8676293,,,
2948,0,svm,max,balanced,cached_mxbai,2117,1782202444.110753,,,
8462,0,svm,max,balanced,cached_mxbai,2118,1782202444.3576713,,,
10210,0,svm,max,balanced,cached_mxbai,2119,1782202444.6015537,,,
4022,0,svm,max,balanced,cached_mxbai,2120,1782202444.8426402,,,
2690,0,svm,max,balanced,cached_mxbai,2121,1782202445.1024656,,,
1604,0,svm,max,balanced,cached_mxbai,2122,1782202445.3683298,,,
4242,0,svm,max,balanced,cached_mxbai,2123,1782202445.6168349,,,
8833,0,svm,max,balanced,cached_mxbai,2124,1782202445.857884,,,
9089,0,svm,max,balanced,cached_mxbai,2125,1782202446.10462,,,
3710,0,svm,max,balanced,cached_mxbai,2126,1782202446.3500423,,,
3604,0,svm,max,balanced,cached_mxbai,2127,1782202446.59171,,,
5048,0,svm,max,balanced,cached_mxbai,2128,1782202446.8330264,,,
4132,0,svm,max,balanced,cached_mxbai,2129,1782202447.0794065,,,
5044,0,svm,max,balanced,cached_mxbai,2130,1782202447.3256443,,,
244,0,svm,max,balanced,cached_mxbai,2131,1782202447.569913,,,
7733,0,svm,max,balanced,cached_mxbai,2132,1782202447.8118446,,,
2702,0,svm,max,balanced,cached_mxbai,2133,1782202448.0556703,,,
3637,0,svm,max,balanced,cached_mxbai,2134,1782202448.2993896,,,
4335,0,svm,max,balanced,cached_mxbai,2135,1782202448.5417018,,,
5203,0,svm,max,balanced,cached_mxbai,2136,1782202448.784008,,,
6105,0,svm,max,balanced,cached_mxbai,2137,1782202449.026529,,,
4348,0,svm,max,balanced,cached_mxbai,2138,1782202449.2684867,,,
1178,0,svm,max,balanced,cached_mxbai,2139,1782202449.5102792,,,
6310,0,svm,max,balanced,cached_mxbai,2140,1782202449.7521527,,,
9856,0,svm,max,balanced,cached_mxbai,2141,1782202449.9922442,,,
5549,0,svm,max,balanced,cached_mxbai,2142,1782202450.260502,,,
2544,0,svm,max,balanced,cached_mxbai,2143,1782202450.5314133,,,
4462,0,svm,max,balanced,cached_mxbai,2144,1782202450.8007538,,,
7495,0,svm,max,balanced,cached_mxbai,2145,1782202451.04806,,,
8488,0,svm,max,balanced,cached_mxbai,2146,1782202451.296014,,,
7552,0,svm,max,balanced,cached_mxbai,2147,1782202451.5456493,,,
7186,0,svm,max,balanced,cached_mxbai,2148,1782202451.7900138,,,
4917,0,svm,max,balanced,cached_mxbai,2149,1782202452.0390344,,,
951,0,svm,max,balanced,cached_mxbai,2150,1782202452.2859998,,,
7550,0,svm,max,balanced,cached_mxbai,2151,1782202452.5407398,,,
8832,1,svm,max,balanced,cached_mxbai,2152,1782202452.7878733,,,
7776,0,svm,max,balanced,cached_mxbai,2153,1782202453.0343428,,,
6988,0,svm,max,balanced,cached_mxbai,2154,1782202453.2844086,,,
288,0,svm,max,balanced,cached_mxbai,2155,1782202453.5591311,,,
8920,0,svm,max,balanced,cached_mxbai,2156,1782202453.8043199,,,
7258,0,svm,max,balanced,cached_mxbai,2157,1782202454.0515912,,,
8190,0,svm,max,balanced,cached_mxbai,2158,1782202454.3000991,,,
9292,0,svm,max,balanced,cached_mxbai,2159,1782202454.551118,,,
4585,0,svm,max,balanced,cached_mxbai,2160,1782202454.8042529,,,
3673,0,svm,max,balanced,cached_mxbai,2161,1782202455.0701241,,,
4979,0,svm,max,balanced,cached_mxbai,2162,1782202455.3579214,,,
7127,0,svm,max,balanced,cached_mxbai,2163,1782202455.6171408,,,
6654,0,svm,max,balanced,cached_mxbai,2164,1782202455.874148,,,
1606,0,svm,max,balanced,cached_mxbai,2165,1782202456.130213,,,
3430,0,svm,max,balanced,cached_mxbai,2166,1782202456.3850899,,,
4212,0,svm,max,balanced,cached_mxbai,2167,1782202456.6355524,,,
4775,0,svm,max,balanced,cached_mxbai,2168,1782202456.8910828,,,
3842,0,svm,max,balanced,cached_mxbai,2169,1782202457.1441884,,,
3108,0,svm,max,balanced,cached_mxbai,2170,1782202457.4053733,,,
6276,0,svm,max,balanced,cached_mxbai,2171,1782202457.6577716,,,
10281,0,svm,max,balanced,cached_mxbai,2172,1782202457.9117842,,,
222,0,svm,max,balanced,cached_mxbai,2173,1782202458.165866,,,
5097,0,svm,max,balanced,cached_mxbai,2174,1782202458.4223576,,,
1446,0,svm,max,balanced,cached_mxbai,2175,1782202458.6754618,,,
9602,0,svm,max,balanced,cached_mxbai,2176,1782202458.928298,,,
4877,0,svm,max,balanced,cached_mxbai,2177,1782202459.1820893,,,
3980,0,svm,max,balanced,cached_mxbai,2178,1782202459.4364712,,,
10119,0,svm,max,balanced,cached_mxbai,2179,1782202459.678663,,,
1465,0,svm,max,balanced,cached_mxbai,2180,1782202459.9192922,,,
3947,0,svm,max,balanced,cached_mxbai,2181,1782202460.1616285,,,
9011,0,svm,max,balanced,cached_mxbai,2182,1782202460.40338,,,
4115,0,svm,max,balanced,cached_mxbai,2183,1782202460.645968,,,
653,0,svm,max,balanced,cached_mxbai,2184,1782202460.8866246,,,
267,0,svm,max,balanced,cached_mxbai,2185,1782202461.1300056,,,
9195,0,svm,max,balanced,cached_mxbai,2186,1782202461.3705766,,,
3551,0,svm,max,balanced,cached_mxbai,2187,1782202461.6134808,,,
5033,0,svm,max,balanced,cached_mxbai,2188,1782202461.8562515,,,
1253,0,svm,max,balanced,cached_mxbai,2189,1782202462.0989058,,,
8073,0,svm,max,balanced,cached_mxbai,2190,1782202462.3427517,,,
7917,0,svm,max,balanced,cached_mxbai,2191,1782202462.5877552,,,
8831,0,svm,max,balanced,cached_mxbai,2192,1782202462.8307164,,,
4444,0,svm,max,balanced,cached_mxbai,2193,1782202463.0758464,,,
2557,0,svm,max,balanced,cached_mxbai,2194,1782202463.3197258,,,
3715,0,svm,max,balanced,cached_mxbai,2195,1782202463.5641103,,,
3272,0,svm,max,balanced,cached_mxbai,2196,1782202463.8103473,,,
4844,0,svm,max,balanced,cached_mxbai,2197,1782202464.0517817,,,
8265,0,svm,max,balanced,cached_mxbai,2198,1782202464.2978506,,,
8816,0,svm,max,balanced,cached_mxbai,2199,1782202464.5427313,,,
7230,0,svm,max,balanced,cached_mxbai,2200,1782202464.7888973,,,
9688,0,svm,max,balanced,cached_mxbai,2201,1782202465.034992,,,
7048,0,svm,max,balanced,cached_mxbai,2202,1782202465.3164117,,,
9206,0,svm,max,balanced,cached_mxbai,2203,1782202465.561156,,,
10129,0,svm,max,balanced,cached_mxbai,2204,1782202465.8077455,,,
45,0,svm,max,balanced,cached_mxbai,2205,1782202466.0515423,,,
7101,0,svm,max,balanced,cached_mxbai,2206,1782202466.2982304,,,
4825,0,svm,max,balanced,cached_mxbai,2207,1782202466.5438137,,,
4094,0,svm,max,balanced,cached_mxbai,2208,1782202466.790977,,,
3745,0,svm,max,balanced,cached_mxbai,2209,1782202467.0365303,,,
7560,0,svm,max,balanced,cached_mxbai,2210,1782202467.2831364,,,
8436,0,svm,max,balanced,cached_mxbai,2211,1782202467.5340223,,,
7507,0,svm,max,balanced,cached_mxbai,2212,1782202467.7805023,,,
4931,0,svm,max,balanced,cached_mxbai,2213,1782202468.0252144,,,
2461,0,svm,max,balanced,cached_mxbai,2214,1782202468.270154,,,
5444,0,svm,max,balanced,cached_mxbai,2215,1782202468.5160146,,,
1429,0,svm,max,balanced,cached_mxbai,2216,1782202468.7636824,,,
4814,0,svm,max,balanced,cached_mxbai,2217,1782202469.0096452,,,
8555,0,svm,max,balanced,cached_mxbai,2218,1782202469.2582982,,,
4935,0,svm,max,balanced,cached_mxbai,2219,1782202469.505206,,,
5157,0,svm,max,balanced,cached_mxbai,2220,1782202469.751318,,,
6531,0,svm,max,balanced,cached_mxbai,2221,1782202469.9979727,,,
448,0,svm,max,balanced,cached_mxbai,2222,1782202470.2458224,,,
5041,0,svm,max,balanced,cached_mxbai,2223,1782202470.4945052,,,
747,0,svm,max,balanced,cached_mxbai,2224,1782202470.7415993,,,
3949,0,svm,max,balanced,cached_mxbai,2225,1782202470.9904525,,,
4287,0,svm,max,balanced,cached_mxbai,2226,1782202471.2382157,,,
5595,0,svm,max,balanced,cached_mxbai,2227,1782202471.4898221,,,
4880,0,svm,max,balanced,cached_mxbai,2228,1782202471.7436154,,,
3887,0,svm,max,balanced,cached_mxbai,2229,1782202471.9915469,,,
4604,0,svm,max,balanced,cached_mxbai,2230,1782202472.2378266,,,
1086,0,svm,max,balanced,cached_mxbai,2231,1782202472.4975753,,,
8680,0,svm,max,balanced,cached_mxbai,2232,1782202472.7523084,,,
8657,0,svm,max,balanced,cached_mxbai,2233,1782202473.007909,,,
4774,0,svm,max,balanced,cached_mxbai,2234,1782202473.2620919,,,
7324,0,svm,max,balanced,cached_mxbai,2235,1782202473.5184617,,,
665,0,svm,max,balanced,cached_mxbai,2236,1782202473.772479,,,
6230,0,svm,max,balanced,cached_mxbai,2237,1782202474.0432358,,,
6170,0,svm,max,balanced,cached_mxbai,2238,1782202474.310033,,,
5142,0,svm,max,balanced,cached_mxbai,2239,1782202474.5719242,,,
5712,0,svm,max,balanced,cached_mxbai,2240,1782202474.826598,,,
3626,0,svm,max,balanced,cached_mxbai,2241,1782202475.0938995,,,
7609,0,svm,max,balanced,cached_mxbai,2242,1782202475.382656,,,
5037,0,svm,max,balanced,cached_mxbai,2243,1782202475.642203,,,
8031,0,svm,max,balanced,cached_mxbai,2244,1782202475.8986013,,,
1930,0,svm,max,balanced,cached_mxbai,2245,1782202476.1599803,,,
3825,0,svm,max,balanced,cached_mxbai,2246,1782202476.4182663,,,
7773,0,svm,max,balanced,cached_mxbai,2247,1782202476.676753,,,
5354,0,svm,max,balanced,cached_mxbai,2248,1782202476.936703,,,
3855,0,svm,max,balanced,cached_mxbai,2249,1782202477.1946173,,,
7931,0,svm,max,balanced,cached_mxbai,2250,1782202477.474111,,,
4909,0,svm,max,balanced,cached_mxbai,2251,1782202477.744033,,,
1739,0,svm,max,balanced,cached_mxbai,2252,1782202478.0015905,,,
9659,0,svm,max,balanced,cached_mxbai,2253,1782202478.2598202,,,
3570,0,svm,max,balanced,cached_mxbai,2254,1782202478.5165498,,,
1315,0,svm,max,balanced,cached_mxbai,2255,1782202478.773654,,,
3514,0,svm,max,balanced,cached_mxbai,2256,1782202479.0316257,,,
10386,0,svm,max,balanced,cached_mxbai,2257,1782202479.289317,,,
4,0,svm,max,balanced,cached_mxbai,2258,1782202479.5460436,,,
6425,0,svm,max,balanced,cached_mxbai,2259,1782202479.814213,,,
5248,0,svm,max,balanced,cached_mxbai,2260,1782202480.0754747,,,
10192,0,svm,max,balanced,cached_mxbai,2261,1782202480.338774,,,
4366,0,svm,max,balanced,cached_mxbai,2262,1782202480.604146,,,
8220,0,svm,max,balanced,cached_mxbai,2263,1782202480.8704972,,,
8732,0,svm,max,balanced,cached_mxbai,2264,1782202481.137061,,,
3607,0,svm,max,balanced,cached_mxbai,2265,1782202481.4061434,,,
1226,0,svm,max,balanced,cached_mxbai,2266,1782202481.6765978,,,
4726,0,svm,max,balanced,cached_mxbai,2267,1782202481.9464018,,,
3913,0,svm,max,balanced,cached_mxbai,2268,1782202482.2160401,,,
4129,0,svm,max,balanced,cached_mxbai,2269,1782202482.488993,,,
4903,0,svm,max,balanced,cached_mxbai,2270,1782202482.7621913,,,
3662,0,svm,max,balanced,cached_mxbai,2271,1782202483.0389476,,,
2436,0,svm,max,balanced,cached_mxbai,2272,1782202483.3082309,,,
1671,0,svm,max,balanced,cached_mxbai,2273,1782202483.5821853,,,
3665,0,svm,max,balanced,cached_mxbai,2274,1782202483.8527014,,,
5035,0,svm,max,balanced,cached_mxbai,2275,1782202484.1234393,,,
7715,0,svm,max,balanced,cached_mxbai,2276,1782202484.3916175,,,
1500,0,svm,max,balanced,cached_mxbai,2277,1782202484.6667454,,,
5277,0,svm,max,balanced,cached_mxbai,2278,1782202484.9459019,,,
4184,0,svm,max,balanced,cached_mxbai,2279,1782202485.2273288,,,
3148,0,svm,max,balanced,cached_mxbai,2280,1782202485.5360258,,,
4332,0,svm,max,balanced,cached_mxbai,2281,1782202485.813798,,,
5747,0,svm,max,balanced,cached_mxbai,2282,1782202486.0764003,,,
6706,0,svm,max,balanced,cached_mxbai,2283,1782202486.3475745,,,
6426,0,svm,max,balanced,cached_mxbai,2284,1782202486.6217816,,,
10349,1,svm,max,balanced,cached_mxbai,2285,1782202486.899443,,,
5851,0,svm,max,balanced,cached_mxbai,2286,1782202487.1692874,,,
5685,0,svm,max,balanced,cached_mxbai,2287,1782202487.4427083,,,
177,0,svm,max,balanced,cached_mxbai,2288,1782202487.7138891,,,
3717,0,svm,max,balanced,cached_mxbai,2289,1782202487.9770482,,,
9789,0,svm,max,balanced,cached_mxbai,2290,1782202488.2426746,,,
7716,0,svm,max,balanced,cached_mxbai,2291,1782202488.50852,,,
170,0,svm,max,balanced,cached_mxbai,2292,1782202488.7762039,,,
1108,0,svm,max,balanced,cached_mxbai,2293,1782202489.0721712,,,
5793,0,svm,max,balanced,cached_mxbai,2294,1782202489.3642423,,,
9899,0,svm,max,balanced,cached_mxbai,2295,1782202489.6572838,,,
3816,0,svm,max,balanced,cached_mxbai,2296,1782202489.948666,,,
3856,0,svm,max,balanced,cached_mxbai,2297,1782202490.23947,,,
1934,0,svm,max,balanced,cached_mxbai,2298,1782202490.5322216,,,
7074,0,svm,max,balanced,cached_mxbai,2299,1782202490.8249488,,,
6063,0,svm,max,balanced,cached_mxbai,2300,1782202491.1198273,,,
464,0,svm,max,balanced,cached_mxbai,2301,1782202491.4065664,,,
4007,0,svm,max,balanced,cached_mxbai,2302,1782202491.6672695,,,
8627,0,svm,max,balanced,cached_mxbai,2303,1782202491.9337785,,,
3220,0,svm,max,balanced,cached_mxbai,2304,1782202492.1953378,,,
9788,0,svm,max,balanced,cached_mxbai,2305,1782202492.457517,,,
169,0,svm,max,balanced,cached_mxbai,2306,1782202492.7227347,,,
10066,0,svm,max,balanced,cached_mxbai,2307,1782202492.9871764,,,
9188,0,svm,max,balanced,cached_mxbai,2308,1782202493.2498355,,,
5126,0,svm,max,balanced,cached_mxbai,2309,1782202493.5397432,,,
3156,0,svm,max,balanced,cached_mxbai,2310,1782202493.8400702,,,
1060,0,svm,max,balanced,cached_mxbai,2311,1782202494.101652,,,
10432,0,svm,max,balanced,cached_mxbai,2312,1782202494.391047,,,
109,0,svm,max,balanced,cached_mxbai,2313,1782202494.6542797,,,
4324,0,svm,max,balanced,cached_mxbai,2314,1782202494.9458888,,,
5190,0,svm,max,balanced,cached_mxbai,2315,1782202495.2452028,,,
862,0,svm,max,balanced,cached_mxbai,2316,1782202495.5659397,,,
4796,0,svm,max,balanced,cached_mxbai,2317,1782202495.861123,,,
3865,0,svm,max,balanced,cached_mxbai,2318,1782202496.1506522,,,
10325,0,svm,max,balanced,cached_mxbai,2319,1782202496.4396114,,,
4621,0,svm,max,balanced,cached_mxbai,2320,1782202496.7050169,,,
191,0,svm,max,balanced,cached_mxbai,2321,1782202496.9690907,,,
3794,0,svm,max,balanced,cached_mxbai,2322,1782202497.2428124,,,
3734,0,svm,max,balanced,cached_mxbai,2323,1782202497.5161207,,,
2,0,svm,max,balanced,cached_mxbai,2324,1782202497.7861366,,,
5991,0,svm,max,balanced,cached_mxbai,2325,1782202498.0596983,,,
4545,0,svm,max,balanced,cached_mxbai,2326,1782202498.3275957,,,
3712,0,svm,max,balanced,cached_mxbai,2327,1782202498.5987241,,,
10064,0,svm,max,balanced,cached_mxbai,2328,1782202498.8753326,,,
5935,0,svm,max,balanced,cached_mxbai,2329,1782202499.1508167,,,
8737,0,svm,max,balanced,cached_mxbai,2330,1782202499.4237177,,,
4610,0,svm,max,balanced,cached_mxbai,2331,1782202499.6986399,,,
915,0,svm,max,balanced,cached_mxbai,2332,1782202499.9742274,,,
10534,0,svm,max,balanced,cached_mxbai,2333,1782202500.2485952,,,
4949,0,svm,max,balanced,cached_mxbai,2334,1782202500.522289,,,
254,0,svm,max,balanced,cached_mxbai,2335,1782202500.796591,,,
5164,0,svm,max,balanced,cached_mxbai,2336,1782202501.0709581,,,
3881,0,svm,max,balanced,cached_mxbai,2337,1782202501.3446777,,,
5228,0,svm,max,balanced,cached_mxbai,2338,1782202501.6215594,,,
4671,0,svm,max,balanced,cached_mxbai,2339,1782202501.897386,,,
4866,0,svm,max,balanced,cached_mxbai,2340,1782202502.1696503,,,
4314,0,svm,max,balanced,cached_mxbai,2341,1782202502.4429498,,,
1306,0,svm,max,balanced,cached_mxbai,2342,1782202502.7180169,,,
6925,0,svm,max,balanced,cached_mxbai,2343,1782202502.9962876,,,
5122,0,svm,max,balanced,cached_mxbai,2344,1782202503.270112,,,
3663,0,svm,max,balanced,cached_mxbai,2345,1782202503.5447166,,,
6385,0,svm,max,balanced,cached_mxbai,2346,1782202503.8215728,,,
4327,0,svm,max,balanced,cached_mxbai,2347,1782202504.0980356,,,
4584,0,svm,max,balanced,cached_mxbai,2348,1782202504.3731601,,,
3,0,svm,max,balanced,cached_mxbai,2349,1782202504.6502986,,,
3698,0,svm,max,balanced,cached_mxbai,2350,1782202504.9277568,,,
5026,0,svm,max,balanced,cached_mxbai,2351,1782202505.2169614,,,
7164,0,svm,max,balanced,cached_mxbai,2352,1782202505.5285082,,,
3528,0,svm,max,balanced,cached_mxbai,2353,1782202505.813159,,,
1809,0,svm,max,balanced,cached_mxbai,2354,1782202506.0936315,,,
4983,0,svm,max,balanced,cached_mxbai,2355,1782202506.3715615,,,
3456,0,svm,max,balanced,cached_mxbai,2356,1782202506.6490738,,,
10360,0,svm,max,balanced,cached_mxbai,2357,1782202506.9340053,,,
3367,0,svm,max,balanced,cached_mxbai,2358,1782202507.2180033,,,
703,0,svm,max,balanced,cached_mxbai,2359,1782202507.4988286,,,
33,0,svm,max,balanced,cached_mxbai,2360,1782202507.7748685,,,
9622,0,svm,max,balanced,cached_mxbai,2361,1782202508.0550292,,,
4795,0,svm,max,balanced,cached_mxbai,2362,1782202508.329809,,,
752,0,svm,max,balanced,cached_mxbai,2363,1782202508.6066716,,,
8642,0,svm,max,balanced,cached_mxbai,2364,1782202508.878171,,,
5224,0,svm,max,balanced,cached_mxbai,2365,1782202509.1472383,,,
4156,0,svm,max,balanced,cached_mxbai,2366,1782202509.4174516,,,
7059,0,svm,max,balanced,cached_mxbai,2367,1782202509.6881666,,,
2346,0,svm,max,balanced,cached_mxbai,2368,1782202509.967049,,,
5135,0,svm,max,balanced,cached_mxbai,2369,1782202510.2467017,,,
9530,0,svm,max,balanced,cached_mxbai,2370,1782202510.5176418,,,
10402,0,svm,max,balanced,cached_mxbai,2371,1782202510.7897193,,,
3351,0,svm,max,balanced,cached_mxbai,2372,1782202511.064711,,,
723,0,svm,max,balanced,cached_mxbai,2373,1782202511.3374171,,,
9341,0,svm,max,balanced,cached_mxbai,2374,1782202511.6116939,,,
10536,0,svm,max,balanced,cached_mxbai,2375,1782202511.8960817,,,
4769,0,svm,max,balanced,cached_mxbai,2376,1782202512.172066,,,
5117,0,svm,max,balanced,cached_mxbai,2377,1782202512.4441125,,,
5094,0,svm,max,balanced,cached_mxbai,2378,1782202512.717968,,,
10096,0,svm,max,balanced,cached_mxbai,2379,1782202512.9928555,,,
8309,0,svm,max,balanced,cached_mxbai,2380,1782202513.263288,,,
6555,0,svm,max,balanced,cached_mxbai,2381,1782202513.533359,,,
2769,0,svm,max,balanced,cached_mxbai,2382,1782202513.8056488,,,
5166,0,svm,max,balanced,cached_mxbai,2383,1782202514.0787928,,,
5015,0,svm,max,balanced,cached_mxbai,2384,1782202514.3507755,,,
3703,0,svm,max,balanced,cached_mxbai,2385,1782202514.6238647,,,
2673,0,svm,max,balanced,cached_mxbai,2386,1782202514.8963034,,,
4972,0,svm,max,balanced,cached_mxbai,2387,1782202515.1861672,,,
7349,0,svm,max,balanced,cached_mxbai,2388,1782202515.508041,,,
5539,0,svm,max,balanced,cached_mxbai,2389,1782202515.7813945,,,
7805,0,svm,max,balanced,cached_mxbai,2390,1782202516.0569444,,,
7709,0,svm,max,balanced,cached_mxbai,2391,1782202516.3285282,,,
115,0,svm,max,balanced,cached_mxbai,2392,1782202516.599554,,,
4395,0,svm,max,balanced,cached_mxbai,2393,1782202516.8697474,,,
8033,0,svm,max,balanced,cached_mxbai,2394,1782202517.1401293,,,
7766,0,svm,max,balanced,cached_mxbai,2395,1782202517.4103673,,,
4266,0,svm,max,balanced,cached_mxbai,2396,1782202517.681237,,,
4694,0,svm,max,balanced,cached_mxbai,2397,1782202517.9556074,,,
10497,0,svm,max,balanced,cached_mxbai,2398,1782202518.2281992,,,
3951,0,svm,max,balanced,cached_mxbai,2399,1782202518.5003223,,,
8144,0,svm,max,balanced,cached_mxbai,2400,1782202518.7757225,,,
9106,0,svm,max,balanced,cached_mxbai,2401,1782202519.0525985,,,
4614,0,svm,max,balanced,cached_mxbai,2402,1782202519.3248618,,,
3674,0,svm,max,balanced,cached_mxbai,2403,1782202519.5960536,,,
10002,0,svm,max,balanced,cached_mxbai,2404,1782202519.865972,,,
4300,0,svm,max,balanced,cached_mxbai,2405,1782202520.1412182,,,
3581,0,svm,max,balanced,cached_mxbai,2406,1782202520.411252,,,
3215,0,svm,max,balanced,cached_mxbai,2407,1782202520.6845312,,,
8871,0,svm,max,balanced,cached_mxbai,2408,1782202520.9572144,,,
7570,0,svm,max,balanced,cached_mxbai,2409,1782202521.2301924,,,
6896,0,svm,max,balanced,cached_mxbai,2410,1782202521.5012143,,,
394,0,svm,max,balanced,cached_mxbai,2411,1782202521.796759,,,
3406,0,svm,max,balanced,cached_mxbai,2412,1782202522.076934,,,
4518,0,svm,max,balanced,cached_mxbai,2413,1782202522.3501654,,,
9505,0,svm,max,balanced,cached_mxbai,2414,1782202522.630802,,,
1197,0,svm,max,balanced,cached_mxbai,2415,1782202522.911736,,,
3467,0,svm,max,balanced,cached_mxbai,2416,1782202523.1938453,,,
4288,0,svm,max,balanced,cached_mxbai,2417,1782202523.474195,,,
5459,0,svm,max,balanced,cached_mxbai,2418,1782202523.7567582,,,
3642,0,svm,max,balanced,cached_mxbai,2419,1782202524.03394,,,
4028,0,svm,max,balanced,cached_mxbai,2420,1782202524.3169336,,,
388,0,svm,max,balanced,cached_mxbai,2421,1782202524.5990415,,,
6835,0,svm,max,balanced,cached_mxbai,2422,1782202524.8814375,,,
1590,0,svm,max,balanced,cached_mxbai,2423,1782202525.1693785,,,
4859,0,svm,max,balanced,cached_mxbai,2424,1782202525.475223,,,
10445,0,svm,max,balanced,cached_mxbai,2425,1782202525.7516766,,,
3730,0,svm,max,balanced,cached_mxbai,2426,1782202526.03039,,,
513,0,svm,max,balanced,cached_mxbai,2427,1782202526.3070834,,,
5124,0,svm,max,balanced,cached_mxbai,2428,1782202526.5847664,,,
561,0,svm,max,balanced,cached_mxbai,2429,1782202526.8608992,,,
7307,0,svm,max,balanced,cached_mxbai,2430,1782202527.139151,,,
5057,0,svm,max,balanced,cached_mxbai,2431,1782202527.4138367,,,
4206,0,svm,max,balanced,cached_mxbai,2432,1782202527.6917727,,,
5864,0,svm,max,balanced,cached_mxbai,2433,1782202527.9688857,,,
4052,0,svm,max,balanced,cached_mxbai,2434,1782202528.2509046,,,
6759,0,svm,max,balanced,cached_mxbai,2435,1782202528.5317483,,,
3163,0,svm,max,balanced,cached_mxbai,2436,1782202528.80933,,,
4428,0,svm,max,balanced,cached_mxbai,2437,1782202529.0884721,,,
8950,0,svm,max,balanced,cached_mxbai,2438,1782202529.3650742,,,
5428,0,svm,max,balanced,cached_mxbai,2439,1782202529.645259,,,
4878,0,svm,max,balanced,cached_mxbai,2440,1782202529.9214184,,,
7041,0,svm,max,balanced,cached_mxbai,2441,1782202530.2365947,,,
2868,0,svm,max,balanced,cached_mxbai,2442,1782202530.5489213,,,
73,0,svm,max,balanced,cached_mxbai,2443,1782202530.861661,,,
1107,0,svm,max,balanced,cached_mxbai,2444,1782202531.1766386,,,
5392,0,svm,max,balanced,cached_mxbai,2445,1782202531.4894543,,,
4898,0,svm,max,balanced,cached_mxbai,2446,1782202531.8031063,,,
3379,0,svm,max,balanced,cached_mxbai,2447,1782202532.1183796,,,
9335,0,svm,max,balanced,cached_mxbai,2448,1782202532.4338248,,,
10125,0,svm,max,balanced,cached_mxbai,2449,1782202532.7490242,,,
4672,0,svm,max,balanced,cached_mxbai,2450,1782202533.0687823,,,
3560,0,svm,max,balanced,cached_mxbai,2451,1782202533.3855214,,,
4945,0,svm,max,balanced,cached_mxbai,2452,1782202533.7035575,,,
1323,0,svm,max,balanced,cached_mxbai,2453,1782202534.0191202,,,
5121,0,svm,max,balanced,cached_mxbai,2454,1782202534.3356974,,,
8476,0,svm,max,balanced,cached_mxbai,2455,1782202534.6530619,,,
8060,0,svm,max,balanced,cached_mxbai,2456,1782202534.967148,,,
5433,0,svm,max,balanced,cached_mxbai,2457,1782202535.3167336,,,
10080,0,svm,max,balanced,cached_mxbai,2458,1782202535.6345367,,,
4925,0,svm,max,balanced,cached_mxbai,2459,1782202535.952517,,,
4238,0,svm,max,balanced,cached_mxbai,2460,1782202536.2693093,,,
4997,0,svm,max,balanced,cached_mxbai,2461,1782202536.5849617,,,
6473,0,svm,max,balanced,cached_mxbai,2462,1782202536.9016988,,,
9046,0,svm,max,balanced,cached_mxbai,2463,1782202537.2181702,,,
3937,0,svm,max,balanced,cached_mxbai,2464,1782202537.5381331,,,
4651,0,svm,max,balanced,cached_mxbai,2465,1782202537.8537996,,,
905,0,svm,max,balanced,cached_mxbai,2466,1782202538.172784,,,
1400,0,svm,max,balanced,cached_mxbai,2467,1782202538.4909456,,,
3585,0,svm,max,balanced,cached_mxbai,2468,1782202538.8070455,,,
1058,0,svm,max,balanced,cached_mxbai,2469,1782202539.1261578,,,
10464,0,svm,max,balanced,cached_mxbai,2470,1782202539.4434273,,,
6178,0,svm,max,balanced,cached_mxbai,2471,1782202539.7614403,,,
5787,0,svm,max,balanced,cached_mxbai,2472,1782202540.0939116,,,
6240,0,svm,max,balanced,cached_mxbai,2473,1782202540.4115202,,,
4924,0,svm,max,balanced,cached_mxbai,2474,1782202540.7328181,,,
4218,0,svm,max,balanced,cached_mxbai,2475,1782202541.0526319,,,
104,0,svm,max,balanced,cached_mxbai,2476,1782202541.3737607,,,
3203,0,svm,max,balanced,cached_mxbai,2477,1782202541.6945705,,,
8891,0,svm,max,balanced,cached_mxbai,2478,1782202542.0132895,,,
2439,0,svm,max,balanced,cached_mxbai,2479,1782202542.3332992,,,
8005,0,svm,max,balanced,cached_mxbai,2480,1782202542.6544895,,,
4696,0,svm,max,balanced,cached_mxbai,2481,1782202542.9754455,,,
7007,0,svm,max,balanced,cached_mxbai,2482,1782202543.297819,,,
1011,0,svm,max,balanced,cached_mxbai,2483,1782202543.6223135,,,
3542,0,svm,max,balanced,cached_mxbai,2484,1782202543.9457228,,,
868,0,svm,max,balanced,cached_mxbai,2485,1782202544.2695494,,,
3503,0,svm,max,balanced,cached_mxbai,2486,1782202544.594855,,,
6433,0,svm,max,balanced,cached_mxbai,2487,1782202544.9196773,,,
1183,0,svm,max,balanced,cached_mxbai,2488,1782202545.2631657,,,
4768,0,svm,max,balanced,cached_mxbai,2489,1782202545.6051643,,,
6225,0,svm,max,balanced,cached_mxbai,2490,1782202545.9339876,,,
8325,0,svm,max,balanced,cached_mxbai,2491,1782202546.2578082,,,
4367,0,svm,max,balanced,cached_mxbai,2492,1782202546.5844634,,,
4999,0,svm,max,balanced,cached_mxbai,2493,1782202546.9081671,,,
3405,0,svm,max,balanced,cached_mxbai,2494,1782202547.2376664,,,
2535,0,svm,max,balanced,cached_mxbai,2495,1782202547.5722284,,,
835,0,svm,max,balanced,cached_mxbai,2496,1782202547.9332352,,,
9748,0,svm,max,balanced,cached_mxbai,2497,1782202548.2516205,,,
5800,0,svm,max,balanced,cached_mxbai,2498,1782202548.5552187,,,
4888,0,svm,max,balanced,cached_mxbai,2499,1782202548.8480217,,,
9389,0,svm,max,balanced,cached_mxbai,2500,1782202549.1412413,,,
3658,0,svm,max,balanced,cached_mxbai,2501,1782202549.4301858,,,
1731,0,svm,max,balanced,cached_mxbai,2502,1782202549.7188318,,,
2799,0,svm,max,balanced,cached_mxbai,2503,1782202550.0074303,,,
8351,0,svm,max,balanced,cached_mxbai,2504,1782202550.2996645,,,
4402,0,svm,max,balanced,cached_mxbai,2505,1782202550.590712,,,
7271,0,svm,max,balanced,cached_mxbai,2506,1782202550.8799343,,,
9593,0,svm,max,balanced,cached_mxbai,2507,1782202551.1738415,,,
4841,0,svm,max,balanced,cached_mxbai,2508,1782202551.464634,,,
7350,0,svm,max,balanced,cached_mxbai,2509,1782202551.7563977,,,
5427,0,svm,max,balanced,cached_mxbai,2510,1782202552.048396,,,
6773,0,svm,max,balanced,cached_mxbai,2511,1782202552.3404408,,,
9554,0,svm,max,balanced,cached_mxbai,2512,1782202552.6332505,,,
3733,0,svm,max,balanced,cached_mxbai,2513,1782202552.9240136,,,
4500,0,svm,max,balanced,cached_mxbai,2514,1782202553.22076,,,
9303,0,svm,max,balanced,cached_mxbai,2515,1782202553.5060806,,,
5233,0,svm,max,balanced,cached_mxbai,2516,1782202553.7906177,,,
5382,0,svm,max,balanced,cached_mxbai,2517,1782202554.077874,,,
6579,0,svm,max,balanced,cached_mxbai,2518,1782202554.3627977,,,
5260,0,svm,max,balanced,cached_mxbai,2519,1782202554.6492314,,,
1937,0,svm,max,balanced,cached_mxbai,2520,1782202554.933574,,,
299,0,svm,max,balanced,cached_mxbai,2521,1782202555.2419994,,,
9950,0,svm,max,balanced,cached_mxbai,2522,1782202555.5491722,,,
3772,0,svm,max,balanced,cached_mxbai,2523,1782202555.8351357,,,
8579,0,svm,max,balanced,cached_mxbai,2524,1782202556.1219993,,,
8949,0,svm,max,balanced,cached_mxbai,2525,1782202556.4079065,,,
9795,0,svm,max,balanced,cached_mxbai,2526,1782202556.6966653,,,
3584,0,svm,max,balanced,cached_mxbai,2527,1782202556.9890532,,,
4921,0,svm,max,balanced,cached_mxbai,2528,1782202557.2852383,,,
1539,0,svm,max,balanced,cached_mxbai,2529,1782202557.6133635,,,
9319,0,svm,max,balanced,cached_mxbai,2530,1782202557.937255,,,
10070,0,svm,max,balanced,cached_mxbai,2531,1782202558.2670803,,,
1866,0,svm,max,balanced,cached_mxbai,2532,1782202558.5658345,,,
5827,0,svm,max,balanced,cached_mxbai,2533,1782202558.862812,,,
10190,0,svm,max,balanced,cached_mxbai,2534,1782202559.1599185,,,
5215,0,svm,max,balanced,cached_mxbai,2535,1782202559.4580572,,,
9014,0,svm,max,balanced,cached_mxbai,2536,1782202559.756336,,,
3879,0,svm,max,balanced,cached_mxbai,2537,1782202560.055188,,,
4944,0,svm,max,balanced,cached_mxbai,2538,1782202560.3600461,,,
9735,0,svm,max,balanced,cached_mxbai,2539,1782202560.659025,,,
3110,0,svm,max,balanced,cached_mxbai,2540,1782202560.9561045,,,
10130,0,svm,max,balanced,cached_mxbai,2541,1782202561.2541199,,,
4803,0,svm,max,balanced,cached_mxbai,2542,1782202561.552006,,,
7578,0,svm,max,balanced,cached_mxbai,2543,1782202561.8495336,,,
5170,0,svm,max,balanced,cached_mxbai,2544,1782202562.1484725,,,
3651,0,svm,max,balanced,cached_mxbai,2545,1782202562.447139,,,
4194,0,svm,max,balanced,cached_mxbai,2546,1782202562.7443633,,,
4913,0,svm,max,balanced,cached_mxbai,2547,1782202563.0430484,,,
7518,0,svm,max,balanced,cached_mxbai,2548,1782202563.3412993,,,
8039,0,svm,max,balanced,cached_mxbai,2549,1782202563.6418464,,,
3122,0,svm,max,balanced,cached_mxbai,2550,1782202563.9392467,,,
7667,0,svm,max,balanced,cached_mxbai,2551,1782202564.238907,,,
7107,0,svm,max,balanced,cached_mxbai,2552,1782202564.540484,,,
9197,0,svm,max,balanced,cached_mxbai,2553,1782202564.8403103,,,
5585,0,svm,max,balanced,cached_mxbai,2554,1782202565.1534395,,,
1324,0,svm,max,balanced,cached_mxbai,2555,1782202565.494765,,,
4213,0,svm,max,balanced,cached_mxbai,2556,1782202565.8247883,,,
5794,0,svm,max,balanced,cached_mxbai,2557,1782202566.1236537,,,
1281,0,svm,max,balanced,cached_mxbai,2558,1782202566.4175909,,,
10546,0,svm,max,balanced,cached_mxbai,2559,1782202566.7111557,,,
10543,0,svm,max,balanced,cached_mxbai,2560,1782202567.002611,,,
4630,0,svm,max,balanced,cached_mxbai,2561,1782202567.3012547,,,
65,0,svm,max,balanced,cached_mxbai,2562,1782202567.6048124,,,
7455,0,svm,max,balanced,cached_mxbai,2563,1782202567.8957243,,,
3208,0,svm,max,balanced,cached_mxbai,2564,1782202568.1901424,,,
4208,0,svm,max,balanced,cached_mxbai,2565,1782202568.5028355,,,
4516,0,svm,max,balanced,cached_mxbai,2566,1782202568.7999756,,,
10085,0,svm,max,balanced,cached_mxbai,2567,1782202569.0933223,,,
8424,0,svm,max,balanced,cached_mxbai,2568,1782202569.386758,,,
3828,0,svm,max,balanced,cached_mxbai,2569,1782202569.681711,,,
3883,0,svm,max,balanced,cached_mxbai,2570,1782202569.9757915,,,
4992,0,svm,max,balanced,cached_mxbai,2571,1782202570.2703378,,,
28,0,svm,max,balanced,cached_mxbai,2572,1782202570.5652647,,,
818,0,svm,max,balanced,cached_mxbai,2573,1782202570.860942,,,
4172,0,svm,max,balanced,cached_mxbai,2574,1782202571.1552606,,,
54,0,svm,max,balanced,cached_mxbai,2575,1782202571.457124,,,
795,0,svm,max,balanced,cached_mxbai,2576,1782202571.761791,,,
5741,0,svm,max,balanced,cached_mxbai,2577,1782202572.0636358,,,
4609,0,svm,max,balanced,cached_mxbai,2578,1782202572.3685904,,,
7338,0,svm,max,balanced,cached_mxbai,2579,1782202572.6762307,,,
8699,0,svm,max,balanced,cached_mxbai,2580,1782202572.9898372,,,
9283,0,svm,max,balanced,cached_mxbai,2581,1782202573.302038,,,
9931,0,svm,max,balanced,cached_mxbai,2582,1782202573.6097803,,,
9354,0,svm,max,balanced,cached_mxbai,2583,1782202573.915397,,,
3442,0,svm,max,balanced,cached_mxbai,2584,1782202574.2234464,,,
3131,0,svm,max,balanced,cached_mxbai,2585,1782202574.5305972,,,
9977,0,svm,max,balanced,cached_mxbai,2586,1782202574.8387427,,,
1758,0,svm,max,balanced,cached_mxbai,2587,1782202575.1543307,,,
3833,0,svm,max,balanced,cached_mxbai,2588,1782202575.4984877,,,
8054,0,svm,max,balanced,cached_mxbai,2589,1782202575.8053145,,,
4073,0,svm,max,balanced,cached_mxbai,2590,1782202576.1110024,,,
4900,0,svm,max,balanced,cached_mxbai,2591,1782202576.419243,,,
8612,0,svm,max,balanced,cached_mxbai,2592,1782202576.7274299,,,
523,0,svm,max,balanced,cached_mxbai,2593,1782202577.0368528,,,
3814,0,svm,max,balanced,cached_mxbai,2594,1782202577.3767498,,,
3648,0,svm,max,balanced,cached_mxbai,2595,1782202577.716724,,,
424,0,svm,max,balanced,cached_mxbai,2596,1782202578.053986,,,
1715,0,svm,max,balanced,cached_mxbai,2597,1782202578.358315,,,
10358,0,svm,max,balanced,cached_mxbai,2598,1782202578.6843917,,,
5187,0,svm,max,balanced,cached_mxbai,2599,1782202578.9898655,,,
1635,0,svm,max,balanced,cached_mxbai,2600,1782202579.333376,,,
4019,0,svm,max,balanced,cached_mxbai,2601,1782202579.6787903,,,
6404,0,svm,max,balanced,cached_mxbai,2602,1782202579.9870942,,,
1069,0,svm,max,balanced,cached_mxbai,2603,1782202580.3266406,,,
4492,0,svm,max,balanced,cached_mxbai,2604,1782202580.6658275,,,
1376,0,svm,max,balanced,cached_mxbai,2605,1782202581.003326,,,
9056,0,svm,max,balanced,cached_mxbai,2606,1782202581.3459673,,,
6061,0,svm,max,balanced,cached_mxbai,2607,1782202581.6862345,,,
6593,0,svm,max,balanced,cached_mxbai,2608,1782202582.0286663,,,
3927,0,svm,max,balanced,cached_mxbai,2609,1782202582.3703148,,,
4879,0,svm,max,balanced,cached_mxbai,2610,1782202582.7153206,,,
3535,0,svm,max,balanced,cached_mxbai,2611,1782202583.025773,,,
4989,0,svm,max,balanced,cached_mxbai,2612,1782202583.3373103,,,
1670,0,svm,max,balanced,cached_mxbai,2613,1782202583.649702,,,
10295,0,svm,max,balanced,cached_mxbai,2614,1782202583.9606938,,,
4470,0,svm,max,balanced,cached_mxbai,2615,1782202584.2710025,,,
289,0,svm,max,balanced,cached_mxbai,2616,1782202584.5820677,,,
3714,0,svm,max,balanced,cached_mxbai,2617,1782202584.8924198,,,
10506,0,svm,max,balanced,cached_mxbai,2618,1782202585.2278194,,,
4485,0,svm,max,balanced,cached_mxbai,2619,1782202585.56943,,,
4916,0,svm,max,balanced,cached_mxbai,2620,1782202585.8860898,,,
3708,0,svm,max,balanced,cached_mxbai,2621,1782202586.1957679,,,
6486,0,svm,max,balanced,cached_mxbai,2622,1782202586.5068753,,,
9909,0,svm,max,balanced,cached_mxbai,2623,1782202586.818658,,,
8180,0,svm,max,balanced,cached_mxbai,2624,1782202587.130212,,,
3617,0,svm,max,balanced,cached_mxbai,2625,1782202587.4715292,,,
4337,0,svm,max,balanced,cached_mxbai,2626,1782202587.8143094,,,
1891,0,svm,max,balanced,cached_mxbai,2627,1782202588.1570897,,,
5613,0,svm,max,balanced,cached_mxbai,2628,1782202588.4972966,,,
2586,0,svm,max,balanced,cached_mxbai,2629,1782202588.8415945,,,
758,0,svm,max,balanced,cached_mxbai,2630,1782202589.1846466,,,
5152,0,svm,max,balanced,cached_mxbai,2631,1782202589.528408,,,
4981,0,svm,max,balanced,cached_mxbai,2632,1782202589.8758018,,,
9869,0,svm,max,balanced,cached_mxbai,2633,1782202590.2177012,,,
9660,0,svm,max,balanced,cached_mxbai,2634,1782202590.5630896,,,
10218,0,svm,max,balanced,cached_mxbai,2635,1782202590.9073737,,,
1548,0,svm,max,balanced,cached_mxbai,2636,1782202591.2507267,,,
688,0,svm,max,balanced,cached_mxbai,2637,1782202591.5967171,,,
7424,0,svm,max,balanced,cached_mxbai,2638,1782202591.9489915,,,
3295,0,svm,max,balanced,cached_mxbai,2639,1782202592.293285,,,
4018,0,svm,max,balanced,cached_mxbai,2640,1782202592.6400614,,,
3490,0,svm,max,balanced,cached_mxbai,2641,1782202592.9877698,,,
8654,0,svm,max,balanced,cached_mxbai,2642,1782202593.3294713,,,
7970,0,svm,max,balanced,cached_mxbai,2643,1782202593.6742144,,,
1787,0,svm,max,balanced,cached_mxbai,2644,1782202594.0210667,,,
3312,0,svm,max,balanced,cached_mxbai,2645,1782202594.366663,,,
4524,0,svm,max,balanced,cached_mxbai,2646,1782202594.711964,,,
3388,0,svm,max,balanced,cached_mxbai,2647,1782202595.0614002,,,
669,0,svm,max,balanced,cached_mxbai,2648,1782202595.4388554,,,
2129,0,svm,max,balanced,cached_mxbai,2649,1782202595.7953408,,,
3457,0,svm,max,balanced,cached_mxbai,2650,1782202596.1445951,,,
5497,0,svm,max,balanced,cached_mxbai,2651,1782202596.4878366,,,
4613,0,svm,max,balanced,cached_mxbai,2652,1782202596.8352494,,,
5439,0,svm,max,balanced,cached_mxbai,2653,1782202597.1868427,,,
10370,0,svm,max,balanced,cached_mxbai,2654,1782202597.5299935,,,
4105,0,svm,max,balanced,cached_mxbai,2655,1782202597.8812723,,,
566,0,svm,max,balanced,cached_mxbai,2656,1782202598.2301342,,,
1481,0,svm,max,balanced,cached_mxbai,2657,1782202598.5761766,,,
8782,0,svm,max,balanced,cached_mxbai,2658,1782202598.9243195,,,
4690,0,svm,max,balanced,cached_mxbai,2659,1782202599.2703078,,,
6443,0,svm,max,balanced,cached_mxbai,2660,1782202599.6162055,,,
3358,0,svm,max,balanced,cached_mxbai,2661,1782202599.975067,,,
1609,0,svm,max,balanced,cached_mxbai,2662,1782202600.3224678,,,
897,0,svm,max,balanced,cached_mxbai,2663,1782202600.6725454,,,
5803,0,svm,max,balanced,cached_mxbai,2664,1782202601.0130055,,,
7529,0,svm,max,balanced,cached_mxbai,2665,1782202601.3609102,,,
512,0,svm,max,balanced,cached_mxbai,2666,1782202601.698734,,,
8012,0,svm,max,balanced,cached_mxbai,2667,1782202602.0396342,,,
1200,0,svm,max,balanced,cached_mxbai,2668,1782202602.3798416,,,
4303,0,svm,max,balanced,cached_mxbai,2669,1782202602.719231,,,
6334,0,svm,max,balanced,cached_mxbai,2670,1782202603.0599275,,,
9386,0,svm,max,balanced,cached_mxbai,2671,1782202603.4001312,,,
7038,0,svm,max,balanced,cached_mxbai,2672,1782202603.739435,,,
10387,0,svm,max,balanced,cached_mxbai,2673,1782202604.0816674,,,
8762,0,svm,max,balanced,cached_mxbai,2674,1782202604.4229035,,,
8248,0,svm,max,balanced,cached_mxbai,2675,1782202604.7690527,,,
2256,0,svm,max,balanced,cached_mxbai,2676,1782202605.1264799,,,
9791,0,svm,max,balanced,cached_mxbai,2677,1782202605.5060048,,,
6489,0,svm,max,balanced,cached_mxbai,2678,1782202605.860457,,,
1661,0,svm,max,balanced,cached_mxbai,2679,1782202606.2177477,,,
5811,0,svm,max,balanced,cached_mxbai,2680,1782202606.5703208,,,
8974,0,svm,max,balanced,cached_mxbai,2681,1782202606.9182098,,,
3249,0,svm,max,balanced,cached_mxbai,2682,1782202607.264669,,,
690,0,svm,max,balanced,cached_mxbai,2683,1782202607.6133895,,,
6973,0,svm,max,balanced,cached_mxbai,2684,1782202607.9661403,,,
4695,0,svm,max,balanced,cached_mxbai,2685,1782202608.3140702,,,
4158,0,svm,max,balanced,cached_mxbai,2686,1782202608.6634214,,,
6445,0,svm,max,balanced,cached_mxbai,2687,1782202609.0154092,,,
4182,0,svm,max,balanced,cached_mxbai,2688,1782202609.3602724,,,
428,0,svm,max,balanced,cached_mxbai,2689,1782202609.7047546,,,
4118,0,svm,max,balanced,cached_mxbai,2690,1782202610.0512447,,,
2417,0,svm,max,balanced,cached_mxbai,2691,1782202610.4072716,,,
4560,0,svm,max,balanced,cached_mxbai,2692,1782202610.7576466,,,
10587,0,svm,max,balanced,cached_mxbai,2693,1782202611.1055086,,,
9366,0,svm,max,balanced,cached_mxbai,2694,1782202611.4498463,,,
2951,0,svm,max,balanced,cached_mxbai,2695,1782202611.7977967,,,
8615,0,svm,max,balanced,cached_mxbai,2696,1782202612.1439617,,,
3525,0,svm,max,balanced,cached_mxbai,2697,1782202612.490768,,,
10282,0,svm,max,balanced,cached_mxbai,2698,1782202612.8412309,,,
4762,0,svm,max,balanced,cached_mxbai,2699,1782202613.1905713,,,
6291,0,svm,max,balanced,cached_mxbai,2700,1782202613.5354474,,,
10433,0,svm,max,balanced,cached_mxbai,2701,1782202613.888062,,,
3384,0,svm,max,balanced,cached_mxbai,2702,1782202614.2371433,,,
4724,0,svm,max,balanced,cached_mxbai,2703,1782202614.5809677,,,
4404,0,svm,max,balanced,cached_mxbai,2704,1782202614.9318917,,,
3321,0,svm,max,balanced,cached_mxbai,2705,1782202615.3084013,,,
1310,0,svm,max,balanced,cached_mxbai,2706,1782202615.6568024,,,
4133,0,svm,max,balanced,cached_mxbai,2707,1782202616.0045543,,,
5241,0,svm,max,balanced,cached_mxbai,2708,1782202616.3512669,,,
7870,0,svm,max,balanced,cached_mxbai,2709,1782202616.6988826,,,
2082,0,svm,max,balanced,cached_mxbai,2710,1782202617.0485115,,,
6557,0,svm,max,balanced,cached_mxbai,2711,1782202617.4024634,,,
5291,0,svm,max,balanced,cached_mxbai,2712,1782202617.7514725,,,
4908,0,svm,max,balanced,cached_mxbai,2713,1782202618.1045387,,,
5196,0,svm,max,balanced,cached_mxbai,2714,1782202618.4497142,,,
10216,0,svm,max,balanced,cached_mxbai,2715,1782202618.8092365,,,
7913,0,svm,max,balanced,cached_mxbai,2716,1782202619.1582491,,,
3725,0,svm,max,balanced,cached_mxbai,2717,1782202619.5082297,,,
7341,0,svm,max,balanced,cached_mxbai,2718,1782202619.8602138,,,
3845,0,svm,max,balanced,cached_mxbai,2719,1782202620.2110345,,,
9117,0,svm,max,balanced,cached_mxbai,2720,1782202620.559386,,,
4339,0,svm,max,balanced,cached_mxbai,2721,1782202620.9129846,,,
4143,0,svm,max,balanced,cached_mxbai,2722,1782202621.2658174,,,
7191,0,svm,max,balanced,cached_mxbai,2723,1782202621.6165812,,,
4578,0,svm,max,balanced,cached_mxbai,2724,1782202621.9717522,,,
9003,0,svm,max,balanced,cached_mxbai,2725,1782202622.3322513,,,
685,0,svm,max,balanced,cached_mxbai,2726,1782202622.6932282,,,
3246,0,svm,max,balanced,cached_mxbai,2727,1782202623.0665767,,,
8805,0,svm,max,balanced,cached_mxbai,2728,1782202623.4250681,,,
5978,0,svm,max,balanced,cached_mxbai,2729,1782202623.7842622,,,
1274,0,svm,max,balanced,cached_mxbai,2730,1782202624.1486468,,,
7429,0,svm,max,balanced,cached_mxbai,2731,1782202624.5069718,,,
10233,0,svm,max,balanced,cached_mxbai,2732,1782202624.865841,,,
3579,0,svm,max,balanced,cached_mxbai,2733,1782202625.2379916,,,
2487,0,svm,max,balanced,cached_mxbai,2734,1782202625.6133206,,,
5758,0,svm,max,balanced,cached_mxbai,2735,1782202625.977134,,,
8193,0,svm,max,balanced,cached_mxbai,2736,1782202626.3357968,,,
550,0,svm,max,balanced,cached_mxbai,2737,1782202626.6954827,,,
4820,0,svm,max,balanced,cached_mxbai,2738,1782202627.0581791,,,
1527,0,svm,max,balanced,cached_mxbai,2739,1782202627.4201875,,,
42,0,svm,max,balanced,cached_mxbai,2740,1782202627.7782633,,,
4640,0,svm,max,balanced,cached_mxbai,2741,1782202628.1446102,,,
9790,0,svm,max,balanced,cached_mxbai,2742,1782202628.5035179,,,
406,0,svm,max,balanced,cached_mxbai,2743,1782202628.8934994,,,
10004,0,svm,max,balanced,cached_mxbai,2744,1782202629.2530046,,,
3610,0,svm,max,balanced,cached_mxbai,2745,1782202629.6151934,,,
8025,0,svm,max,balanced,cached_mxbai,2746,1782202629.9735618,,,
8051,0,svm,max,balanced,cached_mxbai,2747,1782202630.3361526,,,
650,0,svm,max,balanced,cached_mxbai,2748,1782202630.6953766,,,
9318,0,svm,max,balanced,cached_mxbai,2749,1782202631.0470254,,,
3839,0,svm,max,balanced,cached_mxbai,2750,1782202631.3995173,,,
8152,0,svm,max,balanced,cached_mxbai,2751,1782202631.7515311,,,
1720,0,svm,max,balanced,cached_mxbai,2752,1782202632.1044967,,,
4535,0,svm,max,balanced,cached_mxbai,2753,1782202632.4614415,,,
5810,0,svm,max,balanced,cached_mxbai,2754,1782202632.8146002,,,
785,0,svm,max,balanced,cached_mxbai,2755,1782202633.167107,,,
5194,0,svm,max,balanced,cached_mxbai,2756,1782202633.5202994,,,
3079,0,svm,max,balanced,cached_mxbai,2757,1782202633.8834658,,,
1789,0,svm,max,balanced,cached_mxbai,2758,1782202634.243671,,,
7277,0,svm,max,balanced,cached_mxbai,2759,1782202634.5941234,,,
5271,0,svm,max,balanced,cached_mxbai,2760,1782202634.9445262,,,
701,0,svm,max,balanced,cached_mxbai,2761,1782202635.3260038,,,
9314,0,svm,max,balanced,cached_mxbai,2762,1782202635.6791894,,,
1435,0,svm,max,balanced,cached_mxbai,2763,1782202636.0365615,,,
9610,0,svm,max,balanced,cached_mxbai,2764,1782202636.3854907,,,
6717,0,svm,max,balanced,cached_mxbai,2765,1782202636.7374692,,,
4760,0,svm,max,balanced,cached_mxbai,2766,1782202637.1011384,,,
5893,0,svm,max,balanced,cached_mxbai,2767,1782202637.462287,,,
3513,0,svm,max,balanced,cached_mxbai,2768,1782202637.8237722,,,
9649,0,svm,max,balanced,cached_mxbai,2769,1782202638.1834865,,,
9712,0,svm,max,balanced,cached_mxbai,2770,1782202638.5602248,,,
4758,0,svm,max,balanced,cached_mxbai,2771,1782202638.9249754,,,
7285,0,svm,max,balanced,cached_mxbai,2772,1782202639.288202,,,
1592,0,svm,max,balanced,cached_mxbai,2773,1782202639.6518822,,,
3546,0,svm,max,balanced,cached_mxbai,2774,1782202640.0156705,,,
5949,0,svm,max,balanced,cached_mxbai,2775,1782202640.3819532,,,
4472,0,svm,max,balanced,cached_mxbai,2776,1782202640.744269,,,
3968,0,svm,max,balanced,cached_mxbai,2777,1782202641.1047869,,,
1148,0,svm,max,balanced,cached_mxbai,2778,1782202641.4662743,,,
3755,0,svm,max,balanced,cached_mxbai,2779,1782202641.8388975,,,
5183,0,svm,max,balanced,cached_mxbai,2780,1782202642.20437,,,
3976,0,svm,max,balanced,cached_mxbai,2781,1782202642.5744014,,,
2910,0,svm,max,balanced,cached_mxbai,2782,1782202642.93904,,,
4993,0,svm,max,balanced,cached_mxbai,2783,1782202643.3034017,,,
3202,0,svm,max,balanced,cached_mxbai,2784,1782202643.6701865,,,
8859,0,svm,max,balanced,cached_mxbai,2785,1782202644.0373092,,,
9925,0,svm,max,balanced,cached_mxbai,2786,1782202644.403275,,,
5752,0,svm,max,balanced,cached_mxbai,2787,1782202644.771748,,,
8779,0,svm,max,balanced,cached_mxbai,2788,1782202645.1534724,,,
3822,0,svm,max,balanced,cached_mxbai,2789,1782202645.5532827,,,
10584,0,svm,max,balanced,cached_mxbai,2790,1782202645.9260876,,,
5514,0,svm,max,balanced,cached_mxbai,2791,1782202646.3002982,,,
648,0,svm,max,balanced,cached_mxbai,2792,1782202646.6678197,,,
1260,0,svm,max,balanced,cached_mxbai,2793,1782202647.0343962,,,
75,0,svm,max,balanced,cached_mxbai,2794,1782202647.4041972,,,
3751,0,svm,max,balanced,cached_mxbai,2795,1782202647.7716746,,,
9048,0,svm,max,balanced,cached_mxbai,2796,1782202648.1399515,,,
7248,0,svm,max,balanced,cached_mxbai,2797,1782202648.5082304,,,
712,0,svm,max,balanced,cached_mxbai,2798,1782202648.8728113,,,
9105,0,svm,max,balanced,cached_mxbai,2799,1782202649.2424366,,,
3411,0,svm,max,balanced,cached_mxbai,2800,1782202649.617875,,,
31,0,svm,max,balanced,cached_mxbai,2801,1782202649.98264,,,
1046,0,svm,max,balanced,cached_mxbai,2802,1782202650.3489296,,,
120,0,svm,max,balanced,cached_mxbai,2803,1782202650.716872,,,
3565,0,svm,max,balanced,cached_mxbai,2804,1782202651.0869608,,,
1361,0,svm,max,balanced,cached_mxbai,2805,1782202651.45798,,,
3681,0,svm,max,balanced,cached_mxbai,2806,1782202651.8278227,,,
1007,0,svm,max,balanced,cached_mxbai,2807,1782202652.19892,,,
4583,0,svm,max,balanced,cached_mxbai,2808,1782202652.5688097,,,
3773,0,svm,max,balanced,cached_mxbai,2809,1782202652.9393578,,,
4234,0,svm,max,balanced,cached_mxbai,2810,1782202653.3088582,,,
2072,0,svm,max,balanced,cached_mxbai,2811,1782202653.6791317,,,
4443,0,svm,max,balanced,cached_mxbai,2812,1782202654.051679,,,
3365,0,svm,max,balanced,cached_mxbai,2813,1782202654.4218712,,,
203,0,svm,max,balanced,cached_mxbai,2814,1782202654.793528,,,
10183,0,svm,max,balanced,cached_mxbai,2815,1782202655.1758971,,,
5054,0,svm,max,balanced,cached_mxbai,2816,1782202655.574179,,,
1085,0,svm,max,balanced,cached_mxbai,2817,1782202655.9443254,,,
5098,0,svm,max,balanced,cached_mxbai,2818,1782202656.3125873,,,
8085,0,svm,max,balanced,cached_mxbai,2819,1782202656.6830165,,,
2569,0,svm,max,balanced,cached_mxbai,2820,1782202657.0540342,,,
9592,0,svm,max,balanced,cached_mxbai,2821,1782202657.4246407,,,
7590,0,svm,max,balanced,cached_mxbai,2822,1782202657.7959332,,,
4294,0,svm,max,balanced,cached_mxbai,2823,1782202658.1660008,,,
1100,0,svm,max,balanced,cached_mxbai,2824,1782202658.5424154,,,
3875,0,svm,max,balanced,cached_mxbai,2825,1782202658.914654,,,
2379,0,svm,max,balanced,cached_mxbai,2826,1782202659.2877195,,,
10472,0,svm,max,balanced,cached_mxbai,2827,1782202659.6779144,,,
5050,0,svm,max,balanced,cached_mxbai,2828,1782202660.0502098,,,
9858,0,svm,max,balanced,cached_mxbai,2829,1782202660.420506,,,
389,0,svm,max,balanced,cached_mxbai,2830,1782202660.790593,,,
6236,0,svm,max,balanced,cached_mxbai,2831,1782202661.1654384,,,
9053,0,svm,max,balanced,cached_mxbai,2832,1782202661.5377073,,,
155,0,svm,max,balanced,cached_mxbai,2833,1782202661.9095387,,,
943,0,svm,max,balanced,cached_mxbai,2834,1782202662.285025,,,
5062,0,svm,max,balanced,cached_mxbai,2835,1782202662.6562874,,,
7376,0,svm,max,balanced,cached_mxbai,2836,1782202663.0288374,,,
10485,0,svm,max,balanced,cached_mxbai,2837,1782202663.4041529,,,
3739,0,svm,max,balanced,cached_mxbai,2838,1782202663.774792,,,
10364,0,svm,max,balanced,cached_mxbai,2839,1782202664.1504912,,,
1983,0,svm,max,balanced,cached_mxbai,2840,1782202664.5265636,,,
4713,0,svm,max,balanced,cached_mxbai,2841,1782202664.900003,,,
1595,0,svm,max,balanced,cached_mxbai,2842,1782202665.3143241,,,
4113,0,svm,max,balanced,cached_mxbai,2843,1782202665.6946893,,,
5920,0,svm,max,balanced,cached_mxbai,2844,1782202666.0755255,,,
8057,0,svm,max,balanced,cached_mxbai,2845,1782202666.4499168,,,
9886,0,svm,max,balanced,cached_mxbai,2846,1782202666.8253217,,,
8130,0,svm,max,balanced,cached_mxbai,2847,1782202667.2032616,,,
3916,0,svm,max,balanced,cached_mxbai,2848,1782202667.5813158,,,
3268,0,svm,max,balanced,cached_mxbai,2849,1782202667.9570148,,,
2055,0,svm,max,balanced,cached_mxbai,2850,1782202668.3304296,,,
5640,0,svm,max,balanced,cached_mxbai,2851,1782202668.70801,,,
8269,0,svm,max,balanced,cached_mxbai,2852,1782202669.0854783,,,
3349,0,svm,max,balanced,cached_mxbai,2853,1782202669.4631486,,,
1458,0,svm,max,balanced,cached_mxbai,2854,1782202669.8616366,,,
7476,0,svm,max,balanced,cached_mxbai,2855,1782202670.2364395,,,
1714,0,svm,max,balanced,cached_mxbai,2856,1782202670.6144512,,,
4095,0,svm,max,balanced,cached_mxbai,2857,1782202670.992244,,,
1886,0,svm,max,balanced,cached_mxbai,2858,1782202671.36949,,,
9002,0,svm,max,balanced,cached_mxbai,2859,1782202671.7568238,,,
10061,0,svm,max,balanced,cached_mxbai,2860,1782202672.1390388,,,
4039,0,svm,max,balanced,cached_mxbai,2861,1782202672.5161061,,,
3481,0,svm,max,balanced,cached_mxbai,2862,1782202672.8927548,,,
3599,0,svm,max,balanced,cached_mxbai,2863,1782202673.2765203,,,
4512,0,svm,max,balanced,cached_mxbai,2864,1782202673.655615,,,
8565,0,svm,max,balanced,cached_mxbai,2865,1782202674.034035,,,
1503,0,svm,max,balanced,cached_mxbai,2866,1782202674.4108536,,,
4409,0,svm,max,balanced,cached_mxbai,2867,1782202674.7884238,,,
8546,0,svm,max,balanced,cached_mxbai,2868,1782202675.1768663,,,
5146,0,svm,max,balanced,cached_mxbai,2869,1782202675.5807083,,,
2034,0,svm,max,balanced,cached_mxbai,2870,1782202675.9576435,,,
8818,0,svm,max,balanced,cached_mxbai,2871,1782202676.3419611,,,
4544,0,svm,max,balanced,cached_mxbai,2872,1782202676.7201915,,,
4002,0,svm,max,balanced,cached_mxbai,2873,1782202677.100934,,,
4824,0,svm,max,balanced,cached_mxbai,2874,1782202677.4836962,,,
7511,0,svm,max,balanced,cached_mxbai,2875,1782202677.8650572,,,
1627,0,svm,max,balanced,cached_mxbai,2876,1782202678.2460234,,,
7015,0,svm,max,balanced,cached_mxbai,2877,1782202678.625324,,,
7617,0,svm,max,balanced,cached_mxbai,2878,1782202679.0013378,,,
6928,0,svm,max,balanced,cached_mxbai,2879,1782202679.3812037,,,
4607,0,svm,max,balanced,cached_mxbai,2880,1782202679.7614322,,,
5236,0,svm,max,balanced,cached_mxbai,2881,1782202680.1419806,,,
3815,0,svm,max,balanced,cached_mxbai,2882,1782202680.524836,,,
8098,0,svm,max,balanced,cached_mxbai,2883,1782202680.9041092,,,
2587,0,svm,max,balanced,cached_mxbai,2884,1782202681.2883835,,,
3900,0,svm,max,balanced,cached_mxbai,2885,1782202681.6718616,,,
9109,0,svm,max,balanced,cached_mxbai,2886,1782202682.0544376,,,
1422,0,svm,max,balanced,cached_mxbai,2887,1782202682.4422538,,,
5892,0,svm,max,balanced,cached_mxbai,2888,1782202682.82428,,,
9879,0,svm,max,balanced,cached_mxbai,2889,1782202683.2040038,,,
9873,0,svm,max,balanced,cached_mxbai,2890,1782202683.5845976,,,
7163,0,svm,max,balanced,cached_mxbai,2891,1782202683.9684505,,,
2667,0,svm,max,balanced,cached_mxbai,2892,1782202684.350328,,,
6939,0,svm,max,balanced,cached_mxbai,2893,1782202684.7308288,,,
3134,0,svm,max,balanced,cached_mxbai,2894,1782202685.1162503,,,
9777,0,svm,max,balanced,cached_mxbai,2895,1782202685.5245826,,,
3537,0,svm,max,balanced,cached_mxbai,2896,1782202685.9056442,,,
7827,0,svm,max,balanced,cached_mxbai,2897,1782202686.2899203,,,
5619,0,svm,max,balanced,cached_mxbai,2898,1782202686.672485,,,
224,0,svm,max,balanced,cached_mxbai,2899,1782202687.0565767,,,
3105,0,svm,max,balanced,cached_mxbai,2900,1782202687.4439907,,,
3453,0,svm,max,balanced,cached_mxbai,2901,1782202687.8286836,,,
87,0,svm,max,balanced,cached_mxbai,2902,1782202688.2129657,,,
7499,0,svm,max,balanced,cached_mxbai,2903,1782202688.599232,,,
9546,0,svm,max,balanced,cached_mxbai,2904,1782202688.9831908,,,
3686,0,svm,max,balanced,cached_mxbai,2905,1782202689.3696706,,,
4478,0,svm,max,balanced,cached_mxbai,2906,1782202689.7542796,,,
1632,0,svm,max,balanced,cached_mxbai,2907,1782202690.1387732,,,
445,0,svm,max,balanced,cached_mxbai,2908,1782202690.5258918,,,
4872,0,svm,max,balanced,cached_mxbai,2909,1782202690.9116242,,,
8645,0,svm,max,balanced,cached_mxbai,2910,1782202691.298524,,,
3417,0,svm,max,balanced,cached_mxbai,2911,1782202691.684407,,,
794,0,svm,max,balanced,cached_mxbai,2912,1782202692.0669324,,,
9949,0,svm,max,balanced,cached_mxbai,2913,1782202692.4512353,,,
5247,0,svm,max,balanced,cached_mxbai,2914,1782202692.8386405,,,
7516,0,svm,max,balanced,cached_mxbai,2915,1782202693.2252753,,,
3746,0,svm,max,balanced,cached_mxbai,2916,1782202693.616127,,,
4704,0,svm,max,balanced,cached_mxbai,2917,1782202694.0049193,,,
4235,0,svm,max,balanced,cached_mxbai,2918,1782202694.3954303,,,
6221,0,svm,max,balanced,cached_mxbai,2919,1782202694.7860389,,,
5545,0,svm,max,balanced,cached_mxbai,2920,1782202695.1824057,,,
4346,0,svm,max,balanced,cached_mxbai,2921,1782202695.6153357,,,
1101,0,svm,max,balanced,cached_mxbai,2922,1782202696.00338,,,
7004,0,svm,max,balanced,cached_mxbai,2923,1782202696.3915434,,,
446,0,svm,max,balanced,cached_mxbai,2924,1782202696.7813277,,,
8414,0,svm,max,balanced,cached_mxbai,2925,1782202697.1592836,,,
8109,0,svm,max,balanced,cached_mxbai,2926,1782202697.5341768,,,
6356,0,svm,max,balanced,cached_mxbai,2927,1782202697.9154055,,,
1365,0,svm,max,balanced,cached_mxbai,2928,1782202698.2942986,,,
4940,0,svm,max,balanced,cached_mxbai,2929,1782202698.6715689,,,
5420,0,svm,max,balanced,cached_mxbai,2930,1782202699.0497339,,,
5923,0,svm,max,balanced,cached_mxbai,2931,1782202699.4259892,,,
4232,0,svm,max,balanced,cached_mxbai,2932,1782202699.8017652,,,
3589,0,svm,max,balanced,cached_mxbai,2933,1782202700.180802,,,
5384,0,svm,max,balanced,cached_mxbai,2934,1782202700.5564742,,,
8931,0,svm,max,balanced,cached_mxbai,2935,1782202700.9348478,,,
6714,0,svm,max,balanced,cached_mxbai,2936,1782202701.3137891,,,
8475,0,svm,max,balanced,cached_mxbai,2937,1782202701.694483,,,
4942,0,svm,max,balanced,cached_mxbai,2938,1782202702.071721,,,
7287,0,svm,max,balanced,cached_mxbai,2939,1782202702.4505951,,,
3970,0,svm,max,balanced,cached_mxbai,2940,1782202702.8424442,,,
2646,0,svm,max,balanced,cached_mxbai,2941,1782202703.2302206,,,
2372,0,svm,max,balanced,cached_mxbai,2942,1782202703.6199527,,,
5540,0,svm,max,balanced,cached_mxbai,2943,1782202704.0081213,,,
3228,0,svm,max,balanced,cached_mxbai,2944,1782202704.3969493,,,
9526,0,svm,max,balanced,cached_mxbai,2945,1782202704.7981617,,,
8562,0,svm,max,balanced,cached_mxbai,2946,1782202705.1918776,,,
1482,0,svm,max,balanced,cached_mxbai,2947,1782202705.6096604,,,
3465,0,svm,max,balanced,cached_mxbai,2948,1782202705.9997978,,,
4274,0,svm,max,balanced,cached_mxbai,2949,1782202706.386982,,,
979,0,svm,max,balanced,cached_mxbai,2950,1782202706.775864,,,
3103,0,svm,max,balanced,cached_mxbai,2951,1782202707.1650193,,,
334,0,svm,max,balanced,cached_mxbai,2952,1782202707.5588043,,,
7677,0,svm,max,balanced,cached_mxbai,2953,1782202707.946823,,,
5432,0,svm,max,balanced,cached_mxbai,2954,1782202708.3365035,,,
5004,0,svm,max,balanced,cached_mxbai,2955,1782202708.732488,,,
4084,0,svm,max,balanced,cached_mxbai,2956,1782202709.123455,,,
6363,0,svm,max,balanced,cached_mxbai,2957,1782202709.512935,,,
1544,0,svm,max,balanced,cached_mxbai,2958,1782202709.9070764,,,
4187,0,svm,max,balanced,cached_mxbai,2959,1782202710.296602,,,
616,0,svm,max,balanced,cached_mxbai,2960,1782202710.690601,,,
922,0,svm,max,balanced,cached_mxbai,2961,1782202711.0847204,,,
4678,0,svm,max,balanced,cached_mxbai,2962,1782202711.4771562,,,
1404,0,svm,max,balanced,cached_mxbai,2963,1782202711.870737,,,
1510,0,svm,max,balanced,cached_mxbai,2964,1782202712.264172,,,
6371,0,svm,max,balanced,cached_mxbai,2965,1782202712.6591048,,,
1940,0,svm,max,balanced,cached_mxbai,2966,1782202713.0551028,,,
4580,0,svm,max,balanced,cached_mxbai,2967,1782202713.4464958,,,
3466,0,svm,max,balanced,cached_mxbai,2968,1782202713.8409522,,,
734,0,svm,max,balanced,cached_mxbai,2969,1782202714.2337475,,,
4065,0,svm,max,balanced,cached_mxbai,2970,1782202714.6261392,,,
1700,0,svm,max,balanced,cached_mxbai,2971,1782202715.0233982,,,
9055,0,svm,max,balanced,cached_mxbai,2972,1782202715.4500608,,,
7437,0,svm,max,balanced,cached_mxbai,2973,1782202715.8496728,,,
2766,0,svm,max,balanced,cached_mxbai,2974,1782202716.2537584,,,
10222,0,svm,max,balanced,cached_mxbai,2975,1782202716.6512885,,,
337,0,svm,max,balanced,cached_mxbai,2976,1782202717.0469706,,,
3522,0,svm,max,balanced,cached_mxbai,2977,1782202717.4434407,,,
3046,0,svm,max,balanced,cached_mxbai,2978,1782202717.8443177,,,
1515,0,svm,max,balanced,cached_mxbai,2979,1782202718.2426713,,,
8936,0,svm,max,balanced,cached_mxbai,2980,1782202718.6371262,,,
7763,0,svm,max,balanced,cached_mxbai,2981,1782202719.0360963,,,
4057,0,svm,max,balanced,cached_mxbai,2982,1782202719.4351768,,,
9140,0,svm,max,balanced,cached_mxbai,2983,1782202719.8394854,,,
2949,0,svm,max,balanced,cached_mxbai,2984,1782202720.2368515,,,
5748,0,svm,max,balanced,cached_mxbai,2985,1782202720.638914,,,
7275,0,svm,max,balanced,cached_mxbai,2986,1782202721.0399792,,,
343,0,svm,max,balanced,cached_mxbai,2987,1782202721.4397013,,,
245,0,svm,max,balanced,cached_mxbai,2988,1782202721.8401306,,,
7670,0,svm,max,balanced,cached_mxbai,2989,1782202722.2399817,,,
3310,0,svm,max,balanced,cached_mxbai,2990,1782202722.6365018,,,
615,0,svm,max,balanced,cached_mxbai,2991,1782202723.0403209,,,
4401,0,svm,max,balanced,cached_mxbai,2992,1782202723.441703,,,
5818,0,svm,max,balanced,cached_mxbai,2993,1782202723.8420725,,,
7533,0,svm,max,balanced,cached_mxbai,2994,1782202724.2409022,,,
5579,0,svm,max,balanced,cached_mxbai,2995,1782202724.6429932,,,
1686,0,svm,max,balanced,cached_mxbai,2996,1782202725.048722,,,
3996,0,svm,max,balanced,cached_mxbai,2997,1782202725.4573374,,,
6944,0,svm,max,balanced,cached_mxbai,2998,1782202725.8385103,,,
9523,0,svm,max,balanced,cached_mxbai,2999,1782202726.238276,,,
3964,0,svm,max,balanced,cached_mxbai,3000,1782202726.6346858,,,
175,0,svm,max,balanced,cached_mxbai,3001,1782202727.0142953,,,
7674,0,svm,max,balanced,cached_mxbai,3002,1782202727.3938773,,,
9541,0,svm,max,balanced,cached_mxbai,3003,1782202727.772605,,,
82,0,svm,max,balanced,cached_mxbai,3004,1782202728.1560483,,,
4842,0,svm,max,balanced,cached_mxbai,3005,1782202728.535033,,,
6774,0,svm,max,balanced,cached_mxbai,3006,1782202728.916872,,,
4174,0,svm,max,balanced,cached_mxbai,3007,1782202729.2979467,,,
9587,0,svm,max,balanced,cached_mxbai,3008,1782202729.683593,,,
5914,0,svm,max,balanced,cached_mxbai,3009,1782202730.0998733,,,
5127,0,svm,max,balanced,cached_mxbai,3010,1782202730.4880486,,,
5849,0,svm,max,balanced,cached_mxbai,3011,1782202730.8699927,,,
4089,0,svm,max,balanced,cached_mxbai,3012,1782202731.2532263,,,
3636,0,svm,max,balanced,cached_mxbai,3013,1782202731.6316202,,,
2332,0,svm,max,balanced,cached_mxbai,3014,1782202732.0109189,,,
6081,0,svm,max,balanced,cached_mxbai,3015,1782202732.3900025,,,
9823,0,svm,max,balanced,cached_mxbai,3016,1782202732.7694912,,,
1144,0,svm,max,balanced,cached_mxbai,3017,1782202733.150701,,,
5784,0,svm,max,balanced,cached_mxbai,3018,1782202733.5323236,,,
3897,0,svm,max,balanced,cached_mxbai,3019,1782202733.913064,,,
1988,0,svm,max,balanced,cached_mxbai,3020,1782202734.2944334,,,
1273,0,svm,max,balanced,cached_mxbai,3021,1782202734.6736305,,,
200,0,svm,max,balanced,cached_mxbai,3022,1782202735.056777,,,
3505,0,svm,max,balanced,cached_mxbai,3023,1782202735.457558,,,
9391,0,svm,max,balanced,cached_mxbai,3024,1782202735.8382938,,,
10467,0,svm,max,balanced,cached_mxbai,3025,1782202736.2197526,,,
4509,0,svm,max,balanced,cached_mxbai,3026,1782202736.60185,,,
5408,0,svm,max,balanced,cached_mxbai,3027,1782202736.9854786,,,
5144,0,svm,max,balanced,cached_mxbai,3028,1782202737.3705716,,,
618,0,svm,max,balanced,cached_mxbai,3029,1782202737.7690187,,,
10376,0,svm,max,balanced,cached_mxbai,3030,1782202738.157331,,,
5993,0,svm,max,balanced,cached_mxbai,3031,1782202738.541937,,,
1801,0,svm,max,balanced,cached_mxbai,3032,1782202738.931746,,,
2791,0,svm,max,balanced,cached_mxbai,3033,1782202739.3187783,,,
9656,0,svm,max,balanced,cached_mxbai,3034,1782202739.70539,,,
9668,0,svm,max,balanced,cached_mxbai,3035,1782202740.091224,,,
4110,0,svm,max,balanced,cached_mxbai,3036,1782202740.4985971,,,
3180,0,svm,max,balanced,cached_mxbai,3037,1782202740.906036,,,
9163,0,svm,max,balanced,cached_mxbai,3038,1782202741.3216963,,,
4357,0,svm,max,balanced,cached_mxbai,3039,1782202741.730296,,,
9103,0,svm,max,balanced,cached_mxbai,3040,1782202742.1335747,,,
7991,0,svm,max,balanced,cached_mxbai,3041,1782202742.5391777,,,
4739,0,svm,max,balanced,cached_mxbai,3042,1782202742.946269,,,
4078,0,svm,max,balanced,cached_mxbai,3043,1782202743.3532536,,,
8409,0,svm,max,balanced,cached_mxbai,3044,1782202743.7630486,,,
100,0,svm,max,balanced,cached_mxbai,3045,1782202744.1696937,,,
4579,0,svm,max,balanced,cached_mxbai,3046,1782202744.5823894,,,
4408,0,svm,max,balanced,cached_mxbai,3047,1782202744.9856987,,,
9890,0,svm,max,balanced,cached_mxbai,3048,1782202745.4120684,,,
4418,0,svm,max,balanced,cached_mxbai,3049,1782202745.821632,,,
8814,0,svm,max,balanced,cached_mxbai,3050,1782202746.2297997,,,
3410,0,svm,max,balanced,cached_mxbai,3051,1782202746.63576,,,
4904,0,svm,max,balanced,cached_mxbai,3052,1782202747.0433779,,,
8207,0,svm,max,balanced,cached_mxbai,3053,1782202747.4502366,,,
5249,0,svm,max,balanced,cached_mxbai,3054,1782202747.8602297,,,
1701,0,svm,max,balanced,cached_mxbai,3055,1782202748.2677867,,,
6287,0,svm,max,balanced,cached_mxbai,3056,1782202748.6755662,,,
5654,0,svm,max,balanced,cached_mxbai,3057,1782202749.0849605,,,
2321,0,svm,max,balanced,cached_mxbai,3058,1782202749.4923797,,,
9327,0,svm,max,balanced,cached_mxbai,3059,1782202749.897818,,,
9463,0,svm,max,balanced,cached_mxbai,3060,1782202750.3080275,,,
6252,0,svm,max,balanced,cached_mxbai,3061,1782202750.7284746,,,
5828,0,svm,max,balanced,cached_mxbai,3062,1782202751.138531,,,
1196,0,svm,max,balanced,cached_mxbai,3063,1782202751.5483396,,,
6440,0,svm,max,balanced,cached_mxbai,3064,1782202751.959519,,,
4349,0,svm,max,balanced,cached_mxbai,3065,1782202752.3704822,,,
4756,0,svm,max,balanced,cached_mxbai,3066,1782202752.788088,,,
1375,0,svm,max,balanced,cached_mxbai,3067,1782202753.2066996,,,
2743,0,svm,max,balanced,cached_mxbai,3068,1782202753.6149826,,,
8399,0,svm,max,balanced,cached_mxbai,3069,1782202754.0247219,,,
1711,0,svm,max,balanced,cached_mxbai,3070,1782202754.4359028,,,
763,0,svm,max,balanced,cached_mxbai,3071,1782202754.847727,,,
4776,0,svm,max,balanced,cached_mxbai,3072,1782202755.2803187,,,
1545,0,svm,max,balanced,cached_mxbai,3073,1782202755.6925702,,,
7322,0,svm,max,balanced,cached_mxbai,3074,1782202756.1032634,,,
3483,0,svm,max,balanced,cached_mxbai,3075,1782202756.5164735,,,
2507,0,svm,max,balanced,cached_mxbai,3076,1782202756.923751,,,
2855,0,svm,max,balanced,cached_mxbai,3077,1782202757.3354456,,,
423,1,svm,max,balanced,cached_mxbai,3078,1782202757.7430634,,,
